PuzzleId,FEN,Moves,Rating,RatingDeviation,Popularity,NbPlays,Themes,GameUrl,OpeningTags,PatternMatch,puzzle_ref
Yvtu3,7r/8/R7/1Bp1pppp/2PbR1kP/6P1/P5K1/8 b - - 0 30,f5e4 b5d7,613,95,85,278,endgame master mate mateIn1 oneMove,https://lichess.org/aKzvI708/black#60,,True,https://lichess.org/training/Yvtu3
PiSO7,8/1pk5/pRb2p1r/P2p1Kp1/3Pp2p/2P4P/5PP1/4R3 w - - 4 38,b6b4 c6d7,624,86,81,220,endgame mate mateIn1 oneMove,https://lichess.org/HYPkGaGJ#75,,True,https://lichess.org/training/PiSO7
Yjzmx,6k1/pp6/3Pp3/4b2p/5r2/5P2/P3nNPK/1R3R2 w - - 1 29,f2d3 f4h4,649,82,100,927,anastasiaMate doubleCheck endgame master mate mateIn1 oneMove,https://lichess.org/FOYHnnDm#57,,True,https://lichess.org/training/Yjzmx
QbBUz,3B4/2R5/pk1p4/P7/2K1P3/1P4rr/8/8 b - - 0 69,b6a5 c7g7,658,94,92,259,discoveredAttack endgame mate mateIn1 oneMove,https://lichess.org/hi0LTupd/black#138,,True,https://lichess.org/training/QbBUz
uEywl,8/5pb1/1R6/3B2pk/p7/5KP1/8/4r3 b - - 2 39,e1d1 d5f7,663,79,84,243,endgame mate mateIn1 oneMove,https://lichess.org/TsB3W5Tg/black#78,,True,https://lichess.org/training/uEywl
ONv5y,8/1kp5/p4b2/Q4p2/1P2pp2/P1qP3P/b5r1/K1R2R2 w - - 0 39,c1c3 f6c3,678,95,97,274,endgame mate mateIn1 oneMove,https://lichess.org/MAFbhiNh#77,,True,https://lichess.org/training/ONv5y
ZRS0h,r1b4k/1p5p/4p1R1/7P/6p1/1PBP2P1/p5r1/2K2R2 b - - 2 27,e6e5 c3e5,678,103,90,694,endgame mate mateIn1 oneMove,https://lichess.org/rMVxUzp1/black#54,,True,https://lichess.org/training/ZRS0h
wSSx3,r3q2k/1p5p/p5R1/3b4/P2Bp3/2P3P1/1P5P/6K1 b - - 1 27,e8e5 d4e5,683,99,93,122,endgame hangingPiece master mate mateIn1 oneMove,https://lichess.org/DFUOzOze/black#54,,True,https://lichess.org/training/wSSx3
94y3d,1r2Q3/R6p/3p2k1/1B3pP1/5P2/2b3P1/6K1/8 b - - 0 41,b8e8 b5e8,727,85,96,228,endgame master mate mateIn1 oneMove,https://lichess.org/ZGgqwleh/black#82,,True,https://lichess.org/training/94y3d
ZgPZO,7k/pp5p/6R1/5p2/3B1b2/2P4P/rP3PK1/8 b - - 1 34,f4e5 d4e5,729,97,85,445,endgame hangingPiece mate mateIn1 oneMove,https://lichess.org/bZllakhA/black#68,,True,https://lichess.org/training/ZgPZO
ur7Ku,8/1Q6/1p5p/pB1Pp3/1bPkb3/1K3r2/P6P/R7 w - - 4 34,b3a4 e4c2,735,84,64,97,endgame mate mateIn1 oneMove,https://lichess.org/ffKiqOkl#67,,True,https://lichess.org/training/ur7Ku
4jiKn,r5k1/pbpn2pp/1p1pp2r/5p2/2PPn2q/1P2P1P1/PB2BP1P/R2Q2RK w - - 0 18,g3h4 e4f2,736,89,88,346,doubleCheck kingsideAttack mate mateIn1 middlegame oneMove,https://lichess.org/E3A06kSS#35,Horwitz_Defense Horwitz_Defense_Other_variations,True,https://lichess.org/training/4jiKn
Rs9Tn,5k2/6pp/8/b3Nb2/P1B5/1P6/6rP/K1R5 w - - 1 37,c1f1 a5c3,738,78,83,116,endgame master mate mateIn1 oneMove,https://lichess.org/RFjFhvzm#73,,True,https://lichess.org/training/Rs9Tn
a8zYb,2r4k/1R2B3/6p1/p4p2/2Bb1P1p/3P3P/P3r1PK/8 b - - 1 35,d4f2 e7f6,743,90,88,64,endgame mate mateIn1 oneMove,https://lichess.org/MCIWIwm7/black#70,,True,https://lichess.org/training/a8zYb
BmzRb,8/8/2r1b3/1R1p1kBK/4p1pP/4P1P1/5P2/8 w - - 5 47,b5b8 e6f7,748,80,100,57,endgame mate mateIn1 oneMove,https://lichess.org/bVrI5mv9#93,,True,https://lichess.org/training/BmzRb
px4mS,8/6kp/8/4PP2/Rb4P1/pr3K2/2b5/2R5 w - - 0 46,f3f4 b4d2,755,82,86,116,endgame master mate mateIn1 oneMove,https://lichess.org/SqfYJmA6#91,,True,https://lichess.org/training/px4mS
zwaBt,rkb4r/4Rppp/p1qQ4/2p5/5Bn1/8/PPP2PPP/RN4K1 b - - 0 16,c6d6 f4d6,759,93,92,53,mate mateIn1 middlegame oneMove queensideAttack,https://lichess.org/YAjXdVnB/black#32,Ruy_Lopez Ruy_Lopez_Morphy_Defense,True,https://lichess.org/training/zwaBt
puGN8,r1b3k1/ppp2pp1/7p/8/2B5/1QN2q2/PP1r2Pb/R3RK2 w - - 0 18,g2f3 c8h3,761,107,97,345,mate mateIn1 middlegame oneMove,https://lichess.org/VKnDyB58#35,Bishops_Opening Bishops_Opening_Ponziani_Gambit,True,https://lichess.org/training/puGN8
GCB5h,k3B3/P3R3/8/2p5/2P1K3/1P1n3r/5p2/8 b - - 1 52,f2f1q e8c6,765,82,100,208,endgame mate mateIn1 oneMove,https://lichess.org/X0j0DNMM/black#104,,True,https://lichess.org/training/GCB5h
bgpwY,7k/5pp1/2p5/4q3/2P1P3/r3bN1P/p3B1P1/K4R2 w - - 0 37,f3e5 e3d4,770,76,83,84,endgame mate mateIn1 oneMove,https://lichess.org/ZIxuTw5d#73,,True,https://lichess.org/training/bgpwY
9AyJz,8/2R3k1/6p1/1p2p2p/1B2Pn1P/2P2K2/3N2r1/3n4 b - - 10 50,g7h6 b4f8,776,104,91,288,endgame master masterVsMaster mate mateIn1 oneMove,https://lichess.org/C794mmie/black#100,,True,https://lichess.org/training/9AyJz
kfdF8,8/8/5kp1/1p3p1p/1Pb4P/P2NRPPK/r7/8 w - - 9 58,d3e5 c4f1,778,91,98,389,endgame mate mateIn1 oneMove,https://lichess.org/oMBiC3Cj#115,,True,https://lichess.org/training/kfdF8
G8Cxr,3k4/7R/4p2p/3pB1p1/1b1P2P1/5PKP/r7/8 w - - 4 40,h7h6 b4e1,780,79,90,183,endgame master mate mateIn1 oneMove,https://lichess.org/hutorPGf#79,,True,https://lichess.org/training/G8Cxr
Qu7RR,6B1/7R/p7/4N1k1/1p1P1pPp/5P1K/P1r1b3/8 w - - 3 40,h7h4 e2f1,788,77,100,109,endgame mate mateIn1 oneMove,https://lichess.org/IJlYcXq2#79,,True,https://lichess.org/training/Qu7RR
vFwqN,8/1R1B2k1/4p2p/3pPbp1/8/1P2P1K1/4r2P/8 b - - 5 51,g7g6 d7e8,796,80,100,283,endgame mate mateIn1 oneMove,https://lichess.org/Oa3Qlm4c/black#102,,True,https://lichess.org/training/vFwqN
6mYLZ,8/2p2k1p/B5pB/1P3p2/6P1/P6P/r4bb1/2R1K3 w - - 8 41,e1d1 g2f3,796,106,94,698,endgame mate mateIn1 oneMove,https://lichess.org/QxyFsizs#81,,True,https://lichess.org/training/6mYLZ
hTTIJ,3r1q1k/4R3/1pp2Qp1/p3Bp1p/P1B5/2P2b2/1P1p4/RK6 b - - 0 40,f8f6 e5f6,798,79,100,75,mate mateIn1 middlegame oneMove,https://lichess.org/zjnNuAiX/black#80,,True,https://lichess.org/training/hTTIJ
kEZGz,8/PR1P2bP/6k1/2p5/4p3/4p3/5r2/3B1K2 w - - 1 51,f1e1 g7c3,799,80,99,1297,endgame mate mateIn1 oneMove,https://lichess.org/dms26oD4#101,,True,https://lichess.org/training/kEZGz
nToY3,6k1/5pp1/4p2p/2N5/Q2PP3/2P1b1PP/1r2b3/7K w - - 5 38,a4a1 e2f3,802,88,94,597,endgame mate mateIn1 oneMove,https://lichess.org/gcbP9doO#75,,True,https://lichess.org/training/nToY3
3me3b,k2r3r/B3R3/p1np1p2/2QB3p/6p1/8/P1P3PP/6K1 b - - 0 26,d6c5 d5c6,802,78,100,202,endgame hangingPiece mate mateIn1 oneMove,https://lichess.org/smSFs6m2/black#52,,True,https://lichess.org/training/3me3b
FpRkn,8/7p/p1RBb1k1/1pP1P3/6r1/P1P5/7P/7K w - - 1 41,c6a6 e6d5,810,85,92,145,endgame mate mateIn1 oneMove,https://lichess.org/KelhzhRZ#81,,True,https://lichess.org/training/FpRkn
fKukY,4bk1r/pR6/2p4p/6p1/8/5PB1/P5PP/6K1 b - - 1 29,h8g8 g3d6,810,77,100,175,endgame mate mateIn1 oneMove,https://lichess.org/TuYPhpdG/black#58,,True,https://lichess.org/training/fKukY
ReeyD,7k/R7/4p2p/1b2P1pN/3PPK2/1r5P/8/8 w - - 0 38,f4g4 b5e2,810,100,94,275,endgame master mate mateIn1 oneMove,https://lichess.org/0x0p6R1A#75,,True,https://lichess.org/training/ReeyD
d6y2x,4r1k1/1R2B3/6pp/pp1BR3/5p2/P6P/1r3qP1/7K b - - 1 37,g8h8 e7f6,810,99,91,38,master mate mateIn1 middlegame oneMove,https://lichess.org/hE381ZIu/black#74,,True,https://lichess.org/training/d6y2x
zWHk6,6k1/7p/pp4p1/3Pp3/1PP1B3/P2KP2b/r6P/2R5 w - - 7 30,c1c3 h3f1,811,88,93,185,endgame master mate mateIn1 oneMove,https://lichess.org/M1n8Fdy3#59,,True,https://lichess.org/training/zWHk6
gQZ19,8/8/p7/1p5R/2pBk3/P1K1P1bP/1PP4r/8 w - - 14 44,h5g5 g3e1,813,81,99,806,endgame master mate mateIn1 oneMove,https://lichess.org/Qh5y1OpF#87,,True,https://lichess.org/training/gQZ19
aAlsY,6k1/6p1/p1b3Qp/1p4B1/3b2P1/1P3q1P/P3r3/3R1R1K w - - 0 29,f1f3 c6f3,813,101,90,355,mate mateIn1 middlegame oneMove,https://lichess.org/4qczvj0J#57,,True,https://lichess.org/training/aAlsY
IymBE,1r6/R6k/3b2p1/3Bp1Bp/4P3/3r2P1/7P/7K b - - 3 40,h7h8 g5f6,815,113,85,59,endgame mate mateIn1 oneMove,https://lichess.org/JgXRJuzc/black#80,,True,https://lichess.org/training/IymBE
2Z346,5k2/1R6/8/3PpN2/4P1P1/2b2P1P/r5K1/8 w - - 1 36,g2g3 c3e1,815,107,79,206,endgame mate mateIn1 oneMove,https://lichess.org/rosBs5Py#71,,True,https://lichess.org/training/2Z346
7fd0v,8/6pk/7p/5p2/3QbP2/P4r1q/6P1/6RK w - - 0 42,g2h3 f3h3,817,86,85,390,doubleCheck endgame master mate mateIn1 oneMove,https://lichess.org/J75TUSsA#83,,True,https://lichess.org/training/7fd0v
Gp7Kn,8/1R4k1/5p2/2B2Kpp/1P6/6P1/3r3r/8 b - - 3 51,g7h6 c5f8,824,79,89,74,endgame mate mateIn1 oneMove,https://lichess.org/B2Kozodc/black#102,,True,https://lichess.org/training/Gp7Kn
7otS3,6k1/3B3p/4p1p1/2Pb4/8/1P6/Pb3r1P/2KR2R1 w - - 1 27,c1b1 d5e4 d1d3 e4d3,824,78,78,98,endgame mate mateIn2 short,https://lichess.org/nr49iKoo#53,,True,https://lichess.org/training/7otS3
rZ3cf,r3r1kQ/p1pn3p/6pb/2qpR3/8/2B4P/1PP3P1/5R1K b - - 1 29,g8h8 e5e8,828,87,92,583,doubleCheck master mate mateIn1 middlegame oneMove,https://lichess.org/d01PW8ft/black#58,,True,https://lichess.org/training/rZ3cf
Ytgz6,2r3k1/pp4bp/1Bb1p1p1/4P3/8/1P1Bn1r1/P1PQN2P/R6K w - - 1 23,d3e4 c6e4,831,79,100,104,hangingPiece kingsideAttack mate mateIn1 middlegame oneMove,https://lichess.org/OhM6iHf1#45,,True,https://lichess.org/training/Ytgz6
a9gOk,5r1k/7p/6p1/R7/4p1bP/1BP1B3/Pb1K4/8 b - - 0 30,f8c8 e3d4,833,95,92,1254,doubleBishopMate endgame mate mateIn1 oneMove,https://lichess.org/G9PLuzdG/black#60,,True,https://lichess.org/training/a9gOk
90EM1,6k1/4p2p/4P1pb/3r4/1PP4N/6pP/r7/5BKR w - - 0 34,c4d5 h6e3,834,82,100,272,endgame mate mateIn1 oneMove,https://lichess.org/QySVwQsz#67,,True,https://lichess.org/training/90EM1
nRunL,6k1/5p2/6pp/5b2/2Bb3r/1PB3P1/r7/2R2R1K w - - 0 34,g3h4 f5e4 f1f3 e4f3,836,77,88,251,mate mateIn2 middlegame short,https://lichess.org/o2VD8Gxg#67,,True,https://lichess.org/training/nRunL
KSC1a,1r4kr/3R3p/6pb/4q3/1pB5/8/PPP3PP/1K3R2 b - - 3 26,e5e6 c4e6,839,80,84,196,hangingPiece master mate mateIn1 middlegame oneMove,https://lichess.org/7rIFPk3w/black#52,,True,https://lichess.org/training/KSC1a
mUMaJ,r1bk3r/ppppb2p/4R3/6Q1/4P3/3P4/PPP3PP/R1B4K b - - 0 16,e7g5 c1g5,842,86,98,346,mate mateIn1 middlegame oneMove,https://lichess.org/UOy9Sa9z/black#32,Kings_Gambit_Accepted Kings_Gambit_Accepted_Double_Muzio_Gambit,True,https://lichess.org/training/mUMaJ
TcwJT,r7/7p/p1RB2k1/1p2Pp1p/1Pb5/P5PK/8/8 b - - 7 42,g6g5 d6e7,842,79,100,413,endgame mate mateIn1 oneMove,https://lichess.org/OGnFYyih/black#84,,True,https://lichess.org/training/TcwJT
nqQfl,8/1R6/4p1kp/1B2Kpp1/P7/7P/r5n1/8 b - - 1 35,g2f4 b5e8,843,95,97,336,endgame mate mateIn1 oneMove,https://lichess.org/w6DyCdGT/black#70,,True,https://lichess.org/training/nqQfl
ONfGW,7r/2R5/1p1Bp1k1/1B1p1bP1/P4P1P/8/1b2K3/8 b - - 0 32,h8h4 b5e8,845,77,70,107,endgame master mate mateIn1 oneMove,https://lichess.org/XAGFby4G/black#64,,True,https://lichess.org/training/ONfGW
9EBt6,1k6/1p6/1B3ppp/P2p4/3P2P1/4bPNP/r3b3/1R4K1 w - - 2 35,g1h1 e2f3,846,78,100,93,endgame mate mateIn1 oneMove,https://lichess.org/ZvMj6j17#69,,True,https://lichess.org/training/9EBt6
Zv8cz,4k3/8/5R1p/1p1P3P/1P4b1/PKB5/6r1/8 w - - 0 64,f6h6 g4d1,849,95,94,489,endgame mate mateIn1 oneMove,https://lichess.org/LgLIN0Za#127,,True,https://lichess.org/training/Zv8cz
NTznr,8/b1p2R2/k1pp3p/P7/P3r1bP/2B3P1/7K/1R6 w - - 3 38,f7c7 e4e2 h2h1 g4f3,849,84,68,137,endgame mate mateIn2 short,https://lichess.org/wOe8ziBp#75,,True,https://lichess.org/training/NTznr
rLMvT,r4b1r/pp1R1k1p/2p1ppn1/6p1/5P2/2N1N1PB/PP4KP/8 b - - 2 22,f7g8 h3e6,849,85,88,83,kingsideAttack mate mateIn1 middlegame oneMove,https://lichess.org/2GEn5wsL/black#44,,True,https://lichess.org/training/rLMvT
Ou7lB,r5k1/6Rp/1pb2P2/p1p1Br2/6p1/4R3/6PP/6K1 b - - 1 38,g8f8 e5d6,849,82,100,143,endgame mate mateIn1 oneMove,https://lichess.org/MYezJsAI/black#76,,True,https://lichess.org/training/Ou7lB
wnoqq,8/1p6/p5k1/3P4/1P3BP1/2bR1P1P/r5K1/8 w - - 4 39,g2g3 c3e1,851,91,95,405,endgame mate mateIn1 oneMove,https://lichess.org/DVOOFjR8#77,,True,https://lichess.org/training/wnoqq
r7kGJ,7k/1p3Bp1/p7/P1b4p/3N1PbP/1P4P1/1BPr4/R6K w - - 1 29,d4e6 g4f3,852,82,90,932,master masterVsMaster mate mateIn1 middlegame oneMove,https://lichess.org/baoBInKp#57,,True,https://lichess.org/training/r7kGJ
fatdF,8/1R3k2/3p2p1/B2Pbp2/1P6/r7/P4K2/8 b - - 6 50,f7f6 a5d8,853,92,96,1728,endgame master masterVsMaster mate mateIn1 oneMove,https://lichess.org/2NJA2aRI/black#100,,True,https://lichess.org/training/fatdF
ngfYO,2bq3k/4R1p1/r2PBQ1p/ppp5/7B/2P2N2/PP4PP/6K1 b - - 0 28,g7f6 h4f6,854,81,53,67,kingsideAttack mate mateIn1 middlegame oneMove,https://lichess.org/KOxXTvSH/black#56,,True,https://lichess.org/training/ngfYO
ZCaKU,4R3/p7/1bB2p1k/1P5P/P5P1/3r3K/8/8 w - - 1 42,h3h4 b6f2,856,86,77,203,endgame mate mateIn1 oneMove,https://lichess.org/U3NYiKk4#83,,True,https://lichess.org/training/ZCaKU
ulA4y,8/1p6/1k2p3/1Np1p3/2P1Pp1b/1P1P4/3K2r1/1R1N4 w - - 2 44,d2c3 h4e1,859,93,96,720,endgame mate mateIn1 oneMove,https://lichess.org/XNdcQhog#87,,True,https://lichess.org/training/ulA4y
99uRk,8/p4p2/2R4k/6p1/1p6/1Bp2PK1/Pb2rP2/8 b - - 3 35,h6h5 b3f7,860,78,100,105,endgame master mate mateIn1 oneMove,https://lichess.org/XpDBkAkd/black#70,,True,https://lichess.org/training/99uRk
hwetW,1r2k3/R4BBp/3p2p1/3P4/2n4P/pp4P1/3n1PK1/8 b - - 3 36,e8d8 g7f6 d8c8 f7e6,861,83,97,1712,endgame mate mateIn2 short,https://lichess.org/V4puJ5UI/black#72,,True,https://lichess.org/training/hwetW
i4KCA,6k1/7R/6P1/2bpKB2/8/8/3r4/8 b - - 0 45,c5f8 f5e6,862,80,90,313,endgame mate mateIn1 oneMove,https://lichess.org/hLwY4N4B/black#90,,True,https://lichess.org/training/i4KCA
8EGKi,8/5p2/4b3/7k/6rP/4B1K1/4PR2/8 w - - 11 40,g3f3 e6d5,863,78,85,86,endgame master mate mateIn1 oneMove,https://lichess.org/0Kte5Dvj#79,,True,https://lichess.org/training/8EGKi
GzoGn,8/8/2p4p/R1k1p2P/Pp1bP1B1/1r3P2/3K4/8 b - - 0 39,c5c4 g4e6,867,77,100,168,endgame mate mateIn1 oneMove,https://lichess.org/HgEYyWzF/black#78,,True,https://lichess.org/training/GzoGn
FpvXr,2r5/1p5p/p2R2p1/5R1k/4p1nP/1B4P1/PP2KP2/2r5 b - - 0 29,g6f5 b3f7,868,77,100,217,endgame mate mateIn1 oneMove,https://lichess.org/uiqHTAL4/black#58,,True,https://lichess.org/training/FpvXr
tiCjw,8/8/pR3k2/3p1p1p/1B1P1bp1/P4P2/1P3P1r/6K1 b - - 1 39,f6g5 b4e7,868,92,94,111,endgame mate mateIn1 oneMove,https://lichess.org/hvRxxfjh/black#78,,True,https://lichess.org/training/tiCjw
eOgPv,4R3/6p1/3p2Bk/2b2P2/1p3PP1/3r3K/P7/8 w - - 5 40,h3h4 c5f2,869,79,100,451,endgame mate mateIn1 oneMove,https://lichess.org/qPuuEfWg#79,,True,https://lichess.org/training/eOgPv
BoOqm,8/1p5k/5R2/Pb1P2p1/3Bp1Pp/P3P2K/3r4/8 w - - 11 46,f6b6 b5f1,871,78,100,129,endgame mate mateIn1 oneMove,https://lichess.org/JExiN2wZ#91,,True,https://lichess.org/training/BoOqm
pj6xK,8/7p/2k5/PR6/2Pb4/4p3/5r2/3B1K2 w - - 4 39,f1e1 d4c3,873,92,100,39,endgame mate mateIn1 oneMove,https://lichess.org/ItE2WHdZ#77,,True,https://lichess.org/training/pj6xK
Qpk2z,8/1R5k/2pBpK2/2P1P2p/3r2bP/p7/8/8 b - - 1 53,h7h6 d6f8,873,78,91,313,endgame mate mateIn1 oneMove,https://lichess.org/bnzjVzdO/black#106,,True,https://lichess.org/training/Qpk2z
9jQwW,3k4/p1p3p1/PpQ1r1p1/1Pb2p2/2P2PbP/6P1/3r4/4R2K w - - 0 40,c6e6 g4f3,875,77,98,579,endgame mate mateIn1 oneMove,https://lichess.org/7y1e1zl9#79,,True,https://lichess.org/training/9jQwW
i3caN,1r6/p2p1n2/1p1PkPp1/2nR2P1/2P1p3/P7/1K2B3/8 b - - 4 34,b8h8 e2g4,875,105,96,268,endgame mate mateIn1 oneMove,https://lichess.org/r8xi7aJf/black#68,,True,https://lichess.org/training/i3caN
4O1Do,r1br1q2/p2n4/2k1R2p/1p6/2BP4/5PQ1/PPP3PP/6K1 b - - 1 22,c6b7 c4d5,875,87,94,752,mate mateIn1 middlegame oneMove,https://lichess.org/CvVyCZH0/black#44,,True,https://lichess.org/training/4O1Do
3P6M2,8/1P5R/3pk3/B3p3/2P2p2/8/r4bbP/2R1K3 w - - 3 38,e1d1 g2f3,879,92,95,1216,endgame mate mateIn1 oneMove,https://lichess.org/RfsRQMiQ#75,,True,https://lichess.org/training/3P6M2
ekKa2,8/R4p2/B3k1p1/3pP3/1p1K1P2/1rn5/8/8 b - - 1 38,b3b2 a6c8,879,80,93,191,endgame mate mateIn1 oneMove,https://lichess.org/yDVSPEYd/black#76,,True,https://lichess.org/training/ekKa2
9SFHD,2r4k/pb3p1p/1p3Np1/4p3/3b4/5q1P/P1r3P1/BQ1RR2K w - - 0 34,g2f3 b7f3,880,92,96,238,kingsideAttack master mate mateIn1 middlegame oneMove,https://lichess.org/muVGFQOm#67,,True,https://lichess.org/training/9SFHD
5SuBQ,8/1R6/2p1k2p/2P5/4pBP1/2b1P1KP/r7/8 w - - 4 43,b7h7 c3e1,881,83,99,486,endgame master mate mateIn1 oneMove,https://lichess.org/Zu4kQYNk#85,,True,https://lichess.org/training/5SuBQ
vPX3n,1r1q1r1k/3b3R/3p2Pp/2pN4/ppBnP3/1P5P/P1P5/1K5R b - - 1 26,h8g8 d5f6,881,82,93,1119,doubleCheck mate mateIn1 middlegame oneMove,https://lichess.org/OtQjq1HN/black#52,,True,https://lichess.org/training/vPX3n
NDXyY,2r4k/ppp1R3/3p4/2n2r2/1nP2P1B/4P3/5P1P/3K2R1 b - - 4 27,f5h5 h4f6,881,101,95,561,master mate mateIn1 middlegame oneMove,https://lichess.org/QMXuQL4H/black#54,,True,https://lichess.org/training/NDXyY
Vz7Vn,8/R4Nkp/4p1p1/3b4/3P1P1b/3B1P2/1P1K3r/8 w - - 0 35,d2c3 h4e1,883,76,77,102,endgame master mate mateIn1 oneMove,https://lichess.org/xwRmANRU#69,,True,https://lichess.org/training/Vz7Vn
MRkp7,2b1k2r/Rp2nppp/4p3/1B1p4/3Pq3/8/3B1PPP/3K3R b k - 3 18,e8d8 d2a5 b7b6 a5b6,884,84,99,653,mate mateIn2 middlegame short,https://lichess.org/avPlEGQo/black#36,Queens_Pawn_Game Queens_Pawn_Game_London_System,True,https://lichess.org/training/MRkp7
sCfwf,8/2R2Pk1/3p3B/3P3p/6bP/4P1P1/rrB2K2/8 b - - 2 50,g7h6 f7f8b,884,90,47,66,advancedPawn endgame mate mateIn1 oneMove promotion,https://lichess.org/VU0xjNBk/black#100,,True,https://lichess.org/training/sCfwf
29UAG,8/1P3k2/2p2Pp1/4P1K1/pbr5/1R6/8/8 w - - 1 47,b7b8q b4d2 b3e3 d2e3,887,75,89,152,endgame mate mateIn2 short,https://lichess.org/tKCb3PuH#93,,True,https://lichess.org/training/29UAG
cKHG0,1b1k4/3R4/4K3/1Bp4r/8/8/8/8 b - - 3 61,d8c8 b5a6,887,78,100,466,endgame master mate mateIn1 oneMove,https://lichess.org/pQIyDreI/black#122,,True,https://lichess.org/training/cKHG0
oO6MW,r1b5/pp2kp1p/3b1n1Q/1B2p3/8/P1n5/1P4rP/RKB3NR w - - 1 21,b2c3 c8f5 b5d3 f5d3,887,99,96,680,mate mateIn2 middlegame queensideAttack short,https://lichess.org/G6npGt1Q#41,,True,https://lichess.org/training/oO6MW
R0SVT,1r6/2p5/2p4p/2P2b2/1P2pK1k/8/1R2B1P1/8 b - - 11 36,f5h7 g2g3 h4h3 e2f1,887,76,100,323,endgame mate mateIn2 short,https://lichess.org/Dj9xUE2b/black#72,,True,https://lichess.org/training/R0SVT
wLLvk,4B3/p1R5/1n2p1k1/3pPp1p/1B3P2/P6r/r7/6K1 b - - 1 46,g6h6 b4f8,888,97,38,23,endgame mate mateIn1 oneMove,https://lichess.org/iTztWom9/black#92,,True,https://lichess.org/training/wLLvk
bSIIi,r1b1k3/ppp2pp1/2p5/2N5/4P3/5K1r/PPPP1P1q/R1B1QR2 w q - 3 15,f3e2 c8g4,890,95,92,292,mate mateIn1 middlegame oneMove,https://lichess.org/bHBlIT5M#29,Russian_Game Russian_Game_Stafford_Gambit,True,https://lichess.org/training/bSIIi
pLkh4,r6k/pb1R4/1p3rq1/2b1B2R/2B1P1p1/2N5/PP3PP1/2K5 b - - 0 23,g6h5 e5f6,890,80,100,120,hangingPiece mate mateIn1 middlegame oneMove,https://lichess.org/k1VeztJb/black#46,,True,https://lichess.org/training/pLkh4
Af6Cl,8/R5k1/4p2p/1B2Ppb1/1PN3p1/7b/2r4P/6K1 b - - 5 40,g7g6 b5e8,891,77,99,767,endgame master mate mateIn1 oneMove,https://lichess.org/HR5P6WXg/black#80,,True,https://lichess.org/training/Af6Cl
KzCTO,3r3k/pR2B3/8/4p3/5bp1/PB6/KP5q/8 b - - 5 40,f4c1 e7f6,893,79,90,89,endgame mate mateIn1 oneMove,https://lichess.org/0ohwkwLm/black#80,,True,https://lichess.org/training/KzCTO
rOXt8,3Q4/pp3p2/3p2pp/2p1b2k/2P2r2/1P3qPP/P4P1K/3R1R2 w - - 0 35,g3g4 f4g4,894,87,94,584,discoveredAttack endgame mate mateIn1 oneMove,https://lichess.org/INYjdeCJ#69,,True,https://lichess.org/training/rOXt8
4erWi,r1Bk4/ppp3p1/6Q1/2b1P1P1/8/2N3nP/PPr5/R1B3K1 w - - 0 22,c1e3 c5e3,894,83,90,459,hangingPiece kingsideAttack mate mateIn1 middlegame oneMove,https://lichess.org/kaVybUd6#43,,True,https://lichess.org/training/4erWi
41GBB,4k1r1/1pp2p2/2p2B2/2bbP1NP/6P1/r5K1/5P2/3RR3 w - - 0 26,g3h4 c5f2,895,80,82,120,mate mateIn1 middlegame oneMove,https://lichess.org/5pBuv2xc#51,,True,https://lichess.org/training/41GBB
qN2Vh,8/6R1/b3p2p/P2pB2k/3Pp3/4P1pK/2r2P2/8 w - - 0 39,f2g3 a6f1,895,83,100,52,endgame mate mateIn1 oneMove,https://lichess.org/c7IJSTZz#77,,True,https://lichess.org/training/qN2Vh
VyUDz,8/5pp1/R4n2/1B3k2/4pP1p/4P2P/2r2PK1/8 b - - 10 40,f6d5 b5d7,896,80,100,95,endgame mate mateIn1 oneMove,https://lichess.org/ZjdbWNI8/black#80,,True,https://lichess.org/training/VyUDz
GeQDl,8/6R1/3rp2p/5pkP/B2n2p1/6P1/5PK1/8 b - - 3 50,g5h5 a4e8,897,103,71,39,endgame master mate mateIn1 oneMove,https://lichess.org/j0iIYcdQ/black#100,,True,https://lichess.org/training/GeQDl
xFZ2v,6b1/PR5k/3p2p1/4p1Bp/6qP/2r5/5Q1K/8 b - - 1 49,h7h8 g5f6,897,82,100,64,endgame master mate mateIn1 oneMove,https://lichess.org/sFLPhlur/black#98,,True,https://lichess.org/training/xFZ2v
0H1xg,rnbqkb2/ppp4R/3p1pQ1/8/3P3n/3BB3/PPP2PP1/R3K3 b Qq - 0 16,h4g6 d3g6,897,94,88,286,master masterVsMaster mate mateIn1 middlegame oneMove,https://lichess.org/wPfJmgjE/black#32,Indian_Defense Indian_Defense_Other_variations,True,https://lichess.org/training/0H1xg
FNM7k,r5k1/6p1/p1p4p/RbR2p2/1P3B1P/4PPP1/1r4K1/8 w - - 9 31,g2h3 b5f1,898,80,100,195,endgame master mate mateIn1 oneMove,https://lichess.org/GfbAaL31#61,,True,https://lichess.org/training/FNM7k
2ra1n,5nk1/R7/5p2/p6r/P1B1K3/2B3b1/8/8 b - - 3 45,g8h8 c3f6,900,84,79,132,endgame master mate mateIn1 oneMove,https://lichess.org/wf64EzBe/black#90,,True,https://lichess.org/training/2ra1n
MXYX2,6bk/1pr4p/1R1B4/3p1pp1/P2Pp3/2N1P1PP/3r1nB1/6K1 b - - 1 35,c7c3 d6e5,903,95,65,936,doubleBishopMate mate mateIn1 middlegame oneMove,https://lichess.org/uGRc97xB/black#70,,True,https://lichess.org/training/MXYX2
tVQrS,8/2R3P1/6r1/3kp3/4b2P/1P3p2/4K3/4B3 w - - 0 44,e2f2 g6g2 f2f1 e4d3,903,79,97,251,endgame mate mateIn2 short,https://lichess.org/CvFpV3yk#87,,True,https://lichess.org/training/tVQrS
0cku1,5k1r/R6p/1n2pn2/1B6/3Pq3/4B3/P1r2P2/3K2R1 b - - 3 26,c2c8 e3h6,905,80,90,397,mate mateIn1 middlegame oneMove,https://lichess.org/2UM60yC9/black#52,,True,https://lichess.org/training/0cku1
IhZ9a,R7/8/P4k2/3Pp1p1/b3PpP1/2R2K2/1r4P1/8 w - - 3 43,a6a7 a4d1,906,91,92,698,endgame mate mateIn1 oneMove,https://lichess.org/hvBRxl7M#85,,True,https://lichess.org/training/IhZ9a
KwB7l,r4bk1/1n4pR/3p2P1/3P1B2/p7/P1B5/KPr5/8 b - - 0 40,c2c3 f5e6,906,77,84,313,endgame mate mateIn1 oneMove,https://lichess.org/Hn6OOZXI/black#80,,True,https://lichess.org/training/KwB7l
SlXSx,8/6Rp/2p5/2Pp1BPk/2b5/5PP1/3r2K1/8 w - - 0 41,g2h3 c4f1,907,76,100,232,endgame mate mateIn1 oneMove,https://lichess.org/AdLFPb4U#81,,True,https://lichess.org/training/SlXSx
SQKwc,3k4/8/3BpR2/4P2p/7P/5PP1/2r1b1K1/8 w - - 2 44,g2h3 e2f1,908,95,95,213,endgame mate mateIn1 oneMove,https://lichess.org/TeAIoqNW#87,,True,https://lichess.org/training/SQKwc
CdGKW,3k4/p5Q1/b7/4p3/3b4/P1r5/7P/3R3K w - - 0 34,g7e5 a6b7 e5e4 b7e4,908,84,92,1064,doubleBishopMate endgame mate mateIn2 short,https://lichess.org/nwWdy0EM#67,,True,https://lichess.org/training/CdGKW
XmKjn,1k5r/2b2R2/Kp6/p1pB4/2P5/P7/1P6/8 b - - 12 41,c7d8 f7b7 b8c8 d5e6,908,79,98,2448,endgame mate mateIn2 short,https://lichess.org/aRYRUisq/black#82,,True,https://lichess.org/training/XmKjn
pkq0M,r1b1kb1r/1p1R2p1/pq2P2p/2p4B/4P3/2NP4/PP1B2PP/R3n1K1 b kq - 0 18,g7g6 h5g6,910,79,100,379,mate mateIn1 middlegame oneMove,https://lichess.org/n7rENzWa/black#36,Sicilian_Defense Sicilian_Defense_OKelly_Variation,True,https://lichess.org/training/pkq0M
LRETw,4rbk1/5p2/5Pp1/6P1/p1b3PQ/P1p1R1PK/3r4/8 w - - 0 40,e3e8 c4f1,913,78,98,557,endgame mate mateIn1 oneMove,https://lichess.org/fuZkT7EJ#79,,True,https://lichess.org/training/LRETw
IvdEV,2r1b1k1/pp4Rp/6pP/3p1p2/3P1B2/6P1/PPq2P2/K6R b - - 8 32,g8f8 f4d6,914,77,99,1161,endgame master mate mateIn1 oneMove,https://lichess.org/0bEI9lvT/black#64,,True,https://lichess.org/training/IvdEV
vYjwp,8/1R4k1/p4p2/1b1r1Ppp/8/B7/2K4P/8 b - - 0 47,g7h6 a3f8,914,75,91,273,endgame mate mateIn1 oneMove,https://lichess.org/dMVOO4Hc/black#94,,True,https://lichess.org/training/vYjwp
Ezvq0,8/R7/6pk/1pB5/1P4K1/n4rP1/8/8 b - - 7 52,f3d3 c5f8,917,89,93,378,endgame mate mateIn1 oneMove,https://lichess.org/ytooHDI3/black#104,,True,https://lichess.org/training/Ezvq0
Fj4z5,8/3k4/b3pp2/P1Pp3p/3P3P/2R1PPB1/1r5K/8 w - - 5 40,h2h3 a6f1,918,81,100,80,endgame mate mateIn1 oneMove,https://lichess.org/5TmQtFE6#79,,True,https://lichess.org/training/Fj4z5
wf6nr,8/2P2p1k/b5p1/3p1nPp/3P1P2/2Q3PK/1r6/4Rq2 w - - 1 44,e1f1 a6f1,919,76,100,368,endgame mate mateIn1 oneMove,https://lichess.org/CNjkRM95#87,,True,https://lichess.org/training/wf6nr
UtpMz,3r1Qnr/pBR5/5ppk/4p1qp/3p1p2/BP1P3P/P3R3/7K b - - 8 28,d8f8 a3f8,920,77,88,377,mate mateIn1 middlegame oneMove,https://lichess.org/OVxz9lxy/black#56,,True,https://lichess.org/training/UtpMz
WXtTL,k3r3/3B2R1/N7/P6p/8/4n1PP/r7/6K1 b - - 6 49,e8f8 d7c6,920,81,74,299,endgame mate mateIn1 oneMove,https://lichess.org/QogdeKUj/black#98,,True,https://lichess.org/training/WXtTL
XQsQ1,b2r1r2/5k2/P5R1/5p1P/3b4/8/1PP1B3/2K1R3 b - - 0 35,d8b8 e2c4 a8d5 c4d5,921,75,100,132,mate mateIn2 middlegame short,https://lichess.org/dJW26Nn1/black#70,,True,https://lichess.org/training/XQsQ1
c7FsS,5rk1/pp4p1/2n4p/2b1p3/4B3/2P1P1NP/PP1r2K1/R6R w - - 2 21,g2g1 c5e3,921,91,58,46,kingsideAttack mate mateIn1 middlegame oneMove,https://lichess.org/IOf6Hqie#41,,True,https://lichess.org/training/c7FsS
Nvpwn,8/8/1pR5/1P2p1pk/2B1P3/5P1K/2r5/4b3 b - - 8 53,c2f2 c4f7,921,77,93,311,endgame mate mateIn1 oneMove,https://lichess.org/3CKpAxKX/black#106,,True,https://lichess.org/training/Nvpwn
tmnY4,3r4/R6k/3rB1p1/4p1Bp/1n5P/6P1/P7/6K1 b - - 4 34,h7h8 g5f6,922,77,95,338,endgame master mate mateIn1 oneMove,https://lichess.org/wCjXXPAY/black#68,,True,https://lichess.org/training/tmnY4
xv1d7,r4r1k/1bq2p1p/p2n1PQ1/7R/Pp1Bp3/1N6/1PP3PP/R5K1 b - - 0 26,f7g6 f6f7,925,78,100,655,advancedPawn discoveredAttack mate mateIn1 middlegame oneMove,https://lichess.org/nIsBI6j5/black#52,,True,https://lichess.org/training/xv1d7
okmTI,5r1k/4R3/p6p/3B4/2P3q1/P4pB1/5P2/6K1 b - - 0 40,g4h3 g3e5 f8f6 e5f6,926,100,82,19,endgame mate mateIn2 short,https://lichess.org/aleVujBr/black#80,,True,https://lichess.org/training/okmTI
5EFGU,r1bB4/pppk2pN/3p3n/2b1p2Q/4P3/3P1r2/PPn3PP/RN4KR w - - 2 14,d3d4 c5d4,929,79,86,468,mate mateIn1 middlegame oneMove,https://lichess.org/wl3CC6TE#27,Italian_Game Italian_Game_Giuoco_Pianissimo,True,https://lichess.org/training/5EFGU
Cyjc0,1Q6/7p/6p1/8/2Ppb1k1/7R/3r2rP/7K w - - 2 50,h3g3 g2g3,929,79,98,1539,discoveredAttack endgame mate mateIn1 oneMove,https://lichess.org/a5H8PUEJ#99,,True,https://lichess.org/training/Cyjc0
hdBp3,8/p7/1p3k2/2p2p2/PbB1bP1P/1P4P1/5r2/1K1R2R1 w - - 1 52,b1a1 b4c3,929,98,83,41,endgame mate mateIn1 oneMove,https://lichess.org/u8B1GqVd#103,,True,https://lichess.org/training/hdBp3
g9UqJ,7r/8/1p1r1ppP/p3pk2/P4R1P/2Pp1P2/1P3KB1/4R3 b - - 0 41,f5f4 e1e4 f4f5 g2h3,930,90,100,46,endgame master mate mateIn2 short,https://lichess.org/IhqNl1jS/black#82,,True,https://lichess.org/training/g9UqJ
KLOd7,4N3/R7/2p3R1/p2p4/2b2P1P/P4kP1/3r3K/8 w - - 3 40,h2h3 c4f1,931,75,100,259,endgame mate mateIn1 oneMove,https://lichess.org/rjKSn1sd#79,,True,https://lichess.org/training/KLOd7
20uqX,1R4kb/R7/4prpp/3p4/8/p6B/r7/6K1 b - - 1 36,f6f8 h3e6,934,84,100,48,endgame mate mateIn1 oneMove,https://lichess.org/ggk8FRwy/black#72,,True,https://lichess.org/training/20uqX
uhXyi,5k2/1pR5/2p4p/4P1pP/2b1P1K1/2r3N1/6P1/8 w - - 2 43,g3f5 c4e2,935,98,96,782,endgame master mate mateIn1 oneMove,https://lichess.org/6RVz67zW#85,,True,https://lichess.org/training/uhXyi
DcGoz,5k2/5p2/1p3B2/4P3/2P2P2/3B1bP1/r4b1P/1R1K4 w - - 7 30,d1c1 f2e3,936,90,87,409,endgame mate mateIn1 oneMove,https://lichess.org/eVGMhh7D#59,,True,https://lichess.org/training/DcGoz
LH4Se,8/5p1p/3k1PpP/3R2P1/2p1P3/3b1B2/7r/r2NK3 b - - 2 41,d6e6 f3g4,938,77,90,118,endgame master masterVsMaster mate mateIn1 oneMove,https://lichess.org/L4PmzCsL/black#82,,True,https://lichess.org/training/LH4Se
Q3ZwE,4r3/2k2p2/5b2/N5pp/1P4K1/P4B2/5PPP/7R w - - 0 34,g4h5 e8h8 h5g4 h8h4 g4g3 f6e5,938,97,96,184,endgame long mate mateIn3,https://lichess.org/8KrBX8vt#67,,True,https://lichess.org/training/Q3ZwE
LIPXK,R7/6k1/6pp/3p2P1/P2bp3/1r5K/7P/3R4 w - - 2 39,h3g4 h6h5 g4h4 d4f2,939,80,71,97,endgame mate mateIn2 short,https://lichess.org/dEHlTKs6#77,,True,https://lichess.org/training/LIPXK
ZKCTJ,7k/1pp3pp/b7/2N5/1P2q2P/2P5/P3r3/RKB5 w - - 2 37,c5e4 a6d3,941,78,100,146,endgame mate mateIn1 oneMove,https://lichess.org/fTFsb6Ej#73,,True,https://lichess.org/training/ZKCTJ
G2iK0,7k/3R4/2R3Kn/1p5P/6r1/8/5bP1/8 w - - 3 46,g6h6 f2e3,941,78,87,361,endgame master mate mateIn1 oneMove,https://lichess.org/80D8HEIQ#91,,True,https://lichess.org/training/G2iK0
5O826,8/R7/3p1pkb/3Pp1p1/Bp2P1Pp/2r2P1P/4K3/8 b - - 4 47,c3a3 a4e8,943,147,83,21,endgame mate mateIn1 oneMove,https://lichess.org/5jaVamL9/black#94,,True,https://lichess.org/training/5O826
jNCGH,2b5/8/p7/1rN1pk2/2Kp1p2/B1pP4/P4PPP/4R3 w - - 2 38,c5e4 c8e6,945,78,100,131,endgame mate mateIn1 oneMove,https://lichess.org/VU9wynwe#75,,True,https://lichess.org/training/jNCGH
9TGJT,8/3k4/5R2/p2P1p2/1b3Bp1/4P3/r4K1P/8 w - - 6 48,f2g3 b4e1,946,98,95,752,endgame master mate mateIn1 oneMove,https://lichess.org/OhS11ait#95,,True,https://lichess.org/training/9TGJT
Hgl7g,8/8/p3R3/kR6/1nP3qP/1P4B1/7K/8 b - - 0 41,a6b5 g3c7,946,85,93,451,endgame master mate mateIn1 oneMove,https://lichess.org/LFa5AjMH/black#82,,True,https://lichess.org/training/Hgl7g
JFArz,6k1/p4ppp/B7/8/1P6/P2pb1PP/1Br1b3/1R2R1K1 w - - 0 25,g1h1 e2f3,947,101,95,104,mate mateIn1 middlegame oneMove,https://lichess.org/xbyXiK80#49,,True,https://lichess.org/training/JFArz
Uei1j,b4r1k/2p3p1/2q4p/2b2p2/2Q2B2/3B1PPP/Pr4K1/2R2R2 w - - 4 31,g2h1 c6f3 f1f3 a8f3,948,85,95,1048,kingsideAttack mate mateIn2 middlegame sacrifice short,https://lichess.org/OtlDkxkJ#61,,True,https://lichess.org/training/Uei1j
FeNr5,2k2b2/ppp2p2/4p2p/4P2b/1r3B1P/2NBKP2/PP4r1/R6R w - - 0 19,b2b3 f8c5,948,87,86,39,mate mateIn1 middlegame oneMove,https://lichess.org/250c7IaD#37,,True,https://lichess.org/training/FeNr5
CmpXP,8/B1k3p1/2P2p1p/bB2p3/P5PP/1b1R1PK1/r7/8 b - - 8 47,b3a4 d3d7 c7c8 b5a6,950,79,97,4192,endgame mate mateIn2 short,https://lichess.org/CIrksl7d/black#94,,True,https://lichess.org/training/CmpXP
UVvqy,k2rr3/R2R2pp/p1n2b2/6p1/6P1/1BP3B1/PPP4P/6K1 b - - 2 24,c6a7 b3d5 a7c6 d5c6,950,75,88,156,mate mateIn2 middlegame queensideAttack short,https://lichess.org/4TAuUB06/black#48,,True,https://lichess.org/training/UVvqy
DdW1P,8/2p5/N3bnkb/1p2p3/1B2P3/P4PN1/1Pr2K2/5B1R w - - 4 31,f2g1 h6e3,950,78,100,69,mate mateIn1 middlegame oneMove,https://lichess.org/wKuWLmEG#61,,True,https://lichess.org/training/DdW1P
9dexo,2r4k/1bBR4/4r2p/1p4p1/4pp2/8/B3K1PP/8 b - - 1 39,e6c6 c7e5 c6f6 e5f6,950,79,97,3491,endgame mate mateIn2 short,https://lichess.org/1Akm3Y78/black#78,,True,https://lichess.org/training/9dexo
Js5Sy,8/5p1p/p3pb1k/1pB2p1B/1P2bP2/P1P5/3r1P2/K5R1 w - - 20 39,h5f7 f6c3,951,84,92,60,endgame mate mateIn1 oneMove,https://lichess.org/gFXge07L#77,,True,https://lichess.org/training/Js5Sy
8Cspe,8/4k3/B3p3/2PpB1b1/6b1/2P4p/P5r1/R1K4R w - - 5 34,c1b1 g4f5 a6d3 f5d3,951,86,95,750,mate mateIn2 middlegame short,https://lichess.org/JTmaGoXS#67,,True,https://lichess.org/training/8Cspe
odqlF,7R/6R1/8/1k2pP1P/p3P3/K3b3/7r/8 w - - 5 51,f5f6 e3c1,952,79,91,136,endgame mate mateIn1 oneMove,https://lichess.org/McOIStMS#101,,True,https://lichess.org/training/odqlF
YTHY0,r7/pp3ppp/3bpn2/1B6/5k2/1P3P2/P3KP1P/B5R1 b - - 1 20,f6d5 g1g4 f4f5 b5d3,952,98,95,1003,endgame mate mateIn2 short,https://lichess.org/d7Jh6AQL/black#40,,True,https://lichess.org/training/YTHY0
0qPFg,r4k2/1p1b2R1/p3pP2/3pB2p/1P6/8/1PP5/2K5 b - - 3 31,d7e8 e5d6,953,78,100,470,endgame master mate mateIn1 oneMove,https://lichess.org/BCBhGHXJ/black#62,,True,https://lichess.org/training/0qPFg
B0lFJ,r5k1/1p3p1p/6pP/4p3/p2bQ1P1/q1r2P2/1P6/KR5R w - - 0 32,b2a3 c3a3,953,158,75,36,doubleCheck endgame mate mateIn1 oneMove,https://lichess.org/Y3DHHWFr#63,,True,https://lichess.org/training/B0lFJ
2kNfq,8/p4p1k/2b2Brp/4P3/8/1QP2P1P/3r3K/4R3 w - - 1 36,h2h1 c6f3,955,120,71,20,endgame mate mateIn1 oneMove,https://lichess.org/zioNvlYj#71,,True,https://lichess.org/training/2kNfq
6vjIB,1r4k1/2B1b1pp/2p5/8/P6P/3B4/b1P2rP1/2KR3R w - - 0 21,c7b8 e7a3,956,116,83,37,mate mateIn1 middlegame oneMove,https://lichess.org/CmYHi24Y#41,,True,https://lichess.org/training/6vjIB
DiDvW,7k/pb2pQ1p/1p4pb/2p1p3/8/2P4P/PP4r1/RK1rR3 w - - 1 29,e1d1 b7e4 d1d3 e4d3,956,79,88,346,endgame master mate mateIn2 queensideAttack short,https://lichess.org/ZOe5L6s3#57,,True,https://lichess.org/training/DiDvW
FB66z,8/6k1/4R3/2bpP1N1/5P1K/r7/P3b2P/R7 w - - 19 50,f4f5 c5f2,958,86,92,1029,endgame mate mateIn1 oneMove,https://lichess.org/tpQ6l0Nn#99,,True,https://lichess.org/training/FB66z
EPbhe,r5bR/2R3k1/p5pN/1p4B1/3p4/7P/q5PK/8 b - - 6 32,g7h8 g5f6,959,77,100,98,endgame mate mateIn1 oneMove,https://lichess.org/asEd0K2n/black#64,,True,https://lichess.org/training/EPbhe
vmLbB,8/2k5/pR4p1/5p2/2P1bP2/4Bp2/3p2r1/4RK2 w - - 3 60,e1d1 e4d3,959,77,91,312,endgame master masterVsMaster mate mateIn1 oneMove,https://lichess.org/mbWKksIF#119,,True,https://lichess.org/training/vmLbB
73Asa,1R6/r7/2p1kp2/1bBpp2p/7P/6PK/3r4/R7 w - - 0 56,a1a7 b5f1,960,78,100,253,endgame mate mateIn1 oneMove,https://lichess.org/NABosr4O#111,,True,https://lichess.org/training/73Asa
cMiIp,7r/8/5p1k/p2R1B1P/3b1PP1/1r4K1/8/7R w - - 0 39,g3h4 d4f2,961,80,83,117,endgame mate mateIn1 oneMove,https://lichess.org/MclfSf4a#77,,True,https://lichess.org/training/cMiIp
YUPSR,6k1/5p2/6b1/p1b5/6P1/1B6/PP1r4/3R1RK1 w - - 2 34,g1h1 g6e4 f1f3 e4f3,963,77,100,165,endgame mate mateIn2 short,https://lichess.org/sY11LCXd#67,,True,https://lichess.org/training/YUPSR
FSnRj,rkb4r/p7/2R5/1p6/1P2p3/PB2B3/2P3PP/b5K1 b - - 0 21,c8b7 e3f4 a1e5 f4e5,964,95,90,49,mate mateIn2 middlegame short,https://lichess.org/mMCmJUck/black#42,,True,https://lichess.org/training/FSnRj
WU8QI,8/3R1k2/5p2/8/1B1Pn1KP/4r3/2p5/8 b - - 3 50,f7g6 h4h5 g6h6 b4f8,966,78,100,99,endgame mate mateIn2 short,https://lichess.org/s9eZewFV/black#100,,True,https://lichess.org/training/WU8QI
DkyH3,6B1/6pp/2R5/pp5k/7P/3r2PK/Pr6/8 b - - 0 42,g7g5 g8f7,967,79,96,183,endgame master mate mateIn1 oneMove,https://lichess.org/qc2jZyKG/black#84,,True,https://lichess.org/training/DkyH3
6YhGv,3r2k1/5b1p/2pb4/1r6/4PK1P/5PB1/1p4P1/1B1R3R w - - 5 36,f4g4 f7e6,969,79,96,662,mate mateIn1 middlegame oneMove,https://lichess.org/cdnQ4xFt#71,,True,https://lichess.org/training/6YhGv
cTOqc,8/3R2k1/5pp1/p1B4p/P3r2P/2b5/6P1/6K1 b - - 4 36,g7h6 c5f8,970,77,100,98,endgame master mate mateIn1 oneMove,https://lichess.org/gcbUUw1t/black#72,,True,https://lichess.org/training/cTOqc
c9GWZ,2k5/pp5p/4b3/4pp2/P7/2P1bQ2/1P4rP/Rq2KR2 w Q - 4 28,a1b1 e3d2 e1d1 e6b3,971,76,100,138,endgame mate mateIn2 short,https://lichess.org/N9O5AO42#55,,True,https://lichess.org/training/c9GWZ
8NaLu,4r3/pppk1p2/n2b4/3P4/3P4/P1N4r/1PP2P1P/R2QK2R w KQ - 2 18,e1d2 d6f4,972,85,41,50,mate mateIn1 middlegame oneMove,https://lichess.org/Tcq0EdBW#35,Elephant_Gambit Elephant_Gambit_Paulsen_Countergambit,True,https://lichess.org/training/8NaLu
2rXHo,5k2/6R1/4pPp1/p3Pb2/Bp1br2P/1P3K2/P4B2/8 b - - 8 41,d4e5 f2c5 e5d6 c5d6,974,77,97,1584,endgame mate mateIn2 short,https://lichess.org/9ku4ANFo/black#82,,True,https://lichess.org/training/2rXHo
Zesuo,2k5/ppp2ppp/8/4P3/5Pb1/2N1QnPq/PPPr4/R4K1R w - - 0 22,h1h3 g4h3,975,76,98,2210,master mate mateIn1 middlegame oneMove,https://lichess.org/moi7HDed#43,,True,https://lichess.org/training/Zesuo
4iNEk,8/R4k2/4p2p/4Kn2/B4Pp1/1P6/3r1P2/8 b - - 5 45,f7g6 a4e8,977,76,100,123,endgame mate mateIn1 oneMove,https://lichess.org/LNG8CA5j/black#90,,True,https://lichess.org/training/4iNEk
v8fqw,8/2p4k/2p5/p1bp4/5PNP/1P1b2B1/r6N/4R2K w - - 0 41,e1d1 d3e4 h2f3 e4f3,978,76,100,280,mate mateIn2 middlegame short,https://lichess.org/6mqbvLLM#81,,True,https://lichess.org/training/v8fqw
0dVnT,4r1k1/p2R4/1p4Nb/8/8/3KnB2/PPP4p/8 b - - 4 35,e3f5 f3d5 e8e6 d5e6,978,85,93,478,endgame mate mateIn2 short,https://lichess.org/Ya24gF4P/black#70,,True,https://lichess.org/training/0dVnT
RnQt8,r5k1/pp3pp1/1bpQ3p/5b2/7P/PBP3P1/1P2r2K/R4R2 w - - 1 25,h2h1 f5e4 f1f3 e4f3,979,80,70,92,kingsideAttack mate mateIn2 middlegame short,https://lichess.org/JMnan5CY#49,,True,https://lichess.org/training/RnQt8
J9bcd,5r2/1bB4R/1p3k2/p1b4p/P1P5/5PPP/1PBr3K/4R3 w - - 0 35,h2h1 b7f3,979,76,100,235,mate mateIn1 middlegame oneMove,https://lichess.org/yj8n4ivK#69,,True,https://lichess.org/training/J9bcd
19qdF,2r5/8/R5k1/1KBb1p1p/4p1p1/4P1P1/5P1P/8 b - - 2 40,g6g5 c5e7,980,92,93,247,endgame mate mateIn1 oneMove,https://lichess.org/9KWgbR9h/black#80,,True,https://lichess.org/training/19qdF
CL1XN,3q3k/R3N2p/3p4/1rp1pB2/4P1K1/4b3/8/8 b - - 1 36,h7h6 e7g6 h8g8 f5e6,981,87,100,53,endgame mate mateIn2 short,https://lichess.org/2LPFrxH3/black#72,,True,https://lichess.org/training/CL1XN
4Rxng,2k5/ppp1bp1p/2n5/1P6/5B2/1bP2N2/2N3rP/3KR3 w - - 1 22,b5c6 b3c2 d1c1 e7a3,982,79,99,638,mate mateIn2 middlegame short,https://lichess.org/m0lksmNZ#43,,True,https://lichess.org/training/4Rxng
7Xle7,8/pp5r/2p5/4R3/kP1nPp1p/P4P1B/1P6/2K5 b - - 0 35,d4f3 e5a5 a4b3 h3e6,982,78,100,216,endgame mate mateIn2 short,https://lichess.org/sTX68EN2/black#70,,True,https://lichess.org/training/7Xle7
LvKuE,1r1r2k1/R6B/7R/8/3n1P2/6P1/1pp5/6K1 b - - 9 53,g8f8 h6f6 f8e8 h7g6,982,95,83,30,endgame master mate mateIn2 short,https://lichess.org/35OIFzqs/black#106,,True,https://lichess.org/training/LvKuE
XxRZV,r5r1/pp1nb1p1/2p2n1p/1kP2B2/R2P1B2/1P3P1P/1P3P2/4K2R b K - 2 21,f6d5 f5d3,983,93,97,1302,mate mateIn1 middlegame oneMove,https://lichess.org/VSFH8dSV/black#42,,True,https://lichess.org/training/XxRZV
iDcyZ,r7/1b4kp/p4ppN/2b1p1P1/7Q/5qBP/1P1r4/R4R1K w - - 0 30,f1f3 b7f3,983,94,95,606,master masterVsMaster mate mateIn1 middlegame oneMove,https://lichess.org/Wxq7XY7P#59,,True,https://lichess.org/training/iDcyZ
v8CUa,r2q1r2/ppp2p2/3p1k1R/3P4/8/3B1P2/PPP5/2KR4 b - - 4 23,f6e7 d1e1 e7d7 d3f5,983,77,98,1348,endgame mate mateIn2 short,https://lichess.org/QRAzGFU8/black#46,,True,https://lichess.org/training/v8CUa
eOs2O,6r1/pppk3p/3p4/3Pb3/5r2/2NQ4/PP4Pq/4R1RK w - - 0 24,h1h2 f4h4,984,136,83,61,doubleCheck mate mateIn1 middlegame oneMove,https://lichess.org/rnjbSVud#47,,True,https://lichess.org/training/eOs2O
AB6Ab,8/8/2R5/3Bppk1/8/6KP/3r1rP1/8 b - - 3 49,e5e4 h3h4 g5h5 d5f7,986,82,100,157,endgame mate mateIn2 short,https://lichess.org/2V1s864c/black#98,,True,https://lichess.org/training/AB6Ab
1QOTv,8/p3rp2/1kp5/2P2pbB/R2Pb3/1P5P/5PP1/6K1 b - - 0 38,b6b5 h5e2 e4d3 e2d3,986,78,100,332,endgame mate mateIn2 short,https://lichess.org/5Yzz3EtV/black#76,,True,https://lichess.org/training/1QOTv
USiL5,r1k4r/6Rp/p7/2p1p1B1/3pB1K1/8/q1P3PP/3n4 b - - 1 26,a8b8 e4f5 a2e6 f5e6,988,94,93,992,mate mateIn2 middlegame short,https://lichess.org/rUU9YEyv/black#52,,True,https://lichess.org/training/USiL5
YNqtr,2b3k1/7p/6p1/2r2p2/PB1P1b2/8/3K2PP/RR6 w - - 0 33,d2d3 c8a6,988,77,100,131,endgame mate mateIn1 oneMove,https://lichess.org/iBCBnQiQ#65,,True,https://lichess.org/training/YNqtr
7u7uM,5b2/6k1/7r/4Pp1K/4bB2/7P/1R4P1/3B4 w - - 1 44,h5g5 f8e7,990,79,99,574,endgame mate mateIn1 oneMove,https://lichess.org/rMwmUG9y#87,,True,https://lichess.org/training/7u7uM
VUs5X,2r2bn1/2p1qk1p/p1R3p1/1p1P1Q2/8/2B2BPP/5PK1/8 b - - 0 31,g6f5 f3h5,993,83,100,52,mate mateIn1 middlegame oneMove,https://lichess.org/SKhNqvmN/black#62,,True,https://lichess.org/training/VUs5X
KUYeS,3Q4/6kp/3bp1p1/3p4/2bP2PP/5N2/r5K1/8 w - - 2 40,g2h3 c4f1,993,78,97,853,endgame mate mateIn1 oneMove,https://lichess.org/F79pQbWD#79,,True,https://lichess.org/training/KUYeS
GyRRR,4r3/2R4k/6pP/4ppB1/3b1P2/1B6/P3K3/7r b - - 1 53,h7h8 g5f6,994,78,100,84,endgame mate mateIn1 oneMove,https://lichess.org/9UJ8kyPB/black#106,,True,https://lichess.org/training/GyRRR
Spqy9,7r/8/1R3pB1/p1pk1PbP/3p4/1P3KB1/P1n5/8 b - - 1 41,h8d8 g6f7,995,79,98,1309,endgame mate mateIn1 oneMove,https://lichess.org/ZNiZ7rf1/black#82,,True,https://lichess.org/training/Spqy9
LJ9nU,8/7R/pkp5/5pB1/1PP5/P1Kn4/8/5r2 b - - 2 39,f1f3 g5d8,998,82,95,4768,endgame mate mateIn1 oneMove,https://lichess.org/J1RExvSP/black#78,,True,https://lichess.org/training/LJ9nU
DKnde,2k3r1/pp3Q1p/2b5/4Bp2/8/1P2P3/P1Pr4/5R1K w - - 0 28,e3e4 c6e4 f1f3 e4f3,1000,94,60,66,endgame mate mateIn2 short,https://lichess.org/oqr2CHh1#55,,True,https://lichess.org/training/DKnde
bbksu,8/4P1k1/1pN5/1P5p/r5b1/4b1P1/7K/8 w - - 0 50,e7e8q a4a2 h2h1 g4f3,1000,77,95,144,endgame master masterVsMaster mate mateIn2 short,https://lichess.org/PUJLHnba#99,,True,https://lichess.org/training/bbksu
UEKma,7k/npR5/p2pB1p1/3P3p/P3p2B/5r1P/1r6/6K1 b - - 5 39,f3a3 h4f6,1002,78,94,638,endgame mate mateIn1 oneMove,https://lichess.org/osrdBajW/black#78,,True,https://lichess.org/training/UEKma
7ur25,1k2r3/B4R2/3p4/3B4/4P3/2Pp4/PP1q2P1/6K1 b - - 0 30,b8c8 d5b7 c8d8 a7b6,1003,76,93,615,endgame mate mateIn2 short,https://lichess.org/cgwA0Onx/black#60,,True,https://lichess.org/training/7ur25
8e7Bw,r3r2k/bpR1R1pp/p7/8/1P3PbP/P2p2P1/3B2K1/5N2 w - - 10 29,e7g7 e8e2 g2h1 g4f3,1005,80,86,61,mate mateIn2 middlegame short,https://lichess.org/FYX7sexy#57,,True,https://lichess.org/training/8e7Bw
gZd4f,2rq3k/pp2b2p/6rP/3pR1Q1/2nB4/P7/1P4BP/5R1K b - - 0 38,e7g5 e5e8,1007,77,100,719,doubleCheck mate mateIn1 middlegame oneMove,https://lichess.org/QZTHXznO/black#76,,True,https://lichess.org/training/gZd4f
NWPKq,8/P1p4p/8/5p2/2p1b2P/1k2P1P1/2r5/R1K1B3 w - - 1 42,c1d1 e4f3,1008,85,96,3124,endgame master mate mateIn1 oneMove,https://lichess.org/dAzUooHe#83,,True,https://lichess.org/training/NWPKq
4LiBB,4r2r/4n2p/B4p2/3p1k2/6R1/5P2/2P2K2/4R3 b - - 4 39,h7h5 a6d3,1008,76,96,963,endgame mate mateIn1 oneMove,https://lichess.org/RB1I4Iiz/black#78,,True,https://lichess.org/training/4LiBB
pTZHc,8/pR5p/3NB2k/b1pP2p1/2PrK3/8/8/8 w - - 3 30,e4f5 d4f4 f5e5 a5c3,1008,246,54,4,endgame mate mateIn2 short,https://lichess.org/f958cAOU#59,,True,https://lichess.org/training/pTZHc
GTxUK,6k1/pb3pp1/4r3/1P6/P2R4/7p/r4PPP/2BK2R1 w - - 0 31,g2h3 b7f3,1008,77,100,87,endgame mate mateIn1 oneMove,https://lichess.org/grJJBkCI#61,,True,https://lichess.org/training/GTxUK
XR53p,6k1/2p5/8/N1p3Bp/P6P/1P6/1r3bb1/2R1K3 w - - 2 35,e1d1 g2f3,1010,84,89,284,endgame mate mateIn1 oneMove,https://lichess.org/fubEzoNE#69,,True,https://lichess.org/training/XR53p
fiWe5,8/pp3k1p/1bp1bN1P/4B1P1/5P2/P7/4r3/2R2R1K w - - 5 39,f6h7 e6d5 f1f3 d5f3,1012,81,93,586,mate mateIn2 middlegame short,https://lichess.org/lnMYItBX#77,,True,https://lichess.org/training/fiWe5
kmZCR,2rq1r1k/pp2R3/5Qp1/2n4p/2B5/2B4P/P4PP1/4R1K1 b - - 0 27,f8f6 c3f6,1013,77,90,127,mate mateIn1 middlegame oneMove,https://lichess.org/0uGEJVwe/black#54,,True,https://lichess.org/training/kmZCR
AUKih,k5rr/p2BRp2/1p3P2/6P1/3p1B2/4nb2/PP6/6K1 b - - 1 35,e3d5 d7c6,1014,76,99,1509,master masterVsMaster mate mateIn1 middlegame oneMove,https://lichess.org/YxP5RBsv/black#70,,True,https://lichess.org/training/AUKih
l35vD,3k1b2/2R3Bp/p2p1p2/3PpP1Q/b2pP2P/3P2P1/qr4BK/8 w - - 3 29,h5f7 b2g2 h2h3 g2h2 h3g4 a4d1,1014,77,78,290,long mate mateIn3 middlegame,https://lichess.org/EHMZspsN#57,,True,https://lichess.org/training/l35vD
KiTGO,8/6k1/8/p2QpBPP/3bP3/P1r2K2/8/2r5 w - - 5 49,f3g4 c1g1 g4h4 d4f2,1015,99,68,23,endgame mate mateIn2 short,https://lichess.org/lb4nlze3#97,,True,https://lichess.org/training/KiTGO
MfdHq,8/pR5p/3k3B/2pBbpp1/r1P1p3/5nP1/5PKP/8 b - - 3 28,a4a1 h6f8,1020,103,86,37,endgame mate mateIn1 oneMove,https://lichess.org/WcYy3Lip/black#56,,True,https://lichess.org/training/MfdHq
nktPD,8/3P4/b1p5/3p3p/1P3k1P/R6K/3r4/8 w - - 5 52,d7d8q a6f1,1021,85,79,37,endgame mate mateIn1 oneMove,https://lichess.org/ypo82oIT#103,,True,https://lichess.org/training/nktPD
I1X9w,r7/8/2R5/p5pk/2B1Prpb/1P6/P5P1/2R4K b - - 0 37,f4e4 c4f7,1021,95,94,405,endgame mate mateIn1 oneMove,https://lichess.org/4MhZvU3q/black#74,,True,https://lichess.org/training/I1X9w
K2h9L,1r6/5BK1/2kr4/6n1/3bP1P1/5P2/1P5P/R6R w - - 3 35,e4e5 d4e5,1022,77,100,151,mate mateIn1 middlegame oneMove,https://lichess.org/mUDH8T3P#69,,True,https://lichess.org/training/K2h9L
inJIq,r6k/1p4Rp/3bb1q1/p7/2QBp3/8/2P3PP/6K1 b - - 0 27,e6c4 g7g6 d6e5 d4e5,1023,126,82,15,discoveredAttack endgame mate mateIn2 short,https://lichess.org/kzG6P59w/black#54,,True,https://lichess.org/training/inJIq
uKIrX,8/R7/6pk/1b3p2/1P3P1P/6BK/P1r5/8 w - - 3 47,a2a4 b5f1,1023,82,100,205,endgame mate mateIn1 oneMove,https://lichess.org/DcktkA3s#93,,True,https://lichess.org/training/uKIrX
nIXWc,3r2k1/2R4B/7p/1p2BPp1/2n5/pb5P/5P2/6K1 b - - 3 32,g8f8 e5g7 f8e8 h7g6,1024,80,95,410,endgame mate mateIn2 short,https://lichess.org/0POFPu5v/black#64,,True,https://lichess.org/training/nIXWc
Unb0p,8/4kp1p/3bb3/8/1r6/3PBK1P/r3B1P1/2R1R3 w - - 5 39,e2f1 e6d5,1026,77,90,1313,mate mateIn1 middlegame oneMove,https://lichess.org/InrRzDVd#77,,True,https://lichess.org/training/Unb0p
UCigl,8/p1p5/5p2/1k1RbB2/6P1/P5r1/K1P5/8 b - - 12 38,b5a4 f5d7 c7c6 d7c6,1027,76,82,196,endgame mate mateIn2 short,https://lichess.org/A9GIPiDE/black#76,,True,https://lichess.org/training/UCigl
mWw74,r1b3k1/pp3p1p/2pb2p1/5pB1/3P2nQ/2q2N2/PP2rPPP/1BKR1R2 w - - 0 17,b2c3 d6a3,1027,77,98,449,mate mateIn1 middlegame oneMove,https://lichess.org/w7wXnKpf#33,Caro-Kann_Defense Caro-Kann_Defense_Tartakower_Variation,True,https://lichess.org/training/mWw74
2KJ2Y,R7/5rkp/3p2p1/2pB4/3b1PbB/2NP4/3r4/R6K w - - 0 31,d5f7 g4f3,1028,76,73,142,mate mateIn1 middlegame oneMove,https://lichess.org/M6wauSFd#61,,True,https://lichess.org/training/2KJ2Y
sJhHL,2R5/p4Rp1/1b4kp/8/5PK1/r7/8/8 w - - 1 35,f7b7 h6h5 g4h4 b6f2,1029,78,75,252,endgame mate mateIn2 short,https://lichess.org/eprVp941#69,,True,https://lichess.org/training/sJhHL
IYpHo,8/6bk/pR1p4/8/4r2K/1BP3P1/PP3nP1/8 w - - 9 36,h4h5 e4e5 h5h4 g7f6,1029,80,58,50,endgame mate mateIn2 short,https://lichess.org/KXf4cq5F#71,,True,https://lichess.org/training/IYpHo
y7HHO,6R1/8/2k3Pb/1p6/2P5/BK4r1/1P6/8 w - - 1 45,b3b4 h6d2,1031,78,100,335,endgame mate mateIn1 oneMove,https://lichess.org/Y5iE7BDm#89,,True,https://lichess.org/training/y7HHO
7ykqh,8/3R4/6pk/p4p1p/3K1P2/B5PP/P1p5/4r3 b - - 1 56,c2c1q a3f8,1031,89,95,791,endgame mate mateIn1 oneMove,https://lichess.org/5JTTS6gT/black#112,,True,https://lichess.org/training/7ykqh
47aXI,2r4r/p2p2pp/8/R7/6k1/B4B2/2nP1PK1/8 b - - 3 34,g4f4 a3d6,1031,81,96,2601,endgame mate mateIn1 oneMove,https://lichess.org/fIs4KYy8/black#68,,True,https://lichess.org/training/47aXI
qbFx4,r7/1bp4k/p5pp/1p3p2/3rn2B/PB3P2/1P4PP/4RRK1 b - - 0 31,e4d2 e1e7 h7h8 h4f6,1033,85,100,41,mate mateIn2 middlegame short,https://lichess.org/UZbnRO1z/black#62,,True,https://lichess.org/training/qbFx4
TBLbr,8/2Nk2pp/2bP1p2/2P1pPP1/1r5K/8/3R3P/8 w - - 1 43,h4h5 c6f3,1035,97,95,1234,endgame mate mateIn1 oneMove,https://lichess.org/VUfNuBxg#85,,True,https://lichess.org/training/TBLbr
lPZsZ,R7/1p2k3/8/8/2P1b2b/1P2P3/6r1/2RK2N1 w - - 2 49,g1h3 e4f3,1036,78,89,88,endgame mate mateIn1 oneMove,https://lichess.org/CqODBdAY#97,,True,https://lichess.org/training/lPZsZ
jX3RG,8/5pbk/R6p/P7/1P6/5R1P/1r6/3BK2r w - - 6 45,f3f1 g7c3,1036,76,90,300,endgame mate mateIn1 oneMove pin,https://lichess.org/BNIE627j#89,,True,https://lichess.org/training/jX3RG
cqfmy,5rk1/1B4pp/R3p3/4P3/1b1p2P1/1P1R2KP/1r6/8 w - - 1 27,a6e6 b4e1,1037,89,65,37,endgame mate mateIn1 oneMove,https://lichess.org/iVExazvB#53,,True,https://lichess.org/training/cqfmy
5PRtO,6R1/3kp2R/8/1pK1P3/p1r3P1/P1P5/4b3/8 w - - 1 42,c5d5 e2f3,1037,75,93,373,endgame mate mateIn1 oneMove,https://lichess.org/GmItsX7O#83,,True,https://lichess.org/training/5PRtO
Tmv1x,8/3R4/4p1pk/1p3b1p/1B5P/5RK1/1Pr1rP2/8 b - - 0 44,e2e4 b4f8,1037,77,100,256,endgame mate mateIn1 oneMove,https://lichess.org/H8JEPh30/black#88,,True,https://lichess.org/training/Tmv1x
ZeMp6,1qr1k3/R4BB1/1P6/6p1/8/1KP5/8/8 b - - 3 46,e8d8 g7f6,1037,81,57,83,endgame mate mateIn1 oneMove,https://lichess.org/fwVH8nZj/black#92,,True,https://lichess.org/training/ZeMp6
QUwag,5rk1/5p1p/2NR2p1/3B1b2/1PP2P2/4P3/1b5r/2K3R1 w - - 5 30,c1d1 f5c2 d1e1 b2c3 e1f1 c2d3,1038,92,95,1601,exposedKing long mate mateIn3 middlegame,https://lichess.org/R2dv1gpn#59,,True,https://lichess.org/training/QUwag
UvZcL,r1k4r/ppR4p/3p4/3N1b1B/3b1B2/3n4/PP3PPP/6K1 b - - 0 21,c8d8 f4g5 d4f6 g5f6,1039,81,94,1145,mate mateIn2 middlegame short,https://lichess.org/ok9NMY9n/black#42,,True,https://lichess.org/training/UvZcL
xIYYI,2k5/1p3pbp/3P4/p7/5B2/5P2/b5rP/1K2R2R w - - 0 25,b1c1 g7b2 c1d1 a2b3,1040,75,94,206,endgame mate mateIn2 short,https://lichess.org/BzVMJqQO#49,,True,https://lichess.org/training/xIYYI
hJH7O,r3kb1r/pR3ppp/4p1b1/2p1n1B1/3P2P1/7P/q1P1BP2/3QK2R b Kkq - 0 16,c5d4 e2b5 e5c6 b5c6,1043,76,100,151,mate mateIn2 middlegame short,https://lichess.org/6PSQEuJM/black#32,Scandinavian_Defense Scandinavian_Defense_Mieses-Kotroc_Variation,True,https://lichess.org/training/hJH7O
JerQs,4b1k1/6R1/p5pK/3pB2p/3P3P/5rP1/8/8 b - - 1 44,g8f8 e5d6,1044,79,100,286,endgame master mate mateIn1 oneMove,https://lichess.org/2HnW7j0p/black#88,,True,https://lichess.org/training/JerQs
obNc4,8/8/1kpb1p1R/p2B1Pp1/P5P1/7P/1Pp4r/2K1R3 w - - 4 36,d5b3 d6f4 e1e3 f4e3,1045,102,94,672,endgame mate mateIn2 short,https://lichess.org/VpBD8gge#71,,True,https://lichess.org/training/obNc4
e6S6M,7k/3R4/p5p1/1pp3B1/3br3/P4K2/BP5P/n7 b - - 1 25,e4e5 g5f6,1045,76,84,299,endgame mate mateIn1 oneMove,https://lichess.org/xQAid5Fy/black#50,,True,https://lichess.org/training/e6S6M
5QWcX,8/7p/1pR3k1/6p1/3Pr3/pB2rNK1/P7/8 b - - 2 47,g6h5 b3f7,1045,97,100,65,endgame mate mateIn1 oneMove,https://lichess.org/mUxwygkH/black#94,,True,https://lichess.org/training/5QWcX
OCXly,4k1n1/5pp1/B5p1/6B1/4P3/2b3P1/Pr5r/RR4K1 w - - 0 24,a6f1 c3d4 g5e3 d4e3,1047,85,94,3648,mate mateIn2 middlegame short,https://lichess.org/nEctawWs#47,,True,https://lichess.org/training/OCXly
SO8kX,2rk4/1R1n1p2/4b1p1/pB1p3p/P3p3/2P5/2PB1PPP/6K1 b - - 5 30,d7e5 d2g5 f7f6 g5f6,1048,75,90,268,endgame mate mateIn2 short,https://lichess.org/SW4lgqp2/black#60,,True,https://lichess.org/training/SO8kX
NPKVa,k7/1R2q1bp/P3p3/P1p2p2/Q1P1p3/6P1/2r4r/4RBK1 w - - 1 31,b7e7 g7d4 e1e3 d4e3,1049,162,89,21,mate mateIn2 middlegame short,https://lichess.org/jsCCmCld#61,,True,https://lichess.org/training/NPKVa
4JWuV,5rk1/2p2p2/5BPp/3Np3/4P3/3P1P1P/R1b4r/2b1K1R1 w - - 3 31,g6g7 c1d2 e1f1 c2d3,1049,76,100,512,mate mateIn2 middlegame short,https://lichess.org/rcg2A8Gj#61,,True,https://lichess.org/training/4JWuV
05kbe,8/p4R1p/k1p1Bp2/Pp3Pp1/1P6/K1P1P3/3r3P/1r6 b - - 7 34,d2h2 e6c8,1050,82,85,123,endgame mate mateIn1 oneMove,https://lichess.org/3bNOptfd/black#68,,True,https://lichess.org/training/05kbe
hhqpJ,1Q6/B5R1/7p/5p2/4pk2/1r6/4K3/8 b - - 0 42,b3b8 a7b8,1050,97,56,59,endgame mate mateIn1 oneMove,https://lichess.org/vzhf9d8S/black#84,,True,https://lichess.org/training/hhqpJ
Gk5k9,8/5pkp/1R4p1/P2pPp2/1b1P1K2/1r3N2/5PPP/8 w - - 7 30,f3e1 b4d2,1051,76,95,980,endgame mate mateIn1 oneMove,https://lichess.org/9uWr1vtZ#59,,True,https://lichess.org/training/Gk5k9
8dLdm,8/p1R4k/1p1B2p1/3pPbbp/3P1p2/1P5P/P5r1/3K4 b - - 5 36,h7h6 d6f8,1052,110,71,72,endgame mate mateIn1 oneMove,https://lichess.org/xco44583/black#72,,True,https://lichess.org/training/8dLdm
icFiB,3r1k2/2R5/p5N1/1p3BP1/1b1p1P1P/8/Pn2p1K1/8 b - - 1 57,f8g8 f5e6,1052,78,86,220,endgame mate mateIn1 oneMove,https://lichess.org/USSTONQ8/black#114,,True,https://lichess.org/training/icFiB
ZPjbd,4r2k/1p6/pq2P1pp/P3p2n/4PbP1/1P3P1Q/2r5/RN3BKR w - - 0 29,a5b6 f4e3,1052,81,90,400,mate mateIn1 middlegame oneMove,https://lichess.org/tk8eb9de#57,,True,https://lichess.org/training/ZPjbd
8JGKo,r4b1r/4pB1p/pk4p1/1p6/4p1b1/2P1Bn2/PP3R1P/3K4 b - - 5 28,b6a5 b2b4 a5a4 f7b3 a4a3 e3c1,1052,81,82,434,long mate mateIn3 middlegame,https://lichess.org/CwSHNDRZ/black#56,,True,https://lichess.org/training/8JGKo
V4wf0,3r3r/1p6/p1p2p2/2Bp2kp/1R6/P6P/KPB5/8 b - - 3 44,b7b5 c5e3,1053,80,88,289,endgame mate mateIn1 oneMove,https://lichess.org/A003QXsW/black#88,,True,https://lichess.org/training/V4wf0
uNmlu,rkb4r/p4Rp1/2BQ4/2B5/6pq/P1NP2b1/1P2P3/R5K1 b - - 6 28,g3d6 c5d6,1054,80,80,149,master mate mateIn1 middlegame oneMove queensideAttack,https://lichess.org/1ZAwldm1/black#56,,True,https://lichess.org/training/uNmlu
yRKnU,1R5r/p2knp2/4p1p1/1P1pPpP1/3K1P1b/r6P/3N2B1/7R w - - 2 31,b8h8 h4f2,1055,81,92,835,mate mateIn1 middlegame oneMove,https://lichess.org/MSBRGB43#61,,True,https://lichess.org/training/yRKnU
mdqbl,5r1k/pp1Rr1pp/2p2bp1/8/8/1QP3P1/PP3qBP/3R2K1 w - - 0 20,g1f2 f6d4,1055,78,95,634,doubleCheck mate mateIn1 middlegame oneMove,https://lichess.org/NYspi7HN#39,,True,https://lichess.org/training/mdqbl
BKQdp,1r3b1k/3Q2pp/p7/4p3/4P3/3B4/P4r1R/1KnR4 w - - 0 29,b1c1 f8a3,1057,82,41,101,master mate mateIn1 middlegame oneMove,https://lichess.org/RATrZTBp#57,,True,https://lichess.org/training/BKQdp
vTUP1,2k1B3/p2R4/2p5/1p6/1P2p1p1/PKP1PbP1/6r1/8 w - - 8 37,d7a7 f3d1,1057,93,89,100,endgame master mate mateIn1 oneMove,https://lichess.org/fKplWQH3#73,,True,https://lichess.org/training/vTUP1
TPDCI,r5k1/ppBnRp1p/3P2pb/8/PPB3b1/2PP4/2K4r/RN6 w - - 5 26,c2b3 g4d1 b3a3 h6c1,1057,76,99,736,mate mateIn2 middlegame short,https://lichess.org/FFVmTOtn#51,,True,https://lichess.org/training/TPDCI
5Tsfo,2r3k1/1b1Q2bp/1p6/5ppP/1n6/1N1P1NP1/r5P1/1K1R3R w - - 0 28,d3d4 b7e4 d1d3 e4d3,1058,75,84,244,mate mateIn2 middlegame queensideAttack short,https://lichess.org/W1x6X0wA#55,,True,https://lichess.org/training/5Tsfo
5yj6l,4k3/1pp3pp/p7/2b1P1P1/3nr3/P7/1PP3P1/R1B2R1K w - - 0 30,b2b4 e4h4 h1g1 d4e2,1060,78,96,372,doubleCheck endgame mate mateIn2 short,https://lichess.org/YduUDHKY#59,,True,https://lichess.org/training/5yj6l
G8EPL,8/6kp/P5p1/2pBp3/2bbP2P/8/1Pp2rP1/2K4R w - - 0 36,d5c4 d4e3,1060,77,96,556,endgame mate mateIn1 oneMove,https://lichess.org/yX15Rcky#71,,True,https://lichess.org/training/G8EPL
CkP2y,1R1R4/5p2/2B2kp1/2pP4/2b1P3/r3K2P/5N2/8 w - - 7 41,e3f4 g6g5 f4g4 c4e2,1060,83,93,497,endgame master mate mateIn2 short,https://lichess.org/Umag1Sxs#81,,True,https://lichess.org/training/CkP2y
3pobG,5R1Q/ppk5/2p5/8/8/3b2r1/PP2r3/2R3K1 w - - 3 44,g1h1 d3e4 f8f3 e4f3,1065,75,96,5804,endgame mate mateIn2 short,https://lichess.org/2uob8Tpn#87,,True,https://lichess.org/training/3pobG
Wr3GV,2R5/2R5/2p5/1b2k1P1/7P/2r3K1/8/8 w - - 1 64,g3g4 b5e2,1068,76,97,777,endgame mate mateIn1 oneMove,https://lichess.org/XTe3dDKW#127,,True,https://lichess.org/training/Wr3GV
qIxfk,8/3n1pp1/R6p/1B1pk3/Pp3P2/4K3/1r4P1/8 b - - 0 34,e5f5 b5d7,1068,76,81,461,endgame hangingPiece mate mateIn1 oneMove,https://lichess.org/iXKWpj8v/black#68,,True,https://lichess.org/training/qIxfk
edYd0,r5k1/1R6/3p2Nb/7p/1pB1P1bP/qp1P4/P5P1/1K6 b - - 2 32,d6d5 c4d5 g4e6 d5e6,1069,76,100,299,mate mateIn2 middlegame short,https://lichess.org/DZdiniNg/black#64,,True,https://lichess.org/training/edYd0
MpkjA,2r4r/5ppp/pRk1pn2/2P5/p2B4/8/4K1PP/3R4 b - - 4 27,c6c7 d4e5,1069,79,82,377,endgame mate mateIn1 oneMove,https://lichess.org/i8YVhRYn/black#54,,True,https://lichess.org/training/MpkjA
gVng7,6B1/p7/3p4/1bbR2k1/7p/6B1/Pr3PP1/6K1 b - - 1 45,g5g4 g8e6,1070,77,88,47,endgame mate mateIn1 oneMove,https://lichess.org/qd3on8w8/black#90,,True,https://lichess.org/training/gVng7
owwhl,8/1R3P2/2pk1K2/p5r1/2P5/8/6r1/8 b - - 1 52,g5g3 f7f8b,1071,84,96,476,advancedPawn endgame master masterVsMaster mate mateIn1 oneMove promotion,https://lichess.org/glAPDEfg/black#104,,True,https://lichess.org/training/owwhl
jQXLF,3r4/ppp1k1qB/7R/n1P5/8/2p1R3/P5PP/6K1 b - - 6 34,e7d7 h7f5,1071,91,92,61,endgame mate mateIn1 oneMove,https://lichess.org/AXFf81MU/black#68,,True,https://lichess.org/training/jQXLF
hTYbc,r1b1r3/pp4pp/2p1k3/3nP3/8/6B1/PPP3PP/3R1RK1 b - - 1 19,d5b6 d1d6 e6e7 g3h4 g7g5 h4g5,1072,84,94,1995,exposedKing long mate mateIn3 middlegame,https://lichess.org/Pu1r2f1a/black#38,Rat_Defense Rat_Defense_Harmonist,True,https://lichess.org/training/hTYbc
cUOH3,3B2k1/1R3p2/6n1/4pBPp/2b1P2P/6PK/2r5/8 w - - 9 37,b7b8 c4f1,1072,80,90,356,endgame mate mateIn1 oneMove,https://lichess.org/Q1xDft4m#73,,True,https://lichess.org/training/cUOH3
g9an8,r4r2/ppq2k1p/2p5/3P1p2/8/5BR1/PP3PK1/4R3 b - - 2 26,f7f6 e1e6 f6f7 f3h5,1073,81,66,57,endgame mate mateIn2 short,https://lichess.org/3bVzqSvb/black#52,,True,https://lichess.org/training/g9an8
5V2Ur,r3r3/8/p3p1R1/1p3nPp/2R3kP/2B1p3/PP1p2P1/6K1 b - - 1 40,g4g3 c3e5,1074,75,84,195,endgame mate mateIn1 oneMove,https://lichess.org/NJ8X78BI/black#80,,True,https://lichess.org/training/5V2Ur
w4GKP,r3r1k1/R7/2p1pn2/1p3b2/8/2P3R1/1P3PB1/2B3K1 b - - 5 32,g8f8 c1h6,1074,77,99,946,master mate mateIn1 middlegame oneMove,https://lichess.org/dgufqHlB/black#64,,True,https://lichess.org/training/w4GKP
RbaCu,7k/pQ4pp/3p4/7b/2P5/2r3B1/P3rP1P/R1K3R1 w - - 3 27,c1b1 h5g6 b7e4 g6e4,1074,79,85,265,mate mateIn2 middlegame short,https://lichess.org/TKzqXEkM#53,,True,https://lichess.org/training/RbaCu
wsTMo,8/pR2Rp2/6pk/8/b4PKP/6P1/P6r/6b1 w - - 7 42,e7f7 a4d1,1075,80,97,2973,endgame mate mateIn1 oneMove,https://lichess.org/2wDsHcq0#83,,True,https://lichess.org/training/wsTMo
x6qZO,8/1R5k/2p2K2/2B2b1p/4r3/8/r4P2/3q4 b - - 3 45,h7h6 c5f8,1077,76,89,245,endgame master mate mateIn1 oneMove,https://lichess.org/n9Ce7cJQ/black#90,,True,https://lichess.org/training/x6qZO
rj0bs,8/8/1R5k/p1p2p2/P1Bb4/1P4KP/2r5/8 b - - 5 44,h6g5 h3h4 g5h5 c4f7,1078,99,93,1975,endgame mate mateIn2 short,https://lichess.org/XZdhunaJ/black#88,,True,https://lichess.org/training/rj0bs
Vskj0,1rq2r1k/4R3/5Qpp/1p1B4/1P6/2B3Pb/5P2/1R4K1 b - - 0 27,f8f6 c3f6,1078,85,77,151,master mate mateIn1 middlegame oneMove,https://lichess.org/E8uosgD0/black#54,,True,https://lichess.org/training/Vskj0
Uetts,8/R4k1p/1Br1p1p1/p4p2/5P2/P1b2P2/7P/7K b - - 5 38,f7f6 b6d8,1078,88,82,57,endgame mate mateIn1 oneMove,https://lichess.org/dMZ2Xin7/black#76,,True,https://lichess.org/training/Uetts
Ca1cz,7Q/kpp5/6P1/p2b4/3p1P2/1P6/Pb2r3/1K4RR w - - 1 40,g1d1 d5e4 d1d3 e4d3,1078,92,71,67,endgame fork mate mateIn2 short,https://lichess.org/at4GRkdq#79,,True,https://lichess.org/training/Ca1cz
CFBdW,3r1r2/k5p1/3P1p2/2K2b2/3R4/5BBP/1p3PP1/8 b - - 2 33,b2b1q d4a4 a7b8 d6d7,1078,76,99,1007,advancedPawn discoveredAttack mate mateIn2 middlegame short,https://lichess.org/LaHArHGi/black#66,,True,https://lichess.org/training/CFBdW
nHq0M,8/p1r4p/3b2p1/R4p2/2B1p1k1/1P4P1/P4K1P/8 b - - 12 36,f5f4 c4e6,1079,85,81,44,endgame master mate mateIn1 oneMove,https://lichess.org/zDNF6mq1/black#72,,True,https://lichess.org/training/nHq0M
0LveI,7k/3R4/3p1Np1/7p/1b2P1K1/1r5P/7P/8 w - - 0 38,g4f4 b4d2,1080,80,86,137,endgame mate mateIn1 oneMove,https://lichess.org/H5KNpit4#75,,True,https://lichess.org/training/0LveI
RbPPr,3Q4/p5k1/6p1/2P2p2/3brBb1/6P1/PP5K/R7 w - - 5 33,d8a5 e4e2 h2h1 g4f3,1081,169,67,7,endgame mate mateIn2 short,https://lichess.org/fgh9k2Aq#65,,True,https://lichess.org/training/RbPPr
9Of6A,8/6b1/6pk/p1BRP1Np/3P1Pb1/3K2r1/8/8 w - - 0 38,d3c4 g4e2,1082,79,85,121,endgame mate mateIn1 oneMove,https://lichess.org/iRC01erQ#75,,True,https://lichess.org/training/9Of6A
Syfhu,5k2/1RR5/p4P2/3p2PK/3Pr3/2P5/4b3/8 w - - 3 55,h5h6 e4h4 h6g6 e2d3,1083,76,89,1093,endgame mate mateIn2 short,https://lichess.org/eIjW4sFG#109,,True,https://lichess.org/training/Syfhu
7QiSR,8/5Rpk/5P1p/p7/P3P3/4B2P/r5bb/2R2K2 w - - 3 37,f1e1 h2g3 e3f2 g3f2 e1d1 g2f3,1083,76,100,78,attackingF2F7 endgame exposedKing long mate mateIn3,https://lichess.org/FncZcbRs#73,,True,https://lichess.org/training/7QiSR
8NFcR,4r3/1p6/p1bR4/4npk1/1P6/1B3pP1/P6P/5K2 b - - 1 32,e5g4 h2h4 g5h5 b3f7,1083,75,89,265,endgame mate mateIn2 short,https://lichess.org/jY9u9RiB/black#64,,True,https://lichess.org/training/8NFcR
eL3uZ,3r1r1k/4R3/1B2R3/2p3P1/2P1K2P/1P6/5b2/8 w - - 5 44,g5g6 d8d4 e4e5 f2g3,1084,76,99,591,endgame mate mateIn2 short,https://lichess.org/NpHokjgu#87,,True,https://lichess.org/training/eL3uZ
zksKv,8/8/p1R2k2/bp2p3/1B3pP1/5K2/r7/8 b - - 1 61,f6g5 b4e7,1085,79,86,348,endgame mate mateIn1 oneMove,https://lichess.org/NCJZIAKC/black#122,,True,https://lichess.org/training/zksKv
UgNmm,r1b2r2/pp3p1k/1np2PpQ/2q1P3/2PR4/6P1/PB4BP/5R1K b - - 0 25,h7h6 d4h4 h6g5 b2c1 c5e3 c1e3,1085,88,91,672,long mate mateIn3 middlegame,https://lichess.org/aIstvp2T/black#50,,True,https://lichess.org/training/UgNmm
iE2Mv,5r2/p3b1pp/3k4/1p1nN3/3p1P2/P2P3P/1Pr1N1P1/3RKB1R w K - 1 26,e2d4 e7h4 g2g3 h4g3,1086,84,95,14956,mate mateIn2 middlegame short,https://lichess.org/vPNcj6Ot#51,,True,https://lichess.org/training/iE2Mv
HBosw,7k/Q6p/3p4/B4p1b/2PbrP2/PP4PP/7K/8 w - - 3 35,a5b6 e4e2 h2h1 h5f3,1086,77,88,254,endgame mate mateIn2 short,https://lichess.org/Vn72ynws#69,,True,https://lichess.org/training/HBosw
3us06,3rq3/1kp2R2/2np4/4p1Nr/P1B1P1b1/2PPP1p1/3N2P1/1R4K1 b - - 1 22,b7c8 c4a6,1088,77,93,92,mate mateIn1 middlegame oneMove,https://lichess.org/KBKu7R3U/black#44,,True,https://lichess.org/training/3us06
mFCrW,7R/kp6/pbp3rP/8/8/4pB2/PPP3P1/4R2K w - - 3 49,h6h7 g6h6 f3h5 h6h5 h1g1 e3e2,1088,75,100,211,advancedPawn discoveredAttack endgame long mate mateIn3,https://lichess.org/982MSl5w#97,,True,https://lichess.org/training/mFCrW
SvmiQ,b5k1/3N1pp1/1p6/5P2/7R/7P/1Pr4b/3R2K1 w - - 2 47,g1f1 a8g2 f1e1 h2g3,1088,78,89,450,endgame mate mateIn2 short,https://lichess.org/mBEyUBir#93,,True,https://lichess.org/training/SvmiQ
cltvP,1R6/5pk1/8/2P5/6b1/1B5n/Pr6/4R2K w - - 2 42,c5c6 g4f3,1089,77,74,131,endgame mate mateIn1 oneMove,https://lichess.org/stKarNnQ#83,,True,https://lichess.org/training/cltvP
yhWFx,8/1p1r3r/p1p2p2/P1BP2kP/2b1P2R/2P5/3K4/7R b - - 0 46,c6d5 c5e3,1090,75,97,426,endgame mate mateIn1 oneMove,https://lichess.org/2ERRID3B/black#92,,True,https://lichess.org/training/yhWFx
Bz7MS,2b5/1p1k3p/1p2p1pN/8/2P5/4nr2/rb2BP1P/1R2K2R w K - 0 19,e2f3 b2c3,1092,86,94,1421,mate mateIn1 middlegame oneMove,https://lichess.org/96JDOXAJ#37,,True,https://lichess.org/training/Bz7MS
dULdh,6k1/6p1/p4pPp/1p3PbP/1P1R4/2PR2B1/PK2r3/6r1 w - - 9 34,b2b3 g1b1 b3a3 g5c1,1092,90,91,1688,endgame mate mateIn2 short,https://lichess.org/wwrQ6eHI#67,,True,https://lichess.org/training/dULdh
Sdnuc,8/5R2/4p1N1/p6p/1b2kPP1/7P/r6K/8 w - - 0 40,h2g3 b4e1,1092,84,94,1620,endgame mate mateIn1 oneMove,https://lichess.org/uWAMcJ2d#79,,True,https://lichess.org/training/Sdnuc
atSET,r5k1/pp1nP2R/6P1/8/2p1p1b1/b1N1P3/P4PP1/4KB2 b - - 0 25,a3b4 f1c4 g4e6 c4e6,1092,77,89,186,mate mateIn2 middlegame short,https://lichess.org/WkZrzzke/black#50,,True,https://lichess.org/training/atSET
PqGq2,5N2/7r/3R4/4p1pk/4Pb1p/PBP2P2/KP6/6r1 b - - 5 41,h7h8 b3f7,1094,79,100,61,endgame mate mateIn1 oneMove,https://lichess.org/s7vT3UB6/black#82,,True,https://lichess.org/training/PqGq2
5gxfV,8/3R4/p1r2pk1/1nB5/1P3PK1/8/8/8 b - - 3 50,c6c7 f4f5 g6h6 c5f8,1095,77,100,246,endgame mate mateIn2 short,https://lichess.org/3GeI1tuW/black#100,,True,https://lichess.org/training/5gxfV
BfQ7U,1k1r4/pp2Np2/5p1p/3p4/8/P2P1PN1/bP4rP/2K1R2R w - - 1 23,e7f5 d8c8 c1d1 a2b3,1096,75,100,427,mate mateIn2 middlegame short,https://lichess.org/gGGjOkqO#45,,True,https://lichess.org/training/BfQ7U
t9Usp,8/pB2k1p1/3p3p/4p1p1/4P1b1/P4r2/1PPP1b1P/R1BK3R w - - 2 23,c2c3 f3c3,1100,76,96,4702,discoveredAttack mate mateIn1 middlegame oneMove,https://lichess.org/bFij9Szt#45,,True,https://lichess.org/training/t9Usp
FWCIc,8/3k4/1p2p1B1/p2p4/P2P4/KPP5/3b3r/5R2 w - - 0 44,f1f3 d2c1,1102,101,33,35,endgame mate mateIn1 oneMove,https://lichess.org/BdFg5L3B#87,,True,https://lichess.org/training/FWCIc
ExBT0,7r/pR6/P1k1p1B1/3nP3/3Pp1b1/4P3/5K2/7N b - - 0 42,h8h1 g6e8,1102,77,96,5437,endgame mate mateIn1 oneMove,https://lichess.org/UrD0qjR5/black#84,,True,https://lichess.org/training/ExBT0
1YXC0,6k1/8/5bBp/p1R1pP1P/8/PP3KP1/2P1R3/3r1r2 w - - 3 46,f3e4 d1d4 e4e3 f6g5,1103,76,96,2055,endgame mate mateIn2 short,https://lichess.org/ivLPBIRd#91,,True,https://lichess.org/training/1YXC0
elTH2,4r1kr/2pR2q1/8/8/1B6/3B3P/2K5/6R1 b - - 12 43,g7g1 d3c4 e8e6 c4e6,1105,79,87,192,endgame mate mateIn2 short,https://lichess.org/YDYNvjbA/black#86,,True,https://lichess.org/training/elTH2
eWepI,r4nQk/pp2b2r/4pn2/3pN2q/5P1P/2B5/PPP5/2KR2R1 b - - 1 25,f6g8 e5f7,1105,83,81,102,doubleCheck master mate mateIn1 middlegame oneMove,https://lichess.org/l7PFuSmf/black#50,,True,https://lichess.org/training/eWepI
hJBOn,7r/pp3p1p/4bk2/2Q1p3/8/5n2/PP1r2PP/4R1KR w - - 0 25,g2f3 h8g8 g1f1 e6h3,1105,76,100,162,endgame mate mateIn2 short,https://lichess.org/kna46uym#49,,True,https://lichess.org/training/hJBOn
aaEVe,8/8/R2B1k2/pp2p2r/4P1p1/6P1/3b3P/6K1 b - - 7 44,f6g5 d6e7,1105,78,63,168,endgame mate mateIn1 oneMove,https://lichess.org/TCr2F15x/black#88,,True,https://lichess.org/training/aaEVe
lsXBM,8/8/p4k2/8/2P1BpR1/Pr3K1P/8/4b3 w - - 5 48,f3f4 e1d2,1105,79,69,68,endgame mate mateIn1 oneMove,https://lichess.org/6hyH9qA8#95,,True,https://lichess.org/training/lsXBM
bQUxk,6k1/pp2p2p/6p1/2b3N1/5P2/1P1r3K/PB5P/R7 w - - 5 26,h3g4 h7h5 g4h4 c5f2,1107,76,98,2138,endgame mate mateIn2 short,https://lichess.org/m4E4x8A1#51,,True,https://lichess.org/training/bQUxk
IrJXc,8/2R3bk/Q2p2p1/7p/4PN2/2q3P1/Pr5n/3BK3 w - - 2 40,c7c3 g7c3,1111,75,96,1292,mate mateIn1 middlegame oneMove,https://lichess.org/0l2yJKDe#79,,True,https://lichess.org/training/IrJXc
7XKzb,r2b3r/pp5p/k1p1B1b1/4R3/P7/4N3/1P4PP/2R3K1 b - - 1 27,d8b6 e6c4,1111,169,76,35,mate mateIn1 middlegame oneMove,https://lichess.org/PPYjLBvY/black#54,,True,https://lichess.org/training/7XKzb
ooWzp,1r2r1k1/6pp/p1N2p2/2b5/2b5/2P3B1/2P2PPP/3RK2R w - - 3 25,e1d2 e8e2 d2c1 c5a3,1113,81,95,6339,mate mateIn2 middlegame short,https://lichess.org/FUHa4MXk#49,,True,https://lichess.org/training/ooWzp
LSsEp,5rk1/4bppp/3p2b1/r7/2BK1P2/4B3/1P4PP/3R3R w - - 0 22,b2b4 e7f6,1113,92,78,36,mate mateIn1 middlegame oneMove,https://lichess.org/Rl9G71a6#43,,True,https://lichess.org/training/LSsEp
vcX8k,5r1k/1pqbR3/p2p1Q1N/2nB4/P1P2p1B/8/6P1/6K1 b - - 4 38,f8f6 h4f6,1113,80,94,154,master mate mateIn1 middlegame oneMove,https://lichess.org/4ihAWLui/black#76,,True,https://lichess.org/training/vcX8k
HY4fq,rkb2b1r/pp3Rpp/4P3/3B4/8/3P4/PP4PP/n1B4K b - - 0 19,f8c5 c1f4 c5d6 f4d6,1116,79,95,4386,mate mateIn2 middlegame queensideAttack short,https://lichess.org/wvHdhbM3/black#38,Italian_Game Italian_Game_Two_Knights_Defense,True,https://lichess.org/training/HY4fq
MjUXs,8/p4pk1/8/4r3/1pP1bBB1/1K1r2P1/PP5P/R7 w - - 4 30,b3b4 a7a5 b4a4 e4c6,1116,76,88,202,endgame mate mateIn2 short,https://lichess.org/0TgxVncU#59,,True,https://lichess.org/training/MjUXs
BkDjP,8/7p/1R6/p4pk1/2B1p3/1P2P1K1/3r1P1P/4b3 b - - 4 33,d2f2 h2h4 g5h5 c4f7,1117,77,72,111,endgame mate mateIn2 short,https://lichess.org/nOQjmK2s/black#66,,True,https://lichess.org/training/BkDjP
DGEVb,6k1/pR4B1/2p3p1/2b2pK1/2P3r1/8/PP6/7R w - - 9 36,g5h6 c5e3,1117,78,81,180,endgame mate mateIn1 oneMove,https://lichess.org/FYh9Mvb6#71,,True,https://lichess.org/training/DGEVb
qwbDh,r5bk/p1R5/6p1/3p2Bp/4pp1P/1P6/PP3PP1/6K1 b - - 0 35,f4f3 g5f6,1117,193,33,39,endgame master mate mateIn1 oneMove,https://lichess.org/x8np522E/black#70,,True,https://lichess.org/training/qwbDh
MUnzZ,8/3P1pk1/5bpp/8/2Q3P1/6nP/3r4/4R1K1 w - - 5 49,c4c8 f6d4 e1e3 d4e3,1117,78,78,85,endgame mate mateIn2 short,https://lichess.org/YhoeYf0H#97,,True,https://lichess.org/training/MUnzZ
RX5Lu,1b2r3/1p4r1/4BR2/1k1KP1P1/1P6/2P5/8/8 b - - 0 47,g7g5 e6d7,1117,78,56,197,endgame mate mateIn1 oneMove,https://lichess.org/DcubWGZY/black#94,,True,https://lichess.org/training/RX5Lu
vuFSR,8/4B1R1/pkp2n1p/2p4P/2P5/3n4/6K1/8 b - - 2 43,f6h5 e7d8,1118,79,94,683,endgame mate mateIn1 oneMove,https://lichess.org/I4RpuvvO/black#86,,True,https://lichess.org/training/vuFSR
7XPMZ,r1b5/2p1nrB1/2k4R/p6R/8/6bP/PK1P4/8 b - - 1 41,c6b7 h5b5 b7a7 g7d4 c7c5 d4c5,1120,79,94,3306,long mate mateIn3 middlegame,https://lichess.org/Y2ok8v8g/black#82,,True,https://lichess.org/training/7XPMZ
AQeIJ,6k1/2p2pp1/1bB4p/pP2P3/P3R1b1/6P1/3r3K/R7 w - - 8 35,h2h1 g4f3,1123,82,83,233,endgame mate mateIn1 oneMove,https://lichess.org/uuNqSDb1#69,,True,https://lichess.org/training/AQeIJ
eyrTr,4r1k1/3Q2pp/4P3/3p4/3Nb3/2P2r1q/PP1Bp1P1/6RK w - - 0 28,g2h3 f3h3,1123,79,84,299,doubleCheck mate mateIn1 middlegame oneMove,https://lichess.org/SBuAF5ce#55,,True,https://lichess.org/training/eyrTr
76UQD,8/1R6/p1p2pk1/8/1B1P1PK1/6P1/PP3rr1/8 b - - 0 51,f2b2 f4f5 g6h6 b4f8,1124,86,94,1164,endgame mate mateIn2 short,https://lichess.org/GdE8AyPm/black#102,,True,https://lichess.org/training/76UQD
6w2pr,3N4/4k1pp/8/2bRP3/r3K3/8/6PP/8 w - - 4 42,e4f5 g7g6 f5g5 c5e3,1125,76,100,540,endgame mate mateIn2 short,https://lichess.org/DWV0koOk#83,,True,https://lichess.org/training/6w2pr
PHMYU,8/p1R2k2/1p2pn2/5ppp/1B1Pn3/P3PN1P/r5P1/4K3 b - - 3 30,f7g6 f3e5 g6h6 b4f8,1126,82,92,775,endgame mate mateIn2 short,https://lichess.org/mp5DdQe2/black#60,,True,https://lichess.org/training/PHMYU
O5RAa,3rk1r1/ppR2pB1/6qp/3p4/P6n/5B2/1P3PPP/4R1K1 b - - 1 28,g6e6 e1e6 f7e6 f3h5 h4g6 h5g6,1127,77,85,63,long mate mateIn3 middlegame,https://lichess.org/EAIfKB5K/black#56,,True,https://lichess.org/training/O5RAa
PUK5D,8/1R6/6pk/1pB4n/7K/1r6/8/8 b - - 1 45,h5f6 c5f8,1127,96,52,44,endgame mate mateIn1 oneMove,https://lichess.org/hiGU9iom/black#90,,True,https://lichess.org/training/PUK5D
AHchR,r3nr2/pp2pkb1/2p1Rn1p/6p1/2P5/2N2BB1/PP3PPP/4R1K1 b - - 3 18,f6g8 f3h5,1127,77,90,163,master mate mateIn1 middlegame oneMove,https://lichess.org/05iOotlD/black#36,Old_Indian_Defense Old_Indian_Defense_Czech_Variation,True,https://lichess.org/training/AHchR
s39js,k4r2/p2B3R/Np6/n1p3p1/5b2/qPPr1P2/P7/1K5R b - - 4 40,a5b3 d7c6,1128,87,93,2858,mate mateIn1 middlegame oneMove,https://lichess.org/0wwUbV6k/black#80,,True,https://lichess.org/training/s39js
14qfC,7k/1p4p1/p2r2pp/2bP4/2P3PP/3B4/P1P2r2/1K1R3R w - - 2 24,g4g5 d6b6 b1a1 c5d4 c2c3 d4c3,1129,78,93,2590,endgame long mate mateIn3 queensideAttack,https://lichess.org/amZeYmJk#47,,True,https://lichess.org/training/14qfC
mlZnI,2kr4/5q1p/p3p3/1p1p3Q/3PbP1b/1BP4P/PP4r1/R1BK3R w - - 0 28,h5f7 e4f3,1132,77,68,938,mate mateIn1 middlegame oneMove,https://lichess.org/atJHljSt#55,,True,https://lichess.org/training/mlZnI
sf65f,8/p2RRp1p/1b4k1/8/1P3PK1/r7/7P/8 w - - 12 40,e7f7 h7h5 g4h4 b6f2,1133,75,95,8340,endgame mate mateIn2 short,https://lichess.org/V5vbEsXq#79,,True,https://lichess.org/training/sf65f
UxnwE,6R1/5p2/4p3/3b3p/3P2k1/2p2rB1/r4P2/4R1K1 b - - 1 45,g4f5 e1e5 f5f6 g3h4,1136,80,93,99,endgame mate mateIn2 short,https://lichess.org/8kkCjgzI/black#90,,True,https://lichess.org/training/UxnwE
CK3oG,2r2k2/R5Bp/6pP/1p1B1pP1/3p4/3r4/1P6/7K b - - 5 41,f8e8 d5f7 e8d8 g7f6,1136,76,92,450,endgame mate mateIn2 short,https://lichess.org/hpdFKBtC/black#82,,True,https://lichess.org/training/CK3oG
5cqhC,8/p4p1p/k7/n3B3/2b1PN1P/6P1/1p5r/R2KR3 w - - 0 29,a1b1 c4b3,1136,76,82,237,master mate mateIn1 middlegame oneMove,https://lichess.org/WFcIEjUt#57,,True,https://lichess.org/training/5cqhC
tPkU1,4B3/R2R1pk1/8/p5p1/1bbp2P1/5PK1/2r5/8 w - - 0 43,e8f7 b4e1 g3h3 c4f1,1137,75,99,1796,endgame master mate mateIn2 short,https://lichess.org/FIiYppd2#85,,True,https://lichess.org/training/tPkU1
sdedZ,6k1/R7/1p5p/6p1/Pb4P1/3b1PKP/2r5/3R4 w - - 3 39,d1d3 b4e1,1137,75,100,436,endgame mate mateIn1 oneMove,https://lichess.org/i6jfZhNg#77,,True,https://lichess.org/training/sdedZ
vxL1B,8/7R/pB2bkp1/2P1p3/1P2p1P1/4b2P/4B2K/6r1 b - - 4 42,g1e1 b6d8,1140,78,100,80,endgame mate mateIn1 oneMove,https://lichess.org/3LV0gVAe/black#84,,True,https://lichess.org/training/vxL1B
wq9j4,8/2Pk1R1p/8/3p4/1pB5/1Pq1p2P/6P1/6K1 b - - 2 48,d7c8 c4a6,1140,75,84,142,endgame mate mateIn1 oneMove,https://lichess.org/sw6AHAri/black#96,,True,https://lichess.org/training/wq9j4
waIun,3B4/8/6rR/1p4P1/k1p1p3/4Pn2/2K2P2/8 b - - 3 38,g6g8 h6a6 a4b4 d8e7,1142,76,98,856,endgame mate mateIn2 short,https://lichess.org/dDGP66sT/black#76,,True,https://lichess.org/training/waIun
vF4vr,2Br3k/R1R4p/1P2pbp1/2B5/5P2/6PK/1r1p3P/8 b - - 1 33,d2d1q c7h7 h8g8 c8e6,1142,80,95,2923,mate mateIn2 middlegame short,https://lichess.org/uRDITyBS/black#66,,True,https://lichess.org/training/vF4vr
ZEH3z,2r1n3/5kb1/2K3p1/p1N5/3P4/2P5/P4B2/2R5 w - - 12 50,c6d7 c8c7 d7d8 g7f6,1144,75,100,200,endgame mate mateIn2 short,https://lichess.org/szMs8XJM#99,,True,https://lichess.org/training/ZEH3z
TTYtQ,1qbk2r1/2R1pp1p/1PBQ2p1/3Pn3/4P3/4B2P/5PP1/6K1 b - - 0 27,e7d6 e3g5 f7f6 g5f6,1147,75,93,840,mate mateIn2 middlegame short,https://lichess.org/ALt9le73/black#54,,True,https://lichess.org/training/TTYtQ
EDDhn,1n1r1b1k/6p1/1R5p/4Bp2/1pp5/5B2/5P1P/6K1 b - - 3 30,b8d7 b6h6 h8g8 f3d5,1147,78,90,608,endgame mate mateIn2 pin short,https://lichess.org/Q91e788Z/black#60,,True,https://lichess.org/training/EDDhn
cnzXn,6k1/8/p3p2p/4r1p1/2P1b3/2Kr4/PP4PP/RN4R1 w - - 9 32,c3b4 a6a5 b4a4 e4c6,1150,81,94,8243,endgame mate mateIn2 short,https://lichess.org/Uo4x8lIb#63,,True,https://lichess.org/training/cnzXn
MTROc,3k4/Q7/1nr4B/2pb1PP1/3r3K/7P/PP6/8 w - - 1 34,h4h5 d5f3,1151,149,76,15,endgame mate mateIn1 oneMove,https://lichess.org/X3T86e0E#67,,True,https://lichess.org/training/MTROc
C3HM6,r5k1/1R6/6Np/p2P2p1/4p3/K2b2PB/1Pr5/8 b - - 3 38,e4e3 h3e6,1153,283,70,13,endgame mate mateIn1 oneMove,https://lichess.org/0j86fsb5/black#76,,True,https://lichess.org/training/C3HM6
emTYQ,6k1/Q4pp1/3Bb3/4P1n1/P5P1/8/2r4P/5RK1 w - - 1 27,h2h4 g5h3 g1h1 e6d5 f1f3 d5f3,1153,76,94,988,endgame exposedKing long mate mateIn3,https://lichess.org/KqVUJjSn#53,,True,https://lichess.org/training/emTYQ
ufEUx,6k1/R6p/3b2p1/1p3rK1/2bP4/5NP1/5PBP/8 w - - 3 35,g5h4 f5h5 h4g4 c4e6,1155,76,93,1130,endgame mate mateIn2 short,https://lichess.org/metjSQhK#69,,True,https://lichess.org/training/ufEUx
9tGtW,r5r1/5kp1/5p1p/pp1P3b/5B1N/2R5/6P1/4R1K1 b - - 3 28,g7g5 c3c7 f7f8 f4d6,1155,75,100,424,mate mateIn2 middlegame short,https://lichess.org/BuC9dKIZ/black#56,,True,https://lichess.org/training/9tGtW
Vai4l,3bk2r/pR3p1p/8/2pBp3/2Pp4/6P1/r3PP1P/4R1K1 b - - 3 21,h8f8 d5c6,1156,81,94,107,endgame mate mateIn1 oneMove,https://lichess.org/aOCtNqq0/black#42,,True,https://lichess.org/training/Vai4l
iElSn,8/5k2/8/5B2/1bb5/8/P1K1r1PQ/3R4 w - - 6 33,c2b1 c4a2 b1a1 b4c3,1157,77,95,7349,endgame mate mateIn2 short,https://lichess.org/5tUw0olo#65,,True,https://lichess.org/training/iElSn
XQ78K,1k1r4/7R/3b4/1Bn5/8/1PP1B3/1P4rP/1K6 b - - 1 25,c5b3 e3a7 b8c8 b5a6,1159,84,91,1285,mate mateIn2 middlegame short,https://lichess.org/jtFzXKsL/black#50,,True,https://lichess.org/training/XQ78K
2WLKu,8/p7/1k4R1/8/1Pp3B1/P5K1/5r1r/8 b - - 3 41,b6b5 g4d7,1160,75,99,1092,endgame mate mateIn1 oneMove,https://lichess.org/fhKFQdC7/black#82,,True,https://lichess.org/training/2WLKu
sVEIb,4Q3/kp3Bp1/p6p/b3N3/6P1/7P/2n2r2/K2R4 w - - 1 33,a1b1 c2a3 b1a1 a5c3,1160,76,84,211,mate mateIn2 middlegame short,https://lichess.org/LHkYvDdy#65,,True,https://lichess.org/training/sVEIb
o5VSn,7k/R7/6r1/1pp4p/7B/2qP4/6PP/5R1K b - - 0 28,c3d3 f1f8 g6g8 h4f6,1162,75,84,161,endgame mate mateIn2 short,https://lichess.org/YT2vGfma/black#56,,True,https://lichess.org/training/o5VSn
S6t5F,r1br2k1/2R4B/4p2R/3p4/p7/8/p4PPP/6K1 b - - 1 40,g8f8 h6f6 f8e8 h7g6,1166,79,69,148,endgame mate mateIn2 short,https://lichess.org/i3qYhODg/black#80,,True,https://lichess.org/training/S6t5F
bpzjr,4k3/4B1R1/5p2/3Bp3/P1P1P3/4b2p/5q2/7K b - - 12 45,e3f4 d5c6,1168,82,95,8915,endgame mate mateIn1 oneMove,https://lichess.org/TAHhhRss/black#90,,True,https://lichess.org/training/bpzjr
43amI,r6k/1bp5/p2pQ2p/1pb1p2P/8/PP1P2B1/1P1r4/R4R1K w - - 0 24,f1f3 b7f3,1170,142,86,26,hangingPiece kingsideAttack mate mateIn1 middlegame oneMove,https://lichess.org/oBfWvsc3#47,,True,https://lichess.org/training/43amI
ggCmW,3r2k1/ppR5/8/5np1/2P2pb1/P2B4/1BP3P1/2K5 b - - 0 27,f5e3 d3h7 g8f8 b2g7 f8e8 h7g6,1171,76,88,1719,endgame exposedKing long mate mateIn3,https://lichess.org/s6O4q5MJ/black#54,,True,https://lichess.org/training/ggCmW
93zlS,8/2B5/1pp5/p2p1p1r/P2P1K2/bk2PP2/8/6R1 w - - 0 51,c7b6 a3d6,1173,87,93,761,endgame master mate mateIn1 oneMove,https://lichess.org/n4wjj19n#101,,True,https://lichess.org/training/93zlS
noNWM,8/7p/1R4p1/3B3k/3n3P/1pr3PK/8/8 b - - 2 49,g6g5 d5f7,1175,75,97,2085,endgame master mate mateIn1 oneMove,https://lichess.org/Vc0u5lPs/black#98,,True,https://lichess.org/training/noNWM
5hC9q,4kr2/1p2p1Q1/7p/1b1P4/1p4RP/3r2P1/6qK/8 w - - 0 38,h2g2 d3d2 g2h3 b5f1,1176,75,98,469,endgame mate mateIn2 short,https://lichess.org/q08AOjXz#75,,True,https://lichess.org/training/5hC9q
BvwDW,8/pp1k1p2/2pb4/6Bp/6RP/PP5B/2b1r3/1K3R2 w - - 0 32,b1c1 d6a3,1178,81,91,2893,master mate mateIn1 middlegame oneMove,https://lichess.org/HWG7zw0O#63,,True,https://lichess.org/training/BvwDW
1Si3Z,8/p5p1/1bQ1p2r/3pP1K1/1B1k1P2/P7/4r1P1/R6R w - - 11 40,g2g4 b6d8 b4e7 d8e7,1178,81,94,545,mate mateIn2 middlegame short,https://lichess.org/pbO9pl9x#79,,True,https://lichess.org/training/1Si3Z
BZf3h,r2k4/pR4B1/3N3p/8/8/4b3/PPK3nP/5r2 b - - 4 32,e3f4 g7f6,1178,77,95,813,mate mateIn1 middlegame oneMove,https://lichess.org/EdIsrUKW/black#64,,True,https://lichess.org/training/BZf3h
GHV46,r7/6r1/1KP2k2/p1B5/PP1N1p2/2P4b/8/2R5 w - - 0 56,b4a5 a8b8 b6a6 h3c8,1179,75,100,735,endgame mate mateIn2 short,https://lichess.org/JBTpnt3y#111,,True,https://lichess.org/training/GHV46
0BrIZ,r3k3/pp3p2/2p5/2P1b3/3pP3/5P1b/PPB5/R2QK1Nr w q - 1 26,e1f2 h1h2 f2e1 e5g3,1179,76,100,466,mate mateIn2 middlegame short,https://lichess.org/hDIeRCng#51,,True,https://lichess.org/training/0BrIZ
iUy1k,5rk1/p2b1ppp/8/4P3/1b6/4PN2/PP3rPP/R1BK1B1R w - - 2 20,a2a3 d7a4 b2b3 a4b3,1179,80,95,1069,mate mateIn2 middlegame short,https://lichess.org/VW7g7pkC#39,,True,https://lichess.org/training/iUy1k
8PZ9m,6k1/ppR5/3B2pp/1P1B4/2P5/3P3K/P2q1r2/8 b - - 3 37,g8h8 d6e5 f2f6 e5f6,1182,77,96,14753,endgame mate mateIn2 short,https://lichess.org/9FV8x6yB/black#74,,True,https://lichess.org/training/8PZ9m
224T2,8/8/5kp1/1p2p2r/p1bp1pKP/P1P2P1P/1P1R4/6R1 w - - 0 39,c3d4 c4e6,1182,75,90,176,endgame mate mateIn1 oneMove,https://lichess.org/CVCE6Byl#77,,True,https://lichess.org/training/224T2
kF6Ue,6k1/R4p1p/6p1/2p5/2PpPb2/3P1BnP/1r6/R5K1 w - - 1 35,a7a2 f4e3,1183,81,94,798,endgame mate mateIn1 oneMove,https://lichess.org/3vfdoFPp#69,,True,https://lichess.org/training/kF6Ue
Dq4pf,8/8/2rB4/2P5/8/p6r/k3R3/2K5 b - - 1 81,a2a1 d6e5 h3c3 e5c3,1183,84,100,91,endgame mate mateIn2 short,https://lichess.org/209H4qwu/black#162,,True,https://lichess.org/training/Dq4pf
AkhDq,3r4/p7/6p1/p2PbkP1/P1B3R1/5K2/8/8 b - - 2 46,d8c8 c4d3,1184,77,88,201,endgame mate mateIn1 oneMove,https://lichess.org/QfuBC3DR/black#92,,True,https://lichess.org/training/AkhDq
9hdqR,8/7P/R7/3rpk2/5r1b/1KP5/P1P5/8 w - - 0 45,h7h8q d5b5 b3a3 h4e7 a6d6 e7d6,1184,77,88,316,endgame long mate mateIn3,https://lichess.org/QpBiuj7p#89,,True,https://lichess.org/training/9hdqR
H1MVW,3rkr2/b2qn3/4R2p/p3Q3/2P2P1P/P3P3/1B2B3/2K5 b - - 0 31,f8f7 e5h8 f7f8 e2h5,1185,75,95,7361,mate mateIn2 middlegame short,https://lichess.org/TLnvYwQK/black#62,,True,https://lichess.org/training/H1MVW
f6qiH,2k2r2/N5R1/1p6/pBpn2pp/6r1/P2P3K/1PP5/8 b - - 9 36,c8b8 a7c6 b8c8 b5a6,1185,76,97,8564,endgame mate mateIn2 short,https://lichess.org/rtKxmqj7/black#72,,True,https://lichess.org/training/f6qiH
7sU0E,3B4/Q7/6p1/5b1p/8/3R2PP/PPP1r2K/5k2 w - - 1 34,h2h1 f5e4 d3f3 e4f3,1187,76,88,968,endgame fork mate mateIn2 short,https://lichess.org/sF1yRihp#67,,True,https://lichess.org/training/7sU0E
qB19d,5k2/7R/p7/1pb5/4p2P/1P2PbP1/P2r4/R4BK1 w - - 1 36,a1c1 c5e3,1188,78,79,189,endgame mate mateIn1 oneMove,https://lichess.org/HsapN5Pa#71,,True,https://lichess.org/training/qB19d
9HShd,r4r1k/1p4bp/p5P1/2qN2P1/PpB1ppb1/1P6/2P5/2R2K1R b - - 2 30,b7b5 h1h7 h8g8 d5f6,1188,76,92,527,doubleCheck kingsideAttack mate mateIn2 middlegame short,https://lichess.org/2E33qCOb/black#60,,True,https://lichess.org/training/9HShd
WGFVG,6b1/p1Q3pk/5P1p/8/8/2P1b3/r7/5RK1 w - - 1 37,g1h1 g8d5 f1f3 d5f3,1188,125,53,11,endgame mate mateIn2 short,https://lichess.org/5SLLP8TJ#73,,True,https://lichess.org/training/WGFVG
uEH1l,5r2/8/pR4p1/2p1b1k1/8/4pP1K/P3Br2/6R1 b - - 4 40,g5f4 g1g4 f4f5 e2d3,1188,75,88,150,endgame mate mateIn2 short,https://lichess.org/6leY2xtT/black#80,,True,https://lichess.org/training/uEH1l
czmtQ,1q1k3r/5R2/8/2pB1PQp/2P5/1r6/7P/7K b - - 4 35,d8c8 d5e6,1190,80,93,87,endgame mate mateIn1 oneMove,https://lichess.org/AYT2eATw/black#70,,True,https://lichess.org/training/czmtQ
hLAdi,6k1/1p3p2/p2p2p1/P1pP4/3b1q2/2N1r2r/1P1Q1RB1/4R1K1 w - - 0 32,f2f4 e3e1,1190,174,83,49,doubleCheck master mate mateIn1 middlegame oneMove,https://lichess.org/TADtCK2q#63,,True,https://lichess.org/training/hLAdi
pUK7W,2kr3r/Bpp3Rp/5n2/4pb2/2B5/2P5/PP2K3/R7 b - - 0 20,b7b6 c4a6,1190,87,92,316,mate mateIn1 middlegame oneMove,https://lichess.org/JQTY1Tst/black#40,,True,https://lichess.org/training/pUK7W
YP0Rp,r4k1r/pp5b/2p1pR2/4P1p1/2B4P/4b3/PPP3P1/3R3K b - - 0 20,f8g7 d1d7 g7g8 c4e6,1191,77,73,185,mate mateIn2 middlegame short,https://lichess.org/EJZ9OAft/black#40,,True,https://lichess.org/training/YP0Rp
v44NW,5k2/5B2/8/p7/2R1b1P1/2p5/P4b1r/2R1K3 w - - 2 52,e1f1 e4d3,1192,78,92,251,endgame master mate mateIn1 oneMove,https://lichess.org/WmbKHeey#103,,True,https://lichess.org/training/v44NW
EIBc2,8/8/p5r1/4B3/p7/K1P1R3/2P3pk/5b2 b - - 5 61,h2h1 e3h3 h1g1 e5d4,1193,81,94,2359,endgame mate mateIn2 short,https://lichess.org/4nayjgJY/black#122,,True,https://lichess.org/training/EIBc2
ahfni,6R1/r7/8/3p1k2/2b2P1P/4p1PK/3r4/R7 w - - 0 49,a1a7 c4f1,1193,82,92,749,endgame mate mateIn1 oneMove,https://lichess.org/mbXHimgC#97,,True,https://lichess.org/training/ahfni
qYxA2,2r2rk1/p3R3/b2B2pp/1qPB4/8/6P1/P4P1P/6K1 b - - 1 30,g8h8 d6e5 f8f6 e5f6,1194,76,88,96,mate mateIn2 middlegame short,https://lichess.org/CSA9oskA/black#60,,True,https://lichess.org/training/qYxA2
2DTVi,4Q3/kp6/p7/3P2P1/4Pb1P/6p1/P1r5/5B1K w - - 5 41,d5d6 c2h2 h1g1 f4e3,1194,76,91,1070,endgame mate mateIn2 short,https://lichess.org/Z1PqFH3N#81,,True,https://lichess.org/training/2DTVi
rUsKQ,r1k1r3/4Rb1p/1p3Ppn/8/P7/B7/6PP/2R3K1 b - - 7 29,c8b8 a3d6,1195,83,52,98,mate mateIn1 middlegame oneMove,https://lichess.org/L2OH24Ow/black#58,,True,https://lichess.org/training/rUsKQ
V13b9,2r4k/2p4p/3p4/6R1/P2bPpP1/5P2/3B2K1/8 b - - 2 29,d4e3 d2c3 e3d4 c3d4,1199,82,83,40,endgame mate mateIn2 short,https://lichess.org/cDjLI9pq/black#58,,True,https://lichess.org/training/V13b9
JyK2V,8/2R4p/3p1kp1/2bB4/2P2P2/1r3K2/5P1P/8 w - - 3 36,f3g4 h7h5 g4h4 c5f2,1199,76,94,3960,endgame mate mateIn2 short,https://lichess.org/0knz4W72#71,,True,https://lichess.org/training/JyK2V
a6c2W,8/8/2N3k1/p7/1bR3PK/8/r6P/8 w - - 1 50,h2h3 b4e1,1200,82,100,96,endgame mate mateIn1 oneMove,https://lichess.org/HQCmuOmo#99,,True,https://lichess.org/training/a6c2W
TMQSN,1k1r4/5Rp1/4p3/1B2P2p/1P3n1P/8/P4BPK/3q4 b - - 0 37,d1g4 f2a7 b8c8 b5a6,1205,76,87,143,endgame mate mateIn2 short,https://lichess.org/H3syOvmI/black#74,,True,https://lichess.org/training/TMQSN
ZnC75,2r2r1k/1p2q2p/p2p1R2/3p4/8/1P6/PBQ2P1P/6RK b - - 0 27,c8c2 f6f8,1205,76,100,530,doubleCheck endgame mate mateIn1 oneMove,https://lichess.org/RJhaRQDq/black#54,,True,https://lichess.org/training/ZnC75
y2Ckm,1B4k1/5p1p/1bB3p1/8/5P2/6Pb/1r5P/2R1K3 w - - 0 31,b8e5 b6f2 e1d1 h3g4 c6f3 g4f3,1207,86,93,1094,endgame exposedKing long master masterVsMaster mate mateIn3,https://lichess.org/JPMsFb4q#61,,True,https://lichess.org/training/y2Ckm
0XIif,1r3r1k/4R1p1/qp5Q/8/p4n2/1BPnBP2/PP4PP/R5K1 b - - 0 25,g7h6 e3d4 d3e5 d4e5 f8f6 e5f6,1213,76,81,223,exposedKing fork long mate mateIn3 middlegame,https://lichess.org/xMiOFrY0/black#50,,True,https://lichess.org/training/0XIif
StMyN,1B4k1/6pp/b1B3r1/3P4/P3pp1P/1nN4K/5P1P/1R5R w - - 0 32,b8f4 a6c8 c6d7 c8d7,1213,75,89,199,mate mateIn2 middlegame short,https://lichess.org/MifrSKeT#63,,True,https://lichess.org/training/StMyN
8xqb3,8/1R3pB1/2p1p1b1/ppk1P1b1/P7/1BP5/KP5r/8 b - - 3 36,g5c1 g7f8,1213,79,93,1531,endgame master mate mateIn1 oneMove,https://lichess.org/XXJnhNxR/black#72,,True,https://lichess.org/training/8xqb3
j0NiK,8/p1b3kp/4P1p1/8/1B6/P7/1rr5/R3RB1K w - - 1 36,e6e7 c2h2 h1g1 c7b6 b4c5 b6c5 e1e3 c5e3,1215,76,75,798,exposedKing mate mateIn4 middlegame veryLong,https://lichess.org/21C4Likt#71,,True,https://lichess.org/training/j0NiK
2Qwjf,r4b1r/p3n1kp/2pR1p1n/4N1p1/4P3/1B4BP/PP3PP1/2K4R b - - 0 21,f6e5 g3e5,1215,264,50,16,mate mateIn1 middlegame oneMove,https://lichess.org/DUQvGzAf/black#42,,True,https://lichess.org/training/2Qwjf
VxYJk,3k3r/p4p1b/2n5/2bNP1Pp/5B1P/7B/P2r1P2/1K1R3R w - - 2 23,b1a1 c5d4 d5c3 d4c3,1216,165,43,6,mate mateIn2 middlegame short,https://lichess.org/oIuKO7Bm#45,,True,https://lichess.org/training/VxYJk
G60JH,5k2/1R6/4N2b/3p1B1n/2pP3P/r7/8/6K1 b - - 3 37,f8e8 f5g6,1222,77,97,2896,endgame mate mateIn1 oneMove,https://lichess.org/eOAZfQ1G/black#74,,True,https://lichess.org/training/G60JH
qaF7W,3R4/2p1r1p1/1p5p/pBn1k3/P3p1P1/8/r6P/5RK1 b - - 0 34,e4e3 f1f5 e5e6 b5c4,1222,75,88,71,endgame mate mateIn2 short,https://lichess.org/F0OtJVdm/black#68,,True,https://lichess.org/training/qaF7W
Rwztn,r3kb2/1R3Npp/8/3BB1P1/3P3P/5P2/p2KP3/7b b q - 0 25,a2a1q d5c6,1223,96,73,24,mate mateIn1 middlegame oneMove,https://lichess.org/RLWZrxrx/black#50,,True,https://lichess.org/training/Rwztn
2m688,r3kb1r/2R5/pnb1p3/3pP3/p2P2nB/2P1N3/2B2PPP/R5K1 b kq - 0 26,g4e3 c2g6,1224,78,76,150,mate mateIn1 middlegame oneMove,https://lichess.org/ihAfBTNk/black#52,,True,https://lichess.org/training/2m688
vI2mR,8/1pR5/4k3/p7/P1PBP3/KP1P1b2/3n3r/8 w - - 0 36,b3b4 d2b1 a3b3 f3d1,1228,77,95,24219,endgame mate mateIn2 short,https://lichess.org/ZIvAuz1Q#71,,True,https://lichess.org/training/vI2mR
Fu9iZ,r1b1r3/pk4pp/3R4/R3P3/8/2n5/3B1PPP/6K1 b - - 3 25,c3e4 a5b5 b7c7 d2a5,1228,77,87,261,mate mateIn2 middlegame short,https://lichess.org/eeRIzxYr/black#50,,True,https://lichess.org/training/Fu9iZ
6PTa8,1r1k4/5R1p/6p1/8/p4p2/qB6/2P2PPP/3R2K1 b - - 8 32,d8c8 b3e6,1229,170,80,32,endgame mate mateIn1 oneMove,https://lichess.org/OPR4seXY/black#64,,True,https://lichess.org/training/6PTa8
D7YXz,2b3k1/1p3pbp/1p4p1/3p4/2P5/P4PnP/P1r5/1RBR1BK1 w - - 0 22,f1d3 g7d4 c1e3 d4e3,1230,75,97,3815,kingsideAttack mate mateIn2 middlegame short,https://lichess.org/72jlaJkw#43,,True,https://lichess.org/training/D7YXz
1kgZc,8/4p3/b1P2p1k/3P1P2/4PN1K/1Br1n3/8/1R6 w - - 5 50,f4e6 e3g2 h4g4 a6e2,1230,79,92,870,endgame mate mateIn2 short,https://lichess.org/RZSD9LZw#99,,True,https://lichess.org/training/1kgZc
ccjCt,8/1p5R/pB2pk2/3b2p1/8/r4P2/1bBK2PP/8 b - - 1 35,b2e5 b6d8,1231,115,58,61,endgame master mate mateIn1 oneMove,https://lichess.org/qc722Zjn/black#70,,True,https://lichess.org/training/ccjCt
c0xTr,2k5/3b4/2p4R/p1r1p3/Pp2P1N1/1K3P1P/1P6/8 w - - 2 36,h6h5 d7e6,1234,78,87,1491,endgame master mate mateIn1 oneMove,https://lichess.org/DnbnqKGE#71,,True,https://lichess.org/training/c0xTr
yicEu,6k1/R4R2/7p/P5p1/5PP1/6PK/r3b3/8 w - - 1 55,f7e7 e2f1,1237,79,90,517,endgame mate mateIn1 oneMove,https://lichess.org/qg6EAYed#109,,True,https://lichess.org/training/yicEu
pjQot,6k1/2R2R2/4p2p/1b2N1p1/p3P1P1/5P1K/P2r4/7r w - - 9 39,h3g3 h1g1 g3h3 b5f1,1239,78,94,490,endgame mate mateIn2 short,https://lichess.org/lnEn52Sb#77,,True,https://lichess.org/training/pjQot
hwyzX,8/p7/R5k1/6p1/7p/1B3P1P/P4KP1/2q5 b - - 3 41,g6h5 b3f7,1241,74,77,212,endgame master mate mateIn1 oneMove,https://lichess.org/aCvgrCtb/black#82,,True,https://lichess.org/training/hwyzX
KxaiS,7r/r2nkn2/bp4p1/p2NP2p/3R1P1P/8/PPP3B1/2K4R b - - 0 24,e7e6 g2h3,1242,282,67,5,master mate mateIn1 middlegame oneMove,https://lichess.org/iuy39pgC/black#48,,True,https://lichess.org/training/KxaiS
R1jfO,r2q1r1k/p1n1b2p/1p6/2p1Np2/2Pp1P2/PP1PQ3/1B1N3P/R5RK b - - 0 22,d4e3 e5f7,1245,79,94,9250,doubleCheck master mate mateIn1 middlegame oneMove,https://lichess.org/4fHOfiRt/black#44,,True,https://lichess.org/training/R1jfO
3TqT2,3r4/2k4R/6p1/1BB1pp2/8/2p1P1P1/1bb1KP1P/8 b - - 7 37,c7b8 c5a7 b8c8 b5a6,1246,75,99,848,endgame mate mateIn2 short,https://lichess.org/KZdAwzRg/black#74,,True,https://lichess.org/training/3TqT2
4Rcda,6k1/2b3pp/2P3r1/7K/RB4b1/2R3P1/7P/8 w - - 11 45,h5h4 c7d8 b4e7 d8e7,1248,75,95,10874,endgame mate mateIn2 short,https://lichess.org/BPNzE3HU#89,,True,https://lichess.org/training/4Rcda
93HT3,2k2b2/2r5/p5p1/1pNp2B1/3Kp1n1/P4b2/1PP5/R3R3 w - - 1 32,c5e6 c7c4 d4d5 e4e3,1249,79,91,1294,discoveredAttack mate mateIn2 middlegame short,https://lichess.org/w00MLls5#63,,True,https://lichess.org/training/93HT3
aU5fZ,r1b5/7p/3R3k/pp2p3/P6q/1B4R1/1P5P/6K1 b - - 1 34,h6h5 b3f7,1250,76,100,1987,endgame mate mateIn1 oneMove,https://lichess.org/WmOKGoEq/black#68,,True,https://lichess.org/training/aU5fZ
brsMp,r6k/1b1n2r1/1p1P3p/5p2/P7/BB3Q2/5K2/7R b - - 0 37,b7f3 h1h6 g7h7 a3b2 d7e5 b2e5,1255,76,94,4695,exposedKing long mate mateIn3 middlegame,https://lichess.org/rX97gdbd/black#74,,True,https://lichess.org/training/brsMp
nN0fv,5k2/1R5B/p2bp3/3p1p2/3N4/3bP3/5rP1/2K5 b - - 3 36,e6e5 d4e6 f8e8 h7g6,1256,75,89,875,endgame mate mateIn2 short,https://lichess.org/wso0xBTZ/black#72,,True,https://lichess.org/training/nN0fv
P1GGn,8/8/5P1R/p2R4/1b6/1P6/p3r1kP/1K6 w - - 0 45,b1a1 b4c3,1256,76,97,5562,endgame mate mateIn1 oneMove,https://lichess.org/59tGK1vJ#89,,True,https://lichess.org/training/P1GGn
rr7J6,5Q2/R7/4r1pk/1PB2r1p/2P1qP2/7P/6P1/5R1K b - - 4 37,f5f8 c5f8,1257,237,71,9,endgame mate mateIn1 oneMove,https://lichess.org/qrKeWPGG/black#74,,True,https://lichess.org/training/rr7J6
ibmWV,8/2R4k/p4pp1/8/1B2p1PP/P6K/5q2/8 b - - 3 49,h7h6 b4f8,1259,76,98,657,endgame mate mateIn1 oneMove,https://lichess.org/d7js3YGO/black#98,,True,https://lichess.org/training/ibmWV
8T6vj,r7/3Rk1b1/1B1Np2p/p3P3/5q2/P7/1P5P/2R3K1 b - - 0 31,e7d7 c1c7 d7d8 c7g7,1260,76,90,216,discoveredAttack endgame mate mateIn2 short,https://lichess.org/7jd0s2JW/black#62,,True,https://lichess.org/training/8T6vj
KrGLr,r3r1kb/pR5R/6p1/2B2n2/2P5/1Q1P3P/q5BK/8 b - - 2 24,a2b3 g2d5 e8e6 d5e6,1261,82,91,6596,mate mateIn2 middlegame short,https://lichess.org/KR9e63Ut/black#48,,True,https://lichess.org/training/KrGLr
UUx8H,1k4r1/ppq2R1b/2p1Q3/4N3/P2r4/4p2P/1P5K/R7 w - - 0 31,f7c7 d4d2 h2h1 h7e4 e5f3 e4f3,1261,75,97,1287,long mate mateIn3 middlegame,https://lichess.org/4MbapKrp#61,,True,https://lichess.org/training/UUx8H
JTehm,8/1p1k1ppp/8/1bB1p3/r3K3/P7/5PPP/R7 w - - 0 24,e4e5 f7f6 e5f5 b5d3,1261,114,65,21,endgame mate mateIn2 short,https://lichess.org/2Hszxh8e#47,,True,https://lichess.org/training/JTehm
1yF7X,1rq2r2/pp2R2k/6pp/3B4/2P5/P2P3P/3b3B/2R3K1 b - - 1 25,h7h8 h2e5 f8f6 e5f6,1262,77,84,288,fork mate mateIn2 middlegame short,https://lichess.org/tb2DN8mF/black#50,,True,https://lichess.org/training/1yF7X
q212Y,8/1pR5/p1p2ppk/3b4/1B4PK/P6P/1PP4r/8 b - - 0 39,h2g2 b4f8,1262,79,94,3852,endgame mate mateIn1 oneMove,https://lichess.org/Yu0tUqUR/black#78,,True,https://lichess.org/training/q212Y
HI0HG,8/7k/p2b1r2/Kpp1Rp1P/8/1PNP4/P5r1/5R2 w - - 2 39,e5f5 d6c7,1264,152,0,12,endgame mate mateIn1 oneMove,https://lichess.org/ECtmbuck#77,,True,https://lichess.org/training/HI0HG
5p9vZ,r1b4r/pp3ppp/5n2/3p4/5P2/1B2k3/PP4PP/3RKR2 b - - 1 19,c8e6 f1f3 e3e4 b3c2,1264,76,82,334,mate mateIn2 middlegame short,https://lichess.org/Sq5EppHB/black#38,,True,https://lichess.org/training/5p9vZ
SxqL9,8/R3b3/1pk1rp1r/5R2/PP6/2B3p1/1KP5/8 b - - 0 43,g3g2 b4b5 c6d6 c3b4,1264,79,93,4375,endgame mate mateIn2 short,https://lichess.org/3qNU4UTn/black#86,,True,https://lichess.org/training/SxqL9
duGbg,1r1n4/4k2p/1PK2pp1/1P6/1P6/R4P2/b5PP/5B2 w - - 9 39,c6c7 b8b7 c7c8 a2e6,1267,78,87,2351,endgame mate mateIn2 short,https://lichess.org/iK3l20ek#77,,True,https://lichess.org/training/duGbg
1MGVw,r5k1/bb3p1p/p3pPpQ/1p6/1P6/P5NP/4r3/4RR1K w - - 2 25,g3e4 b7e4 f1f3 e4f3,1268,76,87,99,kingsideAttack mate mateIn2 middlegame short,https://lichess.org/yOPrsQxG#49,,True,https://lichess.org/training/1MGVw
T8Dts,R7/2p1r1k1/3b2p1/7p/B7/7r/PPPK4/3R4 w - - 0 31,a4b3 d6f4,1269,75,99,3320,endgame mate mateIn1 oneMove,https://lichess.org/xQOv5oBK#61,,True,https://lichess.org/training/T8Dts
1rznx,2R5/5p1k/3p1Pp1/3P2Pp/1b2PK1P/7r/4N3/8 w - - 5 43,c8f8 b4d2,1270,161,88,21,endgame mate mateIn1 oneMove,https://lichess.org/4nQLfpiq#85,,True,https://lichess.org/training/1rznx
spbf2,2kr1r2/pp1b4/6R1/2p2pb1/8/1P1p1BN1/PBq3Q1/K7 b - - 1 32,d3d2 f3b7 c8b8 b2e5,1272,81,53,77,mate mateIn2 middlegame queensideAttack short,https://lichess.org/ckOEspY4/black#64,,True,https://lichess.org/training/spbf2
DAyyz,8/2R1k3/p7/1p2P1N1/1P1P2p1/P2BKbn1/7q/8 b - - 8 36,e7d8 g5e6 d8e8 d3g6,1274,76,96,18121,endgame mate mateIn2 short,https://lichess.org/DTnRTNA9/black#72,,True,https://lichess.org/training/DAyyz
zynCi,8/3N1R2/4B1pk/pP5p/P3bP1P/3nP1P1/6r1/4K3 w - - 3 45,e1d1 e4f3,1274,207,82,43,endgame master mate mateIn1 oneMove,https://lichess.org/741ER65S#89,,True,https://lichess.org/training/zynCi
B2E5V,8/5R2/k5p1/7p/1b3Bp1/6K1/2r4P/7B w - - 2 39,h1e4 b4e1,1275,77,79,177,endgame mate mateIn1 oneMove,https://lichess.org/aYOjed7j#77,,True,https://lichess.org/training/B2E5V
d5Jsp,5n2/5k2/1R6/1p1R3p/p2P3P/P2b1PP1/1Pr4K/8 w - - 1 46,h2h3 d3f1,1276,75,84,249,endgame mate mateIn1 oneMove,https://lichess.org/WRflINVm#91,,True,https://lichess.org/training/d5Jsp
KGciY,3r2k1/pp5p/2p5/3bNR2/8/BP2p3/P1P3rP/5K2 b - - 1 26,g2h2 f5g5 g8h8 e5f7 d5f7 a3b2 d8d4 b2d4,1277,93,84,90,endgame mate mateIn4 sacrifice veryLong,https://lichess.org/HYYnmdkm/black#52,,True,https://lichess.org/training/KGciY
rZPjO,8/8/2k5/7R/1b1PN3/4P2P/2p4r/3K4 w - - 0 49,d1c1 b4a3,1283,78,93,4084,endgame master mate mateIn1 oneMove,https://lichess.org/Bije7mbk#97,,True,https://lichess.org/training/rZPjO
tGK1a,5r1k/1p5p/p1p3p1/4b1P1/4p2K/2P1Bb1P/PPB2P2/R7 w - - 1 27,e3d4 f8f4 h4g3 f4g4,1283,77,85,147,doubleCheck endgame mate mateIn2 short,https://lichess.org/nLKFOlPH#53,,True,https://lichess.org/training/tGK1a
YhHr3,8/5B2/6Rk/2p1pP2/4P3/2Bb2K1/P3r3/1r6 b - - 2 43,h6h7 f7g8 h7h8 c3e5,1284,79,93,101,endgame mate mateIn2 short,https://lichess.org/OSgAgwwx/black#86,,True,https://lichess.org/training/YhHr3
acFpO,8/pp2k1pQ/8/6P1/4Nb2/8/PR3r2/K2r4 w - - 1 37,b2b1 f4e5 e4c3 e5c3,1285,80,91,855,endgame master mate mateIn2 pin short,https://lichess.org/otrJkwNR#73,,True,https://lichess.org/training/acFpO
Uc26c,8/5p1p/2n3k1/4PpP1/6r1/1pBrQ3/1Pb2R2/2R4K w - - 4 36,e3c5 d3h3 f2h2 c2e4,1287,74,99,10534,clearance mate mateIn2 middlegame short,https://lichess.org/K1CAxNKy#71,,True,https://lichess.org/training/Uc26c
9T3kO,7k/2R5/7p/3pPN2/b4P1K/8/1r4PP/8 w - - 5 37,g2g3 b2h2 h4g4 a4d1,1287,75,96,8159,endgame mate mateIn2 short,https://lichess.org/x37xdcn7#73,,True,https://lichess.org/training/9T3kO
UBbXT,1r3kr1/2R3pp/3Npn2/1B6/pb2PB2/1b3P2/6PP/5RK1 b - - 12 33,b4d6 f4d6,1288,336,76,15,mate mateIn1 middlegame oneMove,https://lichess.org/Ld9kRJOO/black#66,,True,https://lichess.org/training/UBbXT
OSH69,5k2/5p1P/3p2B1/3Pq1P1/8/b5r1/3QK3/5R1R w - - 3 41,e2f2 a3c5 d2d4 c5d4,1290,78,86,408,mate mateIn2 middlegame short,https://lichess.org/hBLW7K6h#81,,True,https://lichess.org/training/OSH69
CZ4T2,8/R4pk1/p2N4/1p1b2b1/3p2P1/3P2P1/1P5r/4KR2 w - - 7 42,d6f7 g5d2 e1d1 d5b3,1290,76,97,2160,endgame mate mateIn2 short,https://lichess.org/oaw134Ng#83,,True,https://lichess.org/training/CZ4T2
q4kMz,r3kb1r/1p3Rp1/2p1B1Pn/4q1p1/p7/8/4QB1P/1N4K1 b kq - 1 27,e5e2 e6d7 e8d8 f2b6,1291,78,76,739,mate mateIn2 middlegame short,https://lichess.org/7bne2yQI/black#54,,True,https://lichess.org/training/q4kMz
XMkGb,2r1k3/1R3p1p/4p1pB/1Bn5/8/b4P2/6PP/6K1 b - - 1 28,e8d8 h6g5 f7f6 g5f6,1291,79,94,2483,endgame mate mateIn2 short,https://lichess.org/Jgc7kioQ/black#56,,True,https://lichess.org/training/XMkGb
34f5y,2kr2r1/nP3R1p/4p3/6p1/2pB4/2P5/1P4PP/6K1 b - - 0 29,c8b8 d4e5 d8d6 e5d6,1292,78,91,2613,endgame mate mateIn2 short,https://lichess.org/ysWKPTbG/black#58,,True,https://lichess.org/training/34f5y
xU0ZU,8/3b4/1p1k4/2p1p2r/4Kpp1/2PP1P1P/1P4B1/3R4 w - - 0 34,f3g4 d7c6,1293,76,87,577,endgame master mate mateIn1 oneMove,https://lichess.org/TfHRKceJ#67,,True,https://lichess.org/training/xU0ZU
JqXfY,4B3/8/R5pp/8/5p1k/p5r1/4K3/8 b - - 1 46,g6g5 a6h6 h4g4 e8d7,1295,80,93,206,endgame master mate mateIn2 short,https://lichess.org/8uJuwHJf/black#92,,True,https://lichess.org/training/JqXfY
hcFr0,1k3rr1/1p6/3P1n2/2R5/3PpB1p/8/4KN1P/8 b - - 4 36,b8a8 c5a5 a8b8 d6d7,1295,76,77,206,advancedPawn discoveredAttack endgame mate mateIn2 short,https://lichess.org/HrPuxs7i/black#72,,True,https://lichess.org/training/hcFr0
Rj1Su,r6k/pp6/2pp3p/5P1b/PPPbN2Q/3P1qP1/4r3/5R1K w - - 5 30,f1f3 h5f3,1297,75,83,133,kingsideAttack mate mateIn1 middlegame oneMove,https://lichess.org/WWJP0jP5#59,,True,https://lichess.org/training/Rj1Su
P4wiI,r2q1r1k/6bp/p2p2P1/npnNpp2/4P1Q1/P1P1B3/BPK2P2/3R3R b - - 0 27,f5g4 h1h7 h8g8 d5f6,1297,75,95,1403,doubleCheck kingsideAttack mate mateIn2 middlegame short,https://lichess.org/CiolQYFs/black#54,,True,https://lichess.org/training/P4wiI
CElBI,8/pp5R/2pk4/5P2/2P1P2P/1PKN2r1/P7/4b3 w - - 1 48,c3d4 c6c5 d3c5 e1f2,1298,75,100,154,endgame mate mateIn2 short,https://lichess.org/fBZu46EJ#95,,True,https://lichess.org/training/CElBI
jAXC8,r3r1k1/1R6/2pBbR2/p1P3pK/3p4/4b1P1/8/8 b - - 1 38,g5g4 f6g6 g8h8 d6e5,1299,76,83,190,mate mateIn2 middlegame short,https://lichess.org/sYBA41lQ/black#76,,True,https://lichess.org/training/jAXC8
njxeP,1r2b3/6p1/R2k1p1p/1pr4P/1R4P1/6K1/4BP2/8 b - - 2 38,d6e5 f2f4 e5d5 e2f3,1299,77,86,155,endgame mate mateIn2 short,https://lichess.org/RFi9GyJ2/black#76,,True,https://lichess.org/training/njxeP
56mCY,r4b1r/p3p1kp/4q1p1/1p6/5R2/2B5/PP4NP/5RK1 b - - 3 28,g7h6 f4h4 h6g5 c3d2 e6e3 d2e3,1300,82,100,62,long mate mateIn3 middlegame,https://lichess.org/70UHbrtA/black#56,,True,https://lichess.org/training/56mCY
cVXzC,6k1/7p/3Q2p1/2pP1p2/P2b1P2/4nBP1/1r2K2P/8 w - - 3 33,e2e1 d4c3,1300,77,77,275,endgame mate mateIn1 oneMove,https://lichess.org/I7i0iV91#65,,True,https://lichess.org/training/cVXzC
rtsOk,5k1B/R6p/4b3/1B1p4/1P6/1n2PN2/5rPP/1K5R w - - 2 26,h1g1 e6f5 e3e4 f5e4 b5d3 e4d3,1302,76,87,370,exposedKing long mate mateIn3 middlegame,https://lichess.org/GxII0v1g#51,,True,https://lichess.org/training/rtsOk
tUTPV,r2r4/1p3pbp/4p1p1/1B2k2n/3B4/P1P2P1P/1P6/R3K1R1 b Q - 1 22,e5f4 g1g4 f4f5 b5d3,1303,76,86,1097,mate mateIn2 middlegame short,https://lichess.org/1Z3UvBJY/black#44,,True,https://lichess.org/training/tUTPV
bKkYU,2b1R1rk/R5p1/1p3Q1p/1P1P4/2P5/P5Pq/1B3P2/6K1 b - - 0 35,g7f6 b2f6,1305,127,86,118,endgame mate mateIn1 oneMove,https://lichess.org/ZZZc6Bcp/black#70,,True,https://lichess.org/training/bKkYU
BxdSE,2b3k1/p1p2ppp/1b6/8/8/2Pp1q2/PP2r1PP/R1BQ1K1R w - - 0 18,g2f3 c8h3,1308,77,94,5887,mate mateIn1 middlegame oneMove,https://lichess.org/gN4LoJtV#35,Italian_Game Italian_Game_Classical_Variation,True,https://lichess.org/training/BxdSE
1nPhD,3r1r1b/p1q2p1k/1n3P1p/2p1PRp1/3p2P1/P2Q3P/2P3B1/4R1K1 b - - 0 36,c5c4 f5g5 c4d3 g2e4,1309,91,70,69,discoveredAttack mate mateIn2 middlegame sacrifice short,https://lichess.org/ys3yr8Kd/black#72,,True,https://lichess.org/training/1nPhD
5t4uH,2r4k/3bR3/1q1p1p1p/p2B1Pb1/2p5/1PQ4P/PB6/7K b - - 3 34,b6f2 c3f6 g5f6 b2f6,1311,79,93,4679,master mate mateIn2 middlegame sacrifice short,https://lichess.org/dNhoPfrn/black#68,,True,https://lichess.org/training/5t4uH
TKC8N,r1bk1b1r/2nQ2pB/pNp1p3/q7/8/8/PPP3PP/2KR3R b - - 0 19,c8d7 d1d7 d8e8 h7g6,1313,76,100,631,mate mateIn2 middlegame short,https://lichess.org/HJSbcGCo/black#38,,True,https://lichess.org/training/TKC8N
FBrpt,6k1/4rpb1/3p4/3R1K1p/3q2p1/1Q4P1/P6P/8 w - - 0 37,d5d4 e7e5 f5f4 g7h6,1315,77,93,793,endgame mate mateIn2 short,https://lichess.org/gMb8kXgv#73,,True,https://lichess.org/training/FBrpt
xC61Z,8/6R1/2k4P/4P3/2Bp2P1/1P1K2P1/bb3r2/8 w - - 5 43,h6h7 a2b1,1316,77,90,462,endgame mate mateIn1 oneMove,https://lichess.org/KwVPKV4I#85,,True,https://lichess.org/training/xC61Z
uQrCZ,r1b1k3/1p3P1R/8/2p1B3/1nP1P3/p2P4/3K4/8 b - - 0 39,e8f8 e5d6,1317,78,90,1525,endgame mate mateIn1 oneMove,https://lichess.org/TeODsPlT/black#78,,True,https://lichess.org/training/uQrCZ
oDxDH,8/5P1R/2k5/8/1b2p3/2p1B3/6rP/3K4 w - - 0 38,h7h8 c3c2 d1c1 b4a3,1318,72,96,30049,advancedPawn endgame mate mateIn2 short,https://lichess.org/0RMGVm3L#75,,True,https://lichess.org/training/oDxDH
6c2fl,r7/ppq2p2/5B1k/4P3/2B2R2/2P3p1/PP3NP1/7K b - - 0 28,g3f2 f4h4 h6g6 c4d3,1320,97,100,82,endgame mate mateIn2 short,https://lichess.org/rVsRkWWJ/black#56,,True,https://lichess.org/training/6c2fl
hUBku,6k1/R7/p3pNp1/2P4p/8/b3BP2/5PK1/1r1r4 b - - 1 27,g8f8 e3h6,1323,77,97,6348,endgame master mate mateIn1 oneMove,https://lichess.org/bYddmGK8/black#54,,True,https://lichess.org/training/hUBku
WrsBS,8/p7/1ppn1rp1/8/PP3p2/1BPK1k2/5P1R/8 b - - 1 36,g6g5 b3d1,1324,76,91,402,endgame mate mateIn1 oneMove,https://lichess.org/J1LDFLHh/black#72,,True,https://lichess.org/training/WrsBS
Nwkvv,R7/3P1kp1/1pB2p2/1Pp2P2/2Pb2Pp/4r1r1/4p2K/4R3 w - - 1 52,d7d8q g3h3 h2g1 e3g3,1324,75,90,675,doubleCheck mate mateIn2 middlegame short,https://lichess.org/FMyoUd4C#103,,True,https://lichess.org/training/Nwkvv
kyxad,3n2k1/5p2/3p2qQ/8/b2P2PN/p1r4P/P1r5/5RK1 w - - 0 36,h4g6 c3g3 g1h1 a4c6 d4d5 c6d5 f1f3 d5f3,1328,74,95,14728,exposedKing mate mateIn4 middlegame veryLong,https://lichess.org/FdKJ2Om7#71,,True,https://lichess.org/training/kyxad
GVqWI,2kr3r/p3Rp2/1p2bB1p/2p3p1/8/3P2P1/PPn2PBP/R5K1 b - - 0 20,c2a1 g2b7 c8b8 f6e5 d8d6 e5d6,1329,75,97,8355,exposedKing fork long master mate mateIn3 middlegame,https://lichess.org/2qrPxm2y/black#40,,True,https://lichess.org/training/GVqWI
OmSKS,2rq4/5k1R/1pn1pr2/p2p4/3P2RP/P1P5/1PB2P2/3K4 b - - 2 30,f7e8 g4g8 f6f8 c2g6,1333,76,87,235,mate mateIn2 middlegame pin short,https://lichess.org/jVmqfOae/black#60,,True,https://lichess.org/training/OmSKS
NLSyB,8/8/p1k5/bppN1p1r/4pK2/2P4P/PP3P2/3R3R w - - 6 32,d5e3 a5c7 d1d6 c7d6,1333,74,94,26077,endgame mate mateIn2 short,https://lichess.org/dsgCe2ec#63,,True,https://lichess.org/training/NLSyB
wKmBI,1k6/5p1p/1B2p3/NP1bPp2/5P2/3p4/2n4r/2RK1R2 w - - 1 32,f1g1 d5f3,1334,77,94,10871,mate mateIn1 middlegame oneMove,https://lichess.org/oWTyn50X#63,,True,https://lichess.org/training/wKmBI
uUoM1,1r6/8/RbB5/1P3k2/4pP2/4P1Kp/8/8 b - - 1 37,b6e3 c6d7,1335,81,58,83,endgame mate mateIn1 oneMove,https://lichess.org/lCKLarTp/black#74,,True,https://lichess.org/training/uUoM1
tE5w9,2r4r/5pk1/1pp2P1p/6PR/pq1p4/1P1P2P1/P4KB1/7R b - - 0 31,g7g6 g2e4,1339,83,90,99,endgame mate mateIn1 oneMove,https://lichess.org/k63ZMUHI/black#62,,True,https://lichess.org/training/tE5w9
ENKCp,8/4BQpk/6Rp/p3pP1P/1p2P1K1/2pr4/2b3r1/8 w - - 6 47,g4h4 g2h2 h4g4 c2d1,1341,76,100,137,endgame mate mateIn2 short,https://lichess.org/awJxkMxJ#93,,True,https://lichess.org/training/ENKCp
Ql67l,r6k/1R6/3B2pN/p2n2Pp/P1pp4/5n2/5K2/8 b - - 7 36,f3g5 d6e5 d5f6 e5f6,1342,77,91,1060,endgame mate mateIn2 short,https://lichess.org/xyccPfsK/black#72,,True,https://lichess.org/training/Ql67l
GslSY,r1b1q1k1/pppnbrp1/4Nn1p/8/3P3P/8/PPP2PP1/R1BQKB1R w KQ - 1 11,e6c7 e7b4,1343,124,83,32,doubleCheck mate mateIn1 oneMove opening,https://lichess.org/ejMPt2kF#21,French_Defense French_Defense_Two_Knights_Variation,True,https://lichess.org/training/GslSY
2ksnd,8/8/5p2/R4k2/1B2p2p/8/2r1nPKP/8 b - - 1 45,f5g4 h2h3 g4f4 b4d6,1345,171,83,7,endgame mate mateIn2 short,https://lichess.org/LJ9HkljJ/black#90,,True,https://lichess.org/training/2ksnd
4hFoq,7k/6R1/2p3pK/8/p2B3p/2Pb2r1/8/8 b - - 3 38,g6g5 g7g5,1345,75,96,15166,discoveredAttack endgame mate mateIn1 oneMove,https://lichess.org/oMDjQXSI/black#76,,True,https://lichess.org/training/4hFoq
qnuUn,1r2k3/Rbpn4/1p1Bp2p/5p1q/2NP3R/1QPnP3/1P4r1/3K4 w - - 0 24,h4h5 b7f3,1345,76,99,1641,master mate mateIn1 middlegame oneMove,https://lichess.org/q0YuHPvP#47,,True,https://lichess.org/training/qnuUn
zL4sh,6k1/2R2pp1/4p1b1/2p1P2p/1bB5/1N2PN1P/6r1/3K4 w - - 0 29,b3c5 g6c2 d1c1 b4a3,1346,78,94,20774,mate mateIn2 middlegame short,https://lichess.org/vjEgsdCj#57,,True,https://lichess.org/training/zL4sh
KGMYy,2k1r1Q1/1p3p1Q/1pn5/8/1bb2B2/5PP1/3r3P/3R1K1R w - - 1 28,f1g1 b4c5 f4e3 c5e3,1347,76,90,2009,mate mateIn2 middlegame short,https://lichess.org/dSpq7w0Q#55,,True,https://lichess.org/training/KGMYy
2fxpT,4k3/1p3r1p/p6Q/4b2B/2P5/6PP/3r3K/RN5R w - - 1 30,h2g1 e5d4 h6e3 d4e3,1348,77,96,20875,fork mate mateIn2 middlegame short,https://lichess.org/xEvaevLB#59,,True,https://lichess.org/training/2fxpT
rU6SH,2k5/p1p3pp/1p6/2b5/3r4/1P3bQq/PBP4P/R4NK1 w - - 0 24,g3h3 d4g4,1349,76,80,327,doubleCheck mate mateIn1 middlegame oneMove,https://lichess.org/cxKR6yks#47,,True,https://lichess.org/training/rU6SH
Og3UV,8/1PR2p1p/4k3/P3P3/3Bb3/4Pn2/r7/5K2 w - - 1 40,b7b8q e4d3,1350,74,95,7957,endgame mate mateIn1 oneMove,https://lichess.org/RRTxJ01x#79,,True,https://lichess.org/training/Og3UV
v3eQD,3r3r/B2k2pp/1pPp1p2/1B5q/1P3P2/P6P/2Pn3P/4R1K1 b - - 0 26,d7c7 e1e7 d8d7 e7d7 c7c8 b5a6,1351,79,93,3270,long mate mateIn3 middlegame,https://lichess.org/LsdCgaGR/black#52,,True,https://lichess.org/training/v3eQD
MfNRN,8/3bp3/3r2p1/Rp1B3p/4Pk1K/5P1P/6P1/8 w - - 7 40,a5a7 g6g5 h4h5 d7e8 d5f7 e8f7,1353,80,91,1543,endgame long mate mateIn3,https://lichess.org/iFwAGV7S#79,,True,https://lichess.org/training/MfNRN
IWAsi,8/5Npk/3bp3/1Q5p/3P4/5P1P/2r3n1/4K3 w - - 0 44,e1d1 g2e3 d1e1 d6g3,1353,78,94,7690,endgame mate mateIn2 short,https://lichess.org/paQWx9F1#87,,True,https://lichess.org/training/IWAsi
oX0kl,r1r1k3/1R3BBp/6p1/8/p7/3q4/2p2PPP/4R1K1 b - - 3 32,e8d8 g7f6,1357,380,67,11,master mate mateIn1 middlegame oneMove,https://lichess.org/kZrNOhh8/black#64,,True,https://lichess.org/training/oX0kl
XgGT2,r1b2r2/pp3p1k/4nB1p/3p2p1/7P/1P4R1/P4PPK/R2B4 b - - 4 28,g5h4 d1c2,1358,76,95,606,mate mateIn1 middlegame oneMove,https://lichess.org/ePVhhF9D/black#56,,True,https://lichess.org/training/XgGT2
hn6jr,8/2k4P/2p1p3/4b3/3p4/P2Qn3/3N1K1r/8 w - - 1 51,f2e1 e5g3,1358,75,95,17145,endgame master mate mateIn1 oneMove,https://lichess.org/eFEQf2aj#101,,True,https://lichess.org/training/hn6jr
lwIFi,7r/p3r2P/1pp2p2/k4Bp1/1R1P4/PK2P3/5PP1/8 b - - 4 33,h8h7 b4a4 a5b5 f5d3,1359,74,96,29852,endgame mate mateIn2 short,https://lichess.org/KRRBW7Bs/black#66,,True,https://lichess.org/training/lwIFi
XOBKc,4k3/6p1/R3P2p/1pp1BPb1/6P1/KPP4P/4r3/8 w - - 1 41,e5g7 g5c1,1359,75,87,526,endgame mate mateIn1 oneMove,https://lichess.org/spzzRauz#81,,True,https://lichess.org/training/XOBKc
NO73r,6k1/5pp1/1pQNpb2/4N2p/3P4/4n3/r5P1/3K4 w - - 14 45,d1e1 f6h4 g2g3 h4g3,1365,74,96,23232,endgame master mate mateIn2 short,https://lichess.org/6RpAboo0#89,,True,https://lichess.org/training/NO73r
6tOxi,5rk1/p1p5/2p4R/3p1b2/3p4/P7/1Pr3B1/3K2R1 b - - 1 26,c2b2 g2d5,1366,162,53,22,doubleCheck endgame mate mateIn1 oneMove,https://lichess.org/Inc9MGVo/black#52,,True,https://lichess.org/training/6tOxi
00ySR,2r1rk2/pp1R3p/1b4p1/6B1/4p2P/1B6/PP3PP1/6K1 b - - 0 31,c8c7 g5h6,1367,76,94,2891,endgame mate mateIn1 oneMove,https://lichess.org/kReszzMZ/black#62,,True,https://lichess.org/training/00ySR
4vnBw,6RB/5k1p/2p1r3/4pb2/2P5/1P1nK3/P6r/6R1 b - - 14 38,d3c5 g1g7 f7f6 g7c7,1371,79,96,25765,discoveredAttack mate mateIn2 middlegame short,https://lichess.org/BzHDB22s/black#76,,True,https://lichess.org/training/4vnBw
3PGmk,r1br4/1p3ppp/2nBp3/p1P2P2/1n6/1R6/1R2B1PP/2k3K1 b - - 0 29,c6d4 d6f4,1374,76,95,5708,mate mateIn1 middlegame oneMove,https://lichess.org/s0apgcXz/black#58,,True,https://lichess.org/training/3PGmk
wMWUy,2k5/6Q1/2pb3P/4p3/4Pp2/2p2Pp1/7r/3KB3 w - - 0 58,h6h7 c3c2 d1c1 d6a3,1378,76,70,266,advancedPawn endgame mate mateIn2 short,https://lichess.org/woAaQizZ#115,,True,https://lichess.org/training/wMWUy
z5gQL,8/5p1k/p4Bpp/b7/4BP2/PR2PPKP/1P1r4/5b2 w - - 6 43,b3b8 d2g2 g3h4 a5e1,1379,75,79,77,endgame mate mateIn2 short,https://lichess.org/0d6NJUnc#85,,True,https://lichess.org/training/z5gQL
1FtMw,8/p4p1K/2pkp1r1/2p3n1/2R2b2/BPPp4/P2P1P2/R7 w - - 5 37,h7h8 f4e5,1381,80,92,714,endgame mate mateIn1 oneMove,https://lichess.org/fuWhf0sQ#73,,True,https://lichess.org/training/1FtMw
P2wAS,8/4B3/8/P5Rp/5pp1/4p2k/6r1/4K3 b - - 1 65,f4f3 g5h5 h3g3 e7d6,1384,76,91,609,endgame mate mateIn2 short,https://lichess.org/bVSj04mW/black#130,,True,https://lichess.org/training/P2wAS
pLTck,3r1b1r/1p1kp1p1/8/p2p1BPP/5B2/1P6/5K2/2R5 b - - 0 27,e7e6 c1c7 d7e8 f5g6,1384,74,66,321,endgame mate mateIn2 short,https://lichess.org/FOr0cibQ/black#54,,True,https://lichess.org/training/pLTck
ESoBe,8/8/PR6/8/2N5/3nN1k1/r7/4K2b w - - 6 52,e1d1 h1f3,1385,75,85,230,endgame mate mateIn1 oneMove,https://lichess.org/NuQlxgUh#103,,True,https://lichess.org/training/ESoBe
IjFk2,4R3/1p4pk/p1p5/8/2P2bb1/1P3P2/PB1r3P/4R1K1 w - - 1 24,b2c1 f4h2 g1f1 g4h3,1385,75,81,304,endgame mate mateIn2 short,https://lichess.org/mXfFxI7W#47,,True,https://lichess.org/training/IjFk2
Uy1w4,8/8/bP6/P3pkpp/8/B4PK1/3r4/1R6 w - - 4 41,b1b2 h5h4 g3h3 a6f1,1385,76,94,5358,endgame mate mateIn2 short,https://lichess.org/MS42RTQc#81,,True,https://lichess.org/training/Uy1w4
s1g65,8/4k2R/1p2P3/1PpB4/2PpK3/8/r6p/6r1 b - - 9 56,e7f8 e6e7 f8e8 d5c6,1386,79,95,29473,advancedPawn endgame mate mateIn2 short,https://lichess.org/7bL6Qyls/black#112,,True,https://lichess.org/training/s1g65
7fAlX,r1b3k1/ppR5/3p1bNp/3PP3/6p1/1B4P1/P2p3P/7K b - - 0 27,d6e5 d5d6 c8e6 b3e6,1388,76,86,595,discoveredAttack endgame mate mateIn2 short,https://lichess.org/Wes84yne/black#54,,True,https://lichess.org/training/7fAlX
A0rGT,6k1/4Q2p/4P1p1/q2p1p2/2PPb3/4P2P/Pr4P1/R3K1R1 w - - 1 27,e1f1 e4d3,1389,78,82,81,endgame master mate mateIn1 oneMove,https://lichess.org/lySZwcJm#53,,True,https://lichess.org/training/A0rGT
lUYCq,8/5k2/R2B1p1p/6p1/1b2P1P1/5P1P/2r2K2/8 w - - 8 42,f2g3 b4e1,1390,82,100,46,endgame mate mateIn1 oneMove,https://lichess.org/O13WKoS1#83,,True,https://lichess.org/training/lUYCq
Dh3y7,5B2/Q5pk/5p2/P3n1p1/7P/2P5/r5b1/5K2 w - - 11 47,f1e1 e5d3 e1d1 g2f3,1390,76,94,1289,endgame mate mateIn2 short,https://lichess.org/U4aFF68z#93,,True,https://lichess.org/training/Dh3y7
gD3Sd,6R1/7p/p2b3k/1b1B2r1/2p4P/4P1K1/PP3P2/3R4 w - - 0 34,g3h3 b5d7 d5e6 d7e6,1391,83,82,37,endgame mate mateIn2 short,https://lichess.org/RJ2Guwxy#67,,True,https://lichess.org/training/gD3Sd
gLoiv,2kr3r/Bpp1R1pp/8/8/1b6/2NB4/PPPn2PP/6K1 b - - 2 18,b7b6 d3a6,1392,77,94,1036,mate mateIn1 middlegame oneMove,https://lichess.org/oIdwc8da/black#36,Kings_Gambit_Declined Kings_Gambit_Declined_Queens_Knight_Defense,True,https://lichess.org/training/gLoiv
d2cdv,4b1k1/6R1/p3p2P/4Br2/2pP1P2/4qP2/8/5R1K b - - 0 37,g8f8 e5d6,1392,93,86,1044,endgame mate mateIn1 oneMove,https://lichess.org/qDVop0dR/black#74,,True,https://lichess.org/training/d2cdv
vFwBQ,6k1/5p1p/p1Np2pb/2p1p3/2P1P3/P2P2nP/1r2B3/3Q2K1 w - - 5 32,e2g4 h6e3,1393,99,38,61,endgame mate mateIn1 oneMove,https://lichess.org/lciKgND7#63,,True,https://lichess.org/training/vFwBQ
2nReh,r5kr/1R6/p2B1p2/2p4p/6bP/2q3Q1/6P1/1B4K1 b - - 5 33,c3g3 b1a2 g3b3 a2b3 c5c4 b3c4 g4e6 c4e6,1393,76,89,560,exposedKing mate mateIn4 middlegame veryLong,https://lichess.org/fiE0MwV9/black#66,,True,https://lichess.org/training/2nReh
J6HZM,5R2/p1B2R1k/2p1p1p1/8/1P1pP1qp/P2Pb3/2P5/4K3 b - - 6 42,h7h6 f8h8 h6g5 c7d8,1394,76,100,473,endgame mate mateIn2 short,https://lichess.org/Hx6Fi8iv/black#84,,True,https://lichess.org/training/J6HZM
z4Z1I,1b1r3r/2kq1p2/B1p4p/p1Pp2p1/3P4/8/P4PPP/1R3RK1 b - - 0 26,d7g4 b1b7 c7c8 b7f7,1394,76,87,1591,discoveredAttack mate mateIn2 middlegame short,https://lichess.org/UsWmi6KM/black#52,,True,https://lichess.org/training/z4Z1I
Or8VD,7k/pb6/8/2p1P3/4p2b/4Kr2/PPPB4/3N2R1 w - - 2 31,e3e2 b7a6 c2c4 a6c4,1395,87,85,88,endgame mate mateIn2 short,https://lichess.org/64tOsaaL#61,,True,https://lichess.org/training/Or8VD
1mfjD,krn4r/pQ4R1/1pP5/8/4p2p/3pB2q/1P1R1P2/2K5 b - - 3 35,b8b7 c6b7 a8b8 e3f4 c8d6 f4d6,1395,76,87,262,advancedPawn fork long mate mateIn3 middlegame,https://lichess.org/PrvRj3xZ/black#70,,True,https://lichess.org/training/1mfjD
PjaXX,6k1/6P1/5B2/1p1pP3/1b1P4/p7/3r4/1K4R1 w - - 1 46,g1h1 a3a2 b1a1 b4c3,1396,75,94,1975,advancedPawn endgame mate mateIn2 short,https://lichess.org/HVK6SCOi#91,,True,https://lichess.org/training/PjaXX
6Lwez,4r2k/p5pp/2p5/1p4B1/3Pb3/1QP2r1q/PP4P1/5RRK w - - 0 26,g2h3 f3h3,1397,79,77,1206,doubleCheck mate mateIn1 middlegame oneMove,https://lichess.org/pVMDXs8m#51,,True,https://lichess.org/training/6Lwez
XOmRm,3kr3/5Rp1/2pBp1p1/p7/2B1P3/2b3P1/5PKP/1r6 b - - 5 26,c3b4 d6c7 d8c8 c4a6,1399,84,72,69,endgame mate mateIn2 short,https://lichess.org/ICK21eFD/black#52,,True,https://lichess.org/training/XOmRm
x09De,8/2Q4p/1p4bk/2b5/2P5/6PP/r6K/5R2 w - - 1 39,h2h1 g6e4 f1f3 e4f3,1400,159,68,8,endgame mate mateIn2 short,https://lichess.org/UtTltEIF#77,,True,https://lichess.org/training/x09De
GiaMI,r7/ppp2N2/3k1BR1/3P4/2Pn1K2/1P6/r7/8 b - - 2 32,d6c5 f6e7,1400,77,94,865,endgame mate mateIn1 oneMove,https://lichess.org/KgvdVUq7/black#64,,True,https://lichess.org/training/GiaMI
EpR70,3k2r1/R7/1p6/3rB3/8/4R2b/1P3K2/8 b - - 7 41,h3c8 e5f6,1400,80,86,534,endgame master mate mateIn1 oneMove,https://lichess.org/LXhYIPvh/black#82,,True,https://lichess.org/training/EpR70
aK87S,6k1/2R4p/p3pNp1/1p1pB3/3P4/4q2P/PP3rRK/8 b - - 2 34,g8f8 e5d6,1400,252,92,30,endgame mate mateIn1 oneMove,https://lichess.org/ECCHKXZ7/black#68,,True,https://lichess.org/training/aK87S
k0dT9,2k5/pp6/2p4P/5b2/4pB2/2N1Rn2/PPr5/5K2 w - - 0 33,c3e4 f5h3,1400,75,92,1141,endgame mate mateIn1 oneMove,https://lichess.org/xWcseUv6#65,,True,https://lichess.org/training/k0dT9
nGtaF,1r4k1/7p/pN1p2p1/P1pPp2n/2Q1P3/B3b1q1/2P2r1P/R2R3K w - - 0 33,h2g3 h5g3 h1g1 f2d2,1400,79,83,413,discoveredAttack kingsideAttack master mate mateIn2 middlegame short,https://lichess.org/3Ms03SnN#65,,True,https://lichess.org/training/nGtaF
f8JkV,8/1p5p/pR6/2pB1p1k/P2b3P/4rPP1/3K4/8 b - - 5 35,f5f4 d5f7,1400,76,95,4239,endgame mate mateIn1 oneMove,https://lichess.org/cCXFMyOa/black#70,,True,https://lichess.org/training/f8JkV
KQbyI,r2b1r1k/1R6/p2pBpp1/1p1P3p/4Pp2/2Q4P/PB3qP1/7K b - - 4 31,d8b6 c3f6 f8f6 b2f6,1401,79,87,1392,kingsideAttack mate mateIn2 middlegame sacrifice short,https://lichess.org/CBpA5shu/black#62,,True,https://lichess.org/training/KQbyI
ZT2bV,6r1/p1p2N1k/7p/8/3PbP1b/1Q2B3/PP4r1/R4K2 w - - 6 27,b3e6 e4d3,1404,76,90,2009,master mate mateIn1 middlegame oneMove,https://lichess.org/N3hJFpZc#53,,True,https://lichess.org/training/ZT2bV
AW2Ok,5rk1/1p5p/3p2p1/pb1Pp1P1/2r1Kp2/P1B2P2/1PP3P1/1R5R w - - 2 25,e4d3 c4d4,1405,77,92,888,doubleCheck endgame mate mateIn1 oneMove,https://lichess.org/ZesrUwKS#49,,True,https://lichess.org/training/AW2Ok
8Zwc8,2k5/p7/1bpB1p2/8/8/4p1p1/r5P1/1R1KN3 w - - 0 46,d6g3 e3e2 d1c1 b6e3,1405,78,94,148,advancedPawn endgame mate mateIn2 short,https://lichess.org/7qgpXF5C#91,,True,https://lichess.org/training/8Zwc8
pKxxp,3k4/2b5/4RB2/3p1B1p/2p5/1r1nK2P/8/8 b - - 7 46,d8c8 e6b6,1406,77,92,759,discoveredAttack endgame mate mateIn1 oneMove,https://lichess.org/K36xxKFi/black#92,,True,https://lichess.org/training/pKxxp
SjluB,8/ppp3kp/8/4rb2/2P5/P1Kr1B2/1P3PPP/4R2R w - - 8 24,c3b4 a7a5 b4a4 f5d7 f3c6 d7c6,1406,76,94,9367,endgame long mate mateIn3,https://lichess.org/ENdQF5sr#47,,True,https://lichess.org/training/SjluB
21bIO,r4r2/pp2k2p/5p2/3R2n1/2B2p2/2P5/PP3P2/2K1R3 b - - 1 23,e7f7 d5g5,1407,77,87,227,discoveredAttack endgame mate mateIn1 oneMove,https://lichess.org/UN8uTijj/black#46,,True,https://lichess.org/training/21bIO
cdsK5,3r4/p4pk1/QpP3p1/2b1p2p/P3P1bP/2P3P1/1PB4K/R7 w - - 1 36,a6a7 d8d2 h2h1 g4f3,1407,76,93,1004,endgame fork mate mateIn2 short,https://lichess.org/7rAldUcp#71,,True,https://lichess.org/training/cdsK5
gCJdV,r2k1b1r/p4Rpp/4pn2/1B6/5B2/2N2P2/PP2KP1P/n7 b - - 0 18,f8b4 f4c7 d8c8 b5a6,1409,74,95,24826,mate mateIn2 middlegame short,https://lichess.org/QNqbMCEY/black#36,Sicilian_Defense Sicilian_Defense_Alapin_Variation,True,https://lichess.org/training/gCJdV
NJKBX,5B1k/1R5p/p5p1/1p2b3/8/1BN3n1/PPPr4/6K1 w - - 2 26,f8h6 e5d4 h6e3 d4e3,1411,76,96,3744,mate mateIn2 middlegame short,https://lichess.org/oNDlJhJx#51,,True,https://lichess.org/training/NJKBX
69dWj,2kr3r/p3R1b1/1n4pp/2p5/8/2Pb1B1P/P2B2P1/1RK5 b - - 1 25,g7f8 f3b7 c8b8 d2f4 d8d6 f4d6,1413,76,92,579,exposedKing long mate mateIn3 middlegame queensideAttack,https://lichess.org/zHggutSN/black#50,,True,https://lichess.org/training/69dWj
Zak83,7r/2p1k2r/P1Pp2p1/4p1N1/Q4b2/5Pp1/6b1/1R1R1BBK w - - 0 35,h1g2 h7h2 g1h2 h8h2 g2g1 f4e3,1417,75,94,2409,long master mate mateIn3 middlegame sacrifice,https://lichess.org/m8kcGD2z#69,,True,https://lichess.org/training/Zak83
RSRzj,k2r4/pq3p2/2b1p3/P1Q1P3/5Pp1/2Pp2P1/3P3r/1RB1KR2 w - - 0 32,b1b7 h2e2 e1d1 c6a4 b7b3 a4b3,1417,74,96,22958,long mate mateIn3 middlegame,https://lichess.org/lIRimFOp#63,,True,https://lichess.org/training/RSRzj
cEhrs,r4k1r/p4p2/1p2bN2/2PpP1R1/1B6/P7/1P4P1/2K5 b - - 0 28,a8c8 c5c6,1418,134,33,16,discoveredAttack endgame mate mateIn1 oneMove,https://lichess.org/09f8a7IG/black#56,,True,https://lichess.org/training/cEhrs
ZBdNl,3Q4/p4rk1/1p4p1/2p5/6Pp/2Pb3r/PP2p3/R3R2K w - - 0 40,h1g2 h3g3 g2h2 f7f2 h2h1 d3e4,1418,426,47,5,endgame exposedKing long mate mateIn3,https://lichess.org/l5FVlsiK#79,,True,https://lichess.org/training/ZBdNl
aCWPo,6k1/1p4pp/p1b2p1r/2P5/5KP1/6B1/1PB1r2P/2R3R1 w - - 2 35,g1e1 g7g5 f4f5 c6d7,1419,73,95,24906,mate mateIn2 middlegame short,https://lichess.org/mHSi3DjA#69,,True,https://lichess.org/training/aCWPo
QLn2H,3q3k/p3p3/b2p2QN/2p3B1/4P2P/2b5/Pr6/R4K1R w - - 3 29,f1g1 c3d4 g5e3 d4e3,1420,122,0,19,mate mateIn2 middlegame short,https://lichess.org/lusLDu4v#57,,True,https://lichess.org/training/QLn2H
0yXmS,2b3k1/2r1b2p/pN4p1/6r1/4p3/1P2P1KP/3PQP2/R5NR w - - 2 28,g3h2 e7d6 f2f4 e4f3,1420,84,0,97,discoveredAttack enPassant mate mateIn2 middlegame short,https://lichess.org/99CSWJJr#55,,True,https://lichess.org/training/0yXmS
y7azg,8/1R1B2kp/3pp3/5nB1/2p3K1/2b5/r5PP/8 b - - 3 36,g7g6 d7e8,1421,82,78,164,endgame mate mateIn1 oneMove,https://lichess.org/xe4d3He0/black#72,,True,https://lichess.org/training/y7azg
vzYjG,2b2r2/1p3k1R/8/3P3p/8/2BB1q2/1PP5/1K6 b - - 4 32,f7e8 d3b5 c8d7 b5d7 e8d8 c3a5 b7b6 a5b6,1425,75,91,1130,endgame exposedKing mate mateIn4 veryLong,https://lichess.org/mAk13dC9/black#64,,True,https://lichess.org/training/vzYjG
bbZs9,8/1R4k1/1pB1pp1p/8/1PP1KPP1/7r/8/6b1 b - - 5 42,g7g6 c6e8,1425,77,77,87,endgame mate mateIn1 oneMove,https://lichess.org/PFkMTOvZ/black#84,,True,https://lichess.org/training/bbZs9
lZHdY,8/Bbkp2R1/8/8/3PP3/3n3P/P6r/R2K4 w - - 1 26,e4e5 b7f3,1430,76,96,8886,endgame mate mateIn1 oneMove,https://lichess.org/l3BieYeS#51,,True,https://lichess.org/training/lZHdY
epBRI,2k1r3/ppp2ppp/8/1P6/P1bP4/2P5/3K1rPP/RNB1R3 w - - 3 21,d2d1 c4b3,1431,144,31,56,mate mateIn1 middlegame oneMove,https://lichess.org/ctWxKAfq#41,,True,https://lichess.org/training/epBRI
cEmyF,2R5/5p1p/3B1kp1/P4p2/P2P1P2/5b2/4r1rP/2RK4 w - - 18 43,d6e5 e2e5,1432,79,93,2427,discoveredAttack endgame mate mateIn1 oneMove,https://lichess.org/52E3FE8O#85,,True,https://lichess.org/training/cEmyF
Rj7J0,2rrq1k1/pp2b1PQ/1np1pp2/3nP3/3PN3/P1N1B3/1P6/1B1R2RK b - - 0 34,g8h7 e4f6,1433,76,84,289,doubleCheck mate mateIn1 middlegame oneMove,https://lichess.org/ldhd5Af1/black#68,,True,https://lichess.org/training/Rj7J0
AhZnl,8/Q4p1k/4b2p/7P/2P5/3n4/PP4r1/2K2R2 w - - 1 28,c1d1 e6g4 f1f3 g4f3,1435,75,78,416,endgame mate mateIn2 short,https://lichess.org/I1I4dLI6#55,,True,https://lichess.org/training/AhZnl
TU6KM,2kr1b1r/Bpp2Rp1/8/6qp/2B5/1P1PP3/P1PN2PP/R5K1 b - - 0 17,b7b6 c4a6,1437,83,84,1558,mate mateIn1 middlegame oneMove,https://lichess.org/J76pCh7l/black#34,Ruy_Lopez Ruy_Lopez_Steinitz_Defense,True,https://lichess.org/training/TU6KM
7KQeN,5k2/7R/2R1P3/3p1p2/p2P4/P1P1P3/b1K3r1/8 w - - 1 44,c2d3 a2b1,1439,85,81,1542,endgame mate mateIn1 oneMove,https://lichess.org/fBWinBaG#87,,True,https://lichess.org/training/7KQeN
4RyBL,3r1rk1/pb5p/1p6/2p3p1/3NP3/2K4B/PP5P/2R4R w - - 0 26,d4e6 f8f3 c3c2 b7e4,1440,75,88,201,fork mate mateIn2 middlegame short,https://lichess.org/vXcCqq9W#51,,True,https://lichess.org/training/4RyBL
LWhFp,8/4R3/6p1/p6p/2Pk1BbP/PK6/6r1/8 w - - 1 49,c4c5 g4d1,1441,86,63,131,endgame master masterVsMaster mate mateIn1 oneMove,https://lichess.org/NEbjLall#97,,True,https://lichess.org/training/LWhFp
PWPDa,5k2/p1R3bB/8/1p4N1/5pn1/2P5/Pr6/6K1 b - - 4 41,g7h6 g5e6 f8e8 h7g6,1442,75,95,24139,endgame mate mateIn2 short,https://lichess.org/smR0TJsT/black#82,,True,https://lichess.org/training/PWPDa
z4gUn,8/1k3P2/4P3/2b2NP1/2P1b3/8/4K2r/5R2 w - - 3 57,e2d1 e4c2 d1c1 c5a3,1442,77,93,548,endgame mate mateIn2 short,https://lichess.org/Vzj3YtuZ#113,,True,https://lichess.org/training/z4gUn
sBI7J,1rb5/R5p1/2B1pk1p/2Pp1p2/3P1N1P/1r2P1P1/5P2/6K1 b - - 0 39,g7g5 f4h5 f6g6 c6e8,1446,77,84,292,endgame mate mateIn2 short,https://lichess.org/8iJiNWY5/black#78,,True,https://lichess.org/training/sBI7J
ffCoQ,8/p5bk/B1p5/2Pb3p/1P3R1B/P1P1p2P/6r1/5K2 w - - 2 31,c3c4 e3e2 f1e1 g7c3,1447,75,96,19452,advancedPawn endgame master mate mateIn2 short,https://lichess.org/Htzlm5Zz#61,,True,https://lichess.org/training/ffCoQ
0K8Kv,r6k/p5Rp/2p3r1/4B1p1/4N1Q1/7P/P3b1PK/3q4 b - - 1 26,e2g4 g7g6,1448,78,49,229,discoveredAttack master mate mateIn1 middlegame oneMove,https://lichess.org/VrvQtTAD/black#52,,True,https://lichess.org/training/0K8Kv
Ko9PR,1k5r/6R1/p2p4/1p6/3N1b2/1BP2K2/PP5q/8 b - - 2 39,f4e5 d4c6 b8c8 b3e6,1448,76,100,598,endgame mate mateIn2 short,https://lichess.org/bL6LxFNe/black#78,,True,https://lichess.org/training/Ko9PR
aftQk,8/4k3/2Q1P3/2p5/1b3P2/p7/2Kr4/8 w - - 1 72,c2b1 a3a2 b1a1 b4c3,1449,75,95,24033,advancedPawn endgame mate mateIn2 short,https://lichess.org/R8poKMzw#143,,True,https://lichess.org/training/aftQk
lktL9,2R5/3N1ppk/3B4/2Pp4/3b4/4n1PP/7r/5K2 w - - 3 35,f1e1 d4c3,1449,80,70,383,endgame master mate mateIn1 oneMove,https://lichess.org/nGaDifvQ#69,,True,https://lichess.org/training/lktL9
pMgkG,5k2/p6R/1b3Bp1/1p6/2b5/5B1P/5rPK/8 b - - 0 35,c4g8 f6e7 f8e8 f3c6,1449,74,89,1533,endgame mate mateIn2 short,https://lichess.org/btw6m4Ai/black#70,,True,https://lichess.org/training/pMgkG
Yi77F,r1b4k/pp4pp/2p2r2/2b1p3/2BnPpPq/2N2P2/PP1B2PN/R2Q1R1K w - - 4 22,d2e1 h4h2 h1h2 f6h6 e1h4 h6h4 h2g1 d4e2,1451,76,92,178,attraction doubleCheck kingsideAttack mate mateIn4 middlegame sacrifice veryLong,https://lichess.org/L3wHHVro#43,,True,https://lichess.org/training/Yi77F
76YYX,6R1/5p1p/4p2k/P3P3/1B1P1p1P/2P4K/2r1b1P1/8 w - - 2 45,g2g4 e2f1,1451,78,85,766,endgame mate mateIn1 oneMove,https://lichess.org/Kbk55ZnU#89,,True,https://lichess.org/training/76YYX
9n4jk,2r3k1/7p/2b2R2/b2pR3/2rB2P1/2P2PKP/8/8 b - - 7 52,a5c3 e5g5 g8h8 f6f8,1451,79,92,2221,doubleCheck mate mateIn2 middlegame short,https://lichess.org/127csK5D/black#104,,True,https://lichess.org/training/9n4jk
U15gU,r1bqk3/pp3pp1/3p4/2p1P1b1/4P1n1/1NN5/PPP4r/R1BQKBR1 w Qq - 0 14,g1g4 g5h4 g4g3 h4g3,1452,76,93,2599,mate mateIn2 middlegame short,https://lichess.org/4wOddzf8#27,Philidor_Defense Philidor_Defense_Lion_Variation,True,https://lichess.org/training/U15gU
ALKDn,R7/2N2k1p/3p4/3P4/4PBb1/6Pn/4r2K/8 w - - 10 39,h2h1 g4f3,1453,81,89,1033,endgame mate mateIn1 oneMove,https://lichess.org/HrkFu0Ob#77,,True,https://lichess.org/training/ALKDn
dQtlQ,8/2P4R/6R1/p2P4/3b1k1P/4n3/1r6/5K2 w - - 1 45,f1e1 d4c3,1457,87,86,3276,endgame mate mateIn1 oneMove,https://lichess.org/B2lXXULB#89,,True,https://lichess.org/training/dQtlQ
fr0gQ,8/1R6/3Bp1pk/p3Pb1p/5P2/P2p2K1/2r3P1/8 b - - 0 42,d3d2 d6f8,1457,244,70,23,endgame mate mateIn1 oneMove,https://lichess.org/Cg7ZDe1m/black#84,,True,https://lichess.org/training/fr0gQ
xUACU,8/1R6/8/P3bk1p/1R5P/4n3/r7/4K3 w - - 5 50,b4b3 e5g3,1458,81,86,1563,endgame mate mateIn1 oneMove,https://lichess.org/694o4BnO#99,,True,https://lichess.org/training/xUACU
LVFQm,2k5/7R/3Np1p1/3bB3/3Pp3/4r3/2r2PK1/8 b - - 1 47,c8d8 e5f6,1459,76,86,498,endgame mate mateIn1 oneMove,https://lichess.org/TSylcCmD/black#94,,True,https://lichess.org/training/LVFQm
B6mch,7k/p5R1/1b2N1P1/1bp4P/8/2p2P2/PP3r2/2K4R w - - 1 36,g7b7 c3b2 c1b1 b5d3,1459,74,95,4460,advancedPawn endgame mate mateIn2 short,https://lichess.org/wxCmyjTc#71,,True,https://lichess.org/training/B6mch
gCJe0,7k/2p1r2p/p4p2/1p1P1QPR/1P3P2/P1b4P/4r1K1/8 w - - 1 41,g2f3 e7e3 f3g4 e2g2 g4h4 c3e1,1459,166,100,14,endgame long mate mateIn3,https://lichess.org/6EU3RxY9#81,,True,https://lichess.org/training/gCJe0
HSx6N,3kr3/R4pbp/B1p3p1/2Bb4/3P2P1/8/Pr3P1P/5K2 b - - 0 23,b2a2 c5b6,1462,79,91,576,mate mateIn1 middlegame oneMove,https://lichess.org/i71iJgvp/black#46,,True,https://lichess.org/training/HSx6N
iE31h,8/PB4p1/7k/7p/1P3bnP/2P4b/5r2/1R5K w - - 3 44,a7a8q f2h2 h1g1 f4e3,1462,77,96,3883,mate mateIn2 middlegame short,https://lichess.org/L0eIJHeq#87,,True,https://lichess.org/training/iE31h
N9Sbe,8/5k2/1P2b3/8/3p1bpR/1NP5/5r2/3KR3 w - - 0 42,b6b7 e6b3,1463,80,46,153,endgame hangingPiece master mate mateIn1 oneMove,https://lichess.org/5XJQpyEh#83,,True,https://lichess.org/training/N9Sbe
pkdkU,2kr2r1/5R2/4n2p/pB2B2p/1b1pP3/1P1P3P/2P3P1/6K1 b - - 0 26,g8f8 b5a6,1463,92,76,346,mate mateIn1 middlegame oneMove,https://lichess.org/iUT89nGz/black#52,,True,https://lichess.org/training/pkdkU
pklw7,1n1rk1q1/R6p/2p5/1p1p3B/2p5/2B5/5PPP/6K1 b - - 4 27,e8f8 c3b4 c6c5 b4c5 d8d6 c5d6,1464,75,78,438,endgame exposedKing long mate mateIn3,https://lichess.org/pXYWYRkp/black#54,,True,https://lichess.org/training/pklw7
4u5Rx,6k1/R7/5N1p/4Bpp1/3p2P1/4n2P/1b1r4/6K1 b - - 3 50,g8f8 e5d6,1465,76,89,833,endgame mate mateIn1 oneMove,https://lichess.org/8MDmjTzu/black#100,,True,https://lichess.org/training/4u5Rx
WQkKz,8/pp2B3/3R4/8/k6P/P1Kp4/4b2r/8 b - - 5 42,a4a3 d6a6,1466,83,79,317,doubleCheck endgame mate mateIn1 oneMove,https://lichess.org/zmB4sThJ/black#84,,True,https://lichess.org/training/WQkKz
Wy46f,3k1br1/R7/Bp2pB2/3b4/5p2/2P5/3K3P/8 b - - 1 34,d8e8 a6b5 d5c6 b5c6,1466,74,82,1305,endgame mate mateIn2 short,https://lichess.org/zko3mRDv/black#68,,True,https://lichess.org/training/Wy46f
ildCy,r7/3r1pBp/1R2b3/1R6/2p2k2/2Pn1P2/P5PP/6K1 b - - 0 35,a8a2 g7h6,1467,78,94,3645,mate mateIn1 middlegame oneMove,https://lichess.org/RXwq1EMS/black#70,,True,https://lichess.org/training/ildCy
iutqX,3r1kr1/1R6/p2p1N2/4p3/2p2pB1/3p1P2/P7/4bK2 b - - 3 37,e1h4 f6h7 f8e8 g4h5 g8g6 h5g6,1468,78,94,5929,endgame exposedKing long mate mateIn3,https://lichess.org/XCQck9ZW/black#74,,True,https://lichess.org/training/iutqX
36pps,8/4Q2p/6pk/8/3bp3/5b2/7r/1R1K4 w - - 0 42,d1c1 d4e3,1468,86,64,88,endgame master mate mateIn1 oneMove,https://lichess.org/Qof3Em7I#83,,True,https://lichess.org/training/36pps
rMbYN,6k1/pP6/8/8/2PbPN2/P4bp1/5r1P/1R3K2 w - - 1 36,f1e1 d4c3,1469,77,91,5513,endgame master mate mateIn1 oneMove,https://lichess.org/kISfRuIj#71,,True,https://lichess.org/training/rMbYN
qI5xc,7R/pp6/1k2PB2/3p4/4b3/5n2/1r5P/2R3K1 w - - 1 36,g1f1 e4d3,1471,78,83,133,endgame mate mateIn1 oneMove,https://lichess.org/OKtNafEp#71,,True,https://lichess.org/training/qI5xc
14rcz,8/7R/3B2p1/1k6/3b2P1/1P1NnP2/r6P/5K2 w - - 2 36,f1e1 d4c3,1472,77,94,335,endgame mate mateIn1 oneMove,https://lichess.org/wjz8naT1#71,,True,https://lichess.org/training/14rcz
YBlUD,8/5pk1/3p2p1/3B4/p3P3/1P1b1P2/1b5r/2K3Q1 w - - 3 43,c1d1 d3c2 d1e1 b2c3 e1f1 c2d3,1473,75,79,237,endgame exposedKing long mate mateIn3,https://lichess.org/SD5LeXcZ#85,,True,https://lichess.org/training/YBlUD
1Hlh6,3Bk2r/p2n1p1p/2Q3p1/5b2/1b1P4/4P3/P2r1PPP/Rn1K1BNR w k - 7 16,d1c1 b4a3,1476,76,96,3543,mate mateIn1 middlegame oneMove,https://lichess.org/hjzq0BPc#31,Queens_Gambit_Declined Queens_Gambit_Declined_Exchange_Variation,True,https://lichess.org/training/1Hlh6
o2oyB,r7/pppb4/2kb4/N5R1/8/2PB4/PP1K4/8 b - - 6 38,c6b6 a5c4 b6c6 d3e4,1476,76,97,11590,endgame mate mateIn2 short,https://lichess.org/exNPBMMS/black#76,,True,https://lichess.org/training/o2oyB
J86Hv,1k6/6pp/p1N5/2PB4/8/P1Pn4/1r1r4/5RK1 b - - 5 38,b8c7 f1f7 c7c8 d5e6,1477,77,78,86,endgame mate mateIn2 short,https://lichess.org/EZ5dtgEv/black#76,,True,https://lichess.org/training/J86Hv
IiLxP,3r2k1/p4p1p/bp2p1p1/2p1P2q/4QBPP/2P1PP2/PP3K2/RB5r w - - 0 22,g4h5 d8d2 f2g3 h1g1 g3h3 a6f1,1477,75,97,21026,long mate mateIn3 middlegame,https://lichess.org/ObEPVLiH#43,,True,https://lichess.org/training/IiLxP
e9ZfR,r3k2r/ppp2Rpp/3P4/6qn/2B5/2P5/P1P1R2p/7K b - - 0 20,e8d8 d6c7 d8c8 c4e6,1479,75,88,3720,advancedPawn mate mateIn2 middlegame short,https://lichess.org/QjExQjVO/black#40,,True,https://lichess.org/training/e9ZfR
oBCll,4k3/1p5R/p2P4/8/1B4p1/8/PPK4p/6r1 b - - 2 39,h2h1q d6d7 e8d8 b4a5 b7b6 a5b6,1479,77,93,438,advancedPawn endgame exposedKing long mate mateIn3,https://lichess.org/5AXWT5u5/black#78,,True,https://lichess.org/training/oBCll
QH0od,4rrk1/1Pp2pQp/p1q5/b1PR4/8/P4PBP/5P1K/6R1 b - - 0 28,g8g7 g3e5 g7h6 e5f4,1480,75,92,2034,doubleCheck mate mateIn2 middlegame short,https://lichess.org/ZhvD74Od/black#56,,True,https://lichess.org/training/QH0od
cw7AQ,8/4R2k/1pBP1p1p/2n2N2/p3P3/5P1P/rr6/5K2 b - - 5 47,h7g6 e7g7 g6h5 c6e8,1480,76,99,3442,endgame mate mateIn2 short,https://lichess.org/eTcM0GwH/black#94,,True,https://lichess.org/training/cw7AQ
8CSDj,R7/ppk5/2p4p/2bp3B/2N1P1P1/1P1P4/b1P4r/2KR4 w - - 0 27,c4e5 c5a3,1480,75,90,6563,mate mateIn1 middlegame oneMove,https://lichess.org/kvQvRHEb#53,,True,https://lichess.org/training/8CSDj
sGbeK,2k5/ppp3Np/6b1/8/1bPB4/4r3/P4rPP/R2K3R w - - 2 27,d4e3 g6c2 d1c1 b4a3,1484,75,93,11658,mate mateIn2 middlegame short,https://lichess.org/tflR3S60#53,,True,https://lichess.org/training/sGbeK
KWH4Y,6k1/1R6/5Np1/1p4Bp/3b1P1P/2n5/1r4PK/8 b - - 6 44,g8f8 g5h6,1485,76,81,447,endgame master mate mateIn1 oneMove,https://lichess.org/lw1k4Rq9/black#88,,True,https://lichess.org/training/KWH4Y
c1Qs3,2r3kr/1R1B3p/p3p1p1/8/8/4b3/PP4PP/5R1K b - - 3 26,c8c1 d7e6,1486,87,77,649,endgame master mate mateIn1 oneMove,https://lichess.org/g3vIrQuL/black#52,,True,https://lichess.org/training/c1Qs3
D1Gh4,8/8/3R1kpB/1pP2p1p/8/1P3K2/2r4b/8 b - - 3 44,f6e5 h6g7,1486,77,91,3722,endgame mate mateIn1 oneMove,https://lichess.org/YT8umD3K/black#88,,True,https://lichess.org/training/D1Gh4
xGHDX,4b1k1/1R5p/2p1p3/3pB3/3P2p1/P1KBb3/6r1/8 b - - 1 30,e3h6 d3h7 g8f8 e5d6,1488,76,96,14606,endgame mate mateIn2 short,https://lichess.org/gwMNXXzp/black#60,,True,https://lichess.org/training/xGHDX
Q8dHx,2r2k2/R5Bp/p3B3/1b1p4/3P4/4K1P1/2r4P/8 b - - 0 32,f8e8 e6f7 e8d8 g7f6,1489,76,100,571,endgame mate mateIn2 short,https://lichess.org/FEQy1C4c/black#64,,True,https://lichess.org/training/Q8dHx
687AH,8/6kR/p5p1/B3ppN1/3p2n1/1P4K1/1r6/8 b - - 3 44,g7f6 a5d8,1490,76,97,1507,endgame mate mateIn1 oneMove,https://lichess.org/5fqmFHvG/black#88,,True,https://lichess.org/training/687AH
8w1wf,5k2/1R6/5P1K/8/2p3PP/8/1P2b3/7r w - - 1 54,g4g5 h1h4 h6g6 e2d3,1491,76,94,13377,endgame mate mateIn2 short,https://lichess.org/axTOcH8T#107,,True,https://lichess.org/training/8w1wf
xFms4,7k/pb4p1/1p2P3/8/8/P5B1/1P4rP/4R2K w - - 0 31,e6e7 g2g3 e1e4 b7e4,1492,91,35,26,discoveredAttack endgame mate mateIn2 short,https://lichess.org/RZcApb3V#61,,True,https://lichess.org/training/xFms4
jAXy0,r1b3k1/pp4pp/2nq1rn1/3R4/2B5/5NQ1/PPP2PPP/2K1R3 b - - 0 17,d6g3 d5d8,1494,81,91,2054,doubleCheck master mate mateIn1 middlegame oneMove,https://lichess.org/C8TR2PMx/black#34,French_Defense French_Defense_Classical_Variation,True,https://lichess.org/training/jAXy0
3ywIo,r2k3r/p3Rppp/2pB4/3b4/8/8/PqP2PPP/4RBK1 b - - 1 18,b2f6 d6c7 d8c8 f1a6,1496,76,92,4018,mate mateIn2 middlegame short,https://lichess.org/B7d6GPrG/black#36,Sicilian_Defense Sicilian_Defense_French_Variation,True,https://lichess.org/training/3ywIo
8DQo2,4rnk1/1b2bpp1/p1r4p/1ppqPN2/8/7P/PPQ2PPB/1B2RRK1 w - - 4 23,e1d1 d5g2 g1g2 c6g6,1496,74,95,21872,attraction doubleCheck kingsideAttack master mate mateIn2 middlegame sacrifice short,https://lichess.org/SciOcjq4#45,,True,https://lichess.org/training/8DQo2
nPVAN,6Q1/3Q4/1p3k2/1Pb1p3/3n2p1/5pP1/2p4r/3K1R2 w - - 0 51,d1c1 c5a3,1497,77,87,445,endgame mate mateIn1 oneMove,https://lichess.org/7EGYB0qJ#101,,True,https://lichess.org/training/nPVAN
80PR8,8/p5pk/7p/3p4/4b1Q1/P1P2r1q/1P4P1/6RK w - - 0 35,g2h3 f3h3,1498,81,89,2022,doubleCheck endgame mate mateIn1 oneMove,https://lichess.org/EzDhJQ1q#69,,True,https://lichess.org/training/80PR8
TIYPT,1b6/1p1b2k1/8/3R1pN1/3pp3/PN1P1PP1/5K1r/3Q1R1r w - - 3 35,f2e1 b8g3,1499,82,73,133,mate mateIn1 middlegame oneMove,https://lichess.org/dYVgNsAv#69,,True,https://lichess.org/training/TIYPT
3t9jd,2k5/8/8/5R2/2Pb4/4p3/P4B1r/5K2 w - - 0 37,f2g3 e3e2 f1e1 d4c3,1500,75,96,8795,advancedPawn endgame mate mateIn2 short,https://lichess.org/FnvTBBsI#73,,True,https://lichess.org/training/3t9jd
6G8sD,1k5r/p1p1R1R1/1p2B1p1/6K1/1PP5/P5P1/2b2r1P/8 w - - 9 41,e7c7 h8h5 g5g4 c2d1,1500,74,93,941,endgame mate mateIn2 short,https://lichess.org/mvnWT3x6#81,,True,https://lichess.org/training/6G8sD
FJqyF,7r/p2pkppp/4p3/2b5/2P1Q3/2NBn3/Pr4PP/4K2R w K - 2 22,c3a4 c5b4 a4c3 b4c3,1500,76,99,1121,mate mateIn2 middlegame short,https://lichess.org/J8glxzwo#43,,True,https://lichess.org/training/FJqyF
qX7aC,6k1/1B3ppp/p3p3/1p4b1/1B6/N1P4P/Pr4Pn/R3K3 w - - 0 27,a1d1 g5h4 g2g3 h4g3,1502,84,76,44,mate mateIn2 middlegame short,https://lichess.org/Q3PfWtI0#53,,True,https://lichess.org/training/qX7aC
uHNkY,8/5Qb1/p1R4p/5b2/5Ppk/1P1r4/P3p2P/5RK1 w - - 4 38,f1e1 g7d4 g1g2 f5e4,1505,78,97,6678,endgame mate mateIn2 short,https://lichess.org/OIZqNc1e#75,,True,https://lichess.org/training/uHNkY
EqQvE,8/8/3bkpQ1/1p1p4/3PpP2/1Pp1P1P1/6r1/4K3 w - - 0 33,e1d1 c3c2 d1c1 d6a3,1508,77,89,360,advancedPawn endgame mate mateIn2 short,https://lichess.org/a1RyOlM6#65,,True,https://lichess.org/training/EqQvE
gOSIW,2r3k1/p2N3p/bp2p1p1/1n1p2P1/q2P1B2/P1P1PP2/1P4P1/2KR3R b - - 0 25,b5a3 d7f6 g8f7 h1h7 f7f8 f4d6,1508,77,95,19476,deflection kingsideAttack long mate mateIn3 middlegame,https://lichess.org/woCC9ZaT/black#50,,True,https://lichess.org/training/gOSIW
FZnlt,6k1/1R6/5Np1/6Bp/1pP2PbP/4K3/1r6/4b3 b - - 15 47,g8f8 g5h6,1509,77,99,1439,endgame mate mateIn1 oneMove,https://lichess.org/BZKB5bUL/black#94,,True,https://lichess.org/training/FZnlt
O0WYB,8/pp4bk/6b1/3B2P1/6QP/P1NPn3/1r6/4K3 w - - 1 40,g4f3 g7c3,1511,101,100,151,hangingPiece master mate mateIn1 middlegame oneMove,https://lichess.org/03xQez3l#79,,True,https://lichess.org/training/O0WYB
5Q6OX,2k4B/ppp4p/7n/2b5/2B5/1PN1p2P/P1b2r2/R2K3R w - - 0 18,d1c1 c5a3,1512,85,85,679,mate mateIn1 middlegame oneMove,https://lichess.org/frINACwk#35,Elephant_Gambit Elephant_Gambit_Other_variations,True,https://lichess.org/training/5Q6OX
E9sFI,3r2k1/1p3pp1/pbp3bp/8/7P/1BP3P1/PP1r4/2Q1RR1K w - - 6 32,e1d1 g6e4 f1f3 e4f3,1513,76,88,172,kingsideAttack mate mateIn2 middlegame short,https://lichess.org/Qz3paTOY#63,,True,https://lichess.org/training/E9sFI
5jLPl,6k1/pR6/2p3P1/2br3K/7R/8/8/8 w - - 9 37,h5h6 c5e3 h4f4 e3f4,1513,76,96,3825,endgame master mate mateIn2 short,https://lichess.org/VbXm0yxb#73,,True,https://lichess.org/training/5jLPl
0QpRi,r4r1k/p1p2q1Q/1p2pP1R/1Pn3p1/8/P3P3/1B3PP1/3RKB2 b - - 0 24,f7h7 f6f7 e6e5 b2e5,1518,77,94,2579,advancedPawn discoveredAttack kingsideAttack mate mateIn2 middlegame pin short,https://lichess.org/l9mwDJa9/black#48,,True,https://lichess.org/training/0QpRi
9192s,7r/7p/R6B/2p2kp1/nbP5/5K2/3r1PP1/8 b - - 4 39,h8d8 g2g4 f5e5 h6g7,1521,75,97,4133,endgame mate mateIn2 short,https://lichess.org/16OVSpOv/black#78,,True,https://lichess.org/training/9192s
eY1dH,8/p3bkpR/2p1Np1B/P3pP2/4P3/2p5/6r1/3K4 w - - 0 37,h6g7 c3c2 d1c1 e7a3,1522,75,80,200,advancedPawn endgame mate mateIn2 short,https://lichess.org/9az2kM7w#73,,True,https://lichess.org/training/eY1dH
H3Tl5,5r2/6k1/b5p1/p2Bp3/1r2Pp1K/1P3P1P/R5P1/3R4 w - - 0 40,a2a5 f8h8 h4g5 h8h5 g5g4 a6c8 d5e6 c8e6,1525,75,83,119,endgame mate mateIn4 veryLong,https://lichess.org/SWKllQ9a#79,,True,https://lichess.org/training/H3Tl5
gT65X,r1b3r1/pp1p1k1R/8/3p4/3B1PP1/5n2/P1P5/2K1R3 b - - 0 24,f7f8 d4c5 d7d6 c5d6,1526,74,89,668,mate mateIn2 middlegame short,https://lichess.org/TiMKlh2w/black#48,,True,https://lichess.org/training/gT65X
YK4em,8/1R3R1p/5bpk/5p2/7P/6Pn/3r4/3B2K1 w - - 2 46,g1f1 d2f2 f1e1 f6c3,1526,76,94,1502,endgame mate mateIn2 short,https://lichess.org/oeuJ5nTS#91,,True,https://lichess.org/training/YK4em
wtaPM,6k1/R4N2/1p2p1p1/b2bPp1p/P2P1P2/4B1rP/8/5K2 w - - 0 42,e3f2 d5c4,1527,78,89,3841,endgame master mate mateIn1 oneMove,https://lichess.org/sRKKUWgQ#83,,True,https://lichess.org/training/wtaPM
gLWH2,5r1r/1bp2p1k/1p2p2p/p2qP1R1/8/2PQP1P1/2B3PP/5RK1 b - - 0 27,d5d3 c2d3 b7e4 d3e4 f7f5 e5f6,1535,79,88,125,discoveredAttack enPassant long mate mateIn3 middlegame,https://lichess.org/CBYMR7VI/black#54,,True,https://lichess.org/training/gLWH2
sYah6,3Q4/1b3p1k/6rp/p1b2N2/1pP5/1P3q1P/P5P1/3RR2K w - - 0 30,g2f3 b7f3 h1h2 g6g2 h2h1 g2a2,1538,75,93,693,discoveredAttack exposedKing fork long mate mateIn3 middlegame,https://lichess.org/UhC09j6x#59,,True,https://lichess.org/training/sYah6
TFG12,r3r1k1/pR5R/6p1/7n/8/b3P2P/2B3P1/6K1 b - - 0 24,a3f8 c2b3 e8e6 b3e6,1538,75,96,2025,mate mateIn2 middlegame short,https://lichess.org/DGfwLiNe/black#48,,True,https://lichess.org/training/TFG12
FXwn6,1k6/p1p5/1p6/6PP/2P3n1/1P1bPr2/P7/R3R1K1 w - - 0 38,g5g6 f3g3 g1h1 d3e4,1538,74,93,3143,endgame mate mateIn2 short,https://lichess.org/i9wETsgI#75,,True,https://lichess.org/training/FXwn6
23dRp,6k1/1R2B1p1/p1B1p3/5p2/3b4/4n1N1/P6r/4K3 w - - 2 32,e7g5 d4c3,1539,86,30,255,mate mateIn1 middlegame oneMove,https://lichess.org/Mbz7rxdJ#63,,True,https://lichess.org/training/23dRp
f527f,rn4b1/ppp3k1/5n2/5N2/3q2P1/8/P4P1P/2B1R1K1 b - - 1 23,g7f7 e1e7 f7f8 c1h6,1539,76,90,617,mate mateIn2 middlegame short,https://lichess.org/xbb3Pvwm/black#46,,True,https://lichess.org/training/f527f
eQEPk,3k1r1r/R6p/4Bp2/8/Pp6/4B3/1PP3bP/3K4 b - - 1 34,f8e8 e3b6,1540,102,50,82,endgame mate mateIn1 oneMove,https://lichess.org/edFx2DxF/black#68,,True,https://lichess.org/training/eQEPk
iZMqV,6k1/p2R4/4p1R1/5p2/1bb5/4BK2/q4P1P/8 b - - 0 33,g8h8 e3d4 e6e5 d4e5,1545,77,96,25026,endgame mate mateIn2 short,https://lichess.org/CNuAsIi8/black#66,,True,https://lichess.org/training/iZMqV
GD9Ri,1k6/1p3p1r/p1pNnp2/6b1/2KPR3/7r/PP2BP2/5R2 w - - 2 32,d6f7 b7b5 c4b4 g5d2,1548,75,86,92,mate mateIn2 middlegame short,https://lichess.org/TGjLkPGQ#63,,True,https://lichess.org/training/GD9Ri
36w5w,3r2k1/1pR4B/p1b4p/4B3/5pPb/7P/Pr3P1K/8 b - - 2 36,g8f8 e5g7 f8e8 h7g6,1553,93,74,37,fork mate mateIn2 middlegame short,https://lichess.org/EdBi76ni/black#72,,True,https://lichess.org/training/36w5w
e4vTo,5k2/pp5p/1n2B1p1/1b2Bp2/1b2n3/4N2Q/PP1r1rPP/R5KR w - - 2 26,h3h7 f2g2 e3g2 b4c5 e5d4 c5d4 g2e3 d4e3,1554,74,97,2921,kingsideAttack mate mateIn4 middlegame sacrifice veryLong,https://lichess.org/2zR1wu32#51,,True,https://lichess.org/training/e4vTo
K15zZ,r4k2/5P1R/6pK/BP6/7P/8/3p3P/5b2 b - - 0 41,d2d1q a5b4 d1d6 b4d6,1554,75,98,5269,endgame mate mateIn2 short,https://lichess.org/J06lGk4H/black#82,,True,https://lichess.org/training/K15zZ
a6dgd,8/1b1kP2Q/3p4/1p6/8/8/2n3rP/2R1K3 w - - 3 41,e1d1 b7f3,1556,81,57,460,endgame mate mateIn1 oneMove,https://lichess.org/ZSHIJmHP#81,,True,https://lichess.org/training/a6dgd
vdVD4,8/4P3/6pk/1p3p2/p4Pb1/P3Q3/1Pr4r/4RK2 w - - 3 51,e7e8q h2h1 e3g1 g4h3,1557,75,94,6464,endgame mate mateIn2 pin short,https://lichess.org/8T7y5I4z#101,,True,https://lichess.org/training/vdVD4
4EswS,r1r2k2/6pp/4R2b/p7/2B5/1P4PP/2K5/5R2 b - - 4 32,f8g8 e6e8,1559,86,74,432,doubleCheck endgame mate mateIn1 oneMove,https://lichess.org/rScpUwNw/black#64,,True,https://lichess.org/training/4EswS
WJ2Tg,1R6/k1b2PNp/2p2B2/pp6/K1P3r1/1B4P1/PP5P/R7 w - - 0 46,a4a3 c7d6 c4c5 d6c5,1560,75,96,6156,fork mate mateIn2 middlegame short,https://lichess.org/kKu0CXHt#91,,True,https://lichess.org/training/WJ2Tg
fDxir,2R2n1k/p6R/6Pb/4pB2/1q2P3/8/1P6/K7 b - - 6 40,h8g8 f5e6,1560,88,69,90,endgame mate mateIn1 oneMove pin,https://lichess.org/dag4SJZY/black#80,,True,https://lichess.org/training/fDxir
fDIXj,5k1r/1r1p1p2/4pN2/2B1P3/4R3/1pb5/P4PP1/6K1 b - - 0 35,f8g7 e4g4 g7h6 c5e3,1561,75,79,94,endgame mate mateIn2 short,https://lichess.org/iSncGi8x/black#70,,True,https://lichess.org/training/fDIXj
FY4qV,8/8/2R1B3/p5pk/3P1rn1/6K1/P7/8 b - - 0 53,f4d4 e6f7,1562,81,82,173,endgame mate mateIn1 oneMove,https://lichess.org/dgxJcgEV/black#106,,True,https://lichess.org/training/FY4qV
8XPiF,8/2R3k1/7p/1B4p1/P2b4/5R1P/r5r1/7K b - - 1 44,g7g6 b5e8,1562,86,75,447,endgame mate mateIn1 oneMove,https://lichess.org/g20Y2zn0/black#88,,True,https://lichess.org/training/8XPiF
fzLMg,5k2/7R/1R4p1/2p2p2/2PbrK2/8/7P/8 w - - 1 39,f4g5 e4g4 g5h6 d4e3,1563,78,97,2371,endgame mate mateIn2 short,https://lichess.org/LSw03WOp#77,,True,https://lichess.org/training/fzLMg
5kGOX,5b1r/1pk3p1/pq1Rp1Q1/1b2P3/7r/P4B2/1P4PP/R1B4K w - - 3 25,d6b6 h4h2 h1g1 f8c5 c1e3 c5e3,1564,74,97,12585,fork long mate mateIn3 middlegame,https://lichess.org/x79qdsa7#49,,True,https://lichess.org/training/5kGOX
5yhiu,2bk4/R4K2/p3p1p1/3pB3/3P4/5P2/6r1/8 b - - 15 61,g2b2 e5f6,1565,89,70,144,endgame mate mateIn1 oneMove,https://lichess.org/tVN6YaIF/black#122,,True,https://lichess.org/training/5yhiu
SUtHr,8/1p6/2b4R/p4R2/6P1/P5kP/1P1p2r1/4K3 w - - 0 44,e1d1 c6a4 b2b3 a4b3,1567,75,90,558,endgame mate mateIn2 short,https://lichess.org/lEWETwVd#87,,True,https://lichess.org/training/SUtHr
r4CV3,r2r2k1/pppbNR2/3p4/2b1p3/2BnP1P1/3P2KP/PP6/8 b - - 12 31,g8h8 e7g6 h8g8 f7d7 d6d5 c4d5 d4e6 d5e6,1573,78,90,544,discoveredAttack exposedKing kingsideAttack mate mateIn4 middlegame veryLong,https://lichess.org/yPjoitrb/black#62,,True,https://lichess.org/training/r4CV3
ukzvj,r7/8/6R1/3p3p/pBnP3k/2P5/2K3P1/8 b - - 0 41,a4a3 b4e7,1573,80,83,263,endgame mate mateIn1 oneMove,https://lichess.org/2bvD8WqC/black#82,,True,https://lichess.org/training/ukzvj
0847q,r1b2Q2/p3b3/3N3p/2R5/1P3p1k/P2q3P/1B3PP1/5RK1 b - - 0 31,e7f8 b2f6,1574,82,90,2363,mate mateIn1 middlegame oneMove,https://lichess.org/hyIS6Cb8/black#62,,True,https://lichess.org/training/0847q
jetQl,8/2p5/3pk3/1B6/pR1K2p1/r3Bb2/5P2/8 w - - 6 49,b4a4 c7c5 d4c4 f3e2,1575,74,95,27423,endgame mate mateIn2 short,https://lichess.org/arA8q1pZ#97,,True,https://lichess.org/training/jetQl
eVboK,3rkb1r/2R5/p3pp1p/Q1P1Bbp1/8/8/3qB1PP/5RK1 b k - 0 24,d2a5 e2h5 f5g6 h5g6,1576,78,94,1288,mate mateIn2 middlegame short,https://lichess.org/w6wYpY69/black#48,,True,https://lichess.org/training/eVboK
54dYn,5rk1/3b1p2/4p1p1/3pP1N1/p2q1P2/PrR3QP/6P1/4BK1R w - - 0 28,g3h4 d7b5 c3c4 b5c4,1578,74,95,16430,mate mateIn2 middlegame short,https://lichess.org/XT8a3VV4#55,,True,https://lichess.org/training/54dYn
ZFyN0,6k1/R5pp/8/2P1p3/8/3b2N1/1b4rP/3K3R w - - 1 25,h1f1 d3c2 d1e1 b2c3,1578,77,94,175,endgame mate mateIn2 short,https://lichess.org/TP3F1BJr#49,,True,https://lichess.org/training/ZFyN0
wiclX,5r2/R4pk1/1p2R1p1/3pP3/3PbP2/P3Nn2/5Q1r/5K2 w - - 0 36,f2g3 e4d3,1579,85,87,6022,mate mateIn1 middlegame oneMove,https://lichess.org/wOHHXoe7#71,,True,https://lichess.org/training/wiclX
4Davv,8/5RN1/4pB2/4P3/1p1bk3/1P4P1/r1n1K2P/8 w - - 3 43,g7e6 c2e3 e2e1 d4c3,1580,78,95,1941,discoveredAttack endgame mate mateIn2 short,https://lichess.org/H1hfUn5l#85,,True,https://lichess.org/training/4Davv
HLE9e,2kr3r/Bpp1R3/p6p/6p1/PPB5/3P3P/8/3n2K1 b - - 1 23,b7b6 c4a6,1580,83,82,632,endgame mate mateIn1 oneMove,https://lichess.org/1FWG5DmP/black#46,,True,https://lichess.org/training/HLE9e
UaDfG,2k5/2p3R1/1pNb4/1Bn5/P7/6P1/1r6/5K2 b - - 0 33,c5e4 b5a6,1581,85,89,1517,endgame master mate mateIn1 oneMove,https://lichess.org/pLTNJ1PJ/black#66,,True,https://lichess.org/training/UaDfG
E6Esn,8/7p/1p2k1p1/P2b4/3Bp3/3nP3/6rP/RN1K4 w - - 0 37,a5b6 d5b3,1581,116,100,33,endgame master mate mateIn1 oneMove,https://lichess.org/c2N1A1Ix#73,,True,https://lichess.org/training/E6Esn
l9iut,6k1/pN6/2n2RBP/4p1P1/4P1b1/P4nB1/1P1r4/5K2 w - - 1 41,b7c5 g4h3,1584,108,100,84,master mate mateIn1 middlegame oneMove,https://lichess.org/vrZ9vjwY#81,,True,https://lichess.org/training/l9iut
ThL8U,3r3k/6Rp/6p1/1p2B1P1/5PK1/1r5P/1P6/8 b - - 0 38,d8d3 g7g6,1584,84,92,2333,discoveredAttack endgame mate mateIn1 oneMove,https://lichess.org/9SmsEuzU/black#76,,True,https://lichess.org/training/ThL8U
JZhsO,8/6pk/3B3p/3Np3/4P1P1/1R3PKP/2rb4/8 w - - 3 45,b3b7 d2e1,1586,80,96,395,endgame mate mateIn1 oneMove,https://lichess.org/7GOhg0Jh#89,,True,https://lichess.org/training/JZhsO
42gQv,1r3k2/p1p2p1p/2p2Np1/2b1P3/2P2P2/1P1br2P/PB4P1/R2R1K2 w - - 9 26,f1g1 e3h3 b2d4 c5d4,1586,76,92,1195,discoveredAttack kingsideAttack mate mateIn2 middlegame short,https://lichess.org/EHe8Bmwd#51,,True,https://lichess.org/training/42gQv
jrbbR,5r2/4k3/3p2QP/2b1p1N1/4P3/4r3/6P1/1R1R1K2 w - - 13 38,f1g1 e3h3 d1d4 c5d4,1590,74,97,3923,discoveredAttack mate mateIn2 middlegame short,https://lichess.org/MPqZD7UH#75,,True,https://lichess.org/training/jrbbR
NhgBv,r6k/pb1q3r/1p2p1R1/2p2p1Q/3n1B2/3B4/PPP3P1/2K4R b - - 0 25,h7h5 h1h5 d7h7 f4e5,1594,75,98,2676,kingsideAttack master mate mateIn2 middlegame pin short,https://lichess.org/I5O7htbd/black#50,,True,https://lichess.org/training/NhgBv
nQFYc,8/6pp/3Npb2/3b1P1k/8/3PB1QP/6r1/1K6 w - - 1 44,g3e1 d5a2 b1c1 f6b2 c1d1 a2b3,1594,95,89,106,endgame exposedKing long mate mateIn3,https://lichess.org/bbQdIY7S#87,,True,https://lichess.org/training/nQFYc
8Is1w,5b2/4rk2/2RKp2p/4P2P/2B2P2/8/8/8 w - - 11 64,c4e2 e7b7,1595,78,82,203,discoveredAttack endgame mate mateIn1 oneMove,https://lichess.org/7RHCfx6i#127,,True,https://lichess.org/training/8Is1w
hZvvo,rn3b1r/1bp2qpp/p3Bn2/1p1P4/8/PR2B3/2k2PPP/1R4K1 b - - 1 22,f8a3 e6f5 f6e4 f5e4,1597,75,99,1770,mate mateIn2 middlegame short,https://lichess.org/zE3A07Cj/black#44,,True,https://lichess.org/training/hZvvo
D6xet,r1b3k1/ppp3pp/2n5/3pp3/2Q4q/PP1Pb1pP/1BP1Nr2/RN3BKR w - - 0 15,c4h4 f2h2,1599,80,83,327,discoveredAttack mate mateIn1 middlegame oneMove,https://lichess.org/p7hyhIp0#29,Nimzo-Larsen_Attack Nimzo-Larsen_Attack_Modern_Variation,True,https://lichess.org/training/D6xet
THVKw,4r1k1/ppp2pp1/7p/3P4/2P5/PQ4Pb/RP1N3r/2BK1q2 w - - 0 25,d2f1 h3g4 b3f3 g4f3,1599,74,68,1043,mate mateIn2 middlegame short,https://lichess.org/CHCrAQbH#49,,True,https://lichess.org/training/THVKw
HHmIn,4k3/6R1/3N4/2B4p/4P3/5P1P/6PK/r2q4 b - - 7 49,e8d8 c5b6,1599,102,71,93,endgame master mate mateIn1 oneMove,https://lichess.org/1fO6UOPR/black#98,,True,https://lichess.org/training/HHmIn
3qz4W,2k2b1r/R3npp1/B7/3p2P1/3B4/1P6/2P2K2/7q b - - 3 30,c8d8 d4b6 d8e8 a6b5 e7c6 b5c6,1601,77,93,562,exposedKing long mate mateIn3 middlegame,https://lichess.org/wWjoReNs/black#60,,True,https://lichess.org/training/3qz4W
ow0M8,r7/pp5k/3R2Np/5B1n/4p3/KP4R1/7r/8 b - - 0 33,h5g3 d6d7 h7g8 f5e6,1601,75,88,371,endgame mate mateIn2 short,https://lichess.org/RkxqI7Df/black#66,,True,https://lichess.org/training/ow0M8
7hJDX,3r4/1p3k2/p1b2p2/3r1Kpp/2PB4/1P1R1P2/1P3P1P/3R4 w - - 2 28,c4d5 d8d5 f5e4 d5e5,1603,74,88,123,doubleCheck endgame mate mateIn2 short,https://lichess.org/rLtoxwh5#55,,True,https://lichess.org/training/7hJDX
wgx8w,4r2k/pP4p1/2P4p/3Bppb1/1P6/P1Q2PPb/1B2K2r/8 w - - 0 33,e2d3 h3f1,1604,108,45,204,master mate mateIn1 middlegame oneMove,https://lichess.org/HQWHPMDN#65,,True,https://lichess.org/training/wgx8w
ReQTR,3Q4/7p/3p2pk/3Pb2q/4Pr2/2P2p2/1P3P1P/5NRK w - - 3 32,f1e3 h5h2 h1h2 f4h4,1606,78,97,4754,attraction doubleCheck endgame mate mateIn2 sacrifice short,https://lichess.org/SLFjxN7M#63,,True,https://lichess.org/training/ReQTR
MlCr4,7k/1R6/3q1n1p/p2pNB2/P1pPnP1P/2P1P3/2K5/8 b - - 0 38,d6a3 e5g6 h8g8 f5e6,1607,74,96,15451,endgame mate mateIn2 short,https://lichess.org/EgrgDZJq/black#76,,True,https://lichess.org/training/MlCr4
Chwzk,r1b2k2/6R1/7p/1p5N/3B1p1K/2P4P/5PP1/q6r b - - 1 35,b5b4 d4c5 f8e8 h5f6 e8d8 c5b6,1614,74,95,11794,exposedKing long mate mateIn3 middlegame,https://lichess.org/FkNwV1Jl/black#70,,True,https://lichess.org/training/Chwzk
zHU1y,6k1/pp3pp1/3p1b1p/Q2B4/4Pp2/1N1b1P2/PPrR1qPP/K6R w - - 7 25,d2f2 f6b2 a1b1 c2f2,1617,75,89,1855,discoveredAttack intermezzo mate mateIn2 middlegame short,https://lichess.org/c2yh5whn#49,,True,https://lichess.org/training/zHU1y
H6w45,2R5/5p1k/5PpP/3p4/P3b3/5nQP/r7/5K2 w - - 5 52,g3b8 e4d3,1619,80,90,5978,endgame mate mateIn1 oneMove,https://lichess.org/WPrGJMEk#103,,True,https://lichess.org/training/H6w45
J9VyV,5k2/3R3p/p3R3/1p4pn/5b2/1B5P/Pr6/7K w - - 10 42,e6b6 h5g3 h1g1 f4e3,1620,75,93,2499,endgame mate mateIn2 short,https://lichess.org/St0iJPK6#83,,True,https://lichess.org/training/J9VyV
SqmQx,8/4k2R/p1b1pN1p/3pBpp1/3P2P1/4PPKP/Pr6/2r5 b - - 14 40,e7f8 e5d6,1620,87,89,1147,endgame master mate mateIn1 oneMove,https://lichess.org/WU6uczXR/black#80,,True,https://lichess.org/training/SqmQx
PEFAu,8/2PR4/4pk2/1Bb2p2/P6p/7P/r6r/4KR2 w - - 1 41,c7c8q a2a1 d7d1 c5b4 c8c3 b4c3,1621,75,97,1058,exposedKing long master mate mateIn3 middlegame,https://lichess.org/UXzrwY0P#81,,True,https://lichess.org/training/PEFAu
kZNK8,8/1P3pk1/4p3/1Q2Pp1p/5K2/7r/8/4b3 w - - 0 47,b7b8q e1d2,1623,77,97,2297,endgame mate mateIn1 oneMove,https://lichess.org/4fVvFtgF#93,,True,https://lichess.org/training/kZNK8
rO6eO,8/1pp4k/3p2p1/p2P3p/4r2P/1KP1b2R/PP2Q1R1/2q5 w - - 0 29,e2c2 a5a4 b3a3 e3c5,1624,74,89,219,endgame mate mateIn2 short,https://lichess.org/oc0dzd2w#57,,True,https://lichess.org/training/rO6eO
IMK8G,4r2k/pb2b1pn/1p2q2Q/2pnN3/8/6R1/PB2BP1P/3R1K2 b - - 0 33,g7h6 e5f7,1625,80,92,5593,doubleCheck master mate mateIn1 middlegame oneMove,https://lichess.org/a07r6H9s/black#66,,True,https://lichess.org/training/IMK8G
gyGqE,r5k1/1p1n1ppp/8/1b2p3/2rBP3/1NPK1PP1/P1R4P/7R w - - 0 22,d4e3 c4d4,1626,83,57,426,doubleCheck mate mateIn1 middlegame oneMove,https://lichess.org/K7DaBeu8#43,,True,https://lichess.org/training/gyGqE
IyPDX,r3r1k1/3R4/p5p1/4pqBp/PP2pP2/1Bp1P1Q1/1b4PP/1b4K1 b - - 1 32,g8f8 g5h6,1627,78,81,130,mate mateIn1 middlegame oneMove,https://lichess.org/AZP6Vfps/black#64,,True,https://lichess.org/training/IyPDX
JGUEj,2r1k3/R5N1/6pp/5p2/3B3P/4p1P1/P4qBK/5b2 b - - 2 36,e8d8 d4f6,1627,80,90,2230,mate mateIn1 middlegame oneMove,https://lichess.org/JQ6uf1kt/black#72,,True,https://lichess.org/training/JGUEj
rdNbx,4r3/5p2/p1q2Npk/2p4R/1p4R1/1PB2P2/1PP2PK1/8 b - - 0 32,g6h5 c3d2 e8e3 d2e3,1630,77,96,9693,endgame mate mateIn2 short,https://lichess.org/tU1HNAvT/black#64,,True,https://lichess.org/training/rdNbx
LagH5,1k1N4/6R1/7p/3Bp3/p6P/3p4/4qP2/6K1 b - - 1 44,d3d2 d8c6 b8c8 d5e6,1631,86,52,49,endgame mate mateIn2 short,https://lichess.org/2bI23aB4/black#88,,True,https://lichess.org/training/LagH5
GJTzP,r5k1/pR6/4pNrp/4B1p1/2Pp2P1/8/PP4n1/2K5 b - - 1 33,g8f8 e5d6,1631,82,88,811,endgame mate mateIn1 oneMove,https://lichess.org/j1WI1fnr/black#66,,True,https://lichess.org/training/GJTzP
wjSa9,8/4kp2/8/2R4p/r2K1BbP/6P1/8/8 w - - 8 43,d4e5 f7f6 e5d5 g4f3,1631,75,93,343,endgame mate mateIn2 short,https://lichess.org/yKmz1P6q#85,,True,https://lichess.org/training/wjSa9
RRgiP,2r4r/1p6/p3p1pk/3b4/3B1R2/P2P2P1/7P/5RK1 b - - 2 28,c8c2 f4h4 h6g5 d4e3,1633,75,91,516,endgame mate mateIn2 short,https://lichess.org/ojo9yJc8/black#56,,True,https://lichess.org/training/RRgiP
o76JI,8/pR6/4bk1p/B2pNrp1/2pP4/4P2P/5nPK/8 b - - 0 33,f2d3 a5d8,1633,77,99,2303,endgame mate mateIn1 oneMove,https://lichess.org/1eWpfkDa/black#66,,True,https://lichess.org/training/o76JI
SrHM9,6k1/2p2ppp/r7/8/1r2b3/8/K4PPP/R1BN2R1 w - - 2 27,c1a3 e4d5,1634,184,0,43,mate mateIn1 middlegame oneMove pin,https://lichess.org/yCGYqNOw#53,,True,https://lichess.org/training/SrHM9
HHwyO,7r/1p2kQp1/p2Np2q/2p1P2b/2PpP1p1/3P4/PP6/4BRK1 b - - 3 34,h5f7 f1f7 e7d8 e1a5 b7b6 a5b6,1634,74,76,503,endgame long mate mateIn3,https://lichess.org/Nk1ehO8s/black#68,,True,https://lichess.org/training/HHwyO
rGZKF,2kr3r/p2b2pp/Bbp5/3R1p2/4p2P/P7/1PP2BP1/2KR4 b - - 1 20,c8c7 f2g3 f5f4 g3f4,1635,77,94,1001,mate mateIn2 middlegame short,https://lichess.org/73HiMUQQ/black#40,,True,https://lichess.org/training/rGZKF
zg0Of,3B4/7p/R2kpp1b/1p1bp3/8/1P6/1P3P1r/3R1K2 b - - 1 26,d6c5 d8e7,1643,79,92,4276,endgame mate mateIn1 oneMove,https://lichess.org/r6bBJLAE/black#52,,True,https://lichess.org/training/zg0Of
xEmDY,R3b3/P1k2pp1/3p4/2nP1PP1/2P1P3/8/2K4r/1R6 w - - 3 53,c2c1 c5d3 c1d1 e8a4 b1b3 a4b3,1643,78,92,2436,endgame exposedKing long mate mateIn3,https://lichess.org/KGqknf4u#105,,True,https://lichess.org/training/xEmDY
EuwFc,6k1/1R4b1/2p4p/2Pp4/2n2B2/2P5/PP2rP2/1K1R4 w - - 1 36,b2b3 c4a3 b1a1 g7c3,1643,76,97,2805,endgame mate mateIn2 short,https://lichess.org/MOF3gdaB#71,,True,https://lichess.org/training/EuwFc
lhfCe,r6r/pp3ppp/2p2n2/3k1B2/N7/8/PB4PP/3R3K b - - 1 26,d5c4 d1d4 c4b5 f5d3 b5a5 b2c3,1647,75,96,8291,long mate mateIn3 middlegame,https://lichess.org/HU5pnKBn/black#52,,True,https://lichess.org/training/lhfCe
4e8sl,r6k/p1p3Rp/1p6/1n6/8/3b4/PB3PPP/6K1 b - - 2 27,b5d6 g7g3,1647,85,87,3588,discoveredAttack endgame mate mateIn1 oneMove,https://lichess.org/VorzFA39/black#54,,True,https://lichess.org/training/4e8sl
kAeaU,7r/pR5p/2pkp1r1/3n4/B1PP3R/P4bP1/5P2/4K3 b - - 0 25,d5c3 c4c5 d6d5 a4b3,1648,77,71,93,mate mateIn2 middlegame short,https://lichess.org/sD32Q4NP/black#50,,True,https://lichess.org/training/kAeaU
uclUb,1r4k1/6p1/7p/3bqp2/3PnP2/5BP1/1r5P/Q3R1BK w - - 0 38,d4e5 e4g3 h2g3 d5f3,1650,75,85,129,discoveredAttack mate mateIn2 middlegame short,https://lichess.org/ByRH4MCe#75,,True,https://lichess.org/training/uclUb
kTl0e,2k5/pp3ppp/8/8/2Pb2P1/P3r3/R2r3P/5BKR w - - 4 23,a2d2 e3g3,1651,75,98,1419,doubleCheck endgame mate mateIn1 oneMove,https://lichess.org/zw24GxRB#45,,True,https://lichess.org/training/kTl0e
ovDJa,k7/5pb1/p5pp/2q5/P1pPb1PP/8/1r6/Q3RBK1 w - - 0 38,d4c5 g7d4 e1e3 d4e3,1651,76,96,5490,endgame mate mateIn2 short,https://lichess.org/PmKr4oso#75,,True,https://lichess.org/training/ovDJa
voWk7,3r3k/p3N1pp/7n/2pB2bQ/2P5/1P2P1pb/PB4r1/R5K1 w - - 3 27,g1h1 g2h2 h1g1 g5e3,1652,75,73,781,fork mate mateIn2 middlegame short,https://lichess.org/qK6zgvGl#53,,True,https://lichess.org/training/voWk7
aTJKQ,8/3R2k1/p4pp1/7p/PB5K/4r3/1PP3Pb/8 b - - 1 36,g7h6 b4f8,1652,81,89,1121,endgame mate mateIn1 oneMove,https://lichess.org/08WDoake/black#72,,True,https://lichess.org/training/aTJKQ
ciutY,8/4b3/pkrpb3/1p2p1p1/4PpP1/PPPR1P2/1KB5/4B3 b - - 6 50,b6c5 e1f2,1653,86,58,772,endgame mate mateIn1 oneMove,https://lichess.org/mSDhVWT5/black#100,,True,https://lichess.org/training/ciutY
c9fWb,r3k3/pp2bp1p/2p1pn1Q/4Nb2/2BP1B2/2q4P/PP3r2/2KR3R w q - 0 17,b2c3 e7a3,1660,81,92,7633,master mate mateIn1 middlegame oneMove,https://lichess.org/KI1D9Ljm#33,Caro-Kann_Defense Caro-Kann_Defense_Goldman_Variation,True,https://lichess.org/training/c9fWb
z8dqc,8/6r1/2bkr3/1p1p3K/5P1B/P3P3/8/4RR2 w - - 8 43,f4f5 c6e8,1663,81,89,2184,endgame mate mateIn1 oneMove,https://lichess.org/c9AYDul7#85,,True,https://lichess.org/training/z8dqc
kZRHt,6r1/pp3R2/2pkp3/8/3PP3/5K1r/PPP1B3/R3b3 w - - 1 28,f3f4 e1d2,1663,97,77,281,endgame mate mateIn1 oneMove,https://lichess.org/YilGpHpQ#55,,True,https://lichess.org/training/kZRHt
pSRXz,6k1/4n1bp/B2p2p1/p2P4/Qp2P3/8/Pr4P1/1K1R3R w - - 0 23,b1a1 b2b3 e4e5 g7e5 d1d4 e5d4,1664,74,94,12194,discoveredAttack long mate mateIn3 middlegame,https://lichess.org/gUiJf37G#45,,True,https://lichess.org/training/pSRXz
fYQRN,8/3krQ2/p2p2p1/2pP1bP1/2P5/1PBp4/P3r3/1NK4R w - - 1 32,f7f6 e2c2 c1d1 f5g4 f6f3 g4f3,1666,75,88,110,exposedKing long mate mateIn3 middlegame,https://lichess.org/ZAtDoqUO#63,,True,https://lichess.org/training/fYQRN
yzS1B,8/6pk/2PN1pp1/2P1p1b1/2QpP1P1/5P1P/1r2n3/R6K w - - 1 40,a1a2 e2g3 h1g1 g5e3,1669,102,84,37,endgame mate mateIn2 short,https://lichess.org/F0k1F7Rd#79,,True,https://lichess.org/training/yzS1B
OIyXJ,3B4/2Pk4/bP3R2/8/5p2/4b3/r6P/1R3K2 w - - 6 49,f1e1 e3f2 e1d1 a6e2 d1c1 f2e3,1671,76,96,11635,endgame exposedKing long mate mateIn3,https://lichess.org/jVAk0qnb#97,,True,https://lichess.org/training/OIyXJ
gfkL5,3R4/7k/4B1p1/p5B1/6K1/7P/1p6/r7 b - - 0 54,b2b1q d8d7 h7h8 g5f6,1673,75,94,795,endgame mate mateIn2 short,https://lichess.org/j3iPDzci/black#108,,True,https://lichess.org/training/gfkL5
xqk12,r4k1r/1b4p1/p3R3/1p5p/5Rn1/1B4P1/PPP2P1b/2K5 b - - 1 23,f8g8 e6h6 b7d5 b3d5,1673,76,100,982,discoveredAttack mate mateIn2 middlegame short,https://lichess.org/DDrwuzze/black#46,,True,https://lichess.org/training/xqk12
J82J7,6k1/ppp2ppp/1b6/1Q1P1bB1/5P2/1B1r3P/PP2r1P1/5R1K w - - 3 29,b3c4 d3h3 g2h3 f5e4 f1f3 e4f3,1675,163,100,22,kingsideAttack long mate mateIn3 middlegame sacrifice,https://lichess.org/7d5WdRxM#57,,True,https://lichess.org/training/J82J7
Z0lrc,6rk/1bR5/1p2p1Q1/p2pPB2/3P3N/1P6/P4PK1/4q3 b - - 2 33,g8g6 h4g6 h8g8 f5e6,1676,75,94,867,endgame mate mateIn2 short,https://lichess.org/JVsQCrTD/black#66,,True,https://lichess.org/training/Z0lrc
n4J4M,r2q1rk1/ppp1b2R/2np2P1/3N4/2Bpb3/8/PPP2PP1/R1B1K3 b Q - 2 16,e4g6 d5f6,1683,79,82,609,doubleCheck mate mateIn1 middlegame oneMove,https://lichess.org/oex4PnLR/black#32,Four_Knights_Game Four_Knights_Game_Scotch_Variation,True,https://lichess.org/training/n4J4M
n7bEM,r2q1rk1/ppp1b2R/2np2P1/3N4/2B1b3/2P5/P4PP1/R1B1K3 b Q - 2 18,e4g6 d5f6,1683,81,89,1945,doubleCheck mate mateIn1 middlegame oneMove,https://lichess.org/lhCBxTyf/black#36,Four_Knights_Game Four_Knights_Game_Scotch_Variation,True,https://lichess.org/training/n7bEM
LWAF8,r2qr1k1/pp2R1p1/5Q1p/2np1N1P/8/2B2N2/PPP2PP1/2K5 b - - 0 22,g7f6 f5h6 g8h8 c3f6,1684,75,89,1513,intermezzo kingsideAttack mate mateIn2 middlegame short,https://lichess.org/sFNPnwek/black#44,,True,https://lichess.org/training/LWAF8
aJH3N,8/1R6/7k/1pB2K1p/pPn4r/8/8/8 b - - 1 67,h4d4 c5f8,1686,79,76,209,endgame master mate mateIn1 oneMove,https://lichess.org/d8GelBQh/black#134,,True,https://lichess.org/training/aJH3N
ZsGrj,8/3B4/7p/8/4k1R1/2b1p3/r7/2K5 b - - 3 49,e4d3 d7b5,1689,80,94,1671,endgame mate mateIn1 oneMove,https://lichess.org/nfs3zCfb/black#98,,True,https://lichess.org/training/ZsGrj
sDi76,r2qr2k/5p1P/pn1p3B/3Pn3/2PpN3/7P/P1B5/3K1RR1 b - - 0 32,b6c4 h6g7 h8h7 e4f6,1690,75,93,1665,doubleCheck kingsideAttack mate mateIn2 middlegame short,https://lichess.org/7t0dxoVh/black#64,,True,https://lichess.org/training/sDi76
h9HhM,rnq2b1r/pb5p/1p1p2p1/2pP2Pk/8/5N2/PP2BP2/RN2K2R b KQ - 0 19,h5g4 h1h4 g4f5 e2d3,1691,75,100,190,mate mateIn2 middlegame short,https://lichess.org/WZfd7E1I/black#38,,True,https://lichess.org/training/h9HhM
9DpdF,2b1k1r1/4R3/3B4/p2p1p2/2pP2n1/2p2K2/PqB5/4R3 b - - 0 42,e8f8 e7h7,1692,95,85,95,discoveredAttack mate mateIn1 middlegame oneMove,https://lichess.org/G1EY4n8W/black#84,,True,https://lichess.org/training/9DpdF
a2b3J,8/4R2R/bNPp1rp1/3K1pk1/2P3r1/8/2P5/8 w - - 5 39,c6c7 a6b7,1692,80,93,6792,endgame mate mateIn1 oneMove,https://lichess.org/xug4oc4J#77,,True,https://lichess.org/training/a2b3J
pyhPd,2R5/5rkp/6p1/BB6/P2p2P1/3Pn1bP/4K3/8 w - - 3 35,a5b6 f7f2 e2e1 f2b2,1694,74,92,661,discoveredAttack endgame mate mateIn2 short,https://lichess.org/7dNWDnWn#69,,True,https://lichess.org/training/pyhPd
rHHos,4k1r1/4R3/p2B4/3N3p/3pP1p1/1P1B1q2/P7/6K1 b - - 14 43,e8d8 d6c7 d8c8 d3a6,1696,100,67,25,endgame mate mateIn2 short,https://lichess.org/rMsYIzig/black#86,,True,https://lichess.org/training/rHHos
bKqpU,7r/p4bp1/1b4n1/6Pp/3p3P/3B1P2/2R5/k1B2K2 b - - 1 35,f7a2 c1b2 a1b1 c2g2,1696,75,93,8996,discoveredAttack mate mateIn2 middlegame short,https://lichess.org/f6PPBbQa/black#70,,True,https://lichess.org/training/bKqpU
h37KW,2r5/4Q2R/6k1/b3p3/3pP1b1/1p1P1P2/p2r4/RK3B2 w - - 0 43,a1a2 b3a2 b1a1 a5c3,1697,76,92,4710,advancedPawn mate mateIn2 middlegame short,https://lichess.org/0hEjIBQX#85,,True,https://lichess.org/training/h37KW
1p4z2,8/2n4R/1q4p1/p1pp2P1/1p4k1/5N2/PP1KB2P/8 b - - 0 31,c7e6 h7h4 g4f5 e2d3,1698,187,72,7,endgame mate mateIn2 short,https://lichess.org/YdmraqGx/black#62,,True,https://lichess.org/training/1p4z2
IJs98,3k1r2/p5R1/4p2p/1B1pB2P/3P3p/2n1PP2/r1R4P/4K3 b - - 3 27,a2c2 e5c7 d8c8 b5a6,1700,79,87,110,endgame mate mateIn2 short,https://lichess.org/Q9lkgrb4/black#54,,True,https://lichess.org/training/IJs98
bSZh8,6r1/pp1k1R2/r5p1/2p3B1/P3B3/3P4/1P4RK/3q4 b - - 6 43,d7c8 e4b7 c8b8 g5f4 a6d6 f4d6,1701,75,95,3342,fork long mate mateIn3 middlegame,https://lichess.org/HHYocEc3/black#86,,True,https://lichess.org/training/bSZh8
07VlQ,r6r/p5pp/1n2R3/kp1p4/5B2/2P5/5PPP/R5K1 b - - 1 26,b6a4 f4c7,1704,202,15,27,endgame mate mateIn1 oneMove pin,https://lichess.org/ejCMGGNa/black#52,,True,https://lichess.org/training/07VlQ
XU6Jb,8/5kbp/6p1/1p4P1/1B6/1b3P1P/5r2/1K2R2R w - - 1 41,h1f1 b3a2 b1c1 g7b2 c1d1 a2b3,1704,233,88,6,endgame exposedKing long mate mateIn3,https://lichess.org/FtNvX2gt#81,,True,https://lichess.org/training/XU6Jb
BOPKK,1r5r/p1p2pk1/4p2p/1BNnP3/6R1/P7/1P4PP/7K b - - 2 23,g7h7 b5d3 f7f5 e5f6,1707,76,80,251,discoveredAttack enPassant endgame mate mateIn2 short,https://lichess.org/9He2SHa7/black#46,,True,https://lichess.org/training/BOPKK
z1Ed7,rnq1k2r/p1N3R1/1pp3b1/8/8/2BP4/PPP2P2/2K1R3 b - - 4 29,e8d8 c3f6,1707,88,83,195,mate mateIn1 middlegame oneMove,https://lichess.org/M0n9rQGN/black#58,,True,https://lichess.org/training/z1Ed7
4PgLS,3r3k/5R2/4B1pp/1Pb2p2/2P1pN2/6P1/5PPK/3r4 b - - 14 46,c5f2 f4g6 h8g8 f7c7,1709,78,94,1011,discoveredAttack endgame master masterVsMaster mate mateIn2 short,https://lichess.org/udH7CfoW/black#92,,True,https://lichess.org/training/4PgLS
iVhnY,8/2R2R2/6p1/P3p3/4P1P1/2p2P1P/2rb2K1/3k4 w - - 4 43,g2g3 d2e1,1710,80,90,2785,endgame mate mateIn1 oneMove,https://lichess.org/22EYcmJW#85,,True,https://lichess.org/training/iVhnY
68Dsy,2k3r1/1p6/bQ2PP2/8/8/P5P1/2q3KP/1R5R w - - 0 29,g2f3 c2e2 f3f4 g8g4 f4f5 a6d3,1711,74,97,13506,endgame long mate mateIn3,https://lichess.org/yKCA5QCa#57,,True,https://lichess.org/training/68Dsy
PzruP,7k/2R4p/8/1p3B2/4b3/2PnN1P1/4K2r/8 w - - 0 37,e2d1 e4f3,1712,90,56,302,endgame master mate mateIn1 oneMove,https://lichess.org/VZjMxJ3n#73,,True,https://lichess.org/training/PzruP
EbRcL,6k1/4R2p/1p1B1Np1/3P4/r7/7P/6P1/1r3nK1 b - - 2 36,g8f8 e7h7,1713,78,81,477,discoveredAttack endgame master mate mateIn1 oneMove,https://lichess.org/fshwUVHH/black#72,,True,https://lichess.org/training/EbRcL
FATH1,3r2k1/p1R5/6Bp/2p2P2/4p3/2BnK3/P5bp/8 b - - 0 49,h2h1q g6h7 g8f8 c3g7 f8e8 h7g6,1713,75,96,15728,exposedKing long mate mateIn3 middlegame,https://lichess.org/V3F0q6LQ/black#98,,True,https://lichess.org/training/FATH1
Ul9J2,r7/ppqr1p1p/6p1/3p1b2/2B2Pk1/2P1Q2R/P6P/5RK1 b - - 1 24,c7b6 c4e2,1716,89,73,389,mate mateIn1 middlegame oneMove,https://lichess.org/Kx43JSLj/black#48,,True,https://lichess.org/training/Ul9J2
8CxK6,6k1/R4pp1/2p3r1/2Pp3p/P2Pp3/B1N1PnNb/5K2/8 w - - 0 32,g3h5 g6g2 f2f1 g2c2,1716,75,80,205,discoveredAttack mate mateIn2 middlegame short,https://lichess.org/IFIyk1gH#63,,True,https://lichess.org/training/8CxK6
DvKKT,8/3R4/2n3pk/1pB4p/1P5P/2r5/6K1/8 b - - 2 50,c3c4 c5f8,1718,79,75,107,endgame mate mateIn1 oneMove,https://lichess.org/FnQ82saD/black#100,,True,https://lichess.org/training/DvKKT
6wD1K,8/8/1R4Bp/1pp1p2P/p1pk1b2/P4K2/1r6/8 b - - 0 43,c4c3 b6d6 d4c4 g6f7,1722,75,93,840,endgame mate mateIn2 short,https://lichess.org/yBkO32U4/black#86,,True,https://lichess.org/training/6wD1K
PbIV0,r2qr2k/p2pnQ2/2p1P1pp/8/6b1/B4R2/P2N1P1P/R5K1 b - - 0 25,g4e6 a3b2,1729,79,93,8420,mate mateIn1 middlegame oneMove,https://lichess.org/K27Or5xj/black#50,,True,https://lichess.org/training/PbIV0
pORH3,3r4/ppq5/5pk1/2b1pN2/2B1P3/2P3R1/PP4PP/7K b - - 5 29,g6h5 c4e2,1730,77,90,3023,endgame master mate mateIn1 oneMove,https://lichess.org/sMQI4Gpb/black#58,,True,https://lichess.org/training/pORH3
Yc1Fw,2r4k/1p4p1/1p4B1/6Np/3p2bP/bN2r3/P1K3P1/R6R w - - 1 29,c2d2 a3b4,1731,87,85,224,mate mateIn1 middlegame oneMove,https://lichess.org/baD97xwq#57,,True,https://lichess.org/training/Yc1Fw
82zuM,r1k5/ppp2p1p/8/8/4P3/Rbb1NQ1P/5PP1/3rKB1R w - - 1 26,e1e2 d1d2 e2e1 d2b2,1735,78,84,278,discoveredAttack mate mateIn2 middlegame short,https://lichess.org/ZGRMTYh5#51,,True,https://lichess.org/training/82zuM
bYxYZ,8/8/3P1k2/pbR1pNp1/4P1K1/1r5P/8/8 w - - 2 42,d6d7 b5e2,1740,102,65,217,endgame master mate mateIn1 oneMove,https://lichess.org/ckD5TjzQ#83,,True,https://lichess.org/training/bYxYZ
NHrJD,8/P5k1/1P2Q1p1/7p/3Pb3/4P1PP/2r4K/4n3 w - - 3 39,h2g1 e1f3 g1f1 e4d3,1742,75,97,758,endgame mate mateIn2 short,https://lichess.org/xl6gvDGk#77,,True,https://lichess.org/training/NHrJD
umOuE,8/R5k1/B1pb2pp/3p1pN1/3P2n1/4P1P1/1r5P/6K1 b - - 1 35,g7f6 g5h7 f6e6 a6c8,1742,75,89,594,endgame mate mateIn2 short,https://lichess.org/uO8Dmc6b/black#70,,True,https://lichess.org/training/umOuE
NMawm,r2q1rk1/pp2ppbR/3p2P1/3NnP2/8/1B2P3/PPPQ2P1/2K5 b - - 2 18,f7g6 d5f6,1743,108,79,111,doubleCheck mate mateIn1 middlegame oneMove,https://lichess.org/pM2MsHkf/black#36,Sicilian_Defense Sicilian_Defense_Accelerated_Dragon,True,https://lichess.org/training/NMawm
6RpMu,2k5/pp6/2b2R2/8/1b1p4/6P1/PP5r/R1BK4 w - - 0 29,a2a3 c6a4 b2b3 a4b3,1743,75,93,9877,endgame mate mateIn2 short,https://lichess.org/H9uZou2C#57,,True,https://lichess.org/training/6RpMu
cHO6d,r2kr3/pp4R1/2p2n1p/8/2BPn3/5q2/PP5B/4R1K1 b - - 4 27,e4f2 h2c7 d8c8 e1e8 f6e8 c4e6,1745,75,89,139,deflection exposedKing long mate mateIn3 middlegame,https://lichess.org/OLhgtcUQ/black#54,,True,https://lichess.org/training/cHO6d
cBz1M,6Q1/p6R/1p4p1/2b1nPk1/2P3P1/1P5P/P2r2K1/1B6 w - - 1 37,g2f1 d2f2 f1e1 e5f3 e1d1 f2d2 d1c1 c5a3,1747,77,93,977,endgame exposedKing mate mateIn4 veryLong,https://lichess.org/6SrA7ToP#73,,True,https://lichess.org/training/cBz1M
5rXL0,3k4/1R6/3b1p1p/p2p1B2/P2P2PP/1P3b2/1r6/3R2K1 w - - 5 46,d1c1 d6h2 g1f1 f3g2 f1e1 h2g3 e1d1 g2f3,1747,75,98,1376,endgame exposedKing mate mateIn4 veryLong,https://lichess.org/F16eN5dG#91,,True,https://lichess.org/training/5rXL0
qDzlI,7R/b2nk3/8/4p1r1/4P2p/Pp1P3K/1B3nP1/2R2B2 w - - 12 39,h3h4 g5g4 h4h5 d7f6 h5h6 a7e3,1747,76,96,1287,long mate mateIn3 middlegame,https://lichess.org/pZE5U6s1#77,,True,https://lichess.org/training/qDzlI
HJwu8,8/2k4p/2p5/1P6/2Kr1pQ1/4bP2/6PP/8 w - - 1 49,c4c5 d4a4,1750,77,91,1389,discoveredAttack endgame mate mateIn1 oneMove,https://lichess.org/GSKV4CN8#97,,True,https://lichess.org/training/HJwu8
6QMUh,7k/pb1R3p/1p3ppq/1Nb5/4PP2/1Q5P/PP2r1P1/5R1K w - - 9 29,b3f7 h6h3 g2h3 b7e4 f1f3 e4f3,1750,76,91,2849,kingsideAttack long mate mateIn3 middlegame sacrifice,https://lichess.org/b4i4k7Yb#57,,True,https://lichess.org/training/6QMUh
XQcN3,r2q4/2p1krQ1/p2p1R2/1p1Pn3/4P3/6PB/P6P/5RK1 b - - 0 29,f7g7 f6e6 e7d7 e6e5 g7g4 h3g4,1751,75,96,2111,discoveredAttack long mate mateIn3 middlegame,https://lichess.org/GxloBiV0/black#58,,True,https://lichess.org/training/XQcN3
ljuG5,4k3/4B3/3p2N1/2pP4/2b1Pb2/5P2/r4K2/7R w - - 4 32,f2g1 f4e3,1752,106,89,183,endgame master mate mateIn1 oneMove,https://lichess.org/bY3HgIrd#63,,True,https://lichess.org/training/ljuG5
MwLFh,2q3k1/R6p/5B2/3B4/8/8/2r3PP/3b3K b - - 2 35,g8f8 f6g7 f8e8 d5f7 e8d8 g7f6,1753,75,95,14046,endgame exposedKing long mate mateIn3,https://lichess.org/NblTL7La/black#70,,True,https://lichess.org/training/MwLFh
TaQ6H,3k3r/2r5/p3Qp2/1P2bP2/4b3/1B5P/PP2p1P1/4R2K w - - 0 31,b3c4 h8h3 h1g1 e5d4,1754,88,76,138,mate mateIn2 middlegame pin short,https://lichess.org/GGzJVeBr#61,,True,https://lichess.org/training/TaQ6H
BQQ3u,6k1/5p2/4bP2/2p5/2N5/2NB4/Pr5n/4RK2 w - - 6 32,f1g1 h2f3 g1f1 e6h3,1757,75,70,58,fork mate mateIn2 middlegame short,https://lichess.org/lrHDPXR9#63,,True,https://lichess.org/training/BQQ3u
QweUu,2k1r3/R4p2/B1p3p1/3p3n/p7/2P1BP1b/1P3K2/8 b - - 1 36,c8d8 e3b6,1757,74,97,592,endgame mate mateIn1 oneMove,https://lichess.org/QQK89FNI/black#72,,True,https://lichess.org/training/QweUu
mxRqB,5r2/pp1k2R1/4p3/2p1B2P/4B3/P2P4/1P2q3/7K b - - 3 34,d7c8 e4b7 c8d8 e5c7 d8e8 b7c6,1759,75,97,15141,endgame long mate mateIn3,https://lichess.org/AK4VRBEm/black#68,,True,https://lichess.org/training/mxRqB
tameN,4n3/r2b3Q/p2p2p1/2pP2k1/2PnRq2/8/3N2B1/6K1 b - - 1 42,f4d2 h7h4 g5f5 g2h3,1760,75,94,552,mate mateIn2 middlegame short,https://lichess.org/sr9DcZV8/black#84,,True,https://lichess.org/training/tameN
VwTF1,6k1/1b3ppp/1pq1p3/p3P3/2P2P2/1PP1bNPP/P1QrB3/R6K w - - 1 26,a1d1 c6f3 e2f3 b7f3,1760,90,88,33,kingsideAttack mate mateIn2 middlegame sacrifice short,https://lichess.org/PLyRSdJA#51,,True,https://lichess.org/training/VwTF1
iVBJp,6k1/1pR2pp1/4b2p/1P6/3Pp3/4b1P1/r6P/1Q4K1 w - - 4 32,g1f1 e6h3 f1e1 e3f2 e1d1 h3g4 d1c1 f2e3,1761,74,95,8802,endgame exposedKing mate mateIn4 veryLong,https://lichess.org/aTcAEnHL#63,,True,https://lichess.org/training/iVBJp
wJ4T3,8/1p1b4/2r1kp2/PK1p2p1/1P1B3p/2P2P1P/6P1/3R4 w - - 3 40,d4c5 c6a6,1762,80,94,3329,discoveredAttack endgame master mate mateIn1 oneMove,https://lichess.org/tRaLwSio#79,,True,https://lichess.org/training/wJ4T3
8rlHx,5B2/5R2/bkp2p2/3pp3/1Kn5/r5PB/5P1P/8 b - - 4 40,a6b5 f8c5 b6a6 h3c8,1765,92,78,33,endgame mate mateIn2 short,https://lichess.org/GRaM474c/black#80,,True,https://lichess.org/training/8rlHx
VmAmy,1r1qr1kn/3R4/p1n2b1p/7p/1p6/1B2B3/PP4PP/5RK1 b - - 0 24,g8f8 e3h6,1766,94,78,150,master mate mateIn1 middlegame oneMove pin,https://lichess.org/URYCh1MP/black#48,,True,https://lichess.org/training/VmAmy
4QfXN,5k2/1R4pp/4p3/1P1p1b2/3n1P1B/5P2/1r5P/4R1K1 w - - 1 37,e1a1 d4f3 g1f1 f5d3,1766,76,74,86,endgame fork mate mateIn2 short,https://lichess.org/heyylFV3#73,,True,https://lichess.org/training/4QfXN
IgvTS,8/3B2bp/4R1p1/5k2/5N1P/5bP1/1r6/6K1 b - - 2 33,f5g4 e6g6,1766,82,87,1693,doubleCheck endgame mate mateIn1 oneMove,https://lichess.org/stfw0OeZ/black#66,,True,https://lichess.org/training/IgvTS
zG8ol,3rk1Q1/1R4p1/p1P1pr1p/4p3/2q1B3/7P/5PP1/6K1 b - - 6 35,f6f8 e4g6,1767,105,81,112,endgame mate mateIn1 oneMove,https://lichess.org/KMjkjz19/black#70,,True,https://lichess.org/training/zG8ol
cNE85,4k3/5p2/3p4/4pP2/4nb2/7P/1r6/3Q1B1K w - - 0 43,d1d5 e4g3 h1g1 f4e3,1768,75,95,5231,endgame fork mate mateIn2 short,https://lichess.org/5k0XmGrE#85,,True,https://lichess.org/training/cNE85
R24Rt,1R6/3R1pB1/2p3bp/pk6/8/8/PPr2rPP/6K1 b - - 9 30,b5c4 b2b3 c4c5 g7f8,1769,77,87,272,endgame mate mateIn2 short,https://lichess.org/kyEDI0Jh/black#60,,True,https://lichess.org/training/R24Rt
n9kkc,8/6p1/4pkp1/4bp2/R7/1P3Q1P/Pr6/K6R w - - 1 35,f3a8 b2b3 a4d4 e5d4,1770,74,96,8055,discoveredAttack endgame mate mateIn2 short,https://lichess.org/hCin9hzk#69,,True,https://lichess.org/training/n9kkc
qnEFk,2k2B2/3R1pp1/p3P2p/Pp2P3/1Pp1b3/2P5/6rP/R6K w - - 6 31,a1d1 g2g3,1771,79,91,640,discoveredAttack endgame mate mateIn1 oneMove,https://lichess.org/brQFGBKu#61,,True,https://lichess.org/training/qnEFk
OnDdg,5k1r/p1Q2ppp/4b3/8/3K2r1/2P1B3/PP3q1P/RN4NR w - - 10 25,d4d3 e6f5,1774,78,94,5787,mate mateIn1 middlegame oneMove,https://lichess.org/SuzxOmfX#49,,True,https://lichess.org/training/OnDdg
HI64k,8/pR3p1p/8/2pk4/P4B1b/3KP3/r6P/8 w - - 2 31,b7a7 c5c4 d3c3 h4e1,1779,78,51,114,endgame mate mateIn2 short,https://lichess.org/y8D9SFLA#61,,True,https://lichess.org/training/HI64k
aMfOV,5rk1/1pp2pp1/8/1bbpq1NQ/2nP3P/2P3P1/r4P2/1RB1K2R w K - 0 22,d4e5 c5f2 e1d1 b5a4 b1b3 a4b3,1779,75,96,24129,attackingF2F7 long mate mateIn3 middlegame,https://lichess.org/C2x6c4nP#43,,True,https://lichess.org/training/aMfOV
cpqtJ,6k1/p3Q1bN/1p2p1p1/4q3/4b2R/1PP5/PK3rPP/2R5 w - - 3 37,b2a1 e5c3 c1c3 g7c3,1785,75,96,653,mate mateIn2 middlegame sacrifice short,https://lichess.org/NjKsf3et#73,,True,https://lichess.org/training/cpqtJ
mSJM2,r3k3/p2p1p1p/1p2pB2/8/4bP2/P7/4N1rP/2Q2R1K w q - 0 24,f1e1 g2g3,1786,84,79,371,discoveredAttack mate mateIn1 middlegame oneMove,https://lichess.org/e6e1G4FI#47,,True,https://lichess.org/training/mSJM2
xoEZb,5k2/pp4p1/7p/3B3P/6rb/2N5/7r/1R2K2R w - - 8 37,e1d1 g4d4 d1c1 h4g5,1787,76,93,343,mate mateIn2 middlegame short,https://lichess.org/zyPu2P3N#73,,True,https://lichess.org/training/xoEZb
B1ziJ,8/8/R1B4k/6p1/pr6/1b4K1/5P2/8 b - - 1 41,h6h5 c6e8 b3f7 e8f7,1787,75,87,409,endgame mate mateIn2 short,https://lichess.org/maJ7hrWx/black#82,,True,https://lichess.org/training/B1ziJ
ODx14,5k2/2R5/P1p2p2/3p1B2/3P1P2/b1PKPn1P/r4P2/8 w - - 3 44,e3e4 f3e1 d3e3 a3c1,1788,79,91,2792,endgame mate mateIn2 short,https://lichess.org/t0gWsFAe#87,,True,https://lichess.org/training/ODx14
LZqSf,3r2k1/p5pp/1p1N4/5p2/P3pP1b/1b2B3/7r/1BR2KR1 w - - 1 28,d6f5 b3c4 b1d3 c4d3,1790,204,92,14,mate mateIn2 middlegame short,https://lichess.org/dciOP2hI#55,,True,https://lichess.org/training/LZqSf
l5HmH,8/5k1p/1PP3p1/4bp2/1P2b3/7P/r7/2RR2K1 w - - 1 35,c6c7 e5h2 g1f1 e4g2 f1e1 h2g3,1794,73,96,15104,endgame exposedKing long mate mateIn3,https://lichess.org/j2PTrEYU#69,,True,https://lichess.org/training/l5HmH
JLAJb,4R3/2p2Pbk/p5p1/1p3n1p/5P2/1BN5/Pr6/7K w - - 0 30,f7f8q f5g3 h1g1 g7d4 e8e3 d4e3,1795,143,82,35,exposedKing fork long mate mateIn3 middlegame,https://lichess.org/BYoRAGjw#59,,True,https://lichess.org/training/JLAJb
CD0BW,8/4pk2/8/b4PP1/8/P3p3/3rB3/4KR2 w - - 6 48,f5f6 d2d4,1799,86,92,139,discoveredAttack endgame master mate mateIn1 oneMove,https://lichess.org/XUdByUz9#95,,True,https://lichess.org/training/CD0BW
0cyWz,8/8/3p4/p1p2B1p/P1P3Rk/3P2b1/1r6/6K1 b - - 1 47,h4h3 g4e4,1800,80,69,369,discoveredAttack endgame master mate mateIn1 oneMove,https://lichess.org/O1Bt9Wpo/black#94,,True,https://lichess.org/training/0cyWz
G3zg7,r4n2/ppq1n3/8/2p1N1Pk/5P2/bB6/2R5/4R1K1 b - - 0 30,e7f5 c2h2 f5h4 b3d1,1801,83,72,44,clearance mate mateIn2 middlegame short,https://lichess.org/TNrO0o9v/black#60,,True,https://lichess.org/training/G3zg7
T6PY9,8/p5pk/8/1p6/N2P4/2PKR3/bP5r/8 w - - 0 41,a4c5 a2b1,1803,85,89,7616,endgame mate mateIn1 oneMove,https://lichess.org/Dm10fjkE#81,,True,https://lichess.org/training/T6PY9
jWa6X,2kr3r/1R3pp1/B4b2/2q2P1p/P2p4/5nPP/2PR1PK1/1Q6 b - - 2 27,f3d2 b7f7,1805,96,100,100,discoveredAttack mate mateIn1 middlegame oneMove,https://lichess.org/XHRH21Ro/black#54,,True,https://lichess.org/training/jWa6X
QUxTd,8/2R5/1p3Npk/4pn1p/B4n2/2Pr1P2/1P3P2/5K2 b - - 2 42,g6g5 f6g8 h6g6 a4e8,1805,76,96,1948,endgame master mate mateIn2 short,https://lichess.org/L711OQqN/black#84,,True,https://lichess.org/training/QUxTd
xQE6j,r2k3r/p5Rp/3B1p2/1B2n3/4P1P1/1n5P/6K1/8 b - - 0 33,b3d4 d6c7 d8c8 b5a6,1806,75,91,438,mate mateIn2 middlegame short,https://lichess.org/mIzvVbH0/black#66,,True,https://lichess.org/training/xQE6j
sTsET,8/5k2/2p1b1p1/4BpR1/1n1P4/5P2/r4P2/4K1R1 w - - 0 29,g5g6 b4d3 e1d1 e6b3,1806,74,95,16925,endgame mate mateIn2 short,https://lichess.org/k2feg7I5#57,,True,https://lichess.org/training/sTsET
wmnro,8/pk4Rp/1p1p3r/b2P1B2/P7/4PP2/5K2/8 b - - 0 36,b7a6 f5c8,1807,78,93,2241,endgame mate mateIn1 oneMove,https://lichess.org/6Xo4qRxW/black#72,,True,https://lichess.org/training/wmnro
7d3MD,8/p5p1/1b3p2/8/8/5BP1/2p1R2P/3k1K2 b - - 3 49,c2c1q e2a2,1808,86,87,2465,discoveredAttack endgame mate mateIn1 oneMove,https://lichess.org/MV6RLpm5/black#98,,True,https://lichess.org/training/7d3MD
yQtht,7R/1p2kppp/1p2p1b1/3p4/1b1P1B2/4PP2/6rP/4KB1R w K - 0 20,e1d1 g6c2 d1c1 b4a3,1810,86,69,101,mate mateIn2 middlegame short,https://lichess.org/Kh6RUdk1#39,,True,https://lichess.org/training/yQtht
ecT2p,7r/6p1/Rk1p4/1P2pn2/2P1R1Pr/8/1B6/6K1 b - - 2 28,b6c5 b2a3,1813,82,89,2685,endgame mate mateIn1 oneMove,https://lichess.org/FPLZuWeL/black#56,,True,https://lichess.org/training/ecT2p
YaySc,2r3k1/R6p/1p1p1Bp1/3B4/4P3/7q/PPP4P/7K b - - 0 35,g8f8 f6g7 f8e8 d5f7 e8d8 g7f6,1818,74,91,690,endgame exposedKing long mate mateIn3,https://lichess.org/VybovD54/black#70,,True,https://lichess.org/training/YaySc
QHZ3d,6k1/ppb4p/2p5/6p1/2PP4/1PB1p1rP/P1Q1Kr2/R3R3 w - - 6 31,e2d3 e3e2 d3d2 c7f4,1820,75,93,596,advancedPawn discoveredAttack mate mateIn2 middlegame short,https://lichess.org/c6HzYoAA#61,,True,https://lichess.org/training/QHZ3d
Dk7Im,8/8/r5p1/P2p3p/2bB1K1k/R6p/8/8 b - - 1 49,h3h2 d4f2,1821,80,90,5124,endgame master mate mateIn1 oneMove,https://lichess.org/KWU1ACFq/black#98,,True,https://lichess.org/training/Dk7Im
w3HnF,r6k/pR6/6pp/1R2N3/3p2K1/2bQ1r2/P1B4P/4q3 b - - 0 28,f3d3 e5g6 h8g8 c2b3 e1e6 b3e6,1823,74,93,1185,exposedKing long mate mateIn3 middlegame,https://lichess.org/DSDrFluY/black#56,,True,https://lichess.org/training/w3HnF
UHRHN,2k2r2/1pp5/p6p/2N3p1/2bb4/P2r4/1P2K1PP/R1B1R3 w - - 6 23,c5d3 f8f2 e2d1 c4b3,1824,79,78,87,mate mateIn2 middlegame pin short,https://lichess.org/ddyizYs9#45,,True,https://lichess.org/training/UHRHN
MqZju,r7/pp4pp/1bnR4/5k2/R6B/2P5/b4PPP/6K1 b - - 3 31,a8e8 g2g4 f5e5 h4g3,1827,79,80,308,mate mateIn2 middlegame short,https://lichess.org/EerTP1zM/black#62,,True,https://lichess.org/training/MqZju
Io4tj,2r3k1/p3Qp1p/4p1p1/1p2P3/1P2bP2/P7/1Nn3rP/2R1B2K w - - 2 37,b2d1 g2g3,1828,80,90,2778,discoveredAttack mate mateIn1 middlegame oneMove,https://lichess.org/q85iBx6V#73,,True,https://lichess.org/training/Io4tj
MtqYU,4k3/1p3p1B/1R1p1p2/4p2p/2b4N/2P1bP2/r5PP/1R3K2 w - - 5 27,f1e1 e3f2 e1d1 c4e2 d1c1 f2e3,1831,97,50,26,exposedKing fork long mate mateIn3 middlegame,https://lichess.org/GeWwckwP#53,,True,https://lichess.org/training/MtqYU
9ml3z,4r3/pp2k1pp/3R4/4P2P/5R2/1P2P1BK/Pq4r1/8 b - - 0 35,g2g1 g3h4 g7g5 h5g6 g1g5 h4g5,1835,77,89,897,discoveredAttack enPassant endgame exposedKing long mate mateIn3,https://lichess.org/omOu9JH4/black#70,,True,https://lichess.org/training/9ml3z
ZWTxs,1r5k/p6p/b7/3Pp3/q3B2Q/2N3P1/Pr3b2/1R1K3R w - - 4 33,c3a4 a6e2 d1c1 f2e3,1838,76,88,97,mate mateIn2 middlegame short,https://lichess.org/GxX46XlU#65,,True,https://lichess.org/training/ZWTxs
xpRb4,4n2Q/3kNp2/p2p4/2pP4/5PnP/6r1/Pb1r2P1/4RB1K w - - 6 33,h8h5 g3h3 g2h3 d2h2 h1g1 b2d4 e1e3 d4e3,1849,74,95,1638,kingsideAttack mate mateIn4 middlegame sacrifice veryLong,https://lichess.org/hLkGVA4K#65,,True,https://lichess.org/training/xpRb4
Y9HBl,r4r1k/1R6/p1p3pp/4Nbp1/2B5/b5B1/P4PPP/6K1 b - - 0 23,a8d8 e5g6 f5g6 g3e5 f8f6 e5f6,1850,75,99,667,clearance exposedKing long master mate mateIn3 middlegame sacrifice,https://lichess.org/pU4NCuYX/black#46,,True,https://lichess.org/training/Y9HBl
Kn2Bw,2kr1br1/pR3p2/B1n1pp2/2N5/6qp/5bP1/P1P2P1P/1Q2R1K1 b - - 1 18,f8c5 b7f7,1853,80,93,5261,discoveredAttack mate mateIn1 middlegame oneMove,https://lichess.org/jowUIpC1/black#36,Trompowsky_Attack Trompowsky_Attack_Other_variations,True,https://lichess.org/training/Kn2Bw
albPE,2kr3r/pp3R1p/2p1p3/3n1p2/3q4/PP2b1Q1/2RN3P/1K3B2 b - - 8 30,e3d2 c2c6 b7c6 f1a6,1855,75,93,464,mate mateIn2 middlegame queensideAttack sacrifice short,https://lichess.org/EmJC2aMA/black#60,,True,https://lichess.org/training/albPE
A1FDt,rnbq1rk1/pp2R2p/2p5/4N2p/2BP4/4n1B1/PPP3PP/RN4K1 b - - 0 13,g8h8 e5g6 h7g6 g3e5 f8f6 e5f6,1855,77,90,60,clearance kingsideAttack long mate mateIn3 middlegame sacrifice,https://lichess.org/5pXYKbbS/black#26,Kings_Gambit_Accepted Kings_Gambit_Accepted_Fischer_Defense,True,https://lichess.org/training/A1FDt
VBjbI,1k3r1r/ppp5/3b2Q1/3NqRp1/4P3/3P2p1/PPP4P/R6K w - - 0 22,f5e5 h8h2 h1g1 d6c5 d3d4 c5d4 d5e3 d4e3,1856,75,92,283,fork mate mateIn4 middlegame veryLong,https://lichess.org/jGruHVzL#43,,True,https://lichess.org/training/VBjbI
jmK3Z,6k1/2R2Rp1/7p/8/6n1/2b3P1/r5BP/2B1r2K w - - 1 24,f7f1 e1f1 g2f1 a2h2 h1g1 c3d4 c1e3 d4e3,1858,83,76,51,mate mateIn4 middlegame veryLong,https://lichess.org/BZLrenEj#47,,True,https://lichess.org/training/jmK3Z
sImOi,1R6/3b1p1k/2p2B2/3pP1Pp/8/3RPK1P/1p2r1P1/1r6 b - - 2 41,e2c2 b8h8 h7g6 h8h6 g6f5 g2g4 h5g4 h3g4 f5e6 f6d8 f7f6 h6f6 e6e5 d8c7,1860,80,92,671,discoveredAttack endgame exposedKing mate mateIn5 veryLong,https://lichess.org/7DBC5RZC/black#82,,True,https://lichess.org/training/sImOi
qs5hW,8/3k1ppp/1R2p3/2B5/2bP4/4bP2/r5PP/3RK3 w - - 4 36,d1b1 e3f2 e1d1 c4e2 d1c1 f2e3,1860,76,82,193,endgame exposedKing long mate mateIn3,https://lichess.org/CD5vecea#71,,True,https://lichess.org/training/qs5hW
Po60q,4rr1k/3p1ppp/1pnP1q2/p1pRp3/6Q1/2P3B1/PPP2P1P/1K4R1 b - - 3 20,f6e6 g4g7 h8g7 g3e5 g7h6 e5f4,1861,76,93,838,attraction doubleCheck kingsideAttack long mate mateIn3 middlegame sacrifice,https://lichess.org/vGpzniHa/black#40,,True,https://lichess.org/training/Po60q
zUJaC,2rr1k2/R6p/2p3p1/2P2p2/1pB5/1P3K2/1B4PP/6b1 b - - 4 28,d8d2 b2g7 f8e8 c4f7 e8d8 g7f6,1862,150,75,11,endgame exposedKing long mate mateIn3,https://lichess.org/9b46SEga/black#56,,True,https://lichess.org/training/zUJaC
r4r83,8/4k3/1p1p3p/3Bp3/Pp2P3/1P1P1b1P/2r3rK/2R1R3 w - - 0 30,h2h1 g2g3,1870,86,89,1120,discoveredAttack endgame mate mateIn1 oneMove,https://lichess.org/qhxdG43z#59,,True,https://lichess.org/training/r4r83
UTL00,2r4k/1p5p/3pP1p1/1K1Bp3/p2rP3/4b1P1/PP5P/R4R2 w - - 12 33,e6e7 c8c5 b5b6 d4b4 b6a7 c5c8,1873,74,96,14952,discoveredAttack endgame long master mate mateIn3,https://lichess.org/QQutlAFs#65,,True,https://lichess.org/training/UTL00
kXXXA,r5k1/p1R2p2/7p/2B2p2/8/1r3P2/1b3K1P/3R4 b - - 1 30,b2a3 d1g1 g8h8 c5d4 f7f6 d4f6,1876,75,96,1717,endgame long mate mateIn3,https://lichess.org/S5nlwnB4/black#60,,True,https://lichess.org/training/kXXXA
6COsQ,8/6k1/b1npB2b/2p5/1p2P1pN/1P1P4/K7/5R2 b - - 0 28,a6d3 f1f7 g7h8 h4g6 h8g8 f7b7,1881,80,92,4739,discoveredAttack endgame exposedKing long mate mateIn3,https://lichess.org/m0q0bOw6/black#56,,True,https://lichess.org/training/6COsQ
7p0AT,2kr4/ppp2ppp/2p2q2/2b5/3r4/6Pb/PPPBBP1P/RNQ1R1K1 w - - 5 14,d2c3 f6f2 g1f2 d4f4,1882,74,95,16509,attraction doubleCheck kingsideAttack mate mateIn2 middlegame sacrifice short,https://lichess.org/ad08kn1w#27,Russian_Game Russian_Game_Stafford_Gambit,True,https://lichess.org/training/7p0AT
VXn0E,8/8/1kp1B2R/3p2p1/KP1P2P1/5r2/8/2b5 w - - 2 45,b4b5 c6b5 a4b4 c1d2,1884,79,79,882,endgame mate mateIn2 short,https://lichess.org/pzIItjB3#89,,True,https://lichess.org/training/VXn0E
pYu7A,2r3k1/6pp/bQN1pp2/3pP3/1R6/2r3K1/6PP/8 w - - 2 27,g3f4 g7g5 f4g4 a6e2,1884,86,76,100,endgame mate mateIn2 short,https://lichess.org/ZV1KRbOt#53,,True,https://lichess.org/training/pYu7A
0JYM9,2k3r1/7R/2pB4/2P5/7P/2KB1p2/r5n1/8 b - - 2 31,f3f2 d3f5 c8d8 d6c7 d8e8 f5d7 e8f8 c7d6,1887,75,93,2415,endgame exposedKing mate mateIn4 veryLong,https://lichess.org/uAgW0uTS/black#62,,True,https://lichess.org/training/0JYM9
hdOvX,8/P1p4p/1kp3p1/R1b2p2/P5b1/2P3P1/3P3K/2B1r3 w - - 5 38,a7a8q e1e2 h2h1 g4f3,1890,79,95,13803,endgame mate mateIn2 short,https://lichess.org/Nx6Mwzqi#75,,True,https://lichess.org/training/hdOvX
Znr5V,1k3r2/2p5/1p2Q3/2b1p1p1/3r4/P2P2P1/4PPBq/2R1RK2 w - - 3 28,e6c6 f8f2 f1f2 d4f4,1891,78,62,248,attraction doubleCheck mate mateIn2 middlegame sacrifice short,https://lichess.org/o6MCxLpX#55,,True,https://lichess.org/training/Znr5V
rJ2dp,r4r2/1p3kb1/p3R2p/n2B1pp1/7B/2P4P/PP3PP1/4R1K1 b - - 3 28,g5h4 e6b6,1893,87,89,2286,discoveredAttack master mate mateIn1 middlegame oneMove,https://lichess.org/gXkI9YlE/black#56,,True,https://lichess.org/training/rJ2dp
cNkrH,3r4/8/pp1P3p/5p2/Pk2p3/1n6/KB4PP/3R4 b - - 2 32,b3c5 d1d4 b4a5 b2c3,1893,77,93,3524,endgame mate mateIn2 short,https://lichess.org/QhITXZ77/black#64,,True,https://lichess.org/training/cNkrH
AJ4bk,3k3r/6R1/3B1p2/1B6/n1pP4/2Pn3P/1pbN1P2/6K1 b - - 0 32,a4c3 d6c7 d8c8 b5a6,1893,77,92,1045,mate mateIn2 middlegame short,https://lichess.org/kEEXvFnd/black#64,,True,https://lichess.org/training/AJ4bk
Ca9JE,8/2R3pk/P7/1B5p/2PP1p1P/5P1K/6r1/5b2 w - - 0 36,c7f7 g2c2,1896,80,79,720,discoveredAttack endgame mate mateIn1 oneMove,https://lichess.org/Vl7P7pjf#71,,True,https://lichess.org/training/Ca9JE
CfudS,1R6/2p2k2/R6p/p2P2p1/Pbr1K3/5B1P/6P1/8 w - - 9 46,e4f5 c4f4 f5e5 b4c3,1896,77,93,8202,endgame mate mateIn2 short,https://lichess.org/ONRiNB00#91,,True,https://lichess.org/training/CfudS
lNfm7,8/2P2pkp/6p1/3b2b1/1R6/4P3/r5PP/2R3K1 w - - 1 31,c7c8q g5e3 g1f1 d5g2 f1e1 e3f2 e1d1 g2f3,1898,76,89,1487,endgame fork mate mateIn4 veryLong,https://lichess.org/ClyxVTkG#61,,True,https://lichess.org/training/lNfm7
tyTEk,2kr1b1r/R4Rpp/4n3/2ppP3/6P1/3BB3/P1P3KP/4q3 b - - 2 22,e1b4 a7a8 b4b8 d3a6,1899,80,93,626,mate mateIn2 middlegame pin queensideAttack short,https://lichess.org/bLJiOANb/black#44,,True,https://lichess.org/training/tyTEk
620TU,7k/PRR5/5rpp/7K/3r4/1B6/P7/6b1 w - - 0 54,h5h6 g1e3,1903,84,92,9869,endgame mate mateIn1 oneMove,https://lichess.org/7ZqKoXxW#107,,True,https://lichess.org/training/620TU
QugQT,r3k2r/ppR4R/4p3/3p2q1/B1p1b2p/2P4P/PP1b2PB/7K b - - 5 29,e8f8 h7h8 g5g8 h2d6,1904,74,95,13889,hangingPiece mate mateIn2 middlegame pin short,https://lichess.org/b532xOte/black#58,,True,https://lichess.org/training/QugQT
2Ohzo,8/3R4/8/1P1Bk1p1/5p2/4K1P1/2b4r/8 w - - 0 50,g3f4 g5f4 e3f3 c2d1,1907,89,58,50,endgame master mate mateIn2 short,https://lichess.org/shWAWgaU#99,,True,https://lichess.org/training/2Ohzo
zO1hl,2kr1b1r/pR3pp1/B3p3/2qpP2p/3n1PQ1/4p1K1/P1P3PP/1R6 b - - 1 18,h5g4 b7f7,1908,78,94,7309,discoveredAttack master mate mateIn1 middlegame oneMove,https://lichess.org/4sXWp95h/black#36,Alekhine_Defense Alekhine_Defense_Scandinavian_Variation,True,https://lichess.org/training/zO1hl
yNqbl,6k1/8/4p2p/3b4/3b2P1/8/1r1B4/1BR2K2 w - - 0 42,d2h6 d5g2 f1e1 d4f2 e1d1 g2f3,1909,75,87,229,endgame exposedKing long mate mateIn3,https://lichess.org/5G5g6ajb#83,,True,https://lichess.org/training/yNqbl
eGEAG,1k4n1/p2qb2p/1p6/1N1R4/Q1rN4/8/PPb3PP/2K4R w - - 0 26,d5d7 e7g5,1912,80,71,348,mate mateIn1 middlegame oneMove,https://lichess.org/BvRQrdkI#51,,True,https://lichess.org/training/eGEAG
9hzUW,6k1/1b3pp1/1B2p3/p3P2Q/Pp5P/5Nbn/1P5r/R2R2K1 w - - 3 30,g1f1 b7a6 d1d3 a6d3,1918,85,76,54,mate mateIn2 middlegame short,https://lichess.org/kfOBnb22#59,,True,https://lichess.org/training/9hzUW
N8IG6,8/p2Q3p/1p4Pk/5p2/2P4q/1P1P2RK/P2br3/8 w - - 1 43,h3h4 e2h2 g3h3 d2e1,1918,78,92,512,endgame mate mateIn2 short,https://lichess.org/tTCTWvci#85,,True,https://lichess.org/training/N8IG6
FGMJX,r1bk2n1/1p3R1p/p1pN4/5p1q/3P4/3B3p/PPPB2P1/5RK1 b - - 1 21,h3g2 d2a5 b7b6 a5b6,1929,74,95,1436,mate mateIn2 middlegame short,https://lichess.org/dG0s2ZsR/black#42,,True,https://lichess.org/training/FGMJX
8Dc8N,r3r3/1b2n1R1/p3p3/1p1p1k2/5P1n/1BP3R1/PP2N3/2K5 b - - 0 29,h4g6 g7f7 f5e4 b3c2,1943,74,94,384,mate mateIn2 middlegame short,https://lichess.org/SyPfxfAk/black#58,,True,https://lichess.org/training/8Dc8N
xFqVk,3K1k2/2P1rp1p/5bp1/8/4P3/p6P/B5P1/8 w - - 3 46,c7c8q e7a7,1948,82,82,257,discoveredAttack endgame mate mateIn1 oneMove,https://lichess.org/BX58LIlJ#91,,True,https://lichess.org/training/xFqVk
CCyhf,3r1k2/3r2pp/4Rp2/8/1bB4B/1Pn1PP2/2K2P1P/6R1 w - - 3 25,h4f6 d7d2 c2c1 b4a3,1949,77,83,254,master mate mateIn2 middlegame short,https://lichess.org/Cf5RZ0Lw#49,,True,https://lichess.org/training/CCyhf
5Il7V,1kr5/1p3QR1/p7/n2NP3/1P2p3/P2bB3/8/1K6 w - - 1 37,b1b2 c8c2 b2a1 a5b3 a1b1 c2h2,1949,76,96,695,discoveredAttack long mate mateIn3 middlegame,https://lichess.org/bi3Z6XbI#73,,True,https://lichess.org/training/5Il7V
g5Fy2,r2q1knR/1p3Q2/p1b1p3/2NpP1p1/1P1P4/P2BP1P1/3K4/8 b - - 0 26,f8f7 h8h7 f7f8 c5e6 f8e8 d3g6,1952,75,95,5796,deflection fork long mate mateIn3 middlegame,https://lichess.org/v53DlRMc/black#52,,True,https://lichess.org/training/g5Fy2
E0Hw8,r2q1r2/ppp2pk1/2n2N1Q/2b1n3/5R2/3P3P/PPP3K1/R1B5 b - - 0 22,g7h6 f4g4 c5e3 c1e3,1953,78,87,964,discoveredAttack mate mateIn2 middlegame short,https://lichess.org/QqH1YnqE/black#44,,True,https://lichess.org/training/E0Hw8
TgreS,r7/3R3p/5k2/5p2/1pB5/1Pr1b1P1/7P/3R3K b - - 9 34,a8a2 d1d6 f6g5 d7g7 g5h5 c4f7,1954,75,85,110,endgame long mate mateIn3,https://lichess.org/prMlfw9n/black#68,,True,https://lichess.org/training/TgreS
pHgOk,8/5p2/2p1p3/3bP1B1/P1k3R1/8/2r3PK/8 b - - 14 46,c4c5 g5e3,1955,76,94,1381,endgame mate mateIn1 oneMove,https://lichess.org/9EPgBAOP/black#92,,True,https://lichess.org/training/pHgOk
2Y3Va,r7/8/1R4bB/p1p2k2/1bP3p1/3pN3/6PP/7K b - - 3 40,f5e4 b6e6 e4d4 h6g7,1956,76,91,323,endgame fork mate mateIn2 short,https://lichess.org/b4nshahO/black#80,,True,https://lichess.org/training/2Y3Va
4QA5O,4k2r/R6p/n2Np2B/p2nPp2/P2P4/8/1P2q3/2K1b1R1 b - - 5 26,e8d8 h6g5 d5f6 g5f6,1958,80,88,154,mate mateIn2 middlegame short,https://lichess.org/VbecJPYe/black#52,,True,https://lichess.org/training/4QA5O
2xAZv,6k1/1R5p/p1B2Pp1/P1B1P1P1/5n2/7b/7r/5K2 w - - 12 46,f1e1 f4d3 e1d1 h3g4 c6f3 g4f3,1959,76,100,261,endgame exposedKing fork long mate mateIn3,https://lichess.org/9BNOOMFq#91,,True,https://lichess.org/training/2xAZv
QjxgX,1r1r2k1/2R5/3bp1Bp/8/2P5/1p6/PB4PP/7K b - - 4 37,b3a2 g6h7 g8f8 b2g7 f8e8 h7g6,1962,75,87,252,endgame exposedKing long mate mateIn3,https://lichess.org/6dQXiARV/black#74,,True,https://lichess.org/training/QjxgX
9q8NB,6k1/2p4p/6pP/2p5/2bp4/6Q1/r3r1P1/1R3KR1 w - - 2 32,b1b8 e2e8 g3d3 c4d3,1968,81,90,2898,discoveredAttack endgame mate mateIn2 short,https://lichess.org/wWhykQ37#63,,True,https://lichess.org/training/9q8NB
katFA,8/4k3/2P1rb2/p2K1p2/1pR1pB1P/1P4P1/P7/8 w - - 1 51,f4e3 e6e5 d5d4 e5b5,1968,78,88,194,discoveredAttack endgame mate mateIn2 short,https://lichess.org/7uGC3Ag9#101,,True,https://lichess.org/training/katFA
hcrjO,rnbq1bnr/1ppp3p/pk6/3PP3/2Q2R2/2N5/PPP3pP/R1B3K1 b - - 0 14,f8c5 c4c5 b6c5 c1e3,1971,86,72,60,attraction mate mateIn2 middlegame sacrifice short,https://lichess.org/0FuoLIyq/black#28,Kings_Gambit_Accepted Kings_Gambit_Accepted_Muzio_Gambit,True,https://lichess.org/training/hcrjO
3bimB,5r1k/pp4pp/3pQ1P1/4p3/2PpP3/1P1Pb2P/P4r2/3R2KR w - - 3 36,e6g4 f2a2,1972,83,90,7020,discoveredAttack endgame mate mateIn1 oneMove,https://lichess.org/LpLf1bdq#71,,True,https://lichess.org/training/3bimB
vD5y0,8/2p2pkp/3p2pr/3Pb3/8/2r5/1Q2BPP1/4RK2 w - - 3 32,f2f4 h6h1 f1f2 e5d4,1972,79,94,13330,endgame mate mateIn2 short,https://lichess.org/NAcFUmlF#63,,True,https://lichess.org/training/vD5y0
2mt1U,1k3r2/7R/2B1p2r/1p2B1p1/1qpP2n1/6P1/1P3P2/5RK1 b - - 12 38,b8c8 c6b7 c8d8 e5c7 d8e8 b7c6,1974,77,92,852,exposedKing long mate mateIn3 middlegame queensideAttack,https://lichess.org/n4BWCchl/black#76,,True,https://lichess.org/training/2mt1U
Pz7sy,NR6/5pkp/p1bp2p1/8/3br3/q6P/2P1B1P1/3Q1R1K w - - 3 26,a8c7 a3h3 g2h3 e4e2 c7d5 c6d5 f1f3 d5f3,1978,76,81,173,discoveredAttack mate mateIn4 middlegame sacrifice veryLong,https://lichess.org/s7umVtlJ#51,,True,https://lichess.org/training/Pz7sy
AJcSG,2q1Q3/5Bbk/2p3pp/p2p1b2/2P2P2/6P1/Pr5P/2R2R1K w - - 2 28,e8c8 f5e4 f1f3 e4f3 h1g1 g7d4 g1f1 f3g2 f1e1 d4f2 e1d1 g2f3,1981,79,93,1515,mate mateIn5 middlegame veryLong,https://lichess.org/0lwj2WGP#55,,True,https://lichess.org/training/AJcSG
zZE5m,8/7R/p1B3k1/2p2p1R/3r1rp1/Pp4K1/1PP5/8 b - - 7 53,b3c2 c6e8 g6f6 h5h6 f6e5 h7e7 e5d5 e8f7,1982,79,93,2847,endgame mate mateIn4 veryLong,https://lichess.org/0pbHMJQm/black#106,,True,https://lichess.org/training/zZE5m
zyoce,8/3B2pp/3pR3/3Pp3/3bP1kP/2N3P1/3p1PK1/1r6 b - - 6 41,d4c3 e6h6,1988,79,79,367,discoveredAttack endgame mate mateIn1 oneMove,https://lichess.org/BUE7W7pd/black#82,,True,https://lichess.org/training/zyoce
osYFM,4r2b/ppp4k/3p4/3PpPRp/2P1Bq2/1P1K1p2/P7/6R1 b - - 1 33,f3f2 g5h5 f4h6 f5f6,1991,79,93,8506,discoveredAttack endgame mate mateIn2 pin short,https://lichess.org/0PUbGJWr/black#66,,True,https://lichess.org/training/osYFM
isEGJ,5b1r/1Np1ppp1/1p4b1/1k4P1/6R1/P7/1P3PB1/6K1 b - - 0 30,c7c6 g2f1 g6d3 f1d3,1998,76,95,3182,endgame mate mateIn2 short,https://lichess.org/afObe3kH/black#60,,True,https://lichess.org/training/isEGJ
EVjiU,3rkb2/pp3p1R/2p2p2/4pQ2/6B1/1q1PPK2/8/8 b - - 1 34,b3d3 f5e6 f7e6 g4h5 d3g6 h5g6,2000,74,95,5536,endgame long master mate mateIn3 sacrifice,https://lichess.org/lcNIvJMT/black#68,,True,https://lichess.org/training/EVjiU
9GNqq,r1b1rn2/1p2kppp/p2R4/2B1p1P1/6B1/8/PPP2P1P/2KR4 b - - 6 20,c8g4 d6b6,2005,82,92,9153,discoveredAttack master mate mateIn1 middlegame oneMove,https://lichess.org/nRBYogPF/black#40,,True,https://lichess.org/training/9GNqq
aix6Q,3r2r1/pp3p1p/2p2Pk1/4P2p/5K1R/8/PP1p4/3B4 b - - 0 34,h7h6 d1c2 d8d3 c2d3,2005,72,93,12425,endgame mate mateIn2 short,https://lichess.org/r0q6mITz/black#68,,True,https://lichess.org/training/aix6Q
jaS0E,1r5k/3R2R1/P4B2/8/4b3/K2p4/3Pr3/7q b - - 0 50,b8a8 g7g1,2011,81,91,1264,discoveredAttack mate mateIn1 middlegame oneMove,https://lichess.org/tKCKYESJ/black#100,,True,https://lichess.org/training/jaS0E
cRrlD,4r2k/2R3b1/6Qp/1p6/3q4/3N3r/P5P1/5RK1 w - - 2 41,d3f2 d4f2 f1f2 e8e1 f2f1 g7d4,2014,81,88,135,long mate mateIn3 middlegame sacrifice,https://lichess.org/WoLOHhW0#81,,True,https://lichess.org/training/cRrlD
PWWwS,1k2r2r/5ppp/p4n2/2pP4/B1P5/2q5/PR2Q1PP/K3R3 b - - 5 30,b8a7 e2e7 e8e7 e1e7 f6d7 e7d7 a7a8 a4c6,2021,76,97,1994,mate mateIn4 middlegame sacrifice veryLong,https://lichess.org/I2kcb0w1/black#60,,True,https://lichess.org/training/PWWwS
UB42D,6k1/1bn4R/p3p1B1/1p2b1N1/2p5/1PP5/PB1r2QP/7K b - - 0 27,d2g2 g6f7 g8f8 b2a3 b5b4 a3b4 e5d6 b4d6,2022,75,88,531,exposedKing mate mateIn4 middlegame veryLong,https://lichess.org/1KWC5yG8/black#54,,True,https://lichess.org/training/UB42D
WvIuY,4r2k/6Rp/p3N1p1/1p1p1b2/3B4/3n4/P6P/5K2 b - - 7 37,f5e6 g7g6 d3e5 d4e5,2023,90,83,96,discoveredAttack endgame mate mateIn2 short,https://lichess.org/7L15gLmh/black#74,,True,https://lichess.org/training/WvIuY
B1BRo,4r3/1p2b3/b1p1B2k/2PpP3/3B1pKr/2P2P2/6R1/6R1 w - - 2 51,g4f5 a6d3,2026,84,88,577,mate mateIn1 middlegame oneMove,https://lichess.org/s4LSdXrV#101,,True,https://lichess.org/training/B1BRo
wVcjF,5bk1/2p2p1p/p5pP/1p3bQ1/2r5/2P2P1N/PP2r1P1/2KR4 w - - 3 25,g2g4 c4c3 b2c3 f8a3,2026,83,91,276,mate mateIn2 middlegame queensideAttack sacrifice short,https://lichess.org/eLkoa4hL#49,,True,https://lichess.org/training/wVcjF
cUal3,1r6/pp1R2pp/1kn1B3/8/2N2b2/2P5/P1K3PP/8 b - - 5 25,b6c5 d7d5 c5c4 d5f5,2028,76,83,111,discoveredAttack endgame master mate mateIn2 sacrifice short,https://lichess.org/ZJid25sL/black#50,,True,https://lichess.org/training/cUal3
mYvQX,6k1/pp3pqp/2b5/3r2N1/7Q/2P5/PP3PPP/5RK1 w - - 1 21,g5h3 g7g2 g1g2 d5g5,2029,74,94,12196,attraction doubleCheck endgame master mate mateIn2 sacrifice short,https://lichess.org/G8lH4cXJ#41,,True,https://lichess.org/training/mYvQX
XT2Ua,3r4/pbqr1kpp/4R3/3nR3/1Q6/1B6/PPP2PPP/6K1 b - - 6 22,d5b4 e5f5 f7g8 e6e8,2030,78,61,106,doubleCheck mate mateIn2 middlegame short,https://lichess.org/UKm0o732/black#44,,True,https://lichess.org/training/XT2Ua
YhNjP,r3rnk1/ppp2p1p/6Pb/8/4Nq2/2PB1b2/PPQN1P2/2K3RR b - - 0 19,f3h1 g6h7 g8h8 g1g8 h8h7 e4f6,2030,124,55,16,advancedPawn doubleCheck kingsideAttack long mate mateIn3 middlegame,https://lichess.org/i68ncvZX/black#38,,True,https://lichess.org/training/YhNjP
O24b3,1r4k1/p4p2/5Bp1/3p3p/3PbQ1P/4PnP1/Pr3P2/R1R3K1 w - - 1 31,g1g2 b2f2 g2f2 b8b2 c1c2 b2c2 f2f1 e4d3,2035,73,93,10491,attraction mate mateIn4 middlegame sacrifice veryLong,https://lichess.org/SXo1iJDr#61,,True,https://lichess.org/training/O24b3
lRpfQ,2r1r3/1p2B1k1/pq1P2p1/3B1b1p/7P/P3R1P1/5P2/4R1K1 b - - 0 31,g7h6 e7g5 h6h7 e3e7 e8e7 e1e7 h7h8 g5f6,2037,78,76,94,mate mateIn4 middlegame veryLong,https://lichess.org/TU7bMVEc/black#62,,True,https://lichess.org/training/lRpfQ
PBRZz,8/7p/1pR4B/pPb2kp1/8/4PKP1/3r1P2/8 b - - 3 43,a5a4 e3e4 f5e5 h6g7,2038,77,84,156,endgame mate mateIn2 short,https://lichess.org/fH3ZjcEM/black#86,,True,https://lichess.org/training/PBRZz
UXrvL,3B4/1p6/6R1/2kpp3/3bn3/1P1B4/5PK1/2r5 b - - 2 48,e4f2 d8e7,2042,76,92,511,endgame master mate mateIn1 oneMove,https://lichess.org/GeBEmvDn/black#96,,True,https://lichess.org/training/UXrvL
QolmY,6k1/1Q2pp1p/6pB/3Pbb2/8/2q4P/r5P1/3R1R1K w - - 0 26,b7e7 c3h3 g2h3 f5e4 f1f3 e4f3 h1g1 e5h2 g1f1 f3g2 f1e1 h2g3,2053,82,98,80,fork mate mateIn5 middlegame sacrifice veryLong,https://lichess.org/4ga5uBXY#51,,True,https://lichess.org/training/QolmY
oBqyf,1k4r1/pp3B2/1bp2n1p/4p2r/P4n2/1P2N1P1/2P2PK1/2QR1R2 w - - 3 33,g2f3 e5e4 f3f4 b6c7 d1d6 c7d6,2053,75,95,13006,long mate mateIn3 middlegame sacrifice,https://lichess.org/xijcNr22#65,,True,https://lichess.org/training/oBqyf
6c0jq,2b1k3/4qp1p/p1p1pn1Q/6B1/4p3/bBN5/PrP2r1P/2KR2R1 w - - 2 19,g5f6 b2b3,2055,83,89,4603,discoveredAttack mate mateIn1 middlegame oneMove queensideAttack,https://lichess.org/APr1T3e8#37,Sicilian_Defense Sicilian_Defense_Taimanov_Variation,True,https://lichess.org/training/6c0jq
Om2As,1r3rk1/4p2p/4R1p1/2BB4/1P3P2/6P1/3b3P/6K1 b - - 2 27,f8d8 e6g6 g8h8 c5d4 e7e5 d4e5,2057,89,85,65,doubleCheck endgame long mate mateIn3,https://lichess.org/0KC9em1g/black#54,,True,https://lichess.org/training/Om2As
h1O3r,2r1k2r/1pb2p2/p7/P2R2pp/BQ6/4pqP1/1P3P1P/2R3K1 b k - 1 33,b7b5 a5b6,2072,78,92,4768,discoveredAttack enPassant mate mateIn1 middlegame oneMove,https://lichess.org/r3iW2tAL/black#66,,True,https://lichess.org/training/h1O3r
rM17D,3r3r/3p1p2/R3p3/1Q1PP2q/1R2k2p/6b1/1PPB2p1/6K1 b - - 0 31,e4f5 b5d3 f5e5 d2c3,2073,80,90,1293,mate mateIn2 middlegame short,https://lichess.org/4zT4TBV7/black#62,,True,https://lichess.org/training/rM17D
YGyY2,8/P1bp2pk/6qp/2Bb1p2/4r3/2PB1N1P/1Q3PP1/5RK1 w - - 0 26,f3d4 g6g2 g1g2 e4g4,2077,88,80,84,attraction doubleCheck kingsideAttack mate mateIn2 middlegame sacrifice short,https://lichess.org/6nMUFci6#51,,True,https://lichess.org/training/YGyY2
d3VYy,6k1/1Q3p1p/p2p2nB/3P2R1/Pb3N2/5P1K/2r5/7r w - - 1 34,h3g4 h1h4 g4g3 b4e1,2079,75,96,3530,mate mateIn2 middlegame short,https://lichess.org/L08wACjx#67,,True,https://lichess.org/training/d3VYy
3cUhQ,r2k3r/p4Rp1/1p2N3/8/1B2P2q/3P2p1/PP4P1/R5K1 b - - 2 24,d8c8 a1c1 c8b8 b4d6,2080,222,0,3,mate mateIn2 middlegame short,https://lichess.org/f9dfRKtR/black#48,,True,https://lichess.org/training/3cUhQ
IIgWq,1k1r4/pp4pp/8/5B2/1b2P3/5n2/PP1r1PQP/R3KR2 w Q - 1 21,g2f3 d2b2 f3c3 b4c3,2087,76,92,2833,discoveredAttack mate mateIn2 middlegame short,https://lichess.org/87bnhRx7#41,,True,https://lichess.org/training/IIgWq
diwxs,1Q6/3N1ppk/4p3/4p3/N1R1Pn2/5Pb1/3r4/5K2 w - - 1 42,c4c1 d2f2 f1e1 f4g2 e1d1 g2e3 d1e1 f2a2,2089,76,95,199,discoveredAttack exposedKing master mate mateIn4 middlegame veryLong,https://lichess.org/tqR0dKvE#83,,True,https://lichess.org/training/diwxs
JyM1X,8/4P1pk/6p1/1p1R4/b6P/3B2r1/3K1p2/8 b - - 0 45,b5b4 d5h5 h7g8 d3c4,2103,79,90,499,endgame mate mateIn2 pin short,https://lichess.org/6B7H0E22/black#90,,True,https://lichess.org/training/JyM1X
z3gf2,2k5/p1q5/1p1b3Q/3p2p1/4b3/2P3PP/PP3r2/2KR1BR1 w - - 0 24,h6g5 c7c3 b2c3 d6a3,2104,78,95,1180,mate mateIn2 middlegame queensideAttack sacrifice short,https://lichess.org/xx4gnob9#47,,True,https://lichess.org/training/z3gf2
hSGmd,R7/1p3kpp/1P3p2/8/2b2rP1/B3p3/7P/2R3K1 w - - 1 37,a3c5 f4g4 g1h1 c4d5,2106,75,96,1611,endgame mate mateIn2 short,https://lichess.org/7IyzzJvj#73,,True,https://lichess.org/training/hSGmd
6rFt8,r6r/p6P/3R1R2/k3pB2/1p6/8/PKP5/4q3 b - - 3 38,e5e4 d6d5 a5a4 f5d7,2107,84,88,60,endgame mate mateIn2 short,https://lichess.org/CEAXZ7fB/black#76,,True,https://lichess.org/training/6rFt8
wYyp5,6k1/pp2r2p/4N1p1/2p5/N4pn1/P2P1K2/1PPb1nB1/1R4R1 w - - 5 32,e6c5 e7e3 f3f4 e3h3,2118,75,93,6261,discoveredAttack mate mateIn2 middlegame short,https://lichess.org/mUIiVnA9#63,,True,https://lichess.org/training/wYyp5
011GG,1R1Q4/5ppk/7p/4Pb2/1P6/2b5/3r3P/1K1R4 w - - 3 36,b1c1 d2c2 c1b1 c2b2 b1a1 b2h2,2121,84,85,78,discoveredAttack doubleCheck endgame exposedKing long mate mateIn3,https://lichess.org/VzSTV2sV#71,,True,https://lichess.org/training/011GG
fSTAP,1k6/4R3/1pQP3n/pPb2b2/P1P5/7p/3K2r1/8 w - - 14 40,d2e1 c5b4 e1d1 f5c2 d1c1 b4a3,2126,74,95,1254,endgame exposedKing long mate mateIn3,https://lichess.org/e96p7OVe#79,,True,https://lichess.org/training/fSTAP
Ds3cx,r5k1/pp3Bb1/2p3Rp/4N1p1/8/1P4nP/PBb3P1/6K1 b - - 0 23,g8f8 b2a3 c6c5 a3c5,2127,81,91,891,mate mateIn2 middlegame short,https://lichess.org/ISWATHvN/black#46,,True,https://lichess.org/training/Ds3cx
z3EpG,2k4r/ppB2Rpp/3p2n1/2bNp2b/2B1P3/3P3P/PPP4K/8 b - - 0 19,h8f8 d5b6 a7b6 c4e6,2131,78,86,218,clearance mate mateIn2 middlegame queensideAttack sacrifice short,https://lichess.org/jpRFsenG/black#38,,True,https://lichess.org/training/z3EpG
6s0ut,r7/5k2/pbp5/1p3n1N/3n1Bpq/P7/1P4PP/R2Q1R1K w - - 1 28,h5g3 h4h2 h1h2 a8h8 f4h6 h8h6 g3h5 h6h5 h2g1 d4f3,2133,79,47,77,attraction doubleCheck kingsideAttack mate mateIn5 middlegame sacrifice veryLong,https://lichess.org/ZvLKK0ff#55,,True,https://lichess.org/training/6s0ut
X1A30,5rk1/p1p2ppp/2Bbp3/3p2q1/3P4/2PbP1P1/Pr1N1PP1/RN1QK2R w KQ - 4 14,d2f3 g5e3 f2e3 d6g3,2136,81,83,211,deflection mate mateIn2 middlegame sacrifice short,https://lichess.org/kWf1Uvtk#27,Queens_Pawn_Game Queens_Pawn_Game_Accelerated_London_System,True,https://lichess.org/training/X1A30
1hKEn,r2qr1k1/3nbp1p/p1R2npB/1p1p4/3P4/NB3Q1P/5PP1/5RK1 b - - 3 22,f6e4 f3f7 g8f7 b3d5,2136,77,90,126,attraction kingsideAttack mate mateIn2 middlegame sacrifice short,https://lichess.org/d073TNKb/black#44,,True,https://lichess.org/training/1hKEn
8uykj,8/7p/1R4k1/2B1p3/8/2P2KP1/2Pr4/4r3 b - - 3 37,g6f5 g3g4 f5g5 c5e7,2140,76,96,1834,endgame mate mateIn2 short,https://lichess.org/tFuoxOOu/black#74,,True,https://lichess.org/training/8uykj
0H8LG,2k1r3/ppp2ppp/b7/3p4/P2P1b2/1BN1rP2/1PPK2PP/R2R4 w - - 4 21,c3d5 e3d3,2154,78,94,9689,doubleCheck mate mateIn1 middlegame oneMove,https://lichess.org/pW6rLvpM#41,,True,https://lichess.org/training/0H8LG
ABqRr,b3r1k1/5p2/6p1/p1Q2nP1/2N2n2/1P3P2/PB3KB1/8 w - - 3 32,c5a5 e8e2 f2g1 e2g2 g1f1 f5g3 f1e1 f4d3 e1d1 a8f3,2154,76,92,676,master mate mateIn5 middlegame veryLong,https://lichess.org/LBBCQQoz#63,,True,https://lichess.org/training/ABqRr
ODGcL,2b4r/3r3p/pk6/6b1/1p6/4KQ2/1PP2PPP/R4B1R w - - 0 27,e3e4 h8e8 e4f5 d7g7,2161,78,65,132,discoveredAttack mate mateIn2 middlegame short,https://lichess.org/REne357L#53,,True,https://lichess.org/training/ODGcL
jKhkE,8/1p4k1/4Bp2/1p2n2R/4bB2/P6P/1Pr3P1/6K1 w - - 1 47,g2g3 e5f3 g1f1 e4d3,2164,172,50,20,endgame mate mateIn2 short,https://lichess.org/IJSNg5mV#93,,True,https://lichess.org/training/jKhkE
DG7mm,6k1/3br3/p6p/4BKp1/4N3/6P1/PP5P/4R3 w - - 2 41,f5f6 e7e6 f6f5 e6b6,2169,78,84,147,discoveredAttack endgame mate mateIn2 short,https://lichess.org/7tBJlZnI#81,,True,https://lichess.org/training/DG7mm
IAUjM,5k2/1p2N3/p5Q1/2b2p2/4nP2/1PP1r3/P2K4/R4R2 w - - 2 36,d2c2 e3e2 c2b1 e4c3 b1c1 c5a3,2172,80,81,164,long mate mateIn3 middlegame,https://lichess.org/6Q6QogCn#71,,True,https://lichess.org/training/IAUjM
7S8QK,8/7R/bkp2N2/p1n1pP2/Pp2P1P1/1P6/1r3r1P/1KN1R3 w - - 2 34,b1a1 b2a2 c1a2 c5b3 a1b1 a6d3,2176,83,89,1217,deflection exposedKing long mate mateIn3 middlegame sacrifice,https://lichess.org/qbMOamCY#67,,True,https://lichess.org/training/7S8QK
MDx9M,r6r/pb3pbk/1p2p2p/3p3N/6R1/6P1/PP1KB1P1/7R b - - 7 24,g7b2 h5f6 b2f6 e2d3,2178,78,83,298,mate mateIn2 middlegame sacrifice short,https://lichess.org/CXhTGgVq/black#48,,True,https://lichess.org/training/MDx9M
LUVXt,2B1r1k1/8/p6p/NpPp4/1P1b1Pp1/4r1P1/R4KP1/R7 w - - 0 35,a5c6 e3f3,2191,76,94,7587,doubleCheck mate mateIn1 middlegame oneMove,https://lichess.org/AOjtg6Po#69,,True,https://lichess.org/training/LUVXt
W2ZZh,8/6pk/1b1Qn1p1/pP3p2/2K1rP2/2P3P1/PB2r2P/3R3R w - - 11 36,c4b3 e6c5 d6c5 a5a4 b3a3 b6c5,2195,114,78,55,intermezzo long mate mateIn3 middlegame sacrifice,https://lichess.org/Sl0ijsBw#71,,True,https://lichess.org/training/W2ZZh
PsQzC,4r1k1/pp4p1/2bB3p/2PR1p2/4r2b/1BP2K2/PP3P1P/7R w - - 1 23,d5f5 e4c4 f5d5 c6d5,2198,83,90,849,discoveredAttack mate mateIn2 middlegame short,https://lichess.org/gHMA8zlP#45,,True,https://lichess.org/training/PsQzC
pySE1,1r4k1/3n3p/4P1p1/1pp4n/3b3q/2N4P/1PB2rP1/R1BQR2K w - - 1 23,e6d7 h4h3 g2h3 h5g3 h1g1 f2d2 e1e3 d4e3,2205,83,100,67,discoveredAttack kingsideAttack mate mateIn4 middlegame sacrifice veryLong,https://lichess.org/MdQMjavh#45,,True,https://lichess.org/training/pySE1
VBYPK,rn1q1b2/pbp1k1r1/1p2p1Bp/3pP1pP/3Pn3/2N2Q2/PPP3P1/R4RK1 b - - 4 16,e4d2 f3f7 g7f7 f1f7 e7e8 f7h7,2207,79,89,241,discoveredAttack long mate mateIn3 middlegame sacrifice,https://lichess.org/eVcXjaLk/black#32,English_Defense English_Defense_Other_variations,True,https://lichess.org/training/VBYPK
5r1jH,2r1r3/pbR2p1p/kp2pBp1/1P1p4/P2R4/8/5PPP/6K1 b - - 0 28,a6a5 f6g5 c8c7 g5d2 c7c3 d2c3,2211,82,69,152,endgame long mate mateIn3 quietMove sacrifice,https://lichess.org/Gi4EXkfM/black#56,,True,https://lichess.org/training/5r1jH
qQowH,8/R3Ppk1/4b1p1/p6p/1b2B1P1/4P2K/3r3P/8 w - - 0 35,e7e8q h5g4 h3h4 d2h2 h4g5 h2h5 g5f4 b4d6,2214,150,76,14,endgame mate mateIn4 veryLong,https://lichess.org/osk5OhAv#69,,True,https://lichess.org/training/qQowH
5D3PD,r1b3r1/1p1pk1pp/p1nNp3/2B4n/2P5/8/P5PP/R4RK1 b - - 10 21,b7b6 f1f7 e7d8 c5b6,2217,76,92,556,mate mateIn2 middlegame short,https://lichess.org/CDZwR8vE/black#42,,True,https://lichess.org/training/5D3PD
nzYZA,1k6/1p6/1Qn1b3/2p4P/2K1p3/1P2P3/PBP3P1/RN1rb3 w - - 8 30,c4c5 d1d5 c5c4 d5h5,2228,83,76,82,discoveredAttack mate mateIn2 middlegame short,https://lichess.org/tt1iZleN#59,,True,https://lichess.org/training/nzYZA
MNUGq,r6r/p3p2p/2P1bk2/1p5B/2pB3p/6P1/P2b1P1P/4R1K1 b - - 1 26,f6f5 e1e5 f5f6 e5b5,2229,80,92,616,discoveredAttack mate mateIn2 middlegame short,https://lichess.org/Z3yaZzpG/black#52,,True,https://lichess.org/training/MNUGq
DFemp,rk6/p1rQ1p1p/1pNp4/1Bp5/3pb3/4q3/PPP3P1/1K3R2 b - - 11 29,b8b7 d7c7 b7c7 f1f7 c7c8 b5a6,2231,94,46,26,attraction long mate mateIn3 middlegame sacrifice,https://lichess.org/h3Uaoxz0/black#58,,True,https://lichess.org/training/DFemp
PnI5g,6k1/R7/2bq1p1p/2p2B2/p4N2/3P2P1/5P1P/6K1 b - - 0 36,d6b8 f5h7 g8f8 f4e6 f8e8 h7g6,2252,79,90,356,endgame exposedKing long mate mateIn3,https://lichess.org/5a4MqouD/black#72,,True,https://lichess.org/training/PnI5g
A1FgP,r2q3r/ppp2B2/3p4/1R4p1/2k1P3/2N1b3/PPP1n1K1/8 b - - 5 22,c4d4 c3e2 d4e4 f7g6,2264,80,85,740,mate mateIn2 middlegame short,https://lichess.org/nEp2WSKS/black#44,,True,https://lichess.org/training/A1FgP
xnEsA,5B2/R5pk/2P4p/3n1p2/1P1b4/P2B1P2/7r/2K5 w - - 1 38,c6c7 d4b2 c1d1 d5e3 d1e1 b2c3,2269,76,94,4669,endgame exposedKing long mate mateIn3,https://lichess.org/rCV7dQ47#75,,True,https://lichess.org/training/xnEsA
w5aLO,3r4/7p/p3p1p1/8/P3P1kP/4KR2/bp2B1P1/4N3 b - - 3 44,b2b1q f3h3,2279,82,94,2392,discoveredAttack endgame mate mateIn1 oneMove,https://lichess.org/qBdI7zgB/black#88,,True,https://lichess.org/training/w5aLO
3Ficx,r4r2/1b3pk1/3p2p1/3PpB2/pK2P3/2p3QR/Pn2qB2/6R1 b - - 1 34,b7d5 g3g6 f7g6 g1g6 g7f7 h3h7 f7e8 f5d7 e8d8 f2b6,2281,81,92,1030,mate mateIn5 middlegame sacrifice veryLong,https://lichess.org/4U8FBPC5/black#68,,True,https://lichess.org/training/3Ficx
sCfC7,8/8/5k2/RB4p1/1P6/P4rK1/4b3/8 w - - 1 41,g3g4 f3d3,2302,89,91,1407,discoveredAttack endgame mate mateIn1 oneMove,https://lichess.org/tbWkqfC2#81,,True,https://lichess.org/training/sCfC7
2lIyt,2R2B2/4k3/7p/3pN1p1/3b2P1/5K2/P2r1n1P/8 b - - 11 44,e7e6 c8c6 e6e5 f8g7,2306,77,94,461,endgame mate mateIn2 sacrifice short,https://lichess.org/RlZIFPB1/black#88,,True,https://lichess.org/training/2lIyt
Ou8ha,3r2k1/p1p2p1p/2Q5/5Pp1/4P3/4K2P/PP1r2P1/2Rb4 w - - 0 28,e4e5 d2e2 e3f3 d8d3 f3g4 e2g2,2310,79,94,2379,deflection doubleCheck endgame exposedKing long mate mateIn3,https://lichess.org/eZvQVOA2#55,,True,https://lichess.org/training/Ou8ha
GA1iE,6r1/1p2k2r/2bpqp2/8/p3PQ2/P3B2P/1P1R2P1/3R3K w - - 7 40,d2d6 e6h3 g2h3 h7h3 f4h2 c6e4,2311,80,95,927,deflection long mate mateIn3 middlegame pin sacrifice,https://lichess.org/ZccZIF9i#79,,True,https://lichess.org/training/GA1iE
lbfke,B6k/2p2p2/pb1p1P1B/7n/Pp2P3/2P2b2/1P3Pr1/R2QR1K1 w - - 0 24,g1h1 h5g3 f2g3 g2e2,2377,76,93,6244,discoveredAttack kingsideAttack mate mateIn2 middlegame sacrifice short,https://lichess.org/435bkMet#47,,True,https://lichess.org/training/lbfke
YTnEB,6k1/3bQ2p/5p1p/p2P1P2/4P2q/4b1NP/r3NnB1/1R5K w - - 6 37,h1g1 f2h3 g1f1 h4f4 e2f4 a2f2 f1e1 e3d2 e1d1 d7a4 b1b3 a4b3,2379,80,96,1142,doubleCheck exposedKing fork mate mateIn5 middlegame sacrifice veryLong,https://lichess.org/FkpXyiGl#73,,True,https://lichess.org/training/YTnEB
DmsuT,2k5/ppp2rpp/8/3P4/3pB1bb/N2P4/PP2K1PP/R1B4R w - - 1 19,e2d2 f7f2 d2e1 f2e2 e1d1 e2g2 e4f3 g4f3,2387,81,71,121,discoveredAttack doubleCheck mate mateIn4 middlegame veryLong,https://lichess.org/4xRU1SQ3#37,Italian_Game Italian_Game_Two_Knights_Defense,True,https://lichess.org/training/DmsuT
Sp0Wt,5rk1/1R2pp2/pB4p1/8/7p/4b1KB/P1R1Pr1P/8 w - - 0 33,g3g4 f2f4 g4g5 f4d4,2432,86,82,111,discoveredAttack mate mateIn2 middlegame short,https://lichess.org/Uu58b1ru#65,,True,https://lichess.org/training/Sp0Wt
8PASJ,8/6Rp/p5p1/5kP1/P3bP2/7P/2r1n3/Q5K1 w - - 3 37,g1h2 e2d4 h2g1 d4f3 g1f1 e4d3,2476,81,92,6375,discoveredAttack endgame long mate mateIn3,https://lichess.org/M8ScjjCx#73,,True,https://lichess.org/training/8PASJ
SgGI9,r4k2/3br3/P1pK4/R1Pp1pP1/5P1P/3BP3/8/R7 w - - 9 52,a6a7 d7e8 d3f5 a8d8 f5d7 d8d7 d6c6 e7e6 c6b5 d7b7,2529,79,91,5667,doubleCheck endgame mate mateIn5 quietMove veryLong,https://lichess.org/ufAu9OGr#103,,True,https://lichess.org/training/SgGI9
0V4h2,8/pp6/7Q/kNbr1b2/P7/2K1P1P1/1P3r1P/R3R3 w - - 6 32,h6h8 c5b4 c3c4 d5c5 c4b3 f5e6,2576,80,89,224,exposedKing long mate mateIn3 middlegame,https://lichess.org/OJzscOOL#63,,True,https://lichess.org/training/0V4h2
OfErM,2R5/p6p/5pk1/6p1/4b3/P1Nn3P/r4bP1/2BR2K1 w - - 0 35,g1h2 f2g3 h2h1 d3f2 h1g1 f2h3 g2h3 g3h2 g1f1 e4g2 f1e1 h2g3,2595,88,70,213,fork master mate mateIn5 middlegame sacrifice veryLong,https://lichess.org/WRBjThHL#69,,True,https://lichess.org/training/OfErM
3ZWfq,2rq1rk1/4bbpp/p1n1pp2/1ppp4/3P1P1N/2P1P2Q/PP3RPP/RBB3K1 b - - 0 19,c5d4 b1h7 g8h7 h4g6 h7g6 g2g4 f8h8 f4f5 e6f5 g4f5 g6g5 e3d4,2694,90,86,112,discoveredAttack kingsideAttack mate mateIn5 middlegame quietMove sacrifice veryLong,https://lichess.org/LDivZOfW/black#38,,True,https://lichess.org/training/3ZWfq
