PuzzleId,FEN,Moves,Rating,RatingDeviation,Popularity,NbPlays,Themes,GameUrl,OpeningTags,Rooks,puzzle_ref
3FkcZ,8/6k1/5pp1/5rP1/r4PK1/5RRP/8/8 w - - 0 62,f3e3 a4f4,515,81,73,85,endgame mate mateIn1 oneMove rookEndgame,https://lichess.org/ZjTdIyLh#123,,True,https://lichess.org/training/3FkcZ
pm9ev,8/8/p2k4/Pr1p1p1p/KP1R1P1P/R5P1/8/1r6 w - - 8 47,d4d3 b1b4,543,87,100,269,endgame mate mateIn1 oneMove rookEndgame,https://lichess.org/YMsa0oY6#93,,True,https://lichess.org/training/pm9ev
HbVJj,r4Qk1/1pp4p/p3p1rp/6q1/7n/PP5P/2P1NRP1/5RK1 b - - 7 27,a8f8 f2f8 g8g7 f1f7,575,83,97,1623,kingsideAttack mate mateIn2 middlegame short,https://lichess.org/xKI5LGl5/black#54,,True,https://lichess.org/training/HbVJj
5b7ro,4r3/p3rkpp/2R5/2p5/2Pp4/1P1R1Pb1/P5PP/5K2 w - - 0 30,h2g3 e7e1 f1f2 e8e2,661,89,90,391,endgame mate mateIn2 rookEndgame short,https://lichess.org/FlJjS0NI#59,,True,https://lichess.org/training/5b7ro
usGUI,6r1/8/8/1P3Q2/P7/2P4P/1k4rK/8 w - - 7 55,h2h1 g2g1 h1h2 g8g2,667,116,92,749,endgame mate mateIn2 queenRookEndgame short,https://lichess.org/4Wg3ajV4#109,,True,https://lichess.org/training/usGUI
XTjUq,6k1/pp4bp/2p3r1/6P1/5R2/7P/P1Pr4/5R1K b - - 0 35,g7e5 f4f8 g8g7 f1f7,670,78,66,71,endgame mate mateIn2 short,https://lichess.org/5jdCfydH/black#70,,True,https://lichess.org/training/XTjUq
3N5Jq,3r2k1/p1p2p2/3r2pp/Pp6/1P5P/R3PpRP/2P2P2/4K3 w - - 2 28,g3f3 d6d1 e1e2 d8d2,679,87,88,203,endgame mate mateIn2 rookEndgame short,https://lichess.org/GbtbGhk4#55,,True,https://lichess.org/training/3N5Jq
KDkUC,7k/1R6/5P2/pPpP3p/6r1/7R/6rK/8 w - - 11 61,h2h1 g2g1 h1h2 g4g2,679,79,100,149,endgame mate mateIn2 rookEndgame short,https://lichess.org/zTjSjSHG#121,,True,https://lichess.org/training/KDkUC
thH1i,r5k1/5pp1/7p/8/2B2PP1/rPpR4/2P4P/1K6 w - - 4 31,d3c3 a3a1 b1b2 a8a2,691,77,83,156,endgame mate mateIn2 short,https://lichess.org/UIkRLfqS#61,,True,https://lichess.org/training/thH1i
hSvuh,1k2r3/pp2r3/2n5/2p3Q1/8/2P2PPP/PP4B1/5nK1 w - - 0 35,g1f1 e7e1 f1f2 e8e2,692,95,94,1649,endgame mate mateIn2 short,https://lichess.org/efguky12#69,,True,https://lichess.org/training/hSvuh
KfxEl,rn4kQ/pp3b1p/4q1pR/6P1/4p3/8/PPP2P2/1K5R b - - 0 29,g8h8 h6h7 h8g8 h7h8 g8g7 h1h7,693,100,76,34,endgame long mate mateIn3,https://lichess.org/ZlCNn2mG/black#58,,True,https://lichess.org/training/KfxEl
vbjyY,6k1/5p2/4rPp1/pppb4/3p2P1/6KR/2P4R/8 b - - 7 44,e6f6 h3h8 g8g7 h2h7,694,80,98,343,endgame mate mateIn2 short,https://lichess.org/EBZEhmaW/black#88,,True,https://lichess.org/training/vbjyY
jGgnb,r5k1/r5pp/8/1B1P4/1p4p1/4P2P/1PP5/1K1R3R w - - 1 30,b2b3 a7a1 b1b2 a8a2,702,79,97,3300,endgame mate mateIn2 short,https://lichess.org/8kHLsnOW#59,,True,https://lichess.org/training/jGgnb
feJnv,2k4r/1pp2p2/p4R2/7r/8/4BpP1/PPR2P2/6K1 w - - 3 32,f6f3 h5h1 g1g2 h8h2,707,92,94,710,endgame mate mateIn2 short,https://lichess.org/R4ILNTkn#63,,True,https://lichess.org/training/feJnv
4CUvk,6k1/pp3p1p/2p1n1P1/4P3/4K3/2Pr2P1/P2r1P1R/7R b - - 4 29,h7g6 h2h8 g8g7 h1h7,708,85,96,407,endgame mate mateIn2 short,https://lichess.org/woaYphtz/black#58,,True,https://lichess.org/training/4CUvk
eTPqe,7r/p1pk4/Qp3p1r/1P1p1R2/3P2p1/1PP3q1/5R1P/6K1 w - - 0 26,h2g3 h6h1 g1g2 h8h2,709,79,98,1523,endgame mate mateIn2 queenRookEndgame short,https://lichess.org/h6RQm9gN#51,,True,https://lichess.org/training/eTPqe
WRybJ,3r2k1/1p1r2b1/6Q1/4p1RP/p7/2P5/PP4P1/2K5 w - - 0 30,a2a3 d7d1 c1c2 d8d2,712,78,100,823,endgame mate mateIn2 short,https://lichess.org/rhRS5n0U#59,,True,https://lichess.org/training/WRybJ
yUFDa,6k1/p2b1r1p/3p1pQ1/8/1pr1P3/1q3P2/1PP3PR/2K4R b - - 0 24,h7g6 h2h8 g8g7 h1h7,714,93,93,355,endgame mate mateIn2 short,https://lichess.org/5HbAqJZO/black#48,,True,https://lichess.org/training/yUFDa
GfXZX,5kQ1/1q3r2/4r1p1/1p1pPp2/p2p4/P1P5/1P3PKR/7R b - - 0 43,f8g8 h2h8 g8g7 h1h7,715,79,100,231,endgame mate mateIn2 queenRookEndgame short,https://lichess.org/FfUzcGGs/black#86,,True,https://lichess.org/training/GfXZX
1MSAV,r1b3k1/pp3r1p/2p1p1B1/3pP3/5P2/1P2P2R/PKP4R/8 b - - 0 21,h7g6 h3h8 g8g7 h2h7,721,76,100,522,endgame mate mateIn2 short,https://lichess.org/sTllrXwP/black#42,,True,https://lichess.org/training/1MSAV
hpNRV,6k1/1p3b1R/3p2p1/4p1K1/p2QP1P1/q1r2P2/8/7R b - - 1 36,e5d4 h7h8 g8g7 h1h7,722,105,93,906,endgame mate mateIn2 short,https://lichess.org/YAGDJqx5/black#72,,True,https://lichess.org/training/hpNRV
iSG0t,4r1k1/2R3pp/3R4/2p5/8/1P3PP1/4r1P1/5K2 w - - 1 33,c7c5 e2e1 f1f2 e8e2,725,84,97,2065,endgame mate mateIn2 rookEndgame short,https://lichess.org/DoRa38mV#65,,True,https://lichess.org/training/iSG0t
Fm9JP,6kQ/1pq2pb1/4p1p1/1p1pP3/5P2/7R/PPr3P1/1K5R b - - 3 27,g7h8 h3h8 g8g7 h1h7,729,79,88,76,endgame mate mateIn2 short,https://lichess.org/gOkFm67y/black#54,,True,https://lichess.org/training/Fm9JP
U8H7K,2k5/1p1R1p2/2p5/K7/2P4r/5r2/PP5P/3R4 b - - 0 22,h4c4 d7d8 c8c7 d1d7,730,94,68,53,endgame mate mateIn2 rookEndgame short,https://lichess.org/Qpk6HLmh/black#44,,True,https://lichess.org/training/U8H7K
9rbqP,4rk2/1R6/p6p/2P5/PP3p2/5R2/4rKPP/8 w - - 2 45,f2f1 e2e1 f1f2 e8e2,731,91,95,1830,endgame mate mateIn2 rookEndgame short,https://lichess.org/iqVxx9FY#89,,True,https://lichess.org/training/9rbqP
iyAd1,3r2k1/2p1Qp1p/3r1P2/6P1/p7/P6P/1PP5/2K5 w - - 3 36,c2c3 d6d1 c1c2 d8d2,733,79,100,273,endgame mate mateIn2 queenRookEndgame short,https://lichess.org/2Aly5L5L#71,,True,https://lichess.org/training/iyAd1
ZAbUp,2k2b1r/pp1r1ppp/2Qpq3/8/1R3B2/2P5/5PPP/1R4K1 b - - 0 20,b7c6 b4b8 c8c7 b1b7,735,88,91,343,mate mateIn2 middlegame queensideAttack short,https://lichess.org/Q2ABx2hx/black#40,,True,https://lichess.org/training/ZAbUp
27gmA,6k1/pp3r1p/2p3Q1/P2pP3/1PbPn1PR/2P5/5r2/6KR b - - 0 41,h7g6 h4h8 g8g7 h1h7,737,89,94,407,endgame mate mateIn2 short,https://lichess.org/fJdYv76V/black#82,,True,https://lichess.org/training/27gmA
7Q69M,2r1k3/3R1p2/p3r1p1/1p4P1/5K2/PP5P/3R4/8 b - - 0 39,c8c3 d7d8 e8e7 d2d7,738,80,93,634,endgame mate mateIn2 rookEndgame short,https://lichess.org/6RNNjE08/black#78,,True,https://lichess.org/training/7Q69M
NOYzX,k2r4/2R5/1R5p/1p4p1/p4p2/P1P2P2/1PKr2PP/8 w - - 14 38,c2c1 d2d1 c1c2 d8d2,738,90,96,463,endgame mate mateIn2 rookEndgame short,https://lichess.org/5f16v0qz#75,,True,https://lichess.org/training/NOYzX
XJ1Sr,6k1/5p2/4pPp1/pp6/5rr1/8/PP2K2R/1B5R b - - 0 38,f4f6 h2h8 g8g7 h1h7,739,91,65,50,endgame mate mateIn2 short,https://lichess.org/m8CCOiXL/black#76,,True,https://lichess.org/training/XJ1Sr
nS9vD,8/1R5p/1p2k3/1N1pr3/R7/5PP1/4rKP1/8 w - - 1 47,f2f1 e2e1 f1f2 e5e2,743,112,94,452,endgame mate mateIn2 short,https://lichess.org/MYxR8jzU#93,,True,https://lichess.org/training/nS9vD
woObl,8/4k3/4r3/pR3R2/P4p1p/5P1P/4r1P1/5K2 w - - 7 46,f5f4 e2e1 f1f2 e6e2,744,78,100,246,endgame mate mateIn2 rookEndgame short,https://lichess.org/ZjH23sLW#91,,True,https://lichess.org/training/woObl
8Yall,6k1/5p2/4p1p1/6P1/1prr4/p2pK2R/7R/8 b - - 1 57,a3a2 h3h8 g8g7 h2h7,744,97,95,335,endgame mate mateIn2 rookEndgame short,https://lichess.org/DJfW6koA/black#114,,True,https://lichess.org/training/8Yall
D0OtN,2R3R1/p2k1r2/1p6/8/4p2P/2P1P3/4Kr2/8 w - - 0 43,e2e1 f2f1 e1e2 f7f2,747,78,100,82,endgame mate mateIn2 rookEndgame short,https://lichess.org/uXh4WRcF#85,,True,https://lichess.org/training/D0OtN
YIhMq,6k1/1pr2r1p/4p1Q1/1p1pPpP1/3q1P1R/7R/P5PK/8 b - - 0 33,h7g6 h4h8 g8g7 h3h7,751,82,96,2107,endgame mate mateIn2 queenRookEndgame short,https://lichess.org/hDSZAHrq/black#66,,True,https://lichess.org/training/YIhMq
UXWZU,5k2/5pp1/prp3p1/4R3/8/1P4PP/P2r1P2/4R1K1 b - - 6 29,f7f6 e5e8 f8f7 e1e7,752,105,94,788,endgame mate mateIn2 rookEndgame short,https://lichess.org/nFH8DAnv/black#58,,True,https://lichess.org/training/UXWZU
0rPPK,6k1/5r1p/p1p3B1/1b2p1P1/3r4/4K3/7R/7R b - - 0 29,h7g6 h2h8 g8g7 h1h7,752,86,94,279,endgame mate mateIn2 short,https://lichess.org/uo9xxy6T/black#58,,True,https://lichess.org/training/0rPPK
86Afy,2r5/2R1bkpp/p1K2p2/8/2r5/5N2/P4PPP/4R3 w - - 5 31,c6d7 c4c7,753,86,78,153,endgame mate mateIn1 oneMove,https://lichess.org/anRJiLP6#61,,True,https://lichess.org/training/86Afy
ffFpW,6k1/r1q2r1p/1p2p1Q1/p2pPp2/5P2/2P3P1/PP3KPR/7R b - - 0 24,h7g6 h2h8 g8g7 h1h7,756,82,100,154,endgame kingsideAttack mate mateIn2 queenRookEndgame short,https://lichess.org/Vqut6Dcm/black#48,,True,https://lichess.org/training/ffFpW
Tgrku,2r1k3/5p2/p1Q1p1q1/1p2P3/8/2N3r1/PPPR2P1/3R2K1 b - - 0 27,c8c6 d2d8 e8e7 d1d7,761,81,85,307,endgame mate mateIn2 short,https://lichess.org/VNDz81u7/black#54,,True,https://lichess.org/training/Tgrku
6cqRw,6k1/pp3p2/2prrPp1/8/8/1P5R/P6R/6K1 b - - 5 33,e6f6 h3h8 g8g7 h2h7,762,82,81,162,endgame mate mateIn2 rookEndgame short,https://lichess.org/Wq6AEERX/black#66,,True,https://lichess.org/training/6cqRw
nEvGa,8/pp4Rk/7p/1P5q/P4KR1/8/8/8 b - - 1 42,h7h8 g7g8 h8h7 g4g7,764,78,97,2384,endgame mate mateIn2 queenRookEndgame short,https://lichess.org/3o5GeoE4/black#84,,True,https://lichess.org/training/nEvGa
58Hxe,3r2k1/1p2rp2/pn2p1p1/3pP3/3P2P1/2P4R/6K1/7R b - - 1 32,e7e8 h3h8 g8g7 h1h7,765,89,95,1295,endgame mate mateIn2 short,https://lichess.org/jvGPRaHK/black#64,,True,https://lichess.org/training/58Hxe
CZNyJ,8/8/7p/1r2r1k1/1pKR2P1/1Pp5/2PR4/8 w - - 2 54,d2d3 e5c5,768,78,100,446,endgame master mate mateIn1 oneMove rookEndgame,https://lichess.org/yMDEoxGL#107,,True,https://lichess.org/training/CZNyJ
ZrPA7,r7/p2R2p1/1pk4p/2p2q2/2P1Q3/8/P5PP/2BR2K1 b - - 0 35,f5e4 d1d6,768,267,67,26,endgame mate mateIn1 oneMove,https://lichess.org/dSd7RbIv/black#70,,True,https://lichess.org/training/ZrPA7
kEKji,7r/pppk4/3p4/5Rp1/2P1R3/1P3pPr/P4P2/6K1 w - - 3 32,f5f3 h3h1 g1g2 h8h2,769,80,71,64,endgame mate mateIn2 rookEndgame short,https://lichess.org/WwAbEU0E#63,,True,https://lichess.org/training/kEKji
COgQK,5k2/4R1p1/5p1p/5P2/PN4P1/8/1r5r/K3R3 b - - 1 39,b2b4 e7e8 f8f7 e1e7,770,80,100,693,endgame mate mateIn2 rookEndgame short,https://lichess.org/Qc948WjK/black#78,,True,https://lichess.org/training/COgQK
Rs5yU,r3r1k1/p2n1p2/1p2b1p1/6P1/2p5/5P2/PKP1N2R/3B3R b - - 0 28,d7c5 h2h8 g8g7 h1h7,770,103,100,18,mate mateIn2 middlegame short,https://lichess.org/3UAwR6DY/black#56,,True,https://lichess.org/training/Rs5yU
a6xm0,5k2/p1p1R1pp/1pr2p2/7P/8/8/3r1PP1/4R1K1 b - - 0 30,h7h6 e7e8 f8f7 e1e7,771,92,93,153,endgame mate mateIn2 rookEndgame short,https://lichess.org/S0FClJn3/black#60,,True,https://lichess.org/training/a6xm0
uCgvh,2k5/1p1r2rp/Q1p4b/P2pPppq/2P2P2/1R5P/3B1P2/1R3K2 b - - 2 33,b7a6 b3b8 c8c7 b1b7,772,82,88,211,mate mateIn2 middlegame queensideAttack short,https://lichess.org/XLgkLzah/black#66,,True,https://lichess.org/training/uCgvh
7dfOn,r4r1k/3n2Rp/2p2p2/4pp2/4P3/pp1P3R/Q5PP/7K b - - 0 41,b3a2 h3h7,772,78,86,277,endgame mate mateIn1 oneMove,https://lichess.org/qxrIIs9s/black#82,,True,https://lichess.org/training/7dfOn
dM1Sx,8/p7/8/3k4/1P3R1P/4RpP1/5P1K/r1r5 w - - 9 49,f4f3 c1h1 h2g2 a1g1,774,78,100,211,endgame mate mateIn2 rookEndgame short,https://lichess.org/o5w4B5Su#97,,True,https://lichess.org/training/dM1Sx
dIKlh,7r/2p4r/2k5/6p1/4R3/2PR1pP1/1P3P2/6K1 w - - 7 38,d3f3 h7h1 g1g2 h8h2,776,100,67,25,endgame mate mateIn2 rookEndgame short,https://lichess.org/7oZu548U#75,,True,https://lichess.org/training/dIKlh
SvcHE,5k2/p1r1r1pB/2p1pp1Q/1p6/1P1q3P/P4P2/5PR1/6RK b - - 0 31,g7h6 g2g8 f8f7 g1g7,776,79,100,303,endgame mate mateIn2 short,https://lichess.org/60Up70Kv/black#62,,True,https://lichess.org/training/SvcHE
fEiAC,3r2k1/5p1p/1p6/5p2/1PP1p3/R3R3/2PrKPPP/8 w - - 1 27,e2e1 d2d1 e1e2 d8d2,777,81,72,190,endgame mate mateIn2 rookEndgame short,https://lichess.org/NFfvL40l#53,,True,https://lichess.org/training/fEiAC
n7lP1,8/8/2r2k1p/4p1p1/R4p2/1prP1P2/2P1R1PP/3K4 w - - 0 43,c2b3 c3c1 d1d2 c6c2,777,82,97,2775,endgame mate mateIn2 rookEndgame short,https://lichess.org/J2PCfatw#85,,True,https://lichess.org/training/n7lP1
dareC,4r3/1pk5/p7/8/PP6/2PR1RPp/4rK1P/8 w - - 7 31,f2f1 e2e1 f1f2 e8e2,778,76,78,82,endgame mate mateIn2 rookEndgame short,https://lichess.org/4TrRV90h#61,,True,https://lichess.org/training/dareC
4vjmf,2k4r/pp3p1r/2n1b3/1N1pPp2/3P1Pp1/1P4q1/P2Q1R1P/R3N1K1 w - - 0 23,h2g3 h7h1 g1g2 h8h2,781,76,88,271,kingsideAttack mate mateIn2 middlegame short,https://lichess.org/SO8cXHui#45,,True,https://lichess.org/training/4vjmf
Acj1E,4Q3/6p1/8/5kBK/5Pr1/P7/7r/R7 w - - 7 57,g5h4 h2h4,783,89,100,602,endgame mate mateIn1 oneMove,https://lichess.org/pjNI7zZn#113,,True,https://lichess.org/training/Acj1E
m1UKI,1r4k1/2q2r1p/2b1p1Q1/p2pPp2/2pP3R/2P1P1P1/P1B2KP1/7R b - - 0 30,h7g6 h4h8 g8g7 h1h7,783,80,99,866,kingsideAttack mate mateIn2 middlegame short,https://lichess.org/yfB8KKX3/black#60,,True,https://lichess.org/training/m1UKI
9fONp,6k1/4pp1R/p2p1Bp1/1p6/4r1p1/P5P1/2r2PK1/7R b - - 0 40,e7f6 h7h8 g8g7 h1h7,784,103,82,375,endgame mate mateIn2 rookEndgame short,https://lichess.org/f32syZOZ/black#80,,True,https://lichess.org/training/9fONp
0NIJx,5r2/R5Rk/p4p2/1p4p1/3pP3/1P1P4/3r2PP/6K1 b - - 0 31,h7h6 g7h7 h6g6 a7g7,784,96,94,245,endgame mate mateIn2 rookEndgame short,https://lichess.org/FluRQpBT/black#62,,True,https://lichess.org/training/0NIJx
8y9rJ,6kQ/2q2p1p/p3p1p1/1p1pP1P1/6P1/1P2rPK1/P6R/7R b - - 0 40,g8h8 h2h7 h8g8 h7h8 g8g7 h1h7,784,77,100,482,endgame long mate mateIn3 queenRookEndgame,https://lichess.org/uufRVp9E/black#80,,True,https://lichess.org/training/8y9rJ
hKsUj,5r1k/pbp3pn/1p5p/n3b3/8/P1B5/BPP1QPrP/3RRK2 w - - 0 25,e2e5 f8f2,786,77,99,1302,mate mateIn1 middlegame oneMove,https://lichess.org/6yeFQscg#49,,True,https://lichess.org/training/hKsUj
YLHcQ,8/4kr2/6R1/pp1R4/2p1p2p/P1P1P2P/1P3r2/5K2 w - - 0 42,f1e1 f2f1 e1e2 f7f2,786,79,89,355,endgame mate mateIn2 rookEndgame short,https://lichess.org/LtLrMlVF#83,,True,https://lichess.org/training/YLHcQ
VVK3B,7r/5kp1/p4p1r/1pN1p3/1P6/P2P1RP1/2P2R2/6K1 w - - 6 37,c5e4 h6h1 g1g2 h8h2,787,82,97,1551,endgame mate mateIn2 short,https://lichess.org/Pf6i9i38#73,,True,https://lichess.org/training/VVK3B
Llc97,8/p3k1pp/p7/3Pp3/1P2P3/P5P1/1r4r1/2R1R1K1 w - - 2 31,g1f1 b2f2,787,84,81,70,endgame mate mateIn1 oneMove rookEndgame,https://lichess.org/utGeXcVZ#61,,True,https://lichess.org/training/Llc97
2U3Wn,5k2/1p2r1pn/p4p1B/2pp1P2/6RP/1P1P2R1/1Pr3P1/6K1 b - - 0 34,g7h6 g4g8 f8f7 g3g7,788,78,98,2189,endgame mate mateIn2 short,https://lichess.org/z12jRwD5/black#68,,True,https://lichess.org/training/2U3Wn
i58Iv,5k2/pp3p2/4p2p/3rP3/8/2PrPR2/PP4R1/4K3 w - - 8 30,g2f2 d3d1 e1e2 d5d2,788,77,100,168,endgame mate mateIn2 rookEndgame short,https://lichess.org/98UQexKC#59,,True,https://lichess.org/training/i58Iv
xNjDX,3RRr2/5Q1k/p4pp1/2P4p/7P/8/Pq3PPK/8 b - - 1 34,f8f7 e8h8 h7g7 d8g8,790,78,80,234,endgame mate mateIn2 queenRookEndgame short,https://lichess.org/v75WxPsj/black#68,,True,https://lichess.org/training/xNjDX
QDRVU,4r1k1/p6p/2pp1R1p/1p4rP/4P2K/1P1P4/1P6/5R2 b - - 4 31,e8e5 f6f8 g8g7 f1f7,790,81,100,97,endgame mate mateIn2 rookEndgame short,https://lichess.org/u5J93UPg/black#62,,True,https://lichess.org/training/QDRVU
NfxlE,6k1/1ppn2pp/p6r/1P1p3r/3P4/4PPq1/P1Q2R1P/1RB3K1 w - - 0 22,h2g3 h5h1 g1g2 h6h2,792,77,100,188,kingsideAttack mate mateIn2 middlegame short,https://lichess.org/O9U9Pjon#43,,True,https://lichess.org/training/NfxlE
MNiuo,7r/1kp4r/pp4R1/8/PP1P2p1/4P1P1/5P2/2R3K1 w - - 3 33,c1c3 h7h1 g1g2 h8h2,792,86,88,208,endgame mate mateIn2 rookEndgame short,https://lichess.org/ntetLYz1#65,,True,https://lichess.org/training/MNiuo
5mDah,7r/6p1/p2P2kr/P1N2p2/4pPp1/4B1q1/1PRQ3P/6K1 w - - 0 33,h2g3 h6h1 g1g2 h8h2,793,80,81,146,endgame mate mateIn2 short,https://lichess.org/nrBibyCZ#65,,True,https://lichess.org/training/5mDah
Shlro,1k5r/bp3p2/p1Pp3r/8/2P3p1/P3P1P1/3Q1PB1/3RR1Kq w - - 1 27,g2h1 h6h1 g1g2 h8h2,795,81,91,115,kingsideAttack mate mateIn2 middlegame short,https://lichess.org/X0AI09sU#53,,True,https://lichess.org/training/Shlro
HS99L,1R2R3/2pr1p1k/p1pr1Pp1/1p5p/8/6P1/P1P2P1P/6K1 b - - 1 29,d6f6 e8h8 h7g7 b8g8,795,87,63,30,endgame mate mateIn2 rookEndgame short,https://lichess.org/mYkzeq1y/black#58,,True,https://lichess.org/training/HS99L
kjVzv,1k2r3/p1b3Q1/Pp6/2pP1R1p/2P4N/5P2/4rKP1/8 w - - 3 41,f2f1 e2e1 f1f2 e8e2,795,77,100,238,endgame mate mateIn2 short,https://lichess.org/Ug9q7CeY#81,,True,https://lichess.org/training/kjVzv
Pwivv,5r1k/p2P4/4p3/4P2p/5rp1/2Q3R1/4R3/6K1 w - - 1 48,e2h2 f4f1 g1g2 f8f2,796,80,97,2063,endgame mate mateIn2 queenRookEndgame short,https://lichess.org/XYSAkhKJ#95,,True,https://lichess.org/training/Pwivv
9bmS5,4r1k1/p2R3R/5rn1/2p1p1N1/2P2p2/P7/6PP/7K b - - 1 35,g6f8 d7g7,798,78,100,177,endgame mate mateIn1 oneMove,https://lichess.org/SoRMDYZQ/black#70,,True,https://lichess.org/training/9bmS5
pkcTC,6rk/p1p4p/1p1p4/3Pp1r1/2P1Qp2/1P1B1P1q/P1R3P1/5K2 w - - 0 32,g2h3 g5g1 f1f2 g8g2,799,79,98,1686,endgame mate mateIn2 short,https://lichess.org/c2f2sttN#63,,True,https://lichess.org/training/pkcTC
wzOjX,3k4/6pp/3r2p1/1K2R3/7P/4R1P1/8/2r5 b - - 5 50,c1c7 e5e8 d8d7 e3e7,799,96,93,299,endgame mate mateIn2 rookEndgame short,https://lichess.org/eCKdTa2b/black#100,,True,https://lichess.org/training/wzOjX
Dpfo7,6r1/p2k1p2/2p1p3/3pP3/QP3P1p/N1P2R1P/P5rK/8 w - - 2 32,h2h1 g2g1 h1h2 g8g2,802,87,94,154,endgame mate mateIn2 short,https://lichess.org/pgxuTzDF#63,,True,https://lichess.org/training/Dpfo7
zGnM8,2r3k1/p4p2/1p2p1pR/4P3/3PK3/7R/P4rP1/8 b - - 0 30,c8c2 h6h8 g8g7 h3h7,802,77,96,110,endgame mate mateIn2 rookEndgame short,https://lichess.org/2cVfQwih/black#60,,True,https://lichess.org/training/zGnM8
jCWQa,6bk/8/3p2R1/N7/P7/1Pp1R3/K1P5/5r1r w - - 5 37,e3c3 f1a1 a2b2 h1b1,802,79,99,1218,endgame mate mateIn2 short,https://lichess.org/JMTVBen1#73,,True,https://lichess.org/training/jCWQa
Lnb0Q,2r3k1/p4p2/1p2p1p1/4P3/2P4R/1KP4R/P4rP1/8 b - - 3 25,c8c5 h4h8 g8g7 h3h7,803,85,92,1099,endgame mate mateIn2 rookEndgame short,https://lichess.org/mY2ge6m5/black#50,,True,https://lichess.org/training/Lnb0Q
lJT8o,k6r/P6r/4p3/R1BpPp2/3P2p1/2P3P1/5P2/6K1 w - - 1 37,a5b5 h7h1 g1g2 h8h2,803,99,95,393,endgame mate mateIn2 short,https://lichess.org/xOkbGLoq#73,,True,https://lichess.org/training/lJT8o
LaNRA,r1b3k1/p4r1p/1pp3Q1/3pP3/8/P1P5/5P1R/3K3R b - - 0 25,h7g6 h2h8 g8g7 h1h7,803,78,91,441,endgame mate mateIn2 short,https://lichess.org/bUic3ZGN/black#50,,True,https://lichess.org/training/LaNRA
iYQQw,2k5/pp1r1p1p/2P1p2p/3rP3/6P1/PR5P/5PK1/1R6 b - - 0 31,b7c6 b3b8 c8c7 b1b7,803,106,94,1122,endgame mate mateIn2 rookEndgame short,https://lichess.org/fqRxrnp3/black#62,,True,https://lichess.org/training/iYQQw
BNYqo,3r1rk1/pp3bpR/5p2/3p4/2p2q2/2P3RP/PPB2P2/5QK1 b - - 2 27,f6f5 g3g7,803,87,95,242,kingsideAttack mate mateIn1 middlegame oneMove,https://lichess.org/0o2IwCKF/black#54,,True,https://lichess.org/training/BNYqo
al87T,3r2k1/1p4p1/6p1/1nP1p3/2R2p2/5P1P/3r1BP1/1R2K3 w - - 0 34,b1b5 d2d1 e1e2 d8d2,803,79,98,1954,endgame mate mateIn2 short,https://lichess.org/825N75Jc#67,,True,https://lichess.org/training/al87T
SGHUK,4b1k1/8/2p1p1pR/2rpP1P1/p4PK1/Pr2P3/8/7R b - - 3 39,e8f7 h6h8 g8g7 h1h7,803,80,96,258,endgame mate mateIn2 short,https://lichess.org/YBInp85f/black#78,,True,https://lichess.org/training/SGHUK
NHO4C,6k1/r1p2p2/p2r1Pp1/1p2n3/2p5/4P2R/PPP1B3/2K4R b - - 3 28,d6f6 h3h8 g8g7 h1h7,804,100,92,167,endgame mate mateIn2 short,https://lichess.org/wqKgcnuK/black#56,,True,https://lichess.org/training/NHO4C
MfvKM,2b2qr1/2r4k/p3p1RQ/1p1pNp2/1PpP4/2P4R/5P1P/1B4K1 b - - 0 36,f8h6 h3h6,804,100,94,595,mate mateIn1 middlegame oneMove,https://lichess.org/pIy74tEn/black#72,,True,https://lichess.org/training/MfvKM
jDqyn,6k1/5p2/3r1Pp1/1p1bp3/pP2p2R/P1P4R/2K4P/8 b - - 1 49,d6f6 h4h8 g8g7 h3h7,805,82,88,97,endgame master masterVsMaster mate mateIn2 short,https://lichess.org/IdIFNg3k/black#98,,True,https://lichess.org/training/jDqyn
PLFii,1r4k1/pr3ppp/2p5/2p5/6PP/P1bP4/1P1R1P2/2K3NR w - - 0 22,b2c3 b7b1 c1c2 b8b2,805,108,95,1229,endgame mate mateIn2 queensideAttack short,https://lichess.org/zsXLoi6Z#43,,True,https://lichess.org/training/PLFii
Ws7i7,4k3/pp3p2/4pP1r/7p/3R4/3R3P/PPr3PK/8 b - - 4 29,h6f6 d4d8 e8e7 d3d7,806,103,95,866,endgame mate mateIn2 rookEndgame short,https://lichess.org/MF0TKI0p/black#58,,True,https://lichess.org/training/Ws7i7
A8LPg,1k6/2p2p2/1p1p4/3P3p/R2Pr3/8/4B2r/R4K2 b - - 3 43,e4e2 a4a8 b8b7 a1a7,806,104,94,641,endgame mate mateIn2 rookEndgame short,https://lichess.org/yoXdHmbl/black#86,,True,https://lichess.org/training/A8LPg
MdArB,1k3b1r/p1r2ppp/1Q1p4/3P4/1P6/2q2B1P/R4PP1/R5K1 b - - 0 25,a7b6 a2a8 b8b7 a1a7,806,80,97,2002,mate mateIn2 middlegame queensideAttack short,https://lichess.org/oMzz98Vy/black#50,,True,https://lichess.org/training/MdArB
VRZpd,7r/pp2Npk1/3R2p1/2p4r/4P3/4RnP1/PP3P2/6K1 w - - 1 32,e3f3 h5h1 g1g2 h8h2,807,78,100,57,endgame mate mateIn2 short,https://lichess.org/euuIApTi#63,,True,https://lichess.org/training/VRZpd
AfIcq,8/3r3k/7p/R6R/1p6/1P6/P1Kr4/8 w - - 3 42,c2b1 d2d1 b1c2 d7d2,809,86,93,101,endgame mate mateIn2 rookEndgame short,https://lichess.org/pyaaw4zK#83,,True,https://lichess.org/training/AfIcq
bws7B,4r3/pR6/6k1/3P1p1b/3R4/6PP/PP2r1B1/5K2 w - - 3 29,d5d6 e2e1 f1f2 e8e2,810,79,98,1464,endgame mate mateIn2 short,https://lichess.org/fUNl5cUs#57,,True,https://lichess.org/training/bws7B
Ed2FZ,5k2/3r2p1/3P1p1p/ppp4P/2r5/2P1R1P1/2P1RP1K/8 b - - 1 37,d7d6 e3e8 f8f7 e2e7,811,91,91,105,endgame mate mateIn2 rookEndgame short,https://lichess.org/Ml2gkXbw/black#74,,True,https://lichess.org/training/Ed2FZ
kUAFd,6k1/5p1R/5Bp1/p7/2p1K3/2P4R/Pr3rPP/8 b - - 2 34,f2f6 h7h8 g8g7 h3h7,811,80,88,171,endgame mate mateIn2 rookEndgame short,https://lichess.org/Kc3QI7uw/black#68,,True,https://lichess.org/training/kUAFd
E3uLh,r2r2k1/p2b1p1R/2p1p1p1/4P3/3p3R/1PnB3P/6P1/6K1 b - - 0 33,c3d5 h7h8 g8g7 h4h7,812,86,97,1792,mate mateIn2 middlegame short,https://lichess.org/kRSiXvlZ/black#66,,True,https://lichess.org/training/E3uLh
Dr8y4,kr6/p4R1p/3p4/3R3p/P4P2/8/Kr3P1P/8 w - - 0 32,a2a3 b8b3,812,88,95,1682,endgame master masterVsMaster mate mateIn1 oneMove rookEndgame,https://lichess.org/hSmctKfy#63,,True,https://lichess.org/training/Dr8y4
NNV3v,4k1r1/3n4/3Q1p1p/8/3Pp3/4P3/PP3Kr1/R1B5 w - - 10 29,f2f1 g2g1 f1f2 g8g2,812,104,95,1948,endgame mate mateIn2 short,https://lichess.org/dVuHY727#57,,True,https://lichess.org/training/NNV3v
utG8T,r5k1/r5bp/5pp1/1bp1pP2/1p1pP1P1/1P1P1QNP/1BP2R2/qK3R2 w - - 1 35,b2a1 a7a1 b1b2 a8a2,812,76,100,237,mate mateIn2 middlegame queensideAttack short,https://lichess.org/cTucY94p#69,,True,https://lichess.org/training/utG8T
cMbaE,r7/2p2k1p/4pp2/3p4/3P3P/1PR1P3/r1P5/1K4R1 w - - 0 30,g1g4 a2a1 b1b2 a8a2,812,92,93,589,endgame mate mateIn2 rookEndgame short,https://lichess.org/l91neIVr#59,,True,https://lichess.org/training/cMbaE
v95oU,k7/p2b1p2/r3pP2/3pN3/2pP4/qr6/KPQ2P2/3RR3 w - - 0 33,b2a3 a6a3,812,81,86,369,mate mateIn1 middlegame oneMove,https://lichess.org/phEPitd9#65,,True,https://lichess.org/training/v95oU
NHPpu,4r1k1/3q1p2/5Qp1/1p6/2p1pr2/P1P5/1PP1BP1R/2K4R b - - 0 36,f4f6 h2h8 g8g7 h1h7,815,82,83,49,endgame mate mateIn2 short,https://lichess.org/licZM5va/black#72,,True,https://lichess.org/training/NHPpu
bLv47,rn4k1/1bpp1p2/p4PpR/1p6/3p1r2/PB5R/1PPK1P2/8 b - - 7 24,f4f6 h6h8 g8g7 h3h7,816,76,100,482,kingsideAttack mate mateIn2 middlegame short,https://lichess.org/LMcsM1Pg/black#48,,True,https://lichess.org/training/bLv47
IxmuG,2r3kQ/2q2pb1/3pp1p1/p5P1/1p2P3/P1P4R/1P3P2/1K5R b - - 1 27,g7h8 h3h8 g8g7 h1h7,816,82,91,192,endgame master mate mateIn2 short,https://lichess.org/R8b0tcQl/black#54,,True,https://lichess.org/training/IxmuG
0M0fW,2k5/pp1r1rp1/2Q5/2P1P1qp/1R3p2/P1P5/5P2/1R3K2 b - - 0 30,b7c6 b4b8 c8c7 b1b7,816,77,97,2539,endgame mate mateIn2 queenRookEndgame short,https://lichess.org/GRXCbLcT/black#60,,True,https://lichess.org/training/0M0fW
rswAz,r3rkN1/1b3p2/p3p1p1/6P1/3p4/PP6/2P2KPR/7R b - - 6 31,f8g8 h2h8 g8g7 h1h7,816,75,100,135,endgame mate mateIn2 short,https://lichess.org/AkFBeicl/black#62,,True,https://lichess.org/training/rswAz
tKI9A,2r1k3/3R1p2/4p1p1/2N1P2p/7P/1P4r1/8/1K1R4 b - - 2 31,c8c5 d7d8 e8e7 d1d7,817,101,95,1082,endgame mate mateIn2 rookEndgame short,https://lichess.org/urT73mvm/black#62,,True,https://lichess.org/training/tKI9A
EtMOA,6k1/5p2/p3rPp1/1p1p4/3P4/K1P4R/PP4r1/7R b - - 1 39,e6f6 h3h8 g8g7 h1h7,818,113,91,527,endgame mate mateIn2 rookEndgame short,https://lichess.org/AuCMpL03/black#78,,True,https://lichess.org/training/EtMOA
z4Qrp,4k3/3R1p2/4pr2/6pp/2P2P2/6P1/Pr5P/3R2K1 b - - 1 29,g5f4 d7d8 e8e7 d1d7,818,77,99,1480,endgame mate mateIn2 rookEndgame short,https://lichess.org/nLiGdiNm/black#58,,True,https://lichess.org/training/z4Qrp
E0wMe,2k4r/pp3p2/4pQ2/4R2r/3P2p1/2P3P1/PP3P1P/6Kq w - - 0 26,g1h1 h5h2 h1g1 h2h1 g1g2 h8h2,819,77,100,320,endgame long master masterVsMaster mate mateIn3 queenRookEndgame,https://lichess.org/QrGzCcVc#51,,True,https://lichess.org/training/E0wMe
1FEns,3b3k/B5p1/7r/3Np3/2P5/3PRpPr/PP3P2/6K1 w - - 7 34,e3f3 h3h1 g1g2 h6h2,819,77,100,422,endgame mate mateIn2 short,https://lichess.org/zXhOcNRq#67,,True,https://lichess.org/training/1FEns
etY91,r7/5pkp/3R1p2/r3p3/4PP2/1PpR2P1/2P4P/1K6 w - - 1 27,d3c3 a5a1 b1b2 a8a2,819,77,87,196,endgame mate mateIn2 rookEndgame short,https://lichess.org/K3k1eaMW#53,,True,https://lichess.org/training/etY91
fWhKq,4r1k1/p4ppp/4r3/3p4/PB4b1/2PP1Pn1/1PQN2PP/4RK2 w - - 1 24,h2g3 e6e1 f1f2 e8e2,819,77,90,265,mate mateIn2 middlegame short,https://lichess.org/2rpx1A1h#47,,True,https://lichess.org/training/fWhKq
dDAT9,6k1/p1p2p2/1p1prPpR/8/7R/3n3P/6P1/7K b - - 0 38,e6f6 h6h8 g8g7 h4h7,820,82,99,2036,endgame mate mateIn2 short,https://lichess.org/oxa7iA98/black#76,,True,https://lichess.org/training/dDAT9
GYSHJ,r3k3/2p2p2/1p2r2p/3RpK2/4P3/1P4PP/3R4/8 b - - 0 37,a8a3 d5d8 e8e7 d2d7,821,81,88,594,endgame mate mateIn2 rookEndgame short,https://lichess.org/dtKiYbub/black#74,,True,https://lichess.org/training/GYSHJ
e8TsI,4B3/4kp1p/3Rp3/1p2P2r/1P3p2/r5P1/7P/3R2K1 b - - 0 40,e7e8 d6d8 e8e7 d1d7,821,109,94,520,endgame mate mateIn2 rookEndgame short,https://lichess.org/u4KG2r3G/black#80,,True,https://lichess.org/training/e8TsI
etohr,8/p2rkp2/R1R3pp/3rp3/7P/1P2PP2/P4P2/4K3 w - - 1 27,h4h5 d5d1 e1e2 d7d2,821,83,90,137,endgame mate mateIn2 rookEndgame short,https://lichess.org/A5UxUSOZ#53,,True,https://lichess.org/training/etohr
0zYMN,2k5/pp1r1pp1/2Q1p2p/4P2P/r7/8/PR3P2/KR6 b - - 0 30,b7c6 b2b8 c8c7 b1b7,821,78,98,307,endgame mate mateIn2 rookEndgame short,https://lichess.org/37zwL4mZ/black#60,,True,https://lichess.org/training/0zYMN
6lnmx,4r3/2p4k/p2p1R2/1p1P3p/5p1N/2PP3R/PPBKrP2/8 w - - 1 31,d2d1 e2e1 d1d2 e8e2,821,97,96,295,endgame mate mateIn2 short,https://lichess.org/YS9ZBB1R#61,,True,https://lichess.org/training/6lnmx
4DUAW,2rqr1kQ/2p1pbb1/pp1p1p2/3P1Pp1/2P1P3/2N5/PP3BPR/2K4R b - - 7 24,g7h8 h2h8 g8g7 h1h7,823,75,98,1356,kingsideAttack mate mateIn2 middlegame short,https://lichess.org/ln87Eybx/black#48,,True,https://lichess.org/training/4DUAW
NxVN3,3r1kqQ/3r2p1/R4pP1/4P3/1p6/1P5R/1PP2P1P/2K5 w - - 1 30,c2c4 d7d1 c1c2 d8d2,824,76,92,327,endgame master mate mateIn2 queensideAttack short,https://lichess.org/hoc7PcBF#59,,True,https://lichess.org/training/NxVN3
Z542J,4r3/4r1k1/6bp/p1R3p1/Np6/1P6/1PPR1PPP/3K4 w - - 8 27,d2d6 e7e1 d1d2 e8e2,824,93,96,318,endgame mate mateIn2 short,https://lichess.org/tkCZM5IO#53,,True,https://lichess.org/training/Z542J
sFpHO,6kQ/1prn1pq1/4p1p1/r1p3P1/2B1P3/3P4/2P3KR/7R b - - 1 39,g7h8 h2h8 g8g7 h1h7,824,76,80,144,mate mateIn2 middlegame short,https://lichess.org/ZUt7PgVL/black#78,,True,https://lichess.org/training/sFpHO
N3CaK,7r/5R2/R7/1pkp3r/8/3B1pP1/PPP2P2/6K1 w - - 1 41,f7f3 h5h1 g1g2 h8h2,825,94,96,555,endgame mate mateIn2 short,https://lichess.org/C1WjcVgy#81,,True,https://lichess.org/training/N3CaK
q6z0t,6k1/1r3p1R/1N4p1/p3P3/1pp5/7R/PPr3PP/6K1 b - - 0 33,b7b6 h7h8 g8g7 h3h7,825,84,96,481,endgame mate mateIn2 rookEndgame short,https://lichess.org/QmXea45o/black#66,,True,https://lichess.org/training/q6z0t
aCFpf,r1n3k1/1p3r1p/2p1p1Q1/p3P3/P6R/2P5/1P4P1/1K5R b - - 0 26,h7g6 h4h8 g8g7 h1h7,825,92,96,1729,endgame mate mateIn2 short,https://lichess.org/E0ZuE3Bp/black#52,,True,https://lichess.org/training/aCFpf
QyYlM,4r2k/8/R5Qp/1q1p4/3P2n1/1N4P1/1PP2r1P/5BK1 w - - 2 28,f1b5 e8e1 b5f1 e1f1,826,81,96,1478,mate mateIn2 middlegame short,https://lichess.org/vq0SrT5G#55,,True,https://lichess.org/training/QyYlM
QuwSL,r5k1/1q3r1p/4p1Q1/pp1bP3/2p2P2/2P4R/PP2B1P1/1K5R b - - 0 24,h7g6 h3h8 g8g7 h1h7,828,86,96,1387,kingsideAttack mate mateIn2 middlegame short,https://lichess.org/MZqK8227/black#48,,True,https://lichess.org/training/QuwSL
NOIRi,2k4r/pp6/2p2Rp1/7r/P1B1p3/1PB3P1/2P2P1P/6Kb w - - 0 29,g1h1 h5h2 h1g1 h2h1 g1g2 h8h2,828,85,91,376,endgame long mate mateIn3,https://lichess.org/XQ7QlaI1#57,,True,https://lichess.org/training/NOIRi
LeRn1,2k1r3/ppp3R1/8/8/PP3p2/R2P4/2P1r1P1/3K4 w - - 0 30,a3c3 e2e1 d1d2 e8e2,828,80,100,562,endgame mate mateIn2 rookEndgame short,https://lichess.org/0zt8SdVH#59,,True,https://lichess.org/training/LeRn1
knLgS,3rkQ2/pR3R1p/2pp2n1/8/4Pp2/3P4/PPP4P/2KN2q1 b - - 0 30,g6f8 b7e7,829,79,90,380,endgame mate mateIn1 oneMove,https://lichess.org/ytDz0Paq/black#60,,True,https://lichess.org/training/knLgS
ta34L,5k2/p3R1p1/1b5p/2p2P2/3p3B/7P/rr2n1P1/4R2K b - - 17 44,e2f4 e7e8 f8f7 e1e7,829,86,78,279,mate mateIn2 middlegame short,https://lichess.org/2CZWFpgT/black#88,,True,https://lichess.org/training/ta34L
IUHda,3r4/8/4R3/1pk2p2/5Pp1/PRP3P1/2Kr4/8 w - - 1 50,c2c1 d2d1 c1c2 d8d2,829,77,86,107,endgame mate mateIn2 rookEndgame short,https://lichess.org/O9LPcCE4#99,,True,https://lichess.org/training/IUHda
p4zq1,3k4/ppbr1Rp1/2p1r3/2Pp4/1P1Pp2p/P1B1P3/6PP/5RK1 b - - 5 32,d8e8 f7f8 e8e7 f1f7,829,79,95,1587,endgame mate mateIn2 short,https://lichess.org/wRxpNBtn/black#64,,True,https://lichess.org/training/p4zq1
SlVcV,2b3k1/5r1R/pq1nQ1p1/2p3P1/5bP1/2P2P2/PP2B3/1K5R b - - 0 31,c8e6 h7h8 g8g7 h1h7,830,83,92,205,mate mateIn2 middlegame short,https://lichess.org/Jrl3wyW3/black#62,,True,https://lichess.org/training/SlVcV
4jWb7,4Q3/1p4R1/3k1r2/3P2p1/1P4P1/8/5rK1/8 w - - 2 58,g2g3 f6f3,830,100,93,536,endgame mate mateIn1 oneMove queenRookEndgame,https://lichess.org/JfMCkbdh#115,,True,https://lichess.org/training/4jWb7
aVC4C,5k2/6p1/4Rp1p/6rP/3PRKP1/2r5/8/8 b - - 3 35,c3c1 e6e8 f8f7 e4e7,830,109,94,895,endgame mate mateIn2 rookEndgame short,https://lichess.org/jd3hcjTy/black#70,,True,https://lichess.org/training/aVC4C
rewrN,4k3/3R1p1p/p3pp2/1B6/4b3/PK3PPP/2r5/2rR4 b - - 4 26,a6b5 d7d8 e8e7 d1d7,830,82,92,299,endgame master mate mateIn2 short,https://lichess.org/lYwEujwI/black#52,,True,https://lichess.org/training/rewrN
OKlfw,6k1/1p3R1p/p5r1/7K/1P6/P4R1P/r7/8 b - - 3 31,a2d2 f7f8 g8g7 f3f7,830,83,96,177,endgame mate mateIn2 rookEndgame short,https://lichess.org/xJnOqGCj/black#62,,True,https://lichess.org/training/OKlfw
vzaEP,1k5r/pp6/8/3N1p2/2R5/3P1PP1/P1P4r/5RK1 w - - 11 37,f1f2 h2h1 g1g2 h8h2,831,103,96,1623,endgame mate mateIn2 short,https://lichess.org/zrJzwZ5K#73,,True,https://lichess.org/training/vzaEP
Ovs7d,7r/p1k5/2p2N2/8/8/3P1nP1/P3PP1r/2RR2K1 w - - 0 42,e2f3 h2h1 g1g2 h8h2,831,92,75,27,endgame mate mateIn2 short,https://lichess.org/3HUnin60#83,,True,https://lichess.org/training/Ovs7d
91WHb,6rk/pp1R1p1p/2p1pnr1/4Qp2/4p3/1B2P2P/P1P3P1/6K1 w - - 4 26,d7f7 g6g2 g1f1 g2g1 f1f2 g8g2,831,94,94,389,endgame kingsideAttack long mate mateIn3,https://lichess.org/aevH9P1X#51,,True,https://lichess.org/training/91WHb
huQDx,3k4/p1p5/1p1p4/3P1r2/1P2Rr1p/P6P/4RP2/5K2 b - - 0 34,f4f3 e4e8 d8d7 e2e7,831,77,85,192,endgame mate mateIn2 rookEndgame short,https://lichess.org/DCk2YEic/black#68,,True,https://lichess.org/training/huQDx
3oi37,7k/pp3p1p/2pr1pr1/4p2R/4P3/3n3R/P1P2PPP/6K1 b - - 1 27,d3f4 h5h7 h8g8 h7h8 g8g7 h3h7,832,95,92,53,endgame kingsideAttack long mate mateIn3,https://lichess.org/btVQqkv1/black#54,,True,https://lichess.org/training/3oi37
3TdTx,5r2/pp1k4/3p4/6p1/3P3p/2RR3P/PP3rKB/8 w - - 0 30,g2g1 f2f1 g1g2 f8f2,832,99,95,475,endgame mate mateIn2 short,https://lichess.org/PnP3306J#59,,True,https://lichess.org/training/3TdTx
kUTfM,2b3k1/5r2/pp2Npp1/2pP4/P1P4R/7R/6K1/2q5 b - - 13 38,c8e6 h4h8 g8g7 h3h7,832,77,86,146,endgame mate mateIn2 short,https://lichess.org/POx7WX5q/black#76,,True,https://lichess.org/training/kUTfM
TUPkM,6k1/2pr1p2/p3rPp1/1p3p2/8/P6R/1P3P2/1K5R b - - 6 35,e6f6 h3h8 g8g7 h1h7,832,93,96,498,endgame mate mateIn2 rookEndgame short,https://lichess.org/skVV76cB/black#70,,True,https://lichess.org/training/TUPkM
cqEwp,8/2p3pp/4p3/1n1pN3/3r2Pk/r1p1KP1P/2R2R2/8 b - - 1 37,h4h3 f2h2 h3g3 c2g2,832,80,98,1412,endgame mate mateIn2 short,https://lichess.org/KjfaHHfv/black#74,,True,https://lichess.org/training/cqEwp
qPdaM,r5k1/3p1r1p/bp2p1Q1/p3P3/3q1P2/3P4/P2BK1PR/7R b - - 0 27,h7g6 h2h8 g8g7 h1h7,832,76,98,1850,mate mateIn2 middlegame short,https://lichess.org/W0S7qVP1/black#54,,True,https://lichess.org/training/qPdaM
yV5zI,r1b3k1/ppp2r1p/4p1P1/4Pp2/5q2/3B4/PPP4R/1K4NR b - - 0 21,h7g6 h2h8 g8g7 h1h7,832,94,92,913,kingsideAttack mate mateIn2 middlegame short,https://lichess.org/Zr1gCHQF/black#42,,True,https://lichess.org/training/yV5zI
Wnas7,6k1/5p2/p2prPp1/8/1p6/1P5R/P2P2r1/2K4R b - - 3 32,e6f6 h3h8 g8g7 h1h7,833,80,89,307,endgame mate mateIn2 rookEndgame short,https://lichess.org/VSCWAxua/black#64,,True,https://lichess.org/training/Wnas7
NcWUx,6k1/pp3p2/2p1rPp1/3p4/4n2R/8/PPP5/2K4R b - - 3 31,e6f6 h4h8 g8g7 h1h7,833,101,91,524,endgame mate mateIn2 short,https://lichess.org/7XGUFR9P/black#62,,True,https://lichess.org/training/NcWUx
w10XN,2r2k2/1p4p1/p3Rp1p/5P2/6P1/8/PP2RK1P/3r4 b - - 3 30,c8c1 e6e8 f8f7 e2e7,833,77,98,304,endgame mate mateIn2 rookEndgame short,https://lichess.org/Y5jj0gXW/black#60,,True,https://lichess.org/training/w10XN
zr5me,5k2/4rqR1/2p1p3/p1ppP2Q/4rP1P/1P2P1R1/P1P3P1/6K1 b - - 0 27,f7h5 g7g8 f8f7 g3g7,834,98,92,886,endgame mate mateIn2 queenRookEndgame short,https://lichess.org/hhpQ78P2/black#54,,True,https://lichess.org/training/zr5me
QjjV5,8/8/3kpR2/8/7P/5RP1/5PK1/1r4r1 w - - 7 59,g2h2 g1h1 h2g2 b1g1,834,78,87,81,endgame mate mateIn2 rookEndgame short,https://lichess.org/6CzWvWRM#117,,True,https://lichess.org/training/QjjV5
PBieD,6r1/1pp2k1p/p4p2/3P2r1/2N5/3nPP2/PP2R2P/3R1K2 w - - 3 25,d1d3 g5g1 f1f2 g8g2,834,88,92,284,endgame mate mateIn2 short,https://lichess.org/c8lWdPj0#49,,True,https://lichess.org/training/PBieD
eiVBk,5r2/1k6/1p2p3/3p2p1/3P2P1/2P1Q1Bp/6rP/1R3q1K w - - 7 35,b1f1 f8f1 e3g1 f1g1,834,102,91,624,endgame mate mateIn2 short,https://lichess.org/1l6JJlnx#69,,True,https://lichess.org/training/eiVBk
B6ycP,1k6/R1rq2p1/1p1B4/1P1P4/8/6Pp/4r2P/R5K1 b - - 0 30,d7d6 a7a8 b8b7 a1a7,834,95,92,780,endgame mate mateIn2 queenRookEndgame short,https://lichess.org/tH6zDZni/black#60,,True,https://lichess.org/training/B6ycP
txmhG,8/p7/1b6/3p4/1P1P4/2RKPk2/1PRBr3/3r4 w - - 11 47,c2c1 d1d2,836,79,92,376,endgame mate mateIn1 oneMove,https://lichess.org/bMlJu5Jz#93,,True,https://lichess.org/training/txmhG
YJErw,8/1pkR1p2/2r1r2p/4bp2/8/P2R4/1P3BP1/4K3 b - - 1 36,c7c8 d7d8 c8c7 d3d7,837,87,89,403,endgame mate mateIn2 short,https://lichess.org/6mrNzHvF/black#72,,True,https://lichess.org/training/YJErw
zZGO8,6kQ/pp3p1p/2p3pR/4Pp2/8/1q2PKP1/6P1/7R b - - 0 29,g8h8 h6h7 h8g8 h7h8 g8g7 h1h7,837,87,88,638,endgame long mate mateIn3 queenRookEndgame,https://lichess.org/Z5bGizTX/black#58,,True,https://lichess.org/training/zZGO8
Jmbvq,2k4r/1p1n1pp1/4p1p1/p1p4r/P2PB3/1QP1BPq1/1R5P/6K1 w - - 0 23,h2g3 h5h1 g1g2 h8h2,838,95,100,33,kingsideAttack mate mateIn2 middlegame short,https://lichess.org/wfkUUEFn#45,,True,https://lichess.org/training/Jmbvq
YirgI,7r/pp3kb1/3p3r/2pP4/3p1Pp1/3P2q1/PP1Q1R1P/4R1KB w - - 0 29,h2g3 h6h1 g1g2 h8h2,838,77,99,1656,kingsideAttack mate mateIn2 middlegame short,https://lichess.org/4525x9D5#57,,True,https://lichess.org/training/YirgI
4Tw8F,6kQ/pp3p1p/4p1pR/1r1q2P1/5P2/P3K2R/1P5P/8 b - - 0 34,g8h8 h6h7 h8g8 h7h8 g8g7 h3h7,838,90,95,1763,endgame long mate mateIn3 queenRookEndgame,https://lichess.org/tIVvczij/black#68,,True,https://lichess.org/training/4Tw8F
y1SDh,7r/2p2p2/1p2p3/3kP2r/3P4/2PRRpP1/2P2P2/6K1 w - - 1 36,e3f3 h5h1 g1g2 h8h2,838,76,88,239,endgame mate mateIn2 rookEndgame short,https://lichess.org/vVqbsUWg#71,,True,https://lichess.org/training/y1SDh
GcBg9,3R4/5p1k/6p1/7p/1r2r2P/6RK/5PP1/8 w - - 4 43,g3f3 e4h4 h3g3 b4g4,839,90,96,1643,endgame mate mateIn2 rookEndgame short,https://lichess.org/qduESOVN#85,,True,https://lichess.org/training/GcBg9
OipcD,6k1/pp5p/2p4r/8/1P1Pp3/5RPr/P4P1P/4R2K w - - 1 27,e1e4 h3h2 h1g1 h2h1 g1g2 h6h2,839,82,89,73,endgame long mate mateIn3 rookEndgame,https://lichess.org/HXewIDW1#53,,True,https://lichess.org/training/OipcD
pAc2k,7k/ppp3p1/2p3rp/6r1/5p2/3P1RN1/PPP1R3/5K2 w - - 1 26,g3e4 g5g1 f1f2 g6g2,840,100,95,426,endgame mate mateIn2 short,https://lichess.org/2AvjBx7z#51,,True,https://lichess.org/training/pAc2k
ZFyqv,1r2r1k1/p4p1p/1p3pB1/8/8/3P4/PPP4R/1K5R b - - 0 28,h7g6 h2h8 g8g7 h1h7,840,79,98,2594,endgame mate mateIn2 rookEndgame short,https://lichess.org/VPyt9FLB/black#56,,True,https://lichess.org/training/ZFyqv
j417R,4r1k1/ppp2r1R/6p1/3q2P1/1b4P1/1P2Bn2/5P2/5K1R b - - 3 33,e8e3 h7h8 g8g7 h1h7,840,79,100,282,mate mateIn2 middlegame short,https://lichess.org/MYbPEOV4/black#66,,True,https://lichess.org/training/j417R
mDHGC,2k4r/5p1r/p2p4/2P5/2p1P3/2P1QPq1/P2R1R1P/6K1 w - - 0 33,h2g3 h7h1 g1g2 h8h2,841,109,93,904,endgame mate mateIn2 queenRookEndgame short,https://lichess.org/5VJ1fZvT#65,,True,https://lichess.org/training/mDHGC
rMvIN,6k1/pp1r1r1p/4p1P1/2p1Pp1R/8/2P5/P1P2P2/2K4R b - - 0 26,h7g6 h5h8 g8g7 h1h7,841,93,73,110,endgame mate mateIn2 rookEndgame short,https://lichess.org/kqTbZRFe/black#52,,True,https://lichess.org/training/rMvIN
Jxhxg,6k1/pp3p2/6pR/3Kp1P1/3p1r2/2rP4/P7/7R b - - 3 33,f4f5 h6h8 g8g7 h1h7,841,81,96,1176,endgame mate mateIn2 rookEndgame short,https://lichess.org/n0hmg3T4/black#66,,True,https://lichess.org/training/Jxhxg
z3dML,2R5/1p1k1p1p/4p1p1/p2rP1P1/P4P1P/4K3/1P1r4/2R5 b - - 4 31,d2b2 c1c7,841,86,95,1196,endgame master mate mateIn1 oneMove rookEndgame,https://lichess.org/HEijxeMS/black#62,,True,https://lichess.org/training/z3dML
ctM3F,3k2r1/pR5p/2RP4/8/P3p3/4PN2/1P4r1/5K2 w - - 0 30,f3e5 g2g1 f1f2 g8g2,842,76,90,153,endgame mate mateIn2 short,https://lichess.org/in4i2MmF#59,,True,https://lichess.org/training/ctM3F
Z9VcB,8/4k2p/pp4p1/4P3/4RP2/PP6/2r3rP/1R3K2 w - - 0 29,b1e1 c2f2,843,82,88,474,endgame mate mateIn1 oneMove rookEndgame,https://lichess.org/ZsNYFQhu#57,,True,https://lichess.org/training/Z9VcB
mflGf,8/1pRR4/p3p2k/4P1p1/3PKn1p/1P2p1r1/P7/8 b - - 3 46,e3e2 d7h7 h6g6 c7g7,843,78,89,584,endgame mate mateIn2 short,https://lichess.org/VvpVXUKM/black#92,,True,https://lichess.org/training/mflGf
excoQ,R2R4/4rk2/7p/6pP/5p2/5P2/4rKP1/8 w - - 6 45,f2f1 e2e1 f1f2 e7e2,843,79,100,64,endgame mate mateIn2 rookEndgame short,https://lichess.org/YRAOgq8o#89,,True,https://lichess.org/training/excoQ
UDkiQ,2r2k2/4R1p1/pq3p1p/7P/1pB3P1/1P3P2/2P1R3/1K6 b - - 1 34,c8c4 e7e8 f8f7 e2e7,843,82,97,1599,endgame mate mateIn2 queenRookEndgame short,https://lichess.org/CiWWgMQ1/black#68,,True,https://lichess.org/training/UDkiQ
X42Go,4r3/p3r2k/1p6/3QN1p1/7p/5P2/P5P1/5K2 w - - 1 36,e5g4 e7e1 f1f2 e8e2,844,77,100,154,endgame master mate mateIn2 short,https://lichess.org/yesFcAqZ#71,,True,https://lichess.org/training/X42Go
08kv0,6rk/1p4r1/7p/2Pbbp2/1P1p4/P2B1P1P/1R1N4/4RK2 w - - 6 41,e1e5 g7g1 f1f2 g8g2,845,79,96,785,mate mateIn2 middlegame short,https://lichess.org/ibptoyU0#81,,True,https://lichess.org/training/08kv0
2NrO2,2k5/1pp3p1/p4pb1/2P1b3/1P5p/P1r1P2P/3R2P1/3R2K1 b - - 9 32,c7c6 d2d8 c8c7 d1d7,845,93,86,424,endgame mate mateIn2 queensideAttack short,https://lichess.org/OqLBIDs5/black#64,,True,https://lichess.org/training/2NrO2
lW7tV,3k4/2p5/1p1p2p1/pP1P3p/P2r2rP/4RKP1/8/4R3 b - - 1 39,d4d5 e3e8 d8d7 e1e7,847,115,100,37,endgame mate mateIn2 rookEndgame short,https://lichess.org/BL9qdaLs/black#78,,True,https://lichess.org/training/lW7tV
ThE49,4r3/7R/2p2R2/p1Pp2P1/Pp1k4/1B5P/1P1Kr3/8 w - - 3 38,d2d1 e2e1 d1d2 e8e2,848,106,95,324,endgame mate mateIn2 short,https://lichess.org/ZP45JsAa#75,,True,https://lichess.org/training/ThE49
YlDdm,5r2/p5p1/6Rp/3R4/3p3k/1P1P4/P4rKP/8 w - - 0 39,g2g1 f2f1 g1g2 f8f2,848,77,97,973,endgame mate mateIn2 rookEndgame short,https://lichess.org/aSpkpKx4#77,,True,https://lichess.org/training/YlDdm
hT2Gc,2k4r/8/p3p2r/Pp1p4/1PpP2p1/2P1N1b1/2B2R1P/6K1 w - - 0 40,h2g3 h6h1 g1g2 h8h2,848,80,88,241,endgame mate mateIn2 short,https://lichess.org/22JGtnPJ#79,,True,https://lichess.org/training/hT2Gc
rLoJa,2k5/ppp5/2p4p/4Pp2/5P2/2P5/PP1r2rP/1R2RK2 w - - 5 25,e5e6 d2f2,848,77,80,183,endgame mate mateIn1 oneMove rookEndgame,https://lichess.org/5HGV0bVo#49,,True,https://lichess.org/training/rLoJa
2lKM3,8/R5Rk/5p2/2p3p1/3nP3/6P1/2r3P1/5n1K b - - 0 38,h7h6 g7h7 h6g6 a7g7,849,76,100,132,endgame mate mateIn2 short,https://lichess.org/IrhESF0O/black#76,,True,https://lichess.org/training/2lKM3
pnMnO,3k4/p1b1Rpp1/2p5/2P3n1/3P4/1P1KRPp1/PB5r/8 b - - 11 29,h2b2 e7e8 d8d7 e3e7,849,94,100,37,endgame mate mateIn2 short,https://lichess.org/e32DFp99/black#58,,True,https://lichess.org/training/pnMnO
Zylax,5k2/pp2p3/3p1r2/2pP4/1qP1PbR1/2N5/PPK5/6R1 b - - 1 32,b4c4 g4g8 f8f7 g1g7,849,93,91,484,endgame mate mateIn2 short,https://lichess.org/n2Gi6p3n/black#64,,True,https://lichess.org/training/Zylax
poZJ7,5k1r/4R1b1/3P3r/2B1P1p1/2P2pP1/5P2/4R3/6K1 w - - 1 45,e7b7 h6h1 g1g2 h8h2,849,78,100,182,endgame mate mateIn2 short,https://lichess.org/XopaS13E#89,,True,https://lichess.org/training/poZJ7
bDPJR,8/6Rk/8/1r1P3p/1p4R1/3r2PK/8/8 b - - 0 47,h7h6 g4g6,849,76,88,195,endgame master mate mateIn1 oneMove rookEndgame,https://lichess.org/WC7CTDHt/black#94,,True,https://lichess.org/training/bDPJR
D5xbe,6b1/1R1R3p/1p1p1r1k/1P3pp1/2B1p2P/4P1P1/5PK1/r7 b - - 1 34,g8c4 d7h7 h6g6 b7g7,850,88,95,1383,endgame mate mateIn2 short,https://lichess.org/jk1juuVT/black#68,,True,https://lichess.org/training/D5xbe
Vi7om,6rk/1p3p2/p1p2R1p/3p3P/P2Pp3/2P1R3/1P2B1r1/6K1 w - - 0 33,g1f1 g2g1 f1f2 g8g2,850,77,72,95,endgame mate mateIn2 short,https://lichess.org/I55HmPAr#65,,True,https://lichess.org/training/Vi7om
e1Ev0,4k3/3R1Rpp/2r2p2/1pr5/p6P/n4P2/BP3P2/1K6 w - - 0 37,b2a3 c5c1 b1b2 c6c2,852,99,95,228,endgame mate mateIn2 short,https://lichess.org/ay7Zpgdw#73,,True,https://lichess.org/training/e1Ev0
KomAS,2q1b1k1/r4r1p/1p1p1pQ1/p2Pp3/2p1P3/2N2BP1/PPP2K1R/7R b - - 0 30,h7g6 h2h8 g8g7 h1h7,852,86,91,79,kingsideAttack mate mateIn2 middlegame short,https://lichess.org/5ZJyWjDH/black#60,,True,https://lichess.org/training/KomAS
Pnlmh,5n2/p7/1p1Q3p/3p1p1k/1P6/P5P1/r5r1/4RK2 w - - 4 40,d6f8 a2f2,852,102,91,934,endgame master mate mateIn1 oneMove queenRookEndgame,https://lichess.org/kIRivdbZ#79,,True,https://lichess.org/training/Pnlmh
Ft9wG,1r4k1/R7/5R1P/p3P3/P7/8/Kr6/8 w - - 0 52,a2a3 b8b3,853,92,96,420,endgame master mate mateIn1 oneMove rookEndgame,https://lichess.org/TwHlaI5y#103,,True,https://lichess.org/training/Ft9wG
opYOS,3q4/1p1r1rpk/1npp2RQ/p3pP2/2P1P3/1P5R/6PP/6K1 b - - 0 30,g7h6 h3h6,854,77,98,1252,endgame mate mateIn1 oneMove,https://lichess.org/X53TaBrE/black#60,,True,https://lichess.org/training/opYOS
fm1no,5r2/8/pp1P4/1k6/6Rp/7P/PPR1NrKP/8 w - - 1 47,g2g1 f2f1 g1g2 f8f2,854,80,100,340,endgame mate mateIn2 short,https://lichess.org/823A4N6L#93,,True,https://lichess.org/training/fm1no
GxECE,4k3/3R1p2/5p2/2r1p2P/ppP1b1B1/1P6/P4r2/2KR4 b - - 2 34,a4b3 d7d8 e8e7 d1d7,855,83,92,390,endgame mate mateIn2 short,https://lichess.org/QK78TIG0/black#68,,True,https://lichess.org/training/GxECE
h7Z6n,8/8/2kbRB2/p1p4r/2Pp4/1P3RP1/5PK1/7r w - - 3 37,f6e7 h5h2,855,76,86,245,endgame master mate mateIn1 oneMove,https://lichess.org/9h4pQ9XT#73,,True,https://lichess.org/training/h7Z6n
rQSB1,2k5/1p3p2/3R4/1K6/1pP1p3/q7/8/3R4 b - - 5 49,b4b3 d6d8 c8c7 d1d7,855,78,90,64,endgame mate mateIn2 queenRookEndgame short,https://lichess.org/FtTnff5H/black#98,,True,https://lichess.org/training/rQSB1
SSTLN,3kr3/pp3p2/5R2/2pP4/2P5/1P3RPp/P3rK1P/8 w - - 1 35,f2f1 e2e1 f1f2 e8e2,855,101,82,593,endgame mate mateIn2 rookEndgame short,https://lichess.org/JHhZD6H7#69,,True,https://lichess.org/training/SSTLN
QBlrb,6kb/2r2r1p/6Q1/4PpP1/p2q4/P1B5/1P5R/2K4R b - - 0 41,h7g6 h2h8 g8g7 h1h7,857,97,92,679,mate mateIn2 middlegame short,https://lichess.org/qDSXa5Tx/black#82,,True,https://lichess.org/training/QBlrb
6Hr9T,6k1/5pp1/7p/P2p1P2/3P4/6P1/1r4rP/R3R1K1 w - - 0 33,g1f1 b2f2,857,78,98,295,endgame mate mateIn1 oneMove rookEndgame,https://lichess.org/1BrSJIG8#65,,True,https://lichess.org/training/6Hr9T
ams4L,2k5/8/1r6/Q7/P7/8/Kr6/8 w - - 1 71,a2a3 b6b3,858,79,98,664,endgame master mate mateIn1 oneMove queenRookEndgame,https://lichess.org/RBXJ81hI#141,,True,https://lichess.org/training/ams4L
QckcY,4R3/ppp2rpk/5r2/8/3P4/B5RP/P6P/6K1 w - - 1 32,a3f8 f6f1 g1g2 f7f2,858,86,94,1742,endgame mate mateIn2 short,https://lichess.org/oA25Blhp#63,,True,https://lichess.org/training/QckcY
zx2zu,1r5k/7p/1r6/5pp1/B2PpP2/b1P1P1PP/1P1R3R/2K5 w - - 0 38,b2a3 b6b1 c1c2 b8b2,858,76,100,664,endgame mate mateIn2 queensideAttack short,https://lichess.org/gFzgVn2m#75,,True,https://lichess.org/training/zx2zu
aPFnP,6r1/3k1P2/2p3r1/1pP1p1K1/1P2R3/5R2/8/8 w - - 0 42,g5f5 g6g5 f5f6 g8g6,858,75,98,618,endgame mate mateIn2 rookEndgame short,https://lichess.org/1cRQnXPD#83,,True,https://lichess.org/training/aPFnP
JEFYa,6k1/5pp1/2P5/p6p/P7/1P4PP/3r2r1/2R1R1K1 w - - 1 42,g1f1 d2f2,859,89,96,265,endgame mate mateIn1 oneMove rookEndgame,https://lichess.org/bphrGHNT#83,,True,https://lichess.org/training/JEFYa
6Ge4R,2k2r2/1p6/1ppR4/4p2p/2P3p1/1P6/rP3QPP/3R3K b - - 0 33,f8f2 d6d8 c8c7 d1d7,859,79,100,96,endgame master mate mateIn2 rookEndgame short,https://lichess.org/1iwEuHA7/black#66,,True,https://lichess.org/training/6Ge4R
8Cfoz,8/8/8/6k1/PP3R2/6P1/1r4r1/5RK1 w - - 2 39,g1h1 g2h2 h1g1 b2g2,859,79,96,2377,endgame mate mateIn2 rookEndgame short,https://lichess.org/youpEkmB#77,,True,https://lichess.org/training/8Cfoz
2eZ1Y,1k1r3r/R1pp1ppp/1pQ5/4Pn2/8/7P/1P3PP1/R5K1 b - - 0 25,d7c6 a7a8 b8b7 a1a7,860,84,97,1074,endgame mate mateIn2 queensideAttack short,https://lichess.org/f8curyWP/black#50,,True,https://lichess.org/training/2eZ1Y
OpTEB,1k5r/1p3p2/Q1p1p3/5p2/3P2p1/1R4Pr/PPP2P1P/6Kq w - - 0 27,g1h1 h3h2 h1g1 h2h1 g1g2 h8h2,860,99,94,1219,endgame long mate mateIn3 queenRookEndgame,https://lichess.org/Z4WrIDzL#53,,True,https://lichess.org/training/OpTEB
PMSHn,2RR4/5rpk/5p2/4pP1p/4Pn1P/r4PK1/8/8 b - - 5 44,g7g5 d8h8 h7g7 c8g8,860,84,96,636,endgame mate mateIn2 short,https://lichess.org/DjDfQfuU/black#88,,True,https://lichess.org/training/PMSHn
72peB,8/3R1pkp/6p1/p2B4/1P5P/1P4P1/1r3r2/1KR5 w - - 3 28,b1a1 b2a2 a1b1 f2b2,861,96,95,1446,endgame mate mateIn2 short,https://lichess.org/QJMC3flq#55,,True,https://lichess.org/training/72peB
W2oS8,7r/k7/pp2p3/3P4/2P3pr/1P1Q2q1/P4R1P/6K1 w - - 0 34,h2g3 h4h1 g1g2 h8h2,861,93,93,105,endgame mate mateIn2 queenRookEndgame short,https://lichess.org/5CJeiuCT#67,,True,https://lichess.org/training/W2oS8
zZZxZ,8/6rk/7p/pQ6/2p4P/2P5/PP4rK/8 w - - 1 43,h2h3 g7g3,862,78,80,124,endgame mate mateIn1 oneMove queenRookEndgame,https://lichess.org/nIRMjOIy#85,,True,https://lichess.org/training/zZZxZ
x1bnq,2r1k3/5p1p/p2R1p2/1p2pP2/8/P5P1/1r5P/3R3K b - - 6 28,c8c2 d6d8 e8e7 d1d7,862,103,95,998,endgame mate mateIn2 rookEndgame short,https://lichess.org/6iFrF3Ft/black#56,,True,https://lichess.org/training/x1bnq
WhQFd,7r/1pp5/pk1p1R2/4p2r/4P3/PB1PPnP1/1PP5/5RK1 w - - 1 34,f1f3 h5h1 g1g2 h8h2,863,86,100,37,endgame mate mateIn2 short,https://lichess.org/bEZ8djhc#67,,True,https://lichess.org/training/WhQFd
UxF11,5k1r/5p2/2p1b3/1pN3pr/1P1QP3/3P1Pq1/2R2R1P/6K1 w - - 0 33,h2g3 h5h1 g1g2 h8h2,864,97,95,1472,mate mateIn2 middlegame short,https://lichess.org/7RheMj6H#65,,True,https://lichess.org/training/UxF11
uS8Tp,2kr4/1R3R2/p1p3rp/3p4/8/PB5p/1P3Kb1/8 b - - 3 32,h3h2 f7c7,864,77,100,232,endgame mate mateIn1 oneMove,https://lichess.org/i24aaOna/black#64,,True,https://lichess.org/training/uS8Tp
QxgSX,5k2/1p2R1pp/1p3r2/1P1p3P/2pp2P1/r2P2K1/2P2P2/4R3 b - - 0 30,c4d3 e7e8 f8f7 e1e7,865,77,100,61,endgame mate mateIn2 rookEndgame short,https://lichess.org/mD1Vkgx0/black#60,,True,https://lichess.org/training/QxgSX
XXriU,R2R4/ppp1kp2/2p1b3/4Pp2/2P2Pr1/P5P1/1r2NK2/8 b - - 1 33,e6c4 d8e8 e7d7 a8d8,865,77,100,64,endgame master mate mateIn2 short,https://lichess.org/id4H3lFY/black#66,,True,https://lichess.org/training/XXriU
QaL6j,k2r4/1p6/2p1Q3/8/p5P1/P1Pr3P/1P6/2K5 w - - 0 39,e6c4 d3d1 c1c2 d8d2,865,86,64,86,endgame mate mateIn2 queenRookEndgame short,https://lichess.org/fFuAR9zE#77,,True,https://lichess.org/training/QaL6j
kXU8b,7r/p1pp4/1p2p3/4Pk2/3n1PR1/P1n2P1P/2P2K2/6R1 b - - 4 37,h8h3 g4g5 f5f4 g1g4,866,98,95,364,endgame mate mateIn2 short,https://lichess.org/6OY1SmQa/black#74,,True,https://lichess.org/training/kXU8b
7L4I1,2r1k3/5p2/1pB1prp1/p1p5/3R1PPp/7P/PPP2K2/3R4 b - - 0 23,c8c6 d4d8 e8e7 d1d7,866,79,85,757,endgame mate mateIn2 rookEndgame short,https://lichess.org/jMwe324k/black#46,,True,https://lichess.org/training/7L4I1
HrsZC,8/1Q3Rpk/p5rp/1p4r1/5p2/P2P1P2/1PP3PP/4R1K1 w - - 9 35,e1e7 g5g2 g1f1 g2g1 f1f2 g6g2,866,77,97,2803,endgame long mate mateIn3 queenRookEndgame,https://lichess.org/cH4DPYwe#69,,True,https://lichess.org/training/HrsZC
gYtHK,4r1k1/5pp1/Q1p4p/P2p3P/6n1/2P5/5rP1/2NRq1KR w - - 6 34,d1e1 e8e1 a6f1 e1f1,866,94,77,68,fork mate mateIn2 middlegame short,https://lichess.org/QNPC6BBp#67,,True,https://lichess.org/training/gYtHK
IowTQ,7k/3R4/4r3/p7/8/2R3P1/P1P2K1P/4r3 w - - 3 31,c3f3 e6e2,867,84,91,223,endgame mate mateIn1 oneMove rookEndgame,https://lichess.org/UXlEm1LO#61,,True,https://lichess.org/training/IowTQ
H8tUk,6k1/p1p2p2/2n2rpR/3r2N1/8/4K2R/7P/8 b - - 14 47,d5g5 h6h8 g8g7 h3h7,867,79,100,66,endgame mate mateIn2 short,https://lichess.org/ykRsB1PS/black#94,,True,https://lichess.org/training/H8tUk
Lp1pQ,1r4rk/5pRp/4pP2/3p2Q1/p1pP3R/P1P1q2P/6PK/8 b - - 1 36,e3g5 h4h7,867,89,94,832,endgame mate mateIn1 oneMove queenRookEndgame,https://lichess.org/wxeYtEKr/black#72,,True,https://lichess.org/training/Lp1pQ
3WwU6,7Q/5pkp/6p1/4p1P1/1n2q3/1p5R/1P3P2/K6R b - - 0 34,g7h8 h3h7 h8g8 h7h8 g8g7 h1h7,867,84,97,1225,endgame long mate mateIn3,https://lichess.org/i5MVgdY6/black#68,,True,https://lichess.org/training/3WwU6
V2V0E,7r/4kp2/p7/2pqp2r/2P3p1/P3Q1P1/5P2/1R2R1K1 w - - 0 33,c4d5 h5h1 g1g2 h8h2,867,99,93,680,endgame mate mateIn2 queenRookEndgame short,https://lichess.org/bDcyzyy4#65,,True,https://lichess.org/training/V2V0E
IpgYP,7r/7r/8/1p4p1/p3P1k1/2Q5/1P3R2/7K w - - 0 39,h1g1 h7h1 g1g2 h8h2,868,107,95,212,endgame mate mateIn2 queenRookEndgame short,https://lichess.org/hfqTf6Ey#77,,True,https://lichess.org/training/IpgYP
iGO4s,3r4/2p1k1pp/1B3p2/4bQ2/6P1/PP5P/R1Kr4/8 w - - 1 34,c2b1 d2d1 b1c2 d8d2,868,84,96,979,endgame mate mateIn2 short,https://lichess.org/5Rx7rkbU#67,,True,https://lichess.org/training/iGO4s
zuf77,7r/pR1R4/1p3p1r/8/6k1/P5P1/1P3P2/6K1 w - - 6 34,d7d3 h6h1 g1g2 h8h2,868,76,82,127,endgame mate mateIn2 rookEndgame short,https://lichess.org/nwEvMXpg#67,,True,https://lichess.org/training/zuf77
dKge1,2rq4/1b4pk/p5RQ/4Pp2/2pp4/7R/PPP3PP/6K1 b - - 0 27,g7h6 h3h6,868,101,95,161,endgame mate mateIn1 oneMove,https://lichess.org/v5hYtYKy/black#54,,True,https://lichess.org/training/dKge1
qaL3Z,2r1k3/p2R1p1p/r3pp2/2B5/1pp1P3/6P1/PP3PKP/3R4 b - - 0 25,c8c5 d7d8 e8e7 d1d7,868,78,100,304,endgame mate mateIn2 rookEndgame short,https://lichess.org/rvYhzlK1/black#50,,True,https://lichess.org/training/qaL3Z
PMSnT,5k2/pp3p2/2b5/2P2R1N/2P4P/P5P1/3r2r1/4RK2 w - - 7 37,h5f4 d2f2,869,77,99,579,endgame mate mateIn1 oneMove,https://lichess.org/uHNbMKxc#73,,True,https://lichess.org/training/PMSnT
AkhSB,r2qr1k1/2p2pp1/p1pn4/3p1bP1/3Pp2R/2P1P3/PPQN1P2/2K4R b - - 1 18,g7g6 h4h8 g8g7 h1h7,869,82,95,1603,kingsideAttack mate mateIn2 middlegame short,https://lichess.org/BCkRuDYf/black#36,Queens_Pawn_Game Queens_Pawn_Game_Zukertort_Variation,True,https://lichess.org/training/AkhSB
lMk1z,4r2k/p5pp/2Q5/8/3p4/1B1P1PP1/PPP1r3/3K4 w - - 1 28,c2c4 e2e1 d1d2 e8e2,870,99,93,363,endgame mate mateIn2 short,https://lichess.org/wCylGR1u#55,,True,https://lichess.org/training/lMk1z
zzG4I,6k1/1p1n1r1p/p3p1B1/3p2P1/P2P3R/1KP5/1P3r2/7R b - - 0 34,h7g6 h4h8 g8g7 h1h7,870,100,93,241,endgame mate mateIn2 short,https://lichess.org/Ifa3HJEn/black#68,,True,https://lichess.org/training/zzG4I
A6h63,1k1r3r/p1p5/1P1p1p2/1P1Pp1pp/8/3P2P1/R3K2P/R7 b - - 0 27,a7b6 a2a8 b8b7 a1a7,870,76,100,141,endgame mate mateIn2 queensideAttack rookEndgame short,https://lichess.org/CY0Gb8qt/black#54,,True,https://lichess.org/training/A6h63
vyinZ,3r4/p1R2pkp/1p1r2p1/2p3P1/5P2/1PP5/1P4P1/2K1R3 w - - 3 29,e1e7 d6d1 c1c2 d8d2,870,98,76,195,endgame mate mateIn2 queensideAttack rookEndgame short,https://lichess.org/PdMwjfgy#57,,True,https://lichess.org/training/vyinZ
9EFcO,4r1k1/1p1q1r1p/2p1p1Q1/p1PpP3/P2Pp3/4P2R/1P4P1/2K4R b - - 0 26,h7g6 h3h8 g8g7 h1h7,870,77,89,269,endgame kingsideAttack mate mateIn2 queenRookEndgame short,https://lichess.org/gPbKHkTS/black#52,,True,https://lichess.org/training/9EFcO
aiFzv,k6r/1p2b1Q1/p3p3/2P2p2/3P2p1/6Pr/PP3P1P/R1B3Kq w - - 0 28,g1h1 h3h2 h1g1 h2h1 g1g2 h8h2,871,79,94,1358,endgame kingsideAttack long mate mateIn3,https://lichess.org/WeCsCbpl#55,,True,https://lichess.org/training/aiFzv
HdWfb,3Q4/1P2rk1p/pR4pP/8/1P3p2/P4P2/4rKP1/8 w - - 1 40,f2f1 e2e1 f1f2 e7e2,872,79,89,234,endgame mate mateIn2 queenRookEndgame short,https://lichess.org/83Vd9XAy#79,,True,https://lichess.org/training/HdWfb
wUASr,3r4/p1p5/1n2k2p/3r4/1Q3R2/2P1PpB1/P4P1P/4K3 w - - 8 33,f4f3 d5d1 e1e2 d8d2,872,81,89,290,endgame mate mateIn2 short,https://lichess.org/fcu4Crp5#65,,True,https://lichess.org/training/wUASr
ifbAR,6R1/R5p1/6kp/8/2p5/2r4P/P1b2KP1/3r4 b - - 9 43,g6h7 a7g7,872,84,94,904,endgame master mate mateIn1 oneMove,https://lichess.org/UBn46O04/black#86,,True,https://lichess.org/training/ifbAR
ybBgV,2r3k1/2rb1p2/4p1p1/3pb1P1/5B2/pP3P2/P1B4R/1K5R b - - 4 28,e5f4 h2h8 g8g7 h1h7,872,85,96,1155,mate mateIn2 middlegame short,https://lichess.org/7WGUpL30/black#56,,True,https://lichess.org/training/ybBgV
FQS30,2k4r/pp1qnp2/2p2B2/3p4/1P4p1/P2PP1br/2PN1R1P/R2QN1K1 w - - 0 19,h2g3 h3h1 g1g2 h8h2,872,88,95,1516,kingsideAttack mate mateIn2 middlegame short,https://lichess.org/Rp6dSnsN#37,Vant_Kruijs_Opening Vant_Kruijs_Opening_Other_variations,True,https://lichess.org/training/FQS30
0qPi1,1r2r1k1/1p3p1R/p1pn2p1/3p2P1/1K1P3R/4P2P/8/8 b - - 0 33,d6f5 h7h8 g8g7 h4h7,873,77,89,201,endgame mate mateIn2 short,https://lichess.org/fMhXaqL8/black#66,,True,https://lichess.org/training/0qPi1
Qu7J8,3rr1k1/5p2/1p4p1/p1pp1pP1/8/1P3B1R/1b6/5K1R b - - 1 34,d5d4 h3h8 g8g7 h1h7,873,77,98,846,endgame mate mateIn2 short,https://lichess.org/tQVw5hP4/black#68,,True,https://lichess.org/training/Qu7J8
dmF6r,7r/R3bkp1/1P2p3/2p1Pp1r/3p1P2/1P1P1bP1/1BP5/5RK1 w - - 0 30,f1f3 h5h1 g1g2 h8h2,873,77,100,68,endgame kingsideAttack mate mateIn2 short,https://lichess.org/wyVvFBOL#59,,True,https://lichess.org/training/dmF6r
fFF66,6k1/7p/3p2p1/p3r3/P1PK4/1PR3PP/4r3/3R4 w - - 3 46,d1d3 e2e4,873,77,76,118,endgame mate mateIn1 oneMove rookEndgame,https://lichess.org/gdR1ApKO#91,,True,https://lichess.org/training/fFF66
SWXlo,3Qk3/1ppb1p2/p3p3/4P1r1/2q5/3R1P2/P1P3PP/3R2K1 b - - 0 26,e8d8 d3d7 d8e8 d7d8 e8e7 d1d7,873,94,89,32,endgame long mate mateIn3,https://lichess.org/Abab8ETL/black#52,,True,https://lichess.org/training/SWXlo
hVrCL,6k1/6pp/8/8/2R5/P1BP4/3r2rP/4R1K1 w - - 0 31,g1f1 d2f2,875,91,95,715,endgame mate mateIn1 oneMove,https://lichess.org/uofNGvrG#61,,True,https://lichess.org/training/hVrCL
vLoCp,3r1rk1/3bR2R/2pP4/1pP2B1p/pP6/P7/5PpP/6K1 b - - 0 31,d7f5 e7g7,875,83,96,2557,endgame mate mateIn1 oneMove,https://lichess.org/c7VoLpD1/black#62,,True,https://lichess.org/training/vLoCp
bSr2v,r5kQ/pbq2p1p/1p2p1pR/2p1P3/2B5/7R/PPP2PPP/6K1 b - - 0 24,g8h8 h6h7 h8g8 h7h8 g8g7 h3h7,875,77,99,915,endgame kingsideAttack long mate mateIn3,https://lichess.org/zp4jypgt/black#48,,True,https://lichess.org/training/bSr2v
ykNQf,5R2/3rk1r1/3p4/p2Pp3/P2p4/8/8/1K3R2 b - - 1 46,g7g6 f1f7,875,82,88,42,endgame master mate mateIn1 oneMove rookEndgame,https://lichess.org/OQCLMbgj/black#92,,True,https://lichess.org/training/ykNQf
x19k3,r5k1/3R1ppp/4p3/7P/rp2P1P1/4BP2/1PP1N3/1K6 w - - 1 26,b2b3 a4a1 b1b2 a8a2,875,76,100,546,endgame mate mateIn2 queensideAttack short,https://lichess.org/QiMCuis1#51,,True,https://lichess.org/training/x19k3
m11SX,1k2r3/5Q1p/p2p4/1p1Pr1BP/2p5/P1b5/1PR3P1/3K4 w - - 0 43,b2c3 e5e1 d1d2 e8e2,876,84,96,1753,endgame mate mateIn2 short,https://lichess.org/EUfKRv8D#85,,True,https://lichess.org/training/m11SX
mM3yA,4b1Q1/p3k3/4p2Q/3p4/3Pp1P1/6P1/Pr3r2/1K1R4 w - - 1 34,b1c1 f2c2,876,85,92,58,endgame mate mateIn1 oneMove,https://lichess.org/mvJZUcgh#67,,True,https://lichess.org/training/mM3yA
EW2C6,7r/P1p4r/2n3k1/4Pp2/1P1Bp1p1/1NP3P1/5PQ1/3RR1Kq w - - 1 36,g2h1 h7h1 g1g2 h8h2,876,78,97,3313,kingsideAttack mate mateIn2 middlegame short,https://lichess.org/GazQQGSe#71,,True,https://lichess.org/training/EW2C6
yFVM9,1B6/3r1kb1/6p1/1p1rp1P1/p3R3/P1P2P2/1P6/2K4R w - - 5 36,h1h7 d5d1 c1c2 d7d2,877,82,97,713,endgame master mate mateIn2 short,https://lichess.org/tfzt6X9c#71,,True,https://lichess.org/training/yFVM9
AvwY7,8/pp2Rkpp/2p2r2/3p1P2/3P1b2/1P1KRN1r/P7/8 b - - 6 36,f7f8 e7e8 f8f7 e3e7,877,87,95,564,endgame mate mateIn2 short,https://lichess.org/OmYFuWdR/black#72,,True,https://lichess.org/training/AvwY7
HHWlY,2k2r2/1p1R2p1/p1r5/7p/N4Q2/P7/1Pq4P/K2R4 b - - 0 37,f8f4 d7d8 c8c7 d1d7,877,99,94,551,endgame mate mateIn2 short,https://lichess.org/tr5Ns5pT/black#74,,True,https://lichess.org/training/HHWlY
YV80c,8/p1k1P3/1p6/7r/6p1/4Q1Pr/PP6/6K1 w - - 1 41,e7e8q h3h1 g1g2 h5h2,877,93,96,467,endgame mate mateIn2 short,https://lichess.org/hCQbQneG#81,,True,https://lichess.org/training/YV80c
OsDRO,3r4/p1R4R/1p3p1k/2n2p2/4bP2/8/PP4P1/6K1 b - - 2 31,h6g6 c7g7,879,88,95,623,endgame mate mateIn1 oneMove,https://lichess.org/wKeOegkw/black#62,,True,https://lichess.org/training/OsDRO
uIM0g,5r2/p1k2r1p/2n5/3p4/2pPp1bN/2P1P1R1/P7/1RB1K3 w - - 4 34,g3g4 f7f1 e1e2 f8f2,879,98,96,1710,mate mateIn2 middlegame short,https://lichess.org/YW6fR1Sd#67,,True,https://lichess.org/training/uIM0g
WYghn,2k3r1/1p6/p3N3/2PQ1p2/1P2p3/P1N1P2p/1BP3r1/5K2 w - - 1 35,d5e5 g2g1 f1f2 g8g2,879,88,96,859,endgame mate mateIn2 short,https://lichess.org/NokoKp9i#69,,True,https://lichess.org/training/WYghn
5oUhl,6k1/2r2r1p/p2p1pQR/2pPq1p1/1pP1P3/1P5R/P5PP/6K1 b - - 3 30,h7g6 h6h8 g8g7 h3h7,879,78,98,3054,endgame kingsideAttack mate mateIn2 queenRookEndgame short,https://lichess.org/ZkUmtLos/black#60,,True,https://lichess.org/training/5oUhl
QLKY8,8/p3k2p/1p2P1p1/1Np5/2P5/1P6/Pr4rP/3RR1K1 w - - 4 36,g1f1 b2f2,879,77,88,358,endgame mate mateIn1 oneMove,https://lichess.org/D8vWEEFl#71,,True,https://lichess.org/training/QLKY8
XqpjE,6r1/3Q1p1k/2p5/p1Pp4/P2Pp3/4P1r1/3N2K1/8 w - - 0 45,g2f1 g3g1 f1f2 g8g2,879,76,96,1674,endgame mate mateIn2 short,https://lichess.org/vD9mJWN0#89,,True,https://lichess.org/training/XqpjE
Am6fr,8/kRp5/p1r5/6r1/4pp2/8/P3KP2/1R6 b - - 1 46,a7a8 b7b8 a8a7 b1b7,880,132,100,23,endgame mate mateIn2 rookEndgame short,https://lichess.org/Djv9c0z8/black#92,,True,https://lichess.org/training/Am6fr
UCKF3,5k2/1p2q3/p1n1p2Q/3pPp2/3P3r/2N3R1/PP4RP/6K1 b - - 0 34,h4h6 g3g8 f8f7 g2g7,880,82,100,142,endgame master mate mateIn2 short,https://lichess.org/ZRaETqi2/black#68,,True,https://lichess.org/training/UCKF3
305g6,6k1/5r1p/b1r1ppQ1/pp1p4/3P3R/2P4R/PP3PPP/6K1 b - - 0 30,h7g6 h4h8 g8g7 h3h7,880,100,93,746,endgame kingsideAttack mate mateIn2 short,https://lichess.org/CJDipNBs/black#60,,True,https://lichess.org/training/305g6
mDCvs,3k4/2p2p1p/pn1p4/1P6/4R2P/1KP2q2/PB2R3/8 b - - 0 30,f7f5 e4e8 d8d7 e2e7,880,101,96,1267,endgame mate mateIn2 short,https://lichess.org/ECJykv93/black#60,,True,https://lichess.org/training/mDCvs
BYDni,Qk1r3r/1bb5/1p1q3p/2pPppp1/8/1PP1B1P1/R4PB1/R5K1 b - - 1 30,b7a8 a2a8 b8b7 a1a7,880,81,96,1031,mate mateIn2 middlegame queensideAttack short,https://lichess.org/EdWUTKa8/black#60,,True,https://lichess.org/training/BYDni
ctaRs,3R4/pp4Pk/6p1/8/5P1K/P3r2r/1P6/3R4 w - - 2 38,h4g4 e3g3,881,98,95,1793,endgame mate mateIn1 oneMove rookEndgame,https://lichess.org/bXBgsCAM#75,,True,https://lichess.org/training/ctaRs
9ZLRC,6kR/1pp5/p1np2p1/3p2P1/3Pr1p1/2P1r3/PP1K4/7R b - - 3 30,g8g7 h1h7,881,95,92,522,endgame master mate mateIn1 oneMove,https://lichess.org/D00mtg37/black#60,,True,https://lichess.org/training/9ZLRC
VYNwZ,6rk/1p3p2/6r1/P3p2p/R1PpP1N1/3B1P2/1P5P/5K2 w - - 0 25,g4e5 g6g1 f1f2 g8g2,881,88,80,330,endgame mate mateIn2 short,https://lichess.org/v5wEtnMP#49,,True,https://lichess.org/training/VYNwZ
FyA5S,5Qk1/3b1ppp/p1p1p3/4P3/8/3P4/q1P2RPP/5RK1 b - - 0 22,g8f8 f2f7 f8e8 f7f8 e8e7 f1f7,881,86,92,783,endgame fork long mate mateIn3,https://lichess.org/TGbQavfx/black#44,,True,https://lichess.org/training/FyA5S
DWyys,2krq2r/1R3R2/p1pp2p1/3Q2Pp/3PP3/8/PPP3P1/6K1 b - - 0 22,c6d5 f7c7,882,91,95,870,endgame mate mateIn1 oneMove queenRookEndgame,https://lichess.org/HtVlfGYG/black#44,,True,https://lichess.org/training/DWyys
53Eib,2k1r3/1p6/2b1r3/8/1P3Q2/5PP1/2P5/5KR1 w - - 1 34,g1g2 e6e1 f1f2 e8e2,883,87,95,1613,endgame mate mateIn2 short,https://lichess.org/UeWGoZBl#67,,True,https://lichess.org/training/53Eib
ARZlF,8/4p3/7k/p5R1/1bp2P2/5R2/1r1p2PK/8 b - - 5 51,d2d1q f3h3 d1h5 h3h5,883,76,100,382,endgame mate mateIn2 short,https://lichess.org/mNuwSp54/black#102,,True,https://lichess.org/training/ARZlF
khfl6,4n3/4p1k1/p3Q3/2ppP1p1/P5P1/2PPK1R1/5r1r/8 w - - 0 44,e6d5 f2e2 e3f3 h2f2,883,77,88,145,endgame mate mateIn2 short,https://lichess.org/Pcc9JLP5#87,,True,https://lichess.org/training/khfl6
udhAl,2k5/p5p1/p1p5/8/2P1P2P/PP4P1/3r2r1/R3R1K1 w - - 1 30,g1f1 d2f2,883,96,95,1045,endgame mate mateIn1 oneMove rookEndgame,https://lichess.org/z55oSGpk#59,,True,https://lichess.org/training/udhAl
Yt2Fs,8/p7/5r2/8/6Pk/7P/P2Q2K1/5r2 w - - 5 35,d2d3 f6f2,883,92,93,437,endgame mate mateIn1 oneMove queenRookEndgame,https://lichess.org/brQZ3Q9N#69,,True,https://lichess.org/training/Yt2Fs
Dz6Mc,3rr1kQ/5pb1/6p1/pp2P3/1q1pBP2/1Pp2P2/P1P4R/1K5R b - - 3 27,g7h8 h2h8 g8g7 h1h7,884,79,80,62,kingsideAttack mate mateIn2 middlegame short,https://lichess.org/MD1vTPAt/black#54,,True,https://lichess.org/training/Dz6Mc
SbqtZ,8/pp1Rkppp/4r3/4P3/8/1P3P2/r5PP/3R2K1 b - - 1 28,e7e8 d7d8 e8e7 d1d7,884,89,84,240,endgame mate mateIn2 rookEndgame short,https://lichess.org/oQMYMd7I/black#56,,True,https://lichess.org/training/SbqtZ
g8lUw,3R4/6k1/4P1pp/2N2p2/1pP2P2/1P6/r4r1P/3R1K2 w - - 2 38,f1e1 a2e2,884,78,91,922,endgame mate mateIn1 oneMove,https://lichess.org/Lka7nOpx#75,,True,https://lichess.org/training/g8lUw
Qfowu,1r1k1r2/3R3R/1p1p1p2/p1pP2p1/2P5/P1P5/2K5/8 b - - 3 38,d8e8 h7e7,884,98,94,813,endgame mate mateIn1 oneMove rookEndgame,https://lichess.org/LWHncWkv/black#76,,True,https://lichess.org/training/Qfowu
9K7wc,6kR/1p3p2/8/3r1pK1/1p4P1/8/P1P2r2/7R b - - 1 40,g8g7 h1h7,884,82,96,2045,endgame mate mateIn1 oneMove rookEndgame,https://lichess.org/e6T2ipJ5/black#80,,True,https://lichess.org/training/9K7wc
1LqOS,3k3r/p3pQ2/1p2P3/n1pP3r/2P2pR1/5P2/P4PRq/7K w - - 0 32,g2h2 h5h2 h1g1 h2h1 g1g2 h8h2,884,77,95,695,endgame exposedKing long mate mateIn3,https://lichess.org/XFAPJDrD#63,,True,https://lichess.org/training/1LqOS
jXAGh,6k1/5p1p/R7/8/P7/6PP/1r4r1/4R1K1 w - - 4 34,g1f1 b2f2,885,76,100,376,endgame mate mateIn1 oneMove rookEndgame,https://lichess.org/j2f8WhrH#67,,True,https://lichess.org/training/jXAGh
R7EBF,1k6/R1r5/1p5p/1P1P2p1/2P5/4q3/5QP1/R6K b - - 0 35,e3f2 a7a8 b8b7 a1a7,885,98,95,1034,endgame mate mateIn2 queenRookEndgame short,https://lichess.org/9FtCvC2J/black#70,,True,https://lichess.org/training/R7EBF
ZpOLM,4Rk2/2p5/pp1p2p1/6Pp/5r2/3r4/PP2R1K1/8 b - - 3 44,f8f7 e2e7,886,76,100,109,endgame master mate mateIn1 oneMove rookEndgame,https://lichess.org/j9qKE8be/black#88,,True,https://lichess.org/training/ZpOLM
Zn327,5b1r/4k2r/3pP3/pQpP1pp1/6p1/6P1/1P1B1PB1/4R1Kq w - - 3 35,g2h1 h7h1 g1g2 h8h2,886,78,100,215,kingsideAttack mate mateIn2 middlegame short,https://lichess.org/TXNNZXTL#69,,True,https://lichess.org/training/Zn327
A91Ed,6k1/q1rb1r1p/1p2p1QR/pP1pP3/P2P4/2B3P1/5PK1/7R b - - 0 30,h7g6 h6h8 g8g7 h1h7,886,76,100,114,kingsideAttack mate mateIn2 middlegame short,https://lichess.org/ZBkxl8wx/black#60,,True,https://lichess.org/training/A91Ed
ySLFR,8/7p/6pk/R7/P5P1/5P2/2r3rP/4R1K1 w - - 1 43,g1f1 c2f2,886,84,96,1083,endgame mate mateIn1 oneMove rookEndgame,https://lichess.org/baGU7nxU#85,,True,https://lichess.org/training/ySLFR
X6i0i,2r3kQ/pppb1rq1/4p1p1/3pPp2/3P1P2/n1P5/P1P1BK1R/7R b - - 1 27,g7h8 h2h8 g8g7 h1h7,887,84,88,1560,kingsideAttack mate mateIn2 middlegame short,https://lichess.org/zRB1FI17/black#54,,True,https://lichess.org/training/X6i0i
icnPa,2k1r2r/1R3R2/1p2n3/4Pppp/8/P5P1/1P4PP/6K1 b - - 2 30,e6d8 f7c7,887,79,96,458,endgame mate mateIn1 oneMove,https://lichess.org/ClGKAwoH/black#60,,True,https://lichess.org/training/icnPa
3gy64,5r2/1p2q1pk/1rbp2RQ/2p1pP2/p1P1P3/P2P3R/1P4PP/6K1 b - - 0 27,g7h6 h3h6,887,97,96,245,endgame mate mateIn1 oneMove,https://lichess.org/fZ5mMQTY/black#54,,True,https://lichess.org/training/3gy64
2ROst,7k/1R4p1/2P4p/8/1P6/6P1/1r3r1P/3R1K2 w - - 5 40,f1e1 b2e2,887,84,67,45,endgame mate mateIn1 oneMove rookEndgame,https://lichess.org/o82yJR0X#79,,True,https://lichess.org/training/2ROst
RvrNg,7r/pp1b3r/4P1p1/3P2k1/PPN3p1/6P1/5P2/1R3RK1 w - - 1 30,f1e1 h7h1 g1g2 h8h2,888,76,99,816,endgame mate mateIn2 short,https://lichess.org/Q3tNyu1c#59,,True,https://lichess.org/training/RvrNg
J0aGT,8/R7/8/1P5k/P7/8/4r2r/4K1R1 w - - 17 45,e1f1 h2f2,889,93,95,825,endgame mate mateIn1 oneMove rookEndgame,https://lichess.org/TXHRhUap#89,,True,https://lichess.org/training/J0aGT
8SPeM,5rk1/p1R3R1/1p4p1/8/1p6/2P4P/Pb4PK/5q2 b - - 2 33,g8h8 g7h7 h8g8 c7g7,889,88,78,128,endgame mate mateIn2 short,https://lichess.org/9kwdQiTe/black#66,,True,https://lichess.org/training/8SPeM
Um7R1,7r/8/1r2p1Rk/n6p/8/6RP/6PK/8 b - - 2 57,h6h7 g6g7 h7h6 g3g6,889,75,98,2285,endgame mate mateIn2 short,https://lichess.org/WBSfg73u/black#114,,True,https://lichess.org/training/Um7R1
IAz3s,7r/1p6/p4k2/P2p4/1R1P2p1/4R1P1/7r/6K1 w - - 0 37,b4b7 h2h1 g1g2 h8h2,889,94,100,43,endgame mate mateIn2 rookEndgame short,https://lichess.org/CzMe8WFr#73,,True,https://lichess.org/training/IAz3s
Ub0BS,2k4r/1p3p2/2pbpn1r/8/6p1/2BPQ1P1/PPP2PB1/R3R1Kq w - - 3 23,g2h1 h6h1 g1g2 h8h2,890,76,100,145,kingsideAttack mate mateIn2 middlegame short,https://lichess.org/Z2eSbDQ1#45,,True,https://lichess.org/training/Ub0BS
rDRYp,2rk4/1R2R1p1/7p/4p3/P4bP1/5P2/2p3K1/8 b - - 7 57,c2c1q b7d7,890,87,90,433,endgame mate mateIn1 oneMove,https://lichess.org/Ph1Hm2rZ/black#114,,True,https://lichess.org/training/rDRYp
QKdS0,8/1p6/p4k2/8/P1P4p/1P2R2P/1r4r1/4R1K1 w - - 0 42,g1f1 b2f2,890,82,95,807,endgame mate mateIn1 oneMove rookEndgame,https://lichess.org/ZiJCaEE4#83,,True,https://lichess.org/training/QKdS0
JD7b1,4R3/3q1k1p/pp3rp1/3Q4/2pP1Pp1/2P5/PP5P/4R1K1 b - - 0 31,d7d5 e1e7,891,78,100,75,endgame master mate mateIn1 oneMove queenRookEndgame,https://lichess.org/QLrZbQyK/black#62,,True,https://lichess.org/training/JD7b1
tI4GB,r5k1/p2b1r1p/4p1Q1/1pqp1nP1/5P2/2N4R/PPP5/2K3NR b - - 0 22,h7g6 h3h8 g8g7 h1h7,891,82,97,10770,kingsideAttack mate mateIn2 middlegame short,https://lichess.org/TPDU6DGZ/black#44,,True,https://lichess.org/training/tI4GB
2k225,6k1/5N1p/p1p3p1/3p4/3P1R2/5P2/Pr4r1/3R1K2 w - - 0 35,d1e1 b2f2,891,89,94,532,endgame mate mateIn1 oneMove,https://lichess.org/HtGkW0JV#69,,True,https://lichess.org/training/2k225
5UXQG,7k/2p2Qpp/1p3n2/1Pp5/2Pp4/7P/r5r1/3RR1K1 w - - 0 29,g1f1 a2f2,891,78,91,566,endgame mate mateIn1 oneMove,https://lichess.org/0Z4d3tnB#57,,True,https://lichess.org/training/5UXQG
PDrMP,7r/pp3p2/4k3/5R2/1P2p3/P3P1P1/5R1r/6K1 w - - 0 32,f5f7 h2h1 g1g2 h8h2,891,76,82,168,endgame mate mateIn2 rookEndgame short,https://lichess.org/vPzlWuBw#63,,True,https://lichess.org/training/PDrMP
Ttzv8,4r3/pppk1pp1/8/3P4/2P2P1p/1P1R1R1P/4r1P1/6K1 w - - 1 31,g1f1 e2e1 f1f2 e8e2,891,77,99,578,endgame mate mateIn2 rookEndgame short,https://lichess.org/uRSDqgKo#61,,True,https://lichess.org/training/Ttzv8
1WYhq,6k1/1b1pb1R1/p1q1p2p/np6/3PN3/P1P2P2/5P1P/6RK b - - 0 29,g8f8 g7g8 f8f7 g1g7,891,76,100,184,mate mateIn2 middlegame short,https://lichess.org/ZF4R0lIN/black#58,,True,https://lichess.org/training/1WYhq
0HZls,5rk1/p4rpp/1pQ1p3/3pB3/3Pp3/2P1P3/P3RqPP/5K2 w - - 0 23,e2f2 f7f2 f1e1 f2f1 e1e2 f8f2,892,84,81,441,endgame long mate mateIn3,https://lichess.org/NgCMOTgz#45,,True,https://lichess.org/training/0HZls
sJAIB,r5k1/3R1p1p/1p4p1/6P1/4P2P/rPpR1P2/2P5/1K6 w - - 2 32,d3c3 a3a1 b1b2 a8a2,892,81,100,57,endgame mate mateIn2 rookEndgame short,https://lichess.org/I03XxKC2#63,,True,https://lichess.org/training/sJAIB
KmDIH,8/pp2rkRp/3p1r1P/3P1p2/2P1p3/1P2K3/P7/6R1 b - - 1 31,f7f8 g7g8 f8f7 g1g7,892,78,91,734,endgame mate mateIn2 rookEndgame short,https://lichess.org/jn6qa0Zd/black#62,,True,https://lichess.org/training/KmDIH
FnqFJ,8/5k2/4R3/8/5P2/6P1/1r4r1/4R1K1 w - - 2 58,g1f1 b2f2,893,81,96,1970,endgame master mate mateIn1 oneMove rookEndgame,https://lichess.org/J9pg1Rgz#115,,True,https://lichess.org/training/FnqFJ
otgyn,4R3/pp3k1p/1np2pp1/6q1/2P5/1P1r1B1P/P4PP1/4R1K1 b - - 3 27,d3f3 e1e7,895,78,99,632,endgame mate mateIn1 oneMove,https://lichess.org/J30yu9AY/black#54,,True,https://lichess.org/training/otgyn
3C1zf,4r1k1/pp1b1r1p/2p2pB1/8/2pP1P2/P7/1P1nNKPR/7R b - - 0 32,h7g6 h2h8 g8g7 h1h7,895,76,96,920,kingsideAttack mate mateIn2 middlegame short,https://lichess.org/jM3ojVpE/black#64,,True,https://lichess.org/training/3C1zf
CVHFS,2k2b1r/pR1rq1p1/2p1Qpp1/2P1p3/P2P4/2P4P/2N2PP1/1R4K1 b - - 0 25,e7e6 b7b8 c8c7 b1b7,895,91,95,1585,mate mateIn2 middlegame queensideAttack short,https://lichess.org/v7SeepRr/black#50,,True,https://lichess.org/training/CVHFS
1oBI5,1n6/2Rkbrp1/pr2p2p/3pP2P/P2P4/8/4N1P1/2R3K1 b - - 2 34,d7d8 c7c8 d8d7 c1c7,895,95,94,2017,mate mateIn2 middlegame short,https://lichess.org/ndzv75OT/black#68,,True,https://lichess.org/training/1oBI5
QTIcM,5r1k/5pRp/p1prb2R/8/3B4/8/P1P3PP/6K1 b - - 1 28,d6d4 h6h7,896,79,95,755,endgame mate mateIn1 oneMove,https://lichess.org/hEovg8Ag/black#56,,True,https://lichess.org/training/QTIcM
k7Kh3,8/pR2R3/k2p4/2pP2r1/2P3Pp/7P/P1r5/6K1 b - - 0 37,c2c4 b7a7 a6b6 e7b7,896,76,100,88,endgame mate mateIn2 rookEndgame short,https://lichess.org/SwOvQesf/black#74,,True,https://lichess.org/training/k7Kh3
yPH8C,2k3r1/pp1r2q1/Q1p2p2/2Ppp2p/3P4/1R2PN2/1R4PP/6K1 b - - 0 27,b7a6 b3b8 c8c7 b2b7,896,76,100,319,endgame mate mateIn2 queensideAttack short,https://lichess.org/OLEQ7EWE/black#54,,True,https://lichess.org/training/yPH8C
C1rJm,7r/pkp5/1p2pn1r/4B3/2P3p1/6P1/PP3P2/3R1RK1 w - - 2 25,f1e1 h6h1 g1g2 h8h2,896,87,95,1743,endgame mate mateIn2 short,https://lichess.org/t4OD44dq#49,,True,https://lichess.org/training/C1rJm
lL391,r2k4/1pp2p2/p2r3p/3PR1p1/6P1/P7/1P3PP1/4R1K1 b - - 2 26,a8a7 e5e8 d8d7 e1e7,897,78,100,81,endgame mate mateIn2 rookEndgame short,https://lichess.org/C8CNijC7/black#52,,True,https://lichess.org/training/lL391
2tmvB,1k1r4/R1p2ppp/1p2p3/1P2P3/1r3Pn1/3B4/4K1P1/R7 b - - 0 27,d8d3 a7a8 b8b7 a1a7,897,84,94,2135,endgame mate mateIn2 short,https://lichess.org/2MgxbT5U/black#54,,True,https://lichess.org/training/2tmvB
EVMmA,5r2/pQ4qp/2Bk3p/3p4/4p3/2P5/PP3PrP/R3RK2 w - - 6 28,b7g7 f8f2,897,77,89,97,endgame mate mateIn1 oneMove,https://lichess.org/i6rKK3Mo#55,,True,https://lichess.org/training/EVMmA
rcP7z,r4r1k/p5Rp/5p2/1p3N2/2pn4/7R/5KPP/8 b - - 3 27,d4f5 h3h7,898,83,94,169,endgame mate mateIn1 oneMove,https://lichess.org/1q4CoREx/black#54,,True,https://lichess.org/training/rcP7z
LRBiV,7k/6r1/2p4p/8/1P3p2/P2Q1PrP/6P1/6qK w - - 0 46,h1g1 g3g2 g1f1 g2g1 f1f2 g7g2,898,79,97,1545,endgame long mate mateIn3 queenRookEndgame,https://lichess.org/OH07IFJv#91,,True,https://lichess.org/training/LRBiV
fqeLW,6k1/pp3p1p/6p1/3P4/3q4/P3rPP1/1P2r1BP/3R1K1R w - - 0 22,d1d4 e2e1 f1f2 e3e2,899,77,100,120,endgame mate mateIn2 short,https://lichess.org/gYkbPlGV#43,,True,https://lichess.org/training/fqeLW
wIw2I,1R5R/6p1/1pp3kp/4p1r1/4Pp2/P1P2Prq/1P2Q1P1/5K2 w - - 10 32,g2h3 g3g1 f1f2 g5g2,899,86,95,1964,endgame mate mateIn2 queenRookEndgame short,https://lichess.org/8eaI7sRu#63,,True,https://lichess.org/training/wIw2I
OPP9H,4r1k1/1R4R1/2p4p/p5p1/7r/2P5/PP4P1/6K1 b - - 2 35,g8f8 b7f7,899,97,94,175,endgame mate mateIn1 oneMove rookEndgame,https://lichess.org/mlB1a36j/black#70,,True,https://lichess.org/training/OPP9H
GQlWd,5rk1/R5R1/8/8/5p2/8/2r3PK/8 b - - 9 49,g8h8 g7h7 h8g8 a7g7,899,76,100,301,endgame mate mateIn2 rookEndgame short,https://lichess.org/0Kg5oNQP/black#98,,True,https://lichess.org/training/GQlWd
12b8Q,3r1k2/6p1/1p3r1p/p2B2p1/P2n1q2/3QRP1P/1P4P1/4R1K1 b - - 0 34,d8d5 e3e8 f8f7 e1e7,900,90,95,1681,mate mateIn2 middlegame short,https://lichess.org/ropNNCD9/black#68,,True,https://lichess.org/training/12b8Q
GYG0W,8/R3R3/3k4/3p3p/8/1P2PK2/P1r3rP/8 w - - 4 34,a2a4 c2f2,900,86,96,1850,endgame mate mateIn1 oneMove rookEndgame,https://lichess.org/wzs5uXl6#67,,True,https://lichess.org/training/GYG0W
BMncV,8/8/2r5/6R1/1p5P/1R4P1/PKr1k3/8 w - - 5 37,b2b1 c2c1 b1b2 c6c2,900,77,100,511,endgame mate mateIn2 rookEndgame short,https://lichess.org/mDLVaao3#73,,True,https://lichess.org/training/BMncV
KK03Z,r6r/p5pP/1pq2p2/3b4/3P3N/5R2/kR4PP/2B3K1 b - - 3 29,a2a1 f3a3 d5a2 a3a2,901,88,96,1341,mate mateIn2 middlegame short,https://lichess.org/Zc2ovtPQ/black#58,,True,https://lichess.org/training/KK03Z
yprt2,6k1/3p3R/4p1p1/2p1N1P1/5r2/2n1n1K1/8/7R b - - 8 41,f4f5 h7h8 g8g7 h1h7,901,88,95,1623,endgame master mate mateIn2 short,https://lichess.org/5Pdc09gr/black#82,,True,https://lichess.org/training/yprt2
RFrZo,6r1/8/2R4R/3p3p/3PkP1P/8/1P3Kr1/8 w - - 3 56,f2f1 g2g1 f1f2 g8g2,901,97,93,985,endgame mate mateIn2 rookEndgame short,https://lichess.org/xDu3fteQ#111,,True,https://lichess.org/training/RFrZo
bIGap,r3q2r/6pk/p2p1pRQ/npp1pP2/4P2R/2PP3P/PPB1KP2/8 b - - 0 24,g7h6 h4h6,901,77,99,1149,master mate mateIn1 middlegame oneMove,https://lichess.org/eiljrSnx/black#48,,True,https://lichess.org/training/bIGap
8EkYL,4kQr1/p2b4/2p1p1r1/2ppP1q1/2P4p/4P2P/PP1N1RP1/5RK1 b - - 3 26,g8f8 f2f8 e8e7 f1f7,902,94,93,863,mate mateIn2 middlegame short,https://lichess.org/El0dBv4w/black#52,,True,https://lichess.org/training/8EkYL
5jWGM,r1b1kQ2/p2p1ppp/4p3/3pP1q1/8/5RP1/PPP1B3/1K3R2 b - - 0 21,e8f8 f3f7 f8e8 f7f8 e8e7 f1f7,902,76,100,3050,endgame long mate mateIn3,https://lichess.org/yWdC95fZ/black#42,,True,https://lichess.org/training/5jWGM
zjyLD,8/1p2r1k1/p1pQ3p/5Bp1/6P1/P6P/1P2rK2/8 w - - 45 58,f2f3 e7e3,902,78,100,79,endgame mate mateIn1 oneMove,https://lichess.org/BKNI62ND#115,,True,https://lichess.org/training/zjyLD
TZuhu,8/7p/1r2k3/pr1p1p2/3RpP2/P1p1P3/1P1R2PP/2K5 w - - 0 35,b2c3 b5b1 c1c2 b6b2,902,85,86,513,endgame mate mateIn2 rookEndgame short,https://lichess.org/JMbiSUoE#69,,True,https://lichess.org/training/TZuhu
vzWiU,3rr1k1/pp3p1R/5p2/2BP1B2/4PKP1/2q5/P4PP1/7R b - - 6 30,c3c5 h7h8 g8g7 h1h7,902,78,98,1516,endgame mate mateIn2 short,https://lichess.org/ZZp8GIrr/black#60,,True,https://lichess.org/training/vzWiU
1FZqI,6k1/5p2/5Pp1/2KP4/7R/3r1r2/7R/8 b - - 2 45,f3f6 h4h8 g8g7 h2h7,902,87,81,52,endgame mate mateIn2 rookEndgame short,https://lichess.org/IVsr7Ky8/black#90,,True,https://lichess.org/training/1FZqI
2oWCl,2r2r2/pp5k/5pRp/2PQ1P2/P6R/1q2P3/1P3P2/1K6 b - - 4 28,b3d5 h4h6,902,78,79,91,endgame master mate mateIn1 oneMove queenRookEndgame,https://lichess.org/FWxD7691/black#56,,True,https://lichess.org/training/2oWCl
IBCnc,7r/1p2kp2/P1n1p3/7r/3Pp3/2P3P1/4NP2/RR4K1 w - - 1 25,e2f4 h5h1 g1g2 h8h2,903,84,96,618,endgame mate mateIn2 short,https://lichess.org/tmb3mT0v#49,,True,https://lichess.org/training/IBCnc
UgAJE,3R4/6pk/7p/4Bp2/N4P2/P4P2/2r3rP/4RK2 w - - 5 36,a4c3 c2f2,903,75,99,1400,endgame mate mateIn1 oneMove,https://lichess.org/6m9zBSxq#71,,True,https://lichess.org/training/UgAJE
n6St3,4k1r1/1q1b1R2/p3p3/np1pP1N1/3P2p1/1P6/P1B5/5RK1 b - - 2 29,g8g5 f7f8 e8e7 f1f7,903,76,99,855,mate mateIn2 middlegame short,https://lichess.org/WhjuwMaN/black#58,,True,https://lichess.org/training/n6St3
UtBXz,3r2kQ/3r1pq1/2p3p1/pp2p1P1/2b1P3/3B4/PPP2P1R/1K5R b - - 6 24,g7h8 h2h8 g8g7 h1h7,903,93,44,29,kingsideAttack mate mateIn2 middlegame short,https://lichess.org/ygN4wXaM/black#48,,True,https://lichess.org/training/UtBXz
n4zbS,7r/p2kbppr/2p1p1p1/3pP3/8/1NP2Pn1/PP3R1P/R1B3K1 w - - 0 19,h2g3 h7h1 g1g2 h8h2,904,105,95,609,kingsideAttack mate mateIn2 middlegame short,https://lichess.org/uOUj1gHC#37,Caro-Kann_Defense Caro-Kann_Defense_Other_variations,True,https://lichess.org/training/n4zbS
Ds6MW,8/8/5k2/R5p1/5p2/5R2/5PPK/2rr4 w - - 0 40,g2g3 d1h1 h2g2 c1g1,904,84,53,36,endgame mate mateIn2 rookEndgame short,https://lichess.org/btDBDLYw#79,,True,https://lichess.org/training/Ds6MW
CsOrf,8/6pp/2N2p1k/7r/P2Pp3/4P1P1/5P1r/2R1R1K1 w - - 0 38,a4a5 h2h1 g1g2 h5h2,904,86,96,1272,endgame mate mateIn2 short,https://lichess.org/6g6z3fNn#75,,True,https://lichess.org/training/CsOrf
AD5WY,5rk1/1ppb2pp/p7/2PPp3/PP2P3/2N2rR1/7P/4R1K1 w - - 1 25,e1e3 f3f1 g1g2 f8f2,904,91,95,306,endgame kingsideAttack mate mateIn2 short,https://lichess.org/oLKtG5cW#49,,True,https://lichess.org/training/AD5WY
32M45,8/p5rk/4Q3/8/1p2P2P/3P4/PP4rK/8 w - - 0 35,h2h3 g7g3,905,94,95,765,endgame master mate mateIn1 oneMove queenRookEndgame,https://lichess.org/qw60YS34#69,,True,https://lichess.org/training/32M45
0v9Ev,7r/n4k1r/p1P2p2/1p1p3q/4p1p1/P3P1P1/1B2NPQ1/2RR2K1 w - - 7 33,e2f4 h5h1 g2h1 h7h1 g1g2 h8h2,905,89,94,1906,kingsideAttack long mate mateIn3 middlegame,https://lichess.org/WEs4mo2g#65,,True,https://lichess.org/training/0v9Ev
xydwR,7r/p1knq3/Pp2p3/3pPp2/3P3B/1PN2B2/6rP/R6K w - - 0 38,h4e7 h8h2,905,82,56,43,mate mateIn1 middlegame oneMove,https://lichess.org/IIAWS0LE#75,,True,https://lichess.org/training/xydwR
4Unv1,5k2/4R1pp/pp6/2p2K2/3q4/5P2/PP2R2P/8 b - - 0 40,h7h5 e7e8 f8f7 e2e7,905,87,89,40,endgame mate mateIn2 queenRookEndgame short,https://lichess.org/QxdDrQS0/black#80,,True,https://lichess.org/training/4Unv1
iRXCP,6r1/6r1/5k2/pB1p1p2/3NpP1p/1P2P2P/P2R1K2/8 w - - 8 39,f2f1 g7g1 f1f2 g8g2,906,76,88,266,endgame mate mateIn2 short,https://lichess.org/7g5dP2w8#77,,True,https://lichess.org/training/iRXCP
REMhT,6k1/R6p/1p4p1/8/3N4/2P4P/P2r2r1/4R1K1 w - - 0 33,g1f1 d2f2,906,84,95,1284,endgame mate mateIn1 oneMove,https://lichess.org/gzy2Ez52#65,,True,https://lichess.org/training/REMhT
5OlDC,r2r2k1/pp3p2/5pp1/7p/6B1/1P6/P1P3PR/2K4R b - - 0 22,h5g4 h2h8 g8g7 h1h7,906,91,95,2446,endgame mate mateIn2 rookEndgame short,https://lichess.org/wJS8c5aS/black#44,,True,https://lichess.org/training/5OlDC
j5Jnt,8/pp3Rkb/2p1r2p/7P/6P1/7r/PP6/2K2R2 b - - 0 40,g7g8 f7f8 g8g7 f1f7,907,84,92,182,endgame mate mateIn2 short,https://lichess.org/AzUydDGF/black#80,,True,https://lichess.org/training/j5Jnt
GylXj,5rk1/Qp3rp1/4p2B/3p4/3P4/2P3R1/PP3nPP/R4qK1 w - - 1 26,a1f1 f2h3 g2h3 f7f1 g1g2 f8f2,907,80,94,122,discoveredAttack long mate mateIn3 middlegame,https://lichess.org/aKMCgjCM#51,,True,https://lichess.org/training/GylXj
v5qPA,1b5r/1P1P1kp1/4p1pr/8/1P1Bp3/6P1/5P2/2R1R1K1 w - - 0 38,d4b6 h6h1 g1g2 h8h2,908,76,98,5148,endgame mate mateIn2 short,https://lichess.org/h2l89jRe#75,,True,https://lichess.org/training/v5qPA
8ffen,7r/3N3r/4k1p1/4b3/4B1p1/2P3P1/PP3P2/3RR1K1 w - - 7 35,e4g6 h7h1 g1g2 h8h2,908,77,96,395,mate mateIn2 middlegame short,https://lichess.org/Q3VIK222#69,,True,https://lichess.org/training/8ffen
PaOyQ,5rk1/2p1R2R/p5p1/1p4P1/2p2n2/2P4n/P6K/8 b - - 1 34,h3g5 e7g7,908,76,97,1590,endgame master mate mateIn1 oneMove,https://lichess.org/aeyxviRO/black#68,,True,https://lichess.org/training/PaOyQ
BLVt4,r2qr1kQ/pb3p1p/1p2p1p1/2np2P1/2P2P2/1P2P2R/P3KPB1/7R b - - 2 20,g8h8 h3h7 h8g8 h7h8 g8g7 h1h7,908,76,96,2157,kingsideAttack long mate mateIn3 middlegame,https://lichess.org/51XhpzhP/black#40,,True,https://lichess.org/training/BLVt4
m69or,r7/5pkp/5p2/1R6/4P3/rPpR1P2/2P3PP/1K6 w - - 3 29,d3c3 a3a1 b1b2 a8a2,909,78,100,105,endgame mate mateIn2 rookEndgame short,https://lichess.org/hOLERhSp#57,,True,https://lichess.org/training/m69or
541nj,8/R5Rk/1p2p3/2p1P1p1/2P1P3/2r5/Pr6/6K1 b - - 0 33,h7h6 g7h7 h6g6 a7g7,910,83,65,86,endgame mate mateIn2 rookEndgame short,https://lichess.org/32xQk1Uo/black#66,,True,https://lichess.org/training/541nj
JeTzf,2r3k1/pp1n1r1p/4p1Q1/3pP1P1/5q2/2P1N3/3K1P1R/7R b - - 0 25,h7g6 h2h8 g8g7 h1h7,910,79,96,2849,mate mateIn2 middlegame short,https://lichess.org/7aKD5Te3/black#50,,True,https://lichess.org/training/JeTzf
uHR9K,4k3/5p2/2p1r3/rp1nP2p/5pp1/P2R4/1B4PP/2KR4 b - - 3 27,d5e3 d3d8 e8e7 d1d7,910,97,95,425,endgame mate mateIn2 short,https://lichess.org/jtC4qjuQ/black#54,,True,https://lichess.org/training/uHR9K
qvHqb,8/2p2pkp/6p1/3P4/8/Q4P1P/1r3rP1/3R1K2 w - - 1 38,f1e1 b2e2,911,94,93,1515,endgame mate mateIn1 oneMove queenRookEndgame,https://lichess.org/wCrC4Vhb#75,,True,https://lichess.org/training/qvHqb
uwgqi,8/p2r2kp/2R4R/8/1K1r1P2/6P1/8/8 w - - 4 57,b4c5 d7d5,911,85,93,1163,endgame master masterVsMaster mate mateIn1 oneMove rookEndgame,https://lichess.org/1gdQIMDF#113,,True,https://lichess.org/training/uwgqi
BSyAy,7r/2pk1ppr/p2P4/3N4/1PP3p1/P3P1P1/2Q2PB1/2BR2Kq w - - 1 23,g2h1 h7h1 g1g2 h8h2,911,90,92,423,kingsideAttack mate mateIn2 middlegame short,https://lichess.org/AfUqZs80#45,,True,https://lichess.org/training/BSyAy
NK7ax,8/2pkRp2/2pp1p2/pr3P2/5Pr1/1P6/P1P5/2K1R3 b - - 1 26,d7d8 e7e8 d8d7 e1e7,911,103,95,245,endgame mate mateIn2 rookEndgame short,https://lichess.org/Hj7w1njk/black#52,,True,https://lichess.org/training/NK7ax
xg9tj,2r3k1/p2q1p2/5rp1/7R/2p2P1R/3p2Q1/P5PP/7K b - - 0 34,d3d2 h5h8 g8g7 h4h7,912,77,100,151,endgame mate mateIn2 short,https://lichess.org/LA6o4FPX/black#68,,True,https://lichess.org/training/xg9tj
8jSkB,6k1/6p1/7p/R7/3P1P2/6PP/1r4r1/4R1K1 w - - 1 39,g1f1 b2f2,912,89,94,270,endgame mate mateIn1 oneMove rookEndgame,https://lichess.org/PuOqoEZ0#77,,True,https://lichess.org/training/8jSkB
f245e,4Rrk1/6pB/2p2p1p/rp1b4/3P4/2P5/5PPP/4R1K1 b - - 3 24,g8f7 e1e7,913,80,96,1131,endgame mate mateIn1 oneMove,https://lichess.org/Fj8c4uOu/black#48,,True,https://lichess.org/training/f245e
LDwJl,3Q4/5pk1/R7/1p6/1P2P3/P4PPP/1r3r2/3R1K2 w - - 1 51,f1e1 b2e2,913,92,95,1118,endgame mate mateIn1 oneMove queenRookEndgame,https://lichess.org/wkGSMuNT#101,,True,https://lichess.org/training/LDwJl
cb3Wa,2r2k2/ppNn1p2/2p4p/7B/2P2R2/3q3P/PP4P1/4R2K b - - 0 24,c8c7 f4f7 f8g8 e1e8 d7f8 e8f8,913,92,94,1570,endgame long mate mateIn3,https://lichess.org/eizb11EU/black#48,,True,https://lichess.org/training/cb3Wa
IIJuE,2kr4/1R2R3/p1p3rp/P1P3pN/5p2/3n1P1P/5P2/6K1 b - - 0 36,d3c5 e7c7,914,88,94,595,endgame mate mateIn1 oneMove,https://lichess.org/D2E7OAYi/black#72,,True,https://lichess.org/training/IIJuE
kMZCz,8/kp3r2/p5Q1/P1R5/1P1P3p/7P/8/5rK1 w - - 1 45,g1g2 f7f2,915,82,95,1180,endgame mate mateIn1 oneMove queenRookEndgame,https://lichess.org/JkpeeqHL#89,,True,https://lichess.org/training/kMZCz
kdgLr,6k1/5p2/p2r1Pp1/8/1p1p3R/7R/PP4P1/1b4K1 b - - 6 38,d6f6 h4h8 g8g7 h3h7,915,110,75,393,endgame mate mateIn2 short,https://lichess.org/bogINy7G/black#76,,True,https://lichess.org/training/kdgLr
lBs89,2k1r3/1pR2R2/p1p1P3/8/1r5p/7P/6P1/7K b - - 2 36,c8d8 f7d7,915,83,96,10084,endgame mate mateIn1 oneMove rookEndgame,https://lichess.org/AyGBr1Pb/black#72,,True,https://lichess.org/training/lBs89
7y7ud,7r/1B4k1/p2p1p2/Pp3Pp1/1P2P2r/6K1/5PR1/1R6 w - - 10 40,b7a6 h4h3 g3g4 h8h4,916,89,95,1062,endgame mate mateIn2 short,https://lichess.org/t2iQFVFz#79,,True,https://lichess.org/training/7y7ud
RRRCd,4r3/1p1b4/p7/2k5/3p1Rp1/P2R2P1/1PBKr2P/8 w - - 2 41,d2d1 e2e1 d1d2 e8e2,916,78,97,2455,endgame mate mateIn2 short,https://lichess.org/LlGAKKDf#81,,True,https://lichess.org/training/RRRCd
jqpra,2r3k1/4Qp1p/p3p1pP/1p2P3/1P1R4/8/PKr3P1/8 w - - 3 35,b2b3 c8c3,916,79,100,371,endgame mate mateIn1 oneMove queenRookEndgame,https://lichess.org/BwVvRVwS#69,,True,https://lichess.org/training/jqpra
LknuB,8/pp4Rk/8/7p/8/6R1/Pr3rPK/8 b - - 2 47,h7h6 g3g6,916,134,82,50,endgame mate mateIn1 oneMove rookEndgame,https://lichess.org/2kRXHZhA/black#94,,True,https://lichess.org/training/LknuB
MCoUG,4k3/3R1r2/4p1p1/4P3/1r2Nn1P/p7/K7/3R1B2 b - - 0 38,b4e4 d7d8 e8e7 d1d7,916,78,98,663,endgame master mate mateIn2 short,https://lichess.org/atqybfot/black#76,,True,https://lichess.org/training/MCoUG
8CMBW,2k3rr/1p1qb3/Q1pp1pp1/4pP1p/2P1P3/3PN1P1/PR4KP/1R6 b - - 0 24,b7a6 b2b8 c8c7 b1b7,917,77,98,3360,mate mateIn2 middlegame queensideAttack short,https://lichess.org/mRa0oMd7/black#48,,True,https://lichess.org/training/8CMBW
pwWXR,8/4r3/1P4kp/6p1/P2Q1p2/5P2/4rKP1/8 w - - 1 51,f2f1 e2e1 f1f2 e7e2,917,84,90,992,endgame mate mateIn2 queenRookEndgame short,https://lichess.org/H32qLoGz#101,,True,https://lichess.org/training/pwWXR
mgaD7,2r2rk1/1p5R/p1p2pP1/1b2pP2/1P1qP3/3P1K2/P3B1P1/7R b - - 3 33,f8d8 h7h8 g8g7 h1h7,917,76,100,1256,kingsideAttack mate mateIn2 middlegame short,https://lichess.org/3GfDm3xx/black#66,,True,https://lichess.org/training/mgaD7
AsB6E,8/5R2/2ppk3/1p2p3/4P3/1bBP4/rP4r1/1K3R2 b - - 3 35,c6c5 f1f6,917,76,98,1213,endgame mate mateIn1 oneMove,https://lichess.org/5NgdzM2L/black#70,,True,https://lichess.org/training/AsB6E
hOlg1,2r1b1kQ/2q2p1p/4p1pR/p2pP3/3p4/PBP1P1P1/6P1/2K4R b - - 0 30,g8h8 h6h7 h8g8 h7h8 g8g7 h1h7,917,80,94,149,endgame kingsideAttack long mate mateIn3,https://lichess.org/ZnRGUq6p/black#60,,True,https://lichess.org/training/hOlg1
AS6oV,1R6/8/5p2/1p5r/3Pk3/4B1P1/PP3PK1/7r w - - 11 41,b2b3 h5h2,917,93,89,661,endgame mate mateIn1 oneMove,https://lichess.org/nGKGpqRw#81,,True,https://lichess.org/training/AS6oV
gItvw,2k5/2qb1r1p/2p1p1pP/Q1b1PpP1/2Pp1P2/3P3K/1R6/1R6 b - - 0 50,c7a5 b2b8 c8c7 b1b7,917,92,95,1145,endgame mate mateIn2 queensideAttack short,https://lichess.org/2hZFviwR/black#100,,True,https://lichess.org/training/gItvw
bBy7A,5rk1/6pp/p1b1R3/2p5/P7/3P3P/1PP2Pr1/4RK2 w - - 1 28,e6c6 f8f2,917,79,79,88,endgame mate mateIn1 oneMove rookEndgame,https://lichess.org/apH8ifwd#55,,True,https://lichess.org/training/bBy7A
wFMNS,8/p1p2p1k/3p3p/4p3/4P1PR/8/Pr4r1/2KR2N1 w - - 4 22,g1f3 g2c2,917,91,91,771,endgame mate mateIn1 oneMove,https://lichess.org/g61oKmgN#43,,True,https://lichess.org/training/wFMNS
UGRwf,3k4/4b1r1/2R1p1p1/3pP2p/5P2/r3PP2/4K3/2R5 b - - 1 36,h5h4 c6c8 d8d7 c1c7,917,78,100,430,endgame mate mateIn2 short,https://lichess.org/JB8ndQIa/black#72,,True,https://lichess.org/training/UGRwf
qWb3L,8/6pk/2R1p2p/8/3P2P1/2P3P1/1r4r1/4R1K1 w - - 9 45,g1f1 b2f2,918,80,95,608,endgame master mate mateIn1 oneMove rookEndgame,https://lichess.org/KREBwZCE#89,,True,https://lichess.org/training/qWb3L
zB5A7,8/6k1/5R2/7R/7P/5pP1/5P1K/2rr4 w - - 1 53,f6f3 d1h1 h2g2 c1g1,918,142,88,10,endgame mate mateIn2 rookEndgame short,https://lichess.org/WU96RxYj#105,,True,https://lichess.org/training/zB5A7
H31Aq,2k1r3/ppR3R1/8/8/PPP2p2/2K5/4p2r/8 b - - 1 43,c8d8 g7d7,919,78,96,1284,endgame mate mateIn1 oneMove rookEndgame,https://lichess.org/3n6wxt6C/black#86,,True,https://lichess.org/training/H31Aq
RDMC4,2r3k1/p2q1r1p/1p1p2Q1/1n1Pp1P1/5p2/5P1R/PPP1NB2/1K5R b - - 0 28,h7g6 h3h8 g8g7 h1h7,919,86,95,387,kingsideAttack mate mateIn2 middlegame short,https://lichess.org/Eg96UrUM/black#56,,True,https://lichess.org/training/RDMC4
7ddlp,6k1/3b1r1p/1r1p1pNR/8/1pp1P3/5P2/PPP3P1/1K5R b - - 0 29,h7g6 h6h8 g8g7 h1h7,919,78,70,160,endgame mate mateIn2 short,https://lichess.org/uaGqSWve/black#58,,True,https://lichess.org/training/7ddlp
sxJcW,7B/1k6/2r1p1p1/p1br1p1p/PpKP1P1P/1P4P1/4R3/4R3 w - - 0 49,d4c5 c6c5,919,76,99,984,endgame master mate mateIn1 oneMove,https://lichess.org/h9wexpKI#97,,True,https://lichess.org/training/sxJcW
de85n,8/p4pkp/2p3p1/P7/8/N2P4/P4rr1/2R2RK1 w - - 4 28,g1h1 g2h2 h1g1 f2g2,919,87,95,901,endgame mate mateIn2 short,https://lichess.org/DLhZPwLq#55,,True,https://lichess.org/training/de85n
kAGAm,r5k1/3P1ppp/1p3b2/1B3p2/2P5/5N2/1r3PPP/2KR3R w - - 2 24,f3d2 a8a1 d2b1 a1b1,919,77,92,324,mate mateIn2 middlegame queensideAttack short,https://lichess.org/UEZbegss#47,,True,https://lichess.org/training/kAGAm
PLRpL,4r1k1/1p3R1b/2p4p/p3P2P/6P1/P1P5/1r4B1/5R1K b - - 0 32,e8e5 f7f8 g8g7 f1f7,920,100,100,31,endgame mate mateIn2 short,https://lichess.org/dmsI2XE2/black#64,,True,https://lichess.org/training/PLRpL
owu94,2rqr1kn/1p2bp2/p3p1p1/4P1Q1/8/P1N3P1/1PB2PKR/7R b - - 0 26,e7g5 h2h8 g8g7 h1h7,920,75,97,2087,kingsideAttack mate mateIn2 middlegame short,https://lichess.org/DsL6LKg1/black#52,,True,https://lichess.org/training/owu94
jPtSu,7k/R4Rp1/7p/1p4r1/1P5P/P7/6rK/8 w - - 0 32,h2h3 g5g3,920,76,85,214,endgame mate mateIn1 oneMove rookEndgame,https://lichess.org/ijsmwyQm#63,,True,https://lichess.org/training/jPtSu
QU9NY,r3k3/3r4/3ppR2/4p3/8/8/6PP/5RK1 b - - 0 45,a8a7 f6f8 e8e7 f1f7,920,78,81,152,endgame mate mateIn2 rookEndgame short,https://lichess.org/danJlZ8f/black#90,,True,https://lichess.org/training/QU9NY
zXnTP,6k1/2r2p2/2p1p1p1/4P3/p2P3R/q3QNP1/1r3PK1/7R b - - 0 36,a3e3 h4h8 g8g7 h1h7,920,76,87,275,endgame mate mateIn2 short,https://lichess.org/kRAYTL0p/black#72,,True,https://lichess.org/training/zXnTP
cdqz8,2k4r/Qp3p1r/2p5/2Np1R2/6p1/2P3q1/PP3R1P/6K1 w - - 0 28,h2g3 h7h1 g1g2 h8h2,920,77,84,131,endgame mate mateIn2 short,https://lichess.org/K6Tf27Z2#55,,True,https://lichess.org/training/cdqz8
ZJTrm,3k4/pp1r1pp1/4p3/6p1/5n1r/B4PK1/P1R2P2/2R5 b - - 1 35,d7d3 c2c8 d8d7 c1c7,920,78,84,119,endgame mate mateIn2 short,https://lichess.org/7Rx1Zw2u/black#70,,True,https://lichess.org/training/ZJTrm
tsH1N,8/2p2pk1/R2p4/1p2p3/2P1P3/1P1PPRK1/1r5r/8 w - - 5 35,c4b5 b2g2,920,78,81,112,endgame mate mateIn1 oneMove rookEndgame,https://lichess.org/Fl1D20ro#69,,True,https://lichess.org/training/tsH1N
i8D87,2k5/1R2np1p/p3p1p1/B2pP3/5PP1/P4R1K/1Pr3rP/8 w - - 13 30,b7e7 g2h2 h3g3 c2g2,920,75,99,2291,endgame mate mateIn2 short,https://lichess.org/1DLlNA4U#59,,True,https://lichess.org/training/i8D87
9hDLo,8/R7/3p4/2p4p/2P4k/K1PP1PR1/1r2r1PP/8 w - - 11 41,a7g7 b2a2 a3b3 e2b2,921,100,95,357,endgame mate mateIn2 rookEndgame short,https://lichess.org/TUbHQItj#81,,True,https://lichess.org/training/9hDLo
yDJFc,4r1k1/pp1nr3/8/3q3p/1N1p1p2/1PP2P1R/P2N2P1/R1B2K2 w - - 0 26,b4d5 e7e1 f1f2 e8e2,921,78,100,107,mate mateIn2 middlegame short,https://lichess.org/k02bOEOM#51,,True,https://lichess.org/training/yDJFc
jYFff,8/p2P3p/8/6p1/QP1p4/8/1kr3rP/4R1K1 w - - 0 43,g1f1 c2f2,921,95,93,825,endgame master masterVsMaster mate mateIn1 oneMove queenRookEndgame,https://lichess.org/LD75qBzS#85,,True,https://lichess.org/training/jYFff
cViKW,8/1pp2R2/p2pr1kp/6p1/2rnB1P1/P7/1P1B3P/5RK1 b - - 0 37,e6e4 f1f6,921,88,93,580,endgame mate mateIn1 oneMove,https://lichess.org/0Z2JA5KO/black#74,,True,https://lichess.org/training/cViKW
nc2w4,4R3/5kp1/r6p/2p2p1P/p1Pp1Bn1/P2r4/1P3PK1/4R3 b - - 3 31,g4f6 e1e7,921,75,91,296,endgame master mate mateIn1 oneMove,https://lichess.org/RGoJfqSM/black#62,,True,https://lichess.org/training/nc2w4
FTyKT,8/2P3r1/1P1P4/2R5/4kp2/8/6r1/5K2 w - - 2 56,c7c8q g2g1 f1f2 g7g2,921,88,94,1957,endgame mate mateIn2 queenRookEndgame short,https://lichess.org/cuTUFsKV#111,,True,https://lichess.org/training/FTyKT
u7hcb,4r2k/7p/4r2P/pp1p2R1/2p2B2/1PP2P2/P1B5/3K4 w - - 1 46,g5d5 e6e1 d1d2 e8e2,921,85,95,315,endgame mate mateIn2 short,https://lichess.org/vSaAIv3z#91,,True,https://lichess.org/training/u7hcb
RvGIf,4R3/7p/6nk/8/8/1B4PP/Pr4r1/4R1K1 w - - 7 33,g1f1 b2f2,921,79,100,206,endgame mate mateIn1 oneMove,https://lichess.org/H5Ljtveg#65,,True,https://lichess.org/training/RvGIf
6CxFr,4r3/pppb1pN1/3p1Pk1/8/6r1/2P3P1/PP1K3R/7R b - - 3 29,e8e5 h2h6 g6g5 h1h5,921,77,100,121,endgame mate mateIn2 short,https://lichess.org/yNtZW6MW/black#58,,True,https://lichess.org/training/6CxFr
PMn9d,3r2k1/1p1q1r1p/4p1Q1/4P3/p2p1PP1/P1P3K1/1P5R/7R b - - 0 37,h7g6 h2h8 g8g7 h1h7,921,79,87,180,endgame mate mateIn2 queenRookEndgame short,https://lichess.org/wQgUajey/black#74,,True,https://lichess.org/training/PMn9d
PWowc,6k1/1p4pp/7r/3p3r/3Qp3/5Pq1/PPP2R1P/4R1K1 w - - 0 24,h2g3 h5h1 g1g2 h6h2,922,79,96,2065,endgame mate mateIn2 queenRookEndgame short,https://lichess.org/WvNyUuN4#47,,True,https://lichess.org/training/PWowc
CQqMm,2k5/1p3Kp1/p1p2p2/P6p/6r1/5r2/1P1R4/3R4 b - - 0 34,h5h4 d2d8 c8c7 d1d7,922,81,100,68,endgame mate mateIn2 rookEndgame short,https://lichess.org/2LZXRWFB/black#68,,True,https://lichess.org/training/CQqMm
lZ05u,2k3rr/pR1b1p2/2ppnb2/q7/2PP4/2N2N1P/PR2BQP1/6K1 b - - 0 23,a5c3 b7b8 c8c7 b2b7,922,78,91,980,mate mateIn2 middlegame queensideAttack short,https://lichess.org/gOuz0yTN/black#46,,True,https://lichess.org/training/lZ05u
qMdRg,7r/p1Pp2k1/1p3b1r/3Q1p2/2P3p1/2P1P1P1/PB3P2/R3R1Kq w - - 3 27,d5h1 h6h1 g1g2 h8h2,923,78,96,3976,kingsideAttack mate mateIn2 middlegame short,https://lichess.org/eOojhHZ6#53,,True,https://lichess.org/training/qMdRg
acYxU,4B3/4kp2/3Rpp1p/p1r5/P6P/4P3/1r3PP1/3R2K1 b - - 0 26,e7e8 d6d8 e8e7 d1d7,923,76,88,772,endgame master mate mateIn2 rookEndgame short,https://lichess.org/6o4VJoqu/black#52,,True,https://lichess.org/training/acYxU
ZDLgG,4r2k/pp2r1b1/3Q3p/8/7P/2P3R1/PP3PP1/5K2 w - - 5 26,f2f3 e7e1 f1f2 e8e2,923,84,100,56,endgame mate mateIn2 short,https://lichess.org/QltV2PKn#51,,True,https://lichess.org/training/ZDLgG
X98wb,3r4/4k3/4p2p/4b3/P2rK3/1P1pR2P/3R4/8 w - - 2 39,e4e5 d8d5,923,78,95,802,endgame mate mateIn1 oneMove rookEndgame,https://lichess.org/e0PIkyS7#77,,True,https://lichess.org/training/X98wb
GoC8x,8/1kR4p/5p2/1p2p3/1P1bPnP1/1r3P2/7P/2R2K2 b - - 1 30,b7b6 c1c6,924,80,98,463,endgame mate mateIn1 oneMove,https://lichess.org/5SQuLKIa/black#60,,True,https://lichess.org/training/GoC8x
rnxn8,6kR/pp6/2b3p1/3p1pP1/2p1rr2/2P5/PP5R/2KB4 b - - 7 34,g8g7 h2h7,924,76,83,215,endgame mate mateIn1 oneMove,https://lichess.org/pj0hERuJ/black#68,,True,https://lichess.org/training/rnxn8
nNM7e,4k3/7r/7r/5R2/4P3/2P2pP1/PP3P2/4R1K1 w - - 3 37,f5f3 h6h1 g1g2 h7h2,925,78,100,165,endgame mate mateIn2 rookEndgame short,https://lichess.org/IBm6bCCL#73,,True,https://lichess.org/training/nNM7e
cVMJl,7R/p4pk1/1r6/3p1KP1/3P4/r1P5/8/7R b - - 0 37,a3c3 h1h7,925,82,95,836,endgame master mate mateIn1 oneMove rookEndgame,https://lichess.org/esBmSPhc/black#74,,True,https://lichess.org/training/cVMJl
3HuxO,7r/1R4R1/2p2p2/p5p1/5k2/1PN2P2/1PP4r/6K1 w - - 3 36,g7f7 h2h1 g1g2 h8h2,925,77,100,106,endgame mate mateIn2 short,https://lichess.org/fipCJbxA#71,,True,https://lichess.org/training/3HuxO
WOSkN,8/2rkR3/p1pr2pp/1p6/1P2RPKP/6P1/8/8 b - - 7 48,d7d8 e7e8 d8d7 e4e7,925,93,94,1049,endgame mate mateIn2 rookEndgame short,https://lichess.org/OKPghdrg/black#96,,True,https://lichess.org/training/WOSkN
G4pIL,5k2/1p2R1p1/p4p1p/3N1P2/3r4/r7/2p5/4RK2 b - - 5 47,d4d5 e7e8 f8f7 e1e7,925,79,87,637,endgame mate mateIn2 rookEndgame short,https://lichess.org/CqPHVXdt/black#94,,True,https://lichess.org/training/G4pIL
4pNWo,5r1k/6Rp/p4P2/2p2p2/3r4/1P1P3R/P6P/5K2 b - - 2 44,f8f6 h3h7,926,85,43,114,endgame mate mateIn1 oneMove rookEndgame,https://lichess.org/weCmatzz/black#88,,True,https://lichess.org/training/4pNWo
453re,1k5r/1b6/5n1r/Q2p4/P2Pp3/1B4P1/1P3P2/2R1R1K1 w - - 1 40,a5c5 h6h1 g1g2 h8h2,926,77,96,1158,mate mateIn2 middlegame short,https://lichess.org/WBNCITVC#79,,True,https://lichess.org/training/453re
Gg56E,8/R4pkp/8/8/8/6P1/Pr4r1/5RK1 w - - 2 35,g1h1 g2h2 h1g1 b2g2,926,77,90,576,endgame mate mateIn2 rookEndgame short,https://lichess.org/ULGO4TBQ#69,,True,https://lichess.org/training/Gg56E
Kz7Rm,8/8/2B5/3P4/P2k4/8/r5r1/4R1K1 w - - 11 66,g1f1 a2f2,926,75,100,124,endgame mate mateIn1 oneMove,https://lichess.org/mR3ALA8h#131,,True,https://lichess.org/training/Kz7Rm
IlpII,2k4r/ppp1qpp1/2pb1P2/8/6p1/1P6/PBPP1P1r/RN1QR1K1 w - - 3 16,f6e7 h2h1 g1g2 h8h2,926,79,96,1301,kingsideAttack mate mateIn2 middlegame short,https://lichess.org/HQIbg0DM#31,Nimzo-Larsen_Attack Nimzo-Larsen_Attack_Modern_Variation,True,https://lichess.org/training/IlpII
GABCA,1R6/3r3p/4R3/2k1Pp2/8/P1K5/3r2PP/8 w - - 5 43,e6f6 d7d3,926,80,95,314,endgame mate mateIn1 oneMove rookEndgame,https://lichess.org/43NylDzd#85,,True,https://lichess.org/training/GABCA
JeTKa,6k1/1p1r1pPR/p5r1/3BpK2/PP1b4/3P4/8/7R b - - 2 35,d7d5 h7h8 g8g7 h1h7,926,86,85,132,endgame mate mateIn2 short,https://lichess.org/mvnWfprH/black#70,,True,https://lichess.org/training/JeTKa
05g7q,8/2p1k3/N4p2/6pp/P3P3/2P2P2/1r4rP/R3RK2 w - - 0 33,a6c7 b2f2,926,91,41,44,endgame mate mateIn1 oneMove,https://lichess.org/iQJ33YzE#65,,True,https://lichess.org/training/05g7q
ea2C7,8/2R5/pR2p2p/n7/8/k1N5/Prr3PP/K7 w - - 9 37,b6a6 c2c1 c3b1 c1b1,927,76,81,96,endgame mate mateIn2 short,https://lichess.org/DR5qVBwi#73,,True,https://lichess.org/training/ea2C7
IA8hC,r5k1/6pp/4R3/6P1/4P2P/rPR5/2P1N3/1K6 w - - 3 41,e2d4 a3a1 b1b2 a8a2,927,87,81,121,endgame mate mateIn2 short,https://lichess.org/hQWGt6tE#81,,True,https://lichess.org/training/IA8hC
gRTuI,4r3/5k2/6pQ/2N5/5PPP/8/4rK2/8 w - - 3 50,f2f3 e8e3,927,82,95,1250,endgame mate mateIn1 oneMove,https://lichess.org/peiEVTip#99,,True,https://lichess.org/training/gRTuI
FmPT4,2r3k1/1p1r1p2/p3b1p1/3pP3/4p3/2N5/PP3PPR/K6R b - - 0 28,c8c3 h2h8 g8g7 h1h7,927,76,100,339,endgame mate mateIn2 short,https://lichess.org/6f7rwnVU/black#56,,True,https://lichess.org/training/FmPT4
ULqbb,r1k2b1r/1R1b1pp1/3p3p/B1pP1P2/p1P5/3B4/6PP/1R4K1 b - - 1 24,a8a5 b7b8 c8c7 b1b7,927,77,100,135,mate mateIn2 middlegame queensideAttack short,https://lichess.org/orVfO0tS/black#48,,True,https://lichess.org/training/ULqbb
81Jrn,6k1/pp3R1p/6rp/2r1B3/2p5/8/PP4P1/5RK1 b - - 0 30,c5e5 f7f8 g8g7 f1f7,929,86,89,237,endgame mate mateIn2 rookEndgame short,https://lichess.org/f5i98EyT/black#60,,True,https://lichess.org/training/81Jrn
F2mBD,8/8/2k5/1R5p/P7/5P2/2r3r1/R4K2 w - - 0 43,a1e1 c2f2,929,88,94,386,endgame master mate mateIn1 oneMove rookEndgame,https://lichess.org/vp8WXc8d#85,,True,https://lichess.org/training/F2mBD
ptiKl,7r/3k3p/2p1pp2/Kr1p4/3P2P1/PPQ2N2/2P1RP1P/4R3 w - - 3 28,a5a4 h8a8 c3a5 a8a5,929,84,50,51,endgame mate mateIn2 short,https://lichess.org/bJaU2VZf#55,,True,https://lichess.org/training/ptiKl
Bz9dz,r3bR2/pp2k3/4p3/1N1pP1q1/3P4/6P1/PPP4P/5RK1 b - - 4 23,e8b5 f1f7,929,77,96,500,endgame mate mateIn1 oneMove,https://lichess.org/ismpuz06/black#46,,True,https://lichess.org/training/Bz9dz
ENogj,8/p5pp/1p5k/2p4P/2P1PP2/P1R1KP1R/r2r4/8 w - - 3 34,e4e5 d2e2 e3d3 a2d2,929,75,97,2137,endgame mate mateIn2 rookEndgame short,https://lichess.org/s7kHUdFI#67,,True,https://lichess.org/training/ENogj
D3zgK,3r1rk1/p4p1R/5p2/1p3P2/8/P2P2P1/n5K1/7R b - - 0 34,f8e8 h7h8 g8g7 h1h7,930,75,90,573,endgame mate mateIn2 short,https://lichess.org/hSJMpMOY/black#68,,True,https://lichess.org/training/D3zgK
10qNK,2k1r3/p1p3pp/2p3b1/6N1/3p4/PQ6/1P1KrP1P/RN6 w - - 5 20,d2d1 e2e1 d1d2 e8e2,930,141,33,21,mate mateIn2 middlegame short,https://lichess.org/0iNc9LPJ#39,,True,https://lichess.org/training/10qNK
K8QZN,4Q3/6pk/6Rp/1P5P/2P3P1/8/1r4r1/4R1K1 w - - 3 69,g1f1 b2f2,930,88,95,132,endgame master mate mateIn1 oneMove queenRookEndgame,https://lichess.org/c253Yotd#137,,True,https://lichess.org/training/K8QZN
ckA5z,1r3k2/1pR3R1/1Pp1pn2/p2p1p2/P2P4/3BPP2/1r6/3K4 b - - 1 41,f6e8 c7f7,930,76,99,1802,endgame mate mateIn1 oneMove,https://lichess.org/hp4j6fb9/black#82,,True,https://lichess.org/training/ckA5z
SoPkV,2k4r/2p2p2/2Q5/3p4/3P2p1/2P1P1Pr/R4P1P/6Kq w - - 0 33,g1h1 h3h2 h1g1 h2h1 g1g2 h8h2,931,110,69,39,endgame long mate mateIn3 queenRookEndgame,https://lichess.org/arlCZK8s#65,,True,https://lichess.org/training/SoPkV
yHBtz,4n1k1/p1r2r1p/3p2Q1/4p1P1/4P3/1Pq2P2/P1P4R/1K4NR b - - 0 27,h7g6 h2h8 g8g7 h1h7,931,80,100,182,mate mateIn2 middlegame short,https://lichess.org/Qoyqx5hb/black#54,,True,https://lichess.org/training/yHBtz
uXxea,4r3/pp2Prp1/2p3k1/3pR1p1/P7/6K1/1P3P1P/4R3 b - - 8 32,g6f6 e5e6 f6f5 e1e5,931,79,87,118,endgame mate mateIn2 rookEndgame short,https://lichess.org/unsJM9hE/black#64,,True,https://lichess.org/training/uXxea
3TzLb,r3Qk2/pp1n2rp/2p2pp1/2P5/3PR3/5q2/PP6/1K2R3 b - - 1 31,a8e8 e4e8 f8f7 e1e7,931,80,86,202,endgame mate mateIn2 short,https://lichess.org/TUwrTVbw/black#62,,True,https://lichess.org/training/3TzLb
04qWI,5k2/5Rb1/6P1/5p2/4r3/1Pp5/P1P2q2/2KR4 b - - 8 41,f8g8 d1d8 e4e8 d8e8 g7f8 e8f8,931,80,88,786,endgame exposedKing long mate mateIn3,https://lichess.org/oLXs9hCZ/black#82,,True,https://lichess.org/training/04qWI
9chu6,r3r1k1/pR4Rp/2p5/6p1/8/1Pn4P/P1P2P2/6K1 b - - 4 28,g8f8 b7f7,931,79,86,153,endgame mate mateIn1 oneMove,https://lichess.org/Ze40XY05/black#56,,True,https://lichess.org/training/9chu6
sohL7,8/6pk/7p/1p6/1P6/1PP1R1PP/3r2r1/4R1K1 w - - 0 33,g1f1 d2f2,932,76,86,315,endgame mate mateIn1 oneMove rookEndgame,https://lichess.org/0AQyApys#65,,True,https://lichess.org/training/sohL7
ddAsV,r2k3r/1R2R3/p7/bp6/6P1/P7/1PP5/1K6 b - - 0 33,a8c8 b7d7,932,82,95,1673,endgame mate mateIn1 oneMove,https://lichess.org/bBFn9JBP/black#66,,True,https://lichess.org/training/ddAsV
UeeK5,8/5pk1/R6p/5R2/7P/1P3pP1/P4P1K/3rr3 w - - 5 34,f5f3 e1h1 h2g2 d1g1,932,96,91,119,endgame mate mateIn2 rookEndgame short,https://lichess.org/7rk7CLz7#67,,True,https://lichess.org/training/UeeK5
TcbeO,r5k1/1Q6/r3R3/3n3p/3P1p2/1P1R1Pp1/1BP3P1/qK6 w - - 1 37,b2a1 a6a1 b1b2 a8a2,932,80,94,107,master mate mateIn2 middlegame short,https://lichess.org/NFrXZdEB#73,,True,https://lichess.org/training/TcbeO
2lOBw,2k4r/3b3r/p7/2p5/P3p1p1/1NP1B1b1/1R5P/1R4K1 w - - 0 29,h2g3 h7h1 g1g2 h8h2,933,96,95,757,mate mateIn2 middlegame short,https://lichess.org/qrO1o189#57,,True,https://lichess.org/training/2lOBw
KRgRz,5bk1/5pp1/r4n2/6N1/2p5/qrR2Q1P/KP1B1P2/6R1 w - - 0 30,b2a3 a6a3,933,91,93,479,mate mateIn1 middlegame oneMove,https://lichess.org/IMuURq4s#59,,True,https://lichess.org/training/KRgRz
Srazg,4kr2/1b1R2R1/p3p2p/5p2/p2P3K/4P1BP/1q6/8 b - - 1 40,b7d5 g7e7,933,86,97,1962,endgame mate mateIn1 oneMove,https://lichess.org/2lhMI8eP/black#80,,True,https://lichess.org/training/Srazg
53zqm,4r1k1/p2Q1pp1/1p5p/2N5/7P/P4RP1/1P6/4r1K1 w - - 0 33,g1f2 e8e2,933,77,97,2732,endgame mate mateIn1 oneMove,https://lichess.org/yC0pMZua#65,,True,https://lichess.org/training/53zqm
F3GAh,8/ppp2Rk1/2n4p/6r1/8/2P1q2P/P5PK/1B3R2 b - - 4 36,g7g8 f7f8 g8g7 f1f7,933,93,95,329,endgame mate mateIn2 short,https://lichess.org/B2hlbl60/black#72,,True,https://lichess.org/training/F3GAh
4yERm,8/7k/3P1ppp/8/6PP/5P2/Pr2r3/1K1R1R2 w - - 0 29,b1c1 e2c2,933,83,95,644,endgame mate mateIn1 oneMove rookEndgame,https://lichess.org/xmYrUdy3#57,,True,https://lichess.org/training/4yERm
PJpxN,8/5kR1/p3p2p/1p2rr2/2p5/2P5/PP5P/2K3R1 b - - 2 37,f7f6 g1g6,933,91,88,388,endgame mate mateIn1 oneMove rookEndgame,https://lichess.org/JDREIk8l/black#74,,True,https://lichess.org/training/PJpxN
cQk1y,7r/4kp2/p3p3/5p1r/Pp6/1B1PRRP1/1PP3K1/8 w - - 3 34,g2g1 h5h1 g1g2 h8h2,934,82,90,144,endgame mate mateIn2 short,https://lichess.org/4b8vaJq8#67,,True,https://lichess.org/training/cQk1y
VB0ta,8/8/5Rpk/3P3p/8/5P1P/1r4r1/4R1K1 w - - 1 46,g1f1 b2f2,934,80,90,688,endgame master mate mateIn1 oneMove rookEndgame,https://lichess.org/NKCbrLef#91,,True,https://lichess.org/training/VB0ta
wJciH,2k2r2/1R2R1pp/p4p2/8/8/K4P2/P5rP/8 b - - 5 31,f8d8 e7c7,934,93,95,494,endgame mate mateIn1 oneMove rookEndgame,https://lichess.org/8oxmhjBO/black#62,,True,https://lichess.org/training/wJciH
Y23jO,8/p4Rk1/8/2p4p/1nP1q1p1/1P2B1K1/P7/5R2 b - - 1 54,g7g6 f1f6,934,81,90,493,endgame master mate mateIn1 oneMove,https://lichess.org/uD0at1al/black#108,,True,https://lichess.org/training/Y23jO
KGV1Z,8/2Q3p1/6rk/6rp/8/1P5P/P7/7K w - - 2 56,h1h2 g5g2 h2h1 g2g1 h1h2 g6g2,934,97,94,951,endgame long mate mateIn3 queenRookEndgame,https://lichess.org/yHQ07XO1#111,,True,https://lichess.org/training/KGV1Z
4aejj,6k1/1pr2r1p/pnq1ppQ1/3p4/3P3R/2P2NP1/PP3PP1/2K4R b - - 0 23,h7g6 h4h8 g8g7 h1h7,934,101,96,604,kingsideAttack mate mateIn2 middlegame short,https://lichess.org/3wvq4dcR/black#46,,True,https://lichess.org/training/4aejj
7RwU7,2b3k1/r4r1p/p1p2pQ1/3p2p1/P4q2/7R/5P1R/7K b - - 3 34,h7g6 h3h8 g8g7 h2h7,934,98,95,651,endgame mate mateIn2 short,https://lichess.org/vNzTbtRM/black#68,,True,https://lichess.org/training/7RwU7
qnD7N,5r2/5r1k/1R5R/2p3p1/1pPp4/1P1P2K1/8/8 b - - 0 41,h7g7 b6g6,934,114,88,538,endgame master mate mateIn1 oneMove rookEndgame,https://lichess.org/X9Qy7rS2/black#82,,True,https://lichess.org/training/qnD7N
L8PLQ,4r1k1/1pR3R1/7p/pp2p3/1r3P2/1P3K2/P6P/8 b - - 0 34,g8f8 c7f7,934,77,92,191,endgame mate mateIn1 oneMove rookEndgame,https://lichess.org/WIEYkwUm/black#68,,True,https://lichess.org/training/L8PLQ
VwASI,5r2/7k/8/1Qp1p1p1/8/P1PPP3/1P2KrPP/8 w - - 1 38,e2e1 f2f1 e1e2 f8f2,935,82,86,134,endgame mate mateIn2 queenRookEndgame short,https://lichess.org/LmlvAPHX#75,,True,https://lichess.org/training/VwASI
EixOm,8/pppkR3/2p2r1p/2P3p1/8/2Pr2P1/P4PP1/4R1K1 b - - 2 26,d7d8 e7e8 d8d7 e1e7,935,147,100,37,endgame mate mateIn2 rookEndgame short,https://lichess.org/CRFahzaL/black#52,,True,https://lichess.org/training/EixOm
TUUb3,1nkr1b2/1p5p/p1p5/P1P1p1p1/5p2/2P2P2/1RPrKBPP/1RN5 w - - 2 23,e2e1 d2d1 e1e2 d8d2,935,75,90,383,mate mateIn2 middlegame short,https://lichess.org/d5QMARva#45,,True,https://lichess.org/training/TUUb3
tiaT8,2r2k2/R4p1B/4p3/5p2/1P1P4/4P3/2rK1PRP/8 w - - 2 25,d2d3 c8c3,935,79,73,196,endgame mate mateIn1 oneMove,https://lichess.org/BHx6Pxlk#49,,True,https://lichess.org/training/tiaT8
Y5DWL,8/pp3k2/2P1Rp1p/1P6/P4PP1/7P/r5r1/4R1K1 w - - 3 37,g1f1 a2f2,935,90,95,963,endgame mate mateIn1 oneMove rookEndgame,https://lichess.org/MQYq0VgG#73,,True,https://lichess.org/training/Y5DWL
z4E7Q,r2r2k1/5pp1/p7/1p2PpP1/5P2/P4K2/1P5R/7R b - - 1 36,g7g6 h2h8 g8g7 h1h7,935,77,97,1509,endgame mate mateIn2 rookEndgame short,https://lichess.org/1MHUPv5O/black#72,,True,https://lichess.org/training/z4E7Q
QRKZl,8/5R2/4p1k1/3p3p/r6P/2KP4/4r1P1/5R2 b - - 6 37,a4a2 f1f6,936,75,99,1208,endgame mate mateIn1 oneMove rookEndgame,https://lichess.org/5K1DL1LS/black#74,,True,https://lichess.org/training/QRKZl
3q85Z,2k5/1p3p2/p1p1p3/P5p1/6n1/R5P1/1PPr1N1r/5RK1 w - - 2 25,f2g4 d2g2,936,76,100,350,endgame mate mateIn1 oneMove,https://lichess.org/D9NAGlH7#49,,True,https://lichess.org/training/3q85Z
x9LWi,r1b3k1/5r1p/pp3pB1/3np3/8/P3PNP1/1P2KPPR/7R b - - 0 21,h7g6 h2h8 g8g7 h1h7,936,95,94,154,kingsideAttack mate mateIn2 middlegame short,https://lichess.org/3gJKJaBW/black#42,,True,https://lichess.org/training/x9LWi
YcuTm,8/3k4/4R2p/6p1/3P4/5PP1/r5rP/4R1K1 w - - 4 45,g1f1 a2f2,936,82,93,120,endgame mate mateIn1 oneMove rookEndgame,https://lichess.org/7hv2SwWv#89,,True,https://lichess.org/training/YcuTm
yGv4g,5r2/1p5p/2p1p1k1/p3P3/P1PP1r2/4K2p/1P1RR1P1/8 w - - 0 48,g2h3 f4f3 e3e4 f8f4,937,87,95,122,endgame mate mateIn2 rookEndgame short,https://lichess.org/RbtbHltM#95,,True,https://lichess.org/training/yGv4g
swhmq,2k4r/pp3p2/5N1r/4P3/6p1/P5P1/1P3P1P/R3R1Kq w - - 7 29,g1h1 h6h2 h1g1 h2h1 g1g2 h8h2,937,76,100,184,endgame long mate mateIn3,https://lichess.org/n4YTKzyn#57,,True,https://lichess.org/training/swhmq
oiIsp,1q1r2k1/5rnR/3bQ1p1/3p2P1/B2P1P2/2P5/3B2K1/7R b - - 2 31,g7e6 h7h8 g8g7 h1h7,937,81,95,687,master mate mateIn2 middlegame short,https://lichess.org/z93mPJEI/black#62,,True,https://lichess.org/training/oiIsp
ICWNs,6k1/5pp1/p7/7p/5P1P/4P1P1/PPr3r1/1R2R1K1 w - - 3 29,g1f1 c2f2,937,93,70,151,endgame mate mateIn1 oneMove rookEndgame,https://lichess.org/Edt1jZfc#57,,True,https://lichess.org/training/ICWNs
GdYkZ,r1b3k1/pp5p/2p1p2r/2PpP1P1/4pR2/6P1/PP2B3/5RK1 b - - 0 26,h6g6 f4f8 g8g7 f1f7,937,93,95,1075,endgame kingsideAttack mate mateIn2 short,https://lichess.org/QjQuIYAv/black#52,,True,https://lichess.org/training/GdYkZ
TkMQk,8/4R2p/5kp1/p1pr1p2/P6P/5P2/2r2P2/4R1K1 b - - 0 31,d5d2 e1e6,937,76,99,613,endgame mate mateIn1 oneMove rookEndgame,https://lichess.org/3AQJM5uB/black#62,,True,https://lichess.org/training/TkMQk
ngaPE,4k3/1p1R1p2/p4r2/6K1/6P1/r7/8/3R4 b - - 14 49,f6e6 d7d8 e8e7 d1d7,937,76,98,1092,endgame mate mateIn2 rookEndgame short,https://lichess.org/bjgZkXzt/black#98,,True,https://lichess.org/training/ngaPE
5LExl,5k1r/ppQ5/6nr/4P3/1PP2Pp1/P5b1/3R1R1P/6K1 w - - 0 30,h2g3 h6h1 g1g2 h8h2,938,93,94,621,endgame mate mateIn2 short,https://lichess.org/Vnv8kpvC#59,,True,https://lichess.org/training/5LExl
2tRzh,1k5r/ppp5/8/8/2N2pP1/5R2/P6r/2R3K1 w - - 5 31,c1c3 h2h1 g1g2 h8h2,938,87,92,245,endgame mate mateIn2 short,https://lichess.org/XhWrvt4j#61,,True,https://lichess.org/training/2tRzh
HOQBE,8/6pk/R4p1p/3p4/3P4/B4P2/Pr2r2P/2R1K3 w - - 6 38,e1d1 b2d2,938,87,95,323,endgame mate mateIn1 oneMove,https://lichess.org/1iKUuFd7#75,,True,https://lichess.org/training/HOQBE
bL7yh,6k1/r4p2/2ppr1P1/4p1P1/p1P1P3/Pp1P4/1P5R/2K4R b - - 0 33,e6g6 h2h8 g8g7 h1h7,938,85,85,132,endgame mate mateIn2 rookEndgame short,https://lichess.org/NZa3Lv3f/black#66,,True,https://lichess.org/training/bL7yh
W6TnA,6rk/5pr1/4p1qp/3p1p1b/1P1P1P2/2PBR2P/R5P1/4Q1K1 w - - 0 31,e1h4 g6g2 a2g2 g7g2 g1f1 g2g1 f1f2 g8g2,939,77,96,777,kingsideAttack mate mateIn4 middlegame sacrifice veryLong,https://lichess.org/14yA5qGa#61,,True,https://lichess.org/training/W6TnA
hP7wF,3rr1k1/p4p2/1p4p1/2pPP1P1/2PQB3/7R/5PK1/q6R b - - 1 32,a1d4 h3h8 g8g7 h1h7,939,84,93,376,endgame mate mateIn2 short,https://lichess.org/DMAjRhv6/black#64,,True,https://lichess.org/training/hP7wF
OXsDD,8/4Ppk1/6p1/3Q4/3P3P/6b1/5r2/2r2BK1 w - - 3 45,e7e8q c1f1,939,78,86,97,endgame mate mateIn1 oneMove,https://lichess.org/GWaAXSJU#89,,True,https://lichess.org/training/OXsDD
gOuXL,6k1/4R1pp/p7/1p6/3P2P1/6N1/PPr3r1/4R1K1 w - - 0 29,g1f1 c2f2,939,92,94,361,endgame mate mateIn1 oneMove,https://lichess.org/nsXTzkut#57,,True,https://lichess.org/training/gOuXL
TrAY8,r5k1/5r1p/4p1Q1/q2pPpP1/2pP4/p1P5/P1bB1KPR/7R b - - 0 31,h7g6 h2h8 g8g7 h1h7,939,98,96,1355,kingsideAttack mate mateIn2 middlegame short,https://lichess.org/padOU0tw/black#62,,True,https://lichess.org/training/TrAY8
xaGhR,6k1/pp3p2/3prPpR/8/6p1/1b1K4/1Pr2P2/7R b - - 3 30,e6f6 h6h8 g8g7 h1h7,939,77,78,252,endgame mate mateIn2 short,https://lichess.org/Q7JXKbIn/black#60,,True,https://lichess.org/training/xaGhR
Iv6X4,1r3r2/6kR/3p4/p1pPp1p1/P3Pp2/1P3Pp1/6K1/7R b - - 9 36,g7g6 h1h6,939,94,95,2621,endgame mate mateIn1 oneMove rookEndgame,https://lichess.org/AdN88BOA/black#72,,True,https://lichess.org/training/Iv6X4
VAO2v,7r/2b3k1/p4p2/Pp1p2p1/1Pp3p1/2B1P1Pr/1Q3P1P/2R1N1Kq w - - 2 33,g1h1 h3h2 h1g1 h2h1 g1g2 h8h2,940,81,94,1409,kingsideAttack long mate mateIn3 middlegame,https://lichess.org/GKVBIAmX#65,,True,https://lichess.org/training/VAO2v
9pPdt,8/5pkp/6p1/2P2p2/3R4/3P1KP1/r2r1P1P/5R2 w - - 1 30,f1c1 d2f2 f3e3 a2e2,940,89,94,1599,endgame mate mateIn2 rookEndgame short,https://lichess.org/6ooUnKVl#59,,True,https://lichess.org/training/9pPdt
uI98x,6k1/ppp3pp/4R3/8/6PP/2P2P2/Pr4r1/4R1K1 w - - 1 26,g1f1 b2f2,940,85,95,439,endgame mate mateIn1 oneMove rookEndgame,https://lichess.org/tku1pk5K#51,,True,https://lichess.org/training/uI98x
tjI3w,4r1k1/7p/N1p3p1/1p6/1P1P4/P3rPP1/6P1/2R2K2 w - - 1 36,c1c6 e3e1 f1f2 e8e2,940,111,76,232,endgame mate mateIn2 short,https://lichess.org/5KpT344J#71,,True,https://lichess.org/training/tjI3w
JrFvj,5rk1/R2R2p1/7p/8/6PP/8/5r1K/8 w - - 1 40,h2g3 f8f3,940,76,99,929,endgame mate mateIn1 oneMove rookEndgame,https://lichess.org/T6wF4Acr#79,,True,https://lichess.org/training/JrFvj
CYEkv,r4rk1/p4pnR/4p3/1p1b4/2pP4/2P5/PPB2P1P/2K3R1 b - - 3 25,f7f5 g1g7,941,77,100,249,kingsideAttack mate mateIn1 middlegame oneMove,https://lichess.org/220znkFG/black#50,,True,https://lichess.org/training/CYEkv
Hvyzd,5rk1/ppR3R1/7p/8/8/Pb4P1/1r1p1P1P/6K1 b - - 3 31,g8h8 g7h7 h8g8 c7g7,942,89,95,560,endgame mate mateIn2 short,https://lichess.org/YgJLkbAJ/black#62,,True,https://lichess.org/training/Hvyzd
P5H2Z,4R3/1p3pkp/p5p1/2N5/5P2/1P6/r5rP/4R1K1 w - - 0 33,g1f1 a2f2,942,81,96,2855,endgame mate mateIn1 oneMove,https://lichess.org/tjRjjBJ5#65,,True,https://lichess.org/training/P5H2Z
Arcou,4r1k1/2R3Rp/5p2/p1p5/P4r2/8/6PP/6K1 b - - 0 30,g8f8 c7f7,943,77,97,1097,endgame mate mateIn1 oneMove rookEndgame,https://lichess.org/lBNnkPXv/black#60,,True,https://lichess.org/training/Arcou
dx3qW,4r1k1/7p/1Rp3p1/Q1Pp1p1n/P2P1P2/3PqK2/4rB1P/4R3 w - - 5 32,f2e3 e8e3,943,77,96,2030,master mate mateIn1 middlegame oneMove,https://lichess.org/7djYlaUs#63,,True,https://lichess.org/training/dx3qW
k97bi,1r6/3R2pp/p3kp2/1r6/2p4N/b1P1P3/PP1R1P1P/2K5 w - - 6 27,b2a3 b5b1 c1c2 b8b2,943,78,100,99,endgame mate mateIn2 queensideAttack short,https://lichess.org/PouSMmsJ#53,,True,https://lichess.org/training/k97bi
UcbBX,5k2/r3r1p1/pppqpQ2/3p3p/1P1P3P/4PPR1/P2B1P2/2K3R1 b - - 0 24,g7f6 g3g8 f8f7 g1g7,944,83,88,153,endgame mate mateIn2 short,https://lichess.org/k7R1Jo0N/black#48,,True,https://lichess.org/training/UcbBX
Dkxq0,1k4r1/p6p/pr6/2R2p2/4b3/KP6/8/2R2B2 b - - 3 41,g8g3 c5c8 b8b7 c1c7,944,94,93,402,endgame mate mateIn2 short,https://lichess.org/XVXf7gNx/black#82,,True,https://lichess.org/training/Dkxq0
1UdvC,1r2r1kQ/pbpn1pb1/1p1q2p1/4p1P1/3P4/3B1N1R/PPP2PP1/2K4R b - - 3 20,g7h8 h3h8 g8g7 h1h7,944,78,83,178,kingsideAttack master mate mateIn2 middlegame short,https://lichess.org/QK8hTjEb/black#40,,True,https://lichess.org/training/1UdvC
fexDK,2kr4/ppp2ppp/2n5/8/1P6/2n2N2/4rPPP/Q1B1K2R w K - 0 17,e1f1 d8d1 f3e1 d1e1,944,141,54,30,mate mateIn2 middlegame short,https://lichess.org/XGcMVt4k#33,Scandinavian_Defense Scandinavian_Defense_Icelandic-Palme_Gambit,True,https://lichess.org/training/fexDK
eRoli,8/5r1k/5r1p/pp1Q4/2pRp1p1/P1P1q1P1/1P3P2/4KR2 w - - 0 41,f2e3 f6f1 e1e2 f7f2,944,92,88,255,endgame mate mateIn2 queenRookEndgame short,https://lichess.org/SwxIXOO9#81,,True,https://lichess.org/training/eRoli
wqweN,1k1r4/1R3R1p/8/8/8/1K1p4/PP5r/8 b - - 0 37,b8c8 f7c7,945,76,93,153,endgame mate mateIn1 oneMove rookEndgame,https://lichess.org/0TI4xqJF/black#74,,True,https://lichess.org/training/wqweN
f8hRL,5k2/1r2rq2/5p2/p1p1pP1Q/PpPpP3/1P1P4/5KR1/6R1 b - - 1 36,f7h5 g2g8 f8f7 g1g7,946,78,88,277,endgame mate mateIn2 queenRookEndgame short,https://lichess.org/4xYqewlE/black#72,,True,https://lichess.org/training/f8hRL
ysM5d,7r/pkp1R3/1p6/1N3p2/5Pr1/5N1K/PP3P2/3R4 w - - 1 33,f3h4 h8h4,946,77,100,216,endgame mate mateIn1 oneMove,https://lichess.org/DGFeMXct#65,,True,https://lichess.org/training/ysM5d
BrU7N,2Q5/6pk/6rp/4p3/P1PpP2P/1P1P4/6rK/8 w - - 0 45,h2h3 g6g3,946,75,98,449,endgame mate mateIn1 oneMove queenRookEndgame,https://lichess.org/vZX5DwoA#89,,True,https://lichess.org/training/BrU7N
OhfPw,6k1/5pp1/4p2p/3pP3/3R1P1P/1pP2RP1/1P1K4/r3r3 w - - 6 31,d4b4 a1d1,946,89,95,777,endgame mate mateIn1 oneMove rookEndgame,https://lichess.org/qdaz7vyd#61,,True,https://lichess.org/training/OhfPw
D1cY7,8/p1RP4/6kp/6p1/PPP5/6P1/1r3r1P/3R1K2 w - - 3 46,f1e1 b2e2,946,77,70,92,endgame mate mateIn1 oneMove rookEndgame,https://lichess.org/pbBmqxXL#91,,True,https://lichess.org/training/D1cY7
pGX9k,8/2k5/8/p6R/2p4P/2P5/r5r1/4R1K1 w - - 2 35,g1f1 a2f2,946,87,92,1784,endgame mate mateIn1 oneMove rookEndgame,https://lichess.org/8VNYaokz#69,,True,https://lichess.org/training/pGX9k
dEobR,8/1N3kpp/4p3/8/1P6/P2R1P1P/2r3r1/4R1K1 w - - 4 31,g1f1 c2f2,947,88,96,426,endgame mate mateIn1 oneMove,https://lichess.org/dQyiAnlf#61,,True,https://lichess.org/training/dEobR
lYeaJ,5R2/2p3k1/1p1p3p/r3pR1P/p5r1/PbN1K3/1P6/8 b - - 1 38,d6d5 f5f7,947,78,93,2418,endgame mate mateIn1 oneMove,https://lichess.org/BipRmyB7/black#76,,True,https://lichess.org/training/lYeaJ
iVaiR,4r1k1/3R2R1/6p1/p4p2/r7/3p1PK1/5P2/8 b - - 6 47,g8f8 d7f7,947,90,94,1094,endgame master mate mateIn1 oneMove rookEndgame,https://lichess.org/hJrEUZI2/black#94,,True,https://lichess.org/training/iVaiR
aRDoV,r4rk1/1b6/p2qppp1/1p1p4/5P2/1PPBP1PR/1P1K2P1/7R b - - 1 20,f8f7 h3h8 g8g7 h1h7,947,76,97,1769,kingsideAttack mate mateIn2 middlegame short,https://lichess.org/avo8jn7a/black#40,,True,https://lichess.org/training/aRDoV
zQx7j,4r1k1/2R3Rp/pp1p2p1/3P4/1PP3P1/3n4/P5KP/4r3 b - - 5 26,g8f8 c7f7,948,76,91,460,endgame mate mateIn1 oneMove,https://lichess.org/PT4zimbk/black#52,,True,https://lichess.org/training/zQx7j
z62p2,3k4/R7/8/8/8/5P1P/r5r1/4R1K1 w - - 2 50,g1f1 a2f2,948,81,94,1091,endgame master mate mateIn1 oneMove rookEndgame,https://lichess.org/0j6zCGs3#99,,True,https://lichess.org/training/z62p2
dvJW8,7R/3rn1Rp/b1r2p2/P2pp2k/8/8/5P2/6K1 b - - 1 44,h5h6 h8h7,948,76,99,1702,endgame mate mateIn1 oneMove,https://lichess.org/pUQCUZeN/black#88,,True,https://lichess.org/training/dvJW8
6eS8C,3Qbk1r/p7/7r/3R4/P1P1B3/5Pq1/5R1P/6K1 w - - 0 44,h2g3 h6h1 g1g2 h8h2,948,79,86,51,mate mateIn2 middlegame short,https://lichess.org/ufhEEiII#87,,True,https://lichess.org/training/6eS8C
rhzNS,6k1/5r1p/p2b2BR/1p1Pp1P1/2p5/4qP2/PP6/1K5R b - - 0 28,h7g6 h6h8 g8g7 h1h7,948,77,66,125,endgame mate mateIn2 short,https://lichess.org/G9GCMoXe/black#56,,True,https://lichess.org/training/rhzNS
57Y5N,2k1r3/1R3R1p/2n2p2/3K4/3p1P2/6r1/8/8 b - - 3 49,c6d8 f7c7,949,95,92,133,endgame mate mateIn1 oneMove,https://lichess.org/AGav0rf8/black#98,,True,https://lichess.org/training/57Y5N
6WhY9,7r/pp1b1pkr/6p1/8/2pPPN2/2P2Pq1/P1Q2R1P/1R4K1 w - - 0 25,h2g3 h7h1 g1g2 h8h2,949,79,100,82,kingsideAttack master mate mateIn2 middlegame short,https://lichess.org/ItoSnWyW#49,,True,https://lichess.org/training/6WhY9
gV9u2,k5r1/pbp4Q/1p6/4N3/2P2P2/P3P3/6r1/4RK2 w - - 4 31,e1e2 g2g1 f1f2 g8g2,949,76,100,136,endgame mate mateIn2 short,https://lichess.org/xzv34LAV#61,,True,https://lichess.org/training/gV9u2
LI20W,7k/pp6/4R2p/8/8/5P2/PPr3rP/1R3K2 w - - 0 26,b1e1 c2f2,949,76,100,1017,endgame mate mateIn1 oneMove rookEndgame,https://lichess.org/IoRosa0u#51,,True,https://lichess.org/training/LI20W
3bQse,1k3r2/ppp5/4Q3/1PP1b2p/4q1pP/6P1/P3Rr1B/6K1 w - - 0 29,e2e4 f2f1 g1g2 f8f2,949,89,93,596,endgame mate mateIn2 short,https://lichess.org/yzqLNCDe#57,,True,https://lichess.org/training/3bQse
OTHGn,R2R4/2r2p1k/4p1p1/2B1P2p/2r5/7P/5PP1/6K1 b - - 0 42,c7c5 d8h8 h7g7 a8g8,950,78,98,536,endgame mate mateIn2 rookEndgame short,https://lichess.org/jVIRkGVZ/black#84,,True,https://lichess.org/training/OTHGn
6XEBr,4r1k1/1R4R1/p1p3p1/7p/7P/r5P1/6K1/8 b - - 1 38,g8f8 b7f7,950,83,94,141,endgame mate mateIn1 oneMove rookEndgame,https://lichess.org/kjwEWtAA/black#76,,True,https://lichess.org/training/6XEBr
L6FUO,RR6/1p1r1p1k/2p2Pp1/7p/8/1P1P1r2/1PP4P/7K b - - 5 30,f3f6 b8h8 h7g7 a8g8,950,81,79,86,endgame mate mateIn2 rookEndgame short,https://lichess.org/LUlHWqmG/black#60,,True,https://lichess.org/training/L6FUO
Gx8pb,6k1/6p1/3p3p/5p2/PP1P4/2P1RP1P/3r2r1/1R3K2 w - - 3 30,b1e1 d2f2,950,77,84,239,endgame mate mateIn1 oneMove rookEndgame,https://lichess.org/MrrLF2fv#59,,True,https://lichess.org/training/Gx8pb
vUJLB,5k2/2N1bp1p/8/6R1/2pPp3/2N1P1PP/4QP1K/rr6 w - - 1 43,h3h4 b1h1 h2g2 a1g1,950,76,100,224,mate mateIn2 middlegame short,https://lichess.org/yMPsv8Mn#85,,True,https://lichess.org/training/vUJLB
FUzSN,1r4kQ/1rq2pb1/p3p1p1/2p1P3/3p1PP1/PPN4R/2nB2K1/7R b - - 1 27,g7h8 h3h8 g8g7 h1h7,950,79,93,247,kingsideAttack mate mateIn2 middlegame short,https://lichess.org/cKT7Z4M5/black#54,,True,https://lichess.org/training/FUzSN
Nm4E0,8/R5R1/p4rk1/1p2p1r1/2p1P3/P1P5/1Pn4K/8 b - - 0 43,g6h6 g7h7 h6g6 a7g7,950,76,100,223,endgame mate mateIn2 short,https://lichess.org/SZYeyI1y/black#86,,True,https://lichess.org/training/Nm4E0
JYLpV,1r4k1/pr3p2/2p3p1/3p2P1/2pP3P/q1P1PQ2/1P1R4/2K2R2 w - - 0 29,b2a3 b7b1 c1c2 b8b2,950,80,94,1647,endgame mate mateIn2 queenRookEndgame queensideAttack short,https://lichess.org/c3a65imb#57,,True,https://lichess.org/training/JYLpV
KzY2Z,6k1/5ppp/p7/3B4/2p1b3/P1P1R2P/Pr4r1/4RK2 w - - 3 32,d5e4 b2f2,950,79,64,61,endgame mate mateIn1 oneMove,https://lichess.org/Ewvtn0CG#63,,True,https://lichess.org/training/KzY2Z
MiHlf,8/4Rkbp/p2r1rp1/1p6/3P1P2/1PP2P2/P6P/4R1K1 b - - 1 31,f7f8 e7e8 f8f7 e1e7,950,106,54,18,endgame mate mateIn2 short,https://lichess.org/X1TYTkG0/black#62,,True,https://lichess.org/training/MiHlf
hJvO5,3r4/4R3/1n4pk/8/6Pp/4PB1P/P1R1KP2/3r4 w - - 3 38,c2c5 d8d2,951,77,100,210,endgame mate mateIn1 oneMove,https://lichess.org/x9f4l9o1#75,,True,https://lichess.org/training/hJvO5
ilVWa,k4r2/8/8/2p4p/1p1pP2P/3R2P1/5r2/2R1K3 w - - 4 43,c1c5 f2f1 e1e2 f8f2,951,79,89,134,endgame mate mateIn2 rookEndgame short,https://lichess.org/dhUHQWnA#85,,True,https://lichess.org/training/ilVWa
IUb9N,4Q3/3P3k/p5p1/5p1p/2P5/4PP1P/1r3r2/2RR1K2 w - - 3 48,f1e1 b2e2,951,96,94,321,endgame mate mateIn1 oneMove queenRookEndgame,https://lichess.org/9WQlhcFc#95,,True,https://lichess.org/training/IUb9N
kVY2v,6k1/5pp1/2R4p/3p4/3NP3/4P3/r5rP/4R1K1 w - - 0 30,g1f1 a2f2,951,77,96,856,endgame master mate mateIn1 oneMove,https://lichess.org/FZWHKmnK#59,,True,https://lichess.org/training/kVY2v
7LVqp,1k1Q3r/pbR5/1p5p/nN3Pp1/q7/8/6PP/3R2K1 b - - 1 31,h8d8 d1d8 b7c8 d8c8,951,83,92,126,mate mateIn2 middlegame short,https://lichess.org/h6oufGZh/black#62,,True,https://lichess.org/training/7LVqp
8xtBr,6R1/1pp4k/p2pB2p/8/P2p4/3Pq3/1P6/5KR1 b - - 3 34,e3e6 g1g7,951,78,98,1829,endgame mate mateIn1 oneMove queenRookEndgame,https://lichess.org/srdQHRPm/black#68,,True,https://lichess.org/training/8xtBr
cGQmt,5B2/1R4pk/5p1p/3p4/3P1P2/6P1/2r3rP/4R1K1 w - - 13 50,g1f1 c2f2,952,96,94,348,endgame mate mateIn1 oneMove,https://lichess.org/wmKH1E23#99,,True,https://lichess.org/training/cGQmt
QJDSa,r3r3/pp6/2b4R/4Ppk1/2P1p1p1/1P2P1P1/P4KP1/7R b - - 5 29,e8e5 h1h5,952,86,95,1182,endgame mate mateIn1 oneMove,https://lichess.org/1uwBYsrw/black#58,,True,https://lichess.org/training/QJDSa
O1SdY,5k2/1p4R1/p4b1p/8/3B4/6P1/PPr3rP/4RK2 w - - 4 31,d4f6 c2f2,952,79,77,84,endgame master mate mateIn1 oneMove,https://lichess.org/izyuTfX0#61,,True,https://lichess.org/training/O1SdY
RrEr3,1k1r4/pR2R3/1p1r2p1/5p1p/8/1P6/P2p1PPP/3K4 b - - 1 33,b8c8 e7c7,952,89,94,463,endgame mate mateIn1 oneMove rookEndgame,https://lichess.org/uGDP13YB/black#66,,True,https://lichess.org/training/RrEr3
hUEo1,6r1/p1p4k/1pR5/4P3/1P3R1P/P7/1B4rK/8 w - - 3 46,h2h3 g8g3,952,96,95,851,endgame mate mateIn1 oneMove,https://lichess.org/ZB1nUFOs#91,,True,https://lichess.org/training/hUEo1
NWIvu,1r1r4/1PR3Rk/4p3/4K1p1/8/8/8/8 b - - 0 50,h7h6 g7h7 h6g6 c7g7,952,76,80,172,endgame mate mateIn2 rookEndgame short,https://lichess.org/SMFJ0OcN/black#100,,True,https://lichess.org/training/NWIvu
XF7X7,3r2k1/p2q1r1p/1p2p1Q1/4Pp2/3p4/P1P4R/3K1PP1/7R b - - 0 26,h7g6 h3h8 g8g7 h1h7,953,78,85,142,endgame mate mateIn2 queenRookEndgame short,https://lichess.org/dFdDQlGJ/black#52,,True,https://lichess.org/training/XF7X7
UUiCw,6k1/2pN2p1/1pNn2Pp/1P1R4/8/2P3P1/r5r1/4R1K1 w - - 2 36,g1f1 a2f2,953,76,85,92,master mate mateIn1 middlegame oneMove,https://lichess.org/aUVFilT9#71,,True,https://lichess.org/training/UUiCw
IeZ0I,2r3k1/6pp/5p2/1p6/1P1np3/2r3B1/pK1R1PPP/R7 w - - 2 31,d2d4 c3c2 b2b3 c8c3,953,86,92,402,endgame mate mateIn2 short,https://lichess.org/SUlxBz7d#61,,True,https://lichess.org/training/IeZ0I
PIpOo,1r4k1/3n1r1p/2p1b1Q1/q3p1P1/N1PpP3/pP1B1P2/P1K4R/7R b - - 0 26,h7g6 h2h8 g8g7 h1h7,953,76,99,4565,kingsideAttack mate mateIn2 middlegame short,https://lichess.org/xbXyNlny/black#52,,True,https://lichess.org/training/PIpOo
r7Wqu,7r/2pk1p1r/1p2pQp1/p3P3/3P2R1/5P1q/PP3PRP/7K w - - 18 31,g4g3 h3h2 g2h2 h7h2 h1g1 h2h1 g1g2 h8h2,953,81,84,751,endgame kingsideAttack mate mateIn4 sacrifice veryLong,https://lichess.org/xxi8qJu0#61,,True,https://lichess.org/training/r7Wqu
4tOxh,r5k1/1b1n1r1p/p3p1B1/1p2P1b1/2p5/2P5/qP1NQPPR/2K4R b - - 0 21,h7g6 h2h8 g8g7 h1h7,953,86,93,1495,kingsideAttack mate mateIn2 middlegame short,https://lichess.org/lSK5TxfY/black#42,,True,https://lichess.org/training/4tOxh
PAuTb,2r5/p2R1k1p/5pp1/4p3/2b3P1/1Pr2P2/P1PR1K1P/8 b - - 1 37,f7e6 d2d6,954,82,92,637,endgame mate mateIn1 oneMove,https://lichess.org/TjsEoh2X/black#74,,True,https://lichess.org/training/PAuTb
Ci3nU,r5k1/1p3p2/p2p1rpR/2p5/8/3P1P2/PP6/1K5R b - - 1 28,a8a7 h6h8 g8g7 h1h7,954,92,77,27,endgame mate mateIn2 rookEndgame short,https://lichess.org/7mRXBgr5/black#56,,True,https://lichess.org/training/Ci3nU
bQUsc,1k6/1pp4Q/1p6/8/8/1P4P1/P2r2r1/4R1K1 w - - 0 37,g1f1 d2f2,954,77,94,898,endgame mate mateIn1 oneMove queenRookEndgame,https://lichess.org/sObdMmV1#73,,True,https://lichess.org/training/bQUsc
RON4D,3r2kR/ppp2p2/3r2p1/6P1/4Pp2/2PB1P2/b1P5/2K4R b - - 3 22,g8g7 h1h7,954,92,93,1019,endgame mate mateIn1 oneMove,https://lichess.org/bgxnAy3u/black#44,,True,https://lichess.org/training/RON4D
Mfm3p,2r1r1k1/5bp1/pp1p1p2/5P2/1PnpP2R/3P1B2/7R/6K1 b - - 1 35,g7g5 h4h8 g8g7 h2h7,955,84,95,677,mate mateIn2 middlegame short,https://lichess.org/MBLgw9MR/black#70,,True,https://lichess.org/training/Mfm3p
tp2TI,2k5/p4r2/2p5/8/2P5/2RP2RP/P5p1/5rK1 w - - 2 43,g1g2 f7f2,955,75,95,927,endgame master mate mateIn1 oneMove rookEndgame,https://lichess.org/ihhcHVLP#85,,True,https://lichess.org/training/tp2TI
b68kB,2rk4/1p2R3/3Bp2p/p2pP2P/b7/P5R1/KP6/3q4 b - - 3 37,c8c2 g3g8 a4e8 g8e8,955,77,100,304,endgame mate mateIn2 short,https://lichess.org/kmcJ3B0M/black#74,,True,https://lichess.org/training/b68kB
H8WZ6,2r1r1k1/1R4R1/p2p1p2/8/n7/1p3P2/2N4P/1K6 b - - 1 41,g8f8 b7f7,955,85,95,842,endgame mate mateIn1 oneMove,https://lichess.org/jbvsEbFG/black#82,,True,https://lichess.org/training/H8WZ6
ZXwu4,k6r/1b6/p3p3/2p1p1Q1/P1P5/6P1/1P3PK1/5R1r w - - 0 33,f2f3 h8h2,955,85,93,65,endgame mate mateIn1 oneMove,https://lichess.org/0AmsamzS#65,,True,https://lichess.org/training/ZXwu4
FsyFD,r4kr1/4Rp1p/4n1p1/3pP3/7B/8/P6P/5RK1 b - - 7 28,g6g5 f1f7,955,78,88,155,endgame master mate mateIn1 oneMove,https://lichess.org/KWX4YChs/black#56,,True,https://lichess.org/training/FsyFD
SIYO9,8/RP6/5pk1/3P2p1/4P2p/7P/2r3r1/4R1K1 w - - 0 46,g1f1 c2f2,956,77,88,264,endgame mate mateIn1 oneMove rookEndgame,https://lichess.org/xxtbg8ND#91,,True,https://lichess.org/training/SIYO9
Os5Tj,1k1r4/1R5R/2p1b2p/1p4p1/8/1P3P2/P2r3P/6K1 b - - 2 30,b8c8 h7c7,956,83,96,187,endgame mate mateIn1 oneMove,https://lichess.org/YY6JfTEw/black#60,,True,https://lichess.org/training/Os5Tj
1TOpd,5r1k/1p4bp/8/3Qp3/8/2P1q1PP/1P2Rr1B/6K1 w - - 0 32,e2e3 f2f1 g1g2 f8f2,956,108,54,17,endgame mate mateIn2 short,https://lichess.org/JUZEgdOi#63,,True,https://lichess.org/training/1TOpd
kZgp4,4r3/ppR4p/5Rp1/3P4/2Pk4/1P2r3/P7/3K4 w - - 1 35,c7b7 e3e1 d1d2 e8e2,956,76,96,1267,endgame mate mateIn2 rookEndgame short,https://lichess.org/P0pU4aVu#69,,True,https://lichess.org/training/kZgp4
CQvaM,1k6/2p5/1p3p2/1P2p2p/R5P1/2K1Pq2/3B4/R4b2 b - - 5 39,f3e2 a4a8 b8b7 a1a7,956,86,92,264,endgame mate mateIn2 short,https://lichess.org/XtJKDhwq/black#78,,True,https://lichess.org/training/CQvaM
QTL8f,6r1/7k/2R1R1r1/8/4pP2/4P3/5K2/8 w - - 19 49,f2f1 g6g1 f1f2 g8g2,957,89,90,362,endgame mate mateIn2 rookEndgame short,https://lichess.org/v0Jy7lsM#97,,True,https://lichess.org/training/QTL8f
1xl1c,8/1pk5/3Rb3/2p3Bp/4P2P/1P6/Pr3r2/1K1R4 w - - 1 38,b1c1 f2c2,957,83,94,372,endgame mate mateIn1 oneMove,https://lichess.org/RSnmu3Lp#75,,True,https://lichess.org/training/1xl1c
oWv47,8/P7/1knR4/8/8/1PR5/1KP5/1r3r2 w - - 9 63,b2a3 b1a1 a3b2 f1b1,957,74,100,174,endgame mate mateIn2 short,https://lichess.org/AJJqfLZu#125,,True,https://lichess.org/training/oWv47
JC6te,1k5r/p7/Qp1p3r/2pP4/4P1p1/1P4q1/P4R1P/3BR1K1 w - - 0 34,h2g3 h6h1 g1g2 h8h2,958,79,96,5320,endgame mate mateIn2 short,https://lichess.org/dprfZ92F#67,,True,https://lichess.org/training/JC6te
v6SwD,1Q6/7p/5k2/4p3/8/1R4P1/r2r3P/1R1K4 w - - 7 50,d1c1 a2c2,958,92,95,1135,endgame mate mateIn1 oneMove queenRookEndgame,https://lichess.org/mn6MGUEB#99,,True,https://lichess.org/training/v6SwD
9c7UF,6r1/2k5/4R2p/3p3R/7P/PNP5/1P4rK/8 w - - 0 37,h2h3 g8g3,958,90,95,649,endgame mate mateIn1 oneMove,https://lichess.org/8cI4aQa6#73,,True,https://lichess.org/training/9c7UF
zumVq,6k1/5r1R/2pqr1Q1/pp1p2P1/3Pp3/4b3/PPP1N3/1K5R b - - 0 30,e6g6 h7h8 g8g7 h1h7,958,77,99,1573,mate mateIn2 middlegame short,https://lichess.org/z3bHJ2xl/black#60,,True,https://lichess.org/training/zumVq
53VIF,6k1/ppn4r/2p5/4Pp2/PP4r1/5N1K/5P2/1R4R1 w - - 6 40,f3h4 h7h4,958,77,100,405,endgame mate mateIn1 oneMove,https://lichess.org/QhFZjRPx#79,,True,https://lichess.org/training/53VIF
Z6ivo,6kr/1p3pp1/p1p4r/P1Pp4/3PpN2/3bP1P1/1P1R4/R3B1K1 w - - 10 35,f4d3 h6h1 g1g2 h8h2,959,77,89,207,endgame kingsideAttack mate mateIn2 short,https://lichess.org/6jmQOsL8#69,,True,https://lichess.org/training/Z6ivo
FZl6w,5rk1/R5R1/8/rp6/5n2/6K1/5P1P/8 b - - 1 38,g8h8 g7h7 h8g8 a7g7,959,79,89,62,endgame mate mateIn2 short,https://lichess.org/bdLc7vCT/black#76,,True,https://lichess.org/training/FZl6w
kXwc8,r5k1/5pp1/r6p/8/1p2R2P/1P6/2P2B2/1K5R w - - 3 33,e4e1 a6a1 b1b2 a8a2,959,91,92,861,endgame mate mateIn2 short,https://lichess.org/7wDUo8y9#65,,True,https://lichess.org/training/kXwc8
kPSXe,4r1k1/p4p1p/1p3Rp1/3b4/5Q2/P2P2PP/4r3/2R2K2 w - - 9 29,c1c7 e2e1 f1f2 e8e2,959,76,100,137,endgame mate mateIn2 short,https://lichess.org/dgXrHWeV#57,,True,https://lichess.org/training/kPSXe
mWwx8,4r1k1/R5R1/2p4p/2r5/8/5K2/P5P1/8 b - - 5 57,g8f8 a7f7,960,79,93,140,endgame mate mateIn1 oneMove rookEndgame,https://lichess.org/p0ZnLdmU/black#114,,True,https://lichess.org/training/mWwx8
fnyL8,4kr2/pppR3R/4B1p1/1n2p3/4P3/3P4/PPPK1r2/8 w - - 10 29,d2e3 f8f3,960,78,96,4450,endgame mate mateIn1 oneMove,https://lichess.org/zKcugNHi#57,,True,https://lichess.org/training/fnyL8
gouux,4r1k1/1p1R2R1/p6p/P7/5p1P/5p2/1Pr5/7K b - - 7 44,g8f8 d7f7,960,77,95,539,endgame master mate mateIn1 oneMove rookEndgame,https://lichess.org/l2nPnTtK/black#88,,True,https://lichess.org/training/gouux
tFOqA,8/3r1k2/pR6/4R1p1/1P3pPp/P4P1P/8/3rK3 w - - 3 41,e1e2 d7d2,960,89,92,394,endgame mate mateIn1 oneMove rookEndgame,https://lichess.org/ngGTQORK#81,,True,https://lichess.org/training/tFOqA
0f9JL,k5r1/pR6/3N1p1p/1p2b2r/8/R6P/P4PP1/6K1 b - - 2 34,e5d6 a3a7,961,80,89,303,endgame mate mateIn1 oneMove,https://lichess.org/uy26HF4e/black#68,,True,https://lichess.org/training/0f9JL
Hi7ob,8/p4R1p/2p5/4k2K/3r2r1/8/PP3R1P/8 w - - 7 32,f7a7 g4h4 h5g5 d4g4,961,79,91,638,endgame mate mateIn2 rookEndgame short,https://lichess.org/CXc0Epmy#63,,True,https://lichess.org/training/Hi7ob
WGA7m,r2qr1kQ/pp3pb1/2p3p1/4p1P1/3pP3/1b1P4/PPP1N1PR/2K4R b - - 3 20,g7h8 h2h8 g8g7 h1h7,961,78,91,1069,kingsideAttack mate mateIn2 middlegame short,https://lichess.org/SuT8NX8w/black#40,,True,https://lichess.org/training/WGA7m
uCkFk,8/8/p5rp/3p2k1/r6p/5R2/P4RPK/8 b - - 1 47,d5d4 f3f5 g5g4 f2f4,961,80,100,51,endgame mate mateIn2 rookEndgame short,https://lichess.org/oFH1wv7Q/black#94,,True,https://lichess.org/training/uCkFk
l5aUF,5r1k/5pRp/pr3P2/1p1p4/4p2R/2P3P1/PP5P/6K1 b - - 4 29,b6f6 h4h7,961,76,97,3414,endgame mate mateIn1 oneMove rookEndgame,https://lichess.org/OESMLgHR/black#58,,True,https://lichess.org/training/l5aUF
ZRAys,2r3kQ/2qbnp1n/3p2p1/p2P2P1/1p2PP2/8/PP2B2R/1K1N3R b - - 0 27,g8h8 h2h7 h8g8 h7h8 g8g7 h1h7,961,85,82,301,exposedKing kingsideAttack long mate mateIn3 middlegame,https://lichess.org/YpwWvndT/black#54,,True,https://lichess.org/training/ZRAys
k3IhH,r4rk1/p1pn1p2/1p1p2p1/4pbP1/3P4/P1P2P2/2PKB2R/7R b - - 2 21,f8e8 h2h8 g8g7 h1h7,961,77,97,785,kingsideAttack mate mateIn2 middlegame short,https://lichess.org/h09SNzvd/black#42,,True,https://lichess.org/training/k3IhH
5lADg,8/6kp/PP4p1/8/4p3/7P/1r4r1/R3R1K1 w - - 0 43,g1f1 b2f2,961,82,94,648,endgame mate mateIn1 oneMove rookEndgame,https://lichess.org/A5RsKa56#85,,True,https://lichess.org/training/5lADg
aGSIJ,1k1b3r/p1p5/Pp1p4/1PBPpQ2/5pP1/5R2/5PKr/5R2 w - - 3 40,g2g1 h2h1 g1g2 h8h2,961,84,94,1423,kingsideAttack mate mateIn2 middlegame short,https://lichess.org/eDM7DuSt#79,,True,https://lichess.org/training/aGSIJ
6Nfl3,8/6pk/7p/7r/1P2p3/P1R2RP1/5P1r/6K1 w - - 0 36,f3e3 h2h1 g1g2 h5h2,962,86,75,79,endgame mate mateIn2 rookEndgame short,https://lichess.org/p2tAOU8f#71,,True,https://lichess.org/training/6Nfl3
EM4Sc,3r4/8/3r2p1/2R1Rn1p/P4k2/1P1B1P2/2P2P1P/4K3 w - - 5 34,d3f5 d6d1 e1e2 d8d2,962,79,90,352,endgame mate mateIn2 short,https://lichess.org/HuFo43Ey#67,,True,https://lichess.org/training/EM4Sc
xZpCn,4r1k1/1pR3R1/p3p1p1/4P2p/4pP2/PP5P/6r1/K7 b - - 2 32,g8f8 c7f7,962,87,91,984,endgame master mate mateIn1 oneMove rookEndgame,https://lichess.org/h7JjpRX3/black#64,,True,https://lichess.org/training/xZpCn
xWPVa,8/ppk4p/6p1/2p2p2/P1P1P3/1P5P/2r3r1/1R2RK2 w - - 0 29,e4f5 c2f2,962,79,100,120,endgame mate mateIn1 oneMove rookEndgame,https://lichess.org/EJSIeqg8#57,,True,https://lichess.org/training/xWPVa
lV7cP,8/1pR5/p4k2/6rp/3r1p1N/5P1K/PP6/7R w - - 2 35,c7b7 g5g3 h3h2 d4d2 h4g2 d2g2,962,77,98,1211,endgame exposedKing long mate mateIn3,https://lichess.org/qsT8wMX8#69,,True,https://lichess.org/training/lV7cP
uN2da,3rb1kb/p4q2/1p1p2p1/3Np2n/4P3/1P3PQR/P1P5/2K4R b - - 1 26,h5g3 h3h8 g8g7 h1h7,963,78,95,2337,kingsideAttack mate mateIn2 middlegame short,https://lichess.org/pveOuP0L/black#52,,True,https://lichess.org/training/uN2da
0I6Q7,4r1k1/1R4R1/2p5/4rp2/p5p1/7P/2P3P1/7K b - - 2 37,g8f8 b7f7,963,87,93,2467,endgame mate mateIn1 oneMove rookEndgame,https://lichess.org/VRFq5tXn/black#74,,True,https://lichess.org/training/0I6Q7
Ys8sy,4r1kQ/ppp1rqb1/1n1p2p1/5pP1/3P1Pn1/2PB4/PP1N1B1R/1K5R b - - 11 24,g7h8 h2h8 g8g7 h1h7,963,76,88,269,kingsideAttack mate mateIn2 middlegame short,https://lichess.org/Nhldb23S/black#48,,True,https://lichess.org/training/Ys8sy
fPyaz,2k3r1/pp6/1b1R4/1N2pq2/P3P3/8/1P3PPr/5RK1 w - - 0 28,e4f5 g8g2,963,85,96,287,endgame mate mateIn1 oneMove,https://lichess.org/sIfxwPnu#55,,True,https://lichess.org/training/fPyaz
9Ya1j,k4r2/2RR4/p7/N6p/6p1/6P1/P4rKP/8 w - - 2 41,g2g1 f2f1 g1g2 f8f2,963,117,82,27,endgame mate mateIn2 short,https://lichess.org/cunOxLUj#81,,True,https://lichess.org/training/9Ya1j
gIQAa,2kr4/1R5R/8/2p1p3/1pPp4/6K1/r7/8 b - - 15 49,d4d3 h7c7,963,76,96,1520,endgame master mate mateIn1 oneMove rookEndgame,https://lichess.org/n4gdVkrA/black#98,,True,https://lichess.org/training/gIQAa
ienN9,6k1/5pp1/4Q2p/2ppP3/5P2/2PPR3/r5rP/4R1K1 w - - 0 28,g1f1 a2f2,963,77,100,542,endgame mate mateIn1 oneMove queenRookEndgame,https://lichess.org/CKRmPSZZ#55,,True,https://lichess.org/training/ienN9
cgeVN,8/3R4/4B1pk/7p/8/5P2/1r4r1/4R1K1 w - - 2 44,g1f1 b2f2,963,77,97,1483,endgame master masterVsMaster mate mateIn1 oneMove,https://lichess.org/lFuKojBu#87,,True,https://lichess.org/training/cgeVN
D39cX,8/5pk1/1pR4p/8/P2P4/8/1r3rPP/3R1K2 w - - 0 27,f1e1 b2e2,963,77,96,662,endgame mate mateIn1 oneMove rookEndgame,https://lichess.org/hInP5gvV#53,,True,https://lichess.org/training/D39cX
vq4j2,5rk1/1pr5/p4pPR/4pP2/8/1b1P2K1/1P4P1/3n3R b - - 3 35,f8c8 h6h8 g8g7 h1h7,964,76,96,2581,endgame mate mateIn2 short,https://lichess.org/o1mMZxb7/black#70,,True,https://lichess.org/training/vq4j2
dzz5c,8/6R1/b4p1k/1p5p/p1pq3P/P7/BPP5/1K4R1 b - - 2 45,a6c8 g1g6,964,92,94,1208,endgame mate mateIn1 oneMove,https://lichess.org/3YR9mw2l/black#90,,True,https://lichess.org/training/dzz5c
FMpah,6r1/p5r1/1p1kpQ2/2pb4/2PPp3/4P3/PP2B1PP/6K1 w - - 1 33,c4d5 g7g2 g1f1 g2g1 f1f2 g8g2,964,84,94,1911,endgame fork long mate mateIn3,https://lichess.org/pGLsgfai#65,,True,https://lichess.org/training/FMpah
nDFjm,6rk/5R1p/1p6/pP1p4/P3p3/2P1P1rP/R3B3/6K1 w - - 0 32,g1f1 g3g1 f1f2 g8g2,964,76,100,229,endgame mate mateIn2 short,https://lichess.org/ZALOqYva#63,,True,https://lichess.org/training/nDFjm
1vSUe,1r1k4/4r3/4p1p1/2RpP1Pp/1N1PbP2/pP4P1/P7/K1R5 b - - 0 40,b8b4 c5c8 d8d7 c1c7,964,75,90,512,endgame mate mateIn2 short,https://lichess.org/jC0YYkPq/black#80,,True,https://lichess.org/training/1vSUe
whUbS,r7/2R3pp/3kpn2/3p4/5P2/b1RP3P/6P1/5K2 b - - 0 39,g7g6 c3c6,964,89,92,982,endgame mate mateIn1 oneMove,https://lichess.org/Zk3UzoEy/black#78,,True,https://lichess.org/training/whUbS
YXW1l,2k4r/Bp3p2/2b1p1p1/1P6/2R2P2/8/Pb4rP/5R1K w - - 0 27,b5c6 h8h2,965,77,94,1233,endgame mate mateIn1 oneMove,https://lichess.org/nzgKylqe#53,,True,https://lichess.org/training/YXW1l
6JMK0,5rk1/p3R2R/1p6/3p4/8/3B2PK/3q3P/8 b - - 5 36,d2d3 e7g7,965,87,95,168,endgame mate mateIn1 oneMove queenRookEndgame,https://lichess.org/DOP7B8LE/black#72,,True,https://lichess.org/training/6JMK0
YytV9,4R3/5k1p/8/p6P/Pp6/1Pp2B2/2r2rP1/2K1R3 w - - 6 38,c1d1 f2d2,965,85,95,5030,endgame mate mateIn1 oneMove,https://lichess.org/0qtZHFLE#75,,True,https://lichess.org/training/YytV9
kzKTP,4r1k1/pp1R2Rp/3p2p1/3P4/2P3P1/7P/PP2NK2/3q4 b - - 1 28,g8f8 d7f7,966,91,84,434,endgame mate mateIn1 oneMove,https://lichess.org/RDa7mXzZ/black#56,,True,https://lichess.org/training/kzKTP
uSzEA,4r1k1/R5Rp/6p1/5p2/2r5/6P1/P2K3P/8 b - - 1 37,g8f8 a7f7,966,76,100,70,endgame mate mateIn1 oneMove rookEndgame,https://lichess.org/nOaP83lY/black#74,,True,https://lichess.org/training/uSzEA
RhGSj,3k4/4p3/3pQ3/8/1P6/7P/1r4r1/4R1K1 w - - 0 38,g1f1 b2f2,966,80,87,124,endgame mate mateIn1 oneMove queenRookEndgame,https://lichess.org/cU3RKKzB#75,,True,https://lichess.org/training/RhGSj
sbAIO,4r1k1/R5R1/3p2p1/pp1K4/8/2P5/Pn6/4q3 b - - 1 43,g8f8 a7f7,966,85,100,332,endgame mate mateIn1 oneMove,https://lichess.org/9PIrJgnI/black#86,,True,https://lichess.org/training/sbAIO
hbWWD,r1k1r3/2R4R/6p1/p7/8/8/6PP/6K1 b - - 3 35,c8d8 h7d7,966,75,99,1933,endgame mate mateIn1 oneMove rookEndgame,https://lichess.org/kwklZhuZ/black#70,,True,https://lichess.org/training/hbWWD
1eD5q,1k2r2r/R1p5/1p6/2bP1P2/4NpPp/5qQK/R7/8 b - - 1 44,f3e4 a7a8 b8b7 a2a7,966,84,85,391,mate mateIn2 middlegame short,https://lichess.org/OMlhcVyx/black#88,,True,https://lichess.org/training/1eD5q
v6I5e,5k2/3p1p2/3P1N1p/2p1P3/5PR1/5PK1/r5r1/4R3 w - - 1 37,g3h4 g2h2 h4g3 a2g2,966,82,93,115,endgame mate mateIn2 short,https://lichess.org/FoIELb5C#73,,True,https://lichess.org/training/v6I5e
C3V1A,6k1/1p1N3p/8/6p1/5P2/2P5/r5rP/1R2R1K1 w - - 0 36,g1f1 a2f2,966,76,100,127,endgame mate mateIn1 oneMove,https://lichess.org/ch94C1zJ#71,,True,https://lichess.org/training/C3V1A
qQU2G,4r1k1/pR4R1/6pp/2pp4/7P/r5PK/P7/8 b - - 2 40,g8f8 b7f7,966,87,85,55,endgame mate mateIn1 oneMove rookEndgame,https://lichess.org/haPzQTWW/black#80,,True,https://lichess.org/training/qQU2G
FEcWA,2k5/1p3p1r/p1p5/P7/1P4r1/7p/2PR2P1/3R2K1 b - - 3 34,h3g2 d2d8 c8c7 d1d7,967,77,87,340,endgame mate mateIn2 rookEndgame short,https://lichess.org/nKnjXo10/black#68,,True,https://lichess.org/training/FEcWA
FAA8K,4rbR1/5pQk/pp2pp1p/4q3/2P5/5P1P/PP6/6RK b - - 1 35,f8g7 g1g7,967,76,100,1017,endgame master mate mateIn1 oneMove,https://lichess.org/uGRDakRk/black#70,,True,https://lichess.org/training/FAA8K
Hpcas,5k2/4Rbp1/p2r1p1p/1p3P2/6P1/8/6P1/4R1K1 b - - 2 37,f7b3 e7e8 f8f7 e1e7,967,93,89,77,endgame master mate mateIn2 short,https://lichess.org/5geSeMap/black#74,,True,https://lichess.org/training/Hpcas
LxNp2,4r3/6PQ/2kn4/pb4P1/1p6/1P6/P3r3/3K4 w - - 6 50,g7g8q e2e1 d1d2 e8e2,967,78,95,586,endgame mate mateIn2 short,https://lichess.org/wIsPIybo#99,,True,https://lichess.org/training/LxNp2
s69eT,8/3R3p/6pk/8/2P1P3/1P3P2/1r4rP/2K1R3 w - - 0 35,e1d1 g2c2,968,87,95,987,endgame mate mateIn1 oneMove rookEndgame,https://lichess.org/D4HZe2Wq#69,,True,https://lichess.org/training/s69eT
LuNtT,6k1/6pp/2p5/p1Pp1pP1/3PP3/3R1P1P/r5r1/4RK2 w - - 1 29,e4d5 a2f2,968,87,95,2329,endgame mate mateIn1 oneMove rookEndgame,https://lichess.org/fq7ghBaQ#57,,True,https://lichess.org/training/LuNtT
nIQBs,6k1/ppr1rN1R/6p1/3pP3/3P4/P3K3/8/7R b - - 0 33,e7f7 h7h8 g8g7 h1h7,968,81,95,1011,endgame mate mateIn2 rookEndgame short,https://lichess.org/HWNM2L4D/black#66,,True,https://lichess.org/training/nIQBs
tDL6S,1r6/p5kP/8/3pNp2/2p5/2P3P1/1rKQ4/3R3R w - - 3 35,c2c1 b2b1 c1c2 b8b2,968,88,93,5138,endgame mate mateIn2 short,https://lichess.org/sNwLJg1w#69,,True,https://lichess.org/training/tDL6S
CfveY,4r3/p7/2p2kR1/2Pp4/5p2/5P2/PP2r3/2K3R1 b - - 4 43,f6f5 g1g5,968,82,89,312,endgame master mate mateIn1 oneMove rookEndgame,https://lichess.org/xFaJjpbz/black#86,,True,https://lichess.org/training/CfveY
F2VM3,8/6pk/7p/1RP5/1P6/7P/1r4r1/4R1K1 w - - 11 51,g1f1 b2f2,968,86,95,620,endgame mate mateIn1 oneMove rookEndgame,https://lichess.org/MadvnVNo#101,,True,https://lichess.org/training/F2VM3
uDFr4,3r3k/R5pp/4Q3/5p2/2B5/4p1P1/P4rKP/8 w - - 0 37,g2g1 d8d1 c4f1 d1f1,968,85,94,1539,endgame mate mateIn2 short,https://lichess.org/6VfzHhxA#73,,True,https://lichess.org/training/uDFr4
8yNMx,6k1/7p/R7/1pp2p2/P7/2PP1KP1/1r2r2P/3R4 w - - 0 30,a4b5 e2f2 f3e3 b2e2,969,77,100,129,endgame mate mateIn2 rookEndgame short,https://lichess.org/snlmIBI5#59,,True,https://lichess.org/training/8yNMx
teKqB,r1b3k1/1ppq1r1p/p3p1QR/4P3/3P4/2P1P3/PP1K2P1/7R b - - 0 20,h7g6 h6h8 g8g7 h1h7,969,82,92,82,endgame kingsideAttack mate mateIn2 short,https://lichess.org/8QQeXjoH/black#40,,True,https://lichess.org/training/teKqB
4AoQb,2knR3/p2R1p1p/6p1/q1Np1n2/8/8/P1P2PPP/6K1 b - - 2 24,a5c5 e8d8,969,77,96,1404,endgame mate mateIn1 oneMove,https://lichess.org/Yc2T6P5a/black#48,,True,https://lichess.org/training/4AoQb
QR85p,8/3Rk3/5pp1/4p3/1pq1P1P1/8/pP1R4/K7 b - - 5 56,e7e6 d2d6,969,78,100,212,endgame master mate mateIn1 oneMove queenRookEndgame,https://lichess.org/gYg5ChtA/black#112,,True,https://lichess.org/training/QR85p
CZxpo,6kb/5p2/5P1p/8/8/P1P1Q1P1/1r4r1/5RK1 w - - 2 38,g1h1 g2h2 h1g1 b2g2,969,87,92,923,endgame mate mateIn2 short,https://lichess.org/pfyyCd0Q#75,,True,https://lichess.org/training/CZxpo
odX3B,8/kp6/p7/P1p1R3/2B4P/1PP3P1/3r2r1/4R1K1 w - - 3 37,g1f1 d2f2,969,86,88,191,endgame mate mateIn1 oneMove,https://lichess.org/pFelSINk#73,,True,https://lichess.org/training/odX3B
w7BPO,7r/pp3kp1/2p4r/8/2P3p1/1P1P2P1/P3NP2/3RR1K1 w - - 0 28,d3d4 h6h1 g1g2 h8h2,969,77,100,959,endgame mate mateIn2 short,https://lichess.org/rsHPveSd#55,,True,https://lichess.org/training/w7BPO
cvif0,1rr3k1/5p2/p2p2p1/q1nPp1PR/1n2P3/2N5/1PPQN3/1K5R b - - 0 25,c5e4 h5h8 g8g7 h1h7,969,79,95,2173,kingsideAttack mate mateIn2 middlegame short,https://lichess.org/E2Igct2e/black#50,,True,https://lichess.org/training/cvif0
I9gEa,8/8/4pkp1/6R1/5P2/6P1/1r4r1/4R1K1 w - - 5 40,g1f1 b2f2,970,77,100,151,endgame mate mateIn1 oneMove rookEndgame,https://lichess.org/pTaWR8hP#79,,True,https://lichess.org/training/I9gEa
1cdFq,8/1pkR2pp/p1p5/P1P5/1q6/2r1P3/5PPP/3RK3 b - - 1 33,c7c8 d7d8 c8c7 d1d7,970,78,89,339,endgame mate mateIn2 queenRookEndgame short,https://lichess.org/gx2DMK9u/black#66,,True,https://lichess.org/training/1cdFq
n3f3p,2r3k1/1R4R1/2pBp1p1/8/8/4q1PP/r4PK1/8 b - - 2 36,g8h8 g7h7 h8g8 b7g7,970,83,94,1146,endgame mate mateIn2 short,https://lichess.org/VtWSs5Yh/black#72,,True,https://lichess.org/training/n3f3p
FZdLl,Rb4k1/2p2p1p/8/P3P1p1/1P3K2/2P2P2/4r2r/1RB5 w - - 0 28,f4g3 e2g2,970,77,100,457,endgame mate mateIn1 oneMove,https://lichess.org/vab1alIy#55,,True,https://lichess.org/training/FZdLl
TgDuR,6k1/P5pp/8/4pp2/1P6/5P2/2r3rP/R3R1K1 w - - 0 30,g1f1 c2f2,970,86,85,108,endgame mate mateIn1 oneMove rookEndgame,https://lichess.org/Vjk9PVGu#59,,True,https://lichess.org/training/TgDuR
27vhK,4r3/5pkp/5p2/2RR1P2/3p4/3Kr3/2P3PP/8 w - - 1 31,d3d4 e8e4,970,76,99,1991,endgame master masterVsMaster mate mateIn1 oneMove rookEndgame,https://lichess.org/Yi3oYA7j#61,,True,https://lichess.org/training/27vhK
YzThY,6k1/p1r2p2/4rPp1/1pp1n3/3p2P1/PP6/2K4R/7R b - - 3 37,e6f6 h2h8 g8g7 h1h7,971,78,100,74,endgame mate mateIn2 short,https://lichess.org/gnRelWEB/black#74,,True,https://lichess.org/training/YzThY
NC3kO,4r1k1/5p1p/R7/1p3p2/2p2P2/2P2K1P/PP2r1P1/5R2 w - - 1 29,g2g3 e8e3,971,77,94,158,endgame mate mateIn1 oneMove rookEndgame,https://lichess.org/IJYkQykb#57,,True,https://lichess.org/training/NC3kO
IN8K4,8/3r4/Rp5p/4k3/8/6N1/PP1rK1PP/8 w - - 3 40,e2e3 d7d3,971,83,91,903,endgame mate mateIn1 oneMove,https://lichess.org/rvlk64o7#79,,True,https://lichess.org/training/IN8K4
LWkzj,7k/R7/1p5P/3p4/3P4/8/P1r3r1/4R1K1 w - - 2 39,g1f1 c2f2,971,92,94,2779,endgame mate mateIn1 oneMove rookEndgame,https://lichess.org/RThJjxzV#77,,True,https://lichess.org/training/LWkzj
zzywX,6k1/6pp/1p6/p2N4/P2N4/1P6/1r4rP/4R1K1 w - - 0 33,g1f1 b2f2,971,87,95,590,endgame mate mateIn1 oneMove,https://lichess.org/6IuuJRUv#65,,True,https://lichess.org/training/zzywX
1vVul,r1b5/1pp4k/3p2Rn/p2P4/3r1N2/2K5/PP6/7R b - - 3 30,d4f4 h1h6,972,77,90,747,endgame mate mateIn1 oneMove,https://lichess.org/MDpvWA2O/black#60,,True,https://lichess.org/training/1vVul
2GXrT,7R/4r1k1/6p1/1p3pP1/7R/2p1r2P/P5PK/8 b - - 3 44,e7e8 h4h7,972,81,95,127,endgame mate mateIn1 oneMove rookEndgame,https://lichess.org/gAQ7sRuC/black#88,,True,https://lichess.org/training/2GXrT
PyvLX,5r2/1p2r2k/p5Rp/2p2P2/8/P7/1PP2P2/1K5R b - - 0 37,f8f5 h1h6,972,77,99,547,endgame mate mateIn1 oneMove rookEndgame,https://lichess.org/JcsIH5YR/black#74,,True,https://lichess.org/training/PyvLX
yeW4J,8/1p5p/8/2Qp3P/1P3kP1/P1P5/2r2r2/2K1R3 w - - 5 61,c1d1 f2d2,972,77,95,844,endgame mate mateIn1 oneMove queenRookEndgame,https://lichess.org/UONR0mZM#121,,True,https://lichess.org/training/yeW4J
mYylD,2k5/ppp3R1/4p3/3p1r2/3P2K1/2P4P/PP3r2/6R1 w - - 5 34,g1g3 f2f4,972,78,95,1069,endgame mate mateIn1 oneMove rookEndgame,https://lichess.org/Ps7vIWN2#67,,True,https://lichess.org/training/mYylD
JvYY5,1r5k/3R2pp/2p1B3/brP5/p4P2/P4RP1/7P/2K5 w - - 9 33,f3d3 b5b1 c1c2 b8b2,973,76,97,3856,endgame mate mateIn2 short,https://lichess.org/A94qOVpI#65,,True,https://lichess.org/training/JvYY5
Ta5O1,8/pp1q1rpk/2p1p1RQ/4Pp2/5P1R/8/PPK2PP1/3r4 b - - 0 33,g7h6 h4h6,973,82,96,923,endgame mate mateIn1 oneMove queenRookEndgame,https://lichess.org/EyCPVgi4/black#66,,True,https://lichess.org/training/Ta5O1
1AVCl,4R1k1/1p4p1/2p2p1p/P1Pq2nP/6P1/5P2/6K1/4R3 b - - 0 40,g8f7 e1e7,973,87,94,585,endgame mate mateIn1 oneMove,https://lichess.org/he666dK0/black#80,,True,https://lichess.org/training/1AVCl
gvQIM,6r1/R7/5R1p/1P1kp3/7P/8/6rK/8 w - - 0 41,h2h3 g8g3,973,85,96,1514,endgame mate mateIn1 oneMove rookEndgame,https://lichess.org/niQQrAw6#81,,True,https://lichess.org/training/gvQIM
PBily,8/2R2Rkp/4p3/4K1p1/4P3/8/4r3/4r3 b - - 0 53,g7h6 f7h7 h6g6 c7g7,973,80,93,159,endgame mate mateIn2 rookEndgame short,https://lichess.org/AdKlIliQ/black#106,,True,https://lichess.org/training/PBily
JPBId,1k1r4/1R3R2/pp6/4r3/3p3p/1P1P4/P4K1P/8 b - - 1 35,b8c8 f7c7,973,75,97,1117,endgame mate mateIn1 oneMove rookEndgame,https://lichess.org/vh88c2TX/black#70,,True,https://lichess.org/training/JPBId
JLgYk,4r2k/2Q3p1/p2br2p/1p6/P4p2/2P2P1P/6P1/3R1K2 w - - 1 37,d1d6 e6e1 f1f2 e8e2,973,79,95,85,endgame mate mateIn2 queenRookEndgame short,https://lichess.org/1t2kZYO6#73,,True,https://lichess.org/training/JLgYk
H5mZB,r3rk2/pp3pRp/6B1/2nP4/2P5/P7/1P4PP/2K2R2 b - - 0 30,h7g6 f1f7,973,77,71,99,endgame master mate mateIn1 oneMove,https://lichess.org/phkQYoy6/black#60,,True,https://lichess.org/training/H5mZB
gOd4v,1nr3k1/p1q2r1p/1p2p1Q1/3p2P1/3P1P1R/6N1/PP4P1/1K5R b - - 0 22,h7g6 h4h8 g8g7 h1h7,974,84,91,563,kingsideAttack mate mateIn2 middlegame short,https://lichess.org/v3lCbB4M/black#44,,True,https://lichess.org/training/gOd4v
Bqjqh,4r1k1/1R4Rp/6p1/3p1p2/r7/4P3/5KPP/8 b - - 1 34,g8f8 b7f7,974,89,92,2492,endgame mate mateIn1 oneMove rookEndgame,https://lichess.org/4LV0xjHv/black#68,,True,https://lichess.org/training/Bqjqh
69z0J,1r2r1k1/p1R3Rp/5p2/2p5/8/2P2b2/P1P2P1P/6K1 b - - 0 22,g8f8 c7f7,974,83,94,408,endgame mate mateIn1 oneMove,https://lichess.org/yq5NavVt/black#44,,True,https://lichess.org/training/69z0J
Jcwd1,r3r1k1/p4p1R/bpp3p1/3p2P1/8/PP2p3/2P2N2/2K4R b - - 1 31,e3f2 h7h8 g8g7 h1h7,974,77,97,1023,endgame mate mateIn2 short,https://lichess.org/JaDLzpxU/black#62,,True,https://lichess.org/training/Jcwd1
CqYT8,2k4r/ppp2pp1/4p3/3bP1B1/2P3p1/6P1/PP1R1P1r/3R2K1 w - - 0 21,c4d5 h2h1 g1g2 h8h2,975,95,92,952,endgame kingsideAttack mate mateIn2 short,https://lichess.org/oDDgOrbf#41,,True,https://lichess.org/training/CqYT8
T4wmz,4r1k1/R5R1/6p1/1p2r3/p3P3/P7/1P6/1K6 b - - 3 37,g8f8 a7f7,975,91,94,386,endgame mate mateIn1 oneMove rookEndgame,https://lichess.org/HaBU19vO/black#74,,True,https://lichess.org/training/T4wmz
tWecB,5k2/p2R4/1p6/5P2/8/2P5/Pr4r1/4R1K1 w - - 2 48,g1f1 b2f2,975,75,99,1019,endgame mate mateIn1 oneMove rookEndgame,https://lichess.org/4vcy1ijE#95,,True,https://lichess.org/training/tWecB
1iyGt,1k2rb1r/R1p2ppp/2pp4/8/8/1PP1B3/2P1KPPP/R7 b - - 4 16,f8e7 a7a8 b8b7 a1a7,975,85,95,134,endgame mate mateIn2 queensideAttack short,https://lichess.org/L7mnWX1Y/black#32,Philidor_Defense Philidor_Defense_Other_variations,True,https://lichess.org/training/1iyGt
Irj0k,R2R4/1kp5/1p2r1p1/5p1p/7P/4PKP1/1r3P2/8 b - - 0 35,e6c6 d8b8,975,83,100,91,endgame mate mateIn1 oneMove rookEndgame,https://lichess.org/Ujp49gIo/black#70,,True,https://lichess.org/training/Irj0k
FEJfE,4R3/6k1/6N1/3pP1Pp/1P1P4/8/PPr3r1/4R1K1 w - - 2 36,g1f1 c2f2,976,88,93,576,endgame mate mateIn1 oneMove,https://lichess.org/vmyrBj5Y#71,,True,https://lichess.org/training/FEJfE
gT66R,1r4k1/2K5/p1R5/2PP4/8/8/1r6/3R4 w - - 3 41,d5d6 b2b7,976,91,93,1397,endgame master mate mateIn1 oneMove rookEndgame,https://lichess.org/URO6cP2C#81,,True,https://lichess.org/training/gT66R
Vz2Pm,6k1/2qp3p/p1r3P1/2P5/3b2N1/P4R1N/1r5P/5R1K b - - 1 40,c6g6 f3f8 g8g7 f1f7,976,80,89,155,mate mateIn2 middlegame short,https://lichess.org/ajX9xdRZ/black#80,,True,https://lichess.org/training/Vz2Pm
JglMj,3rr1k1/1R4R1/p5p1/8/P7/4b3/5P1P/5K2 b - - 1 33,g8f8 b7f7,976,89,92,556,endgame mate mateIn1 oneMove,https://lichess.org/Oa4f5M2f/black#66,,True,https://lichess.org/training/JglMj
pxntC,3r4/7p/pkp3p1/R3R3/1P3p2/P4P2/6PP/3rK3 w - - 2 37,e1e2 d8d2,976,88,100,49,endgame mate mateIn1 oneMove rookEndgame,https://lichess.org/nMTWvjlo#73,,True,https://lichess.org/training/pxntC
cCvXi,7r/pBp1k2r/1p1pP1p1/8/1P1P1p1q/5P2/P1P1QPRP/4R2K w - - 1 27,e2d2 h4h2 g2h2 h7h2 h1g1 h2h1 g1g2 h8h2,976,108,84,68,kingsideAttack mate mateIn4 middlegame sacrifice veryLong,https://lichess.org/4c8Ugw1r#53,,True,https://lichess.org/training/cCvXi
lC3Vg,6k1/6p1/2p5/3bB3/p2Pp3/P3P3/3nqPR1/1QK4R b - - 0 41,d2b1 g2g7 g8f8 h1h8 d5g8 h8g8,976,83,95,5001,endgame long mate mateIn3,https://lichess.org/iZeecroy/black#82,,True,https://lichess.org/training/lC3Vg
XgyRN,r5k1/1p1b1pp1/2p2n1p/r2p2P1/1p3P2/1P1P3P/2PNB3/1K2R2R w - - 1 23,g5f6 a5a1 b1b2 a8a2,976,78,84,106,mate mateIn2 middlegame queensideAttack short,https://lichess.org/u7eGiewW#45,,True,https://lichess.org/training/XgyRN
8CRA0,8/7k/R7/8/8/2P5/Pr3rP1/2R1K3 w - - 1 31,c1d1 b2e2,977,89,95,429,endgame mate mateIn1 oneMove rookEndgame,https://lichess.org/5M5WEu5K#61,,True,https://lichess.org/training/8CRA0
8C5hi,3r2k1/R5b1/2R4p/8/5P2/NPP1n3/P1K2P1P/3r4 w - - 0 30,f2e3 d8d2,977,76,100,250,endgame mate mateIn1 oneMove,https://lichess.org/JHoJVgIV#59,,True,https://lichess.org/training/8C5hi
IFvnY,1k6/p6r/4N3/3n4/1PN2P2/P4RP1/3B3r/6K1 w - - 3 34,e6g5 h2h1 g1g2 h7h2,977,140,38,56,mate mateIn2 middlegame short,https://lichess.org/iaeGkNaZ#67,,True,https://lichess.org/training/IFvnY
AkYcw,8/8/kp4P1/3R4/pP1P4/P1P5/1r3r2/1K1R4 w - - 7 48,b1c1 f2c2,977,87,85,721,endgame mate mateIn1 oneMove rookEndgame,https://lichess.org/NVa1SgDD#95,,True,https://lichess.org/training/AkYcw
kwRvm,r4R2/p2q2k1/1pp3pp/3p2p1/1b1P2Q1/1N2P1P1/PP4PP/5RK1 b - - 0 21,d7g4 f1f7,977,85,96,1241,endgame mate mateIn1 oneMove,https://lichess.org/NmIt0q5h/black#42,,True,https://lichess.org/training/kwRvm
HSQnV,4r1k1/1p3pp1/p2br3/8/P2q4/1P2PR1P/6Q1/RN3K2 w - - 0 28,e3d4 e6e1 f1f2 e8e2,977,79,100,387,mate mateIn2 middlegame short,https://lichess.org/s5ABG6Mz#55,,True,https://lichess.org/training/HSQnV
EKmbK,7r/p7/1p2Q3/4p1k1/4P1p1/6P1/P1P2PKr/8 w - - 4 41,g2g1 h2h1 g1g2 h8h2,977,86,88,61,endgame mate mateIn2 queenRookEndgame short,https://lichess.org/xBomlJkk#81,,True,https://lichess.org/training/EKmbK
EYMij,4r1k1/1R4R1/2p4p/3pr1p1/8/7P/5PPK/8 b - - 1 32,g8f8 b7f7,977,97,94,329,endgame mate mateIn1 oneMove rookEndgame,https://lichess.org/xkBd6maA/black#64,,True,https://lichess.org/training/EYMij
b3Iom,4r1k1/p4p2/4bpp1/2p1q2R/3nBQ2/P4P2/5PK1/7R b - - 0 39,e5f4 h5h8 g8g7 h1h7,977,79,99,7899,mate mateIn2 middlegame short,https://lichess.org/vvCnZVUZ/black#78,,True,https://lichess.org/training/b3Iom
vR85N,7r/1p2kppr/p1n1pnp1/3p4/3P4/1Q1BPPq1/PP1B1R1P/2R3K1 w - - 0 20,h2g3 h7h1 g1g2 h8h2,977,75,97,728,kingsideAttack mate mateIn2 middlegame short,https://lichess.org/gouQUq5u#39,,True,https://lichess.org/training/vR85N
Ukrsy,8/3k4/4R3/3P1p2/2R2P1p/2P4P/1r4r1/5K2 w - - 1 45,e6e1 b2f2,977,77,86,221,endgame mate mateIn1 oneMove rookEndgame,https://lichess.org/0blmyEcp#89,,True,https://lichess.org/training/Ukrsy
2OzN7,Qk3r1r/p1p5/1p1b4/1P6/R4P2/3P3p/3K4/R7 b - - 1 32,b8a8 a4a7 a8b8 a7a8 b8b7 a1a7,977,75,97,232,endgame long mate mateIn3,https://lichess.org/z8J3A3PR/black#64,,True,https://lichess.org/training/2OzN7
GRvm8,8/5ppk/p4n2/7p/1P3P1P/P3NRP1/3r3r/2R3K1 w - - 15 39,e3f1 d2g2,978,80,95,381,endgame mate mateIn1 oneMove,https://lichess.org/oPQJLj5G#77,,True,https://lichess.org/training/GRvm8
9hSBG,8/8/r6p/PR2Rp2/2kppP2/8/2P2r2/2K5 b - - 1 47,e4e3 e5c5,978,80,91,940,endgame mate mateIn1 oneMove rookEndgame,https://lichess.org/7XD46Wd3/black#94,,True,https://lichess.org/training/9hSBG
DEmmx,6k1/5ppp/2p1p3/2N1P3/1pP4P/1P1P2P1/r5r1/R3R1K1 w - - 3 38,g1f1 a2f2,978,76,100,189,endgame mate mateIn1 oneMove,https://lichess.org/2OTn4ydY#75,,True,https://lichess.org/training/DEmmx
wvSrb,1r6/pr3pkb/2Q4p/3p2pP/2pPp3/q1P1P3/1P1RNPP1/2K4R w - - 0 34,b2a3 b7b1 c1c2 b8b2,978,83,91,1564,mate mateIn2 middlegame queensideAttack short,https://lichess.org/QFbjnpFt#67,,True,https://lichess.org/training/wvSrb
VBpdA,R2bk3/8/4P3/Pp1p1p2/1PpP1P1P/2P5/3r2r1/4RK2 w - - 3 41,e6e7 d2f2,978,78,96,189,endgame mate mateIn1 oneMove,https://lichess.org/BvxMZZsW#81,,True,https://lichess.org/training/VBpdA
tSfyo,1r2r1k1/2R3R1/p3p2p/5pp1/2B2q2/8/PPb2PPP/6K1 b - - 1 28,g8f8 c7f7,978,76,98,1916,mate mateIn1 middlegame oneMove,https://lichess.org/W04D8UqO/black#56,,True,https://lichess.org/training/tSfyo
bQ3FZ,4k1nr/5p2/p2Rp1p1/1p4P1/8/5r2/P1P2P2/2KR4 b k - 0 21,f3f2 d6d8 e8e7 d1d7,978,88,95,412,endgame mate mateIn2 short,https://lichess.org/MLet6Lxb/black#42,,True,https://lichess.org/training/bQ3FZ
QkPn0,4r1k1/ppn3q1/2p2pbB/8/3P3Q/2P2PP1/PP3KP1/4r2R w - - 0 29,h6g7 e8e2,978,82,91,1880,master mate mateIn1 middlegame oneMove,https://lichess.org/CknUk56v#57,,True,https://lichess.org/training/QkPn0
jlLZJ,r3rn1R/5pkQ/p5p1/1pp1P1q1/P1pP1N2/2P1KP2/8/7R b - - 3 30,f8h7 h1h7,979,87,95,931,mate mateIn1 middlegame oneMove,https://lichess.org/12xsayZ0/black#60,,True,https://lichess.org/training/jlLZJ
Loltt,1k5r/ppp5/2np4/2P1p3/4Pp2/P2P2rq/2P3PK/R1B1Q2R w - - 0 24,g2h3 h8h3,979,242,-94,5,mate mateIn1 middlegame oneMove,https://lichess.org/aZEc41tK#47,,True,https://lichess.org/training/Loltt
46Pwi,3R3R/pbr1kp2/1p2pnp1/6P1/5P2/P1P5/1P2K3/8 b - - 0 44,f6d5 h8e8,979,87,95,449,endgame mate mateIn1 oneMove,https://lichess.org/9DR21fo7/black#88,,True,https://lichess.org/training/46Pwi
r5xAs,1r4k1/3p1r1p/pq2p1Q1/4P3/1p3PP1/7R/P2BK3/7R b - - 0 26,h7g6 h3h8 g8g7 h1h7,979,78,100,163,endgame mate mateIn2 short,https://lichess.org/Vu3qrSO0/black#52,,True,https://lichess.org/training/r5xAs
wM1yi,8/6Rk/2p1p3/1p1p3r/8/2r4P/6RK/8 b - - 3 47,h7h6 g2g6,979,89,93,311,endgame master masterVsMaster mate mateIn1 oneMove rookEndgame,https://lichess.org/5xGIsCwU/black#94,,True,https://lichess.org/training/wM1yi
b7Ydb,8/pppkR3/3r3p/2qB4/5pp1/8/PPP3PP/4R2K b - - 2 30,d7d8 e7e8 d8d7 e1e7,979,86,92,660,endgame mate mateIn2 short,https://lichess.org/o2EVLmMB/black#60,,True,https://lichess.org/training/b7Ydb
Q8zVf,r5k1/1pp2ppp/1p2b3/1Q6/1PR1p3/2n1P3/r1P2PPP/1K5R w - - 0 24,c4c3 a2a1 b1b2 a8a2,980,88,91,2367,endgame mate mateIn2 queensideAttack short,https://lichess.org/9jbStamO#47,,True,https://lichess.org/training/Q8zVf
Snf0N,4r3/1p4k1/p1p4p/2P3p1/P2p1pQ1/3PrP2/2B1R3/3Kq3 w - - 0 44,e2e1 e3e1 d1d2 e8e2,980,79,100,89,endgame mate mateIn2 short,https://lichess.org/W18X3geV#87,,True,https://lichess.org/training/Snf0N
bi27l,4r2k/p5Rp/P1p5/2P5/3P1Q2/7R/6KP/2q5 b - - 0 46,c1f4 h3h7,980,76,99,662,endgame mate mateIn1 oneMove queenRookEndgame,https://lichess.org/ZP4oqiH9/black#92,,True,https://lichess.org/training/bi27l
WtxGC,4n1k1/r4r1p/3p2Q1/p1p3P1/1pP1Ppq1/3B4/PP5R/2K4R b - - 0 33,h7g6 h2h8 g8g7 h1h7,980,81,93,458,kingsideAttack mate mateIn2 middlegame short,https://lichess.org/YeTeetnO/black#66,,True,https://lichess.org/training/WtxGC
DUixJ,2r3k1/5ppp/pp1R2b1/n2Pp3/4P3/5PN1/P1rK2PP/5B1R w - - 1 24,d2d3 c8c3,980,77,96,2332,mate mateIn1 middlegame oneMove,https://lichess.org/yXI1a0uv#47,,True,https://lichess.org/training/DUixJ
M3iFs,1r4k1/p2N1ppp/Q3p3/3p4/P1pPn3/4P3/1rK2PPP/5B1R w - - 0 21,c2c1 b2b1 c1c2 b8b2,980,78,85,253,mate mateIn2 middlegame queensideAttack short,https://lichess.org/HmNMhIDW#41,,True,https://lichess.org/training/M3iFs
4j3sO,r3r1k1/1R4R1/5p2/p7/1p6/8/5PPP/5K2 b - - 1 34,g8f8 b7f7,980,81,95,3647,endgame mate mateIn1 oneMove rookEndgame,https://lichess.org/oIYTQ83z/black#68,,True,https://lichess.org/training/4j3sO
HnNWi,r4rk1/4qpN1/p2p1Qp1/1p1Pp3/1Pp1P3/2P1P2R/P2K2P1/7R b - - 0 29,e7f6 h3h8 g8g7 h1h7,980,86,92,81,endgame kingsideAttack mate mateIn2 sacrifice short,https://lichess.org/eTyLt8te/black#58,,True,https://lichess.org/training/HnNWi
khiwZ,r1b2rB1/p6R/2p2pk1/1p3p2/5P1R/1n6/PPP3PP/1K6 b - - 0 24,f8g8 h4h6,981,87,93,630,endgame mate mateIn1 oneMove,https://lichess.org/INq4NIoe/black#48,,True,https://lichess.org/training/khiwZ
OUpD6,3r1k2/p1R2R2/1p3pp1/4p2p/8/4P3/r5PP/6K1 b - - 5 31,f8e8 c7e7,981,77,99,975,endgame mate mateIn1 oneMove rookEndgame,https://lichess.org/zHMnAri9/black#62,,True,https://lichess.org/training/OUpD6
UNOQb,6k1/ppp2r1p/q4pBR/3r4/P1P5/1P2PPP1/5K2/7R b - - 0 23,h7g6 h6h8 g8g7 h1h7,981,82,81,573,endgame mate mateIn2 queenRookEndgame short,https://lichess.org/lQtISsDW/black#46,,True,https://lichess.org/training/UNOQb
vZtSa,r2r2k1/pp1nR2R/3P1p2/8/8/8/PP3PP1/6K1 b - - 2 26,d7f8 e7g7,981,75,92,206,endgame mate mateIn1 oneMove,https://lichess.org/PUuEtKwd/black#52,,True,https://lichess.org/training/vZtSa
pp1Fa,8/7p/6p1/5p2/1Q5P/1P3k1N/6rr/6K1 w - - 6 49,g1f1 h2h1 h3g1 h1g1,981,77,100,826,endgame fork master masterVsMaster mate mateIn2 short,https://lichess.org/baElpYyl#97,,True,https://lichess.org/training/pp1Fa
iLngN,8/p4r1k/1p6/6R1/3P2pP/2P3K1/PP3r1N/8 w - - 3 33,h2g4 f7f3,981,76,100,1138,endgame master mate mateIn1 oneMove,https://lichess.org/PbNLZORP#65,,True,https://lichess.org/training/iLngN
RkCqL,1k3b1r/p1r3pp/1B1p1p2/3P4/R7/5P2/1PP2P1P/R5K1 b - - 0 21,a7b6 a4a8 b8b7 a1a7,981,76,86,385,endgame mate mateIn2 queensideAttack short,https://lichess.org/ZpRmyOLR/black#42,,True,https://lichess.org/training/RkCqL
K0fDZ,1k5r/1pp5/p1Qb4/8/3P4/P1P2pP1/1P2RPK1/4R2r w - - 0 30,c6f3 h8h2,981,82,93,919,endgame mate mateIn1 oneMove,https://lichess.org/bnHZnRgf#59,,True,https://lichess.org/training/K0fDZ
VgzYr,6k1/5pp1/1Pp4p/8/1P3PP1/8/1P2r1r1/R4RK1 w - - 1 33,g1h1 g2h2 h1g1 e2g2,981,75,100,126,endgame mate mateIn2 rookEndgame short,https://lichess.org/WDq4XBHB#65,,True,https://lichess.org/training/VgzYr
Vp5xi,8/5pkp/B7/p7/5PP1/1PR5/r5r1/4R1K1 w - - 2 36,g1f1 a2f2,982,77,100,540,endgame mate mateIn1 oneMove,https://lichess.org/MqitgFS6#71,,True,https://lichess.org/training/Vp5xi
vkdKI,1k1r1r2/pR4R1/1p5p/8/3p4/3P1P2/PnP4P/7K b - - 2 27,b8c8 g7c7,982,77,100,308,endgame mate mateIn1 oneMove,https://lichess.org/Xwr8wPo5/black#54,,True,https://lichess.org/training/vkdKI
oJQHv,8/8/3R3R/5pk1/8/pr4P1/r7/2K5 b - - 2 44,b3b2 d6g6,982,77,98,1902,endgame mate mateIn1 oneMove rookEndgame,https://lichess.org/7qFfiJKA/black#88,,True,https://lichess.org/training/oJQHv
TbX8H,r5k1/1pn2p2/2p2rp1/p2p3p/P2P1PP1/1B5R/1PP5/5K1R b - - 0 27,h5g4 h3h8 g8g7 h1h7,982,78,96,6439,endgame kingsideAttack mate mateIn2 short,https://lichess.org/mOenr0Tc/black#54,,True,https://lichess.org/training/TbX8H
4uFu8,2k1r3/ppR4R/2p3p1/3p1p2/8/1P1P2K1/P1r3P1/8 b - - 1 33,c8d8 h7d7,982,76,97,792,endgame mate mateIn1 oneMove rookEndgame,https://lichess.org/69wuBOAq/black#66,,True,https://lichess.org/training/4uFu8
vhZVb,3R2R1/p1p1rk2/5p2/5Kp1/5p2/2r5/5P2/8 b - - 1 44,a7a5 d8f8,982,79,95,3195,endgame mate mateIn1 oneMove rookEndgame,https://lichess.org/zaW5fMIs/black#88,,True,https://lichess.org/training/vhZVb
bA24f,6k1/1p3Rpp/1r2p3/p2pPnN1/1b1P4/1P2P2P/1r4P1/2R3K1 b - - 3 25,h7h6 c1c8 b4f8 c8f8,982,86,59,104,kingsideAttack mate mateIn2 middlegame short,https://lichess.org/RDKlhOY6/black#50,,True,https://lichess.org/training/bA24f
W7keX,3r2k1/7p/p5p1/1p3p2/1R2p1P1/2P1R2P/PP3P2/3rK3 w - - 1 30,e1e2 d8d2,982,77,89,196,endgame mate mateIn1 oneMove rookEndgame,https://lichess.org/jZKXTfYR#59,,True,https://lichess.org/training/W7keX
uT6Nd,3r2k1/3r1p2/1p1p2p1/p1p1Q1K1/2P1P2R/6P1/7R/8 b - - 0 41,d6e5 h4h8 g8g7 h2h7,982,81,89,238,endgame mate mateIn2 rookEndgame short,https://lichess.org/7fs8oi9O/black#82,,True,https://lichess.org/training/uT6Nd
1HuWo,8/2p4p/8/3P1R2/7k/8/5RK1/3q4 b - - 11 56,h4g4 f2f4,982,87,91,693,endgame mate mateIn1 oneMove queenRookEndgame,https://lichess.org/tFbZAg85/black#112,,True,https://lichess.org/training/1HuWo
bXUGb,r5k1/r4ppp/2R5/4P3/1p3P2/1P4PP/2P5/1K1R4 w - - 1 32,d1d4 a7a1 b1b2 a8a2,983,86,89,105,endgame mate mateIn2 rookEndgame short,https://lichess.org/iEguX19w#63,,True,https://lichess.org/training/bXUGb
22O5Z,7k/1ppq2p1/p2P2Q1/7r/1P5r/P2R1pR1/5P2/6K1 w - - 2 36,d3f3 h4h1 g1g2 h5h2,983,76,90,216,endgame mate mateIn2 short,https://lichess.org/Sf9nu0vY#71,,True,https://lichess.org/training/22O5Z
owE4M,8/1p4k1/6pp/4p3/2P1P2P/1P2R3/1r4r1/1K1R4 w - - 4 33,b1c1 g2c2,983,78,96,1433,endgame master mate mateIn1 oneMove rookEndgame,https://lichess.org/eV5IZeys#65,,True,https://lichess.org/training/owE4M
v38dO,r3n1R1/1p1b2Qk/1q1p1r1p/1NpPp2P/p1P1Pp2/2N2P2/PP6/2K3R1 b - - 5 28,e8g7 g1g7,983,76,97,1073,mate mateIn1 middlegame oneMove,https://lichess.org/eURd4APp/black#56,,True,https://lichess.org/training/v38dO
Ydr6F,8/3P3p/4R3/2p3p1/3kPp2/P7/1r4rP/4R1K1 w - - 0 44,g1f1 b2f2,983,85,95,1072,endgame master mate mateIn1 oneMove rookEndgame,https://lichess.org/tq8ACsS0#87,,True,https://lichess.org/training/Ydr6F
beK7i,1k3r2/p1r2q2/1Q2p3/1P1pP1p1/6Pp/R1P4P/5P2/R4K2 b - - 0 29,a7b6 a3a8 b8b7 a1a7,983,89,94,740,endgame mate mateIn2 queenRookEndgame queensideAttack short,https://lichess.org/zmLOG1An/black#58,,True,https://lichess.org/training/beK7i
FbyrO,5r2/4k3/1R2p3/3pR2P/2PP4/8/4Kr2/8 w - - 3 44,e2e3 f8f3,983,77,96,448,endgame master mate mateIn1 oneMove rookEndgame,https://lichess.org/tyYyoDS9#87,,True,https://lichess.org/training/FbyrO
Dg5Xm,5r1k/p1p3p1/1p5N/2p4R/2P1Q3/P5PP/2P5/5rK1 w - - 0 26,g1g2 f8f2,983,75,100,775,endgame mate mateIn1 oneMove,https://lichess.org/npxIGhRq#51,,True,https://lichess.org/training/Dg5Xm
oPcxU,5k2/2b3p1/1q1rR1p1/1ppQ1pPp/p2p4/P2P3P/1PPB4/4R1K1 b - - 0 30,d6d5 e6e8 f8f7 e1e7,983,84,99,1027,endgame mate mateIn2 short,https://lichess.org/rys4f3hh/black#60,,True,https://lichess.org/training/oPcxU
38V7V,8/8/p3p3/1p2Pp1p/1P1k1P1P/PRR2K2/6rr/8 b - - 7 38,g2g4 c3d3 d4c4 b3c3,983,76,100,196,endgame mate mateIn2 rookEndgame short,https://lichess.org/r63fi91V/black#76,,True,https://lichess.org/training/38V7V
x5VoB,5k1r/ppp2p2/7r/4P3/4ppP1/2P2P2/PP3R2/4R1K1 w - - 0 35,e1e4 h6h1 g1g2 h8h2,983,107,94,1065,endgame mate mateIn2 rookEndgame short,https://lichess.org/YtqatJeZ#69,,True,https://lichess.org/training/x5VoB
2BwSM,7r/2R2p1r/p2kp3/8/6p1/1P4P1/P4P2/4R1K1 w - - 3 31,c7c1 h7h1 g1g2 h8h2,984,90,93,146,endgame mate mateIn2 rookEndgame short,https://lichess.org/gjqI47ju#61,,True,https://lichess.org/training/2BwSM
Yq2BD,r5kQ/1b3qb1/p1n1p1p1/1p1pP3/2pP4/2N4R/PPP2PP1/2K4R b - - 5 22,g7h8 h3h8 g8g7 h1h7,984,76,88,131,kingsideAttack mate mateIn2 middlegame short,https://lichess.org/X2uTgYeA/black#44,,True,https://lichess.org/training/Yq2BD
hnhpd,8/pppk2p1/2p1p3/8/3P1PPr/2P5/PP3PKr/R3R3 w - - 3 22,g2g3 h4h3,984,78,89,212,endgame mate mateIn1 oneMove rookEndgame,https://lichess.org/KbbQ58HD#43,,True,https://lichess.org/training/hnhpd
U4rLz,2k3nr/p1p2ppp/4p3/2R2b2/5B2/5P2/P3q1PP/1R4K1 b - - 0 19,g8e7 c5c7 c8d8 b1b8 e7c8 b8c8,984,77,85,211,fork long mate mateIn3 middlegame,https://lichess.org/JOjUJDfK/black#38,,True,https://lichess.org/training/U4rLz
VdyGL,6k1/1p3p1p/p5p1/3PP3/PP6/6P1/3r2r1/2R1R1K1 w - - 3 39,g1f1 d2f2,984,82,94,137,endgame mate mateIn1 oneMove rookEndgame,https://lichess.org/Y42sFwlZ#77,,True,https://lichess.org/training/VdyGL
ND08g,4k3/P3Pp2/1p6/8/6pP/2P3P1/1r4r1/R3R1K1 w - - 1 35,g1f1 b2f2,985,78,94,136,endgame mate mateIn1 oneMove rookEndgame,https://lichess.org/rzUPhQ4E#69,,True,https://lichess.org/training/ND08g
dQmbO,7r/2q1kp2/p1p1N3/3p2b1/3P4/2PB1QP1/PP3PK1/7r w - - 2 31,e6c7 h8h2,985,77,91,108,endgame mate mateIn1 oneMove,https://lichess.org/qwJ2UrJ0#61,,True,https://lichess.org/training/dQmbO
VrxfY,4N2k/6R1/p6R/8/8/7P/2b3PK/q2q4 b - - 0 40,c2h7 h6h7,985,76,91,262,endgame mate mateIn1 oneMove,https://lichess.org/Lu1MgyVs/black#80,,True,https://lichess.org/training/VrxfY
N5kGD,6k1/pb4p1/5p2/2pP4/2P2bP1/1P6/P3r2r/2BR1RK1 w - - 4 35,c1f4 e2g2,985,76,100,167,endgame mate mateIn1 oneMove,https://lichess.org/nc0TjMw1#69,,True,https://lichess.org/training/N5kGD
gDA34,7R/pr4k1/1p2p1p1/5rP1/3PK3/4P3/P7/7R b - - 8 39,b7f7 h1h7,985,80,95,4892,endgame master mate mateIn1 oneMove rookEndgame,https://lichess.org/EnJwIHJe/black#78,,True,https://lichess.org/training/gDA34
kN7Xj,r5r1/6P1/p4R2/1p4k1/2p3p1/2P3K1/6P1/5R2 b - - 3 43,g8g7 f1f5,985,77,91,1332,endgame master mate mateIn1 oneMove rookEndgame,https://lichess.org/YHwWtiLw/black#86,,True,https://lichess.org/training/kN7Xj
sPqx2,5r2/1rp5/1p1pB1p1/p2Pp1bk/4PPR1/2R5/PPP5/3K4 b - - 0 43,f8f4 c3h3 g5h4 h3h4,985,76,100,87,endgame mate mateIn2 short,https://lichess.org/a8pYmZEb/black#86,,True,https://lichess.org/training/sPqx2
blqdJ,3R4/1r2kp2/p1r1p1p1/4P2p/1Bp2P1P/5KP1/1P6/3R4 b - - 0 34,b7b4 d1d7,985,78,89,123,endgame mate mateIn1 oneMove rookEndgame,https://lichess.org/F40jNiyf/black#68,,True,https://lichess.org/training/blqdJ
Gomoz,5bk1/8/r5p1/1n1p2P1/1K1P3R/1P2B1N1/r7/7R w - - 6 39,b4b5 a2a5,985,78,96,1938,mate mateIn1 middlegame oneMove,https://lichess.org/4czEK1bd#77,,True,https://lichess.org/training/Gomoz
9IT6T,2r5/pp2npkR/4p1p1/3pP3/r1pP4/2P2P2/1P1K4/7R b - - 1 37,g7g8 h7h8 g8g7 h1h7,985,77,97,2839,endgame mate mateIn2 short,https://lichess.org/NMYTutcv/black#74,,True,https://lichess.org/training/9IT6T
mehfU,r5kQ/5rb1/p4p2/1b3Pp1/4p1P1/8/PPPqN2R/1K5R b - - 7 28,g7h8 h2h8 g8g7 h1h7,985,81,96,2706,mate mateIn2 middlegame short,https://lichess.org/8pr7XwJW/black#56,,True,https://lichess.org/training/mehfU
hbEK7,6r1/5R1p/2pp3p/8/4k3/R7/PPP3rP/5K2 w - - 0 30,f7h7 g2g1 f1f2 g8g2,986,76,91,463,endgame mate mateIn2 rookEndgame short,https://lichess.org/A2JT20GO#59,,True,https://lichess.org/training/hbEK7
3xDc1,1r4k1/6p1/4p2p/1r6/4p3/P1P1PPP1/3R2P1/2K4R w - - 0 29,h1h4 b5b1 c1c2 b8b2,986,85,89,62,endgame mate mateIn2 rookEndgame short,https://lichess.org/JYmYLSGs#57,,True,https://lichess.org/training/3xDc1
HHRA7,2r3k1/Rp4p1/4p2p/8/6P1/4P2P/1KPr4/1R6 w - - 4 35,b2c1 c8c2,986,339,-100,3,endgame mate mateIn1 oneMove rookEndgame,https://lichess.org/615I97gA#69,,True,https://lichess.org/training/HHRA7
6Ukdc,4r1k1/R5R1/3p2p1/3rp3/8/P7/1P6/1K6 b - - 2 35,g8f8 a7f7,986,84,92,862,endgame mate mateIn1 oneMove rookEndgame,https://lichess.org/E4jPb00f/black#70,,True,https://lichess.org/training/6Ukdc
HXbjg,3r4/6kp/6p1/PR3p2/2B1p3/1P2P1P1/2PrKP1P/8 w - - 1 30,e2e1 d2d1 e1e2 d8d2,986,137,67,9,endgame mate mateIn2 short,https://lichess.org/n4MdrzsX#59,,True,https://lichess.org/training/HXbjg
4DAmZ,4r1k1/2R3R1/6p1/1r2P2p/5P2/1p3KPP/p7/8 b - - 2 47,g8f8 c7f7,986,75,100,560,endgame mate mateIn1 oneMove rookEndgame,https://lichess.org/Q8ZfJiSv/black#94,,True,https://lichess.org/training/4DAmZ
SbFUP,8/p7/Pp1kR2R/1rp2p2/8/3P2P1/2r4P/6K1 b - - 0 37,d6d5 e6d6 d5e5 h6e6,986,80,86,266,endgame mate mateIn2 rookEndgame short,https://lichess.org/Iz5T24Oe/black#74,,True,https://lichess.org/training/SbFUP
LZbAr,1k5r/pqb5/1pP1Q3/5p2/1P4p1/1N4P1/P4P1r/3RR1K1 w - - 1 30,c6b7 h2h1 g1g2 h8h2,986,88,95,2761,mate mateIn2 middlegame short,https://lichess.org/oCUumRC5#59,,True,https://lichess.org/training/LZbAr
2KXHA,8/1p6/4r2p/2p3kP/p6q/3p4/PP3RK1/5R2 b - - 3 45,e6e3 f2f5 g5g4 f1f4,987,86,94,1743,endgame mate mateIn2 queenRookEndgame short,https://lichess.org/4dKN5j0J/black#90,,True,https://lichess.org/training/2KXHA
Te1K9,8/1R3Rp1/2k1p3/3pP2p/6r1/5K2/7r/8 b - - 5 37,g7g5 f7c7,987,79,100,58,endgame mate mateIn1 oneMove rookEndgame,https://lichess.org/qC9XF8vP/black#74,,True,https://lichess.org/training/Te1K9
BgCzc,8/5p1k/2R1b3/6p1/3B4/2P1KP2/r1r3P1/6R1 w - - 2 38,g2g4 c2e2 e3d3 a2d2,987,86,94,1728,endgame mate mateIn2 short,https://lichess.org/CJEk7X0k#75,,True,https://lichess.org/training/BgCzc
zrihx,7r/4kpp1/p3pnpr/1p1p4/3P4/2P2Pq1/PPNQ1R1P/R5K1 w - - 0 22,h2g3 h6h1 g1g2 h8h2,987,77,86,452,kingsideAttack mate mateIn2 middlegame short,https://lichess.org/eNFGm9xH#43,,True,https://lichess.org/training/zrihx
y1t0V,7r/B1p2pp1/5k2/8/6n1/1QN2qP1/1PP3Pr/6K1 w - - 0 29,g2f3 h2h1 g1g2 h8h2,987,78,96,1282,endgame mate mateIn2 short,https://lichess.org/zhr2r3qL#57,,True,https://lichess.org/training/y1t0V
SZ2Vo,2r1r1k1/2R3Rp/6p1/2b5/5P2/1P5P/5PP1/6K1 b - - 2 25,g8f8 c7f7,987,86,92,845,endgame mate mateIn1 oneMove,https://lichess.org/inYEfId3/black#50,,True,https://lichess.org/training/SZ2Vo
QHyuw,r2r2k1/4bp2/2p3pR/p2pP1B1/Pp1P2P1/1B6/6K1/7R b - - 0 42,e7g5 h6h8 g8g7 h1h7,987,80,93,336,endgame mate mateIn2 short,https://lichess.org/n1pVByuV/black#84,,True,https://lichess.org/training/QHyuw
2Nw99,8/8/8/1p1p2P1/1P1P4/Pkr1r3/2pK4/R1R1B3 w - - 1 50,g5g6 c3d3,987,83,95,415,endgame mate mateIn1 oneMove,https://lichess.org/vgiOy472#99,,True,https://lichess.org/training/2Nw99
uUJ6g,r1r3kQ/5p1p/bp2p1pR/3p2P1/p5B1/q1P1PN2/3K1PP1/7R b - - 1 26,g8h8 h6h7 h8g8 h7h8 g8g7 h1h7,987,78,100,63,kingsideAttack long mate mateIn3 middlegame,https://lichess.org/rURUO3wh/black#52,,True,https://lichess.org/training/uUJ6g
mfIYa,3rNk2/2R3R1/pp2p3/4P3/P4P2/3p2P1/4r3/6K1 b - - 0 53,d8e8 c7f7,988,79,100,209,endgame master mate mateIn1 oneMove rookEndgame,https://lichess.org/1LKMODCz/black#106,,True,https://lichess.org/training/mfIYa
FIyTC,4kb2/1q1r2n1/2pNp1p1/pp1pP3/7r/2P1PQ2/PP3RKB/5R2 b - - 1 29,f8d6 f3f8 d6f8 f2f8 e8e7 f1f7,988,84,96,4500,exposedKing long mate mateIn3 middlegame sacrifice,https://lichess.org/Jbmd1ogT/black#58,,True,https://lichess.org/training/FIyTC
AMISr,5kR1/3p4/2b1p3/1p2Pr2/8/8/4K3/6R1 b - - 2 38,f8f7 g1g7,988,79,94,769,endgame mate mateIn1 oneMove,https://lichess.org/0DY0Ri8H/black#76,,True,https://lichess.org/training/AMISr
mOkLy,4r1k1/R5R1/5pp1/1p2r3/2p5/2P4P/5PP1/6K1 b - - 2 30,g8f8 a7f7,988,77,92,427,endgame mate mateIn1 oneMove rookEndgame,https://lichess.org/x9QrDL6e/black#60,,True,https://lichess.org/training/mOkLy
TNNhP,3r4/1kp3pR/5p2/p7/2P3P1/1PK3P1/P2r4/R7 w - - 0 31,h7g7 d8d3,988,85,94,2110,endgame mate mateIn1 oneMove rookEndgame,https://lichess.org/EgDgO6O9#61,,True,https://lichess.org/training/TNNhP
U3zHn,2r3k1/1b3p2/p1p1rPp1/3pp3/1P5R/PN3P1R/7P/7K b - - 5 34,e6f6 h4h8 g8g7 h3h7,989,76,100,112,endgame mate mateIn2 short,https://lichess.org/6AFQbXIL/black#68,,True,https://lichess.org/training/U3zHn
qmgkL,7r/3kb2r/p3p3/1p1p1p2/PP1P2p1/2PN2P1/5P2/R1B1R1K1 w - - 1 25,a4b5 h7h1 g1g2 h8h2,989,86,94,342,kingsideAttack mate mateIn2 middlegame short,https://lichess.org/vcf7SrRN#49,,True,https://lichess.org/training/qmgkL
pxlsi,3Rrk2/pb3p2/1p2n2Q/4qp2/7P/2P2P2/6P1/3R2K1 b - - 6 33,f8e7 d1d7,989,92,94,163,master masterVsMaster mate mateIn1 middlegame oneMove,https://lichess.org/cJDRXPwa/black#66,,True,https://lichess.org/training/pxlsi
ZdT26,8/5p2/5R2/8/4P2P/3k1P2/r5r1/4R1K1 w - - 0 40,g1f1 a2f2,989,82,91,552,endgame mate mateIn1 oneMove rookEndgame,https://lichess.org/HRUxsiz1#79,,True,https://lichess.org/training/ZdT26
ylSgS,6r1/1kR1Rp2/p2p1P2/3p2B1/1P1n1P1p/P2q3P/1P4P1/6K1 b - - 0 28,b7b6 c7b7 b6c6 e7c7,989,83,92,484,endgame mate mateIn2 short,https://lichess.org/kiJhpdFI/black#56,,True,https://lichess.org/training/ylSgS
SvanI,r1b2rk1/p1p4R/1p2p3/3pP1P1/3P4/q1PBK3/P1P5/7R b - - 8 27,f8f7 h7h8 g8g7 h1h7,989,75,96,1976,kingsideAttack mate mateIn2 middlegame short,https://lichess.org/7DUDolun/black#54,,True,https://lichess.org/training/SvanI
d6lGF,6r1/5b2/6r1/2QpB1qk/1P1P1p1p/3B1P1P/4R1P1/R5K1 w - - 0 39,a1a6 g5g2 e2g2 g6g2 g1f1 g2g1 f1f2 g8g2,990,80,89,262,mate mateIn4 middlegame sacrifice veryLong,https://lichess.org/DWppgnoi#77,,True,https://lichess.org/training/d6lGF
IwGRS,6k1/2R4p/6p1/8/7P/2P2P2/r5r1/4R1K1 w - - 0 31,g1f1 a2f2,990,81,86,140,endgame mate mateIn1 oneMove rookEndgame,https://lichess.org/zrCNNWWD#61,,True,https://lichess.org/training/IwGRS
p3CRs,1r6/p2r4/2pP1Rk1/2Pp2P1/P7/6K1/5R2/8 b - - 0 49,g6g5 f2f5,990,79,100,73,endgame mate mateIn1 oneMove rookEndgame,https://lichess.org/o07DirAQ/black#98,,True,https://lichess.org/training/p3CRs
kQyVm,8/7p/8/2p2R2/3k1P2/7P/r5r1/4RK2 w - - 0 44,f5f8 a2f2,990,81,100,110,endgame mate mateIn1 oneMove rookEndgame,https://lichess.org/IOc7hcqM#87,,True,https://lichess.org/training/kQyVm
5fFbD,1R6/5k2/6p1/5p1p/1P5P/3B1PP1/5RK1/1r4r1 w - - 1 49,g2h2 g1h1 h2g2 b1g1,990,79,95,128,endgame mate mateIn2 short,https://lichess.org/YI95MulI#97,,True,https://lichess.org/training/5fFbD
dXW3r,r5k1/1ppq1r1p/p2p2Q1/4P3/5P2/7R/PPP3P1/2K4R b - - 0 27,h7g6 h3h8 g8g7 h1h7,990,85,94,711,endgame mate mateIn2 queenRookEndgame short,https://lichess.org/NZKEpBpI/black#54,,True,https://lichess.org/training/dXW3r
DTc2E,3r2k1/3q1r1p/p1p2pQR/3p2p1/1PpP2P1/P3B3/5K1R/8 b - - 0 36,h7g6 h6h8 g8g7 h2h7,990,76,100,202,endgame mate mateIn2 short,https://lichess.org/42CRHs19/black#72,,True,https://lichess.org/training/DTc2E
DcCVr,1k6/p5p1/1p6/8/1P4P1/P4PP1/3r2r1/R3R1K1 w - - 1 30,g1f1 d2f2,990,91,89,78,endgame mate mateIn1 oneMove rookEndgame,https://lichess.org/pDFEHvMk#59,,True,https://lichess.org/training/DcCVr
l6tyL,2r5/p4p2/5Rbk/6R1/3p1N1P/8/PP6/2rK4 w - - 6 35,d1d2 c8c2,990,88,93,2067,endgame mate mateIn1 oneMove,https://lichess.org/5k0JdCTs#69,,True,https://lichess.org/training/l6tyL
o1aar,8/1p1k3p/p1p1R3/5N2/P2N4/1P6/3r2r1/5RK1 w - - 2 33,g1h1 g2h2 h1g1 d2g2,990,78,87,240,endgame mate mateIn2 short,https://lichess.org/zMXWiIVT#65,,True,https://lichess.org/training/o1aar
Rj8jm,1rb5/p4Rk1/2p5/6p1/2p1q1Pr/P1Pp2K1/1P3R1P/8 b - - 0 38,g7g6 f2f6,991,82,95,368,endgame mate mateIn1 oneMove,https://lichess.org/BC29tcrp/black#76,,True,https://lichess.org/training/Rj8jm
qSNsg,r7/2R2Rpp/3kp3/8/3bb3/3P3P/5PP1/6K1 b - - 2 29,d4e5 f7d7,991,85,91,2062,endgame mate mateIn1 oneMove,https://lichess.org/nh9Q9n4s/black#58,,True,https://lichess.org/training/qSNsg
8fS2B,1k1r3r/pR4R1/2p5/8/8/1PPP2p1/P1K4p/8 b - - 1 34,b8c8 g7c7,991,90,94,389,endgame mate mateIn1 oneMove rookEndgame,https://lichess.org/cpvFpPM4/black#68,,True,https://lichess.org/training/8fS2B
Guxel,6rk/q4prp/3p1p2/p1p1pPbQ/1pP1P1P1/1B1P2PR/P5K1/7R b - - 3 28,g8a8 h5h7 g7h7 h3h7 h8g8 h7h8 g8g7 h1h7,991,94,93,1950,kingsideAttack mate mateIn4 middlegame sacrifice veryLong,https://lichess.org/OTRKBqnh/black#56,,True,https://lichess.org/training/Guxel
DIYL3,2k5/2p4r/p7/5p2/PP4p1/6P1/2R1P2r/2R3K1 w - - 4 40,e2e3 h2h1 g1g2 h7h2,991,79,83,244,endgame mate mateIn2 rookEndgame short,https://lichess.org/AlVdqlTg#79,,True,https://lichess.org/training/DIYL3
twNjz,6k1/8/8/2B2rpp/pP2N3/4R2P/P5K1/5r2 w - - 3 37,e4g3 f5f2,991,93,91,39,endgame mate mateIn1 oneMove,https://lichess.org/EpJqultg#73,,True,https://lichess.org/training/twNjz
WEOdL,6k1/pR4p1/7p/2P2p2/1P3P1P/8/r5r1/4R1K1 w - - 0 33,g1f1 a2f2,991,89,93,678,endgame master mate mateIn1 oneMove rookEndgame,https://lichess.org/b3tpZmr9#65,,True,https://lichess.org/training/WEOdL
3zXdL,6k1/p1p3p1/2p4p/4N2b/2P5/1P2RPP1/r5rP/4R1K1 w - - 3 28,g1f1 a2f2,991,77,100,255,endgame master mate mateIn1 oneMove,https://lichess.org/9b0o6gP5#55,,True,https://lichess.org/training/3zXdL
Xyynt,2r5/6pp/8/R3pb2/1k1npp2/8/1P1r1PPP/R6K b - - 1 29,d4b3 a1a4,991,91,94,688,endgame mate mateIn1 oneMove,https://lichess.org/kJEVgF4H/black#58,,True,https://lichess.org/training/Xyynt
80Qqp,6k1/p6p/3P2p1/8/8/2P4P/1r2r3/1K1R1R2 w - - 6 32,b1c1 e2c2,991,83,94,1227,endgame mate mateIn1 oneMove rookEndgame,https://lichess.org/5HQfjGFa#63,,True,https://lichess.org/training/80Qqp
bRVV8,1r4k1/1r6/4p3/N3Pp1p/p3pP2/P1q3P1/1P1R1QP1/2K5 w - - 0 34,b2c3 b7b1 c1c2 b8b2,991,117,100,19,endgame mate mateIn2 queensideAttack short,https://lichess.org/56xgfqBZ#67,,True,https://lichess.org/training/bRVV8
6rTe9,2r1r1k1/3R2R1/p3p1p1/1p6/8/1P3P1P/5P2/6K1 b - - 0 39,g8f8 d7f7,991,77,100,369,endgame mate mateIn1 oneMove rookEndgame,https://lichess.org/saMLLssS/black#78,,True,https://lichess.org/training/6rTe9
KGDgZ,1r4n1/1r6/2p1k3/2Pb4/Q3p1Pp/P1q1P2P/1P1R1P2/2K4R w - - 0 36,b2c3 b7b1 c1c2 b8b2,992,80,53,39,mate mateIn2 middlegame queensideAttack short,https://lichess.org/9Dr74j1p#71,,True,https://lichess.org/training/KGDgZ
XJ8Ja,1k5r/2p5/1p1p2pp/1q1Pp3/1P2P2P/RKN3r1/8/R7 b - - 3 34,h8h7 a3a8 b8b7 a1a7,992,106,100,16,endgame mate mateIn2 queensideAttack short,https://lichess.org/jYYStIpC/black#68,,True,https://lichess.org/training/XJ8Ja
20czj,8/2PN3p/p5k1/3P4/8/6P1/r4r1P/3R1K2 w - - 2 46,f1e1 a2e2,992,77,93,631,endgame mate mateIn1 oneMove,https://lichess.org/PnvYT0BQ#91,,True,https://lichess.org/training/20czj
bhwkZ,k2rr3/n1p4p/Rp1p2p1/3P4/8/1PP2pKP/1P6/R7 b - - 1 38,e8f8 a6a7 a8b8 a7a8 b8b7 a1a7,992,76,98,355,endgame exposedKing long mate mateIn3 queensideAttack,https://lichess.org/EwaBano3/black#76,,True,https://lichess.org/training/bhwkZ
4BgzF,8/p4pk1/2B1p1pp/4N3/P4P2/2P5/r3r1PP/2R1K3 w - - 1 35,e1d1 a2d2,992,78,95,100,endgame mate mateIn1 oneMove,https://lichess.org/gez3rOJF#69,,True,https://lichess.org/training/4BgzF
sS6mV,2kr4/pR2Rp2/2p1p3/7p/P7/r4P2/6PP/5K2 b - - 0 34,a3a4 e7c7,992,79,90,520,endgame mate mateIn1 oneMove rookEndgame,https://lichess.org/kWJrwFlT/black#68,,True,https://lichess.org/training/sS6mV
yIAJU,r3r1k1/p1R3Rp/1p3p2/2n5/2P5/8/2K3PP/8 b - - 0 34,g8f8 c7f7,992,85,94,597,endgame mate mateIn1 oneMove,https://lichess.org/qdJtQk5l/black#68,,True,https://lichess.org/training/yIAJU
YP6d1,5r2/1p1qr1bk/2p1p1RQ/p4p2/P2P4/2P4R/1P3PPP/6K1 b - - 0 27,g7h6 h3h6,992,84,93,516,endgame mate mateIn1 oneMove,https://lichess.org/FV1dOaqm/black#54,,True,https://lichess.org/training/YP6d1
GA8T9,4r1k1/1R4Rp/p5p1/Pn6/8/4r2P/6PK/8 b - - 1 38,g8f8 b7f7,992,81,91,1449,endgame mate mateIn1 oneMove,https://lichess.org/BJhveh14/black#76,,True,https://lichess.org/training/GA8T9
tRggg,1r4kR/1r1b1p2/1Pp1p3/p2pP1p1/P2P2P1/2PB2K1/8/7R b - - 4 34,g8g7 h1h7,992,85,93,77,endgame master mate mateIn1 oneMove,https://lichess.org/lnQhnngk/black#68,,True,https://lichess.org/training/tRggg
n8HkF,r6k/pp6/2p1ppRp/8/2Pr4/8/PP2KP2/7R b - - 1 31,h8h7 h1h6,992,80,91,409,endgame mate mateIn1 oneMove rookEndgame,https://lichess.org/o68fIiu2/black#62,,True,https://lichess.org/training/n8HkF
Ks1ZO,4r3/p3r1k1/2R3Rp/4p1p1/3p4/1P5P/P4PP1/6K1 b - - 5 32,g7f7 c6f6,993,102,91,54,endgame master mate mateIn1 oneMove rookEndgame,https://lichess.org/lXfGCXwg/black#64,,True,https://lichess.org/training/Ks1ZO
NF0gq,1r4kQ/1q3pb1/2p1p1p1/p3P1P1/2p2P2/PrNb4/1P5R/K1B4R b - - 14 35,g7h8 h2h8 g8g7 h1h7,993,79,90,718,kingsideAttack master mate mateIn2 middlegame short,https://lichess.org/DuxcORT0/black#70,,True,https://lichess.org/training/NF0gq
I6BWs,3RR3/pp3Qrk/1qp2pr1/8/5P1p/6P1/PbP2PBP/6K1 b - - 4 24,g7f7 e8h8 h7g7 d8g8,993,87,93,217,mate mateIn2 middlegame short,https://lichess.org/UWgsKcHh/black#48,,True,https://lichess.org/training/I6BWs
Od0E5,k3r3/P7/1PbR4/2P2Q2/5P2/6P1/4rK1P/8 w - - 3 48,f2g1 e2e1 g1f2 e8e2,993,78,100,336,endgame mate mateIn2 short,https://lichess.org/UIKEYcfn#95,,True,https://lichess.org/training/Od0E5
aOCPP,6RR/5p2/5kpp/2Q5/3P2n1/6PP/5r2/4rBK1 w - - 0 35,h3g4 e1f1,993,78,98,386,endgame mate mateIn1 oneMove,https://lichess.org/P01h0qwe#69,,True,https://lichess.org/training/aOCPP
SIxWn,r5k1/4bppp/2p5/8/1pPP4/1P1BP3/r5PP/1K1R1R2 w - - 3 23,d3c2 a2a1 b1b2 a8a2,993,78,98,3638,endgame mate mateIn2 queensideAttack short,https://lichess.org/Xl3VbNpE#45,,True,https://lichess.org/training/SIxWn
Pikbh,6k1/p5pp/1p2p3/2p2p2/P4P2/1PB1P1P1/2Pr2rP/2R1R1K1 w - - 5 26,g1f1 d2f2,993,79,90,344,endgame mate mateIn1 oneMove,https://lichess.org/gNZJQ7CM#51,,True,https://lichess.org/training/Pikbh
JZsFg,6k1/1p4pp/p7/4R1B1/P7/5P2/1r4rP/4R1K1 w - - 0 31,g1f1 b2f2,993,74,98,742,endgame mate mateIn1 oneMove,https://lichess.org/rs50pI8q#61,,True,https://lichess.org/training/JZsFg
Pdf3N,r3r1k1/p1R3R1/1p5p/6p1/1P4P1/5n2/P1P2b2/1K6 b - - 1 34,g8f8 c7f7,993,82,93,1243,endgame mate mateIn1 oneMove,https://lichess.org/2JOSIqji/black#68,,True,https://lichess.org/training/Pdf3N
dk7gq,2kr1b1r/pR3Rp1/2p1P2p/4n3/6Q1/2N3P1/P1qB3P/7K b - - 0 21,e5g4 f7c7,994,82,96,1701,mate mateIn1 middlegame oneMove,https://lichess.org/aP9MAZRA/black#42,,True,https://lichess.org/training/dk7gq
JwKmv,4r1k1/pp1n1p2/2p2rp1/3pp2p/1P4PR/2P4R/P3N2P/6K1 b - - 0 29,h5g4 h4h8 g8g7 h3h7,994,83,93,1127,endgame kingsideAttack mate mateIn2 short,https://lichess.org/4SlA8Mt2/black#58,,True,https://lichess.org/training/JwKmv
o6YFK,r3r1k1/p4p2/1pp3pR/3p2P1/2BpPn2/3P4/PPP2P2/2K4R b - - 0 25,d5c4 h6h8 g8g7 h1h7,994,78,100,1191,endgame kingsideAttack mate mateIn2 short,https://lichess.org/95IKntaY/black#50,,True,https://lichess.org/training/o6YFK
g03N8,8/8/5pk1/8/3r3r/P4R1K/1P3R2/8 w - - 2 54,h3g3 d4g4,994,77,100,564,endgame mate mateIn1 oneMove rookEndgame,https://lichess.org/Rltfzm4w#107,,True,https://lichess.org/training/g03N8
WWWFw,1r4k1/p4p1p/2p1p1pQ/4P3/2p2PP1/qrP5/1P1R2RP/2K5 w - - 0 25,b2a3 b3b1 c1c2 b8b2,994,80,90,593,endgame mate mateIn2 queenRookEndgame queensideAttack short,https://lichess.org/P383KVta#49,,True,https://lichess.org/training/WWWFw
hVy6v,4r1k1/1p5p/1p1p1pp1/8/6Q1/5PPN/PP3qKP/R3r3 w - - 0 36,g2f2 e8e2,994,85,91,3193,endgame mate mateIn1 oneMove,https://lichess.org/Cnzd8a2D#71,,True,https://lichess.org/training/hVy6v
wMCBJ,2rr1bR1/1q3pQk/2b2n1p/1pp1p3/4P3/1P1PBB2/2PN3P/6RK b - - 5 32,f8g7 g1g7,994,81,92,609,master mate mateIn1 middlegame oneMove,https://lichess.org/DJJDZ9U6/black#64,,True,https://lichess.org/training/wMCBJ
ZcDRc,r7/4k3/2Pp4/2p1p1pP/1p2Pp2/5P2/rPP1N3/1K1R3R w - - 2 42,b2b3 a2a1 b1b2 a8a2,994,81,95,2709,endgame mate mateIn2 queensideAttack short,https://lichess.org/4BlNw28d#83,,True,https://lichess.org/training/ZcDRc
HDOMM,2r2r2/p1pq3k/1pR2R2/4p3/4Ppp1/1B1P1Q2/PP3PP1/6K1 b - - 0 28,g4f3 f6h6 h7g7 c6g6,994,81,93,2890,endgame mate mateIn2 short,https://lichess.org/aLWXkGmm/black#56,,True,https://lichess.org/training/HDOMM
0jTzC,5r1k/4R2p/p1P2q2/2P5/P7/4Q1Pp/6rP/4R1K1 w - - 3 38,g1h1 f6f1 e1f1 f8f1 e3g1 f1g1,994,79,91,168,endgame long mate mateIn3 sacrifice,https://lichess.org/D1req36h#75,,True,https://lichess.org/training/0jTzC
XFb95,7r/2p3k1/3p1pp1/2p4r/4P3/P3QPq1/1PPR3P/4R1K1 w - - 0 30,h2g3 h5h1 g1g2 h8h2,995,86,93,1213,endgame master mate mateIn2 queenRookEndgame short,https://lichess.org/kaBMGJwL#59,,True,https://lichess.org/training/XFb95
Z3pLf,5r2/1b1k4/p2Np3/1pn5/3p4/2NB4/PPP2PrP/R3RK2 w - - 0 26,d6b7 f8f2,995,81,95,899,mate mateIn1 middlegame oneMove,https://lichess.org/0YHGELhl#51,,True,https://lichess.org/training/Z3pLf
09PIw,5b1r/5ppp/p3pn1k/6R1/P4P2/6K1/2p1N2r/6R1 b - - 1 32,h2e2 g1h1 e2h2 h1h2 f6h5 h2h5,995,80,94,837,endgame exposedKing long mate mateIn3,https://lichess.org/AUFsvI0B/black#64,,True,https://lichess.org/training/09PIw
Aaock,1k5r/ppqnP1p1/3N2B1/3p4/5Bp1/6Pr/PPP2P2/R2QR1K1 w - - 1 21,d6f7 h3h1 g1g2 h8h2,995,90,93,1298,kingsideAttack mate mateIn2 middlegame short,https://lichess.org/MS5bBbsa#41,,True,https://lichess.org/training/Aaock
aBaYJ,2k3r1/7R/8/1p1N4/p6P/R1P5/6rK/8 w - - 0 36,h2h3 g8g3,995,76,100,134,endgame mate mateIn1 oneMove,https://lichess.org/8M1SrMkb#71,,True,https://lichess.org/training/aBaYJ
iuByT,7k/4Q1p1/6p1/8/2P1n3/1P4P1/P4r2/3r1BK1 w - - 0 34,e7e4 d1f1,995,85,94,237,endgame mate mateIn1 oneMove,https://lichess.org/LfDbvPsz#67,,True,https://lichess.org/training/iuByT
Y2dYf,8/8/R5pk/8/8/1P2P1P1/P1r3rP/4R1K1 w - - 5 32,g1f1 c2f2,996,77,95,1276,endgame mate mateIn1 oneMove rookEndgame,https://lichess.org/GbX7SSy4#63,,True,https://lichess.org/training/Y2dYf
eXp8p,6rk/p1nq1p1p/1p1p1p2/2pP1N1Q/2P1PP2/2P2K1P/P5r1/1R5R w - - 3 23,f5h6 g8g3,996,83,91,162,mate mateIn1 middlegame oneMove,https://lichess.org/tLfG6Grz#45,,True,https://lichess.org/training/eXp8p
fLt5f,1r3r2/p4p1R/3pp1k1/6p1/6P1/2K5/7R/8 b - - 0 36,a7a5 h2h6,996,83,92,1079,endgame mate mateIn1 oneMove rookEndgame,https://lichess.org/MA39Evf5/black#72,,True,https://lichess.org/training/fLt5f
xCuBl,6r1/P7/2NBp3/3p1pr1/1P1Pk3/7R/6P1/6K1 w - - 3 49,b4b5 g5g2 g1f1 g2g1 f1f2 g8g2,996,89,90,1003,endgame long mate mateIn3,https://lichess.org/1adXWfXw#97,,True,https://lichess.org/training/xCuBl
b5wxY,8/8/4p3/R6p/1P3Q1P/1k3P1K/1r5r/8 w - - 7 48,h3g3 b2g2,996,87,95,1426,endgame mate mateIn1 oneMove queenRookEndgame,https://lichess.org/N1NuH2VX#95,,True,https://lichess.org/training/b5wxY
YU6GD,5r2/ppp3kR/6P1/1n2p1p1/4P3/P2PPr2/1PP5/2K4R b - - 4 28,g7g6 h1h6,996,78,91,389,endgame mate mateIn1 oneMove,https://lichess.org/ImXyGo0o/black#56,,True,https://lichess.org/training/YU6GD
BIOhE,3r1k2/2R2R2/p2r1p2/8/2Pp3p/6p1/P5K1/8 b - - 7 46,f8e8 c7e7,996,78,91,384,endgame mate mateIn1 oneMove rookEndgame,https://lichess.org/5JTaSZbF/black#92,,True,https://lichess.org/training/BIOhE
Kix4w,8/6k1/3pp1pp/4N3/4P3/3R3P/1r5r/1B3RK1 w - - 1 43,e5f3 b2g2,996,82,91,528,endgame mate mateIn1 oneMove,https://lichess.org/UP9RC6mv#85,,True,https://lichess.org/training/Kix4w
ieWwo,8/1pp2R1k/p7/8/7K/r7/P2p2r1/5R2 b - - 10 48,h7g6 f1f6,997,77,100,133,endgame mate mateIn1 oneMove rookEndgame,https://lichess.org/J5bp3wZA/black#96,,True,https://lichess.org/training/ieWwo
EDnzI,7r/ppp5/3pR3/3P1p2/5k2/P1P4r/5PQ1/6K1 w - - 4 29,g2g6 h3h1 g1g2 h8h2,997,112,85,20,endgame mate mateIn2 queenRookEndgame short,https://lichess.org/NndxxCo8#57,,True,https://lichess.org/training/EDnzI
tOpS2,5rk1/ppp2RR1/7p/8/8/8/P4PK1/2r5 b - - 6 31,g8h8 g7h7 h8g8 f7g7,997,80,94,1459,endgame mate mateIn2 rookEndgame short,https://lichess.org/C7Gabq3J/black#62,,True,https://lichess.org/training/tOpS2
4Dthi,r4r1k/pp4Rp/2p1Bp1R/2n1p3/4P3/2P2P2/P1P2P1P/2K5 b - - 2 19,c5e6 h6h7,997,83,91,533,endgame kingsideAttack mate mateIn1 oneMove,https://lichess.org/uGBlyv8l/black#38,,True,https://lichess.org/training/4Dthi
TxVoZ,2r1r1kQ/1p1b1pq1/p3p1p1/3pPnP1/3P4/3B3R/4NPK1/7R b - - 5 28,g7h8 h3h8 g8g7 h1h7,997,93,95,1105,kingsideAttack mate mateIn2 middlegame short,https://lichess.org/XCNl3Nlk/black#56,,True,https://lichess.org/training/TxVoZ
2GUKo,2k4r/1pP2pp1/p6r/P2P4/2P3p1/3Q2P1/5q1P/6BK w - - 1 30,g1f2 h6h2 h1g1 h2h1 g1g2 h8h2,997,76,98,618,endgame fork long master masterVsMaster mate mateIn3,https://lichess.org/Gho5cxro#59,,True,https://lichess.org/training/2GUKo
vCo7Y,1k6/pp3R2/1p1p4/4p3/P3P1p1/2PR2K1/1r5r/6N1 w - - 2 34,d3d6 b2g2,997,76,100,287,endgame mate mateIn1 oneMove,https://lichess.org/Pt7bJnBg#67,,True,https://lichess.org/training/vCo7Y
A8zHS,2r2rk1/pR4R1/3p4/2pPp3/2PbP3/7P/P4P2/7K b - - 4 38,g8h8 g7h7 h8g8 b7g7,997,102,33,26,endgame mate mateIn2 short,https://lichess.org/brucNzQQ/black#76,,True,https://lichess.org/training/A8zHS
LGh9n,4r1k1/R5Rp/p3p1p1/1p2Pp2/1b2pPP1/1P2P2P/7r/5K2 b - - 1 29,g8f8 a7f7,997,82,93,473,endgame master mate mateIn1 oneMove,https://lichess.org/tzNHK97U/black#58,,True,https://lichess.org/training/LGh9n
LnEd7,8/5pk1/R5p1/8/8/2P4P/Pr4r1/4R1K1 w - - 1 33,g1f1 b2f2,998,78,99,731,endgame mate mateIn1 oneMove rookEndgame,https://lichess.org/GtrtmH8e#65,,True,https://lichess.org/training/LnEd7
eDakG,7r/2p2b2/R3p3/P3N1k1/4R3/1P1P2p1/2P3Kr/8 w - - 2 44,g2g3 h8h3,998,77,82,293,endgame mate mateIn1 oneMove,https://lichess.org/gxzvjwPI#87,,True,https://lichess.org/training/eDakG
av2cK,5R2/1pq1pQkp/2p3pb/8/1PbP4/4P2P/rB4P1/5RK1 b - - 2 24,c4f7 f1f7,998,75,99,1241,mate mateIn1 middlegame oneMove,https://lichess.org/XPHqhwqa/black#48,,True,https://lichess.org/training/av2cK
jnWa4,8/5pk1/6p1/PR5p/7P/1P4P1/r5r1/4R1K1 w - - 8 43,g1f1 a2f2,998,77,80,216,endgame mate mateIn1 oneMove rookEndgame,https://lichess.org/ojtZHrsJ#85,,True,https://lichess.org/training/jnWa4
2DkFW,7r/pp3k2/2p2n1r/3P1B2/2P3p1/1P4q1/PBQ2R1P/6K1 w - - 0 24,h2g3 h6h1 g1g2 h8h2,998,85,93,242,mate mateIn2 middlegame short,https://lichess.org/wD9RifGW#47,,True,https://lichess.org/training/2DkFW
YDdFk,8/Rpk2pp1/2p4p/2Pp4/1P6/2PK1P2/1r2r1PP/6R1 w - - 9 35,a7a8 b2d2,998,79,100,81,endgame mate mateIn1 oneMove rookEndgame,https://lichess.org/SmPD0OEq#69,,True,https://lichess.org/training/YDdFk
HSceI,2N3k1/p6p/p5p1/3P4/3R4/8/Pr4rP/4R1K1 w - - 0 26,g1f1 b2f2,998,86,89,578,endgame master mate mateIn1 oneMove,https://lichess.org/7gNF1rjK#51,,True,https://lichess.org/training/HSceI
ATBvN,7k/6p1/p6p/7B/1P2PP2/P6P/r5r1/4R1K1 w - - 3 35,g1f1 a2f2,998,82,91,619,endgame mate mateIn1 oneMove,https://lichess.org/nto3uI4j#69,,True,https://lichess.org/training/ATBvN
s2gw8,8/ppp4p/6p1/1P4R1/r6k/2P3RP/3n2K1/8 b - - 0 37,d2e4 g3g4,998,80,95,307,endgame mate mateIn1 oneMove,https://lichess.org/7GZZVGrU/black#74,,True,https://lichess.org/training/s2gw8
snNZZ,r2r2k1/pp3pp1/2p2p2/5b2/2P4R/1K2Bq2/nP3P2/7R b - - 1 26,g7g6 h4h8 g8g7 h1h7,998,75,97,1695,mate mateIn2 middlegame short,https://lichess.org/ODrZZOAv/black#52,,True,https://lichess.org/training/snNZZ
JtATE,r3k3/5p1p/3Rpp2/Qp6/1Kb5/4q3/PP6/3R4 b q - 0 38,a8a5 d6d8 e8e7 d1d7,998,82,91,780,endgame mate mateIn2 short,https://lichess.org/7PzEz1EJ/black#76,,True,https://lichess.org/training/JtATE
2BZ9q,2k2r2/1p1r1p1n/p1Q1p1pp/4P3/2PP3P/1R1PP3/P1q3P1/1R4K1 b - - 0 25,b7c6 b3b8 c8c7 b1b7,998,76,100,108,endgame mate mateIn2 queensideAttack short,https://lichess.org/aAW5HQuQ/black#50,,True,https://lichess.org/training/2BZ9q
HJpxG,r5k1/5p2/2p1p1p1/1pQ3Pp/1P1PpRPP/1qK1P3/r7/5R2 w - - 0 30,c3b3 a8a3,999,92,94,976,endgame master mate mateIn1 oneMove queenRookEndgame,https://lichess.org/pN1alMhu#59,,True,https://lichess.org/training/HJpxG
Yoo2L,2k2b2/1p1r1N1p/1Bp2Q2/1N2p3/8/5P1p/PP4r1/2Rq3K w - - 2 24,c1d1 d7d1 b6g1 d1g1,999,79,100,53,master mate mateIn2 middlegame short,https://lichess.org/7HZcg3fu#47,,True,https://lichess.org/training/Yoo2L
bL0B3,2rr2kQ/5pb1/p1b1p1p1/3pP1P1/1q1B1P2/2p2B2/PP4KR/7R b - - 3 30,g7h8 h2h8 g8g7 h1h7,999,83,94,1610,kingsideAttack master mate mateIn2 middlegame short,https://lichess.org/ppghEpnL/black#60,,True,https://lichess.org/training/bL0B3
Kd99e,8/6pk/3R3p/2P5/8/4P3/r5rP/4R1K1 w - - 0 33,g1f1 a2f2,999,78,88,129,endgame mate mateIn1 oneMove rookEndgame,https://lichess.org/hpUyFkXT#65,,True,https://lichess.org/training/Kd99e
ooxXp,8/p4p1p/N1B1pk2/3p1p2/3P4/P1R2P2/1r4rP/4R1K1 w - - 0 24,g1f1 b2f2,999,78,96,559,endgame mate mateIn1 oneMove,https://lichess.org/yAtlN8ss#47,,True,https://lichess.org/training/ooxXp
gDgKi,1k5r/ppq3p1/2p1p3/5p2/PPPPpPp1/1QB1P1P1/5R2/R5Kr w - - 1 26,g1g2 h8h2,999,79,91,786,mate mateIn1 middlegame oneMove,https://lichess.org/VkXcPLdK#51,,True,https://lichess.org/training/gDgKi
mGsQ3,8/7R/2p2k2/8/2P5/7P/2r3r1/4R1K1 w - - 7 55,g1f1 c2f2,999,75,98,768,endgame master mate mateIn1 oneMove rookEndgame,https://lichess.org/64syvVMf#109,,True,https://lichess.org/training/mGsQ3
thZ12,2r5/2r1k3/R3Rpp1/4p1p1/8/4KP2/8/8 b - - 1 40,e7d7 a6d6,1000,76,95,2844,endgame mate mateIn1 oneMove rookEndgame,https://lichess.org/fSbfUpeR/black#80,,True,https://lichess.org/training/thZ12
Y20Fw,1r4B1/5pkR/pr2p1p1/2p1P1p1/8/2P5/P1P5/K6R b - - 3 35,g7g8 h7h8 g8g7 h1h7,1000,77,89,237,endgame mate mateIn2 rookEndgame short,https://lichess.org/Mt0V8TQn/black#70,,True,https://lichess.org/training/Y20Fw
4DJBV,7r/P1R2pk1/7r/1Q1p2b1/3Pp1p1/4P1Pq/1P3PRN/7K w - - 1 39,b5d5 h3h2 g2h2 h6h2 h1g1 h2h1 g1g2 h8h2,1000,78,88,271,exposedKing master mate mateIn4 middlegame veryLong,https://lichess.org/ICbcWDfk#77,,True,https://lichess.org/training/4DJBV
ZOYkS,5k2/1pp1r1Rp/p4p1P/5P2/8/1r6/8/2K3R1 b - - 5 34,b3e3 g7g8 f8f7 g1g7,1000,101,94,685,endgame mate mateIn2 rookEndgame short,https://lichess.org/ZlsTcYvC/black#68,,True,https://lichess.org/training/ZOYkS
Bwe2O,1n6/1Prr1ppp/3kp3/3p4/8/1RPK1PPP/8/1R6 b - - 0 35,d6c6 b3b6 c6c5 b1b5,1000,84,66,196,endgame mate mateIn2 short,https://lichess.org/F19dekjy/black#70,,True,https://lichess.org/training/Bwe2O
RTu8Z,1k1r3r/1R2Rp1p/8/8/Pn3n2/7P/1P3PP1/7K b - - 2 26,b8c8 e7c7,1000,80,71,125,endgame mate mateIn1 oneMove,https://lichess.org/8AgXcjUd/black#52,,True,https://lichess.org/training/RTu8Z
BuiFZ,7k/pp4pp/3P4/P7/3Rb2P/2p3B1/BnP3r1/5rNK w - - 0 40,d4e4 f1g1,1001,90,94,370,mate mateIn1 middlegame oneMove,https://lichess.org/KvBbgVTl#79,,True,https://lichess.org/training/BuiFZ
xT6fg,1R1R4/1p2r2k/1pp2ppp/4rb2/8/1B5P/PP4P1/5K2 b - - 5 28,h6h5 d8h8 h7g7 b8g8,1001,82,95,489,endgame mate mateIn2 short,https://lichess.org/1BW9Izc1/black#56,,True,https://lichess.org/training/xT6fg
usMfp,7k/2p5/3p3r/p1p2P2/PbP1Q3/1P2P1rP/8/3R1RK1 w - - 0 32,g1h2 h6h3,1001,76,89,175,endgame master mate mateIn1 oneMove,https://lichess.org/ZgzuoMzq#63,,True,https://lichess.org/training/usMfp
xMYF5,8/4Rkp1/5p2/5PpK/2q5/8/1p6/2q1R3 b - - 1 70,f7f8 e7e8 f8f7 e1e7,1001,82,74,229,endgame mate mateIn2 short,https://lichess.org/4tpF2bXo/black#140,,True,https://lichess.org/training/xMYF5
ULR7Y,7r/pR4R1/1k1p4/4b3/4P1K1/P2P3r/1PP1n3/8 b - - 0 38,b6c6 g7c7,1001,79,92,1571,endgame mate mateIn1 oneMove,https://lichess.org/EsbS9vSp/black#76,,True,https://lichess.org/training/ULR7Y
PeDzi,4kQr1/3b4/p3p3/1pPp4/1P1n2q1/P7/5RPP/1B3RK1 b - - 1 31,g8f8 f2f8 e8e7 f1f7,1001,78,72,83,mate mateIn2 middlegame short,https://lichess.org/dUcO37Yr/black#62,,True,https://lichess.org/training/PeDzi
mXj2E,3rrn1R/p5kQ/1p3pn1/2p1p1P1/2P1P3/3B1PP1/1qP1K3/7R b - - 1 33,f8h7 h1h7,1001,81,93,432,mate mateIn1 middlegame oneMove,https://lichess.org/Q3bFbnOr/black#66,,True,https://lichess.org/training/mXj2E
GDGHC,3rr1k1/1R4Rp/8/q4p2/8/1P2PB1P/Pp3PP1/6K1 b - - 0 28,g8f8 b7f7,1001,78,95,359,endgame mate mateIn1 oneMove,https://lichess.org/YkXt8HXw/black#56,,True,https://lichess.org/training/GDGHC
I9s05,7r/4Rpk1/8/R5K1/7r/7P/8/8 w - - 3 52,a5a7 h8h5,1002,86,88,223,endgame mate mateIn1 oneMove rookEndgame,https://lichess.org/Cp7e4umO#103,,True,https://lichess.org/training/I9s05
snDkM,2r3k1/p1q2r1p/6Q1/4p1P1/3p4/5P2/PPP4R/2K4R b - - 0 25,h7g6 h2h8 g8g7 h1h7,1003,98,100,41,endgame mate mateIn2 queenRookEndgame short,https://lichess.org/9O301zb1/black#50,,True,https://lichess.org/training/snDkM
S96qH,1r6/4R3/1p1k2p1/1Pp5/2Pp1p1r/3K2p1/5PP1/4R3 b - - 1 37,g3f2 e1e6,1003,78,100,66,endgame mate mateIn1 oneMove rookEndgame,https://lichess.org/5BqHzTmH/black#74,,True,https://lichess.org/training/S96qH
U314N,8/1R3R2/k1p5/2r3r1/p2K4/8/5P2/8 b - - 0 54,c5b5 b7a7 a6b6 f7b7,1003,87,94,1553,endgame mate mateIn2 rookEndgame short,https://lichess.org/kYCCtHmd/black#108,,True,https://lichess.org/training/U314N
Z5qDS,8/pN2R3/1kp3r1/3p4/PPb4P/7K/2P3r1/R7 w - - 9 38,b7c5 g6g3,1003,76,95,1079,endgame master mate mateIn1 oneMove,https://lichess.org/Or81y6wN#75,,True,https://lichess.org/training/Z5qDS
n1YtO,6k1/4R2p/2B3p1/3p4/p7/P6P/r5r1/4R1K1 w - - 0 40,g1f1 a2f2,1003,99,93,777,endgame mate mateIn1 oneMove,https://lichess.org/OO2VPH5y#79,,True,https://lichess.org/training/n1YtO
tXblp,7r/8/p5k1/2P1p1P1/4R1K1/P6r/1PR5/8 w - - 3 67,e4e5 h8h4,1003,86,94,528,endgame mate mateIn1 oneMove rookEndgame,https://lichess.org/F7ZPa58z#133,,True,https://lichess.org/training/tXblp
7b8Dt,r3r1k1/1R4Rp/8/8/p4p2/3P3P/6P1/7K b - - 0 32,g8f8 b7f7,1004,81,79,185,endgame master mate mateIn1 oneMove rookEndgame,https://lichess.org/DOqp6WFA/black#64,,True,https://lichess.org/training/7b8Dt
gh6zM,2r3kR/1p3p2/p1r2pp1/8/8/3B4/PP6/1K5R b - - 1 31,g8g7 h1h7,1004,84,93,600,endgame master mate mateIn1 oneMove,https://lichess.org/3aPumwvM/black#62,,True,https://lichess.org/training/gh6zM
ZhQqG,8/1p2k3/p2p3P/3Pp3/8/4P3/Pr3r1P/1K1R2R1 w - - 0 27,b1c1 f2c2,1004,79,89,557,endgame master mate mateIn1 oneMove rookEndgame,https://lichess.org/jAdxQ3ih#53,,True,https://lichess.org/training/ZhQqG
rrKDR,2k5/pp4p1/2p5/2b1PRN1/3r3r/6K1/PP4P1/R7 w - - 0 24,g5f3 d4g4,1004,77,87,147,endgame mate mateIn1 oneMove,https://lichess.org/tY6OQ6oY#47,,True,https://lichess.org/training/rrKDR
WRBCP,7r/pppk1p1r/3b2p1/3P2B1/3NP1p1/3B2P1/P4P2/R4RK1 w - - 3 21,f1e1 h7h1 g1g2 h8h2,1004,80,96,1370,kingsideAttack mate mateIn2 middlegame short,https://lichess.org/EUF0G1RM#41,,True,https://lichess.org/training/WRBCP
ulfSQ,7r/2R1R2p/3kp1p1/3b4/P4P2/1r6/2K3PP/8 b - - 1 36,b3b4 e7d7,1005,79,86,689,endgame mate mateIn1 oneMove,https://lichess.org/BC4GGWMY/black#72,,True,https://lichess.org/training/ulfSQ
QOmMp,4rk2/ppR3R1/4bp2/5Np1/8/2P2P1P/Pr4P1/6K1 b - - 4 32,e6f5 c7f7,1005,90,94,1819,endgame mate mateIn1 oneMove,https://lichess.org/wFLmN97T/black#64,,True,https://lichess.org/training/QOmMp
RXoav,8/4k2p/p1p5/1p2Prp1/6R1/1PR3KP/1PP2r1P/8 w - - 0 28,c3c6 f5f3,1005,76,86,193,endgame master mate mateIn1 oneMove rookEndgame,https://lichess.org/PtIa5jek#55,,True,https://lichess.org/training/RXoav
0pVkn,8/p2rkR1p/6p1/4p3/2p1K3/2P3P1/P1Pr3P/5R2 b - - 5 34,e7e6 f1f6,1005,80,94,1894,endgame master mate mateIn1 oneMove rookEndgame,https://lichess.org/3KvoCQUz/black#68,,True,https://lichess.org/training/0pVkn
p9Wq2,8/3R3R/p3kr2/4r1p1/4p1P1/7K/P4b2/8 b - - 0 37,e5d5 h7e7,1006,75,96,4525,endgame master mate mateIn1 oneMove,https://lichess.org/dlLXyZyk/black#74,,True,https://lichess.org/training/p9Wq2
RvVIx,8/1p6/p2pk2r/5R2/7r/6R1/PP3P1P/7K w - - 1 32,f5f3 h4h2 h1g1 h2h1 g1g2 h6h2,1006,78,60,114,endgame long mate mateIn3 rookEndgame,https://lichess.org/kaiy7qyK#63,,True,https://lichess.org/training/RvVIx
nr2jQ,6k1/pppb1r1p/3p2BR/4r1P1/2P5/2N5/PP6/2K4R b - - 0 23,h7g6 h6h8 g8g7 h1h7,1006,84,94,599,endgame mate mateIn2 short,https://lichess.org/4jGO4aPG/black#46,,True,https://lichess.org/training/nr2jQ
KSCY0,4r1k1/p1R3Rp/1p3p1p/5K2/1P3P1r/1n6/8/8 b - - 1 47,g8f8 c7f7,1006,80,96,818,endgame mate mateIn1 oneMove,https://lichess.org/xete1slm/black#94,,True,https://lichess.org/training/KSCY0
9HKG5,4r1k1/3R2R1/1p6/pPp2p2/2P1r3/P6P/7K/8 b - - 2 40,g8f8 d7f7,1006,77,83,210,endgame master mate mateIn1 oneMove rookEndgame,https://lichess.org/OZBZmSYW/black#80,,True,https://lichess.org/training/9HKG5
NiOYI,2r5/p5k1/3R4/3p1pNp/3P1P1P/1P6/P1rK2P1/8 w - - 0 30,d2d3 c8c3,1007,85,94,120,endgame master mate mateIn1 oneMove,https://lichess.org/UwSnKKXa#59,,True,https://lichess.org/training/NiOYI
VlwqR,7r/R1Rk2p1/1p2p1p1/1r3p2/3Pp3/4P2P/4KPP1/8 b - - 0 26,d7d6 c7d7 d6c6 a7c7,1007,77,90,409,endgame mate mateIn2 rookEndgame short,https://lichess.org/vbveA6rP/black#52,,True,https://lichess.org/training/VlwqR
tF9d7,3R3R/2r2pk1/5rp1/ppQ5/2p5/P1P3P1/1P4b1/6K1 b - - 0 44,c7c5 d8g8,1007,76,83,206,endgame mate mateIn1 oneMove,https://lichess.org/XPENIRJ5/black#88,,True,https://lichess.org/training/tF9d7
gdBwf,r5k1/1b3p2/p2r1PpR/2p1p3/Pp2P3/5P2/1PP1B3/2K4R b - - 3 29,d6f6 h6h8 g8g7 h1h7,1007,76,97,2761,endgame master mate mateIn2 short,https://lichess.org/SdJn6NI1/black#58,,True,https://lichess.org/training/gdBwf
PkPG5,3R1n2/2k5/2p2p2/P3p2p/1bb1P1pP/1r4P1/1B3P2/K2R4 b - - 12 38,f8e6 d1d7,1008,80,94,2524,mate mateIn1 middlegame oneMove,https://lichess.org/aNMlWnnm/black#76,,True,https://lichess.org/training/PkPG5
osB66,2k4r/R1p4r/1p1p4/1P2p3/2P1P2p/5P2/R5PK/8 b - - 3 33,c8b8 a7a8 b8b7 a2a7,1008,84,93,648,endgame mate mateIn2 rookEndgame short,https://lichess.org/CYPDREEA/black#66,,True,https://lichess.org/training/osB66
BYhEP,7k/8/7N/8/2P2P1P/3P2P1/3r2r1/4R1K1 w - - 7 50,g1f1 d2f2,1008,75,88,344,endgame master mate mateIn1 oneMove,https://lichess.org/lElYq4be#99,,True,https://lichess.org/training/BYhEP
xs7jG,rnR2b1r/p2kp1p1/1p1p3p/8/3N4/8/PP3PPP/2R3K1 b - - 1 18,a7a6 c1c7,1008,86,94,121,mate mateIn1 middlegame oneMove,https://lichess.org/x2N86SPC/black#36,Sicilian_Defense Sicilian_Defense_Delayed_Alapin_Variation,True,https://lichess.org/training/xs7jG
lEFwI,3r3r/Rkp1b1p1/1p6/1P3p2/5P2/1qNpB2p/3K1P2/R7 b - - 1 33,b7b8 a7a8 b8b7 a1a7,1008,77,92,2132,mate mateIn2 middlegame queensideAttack short,https://lichess.org/AOqH5Mdi/black#66,,True,https://lichess.org/training/lEFwI
rbFSu,r4rk1/1pp1R2R/1p1p1p2/3P1q2/1P6/P3Pp2/1BQ1nP2/5K2 b - - 3 29,f5c2 e7g7,1008,76,99,961,mate mateIn1 middlegame oneMove,https://lichess.org/hMmEStzJ/black#58,,True,https://lichess.org/training/rbFSu
P4fbA,3r4/ppk4p/2P5/2R1p3/4Pp2/P4P2/5P1P/2Rr1K2 w - - 1 31,f1e2 d8d2,1009,84,93,1318,endgame mate mateIn1 oneMove rookEndgame,https://lichess.org/t08L7rJ7#61,,True,https://lichess.org/training/P4fbA
X7a5l,r5k1/1b1p1R1R/6N1/ppK1p3/6p1/6r1/PPP5/8 b - - 1 34,g3h3 f7g7,1009,75,84,264,endgame mate mateIn1 oneMove,https://lichess.org/dq1gGNKX/black#68,,True,https://lichess.org/training/X7a5l
KDtkG,4R3/3r3k/p5pp/1p4n1/4B3/P3P1R1/1P3P2/3rK3 w - - 1 50,e1e2 d7d2,1009,78,99,967,endgame mate mateIn1 oneMove,https://lichess.org/36NOwKrP#99,,True,https://lichess.org/training/KDtkG
rKgYS,2kb3R/pp1R3p/2B2p2/2p5/8/PqP4P/1P3PP1/6K1 b - - 0 31,b7c6 h8d8,1009,75,88,308,endgame mate mateIn1 oneMove,https://lichess.org/uDasrwBB/black#62,,True,https://lichess.org/training/rKgYS
t5z1k,2r5/2r1k1pp/R3R3/4ppP1/3p3P/3P4/5PK1/8 b - - 1 38,e7d7 a6d6,1009,99,100,38,endgame mate mateIn1 oneMove rookEndgame,https://lichess.org/GL5Dcot2/black#76,,True,https://lichess.org/training/t5z1k
TviTC,6k1/1R3pp1/7p/PP6/8/7P/r5r1/4R1K1 w - - 6 42,g1f1 a2f2,1009,85,94,511,endgame mate mateIn1 oneMove rookEndgame,https://lichess.org/Vwx7eGhr#83,,True,https://lichess.org/training/TviTC
LKKGL,4r1k1/p2R2R1/3p3p/2pP4/2p5/6PP/Pr4P1/6K1 b - - 0 30,g8f8 d7f7,1009,80,88,78,endgame mate mateIn1 oneMove rookEndgame,https://lichess.org/b7e7DE9y/black#60,,True,https://lichess.org/training/LKKGL
q4k36,3k1r2/pp1R2R1/8/3p2P1/5P2/8/PP1q2P1/K7 b - - 3 36,d8e8 g7e7,1009,86,94,171,endgame master mate mateIn1 oneMove queenRookEndgame,https://lichess.org/DEDGbaZ4/black#72,,True,https://lichess.org/training/q4k36
N5JKP,4r1kR/1pp3P1/3p1p2/p2qpPp1/2n1N3/5P1R/P3K3/8 b - - 2 35,g8g7 h3h7,1009,82,94,962,endgame mate mateIn1 oneMove,https://lichess.org/PLZhgFqL/black#70,,True,https://lichess.org/training/N5JKP
a4yCk,8/p5k1/8/2P4p/3r2r1/1B2RK2/P3R2P/8 w - - 8 42,c5c6 d4f4,1009,79,89,186,endgame mate mateIn1 oneMove,https://lichess.org/8qxN9w2P#83,,True,https://lichess.org/training/a4yCk
DL8yu,8/1p2k1p1/p6p/8/3P1N2/6P1/Pr3rP1/1K1R3R w - - 0 23,b1c1 f2c2,1010,75,89,568,endgame mate mateIn1 oneMove,https://lichess.org/gimuDUqK#45,,True,https://lichess.org/training/DL8yu
8wN2o,5k2/5R1p/2P1p1p1/3bP3/7P/6P1/P4RBK/2qr4 b - - 0 32,f8e8 f7f8 e8e7 f2f7,1010,98,86,22,endgame mate mateIn2 short,https://lichess.org/aBxQaKRy/black#64,,True,https://lichess.org/training/8wN2o
TbF8h,4r3/4P1k1/pr1nR1R1/1p1B2P1/8/6P1/Pbp3K1/8 b - - 1 39,g7h8 g6h6 h8g7 e6g6,1010,77,100,86,mate mateIn2 middlegame short,https://lichess.org/sxSOce37/black#78,,True,https://lichess.org/training/TbF8h
x60bd,6rk/pp1b2rp/2p3q1/2Pp1p1R/3Pp3/4PQ2/PP2BRPP/6K1 w - - 0 28,f3f4 g6g2 f2g2 g7g2 g1f1 g2g1 f1f2 g8g2,1010,79,86,457,fork mate mateIn4 middlegame sacrifice veryLong,https://lichess.org/gymeCPcN#55,,True,https://lichess.org/training/x60bd
pT6sv,r7/3R2R1/5pkp/4p3/p7/4PP1P/5K2/1r6 b - - 0 32,g6f5 e3e4 f5e6 g7e7,1010,88,92,781,endgame mate mateIn2 rookEndgame short,https://lichess.org/nPK35oi8/black#64,,True,https://lichess.org/training/pT6sv
HlI1I,2r3k1/3q1r1p/1p2p1Q1/pb2Pn1R/3PB3/2P5/PP3B2/2K4R b - - 0 26,h7g6 h5h8 g8g7 h1h7,1010,76,98,1413,kingsideAttack mate mateIn2 middlegame short,https://lichess.org/v74sm1AD/black#52,,True,https://lichess.org/training/HlI1I
k0yoj,4Br2/7k/1p1r1pRp/4p2R/PP5P/4K3/8/8 b - - 10 38,f8e8 h5h6,1011,76,100,248,endgame mate mateIn1 oneMove rookEndgame,https://lichess.org/1egeo2Ea/black#76,,True,https://lichess.org/training/k0yoj
tgZTv,2rr2kQ/1p3pb1/2q1p1p1/pbnpP1P1/3B1P2/2N2B2/PPP3KR/7R b - - 5 29,g7h8 h2h8 g8g7 h1h7,1011,87,95,465,kingsideAttack master mate mateIn2 middlegame short,https://lichess.org/O281dIMt/black#58,,True,https://lichess.org/training/tgZTv
3BGMZ,8/rkR5/p7/1p1pp3/1P3r2/8/4KPPP/2R5 b - - 8 36,b7b6 c1c6,1011,76,100,165,endgame mate mateIn1 oneMove rookEndgame,https://lichess.org/tmow9tTK/black#72,,True,https://lichess.org/training/3BGMZ
ZSCQW,r5k1/1q2Qppp/2p2n2/2p3B1/r1Np1P1P/1P1P4/2P3P1/1K1RR3 w - - 1 25,e7b7 a4a1 b1b2 a8a2,1011,76,100,111,mate mateIn2 middlegame queensideAttack short,https://lichess.org/MgWqdiuk#49,,True,https://lichess.org/training/ZSCQW
ejeTC,2k3r1/pp5P/4qp2/4p3/4P2Q/P2P1R1P/1P4rK/R1B5 w - - 1 30,h2h1 g2g1 h1h2 g8g2,1011,75,100,321,mate mateIn2 middlegame short,https://lichess.org/pJMjBxsb#59,,True,https://lichess.org/training/ejeTC
PRbuF,8/pp2R2p/5k2/5p2/n2p3P/1Pq5/4R3/3K4 b - - 5 40,d4d3 e2e6,1011,79,99,1368,endgame master mate mateIn1 oneMove,https://lichess.org/5L02uAJg/black#80,,True,https://lichess.org/training/PRbuF
I1erZ,r7/p5R1/P6k/7p/4Pp1P/4r3/7K/6R1 b - - 3 39,e3e4 g1g6,1011,76,99,747,endgame mate mateIn1 oneMove rookEndgame,https://lichess.org/mklb6bXv/black#78,,True,https://lichess.org/training/I1erZ
OVG7D,r7/4kp1N/2p1p1p1/2PpP3/1p1R1P1P/rn6/P1R2P2/1K6 w - - 0 31,a2b3 a3a1 b1b2 a8a2,1011,81,77,203,endgame mate mateIn2 queensideAttack short,https://lichess.org/Vz4bPFXP#61,,True,https://lichess.org/training/OVG7D
lvKRN,r3brk1/4R2R/1q2p1B1/p1ppP3/8/2P1PN2/PPp2PP1/2K5 b - - 2 22,e8g6 e7g7,1011,76,98,4345,mate mateIn1 middlegame oneMove,https://lichess.org/rIyT6MMV/black#44,,True,https://lichess.org/training/lvKRN
F6Za1,2b1r1k1/R1P3p1/8/1N6/2R2P2/P1P2K2/4r2P/8 w - - 5 35,b5d6 e8e3,1011,76,91,850,endgame mate mateIn1 oneMove,https://lichess.org/hiJU4izY#69,,True,https://lichess.org/training/F6Za1
RRex7,2r3k1/3b1r1p/4p1B1/p3P3/P2p1P2/1Pb3PR/8/2K4R b - - 0 32,h7g6 h3h8 g8g7 h1h7,1011,85,94,772,endgame mate mateIn2 short,https://lichess.org/IVOhBtbf/black#64,,True,https://lichess.org/training/RRex7
XFIC6,2k5/1p1r1pp1/pRQ2n1p/2P2P2/3q4/P2Pp1P1/2P3KP/1R6 b - - 0 26,b7c6 b6b8 c8c7 b1b7,1012,77,88,247,endgame mate mateIn2 queensideAttack short,https://lichess.org/lB9hhdRF/black#52,,True,https://lichess.org/training/XFIC6
ILuJK,2k4r/p7/1p6/2pR2P1/5PK1/1P5r/P5R1/8 w - - 7 43,f4f5 h8h4,1012,80,92,354,endgame mate mateIn1 oneMove rookEndgame,https://lichess.org/tFPNuCg4#85,,True,https://lichess.org/training/ILuJK
o8RIT,7r/8/8/1R6/4pRp1/2k1P1P1/5PK1/7r w - - 7 61,f4e4 h8h2,1012,79,100,67,endgame mate mateIn1 oneMove rookEndgame,https://lichess.org/Px5k71t8#121,,True,https://lichess.org/training/o8RIT
FIopv,3rr1k1/1R4R1/6p1/8/5n2/4Np2/6PP/5K2 b - - 2 34,g8f8 b7f7,1013,87,95,488,endgame mate mateIn1 oneMove,https://lichess.org/UiVk95Nb/black#68,,True,https://lichess.org/training/FIopv
rZFsH,8/6pp/4P3/5R2/R5P1/4k2K/3r2r1/8 w - - 2 42,e6e7 g2h2 h3g3 d2g2,1013,76,98,240,endgame mate mateIn2 rookEndgame short,https://lichess.org/NEZ2UnuM#83,,True,https://lichess.org/training/rZFsH
uH0sF,3r2k1/2r2p1R/4p1p1/pp2P3/2q1P3/P2Q3R/1B4P1/6K1 b - - 0 32,c4d3 h7h8 g8g7 h3h7,1013,82,93,907,endgame mate mateIn2 short,https://lichess.org/WlgBbb4N/black#64,,True,https://lichess.org/training/uH0sF
UT0UD,6rk/p1R4p/8/5prK/3P1p2/2P4R/PP3P2/8 w - - 4 35,h5h6 g8g6,1013,83,94,872,endgame mate mateIn1 oneMove rookEndgame,https://lichess.org/7RI8rFQD#69,,True,https://lichess.org/training/UT0UD
Ed9nH,8/pp2R3/2p2k2/3p1ppP/1P1P3n/2q4P/5P2/3BR1K1 b - - 3 45,c3d4 e1e6,1013,81,93,422,endgame master mate mateIn1 oneMove,https://lichess.org/bCS3Xs22/black#90,,True,https://lichess.org/training/Ed9nH
eCCm9,r4k2/3R2R1/2p1r3/p7/3K4/8/1P6/8 b - - 1 44,a8e8 d7f7,1013,76,99,1202,endgame mate mateIn1 oneMove rookEndgame,https://lichess.org/bRKGk6xs/black#88,,True,https://lichess.org/training/eCCm9
eUxeo,2r3kQ/pp1b1pb1/4p1p1/3pP3/3q1PP1/1Pr5/P1P3BR/1K5R b - - 1 27,g7h8 h2h8 g8g7 h1h7,1014,77,98,1165,kingsideAttack mate mateIn2 middlegame short,https://lichess.org/peCYUzy1/black#54,,True,https://lichess.org/training/eUxeo
cDWUk,6k1/p3b1R1/1p2p3/2p1Pr2/8/2P4K/PP4R1/3r4 b - - 0 40,g8f8 g7g8 f8f7 g2g7,1014,81,88,74,endgame mate mateIn2 short,https://lichess.org/x3jE2oNy/black#80,,True,https://lichess.org/training/cDWUk
980py,8/R6p/4ppk1/1P6/4PK1P/1P3P2/3r2r1/7R w - - 1 32,b5b6 e6e5 f4e3 g2e2,1014,77,93,440,endgame mate mateIn2 rookEndgame short,https://lichess.org/ZzJ52hle#63,,True,https://lichess.org/training/980py
qJMTe,8/pppk4/4R3/8/8/3PPK2/Pr4r1/R7 w - - 1 31,e6e4 b2f2,1014,76,100,106,endgame mate mateIn1 oneMove rookEndgame,https://lichess.org/jtuhYJL4#61,,True,https://lichess.org/training/qJMTe
dlpY9,r6r/1R3R1p/p1kpp3/6p1/2p1P3/2P2P2/P5PP/6K1 b - - 1 27,h7h6 f7c7,1014,79,98,2812,endgame mate mateIn1 oneMove rookEndgame,https://lichess.org/K2gUPHPF/black#54,,True,https://lichess.org/training/dlpY9
68Ria,5r2/2R5/1p1p2kp/3P2p1/PP2p1P1/6KP/5r2/2R5 w - - 1 44,c7c6 f8f3,1014,88,93,1856,endgame mate mateIn1 oneMove rookEndgame,https://lichess.org/tVpQFqrS#87,,True,https://lichess.org/training/68Ria
w5mKh,6k1/2r2r1p/3p2Q1/p1p2pP1/1pNp1q2/3P1P2/PPP1PK1R/7R b - - 0 32,h7g6 h2h8 g8g7 h1h7,1014,89,60,46,endgame kingsideAttack mate mateIn2 short,https://lichess.org/59CW5B36/black#64,,True,https://lichess.org/training/w5mKh
JTXzM,4r3/R7/3k4/3b4/2PR4/6P1/1P2rKPP/8 w - - 1 34,f2f1 e2e1 f1f2 e8e2,1014,82,94,566,endgame mate mateIn2 short,https://lichess.org/3ars6gci#67,,True,https://lichess.org/training/JTXzM
MpTqx,4r1k1/pR4R1/6p1/3prp2/8/8/P6P/7K b - - 7 37,g8f8 b7f7,1014,82,89,1956,endgame mate mateIn1 oneMove rookEndgame,https://lichess.org/3EzkI4Yu/black#74,,True,https://lichess.org/training/MpTqx
R2P9Z,2r3k1/p1qn1r1p/3bp1Q1/1p1p2P1/3P4/P3BN1R/1PP2P2/2K4R b - - 0 22,h7g6 h3h8 g8g7 h1h7,1014,133,89,36,kingsideAttack mate mateIn2 middlegame short,https://lichess.org/Ygqym35n/black#44,,True,https://lichess.org/training/R2P9Z
ikNq4,3R2R1/pp2kp2/5p2/7p/2q4P/P7/1P6/1K6 b - - 7 40,c4h4 g8e8,1014,82,94,213,endgame mate mateIn1 oneMove queenRookEndgame,https://lichess.org/Km9G2dYL/black#80,,True,https://lichess.org/training/ikNq4
4hprd,4r3/8/1pR4B/6PP/2P3k1/8/P4K2/4r3 w - - 3 38,c6f6 e8e2,1014,79,83,289,endgame mate mateIn1 oneMove,https://lichess.org/C37trnmc#75,,True,https://lichess.org/training/4hprd
o0SWX,1k3r2/p6p/1b6/3RP3/3P3P/P1R1Kr2/1P3P2/8 w - - 0 36,e3e4 f8f4,1014,78,100,244,endgame mate mateIn1 oneMove,https://lichess.org/jJLYKVhQ#71,,True,https://lichess.org/training/o0SWX
X7IRw,8/7k/2pp4/7n/2PN3r/4P1rP/PR5K/4R3 w - - 4 41,d4f5 h4h3,1015,77,95,4956,endgame mate mateIn1 oneMove,https://lichess.org/H7BymHQX#81,,True,https://lichess.org/training/X7IRw
IoUj8,5rR1/ppp3Qk/5q1p/4p2P/2n1P3/2P2r2/PP2K3/6R1 b - - 3 29,f6g7 g1g7,1015,95,94,2297,endgame mate mateIn1 oneMove,https://lichess.org/eLEtvA8u/black#58,,True,https://lichess.org/training/IoUj8
lw0iA,8/2p2R2/p3p1kp/P2pP1p1/2pP2P1/7P/3q4/5R1K b - - 0 40,d2d4 f1f6,1015,82,86,106,endgame mate mateIn1 oneMove queenRookEndgame,https://lichess.org/8teK7nsi/black#80,,True,https://lichess.org/training/lw0iA
aVboA,8/2R2Rp1/1r2p1kp/3p4/3P2P1/2P1K2n/4NP2/4r3 b - - 0 37,b6b2 f7g7 g6f6 c7f7,1015,75,98,639,endgame mate mateIn2 short,https://lichess.org/Pfl2N0Mo/black#74,,True,https://lichess.org/training/aVboA
me7ag,1r6/3k4/4p3/p1p5/2p4P/P1P5/4R1P1/1rK1R3 w - - 2 38,c1c2 b8b2,1015,96,95,6409,endgame mate mateIn1 oneMove rookEndgame,https://lichess.org/XP1DhpM6#75,,True,https://lichess.org/training/me7ag
9hRY6,r7/pp3R1p/1b1pk3/1p2p3/4P1b1/2P5/PP4PP/5R1K b - - 2 23,g4e2 f1f6,1016,88,95,1122,endgame mate mateIn1 oneMove,https://lichess.org/TfVQQPhA/black#46,,True,https://lichess.org/training/9hRY6
b1JPG,1k5r/R1p2R2/8/1NBp4/6p1/4P1P1/PP5r/6K1 w - - 0 41,a7c7 h2h1 g1g2 h8h2,1016,76,84,76,endgame mate mateIn2 short,https://lichess.org/50SGjWyh#81,,True,https://lichess.org/training/b1JPG
6P7AE,1r4k1/1q3r1p/b3p1Q1/2ppP3/p4PP1/P7/1PP4R/2KN3R b - - 0 26,h7g6 h2h8 g8g7 h1h7,1016,76,100,120,kingsideAttack mate mateIn2 middlegame short,https://lichess.org/SZ8whQGg/black#52,,True,https://lichess.org/training/6P7AE
Xto2R,8/kp6/7P/P3R3/8/8/r5r1/4R1K1 w - - 0 47,g1f1 a2f2,1016,77,100,146,endgame mate mateIn1 oneMove rookEndgame,https://lichess.org/scw7FNyv#93,,True,https://lichess.org/training/Xto2R
8PhOx,7k/8/4NpR1/8/6P1/8/Pr4r1/4R1K1 w - - 1 32,g1f1 b2f2,1016,79,97,1063,endgame mate mateIn1 oneMove,https://lichess.org/DbXK9IOY#63,,True,https://lichess.org/training/8PhOx
b3TFZ,5R2/pp2r1kp/4N1r1/1bqp2Q1/8/8/PP4PP/5R1K b - - 5 35,e7e6 f1f7,1016,79,94,4215,mate mateIn1 middlegame oneMove,https://lichess.org/HiSDHoIW/black#70,,True,https://lichess.org/training/b3TFZ
Ue0Z4,5R1k/7p/6pq/p7/2K5/2P5/2P5/5R2 b - - 1 39,h8g7 f1f7,1016,90,95,250,endgame mate mateIn1 oneMove queenRookEndgame,https://lichess.org/s6K3HLKQ/black#78,,True,https://lichess.org/training/Ue0Z4
15lLp,r5k1/pp3r1p/n2p1pQ1/3Pp3/4P3/2NB1P1R/PP3q2/2K4R b - - 0 18,h7g6 h3h8 g8g7 h1h7,1017,77,97,9386,kingsideAttack mate mateIn2 middlegame short,https://lichess.org/0nbVdmf8/black#36,Queens_Pawn_Game Queens_Pawn_Game_Other_variations,True,https://lichess.org/training/15lLp
Ib0xT,6k1/p4ppp/8/3N4/5P2/3P4/1r2r1PP/R2K3R w - - 1 30,a1c1 b2d2,1017,77,98,3748,endgame mate mateIn1 oneMove,https://lichess.org/rEqAn83S#59,,True,https://lichess.org/training/Ib0xT
TBVmi,1r6/p7/bp2R2R/3pPpk1/3Pn3/2P3P1/7P/6K1 b - - 0 42,e4c3 e6g6,1017,76,98,425,endgame mate mateIn1 oneMove,https://lichess.org/ReuqzPSu/black#84,,True,https://lichess.org/training/TBVmi
HgaZj,1k6/7R/4p3/8/3PK3/1Pr2rP1/P6P/R7 w - - 3 36,a1d1 c3e3,1017,88,93,221,endgame mate mateIn1 oneMove rookEndgame,https://lichess.org/m3wdEYkc#71,,True,https://lichess.org/training/HgaZj
B2MlT,r3r1k1/1pq2p2/p5p1/2p3P1/3Q1P2/1P2N2R/P3K3/7R b - - 0 30,c5d4 h3h8 g8g7 h1h7,1018,76,84,239,endgame mate mateIn2 short,https://lichess.org/d5b6m4hw/black#60,,True,https://lichess.org/training/B2MlT
tO6YN,5r2/5p2/p6k/1p1p1pRp/4rP2/PKP5/1P6/7R b - - 3 30,e4f4 h1h5,1018,77,90,185,endgame mate mateIn1 oneMove rookEndgame,https://lichess.org/720tZEQI/black#60,,True,https://lichess.org/training/tO6YN
gyTUQ,2R2bk1/1p2qR1p/4P1p1/4P3/p7/6P1/P4P1P/6K1 b - - 9 35,e7e6 c8f8,1019,77,93,996,endgame master mate mateIn1 oneMove,https://lichess.org/C3Qb0p3T/black#70,,True,https://lichess.org/training/gyTUQ
j6cLX,8/8/p7/4Rkp1/1p6/1Prr4/5PK1/4R3 b - - 6 42,f5f4 e1e4,1019,88,93,917,endgame mate mateIn1 oneMove rookEndgame,https://lichess.org/l5eZqGdg/black#84,,True,https://lichess.org/training/j6cLX
z4xqf,2k5/ppp4R/2p5/8/4P3/1P3P2/P1P1KP1P/RN1r2r1 w - - 3 18,h2h4 g1e1,1019,84,91,1489,endgame mate mateIn1 oneMove,https://lichess.org/6Brn3ztR#35,,True,https://lichess.org/training/z4xqf
s25Y8,4r1k1/R5R1/3p4/p1p1p2p/6pP/6K1/P5P1/2r5 b - - 1 34,g8f8 a7f7,1019,96,91,1879,endgame mate mateIn1 oneMove rookEndgame,https://lichess.org/2yv4q3op/black#68,,True,https://lichess.org/training/s25Y8
TwlGr,6k1/pp5p/4p1p1/4P2r/P1pP3r/2P1RpR1/1P3P1P/7K w - - 4 30,e3f3 h4h2 h1g1 h2h1 g1g2 h5h2,1019,83,84,146,endgame long mate mateIn3 rookEndgame,https://lichess.org/gTbaFFTy#59,,True,https://lichess.org/training/TwlGr
bW0VL,5bk1/p7/2N5/2p5/8/2P4P/Pr4rP/3RR1K1 w - - 1 28,g1f1 b2f2,1019,87,100,34,endgame mate mateIn1 oneMove,https://lichess.org/NcLjTQdh#55,,True,https://lichess.org/training/bW0VL
PXiVl,8/6Rk/8/7p/5p2/1q3P1K/8/6R1 b - - 3 52,h7h6 g1g6,1019,78,91,872,endgame mate mateIn1 oneMove queenRookEndgame,https://lichess.org/0Wu9Pfjw/black#104,,True,https://lichess.org/training/PXiVl
vYqSl,4R2R/5kp1/6p1/1p3pq1/5p2/8/8/5K2 b - - 3 48,g5g3 h8f8,1019,76,83,123,endgame mate mateIn1 oneMove queenRookEndgame,https://lichess.org/HbTAdI7t/black#96,,True,https://lichess.org/training/vYqSl
3BLPo,4r3/r7/p5R1/1p3k2/5p2/3ppK2/P6P/6R1 b - - 1 42,e8f8 g1g5,1019,80,92,5152,endgame mate mateIn1 oneMove rookEndgame,https://lichess.org/7LHN8mSz/black#84,,True,https://lichess.org/training/3BLPo
H8R27,6k1/pp3pp1/7p/PPp1b1r1/2PpPp2/3P1Pr1/4RQBq/6RK w - - 0 35,h1h2 g5h5 g2h3 h5h3,1019,76,96,2698,mate mateIn2 middlegame short,https://lichess.org/uvdKLxKS#69,,True,https://lichess.org/training/H8R27
5CqEo,4r1k1/1R4R1/5p2/3p4/P2q1P2/2p5/5N1P/6K1 b - - 2 33,g8f8 b7f7,1019,86,93,995,endgame mate mateIn1 oneMove,https://lichess.org/O54ENbbZ/black#66,,True,https://lichess.org/training/5CqEo
DMeR9,8/6pk/7p/1PR5/3P4/7P/1r4r1/4R1K1 w - - 4 49,g1f1 b2f2,1019,172,100,6,endgame mate mateIn1 oneMove rookEndgame,https://lichess.org/RPmDzYNM#97,,True,https://lichess.org/training/DMeR9
TRcQ2,8/6pk/7p/8/2P5/3R1P2/1r3rPP/3R1K2 w - - 1 38,f1e1 b2e2,1019,78,97,905,endgame mate mateIn1 oneMove rookEndgame,https://lichess.org/c11q5Eas#75,,True,https://lichess.org/training/TRcQ2
FGfTI,6k1/4bpB1/p3p2Q/6P1/4PP2/1p1r4/2r1N2P/2K5 w - - 0 30,c1b1 d3d1 e2c1 d1c1,1020,83,94,356,endgame mate mateIn2 short,https://lichess.org/aJ0MZIqo#59,,True,https://lichess.org/training/FGfTI
ixdDJ,8/5pk1/1p6/2p3pp/6N1/2RP3P/r5r1/4RK2 w - - 0 40,g4e3 a2f2,1020,77,71,101,endgame mate mateIn1 oneMove,https://lichess.org/hH30Ao4S#79,,True,https://lichess.org/training/ixdDJ
gnKJw,6k1/8/p7/1p4p1/3P1N2/P1P2PK1/1r5r/R3R3 w - - 0 38,f4d5 b2g2,1020,75,100,1369,endgame mate mateIn1 oneMove,https://lichess.org/aeOaYn9X#75,,True,https://lichess.org/training/gnKJw
AXEd8,2r1rk2/pp1R2Rp/6p1/4ppn1/7P/8/1K3PP1/8 b - - 0 30,g5e6 d7f7,1020,76,83,160,endgame mate mateIn1 oneMove,https://lichess.org/NEfRfXhV/black#60,,True,https://lichess.org/training/AXEd8
eptMA,6k1/1r5p/6b1/p2pPpP1/B1pP1P2/2P5/P3R3/1rK1R3 w - - 8 38,c1c2 b7b2,1020,85,92,2734,endgame mate mateIn1 oneMove,https://lichess.org/CZSRHFu1#75,,True,https://lichess.org/training/eptMA
dJe1K,3r2kR/5p2/p1b1p1p1/2p3P1/1p6/1B5R/PPPr3P/4K3 b - - 9 32,g8g7 h3h7,1020,76,95,1804,endgame mate mateIn1 oneMove,https://lichess.org/n8Qr4k0Y/black#64,,True,https://lichess.org/training/dJe1K
2hNIb,8/2r4p/2p5/r1Pk2p1/1R2R1P1/7P/5PK1/8 b - - 0 39,a5c5 b4d4,1020,197,89,25,endgame master mate mateIn1 oneMove rookEndgame,https://lichess.org/pBqhQPA7/black#78,,True,https://lichess.org/training/2hNIb
NmaNv,8/2R5/3p2k1/3Pp3/2P1P1P1/5Pb1/1r5r/4BRK1 w - - 3 45,e1g3 b2g2,1020,77,93,82,endgame master mate mateIn1 oneMove,https://lichess.org/RqrI6ONu#89,,True,https://lichess.org/training/NmaNv
Z8XcS,5r2/8/p3pr1k/Pp1p2Rp/1PpP1P2/2P1K3/8/7R b - - 7 48,f6f5 h1h5,1021,75,97,326,endgame mate mateIn1 oneMove rookEndgame,https://lichess.org/EZ74JMFB/black#96,,True,https://lichess.org/training/Z8XcS
p8fxV,1k5r/1p3pp1/p2b4/3N4/P5p1/2NP4/1PP2P1r/R3R1K1 w - - 0 29,c3e4 h2h1 g1g2 h8h2,1021,83,93,184,mate mateIn2 middlegame short,https://lichess.org/VA3MYY4K#57,,True,https://lichess.org/training/p8fxV
Z3Fw5,4r1k1/1R4R1/2p1r1p1/2np4/8/P7/1P1K1P2/8 b - - 2 31,g8f8 b7f7,1021,80,89,175,endgame mate mateIn1 oneMove,https://lichess.org/FavGZZjf/black#62,,True,https://lichess.org/training/Z3Fw5
KEYxn,3r3k/pppr1Rb1/6R1/7Q/3P4/1qN1P2P/1n5K/8 b - - 1 32,h8g8 g6g7,1021,76,99,607,mate mateIn1 middlegame oneMove,https://lichess.org/t9oiSFML/black#64,,True,https://lichess.org/training/KEYxn
SNh8F,r7/2R2p2/r2p1k2/4p2p/1p3P2/1q6/P1R1QP1P/1K6 w - - 0 33,a2b3 a6a1 b1b2 a8a2,1021,81,75,92,endgame mate mateIn2 queenRookEndgame short,https://lichess.org/bGaogCvX#65,,True,https://lichess.org/training/SNh8F
x84Xr,2r3k1/5pp1/7p/3R1P2/ppr5/1N3B2/P5PP/1K6 w - - 0 36,b3d2 c4c1 b1b2 c8c2,1021,77,100,261,endgame mate mateIn2 short,https://lichess.org/9wqoOTyk#71,,True,https://lichess.org/training/x84Xr
cUiHm,2k4r/pp3pp1/8/2N5/5B2/3PRpPr/PP3P2/6K1 w - - 3 24,e3f3 h3h1 g1g2 h8h2,1022,76,83,228,endgame mate mateIn2 short,https://lichess.org/FIy9KMUZ#47,,True,https://lichess.org/training/cUiHm
3v2PL,5r2/pp6/3p1r2/2pPpBR1/2P4k/P2P4/1P5K/6R1 b - - 0 38,f6f5 g1g4,1022,82,92,3013,endgame mate mateIn1 oneMove rookEndgame,https://lichess.org/AxZAdNfB/black#76,,True,https://lichess.org/training/3v2PL
ImjxZ,r1k5/2p3pp/3pqb2/1Q6/4RP2/1PP5/1K4PP/r5NR w - - 3 25,e4e6 a8a2,1022,76,96,1761,mate mateIn1 middlegame oneMove,https://lichess.org/zaoeQrdh#49,,True,https://lichess.org/training/ImjxZ
klItm,2k4r/B1p2p2/8/7r/6p1/8/PPP2PP1/R2R2K1 w - - 2 21,g2g3 h5h1 g1g2 h8h2,1022,76,98,1647,endgame mate mateIn2 short,https://lichess.org/Oe5viqsi#41,,True,https://lichess.org/training/klItm
PNIUw,3qr1kQ/5pb1/3p2p1/3Pp1P1/1pP5/pP6/P4P1R/1K5R b - - 2 33,g7h8 h2h8 g8g7 h1h7,1022,80,84,315,endgame mate mateIn2 short,https://lichess.org/xoZDdcgq/black#66,,True,https://lichess.org/training/PNIUw
9HDAt,1k1r1n1r/1R4R1/p2p4/1p1Ppb2/7p/2N4P/PPP4K/8 b - - 3 30,b8c8 g7c7,1023,93,94,364,mate mateIn1 middlegame oneMove,https://lichess.org/gudzahlP/black#60,,True,https://lichess.org/training/9HDAt
zmujn,4r1k1/1R4R1/5p1p/6pP/8/6P1/3prPK1/8 b - - 1 43,g8f8 b7f7,1023,75,98,1722,endgame master mate mateIn1 oneMove rookEndgame,https://lichess.org/QqzWhiZt/black#86,,True,https://lichess.org/training/zmujn
xQCiF,8/2rRk3/5p1p/p1r1p2P/Bpb3P1/5P2/3R4/6K1 b - - 1 35,e7e6 d2d6,1023,82,95,1510,endgame mate mateIn1 oneMove,https://lichess.org/28IrzFfb/black#70,,True,https://lichess.org/training/xQCiF
oXxoo,8/1bR5/4Bp1k/p3pP2/Pp5p/1P5P/3r2r1/4RK2 w - - 5 44,c7b7 d2f2,1024,75,100,312,endgame mate mateIn1 oneMove,https://lichess.org/28R141A3#87,,True,https://lichess.org/training/oXxoo
30LpF,r3r1k1/2R3R1/4p1Pp/5p1b/p7/P7/1P3P2/K7 b - - 0 39,g8f8 c7f7,1024,75,100,129,endgame mate mateIn1 oneMove,https://lichess.org/7Xqw1ceh/black#78,,True,https://lichess.org/training/30LpF
5uCi8,3r1k2/R4R2/p1p2p2/1p6/4P1P1/5PK1/2r5/3q4 b - - 3 41,f8e8 a7e7,1024,77,100,401,endgame mate mateIn1 oneMove queenRookEndgame,https://lichess.org/MXUZ0quv/black#82,,True,https://lichess.org/training/5uCi8
PuNFl,4r1k1/1R4R1/8/p1p5/2P4P/7K/P5P1/3q4 b - - 3 37,g8f8 b7f7,1024,76,100,385,endgame master masterVsMaster mate mateIn1 oneMove queenRookEndgame,https://lichess.org/VhMZJt99/black#74,,True,https://lichess.org/training/PuNFl
dpeh6,2r3kQ/p4p1p/1pq1p1p1/6P1/2P4R/5PP1/P3P1K1/7R b - - 0 29,g8h8 h4h7 h8g8 h7h8 g8g7 h1h7,1024,79,63,77,endgame long mate mateIn3 queenRookEndgame,https://lichess.org/lXYkpmt4/black#58,,True,https://lichess.org/training/dpeh6
3YWIO,2R1R3/3r1kp1/2pr3p/1p3P2/2p3P1/8/6PK/8 b - - 3 43,c4c3 e8f8 f7e7 c8e8,1024,76,98,1707,endgame mate mateIn2 rookEndgame short,https://lichess.org/Fs7DUUKQ/black#86,,True,https://lichess.org/training/3YWIO
jtOOE,8/1pkb3R/p7/8/8/5B2/Pr3rP1/1K1R4 w - - 0 39,b1c1 f2c2,1024,75,99,859,endgame mate mateIn1 oneMove,https://lichess.org/QxVqXehR#77,,True,https://lichess.org/training/jtOOE
fpWhE,7r/pp1n2kr/2p5/4p3/2P3p1/P3B1P1/1P1RB2P/3N2Kb w - - 0 29,g1h1 h7h2 h1g1 h2h1 g1g2 h8h2,1025,79,81,74,long mate mateIn3 middlegame,https://lichess.org/HfA3G5US#57,,True,https://lichess.org/training/fpWhE
4Camx,r7/5ppk/2n1b2p/1p3p2/1Q1N4/2P5/r1P2PPP/1K5R w - - 4 24,d4c6 a2a1 b1b2 a8a2,1025,77,85,3232,endgame mate mateIn2 queensideAttack short,https://lichess.org/PWtDFllL#47,,True,https://lichess.org/training/4Camx
EDplN,r7/4b3/4p2p/p5p1/4pkP1/2P1R3/PP1r1P1P/4RK2 b - - 4 30,a8f8 e3e4 f4f3 e1e3,1025,117,57,27,endgame mate mateIn2 short,https://lichess.org/ImNNWyWR/black#60,,True,https://lichess.org/training/EDplN
Df6Qm,8/pp6/3R2R1/4kp2/P3p2b/1P2P3/2r2qNK/8 b - - 0 45,c2c1 g6e6,1025,77,100,732,endgame master mate mateIn1 oneMove,https://lichess.org/JWHONWFi/black#90,,True,https://lichess.org/training/Df6Qm
OcZsh,8/8/2Rkpp2/6p1/p2P3r/P3K3/1r3PP1/2R5 b - - 3 38,d6d5 c1c5,1026,80,99,1249,endgame master masterVsMaster mate mateIn1 oneMove rookEndgame,https://lichess.org/Ra1NzqWL/black#76,,True,https://lichess.org/training/OcZsh
7hqnG,rr3k2/6p1/3bp1P1/2pp4/p2P4/P1P1q3/1PKN3R/5R2 b - - 3 28,f8e7 f1f7 e7e8 h2h8 d6f8 h8f8,1026,115,56,56,long mate mateIn3 middlegame,https://lichess.org/UTPpumlD/black#56,,True,https://lichess.org/training/7hqnG
54vM4,r5k1/1b3p2/p1pr1PpR/4p3/2p1P3/2N5/PPP4R/1K6 b - - 2 25,d6f6 h6h8 g8g7 h2h7,1026,76,64,75,endgame mate mateIn2 short,https://lichess.org/757xFhlo/black#50,,True,https://lichess.org/training/54vM4
gEMcG,1rbqr1kQ/5pb1/pn1p2p1/3Pp1P1/4P3/2NpB3/PP2NP1R/2K4R b - - 1 23,g7h8 h2h8 g8g7 h1h7,1026,77,86,270,kingsideAttack mate mateIn2 middlegame short,https://lichess.org/nq249BYj/black#46,,True,https://lichess.org/training/gEMcG
s6kLx,1r6/4Rkp1/8/2Pp1pr1/1n1P4/8/1P4P1/4R1K1 b - - 2 39,f7f6 e1e6,1026,77,94,373,endgame master mate mateIn1 oneMove,https://lichess.org/LSG4IDJF/black#78,,True,https://lichess.org/training/s6kLx
b6dU3,8/6R1/5p1k/4p2p/1p2P2P/1rr2P2/5P1K/6R1 b - - 0 36,c3f3 g1g6,1027,77,81,88,endgame mate mateIn1 oneMove rookEndgame,https://lichess.org/NuFz1mWj/black#72,,True,https://lichess.org/training/b6dU3
qRDDJ,6k1/p1p2pp1/4p2p/4P3/1P3P2/1BR3P1/P2r2r1/4K2R w K - 1 26,h1f1 g2e2,1027,80,94,302,endgame master mate mateIn1 oneMove,https://lichess.org/M2TcuiYN#51,,True,https://lichess.org/training/qRDDJ
F2RJU,r7/1R3R2/2p1k2r/2Pp4/4p1pp/4P3/P5PP/6K1 b - - 2 31,a8a2 b7e7,1027,86,94,3095,endgame mate mateIn1 oneMove rookEndgame,https://lichess.org/DpccVZNq/black#62,,True,https://lichess.org/training/F2RJU
X9CdL,8/8/R1p1P3/8/PP6/2k5/r4r2/3R1K2 w - - 10 57,f1e1 a2e2,1027,85,93,795,endgame master mate mateIn1 oneMove rookEndgame,https://lichess.org/5SxKYwN9#113,,True,https://lichess.org/training/X9CdL
CnPwB,r5k1/pb3r1R/1p2p1p1/3pPp2/3P2Q1/3n2P1/PP2KPP1/7R b - - 0 22,f5g4 h7h8 g8g7 h1h7,1027,76,99,1850,endgame kingsideAttack mate mateIn2 short,https://lichess.org/X3Ma8iRB/black#44,,True,https://lichess.org/training/CnPwB
80Gyr,6k1/1pp2r1R/2nrQpp1/p2pp3/3PqP2/2P1PN2/PP3P2/2K4R b - - 0 23,d6e6 h7h8 g8g7 h1h7,1028,314,-100,2,kingsideAttack mate mateIn2 middlegame short,https://lichess.org/jsWSaE39/black#46,,True,https://lichess.org/training/80Gyr
86r4l,2k2b1r/pp1r1pp1/2Q1p2p/q3P2P/3P1n2/1R4N1/P4BP1/1R4K1 b - - 0 22,b7c6 b3b8 c8c7 b1b7,1028,81,90,350,mate mateIn2 middlegame queensideAttack short,https://lichess.org/hyKqCUth/black#44,,True,https://lichess.org/training/86r4l
505al,4r3/r4p1p/p1kR2p1/1p6/2p5/2P5/PP3P1P/3R3K b - - 4 27,c6c5 d1d5,1028,123,87,24,endgame mate mateIn1 oneMove rookEndgame,https://lichess.org/SAOlPOlj/black#54,,True,https://lichess.org/training/505al
lXJfY,5k2/p3p3/Pp3p2/2pPn2B/2P5/1P1NR3/r5r1/4RK2 w - - 2 46,d3e5 a2f2,1028,75,98,1640,endgame master mate mateIn1 oneMove,https://lichess.org/lAATkII9#91,,True,https://lichess.org/training/lXJfY
Yqqln,r7/1pR4R/5pk1/p4b2/P7/2P1P1P1/1P1r4/4K3 b - - 2 33,d2b2 c7g7,1028,77,100,162,endgame mate mateIn1 oneMove,https://lichess.org/V1CZwUgb/black#66,,True,https://lichess.org/training/Yqqln
pHKjm,2N3k1/3R2pp/4p3/4p3/4P3/8/1r4r1/4R1K1 w - - 2 28,g1f1 b2f2,1028,76,87,263,endgame master mate mateIn1 oneMove,https://lichess.org/XD3ysLZK#55,,True,https://lichess.org/training/pHKjm
mlLJO,4rR2/1b2rQk1/pp1q3p/3p2bp/3P4/P3P3/1P4P1/1B1N1RK1 b - - 4 30,e7f7 f1f7,1029,78,84,152,mate mateIn1 middlegame oneMove,https://lichess.org/6Of1bm5B/black#60,,True,https://lichess.org/training/mlLJO
BpSje,r5k1/5r1p/4p1Q1/q1PpPp2/3Pn2R/p5PR/1B5P/6K1 b - - 0 30,h7g6 h4h8 g8g7 h3h7,1029,77,95,2678,mate mateIn2 middlegame short,https://lichess.org/7i55ykcI/black#60,,True,https://lichess.org/training/BpSje
yimF2,8/R7/8/1P6/2r3pr/5RKP/1k3PP1/8 w - - 0 49,h3g4 c4g4,1029,78,95,3350,endgame mate mateIn1 oneMove rookEndgame,https://lichess.org/nssef3h9#97,,True,https://lichess.org/training/yimF2
gT6VJ,r1b3R1/pp3k1p/1np2p2/2q5/4P3/2N3R1/PPP3PP/5K2 b - - 9 22,c8e6 g3g7,1029,91,75,42,mate mateIn1 middlegame oneMove,https://lichess.org/pHOllf7b/black#44,,True,https://lichess.org/training/gT6VJ
NjOXQ,rn2R3/3r1kp1/pp3pp1/1P1Q4/P2P4/6P1/5PP1/4R1K1 b - - 0 31,d7d5 e1e7,1029,76,100,321,endgame mate mateIn1 oneMove,https://lichess.org/8y5Ou5tm/black#62,,True,https://lichess.org/training/NjOXQ
d5E3W,4r1k1/p2R2Rp/1p6/2p5/2Pp2K1/1P1r4/P7/8 b - - 2 40,g8f8 d7f7,1029,78,99,656,endgame mate mateIn1 oneMove rookEndgame,https://lichess.org/OOaMMRHb/black#80,,True,https://lichess.org/training/d5E3W
frYHD,8/pp5k/8/3N2p1/8/1B4P1/Pr4r1/4R1K1 w - - 0 37,g1f1 b2f2,1029,76,100,654,endgame mate mateIn1 oneMove,https://lichess.org/KXrTvFsb#73,,True,https://lichess.org/training/frYHD
MutWp,2r3k1/1p3ppp/4p3/1Q6/5q2/1B6/PP1rRKPP/5R2 w - - 3 25,f2e1 c8c1 b3d1 c1d1,1030,78,76,232,mate mateIn2 middlegame short,https://lichess.org/RW22qfOx#49,,True,https://lichess.org/training/MutWp
jLTjJ,5rk1/8/2p3K1/1pP2r2/pP1Pp3/2P5/R1Q5/qN6 w - - 1 33,a2a1 f8f6,1030,79,94,2793,endgame mate mateIn1 oneMove,https://lichess.org/PahcxPvS#65,,True,https://lichess.org/training/jLTjJ
5F8mT,8/1p4kR/2p2p2/8/Pr1pPKP1/8/1r6/7R b - - 3 48,g7g6 h1h6,1030,75,100,103,endgame mate mateIn1 oneMove rookEndgame,https://lichess.org/zJ8DH1yP/black#96,,True,https://lichess.org/training/5F8mT
Juqtr,6R1/8/4pP1k/p4p1p/5P2/6P1/1r2r2P/1KR5 w - - 3 55,b1a1 b2a2 a1b1 e2b2,1030,79,70,94,endgame mate mateIn2 rookEndgame short,https://lichess.org/FdS2Y4J0#109,,True,https://lichess.org/training/Juqtr
ZRpdH,4r1k1/R5Rp/1p4p1/3p4/8/8/Pr4PK/8 b - - 1 37,g8f8 a7f7,1030,75,100,972,endgame mate mateIn1 oneMove rookEndgame,https://lichess.org/a7LjY8ti/black#74,,True,https://lichess.org/training/ZRpdH
0w33x,2kr4/1R3Rpp/8/rp6/8/1K6/8/8 b - - 1 35,a5a1 f7c7,1030,83,93,1055,endgame mate mateIn1 oneMove rookEndgame,https://lichess.org/Q7uO9sJ9/black#70,,True,https://lichess.org/training/0w33x
LzsDX,8/1R3Rpk/4p2p/3p4/p2P2P1/2q5/6P1/7K b - - 3 46,h7g6 f7g7 g6f6 b7f7,1030,89,66,46,endgame mate mateIn2 queenRookEndgame short,https://lichess.org/nYe7vy6s/black#92,,True,https://lichess.org/training/LzsDX
Dk7oa,2Q5/3nbk2/3pp3/4Pb2/6rp/7K/PPP2Br1/3R1R2 w - - 2 33,f2e1 g4g3,1031,78,100,229,doubleCheck master mate mateIn1 middlegame oneMove,https://lichess.org/zIiC2jnq#65,,True,https://lichess.org/training/Dk7oa
podVR,5Q2/5ppk/5pN1/7p/8/1P5P/2r3r1/2K1R3 w - - 4 44,c1d1 g2d2,1031,75,64,98,endgame master mate mateIn1 oneMove,https://lichess.org/hMMspxyW#87,,True,https://lichess.org/training/podVR
lnzVV,6k1/ppp3p1/2p3r1/7N/3B3P/2P4K/PP4r1/5R2 w - - 3 31,h5f4 g6g3,1031,78,93,1980,endgame mate mateIn1 oneMove,https://lichess.org/bK0ueJL4#61,,True,https://lichess.org/training/lnzVV
Oy1r6,4R3/p1pk4/Pp6/5pB1/5P2/8/3r2r1/4R1K1 w - - 2 36,g1f1 d2f2,1031,77,100,137,endgame mate mateIn1 oneMove,https://lichess.org/4gMdXDGa#71,,True,https://lichess.org/training/Oy1r6
fHaRC,5k2/p3r1p1/1p3Q2/2pP2Rp/2P1pP2/P3P2q/4K1R1/8 b - - 0 37,g7f6 g5g8 f8f7 g2g7,1031,82,88,54,endgame mate mateIn2 queenRookEndgame short,https://lichess.org/b4rMsEt7/black#74,,True,https://lichess.org/training/fHaRC
OBJhk,r7/pp1kR3/2p2p1p/3p4/3P1r1P/8/PP3PP1/4R1K1 b - - 1 28,d7d6 e1e6,1031,81,94,1496,endgame mate mateIn1 oneMove rookEndgame,https://lichess.org/zuBBeHQO/black#56,,True,https://lichess.org/training/OBJhk
lzG0J,2R5/3k2p1/2Rpr3/1r5p/7P/2P2KP1/5P2/3n4 b - - 1 29,b5b3 c6c7,1031,81,100,67,endgame mate mateIn1 oneMove,https://lichess.org/zGtSKttN/black#58,,True,https://lichess.org/training/lzG0J
Kdu5i,6k1/6pp/2bN4/2p4P/2P2PP1/2R4K/2P1r1r1/2R5 w - - 3 46,d6f5 g2h2 h3g3 e2g2,1031,76,84,168,endgame mate mateIn2 short,https://lichess.org/VWs5v08f#91,,True,https://lichess.org/training/Kdu5i
cz1CX,4r2r/3b1qpk/p2p1pRQ/1pnPpP2/2p1P3/2P4R/PPBN2PP/6K1 b - - 0 28,g7h6 h3h6,1031,76,100,168,mate mateIn1 middlegame oneMove,https://lichess.org/HrM3TfwQ/black#56,,True,https://lichess.org/training/cz1CX
DP8X2,4r3/3R2pp/pkp2p2/3n4/P7/1PR3BP/2P1rPP1/3K4 w - - 9 30,c3d3 e2e1 d1d2 e8e2,1032,76,86,242,endgame mate mateIn2 short,https://lichess.org/JIVSMeUx#59,,True,https://lichess.org/training/DP8X2
KweCX,2k1r3/ppR2R2/8/6pp/5p2/2P5/PPK5/4r3 b - - 5 31,c8d8 f7d7,1032,75,98,1490,endgame mate mateIn1 oneMove rookEndgame,https://lichess.org/xGIefhRy/black#62,,True,https://lichess.org/training/KweCX
XRfTU,1k5r/pp5r/2p2b2/P5p1/3pQ3/5Pq1/1PPR3P/4R1K1 w - - 0 28,h2g3 h7h1 g1g2 h8h2,1032,85,94,5598,endgame mate mateIn2 short,https://lichess.org/tCyuR8rn#55,,True,https://lichess.org/training/XRfTU
J9yh3,1k5r/2p2pp1/1pr5/3n3p/R4B2/6P1/2q2P1P/R5K1 b - - 7 33,h8h7 a4a8 b8b7 a1a7,1033,77,86,234,mate mateIn2 middlegame short,https://lichess.org/cmRfRWHW/black#66,,True,https://lichess.org/training/J9yh3
CKrvO,4r1k1/1pp3p1/3p3p/p2b1p2/Q2B1P2/1Pb3R1/P1P2KPP/4r3 w - - 6 25,d4c3 e8e2,1033,82,92,373,endgame mate mateIn1 oneMove,https://lichess.org/U0o4RtSu#49,,True,https://lichess.org/training/CKrvO
Zs903,4r1k1/R5R1/6p1/r5P1/7p/1P6/8/1K6 b - - 1 41,g8f8 a7f7,1033,77,100,93,endgame master mate mateIn1 oneMove rookEndgame,https://lichess.org/YtqTUMkp/black#82,,True,https://lichess.org/training/Zs903
zP8bB,2r3k1/1p3ppp/1p6/3p1P2/P7/1N1K2B1/2r2PPP/R7 w - - 5 24,b3d4 c8c3,1033,80,94,434,endgame master mate mateIn1 oneMove,https://lichess.org/A1yDNJHC#47,,True,https://lichess.org/training/zP8bB
jMKYa,7r/6pr/5pk1/3p1b2/1P3P2/P4Pq1/1B1Q1R1P/4R1K1 w - - 0 26,h2g3 h7h1 g1g2 h8h2,1033,82,100,147,mate mateIn2 middlegame short,https://lichess.org/ymA5MU0m#51,,True,https://lichess.org/training/jMKYa
uI6Ul,3R3b/2r1k2p/p3p3/7N/4b1P1/8/Pr2NK2/3R4 b - - 3 42,c7c2 d1d7,1034,79,91,82,mate mateIn1 middlegame oneMove,https://lichess.org/61xuY6GG/black#84,,True,https://lichess.org/training/uI6Ul
RakE3,5r2/1k6/p2p4/4p3/7p/P1RPP2P/1P2Kr2/2R5 w - - 7 34,e2e1 f2f1 e1e2 f8f2,1034,82,92,474,endgame mate mateIn2 rookEndgame short,https://lichess.org/ciOEID0w#67,,True,https://lichess.org/training/RakE3
vK3Hu,1k1r4/Rp1r4/7R/2B5/8/4Pb2/1PP2PP1/4K3 w - - 0 24,g2f3 d7d1 e1e2 d8d2,1034,159,60,19,endgame mate mateIn2 short,https://lichess.org/8cZQSDn3#47,,True,https://lichess.org/training/vK3Hu
M6i33,1k5r/1pp5/p7/P6r/3R2p1/2P1P1b1/1P3R1P/2B3K1 w - - 0 26,h2g3 h5h1 g1g2 h8h2,1034,76,97,1243,endgame mate mateIn2 short,https://lichess.org/hJDZKc9a#51,,True,https://lichess.org/training/M6i33
8H0Fx,2k1rr2/1p1q4/QR1p4/2pP3p/4p1pP/5pP1/P2N1P2/1R4K1 b - - 0 31,b7a6 b6b8 c8c7 b1b7,1034,86,91,618,endgame mate mateIn2 queensideAttack short,https://lichess.org/tD0Dz6kO/black#62,,True,https://lichess.org/training/8H0Fx
Ki2z9,8/6k1/5p1p/1p2p2P/1P4P1/P4RK1/3r2r1/5R2 w - - 2 43,g3h3 g2h2 h3g3 d2g2,1035,101,75,36,endgame mate mateIn2 rookEndgame short,https://lichess.org/HW4A7lFg#85,,True,https://lichess.org/training/Ki2z9
QW4wD,5bR1/5bQk/p1pqp2p/7P/3p4/1P1P1r2/P1P5/2K3R1 b - - 4 34,f8g7 g1g7,1035,75,85,117,endgame mate mateIn1 oneMove,https://lichess.org/VAZI366U/black#68,,True,https://lichess.org/training/QW4wD
uJLKD,2R3R1/3kp3/p2pp3/1p2b3/4r3/1KP3p1/PP6/8 b - - 1 33,d6d5 g8d8,1035,127,100,46,endgame master mate mateIn1 oneMove,https://lichess.org/JGzx6oG0/black#66,,True,https://lichess.org/training/uJLKD
a03lx,8/2pk2rp/8/R7/7P/R1P5/6rK/8 w - - 0 47,h2h3 g7g3,1035,75,100,470,endgame mate mateIn1 oneMove rookEndgame,https://lichess.org/iTVMof5y#93,,True,https://lichess.org/training/a03lx
f4nDe,2r3k1/pp3p2/6pR/3prbP1/8/5P2/PP4P1/K6R b - - 1 26,e5e8 h6h8 g8g7 h1h7,1035,77,99,864,endgame mate mateIn2 short,https://lichess.org/vRrG9u6D/black#52,,True,https://lichess.org/training/f4nDe
bZfVC,2k4r/1p6/6p1/2P3R1/P1P1PpP1/5P2/5QKr/8 w - - 1 40,g2g1 h2h1 g1g2 h8h2,1035,82,93,1020,endgame mate mateIn2 queenRookEndgame short,https://lichess.org/UCD5veMn#79,,True,https://lichess.org/training/bZfVC
hDPqa,1r4k1/4npp1/8/p2pN2P/P2P4/K1PQ4/1r3P2/2q3R1 w - - 0 37,g1c1 b8b3,1035,78,100,67,endgame mate mateIn1 oneMove,https://lichess.org/yjp4FKDf#73,,True,https://lichess.org/training/hDPqa
Vnvky,r4k1r/2pqb1R1/p2p1p1Q/3PpP1p/2B5/8/PP3P1K/6R1 b - - 0 24,h8h6 g7g8 f8f7 g1g7,1035,75,95,2109,mate mateIn2 middlegame short,https://lichess.org/NIFvt8Ss/black#48,,True,https://lichess.org/training/Vnvky
i40Jt,1r4kb/p1pq1r1p/2n1p1Q1/1n1p2P1/3P4/P3BP1R/1P1NN3/2K4R b - - 0 25,h7g6 h3h8 g8g7 h1h7,1035,90,95,2775,kingsideAttack mate mateIn2 middlegame short,https://lichess.org/AOnCcCz4/black#50,,True,https://lichess.org/training/i40Jt
kYueB,3Q4/k1r2p2/4p3/1p2P3/p7/P7/BPr5/1K6 w - - 0 41,b2b4 c2c1 b1b2 c7c2,1035,85,33,61,endgame mate mateIn2 short,https://lichess.org/aI4UB44T#81,,True,https://lichess.org/training/kYueB
MTNou,r1b2kR1/p6p/4p3/1p1pP3/8/1P6/1P3r1P/1NK3R1 b - - 1 22,f8f7 g1g7,1035,75,100,438,endgame mate mateIn1 oneMove,https://lichess.org/FVxlSwm2/black#44,,True,https://lichess.org/training/MTNou
CQnX6,8/3R2pk/8/3P2p1/8/P7/2r3r1/R4K2 w - - 0 41,a1e1 c2f2,1035,85,85,1212,endgame mate mateIn1 oneMove rookEndgame,https://lichess.org/wX9kqIQg#81,,True,https://lichess.org/training/CQnX6
X8NgK,1r6/R4p2/1kp2p2/3b4/1P1N4/2K3P1/4P2r/R7 b - - 2 25,h2g2 a1a6,1036,78,89,418,endgame mate mateIn1 oneMove,https://lichess.org/mZoKkYyt/black#50,,True,https://lichess.org/training/X8NgK
3eWdg,1k1r4/pR3R2/2p4p/8/3r4/1P6/P5P1/6K1 b - - 0 28,b8c8 f7c7,1036,75,100,304,endgame mate mateIn1 oneMove rookEndgame,https://lichess.org/KBMGdoK5/black#56,,True,https://lichess.org/training/3eWdg
7Oq8Q,b6r/5k1r/PR6/3pq1p1/2pNp3/4P1P1/4QP2/4R1K1 w - - 4 51,e2g4 h7h1 g1g2 h8h2,1036,76,100,385,master mate mateIn2 middlegame short,https://lichess.org/Q8xPj0uC#101,,True,https://lichess.org/training/7Oq8Q
OJNdG,3q2k1/1p2n2p/3N2p1/2pPp3/4r3/6P1/5R1P/2B2R1K b - - 0 31,d8d6 f2f8 g8g7 f1f7,1036,106,70,47,endgame master mate mateIn2 short,https://lichess.org/j5Ffsaa2/black#62,,True,https://lichess.org/training/OJNdG
BWxlj,1k5r/p1p4r/2n1Q3/2N2p2/4p1p1/3P2P1/PPP2PB1/R3R1Kq w - - 6 27,g2h1 h7h1 g1g2 h8h2,1036,80,92,537,kingsideAttack mate mateIn2 middlegame short,https://lichess.org/gpkIhNVC#53,,True,https://lichess.org/training/BWxlj
x2nSX,4r1kb/p1q2r1p/2p1p1Q1/1p1pP3/5B2/2PP3R/PP3PP1/1K5R b - - 0 22,h7g6 h3h8 g8g7 h1h7,1036,87,93,1623,kingsideAttack mate mateIn2 middlegame short,https://lichess.org/rxTUiFn9/black#44,,True,https://lichess.org/training/x2nSX
lw76x,4R3/pppk1n2/3r4/1B1p3r/3P1n1p/2P5/PP3PP1/4R1K1 b - - 5 24,c7c6 e1e7,1036,75,99,741,master mate mateIn1 middlegame oneMove,https://lichess.org/KwZINDmh/black#48,,True,https://lichess.org/training/lw76x
TjAQ9,r3r1k1/2R3R1/7p/p2p4/2p3P1/6P1/7K/8 b - - 0 41,g8f8 c7f7,1036,77,100,104,endgame mate mateIn1 oneMove rookEndgame,https://lichess.org/fby3qYJs/black#82,,True,https://lichess.org/training/TjAQ9
gRUPR,3kr3/5R2/1p1p3p/pPp2P1P/P1P5/2P1rK2/8/6R1 w - - 1 38,f3f4 e8e4,1037,85,96,2752,endgame mate mateIn1 oneMove rookEndgame,https://lichess.org/Anujup7w#75,,True,https://lichess.org/training/gRUPR
0730Z,1r6/7k/3b1p1p/q3p1pP/2Bp4/3P1P2/2K3P1/Rr2B2R w - - 0 36,a1a5 b8b2,1037,77,92,536,mate mateIn1 middlegame oneMove,https://lichess.org/LFvLj33q#71,,True,https://lichess.org/training/0730Z
QRfip,8/4R2R/5kp1/8/1rr5/5Nb1/8/5K2 b - - 1 39,c4f4 h7f7,1037,76,99,1016,endgame mate mateIn1 oneMove,https://lichess.org/lG9c3I7v/black#78,,True,https://lichess.org/training/QRfip
Garv6,1r2r1k1/p4p1R/2p3p1/2Qp2P1/3b4/4qP2/PP4P1/1K5R b - - 0 25,d4c5 h7h8 g8g7 h1h7,1037,92,47,50,endgame mate mateIn2 short,https://lichess.org/irgBIbXg/black#50,,True,https://lichess.org/training/Garv6
EmaGc,6rk/2q3r1/p3P3/1p1PQ3/1P3p2/P2R1P2/6PP/6K1 w - - 0 46,e5c7 g7g2 g1f1 g2g1 f1f2 g8g2,1037,78,90,242,endgame long mate mateIn3 queenRookEndgame,https://lichess.org/lLlxmOcD#91,,True,https://lichess.org/training/EmaGc
LK2AG,4r1k1/1R4R1/4p2p/p1p1P3/2r5/7P/6P1/6K1 b - - 0 27,g8f8 b7f7,1037,79,92,371,endgame mate mateIn1 oneMove rookEndgame,https://lichess.org/2tLy2uR1/black#54,,True,https://lichess.org/training/LK2AG
lrHR3,7k/6pp/p7/2p3P1/5b2/2RP2QP/Pr4BK/6r1 w - - 2 42,g3f4 b2g2,1037,160,55,34,endgame mate mateIn1 oneMove,https://lichess.org/K4ibcp02#83,,True,https://lichess.org/training/lrHR3
bloTB,r7/5pk1/1Np4p/3p4/1P1P1P2/2P3P1/rK4P1/7R w - - 1 30,b2b3 a8a3,1038,78,94,161,endgame master mate mateIn1 oneMove,https://lichess.org/JhEsPLmw#59,,True,https://lichess.org/training/bloTB
pHiA4,1k6/ppp1q1p1/8/3P3r/6p1/6P1/PPPB1P1r/R3R1K1 w - - 0 20,e1e7 h2h1 g1g2 h5h2,1038,82,92,806,endgame mate mateIn2 short,https://lichess.org/yhX1XdRi#39,,True,https://lichess.org/training/pHiA4
R2N7z,6k1/1b3r1p/p3p1Q1/3pP3/1prP1qP1/5N1R/PP3P2/1K5R b - - 0 25,h7g6 h3h8 g8g7 h1h7,1038,84,88,94,kingsideAttack mate mateIn2 middlegame short,https://lichess.org/bR12P0hl/black#50,,True,https://lichess.org/training/R2N7z
82KXT,8/7P/6r1/kp3p2/3B1P2/5K2/6r1/4R3 w - - 3 46,h7h8q g6g3,1038,81,94,1055,endgame mate mateIn1 oneMove,https://lichess.org/6y4tyP3q#91,,True,https://lichess.org/training/82KXT
MiKKv,1k3rr1/ppp5/8/8/PPQP4/2P1b3/5P2/R4K1R w - - 3 32,h1h7 f8f2 f1e1 g8g1 c4f1 g1f1,1039,78,100,100,endgame long mate mateIn3,https://lichess.org/tAlFBDcv#63,,True,https://lichess.org/training/MiKKv
S7ow7,2k5/1p3p2/p1pRb2p/8/NP2P3/8/1Pr3rP/1K1R4 b - - 1 24,e6b3 d6d8 c8c7 d1d7,1039,90,94,1522,endgame mate mateIn2 short,https://lichess.org/mXjZTKbV/black#48,,True,https://lichess.org/training/S7ow7
TR3Zb,8/6p1/5pkp/6P1/r6r/3R1R2/5PPK/8 w - - 3 43,h2g3 a4g4,1039,90,94,2742,endgame master mate mateIn1 oneMove rookEndgame,https://lichess.org/l1OIZM3X#85,,True,https://lichess.org/training/TR3Zb
uoutm,1b1r4/3r2pp/1k3p2/RN1p4/1PpP4/2P3P1/7P/R5K1 b - - 7 34,d7b7 a5a6 b6b5 a1a5,1039,79,92,355,endgame mate mateIn2 sacrifice short,https://lichess.org/uirZi3tB/black#68,,True,https://lichess.org/training/uoutm
2ZuGr,r2Q2kr/ppp1pR1p/6pb/2q1N3/4P3/4n3/PP4PP/3RK3 b - - 8 20,a8d8 d1d8 h6f8 d8f8,1039,196,82,4,kingsideAttack mate mateIn2 middlegame short,https://lichess.org/feI1UUmD/black#40,,True,https://lichess.org/training/2ZuGr
2Grrx,r7/pp4Rk/n1p5/7r/8/5P1P/PPP2P2/2K3R1 b - - 4 24,h7h6 g1g6,1039,76,100,80,endgame mate mateIn1 oneMove,https://lichess.org/x0zbAr81/black#48,,True,https://lichess.org/training/2Grrx
hFK5f,8/1R6/1P4pk/5p1p/1r5r/5R2/5PPK/8 w - - 0 43,h2g3 b4g4,1039,79,93,2491,endgame mate mateIn1 oneMove rookEndgame,https://lichess.org/LdEJYuQV#85,,True,https://lichess.org/training/hFK5f
HNCMQ,1r5r/1pR2R1p/p2kpnp1/3p4/5P2/7P/PP2B1P1/6K1 b - - 0 27,f6e4 f7d7,1039,144,50,12,endgame mate mateIn1 oneMove,https://lichess.org/ml6tpTLT/black#54,,True,https://lichess.org/training/HNCMQ
dIryG,8/2R3R1/pr5k/1p1pK1pp/8/PP2n3/6P1/8 b - - 1 48,h5h4 g7h7 h6g6 c7g7,1039,75,97,381,endgame mate mateIn2 short,https://lichess.org/tYPOoTS5/black#96,,True,https://lichess.org/training/dIryG
5V3he,5r1k/R5pP/8/5rK1/8/8/8/7R w - - 0 53,g5g6 f8f6,1039,85,94,3154,endgame mate mateIn1 oneMove rookEndgame,https://lichess.org/3EZcyIlY#105,,True,https://lichess.org/training/5V3he
I3O3u,1k6/p6r/1pR2q1r/3QN3/3Pp3/4P1P1/PP3P2/6K1 w - - 1 32,c6f6 h6h1 g1g2 h7h2,1039,77,76,383,endgame mate mateIn2 short,https://lichess.org/FvX2Gcsa#63,,True,https://lichess.org/training/I3O3u
7APIS,4r1k1/R5R1/1p3pp1/1r1p1p2/3P1P2/8/6PP/5K2 b - - 2 44,g8f8 a7f7,1040,82,94,316,endgame mate mateIn1 oneMove rookEndgame,https://lichess.org/SDYKDDBe/black#88,,True,https://lichess.org/training/7APIS
GuoWY,1k5r/6p1/Q1Rq1p2/3p4/3P1p2/5PP1/PP5r/6K1 w - - 1 29,c6d6 h2h1 g1g2 h8h2,1040,178,82,27,endgame mate mateIn2 queenRookEndgame short,https://lichess.org/E1XTTs11#57,,True,https://lichess.org/training/GuoWY
NjJFR,1k1r2r1/2p4q/Rp1p4/3P4/4P1Q1/2P1b1PB/1P4PK/R7 b - - 5 30,g8g4 a6a8 b8b7 a1a7,1040,81,90,1495,mate mateIn2 middlegame queensideAttack short,https://lichess.org/gxhozZ8f/black#60,,True,https://lichess.org/training/NjJFR
hTXAA,6r1/4rqpk/p2b1pRQ/1p1P1P2/1Pp1p3/P1N4R/5PPP/6K1 b - - 0 40,g7h6 h3h6,1040,76,100,230,mate mateIn1 middlegame oneMove,https://lichess.org/bfPLBljF/black#80,,True,https://lichess.org/training/hTXAA
y16Zv,r5k1/r2b1p1p/4p1pP/8/8/1PR2N2/2P2PP1/1K5R w - - 1 29,h1e1 a7a1 b1b2 a8a2,1040,83,94,1509,endgame mate mateIn2 short,https://lichess.org/webAG7Jw#57,,True,https://lichess.org/training/y16Zv
JoEYC,8/3R4/p3rp2/1p3k2/3R4/1r6/5P2/5K2 b - - 7 48,f5e5 d7d5,1040,80,100,59,endgame master mate mateIn1 oneMove rookEndgame,https://lichess.org/eOK0eeEC/black#96,,True,https://lichess.org/training/JoEYC
vMVBu,8/5r1k/3pR3/p1pP3p/1pP5/1P1PKr2/P7/6R1 w - - 3 37,e3e4 f7f4,1040,88,95,2802,endgame mate mateIn1 oneMove rookEndgame,https://lichess.org/4j05qCgG#73,,True,https://lichess.org/training/vMVBu
utazy,7r/4k3/p2p1N2/2qQpR2/2P3p1/6P1/P4R1r/6K1 w - - 4 36,d5c5 h2h1 g1g2 h8h2,1040,274,33,3,endgame mate mateIn2 short,https://lichess.org/q7gn4jAK#71,,True,https://lichess.org/training/utazy
6C1bK,3r4/5k1p/2p3pP/pp2Rpn1/5N2/1PP2P2/1P4P1/1K1rR3 w - - 7 28,b1c2 d8d2,1040,79,97,237,endgame master mate mateIn1 oneMove,https://lichess.org/OpfymDTv#55,,True,https://lichess.org/training/6C1bK
yh0Ga,4r1k1/R5Rp/3p2p1/8/p3r3/7P/6PK/8 b - - 2 41,g8f8 a7f7,1040,83,93,1815,endgame mate mateIn1 oneMove rookEndgame,https://lichess.org/Kr1y5VIS/black#82,,True,https://lichess.org/training/yh0Ga
NualU,8/2k5/1R6/8/1P4B1/6P1/3r2rP/4R1K1 w - - 1 41,g1f1 d2f2,1040,76,82,95,endgame mate mateIn1 oneMove,https://lichess.org/XobgUXd4#81,,True,https://lichess.org/training/NualU
ScYad,4r1k1/1pR3R1/p5p1/7p/P7/1r4PK/8/8 b - - 1 44,g8f8 c7f7,1040,75,100,181,endgame mate mateIn1 oneMove rookEndgame,https://lichess.org/HFsHfQVX/black#88,,True,https://lichess.org/training/ScYad
YjP3w,8/2R3pp/4k3/8/4P3/7P/r5rB/4R1K1 w - - 6 40,g1f1 a2f2,1041,78,91,354,endgame mate mateIn1 oneMove,https://lichess.org/J40BGICH#79,,True,https://lichess.org/training/YjP3w
CHGQs,7r/pp1k1p2/2p2b1r/3p4/5Pp1/1P4P1/PBP2P2/3RR1K1 w - - 0 21,b2f6 h6h1 g1g2 h8h2,1041,76,96,1420,endgame mate mateIn2 short,https://lichess.org/PvMxZDSW#41,,True,https://lichess.org/training/CHGQs
aG4Mq,3r1k2/pp2N1pp/2p1R3/6P1/5P2/2n4P/r7/4R1K1 b - - 1 32,d8d2 e7g6 h7g6 e6e8 f8f7 e1e7,1041,86,91,394,clearance endgame long mate mateIn3 sacrifice,https://lichess.org/hJUcPhjU/black#64,,True,https://lichess.org/training/aG4Mq
ofgOK,5r2/pp2R2p/5kp1/5p2/2rP3P/P7/1P3PP1/4R1K1 b - - 0 32,c4d4 e1e6,1041,78,91,1904,endgame mate mateIn1 oneMove rookEndgame,https://lichess.org/4KfggYXw/black#64,,True,https://lichess.org/training/ofgOK
DO2ka,5r2/p2bq1pk/1p3rRQ/3p1p2/3P1P2/3B4/PP3P2/1K5R b - - 0 32,g7h6 h1h6,1041,79,91,934,mate mateIn1 middlegame oneMove,https://lichess.org/rQsmWtBe/black#64,,True,https://lichess.org/training/DO2ka
SivgN,8/pp1R4/1kp5/8/5P2/1P4P1/Pr3r1P/1K1R4 w - - 2 31,b1c1 f2c2,1042,76,84,140,endgame mate mateIn1 oneMove rookEndgame,https://lichess.org/Fuj107uf#61,,True,https://lichess.org/training/SivgN
Z2ExC,2rk1bR1/2Q1Rp2/p3bP1p/8/q2P4/3pP3/PK3P1r/8 b - - 3 34,c8c7 g8f8 a4e8 f8e8,1042,76,100,178,hangingPiece mate mateIn2 middlegame short,https://lichess.org/9ZLxSOui/black#68,,True,https://lichess.org/training/Z2ExC
W0fu4,2k4r/1p3pp1/p1n2n2/3p3r/Q2P2p1/2N1P1q1/PP1B1R1P/4R1K1 w - - 0 22,h2g3 h5h1 g1g2 h8h2,1042,82,93,227,kingsideAttack mate mateIn2 middlegame short,https://lichess.org/kyusqzpT#43,,True,https://lichess.org/training/W0fu4
Msc7L,1Q6/6pk/6p1/1p3p2/3P4/P7/1r5r/1K1R4 w - - 0 33,b1c1 h2c2,1042,87,90,1687,endgame mate mateIn1 oneMove queenRookEndgame,https://lichess.org/p2e6oCJw#65,,True,https://lichess.org/training/Msc7L
uBAeX,6rk/p1p3r1/3pq2p/8/5p2/2PQ1P1P/PP2R1P1/6K1 w - - 0 32,e2e6 g7g2 g1f1 g2g1 f1f2 g8g2,1042,92,82,31,endgame long mate mateIn3 queenRookEndgame,https://lichess.org/QFDOKCGO#63,,True,https://lichess.org/training/uBAeX
KJWXU,2r5/4Rk1p/p7/1pP2ppP/1P1r4/P4Kp1/8/4R3 b - - 3 32,f7f6 e1e6,1042,78,78,171,endgame mate mateIn1 oneMove rookEndgame,https://lichess.org/cHDDCuuE/black#64,,True,https://lichess.org/training/KJWXU
aKC0E,2kr3r/1R2R3/7p/p7/Ppp1Pp2/1BP5/1P2b2P/2K5 b - - 1 34,c4b3 e7c7,1042,76,79,249,endgame mate mateIn1 oneMove,https://lichess.org/rQIBsChM/black#68,,True,https://lichess.org/training/aKC0E
dNuqF,4r1k1/R5Rp/5pn1/6r1/8/6P1/7K/8 b - - 0 39,g8f8 a7f7,1042,75,93,882,endgame mate mateIn1 oneMove,https://lichess.org/WYoA85So/black#78,,True,https://lichess.org/training/dNuqF
7fid1,8/p3kr2/1p3r2/1P1R2R1/8/6K1/8/8 b - - 15 51,e7e6 g5e5,1042,76,85,306,endgame mate mateIn1 oneMove rookEndgame,https://lichess.org/2uSqfBGN/black#102,,True,https://lichess.org/training/7fid1
e637P,2k4r/1p4p1/4N3/3Pp3/P5P1/5Kb1/1P5r/3RR3 w - - 0 41,f3g3 h8h3,1043,87,90,157,endgame mate mateIn1 oneMove,https://lichess.org/zlw71qZi#81,,True,https://lichess.org/training/e637P
faVVc,1r6/1B2R1pp/p4k2/1p3p2/b1pr1P2/2K5/1P4PP/4R3 b - - 1 30,b8d8 e1e6,1043,76,99,601,endgame mate mateIn1 oneMove,https://lichess.org/eiuqJuVi/black#60,,True,https://lichess.org/training/faVVc
cQTKc,r5k1/3q1r1p/p3p1QR/3p2P1/3n4/8/Pp2BP2/1K5R b - - 0 27,h7g6 h6h8 g8g7 h1h7,1043,80,90,186,mate mateIn2 middlegame short,https://lichess.org/OGViUc6f/black#54,,True,https://lichess.org/training/cQTKc
76Axc,4r3/p7/3k3p/2p4P/2p2PP1/1Pb2Q2/P2K4/4r3 w - - 0 36,f3c3 e8e2,1043,81,93,309,endgame mate mateIn1 oneMove queenRookEndgame,https://lichess.org/gO4YAeXi#71,,True,https://lichess.org/training/76Axc
DUYTV,r6r/p3R1R1/4kBp1/1P1p4/P1pK1P2/8/8/7q b - - 3 48,e6f6 g7f7,1043,76,99,4550,endgame mate mateIn1 oneMove queenRookEndgame,https://lichess.org/jPXFYqBv/black#96,,True,https://lichess.org/training/DUYTV
Zpl6m,4R3/p4kr1/1p3r2/2p2n2/2P5/5PPb/P6P/1B2R1K1 b - - 3 36,f5d4 e1e7,1044,76,100,321,mate mateIn1 middlegame oneMove,https://lichess.org/QemlBima/black#72,,True,https://lichess.org/training/Zpl6m
yhPGc,6k1/8/p3p1pp/2P1N3/4P3/P2P4/1r3rPP/2KR3R w - - 3 27,e5c4 f2c2,1044,78,89,221,endgame mate mateIn1 oneMove,https://lichess.org/YueNgkQM#53,,True,https://lichess.org/training/yhPGc
ugvZQ,8/8/p2k1r2/1p6/1P1pR1PP/P2P4/2P2rK1/4R3 w - - 3 38,g2g3 f6f3,1044,89,94,522,endgame mate mateIn1 oneMove rookEndgame,https://lichess.org/tRKk7pQS#75,,True,https://lichess.org/training/ugvZQ
GlIKg,5rk1/1p2R1R1/pq3p2/3P1Pp1/8/7P/P7/7K b - - 8 39,g8h8 g7h7 h8g8 e7g7,1044,108,64,36,endgame mate mateIn2 queenRookEndgame short,https://lichess.org/cJRrBBx1/black#78,,True,https://lichess.org/training/GlIKg
dWQiH,8/pp3pk1/5r1p/3p4/3P2PR/4P1K1/PP3r2/1R6 w - - 0 26,a2a4 f6f3,1044,79,92,832,endgame mate mateIn1 oneMove rookEndgame,https://lichess.org/qyOisEdj#51,,True,https://lichess.org/training/dWQiH
f3iaT,4r1k1/1R4Rp/8/2bPP3/p7/2P5/3r2PP/5K2 b - - 0 31,g8f8 b7f7,1045,79,93,570,endgame master mate mateIn1 oneMove,https://lichess.org/PtmwqCdM/black#62,,True,https://lichess.org/training/f3iaT
19YtT,6rk/p4R2/1p5p/2p5/4R3/P1P1P2K/1P4r1/8 w - - 0 40,e4h4 g8g3,1045,75,99,1346,endgame mate mateIn1 oneMove rookEndgame,https://lichess.org/pgWa02hR#79,,True,https://lichess.org/training/19YtT
Q4QaK,6k1/p5p1/5p2/1N5p/4N3/1P6/Pr4rP/R3RK2 w - - 0 28,e4g3 b2f2,1045,77,95,1408,endgame mate mateIn1 oneMove,https://lichess.org/W9kUzkwH#55,,True,https://lichess.org/training/Q4QaK
c0eAa,8/4k3/2r4p/1p2p1p1/4N3/1P1PB3/P2K3R/2r5 w - - 3 30,h2h6 c6c2,1046,82,94,1399,endgame mate mateIn1 oneMove,https://lichess.org/dnMWfAh7#59,,True,https://lichess.org/training/c0eAa
eZapJ,2r3k1/3q1r1p/p5Q1/1pP3PR/2p5/4P3/PP3P2/1K5R b - - 0 28,h7g6 h5h8 g8g7 h1h7,1046,80,81,122,endgame mate mateIn2 queenRookEndgame short,https://lichess.org/J1jjpEkB/black#56,,True,https://lichess.org/training/eZapJ
LuJvN,7r/3kb3/p5p1/1p1Pp3/2P1P1p1/1P4Kr/P2N1R2/5R2 w - - 2 31,g3g4 h8h4,1046,79,92,537,endgame master mate mateIn1 oneMove,https://lichess.org/hKV2KcFM#61,,True,https://lichess.org/training/LuJvN
yGxIQ,2r5/7k/4PpRp/2b2P1R/8/8/5PK1/4r3 b - - 6 48,c8g8 h5h6,1046,90,52,41,endgame mate mateIn1 oneMove,https://lichess.org/GQhA5RyY/black#96,,True,https://lichess.org/training/yGxIQ
ZXR3j,7r/nbp3k1/1p6/pP1pPp2/P2P1R2/N1P1P1p1/3QB1Kr/R7 w - - 4 29,g2g3 h8h3,1046,83,94,1753,mate mateIn1 middlegame oneMove,https://lichess.org/92UVsc8z#57,,True,https://lichess.org/training/ZXR3j
w8KjM,2r1kQ2/pq2r1R1/5p2/1p1p4/3Np3/1PP3RP/P5PK/8 b - - 0 39,e8f8 g7g8 f8f7 g3g7,1047,75,94,244,endgame mate mateIn2 short,https://lichess.org/FnRHsMsV/black#78,,True,https://lichess.org/training/w8KjM
RbG7v,6rk/p6p/1p5R/5p1P/2pP4/2PNRPr1/P7/5K2 w - - 0 37,d3e5 g3g1 f1f2 g8g2,1047,76,80,86,endgame mate mateIn2 short,https://lichess.org/9REd42kU#73,,True,https://lichess.org/training/RbG7v
KIHd9,4r1k1/2R3R1/8/2pn2p1/2P5/6P1/4r2P/6K1 b - - 2 39,g8f8 c7f7,1047,81,87,594,endgame master mate mateIn1 oneMove,https://lichess.org/bxzsUwzL/black#78,,True,https://lichess.org/training/KIHd9
jX6LU,8/pppR2Rp/4kp2/5q2/8/2P3K1/PP6/8 b - - 9 32,h7h5 g7e7,1047,87,93,395,endgame mate mateIn1 oneMove queenRookEndgame,https://lichess.org/Lu5ek9A5/black#64,,True,https://lichess.org/training/jX6LU
Fhoek,3r2k1/7p/1Bp3p1/1p2p3/Nb2P3/1P3PP1/P2rK2P/2R4R w - - 1 26,e2e3 d8d3,1047,76,93,284,master mate mateIn1 middlegame oneMove,https://lichess.org/7GsZP9Ug#51,,True,https://lichess.org/training/Fhoek
MPasV,8/pp3pkp/6p1/8/2P2PP1/1P1r2rP/P3R1K1/4R3 w - - 1 30,g2f2 d3f3,1047,143,63,13,endgame master mate mateIn1 oneMove rookEndgame,https://lichess.org/KCLkHaD2#59,,True,https://lichess.org/training/MPasV
oMzxc,8/pk5p/1p6/5N2/7R/8/Pr3r1P/1K1R4 w - - 0 28,b1c1 f2c2,1047,79,93,165,endgame mate mateIn1 oneMove,https://lichess.org/GbTjsEQa#55,,True,https://lichess.org/training/oMzxc
x8CpF,8/P1P2k2/1B4p1/7b/7P/4R3/r5r1/4R1K1 w - - 7 50,g1f1 a2f2,1047,79,94,442,endgame mate mateIn1 oneMove,https://lichess.org/w1iN6PDr#99,,True,https://lichess.org/training/x8CpF
RUElN,2kQ2r1/1q6/p1p1p2r/2P1P3/P7/1P1R2p1/6P1/3R2K1 b - - 3 35,g8d8 d3d8 c8c7 d1d7,1048,76,87,269,endgame mate mateIn2 queenRookEndgame short,https://lichess.org/ioU2lJzv/black#70,,True,https://lichess.org/training/RUElN
VDFyL,3r4/p4R2/4k3/4p3/3pP3/5RPq/8/6K1 b - - 0 42,d8g8 f3f6,1048,84,93,551,endgame mate mateIn1 oneMove queenRookEndgame,https://lichess.org/T80RdTz1/black#84,,True,https://lichess.org/training/VDFyL
RuJCe,8/1R4p1/1p4kp/p2P4/4P2P/5PP1/P4RK1/1r5r w - - 1 35,d5d6 b1g1,1048,79,100,243,endgame mate mateIn1 oneMove rookEndgame,https://lichess.org/6wu2Oe06#69,,True,https://lichess.org/training/RuJCe
M0tAF,3r3k/6pP/5p2/p3p3/4PP2/6P1/3rK3/2R4R w - - 3 58,e2e3 d8d3,1048,77,94,574,endgame mate mateIn1 oneMove rookEndgame,https://lichess.org/MgKGF5iX#115,,True,https://lichess.org/training/M0tAF
gimkK,3r3r/Rk6/3pp2p/1pp3p1/1p2P3/5P1P/6P1/R5K1 b - - 3 31,b7b6 a1a6,1048,85,95,1851,endgame mate mateIn1 oneMove rookEndgame,https://lichess.org/oTs3p9gm/black#62,,True,https://lichess.org/training/gimkK
CBPrv,8/5pk1/4p2p/3pP1p1/3P2q1/4PN1P/r6r/2R2RK1 w - - 0 35,h3g4 a2g2,1048,80,100,65,endgame master mate mateIn1 oneMove,https://lichess.org/kgAQgpTF#69,,True,https://lichess.org/training/CBPrv
0LYdX,3r4/p2r1pkp/6p1/2R5/1P3R2/P3PPP1/5P2/4K3 w - - 1 29,f4c4 d7d1 e1e2 d8d2,1048,99,87,38,endgame mate mateIn2 rookEndgame short,https://lichess.org/ji0jIcmT#57,,True,https://lichess.org/training/0LYdX
0YJaq,2r3kR/p4b2/Np2p1p1/3p1pP1/1PrP4/P1n1BPK1/8/7R b - - 1 36,g8g7 h1h7,1048,76,77,117,mate mateIn1 middlegame oneMove,https://lichess.org/huSLInpb/black#72,,True,https://lichess.org/training/0YJaq
sYHdG,8/p2R2Rp/1pp1pk2/4p3/PP6/2P2q2/7K/8 b - - 5 44,f3c3 d7f7,1048,76,96,2348,endgame mate mateIn1 oneMove queenRookEndgame,https://lichess.org/IwJKrTlT/black#88,,True,https://lichess.org/training/sYHdG
3uRgZ,6k1/6p1/1p2R3/1P6/3P4/6P1/r5rP/4R1K1 w - - 1 42,g1f1 a2f2,1048,76,99,1761,endgame mate mateIn1 oneMove rookEndgame,https://lichess.org/CLCddGoU#83,,True,https://lichess.org/training/3uRgZ
HeITc,4q2r/1p4p1/2kp4/B7/4p1Q1/6P1/PPP2P1r/R4RK1 w - - 13 29,f1e1 h2h1 g1g2 h8h2,1048,95,93,1419,mate mateIn2 middlegame short,https://lichess.org/28qxJL7f#57,,True,https://lichess.org/training/HeITc
Ygq5s,r3r1k1/1p3p1R/p5p1/3p2P1/3n2P1/3B1Q2/PPP5/3K3R b - - 0 28,d4f3 h7h8 g8g7 h1h7,1048,76,89,118,endgame mate mateIn2 short,https://lichess.org/ckhb0L98/black#56,,True,https://lichess.org/training/Ygq5s
qX2GZ,4k3/7p/2N1p1p1/3p4/3bP3/8/r5rP/3RRK2 w - - 0 30,c6d4 a2f2,1048,87,88,613,endgame mate mateIn1 oneMove,https://lichess.org/mjSak6gZ#59,,True,https://lichess.org/training/qX2GZ
bgMv7,2k4r/B1p2pp1/2pb4/8/4P3/5P2/PPP2P2/R3R1Kr w - - 1 19,g1g2 h8h2,1049,79,94,14493,endgame mate mateIn1 oneMove,https://lichess.org/3VY3vZyo#37,,True,https://lichess.org/training/bgMv7
kuCGx,2k3r1/1R2Rp1p/2p1b1p1/p1rp4/P7/8/5PKP/8 b - - 1 30,g8d8 e7c7,1049,75,98,2111,endgame mate mateIn1 oneMove,https://lichess.org/HL9sFXzq/black#60,,True,https://lichess.org/training/kuCGx
Nw85R,2R4R/p4r1k/1b3r2/1p6/7P/3P4/P1P2P2/5K2 b - - 5 39,h7g7 c8g8,1049,83,100,87,endgame master mate mateIn1 oneMove,https://lichess.org/UivRoZ4r/black#78,,True,https://lichess.org/training/Nw85R
XzZUc,8/8/8/3R1Q2/2k5/7p/2r3r1/5RK1 w - - 1 52,g1h1 g2h2 h1g1 c2g2,1049,143,82,8,endgame mate mateIn2 queenRookEndgame short,https://lichess.org/t9pLGrf7#103,,True,https://lichess.org/training/XzZUc
NsbAt,r2r2k1/p1n2ppp/1pK5/1N1b4/8/P3PP2/1P4PP/R5NR w - - 2 22,c6c7 a8c8,1049,78,96,464,mate mateIn1 middlegame oneMove,https://lichess.org/DgJjNBWG#43,,True,https://lichess.org/training/NsbAt
ZzkJZ,5k2/2R2p2/3p4/8/5p2/5P1P/Pr4r1/2KR4 w - - 0 34,c7a7 g2c2,1050,151,75,34,endgame mate mateIn1 oneMove rookEndgame,https://lichess.org/hxVP8BDX#67,,True,https://lichess.org/training/ZzkJZ
ASRCk,k7/Q7/pR1p3p/6p1/8/5PKP/4r3/R3r3 b - - 0 43,a8a7 a1a6,1050,88,94,1288,endgame mate mateIn1 oneMove rookEndgame,https://lichess.org/geBRJZtM/black#86,,True,https://lichess.org/training/ASRCk
n1Qr2,4r1k1/1R4Rp/p3r1p1/5p2/P7/6P1/6P1/6K1 b - - 5 44,g8f8 b7f7,1050,84,93,2986,endgame mate mateIn1 oneMove rookEndgame,https://lichess.org/Rs3SYAdP/black#88,,True,https://lichess.org/training/n1Qr2
ixXR3,8/1p2Rk2/2b5/3r1pp1/1K1P4/8/8/4R3 b - - 5 55,f7f6 e1e6,1050,82,92,573,endgame master mate mateIn1 oneMove,https://lichess.org/MSSC2dBS/black#110,,True,https://lichess.org/training/ixXR3
2rruH,8/R5Rp/4pk2/5p2/3P1P2/4P3/6K1/3q3n b - - 0 46,d1c1 a7f7,1050,76,96,374,endgame mate mateIn1 oneMove,https://lichess.org/JVtlZIyS/black#92,,True,https://lichess.org/training/2rruH
Wviwl,2b2R1k/pp5p/6pq/4p3/8/8/PPP3PP/5RK1 b - - 1 25,h8g7 f1f7,1050,336,0,4,endgame mate mateIn1 oneMove,https://lichess.org/4YjrXXYh/black#50,,True,https://lichess.org/training/Wviwl
briQD,8/p3R2R/1p3kp1/2p2p2/2r4P/P4r2/8/6K1 b - - 1 34,f5f4 h7f7,1050,83,94,943,endgame mate mateIn1 oneMove rookEndgame,https://lichess.org/4fECv33T/black#68,,True,https://lichess.org/training/briQD
nFl24,4r1k1/1R4R1/1p1r4/p2P2p1/2P5/5P2/PP3n2/1K6 b - - 1 39,g8f8 b7f7,1051,96,93,97,endgame mate mateIn1 oneMove,https://lichess.org/ngQdLDkZ/black#78,,True,https://lichess.org/training/nFl24
dmPC6,3r2k1/3r3p/5P2/1pp4P/p3Q3/P1P1B3/1P6/2K3q1 w - - 0 39,e3g1 d7d1 c1c2 d8d2,1051,75,94,792,endgame fork mate mateIn2 short,https://lichess.org/cmzN3hbb#77,,True,https://lichess.org/training/dmPC6
1LKVg,2r1r1kQ/5pb1/p3p1p1/1p1p2P1/3Pn3/KPq1B2R/5PP1/7R b - - 1 34,g7h8 h3h8 g8g7 h1h7,1051,89,93,1111,kingsideAttack mate mateIn2 middlegame short,https://lichess.org/l5rJvFcc/black#68,,True,https://lichess.org/training/1LKVg
Z3Y4a,2r3k1/5pp1/p1r1b2p/Q3p3/3pP3/3R1P2/PPP1B2P/1Kq5 w - - 0 26,b1c1 c6c2 c1d1 c2c1 d1d2 c8c2,1051,80,95,671,endgame fork long mate mateIn3,https://lichess.org/sNqReabB#51,,True,https://lichess.org/training/Z3Y4a
tUEpz,2R5/5r1p/1p3rp1/p1k5/P1p5/2R2P2/1P3PKP/8 b - - 3 36,c5b4 c8c4,1051,76,85,159,endgame mate mateIn1 oneMove rookEndgame,https://lichess.org/QzcMDyKQ/black#72,,True,https://lichess.org/training/tUEpz
9WuW4,r1R1k2r/4b1p1/p2p1p2/3PpP2/6Bp/1P1bB2P/P5P1/2R4K b kq - 1 25,e8d7 c1c7,1051,79,93,112,mate mateIn1 middlegame oneMove,https://lichess.org/vXLWh8aw/black#50,,True,https://lichess.org/training/9WuW4
8I4U1,8/4r1k1/7p/2R3p1/2pP1p2/2R2P1P/6P1/4rK2 w - - 0 38,f1f2 e7e2,1051,78,79,81,endgame master mate mateIn1 oneMove rookEndgame,https://lichess.org/IXwtpmj2#75,,True,https://lichess.org/training/8I4U1
pUs5O,8/p6R/kp6/8/6pP/6P1/PP1r2r1/4R1K1 w - - 0 36,g1f1 d2f2,1051,85,91,800,endgame mate mateIn1 oneMove rookEndgame,https://lichess.org/SbYt3HxK#71,,True,https://lichess.org/training/pUs5O
OiymJ,r2r1k2/p3R1R1/6pp/2p5/8/6Kp/P1P5/8 b - - 3 38,d8e8 e7f7,1051,76,95,3793,endgame mate mateIn1 oneMove rookEndgame,https://lichess.org/IccCtqJR/black#76,,True,https://lichess.org/training/OiymJ
kBjZK,3r2R1/pp1q1pQk/2p2b1p/4pP2/8/1B3P2/PPPrn2P/6RK b - - 12 32,f6g7 g1g7,1051,77,100,270,mate mateIn1 middlegame oneMove,https://lichess.org/HH2H0NIi/black#64,,True,https://lichess.org/training/kBjZK
D3aNZ,4r1k1/R5Rp/6p1/1p2Pp2/5r2/8/5P2/6K1 b - - 1 33,g8f8 a7f7,1051,78,76,631,endgame mate mateIn1 oneMove rookEndgame,https://lichess.org/qBA2lHp1/black#66,,True,https://lichess.org/training/D3aNZ
axEAF,2r5/5kp1/PR6/5p2/1Kr2P2/2P5/8/6R1 w - - 1 45,b4b5 c8c5,1052,77,93,433,endgame master masterVsMaster mate mateIn1 oneMove rookEndgame,https://lichess.org/Pdbumc4Y#89,,True,https://lichess.org/training/axEAF
j6Mvg,2k4r/5pp1/2p5/p6r/4p3/PPBRP1P1/5P2/R5K1 w - - 0 24,d3d1 h5h1 g1g2 h8h2,1052,76,92,326,endgame mate mateIn2 short,https://lichess.org/KvQCIVzb#47,,True,https://lichess.org/training/j6Mvg
BXr7N,7r/1p2R1p1/1p1p1kp1/3P1p2/5P2/P2r3P/1P4P1/2K1R3 b - - 0 29,d3d5 e1e6,1052,82,95,2460,endgame mate mateIn1 oneMove rookEndgame,https://lichess.org/Y4fJtgtc/black#58,,True,https://lichess.org/training/BXr7N
vipPt,4r1k1/2R3R1/p6p/8/r7/2p5/6PK/8 b - - 0 42,g8f8 c7f7,1052,84,93,690,endgame mate mateIn1 oneMove rookEndgame,https://lichess.org/jZQ6qxYq/black#84,,True,https://lichess.org/training/vipPt
oEVQv,4kr2/1p1R3R/4p3/2b5/3N4/P7/KP6/6r1 b - - 5 37,c5d4 h7e7,1052,75,100,663,endgame mate mateIn1 oneMove,https://lichess.org/OwFxdbLK/black#74,,True,https://lichess.org/training/oEVQv
VSL1x,3r1k2/R4R2/7p/5p2/7P/3r4/5PK1/8 b - - 1 42,f8e8 a7e7,1052,79,92,658,endgame mate mateIn1 oneMove rookEndgame,https://lichess.org/zXilMttz/black#84,,True,https://lichess.org/training/VSL1x
8mKwk,b6r/R4R2/4p1p1/p1N3k1/P1B1P3/1P3Pp1/6Kr/8 w - - 1 41,g2g3 h8h3,1053,84,93,465,mate mateIn1 middlegame oneMove,https://lichess.org/q1hwsuVF#81,,True,https://lichess.org/training/8mKwk
xIaEs,Rkr5/5p1p/1pr1p3/2b2p2/4p3/8/R3KPPP/8 b - - 7 31,b8b7 a2a7,1053,89,91,2039,endgame mate mateIn1 oneMove,https://lichess.org/Hb1n03Lu/black#62,,True,https://lichess.org/training/xIaEs
1W1XA,rn3kQr/4b3/4p3/1p1pP3/p2P2R1/1Pq2P1P/P2NK3/6R1 b - - 1 23,h8g8 g4g8 f8f7 g1g7,1053,99,94,1498,mate mateIn2 middlegame short,https://lichess.org/f7v6Wa7O/black#46,,True,https://lichess.org/training/1W1XA
HotvA,5k2/KR4Rp/4rp2/p7/1p5P/r2n4/P6P/8 b - - 15 50,e6e8 b7f7,1053,75,94,2433,endgame master mate mateIn1 oneMove,https://lichess.org/7g2r3LaE/black#100,,True,https://lichess.org/training/HotvA
AphVW,r5n1/ppR3R1/4p1k1/1PPp4/P2P4/2q1pK2/5PP1/8 b - - 1 30,g6f6 c7f7,1053,75,100,187,endgame mate mateIn1 oneMove,https://lichess.org/8VkYuHBL/black#60,,True,https://lichess.org/training/AphVW
J2bj9,r1br1n1R/p4pkQ/4p1p1/1p1pP1q1/3P4/2PB2P1/PP1N2P1/2K4R b - - 5 22,f8h7 h1h7,1054,81,54,155,master mate mateIn1 middlegame oneMove,https://lichess.org/YSvFmWhA/black#44,,True,https://lichess.org/training/J2bj9
4gEde,6k1/p1p4p/2p5/8/8/P7/Pr3rPP/1K1R3R w - - 2 23,b1c1 f2c2,1054,90,95,143,endgame mate mateIn1 oneMove rookEndgame,https://lichess.org/itlAa1kh#45,,True,https://lichess.org/training/4gEde
Raa1p,1k4r1/1pp5/p1p1pp2/7p/3NP2P/1P1P4/P1P3rK/3R1R2 w - - 2 29,h2h3 g8g3,1054,76,100,160,endgame mate mateIn1 oneMove,https://lichess.org/cOStpAgY#57,,True,https://lichess.org/training/Raa1p
ZaHfz,5k2/R6p/8/3p4/3B3P/1P1KP3/P1r2rP1/8 w - - 1 31,a2a4 f2d2,1054,82,92,779,endgame mate mateIn1 oneMove,https://lichess.org/cjW8SBrB#61,,True,https://lichess.org/training/ZaHfz
Ijw2D,4r1k1/2R3R1/1p5p/p7/4p3/6PK/r6P/8 b - - 11 43,g8f8 c7f7,1054,83,90,263,endgame mate mateIn1 oneMove rookEndgame,https://lichess.org/KWM6w6Uk/black#86,,True,https://lichess.org/training/Ijw2D
zZx9b,5k2/prp1R1p1/2p2p1p/7P/3P4/2P2P2/PP1r1P2/4R1K1 b - - 0 24,b7b2 e7e8 f8f7 e1e7,1054,94,85,30,endgame mate mateIn2 rookEndgame short,https://lichess.org/nY1XpTps/black#48,,True,https://lichess.org/training/zZx9b
66TVf,5rk1/2R3R1/6p1/7b/p7/8/6K1/8 b - - 5 42,g8h8 g7h7 h8g8 c7g7,1054,100,100,18,endgame mate mateIn2 short,https://lichess.org/r8VKsMnX/black#84,,True,https://lichess.org/training/66TVf
Kl9pt,5Qk1/1p1b1ppp/p3p3/3pP3/2rq4/2N2R2/PPP3PP/5R1K b - - 0 21,g8f8 f3f7 f8e8 f7f8 e8e7 f1f7,1054,113,88,37,endgame fork long mate mateIn3,https://lichess.org/bj0jQQWQ/black#42,,True,https://lichess.org/training/Kl9pt
jeWvv,6k1/6p1/4p3/P1PnQ3/7p/5B1P/1r4qr/R4RK1 w - - 6 39,f3g2 b2g2,1055,78,58,76,master mate mateIn1 middlegame oneMove,https://lichess.org/7NBNKv4V#77,,True,https://lichess.org/training/jeWvv
yqfCR,r3r1k1/ppR3Rp/6p1/3n4/4p3/8/PP4PP/6K1 b - - 1 22,g8f8 c7f7,1055,75,100,159,endgame mate mateIn1 oneMove,https://lichess.org/lAZmXotJ/black#44,,True,https://lichess.org/training/yqfCR
o9t53,5r2/8/2p3kp/pp1pR1p1/3R2P1/PP5P/2P1NrK1/8 w - - 0 30,g2g3 f8f3,1055,76,100,1429,endgame mate mateIn1 oneMove,https://lichess.org/kCMSbF10#59,,True,https://lichess.org/training/o9t53
1b3kJ,6k1/r4q1R/bpp1p1p1/2bpP3/p4P2/P2Q1P2/1P1K4/7R b - - 0 31,a6d3 h7h8 g8g7 h1h7,1055,85,94,177,endgame mate mateIn2 short,https://lichess.org/ptqo82uI/black#62,,True,https://lichess.org/training/1b3kJ
BmRIr,R7/3bkp2/6p1/2p1B2p/1rP1p3/K3P2P/R4PP1/1r6 w - - 5 42,a8a7 b1b3,1055,79,68,159,endgame master mate mateIn1 oneMove,https://lichess.org/yv4DwcUj#83,,True,https://lichess.org/training/BmRIr
DWOj9,8/3Rkp2/2p1p1p1/ppr1P1P1/7r/P7/8/3R2K1 b - - 1 37,e7e8 d7d8 e8e7 d1d7,1055,189,82,7,endgame mate mateIn2 rookEndgame short,https://lichess.org/AAhn82fZ/black#74,,True,https://lichess.org/training/DWOj9
aCdrp,8/2k4p/8/pRP5/P3RP2/5N2/2r3r1/5K2 w - - 1 39,f3e1 c2f2,1055,77,94,917,endgame mate mateIn1 oneMove,https://lichess.org/e2WihcPU#77,,True,https://lichess.org/training/aCdrp
ZeVaG,3r4/ppp1R3/n4kp1/7r/5P2/8/PPP1R1PP/6K1 b - - 4 27,h5f5 e2e6,1055,78,90,620,endgame mate mateIn1 oneMove,https://lichess.org/HpfCnChf/black#54,,True,https://lichess.org/training/ZeVaG
DNT8m,7r/pp3k2/2pb1p2/2Np3r/3P2p1/2P1R1P1/PP3PQ1/4R1Kq w - - 2 32,g2h1 h5h1 g1g2 h8h2,1055,76,98,788,kingsideAttack mate mateIn2 middlegame short,https://lichess.org/6rJdgUqj#63,,True,https://lichess.org/training/DNT8m
TzWOI,8/5B2/pk5p/1p6/5p2/2P1RN2/1r3r2/3RK3 w - - 0 32,e3d3 b2e2,1055,83,82,522,endgame mate mateIn1 oneMove,https://lichess.org/3P0jCaEw#63,,True,https://lichess.org/training/TzWOI
Q8ShN,1k1r3r/1R3R1p/p5p1/8/p3K3/6P1/7P/8 b - - 0 29,b8c8 f7c7,1055,75,95,275,endgame mate mateIn1 oneMove rookEndgame,https://lichess.org/ofYB1WtF/black#58,,True,https://lichess.org/training/Q8ShN
v5cu9,6k1/4brpp/2p1p3/p3Pr2/P2p1P2/6QP/1qPBK1R1/6R1 b - - 1 26,b2c2 g3g7 f7g7 g2g7 g8f8 g7g8 f8f7 g1g7,1055,79,85,508,fork mate mateIn4 middlegame sacrifice veryLong,https://lichess.org/6DSomvkf/black#52,,True,https://lichess.org/training/v5cu9
RW13R,4r1kQ/1pq1n2p/p1b1P1p1/2Np1pP1/5P2/7R/PPP5/2K4R b - - 0 36,g8h8 h3h7 h8g8 h7h8 g8g7 h1h7,1056,88,95,9465,kingsideAttack long mate mateIn3 middlegame,https://lichess.org/6wskc4Ha/black#72,,True,https://lichess.org/training/RW13R
2o0YB,Q7/3n1k2/2RB2p1/2P5/1P1p4/5p1K/5Pr1/1r6 w - - 3 51,c6c7 b1h1 d6h2 h1h2,1056,96,66,69,endgame mate mateIn2 short,https://lichess.org/gHUKRqSr#101,,True,https://lichess.org/training/2o0YB
HBWu6,8/p3n2k/b1p5/3p3r/PP1Pp3/2P1BRrq/6PK/R2B2Q1 w - - 0 31,g2h3 h5h3,1056,199,67,11,master mate mateIn1 middlegame oneMove,https://lichess.org/sL3dBvYf#61,,True,https://lichess.org/training/HBWu6
Ju8P0,1kr5/1R2Rp2/p1p5/6pp/8/5P2/r6P/6K1 b - - 1 34,b8a8 b7a7 a8b8 e7b7,1056,126,100,17,endgame mate mateIn2 rookEndgame short,https://lichess.org/ADaJOMeZ/black#68,,True,https://lichess.org/training/Ju8P0
5HDp3,6r1/p1B4R/1p3pk1/6pR/1n4P1/5PK1/r1p4P/8 b - - 1 40,c2c1q h5h6,1057,82,92,904,mate mateIn1 middlegame oneMove,https://lichess.org/DXveBtfg/black#80,,True,https://lichess.org/training/5HDp3
hpcx9,r3bn1R/6k1/4N1p1/3pP3/3P4/p1p5/1r6/KB5R b - - 0 41,f8e6 h1h7,1057,76,100,86,master mate mateIn1 middlegame oneMove,https://lichess.org/U8x6KFbV/black#82,,True,https://lichess.org/training/hpcx9
wK8hm,5Rk1/2p5/2r3rp/p1p5/6P1/P1P2R1P/8/6K1 b - - 2 36,g8g7 f3f7,1057,108,54,22,endgame master mate mateIn1 oneMove rookEndgame,https://lichess.org/b3DqXutc/black#72,,True,https://lichess.org/training/wK8hm
UvXlP,4rk2/p1R3Rp/1p6/3p1p1q/3PbP2/4P3/PP2Q2P/6K1 b - - 1 39,h5e2 c7f7,1057,80,92,663,endgame mate mateIn1 oneMove,https://lichess.org/GNulUTOH/black#78,,True,https://lichess.org/training/UvXlP
L8iJT,3r4/1p6/2n2Rk1/6P1/6Pp/P1p1r2P/8/2K2R2 b - - 0 33,g6g5 f1f5,1057,81,91,1184,endgame mate mateIn1 oneMove,https://lichess.org/uF4dOP9n/black#66,,True,https://lichess.org/training/L8iJT
BLopF,2k3r1/2p4p/p2b4/8/3PpP2/1Q1bP2P/1P4r1/R1BR1K2 w - - 0 25,d1d3 g2g1 f1f2 g8g2,1057,77,100,217,mate mateIn2 middlegame short,https://lichess.org/teilGUqm#49,,True,https://lichess.org/training/BLopF
tPlmI,6k1/p1b2p1p/2P4r/8/1P1PN1p1/1N2P1P1/5P1r/2R1R1K1 w - - 0 34,c1a1 h2h1 g1g2 h6h2,1057,106,60,24,mate mateIn2 middlegame short,https://lichess.org/BRYCyyLV#67,,True,https://lichess.org/training/tPlmI
ADTbA,7r/3k1p2/p2pp2r/4P1N1/3P2n1/5bP1/P5P1/R3R1K1 w - - 2 29,g2f3 h6h1 g1g2 h8h2,1057,81,93,3397,endgame mate mateIn2 short,https://lichess.org/Ns00X4BE#57,,True,https://lichess.org/training/ADTbA
RsEdK,6k1/p4p2/1p5r/6p1/1P1p2P1/3P1PK1/2R1P2r/2R5 w - - 0 37,f3f4 h6h3,1057,79,91,521,endgame mate mateIn1 oneMove rookEndgame,https://lichess.org/FAaKgh16#73,,True,https://lichess.org/training/RsEdK
Tu8Ae,5rk1/1R5R/3r2p1/2p5/6n1/5PK1/7P/8 b - - 1 42,g4f6 b7g7,1057,76,82,185,endgame mate mateIn1 oneMove,https://lichess.org/HGGxdZRQ/black#84,,True,https://lichess.org/training/Tu8Ae
DU6BZ,2kr3r/1R2Rpp1/p1p4p/8/2np4/P7/2P2PKP/8 b - - 0 22,c4d6 e7c7,1058,75,97,947,endgame mate mateIn1 oneMove,https://lichess.org/FM8MLZPi/black#44,,True,https://lichess.org/training/DU6BZ
8Orpi,8/p5k1/2P1R2p/6p1/8/2P5/Pr4rP/4R1K1 w - - 0 35,g1f1 b2f2,1058,75,100,129,endgame mate mateIn1 oneMove rookEndgame,https://lichess.org/fi1dWDFL#69,,True,https://lichess.org/training/8Orpi
DnGL0,6k1/pp4p1/7p/2P5/P3P2P/B4RP1/5P1K/r2r4 w - - 1 31,c5c6 d1h1 h2g2 a1g1,1058,78,84,403,endgame mate mateIn2 short,https://lichess.org/4KaQWQqE#61,,True,https://lichess.org/training/DnGL0
DuA1o,4Q3/8/1kp5/7p/1P1R2p1/6P1/r5rP/4R1K1 w - - 1 38,g1f1 a2f2,1058,82,94,1492,endgame mate mateIn1 oneMove queenRookEndgame,https://lichess.org/jG0bszkf#75,,True,https://lichess.org/training/DuA1o
6MagD,8/1pp2ppk/p7/8/P1P1P3/1P3P1P/3r2r1/R3RK2 w - - 3 29,a1d1 d2f2,1058,81,90,380,endgame mate mateIn1 oneMove rookEndgame,https://lichess.org/IztEAa1I#57,,True,https://lichess.org/training/6MagD
pLGh4,r5r1/1pp2R2/p3k3/3pP3/1P1Pq2p/P4R1P/2Q3P1/6K1 b - - 2 26,e4c2 f3f6,1058,76,95,1622,endgame mate mateIn1 oneMove queenRookEndgame,https://lichess.org/XbAECfpe/black#52,,True,https://lichess.org/training/pLGh4
0ALNW,1r6/5pkR/1r1pb1p1/p2p2P1/B2P4/2P2P2/1P6/1K5R b - - 3 30,g7g8 h7h8 g8g7 h1h7,1058,78,90,150,endgame mate mateIn2 short,https://lichess.org/vDsst6lK/black#60,,True,https://lichess.org/training/0ALNW
uv6P9,4Qk2/5r1p/2p1p1p1/1rP1P2q/8/6P1/P2R1P1P/3R2K1 b - - 2 30,f8e8 d2d8 e8e7 d1d7,1058,84,86,88,endgame mate mateIn2 queenRookEndgame short,https://lichess.org/l9P4lAQS/black#60,,True,https://lichess.org/training/uv6P9
qnAhT,3k2rr/3pbp2/p3p3/P3P2p/2R2P2/5K2/5P2/2R5 b - - 3 32,d7d5 c4c8 d8d7 c1c7,1058,80,94,333,endgame master mate mateIn2 short,https://lichess.org/FLVJEjEq/black#64,,True,https://lichess.org/training/qnAhT
YBTBo,7r/7p/8/2R2R2/3kp2P/Pr6/5P2/4K3 b - - 0 33,b3a3 f5d5,1059,76,87,278,endgame mate mateIn1 oneMove rookEndgame,https://lichess.org/FqKAQs4K/black#66,,True,https://lichess.org/training/YBTBo
htXAC,r4kbR/2p3R1/2p2Pp1/8/5P2/p6P/1p3K2/8 b - - 0 36,b2b1q h8g8,1059,83,88,749,endgame master mate mateIn1 oneMove,https://lichess.org/SzgSgDav/black#72,,True,https://lichess.org/training/htXAC
b74rM,8/4Rk2/p2p3p/1p3p2/2r2PpP/2P3P1/PP2R1K1/3r4 b - - 0 48,f7f6 e2e6,1059,77,83,77,endgame mate mateIn1 oneMove rookEndgame,https://lichess.org/OC7bi486/black#96,,True,https://lichess.org/training/b74rM
y6fjr,2k1r3/p1R2RK1/4r3/8/P7/8/8/8 b - - 2 41,c8d8 f7d7,1059,84,93,1001,endgame mate mateIn1 oneMove rookEndgame,https://lichess.org/aAFAXGrt/black#82,,True,https://lichess.org/training/y6fjr
7Fjvw,8/3k1p2/5b2/2p4P/4P1P1/8/r2r4/1RK2R2 w - - 0 53,f1f6 a2c2,1059,76,100,445,endgame mate mateIn1 oneMove rookEndgame,https://lichess.org/pFnXI07R#105,,True,https://lichess.org/training/7Fjvw
oHwAo,3R1bk1/5R1p/r2Np3/4r1p1/pp6/1P4P1/P6P/6K1 b - - 1 32,a6d6 d8f8,1059,79,90,273,endgame mate mateIn1 oneMove,https://lichess.org/dXCER2lE/black#64,,True,https://lichess.org/training/oHwAo
yF3Wo,6k1/1R3p2/3P4/p7/3PB3/4PK2/PP1r2r1/8 w - - 1 34,d6d7 d2f2,1060,76,94,228,endgame mate mateIn1 oneMove,https://lichess.org/zfGT7PnV#67,,True,https://lichess.org/training/yF3Wo
MxK5c,5R1R/2r3kp/p5p1/1p1pp1P1/8/2PK4/PP5r/8 b - - 1 36,a6a5 h8g8,1060,76,100,157,endgame mate mateIn1 oneMove rookEndgame,https://lichess.org/uG0wtHQK/black#72,,True,https://lichess.org/training/MxK5c
6stS4,3Q4/1R3ppk/2p1p2p/8/3P1Nn1/4PNP1/5r1P/r4BK1 w - - 1 29,d8h4 a1f1,1060,90,69,29,mate mateIn1 middlegame oneMove,https://lichess.org/GwpArrbl#57,,True,https://lichess.org/training/6stS4
oPGJU,8/1R5p/3k2p1/8/P4P2/6P1/2r3r1/4R1K1 w - - 1 34,g1f1 c2f2,1060,98,52,44,endgame mate mateIn1 oneMove rookEndgame,https://lichess.org/QlpIDDxM#67,,True,https://lichess.org/training/oPGJU
V5mls,8/7p/1pB3pk/1P1p4/8/4R1P1/2r3r1/4R1K1 w - - 2 41,g1f1 c2f2,1061,75,100,112,endgame mate mateIn1 oneMove,https://lichess.org/KrdM3MYV#81,,True,https://lichess.org/training/V5mls
73Z44,4r1k1/pb3pp1/1p5B/2p4Q/3p3R/5PP1/PPP2K1P/4r3 w - - 2 24,h6g7 e8e2,1061,82,93,1287,endgame mate mateIn1 oneMove,https://lichess.org/bibXjZ9n#47,,True,https://lichess.org/training/73Z44
14qoD,8/8/pp6/2p4r/1k2P3/1P1PPR2/2P2RK1/5N1r w - - 2 47,f1g3 h5h2,1061,85,92,768,endgame master mate mateIn1 oneMove,https://lichess.org/Ur9Sm5ys#93,,True,https://lichess.org/training/14qoD
HMzWP,r3k3/2R2R2/2p5/pp6/5Pp1/7r/PPP3K1/8 b - - 2 33,a8d8 c7e7,1061,85,94,107,endgame mate mateIn1 oneMove rookEndgame,https://lichess.org/YZINcEnM/black#66,,True,https://lichess.org/training/HMzWP
JlQ19,1r5k/R5R1/2B1pP2/2p1P3/2P5/K6r/P7/8 w - - 1 41,a3a4 b8b4 a4a5 h3a3 c6a4 a3a4,1061,77,100,119,endgame long master mate mateIn3,https://lichess.org/ZrEYwPon#81,,True,https://lichess.org/training/JlQ19
Gdmtv,8/4pp1k/6p1/3PQ2p/4p2P/4P3/1r3rP1/3RK3 w - - 0 39,e5e4 b2e2,1061,76,98,1761,endgame mate mateIn1 oneMove queenRookEndgame,https://lichess.org/pXAPrJuJ#77,,True,https://lichess.org/training/Gdmtv
nZjXH,3q4/1p3R2/p3p1k1/3p2p1/P1pP2Pp/2P5/1P6/5RK1 b - - 5 38,d8d6 f1f6,1061,92,85,28,endgame mate mateIn1 oneMove queenRookEndgame,https://lichess.org/LY76B6kD/black#76,,True,https://lichess.org/training/nZjXH
UhfyA,6r1/p4k2/4RP2/3p3b/2pN2r1/2P1p3/P3R1PP/6K1 w - - 0 40,e2e3 g4g2 g1f1 g2g1 f1f2 g8g2,1062,79,94,8227,endgame long mate mateIn3,https://lichess.org/ib87QY6w#79,,True,https://lichess.org/training/UhfyA
PHoSb,2k4r/ppp5/5Q2/3p4/8/2P2RP1/PP3P1r/4R1K1 w - - 3 37,f6g6 h2h1 g1g2 h8h2,1062,80,92,5886,endgame mate mateIn2 queenRookEndgame short,https://lichess.org/4IIeeb2O#73,,True,https://lichess.org/training/PHoSb
2ITZA,6k1/R7/2P1p1pp/4P3/P5P1/8/1r4rP/4R1K1 w - - 1 41,g1f1 b2f2,1062,76,100,99,endgame mate mateIn1 oneMove rookEndgame,https://lichess.org/dMFlZy3P#81,,True,https://lichess.org/training/2ITZA
uZ9zc,3r4/p7/1p2kp2/2p3p1/4PKP1/1P6/P1Rr1P2/2R5 w - - 0 36,f4e3 d8d3,1062,81,92,572,endgame mate mateIn1 oneMove rookEndgame,https://lichess.org/V5o4rCBo#71,,True,https://lichess.org/training/uZ9zc
ebCly,3rr1k1/p2R2Rp/3P4/2b5/P7/2p5/2P2PPP/6K1 b - - 0 27,g8f8 d7f7,1062,76,92,440,endgame mate mateIn1 oneMove,https://lichess.org/f4zutz1j/black#54,,True,https://lichess.org/training/ebCly
ns9kM,r5r1/pp3p2/2p2R2/6k1/6p1/P5P1/1PP3P1/2K2R2 b - - 8 27,g8g7 f1f5,1062,86,91,784,endgame master mate mateIn1 oneMove rookEndgame,https://lichess.org/cRf1adAw/black#54,,True,https://lichess.org/training/ns9kM
Vbz8s,8/7p/r5p1/8/kR6/6P1/r7/1R4K1 b - - 16 51,a4a3 b1b3,1062,83,90,1736,endgame master mate mateIn1 oneMove rookEndgame,https://lichess.org/VaO7R284/black#102,,True,https://lichess.org/training/Vbz8s
biibm,8/pkR5/1r6/6b1/1r6/5p1p/8/2R2B1K b - - 0 42,b7b8 c7c8 b8b7 c1c7,1062,83,67,128,endgame mate mateIn2 short,https://lichess.org/X6xuZMhd/black#84,,True,https://lichess.org/training/biibm
b5yOQ,6k1/5ppp/4p3/2N5/8/P1B5/1Pr2r1P/R3K3 w Q - 0 26,a1d1 c2e2,1062,77,91,1138,endgame mate mateIn1 oneMove,https://lichess.org/rq6YDpeZ#51,,True,https://lichess.org/training/b5yOQ
M9ooS,3r4/7k/1np3Rp/1p6/p1pP3R/P1r5/3K4/8 b - - 1 45,c3a3 h4h6,1062,88,19,213,endgame mate mateIn1 oneMove,https://lichess.org/QqQoTAZ2/black#90,,True,https://lichess.org/training/M9ooS
aE11T,3r2Q1/7Q/p4p2/1pk1p3/4P3/1PP5/3r1KPP/8 w - - 1 33,f2e3 d8d3,1062,75,98,337,endgame master masterVsMaster mate mateIn1 oneMove,https://lichess.org/LVVbpH23#65,,True,https://lichess.org/training/aE11T
ZX7q7,1Q6/5rp1/1p3r1p/p2R3P/4P1k1/2P1P3/PP6/6K1 w - - 4 34,b8h2 f6f1 g1g2 f7f2,1062,87,65,155,endgame mate mateIn2 queenRookEndgame short,https://lichess.org/44wIOS7P#67,,True,https://lichess.org/training/ZX7q7
n3AG8,7r/8/p1k2p2/3p4/1P1P2p1/P1P1B1P1/7r/R3R1K1 w - - 0 34,a3a4 h2h1 g1g2 h8h2,1063,77,94,2481,endgame mate mateIn2 short,https://lichess.org/7NvAtiBK#67,,True,https://lichess.org/training/n3AG8
8PVsq,r1r5/3b1p2/4p2k/pp4Rp/3p1P2/3P1N2/PP1K4/7R b - - 1 27,c8g8 h1h5,1063,77,97,1182,endgame mate mateIn1 oneMove,https://lichess.org/C3M7lzB8/black#54,,True,https://lichess.org/training/8PVsq
pmcEl,7r/p7/2pp4/5B2/1Pk1Pp2/2P2R2/P7/5RKr w - - 7 36,g1g2 h8h2,1063,78,91,1410,endgame mate mateIn1 oneMove,https://lichess.org/1CjTdBjf#71,,True,https://lichess.org/training/pmcEl
FGyHn,4r1k1/1R4Rp/6p1/5p2/7P/3p4/r5P1/6K1 b - - 1 44,g8f8 b7f7,1063,84,94,986,endgame mate mateIn1 oneMove rookEndgame,https://lichess.org/9iVOCsBE/black#88,,True,https://lichess.org/training/FGyHn
K85VO,rr4k1/5p2/4p1p1/3p2P1/p6R/N3P3/1bK2P2/7R b - - 1 32,b2a3 h4h8 g8g7 h1h7,1063,78,86,191,endgame mate mateIn2 short,https://lichess.org/yYeywszn/black#64,,True,https://lichess.org/training/K85VO
iLvQ0,4r1k1/R5R1/p7/1pp2p2/5P2/2P3P1/r7/5K2 b - - 1 35,g8f8 a7f7,1063,76,98,1955,endgame mate mateIn1 oneMove rookEndgame,https://lichess.org/hvLfHtvs/black#70,,True,https://lichess.org/training/iLvQ0
a40sQ,8/kR6/2pr1bp1/p6p/2r5/6PK/P6P/1R6 b - - 0 33,a7a6 b1b6,1063,76,100,301,endgame mate mateIn1 oneMove,https://lichess.org/sl4x10BO/black#66,,True,https://lichess.org/training/a40sQ
LzczV,1n4kR/3b1p2/5p2/4pP2/8/1P2K2R/2r3PP/8 b - - 2 36,g8g7 h3h7,1064,76,84,345,endgame mate mateIn1 oneMove,https://lichess.org/qsG3gxSr/black#72,,True,https://lichess.org/training/LzczV
jBpv5,7r/5Bk1/2QR1b2/1p2p3/p3Pp2/P1P2P2/1P3PK1/7r w - - 2 36,d6f6 h8h2,1064,79,86,398,endgame mate mateIn1 oneMove,https://lichess.org/KARcD3R7#71,,True,https://lichess.org/training/jBpv5
bvIps,r2r1k2/p3R1Rp/1p3pp1/8/1P2p1P1/8/P4P1K/8 b - - 0 34,d8e8 e7f7,1064,78,95,2202,endgame mate mateIn1 oneMove rookEndgame,https://lichess.org/kGQ0OBkV/black#68,,True,https://lichess.org/training/bvIps
eueXy,r7/5p2/4b1p1/2K1P2p/r3N3/2p3P1/4P2k/1R1R4 b - - 1 39,c3c2 d1h1 h2g2 b1g1,1064,75,98,1708,endgame master mate mateIn2 short,https://lichess.org/hFHIFe00/black#78,,True,https://lichess.org/training/eueXy
iAM3O,7k/p1pN2b1/4p1Pp/8/2BP3R/P7/1r3rP1/2KR4 w - - 0 29,h4e4 f2c2,1064,84,91,185,master mate mateIn1 middlegame oneMove,https://lichess.org/T0vFygbo#57,,True,https://lichess.org/training/iAM3O
M4WS5,2k5/1pp5/7B/4N1p1/4R3/1P5P/r5r1/4R1K1 w - - 0 35,g1f1 a2f2,1064,75,99,512,endgame mate mateIn1 oneMove,https://lichess.org/kpxC5CPF#69,,True,https://lichess.org/training/M4WS5
dv04n,2r2rk1/1b5R/p3p3/3qP1p1/1p1P2p1/2PB1P2/5KP1/7R b - - 3 29,f8f7 h7h8 g8g7 h1h7,1064,77,94,2690,mate mateIn2 middlegame short,https://lichess.org/zVmPkFp7/black#58,,True,https://lichess.org/training/dv04n
h0Uhm,2kq2rr/p2Q4/2p1p3/2P1p2p/4P1p1/1R5P/P1P1NPP1/1R4K1 b - - 0 23,d8d7 b3b8 c8c7 b1b7,1064,77,85,105,endgame mate mateIn2 queensideAttack short,https://lichess.org/ncWJH0hj/black#46,,True,https://lichess.org/training/h0Uhm
P1qlI,8/5Rk1/p6p/1p4p1/4B3/8/Pq1r2PP/5R1K b - - 3 39,g7g8 f7f8 g8g7 f1f7,1064,78,95,1486,endgame mate mateIn2 short,https://lichess.org/7lXp1qGR/black#78,,True,https://lichess.org/training/P1qlI
XiiXR,8/4kp1p/4P3/1p6/8/2P1R1P1/r5rP/4R1K1 w - - 1 34,g1f1 a2f2,1064,83,100,67,endgame mate mateIn1 oneMove rookEndgame,https://lichess.org/PtkoS8Oh#67,,True,https://lichess.org/training/XiiXR
dpCNj,4Rbk1/5R1p/p1rN2p1/2pp3n/P7/1r5P/6P1/6K1 b - - 0 38,c6d6 e8f8,1065,76,100,144,endgame mate mateIn1 oneMove,https://lichess.org/ozOlVnTS/black#76,,True,https://lichess.org/training/dpCNj
QzKPy,3r4/5k2/5p1p/p4R2/2R5/P5P1/2Kr3P/8 w - - 4 54,c2c3 d8d3,1065,81,95,3012,endgame mate mateIn1 oneMove rookEndgame,https://lichess.org/l3baSekh#107,,True,https://lichess.org/training/QzKPy
iJs5I,8/7R/5pk1/6p1/6P1/1p2r3/5r2/1K5R b - - 3 42,f6f5 h1h6,1065,83,93,372,endgame mate mateIn1 oneMove rookEndgame,https://lichess.org/S3WMI3ak/black#84,,True,https://lichess.org/training/iJs5I
l9TlE,1k1rb3/pR4R1/7p/8/3pP1r1/3P3p/PP6/1K6 b - - 0 33,b8c8 g7c7,1065,86,89,53,endgame mate mateIn1 oneMove,https://lichess.org/Xj1wIt62/black#66,,True,https://lichess.org/training/l9TlE
iwNeU,4r3/6k1/p2Q1pPp/3p1P1P/8/1P2rK2/P7/8 w - - 6 38,f3f4 e8e4,1065,76,100,159,endgame mate mateIn1 oneMove queenRookEndgame,https://lichess.org/cDHNdkvH#75,,True,https://lichess.org/training/iwNeU
ccTRW,4r1k1/R5Rp/4p1p1/p7/1p6/5P1P/r5P1/6K1 b - - 1 30,g8f8 a7f7,1065,77,88,364,endgame mate mateIn1 oneMove rookEndgame,https://lichess.org/IWOS8GCp/black#60,,True,https://lichess.org/training/ccTRW
Kilvq,1k2r3/ppp3Rp/8/1P6/P1B5/2N4P/3rN3/R1K2n2 w - - 2 33,e2f4 e8e1 c3d1 e1d1,1065,78,85,203,mate mateIn2 middlegame short,https://lichess.org/JaYJzjSM#65,,True,https://lichess.org/training/Kilvq
d84on,2r5/p7/3bp1kR/3p1pB1/1P6/2P2KP1/r7/7R b - - 3 39,g6g5 h1h5,1066,85,95,2101,endgame mate mateIn1 oneMove,https://lichess.org/hoaZKlt8/black#78,,True,https://lichess.org/training/d84on
aCKuq,r7/r2k2b1/q2p3p/7R/1p1pP3/1P1P2P1/1QPB1P2/1K5R w - - 9 30,d2b4 a6a1 b2a1 a7a1 b1b2 a8a2,1066,78,100,488,long mate mateIn3 middlegame queensideAttack,https://lichess.org/3FXaWre8#59,,True,https://lichess.org/training/aCKuq
f2KQL,8/1p4k1/p1p5/3P4/P4PP1/1P1R1KP1/4r2r/3R4 w - - 1 39,d5d6 h2f2,1066,79,94,4157,endgame mate mateIn1 oneMove rookEndgame,https://lichess.org/60oUVKTr#77,,True,https://lichess.org/training/f2KQL
tAWxV,7r/1pp1k1R1/p1n1pN2/4bp2/2P2q2/2Q4P/PP3P2/6RK b - - 5 34,e7f6 g1g6,1066,85,91,618,mate mateIn1 middlegame oneMove,https://lichess.org/nISiV3mO/black#68,,True,https://lichess.org/training/tAWxV
fesrC,3r2kR/5p2/4p1p1/p1p1P1b1/2B5/KP3P2/P4r2/7R b - - 1 30,g8g7 h1h7,1066,89,95,952,endgame mate mateIn1 oneMove,https://lichess.org/0W7AaUJz/black#60,,True,https://lichess.org/training/fesrC
BfEYu,8/pp4Rk/5rRp/3p4/8/2P4P/qP3PP1/6K1 b - - 2 31,h7h8 g7g8 h8h7 g6g7,1066,77,100,216,endgame mate mateIn2 queenRookEndgame short,https://lichess.org/kcdRaxQD/black#62,,True,https://lichess.org/training/BfEYu
qQTsa,6k1/R7/2p5/8/8/1P6/P1r2r2/3R1K2 w - - 4 43,f1e1 c2e2,1066,76,67,227,endgame mate mateIn1 oneMove rookEndgame,https://lichess.org/SGGto0gJ#85,,True,https://lichess.org/training/qQTsa
bEo7Z,rnR3nr/p2kpp1p/3p2p1/1p1P4/Q3PPb1/3q1N2/P2N2PP/2R4K b - - 1 16,b5a4 c1c7,1066,79,90,405,mate mateIn1 middlegame oneMove,https://lichess.org/PAHQe1SE/black#32,Caro-Kann_Defense Caro-Kann_Defense_Other_variations,True,https://lichess.org/training/bEo7Z
Gwfjm,2k5/1R1r3p/p1pr1pq1/8/5PQ1/7P/P5PK/1R6 b - - 0 26,g6g4 b7b8 c8c7 b1b7,1066,79,83,82,endgame master mate mateIn2 queenRookEndgame short,https://lichess.org/tMpOEFwn/black#52,,True,https://lichess.org/training/Gwfjm
xoq6c,2r3k1/5pp1/4p2p/1R6/P2PP3/5P2/2rK2NP/R7 w - - 1 31,d2d3 c8c3,1066,99,90,82,endgame mate mateIn1 oneMove,https://lichess.org/4AJj4emW#61,,True,https://lichess.org/training/xoq6c
vphHY,4r1k1/R5Rp/r7/6p1/8/3n4/5PKP/8 b - - 1 36,g8f8 a7f7,1067,82,95,2033,endgame mate mateIn1 oneMove,https://lichess.org/kEPsQRQe/black#72,,True,https://lichess.org/training/vphHY
xrqjO,2k5/1R4R1/3r4/3r4/1pp2P2/b3B3/4K3/8 b - - 9 42,d6d8 g7c7,1067,454,-75,4,endgame mate mateIn1 oneMove,https://lichess.org/0muBCYwM/black#84,,True,https://lichess.org/training/xrqjO
N122x,8/2R2p1p/4pk2/p3p3/8/1B3P2/P4RK1/4r2r w - - 6 41,b3c4 e1g1,1067,77,88,107,endgame mate mateIn1 oneMove,https://lichess.org/YYWjnDkC#81,,True,https://lichess.org/training/N122x
4SFos,4r1k1/R5R1/6p1/5p1p/8/K1P1r3/P5P1/8 b - - 9 36,g8f8 a7f7,1067,87,90,204,endgame master mate mateIn1 oneMove rookEndgame,https://lichess.org/4FPrn6aS/black#72,,True,https://lichess.org/training/4SFos
ML1wB,4r1k1/R5Rp/4p3/8/6P1/6PK/1r6/8 b - - 0 38,g8f8 a7f7,1067,77,99,1073,endgame mate mateIn1 oneMove rookEndgame,https://lichess.org/HAoFyTah/black#76,,True,https://lichess.org/training/ML1wB
7yATk,8/N7/p7/3R4/4k3/6P1/Pr3r2/3R1K2 w - - 4 43,f1e1 b2e2,1067,83,80,298,endgame master mate mateIn1 oneMove,https://lichess.org/S2FKicOD#85,,True,https://lichess.org/training/7yATk
z4x1O,8/3r1pR1/4p2k/3p3r/6Rp/P1P1PK2/8/8 b - - 15 44,f7f5 g4g6,1067,86,94,167,endgame mate mateIn1 oneMove rookEndgame,https://lichess.org/mSihySin/black#88,,True,https://lichess.org/training/z4x1O
sua4W,2k4r/1pp5/p6r/4N3/4p3/2P1n1P1/PP3R2/4Q1K1 w - - 1 32,e1e3 h6h1 g1g2 h8h2,1067,91,83,47,endgame mate mateIn2 short,https://lichess.org/RDQTPsaO#63,,True,https://lichess.org/training/sua4W
RJZH5,4k3/1p5p/pBb1pp2/7r/P2N4/8/1P4rP/R4R1K w - - 2 24,d4c6 h5h2,1067,76,46,191,endgame mate mateIn1 oneMove,https://lichess.org/8MlVCbPz#47,,True,https://lichess.org/training/RJZH5
SQDbd,4r1k1/2R3R1/7p/3p4/5p2/7P/1P4PK/5r2 b - - 0 38,g8f8 c7f7,1068,77,89,161,endgame mate mateIn1 oneMove rookEndgame,https://lichess.org/FCs7myHD/black#76,,True,https://lichess.org/training/SQDbd
SRz8W,4r1k1/1R4R1/7p/p7/1n3p2/5P2/1P4Pb/1K6 b - - 0 38,g8f8 b7f7,1068,80,94,372,endgame mate mateIn1 oneMove,https://lichess.org/AI2Wq1wh/black#76,,True,https://lichess.org/training/SRz8W
dB40r,r4q2/p1p4k/bp2prRQ/3pNp2/3P4/3PP3/1P3P2/1K5R b - - 0 26,f8h6 h1h6,1068,76,100,228,master mate mateIn1 middlegame oneMove,https://lichess.org/c13X5QGA/black#52,,True,https://lichess.org/training/dB40r
KSD8S,r3r1k1/1p3pp1/p1p5/3pP3/PP5R/6P1/6K1/7R b - - 4 26,g7g6 h4h8 g8g7 h1h7,1068,77,90,389,endgame mate mateIn2 rookEndgame short,https://lichess.org/ZEF4w7x5/black#52,,True,https://lichess.org/training/KSD8S
XwXmN,6k1/6p1/p4b2/1p3P2/4n3/1P3Q2/1P3PK1/R1B1r2r w - - 5 34,b3b4 e1g1,1068,76,79,153,mate mateIn1 middlegame oneMove,https://lichess.org/ljQ6RHRT#67,,True,https://lichess.org/training/XwXmN
Azbzf,r3n1k1/ppq2p2/2p3pR/3p2P1/3P1N2/P3rP2/1PQ2K2/7R b - - 1 29,c7f4 h6h8 g8g7 h1h7,1068,77,100,369,kingsideAttack mate mateIn2 middlegame short,https://lichess.org/oPp4bf2O/black#58,,True,https://lichess.org/training/Azbzf
dZK9E,2k5/pp6/2p3p1/8/1P1RP2P/P5P1/1r3r2/R3K3 w - - 1 33,a1d1 b2e2,1068,79,100,85,endgame mate mateIn1 oneMove rookEndgame,https://lichess.org/k9Leo46Z#65,,True,https://lichess.org/training/dZK9E
qFUDq,8/7R/4ppk1/6p1/1p4P1/7R/2p3K1/6b1 b - - 0 61,c2c1q h3h6,1068,106,91,51,endgame mate mateIn1 oneMove,https://lichess.org/QO4qBr0s/black#122,,True,https://lichess.org/training/qFUDq
1O1X4,6k1/2p2r1p/1p2p1QR/1b1qP3/p2P4/2P3P1/PP3P2/1K5R b - - 0 23,h7g6 h6h8 g8g7 h1h7,1069,84,93,494,endgame mate mateIn2 short,https://lichess.org/jOz4G9je/black#46,,True,https://lichess.org/training/1O1X4
kvOhI,4R2R/1p3pk1/1bp2r2/p5P1/P7/1P3B2/3r1P2/6K1 b - - 2 40,f6f3 e8g8,1069,75,85,222,endgame master mate mateIn1 oneMove,https://lichess.org/QwOkApfJ/black#80,,True,https://lichess.org/training/kvOhI
I7cnh,3r4/3P1k2/6r1/1Q6/5BK1/6P1/8/8 w - - 3 65,g4h5 d8h8 f4h6 h8h6,1069,104,100,29,endgame mate mateIn2 short,https://lichess.org/zu4b1TAU#129,,True,https://lichess.org/training/I7cnh
iZ3C9,4R1R1/2r2kpp/5p2/5P2/3P2P1/p1r4P/6K1/8 b - - 1 43,a3a2 g8f8,1069,85,77,190,endgame mate mateIn1 oneMove rookEndgame,https://lichess.org/UIfND4Pg/black#86,,True,https://lichess.org/training/iZ3C9
y2LVS,4n1k1/5r1p/p5BR/1p1r2P1/5p2/P4P2/1PP5/2K4R b - - 0 26,h7g6 h6h8 g8g7 h1h7,1069,83,77,1541,endgame mate mateIn2 short,https://lichess.org/lKeJW72r/black#52,,True,https://lichess.org/training/y2LVS
jjMuC,3r2kR/p4p2/1p2p1p1/3rP3/PP1P4/2Q3K1/7R/3q4 b - - 1 46,g8g7 h2h7,1069,82,93,415,endgame mate mateIn1 oneMove,https://lichess.org/Oau6UE7t/black#92,,True,https://lichess.org/training/jjMuC
2lOFx,8/P5pk/7p/3p3r/1Pp2P2/2P1PRrq/6PK/5R2 w - - 0 45,g2h3 h5h3,1069,80,89,226,endgame mate mateIn1 oneMove rookEndgame,https://lichess.org/s0HZnswI#89,,True,https://lichess.org/training/2lOFx
e9Ycz,4r1k1/R5R1/2n1r2p/P7/8/5K2/7P/8 b - - 0 35,g8f8 a7f7,1070,84,65,38,endgame mate mateIn1 oneMove,https://lichess.org/qxYb0mAd/black#70,,True,https://lichess.org/training/e9Ycz
3R82F,k5r1/P1P3r1/R2p4/1N3p2/1P2pp1p/5P1P/6P1/3R2K1 w - - 1 43,d1d6 g7g2 g1f1 g2g1 f1f2 g8g2,1070,76,99,3640,endgame long mate mateIn3,https://lichess.org/mS9IGUzy#85,,True,https://lichess.org/training/3R82F
MfnS1,r3qr1k/p3b1Rb/2p1N2R/3pPp2/5P2/3B4/PPP3PP/7K b - - 2 31,f8f7 h6h7,1070,79,94,1434,kingsideAttack mate mateIn1 middlegame oneMove,https://lichess.org/GrhKTUkM/black#62,,True,https://lichess.org/training/MfnS1
lvR0z,Qk1r1bnr/1bp1q1p1/1p1p1p2/1P5p/4p3/4BN2/RPP2PPP/R5K1 b - - 1 17,b7a8 a2a8 b8b7 a1a7,1070,97,91,54,mate mateIn2 middlegame queensideAttack short,https://lichess.org/DH7Qv425/black#34,Rat_Defense Rat_Defense_Small_Center_Defense,True,https://lichess.org/training/lvR0z
BreRF,1k1r4/1R3R2/p7/4p1p1/8/7r/PKP5/3q4 b - - 0 35,b8c8 f7c7,1070,116,100,20,endgame mate mateIn1 oneMove queenRookEndgame,https://lichess.org/FZpFb0TC/black#70,,True,https://lichess.org/training/BreRF
08PNN,7r/p1b1kp2/5p2/P3p3/1P1P2p1/3Q2Pr/5P1P/3R2Kq w - - 0 28,g1h1 h3h2 h1g1 h2h1 g1g2 h8h2,1070,79,93,133,endgame long mate mateIn3,https://lichess.org/dFTbL8D8#55,,True,https://lichess.org/training/08PNN
p4g0W,8/1p6/p1p1R2R/3p1kr1/1r6/5K2/8/8 b - - 3 49,b4e4 h6f6,1070,79,90,343,endgame mate mateIn1 oneMove rookEndgame,https://lichess.org/BguB4jhG/black#98,,True,https://lichess.org/training/p4g0W
ZsM5Z,8/R2R4/3pNkp1/1r1Pbp1p/2r1p3/6P1/5PP1/6K1 b - - 7 42,b5d5 d7f7 f6e6 a7e7,1070,77,85,587,endgame mate mateIn2 sacrifice short,https://lichess.org/gq8Xt7bA/black#84,,True,https://lichess.org/training/ZsM5Z
KGl6k,6kR/3p4/p4rrR/1p6/8/P1P5/2P5/2K5 b - - 2 35,g8g7 h6h7,1070,77,97,1833,endgame mate mateIn1 oneMove rookEndgame,https://lichess.org/6hgMFJuk/black#70,,True,https://lichess.org/training/KGl6k
hqxnu,r5kR/1p1b1r2/1n2p1p1/n2pPpP1/p1pP4/P1P1B3/1PB2PP1/2K4R b - - 1 22,g8g7 h1h7,1071,76,99,753,mate mateIn1 middlegame oneMove,https://lichess.org/uvo9WzL6/black#44,,True,https://lichess.org/training/hqxnu
JAGfH,6k1/p1R5/5b1p/1p3B2/2p2p2/2P2P1P/PP1r2r1/4R1K1 w - - 4 36,g1f1 d2f2,1071,77,77,114,endgame mate mateIn1 oneMove,https://lichess.org/gghEToSg#71,,True,https://lichess.org/training/JAGfH
fTlLb,5r2/1pp3Rk/p2p4/4pr1p/1P6/7P/P1P5/2K3R1 b - - 1 31,h7h6 g1g6,1071,87,89,1172,endgame mate mateIn1 oneMove rookEndgame,https://lichess.org/gPw4Oa8g/black#62,,True,https://lichess.org/training/fTlLb
FeB15,1Rkr4/8/p2p4/3Pp2r/2P2np1/1R6/1P3PPP/5K2 b - - 2 32,c8c7 b3b7,1071,77,100,104,endgame mate mateIn1 oneMove,https://lichess.org/YnD1vRe1/black#64,,True,https://lichess.org/training/FeB15
UNJJJ,4r1k1/1R4Rp/2p5/p7/1r6/1p2P3/5PPP/5K2 b - - 0 34,g8f8 b7f7,1071,76,99,492,endgame mate mateIn1 oneMove rookEndgame,https://lichess.org/0qzX15gW/black#68,,True,https://lichess.org/training/UNJJJ
T5bg6,8/p1R5/2n1pQ2/1pkp2p1/2p3P1/2Pr4/PPKr4/R7 w - - 2 54,c2c1 d2d1 c1c2 d3d2,1071,79,92,3842,endgame mate mateIn2 queensideAttack short,https://lichess.org/eMnVWHy5#107,,True,https://lichess.org/training/T5bg6
NsbMF,1k6/pp4R1/7p/8/8/5P2/Pr2r1PP/1K1R4 w - - 0 24,b1c1 e2c2,1071,79,92,147,endgame mate mateIn1 oneMove rookEndgame,https://lichess.org/fLMrHezc#47,,True,https://lichess.org/training/NsbMF
Bfhq5,4r1k1/2R3Rp/p3p1p1/1pb5/r7/6PP/5P2/6K1 b - - 1 42,g8f8 c7f7,1071,83,88,931,endgame mate mateIn1 oneMove,https://lichess.org/jEuadh0y/black#84,,True,https://lichess.org/training/Bfhq5
KdZ7U,4r1k1/1R4R1/3p4/3P2pp/7r/1P3p2/5KP1/8 b - - 9 69,g8f8 b7f7,1072,78,94,1661,endgame master mate mateIn1 oneMove rookEndgame,https://lichess.org/5LLhBWBy/black#138,,True,https://lichess.org/training/KdZ7U
wQoOb,1r6/1b2n1kR/p3p3/2NpPrp1/2p5/P7/1PP5/2K4R b - - 1 30,g7g6 h1h6,1072,75,96,1223,mate mateIn1 middlegame oneMove,https://lichess.org/E2gnzp6Y/black#60,,True,https://lichess.org/training/wQoOb
7u3jp,4r1k1/p1R3Rp/8/8/P1P5/1n3P2/2r3PP/6K1 b - - 0 30,g8f8 c7f7,1072,75,71,122,endgame mate mateIn1 oneMove,https://lichess.org/FIOY6Hh2/black#60,,True,https://lichess.org/training/7u3jp
m7oIK,4r1k1/3R2Rp/p5p1/1p6/1P2p1P1/4r2P/P7/6K1 b - - 1 33,g8f8 d7f7,1072,80,88,74,endgame mate mateIn1 oneMove rookEndgame,https://lichess.org/PNIL0SBv/black#66,,True,https://lichess.org/training/m7oIK
NrQMK,2k5/p6p/1pb3p1/2p2p2/B1P4r/8/P5rP/1R2R2K w - - 2 34,a4c6 h4h2,1072,76,88,290,endgame master mate mateIn1 oneMove,https://lichess.org/p5rJPkew#67,,True,https://lichess.org/training/NrQMK
KhWQo,r7/7p/1PR4P/3pp1k1/rK4P1/8/2R5/8 w - - 1 47,b4b5 a8a5,1073,83,92,91,endgame master mate mateIn1 oneMove rookEndgame,https://lichess.org/VFfxzpvD#93,,True,https://lichess.org/training/KhWQo
w7hfD,7r/5k2/2P1p3/P3Pp2/B5p1/4n1P1/2RB3r/6K1 w - - 2 49,d2e3 h2h1 g1g2 h8h2,1073,75,96,2323,endgame mate mateIn2 short,https://lichess.org/NeWGfVIW#97,,True,https://lichess.org/training/w7hfD
PVikA,4r1k1/1p1R2R1/2p4p/1p1n2p1/1P6/4r1P1/P5BP/7K b - - 2 33,g8f8 d7f7,1073,77,92,342,endgame master mate mateIn1 oneMove,https://lichess.org/RiBq0gvX/black#66,,True,https://lichess.org/training/PVikA
a9R7N,8/R5R1/2pr1k1p/3b4/2pP3P/3n2K1/PP6/8 b - - 0 41,d6e6 a7f7,1073,79,94,628,endgame master mate mateIn1 oneMove,https://lichess.org/UKSrdFwh/black#82,,True,https://lichess.org/training/a9R7N
mym2m,3r1k2/1pR2Rp1/p1b4p/2pr1p2/5P2/6P1/PP4P1/6K1 b - - 6 29,f8e8 c7e7,1073,75,100,207,endgame mate mateIn1 oneMove,https://lichess.org/0DBGAa0O/black#58,,True,https://lichess.org/training/mym2m
mvEwc,2r3k1/5r2/p2q2p1/1p2p1P1/5p2/1Pp4R/P4Q2/K6R b - - 1 36,c8d8 h3h8 g8g7 h1h7,1073,78,79,98,endgame mate mateIn2 short,https://lichess.org/rY058PEO/black#72,,True,https://lichess.org/training/mvEwc
r3yLL,5rk1/1p4pp/p7/8/1R6/2P3PP/PP6/5rKQ w - - 0 29,g1g2 f8f2,1073,80,90,168,endgame mate mateIn1 oneMove queenRookEndgame,https://lichess.org/PjuE2kSj#57,,True,https://lichess.org/training/r3yLL
eXm6N,1r4k1/pr3p1p/6pP/3p4/2p5/q1P1P1Q1/1P1R1P2/2K3R1 w - - 0 36,b2a3 b7b1 c1c2 b8b2,1073,80,90,443,endgame mate mateIn2 queenRookEndgame queensideAttack short,https://lichess.org/lwRDsDR3#71,,True,https://lichess.org/training/eXm6N
T4DAA,3k4/2p3r1/1p1p4/pP1P1R1p/P6P/5P1K/6r1/5R2 w - - 8 45,f5h5 g7g3,1074,79,100,111,endgame master masterVsMaster mate mateIn1 oneMove rookEndgame,https://lichess.org/sVvMpHOP#89,,True,https://lichess.org/training/T4DAA
OwuEv,2R5/pp3pkp/5np1/2Q5/5P2/P5P1/1P1r2r1/5RK1 w - - 2 32,g1h1 g2h2 h1g1 d2g2,1074,77,77,51,endgame mate mateIn2 short,https://lichess.org/JpNU1HpL#63,,True,https://lichess.org/training/OwuEv
9AarJ,1k6/1pp5/1r6/p1Q3P1/P6P/K1P5/1r6/8 w - - 5 55,g5g6 b6b3,1074,76,97,2607,endgame mate mateIn1 oneMove queenRookEndgame,https://lichess.org/FiIv4Afi#109,,True,https://lichess.org/training/9AarJ
atbjS,2N2R2/2p3pk/p6p/8/5n2/1P3P2/P2r1PrP/4RK2 w - - 19 36,f8f4 d2f2,1074,75,98,1411,endgame mate mateIn1 oneMove,https://lichess.org/r1vM8CPW#71,,True,https://lichess.org/training/atbjS
mtE1w,4r1k1/ppR3R1/7p/8/8/5KP1/r7/8 b - - 3 39,g8f8 c7f7,1074,75,100,318,endgame mate mateIn1 oneMove rookEndgame,https://lichess.org/Oda5x8ls/black#78,,True,https://lichess.org/training/mtE1w
pVPrQ,5r2/3Qn2k/p2b2pP/6B1/3pP3/P1pP4/2P1p3/R3Kr1R w KQ - 1 32,e1e2 f8f2,1074,80,94,1515,mate mateIn1 middlegame oneMove,https://lichess.org/F4mjROCS#63,,True,https://lichess.org/training/pVPrQ
n5BO4,1r2rk2/1pR3R1/p1p3N1/4n3/8/4p3/P5P1/6K1 b - - 5 49,e5g6 c7f7,1074,75,95,2576,endgame mate mateIn1 oneMove,https://lichess.org/Us1geUsP/black#98,,True,https://lichess.org/training/n5BO4
m7mFS,2rr4/R4R2/4pNkp/p2pP3/P2b2P1/8/5P2/6K1 b - - 0 37,d4e5 f7g7 g6f6 a7f7,1074,78,92,990,endgame mate mateIn2 sacrifice short,https://lichess.org/PhqGKdeQ/black#74,,True,https://lichess.org/training/m7mFS
EH91y,6k1/ppp2ppp/6n1/3P4/2P5/2Q5/P3r1r1/R3R1K1 w - - 2 32,g1f1 e2f2,1074,84,91,925,endgame mate mateIn1 oneMove,https://lichess.org/3WHAAbWg#63,,True,https://lichess.org/training/EH91y
S8mJK,8/3n3r/1p2p3/p2pP3/P4Pk1/1PR1B1P1/5RK1/7r w - - 3 42,f4f5 h7h2,1075,80,92,1403,endgame master mate mateIn1 oneMove,https://lichess.org/QGlHhIST#83,,True,https://lichess.org/training/S8mJK
0sbJD,2r5/1p4p1/p2k1p2/3P4/PP1pP2p/1K1R1P1P/2r5/3R4 w - - 0 33,d3d4 c8c3,1075,84,93,1410,endgame master masterVsMaster mate mateIn1 oneMove rookEndgame,https://lichess.org/hgjXFJ85#65,,True,https://lichess.org/training/0sbJD
Gs4DQ,4r1k1/5pp1/7p/2RP4/p1P5/P2Kr3/6PP/7R w - - 1 29,d3d4 e8e4,1075,100,73,41,endgame mate mateIn1 oneMove rookEndgame,https://lichess.org/edF2WwjI#57,,True,https://lichess.org/training/Gs4DQ
bBU72,2r2r2/7R/1p3pk1/p3p1p1/3p2P1/1P5R/P4P1P/6K1 b - - 0 34,f6f5 h3h6,1075,80,85,3412,endgame mate mateIn1 oneMove rookEndgame,https://lichess.org/rg5WD59P/black#68,,True,https://lichess.org/training/bBU72
fX6oc,R6R/5rk1/5pp1/2p1p3/p1r1P1P1/2P2P1K/6P1/8 b - - 4 41,c4c3 a8g8,1075,88,72,87,endgame mate mateIn1 oneMove rookEndgame,https://lichess.org/jm4KtOHl/black#82,,True,https://lichess.org/training/fX6oc
HUjoP,1k1r4/1R1R4/6p1/8/8/1p4P1/r6P/6K1 b - - 3 42,b8c8 d7c7,1075,81,94,95,endgame mate mateIn1 oneMove rookEndgame,https://lichess.org/RDYh4Den/black#84,,True,https://lichess.org/training/HUjoP
VfbgK,7k/p3R1p1/4B2p/8/4P3/8/Pr2r2P/2R1K3 w - - 4 32,e1d1 b2d2,1075,76,100,391,endgame mate mateIn1 oneMove,https://lichess.org/ugZ7xnLP#63,,True,https://lichess.org/training/VfbgK
IfBKg,1k5r/pp6/3p4/5p2/5Np1/4B1P1/PPP2P1r/R4RK1 w - - 0 21,f1e1 h2h1 g1g2 h8h2,1075,93,93,1950,endgame mate mateIn2 short,https://lichess.org/gLqVfdZN#41,,True,https://lichess.org/training/IfBKg
CJbN3,4r1k1/1R4Rp/8/1K1p2p1/1P6/8/6r1/8 b - - 5 54,g8f8 b7f7,1075,76,97,2110,endgame master masterVsMaster mate mateIn1 oneMove rookEndgame,https://lichess.org/DJ0JoghT/black#108,,True,https://lichess.org/training/CJbN3
Rq5lg,2k4r/p1q2p2/Pppb1n2/4N3/3P1Bp1/4Q1P1/1PP2P2/R3R1Kr w - - 1 24,g1g2 h8h2,1075,105,43,38,mate mateIn1 middlegame oneMove,https://lichess.org/foll8kFg#47,,True,https://lichess.org/training/Rq5lg
tHkDV,5r2/2R1R3/1pk1p1p1/7p/5P2/4K3/1r4PP/8 b - - 3 44,c6d6 e7d7,1075,77,97,875,endgame mate mateIn1 oneMove rookEndgame,https://lichess.org/dktrcWPO/black#88,,True,https://lichess.org/training/tHkDV
zcqS4,1r4r1/2R3pp/p3kp2/1p1pp3/1P6/P3P2P/5PP1/2R3K1 b - - 1 25,e6d6 c1c6,1075,99,92,53,endgame mate mateIn1 oneMove rookEndgame,https://lichess.org/dPmxAPv0/black#50,,True,https://lichess.org/training/zcqS4
fQlEa,4Rnk1/pp3R1p/2p2pp1/8/P1Bq4/5P1P/1PP2P2/6K1 b - - 0 21,d4c4 e8f8,1075,77,94,421,endgame mate mateIn1 oneMove,https://lichess.org/L7yOqWex/black#42,,True,https://lichess.org/training/fQlEa
EbbqT,8/5p1k/8/1R1p1Np1/1P6/2P1R1KP/rr6/8 w - - 1 45,f5d4 b2g2 g3f3 a2f2,1075,152,82,7,endgame mate mateIn2 short,https://lichess.org/aen1E4uS#89,,True,https://lichess.org/training/EbbqT
BT0eP,k6r/nppN1p2/8/8/3P2p1/P3q1P1/4QR1r/R5K1 w - - 0 30,e2e3 h2h1 g1g2 h8h2,1075,77,97,16887,mate mateIn2 middlegame short,https://lichess.org/GWOG7YnD#59,,True,https://lichess.org/training/BT0eP
VxeOf,1r1k4/R2R3p/p7/6p1/Pr6/8/2P4P/K7 b - - 8 35,d8c8 a7c7,1075,77,80,150,endgame mate mateIn1 oneMove rookEndgame,https://lichess.org/G9ywBe21/black#70,,True,https://lichess.org/training/VxeOf
zsbQh,1r4k1/5ppp/3R4/6P1/p1q1p2P/P1Q1P3/K4P2/1r1R4 w - - 3 36,c3c4 b8b2,1075,86,63,55,endgame mate mateIn1 oneMove queenRookEndgame,https://lichess.org/bE2HD45f#71,,True,https://lichess.org/training/zsbQh
JAMmd,r1bq4/pp1p4/4p3/4Pn1k/6R1/2P2P2/PP4P1/2K1R3 b - - 0 25,d8b6 e1h1 f5h4 h1h4,1075,83,93,961,endgame mate mateIn2 short,https://lichess.org/7kCyAB4K/black#50,,True,https://lichess.org/training/JAMmd
6YBYL,rr1k4/2p3pp/3pR3/p2P4/8/1P4N1/P1q2PPP/4R1K1 b - - 0 26,c2a2 e6e8 d8d7 e1e7,1075,77,94,784,endgame mate mateIn2 short,https://lichess.org/FsECcC7q/black#52,,True,https://lichess.org/training/6YBYL
iFEC1,4r1k1/1R4R1/8/p1r1p3/P2p3b/4P3/5PK1/8 b - - 0 41,g8f8 b7f7,1076,76,80,128,endgame mate mateIn1 oneMove,https://lichess.org/BEg39PH7/black#82,,True,https://lichess.org/training/iFEC1
FBaLk,2r1k3/1R2R2p/8/8/r7/5PKP/6P1/2q5 b - - 4 37,e8d8 b7d7,1076,76,100,272,endgame mate mateIn1 oneMove queenRookEndgame,https://lichess.org/isrHLEXy/black#74,,True,https://lichess.org/training/FBaLk
SUBaf,2Q5/3r3k/5pb1/1N2p3/PPP5/4KP2/3r4/8 w - - 6 52,a4a5 d7d3,1076,79,94,1540,endgame mate mateIn1 oneMove,https://lichess.org/147vithd#103,,True,https://lichess.org/training/SUBaf
6mFLY,4r3/1Rk1rpp1/4p2p/3pP3/3P4/6P1/5PP1/1R4K1 b - - 2 36,c7c6 b1b6,1076,80,66,666,endgame mate mateIn1 oneMove rookEndgame,https://lichess.org/IeZnpWeZ/black#72,,True,https://lichess.org/training/6mFLY
vD68S,1br4R/pp1b2k1/4pqp1/2Pp4/5p2/2PBQNP1/PP3P2/1K5R b - - 0 23,f4e3 h1h7,1076,77,94,364,master mate mateIn1 middlegame oneMove,https://lichess.org/y7s4i59Q/black#46,,True,https://lichess.org/training/vD68S
Vygmw,2r2kQ1/5p1R/3pb1p1/2p1p1P1/p1P1P3/P2PPK2/qr4P1/7R b - - 0 31,f8g8 h7h8 g8g7 h1h7,1076,82,91,944,endgame kingsideAttack mate mateIn2 short,https://lichess.org/BV2rWtCN/black#62,,True,https://lichess.org/training/Vygmw
QkGzk,3r1k2/R4R2/5p2/7p/N2p1P1P/6PK/8/3q4 b - - 5 48,f8e8 a7e7,1076,76,74,145,endgame master mate mateIn1 oneMove,https://lichess.org/jbAM7TEc/black#96,,True,https://lichess.org/training/QkGzk
Jhhx8,8/p4Rk1/1p6/2p3p1/3p2P1/1P1P4/P1PK1R2/4r2r b - - 4 48,g7g6 f2f6,1076,81,33,212,endgame mate mateIn1 oneMove rookEndgame,https://lichess.org/vxX2zz23/black#96,,True,https://lichess.org/training/Jhhx8
soDCd,6k1/1p3pp1/p1p4p/8/3r3r/P5K1/1PRN1PP1/2R5 w - - 10 34,d2f3 d4g4,1076,81,83,161,endgame mate mateIn1 oneMove,https://lichess.org/D6pOFtmZ#67,,True,https://lichess.org/training/soDCd
z4uR7,6k1/pp3r2/4r3/4ppK1/6nR/2P3P1/PP4P1/7R b - - 2 37,g4f2 h4h8 g8g7 h1h7,1076,80,79,118,endgame mate mateIn2 short,https://lichess.org/s5C7rABD/black#74,,True,https://lichess.org/training/z4uR7
jkiXT,8/p6k/2p2p1p/2Pp1N2/3P4/P3PK1P/3r2r1/R6R w - - 1 37,a1g1 d2f2,1076,80,91,337,endgame mate mateIn1 oneMove,https://lichess.org/hBqkMhCM#73,,True,https://lichess.org/training/jkiXT
GJ0VT,6k1/pp5p/8/7P/3Pp3/2N1P3/Pr3rP1/R3K2R w KQ - 0 25,c3d1 b2e2,1076,77,100,84,endgame mate mateIn1 oneMove,https://lichess.org/d9A6Rp0L#49,,True,https://lichess.org/training/GJ0VT
zXueK,1r2r3/1p5R/p1p2pk1/6p1/4p1P1/7R/PPP4P/6K1 b - - 0 33,e8g8 h3h6,1076,76,89,759,endgame mate mateIn1 oneMove rookEndgame,https://lichess.org/0Tf3hhUw/black#66,,True,https://lichess.org/training/zXueK
hmYfR,2q2r2/5rbk/p2p2RQ/1p1Np3/4p3/P1P4R/1P4PP/6K1 b - - 0 31,g7h6 h3h6,1076,76,73,240,master mate mateIn1 middlegame oneMove,https://lichess.org/Mpy2Q6LI/black#62,,True,https://lichess.org/training/hmYfR
LIMVI,1r4k1/1r1p1pp1/p3p2p/4P3/2pN1QP1/q1P5/bP1R1P1P/2K4R w - - 0 23,b2a3 b7b1 c1c2 b8b2,1076,76,93,531,mate mateIn2 middlegame queensideAttack short,https://lichess.org/fhtjFH6R#45,,True,https://lichess.org/training/LIMVI
zQQeB,2k5/5R2/1p6/3P1p2/5Bp1/6P1/1r3r2/1K1R4 w - - 0 36,b1c1 f2c2,1076,75,99,956,endgame mate mateIn1 oneMove,https://lichess.org/ZbjmUFxo#71,,True,https://lichess.org/training/zQQeB
gClak,r6k/5pp1/7p/3Q3P/5P2/2pp3N/qr4R1/K1R5 w - - 0 41,d5a2 a8a2,1077,83,83,557,endgame master masterVsMaster mate mateIn1 oneMove,https://lichess.org/edfmU7ul#81,,True,https://lichess.org/training/gClak
MZ12L,5r1k/1p4pp/p7/8/4Q1N1/2P3PP/PP2BqK1/5r2 w - - 9 34,g4f2 f8f2,1077,77,81,286,endgame mate mateIn1 oneMove,https://lichess.org/OswBKmYT#67,,True,https://lichess.org/training/MZ12L
DkNEO,6k1/3n2p1/3B3p/3PN3/8/5P2/r6r/2R2RK1 w - - 2 44,e5g4 a2g2,1077,76,57,522,master mate mateIn1 middlegame oneMove,https://lichess.org/wcvmTdPi#87,,True,https://lichess.org/training/DkNEO
CtS4N,4r1kQ/3n1pb1/r2qp1p1/2ppNnP1/3P1P2/pP2PN2/P2p1K1R/7R b - - 1 25,g7h8 h2h8 g8g7 h1h7,1077,76,93,204,kingsideAttack mate mateIn2 middlegame short,https://lichess.org/PFBjF0d4/black#50,,True,https://lichess.org/training/CtS4N
S7EHz,2k1r3/ppqr1p2/2N5/2Pp3p/1Qn5/1R2P2p/P5P1/1R4K1 b - - 0 31,b7c6 b4b8 c7b8 b3b8 c8c7 b1b7,1077,75,100,166,exposedKing long mate mateIn3 middlegame queensideAttack,https://lichess.org/pPlw00c4/black#62,,True,https://lichess.org/training/S7EHz
DtuFi,1r6/3k4/p1n1pp1R/2Pp2p1/6P1/4PN2/1rK2PP1/7R w - - 0 27,c2c3 b8b3,1077,81,93,4677,endgame mate mateIn1 oneMove,https://lichess.org/6tFvumfB#53,,True,https://lichess.org/training/DtuFi
mWc4W,4r1k1/2R3R1/pp4p1/1bb5/8/2P5/P5PP/3K4 b - - 1 32,g8f8 c7f7,1077,77,94,325,endgame mate mateIn1 oneMove,https://lichess.org/LEk6NJDr/black#64,,True,https://lichess.org/training/mWc4W
jY1CI,8/7p/7R/2p3k1/1p1b4/1P1P2K1/2r2p2/7R b - - 1 50,c2d2 h1h5,1077,82,86,282,endgame master mate mateIn1 oneMove,https://lichess.org/j89Z6uMc/black#100,,True,https://lichess.org/training/jY1CI
5FSQO,8/6Rk/5p2/5P1p/5r2/2rn2RP/6PK/8 b - - 0 48,h7h6 g3g6,1078,79,92,567,endgame mate mateIn1 oneMove,https://lichess.org/S2lxlTA9/black#96,,True,https://lichess.org/training/5FSQO
kEzDY,2k3r1/pp5p/2p5/P1p2P2/4Pn1P/1PPP3K/6r1/4RR2 w - - 0 29,f1f4 g8g3,1078,75,95,356,endgame mate mateIn1 oneMove rookEndgame,https://lichess.org/LHI7JBd0#57,,True,https://lichess.org/training/kEzDY
Y9liw,r6r/pp2R2p/2pkQ1p1/3p2q1/3P2b1/2N5/PPP3PP/4R1K1 b - - 12 22,g4e6 e1e6,1078,81,84,462,mate mateIn1 middlegame oneMove,https://lichess.org/bglZ8Qpu/black#44,,True,https://lichess.org/training/Y9liw
BHKfm,2k5/pp1N2p1/2p5/4qpp1/1P1R4/P4r2/5P2/3R1K2 b - - 1 37,e5h2 d7b6 a7b6 d4d8 c8c7 d1d7,1078,77,94,348,clearance endgame long mate mateIn3 sacrifice,https://lichess.org/ArBcToUL/black#74,,True,https://lichess.org/training/BHKfm
Q4vaa,4r3/1b3p2/p2k1P1p/3p1Q2/2qR4/2P2PP1/P1P2K1P/4r3 w - - 0 28,d4c4 e8e2,1078,78,100,720,endgame mate mateIn1 oneMove,https://lichess.org/mlG4sPLR#55,,True,https://lichess.org/training/Q4vaa
ZuluT,r5k1/1q5p/3B1p1b/6p1/r1NpP3/1P1P1QP1/2P5/1K1R4 w - - 0 41,f3f6 a4a1 b1b2 a8a2,1078,80,95,12478,mate mateIn2 middlegame queensideAttack short,https://lichess.org/DLwQjoWY#81,,True,https://lichess.org/training/ZuluT
jVzOx,2k4r/pp1n1qpr/2pbp1p1/6B1/3Pp3/P1N2QP1/1PP2P2/R3R1K1 w - - 0 21,f3f7 h7h1 g1g2 h8h2,1079,83,92,448,kingsideAttack mate mateIn2 middlegame short,https://lichess.org/mMjv6Dnm#41,,True,https://lichess.org/training/jVzOx
409oc,r4k2/pbp1R2R/1p1n1p2/8/2P4N/6Pn/P4P1P/5K2 b - - 2 25,h3g5 h4g6 f8g8 e7g7,1079,80,94,2451,mate mateIn2 middlegame short,https://lichess.org/uuttY99v/black#50,,True,https://lichess.org/training/409oc
Hskn3,2k5/pR1b4/2p1p3/2Kp4/6q1/P2B1r2/2P5/1R6 b - - 4 30,g4g5 b7b8 c8c7 b1b7,1079,81,93,1543,endgame mate mateIn2 short,https://lichess.org/mkyesbAF/black#60,,True,https://lichess.org/training/Hskn3
SmcRS,r1b2r2/pp4kR/8/4p1p1/3Pp1P1/P7/1PP1K1P1/7R b - - 3 30,g7g6 h1h6,1079,82,91,138,endgame mate mateIn1 oneMove,https://lichess.org/aNZqlqw0/black#60,,True,https://lichess.org/training/SmcRS
2EI7Q,4r1k1/R5R1/p2b3p/8/1p4PP/4PK2/r4P2/8 b - - 0 36,g8f8 a7f7,1079,78,98,830,endgame mate mateIn1 oneMove,https://lichess.org/KCZ1Z7FD/black#72,,True,https://lichess.org/training/2EI7Q
vXwHv,2r1r1k1/1R4Rp/6p1/8/p5PP/3KPP2/1P6/3b4 b - - 2 38,g8f8 b7f7,1079,76,74,70,endgame mate mateIn1 oneMove,https://lichess.org/suFIeqTk/black#76,,True,https://lichess.org/training/vXwHv
Zz9qZ,2k4r/ppp2pp1/2p1b2r/8/4PNp1/3PP1q1/PPPQ1R1P/R5K1 w - - 0 17,h2g3 h6h1 g1g2 h8h2,1079,82,93,485,kingsideAttack mate mateIn2 middlegame short,https://lichess.org/UBOK7jdr#33,Russian_Game Russian_Game_Stafford_Gambit,True,https://lichess.org/training/Zz9qZ
Bstog,6r1/pp6/2p1Rk1B/5P1p/2P3r1/1P1P1p2/P4PbK/4R3 b - - 6 35,f6f5 e1e5,1079,75,99,915,endgame mate mateIn1 oneMove,https://lichess.org/ef0FU5Pj/black#70,,True,https://lichess.org/training/Bstog
GLsmV,8/3P4/R3p1k1/2P5/1P1Nn3/6r1/3rK3/5R2 w - - 4 50,e2e1 g3e3 d4e2 e3e2,1079,85,90,406,endgame mate mateIn2 short,https://lichess.org/IGff7Usx#99,,True,https://lichess.org/training/GLsmV
Ktldw,5rk1/7p/2B1p1p1/P7/3PQ3/6PP/8/5rK1 w - - 0 30,g1g2 f8f2,1079,123,44,21,endgame mate mateIn1 oneMove,https://lichess.org/zDxlBjPi#59,,True,https://lichess.org/training/Ktldw
WcaUi,Q7/5rk1/8/8/3p4/3Rbr2/PP5P/4K3 w - - 4 36,a8e4 f3f1 e1e2 f7f2,1080,82,94,14972,endgame mate mateIn2 short,https://lichess.org/VmwmYZdn#71,,True,https://lichess.org/training/WcaUi
wtnB9,8/P1N2p2/5rp1/6k1/2p1b3/4R1KP/5r2/2R5 w - - 2 43,e3e4 f6f3,1080,85,91,645,endgame mate mateIn1 oneMove,https://lichess.org/o7xfXjBK#85,,True,https://lichess.org/training/wtnB9
aX1Xq,r7/6R1/5r1k/p1Pn1N1p/3p4/7P/8/K5R1 b - - 3 38,f6f5 g1g6,1080,85,94,1694,endgame mate mateIn1 oneMove,https://lichess.org/j1yePEKM/black#76,,True,https://lichess.org/training/aX1Xq
sEzac,r4r2/4R1pp/n1pk4/p2p2n1/p2P3P/P1P2P2/2P3P1/4R1K1 b - - 0 23,g5f7 e1e6,1080,78,94,925,endgame mate mateIn1 oneMove,https://lichess.org/t9KA0Zv0/black#46,,True,https://lichess.org/training/sEzac
zDfie,5krr/1p2q3/p3p2Q/1b1pPp2/3P4/2P3R1/3N1P1P/4K1R1 b - - 0 23,h8h6 g3g8 f8f7 g1g7,1080,92,93,470,mate mateIn2 middlegame short,https://lichess.org/SjvWk9Ew/black#46,,True,https://lichess.org/training/zDfie
XTi8g,1k6/RNq3b1/2p1p3/1pP1P3/1n1B2p1/1r6/5P2/R5K1 b - - 0 45,b3d3 a7a8 b8b7 a1a7,1080,102,94,455,mate mateIn2 middlegame sacrifice short,https://lichess.org/kV5JcMiW/black#90,,True,https://lichess.org/training/XTi8g
zgZnR,1b4rk/1R6/7p/4pP2/PPN1P3/2P2K2/6r1/R7 w - - 1 32,a1h1 g8g3,1080,78,94,2826,endgame mate mateIn1 oneMove,https://lichess.org/u75KUOSU#63,,True,https://lichess.org/training/zgZnR
UWVqJ,8/2R3R1/p2kr3/1p1r4/5K2/8/8/8 b - - 16 58,d5e5 g7d7,1080,83,92,322,endgame master mate mateIn1 oneMove rookEndgame,https://lichess.org/qbdKQNfF/black#116,,True,https://lichess.org/training/UWVqJ
iTQIv,7r/pp2k1p1/3qp3/1B1p4/4p2r/6P1/PPP1QP2/1R2R1K1 w - - 0 26,e2e3 h4h1 g1g2 h8h2,1081,76,85,185,kingsideAttack mate mateIn2 middlegame short,https://lichess.org/nPUe88sB#51,,True,https://lichess.org/training/iTQIv
bPFzo,2r2r2/p5Rk/2p5/7p/3p4/1P2p3/P1P5/1K4R1 b - - 0 38,h7h6 g1g6,1081,80,90,345,endgame master mate mateIn1 oneMove rookEndgame,https://lichess.org/1rGj1LnG/black#76,,True,https://lichess.org/training/bPFzo
JIEdJ,1R6/3Q2pk/2pB1p1p/3p1P2/3P3P/4Pb2/r5PK/4r3 w - - 1 49,d7e8 a2g2 h2h3 e1h1 d6h2 h1h2,1081,81,93,742,endgame long mate mateIn3,https://lichess.org/3PW2urqD#97,,True,https://lichess.org/training/JIEdJ
PyuqB,r1b1kb2/pp1p1R2/4p1rp/4P2Q/1P6/N1P3PN/P3q2P/5R1K b q - 0 22,e2h5 f7f8 e8e7 f1f7,1081,76,100,134,mate mateIn2 middlegame short,https://lichess.org/QssJAuMV/black#44,,True,https://lichess.org/training/PyuqB
b1EL3,1r4k1/pr3p2/3Q3p/6pP/2p1p1P1/2q1P3/PP1R2P1/2K2R2 w - - 0 32,b2c3 b7b1 c1c2 b8b2,1081,82,90,431,endgame mate mateIn2 queenRookEndgame queensideAttack short,https://lichess.org/dJOVnC46#63,,True,https://lichess.org/training/b1EL3
T7xux,1r6/2p2kR1/1p6/p1bPp3/4B3/2P2P2/PP4RK/4q3 b - - 0 48,f7f6 g2g6,1081,83,92,4516,endgame mate mateIn1 oneMove,https://lichess.org/yardj6E4/black#96,,True,https://lichess.org/training/T7xux
m5KhW,5b2/5r1k/2R4R/p3K3/r4p1P/5P2/8/8 b - - 6 56,h7g7 c6g6,1081,97,44,47,endgame mate mateIn1 oneMove,https://lichess.org/SSzLp2m8/black#112,,True,https://lichess.org/training/m5KhW
lEAED,3kr3/p1R3R1/7p/1p2p3/1P1pP3/7r/2PK4/8 b - - 1 33,h3c3 g7d7,1081,78,81,174,endgame master mate mateIn1 oneMove rookEndgame,https://lichess.org/5ti7JbZU/black#66,,True,https://lichess.org/training/lEAED
NHf2n,1r4k1/Q6p/3qR1p1/8/2P3n1/3B2P1/P1PB1r1P/6K1 w - - 0 27,e6d6 b8b1 d2e1 b1e1 d3f1 e1f1,1081,78,91,1391,long mate mateIn3 middlegame,https://lichess.org/jotajbld#53,,True,https://lichess.org/training/NHf2n
gxNET,1kr5/1p3p2/pq2p3/3pPp2/1P1B1P1P/PP3Q2/1K4P1/2rR4 w - - 0 29,d4b6 c8c2,1081,76,100,142,endgame mate mateIn1 oneMove,https://lichess.org/VOYdxFSU#57,,True,https://lichess.org/training/gxNET
1B76y,8/4kp1p/3p2pP/4p3/2n1P3/2R2P2/1rP3P1/rNKR4 w - - 0 36,c3b3 a1b1,1082,80,73,641,endgame master mate mateIn1 oneMove queensideAttack,https://lichess.org/yrhT8kFL#71,,True,https://lichess.org/training/1B76y
c3rne,4rk2/R5Rp/4p3/K7/4r3/P7/8/8 b - - 1 35,e4h4 a7f7,1082,78,89,4390,endgame mate mateIn1 oneMove rookEndgame,https://lichess.org/PeXxv0Zu/black#70,,True,https://lichess.org/training/c3rne
jCfNK,2k4r/ppp2pp1/2p1b2r/8/4P1p1/3PP1q1/PPPN1R1P/3RQ1K1 w - - 0 16,h2g3 h6h1 g1g2 h8h2,1082,76,90,634,kingsideAttack mate mateIn2 middlegame short,https://lichess.org/r8vjT9VW#31,Russian_Game Russian_Game_Stafford_Gambit,True,https://lichess.org/training/jCfNK
nTlrJ,3k2r1/p7/1p2R2P/8/3P2rK/4R3/8/8 w - - 9 50,h4h5 g8g5,1082,77,73,739,endgame master mate mateIn1 oneMove rookEndgame,https://lichess.org/mb5W3m0E#99,,True,https://lichess.org/training/nTlrJ
T57rB,2RR4/pp2rNkp/r3Pbp1/7n/7P/1P4P1/5P2/6K1 b - - 3 31,a6e6 d8g8 g7f7 c8f8,1082,87,79,42,mate mateIn2 middlegame sacrifice short,https://lichess.org/TjEEQJ6W/black#62,,True,https://lichess.org/training/T57rB
N3KeO,6r1/kpp4p/p1n5/1P6/P2p3Q/7P/2P1R1qK/4R1r1 w - - 6 34,e2g2 g8g2,1082,75,85,270,endgame mate mateIn1 oneMove,https://lichess.org/DKOCckqT#67,,True,https://lichess.org/training/N3KeO
h27GK,r1bR2R1/ppp1kp1p/5bp1/2P5/4p3/1Pn4P/P4PP1/4N1K1 b - - 3 22,c7c6 g8e8,1082,77,94,1176,mate mateIn1 middlegame oneMove,https://lichess.org/0PvfAH52/black#44,,True,https://lichess.org/training/h27GK
WtDhg,8/2R5/8/R5p1/P5k1/4K1P1/3r3r/8 w - - 5 39,c7g7 h2e2,1082,78,95,241,endgame master mate mateIn1 oneMove rookEndgame,https://lichess.org/wdB0yiyf#77,,True,https://lichess.org/training/WtDhg
mUstx,4r1k1/R5R1/pr3p1p/6p1/6P1/7P/1P4P1/7K b - - 1 34,g8f8 a7f7,1082,91,92,912,endgame mate mateIn1 oneMove rookEndgame,https://lichess.org/Nc4k7oXB/black#68,,True,https://lichess.org/training/mUstx
TXmRw,8/8/R3pkp1/1p6/8/P5NP/1r4r1/4R1K1 w - - 0 36,g1f1 b2f2,1082,80,100,139,endgame mate mateIn1 oneMove,https://lichess.org/YzREZdfO#71,,True,https://lichess.org/training/TXmRw
9tAH1,1k2r3/p4R2/5N2/2p5/1pPR4/1P6/1P1Kr3/8 w - - 2 43,d2d3 e8e3,1082,77,99,759,endgame mate mateIn1 oneMove,https://lichess.org/FfW0UuGG#85,,True,https://lichess.org/training/9tAH1
EtPmg,6k1/1pp3p1/p6p/3P3r/1P6/P1N1RpPr/2P2P2/4R1K1 w - - 6 31,e3f3 h3h1 g1g2 h5h2,1082,81,92,718,endgame mate mateIn2 short,https://lichess.org/4j4ABdvx#61,,True,https://lichess.org/training/EtPmg
T7CVt,6k1/8/2p5/7p/1P5P/P2R2P1/2r3r1/4R1K1 w - - 2 35,g1f1 c2f2,1083,90,82,72,endgame mate mateIn1 oneMove rookEndgame,https://lichess.org/0sXqtdsD#69,,True,https://lichess.org/training/T7CVt
LWfHH,3rr1k1/pp1R2R1/2p2p2/7p/7P/5B2/PPb2K2/8 b - - 0 25,g8f8 d7f7,1083,78,100,87,endgame mate mateIn1 oneMove,https://lichess.org/O6R0O8bL/black#50,,True,https://lichess.org/training/LWfHH
EnDMu,4r1k1/5p1p/p7/1pp3p1/6P1/2P5/PPQNr1KP/R1B5 w - - 1 27,g2f3 e8e3,1083,76,100,558,endgame mate mateIn1 oneMove,https://lichess.org/Q1kQNW0a#53,,True,https://lichess.org/training/EnDMu
f28Yd,4kr2/p4r1p/1ppR1R2/4p1PP/4P3/1P3p2/PNPK2n1/8 b - - 7 33,e8e7 f6e6,1083,79,92,2017,endgame mate mateIn1 oneMove,https://lichess.org/AlkgkrZK/black#66,,True,https://lichess.org/training/f28Yd
Ef86B,3Rk3/2p5/4pp1p/6p1/r7/4PP1P/1rP1KP2/3R4 b - - 3 30,e8e7 d1d7,1083,107,52,37,endgame mate mateIn1 oneMove rookEndgame,https://lichess.org/gHIdewO4/black#60,,True,https://lichess.org/training/Ef86B
2LaAW,8/Ppk4p/7b/5p2/4pP2/P1P1P2P/2Nr2r1/R1R2K2 w - - 2 31,c2e1 d2f2,1083,77,96,134,endgame mate mateIn1 oneMove,https://lichess.org/UNcUBneH#61,,True,https://lichess.org/training/2LaAW
w3mAL,7r/2R4p/pr1k1pp1/3ppb2/P7/6P1/5P1P/2R2BK1 b - - 0 25,b6b1 c1c6,1083,76,91,506,endgame mate mateIn1 oneMove,https://lichess.org/gT4nUXIj/black#50,,True,https://lichess.org/training/w3mAL
URJQl,b5k1/7R/3p1rp1/pp2p1N1/4P3/2P3K1/PP3r2/7R b - - 18 40,a8e4 h7h8 g8g7 h1h7,1083,75,100,770,endgame mate mateIn2 short,https://lichess.org/ToNdqD8M/black#80,,True,https://lichess.org/training/URJQl
qLJLs,8/pp2Rkr1/2p5/5r2/P6K/5p2/2P2P2/4R3 b - - 6 52,f7f6 e1e6,1083,79,90,492,endgame mate mateIn1 oneMove rookEndgame,https://lichess.org/Zd2bnQfx/black#104,,True,https://lichess.org/training/qLJLs
jA4cx,6k1/1b3r1p/p5Q1/1p1qPp2/3p1PpR/P1P3K1/2P3P1/7R b - - 0 28,h7g6 h4h8 g8g7 h1h7,1083,152,65,34,endgame mate mateIn2 short,https://lichess.org/cOfd7dpp/black#56,,True,https://lichess.org/training/jA4cx
A2gyV,r3k3/pb1p1Rp1/2p1p3/4P3/6p1/2N5/PPP3Pr/2K2R2 b q - 0 19,h2g2 f7f8 e8e7 f1f7,1084,79,93,175,endgame mate mateIn2 short,https://lichess.org/OVqmUj1k/black#38,,True,https://lichess.org/training/A2gyV
ocueX,r1b3R1/ppp3r1/4pNkp/2BnP3/8/8/PPP4P/2K3R1 b - - 7 27,g6f7 g1g7,1084,202,33,6,mate mateIn1 middlegame oneMove,https://lichess.org/Ib9c8zfo/black#54,,True,https://lichess.org/training/ocueX
AHRQf,4r3/p5k1/2p3n1/1p3PP1/3P2R1/1BP5/PP2rK2/6R1 w - - 3 36,f2f3 e8e3,1084,76,93,355,endgame master mate mateIn1 oneMove,https://lichess.org/fz0AwhUP#71,,True,https://lichess.org/training/AHRQf
spOAA,rr4k1/5p1R/3p2p1/p1p1P3/PqP1P3/1pQP2P1/1P4K1/7R b - - 0 28,b4c3 h7h8 g8g7 h1h7,1084,78,100,86,endgame kingsideAttack mate mateIn2 queenRookEndgame short,https://lichess.org/S24BgYOe/black#56,,True,https://lichess.org/training/spOAA
0wUpA,2n3rk/pp3prp/2p2p2/3p1P1Q/3P3R/2P3PR/P1PqB1KP/8 b - - 8 30,g8e8 h5h7 g7h7 h4h7 h8g8 h7h8 g8g7 h3h7,1084,78,65,315,kingsideAttack mate mateIn4 middlegame sacrifice veryLong,https://lichess.org/VsJF77qA/black#60,,True,https://lichess.org/training/0wUpA
Xlrsm,r1b2n1R/1p4kQ/2n1p1p1/p2p1rP1/2P2P2/q2BP3/3p1K2/7R b - - 3 24,f8h7 h1h7,1084,80,88,856,master masterVsMaster mate mateIn1 middlegame oneMove,https://lichess.org/gcHE7I5u/black#48,,True,https://lichess.org/training/Xlrsm
4WfOy,7r/1p3k2/p1pp4/3Pp3/3PPp2/P4nrP/1PP2R1K/5R2 w - - 5 31,f2f3 h8h3,1084,77,96,2861,endgame mate mateIn1 oneMove rookEndgame,https://lichess.org/EACOqhx9#61,,True,https://lichess.org/training/4WfOy
A1cDf,4r1k1/ppp2p2/4rPp1/8/8/3K3R/2P5/7R b - - 5 32,e6f6 h3h8 g8g7 h1h7,1084,86,94,9999,endgame mate mateIn2 rookEndgame short,https://lichess.org/UYs70nFd/black#64,,True,https://lichess.org/training/A1cDf
NETlc,1r6/3k1p1p/2p1b3/3p1p2/p1pP1P2/brP2N1P/1P1RN1P1/2K1R3 w - - 0 23,b2a3 b3b1 c1c2 b8b2,1084,85,91,3201,mate mateIn2 middlegame queensideAttack short,https://lichess.org/sVkKPJEK#45,,True,https://lichess.org/training/NETlc
6FD38,8/6Rk/8/4p2p/5pR1/5P1P/1r2r1PK/8 b - - 0 53,h7h6 g4g6,1084,121,82,22,endgame mate mateIn1 oneMove rookEndgame,https://lichess.org/JPnvEFxB/black#106,,True,https://lichess.org/training/6FD38
sycxJ,7r/p4kR1/1pp1p3/5p1r/3P4/P1P5/1P4R1/2K5 b - - 1 43,f7f6 g2g6,1084,79,93,2034,endgame master mate mateIn1 oneMove rookEndgame,https://lichess.org/pGxGAdFw/black#86,,True,https://lichess.org/training/sycxJ
EpuVj,1k6/pr4p1/8/5Q2/P7/2P3P1/Kr5P/8 w - - 0 64,a2a3 b7b3,1084,88,67,32,endgame master mate mateIn1 oneMove queenRookEndgame,https://lichess.org/DnKAXb8v#127,,True,https://lichess.org/training/EpuVj
fWdJe,6k1/p1p2p1p/6p1/1N6/8/1P4P1/P1r3rP/3RR1K1 w - - 3 26,g1f1 c2f2,1085,87,86,192,endgame mate mateIn1 oneMove,https://lichess.org/A7MFed07#51,,True,https://lichess.org/training/fWdJe
fA2IZ,4r1k1/R5Rp/2p3p1/5p2/1P6/4P3/2r3PP/6K1 b - - 1 25,g8f8 a7f7,1085,76,100,369,endgame master mate mateIn1 oneMove rookEndgame,https://lichess.org/kg59VqGb/black#50,,True,https://lichess.org/training/fA2IZ
SKZ70,1k1r4/2p1brp1/1p1p1n1p/1P1Q4/8/4B2P/RP3PP1/R5K1 b - - 0 23,f6d5 a2a8 b8b7 a1a7,1085,130,77,39,mate mateIn2 middlegame queensideAttack short,https://lichess.org/yMcBrZT6/black#46,,True,https://lichess.org/training/SKZ70
UbbWj,4r1k1/1R4R1/7p/7P/5p2/8/r5P1/7K b - - 0 31,g8f8 b7f7,1085,78,100,91,endgame mate mateIn1 oneMove rookEndgame,https://lichess.org/3ZdCihtL/black#62,,True,https://lichess.org/training/UbbWj
ejX5w,7R/1ppq1pk1/pn4r1/3Pp1p1/4NpP1/1P3P2/P1P5/2K4R b - - 1 33,d7c8 h1h7,1085,78,89,194,endgame mate mateIn1 oneMove,https://lichess.org/sh2w3A0o/black#66,,True,https://lichess.org/training/ejX5w
mqtKe,r5k1/r4p1p/4p1p1/3bP2P/1p4P1/1P1B4/1QP5/qK1R1R2 w - - 2 32,b2a1 a7a1 b1b2 a8a2,1085,79,72,93,mate mateIn2 middlegame queensideAttack short,https://lichess.org/UuYz9e89#63,,True,https://lichess.org/training/mqtKe
YzRvK,6R1/3r1k2/1r2pp1p/8/1b2P3/6RP/5PP1/4N1K1 b - - 1 30,b4e1 g3g7,1085,78,80,135,endgame mate mateIn1 oneMove,https://lichess.org/bPr3MNsA/black#60,,True,https://lichess.org/training/YzRvK
dcchJ,4r1k1/R5Rp/8/4r3/8/8/6KP/8 b - - 0 52,g8f8 a7f7,1085,78,89,610,endgame mate mateIn1 oneMove rookEndgame,https://lichess.org/y8pB6YqR/black#104,,True,https://lichess.org/training/dcchJ
4gB72,1R6/4p2p/Q2p2pk/8/3NP3/5P2/2r3rP/4R1K1 w - - 0 31,g1f1 c2f2,1085,86,81,92,endgame mate mateIn1 oneMove,https://lichess.org/H5louJTj#61,,True,https://lichess.org/training/4gB72
xyIY1,4r1k1/4qppp/1p6/1Pp3P1/2Pp3Q/R5N1/3KrP2/R7 w - - 0 30,d2d3 e7e3 f2e3 e8e3,1085,216,100,4,mate mateIn2 middlegame sacrifice short,https://lichess.org/WI6UWC6f#59,,True,https://lichess.org/training/xyIY1
8lTMB,8/8/3k3r/pp1p1p2/6rP/PPP4K/5R2/2R5 w - - 4 53,f2f5 h6h4,1085,80,91,226,endgame master mate mateIn1 oneMove rookEndgame,https://lichess.org/RmKXCgOb#105,,True,https://lichess.org/training/8lTMB
Svhdi,1k1r3r/2pq4/1p5p/RQ1Pp1p1/4p3/8/5PPP/R5K1 b - - 0 30,d7b5 a5a8 b8b7 a1a7,1085,76,95,3346,endgame mate mateIn2 queenRookEndgame short,https://lichess.org/oXAQU8wW/black#60,,True,https://lichess.org/training/Svhdi
lUJIo,rq3k1r/p2R1R2/4p1p1/1B1pP1P1/1P1P4/2P3p1/6P1/6K1 b - - 0 41,f8g8 f7g7 g8f8 d7f7,1085,77,89,224,endgame mate mateIn2 short,https://lichess.org/rUlC186T/black#82,,True,https://lichess.org/training/lUJIo
RiT3U,7r/pB2R3/1p1k3p/2p5/P1Pp1b2/7P/1P3rP1/1K2R3 b - - 0 28,f4d2 e1e6,1085,82,85,206,endgame mate mateIn1 oneMove,https://lichess.org/KyIJXftm/black#56,,True,https://lichess.org/training/RiT3U
AS6m2,7k/5r2/1p5p/3Q2p1/6P1/4P1KP/P4r2/8 w - - 0 45,e3e4 f7f3,1085,75,83,154,endgame master mate mateIn1 oneMove queenRookEndgame,https://lichess.org/LXsEUUf1#89,,True,https://lichess.org/training/AS6m2
MJT7G,7r/4R2p/3k1n2/2r5/8/5P2/6PP/4R1K1 b - - 2 26,f6d5 e1e6,1086,77,90,867,endgame mate mateIn1 oneMove,https://lichess.org/mxleJ2Ak/black#52,,True,https://lichess.org/training/MJT7G
txndH,4rk2/p2n2p1/2p1RpQr/1p1p4/3P1q2/2P2N2/PP3PPP/4R1K1 b - - 0 19,h6g6 e6e8 f8f7 e1e7,1086,77,83,144,mate mateIn2 middlegame short,https://lichess.org/eV3KgLwG/black#38,,True,https://lichess.org/training/txndH
5hcz4,8/pp3p2/4kB2/4P3/1P3R1K/3r3r/P4R2/8 w - - 30 47,h4g4 d3g3,1086,86,62,82,endgame mate mateIn1 oneMove,https://lichess.org/Wc5BFzkJ#93,,True,https://lichess.org/training/5hcz4
bqcqf,1r1q2k1/2pb1r1p/3p2Q1/p2Pp1P1/2P1P3/3n1P2/Pp2N2R/1K5R b - - 0 23,h7g6 h2h8 g8g7 h1h7,1086,76,90,721,kingsideAttack mate mateIn2 middlegame short,https://lichess.org/XWkmtm6f/black#46,,True,https://lichess.org/training/bqcqf
SSfGY,4r3/3b2R1/1pp1pk2/p4p2/3P4/1BP4r/PP3KR1/8 b - - 1 35,e8e7 g2g6,1086,77,93,565,endgame mate mateIn1 oneMove,https://lichess.org/29oou8Hd/black#70,,True,https://lichess.org/training/SSfGY
cVdPb,8/R4R2/1p6/7p/Pk1r4/6P1/1P1r4/2K5 w - - 1 45,f7f3 d2d1 c1c2 d4d2,1087,85,93,1558,endgame mate mateIn2 rookEndgame short,https://lichess.org/6vFYaSyp#89,,True,https://lichess.org/training/cVdPb
Z87vx,8/1R4R1/p3r1k1/P1p2p2/2Pp1Pp1/3r4/5PK1/8 b - - 3 44,g6f6 b7f7,1087,78,88,523,endgame mate mateIn1 oneMove rookEndgame,https://lichess.org/vuxdzbRM/black#88,,True,https://lichess.org/training/Z87vx
e6dmX,4kr2/3Rb1pp/p3B3/1p3P1P/4q1P1/4p3/PP6/K1R5 b - - 3 28,e3e2 c1c8 e7d8 c8d8,1087,75,100,619,endgame mate mateIn2 short,https://lichess.org/BZXyDpqJ/black#56,,True,https://lichess.org/training/e6dmX
hAOw1,3Qk3/p1Rb1r2/3B1ppp/4p3/3p4/3q4/P4PPP/1R4K1 b - - 0 32,e8d8 b1b8 d7c8 b8c8,1087,75,100,766,endgame master mate mateIn2 short,https://lichess.org/RdO5J80M/black#64,,True,https://lichess.org/training/hAOw1
17R1P,8/p1R3Rp/r2k1p2/4bP1r/4P3/8/P7/5K2 b - - 5 45,a6a2 g7d7,1087,78,99,497,endgame mate mateIn1 oneMove,https://lichess.org/yfLtXbgZ/black#90,,True,https://lichess.org/training/17R1P
TTwI8,4rk2/1R4R1/1p2p3/3p4/8/2P1PKP1/1r6/8 b - - 4 38,e6e5 b7f7,1087,75,100,360,endgame mate mateIn1 oneMove rookEndgame,https://lichess.org/IcuXIdJZ/black#76,,True,https://lichess.org/training/TTwI8
2jkFf,7k/7p/6p1/p7/8/1P1RP2P/r4rP1/3R1K2 w - - 1 33,f1e1 a2e2,1087,80,92,111,endgame mate mateIn1 oneMove rookEndgame,https://lichess.org/0lm5t8nt#65,,True,https://lichess.org/training/2jkFf
I08iV,8/8/5Q1B/p1kp2N1/Pp5P/1p6/1Prr4/1K6 w - - 1 36,g5f3 d2d1 h6c1 d1c1,1087,121,67,22,endgame mate mateIn2 short,https://lichess.org/GhtwYrFn#71,,True,https://lichess.org/training/I08iV
RITTS,r5k1/1b3p2/p3pPpR/1p6/8/1PN4R/1PP2r2/1K6 b - - 4 26,f2f6 h6h8 g8g7 h3h7,1087,91,93,342,endgame mate mateIn2 short,https://lichess.org/AnQqy5bE/black#52,,True,https://lichess.org/training/RITTS
S35HF,3r4/8/R4R2/1p1pk3/4p3/1PP1n3/PKB5/6r1 b - - 4 45,e3c2 a6e6,1087,79,93,933,endgame mate mateIn1 oneMove,https://lichess.org/sFgSMZd3/black#90,,True,https://lichess.org/training/S35HF
S3PAC,2r3kQ/n2b1pb1/1q2p1p1/3pP3/1p1P1PP1/1p2B3/1PP3KR/7R b - - 1 32,g7h8 h2h8 g8g7 h1h7,1087,145,60,17,kingsideAttack master masterVsMaster mate mateIn2 middlegame short,https://lichess.org/jsuGXTGs/black#64,,True,https://lichess.org/training/S3PAC
YLNlG,3rr1k1/pp3p2/2p3p1/5bP1/2P1B2R/5P2/PP2K3/7R b - - 4 23,f5e4 h4h8 g8g7 h1h7,1087,75,96,7939,endgame mate mateIn2 short,https://lichess.org/EnchXYpZ/black#46,,True,https://lichess.org/training/YLNlG
iwXxv,2k3r1/pbpR4/1p2B3/4P3/2pP3r/4b3/PP4P1/R1B3K1 w - - 1 25,c1e3 g8g2 g1f1 h4h1 e3g1 h1g1,1087,77,93,1111,long master mate mateIn3 middlegame,https://lichess.org/qrdEqsK2#49,,True,https://lichess.org/training/iwXxv
yW9fj,6k1/r6p/6p1/1P6/2bR4/2P5/r1B3P1/1K5R w - - 3 31,h1h7 a2a1 b1b2 a7a2,1087,75,100,447,endgame mate mateIn2 short,https://lichess.org/xU75hJjx#61,,True,https://lichess.org/training/yW9fj
1e6HJ,4r1k1/2Q4p/p4np1/2pP4/2P5/1P1K3P/P3r1P1/R7 w - - 3 33,a1d1 e8e3,1087,79,89,191,endgame mate mateIn1 oneMove,https://lichess.org/6iKSf5Aw#65,,True,https://lichess.org/training/1e6HJ
0zBA4,1k5r/p1p5/1p5q/3P4/7r/1P1P2R1/P4QB1/5NK1 w - - 8 40,g2f3 h4h1 g1g2 h6h2 f1h2 h8h2,1088,76,89,676,exposedKing long mate mateIn3 middlegame sacrifice,https://lichess.org/bYYZ7KfF#79,,True,https://lichess.org/training/0zBA4
vZL0m,4r1k1/pp3r1p/2p2pQR/8/3P1q2/5N2/PPP2PP1/1K5R b - - 0 23,h7g6 h6h8 g8g7 h1h7,1088,76,95,3588,endgame mate mateIn2 short,https://lichess.org/D6GMcjon/black#46,,True,https://lichess.org/training/vZL0m
rWfWq,5r2/p5pk/4p2p/1pppN3/3p2Q1/PP1P3P/R1P3P1/3K1r2 w - - 0 27,d1e2 f8f2,1088,80,92,545,endgame mate mateIn1 oneMove,https://lichess.org/34S54V6o#53,,True,https://lichess.org/training/rWfWq
PeFPH,2r5/1p3p1k/p3p1bp/3p4/6Q1/4P3/PPr1Bq1P/3K1RR1 w - - 4 25,f1f2 c2c1 d1d2 c8c2,1088,76,97,7510,mate mateIn2 middlegame short,https://lichess.org/dO2AmBRS#49,,True,https://lichess.org/training/PeFPH
AIAnO,3r4/pp2R2p/5kp1/5p2/3p1P2/1Pr3P1/P1P1RK1P/8 b - - 1 26,d8c8 e2e6,1088,78,89,430,endgame mate mateIn1 oneMove rookEndgame,https://lichess.org/mEVs923D/black#52,,True,https://lichess.org/training/AIAnO
d7OvR,3rq3/5R2/1p2p1Bk/p3P2p/3p3P/P1P3P1/1P6/1K3R2 b - - 0 33,h6g6 f1f6,1088,81,94,5864,endgame mate mateIn1 oneMove queenRookEndgame,https://lichess.org/vueFPRgi/black#66,,True,https://lichess.org/training/d7OvR
zcjAg,3r4/pp2R1pp/2p2kp1/5r2/3P4/PP3N1n/5PPK/4R3 b - - 1 27,h3f2 e1e6,1088,79,90,87,endgame mate mateIn1 oneMove,https://lichess.org/Y9Wn9M4O/black#54,,True,https://lichess.org/training/zcjAg
3WfIt,3k4/R4p1p/1p2p3/3pP2p/3N1P1P/P7/3r3r/4KR2 w - - 3 34,d4f3 h2e2,1088,76,57,142,endgame mate mateIn1 oneMove,https://lichess.org/eWsM13hB#67,,True,https://lichess.org/training/3WfIt
ignSx,1K1k1r2/1R2R3/4p3/8/pq5B/8/P7/8 b - - 11 57,b4h4 b7d7,1088,78,92,1197,endgame master mate mateIn1 oneMove queenRookEndgame,https://lichess.org/a42dMsGY/black#114,,True,https://lichess.org/training/ignSx
PCqbp,r3r1kQ/1p1n1pq1/2n3p1/1p1p2P1/3Pp3/2P4R/PP1N1PK1/7R b - - 1 24,g7h8 h3h8 g8g7 h1h7,1089,77,89,470,kingsideAttack mate mateIn2 middlegame short,https://lichess.org/SPsERhLo/black#48,,True,https://lichess.org/training/PCqbp
2Y3iz,7k/1p2rp1p/p4p1R/n4P2/8/2P4R/r4pPP/5B1K b - - 1 29,e7e1 h6h7 h8g8 h7h8 g8g7 h3h7,1089,84,94,473,endgame long mate mateIn3,https://lichess.org/zLoA1XLT/black#58,,True,https://lichess.org/training/2Y3iz
QcnvB,7K/6R1/2R2p1k/7p/7r/8/b7/8 b - - 0 63,a2b1 c6f6 b1g6 f6g6,1089,78,88,185,endgame mate mateIn2 short,https://lichess.org/1NBo233g/black#126,,True,https://lichess.org/training/QcnvB
eBRN7,1R1R4/1p2r2k/p1p4p/P1P3pP/1P4P1/8/4rK2/8 w - - 4 45,f2f3 e7e3,1089,90,91,280,endgame mate mateIn1 oneMove rookEndgame,https://lichess.org/qdrgLe6L#89,,True,https://lichess.org/training/eBRN7
gcmsg,5r1k/R1R4p/6p1/3B4/6b1/4P1P1/P7/5rK1 w - - 1 34,g1g2 f8f2,1089,81,90,1628,endgame mate mateIn1 oneMove,https://lichess.org/uWsWFMgk#67,,True,https://lichess.org/training/gcmsg
GCdXr,1r6/3R4/1pp1k3/4p2p/NpP1Pn2/5P2/PP3Pr1/3R3K b - - 8 33,g2f2 d1d6,1089,81,90,247,endgame mate mateIn1 oneMove,https://lichess.org/GQuQ8meh/black#66,,True,https://lichess.org/training/GCdXr
DCuHV,2r1r1k1/p4p2/6p1/5bPn/2NKp2R/4P3/P5B1/7R b - - 0 29,h5g3 h4h8 g8g7 h1h7,1089,75,97,1196,mate mateIn2 middlegame short,https://lichess.org/UWo3Vwa8/black#58,,True,https://lichess.org/training/DCuHV
iaeHp,3r1k2/p3p3/1p1r1p2/2pb1P2/P7/5BR1/7K/6R1 b - - 1 36,d5f3 g3g8 f8f7 g1g7,1089,74,89,174,endgame mate mateIn2 short,https://lichess.org/ZvaWHYnT/black#72,,True,https://lichess.org/training/iaeHp
IsyNV,4r1k1/R5Rp/6p1/5p2/4p3/3n3P/Pr4P1/6K1 b - - 3 34,g8f8 a7f7,1089,80,98,900,endgame mate mateIn1 oneMove,https://lichess.org/GutliWF8/black#68,,True,https://lichess.org/training/IsyNV
Sfi20,5rk1/5RR1/p4p2/1p3r2/2p4P/2P5/P7/2K5 b - - 2 40,g8h8 g7h7 h8g8 f7g7,1089,80,100,41,endgame mate mateIn2 rookEndgame short,https://lichess.org/E7JZ6g5p/black#80,,True,https://lichess.org/training/Sfi20
WRLWI,6k1/p2b1r1p/4p1Q1/3pPpb1/2pP4/2p1P1P1/Pr2BK1R/7R b - - 0 31,h7g6 h2h8 g8g7 h1h7,1090,84,5,48,kingsideAttack mate mateIn2 middlegame short,https://lichess.org/Qh0WUsvm/black#62,,True,https://lichess.org/training/WRLWI
gHYf7,r2k3r/pb1R3p/1pn2Np1/6q1/8/2P5/1PK1QPPP/4R3 b - - 0 22,d8c8 e2e8 h8e8 e1e8 c6d8 e8d8,1090,75,95,8620,exposedKing long mate mateIn3 middlegame queensideAttack sacrifice,https://lichess.org/mRAjU4g0/black#44,,True,https://lichess.org/training/gHYf7
t7zhv,7k/P4p2/3p3r/4p3/4P3/3P1P2/2P2nrP/4QR1K w - - 0 31,f1f2 h6h2,1090,80,93,1677,endgame mate mateIn1 oneMove queenRookEndgame,https://lichess.org/QDafgcJo#61,,True,https://lichess.org/training/t7zhv
0WFO5,r5k1/5p1p/4pp2/r7/1p1R3P/1b3P2/P1R3P1/1K3B2 w - - 0 27,a2b3 a5a1 b1b2 a8a2,1090,77,89,536,endgame mate mateIn2 short,https://lichess.org/czovAvD3#53,,True,https://lichess.org/training/0WFO5
GoZF1,r7/1b3kR1/p3p3/1p1p4/5K2/r2p4/8/6R1 b - - 1 36,f7f6 g1g6,1090,76,90,1180,endgame mate mateIn1 oneMove,https://lichess.org/7Mh8PObV/black#72,,True,https://lichess.org/training/GoZF1
Cse7z,2r1r1k1/3R2R1/p3p1p1/1p1n3p/8/2P5/P5PP/7K b - - 3 34,g8f8 d7f7,1090,78,92,169,endgame mate mateIn1 oneMove,https://lichess.org/OGS3TQed/black#68,,True,https://lichess.org/training/Cse7z
x4QGb,rr4kR/5p2/p1p1b1p1/3pp1P1/8/8/PPP1BP2/2K4R b - - 2 27,g8g7 h1h7,1091,76,98,452,endgame mate mateIn1 oneMove,https://lichess.org/413IHFrj/black#54,,True,https://lichess.org/training/x4QGb
f94Wc,6k1/2p3pp/p2p3r/Pp2p3/4Pp2/2P2Prq/1P2Q1PK/3R2R1 w - - 0 28,g2h3 h6h3,1091,83,88,172,endgame mate mateIn1 oneMove queenRookEndgame,https://lichess.org/GrFQyb0t#55,,True,https://lichess.org/training/f94Wc
wKd1V,4rR2/p4Qk1/2p1r2p/3pq1n1/8/2P5/PPB3PP/5RK1 b - - 6 28,g5f7 f1f7,1091,79,90,1723,mate mateIn1 middlegame oneMove,https://lichess.org/36cTKNCE/black#56,,True,https://lichess.org/training/wKd1V
GzJx6,5r2/pk1R1r1p/1p4p1/1pp1p3/P3P3/6PP/5PK1/3R4 b - - 1 37,b7c6 d1d6,1091,79,89,226,endgame mate mateIn1 oneMove rookEndgame,https://lichess.org/EQTPdvzW/black#74,,True,https://lichess.org/training/GzJx6
a9TqL,2kr4/pR4R1/1bp5/P7/8/3p2P1/1P2r3/5K2 b - - 0 40,b6d4 g7c7,1091,76,99,666,endgame mate mateIn1 oneMove,https://lichess.org/PLgIO0uB/black#80,,True,https://lichess.org/training/a9TqL
WXzva,3r3k/pQ2R1p1/8/5B1P/b4P2/2P5/PPK3n1/3r4 w - - 3 33,b2b3 d8d2,1091,81,93,4516,mate mateIn1 middlegame oneMove,https://lichess.org/8oUzIBON#65,,True,https://lichess.org/training/WXzva
fzWie,4R3/3bQkpp/2p2p2/p2n1P2/3P3N/P5PP/4R2K/1rq5 b - - 5 33,d5e7 e2e7,1091,79,85,89,master mate mateIn1 middlegame oneMove,https://lichess.org/ZMiLaZJe/black#66,,True,https://lichess.org/training/fzWie
QquBF,5rR1/1b3rQk/4p2p/p1p1P2q/2P2P1N/P7/1P1p3K/6R1 b - - 4 42,f7g7 g1g7,1091,91,94,2132,mate mateIn1 middlegame oneMove,https://lichess.org/91hB4ktL/black#84,,True,https://lichess.org/training/QquBF
sRgDL,r1r3k1/5p2/4p1p1/p2pP2p/3P1PP1/2P4R/P4K2/7R b - - 0 29,h5g4 h3h8 g8g7 h1h7,1091,77,85,59,endgame mate mateIn2 rookEndgame short,https://lichess.org/2NPwzXw3/black#58,,True,https://lichess.org/training/sRgDL
FE6mk,5br1/R2R1p2/1pk1p2p/8/2P5/1PnK2P1/7P/8 b - - 2 32,f8b4 a7c7,1091,78,92,2296,endgame mate mateIn1 oneMove,https://lichess.org/tPHPOU7b/black#64,,True,https://lichess.org/training/FE6mk
SjtTC,5k2/pp4R1/1n2pB2/3pP3/2nP1r2/2P4P/P3r3/6RK b - - 2 32,f4f2 g7g8 f8f7 g1g7,1091,75,76,129,mate mateIn2 middlegame short,https://lichess.org/lELHBpQ2/black#64,,True,https://lichess.org/training/SjtTC
OyuqI,r5k1/1b3p1p/r3p1pP/2p5/1p3R2/1P1P2Q1/B1P2PP1/qK1R4 w - - 4 26,b1a1 a6a2 a1b1 a2a1 b1b2 a8a2,1092,78,92,1327,exposedKing long mate mateIn3 middlegame,https://lichess.org/7rZNPD9O#51,,True,https://lichess.org/training/OyuqI
JRM3M,4r1k1/3R2Rp/1p6/8/4p3/7P/6PK/r7 b - - 0 35,g8f8 d7f7,1092,248,43,8,endgame mate mateIn1 oneMove rookEndgame,https://lichess.org/sK7wPCGS/black#70,,True,https://lichess.org/training/JRM3M
npByg,4R3/2p2p2/p1Bp1r2/8/1P2R3/p2k1P2/7r/2K5 b - - 10 39,f6g6 e4e3 d3d4 e8e4,1092,77,90,837,endgame mate mateIn2 short,https://lichess.org/HY4AmTtv/black#78,,True,https://lichess.org/training/npByg
zuVLP,r3r1k1/pR4Rp/8/8/8/2ppb1P1/P6P/7K b - - 0 32,g8f8 b7f7,1092,76,82,70,endgame master mate mateIn1 oneMove,https://lichess.org/1Wm6OE0U/black#64,,True,https://lichess.org/training/zuVLP
zAEju,4r1k1/2R3R1/2p3p1/6P1/2r5/7K/6P1/8 b - - 2 36,g8f8 c7f7,1092,76,100,147,endgame mate mateIn1 oneMove rookEndgame,https://lichess.org/gijW01EM/black#72,,True,https://lichess.org/training/zAEju
MVSCm,3r4/1kR3pp/4p3/p2r4/Pp6/8/1PR1KPPP/8 b - - 9 27,b7b6 c2c6,1092,75,100,284,endgame mate mateIn1 oneMove rookEndgame,https://lichess.org/PrZ7XAqM/black#54,,True,https://lichess.org/training/MVSCm
yxMIN,8/6kR/4p3/p4p2/Pr1PpP2/4P2R/K7/6r1 b - - 2 52,g7g6 h3h6,1092,78,93,581,endgame mate mateIn1 oneMove rookEndgame,https://lichess.org/qUtRunFd/black#104,,True,https://lichess.org/training/yxMIN
v2sIq,3rr1kQ/ppp2pq1/4b1p1/4n1P1/4P1P1/3B4/1PP4R/2K4R b - - 4 24,g7h8 h2h8 g8g7 h1h7,1092,79,76,170,kingsideAttack mate mateIn2 middlegame short,https://lichess.org/UWiyHA4W/black#48,,True,https://lichess.org/training/v2sIq
Rq6Yp,2k5/ppp3pp/8/2b5/3pN3/3P3P/PPr3r1/2R1RK2 w - - 0 24,e4c5 c2f2,1092,75,100,1020,endgame mate mateIn1 oneMove,https://lichess.org/grXzYZbL#47,,True,https://lichess.org/training/Rq6Yp
RrFXz,3r2k1/p5pp/5p2/1Pp2R2/2P5/P7/1K1r2PP/4R3 w - - 1 31,b2c3 d8d3,1092,77,100,323,endgame mate mateIn1 oneMove rookEndgame,https://lichess.org/cXaO7WFt#61,,True,https://lichess.org/training/RrFXz
8TW1H,4Q3/p5k1/7R/2pr1pP1/7P/n7/PK2R3/1r6 w - - 3 42,b2a3 d5d3 a3a4 b1b4 a4a5 d3a3 e8a4 a3a4,1092,75,97,9523,endgame exposedKing mate mateIn4 queenRookEndgame veryLong,https://lichess.org/UqzJmwgK#83,,True,https://lichess.org/training/8TW1H
cclZt,3r2k1/2p2pp1/2p5/p5Pp/2P1p2P/1PPrP3/P4Q2/2RqK1R1 w - - 7 30,c1d1 d3d1 e1e2 d8d2,1092,78,100,184,endgame mate mateIn2 queenRookEndgame short,https://lichess.org/gSqYVTWA#59,,True,https://lichess.org/training/cclZt
Ux1dw,2r3kb/1pq2r1p/4bpQ1/p3p3/3B4/8/PPP1BPPR/1K5R b - - 0 21,h7g6 h2h8 g8g7 h1h7,1092,80,89,456,kingsideAttack mate mateIn2 middlegame short,https://lichess.org/5NKc96LY/black#42,,True,https://lichess.org/training/Ux1dw
ggtZr,3qr1k1/R5R1/6p1/pp1pP2p/2pP4/P1P4P/1P2n1PK/8 b - - 0 36,g8f8 a7f7,1093,77,88,204,endgame mate mateIn1 oneMove,https://lichess.org/zVddzoRA/black#72,,True,https://lichess.org/training/ggtZr
gPmJL,4r1k1/3R2R1/3p2p1/p2P4/1p5P/8/1Pr3P1/6K1 b - - 2 33,g8f8 d7f7,1093,75,100,193,endgame mate mateIn1 oneMove rookEndgame,https://lichess.org/GdxIm1os/black#66,,True,https://lichess.org/training/gPmJL
DkYly,8/2p2rk1/3p4/1p4p1/1P3rK1/2P1RP2/1P3P2/4R3 w - - 12 39,g4g5 f7f5,1093,76,100,170,endgame mate mateIn1 oneMove rookEndgame,https://lichess.org/NdXIxa2o#77,,True,https://lichess.org/training/DkYly
o5elF,8/2R2R1p/p2kp3/nr1p4/5P2/1p4PP/8/6K1 b - - 0 36,b3b2 f7d7,1093,81,89,146,endgame mate mateIn1 oneMove,https://lichess.org/BQT1wZYA/black#72,,True,https://lichess.org/training/o5elF
99ESK,1k6/1p4pp/pb6/P2Bp3/1P2P3/2N1P3/3r2rP/2R1R1K1 w - - 0 24,g1f1 d2f2,1093,76,100,125,mate mateIn1 middlegame oneMove,https://lichess.org/jG1nMmu7#47,,True,https://lichess.org/training/99ESK
DbHCJ,r6r/PR3R2/3pk3/4p2p/2P5/7P/6PK/3n4 b - - 3 53,d1c3 b7e7,1093,78,93,1740,endgame master masterVsMaster mate mateIn1 oneMove,https://lichess.org/QkolyI7M/black#106,,True,https://lichess.org/training/DbHCJ
zcRlQ,6k1/2p3p1/p1P3r1/1p3R2/1P5P/2P4K/P4br1/5R2 w - - 0 34,f1f2 g6g3,1093,79,91,48,endgame mate mateIn1 oneMove rookEndgame,https://lichess.org/SBcZPL4L#67,,True,https://lichess.org/training/zcRlQ
Don8d,2r3k1/5p2/p5p1/1p1bP3/3PpKP1/P6R/r7/7R b - - 1 36,a2c2 h3h8 g8g7 h1h7,1093,78,93,1979,endgame mate mateIn2 short,https://lichess.org/kUrUOJTX/black#72,,True,https://lichess.org/training/Don8d
O2Atj,2r5/1pp1r1R1/p2p2Qk/3Pp2p/2P1Pn1q/KPN2P2/P7/6R1 b - - 11 31,f4g6 g1g6,1093,78,94,2057,master mate mateIn1 middlegame oneMove,https://lichess.org/EoRBVxFL/black#62,,True,https://lichess.org/training/O2Atj
uJLhL,8/4p2p/3P2p1/1N2b2k/2P4P/1P3RP1/5RK1/r5r1 w - - 1 40,g2h2 g1h1 h2g2 a1g1,1093,76,95,3627,endgame mate mateIn2 short,https://lichess.org/6iweeMbX#79,,True,https://lichess.org/training/uJLhL
cPbj9,3r4/1Rp3pp/4k3/4p3/8/1P1rKP2/1PR2P1P/8 w - - 5 23,e3e4 d8d4,1093,81,93,1348,endgame mate mateIn1 oneMove rookEndgame,https://lichess.org/EvFgO449#45,,True,https://lichess.org/training/cPbj9
I47D2,4r1k1/pR4R1/2p1p2p/2PpP1p1/1r4P1/7P/6K1/8 b - - 0 35,g8f8 b7f7,1093,84,100,48,endgame mate mateIn1 oneMove rookEndgame,https://lichess.org/FQlcTHxy/black#70,,True,https://lichess.org/training/I47D2
Gf0pL,r7/4kp2/3pbR2/4p3/1p2P3/1P1B3P/1KP2RP1/r7 w - - 7 36,f2f1 a8a2,1093,76,79,131,endgame mate mateIn1 oneMove,https://lichess.org/vvsiL1Ur#71,,True,https://lichess.org/training/Gf0pL
lWuMN,r1b1R3/1p3Qk1/p1p2n1p/P4P2/1P3qPP/3P4/5PB1/4R1K1 b - - 0 33,g7f7 e1e7,1094,77,94,559,mate mateIn1 middlegame oneMove,https://lichess.org/h2J65jQA/black#66,,True,https://lichess.org/training/lWuMN
HWI5e,7r/7r/Pp1Pk1p1/2p1p2q/P3N1p1/6P1/5PQ1/2RR2K1 w - - 9 36,d6d7 h5h1 g2h1 h7h1 g1g2 h8h2,1094,79,92,1975,long mate mateIn3 middlegame,https://lichess.org/jcHYun5g#71,,True,https://lichess.org/training/HWI5e
h2VOh,1r1k1r2/R2R4/8/p7/1p6/1K6/P7/8 b - - 9 44,d8c8 a7c7,1094,75,93,160,endgame mate mateIn1 oneMove rookEndgame,https://lichess.org/ZCNBmLef/black#88,,True,https://lichess.org/training/h2VOh
BvRGm,6k1/1p2P1p1/pN4pp/8/8/8/P1r3rP/3RR1K1 w - - 0 27,g1f1 c2f2,1094,86,65,474,endgame mate mateIn1 oneMove,https://lichess.org/4HZXAqJK#53,,True,https://lichess.org/training/BvRGm
eVX6a,3rr1k1/1R4R1/6p1/5p1p/3p4/1P4P1/5KP1/8 b - - 1 41,g8f8 b7f7,1094,76,99,1051,endgame mate mateIn1 oneMove rookEndgame,https://lichess.org/EEBxSG8B/black#82,,True,https://lichess.org/training/eVX6a
GV8G9,rr4kQ/1p3pb1/2p3p1/p2pPp2/3P1P2/qPN5/P1P4R/1K5R b - - 1 27,g7h8 h2h8 g8g7 h1h7,1094,93,60,76,kingsideAttack mate mateIn2 middlegame short,https://lichess.org/QTRZEqaL/black#54,,True,https://lichess.org/training/GV8G9
BbvXr,r1r5/6k1/3p1pp1/8/1p1QP2P/1P3P1R/2PR4/q1K5 w - - 3 26,d4a1 a8a1 c1b2 c8a8 c2c3 a8a2,1094,77,90,963,endgame long mate mateIn3 quietMove,https://lichess.org/Pe3PhAUq#51,,True,https://lichess.org/training/BbvXr
hzMoR,6k1/3p1r1p/p1r1p1B1/1p1bP3/8/1P3P2/P1P3PR/2K4R b - - 0 23,h7g6 h2h8 g8g7 h1h7,1094,98,79,88,endgame mate mateIn2 short,https://lichess.org/r4kFcAMR/black#46,,True,https://lichess.org/training/hzMoR
3Povc,8/1R4R1/p3p2k/2b1P3/4KP1p/1P6/r2p3P/8 b - - 2 42,d2d1q g7h7 h6g6 b7g7,1095,88,86,26,endgame mate mateIn2 short,https://lichess.org/dYiUW17E/black#84,,True,https://lichess.org/training/3Povc
ARcg6,7r/5k2/p2p2R1/1p6/3R4/5P1r/PP3P2/6K1 w - - 1 34,g6g3 h3h1 g1g2 h8h2,1095,81,90,80,endgame mate mateIn2 rookEndgame short,https://lichess.org/YrRAwd3P#67,,True,https://lichess.org/training/ARcg6
vRuuZ,2Q5/5ppk/2R4p/2p1p3/4P3/6P1/r5rP/4R1K1 w - - 3 32,g1f1 a2f2,1095,85,78,65,endgame mate mateIn1 oneMove queenRookEndgame,https://lichess.org/67vm6gZ4#63,,True,https://lichess.org/training/vRuuZ
TbGwW,2k5/p1p5/3b1n2/6N1/3P1B2/1RR2KP1/PP2r2r/8 w - - 5 37,f4d6 h2f2,1095,76,89,643,master mate mateIn1 middlegame oneMove,https://lichess.org/QiHEWc1i#73,,True,https://lichess.org/training/TbGwW
0V68D,8/p1p2pk1/6p1/1P2P2p/4KP1P/3r2r1/8/1RR5 w - - 2 33,c1c7 g3e3,1095,78,89,963,endgame mate mateIn1 oneMove rookEndgame,https://lichess.org/vhhFFy4F#65,,True,https://lichess.org/training/0V68D
lbMt6,5r2/7k/7p/4B1p1/4p1P1/4R1K1/PP3r1P/8 w - - 0 52,e3e4 f8f3,1095,77,91,254,endgame mate mateIn1 oneMove,https://lichess.org/3tt5pXIs#103,,True,https://lichess.org/training/lbMt6
cKdYo,4r1k1/1R4R1/8/p6p/8/r2p1K2/8/8 b - - 0 48,g8f8 b7f7,1095,75,94,2187,endgame mate mateIn1 oneMove rookEndgame,https://lichess.org/3F6beIEJ/black#96,,True,https://lichess.org/training/cKdYo
jh4wx,7k/1p2R3/p3Np2/5p2/2P4P/5P2/3r2r1/4R1K1 w - - 5 40,g1f1 d2f2,1095,80,89,149,endgame mate mateIn1 oneMove,https://lichess.org/DeCrWrI3#79,,True,https://lichess.org/training/jh4wx
Kk71V,3r2k1/3r1pp1/3qnNp1/p7/P3Q1P1/1P1p1P2/1K5R/7R b - - 1 35,g7f6 h2h8 g8g7 h1h7,1095,79,88,358,mate mateIn2 middlegame short,https://lichess.org/zsVh2KPu/black#70,,True,https://lichess.org/training/Kk71V
gJJGd,2b2k2/3p1Rp1/2p4p/r3P1q1/p1B5/2P5/P1P3PP/5RK1 b - - 0 20,f8e8 f7f8 e8e7 f1f7,1095,78,89,554,endgame mate mateIn2 short,https://lichess.org/gWYgyFrC/black#40,,True,https://lichess.org/training/gJJGd
aC43l,1Rk2r1r/5p2/3p3p/q2B1P2/3PPp2/2P3pP/3K4/1R6 b - - 1 37,c8c7 b1b7,1095,75,89,661,endgame mate mateIn1 oneMove,https://lichess.org/0vXx7iNZ/black#74,,True,https://lichess.org/training/aC43l
Jr7SC,4r3/6kp/p5p1/3p1p2/1PPP1P2/P5P1/2RKr2P/2R5 w - - 3 36,d2d3 e8e3,1096,85,88,293,endgame mate mateIn1 oneMove rookEndgame,https://lichess.org/cNW6HHrI#71,,True,https://lichess.org/training/Jr7SC
k685y,2R5/p2k2p1/p3p2p/3pP3/3P4/1P6/6PP/1qR3K1 b - - 4 29,b1b3 c1c7,1096,77,99,1219,endgame mate mateIn1 oneMove queenRookEndgame,https://lichess.org/RTxRo2rn/black#58,,True,https://lichess.org/training/k685y
qIwNc,7r/2kR1pb1/1p2p1b1/1pp3K1/6P1/4B2P/1P6/3R4 b - - 11 36,c7c6 d1d6,1096,76,100,104,endgame master mate mateIn1 oneMove,https://lichess.org/Bn6hj34l/black#72,,True,https://lichess.org/training/qIwNc
YTttX,6k1/6pp/5p2/P7/r1pP4/Pr3N2/K4PPP/2R5 w - - 2 37,c1c4 a4a3,1096,77,98,1782,endgame mate mateIn1 oneMove,https://lichess.org/sl4J1Ebm#73,,True,https://lichess.org/training/YTttX
JolaA,8/pp2rp1k/8/5bp1/5N2/1QPR1P2/PP1K2PP/4r3 w - - 0 24,f4d5 e7e2,1096,76,100,329,endgame mate mateIn1 oneMove,https://lichess.org/7ebnRsAU#47,,True,https://lichess.org/training/JolaA
pncV3,6k1/5p2/7p/1P6/8/5PP1/RPr3rP/4R1K1 w - - 1 28,g1f1 c2f2,1096,75,100,414,endgame mate mateIn1 oneMove rookEndgame,https://lichess.org/YIoXI3uw#55,,True,https://lichess.org/training/pncV3
kUsBf,r5k1/1p3r1R/p3p1p1/3p1nP1/3Q4/2N2Nq1/PPP5/5K1R b - - 0 29,f5d4 h7h8 g8g7 h1h7,1096,76,90,301,mate mateIn2 middlegame short,https://lichess.org/EDG3drGA/black#58,,True,https://lichess.org/training/kUsBf
POrC4,6k1/1p3ppp/pN6/8/1B6/8/1r2rPPP/1K1R3R w - - 1 23,b1c1 e2c2,1096,86,93,1602,endgame mate mateIn1 oneMove,https://lichess.org/4OsuJC2o#45,,True,https://lichess.org/training/POrC4
2AEBg,4r1k1/R5R1/1p1r2p1/7p/P7/2P2K2/7P/8 b - - 8 48,g8f8 a7f7,1096,84,93,1760,endgame mate mateIn1 oneMove rookEndgame,https://lichess.org/iXZ2J1fR/black#96,,True,https://lichess.org/training/2AEBg
jrVfi,6k1/p5pp/3R4/4P3/1P6/8/1r4rP/4R1K1 w - - 0 33,g1f1 b2f2,1096,85,89,174,endgame mate mateIn1 oneMove rookEndgame,https://lichess.org/6nlVbk10#65,,True,https://lichess.org/training/jrVfi
K15e8,2r3k1/1p1n1r1p/p1b1p1B1/4P1P1/3p1P2/1P6/P1PN3R/1K5R b - - 0 26,h7g6 h2h8 g8g7 h1h7,1096,90,94,11957,kingsideAttack mate mateIn2 middlegame short,https://lichess.org/wd9AM8Or/black#52,,True,https://lichess.org/training/K15e8
omiv3,r3r3/p5R1/b1pbp2k/6Rp/3P2pB/2N5/PPP5/6K1 b - - 0 29,d6f4 g5g6,1097,78,92,779,mate mateIn1 middlegame oneMove,https://lichess.org/3GZmDEVM/black#58,,True,https://lichess.org/training/omiv3
N7us9,rr1k4/1R1R3p/6p1/p2pp3/3p4/8/P5PP/6K1 b - - 9 30,d8c8 b7c7,1097,77,93,489,endgame mate mateIn1 oneMove rookEndgame,https://lichess.org/yiv1xAtQ/black#60,,True,https://lichess.org/training/N7us9
8u17p,4r1k1/R5R1/8/3r1p2/6p1/8/5P2/5K2 b - - 9 67,g8f8 a7f7,1097,76,100,547,endgame mate mateIn1 oneMove rookEndgame,https://lichess.org/mGuPt062/black#134,,True,https://lichess.org/training/8u17p
OhQmY,4R3/2P4p/B5pk/p7/P4p2/4pP2/4K3/3r3r w - - 0 46,c7c8q h1e1,1097,80,90,256,endgame mate mateIn1 oneMove,https://lichess.org/s6CmZvBl#91,,True,https://lichess.org/training/OhQmY
U8Ukn,4r1k1/ppR5/6p1/7p/5P1P/1P3KP1/P3r3/5R2 w - - 0 35,f1d1 e8e3,1097,84,91,496,endgame mate mateIn1 oneMove rookEndgame,https://lichess.org/zauWK60d#69,,True,https://lichess.org/training/U8Ukn
meXZZ,2rqr1kQ/1p1nnpb1/p3p1p1/2ppP3/3P1PP1/2N1B3/PPP4R/2K2B1R b - - 3 18,g7h8 h2h8 g8g7 h1h7,1097,79,76,181,kingsideAttack mate mateIn2 middlegame short,https://lichess.org/jpG69ph3/black#36,Modern_Defense Modern_Defense_Pseudo-Austrian_Attack,True,https://lichess.org/training/meXZZ
7iPlb,r7/pp2R2R/n1p2kp1/6r1/8/2P5/PP6/4KB2 b - - 0 23,a6c5 h7f7,1097,80,70,60,endgame mate mateIn1 oneMove,https://lichess.org/IGHv0nFI/black#46,,True,https://lichess.org/training/7iPlb
KWwbH,4kr2/r2RQ2p/p1P4p/2q5/2p5/7P/PP3PP1/4R1K1 b - - 0 22,c5e7 e1e7,1097,77,79,189,endgame mate mateIn1 oneMove,https://lichess.org/iAGHVLMe/black#44,,True,https://lichess.org/training/KWwbH
P72sy,8/2N5/5p2/3pk3/6P1/PPPRPRK1/r6r/8 w - - 11 44,c7d5 a2g2,1097,85,85,940,endgame mate mateIn1 oneMove,https://lichess.org/h1RTj8aV#87,,True,https://lichess.org/training/P72sy
g5JOc,8/2R2p2/2p2Pk1/6P1/p2P3P/PrPK2r1/8/7R w - - 5 45,d3c4 g3c3,1098,79,100,1068,endgame mate mateIn1 oneMove rookEndgame,https://lichess.org/MWOxIZzF#89,,True,https://lichess.org/training/g5JOc
NWIkh,1k6/1p3p2/1pp3p1/3rP2p/4KPP1/1P1r3P/P4R2/5R2 w - - 1 33,f2f3 d5d4,1098,76,90,190,endgame mate mateIn1 oneMove rookEndgame,https://lichess.org/hyxO3Uoq#65,,True,https://lichess.org/training/NWIkh
WZ6qP,2r4k/6p1/7p/8/8/3PRP2/7P/2rKR3 w - - 2 44,d1d2 c8c2,1098,79,86,225,endgame mate mateIn1 oneMove rookEndgame,https://lichess.org/SXc6br92#87,,True,https://lichess.org/training/WZ6qP
Iw5YO,6r1/pp2Rkr1/7p/3p1p2/5P1P/1PP3n1/P3RN1K/8 b - - 0 31,f7f6 e2e6,1098,76,89,918,endgame mate mateIn1 oneMove,https://lichess.org/yGn0kTFD/black#62,,True,https://lichess.org/training/Iw5YO
6cZ75,5k2/p2p4/1pnp2B1/3q4/2PP1BP1/P2Q1NP1/1P3RK1/r5r1 w - - 1 31,g2h2 g1h1 h2g2 a1g1,1098,77,92,845,mate mateIn2 middlegame pin short,https://lichess.org/XYOoHdQM#61,,True,https://lichess.org/training/6cZ75
UyYAw,8/4r3/8/3Kp3/1k3r2/R6R/5p2/8 b - - 7 71,f2f1q h3b3,1098,78,91,97,endgame mate mateIn1 oneMove queenRookEndgame,https://lichess.org/dEJfIIGB/black#142,,True,https://lichess.org/training/UyYAw
LV6kn,r7/r7/2bBB1k1/2p5/1p1pP3/3P4/1PPN1P2/1K3R2 w - - 0 32,b2b3 a7a1 b1b2 a8a2,1098,79,95,4266,mate mateIn2 middlegame short,https://lichess.org/14eWGlt4#63,,True,https://lichess.org/training/LV6kn
BrbiV,2r1k1r1/5p2/2Q1p3/4Pp2/3R4/P4Pp1/q6P/3RN1K1 b - - 0 35,c8c6 d4d8 e8e7 d1d7,1098,78,94,1514,endgame mate mateIn2 short,https://lichess.org/o5W3GnyX/black#70,,True,https://lichess.org/training/BrbiV
xEHnN,2k4r/p1p5/2p5/8/2P2Pp1/1P4P1/P2R1P1r/R5K1 w - - 0 27,a1d1 h2h1 g1g2 h8h2,1098,121,82,33,endgame mate mateIn2 rookEndgame short,https://lichess.org/YpJw3sxZ#53,,True,https://lichess.org/training/xEHnN
0n4OK,5r2/QRpk4/2p5/p2n1r2/P2Pp2p/2P3PR/8/4K3 w - - 3 38,h3h4 f5f1 e1e2 f8f2,1098,77,92,519,endgame mate mateIn2 short,https://lichess.org/KCyuXJCn#75,,True,https://lichess.org/training/0n4OK
us2Dn,r7/2k3pp/2p1b3/1p3P2/4P3/2P5/2B3PP/rK1R3R w - - 1 28,b1b2 a8a2,1098,80,94,419,endgame master mate mateIn1 oneMove,https://lichess.org/V3lHduTH#55,,True,https://lichess.org/training/us2Dn
vUkNn,3r4/ppk4p/2p3p1/1PR1p3/P3P3/5P1P/2Rr1KP1/8 w - - 3 32,f2e3 d8d3,1099,76,100,274,endgame mate mateIn1 oneMove rookEndgame,https://lichess.org/jSmA5dKK#63,,True,https://lichess.org/training/vUkNn
k9YZs,1r2r1k1/2R3R1/1p5p/pP3p2/P7/7P/4p1P1/7K b - - 0 35,g8f8 c7f7,1099,78,90,267,endgame mate mateIn1 oneMove rookEndgame,https://lichess.org/KfJEO4RT/black#70,,True,https://lichess.org/training/k9YZs
HoZLy,2r5/3bR3/1p3k2/p2P1p2/7P/3n1BP1/2r1RPK1/8 b - - 7 37,d7b5 e2e6,1099,78,89,262,mate mateIn1 middlegame oneMove,https://lichess.org/rwmRcKht/black#74,,True,https://lichess.org/training/HoZLy
8wPbK,3k4/8/6p1/5pP1/1R6/8/r5rP/4R1K1 w - - 0 36,g1f1 a2f2,1099,78,80,163,endgame mate mateIn1 oneMove rookEndgame,https://lichess.org/OeBsncmu#71,,True,https://lichess.org/training/8wPbK
elU7A,4rQk1/1p1qn2r/p2p2p1/3P2Bp/P3P3/5R1P/1P4P1/5R1K b - - 8 24,e8f8 f3f8 g8g7 f1f7,1099,77,92,1343,kingsideAttack mate mateIn2 middlegame short,https://lichess.org/p7qCAWxq/black#48,,True,https://lichess.org/training/elU7A
dInge,1r6/pr1p1k1p/2p2ppn/7P/5PP1/2qP1Q2/PP1R4/2K4R w - - 0 22,b2c3 b7b1 c1c2 b8b2,1099,85,89,2474,endgame mate mateIn2 queensideAttack short,https://lichess.org/Tf9YowlB#43,,True,https://lichess.org/training/dInge
DF4vh,7k/p6b/7R/2pB1p2/3p3P/1P1P4/P1r3rP/2K1R3 w - - 3 39,c1d1 g2d2,1100,82,89,1516,endgame mate mateIn1 oneMove,https://lichess.org/EjHPaMeI#77,,True,https://lichess.org/training/DF4vh
okmf7,4R3/ppqn1kbp/2pp1pp1/3n4/3P1B2/2P2B2/PP1N1PPP/4R1K1 b - - 2 17,d5f4 e1e7,1100,76,98,292,mate mateIn1 middlegame oneMove,https://lichess.org/1GxxCze3/black#34,Caro-Kann_Defense Caro-Kann_Defense_Other_variations,True,https://lichess.org/training/okmf7
nAfr1,r5k1/1pp2pP1/r2b1q1p/4Q3/3P4/1PP4P/2P2P2/BK1R3R w - - 3 26,e5f6 a6a1 b1b2 a8a2,1100,76,84,182,mate mateIn2 middlegame queensideAttack short,https://lichess.org/IKz5wBlJ#51,,True,https://lichess.org/training/nAfr1
UWMDS,5rk1/1R5R/3r3q/p7/3pp2Q/P7/1P1N1nP1/6K1 b - - 0 31,h6h4 b7g7,1100,80,93,2673,master mate mateIn1 middlegame oneMove,https://lichess.org/uBmfKE4N/black#62,,True,https://lichess.org/training/UWMDS
nLGIB,3r2k1/2p2p2/2n2Pp1/p4r2/Ppbp3R/5B2/1B3K1R/8 b - - 3 33,f5f6 h4h8 g8g7 h2h7,1100,77,91,2004,mate mateIn2 middlegame short,https://lichess.org/x1pZCVT1/black#66,,True,https://lichess.org/training/nLGIB
1m10V,4rk2/pp1R1pR1/7P/7r/4p3/2P5/PP6/2K5 b - - 2 27,h5h6 d7f7,1100,152,89,34,endgame mate mateIn1 oneMove rookEndgame,https://lichess.org/zY7tKRwQ/black#54,,True,https://lichess.org/training/1m10V
eiGgM,1r4k1/2p1qp1R/4p1p1/p2pP1P1/8/1P1bP2R/PB4P1/6K1 b - - 0 29,e7g5 h7h8 g8g7 h3h7,1100,76,96,10368,endgame mate mateIn2 short,https://lichess.org/2us1qN8n/black#58,,True,https://lichess.org/training/eiGgM
slyMn,7r/4R3/5k2/5NrP/2P4K/7B/8/8 w - - 0 54,e7c7 h8h5,1100,76,100,396,endgame mate mateIn1 oneMove,https://lichess.org/tTXHvlNV#107,,True,https://lichess.org/training/slyMn
PL2Ba,3r1r2/pq5Q/1p3pp1/2p3p1/5kP1/2P1R3/PP5P/4R1K1 b - - 1 31,b7h7 e3e4 f4f3 e1e3,1100,75,64,208,endgame mate mateIn2 queenRookEndgame short,https://lichess.org/6EPjKKeD/black#62,,True,https://lichess.org/training/PL2Ba
0Kuds,1k2r3/2p1rp1p/1p6/3P4/3n4/R4P2/6PP/R4K2 b - - 0 28,d4c2 a3a8 b8b7 a1a7,1100,84,38,62,endgame mate mateIn2 short,https://lichess.org/hKnBnLYM/black#56,,True,https://lichess.org/training/0Kuds
A8ZUP,4r3/6p1/1pp5/1p2p3/3rN2k/P5Rb/1PP4R/2K5 b - - 11 32,d4e4 h2h3,1101,75,84,388,endgame mate mateIn1 oneMove,https://lichess.org/QcdGYDtu/black#64,,True,https://lichess.org/training/A8ZUP
NsWxW,6k1/5pp1/4p2p/2Pp4/1P1P3P/8/r3rP1P/R1R1K3 w - - 10 36,e1d1 a2d2,1101,87,57,27,endgame mate mateIn1 oneMove rookEndgame,https://lichess.org/peebm1M9#71,,True,https://lichess.org/training/NsWxW
GgCxm,5r2/pp4pp/3r1n2/8/6n1/7R/PPP3R1/2K2B1k b - - 9 33,g4h2 h3h2,1101,76,100,107,mate mateIn1 middlegame oneMove,https://lichess.org/U8kUqEkv/black#66,,True,https://lichess.org/training/GgCxm
cnK1W,Qk1r3r/1bpnq1p1/1p2p2p/1P1pp3/3P4/R2B1N2/1P3PPP/R5K1 b - - 1 19,b7a8 a3a8 b8b7 a1a7,1101,77,89,250,mate mateIn2 middlegame queensideAttack short,https://lichess.org/QQRvbu6W/black#38,Owen_Defense Owen_Defense_Other_variations,True,https://lichess.org/training/cnK1W
sz8ON,8/1p2qkR1/p2p1p2/3P4/2PK4/1P3r2/8/6R1 b - - 1 47,f7f8 g7g8 f8f7 g1g7,1101,80,74,206,endgame mate mateIn2 queenRookEndgame short,https://lichess.org/88Lm5ch3/black#94,,True,https://lichess.org/training/sz8ON
H6XRY,r5kR/5rN1/2p3p1/p3P3/8/2N1nP2/PP4p1/2K4R b - - 1 27,g8g7 h1h7,1101,80,93,5807,endgame master masterVsMaster mate mateIn1 oneMove,https://lichess.org/xCMN3JiC/black#54,,True,https://lichess.org/training/H6XRY
ynh3y,2q5/Q7/R1n5/1k1pB3/2pPn1P1/2P4P/1r6/R5K1 b - - 4 39,c6a7 a1a5,1102,77,92,2159,mate mateIn1 middlegame oneMove,https://lichess.org/7HWswanu/black#78,,True,https://lichess.org/training/ynh3y
1rKxz,4r1k1/3n1pp1/p1p4p/1p6/2PP4/1B5P/PP1Kr1P1/R4R2 w - - 9 27,d2d3 e8e3,1102,75,95,239,endgame mate mateIn1 oneMove,https://lichess.org/Q5Ds2QT7#53,,True,https://lichess.org/training/1rKxz
aqOw7,5rkR/1p2Kp2/2p1n1p1/1p2q3/8/7R/6PP/8 b - - 1 42,g8g7 h3h7,1102,77,99,2290,endgame mate mateIn1 oneMove,https://lichess.org/fRIMsLg0/black#84,,True,https://lichess.org/training/aqOw7
3Yug7,4r1k1/1R4Rp/6p1/3p4/8/P7/1P4KP/3q4 b - - 1 38,g8f8 b7f7,1102,77,83,257,endgame mate mateIn1 oneMove queenRookEndgame,https://lichess.org/MPHq3MAf/black#76,,True,https://lichess.org/training/3Yug7
NvRWe,RQ6/5pk1/4p2p/4Pp2/5P2/6PP/1r3r2/3R1K2 w - - 3 39,f1e1 b2e2,1102,103,57,27,endgame master mate mateIn1 oneMove queenRookEndgame,https://lichess.org/8cGBqVZh#77,,True,https://lichess.org/training/NvRWe
uZVC0,Rk5r/2p1b3/1pr2p2/6pp/1p1BP3/5P1P/5P2/R5K1 b - - 1 27,b8b7 a1a7,1102,78,91,290,endgame mate mateIn1 oneMove,https://lichess.org/PQiYRo8W/black#54,,True,https://lichess.org/training/uZVC0
lHy2M,2k4r/ppp1q3/3p4/3P1p2/5p2/3P2rP/PPPNQ2K/R7 w - - 0 29,e2e7 h8h3,1102,76,93,145,endgame mate mateIn1 oneMove,https://lichess.org/9sfhE3rS#57,,True,https://lichess.org/training/lHy2M
6jPyu,7r/pp6/5k2/4n1pr/3B4/6P1/PPP2P2/R2R2K1 w - - 4 27,d1e1 h5h1 g1g2 h8h2,1103,82,93,690,endgame mate mateIn2 short,https://lichess.org/9Wmsmlot#53,,True,https://lichess.org/training/6jPyu
rPQd6,r3r1k1/1R4R1/2p3p1/3p4/8/Pp2b2P/1P4P1/7K b - - 1 36,g8f8 b7f7,1103,85,75,119,endgame mate mateIn1 oneMove,https://lichess.org/CyQbTFYm/black#72,,True,https://lichess.org/training/rPQd6
FUawx,rn1R2nr/pp1Qk1pp/2p1pp2/8/1q2N3/5N2/P1P2PPP/3R2K1 b - - 1 17,b8d7 d1d7,1103,80,100,79,mate mateIn1 middlegame oneMove,https://lichess.org/PegPrsza/black#34,Scandinavian_Defense Scandinavian_Defense_Mieses-Kotroc_Variation,True,https://lichess.org/training/FUawx
BKSYk,7r/pp3k1r/2n1ppp1/3p2p1/3P4/P2QPPq1/1B3R1P/2R3K1 w - - 0 27,h2g3 h7h1 g1g2 h8h2,1103,76,88,258,kingsideAttack mate mateIn2 middlegame short,https://lichess.org/GiDS2F4f#53,,True,https://lichess.org/training/BKSYk
VIyqV,2r5/4kp2/1p5p/p2pPR2/2rK4/1RP4P/PP6/8 w - - 3 35,d4d5 c8c5,1103,92,100,25,endgame mate mateIn1 oneMove rookEndgame,https://lichess.org/H7M41BDq#69,,True,https://lichess.org/training/VIyqV
6etkK,2k5/pp5K/2p5/5NrB/8/5R2/P6r/2R5 w - - 1 48,h7h6 h2h5,1103,75,96,5193,endgame master mate mateIn1 oneMove,https://lichess.org/Fq8TFR3L#95,,True,https://lichess.org/training/6etkK
Csv0y,7r/p2rR3/5kpp/2Qq1p2/3p3P/8/PPP3P1/4R1K1 b - - 0 31,d5c5 e1e6,1103,78,93,4211,endgame mate mateIn1 oneMove queenRookEndgame,https://lichess.org/OYT1M2or/black#62,,True,https://lichess.org/training/Csv0y
rmRyY,3k1b1r/ppp3p1/8/3bP1p1/8/1B4rP/PPP4K/4RR2 w - - 0 21,b3d5 h8h3,1104,77,100,110,endgame mate mateIn1 oneMove,https://lichess.org/9CCzO16L#41,,True,https://lichess.org/training/rmRyY
nO37I,5Rk1/8/6rp/5R2/1p2P2p/7P/Pr6/5K2 b - - 2 43,g8g7 f5f7,1104,183,82,8,endgame mate mateIn1 oneMove rookEndgame,https://lichess.org/nWLDLzdB/black#86,,True,https://lichess.org/training/nO37I
vi1yD,2r4k/6R1/p4p1p/5P1P/P2Pp1R1/4P3/1QqK4/2r5 w - - 3 45,b2c2 c8c2,1104,77,100,75,endgame mate mateIn1 oneMove,https://lichess.org/WimWSFUj#89,,True,https://lichess.org/training/vi1yD
PFWeE,4r1k1/R5R1/P7/4p1p1/6P1/3p4/r7/7K b - - 0 43,g8f8 a7f7,1104,77,47,178,endgame mate mateIn1 oneMove rookEndgame,https://lichess.org/m33V8WHD/black#86,,True,https://lichess.org/training/PFWeE
wR1Is,4knR1/1R6/4p2p/2B1P3/2p2P2/1pPr1K2/2r3PP/8 w - - 5 43,f3e4 c2e2 c5e3 e2e3,1104,75,98,301,endgame mate mateIn2 short,https://lichess.org/B7y318ae#85,,True,https://lichess.org/training/wR1Is
3AxNr,8/2R3pp/1P1Bp1k1/4P3/4pPp1/p3P1P1/5rr1/5RK1 w - - 4 44,g1h1 g2h2 h1g1 f2g2,1104,79,93,1410,endgame mate mateIn2 short,https://lichess.org/RJq98ApN#87,,True,https://lichess.org/training/3AxNr
8VCDZ,2k5/ppp3pp/8/4R3/8/6N1/1r3rPP/1K1R4 w - - 2 28,b1c1 f2c2,1104,103,43,48,endgame mate mateIn1 oneMove,https://lichess.org/iw6EbpeS#55,,True,https://lichess.org/training/8VCDZ
jIhqh,4r1k1/1R4Rp/5pp1/r7/5P2/7P/5P1K/8 b - - 1 41,g8f8 b7f7,1105,88,82,368,endgame master masterVsMaster mate mateIn1 oneMove rookEndgame,https://lichess.org/ybI5li6Q/black#82,,True,https://lichess.org/training/jIhqh
4enAT,7r/1R5p/k1p5/p3p3/8/r3P3/P4PPP/1R3K2 b - - 0 27,a3a2 b1b6,1105,80,86,614,endgame mate mateIn1 oneMove rookEndgame,https://lichess.org/1dtNrYc4/black#54,,True,https://lichess.org/training/4enAT
eqa0L,8/pp6/2r2kR1/4p3/3r4/5K2/PP3P2/6R1 b - - 0 33,f6f5 g1g5,1105,79,94,5053,endgame mate mateIn1 oneMove rookEndgame,https://lichess.org/zugzPRGP/black#66,,True,https://lichess.org/training/eqa0L
BC8Tc,R2n3r/1kp2p2/4p1p1/1PK1Pn2/5P2/7P/5P2/R7 b - - 14 42,f5e7 a1a7,1105,78,93,1889,endgame mate mateIn1 oneMove,https://lichess.org/4AG9rQhW/black#84,,True,https://lichess.org/training/BC8Tc
bs3Dh,2k5/1pp5/p1b1pp2/3p4/P2P4/2PBPq2/5Qr1/R4KNr w - - 0 28,f2f3 h1g1,1105,78,98,860,mate mateIn1 middlegame oneMove,https://lichess.org/QLoJLFM9#55,,True,https://lichess.org/training/bs3Dh
xHVst,8/7p/5p1k/R7/P3Rp1r/2P3rB/7K/8 w - - 2 44,e4f4 h4h3,1105,78,93,1418,endgame mate mateIn1 oneMove,https://lichess.org/CwZKd4Te#87,,True,https://lichess.org/training/xHVst
gCqBw,5r1k/pp1b2Rp/4pP2/8/3r4/8/PPP5/2K4R b - - 2 24,f8f6 h1h7,1105,79,89,235,endgame mate mateIn1 oneMove,https://lichess.org/aJPbWOS5/black#48,,True,https://lichess.org/training/gCqBw
yBHuf,4r1k1/1R4R1/p1pp3p/P7/1P6/2r3PP/8/7K b - - 6 39,g8f8 b7f7,1105,132,100,28,endgame mate mateIn1 oneMove rookEndgame,https://lichess.org/i1ATxP3D/black#78,,True,https://lichess.org/training/yBHuf
J0LXk,r1bq2kR/p4r2/2n1ppp1/1p1p2P1/2pP1PP1/2P1PN2/PP1NK3/7R b - - 1 18,g8g7 h1h7,1106,75,97,3443,mate mateIn1 middlegame oneMove,https://lichess.org/DUGYLm4p/black#36,Trompowsky_Attack Trompowsky_Attack_Classical_Defense,True,https://lichess.org/training/J0LXk
nWF4h,3r2k1/2p2pp1/6p1/2p1p3/R1P1P2P/4KPP1/3r2n1/2R2B2 w - - 1 34,f1g2 d8d3,1106,84,87,6791,endgame master mate mateIn1 oneMove,https://lichess.org/Tj4zVMLz#67,,True,https://lichess.org/training/nWF4h
Q0E3o,2b3k1/3p1p1p/1RN3p1/8/5P2/3P4/r3r1PP/2RK4 w - - 0 30,c6d4 a2d2,1106,77,76,142,endgame mate mateIn1 oneMove,https://lichess.org/31wwaZVG#59,,True,https://lichess.org/training/Q0E3o
NndlB,8/1p6/2b2R2/r3k2p/4p2P/3pK1P1/8/5R2 b - - 0 55,a5a2 f1f5,1106,76,91,903,endgame master mate mateIn1 oneMove,https://lichess.org/KvH9YNza/black#110,,True,https://lichess.org/training/NndlB
1gZ3K,2rk1r2/1R2R3/8/p2P3p/P2n4/6P1/7P/6K1 b - - 2 32,d4f5 b7d7,1106,77,85,155,endgame mate mateIn1 oneMove,https://lichess.org/4E7ziAeM/black#64,,True,https://lichess.org/training/1gZ3K
HlHuS,r6r/p5R1/1p5k/7p/5p2/8/PPP5/1K4R1 b - - 1 32,h8f8 g1g6,1106,79,89,197,endgame mate mateIn1 oneMove rookEndgame,https://lichess.org/BDNOadS6/black#64,,True,https://lichess.org/training/HlHuS
UjIQn,r6k/2p1bPpp/8/1q5P/2QPp3/4B3/Br3P2/K2RR3 w - - 1 32,c4b5 a8a2,1106,76,100,242,mate mateIn1 middlegame oneMove,https://lichess.org/zE3CHgQI#63,,True,https://lichess.org/training/UjIQn
kuKej,4r3/4p3/3rPk2/1R4R1/8/8/6PK/8 b - - 0 41,d6e6 b5f5,1106,76,91,264,endgame mate mateIn1 oneMove rookEndgame,https://lichess.org/Z7nVi49Q/black#82,,True,https://lichess.org/training/kuKej
ix3xU,3k4/8/4Q3/p2p1p1N/2pP1P1P/P1P1PK2/2r3r1/8 w - - 1 44,e6f5 c2f2,1107,75,100,418,endgame master mate mateIn1 oneMove,https://lichess.org/2cqlx1PD#87,,True,https://lichess.org/training/ix3xU
aN8SU,8/3R1kpp/8/5p2/p3pP2/Prr5/4K1PP/3R4 b - - 1 40,f7e6 d1d6,1107,78,82,117,endgame mate mateIn1 oneMove rookEndgame,https://lichess.org/MG32dIZH/black#80,,True,https://lichess.org/training/aN8SU
Tot4v,2k4r/2p5/2Nb1p2/6p1/3Bp1P1/8/PPP2Ppr/3RR1K1 w - - 2 26,d4f6 h2h1 g1g2 h8h2,1107,75,100,248,mate mateIn2 middlegame short,https://lichess.org/wnK9LO6w#51,,True,https://lichess.org/training/Tot4v
LUoEp,2r3k1/pp3p2/4r1p1/3pP1P1/8/2P4R/P1K4R/8 b - - 1 28,e6c6 h3h8 g8g7 h2h7,1107,89,93,1168,endgame mate mateIn2 rookEndgame short,https://lichess.org/ZKKoLB66/black#56,,True,https://lichess.org/training/LUoEp
W5eB9,6r1/pp6/2p1kp2/7R/2P1PK2/P5r1/1P6/3R4 w - - 5 33,h5h2 g8g4,1107,75,100,434,endgame master mate mateIn1 oneMove rookEndgame,https://lichess.org/Z411rmvo#65,,True,https://lichess.org/training/W5eB9
xi11B,7r/p1k5/2p5/8/1R3pP1/5P2/PP3b1r/5RK1 w - - 0 35,f1f2 h2h1 g1g2 h8h2,1107,76,87,187,endgame mate mateIn2 rookEndgame short,https://lichess.org/NDJN48ei#69,,True,https://lichess.org/training/xi11B
qZEcQ,4r1k1/p1R3R1/7p/1p6/rP6/7P/6P1/6K1 b - - 2 40,g8f8 c7f7,1107,77,98,1511,endgame master mate mateIn1 oneMove rookEndgame,https://lichess.org/nrorMJXn/black#80,,True,https://lichess.org/training/qZEcQ
y5IF0,6r1/p6R/4b1k1/4pp2/4n3/2P4R/1P5K/8 b - - 5 47,e4g5 h3h6,1108,77,82,157,endgame mate mateIn1 oneMove,https://lichess.org/TGmVbd05/black#94,,True,https://lichess.org/training/y5IF0
t9dmo,3R4/p1p2pk1/1p3p2/5B2/PP3P1p/4P3/4RK2/r5r1 w - - 10 39,d8d7 a1f1,1108,76,93,408,endgame mate mateIn1 oneMove,https://lichess.org/oTVmcHqM#77,,True,https://lichess.org/training/t9dmo
BqqYQ,8/p4Rk1/2p5/7p/3r3P/4r1P1/P7/5R1K b - - 4 47,g7g6 f1f6,1108,76,82,471,endgame mate mateIn1 oneMove rookEndgame,https://lichess.org/6oPJ5h3U/black#94,,True,https://lichess.org/training/BqqYQ
XfUYR,4r1k1/pR4R1/1p4p1/5p2/8/6P1/r4P1P/6K1 b - - 6 32,g8f8 b7f7,1108,78,71,86,endgame mate mateIn1 oneMove rookEndgame,https://lichess.org/QWVqq4sT/black#64,,True,https://lichess.org/training/XfUYR
pMqAA,5R2/pp4kp/4p1pb/3p4/3Pn2P/1PQ1P1q1/PB4B1/5RK1 b - - 2 37,e4c3 f1f7,1108,77,100,225,mate mateIn1 middlegame oneMove,https://lichess.org/EZpGtxVy/black#74,,True,https://lichess.org/training/pMqAA
MX1Si,7r/pp2R3/2p2k1r/6p1/6P1/P1P2p1P/1P3K2/4R3 b - - 1 42,h6h3 e1e6,1108,79,94,2385,endgame master mate mateIn1 oneMove rookEndgame,https://lichess.org/0kmXkPUO/black#84,,True,https://lichess.org/training/MX1Si
kMDaG,r2r1Rk1/bpp5/p5pp/4q3/1P1P2Pn/1PPQ3P/8/1N3RK1 b - - 1 26,g8g7 f1f7,1108,76,79,259,master mate mateIn1 middlegame oneMove,https://lichess.org/1bypPGH4/black#52,,True,https://lichess.org/training/kMDaG
AiHoH,r5k1/5r1p/4ppQ1/pp1q4/2pP4/2P2P1R/PP4P1/2K4R b - - 0 24,h7g6 h3h8 g8g7 h1h7,1108,81,92,2634,endgame mate mateIn2 queenRookEndgame short,https://lichess.org/McEhK2kZ/black#48,,True,https://lichess.org/training/AiHoH
Mo37f,6k1/ppp2p2/1q1prP1R/r7/8/2PB4/PP4P1/1K5R b - - 2 28,e6f6 h6h8 g8g7 h1h7,1108,80,92,4471,endgame mate mateIn2 short,https://lichess.org/ayc9HShr/black#56,,True,https://lichess.org/training/Mo37f
6BQYc,5r2/p5R1/1p3k2/5p2/P4K1P/2P5/2r5/6R1 b - - 4 42,c2c3 g1g6,1109,80,93,299,endgame mate mateIn1 oneMove rookEndgame,https://lichess.org/X9DvGI3V/black#84,,True,https://lichess.org/training/6BQYc
smghE,3k3r/pb6/1p1pB2B/2p2P1n/8/2N5/PPP3rP/R3RK2 w - - 1 22,h6e3 h5g3 h2g3 h8h1 e3g1 h1g1,1109,75,98,3121,clearance exposedKing long mate mateIn3 middlegame sacrifice,https://lichess.org/0bGgCDYt#43,,True,https://lichess.org/training/smghE
HGVwL,1rr3kQ/5pb1/3p2p1/p5P1/1p2q3/8/PPn4R/1KB2B1R b - - 1 33,g7h8 h2h8 g8g7 h1h7,1110,79,100,109,mate mateIn2 middlegame short,https://lichess.org/Q34bizLk/black#66,,True,https://lichess.org/training/HGVwL
WoNfD,8/1pkR4/8/2p2r1p/P5rP/2K5/8/3R4 b - - 2 53,c7c6 d1d6,1110,131,100,21,endgame mate mateIn1 oneMove rookEndgame,https://lichess.org/m48P4wyW/black#106,,True,https://lichess.org/training/WoNfD
bmT2l,4r1k1/pp3r1p/4qpQ1/3p4/3P1BP1/2P4R/PP3P2/1K5R b - - 7 29,h7g6 h3h8 g8g7 h1h7,1110,77,88,1640,endgame mate mateIn2 short,https://lichess.org/8qtnyHY9/black#58,,True,https://lichess.org/training/bmT2l
3Kyey,8/7p/pp6/3Pkrr1/PP1R1p1K/3R1P2/7P/8 w - - 12 36,d5d6 g5h5 h4g4 f5g5,1110,149,81,19,endgame mate mateIn2 rookEndgame short,https://lichess.org/rrzo0Upb#71,,True,https://lichess.org/training/3Kyey
A1SGA,8/R3R3/2pk4/pr1p1p2/8/1P6/P1P2r2/2K5 b - - 0 39,b5c5 a7d7,1110,76,100,89,endgame mate mateIn1 oneMove rookEndgame,https://lichess.org/Q7O0pUqH/black#78,,True,https://lichess.org/training/A1SGA
1EGAp,r7/p3p3/2p1P2R/1p3pk1/2pP4/2P2Pr1/P4K2/7R b - - 4 33,f5f4 h1h5,1110,76,99,1441,endgame mate mateIn1 oneMove rookEndgame,https://lichess.org/TSm5I1WY/black#66,,True,https://lichess.org/training/1EGAp
ic6sR,8/R4pk1/4B2p/6p1/8/2P3P1/1r4r1/4R1K1 w - - 1 40,g1f1 b2f2,1110,82,74,92,endgame master mate mateIn1 oneMove,https://lichess.org/u4yTsczA#79,,True,https://lichess.org/training/ic6sR
ifZbq,4r1k1/1R4R1/6pp/p4p2/8/PP5P/4r3/6K1 b - - 9 51,g8f8 b7f7,1110,76,100,167,endgame mate mateIn1 oneMove rookEndgame,https://lichess.org/OeTKMo55/black#102,,True,https://lichess.org/training/ifZbq
goLeT,6k1/p5p1/2p1R3/3p2p1/6P1/2P4P/Pr3r2/2KR4 w - - 0 26,e6c6 f2c2,1110,75,88,100,endgame mate mateIn1 oneMove rookEndgame,https://lichess.org/Zxthy73M#51,,True,https://lichess.org/training/goLeT
N2u6t,4r1k1/R5R1/7p/8/5KP1/1r2p3/8/8 b - - 1 53,g8f8 a7f7,1111,75,100,465,endgame mate mateIn1 oneMove rookEndgame,https://lichess.org/z4doAcVU/black#106,,True,https://lichess.org/training/N2u6t
ti3Mk,r2r2k1/pp1nR2R/2p2pp1/3b4/3P4/1P1B2P1/P4PP1/2K5 b - - 3 22,d7f8 e7g7,1111,76,100,603,master mate mateIn1 middlegame oneMove,https://lichess.org/YXsfNkQK/black#44,,True,https://lichess.org/training/ti3Mk
lS9C8,3r4/1b2Rk2/p5p1/1p3p1p/2p4P/2P3r1/PP6/1B2RK2 b - - 1 39,f7f6 e1e6,1111,76,99,932,endgame master mate mateIn1 oneMove,https://lichess.org/TYlI8ME5/black#78,,True,https://lichess.org/training/lS9C8
mI2IQ,2k4r/p4p2/3p4/2pP4/P1Pp1RP1/3P2K1/7r/R7 w - - 0 30,a1f1 h8h3,1111,77,94,1171,endgame mate mateIn1 oneMove rookEndgame,https://lichess.org/04TCO8rq#59,,True,https://lichess.org/training/mI2IQ
BoQIa,3r1k2/R4R1p/6p1/p4p2/7r/7P/6P1/5K2 b - - 2 40,f8e8 a7e7,1111,75,80,118,endgame mate mateIn1 oneMove rookEndgame,https://lichess.org/6bKyX1JP/black#80,,True,https://lichess.org/training/BoQIa
qHbbg,2br4/8/4pk1p/4Rp2/ppP2P1P/4K1P1/PPBr4/4R3 w - - 1 42,c2a4 d8d3,1111,79,93,11215,endgame master mate mateIn1 oneMove,https://lichess.org/DuuUtoT8#83,,True,https://lichess.org/training/qHbbg
JJ8sy,2r3k1/5p2/p3n1p1/4P3/8/1N5R/PP4r1/1K5R b - - 3 35,c8d8 h3h8 g8g7 h1h7,1111,76,90,1459,endgame mate mateIn2 short,https://lichess.org/e3vYLgbo/black#70,,True,https://lichess.org/training/JJ8sy
LTRvG,5r2/p2n1r2/7k/2p3Rp/P3PP2/1P3PK1/2P5/7R b - - 4 34,f7f4 h1h5,1111,77,67,148,endgame master mate mateIn1 oneMove,https://lichess.org/TrmyKiNO/black#68,,True,https://lichess.org/training/LTRvG
SUQpi,8/1p5R/p2Kpk2/3b1rp1/3P4/8/P6R/8 b - - 1 42,f6g6 h2h6,1111,75,100,247,endgame master mate mateIn1 oneMove,https://lichess.org/zce9qYYd/black#84,,True,https://lichess.org/training/SUQpi
ecfrI,1k1r4/pR3R2/1p4p1/7p/3p2r1/3P1K2/PP6/8 b - - 1 39,b8c8 f7c7,1112,83,93,158,endgame mate mateIn1 oneMove rookEndgame,https://lichess.org/F8w9u7PS/black#78,,True,https://lichess.org/training/ecfrI
YKH6I,4r1k1/p4ppp/2Q5/7b/3P4/5PR1/PP3K1P/4r3 w - - 2 30,c6c3 e8e2,1112,75,68,116,endgame master mate mateIn1 oneMove,https://lichess.org/XMlZ3cbw#59,,True,https://lichess.org/training/YKH6I
KuWNa,8/5p1k/6pp/5Q2/3PP3/P1N2b1P/1P4r1/1R3KBr w - - 0 36,f5f3 h1g1,1112,78,94,1611,endgame mate mateIn1 oneMove,https://lichess.org/qXhFqUlq#71,,True,https://lichess.org/training/KuWNa
0anwi,4n2r/8/3p1pk1/1B1Pp3/1p2P1P1/1P6/5RKr/5R2 w - - 6 47,g2g3 h8h3,1112,78,89,803,endgame mate mateIn1 oneMove,https://lichess.org/kHROJtKu#93,,True,https://lichess.org/training/0anwi
HR2kc,6R1/4rk2/4bp2/2p5/8/P5RP/1P4PK/4r3 b - - 4 44,e7e8 g3g7,1112,77,97,2325,endgame mate mateIn1 oneMove,https://lichess.org/prtTNVR5/black#88,,True,https://lichess.org/training/HR2kc
FPP9c,6Nk/6p1/p6p/2R5/2P4P/8/Pr4r1/1K1R4 w - - 0 38,b1c1 g2c2,1112,76,81,281,endgame mate mateIn1 oneMove,https://lichess.org/nXhFK3yl#75,,True,https://lichess.org/training/FPP9c
bkcXT,8/6R1/3p1k2/3Pp3/4Pp1r/5P2/r7/5KR1 b - - 3 50,h4h2 g1g6,1112,76,100,390,endgame master mate mateIn1 oneMove rookEndgame,https://lichess.org/SL0lOu6a/black#100,,True,https://lichess.org/training/bkcXT
Hqs1U,8/3B4/2R2p2/1k1Pb3/8/1K2R3/1r5r/8 w - - 2 42,b3a3 b2a2 a3b3 h2b2,1112,77,87,1470,endgame mate mateIn2 short,https://lichess.org/mDgyrGqA#83,,True,https://lichess.org/training/Hqs1U
jgr9J,2R2R2/pp1kp3/8/3P3p/P2bp3/1P2r3/4nKPP/8 b - - 7 40,e2c3 f8d8,1113,79,86,596,endgame mate mateIn1 oneMove,https://lichess.org/1xy1q1WO/black#80,,True,https://lichess.org/training/jgr9J
8AWkv,7k/4R2p/6p1/3QN3/2pPp3/6P1/r5rP/4R1K1 w - - 1 31,g1f1 a2f2,1113,84,85,76,endgame mate mateIn1 oneMove,https://lichess.org/HNHVsoi2#61,,True,https://lichess.org/training/8AWkv
XAD26,4r1k1/1R4R1/1p2r2p/2p1p1p1/4P3/1P6/P5PP/6K1 b - - 4 35,g8f8 b7f7,1113,83,94,82,endgame mate mateIn1 oneMove rookEndgame,https://lichess.org/YTCCY0jF/black#70,,True,https://lichess.org/training/XAD26
4yZLl,5rk1/p4p2/1pn1p1p1/3pP1P1/P2P3R/6P1/2r1NK2/7R b - - 1 29,f8d8 h4h8 g8g7 h1h7,1113,80,91,460,endgame mate mateIn2 short,https://lichess.org/Og2VMr29/black#58,,True,https://lichess.org/training/4yZLl
AqDjb,2k4r/pp2bp2/2p3p1/B1Pp4/4n1p1/1N2P1P1/PPQ2P2/R3R1Kr w - - 2 23,g1g2 h8h2,1114,77,90,458,mate mateIn1 middlegame oneMove,https://lichess.org/VvLMMW0i#45,,True,https://lichess.org/training/AqDjb
7pVzo,2r1rb2/4Bp2/b6k/2p1p1Rp/Pp2P3/5P2/1PP5/1KN4R b - - 7 32,f8e7 h1h5,1114,75,83,226,mate mateIn1 middlegame oneMove,https://lichess.org/r2Sj8wRq/black#64,,True,https://lichess.org/training/7pVzo
42ayU,1k5r/R7/3Rp3/1P2Pp2/6p1/4B1P1/7r/6K1 w - - 2 40,d6e6 h2h1 g1g2 h8h2,1114,110,67,23,endgame mate mateIn2 short,https://lichess.org/AWA6ylRW#79,,True,https://lichess.org/training/42ayU
a5Yo0,7k/pp6/2p5/2P1P2r/3PB3/5p2/PP3PrP/4R2K w - - 6 33,e4f3 h5h2,1114,81,93,1344,endgame master mate mateIn1 oneMove,https://lichess.org/C9905EG0#65,,True,https://lichess.org/training/a5Yo0
9PxJE,8/ppR3p1/6k1/7R/8/5P1P/PP2KP2/3r2r1 w - - 5 43,h5b5 g1e1,1114,76,98,2050,endgame mate mateIn1 oneMove rookEndgame,https://lichess.org/iffnquZa#85,,True,https://lichess.org/training/9PxJE
g4qAT,2r1k3/1R5R/4p1pP/p2p2P1/P2P4/8/1Kr2P2/8 w - - 1 43,b2b3 c8c3,1114,76,76,90,endgame master mate mateIn1 oneMove rookEndgame,https://lichess.org/gjt0BnJ1#85,,True,https://lichess.org/training/g4qAT
VFBss,1k4r1/6r1/p1p4p/4pQ2/P4b1P/3B1P2/2P5/4RK2 w - - 4 33,e1e5 g7g1 f1f2 g8g2,1114,76,100,92,endgame mate mateIn2 short,https://lichess.org/0GtvNcbC#65,,True,https://lichess.org/training/VFBss
rYk2K,8/8/2R2Rp1/4p2r/4k3/5P2/4q1P1/r1B3K1 b - - 0 39,e4d5 f6d6,1115,92,100,25,endgame mate mateIn1 oneMove,https://lichess.org/ZGjM383a/black#78,,True,https://lichess.org/training/rYk2K
ekmdR,8/2p3pp/2p5/R1PkP3/3P3P/R3K1P1/1r3r2/8 w - - 1 40,a3d3 b2e2,1115,79,93,3047,endgame mate mateIn1 oneMove rookEndgame,https://lichess.org/gnUNThTP#79,,True,https://lichess.org/training/ekmdR
g99Pk,2k1r3/1p1r1p2/B1p2npp/P1Pp1p2/3P4/4PP2/1RP1KP1P/1R6 b - - 0 22,b7a6 b2b8 c8c7 b1b7,1115,75,100,372,endgame mate mateIn2 queensideAttack short,https://lichess.org/8R4ykjVb/black#44,,True,https://lichess.org/training/g99Pk
jmciv,1nk4r/1pp4r/1p3p2/5b2/1PPPp1p1/4B1P1/3NBP2/R1R3K1 w - - 1 23,f2f4 h7h1 g1g2 h8h2,1115,77,94,294,kingsideAttack mate mateIn2 middlegame short,https://lichess.org/sZ1LhFJz#45,,True,https://lichess.org/training/jmciv
iNfmS,8/1p6/2n2kR1/1pb1pB2/5p1r/2PP4/P2K3P/6R1 b - - 4 31,f6f5 g1g5,1116,80,58,84,endgame mate mateIn1 oneMove,https://lichess.org/h6xlpKM7/black#62,,True,https://lichess.org/training/iNfmS
y3oyK,1r4k1/p4p1p/5PpP/4p2R/P2pP3/K7/1r3P2/3R4 w - - 0 32,h5e5 b8b3,1116,76,92,673,endgame mate mateIn1 oneMove rookEndgame,https://lichess.org/E0r5VTVf#63,,True,https://lichess.org/training/y3oyK
K56K3,8/2kR1p2/6p1/ppp3P1/7r/8/r1P4P/3R2K1 b - - 3 41,c7c6 d1d6,1116,208,83,14,endgame mate mateIn1 oneMove rookEndgame,https://lichess.org/Me7Dj1dP/black#82,,True,https://lichess.org/training/K56K3
nRE9M,2k5/pp4p1/2p1p3/8/3Pn2r/1R2PPrP/P6K/2R5 w - - 3 31,f3e4 h4h3,1116,78,82,139,endgame master mate mateIn1 oneMove rookEndgame,https://lichess.org/asBRW6ad#61,,True,https://lichess.org/training/nRE9M
umHF8,Rk5r/2p1qp2/1p4pp/1P2P2n/8/1PPP1P1P/1NK5/R7 b - - 2 30,b8b7 a1a7,1116,81,96,5269,endgame mate mateIn1 oneMove,https://lichess.org/GxnzcJif/black#60,,True,https://lichess.org/training/umHF8
0n1di,3b4/R4pp1/1k2n2p/2prP3/2P5/4B3/1r3PPP/R5K1 b - - 0 30,d5e5 a1a6,1116,77,89,1875,master masterVsMaster mate mateIn1 middlegame oneMove,https://lichess.org/nyGDjSNY/black#60,,True,https://lichess.org/training/0n1di
48h0E,Qk1r4/p1p5/1p3p2/1P6/2Pqp3/5rPP/R4PK1/R7 b - - 3 32,b8a8 a2a7 a8b8 a7a8 b8b7 a1a7,1116,76,97,1411,endgame long mate mateIn3 queenRookEndgame,https://lichess.org/eNzUaR2Z/black#64,,True,https://lichess.org/training/48h0E
yRfKp,5rk1/1R4R1/r7/4P3/1p2K3/8/8/8 b - - 6 48,g8h8 g7h7 h8g8 b7g7,1116,149,33,9,endgame mate mateIn2 rookEndgame short,https://lichess.org/L9M9SwVH/black#96,,True,https://lichess.org/training/yRfKp
v8mOK,1r6/4R2R/2ppk1p1/p7/r6P/2K1PP2/8/8 b - - 4 29,e6f6 h7f7,1116,75,98,2125,endgame mate mateIn1 oneMove rookEndgame,https://lichess.org/V650GrVZ/black#58,,True,https://lichess.org/training/v8mOK
qBdcO,4r1R1/2p4k/pbp4p/8/8/5Q2/PP1B1P2/5KRq b - - 2 34,h1f3 g1g7,1117,82,83,176,endgame mate mateIn1 oneMove,https://lichess.org/C8DhDSTh/black#68,,True,https://lichess.org/training/qBdcO
EYg8h,r3r1k1/p3R1R1/1p2p2p/2npP3/6P1/8/1P2KP1P/8 b - - 0 29,g8f8 e7f7,1117,79,94,3411,endgame mate mateIn1 oneMove,https://lichess.org/HdRfya86/black#58,,True,https://lichess.org/training/EYg8h
QjHkJ,4kr2/1p1R3R/p3np2/8/1r2p3/8/7P/6K1 b - - 1 36,e6g5 h7e7,1117,92,100,45,endgame mate mateIn1 oneMove,https://lichess.org/nQfRaIsC/black#72,,True,https://lichess.org/training/QjHkJ
zYBrO,4Rk2/2p5/p4rp1/3p3p/1Pp4P/r1P2PP1/P3RK2/8 b - - 3 34,f8f7 e2e7,1117,77,71,110,endgame mate mateIn1 oneMove rookEndgame,https://lichess.org/obg8cAnN/black#68,,True,https://lichess.org/training/zYBrO
Mfq5D,8/pp3p2/2p4k/P2p1rRp/1P1PrB1R/2PK3P/8/8 b - - 0 37,f5f4 h4h5,1117,78,100,1009,endgame mate mateIn1 oneMove rookEndgame,https://lichess.org/Pp7CqXhH/black#74,,True,https://lichess.org/training/Mfq5D
57RRI,4R2R/5pk1/5b2/1p4p1/8/8/r1r2PPK/8 b - - 3 42,c2f2 e8g8,1117,77,79,119,endgame mate mateIn1 oneMove,https://lichess.org/CDAJMtWm/black#84,,True,https://lichess.org/training/57RRI
SlRCS,8/pN1R4/1kp5/6pp/8/P7/1r5r/1K1R4 w - - 0 39,b1c1 h2c2,1117,75,100,260,endgame mate mateIn1 oneMove,https://lichess.org/cMpmJVu0#77,,True,https://lichess.org/training/SlRCS
4RJlq,1r4k1/5pp1/4p2p/7P/Q1PP4/PqK3P1/1r1B1P2/3R3R w - - 1 32,a4b3 b8b3,1117,75,97,3469,endgame mate mateIn1 oneMove,https://lichess.org/5zZZNGoT#63,,True,https://lichess.org/training/4RJlq
TAA1v,8/4Rpk1/p4np1/1p6/5q2/P4PQ1/2r4r/5RK1 w - - 0 30,g3f4 c2g2,1117,75,100,97,endgame master mate mateIn1 oneMove,https://lichess.org/MhSURZ6W#59,,True,https://lichess.org/training/TAA1v
dIs5b,1r1k1r2/R2R1pp1/2p1p2p/3pP3/8/1PPn2PP/5P2/6K1 b - - 4 30,d8c8 a7c7,1117,77,92,927,endgame mate mateIn1 oneMove,https://lichess.org/zOAWNtvQ/black#60,,True,https://lichess.org/training/dIs5b
XVkC7,3r2k1/p6p/8/5pp1/2P1b3/4KPP1/P2r3P/2R1R3 w - - 1 25,f3e4 d8d3,1117,79,92,1728,endgame mate mateIn1 oneMove rookEndgame,https://lichess.org/QpBfgvmw#49,,True,https://lichess.org/training/XVkC7
6pqUs,8/p6R/3k4/8/7P/8/r5r1/4R1K1 w - - 10 45,g1f1 a2f2,1118,76,86,576,endgame mate mateIn1 oneMove rookEndgame,https://lichess.org/Ve4Gmgyv#89,,True,https://lichess.org/training/6pqUs
4kNsE,7r/R3npq1/1k1p4/1p1Pp3/1Pp1P3/2P1N1P1/1B2KP2/R7 b - - 3 45,e7c8 a1a6,1118,76,92,200,mate mateIn1 middlegame oneMove,https://lichess.org/xJnEJkXr/black#90,,True,https://lichess.org/training/4kNsE
srDE5,r5k1/r4ppp/3pp3/5PP1/1p2P2P/1R6/PKP3Q1/q7 w - - 0 30,b2a1 a7a2 a1b1 a2a1 b1b2 a8a2,1118,119,88,38,endgame long mate mateIn3 queenRookEndgame,https://lichess.org/7AZlc0hO#59,,True,https://lichess.org/training/srDE5
0IRTj,1k1r4/1p6/1p6/4p3/4P2p/2R1KP2/PP1r3P/2R5 w - - 2 30,c3c2 d8d3,1118,77,89,1467,endgame mate mateIn1 oneMove rookEndgame,https://lichess.org/5Zlq525U#59,,True,https://lichess.org/training/0IRTj
yw7AU,7r/2R2R2/3kpp1p/1P1b4/5P2/3p2K1/4rP1P/8 b - - 0 33,d5e4 f7d7,1118,83,94,12663,endgame mate mateIn1 oneMove,https://lichess.org/V9LOrdV0/black#66,,True,https://lichess.org/training/yw7AU
EpbpM,4kr2/p7/7p/1pp1B1p1/4P3/1B2K3/PPP2r1P/3R4 w - - 2 28,b3d5 f8f3,1118,76,97,879,endgame mate mateIn1 oneMove,https://lichess.org/NcgwGXKR#55,,True,https://lichess.org/training/EpbpM
XUfg4,4kb1r/ppp4r/3pNPp1/5n2/2B5/2P2n2/PP3PP1/R3R1K1 w k - 1 21,g2f3 h7h1 g1g2 h8h2,1118,182,43,17,kingsideAttack mate mateIn2 middlegame short,https://lichess.org/2Qer0JiL#41,,True,https://lichess.org/training/XUfg4
ILMVC,r2k3r/N1R1R3/8/8/8/8/p2K4/8 b - - 3 47,a2a1q c7d7,1118,77,87,212,endgame master mate mateIn1 oneMove,https://lichess.org/GfvI4EMj/black#94,,True,https://lichess.org/training/ILMVC
BH7SZ,8/R6R/5p1k/4p2p/p3P3/4r3/r4PKP/8 b - - 2 35,h6g6 a7g7,1118,76,100,102,endgame mate mateIn1 oneMove rookEndgame,https://lichess.org/OU1OOClP/black#70,,True,https://lichess.org/training/BH7SZ
l99Tf,6k1/1R3p1p/8/2p5/P7/8/1Pr2rPP/3R1K2 w - - 1 26,f1e1 c2e2,1118,81,91,712,endgame mate mateIn1 oneMove rookEndgame,https://lichess.org/qick1HG4#51,,True,https://lichess.org/training/l99Tf
MIqyH,6rr/3b1q1k/p3p2Q/1p1pPpR1/2pP1P2/2P3R1/PPB4P/6K1 b - - 0 27,h7h6 g3h3 f7h5 h3h5,1119,75,97,4846,mate mateIn2 middlegame short,https://lichess.org/ysbrjUgV/black#54,,True,https://lichess.org/training/MIqyH
h8nA4,4r1kQ/5rb1/2p1p1p1/p1p1p1P1/Pp1qP3/1P1P2N1/2P4R/2K4R b - - 3 28,g7h8 h2h8 g8g7 h1h7,1119,77,100,56,kingsideAttack mate mateIn2 middlegame short,https://lichess.org/18n7bhQ7/black#56,,True,https://lichess.org/training/h8nA4
E3qQY,2k4r/8/p2p1np1/P1pP4/2P1p1P1/6R1/1Q3PKq/1R3N1r w - - 6 35,f1h2 h8h2,1119,76,100,1705,mate mateIn1 middlegame oneMove,https://lichess.org/GEtJdJBA#69,,True,https://lichess.org/training/E3qQY
1CrkP,5rk1/1R4R1/6p1/8/4r3/6KP/8/8 b - - 3 46,g8h8 g7h7 h8g8 b7g7,1119,119,82,25,endgame mate mateIn2 rookEndgame short,https://lichess.org/sXhGIOPd/black#92,,True,https://lichess.org/training/1CrkP
gRIUU,5r2/p7/3N3k/2P4n/P2P2R1/4K1P1/5r2/7R w - - 0 37,d6e4 f8f3,1119,76,89,1764,endgame mate mateIn1 oneMove,https://lichess.org/NjxMhd12#73,,True,https://lichess.org/training/gRIUU
929EC,6k1/pp2r1pp/3p4/P2P1pQ1/2PR1P2/5bK1/4r3/6R1 w - - 2 36,g3f3 e7e3,1120,75,93,249,endgame mate mateIn1 oneMove queenRookEndgame,https://lichess.org/lgDjITOt#71,,True,https://lichess.org/training/929EC
8FhGm,5r1k/2Q3p1/7p/1Nb5/2P3PP/6K1/5r2/8 w - - 2 48,c7c5 f8f3,1120,78,53,49,endgame master mate mateIn1 oneMove,https://lichess.org/fxbnrKoo#95,,True,https://lichess.org/training/8FhGm
D6Vmo,4k3/pp1n1p1r/3B3r/3PPQ2/3P2p1/1P4q1/P2R1R1P/6K1 w - - 0 33,h2g3 h6h1 g1g2 h7h2,1120,122,82,16,mate mateIn2 middlegame short,https://lichess.org/rg4LuOiY#65,,True,https://lichess.org/training/D6Vmo
rsDof,3r1k2/8/2B1pR2/8/1Pn5/2Pq2Pp/7P/4R2K b - - 0 39,f8e7 e1e6,1120,84,78,247,endgame mate mateIn1 oneMove,https://lichess.org/9ruVqHSn/black#78,,True,https://lichess.org/training/rsDof
MJqvD,8/8/R7/2N4p/2kP4/P1P5/1r3r2/2K4R w - - 9 49,h1d1 f2c2,1120,84,86,149,endgame mate mateIn1 oneMove,https://lichess.org/biiW09sr#97,,True,https://lichess.org/training/MJqvD
E31AU,3r2k1/1R4Rp/1p2p1p1/pBb5/P7/7P/3r1PP1/6K1 b - - 2 32,g8f8 b7f7,1120,77,94,669,endgame mate mateIn1 oneMove,https://lichess.org/5FU2BJEr/black#64,,True,https://lichess.org/training/E31AU
1IftD,r2qr1k1/ppp5/3p2P1/6Pn/5PbR/1PNB4/1PPK2P1/7R b - - 0 20,h5f4 h4h8 g8g7 h1h7,1120,79,94,5370,kingsideAttack mate mateIn2 middlegame short,https://lichess.org/EQ1Trabr/black#40,,True,https://lichess.org/training/1IftD
glcBz,8/1p4R1/b6k/4PpRp/4p2P/7r/2K5/8 b - - 2 60,h3h4 g5g6,1121,230,100,11,endgame master mate mateIn1 oneMove,https://lichess.org/0rWeUO3o/black#120,,True,https://lichess.org/training/glcBz
cbDJ9,2r5/1p1R2R1/1P2kp2/p1r3p1/1n4P1/1Kp2P2/8/8 b - - 0 43,c3c2 g7e7,1121,75,98,1082,endgame master mate mateIn1 oneMove,https://lichess.org/KLY64LnK/black#86,,True,https://lichess.org/training/cbDJ9
gsr8Z,2r1b3/pp4kR/1np1pr2/4Np2/3P1bP1/2P2P2/PP3PK1/7R b - - 2 34,g7g8 h7h8 g8g7 h1h7,1121,78,68,202,kingsideAttack mate mateIn2 middlegame short,https://lichess.org/ywylMMzn/black#68,,True,https://lichess.org/training/gsr8Z
PinEU,4r1k1/R5R1/6p1/2p2pPp/3p3P/6K1/4rP2/8 b - - 7 76,g8f8 a7f7,1121,81,93,1906,endgame mate mateIn1 oneMove rookEndgame,https://lichess.org/lnZJlKJ4/black#152,,True,https://lichess.org/training/PinEU
aW52p,2r3r1/p3R2p/3k4/nppp3p/5b1B/2P3P1/PP1NR2P/1K6 b - - 5 25,f4d2 e2e6,1121,77,85,1463,mate mateIn1 middlegame oneMove,https://lichess.org/NoRU2asl/black#50,,True,https://lichess.org/training/aW52p
DC8Jp,2r1r3/p1R3p1/Nn1kpp1p/3p4/3P4/P3P1P1/5P1P/2R3K1 b - - 3 30,g7g5 c1c6,1121,77,88,458,endgame master mate mateIn1 oneMove,https://lichess.org/WnHNUTqm/black#60,,True,https://lichess.org/training/DC8Jp
EgqS3,8/8/6p1/8/R3P1k1/P1P5/1P1r2r1/3K1R2 w - - 3 39,d1e1 g2e2,1121,82,76,49,endgame mate mateIn1 oneMove rookEndgame,https://lichess.org/mjOxEs91#77,,True,https://lichess.org/training/EgqS3
qimsY,2r3k1/1p6/p2p2pp/3P1p2/P2pKP2/2r5/5N2/3R1R2 w - - 0 30,e4d4 c8c4,1121,76,100,494,endgame master masterVsMaster mate mateIn1 oneMove,https://lichess.org/8sb1V4oW#59,,True,https://lichess.org/training/qimsY
sj3Wj,r7/1p1k3p/2p1ppp1/1p6/1n1P4/1KP2PB1/r3RP1P/4R3 w - - 0 29,c3b4 a8a3,1121,76,100,266,endgame mate mateIn1 oneMove,https://lichess.org/DmOFjLy0#57,,True,https://lichess.org/training/sj3Wj
RjrC4,4r3/2p4k/1p1p2pp/p7/P1P2P1P/1P1R1RP1/6K1/4r3 w - - 7 31,g2f2 e8e2,1121,76,80,117,endgame mate mateIn1 oneMove rookEndgame,https://lichess.org/0ox3Mho0#61,,True,https://lichess.org/training/RjrC4
Q5Q2u,r4R1k/ppp4p/4P1pr/8/P1B3q1/1P1P4/7P/5R1K b - - 1 29,h8g7 f1f7,1121,76,100,383,endgame mate mateIn1 oneMove,https://lichess.org/yJNDbi3H/black#58,,True,https://lichess.org/training/Q5Q2u
d5O32,1r1k4/R2R3p/4p1p1/8/8/P6P/rp3PP1/6K1 b - - 7 30,d8c8 a7c7,1121,83,44,96,endgame mate mateIn1 oneMove rookEndgame,https://lichess.org/CZgcF4uO/black#60,,True,https://lichess.org/training/d5O32
1omCa,4r1k1/1R4R1/3p4/2bP4/1p2B3/2p3PP/r7/5K2 b - - 2 45,g8f8 b7f7,1122,76,94,1117,endgame master mate mateIn1 oneMove,https://lichess.org/PAIxeMjg/black#90,,True,https://lichess.org/training/1omCa
GJmXu,4R3/p5pk/8/8/7P/3P4/PPr3r1/R4K2 w - - 1 40,a1e1 c2f2,1122,82,87,96,endgame mate mateIn1 oneMove rookEndgame,https://lichess.org/tp23kCVp#79,,True,https://lichess.org/training/GJmXu
kQkYl,7r/1p4k1/p4n2/8/2NP1bP1/1B3P2/PP5r/3RR1K1 w - - 5 34,d4d5 h2h1 g1g2 h8h2,1122,80,92,6748,mate mateIn2 middlegame short,https://lichess.org/cckgyYSO#67,,True,https://lichess.org/training/kQkYl
bghGm,r4rk1/5p1R/p2p2p1/1ppq2P1/4P3/8/PPP5/1K5R b - - 0 28,f8e8 h7h8 g8g7 h1h7,1122,100,82,34,endgame mate mateIn2 queenRookEndgame short,https://lichess.org/uzZrkIwE/black#56,,True,https://lichess.org/training/bghGm
tBfvA,1k4r1/p1p5/1p6/8/5P1R/1N5P/PPP2R1K/5nr1 w - - 3 35,f2f1 g8g2,1122,76,100,99,endgame mate mateIn1 oneMove,https://lichess.org/jXem19tJ#69,,True,https://lichess.org/training/tBfvA
hKydZ,4r1k1/p4r1p/1p2p1Q1/2q1P3/2p2PP1/2Pp2PR/PP4KR/8 b - - 0 33,h7g6 h3h8 g8g7 h2h7,1122,77,64,174,endgame kingsideAttack mate mateIn2 queenRookEndgame short,https://lichess.org/KxOKMqEX/black#66,,True,https://lichess.org/training/hKydZ
1xGV0,r5k1/r1p2bp1/7p/7P/1p1nNBP1/1P1P4/2P5/1K3R1R w - - 0 33,f4e5 a7a1 b1b2 a8a2,1122,123,100,18,mate mateIn2 middlegame queensideAttack short,https://lichess.org/gY2lL1TM#65,,True,https://lichess.org/training/1xGV0
qpQd2,3r4/6pk/8/1p1rR2p/6pP/4P1P1/2R2P2/4K3 w - - 2 40,c2c5 d5d1 e1e2 d8d2,1122,83,48,70,endgame mate mateIn2 rookEndgame short,https://lichess.org/HcbhV1EF#79,,True,https://lichess.org/training/qpQd2
2LARC,8/1R4R1/p1kr2p1/3p4/8/2P1b3/KP6/3B1q2 b - - 0 44,f1d1 g7c7,1122,75,100,840,endgame mate mateIn1 oneMove,https://lichess.org/9A4uKkn2/black#88,,True,https://lichess.org/training/2LARC
BY0in,8/p4pp1/1rp1k1p1/2K1P3/R2P4/1r6/R4PPP/8 w - - 7 39,a4c4 b3b5,1122,80,92,1161,endgame master mate mateIn1 oneMove rookEndgame,https://lichess.org/1F5kQhW0#77,,True,https://lichess.org/training/BY0in
sq7wY,3r4/1Rk3p1/7p/2r5/4P3/3p3P/6P1/1R4K1 b - - 0 33,c7c6 b1b6,1123,76,92,1524,endgame mate mateIn1 oneMove rookEndgame,https://lichess.org/aPq9aEFU/black#66,,True,https://lichess.org/training/sq7wY
xriXS,3N2r1/kp6/p7/4RR2/2P5/1P3Kr1/P7/8 w - - 1 50,f3f4 g8g4,1123,79,92,1373,endgame master mate mateIn1 oneMove,https://lichess.org/vzeVGEeU#99,,True,https://lichess.org/training/xriXS
spaJS,1r3r1k/2p2pR1/3p3p/p2PpNn1/8/1P6/1P3PK1/7R b - - 4 31,f8g8 h1h6 g5h7 h6h7,1123,76,56,137,endgame mate mateIn2 short,https://lichess.org/cLFzbkqx/black#62,,True,https://lichess.org/training/spaJS
F9cvJ,2r5/2p1R3/p1p2kpp/5p2/2P4P/1P3r2/P2P4/2K1R3 b - - 2 25,g6g5 e1e6,1123,84,93,429,endgame mate mateIn1 oneMove rookEndgame,https://lichess.org/QAvCkb0Q/black#50,,True,https://lichess.org/training/F9cvJ
9CTah,1k5r/ppRP4/8/5p2/1PR2n2/P4Nr1/6P1/3Q3K w - - 1 33,h1g1 g3g2 g1f1 h8h1 f3g1 h1g1,1123,76,95,7366,long mate mateIn3 middlegame,https://lichess.org/IEYsuALl#65,,True,https://lichess.org/training/9CTah
eUPcJ,1r6/2p2p2/3p3k/6Rp/1r3P1R/1P6/1KP5/8 b - - 0 40,b4f4 h4h5,1123,74,98,370,endgame master mate mateIn1 oneMove rookEndgame,https://lichess.org/f4q33pXW/black#80,,True,https://lichess.org/training/eUPcJ
HuOGQ,2rq2k1/p4r1p/b1p1p1Q1/3pP1b1/3P1P2/1P2B3/P2N1K1R/7R b - - 0 25,h7g6 h2h8 g8g7 h1h7,1123,215,100,5,kingsideAttack mate mateIn2 middlegame short,https://lichess.org/o8Zl2T5s/black#50,,True,https://lichess.org/training/HuOGQ
HazlQ,7R/pr3bk1/1p2p1r1/2p3P1/2P2PK1/1P6/P7/7R b - - 3 46,b6b5 h1h7,1123,194,82,12,endgame mate mateIn1 oneMove,https://lichess.org/yJUo09ec/black#92,,True,https://lichess.org/training/HazlQ
CucnP,1r1k4/1R1R4/pr6/5p2/7P/1p2K1P1/8/8 b - - 11 44,d8c8 b7c7,1124,99,54,34,endgame mate mateIn1 oneMove rookEndgame,https://lichess.org/jpakQ2sV/black#88,,True,https://lichess.org/training/CucnP
gulAk,4rnk1/R5QR/6pb/3q1p1p/8/4PPP1/6KP/8 b - - 5 48,h6g7 a7g7,1124,77,98,1361,endgame master mate mateIn1 oneMove,https://lichess.org/asgPXXDD/black#96,,True,https://lichess.org/training/gulAk
wY3Ta,5r1k/pp4Rp/3p4/3qp2n/1P5R/P3K1Q1/8/2r3N1 b - - 9 34,h5g3 h4h7,1124,136,100,17,mate mateIn1 middlegame oneMove,https://lichess.org/iL3oOnHx/black#68,,True,https://lichess.org/training/wY3Ta
rs4QK,1r5r/1p1Rn1p1/p1k4p/2p2p2/P4b2/2N2P2/1P3P1P/3R2K1 b - - 3 25,f4g5 d1d6,1124,77,91,828,mate mateIn1 middlegame oneMove,https://lichess.org/j62EF8FM/black#50,,True,https://lichess.org/training/rs4QK
J6iRC,Rk3r2/2p5/1p1p4/2nPprq1/2P5/2P2BPp/5Q1P/R5K1 b - - 3 29,b8b7 a1a7,1124,77,87,1116,mate mateIn1 middlegame oneMove,https://lichess.org/jQPcIahC/black#58,,True,https://lichess.org/training/J6iRC
KjzKM,r7/pp2R2R/3p1kp1/2pP1b2/5P2/2n5/P5P1/6K1 b - - 0 29,c3d5 h7f7,1124,77,91,371,endgame master mate mateIn1 oneMove,https://lichess.org/FIMaZj1P/black#58,,True,https://lichess.org/training/KjzKM
hdbkg,r5r1/1p3k1R/2p1p3/p2p2pR/3P2P1/4PP2/2P2K2/8 b - - 1 35,f7g6 h5h6,1124,82,95,979,endgame mate mateIn1 oneMove rookEndgame,https://lichess.org/pBJ3qYcu/black#70,,True,https://lichess.org/training/hdbkg
vPPKg,2k4r/1pp5/p6r/P2p1pQ1/1P4p1/2P3q1/2P2R1P/R5K1 w - - 0 27,h2g3 h6h1 g1g2 h8h2,1125,80,85,92,endgame mate mateIn2 queenRookEndgame short,https://lichess.org/p9z4pK0O#53,,True,https://lichess.org/training/vPPKg
uNGXE,r6r/p2R4/2p1kp1p/4p1b1/2p1P3/5P2/PPK3PP/3R4 b - - 11 23,f6f5 d1d6,1125,75,92,1013,endgame mate mateIn1 oneMove,https://lichess.org/6VKKC8yl/black#46,,True,https://lichess.org/training/uNGXE
p6S5S,8/1R6/p4pk1/3p2p1/6P1/Pb3P2/1Pr4r/3KR3 w - - 0 35,b7b3 h2d2,1125,78,92,4976,endgame mate mateIn1 oneMove rookEndgame,https://lichess.org/OJuPQ6iR#69,,True,https://lichess.org/training/p6S5S
qUL4Q,8/pp4kp/6p1/5p2/3PN3/BP1P1KP1/P1r1r2P/R7 w - - 0 32,e4d6 e2f2 f3e3 c2e2,1125,76,44,147,endgame mate mateIn2 short,https://lichess.org/ke2Pkcxe#63,,True,https://lichess.org/training/qUL4Q
SnVMB,4rk2/6p1/p6p/1p6/2pR1PP1/7P/PP1Rr1K1/8 w - - 6 36,g2f3 e8e3,1125,75,92,2091,endgame mate mateIn1 oneMove rookEndgame,https://lichess.org/qzW6TYzn#71,,True,https://lichess.org/training/SnVMB
G7mrm,r1r3k1/1p3p1R/4p1p1/3b2P1/8/p1PB1P1R/2P5/2K5 b - - 0 26,a3a2 h7h8 g8g7 h3h7,1125,80,85,44,endgame mate mateIn2 short,https://lichess.org/dRdfeqDx/black#52,,True,https://lichess.org/training/G7mrm
QEvGU,7r/1b4k1/pNp1p1p1/2pp1p2/5PQ1/1P1PP1K1/P1P4r/2R5 w - - 0 28,g4d1 h8h3,1125,75,84,171,endgame mate mateIn1 oneMove,https://lichess.org/oWTv9kja#55,,True,https://lichess.org/training/QEvGU
nJ2Q5,7r/p1pk4/1p6/5pR1/P2P2p1/1BP1n1P1/2P4r/4R1K1 w - - 0 29,e1e3 h2h1 g1g2 h8h2,1125,80,73,93,endgame mate mateIn2 short,https://lichess.org/gq6E5xSK#57,,True,https://lichess.org/training/nJ2Q5
hjZvF,2b4r/3k4/p1pPp3/2P5/P4RP1/8/1P3PKr/1R5B w - - 1 34,g2g3 h8h3,1126,76,94,170,endgame mate mateIn1 oneMove,https://lichess.org/ApDSyrp5#67,,True,https://lichess.org/training/hjZvF
N22C6,2r4r/3R4/p1p1kpnp/1pp3p1/4P3/P1N3P1/1PP2P1P/2KR4 b - - 0 24,g6e5 d1d6,1126,77,100,131,endgame master mate mateIn1 oneMove,https://lichess.org/h9Q4srAs/black#48,,True,https://lichess.org/training/N22C6
fJdTP,5r1k/p5pp/7R/2pB1r2/PpN3b1/1P1P2Rn/1BP4P/6K1 w - - 12 35,h6h3 f5f1 g1g2 f8f2,1126,76,99,3813,kingsideAttack mate mateIn2 middlegame short,https://lichess.org/Qlwnp55r#69,,True,https://lichess.org/training/fJdTP
JBMiy,2b3k1/7p/2pBP1p1/2Nn4/2pPQ3/8/r5qr/2R2RK1 w - - 4 39,e4g2 a2g2,1126,79,92,1695,mate mateIn1 middlegame oneMove,https://lichess.org/7KWS38uk#77,,True,https://lichess.org/training/JBMiy
96Ebq,3r1k2/R4R2/1p4p1/1P1P1p2/4p1n1/1qB1P1P1/5PKp/8 b - - 4 35,f8e8 a7e7,1126,77,87,679,endgame mate mateIn1 oneMove,https://lichess.org/AzWnaP6x/black#70,,True,https://lichess.org/training/96Ebq
aMpKC,4r1k1/p1R3Rb/1p6/8/8/7P/r7/6K1 b - - 3 47,g8f8 c7f7,1126,77,91,97,endgame mate mateIn1 oneMove,https://lichess.org/YMnWE0X5/black#94,,True,https://lichess.org/training/aMpKC
u2X7P,3r1r2/p4k2/1p1bRNpp/1Pp2p2/P6P/4R1P1/5P2/6K1 b - - 0 33,d6e7 e6e7 f7f6 e3e6,1127,80,87,214,endgame mate mateIn2 short,https://lichess.org/734bYbpF/black#66,,True,https://lichess.org/training/u2X7P
ssdCN,7r/p7/1p1p2R1/3bkP2/1P1p2Kr/3P3P/1RP5/5B2 w - - 7 45,g4g5 h8h5,1127,78,92,4987,endgame mate mateIn1 oneMove,https://lichess.org/sW3sqrQO#89,,True,https://lichess.org/training/ssdCN
nSuUR,8/1kp4p/p4Bp1/6P1/3R3P/8/1r3r2/2K4R w - - 6 38,d4d1 f2c2,1127,93,62,79,endgame mate mateIn1 oneMove,https://lichess.org/aQ7YKSl8#75,,True,https://lichess.org/training/nSuUR
qyO3F,5r2/pp6/2p3R1/4p3/4k3/2PR4/PP3rP1/4K3 w - - 3 44,g6g3 f2f1 e1e2 f8f2,1127,83,65,43,endgame mate mateIn2 rookEndgame short,https://lichess.org/EdgcIx1C#87,,True,https://lichess.org/training/qyO3F
Hfa4j,8/1p3knR/1p3p2/2p1q1p1/2BnP3/1P4P1/P4PK1/7R b - - 7 37,f7g6 h1h6,1127,91,33,49,endgame mate mateIn1 oneMove,https://lichess.org/yt7ycPwW/black#74,,True,https://lichess.org/training/Hfa4j
WHXby,4r1k1/R5R1/1p4p1/2p5/2n5/8/1P5P/2r2BK1 b - - 2 36,g8f8 a7f7,1127,77,73,125,endgame mate mateIn1 oneMove,https://lichess.org/7g85WOSB/black#72,,True,https://lichess.org/training/WHXby
dAEpA,1k6/1p3pp1/3b4/8/2q1B3/4P1P1/7r/RR4K1 b - - 2 32,c4e2 b1b7 b8c8 a1a8 d6b8 a8b8,1127,75,100,128,endgame long mate mateIn3,https://lichess.org/ct1pLTi2/black#64,,True,https://lichess.org/training/dAEpA
lIBHf,1r4k1/1r5p/1qpnp1Q1/p2pN1P1/3P4/P1P5/bP3P1R/1NK4R b - - 0 27,h7g6 h2h8 g8g7 h1h7,1127,81,92,615,kingsideAttack mate mateIn2 middlegame short,https://lichess.org/7tCbMep2/black#54,,True,https://lichess.org/training/lIBHf
IrHk8,2r5/1p2k3/4p3/1B3pp1/P2PPb1p/1P1Kn2P/2r1N3/6RR w - - 0 31,e2f4 c8c3,1127,76,98,1521,mate mateIn1 middlegame oneMove,https://lichess.org/oHgw1WC2#61,,True,https://lichess.org/training/IrHk8
5706c,R5R1/p3r1kp/npp5/8/4rNK1/6P1/7P/8 b - - 1 45,g7f7 a8f8,1127,75,89,103,endgame mate mateIn1 oneMove,https://lichess.org/CxIXdsGs/black#90,,True,https://lichess.org/training/5706c
3BaSQ,6k1/6Pp/8/8/3p4/5P2/2r3rP/R2K3R w - - 0 34,h1e1 g2d2,1128,75,99,520,endgame master mate mateIn1 oneMove rookEndgame,https://lichess.org/tCciohbn#67,,True,https://lichess.org/training/3BaSQ
q93he,8/1p2R1pp/p4k2/1qp2p2/5P2/6K1/4R1PP/8 b - - 5 41,a6a5 e2e6,1128,77,86,70,endgame mate mateIn1 oneMove queenRookEndgame,https://lichess.org/Vn9ccSGh/black#82,,True,https://lichess.org/training/q93he
X9Gp5,7r/5kp1/p6r/1p4R1/2p1Bp2/2P1nP2/PP3Q2/4R1K1 w - - 5 38,e1e3 h6h1 g1g2 h8h2,1128,77,95,19239,endgame mate mateIn2 short,https://lichess.org/Nl7h3V5T#75,,True,https://lichess.org/training/X9Gp5
k4G89,4r1k1/1R4Rp/6p1/1p3p2/7P/4p3/1r3PP1/6K1 b - - 1 34,g8f8 b7f7,1128,77,100,227,endgame mate mateIn1 oneMove rookEndgame,https://lichess.org/KjfVWjUO/black#68,,True,https://lichess.org/training/k4G89
j7orP,8/p6r/p2Rp3/5k2/5p2/2P2P2/P4P2/3R2Kr w - - 2 29,g1g2 h7h2,1128,204,54,7,endgame mate mateIn1 oneMove rookEndgame,https://lichess.org/XTXIAMvK#57,,True,https://lichess.org/training/j7orP
OKwhT,1r4kR/pb3p2/1p3qp1/2p5/2Pp4/1P1QrP2/P1B3K1/7R b - - 2 32,g8g7 h1h7,1128,76,96,3560,mate mateIn1 middlegame oneMove,https://lichess.org/gbh8WE8I/black#64,,True,https://lichess.org/training/OKwhT
ldTy4,6r1/8/R7/1pkp3P/5PrK/2P5/P6R/8 w - - 3 41,h4h3 g4g3 h3h4 g8g4,1128,85,75,44,endgame mate mateIn2 rookEndgame short,https://lichess.org/SRosVM1t#81,,True,https://lichess.org/training/ldTy4
q5JUJ,8/1k1R2r1/p3p1r1/2p5/1pP5/6P1/P1P3K1/3R4 b - - 6 35,b7c6 d1d6,1128,75,100,154,endgame master mate mateIn1 oneMove rookEndgame,https://lichess.org/motgv1Md/black#70,,True,https://lichess.org/training/q5JUJ
ZnXcK,r6r/1R1k1ppp/4pb2/3p4/2b5/B7/P2N1PPP/1R4K1 b - - 13 26,d7c6 b1b6,1128,78,100,370,mate mateIn1 middlegame oneMove,https://lichess.org/5i9b1Anw/black#52,,True,https://lichess.org/training/ZnXcK
Rzuz3,5b1r/1p1k2p1/1B6/3R4/2K4p/P2P1q2/8/4R3 b - - 1 29,d7c6 e1e6 f8d6 e6d6,1129,75,97,4758,endgame mate mateIn2 short,https://lichess.org/rRmMWvf9/black#58,,True,https://lichess.org/training/Rzuz3
7ROrl,r3rk2/1pp2pR1/p1pb1n2/4pR1Q/4P3/1P1P3P/PBP2P1K/8 b - - 0 24,f6h5 f5f7,1129,82,93,464,mate mateIn1 middlegame oneMove,https://lichess.org/wT9gtXYy/black#48,,True,https://lichess.org/training/7ROrl
LcT0L,1k4rr/RR3p2/P2b4/3Pp1q1/2P1P3/6P1/5PK1/8 b - - 3 39,b8c8 a7a8 d6b8 a8b8,1129,76,87,303,endgame mate mateIn2 short,https://lichess.org/SLPHVTJK/black#78,,True,https://lichess.org/training/LcT0L
PWE2F,3r4/8/p7/1p6/8/1R2R3/2k1KPP1/3r4 b - - 8 55,d8d6 e3c3,1129,85,92,803,endgame mate mateIn1 oneMove rookEndgame,https://lichess.org/MTFRBuPN/black#110,,True,https://lichess.org/training/PWE2F
GBfQK,4bn1R/pp1k1Q2/2p1p1p1/2P3r1/6r1/8/PPB5/5R1K b - - 0 40,e8f7 f1f7 d7e8 h8f8,1129,75,99,856,fork mate mateIn2 middlegame short,https://lichess.org/PK15DcPU/black#80,,True,https://lichess.org/training/GBfQK
8qD5P,5r2/pp5R/2p3k1/3p1p2/5Pr1/2P4R/P6K/8 b - - 2 38,f8f7 h3h6,1129,80,80,298,endgame mate mateIn1 oneMove rookEndgame,https://lichess.org/XENT3gKW/black#76,,True,https://lichess.org/training/8qD5P
H9GnG,5r2/8/p1np2R1/1pp1p2k/nP3r1N/P1PP4/5P2/2K3R1 b - - 2 33,f4h4 g1g5,1130,79,85,542,endgame mate mateIn1 oneMove,https://lichess.org/jo77RtBA/black#66,,True,https://lichess.org/training/H9GnG
ujuZa,7R/6k1/1n3r2/pPb1K2R/4P3/2pp4/5P2/8 b - - 2 38,f6g6 h5h7,1130,77,88,608,endgame master mate mateIn1 oneMove,https://lichess.org/FYK4vbYm/black#76,,True,https://lichess.org/training/ujuZa
1N6hk,2rk4/5p2/3p2p1/3P2P1/1p4r1/pP6/P3R3/1K2R3 b - - 3 30,c8c7 e2e8 d8d7 e1e7,1130,80,73,114,endgame mate mateIn2 rookEndgame short,https://lichess.org/y4zBrzFj/black#60,,True,https://lichess.org/training/1N6hk
gXue3,4r1k1/2R3Rp/5pp1/1p2p3/1q6/5P1P/6PK/8 b - - 1 36,g8f8 c7f7,1130,80,85,124,endgame mate mateIn1 oneMove queenRookEndgame,https://lichess.org/xzmZgo34/black#72,,True,https://lichess.org/training/gXue3
9RNTU,3Q4/4rk2/8/p5P1/4r1K1/8/1P6/8 w - - 13 77,g4f5 e7e5,1131,270,47,5,endgame master mate mateIn1 oneMove queenRookEndgame,https://lichess.org/YXcTPMMj#153,,True,https://lichess.org/training/9RNTU
E4nzL,4rrk1/2p1R1QR/2p2q2/p7/3P1p2/2Pb4/PP3PPP/6K1 b - - 2 26,f6g7 e7g7,1131,78,95,2182,endgame mate mateIn1 oneMove,https://lichess.org/fBWkulGm/black#52,,True,https://lichess.org/training/E4nzL
ApqNP,r3Rb1r/pp1kQ1p1/2p2n1p/8/2nP1Bq1/6N1/PPb2PP1/4R1K1 b - - 3 21,f8e7 e1e7,1131,77,89,1699,master masterVsMaster mate mateIn1 middlegame oneMove,https://lichess.org/PcSlM1Uw/black#42,,True,https://lichess.org/training/ApqNP
p1kor,6k1/R5pp/6p1/4P3/5P2/6P1/1r4rP/4R1K1 w - - 1 35,g1f1 b2f2,1131,82,82,105,endgame mate mateIn1 oneMove rookEndgame,https://lichess.org/zqVzDK0y#69,,True,https://lichess.org/training/p1kor
ZUed6,8/7R/pq1p1b2/3P2k1/7R/2PB3p/2K5/8 b - - 11 52,b6c5 h7h5,1131,80,89,411,endgame master mate mateIn1 oneMove,https://lichess.org/JyYH59kC/black#104,,True,https://lichess.org/training/ZUed6
vCIEd,6k1/5p1R/p2r4/1p3K2/1P6/Pn2r1P1/6P1/7R b - - 6 36,e3g3 h7h8 g8g7 h1h7,1131,84,67,65,endgame mate mateIn2 short,https://lichess.org/jb7cA2gQ/black#72,,True,https://lichess.org/training/vCIEd
LwNXv,1k5r/pp1n1pp1/4p1p1/1P5r/3P4/4PPq1/2QB1R1P/R5K1 w - - 0 23,h2g3 h5h1 g1g2 h8h2,1131,75,84,133,kingsideAttack mate mateIn2 middlegame short,https://lichess.org/NfNWLNq0#45,,True,https://lichess.org/training/LwNXv
pcb4V,6k1/4b2p/4Prp1/2p1Q3/6P1/1PP3KP/5r2/4R3 w - - 7 41,e1d1 f6f3,1132,78,100,252,endgame mate mateIn1 oneMove,https://lichess.org/9fnCJfqs#81,,True,https://lichess.org/training/pcb4V
u0gZe,1r3b1r/pp1R2N1/2p1kp2/4p3/4P1p1/P3P2P/1PP1K3/3R4 b - - 0 25,f8g7 d1d6,1132,77,85,2111,endgame master mate mateIn1 oneMove,https://lichess.org/wCuLgaut/black#50,,True,https://lichess.org/training/u0gZe
IUegQ,r6r/p1B2R2/1p2k1p1/3p4/3Pb3/6Pp/PP5P/5RK1 b - - 5 26,a8c8 f1f6,1132,80,94,1571,endgame mate mateIn1 oneMove,https://lichess.org/k2t17jah/black#52,,True,https://lichess.org/training/IUegQ
bzwXu,4r1k1/R5Rp/8/4r1p1/KP6/5P1n/8/8 b - - 9 53,g8f8 a7f7,1132,77,84,301,endgame mate mateIn1 oneMove,https://lichess.org/gGs2BOqX/black#106,,True,https://lichess.org/training/bzwXu
y6aHo,1r6/2R2R2/pr2p1p1/3pk2p/8/1P1K1P2/P4P1P/8 b - - 0 29,b8g8 f3f4 e5d6 f7d7,1132,77,95,10902,endgame mate mateIn2 rookEndgame short,https://lichess.org/I0ZEsyKi/black#58,,True,https://lichess.org/training/y6aHo
2YCaW,7R/5k2/2PP4/8/8/4Pp2/2r3rP/4RK2 w - - 3 40,d6d7 c2f2,1132,80,94,749,endgame mate mateIn1 oneMove rookEndgame,https://lichess.org/Y1AATB20#79,,True,https://lichess.org/training/2YCaW
SpNGT,4rk2/1R5R/8/4rK2/8/8/8/8 w - - 13 83,f5f6 e8e6,1132,77,88,129,endgame mate mateIn1 oneMove rookEndgame,https://lichess.org/mRtoza0m#165,,True,https://lichess.org/training/SpNGT
JjEOv,6k1/ppp3pp/4p2r/3p1n2/2PPpP2/4P1rq/PPR1R1PK/6Q1 w - - 0 31,g2h3 h6h3,1133,75,98,510,endgame mate mateIn1 oneMove,https://lichess.org/mVfqWIgV#61,,True,https://lichess.org/training/JjEOv
QEtfp,8/3R2R1/4kp2/8/2p3K1/2q5/P7/8 b - - 1 100,c3a5 g7e7,1133,219,68,23,endgame mate mateIn1 oneMove queenRookEndgame,https://lichess.org/elgu9fME/black#200,,True,https://lichess.org/training/QEtfp
7ylEG,r1b1R3/pp1n1k1p/6p1/3p2r1/8/2N5/PP3PPP/4R1K1 b - - 1 24,d7f6 e1e7,1133,76,70,94,mate mateIn1 middlegame oneMove,https://lichess.org/xI1mFIxz/black#48,,True,https://lichess.org/training/7ylEG
nvoW1,8/pp1k3p/4p2r/3p4/3P1Q2/1PP1pPrq/P5PK/5RR1 w - - 0 37,g2h3 h6h3,1134,81,79,73,endgame mate mateIn1 oneMove queenRookEndgame,https://lichess.org/rJG52Npx#73,,True,https://lichess.org/training/nvoW1
dk9dB,2kr4/pRp5/8/4p3/4B2p/2n2P1P/P2r2P1/2R4K b - - 0 28,c3e4 c1c7,1134,82,44,62,endgame mate mateIn1 oneMove,https://lichess.org/Uvu9sqvk/black#56,,True,https://lichess.org/training/dk9dB
JmUGT,r3r1kQ/1b4b1/p1n1P1p1/q2p1pP1/1p1P1P2/4B1N1/PpP4R/1K5R b - - 2 29,g7h8 h2h8 g8g7 h1h7,1134,75,96,403,kingsideAttack mate mateIn2 middlegame short,https://lichess.org/fjhyG8dU/black#58,,True,https://lichess.org/training/JmUGT
5h7Q6,r1b4r/p1R2ppp/Bp1k1n2/3p4/3P4/4P3/PP1N1PPP/2R3K1 b - - 5 19,c8a6 c1c6,1134,79,92,4798,master mate mateIn1 middlegame oneMove,https://lichess.org/dg7BWsfY/black#38,Slav_Defense Slav_Defense_Modern_Line,True,https://lichess.org/training/5h7Q6
Sm77p,8/2q1nk1R/1pp5/3p2pR/1P6/P1P3pB/4rPK1/8 b - - 5 39,f7g6 h5h6,1134,136,33,28,endgame mate mateIn1 oneMove,https://lichess.org/8uKsGl0o/black#78,,True,https://lichess.org/training/Sm77p
JokYf,r3r1k1/5p1R/p5p1/1p1p2P1/2p1P3/1B2nP2/PPP5/2K4R b - - 0 26,c4b3 h7h8 g8g7 h1h7,1134,78,91,1536,endgame mate mateIn2 short,https://lichess.org/Vsq8A2mx/black#52,,True,https://lichess.org/training/JokYf
DS2zf,2k4r/pppb4/3p4/1P6/2PNp1p1/P3P1qr/1Q3R1P/R5K1 w - - 0 27,h2g3 h3h1 g1g2 h8h2,1134,75,97,1023,kingsideAttack mate mateIn2 middlegame short,https://lichess.org/3wTxBHxV#53,,True,https://lichess.org/training/DS2zf
gXQzu,8/8/4R1kp/1p4p1/5p2/q6P/6PK/4R3 b - - 1 45,g6f5 e1e5,1134,76,89,88,endgame mate mateIn1 oneMove queenRookEndgame,https://lichess.org/doKEcQnB/black#90,,True,https://lichess.org/training/gXQzu
cu1Gy,6k1/1p3pp1/p1B4p/2P5/PP1R4/5P2/1r3r1P/3R1K2 w - - 2 27,f1e1 b2e2,1135,79,50,96,endgame mate mateIn1 oneMove,https://lichess.org/rYJQb7Cp#53,,True,https://lichess.org/training/cu1Gy
Y5Wju,4r1k1/R5R1/8/7P/3p3r/8/8/3K4 b - - 2 37,g8f8 a7f7,1135,75,100,365,endgame mate mateIn1 oneMove rookEndgame,https://lichess.org/fvEflMKy/black#74,,True,https://lichess.org/training/Y5Wju
tvATg,3q1r1k/7p/3bN1p1/pPpPR3/P7/1P1Q2PP/6K1/5r2 w - - 0 35,e6d8 f8f2,1135,75,100,158,endgame mate mateIn1 oneMove,https://lichess.org/zwZKjK1u#69,,True,https://lichess.org/training/tvATg
sIZ0J,6k1/6p1/3B4/2P1P2p/1P5P/P7/1r4r1/1K1R4 w - - 9 44,b1c1 g2c2,1135,144,100,19,endgame mate mateIn1 oneMove,https://lichess.org/JY2IlnwK#87,,True,https://lichess.org/training/sIZ0J
yq6xe,2kr4/2p5/7p/6p1/p1p1R3/P1P2P2/1P1rK1PP/2R5 w - - 1 30,e2e3 d8d3,1136,77,92,642,endgame mate mateIn1 oneMove rookEndgame,https://lichess.org/Rp9YZKDG#59,,True,https://lichess.org/training/yq6xe
gzRtI,r4k2/4R1Rp/2r1p3/5p2/1p6/p7/6PK/8 b - - 3 44,a8e8 e7f7,1136,76,83,144,endgame mate mateIn1 oneMove rookEndgame,https://lichess.org/0Ld5SbC7/black#88,,True,https://lichess.org/training/gzRtI
R8TM4,2rr4/2b1R3/2P2Bkp/p2p1n2/Bp5P/1P1P1KP1/5P2/4R3 b - - 0 43,g6f6 e1e6,1136,76,100,353,mate mateIn1 middlegame oneMove,https://lichess.org/aID9fYNk/black#86,,True,https://lichess.org/training/R8TM4
01M6C,4r1k1/1R4R1/2p5/p6K/P1P1r3/5p2/8/8 b - - 1 40,g8f8 b7f7,1136,79,89,1517,endgame mate mateIn1 oneMove rookEndgame,https://lichess.org/IYzZiARd/black#80,,True,https://lichess.org/training/01M6C
1rSJe,4r3/8/2pk4/R7/6pB/3Kr1P1/PP4P1/3R4 w - - 4 40,d3d4 e8e4,1136,76,93,2923,endgame mate mateIn1 oneMove,https://lichess.org/mGqCCPWE#79,,True,https://lichess.org/training/1rSJe
MQYVe,2r5/2rR1k1p/p5p1/1p2pp2/4p3/PP6/2PR1PPP/5K2 b - - 3 30,f7e6 d2d6,1136,78,93,1185,endgame mate mateIn1 oneMove rookEndgame,https://lichess.org/gIRTZZrI/black#60,,True,https://lichess.org/training/MQYVe
Luwrb,5n2/p1RnQ3/1p1P2kp/6p1/5rP1/6KP/PP3r2/8 w - - 4 44,c7d7 f4f3,1136,77,96,1165,endgame master mate mateIn1 oneMove,https://lichess.org/9fkZG8do#87,,True,https://lichess.org/training/Luwrb
IRVcG,6k1/5p1p/p6r/1p2P1p1/2pB4/2P3rq/PP2N1PK/R4R2 w - - 0 29,g2h3 h6h3,1136,77,77,184,endgame mate mateIn1 oneMove,https://lichess.org/hdb594wU#57,,True,https://lichess.org/training/IRVcG
Ixy0K,rn2R3/p4k2/1p1p1r1q/6p1/2P3Q1/2PB1bPP/P4P2/4R1K1 b - - 5 28,f3g4 e1e7,1136,82,89,1170,mate mateIn1 middlegame oneMove,https://lichess.org/peLJbZRi/black#56,,True,https://lichess.org/training/Ixy0K
7eoTs,4r1k1/R5R1/p3rp1p/1p6/8/4P2P/6P1/6K1 b - - 4 32,g8f8 a7f7,1136,82,92,3324,endgame mate mateIn1 oneMove rookEndgame,https://lichess.org/permzJtE/black#64,,True,https://lichess.org/training/7eoTs
lKsau,6k1/5p1p/3N2p1/1p1pPP2/3B2P1/1p1P3P/r4qr1/3RRK2 w - - 7 46,d4f2 a2f2,1137,76,100,823,endgame mate mateIn1 oneMove,https://lichess.org/oVSV57h6#91,,True,https://lichess.org/training/lKsau
Q2twS,6r1/3R4/2p5/8/2kP3P/8/6rK/5R2 w - - 0 38,h2h3 g8g3,1137,75,98,199,endgame mate mateIn1 oneMove rookEndgame,https://lichess.org/k9Pf6NTx#75,,True,https://lichess.org/training/Q2twS
omkDs,8/4R3/3p2pk/3N2p1/3P1p2/5P2/1r4rP/4R1K1 w - - 0 35,g1f1 b2f2,1137,122,47,37,endgame mate mateIn1 oneMove,https://lichess.org/fiheSdrB#69,,True,https://lichess.org/training/omkDs
XAXPG,r7/1pp5/1b2b3/4Q2q/1P2P2k/p5R1/P4PK1/5R2 b - - 8 34,h5e5 f1h1 e6h3 h1h3,1137,77,97,1646,endgame mate mateIn2 short,https://lichess.org/OnY9KoAY/black#68,,True,https://lichess.org/training/XAXPG
GHTtg,r1k2r2/pp1R1B1p/1b3Nnq/2p5/8/2p4P/PP3PP1/4R1K1 b - - 0 27,f8f7 e1e8 b6d8 e8d8,1137,77,92,1919,mate mateIn2 middlegame queensideAttack short,https://lichess.org/EmW5q1Sv/black#54,,True,https://lichess.org/training/GHTtg
UL2o1,8/1p2K3/4R3/3r4/2p5/3r4/3k4/4R3 b - - 9 55,c4c3 e6e2,1137,79,91,1429,endgame master mate mateIn1 oneMove rookEndgame,https://lichess.org/bymxB0RK/black#110,,True,https://lichess.org/training/UL2o1
R7NPD,5k2/4R1p1/7p/p3RK2/Pp1r4/1r3P2/6PP/8 b - - 3 38,b3d3 e7e8 f8f7 e5e7,1137,91,33,77,endgame mate mateIn2 rookEndgame short,https://lichess.org/uBq3qdYz/black#76,,True,https://lichess.org/training/R7NPD
fnoef,8/8/1kR1p1p1/5pP1/1p1r3r/1K6/8/2R5 b - - 1 43,b6b5 c1c5,1137,76,100,153,endgame mate mateIn1 oneMove rookEndgame,https://lichess.org/bQxoI2H8/black#86,,True,https://lichess.org/training/fnoef
5yDdB,8/8/3p4/1r2b1R1/5k2/1pp5/5KR1/8 b - - 1 46,b3b2 g2g4,1137,77,96,1798,endgame mate mateIn1 oneMove,https://lichess.org/ds4bjzu4/black#92,,True,https://lichess.org/training/5yDdB
rN3SK,Rnkr3r/2pb4/1p2np2/1P1Np2p/4P2p/2PB1PP1/3NK3/R7 b - - 1 29,h4g3 d5e7 c8b7 a1a7,1138,111,88,29,master mate mateIn2 middlegame queensideAttack short,https://lichess.org/CWFaYOhy/black#58,,True,https://lichess.org/training/rN3SK
lPCmP,2r3k1/1p1b1r1p/p3p1BR/3pP1P1/1n1P1P2/1P2K3/1P1N4/7R b - - 0 23,h7g6 h6h8 g8g7 h1h7,1138,76,100,517,kingsideAttack mate mateIn2 middlegame short,https://lichess.org/2yxPtoh1/black#46,,True,https://lichess.org/training/lPCmP
FNdtK,1r5r/1R6/2kb1n1p/p1p1p1p1/q1QpP3/P5PP/2PBN1B1/1R4K1 b - - 0 28,a4c4 b1b6,1138,76,91,1041,mate mateIn1 middlegame oneMove,https://lichess.org/LwClu0lu/black#56,,True,https://lichess.org/training/FNdtK
2qkoq,3r4/kR3R2/3r3p/2p1p3/2P1B3/8/5PK1/q1q5 b - - 0 51,a7a6 b7a7 a6b6 f7b7,1138,76,82,678,mate mateIn2 middlegame short,https://lichess.org/CUKpfKmr/black#102,,True,https://lichess.org/training/2qkoq
JqktI,r7/8/3pk1p1/1P2p1Pp/2P1P3/rK3P2/3R4/1R6 w - - 3 42,b3b4 a8a4,1138,78,94,2383,endgame mate mateIn1 oneMove rookEndgame,https://lichess.org/qNNgitw0#83,,True,https://lichess.org/training/JqktI
7PKp5,r5k1/pbp2rnR/1p1pQ1p1/4P1q1/2PP4/8/PP1N1PP1/2K4R b - - 2 19,g7e6 h7h8 g8g7 h1h7,1138,77,100,74,kingsideAttack mate mateIn2 middlegame short,https://lichess.org/1xy8btS9/black#38,,True,https://lichess.org/training/7PKp5
eMntB,1r6/5kR1/p2ppP2/2n1p3/1r2P3/3P3P/8/6RK b - - 6 35,f7f6 g1g6,1138,75,94,187,endgame mate mateIn1 oneMove,https://lichess.org/S2Z75LjZ/black#70,,True,https://lichess.org/training/eMntB
7yiYR,3r4/p3R1pp/1kp2p2/8/5PP1/1K1rR2P/PP6/8 w - - 9 34,b3c4 d8d4,1138,78,92,286,endgame master mate mateIn1 oneMove rookEndgame,https://lichess.org/2FmsxXHx#67,,True,https://lichess.org/training/7yiYR
kkqBh,2r4k/5p1p/p4p1R/4pP2/1p2P3/7R/1K4PP/r7 b - - 7 43,c8c1 h6h7 h8g8 h7h8 g8g7 h3h7,1138,120,88,16,endgame long mate mateIn3 rookEndgame,https://lichess.org/oUCjYZ6T/black#86,,True,https://lichess.org/training/kkqBh
j9myu,2k4r/1p3ppr/p1n1pnp1/3p4/3P4/P1NBPPq1/1P3R1P/2RQ2K1 w - - 0 18,h2g3 h7h1 g1g2 h8h2,1138,78,92,738,kingsideAttack mate mateIn2 middlegame short,https://lichess.org/7WE8J0NK#35,Slav_Defense Slav_Defense_Exchange_Variation,True,https://lichess.org/training/j9myu
fmDMn,2k4r/p1p3p1/3b4/8/3P2P1/P3RP1r/1P3B2/R5K1 w - - 3 29,a1e1 h3h1 g1g2 h8h2,1138,77,91,882,endgame mate mateIn2 short,https://lichess.org/sZgZ6rbA#57,,True,https://lichess.org/training/fmDMn
urWAC,r3r3/1p1n2kR/2p2pN1/p4pp1/3P4/8/PPP5/1K5R b - - 4 28,g7g6 h1h6,1138,75,97,3741,endgame mate mateIn1 oneMove,https://lichess.org/s1FaCjCP/black#56,,True,https://lichess.org/training/urWAC
dus2P,r4rk1/5p1R/p5p1/4P3/2p2p2/2P4R/1P4PK/8 b - - 0 39,f8e8 h7h8 g8g7 h3h7,1139,117,100,25,endgame mate mateIn2 rookEndgame short,https://lichess.org/AY6ctm4m/black#78,,True,https://lichess.org/training/dus2P
WEzxe,8/6pk/5p1p/7P/pN1P1RP1/1bPK4/1r2r3/R7 w - - 1 34,d4d5 b2d2,1139,77,92,438,endgame mate mateIn1 oneMove,https://lichess.org/DKAeNS4U#67,,True,https://lichess.org/training/WEzxe
q5Zhv,6rk/1p3R1p/8/p3p3/P6P/1P5K/1P3nr1/5R2 w - - 0 30,f1f2 g8g3,1139,81,93,5537,endgame mate mateIn1 oneMove rookEndgame,https://lichess.org/6atw0px9#59,,True,https://lichess.org/training/q5Zhv
y8V74,1r6/pp1R4/4kp2/3Rp3/4P3/4KP2/PPP4r/8 b - - 7 35,h2c2 d5d6,1139,75,97,2452,endgame mate mateIn1 oneMove rookEndgame,https://lichess.org/IfJ4BLBY/black#70,,True,https://lichess.org/training/y8V74
jlTyF,4R2R/1p3k2/2p2Pp1/3rp1P1/3r3P/2Kn1P2/8/8 b - - 3 40,d3f4 h8f8,1139,82,55,54,endgame mate mateIn1 oneMove,https://lichess.org/yUuh9RBo/black#80,,True,https://lichess.org/training/jlTyF
zz74B,5R1r/p2n2k1/2p4q/3p2p1/8/3BP1Pb/PPP3QB/5RK1 b - - 0 33,h3g2 f1f7,1139,75,93,1128,mate mateIn1 middlegame oneMove,https://lichess.org/jZbSVfUe/black#66,,True,https://lichess.org/training/zz74B
Q8uqG,4r3/5pk1/p5p1/Pp1b2P1/1PpR1KP1/2P1r3/8/3R4 w - - 0 39,d4d5 e8e4,1139,76,95,3069,endgame mate mateIn1 oneMove rookEndgame,https://lichess.org/49GwVXQX#77,,True,https://lichess.org/training/Q8uqG
4wpnt,3B4/5pkp/4p1p1/2R1P3/8/8/r5rP/4R1K1 w - - 0 34,g1f1 a2f2,1140,87,60,61,endgame mate mateIn1 oneMove,https://lichess.org/QhYAP69u#67,,True,https://lichess.org/training/4wpnt
XM8d3,8/8/p7/bp4R1/2p1pr2/P4k2/2K2pR1/8 b - - 5 47,f2f1q g5g3,1140,77,68,117,endgame mate mateIn1 oneMove,https://lichess.org/hjBIaEo1/black#94,,True,https://lichess.org/training/XM8d3
1lhYo,1r3k2/2R3R1/p2np3/3bK3/8/P5P1/8/8 b - - 10 41,d6e8 c7f7,1140,80,82,167,endgame mate mateIn1 oneMove,https://lichess.org/DEYDzhHp/black#82,,True,https://lichess.org/training/1lhYo
L20Fr,4brk1/1p3qbR/p2pQ1R1/8/4P3/2NP4/PP1r3P/7K b - - 0 31,f7e6 g6g7,1140,79,92,531,master mate mateIn1 middlegame oneMove,https://lichess.org/X29td40p/black#62,,True,https://lichess.org/training/L20Fr
xVIKd,3r1B1R/1p4k1/p1p2p2/PbPp1Pp1/3r2P1/8/1P3K2/3B3R b - - 0 37,d8f8 h1h7,1140,79,94,2183,endgame master mate mateIn1 oneMove,https://lichess.org/70wV4uS3/black#74,,True,https://lichess.org/training/xVIKd
toaa0,8/1R4p1/p1k2n2/r1Pp1P2/4p1p1/8/3K1P2/1R6 b - - 0 40,a5c5 b1b6,1140,78,92,453,endgame mate mateIn1 oneMove,https://lichess.org/lpAPxI1p/black#80,,True,https://lichess.org/training/toaa0
GFxDn,8/5p2/4nPkr/6p1/1pP1N3/1P1P3Q/6rP/5R1K w - - 1 57,h3e6 h6h2,1140,75,100,744,endgame master mate mateIn1 oneMove,https://lichess.org/mO5QgP6q#113,,True,https://lichess.org/training/GFxDn
Di80K,2k4r/2p2p2/2Bb1p2/3N4/6b1/PQ2P1P1/2P3Kr/R1B5 w - - 3 24,g2g1 h2h1 g1g2 h8h2,1140,90,93,46,mate mateIn2 middlegame short,https://lichess.org/zFO9DpTe#47,,True,https://lichess.org/training/Di80K
czt8z,6k1/1R6/p5pR/1p1p2r1/3PpK2/PP2Pp2/6rP/5Q2 w - - 1 38,h6h7 g2g4,1140,84,91,280,endgame mate mateIn1 oneMove queenRookEndgame,https://lichess.org/iABNXPON#75,,True,https://lichess.org/training/czt8z
zm4qk,1kr5/pR4p1/Pp6/1P1q1p2/2N2b2/1n4p1/2R3P1/6K1 b - - 1 32,b8a8 c4b6 a7b6 c2c8 f4b8 c8b8,1140,77,81,318,discoveredAttack long mate mateIn3 middlegame,https://lichess.org/m18tUDAP/black#64,,True,https://lichess.org/training/zm4qk
T2zAK,3rk3/p1R2R1p/2p2pQ1/8/p1P4P/8/P4PPK/1q6 b - - 0 30,h7g6 c7e7,1141,127,85,19,endgame master mate mateIn1 oneMove queenRookEndgame,https://lichess.org/HwOf2sCm/black#60,,True,https://lichess.org/training/T2zAK
k9XBd,8/pbR3Rp/2k1p3/4q3/8/3p3P/PP2N3/4K3 b - - 1 39,c6d6 g7d7,1141,76,98,3373,endgame mate mateIn1 oneMove,https://lichess.org/8FhMRI7h/black#78,,True,https://lichess.org/training/k9XBd
467oU,8/p3R1bp/5kp1/2r2r2/1p1p1p1B/8/PPP3PP/4R1K1 b - - 5 27,g6g5 e1e6,1141,76,95,1624,endgame mate mateIn1 oneMove,https://lichess.org/toxCBCuX/black#54,,True,https://lichess.org/training/467oU
eeAhw,2r5/3R3p/p3kpp1/1p2p3/1Pr1P3/5P2/PP4PP/3R2K1 b - - 0 31,c4b4 d1d6,1141,75,100,519,endgame mate mateIn1 oneMove rookEndgame,https://lichess.org/xTn381LL/black#62,,True,https://lichess.org/training/eeAhw
yPej3,4r3/2p3k1/1pPp1p1p/p2P2p1/P5PP/1P3KB1/4r3/R6R w - - 7 31,h1e1 e8e3,1141,78,92,4315,endgame mate mateIn1 oneMove,https://lichess.org/o62u5hsN#61,,True,https://lichess.org/training/yPej3
lEaMt,4r1k1/pp4p1/2p5/3p1PPp/5R1P/5K2/PPP1r3/3R4 w - - 0 32,f5f6 e8e3,1141,92,41,61,endgame mate mateIn1 oneMove rookEndgame,https://lichess.org/T5AigN9w#63,,True,https://lichess.org/training/lEaMt
X8SrV,5k2/2pR4/2B2p2/2pP1rp1/4p1p1/P3K1P1/7r/2BR4 w - - 4 33,d7c7 f5f3 e3e4 h2e2 c1e3 e2e3,1141,76,96,3390,endgame exposedKing long mate mateIn3,https://lichess.org/SoLlHqaj#65,,True,https://lichess.org/training/X8SrV
4pzD9,4k2r/p4pp1/P7/3pn2r/8/4B1P1/P4P2/R3R1K1 w k - 2 25,e3a7 h5h1 g1g2 h8h2,1141,78,77,441,endgame mate mateIn2 short,https://lichess.org/4isw9XhH#49,,True,https://lichess.org/training/4pzD9
f9BrO,2kr4/pR3R1p/4K3/3p1P2/4b1B1/7P/2P2r2/8 b - - 10 39,d5d4 f7c7,1141,75,81,130,endgame mate mateIn1 oneMove,https://lichess.org/JkULjRsd/black#78,,True,https://lichess.org/training/f9BrO
172Mp,1r3k2/ppR3Rp/2p1r3/8/8/7P/PP4P1/1b4K1 b - - 0 25,b8e8 c7f7,1141,76,98,1001,endgame mate mateIn1 oneMove,https://lichess.org/aewIsbeL/black#50,,True,https://lichess.org/training/172Mp
9LrtZ,1k1r4/1R4R1/1p2p1p1/4n3/1P2p3/3nK1P1/8/8 b - - 4 42,b8c8 g7c7,1141,75,83,419,endgame mate mateIn1 oneMove,https://lichess.org/sumXIRIn/black#84,,True,https://lichess.org/training/9LrtZ
YLnaX,4r3/pp1R4/5k2/7p/P4P2/1P3pP1/4rK1P/3R4 w - - 6 36,f2f3 e8e3,1141,77,85,781,endgame master mate mateIn1 oneMove rookEndgame,https://lichess.org/QqhtMgyi#71,,True,https://lichess.org/training/YLnaX
waJu2,6k1/2QR1ppp/2p5/2N1P3/5P2/P5P1/1r4rP/4R1K1 w - - 1 31,g1f1 b2f2,1142,97,76,43,endgame mate mateIn1 oneMove,https://lichess.org/gPl5Re7R#61,,True,https://lichess.org/training/waJu2
i5fa9,8/4k3/1p6/4B3/1P5P/P3P3/3r2r1/1R2KR2 w - - 1 41,e5c3 g2e2,1142,170,41,7,endgame mate mateIn1 oneMove,https://lichess.org/O26sf3TO#81,,True,https://lichess.org/training/i5fa9
xISA7,2rqr1k1/1p1bbp2/p3p1p1/3pP1B1/3P1P2/2PB1KP1/3N3R/7R b - - 7 28,e7g5 h2h8 g8g7 h1h7,1142,75,100,113,kingsideAttack mate mateIn2 middlegame short,https://lichess.org/hCTCaPpq/black#56,,True,https://lichess.org/training/xISA7
GbEH1,4r1k1/2R3R1/6p1/8/1B1n4/P5P1/4rPK1/b7 b - - 4 42,g8h8 g7h7 h8g8 c7g7,1142,102,77,43,mate mateIn2 middlegame short,https://lichess.org/JzyhZZmv/black#84,,True,https://lichess.org/training/GbEH1
mOhpc,4r1k1/R5R1/5p1p/1p6/8/4PKP1/1r6/8 b - - 0 45,g8f8 a7f7,1142,78,89,376,endgame mate mateIn1 oneMove rookEndgame,https://lichess.org/SrGsFHoq/black#90,,True,https://lichess.org/training/mOhpc
eF3cW,8/5R2/p2k4/Pp1p4/1P1P4/1K1P4/1r3r2/3R4 w - - 1 43,b3c3 f2c2,1142,77,93,713,endgame mate mateIn1 oneMove rookEndgame,https://lichess.org/XzulFIBe#85,,True,https://lichess.org/training/eF3cW
Fa5vs,3bR2R/p2r1k1p/1p1P2p1/8/7r/5p2/PB5P/7K b - - 5 41,d7d6 h8f8,1142,76,91,451,endgame master masterVsMaster mate mateIn1 oneMove,https://lichess.org/FUuD8j7Y/black#82,,True,https://lichess.org/training/Fa5vs
0na3A,4R3/6pk/7p/8/2P5/P7/1P1r2rP/4R1K1 w - - 1 38,g1f1 d2f2,1142,98,41,31,endgame master mate mateIn1 oneMove rookEndgame,https://lichess.org/Iq5tH5nk#75,,True,https://lichess.org/training/0na3A
kSj2V,1k5r/3Rb3/p3B3/1p6/1P3R2/P4pP1/5P1r/6K1 w - - 0 34,f4f3 h2h1 g1g2 h8h2,1142,125,65,33,endgame mate mateIn2 short,https://lichess.org/EVHprujF#67,,True,https://lichess.org/training/kSj2V
sHLEY,5rk1/5p2/p2q2pR/1prP2P1/5P2/1B3K2/PP4P1/7R b - - 7 47,f8c8 h6h8 g8g7 h1h7,1143,75,93,657,endgame mate mateIn2 short,https://lichess.org/zA6dZSjs/black#94,,True,https://lichess.org/training/sHLEY
GenrA,1k1r4/1R3R2/p7/2p4p/2P4P/P7/KP3p2/3r4 b - - 3 52,b8c8 f7c7,1143,105,69,36,endgame mate mateIn1 oneMove rookEndgame,https://lichess.org/QcXBfSQ8/black#104,,True,https://lichess.org/training/GenrA
VjU46,r1b3k1/pp2bqrR/2p1p3/3pP3/5pQ1/2PBP3/PP1N1KP1/7R b - - 0 23,g7g4 h7h8 g8g7 h1h7,1143,78,100,142,kingsideAttack mate mateIn2 middlegame short,https://lichess.org/SLLxxNhy/black#46,,True,https://lichess.org/training/VjU46
EPfNj,3r3k/pp1q1prQ/5p2/2p2P2/3p3R/3P2PR/PPP4P/6K1 b - - 0 23,g7h7 h4h7 h8g8 h7h8 g8g7 h3h7,1143,80,81,82,endgame exposedKing kingsideAttack long mate mateIn3 queenRookEndgame,https://lichess.org/2re8i5ns/black#46,,True,https://lichess.org/training/EPfNj
7PzgB,4r1k1/3R2Rp/8/1p5r/2n1p3/7P/2P5/7K b - - 0 38,g8f8 d7f7,1143,76,99,1678,endgame mate mateIn1 oneMove,https://lichess.org/tZHMJgyi/black#76,,True,https://lichess.org/training/7PzgB
zlc6n,1R2R3/r2k1pp1/2p4p/3n4/1p1P1PPP/p4K2/8/8 b - - 3 42,d5c7 b8d8,1143,77,93,498,endgame master mate mateIn1 oneMove,https://lichess.org/rFFyB0Tl/black#84,,True,https://lichess.org/training/zlc6n
zW9oe,4r3/p1p4k/1p2P1Rp/5P1R/8/2P5/P5KP/5r2 b - - 5 37,f1f5 h5h6,1143,76,97,510,endgame master mate mateIn1 oneMove rookEndgame,https://lichess.org/pTNapDkB/black#74,,True,https://lichess.org/training/zW9oe
5K8BB,r7/4Rk1p/8/p1p2p2/3b3P/3K4/4R3/8 b - - 1 39,f7f6 e2e6,1143,77,79,125,endgame mate mateIn1 oneMove,https://lichess.org/EBk2kkEo/black#78,,True,https://lichess.org/training/5K8BB
vTPol,8/3R2p1/3P3k/3N1p2/p4P2/6P1/Pr2r3/2RK4 w - - 1 44,d7e7 b2d2,1144,76,85,770,endgame mate mateIn1 oneMove,https://lichess.org/mNEvNJ0g#87,,True,https://lichess.org/training/vTPol
Fkxjo,r4r2/ppp4k/8/1B3pRp/7R/8/n5PP/6K1 b - - 2 31,h7h6 h4h5,1144,95,75,81,endgame mate mateIn1 oneMove,https://lichess.org/e9tjCSLA/black#62,,True,https://lichess.org/training/Fkxjo
tCdrU,r2kr3/p1R4R/1p5p/6p1/5n2/5P2/PP6/3K4 b - - 8 33,f4e6 h7d7,1144,76,98,1844,endgame mate mateIn1 oneMove,https://lichess.org/7wFukfEf/black#66,,True,https://lichess.org/training/tCdrU
s2Kcd,r7/p2RR3/1ppp1r1k/5p2/2b4P/2P5/PPP2PP1/6K1 b - - 4 25,a7a6 e7h7 h6g6 d7g7,1144,76,87,864,endgame mate mateIn2 short,https://lichess.org/pp3Gro1B/black#50,,True,https://lichess.org/training/s2Kcd
pv7RO,4R1R1/1pr2kp1/p4p1p/4pPrP/8/2P5/1PK5/8 b - - 3 41,g5f5 g8f8,1144,75,95,2232,endgame mate mateIn1 oneMove rookEndgame,https://lichess.org/gVowsL6m/black#82,,True,https://lichess.org/training/pv7RO
5LTFR,r1b3k1/6pp/5p2/2P5/1p1NP3/5N1P/1K4P1/r4B1R w - - 4 32,d4b3 a8a2,1144,78,100,320,mate mateIn1 middlegame oneMove,https://lichess.org/HnD08pZ8#63,,True,https://lichess.org/training/5LTFR
2AK8g,4rk2/1R4R1/2p2p1p/3pp3/4P2P/3PP2K/r7/8 b - - 3 48,d5e4 b7f7,1144,76,98,2926,endgame master mate mateIn1 oneMove rookEndgame,https://lichess.org/jbnqmW1D/black#96,,True,https://lichess.org/training/2AK8g
eP8Vm,8/pR6/2p5/2k5/4B2P/1P3P2/P1Pr2r1/4R1K1 w - - 0 35,g1f1 d2f2,1144,88,85,48,endgame mate mateIn1 oneMove,https://lichess.org/WVCp3AVj#69,,True,https://lichess.org/training/eP8Vm
JT6qV,8/8/R3R3/p1pk1p2/Ppr5/8/6r1/3K4 b - - 0 53,b4b3 a6d6,1144,76,92,2365,endgame mate mateIn1 oneMove rookEndgame,https://lichess.org/1vyfnERq/black#106,,True,https://lichess.org/training/JT6qV
wVJun,4r3/2p2Rk1/1p5p/p1r3p1/2PK2P1/1P6/P7/5R2 b - - 1 38,g7g6 f1f6,1144,75,97,904,endgame mate mateIn1 oneMove rookEndgame,https://lichess.org/gykZ7xot/black#76,,True,https://lichess.org/training/wVJun
TboBF,4r3/1p4k1/p1pR1p2/6p1/2P1r1Kp/PP4PP/5P2/3R4 w - - 1 38,g4f5 e8e5,1144,76,83,274,endgame mate mateIn1 oneMove rookEndgame,https://lichess.org/NHmK0vie#75,,True,https://lichess.org/training/TboBF
FTwWH,2kr4/p4pp1/1pP5/4P2P/6p1/1R2R3/PB2K3/3r4 w - - 0 34,e5e6 d8d2,1144,88,71,114,endgame master mate mateIn1 oneMove,https://lichess.org/jH9uH8Du#67,,True,https://lichess.org/training/FTwWH
jDrGZ,5R2/pp2k2r/2p5/3p1b1r/5Rp1/2PB2P1/P1P2P2/6K1 w - - 19 32,f4f5 h5h1 g1g2 h7h2,1145,78,67,158,endgame mate mateIn2 short,https://lichess.org/KfyRo8jA#63,,True,https://lichess.org/training/jDrGZ
S5JwC,r4r2/ppp2BR1/3p3k/4p2p/4P3/3P4/PPPKN2q/6R1 b - - 0 19,f8f7 g1g6,1145,76,92,1468,endgame mate mateIn1 oneMove,https://lichess.org/a6knIZ4m/black#38,,True,https://lichess.org/training/S5JwC
JyCXC,2r3k1/1p3pp1/4p3/3pP3/1Prb2PR/1K6/2P4R/4B3 b - - 4 35,g7g6 h4h8 g8g7 h2h7,1145,80,95,21187,endgame mate mateIn2 short,https://lichess.org/SyItZQZ5/black#70,,True,https://lichess.org/training/JyCXC
CV2dq,4r1k1/R5Rp/6p1/3p4/4p1P1/P2r4/5PK1/8 b - - 7 32,g8f8 a7f7,1145,81,75,119,endgame mate mateIn1 oneMove rookEndgame,https://lichess.org/VkidC1mY/black#64,,True,https://lichess.org/training/CV2dq
7VPM5,5r2/4k3/p3P1p1/1p2R1P1/8/2P2rK1/PP2R3/8 w - - 5 40,g3g4 f8f4,1145,75,96,2863,endgame mate mateIn1 oneMove rookEndgame,https://lichess.org/hyPttOFv#79,,True,https://lichess.org/training/7VPM5
cjv4z,2r5/p4p2/1p2pbp1/3p3k/4nPRp/2P2KP1/PP6/3R4 b - - 0 35,h4g3 d1h1 f6h4 h1h4,1146,88,88,28,endgame mate mateIn2 short,https://lichess.org/aO7JIuq6/black#70,,True,https://lichess.org/training/cjv4z
l1DYQ,8/8/7k/8/2P5/2P5/Pr5r/1K1R2R1 w - - 1 42,b1c1 h2c2,1146,95,47,31,endgame mate mateIn1 oneMove rookEndgame,https://lichess.org/q9s5enb8#83,,True,https://lichess.org/training/l1DYQ
8luua,8/1p1r4/p7/P1p5/3pr3/KP1k4/1R1R4/8 b - - 3 67,d3c3 b2c2,1146,74,100,365,endgame master mate mateIn1 oneMove rookEndgame,https://lichess.org/scu70tgh/black#134,,True,https://lichess.org/training/8luua
XNFnE,7r/pp1n1kp1/2p2n1r/3p1Bp1/3P4/P1N1PPq1/1PQ2R1P/R5K1 w - - 0 20,h2g3 h6h1 g1g2 h8h2,1146,75,100,479,kingsideAttack mate mateIn2 middlegame short,https://lichess.org/zqvtyt7K#39,,True,https://lichess.org/training/XNFnE
iNoyE,8/2R5/3p4/4pP1p/P2kP2P/1B6/1KP5/r5r1 w - - 2 48,b3d5 g1b1,1146,75,98,266,endgame mate mateIn1 oneMove,https://lichess.org/Hrjs9MFd#95,,True,https://lichess.org/training/iNoyE
WNBGT,7r/p2k1p2/1p6/8/3P2p1/4B1br/PPRR3P/6K1 w - - 2 26,h2g3 h3h1 g1g2 h8h2,1146,75,100,978,endgame mate mateIn2 short,https://lichess.org/zWdTb98s#51,,True,https://lichess.org/training/WNBGT
MIxTJ,5r2/p5k1/2p5/3pp1K1/1P2Pr2/P3RP2/2P3P1/R7 w - - 0 38,e4d5 f8f5,1146,92,82,95,endgame mate mateIn1 oneMove rookEndgame,https://lichess.org/tvA0nbif#75,,True,https://lichess.org/training/MIxTJ
q4XFZ,6r1/2Rk2rp/4p3/Pp1p1p1p/5P1P/1P4P1/8/2R3K1 b - - 5 29,d7d6 c1c6,1146,79,93,1334,endgame mate mateIn1 oneMove rookEndgame,https://lichess.org/MWuSJsgS/black#58,,True,https://lichess.org/training/q4XFZ
4xIRO,7r/1pNn2pr/1B1P2k1/4p3/P3qPb1/6P1/1P3Q2/2R1R1K1 w - - 0 31,e1e4 h7h1 g1g2 h8h2,1146,78,90,2604,mate mateIn2 middlegame short,https://lichess.org/lUK5Z4FC#61,,True,https://lichess.org/training/4xIRO
nc8n2,8/7p/5Rp1/3bk2P/4p1P1/2K5/r7/5R2 b - - 5 44,g6h5 f1f5,1146,75,91,1363,endgame mate mateIn1 oneMove,https://lichess.org/HMsHVoiv/black#88,,True,https://lichess.org/training/nc8n2
jcOov,8/p4ppp/p2k4/3P4/1P6/P6P/2r2rP1/2RR1K2 w - - 0 25,f1e1 c2e2,1146,193,33,55,endgame mate mateIn1 oneMove rookEndgame,https://lichess.org/kEJigcPY#49,,True,https://lichess.org/training/jcOov
GJ1Ma,3R4/pr2kp1r/4p3/4P1pP/nB4P1/8/2P5/2KR4 b - - 3 35,b7b4 d1d7,1146,75,86,171,endgame mate mateIn1 oneMove,https://lichess.org/Z0qodNjE/black#70,,True,https://lichess.org/training/GJ1Ma
3c0Cy,5r2/4r3/pp3b2/2p1p2k/2Pp2R1/3P1NK1/PP3P2/5R2 b - - 1 43,e7g7 f1h1 f6h4 h1h4,1147,87,100,34,endgame mate mateIn2 short,https://lichess.org/TSwvR4Hx/black#86,,True,https://lichess.org/training/3c0Cy
X62KF,8/pp2kRr1/2p5/2P1p3/P3P3/4K2p/2P4P/5Rr1 b - - 2 34,e7e6 f1f6,1147,82,89,871,endgame master masterVsMaster mate mateIn1 oneMove rookEndgame,https://lichess.org/PRUyE3SS/black#68,,True,https://lichess.org/training/X62KF
kvqsH,4r2r/pp3R2/2p3k1/6p1/4N1P1/8/PP4KP/5R2 b - - 0 25,e8e4 f1f6,1147,75,100,104,endgame mate mateIn1 oneMove rookEndgame,https://lichess.org/LDJVsH3y/black#50,,True,https://lichess.org/training/kvqsH
Ky2DB,6r1/p7/b1k1pB2/3pP3/2pP1P2/2R5/P1R2Kr1/8 w - - 11 35,f2f3 g8g3,1147,76,100,117,endgame mate mateIn1 oneMove,https://lichess.org/NhyYyPu1#69,,True,https://lichess.org/training/Ky2DB
fRG2d,7r/pp5r/1kp1N1R1/4nQ2/6n1/3P2P1/PPP2P2/6K1 w - - 1 26,g6g4 h7h1 g1g2 h8h2,1147,79,92,592,endgame mate mateIn2 short,https://lichess.org/szJe9UFa#51,,True,https://lichess.org/training/fRG2d
d1gL4,5r2/4r2k/3R2Rn/1P2qp1P/P1B5/1K3p2/2P5/8 b - - 3 37,e5e4 g6h6 h7g7 d6g6,1147,77,94,6118,mate mateIn2 middlegame short,https://lichess.org/bDlk7T1O/black#74,,True,https://lichess.org/training/d1gL4
49LgS,7r/pk2Bp1r/8/8/8/2R1NnP1/PP2PP2/2R3K1 w - - 2 24,e2f3 h7h1 g1g2 h8h2,1147,183,88,16,endgame mate mateIn2 short,https://lichess.org/iXvGwESI#47,,True,https://lichess.org/training/49LgS
6SEDf,5rk1/1p4p1/2p1p1n1/p5P1/P2PR1P1/1R4KP/1P2Nr2/8 w - - 1 32,b3b7 f8f3,1148,77,95,123,endgame mate mateIn1 oneMove,https://lichess.org/lPA5HWz8#63,,True,https://lichess.org/training/6SEDf
XbUp8,1r6/3R3p/4k3/4p1p1/2P2pP1/rP3P2/3R1K1P/8 b - - 4 39,b8b3 d2d6,1148,99,61,72,endgame mate mateIn1 oneMove rookEndgame,https://lichess.org/vCO6EcRQ/black#78,,True,https://lichess.org/training/XbUp8
7F3NT,r5k1/pb1pq3/1pn1p1Rp/4Pr2/8/2B5/PPP2P1P/2K3R1 b - - 0 20,g8f8 g6g8 f8f7 g1g7,1148,78,80,641,mate mateIn2 middlegame short,https://lichess.org/ekDR9TkJ/black#40,,True,https://lichess.org/training/7F3NT
IMEpa,7r/p1kR2Rp/1p2p3/1r4nP/5K2/8/8/8 b - - 0 39,c7c6 d7c7 c6d6 g7d7,1148,93,65,37,endgame master mate mateIn2 short,https://lichess.org/6120ToWL/black#78,,True,https://lichess.org/training/IMEpa
wuHDu,8/1p2R2R/p2p2p1/2b3k1/2p4p/5PPK/1P1q3P/8 b - - 1 45,d2d3 f3f4 g5f6 h7f7,1148,74,92,451,endgame master mate mateIn2 short,https://lichess.org/N138CU1D/black#90,,True,https://lichess.org/training/wuHDu
WAVLZ,8/R7/3kp3/3p4/P7/1P6/2r3r1/4R1K1 w - - 1 37,g1f1 c2f2,1148,197,82,6,endgame master mate mateIn1 oneMove rookEndgame,https://lichess.org/y1cEbEAL#73,,True,https://lichess.org/training/WAVLZ
hHv4X,4r3/p5R1/2n4k/2pp4/7K/1P3P2/PBr4P/6R1 b - - 1 31,c2b2 g1g6,1148,76,70,136,endgame mate mateIn1 oneMove,https://lichess.org/ZeCUm3ma/black#62,,True,https://lichess.org/training/hHv4X
9aOXm,5kr1/4r1p1/3p1Q1p/2p1pP2/1pP1P1R1/p3q3/P5RK/8 b - - 0 50,g7f6 g4g8 f8f7 g2g7,1148,86,73,72,endgame mate mateIn2 queenRookEndgame short,https://lichess.org/uJOiolvh/black#100,,True,https://lichess.org/training/9aOXm
Dm32M,4r1k1/1p1R2Rp/1rp3p1/8/p3p3/1P2P1P1/P6P/6K1 b - - 1 29,g8f8 d7f7,1148,77,99,1111,endgame master mate mateIn1 oneMove rookEndgame,https://lichess.org/rDfi8CVS/black#58,,True,https://lichess.org/training/Dm32M
8Q9HQ,7r/4R1k1/2p4p/2p3p1/p1P3P1/7P/2q5/K3R3 b - - 2 36,g7f6 e1e6,1148,75,99,788,endgame mate mateIn1 oneMove queenRookEndgame,https://lichess.org/ScROUrPI/black#72,,True,https://lichess.org/training/8Q9HQ
j8Tsi,1k1r4/2p1b3/1p1p4/2qP3p/4Pr1p/7Q/R7/R6K b - - 5 35,f4g4 a2a8 b8b7 a1a7,1149,76,89,544,mate mateIn2 middlegame short,https://lichess.org/FpcL99ST/black#70,,True,https://lichess.org/training/j8Tsi
IGb3a,8/5Rk1/p7/1p5p/5R1P/1P1r4/r1p3P1/6K1 b - - 2 42,g7g6 f4f6,1149,76,94,667,endgame mate mateIn1 oneMove rookEndgame,https://lichess.org/cQqINNcR/black#84,,True,https://lichess.org/training/IGb3a
eqxHR,r3rk2/1R3pR1/2p1q2Q/p3B3/1b1Pn3/7P/5PP1/6K1 b - - 0 35,e6h6 b7f7,1149,75,95,5867,mate mateIn1 middlegame oneMove,https://lichess.org/5eavPm6b/black#70,,True,https://lichess.org/training/eqxHR
YPD3v,4r3/3N1pk1/2p1p3/2Pp2Rp/8/7R/6PK/3r1q2 b - - 1 39,g7h6 h3h5,1149,93,93,43,endgame master mate mateIn1 oneMove,https://lichess.org/tudfpNU2/black#78,,True,https://lichess.org/training/YPD3v
hjYIg,k6r/pp6/3QP3/6p1/2P2n2/3p4/PP4rP/5R1K w - - 1 38,f1f4 h8h2,1150,82,93,856,endgame master mate mateIn1 oneMove queenRookEndgame,https://lichess.org/LpAxJuVA#75,,True,https://lichess.org/training/hjYIg
ZCFmC,8/8/7p/2b5/1kr5/R4RK1/1pp4P/8 b - - 3 57,c2c1q f3b3,1150,78,63,51,endgame master mate mateIn1 oneMove,https://lichess.org/WoutPXDl/black#114,,True,https://lichess.org/training/ZCFmC
pDSK1,4k3/4p3/3pnb1N/7P/1PR2P1B/8/r5r1/4RK2 w - - 1 35,h4f6 a2f2,1150,78,92,1073,master mate mateIn1 middlegame oneMove,https://lichess.org/wtE2jbiA#69,,True,https://lichess.org/training/pDSK1
rsoKo,r5k1/1p2ppb1/3p2p1/7p/4P2P/rbP2P2/P1R1N1Q1/1K5R w - - 0 25,a2b3 a3a1 b1b2 a8a2,1150,76,92,2564,mate mateIn2 middlegame queensideAttack short,https://lichess.org/4Hc6FFfw#49,,True,https://lichess.org/training/rsoKo
SlQvX,6R1/8/8/3RP3/4k1p1/6r1/6r1/5K2 w - - 9 68,d5a5 g2g1 f1f2 g3g2,1150,77,87,645,endgame master mate mateIn2 rookEndgame short,https://lichess.org/sxdy9Byd#135,,True,https://lichess.org/training/SlQvX
jBu2Z,4r3/7k/1p3pRp/r1p2P2/n6R/P6P/6P1/6K1 b - - 1 42,e8g8 h4h6,1150,76,78,124,endgame mate mateIn1 oneMove,https://lichess.org/PJnmqZ8x/black#84,,True,https://lichess.org/training/jBu2Z
Zi0N4,6k1/5b2/np6/3r4/2p5/2P2rP1/PPB1K2R/7R b - - 1 36,f3f6 h2h8 g8g7 h1h7,1150,77,73,100,mate mateIn2 middlegame short,https://lichess.org/SFAVqUah/black#72,,True,https://lichess.org/training/Zi0N4
kc0WU,6k1/p5p1/2p1p2p/4P3/3p1rPP/P5K1/1P3r2/R2R4 w - - 0 32,d1d4 f4f3,1150,77,91,419,endgame master mate mateIn1 oneMove rookEndgame,https://lichess.org/byRP8eiz#63,,True,https://lichess.org/training/kc0WU
BqGwm,7r/p1k1ppbr/5n2/1BPp4/P2P2p1/2N1P1P1/5P2/R4RK1 w - - 1 24,f1d1 h7h1 g1g2 h8h2,1150,79,92,618,kingsideAttack mate mateIn2 middlegame short,https://lichess.org/FDA31IrP#47,,True,https://lichess.org/training/BqGwm
eTqdp,4rr2/p1p4k/2p3Rp/4N2R/4P3/2P2P2/bP6/2K5 b - - 1 27,e8e5 h5h6,1151,75,36,361,endgame master mate mateIn1 oneMove,https://lichess.org/sDRseaXw/black#54,,True,https://lichess.org/training/eTqdp
TdOhB,2rr2k1/3nqp1R/4p1p1/4P1N1/1p1P1PP1/1Pp5/4N3/2K4R b - - 4 32,e7g5 h7h8 g8g7 h1h7,1151,76,88,111,mate mateIn2 middlegame short,https://lichess.org/KhwafPU7/black#64,,True,https://lichess.org/training/TdOhB
XEZQ4,3Rk2r/5p1p/p3ppn1/1pr5/2p1P3/P1P4P/BP3PP1/3R2K1 b - - 1 25,e8e7 d1d7,1151,76,90,920,endgame mate mateIn1 oneMove,https://lichess.org/lrrXz6Pk/black#50,,True,https://lichess.org/training/XEZQ4
Y64k8,R4R2/5p1k/5r2/3K3P/8/6p1/8/4r3 b - - 1 56,g3g2 f8h8 h7g7 a8g8,1151,75,100,90,endgame mate mateIn2 rookEndgame short,https://lichess.org/XFOUp6Gu/black#112,,True,https://lichess.org/training/Y64k8
mo9U2,6r1/3R2Br/1pk1n2P/p1p5/P7/8/6P1/3R2K1 b - - 7 47,e6g7 d1d6,1151,79,94,3146,endgame mate mateIn1 oneMove,https://lichess.org/PPWntyxZ/black#94,,True,https://lichess.org/training/mo9U2
zyGXj,r5k1/4p1R1/p1qp1p2/1p2nP2/2p1P2B/P1P4P/1P1N3K/6R1 b - - 0 31,g8f8 g7g8 f8f7 g1g7,1151,77,100,298,mate mateIn2 middlegame short,https://lichess.org/HiQuuX5S/black#62,,True,https://lichess.org/training/zyGXj
0Y3kt,8/1p3k2/5pR1/1p1N1P2/1P2P1K1/1r4r1/8/2R5 w - - 9 50,g4f4 b3f3,1151,75,98,1389,endgame mate mateIn1 oneMove,https://lichess.org/XtHocmPY#99,,True,https://lichess.org/training/0Y3kt
Con6b,2k3r1/p7/1pb1Rp2/n2p1n2/P1pP1B1p/2P2N1P/2PQ1PqK/R4Br1 w - - 4 30,f1g2 g8g2,1151,76,100,224,master mate mateIn1 middlegame oneMove,https://lichess.org/r32AGaeA#59,,True,https://lichess.org/training/Con6b
nH7sO,r3q1k1/3n1r1R/2p1Q1p1/1p1np1P1/pb1P4/3BB3/PPP1NP2/2K4R b - - 2 21,e8e6 h7h8 g8g7 h1h7,1151,75,93,4102,kingsideAttack mate mateIn2 middlegame short,https://lichess.org/TrSSRoOJ/black#42,,True,https://lichess.org/training/nH7sO
QRZ9H,r1b1k2r/pp1p1R2/1n2p3/2p1P3/2P4Q/3P3P/P2b2P1/5RK1 b kq - 0 22,h8h4 f7f8 e8e7 f1f7,1151,94,83,21,mate mateIn2 middlegame short,https://lichess.org/DeQ9S6Lp/black#44,,True,https://lichess.org/training/QRZ9H
jcnSe,1B6/1bp1R1k1/3p2pp/5r2/p2p3P/5P2/r1P3P1/4R1K1 b - - 1 38,g7f6 e1e6,1152,79,63,275,endgame mate mateIn1 oneMove,https://lichess.org/YE5KqMXa/black#76,,True,https://lichess.org/training/jcnSe
2yH9z,8/2pn3r/1p1p4/p2P1k2/P1P2pRp/1P3R1K/8/8 b - - 1 46,d7e5 f3f4,1152,76,99,548,endgame master mate mateIn1 oneMove,https://lichess.org/qHM15ARv/black#92,,True,https://lichess.org/training/2yH9z
n6b96,3r2k1/pqb2r1p/1p2p1QR/4P3/3B1P2/PP4P1/5K2/7R b - - 0 30,h7g6 h6h8 g8g7 h1h7,1152,75,92,443,mate mateIn2 middlegame short,https://lichess.org/1u0tJTgx/black#60,,True,https://lichess.org/training/n6b96
MnkJH,6k1/p4r2/4r3/1p4K1/8/4p2R/7R/8 b - - 6 44,e3e2 h3h8 g8g7 h2h7,1152,142,60,20,endgame mate mateIn2 rookEndgame short,https://lichess.org/Hlvtz3yw/black#88,,True,https://lichess.org/training/MnkJH
YeBYj,1k5r/Nppn2R1/6p1/3P4/BbPP2p1/6Pr/PB3P2/R5K1 w - - 5 26,a4d7 h3h1 g1g2 h8h2,1152,79,92,5915,kingsideAttack mate mateIn2 middlegame short,https://lichess.org/3oY4U0bj#51,,True,https://lichess.org/training/YeBYj
xAgBW,1r2k3/p2R4/6n1/2p1PB2/2P2P2/2KPP3/1r6/4B3 w - - 5 35,d7a7 b8b3,1152,76,100,101,endgame mate mateIn1 oneMove,https://lichess.org/rrVy2gXr#69,,True,https://lichess.org/training/xAgBW
4qb6F,3k4/1p3p2/6p1/p7/6P1/P1PP1P2/1P1r3r/1R1K1R2 w - - 1 36,d1e1 h2e2,1152,76,88,364,endgame mate mateIn1 oneMove rookEndgame,https://lichess.org/niIgMpM7#71,,True,https://lichess.org/training/4qb6F
c5ZYC,4k3/R4R1p/6p1/8/3P2rP/8/6rK/8 w - - 5 45,h2h3 g4g3,1152,79,78,131,endgame master mate mateIn1 oneMove rookEndgame,https://lichess.org/tVjXrsIz#89,,True,https://lichess.org/training/c5ZYC
4CCyi,1r4k1/1r4pp/2p1p3/2Pn2P1/q2Q3P/p2R4/3R1P2/1NK5 w - - 0 30,d4a4 b7b1 c1c2 b8b2,1152,77,100,110,master mate mateIn2 middlegame queensideAttack short,https://lichess.org/xYwTEgzJ#59,,True,https://lichess.org/training/4CCyi
xy0r4,8/p5pk/2p3rp/2P5/1P2Qq2/P4P1P/7K/4R1r1 w - - 9 45,e4f4 g6g2,1152,98,100,42,endgame mate mateIn1 oneMove queenRookEndgame,https://lichess.org/9YAEkVvU#89,,True,https://lichess.org/training/xy0r4
dg0Sg,8/2pR2R1/1b2Pp1p/1p3k2/1P4P1/2P2P1P/8/r1n2K2 b - - 0 38,f5e6 g7e7,1152,101,67,58,endgame mate mateIn1 oneMove,https://lichess.org/lIXlq56Z/black#76,,True,https://lichess.org/training/dg0Sg
inygr,1Qk4r/2p4r/1p1p2pq/3Pp3/1P2Pp2/5P2/RKPB4/R7 b - - 0 35,c8b8 a2a8 b8b7 a1a7,1153,79,56,66,endgame mate mateIn2 queensideAttack short,https://lichess.org/auBffoWs/black#70,,True,https://lichess.org/training/inygr
eeZxC,2r1rk2/R5R1/7p/2ppP3/3P4/7P/6P1/6K1 b - - 1 38,c5d4 a7f7,1153,75,98,4253,endgame mate mateIn1 oneMove rookEndgame,https://lichess.org/cSGib5eW/black#76,,True,https://lichess.org/training/eeZxC
Z3A8B,k7/pp5p/2p1B3/2N1B3/8/7P/P1Pr2r1/4RnK1 w - - 0 29,g1f1 d2f2,1153,124,89,32,endgame mate mateIn1 oneMove,https://lichess.org/m69JPQkH#57,,True,https://lichess.org/training/Z3A8B
IfK9m,1r6/4p3/5k2/8/R3B3/K1P2P2/1r5P/7R w - - 1 41,h2h4 b8b3,1153,77,91,4279,endgame mate mateIn1 oneMove,https://lichess.org/Ylrej9wl#81,,True,https://lichess.org/training/IfK9m
cRlQS,3r1r2/p4p2/4b2R/6k1/3b4/2N2K2/PP6/7R b - - 1 34,d4c3 h1h5,1153,76,93,1744,endgame mate mateIn1 oneMove,https://lichess.org/48bj6lgM/black#68,,True,https://lichess.org/training/cRlQS
mSpsg,5r2/1p6/p1ppk3/7p/4P1nP/P2PN1K1/1PP2r2/R3R3 w - - 2 32,e3g4 f8f3,1153,75,88,1944,endgame mate mateIn1 oneMove,https://lichess.org/wRdniceJ#63,,True,https://lichess.org/training/mSpsg
iNFB2,8/6pp/R1P2k2/8/1P3P2/P4P2/1r4r1/4R1K1 w - - 2 42,g1f1 b2f2,1154,84,86,32,endgame mate mateIn1 oneMove rookEndgame,https://lichess.org/i5l45ImI#83,,True,https://lichess.org/training/iNFB2
yTYxk,r4r1k/1b1p1p1p/pp3p2/5P2/P6R/1n5R/1PP3PP/6K1 b - - 3 27,f8c8 h4h7 h8g8 h7h8 g8g7 h3h7,1154,80,86,208,endgame kingsideAttack long mate mateIn3,https://lichess.org/fHVlcKnU/black#54,,True,https://lichess.org/training/yTYxk
VY6gG,3r2k1/1p3p1R/4p1p1/1P1r2P1/3q1Q2/5P2/5PK1/7R b - - 0 33,d4f4 h7h8 g8g7 h1h7,1154,82,80,353,endgame mate mateIn2 queenRookEndgame short,https://lichess.org/sI78GRDZ/black#66,,True,https://lichess.org/training/VY6gG
vngZx,2r3k1/1p3ppp/8/R2p4/P2P1P2/4P1P1/2rK3P/R7 w - - 1 31,d2d3 c8c3,1154,161,0,11,endgame mate mateIn1 oneMove rookEndgame,https://lichess.org/h4gtAqDb#61,,True,https://lichess.org/training/vngZx
akw9G,4r1k1/p5p1/4q2p/2pN4/2Q3R1/6bP/PP3rP1/R4K2 w - - 0 27,f1g1 e6e1 a1e1 e8e1 c4f1 e1f1,1154,107,83,22,long mate mateIn3 middlegame sacrifice,https://lichess.org/amdKN32s#53,,True,https://lichess.org/training/akw9G
Vtpqh,1k5r/pp3R2/3b2p1/1q6/3Pp3/1NN1P1P1/PP1B3r/2R3K1 w - - 0 24,c3b5 h2h1 g1g2 h8h2,1154,76,88,494,mate mateIn2 middlegame short,https://lichess.org/ZCqvSEfV#47,,True,https://lichess.org/training/Vtpqh
kENHm,1Rk1r3/3r1p1p/p1p3p1/P2pP1q1/3P4/2P5/5PPP/1R4K1 b - - 1 26,c8c7 b1b7,1154,77,94,1135,endgame mate mateIn1 oneMove queenRookEndgame,https://lichess.org/7CSJrff4/black#52,,True,https://lichess.org/training/kENHm
kaj5X,r3k1n1/1ppbqR2/p2p4/3Pp1Np/1PP1P3/2NB3P/P5P1/5R1K b q - 0 25,e7g5 f7f8 e8e7 f1f7,1155,241,100,20,mate mateIn2 middlegame short,https://lichess.org/PMRCKHyw/black#50,,True,https://lichess.org/training/kaj5X
n0M8j,6k1/r4p1p/3p2p1/3P4/1p1RP1Q1/1P3P1P/1KP3P1/r7 w - - 3 30,d4d1 a7a2,1155,76,69,62,endgame mate mateIn1 oneMove queenRookEndgame,https://lichess.org/xhi4CsNR#59,,True,https://lichess.org/training/n0M8j
8JweO,5R2/2q1k3/p1bpp3/7n/B6P/8/PpP2R2/1K6 b - - 2 30,c6a4 f2f7,1155,77,89,408,endgame mate mateIn1 oneMove,https://lichess.org/e0Pi8Qmy/black#60,,True,https://lichess.org/training/8JweO
VzxIi,2r1k3/1p1b1Rbp/p2p2p1/2nP4/4P3/2N4P/PPK3P1/5R2 b - - 6 28,g7c3 f7f8 e8e7 f1f7,1156,75,89,604,endgame mate mateIn2 short,https://lichess.org/ekZceiSv/black#56,,True,https://lichess.org/training/VzxIi
sLcr8,3R4/5rp1/6k1/4p1p1/1p2q1K1/5rN1/1P3P2/7R w - - 0 43,g3e4 f7f4,1156,75,100,700,endgame mate mateIn1 oneMove,https://lichess.org/1Siy4kKN#85,,True,https://lichess.org/training/sLcr8
xScjQ,6k1/p6p/6p1/3b1p2/3R1P2/1P1KP3/PBr3r1/5R2 w - - 2 35,d4d5 g2d2,1156,75,98,5071,endgame mate mateIn1 oneMove,https://lichess.org/DMcN7DwY#69,,True,https://lichess.org/training/xScjQ
NM5ct,5b2/7R/1qp3R1/3p1P1k/8/4P3/5K1P/8 b - - 5 43,f8h6 h7h6,1156,89,78,454,endgame master mate mateIn1 oneMove,https://lichess.org/lFPrgrfU/black#86,,True,https://lichess.org/training/NM5ct
A54tP,4r2k/ppp2prQ/2bp1p2/5P2/4P2R/3B2PR/2P1K2P/2q5 b - - 0 32,g7h7 h4h7 h8g8 h7h8 g8g7 h3h7,1156,77,91,340,exposedKing kingsideAttack long mate mateIn3 middlegame,https://lichess.org/090XjxIT/black#64,,True,https://lichess.org/training/A54tP
Qx9X1,r7/p2R4/2p1k2p/6b1/4Kp2/8/P1P5/3R4 b - - 0 30,a8b8 d1d6,1156,78,93,576,endgame mate mateIn1 oneMove,https://lichess.org/yut3OLbJ/black#60,,True,https://lichess.org/training/Qx9X1
ImREc,r4k2/p2R2Rp/3npp2/8/6P1/7P/P2r1P2/6K1 b - - 5 27,d6e8 d7f7,1156,75,93,278,endgame mate mateIn1 oneMove,https://lichess.org/jp9p8Ffp/black#54,,True,https://lichess.org/training/ImREc
n7LPe,1r4R1/prp2pQk/5q1p/8/2p1p2P/1PP2P2/P7/1K4R1 b - - 5 30,f6g7 g1g7,1156,77,78,84,endgame master masterVsMaster mate mateIn1 oneMove,https://lichess.org/EByfv2Pl/black#60,,True,https://lichess.org/training/n7LPe
CkgY3,3r4/5pkp/4p1q1/p7/2P1NQP1/1P3P2/P1Kr3P/4R3 w - - 3 34,c2c3 d8d3,1156,75,78,968,endgame master mate mateIn1 oneMove,https://lichess.org/o63VpthB#67,,True,https://lichess.org/training/CkgY3
Y1wQ3,2rR3r/pp1Qkp1p/2q1pp2/8/7P/2N2n2/PPP2P2/2KR4 b - - 12 25,c6d7 d1d7,1157,77,89,3517,mate mateIn1 middlegame oneMove,https://lichess.org/IP69pAVc/black#50,,True,https://lichess.org/training/Y1wQ3
0hsk1,1rb5/4R2R/p4kp1/1p6/5P2/P1b5/2P3P1/1K6 b - - 0 40,b5b4 h7f7,1157,76,98,432,endgame mate mateIn1 oneMove,https://lichess.org/C5NoOsAq/black#80,,True,https://lichess.org/training/0hsk1
HPXHD,8/p1p3Rk/1p4R1/2bK2P1/8/2P5/1P6/5q2 b - - 1 46,h7h8 g7g8 h8h7 g6g7,1157,76,96,2995,endgame mate mateIn2 short,https://lichess.org/sESazFRA/black#92,,True,https://lichess.org/training/HPXHD
aZtyz,2r3R1/1r4Qk/3Pp2p/p2p1b1q/3P1P2/1NP1KP2/P7/6R1 b - - 4 40,b7g7 g1g7,1157,75,93,345,master mate mateIn1 middlegame oneMove,https://lichess.org/phvLR9l3/black#80,,True,https://lichess.org/training/aZtyz
8spBZ,8/1p4pk/2p4p/2Pp4/3Pp3/p1P1P1Q1/3RK1PP/r4r2 w - - 0 33,g3h3 a1e1,1157,76,100,569,endgame mate mateIn1 oneMove queenRookEndgame,https://lichess.org/fR7NsGN1#65,,True,https://lichess.org/training/8spBZ
IPbH2,5k1r/p1q2p2/2pp1P1r/1P2p3/2P3p1/3B2n1/P1Q2R1P/2R3K1 w - - 1 27,h2g3 h6h1 g1g2 h8h2,1157,75,88,561,kingsideAttack mate mateIn2 middlegame short,https://lichess.org/HxKpVfFU#53,,True,https://lichess.org/training/IPbH2
lqhEU,4Rb1r/3kQppp/p2p4/q2P4/2r5/5P2/P4P1P/4R1K1 b - - 4 25,f8e7 e1e7,1157,76,75,128,endgame mate mateIn1 oneMove,https://lichess.org/HtF7Jy9E/black#50,,True,https://lichess.org/training/lqhEU
YuLyM,R7/4k3/P3B3/1p1P4/4P3/2P2Pb1/1P2Kr1r/5R2 w - - 0 38,e2d3 f2d2 d3e3 h2e2,1157,77,93,836,endgame mate mateIn2 short,https://lichess.org/ZkufYYcj#75,,True,https://lichess.org/training/YuLyM
8SCyP,6k1/pp5p/6r1/3pPpr1/2p1nB1q/2P1PQ1K/PP6/2R3R1 w - - 0 38,h3h4 g6h6 f3h5 h6h5,1157,76,91,2013,mate mateIn2 middlegame short,https://lichess.org/0aOiZZ1W#75,,True,https://lichess.org/training/8SCyP
CScj1,5Qk1/6p1/2p2prp/3p4/3P4/5PqP/PP2R1P1/4R1K1 b - - 0 26,g8f8 e2e8 f8f7 e1e7,1157,102,82,25,endgame mate mateIn2 queenRookEndgame short,https://lichess.org/5fLUekC0/black#52,,True,https://lichess.org/training/CScj1
Bs1on,4r1k1/R5Rp/1pp3p1/5p2/8/2r2pP1/P6P/6K1 b - - 1 32,g8f8 a7f7,1158,80,90,176,endgame mate mateIn1 oneMove rookEndgame,https://lichess.org/tUSUcqqF/black#64,,True,https://lichess.org/training/Bs1on
uiNlB,3R2R1/p1r1kp2/4p1n1/1P4K1/2P1P3/2b5/P7/8 b - - 3 31,c7c4 g8e8,1158,77,100,74,endgame mate mateIn1 oneMove,https://lichess.org/2SkOvw90/black#62,,True,https://lichess.org/training/uiNlB
b7XtG,8/pp3k2/2p1r2p/3p1Kr1/P2P4/2PBR2P/2P5/4R3 w - - 1 41,f5f4 e6f6 d3f5 f6f5,1158,76,88,335,endgame mate mateIn2 short,https://lichess.org/6JJ1wCOv#81,,True,https://lichess.org/training/b7XtG
Lt0iv,r3r3/8/3p4/2pK1k2/P1R3R1/1P6/8/8 b - - 0 44,a8a6 c4f4,1158,74,100,207,endgame master mate mateIn1 oneMove rookEndgame,https://lichess.org/b1aHxgAe/black#88,,True,https://lichess.org/training/Lt0iv
MgfCF,4r1k1/2R3R1/7p/8/2n2P2/P3p3/3r2PP/4K3 b - - 3 37,g8f8 c7f7,1158,75,73,122,endgame mate mateIn1 oneMove,https://lichess.org/cydfwYuM/black#74,,True,https://lichess.org/training/MgfCF
jO3Fi,rn6/pppbqkb1/4p1R1/5p1B/3PpP2/4P3/PPP5/2K3R1 b - - 7 25,e7f8 g6g7 f7f6 g1g6,1158,78,90,861,doubleCheck mate mateIn2 middlegame short,https://lichess.org/af8mAPpK/black#50,,True,https://lichess.org/training/jO3Fi
fWK9U,1r6/4R1k1/1p5p/2p2pp1/8/2P4P/r5P1/4R1K1 b - - 2 35,g7f6 e1e6,1158,77,83,268,endgame mate mateIn1 oneMove rookEndgame,https://lichess.org/HfdqKXhB/black#70,,True,https://lichess.org/training/fWK9U
JINkC,1R4r1/2kpn1r1/2p3p1/p1q4p/2b2Q2/P7/6PP/1R5K b - - 3 28,d7d6 b1b7,1158,74,100,390,mate mateIn1 middlegame oneMove,https://lichess.org/qOMVd6Dm/black#56,,True,https://lichess.org/training/JINkC
sT6BQ,4k3/3R1p1p/1r2r1p1/1P4P1/p6P/P7/6K1/3R4 b - - 0 39,b6b5 d7d8 e8e7 d1d7,1159,268,82,4,endgame mate mateIn2 rookEndgame short,https://lichess.org/N0vVBDHH/black#78,,True,https://lichess.org/training/sT6BQ
7rG1Y,r3r1k1/pR4Rp/2p5/3pP1B1/1b1P4/q1N4P/P1Pn2P1/6K1 b - - 0 21,g8f8 b7f7,1159,75,98,667,mate mateIn1 middlegame oneMove,https://lichess.org/eIuCFJt5/black#42,,True,https://lichess.org/training/7rG1Y
acVvc,8/2r4p/4Rk2/pp3P2/2pr4/1P1P1K2/P1P5/4R3 b - - 1 32,f6f5 e1e5,1159,77,87,656,endgame mate mateIn1 oneMove rookEndgame,https://lichess.org/vVbh0XuU/black#64,,True,https://lichess.org/training/acVvc
ujr0W,6r1/pp6/5P1k/4PQ2/7P/1P6/P1P3rK/8 w - - 0 46,h2h3 g8g3,1159,89,82,75,endgame mate mateIn1 oneMove queenRookEndgame,https://lichess.org/VehjzBFu#91,,True,https://lichess.org/training/ujr0W
XcPGZ,3Q4/6k1/5p2/1p1p1p2/p1bPrK2/P1P5/4r1PB/6R1 w - - 8 43,f4f5 e2f2 h2f4 f2f4,1159,74,90,600,endgame mate mateIn2 short,https://lichess.org/JRChhiSM#85,,True,https://lichess.org/training/XcPGZ
5be03,8/p2Rk2p/8/q7/4Kp2/5P2/3R4/8 b - - 7 52,e7e6 d2d6,1159,79,64,108,endgame mate mateIn1 oneMove queenRookEndgame,https://lichess.org/RbKd3OXj/black#104,,True,https://lichess.org/training/5be03
kmBRH,1r6/3R2Rp/5p2/5k2/pP4PK/r7/7P/8 b - - 0 39,f5e6 g7e7,1159,76,88,299,endgame master mate mateIn1 oneMove rookEndgame,https://lichess.org/yFhkwxkB/black#78,,True,https://lichess.org/training/kmBRH
Eazps,r5kQ/3n1pb1/1q2p1p1/3pP1P1/p2pbB2/P4BP1/2r2PKR/7R b - - 3 27,g7h8 h2h8 g8g7 h1h7,1159,78,97,5595,kingsideAttack master masterVsMaster mate mateIn2 middlegame short superGM,https://lichess.org/8pjw2iU4/black#54,,True,https://lichess.org/training/Eazps
6nkcB,6k1/6pp/1pPb1r2/5p2/P5r1/5N1K/3N1P2/1RB2R2 w - - 1 29,b1b6 f6h6 f3h4 h6h4,1159,75,100,212,mate mateIn2 middlegame short,https://lichess.org/LsI3nUbB#57,,True,https://lichess.org/training/6nkcB
gsSgt,1k1r4/1R1R1ppp/1p6/p7/4p3/8/r4P1P/6K1 b - - 3 31,b8c8 d7c7,1159,79,92,2870,endgame mate mateIn1 oneMove rookEndgame,https://lichess.org/IgWw57wH/black#62,,True,https://lichess.org/training/gsSgt
EJ6FR,7k/6pp/8/4P1P1/3P4/1r1r3P/1R1K4/1R6 w - - 7 42,d2c2 b3c3,1159,77,89,394,endgame mate mateIn1 oneMove rookEndgame,https://lichess.org/mCy8rRAD#83,,True,https://lichess.org/training/EJ6FR
BJUee,3r4/1p2Rk2/p5p1/5p1p/7P/1P1r1P2/P4KP1/4R3 b - - 1 35,f7f6 e1e6,1159,77,100,113,endgame mate mateIn1 oneMove rookEndgame,https://lichess.org/kkell0Hx/black#70,,True,https://lichess.org/training/BJUee
WDHDZ,6r1/1p6/3npk2/p2p4/P1pP1P1R/2P1B3/1P2K1rR/8 w - - 6 50,e2f3 g8g3,1159,165,62,36,endgame master mate mateIn1 oneMove,https://lichess.org/TC5B4yoY#99,,True,https://lichess.org/training/WDHDZ
x5dT9,8/1r3k2/2N1p3/5n2/P1P5/8/1rK1R3/6R1 w - - 2 63,c2c3 b7b3,1159,76,92,1141,endgame master mate mateIn1 oneMove,https://lichess.org/XM2GbiBm#125,,True,https://lichess.org/training/x5dT9
eNzSn,2r3k1/5p2/p2p4/3n2B1/1p3P2/3P1N1b/PP2BP1P/R1r1K1R1 w - - 5 25,e1d2 c8c2,1160,76,50,327,mate mateIn1 middlegame oneMove,https://lichess.org/FVL795Zv#49,,True,https://lichess.org/training/eNzSn
DCCdX,8/5p2/4p2p/p1R1P1r1/3P4/4PkP1/6r1/2R2N1K w - - 5 44,c5c2 g5h5 f1h2 h5h2,1160,76,91,170,endgame mate mateIn2 short,https://lichess.org/OqJXqN3Z#87,,True,https://lichess.org/training/DCCdX
bNX7b,6r1/pp4r1/2p1kR2/4P2p/4p3/2P5/PP4PP/5R1K b - - 4 28,e6e5 f1f5,1160,249,69,15,endgame mate mateIn1 oneMove rookEndgame,https://lichess.org/YrD9j9io/black#56,,True,https://lichess.org/training/bNX7b
khFYd,3r1k2/R4Rp1/5p1p/1p2p2P/3rP1P1/3PK3/8/8 b - - 5 37,f8e8 a7e7,1160,77,79,192,endgame mate mateIn1 oneMove rookEndgame,https://lichess.org/9uV9mJDM/black#74,,True,https://lichess.org/training/khFYd
29a4h,5rkR/8/5rpR/7p/PP1p3P/6K1/8/8 b - - 3 43,g8g7 h6h7,1160,106,41,23,endgame mate mateIn1 oneMove rookEndgame,https://lichess.org/vgaRyHvo/black#86,,True,https://lichess.org/training/29a4h
akkzZ,7k/1RR5/2p4p/8/1PpK4/r2r4/6PP/8 w - - 3 36,d4c4 a3c3,1160,77,88,398,endgame mate mateIn1 oneMove rookEndgame,https://lichess.org/eKxNnu7w#71,,True,https://lichess.org/training/akkzZ
1mPbY,4r3/2R3pk/p6p/8/4r1K1/P1R5/6PP/8 w - - 2 35,g4f5 e8e5,1160,76,96,4886,endgame mate mateIn1 oneMove rookEndgame,https://lichess.org/PsGsTE7e#69,,True,https://lichess.org/training/1mPbY
LeytI,1R5r/3k2p1/p4b2/2P2p2/1Q4p1/P5P1/1P3P1r/6K1 w - - 3 31,b4b6 h2h1 g1g2 h8h2,1161,278,83,10,endgame mate mateIn2 short,https://lichess.org/6kG6NRXH#61,,True,https://lichess.org/training/LeytI
ZVByA,3Q4/2R5/1p6/p6p/6k1/P7/1r5r/2KR4 w - - 1 43,c7f7 h2c2,1161,106,67,49,endgame mate mateIn1 oneMove queenRookEndgame,https://lichess.org/1GyEBkn7#85,,True,https://lichess.org/training/ZVByA
RTHeX,2r5/3Rkp2/6p1/ppr1p1P1/4P3/PKPR4/1P6/8 b - - 6 38,e7e6 d3d6,1161,86,93,56,endgame mate mateIn1 oneMove rookEndgame,https://lichess.org/bHZPPzh5/black#76,,True,https://lichess.org/training/RTHeX
BWRbs,4rk2/ppR3R1/1n3p1p/4rN2/5p2/PP3P1P/4b1P1/6K1 b - - 2 32,e5f5 c7f7,1161,77,89,440,endgame master mate mateIn1 oneMove,https://lichess.org/q45a3jVv/black#64,,True,https://lichess.org/training/BWRbs
jsfEA,3r4/4kBp1/8/5R2/1P2p1P1/P3P3/4KP2/3r4 w - - 3 44,f7b3 d8d2,1161,79,88,155,endgame mate mateIn1 oneMove,https://lichess.org/ly8oMcWC#87,,True,https://lichess.org/training/jsfEA
viIr7,1r6/p2pnrkR/1p4p1/2p1P3/2P2Pp1/2NP4/PP4b1/2K4R b - - 1 25,g7g8 h7h8 g8g7 h1h7,1161,75,91,240,kingsideAttack mate mateIn2 middlegame short,https://lichess.org/ui072oul/black#50,,True,https://lichess.org/training/viIr7
qVJG6,1k5r/p1q2p1p/RBp2np1/4p3/1bP1P3/2N4P/2PN1PP1/R5K1 b - - 0 18,a7b6 a6a8 b8b7 a1a7,1161,78,90,2427,mate mateIn2 middlegame queensideAttack short,https://lichess.org/NNIXKVCw/black#36,Sicilian_Defense Sicilian_Defense_Nyezhmetdinov-Rossolimo_Attack,True,https://lichess.org/training/qVJG6
qSTp3,r1b3k1/5r1p/ppp3Q1/3pP3/3P2PR/4qPN1/PP4K1/7R b - - 0 30,h7g6 h4h8 g8g7 h1h7,1162,85,68,67,kingsideAttack mate mateIn2 middlegame short,https://lichess.org/jUj1HX76/black#60,,True,https://lichess.org/training/qSTp3
cYas9,8/ppP4p/3Q4/4P1b1/kP6/3P4/1r4rP/1K4RR w - - 2 30,b1a1 b2a2 a1b1 g2b2,1162,79,94,919,endgame mate mateIn2 short,https://lichess.org/ZyDdsChf#59,,True,https://lichess.org/training/cYas9
Phj5h,4r1k1/R5R1/7p/6pP/3p2P1/1r6/3K4/8 b - - 1 56,g8f8 a7f7,1162,76,100,208,endgame mate mateIn1 oneMove rookEndgame,https://lichess.org/OLFSkOdD/black#112,,True,https://lichess.org/training/Phj5h
qdCEF,3r2k1/ppp2p2/5Pp1/1b1p4/3P3R/2P3KR/PP4PP/5r2 b - - 8 28,f1f6 h4h8 g8g7 h3h7,1162,77,91,273,endgame mate mateIn2 short,https://lichess.org/La7PxgKy/black#56,,True,https://lichess.org/training/qdCEF
CK72h,r4k2/5p1n/p1np4/1pp1pq2/8/P1PP3P/BP6/2K2RR1 b - - 1 24,f5d3 f1f7 f8e8 g1g8 h7f8 g8f8,1162,77,96,9558,long mate mateIn3 middlegame,https://lichess.org/5sYMtHH1/black#48,,True,https://lichess.org/training/CK72h
dwTJC,2k4r/npp5/4p2r/P2p1n2/3P2pN/2P3P1/3N1P2/R3R1K1 w - - 2 30,h4f5 h6h1 g1g2 h8h2,1162,74,99,565,master mate mateIn2 middlegame short,https://lichess.org/unVNvcBu#59,,True,https://lichess.org/training/dwTJC
M5lVY,8/8/1Q6/3p1k1p/7P/P2KP3/2r4r/8 w - - 4 43,b6b1 h2d2,1163,80,89,3120,endgame mate mateIn1 oneMove queenRookEndgame,https://lichess.org/XlRhcSEy#85,,True,https://lichess.org/training/M5lVY
W6EnI,5r2/p1p1rp2/2p3n1/6kN/6R1/1P4K1/P1P3P1/2R5 b - - 2 29,g5h5 c1h1 g6h4 h1h4,1163,74,94,3502,endgame mate mateIn2 short,https://lichess.org/PCze983c/black#58,,True,https://lichess.org/training/W6EnI
6XT50,2k3r1/ppq1bQ2/2p5/4p3/1P2Pn1p/P1N5/1BPR1P1p/3R2rK w - - 1 28,h1h2 g8g2,1163,79,92,619,mate mateIn1 middlegame oneMove,https://lichess.org/SVlaPr6P#55,,True,https://lichess.org/training/6XT50
XramV,8/4k1pp/1B2B3/Pp1KPP2/2r3P1/7P/2r5/7R w - - 1 36,h1b1 c2d2 b6d4 d2d4,1163,77,93,495,endgame mate mateIn2 short,https://lichess.org/t03kDwFL#71,,True,https://lichess.org/training/XramV
LFGF6,8/pp3R2/4p1kp/6p1/6P1/4q3/P5PP/5R1K b - - 0 27,h6h5 f1f6,1163,80,100,48,endgame mate mateIn1 oneMove queenRookEndgame,https://lichess.org/dmy0hg3h/black#54,,True,https://lichess.org/training/LFGF6
CIhtk,8/pb5r/4k3/1Bpp1p2/5P2/P1P1PPp1/1P1R2Kr/3R4 w - - 3 44,g2g3 h7h3,1163,77,92,2282,endgame master mate mateIn1 oneMove,https://lichess.org/Zvc7tVD6#87,,True,https://lichess.org/training/CIhtk
jQEBq,5k2/1p3p2/p2p2p1/3Nr1Pr/2P1PRK1/1P4R1/P7/8 w - - 30 52,g3f3 e5g5,1163,89,71,43,endgame master mate mateIn1 oneMove,https://lichess.org/f6o2Nj9y#103,,True,https://lichess.org/training/jQEBq
AiMwl,5r2/1p5R/pbp1r1k1/4p1P1/4ppK1/2P5/PP6/7R b - - 1 35,f4f3 h1h6,1163,77,90,2156,endgame mate mateIn1 oneMove,https://lichess.org/eNTwaEb7/black#70,,True,https://lichess.org/training/AiMwl
ZOcSk,8/1R2R3/p6p/8/3N1k2/2P5/2PK1P2/r6r w - - 7 48,b7d7 a1d1 d2e2 h1e1,1163,76,92,987,endgame mate mateIn2 short,https://lichess.org/QjgqU770#95,,True,https://lichess.org/training/ZOcSk
taFkR,r6k/2p2rRQ/pp1npP2/5q2/8/2N5/PPP1B3/1K5R b - - 0 32,f5h7 h1h7,1164,186,50,23,mate mateIn1 middlegame oneMove,https://lichess.org/tYrGPTmJ/black#64,,True,https://lichess.org/training/taFkR
NtYHH,r2q3k/2p2rR1/p2p1n1R/1p2pN2/b3P2P/P1NP4/1P1K1P2/8 b - - 1 23,f6h7 h6h7,1164,77,71,156,kingsideAttack mate mateIn1 middlegame oneMove,https://lichess.org/uifVneap/black#46,,True,https://lichess.org/training/NtYHH
XX41p,r4r2/pp1Rk2p/8/2p1pp2/2P5/1P6/P4PP1/3R2K1 b - - 1 26,e7e6 d1d6,1164,85,72,119,endgame master mate mateIn1 oneMove rookEndgame,https://lichess.org/AeIsk7Sq/black#52,,True,https://lichess.org/training/XX41p
71b2W,1r4k1/p1p2p1R/4r1p1/2p3q1/3pP1N1/P2P2P1/1PP3P1/1K5R b - - 3 26,b8b6 h7h8 g8g7 h1h7,1164,77,82,118,endgame kingsideAttack mate mateIn2 short,https://lichess.org/JGSPOHyt/black#52,,True,https://lichess.org/training/71b2W
hkYCI,1Rk2b1r/7p/p2p1np1/r2Ppn2/2P5/N4N2/5PPP/1R4K1 b - - 1 22,c8c7 b1b7,1164,76,100,266,mate mateIn1 middlegame oneMove,https://lichess.org/lipbEidd/black#44,,True,https://lichess.org/training/hkYCI
3hheq,8/2b4p/2rk2p1/pR2R3/2p4P/2P2Pn1/PP6/4K3 b - - 0 41,g3f5 b5d5,1164,76,91,543,endgame master mate mateIn1 oneMove,https://lichess.org/CIEvhJ6J/black#82,,True,https://lichess.org/training/3hheq
d8pEZ,6k1/p1p4r/1p1p3r/3Pp3/2P1N3/4RpP1/PP3P2/R5K1 w - - 8 30,e3f3 h6h1 g1g2 h7h2,1164,141,76,28,endgame mate mateIn2 short,https://lichess.org/Vtvy0zxJ#59,,True,https://lichess.org/training/d8pEZ
YJ0Gj,r5kb/5r1p/2n1p1Q1/3p2P1/p2P1P2/2P1P3/Pq1NKB1R/7R b - - 0 29,h7g6 h2h8 g8g7 h1h7,1164,79,95,3407,kingsideAttack mate mateIn2 middlegame short,https://lichess.org/uii5BcrU/black#58,,True,https://lichess.org/training/YJ0Gj
zkeKT,7R/2r3k1/5pp1/6P1/p7/7R/5PPK/r7 b - - 1 43,a1c1 h3h7,1165,376,85,20,endgame mate mateIn1 oneMove rookEndgame,https://lichess.org/AHOcp8oG/black#86,,True,https://lichess.org/training/zkeKT
sL0rK,1k1r2r1/pR2R3/5p2/7p/5P2/6Pb/P6P/6K1 b - - 0 28,b8c8 e7c7,1165,82,77,100,endgame mate mateIn1 oneMove,https://lichess.org/AqhbMClT/black#56,,True,https://lichess.org/training/sL0rK
YGLr4,2r3k1/6pp/4p3/3bNp2/1R1P4/1P2P3/3K1PPP/2r2B1R w - - 1 28,e5d3 c8c2,1165,75,94,2985,mate mateIn1 middlegame oneMove,https://lichess.org/tJWUv8Ux#55,,True,https://lichess.org/training/YGLr4
cjqZV,2r5/1rp2R1R/6kp/pp2p3/6K1/P1P2P2/1PP5/8 b - - 1 32,b5b4 h7g7,1165,78,92,1308,endgame mate mateIn1 oneMove rookEndgame,https://lichess.org/xju2psFW/black#64,,True,https://lichess.org/training/cjqZV
wKFGe,3rk3/p1R2RP1/1p5p/4pn2/1KP3r1/8/PP6/8 b - - 0 31,f5g7 c7e7,1165,76,95,714,endgame master mate mateIn1 oneMove,https://lichess.org/N3ReCSIQ/black#62,,True,https://lichess.org/training/wKFGe
cJUmG,8/kp5p/p6r/4R3/6p1/6P1/PPR1NPK1/7r w - - 13 37,c2c1 h6h2,1165,76,97,466,endgame mate mateIn1 oneMove,https://lichess.org/gH4q3bEv#73,,True,https://lichess.org/training/cJUmG
uZNpR,3k4/2R3Rp/4rn2/3p1p2/5P2/P3P2r/KP5P/8 b - - 1 39,f6e8 g7d7,1166,245,73,14,endgame master mate mateIn1 oneMove,https://lichess.org/phtczf19/black#78,,True,https://lichess.org/training/uZNpR
rUQIE,3r4/R2p1p2/1k2pr2/1bq4P/2P3Q1/1B6/6P1/R6K b - - 0 38,b5c6 a1a6,1166,78,51,209,mate mateIn1 middlegame oneMove,https://lichess.org/rPRX7kLe/black#76,,True,https://lichess.org/training/rUQIE
ghXTO,1n4k1/1r5Q/2p1r2p/1p1pP1q1/p2P1R1p/8/PPB3PP/5RK1 b - - 6 28,b7h7 f4f8 g8g7 f1f7,1166,88,65,48,fork mate mateIn2 middlegame short,https://lichess.org/FeO70ffw/black#56,,True,https://lichess.org/training/ghXTO
Ok2n2,6R1/k1p4r/pp2N3/3P4/4n1Pr/2PR4/PP3P2/6K1 w - - 2 34,d3f3 h4h1 g1g2 h7h2,1166,77,64,177,endgame mate mateIn2 short,https://lichess.org/doAn86TQ#67,,True,https://lichess.org/training/Ok2n2
LMsA5,2k1r3/1pp5/p6p/3p1Np1/3P4/2PK3P/PP2r1P1/R6R w - - 5 25,f5h6 e8e3,1166,75,98,1166,endgame mate mateIn1 oneMove,https://lichess.org/iUcUhSWX#49,,True,https://lichess.org/training/LMsA5
yZzYR,1k6/1b3p1p/p3p2r/2p5/P2pPP2/1B1P1Rrq/1PPQ2PK/6R1 w - - 0 30,g2h3 h6h3,1166,81,78,67,mate mateIn1 middlegame oneMove,https://lichess.org/aRQBQkfe#59,,True,https://lichess.org/training/yZzYR
uM3dw,4r1k1/pp3pp1/2p5/6p1/3P2P1/2P2K1P/PP2r3/1R5R w - - 0 29,h1f1 e8e3,1166,77,88,226,endgame master mate mateIn1 oneMove rookEndgame,https://lichess.org/HLUdmy0O#57,,True,https://lichess.org/training/uM3dw
taCWI,4r1k1/R5R1/3r2pp/4p3/7P/8/6P1/6K1 b - - 2 40,g8f8 a7f7,1166,75,99,1451,endgame mate mateIn1 oneMove rookEndgame,https://lichess.org/IdjBTpJx/black#80,,True,https://lichess.org/training/taCWI
ZGMwt,7r/5pk1/8/1R2P1p1/6Kr/P1P1P3/1PB5/8 w - - 2 42,g4g5 h8h5,1167,76,94,1818,endgame mate mateIn1 oneMove,https://lichess.org/7Mpy3AlZ#83,,True,https://lichess.org/training/ZGMwt
ff6Rt,7r/pp4p1/2p5/3PPk2/1P3P2/P3R1K1/7r/3R4 w - - 1 31,e5e6 h8h3,1167,77,89,257,endgame mate mateIn1 oneMove rookEndgame,https://lichess.org/GEnB8xV9#61,,True,https://lichess.org/training/ff6Rt
3LyQ6,1r1r2k1/ppp1pp2/5Np1/6p1/6b1/5B1R/PPP5/2K4R b - - 0 24,e7f6 h3h8 g8g7 h1h7,1167,75,96,278,endgame mate mateIn2 short,https://lichess.org/lZHdIko7/black#48,,True,https://lichess.org/training/3LyQ6
0X753,6k1/6p1/4R3/8/1P6/P7/2r3rp/4RKB1 w - - 0 43,g1h2 c2f2,1167,79,81,343,endgame mate mateIn1 oneMove,https://lichess.org/jcsrRkRk#85,,True,https://lichess.org/training/0X753
2y9jI,4kb1R/ppp2R2/4B3/8/1P1K4/P3r1r1/8/8 b - - 1 34,e3e6 h8f8,1168,94,100,54,endgame mate mateIn1 oneMove,https://lichess.org/CmVVCdF7/black#68,,True,https://lichess.org/training/2y9jI
lHegJ,r4r2/ppp5/8/7k/2PPpnR1/PP4K1/6P1/3R4 b - - 12 37,f4g2 d1h1 g2h4 h1h4,1168,78,70,372,endgame mate mateIn2 short,https://lichess.org/A3wus1sr/black#74,,True,https://lichess.org/training/lHegJ
zrcHn,8/r4rk1/1KR5/PR6/8/8/8/8 w - - 24 94,b5c5 f7b7,1168,77,94,1394,endgame master masterVsMaster mate mateIn1 oneMove rookEndgame,https://lichess.org/HwUDt4jr#187,,True,https://lichess.org/training/zrcHn
J1YiF,4r1k1/2p2p2/1pp1P2R/6K1/8/P1p1r3/1P6/7R b - - 0 37,e3e6 h6h8 g8g7 h1h7,1168,75,96,7087,endgame mate mateIn2 rookEndgame short,https://lichess.org/G3v3Nkar/black#74,,True,https://lichess.org/training/J1YiF
6PzYa,r7/pp4kR/2pn1p2/6p1/4p1P1/2P5/P1K5/7R b - - 1 31,g7g6 h1h6,1168,83,69,91,endgame mate mateIn1 oneMove,https://lichess.org/pO1c2dJ0/black#62,,True,https://lichess.org/training/6PzYa
0Puur,r5r1/p2kR1p1/1npB2p1/1p1p2P1/3P4/1PP4P/P2K1P2/4R3 b - - 2 24,d7d6 e1e6,1168,122,58,54,endgame master mate mateIn1 oneMove,https://lichess.org/cc1cx6Fn/black#48,,True,https://lichess.org/training/0Puur
g38rA,2k2r2/pR1Q1r2/4p2p/P1q1P1p1/2Pp4/4n1P1/3B2BP/1R4K1 b - - 0 29,f7d7 b7b8 c8c7 b1b7,1168,75,93,4677,mate mateIn2 middlegame queensideAttack short,https://lichess.org/vPQcIckp/black#58,,True,https://lichess.org/training/g38rA
8yi2F,2r5/7R/1b1R2p1/p6p/P3P1k1/5NP1/1Kr3PP/8 w - - 7 37,b2b3 c8c3,1168,77,100,148,endgame mate mateIn1 oneMove,https://lichess.org/m5qhiNDo#73,,True,https://lichess.org/training/8yi2F
uO49r,6k1/R4R2/8/1P6/5PP1/2p1PB2/1r1r2P1/4K3 w - - 1 44,f7c7 b2b1 f3d1 b1d1,1169,75,88,732,endgame mate mateIn2 short,https://lichess.org/zPB6oFK4#87,,True,https://lichess.org/training/uO49r
lfoM7,k6r/4q2r/p3p3/3p4/3Pp3/PQ4P1/1P3P2/2R1R1K1 w - - 2 30,b3b6 h7h1 g1g2 h8h2,1169,77,81,593,endgame mate mateIn2 short,https://lichess.org/jT86fq8n#59,,True,https://lichess.org/training/lfoM7
dqnUd,7r/1b1k3r/p3pp2/3p4/P1Q5/5Pq1/5R1P/1B1R2K1 w - - 0 40,h2g3 h7h1 g1g2 h8h2,1169,76,94,70,mate mateIn2 middlegame short,https://lichess.org/koiF0dlK#79,,True,https://lichess.org/training/dqnUd
E7gU8,1r4kQ/4np1p/2q1p1p1/1p1pP1P1/pP4P1/P1P5/3N1PKR/7R b - - 0 30,g8h8 h2h7 h8g8 h7h8 g8g7 h1h7,1169,76,94,633,endgame kingsideAttack long mate mateIn3,https://lichess.org/j7LGeDQV/black#60,,True,https://lichess.org/training/E7gU8
czIzD,4r1k1/R5Rp/p7/1p6/1n6/8/8/6K1 b - - 0 45,g8f8 a7f7,1169,76,97,1681,endgame mate mateIn1 oneMove,https://lichess.org/ei76TRfJ/black#90,,True,https://lichess.org/training/czIzD
4jCV0,7r/ppp1k3/3bP3/5p2/P5p1/2PQ2P1/1P3P1r/R5K1 w - - 1 30,a1d1 h2h1 g1g2 h8h2,1169,79,79,80,endgame mate mateIn2 short,https://lichess.org/gE4XbKKR#59,,True,https://lichess.org/training/4jCV0
ZLTlB,r5k1/2p1pp1R/3pbNp1/8/2PP4/p2rP1P1/6P1/K6R b - - 0 29,e7f6 h7h8 g8g7 h1h7,1169,77,91,4175,endgame mate mateIn2 short,https://lichess.org/a8TyojiS/black#58,,True,https://lichess.org/training/ZLTlB
P8MC0,7k/6p1/1pp3p1/2b1B3/P3P3/1PK4P/1P1r1rP1/R6R w - - 1 31,a1f1 d2c2 c3d3 f2d2,1169,77,94,1540,endgame master mate mateIn2 short,https://lichess.org/nBUYDGV3#61,,True,https://lichess.org/training/P8MC0
aTLhb,rr4k1/5p1R/p5p1/2p1P3/2p2p2/1P6/P1P5/1K5R b - - 0 28,c4b3 h7h8 g8g7 h1h7,1169,76,79,211,endgame mate mateIn2 rookEndgame short,https://lichess.org/S9xi8nUA/black#56,,True,https://lichess.org/training/aTLhb
0X00V,3r2k1/8/p3p3/1pB1Npp1/1P6/P3K1PP/3r4/R7 w - - 0 31,e5c6 d8d3,1170,76,84,327,endgame mate mateIn1 oneMove,https://lichess.org/BSzHLLiN#61,,True,https://lichess.org/training/0X00V
cWxKz,3nr3/1R1R1ppk/1B5p/pp6/5PP1/1PP2K1P/1P2r3/8 w - - 3 34,b6d8 e8e3,1170,75,92,214,endgame mate mateIn1 oneMove,https://lichess.org/S6FWRzMx#67,,True,https://lichess.org/training/cWxKz
ZBUam,8/1R6/2p4p/3p4/N7/kP2PK1P/P1r3r1/R7 w - - 3 31,b7a7 c2f2,1170,76,97,3843,endgame mate mateIn1 oneMove,https://lichess.org/nytZFIOI#61,,True,https://lichess.org/training/ZBUam
BE60b,3r2k1/p4r1p/4p1Q1/1p2P1p1/2qp4/5P1R/PP4P1/1K5R b - - 0 28,h7g6 h3h8 g8g7 h1h7,1170,81,92,929,endgame mate mateIn2 queenRookEndgame short,https://lichess.org/s00dYgLl/black#56,,True,https://lichess.org/training/BE60b
NxrAj,7r/5pk1/p3q1p1/1ppQn3/8/P5R1/1PP1BP1r/3R2K1 w - - 0 31,d5e6 h2h1 g1g2 h8h2,1170,75,92,6728,mate mateIn2 middlegame short,https://lichess.org/hT4FsdyV#61,,True,https://lichess.org/training/NxrAj
N2yb2,8/pp2kp2/8/2p5/4P3/2PP1p1r/PP3RrP/5R1K w - - 2 26,f2f3 h3h2,1170,75,98,385,endgame master masterVsMaster mate mateIn1 oneMove rookEndgame,https://lichess.org/XHohNGN6#51,,True,https://lichess.org/training/N2yb2
GalJC,8/4ppkp/p2p2p1/8/1P1KP3/r1r2P2/3N2PP/R3R3 w - - 0 28,d2f1 c3d3 d4c4 a3c3,1170,78,88,839,endgame mate mateIn2 short,https://lichess.org/VQs0vixg#55,,True,https://lichess.org/training/GalJC
fYhLv,7r/p3ppk1/1p3qp1/2p5/3P2Q1/1P2P1P1/P2R1P2/3R2Kr w - - 3 30,g1g2 h8h2,1170,76,90,1082,endgame master mate mateIn1 oneMove,https://lichess.org/hszHKIhr#59,,True,https://lichess.org/training/fYhLv
Rxdwk,8/ppR4R/4p3/2kpr3/8/P1P3r1/8/3K4 b - - 4 42,c5d6 h7d7,1171,78,81,293,endgame mate mateIn1 oneMove rookEndgame,https://lichess.org/S7l7Oxpr/black#84,,True,https://lichess.org/training/Rxdwk
MGwUQ,7r/3R1pk1/p5p1/3P1pP1/2p1bP2/4P1K1/1P3N1r/2R5 w - - 1 33,f2e4 h8h3,1171,77,87,1978,endgame master mate mateIn1 oneMove,https://lichess.org/EUBy1C1e#65,,True,https://lichess.org/training/MGwUQ
UoKYL,1k5r/p1p4r/3b3q/1P3p2/3pB1p1/P2P2P1/2P2PQ1/R3R1K1 w - - 0 26,e4f5 h6h1 g2h1 h7h1 g1g2 h8h2,1171,75,88,592,kingsideAttack long mate mateIn3 middlegame,https://lichess.org/Dgyx8mkG#51,,True,https://lichess.org/training/UoKYL
uU8kx,8/8/6P1/3kB2p/1R3P2/8/3r3r/4KR2 w - - 13 60,e5c3 h2e2,1171,76,90,1334,endgame master mate mateIn1 oneMove,https://lichess.org/QhgbHJ5L#119,,True,https://lichess.org/training/uU8kx
evoqB,6k1/2R2R2/6pb/p3N2p/8/2P4P/r5r1/7K b - - 1 28,g2f2 c7c8 h6f8 c8f8,1171,76,90,814,endgame mate mateIn2 short,https://lichess.org/ZFge6sEx/black#56,,True,https://lichess.org/training/evoqB
4imMI,2k4r/ppp5/8/4b3/6P1/2P1QP2/Pq3R1r/4R1K1 w - - 2 34,f2b2 h2h1 g1g2 h8h2,1171,75,84,179,endgame mate mateIn2 short,https://lichess.org/suSKeOFM#67,,True,https://lichess.org/training/4imMI
unHkn,8/1p2n2R/p1bbp1k1/3P1pr1/8/1BP2K2/PP3P2/7R b - - 0 35,e7d5 h1h6,1171,77,86,330,mate mateIn1 middlegame oneMove,https://lichess.org/pw3pcSbb/black#70,,True,https://lichess.org/training/unHkn
KBnsY,8/8/5pk1/2P4p/5R1P/5P2/r5r1/4R1K1 w - - 1 45,g1f1 a2f2,1172,79,89,326,endgame mate mateIn1 oneMove rookEndgame,https://lichess.org/yoeEeTHQ#89,,True,https://lichess.org/training/KBnsY
l3XU9,8/2R3R1/p2K2kp/1qpP4/6P1/8/8/8 b - - 0 47,g6f6 c7f7,1172,75,94,126,endgame mate mateIn1 oneMove queenRookEndgame,https://lichess.org/x8d5B3Mg/black#94,,True,https://lichess.org/training/l3XU9
rQv46,4r1k1/R5R1/2p4p/5pp1/1P6/2n2P1P/5PK1/2r5 b - - 10 38,g8f8 a7f7,1172,75,68,97,endgame mate mateIn1 oneMove,https://lichess.org/TN9fqY0f/black#76,,True,https://lichess.org/training/rQv46
5hw9L,r5k1/r5b1/6Qp/2p1P1p1/1p3p2/1P5P/1BP3P1/qK1RR3 w - - 3 32,b2a1 a7a1 b1b2 a8a2,1172,79,84,154,mate mateIn2 middlegame queensideAttack short,https://lichess.org/FxkX3L35#63,,True,https://lichess.org/training/5hw9L
TDqPC,r7/8/1R2R2p/p1kp4/8/2P5/PP5r/2K5 b - - 0 28,a8g8 e6c6,1172,77,94,1253,endgame mate mateIn1 oneMove rookEndgame,https://lichess.org/yrFsquzl/black#56,,True,https://lichess.org/training/TDqPC
UFEqG,r7/1kp4p/6p1/3Np3/1PRnPp2/1K1P1P2/r1N3PP/8 w - - 11 34,c2d4 a8a3,1172,77,100,431,endgame mate mateIn1 oneMove,https://lichess.org/Ejurb2QO#67,,True,https://lichess.org/training/UFEqG
vVL6T,8/2r2r1p/p1k1K2P/1p1pPn2/1P1P4/P1P2R2/3B1R2/8 w - - 1 43,f3f5 c7e7,1172,75,95,1917,endgame mate mateIn1 oneMove,https://lichess.org/n8WHHj8v#85,,True,https://lichess.org/training/vVL6T
Zszdv,6k1/1ppb1r1p/p1n1p1BR/4P3/3P4/2P5/P7/2K4R b - - 0 22,h7g6 h6h8 g8g7 h1h7,1172,78,88,427,endgame mate mateIn2 short,https://lichess.org/lUagPxm4/black#44,,True,https://lichess.org/training/Zszdv
LOlId,6r1/4k3/4p3/7P/7K/6r1/6P1/5Q2 w - - 6 49,f1b5 g8g4,1172,119,56,33,endgame mate mateIn1 oneMove queenRookEndgame,https://lichess.org/3n7RWzzh#97,,True,https://lichess.org/training/LOlId
wSFKv,8/1p5k/p2pr1p1/2p2q1p/2PP1Rn1/2P3PQ/P4r1P/2B1R1K1 w - - 0 29,f4f5 e6e1 h3f1 e1f1,1172,75,100,302,fork hangingPiece mate mateIn2 middlegame short,https://lichess.org/IYANRcTr#57,,True,https://lichess.org/training/wSFKv
rg7Sl,8/7p/4p3/3pPp1R/kr1r1P2/1pK3P1/1P2R3/8 w - - 1 40,h5h7 b4c4,1173,77,79,304,endgame master mate mateIn1 oneMove rookEndgame,https://lichess.org/xB8QmDkq#79,,True,https://lichess.org/training/rg7Sl
7nGME,8/6k1/6p1/p1pNp1Pp/2P1Pp1P/P7/3r3r/1R1K1R2 w - - 8 36,d1e1 h2e2,1173,78,83,100,endgame master mate mateIn1 oneMove,https://lichess.org/0bsssZ2Z#71,,True,https://lichess.org/training/7nGME
7GWrP,1k5r/1ppn4/p2p4/P2PpR2/2P1n3/B1P1Q1rq/4R1PK/8 w - - 0 30,g2h3 h8h3,1173,76,98,3902,mate mateIn1 middlegame oneMove,https://lichess.org/TBjEI4ZO#59,,True,https://lichess.org/training/7GWrP
FQ55c,1k1r4/2p5/1p6/bP2p1pp/R7/2Nr2PP/6P1/R6K b - - 0 32,a5c3 a4a8 b8b7 a1a7,1173,77,87,1095,endgame mate mateIn2 short,https://lichess.org/RIsCAgHd/black#64,,True,https://lichess.org/training/FQ55c
2VXYb,8/8/4R3/2p2kp1/8/1P2RK2/1q6/8 b - - 4 54,b2b1 e3e5,1173,126,81,42,endgame master masterVsMaster mate mateIn1 oneMove queenRookEndgame,https://lichess.org/cbVskmGX/black#108,,True,https://lichess.org/training/2VXYb
p73Sx,1r2rk2/6R1/7R/7p/3BP3/1bP2P2/p2K4/8 b - - 7 44,a2a1q h6h8 b3g8 h8g8,1173,76,100,144,mate mateIn2 middlegame short,https://lichess.org/Q3Nh0zxp/black#88,,True,https://lichess.org/training/p73Sx
MbTVK,4r3/5pk1/5pp1/p1pR4/2P2PP1/1P1R1K2/P3r3/8 w - - 2 40,d3d2 e8e3,1173,81,69,118,endgame mate mateIn1 oneMove rookEndgame,https://lichess.org/0kC5M19B#79,,True,https://lichess.org/training/MbTVK
zJpt4,r7/1R2R3/2kp3p/4p1p1/p3P3/7P/P1rN2P1/6K1 b - - 1 42,c2d2 e7c7,1173,76,98,2482,endgame mate mateIn1 oneMove rookEndgame,https://lichess.org/x6un3FPd/black#84,,True,https://lichess.org/training/zJpt4
LgqOA,2r5/p4p2/1p1kP1p1/4R2p/1P5P/2rK1P2/P3RP2/8 w - - 3 37,d3d4 c8c4,1173,79,78,291,endgame mate mateIn1 oneMove rookEndgame,https://lichess.org/dMPhJH9m#73,,True,https://lichess.org/training/LgqOA
l9Q8q,8/2k5/3r4/p7/2P1B3/1PK5/P2r2n1/4R2R w - - 0 40,e4g2 d6d3,1173,77,94,585,endgame mate mateIn1 oneMove,https://lichess.org/Ndw3DJy6#79,,True,https://lichess.org/training/l9Q8q
hDwAs,4r3/R7/5k2/p4p2/P1P1r3/6p1/3RBKP1/8 w - - 0 36,f2f3 e4e3 f3f4 e8e4,1173,77,68,159,endgame mate mateIn2 short,https://lichess.org/kejF4Wr9#71,,True,https://lichess.org/training/hDwAs
Xm7mZ,4r3/1p1Rkrp1/p3Np1p/2p1p3/4P3/2P5/PP3PPP/3R2K1 b - - 0 25,e7e6 d1d6,1173,79,91,778,endgame mate mateIn1 oneMove rookEndgame,https://lichess.org/Q38KWPD2/black#50,,True,https://lichess.org/training/Xm7mZ
70cJX,2k4r/ppp2pb1/4p3/4P3/2P3p1/2Q1B1Pr/PP2PP1P/2R4K w - - 1 21,f2f3 h3h2 h1g1 h2h1 g1g2 h8h2,1173,158,88,27,endgame kingsideAttack long mate mateIn3,https://lichess.org/2JkuPgD5#41,,True,https://lichess.org/training/70cJX
Hkw8a,8/5p2/k3p1n1/Pp2Pp2/1r2rP2/2K3RP/3B1R2/8 w - - 0 54,g3d3 e4c4,1173,80,90,434,endgame master mate mateIn1 oneMove,https://lichess.org/vs5w9soJ#107,,True,https://lichess.org/training/Hkw8a
4cdR4,8/pp6/6kR/8/1r4p1/5rP1/P4P1R/5K2 b - - 1 44,g6g5 h2h5,1174,77,69,115,endgame mate mateIn1 oneMove rookEndgame,https://lichess.org/zbuOZKuG/black#88,,True,https://lichess.org/training/4cdR4
louil,1k1rr3/R1b2p1p/1p3q2/3Pn3/1P1Q4/4Bb1p/2P2PPP/R5K1 b - - 2 21,f3g2 a7a8 b8b7 a1a7,1174,80,93,4466,mate mateIn2 middlegame queensideAttack short,https://lichess.org/6fFOG1Cx/black#42,,True,https://lichess.org/training/louil
HJllG,5rk1/4R2R/5pp1/p2r4/2p2PP1/3b2K1/P7/8 b - - 3 36,g6g5 e7g7,1174,174,71,15,endgame mate mateIn1 oneMove,https://lichess.org/TIV5nLMR/black#72,,True,https://lichess.org/training/HJllG
EIKrz,8/p2N1k1p/3P2p1/5p2/3R4/6P1/Pr4rP/4R1K1 w - - 1 28,g1f1 b2f2,1174,89,71,41,endgame master mate mateIn1 oneMove,https://lichess.org/0MaYKknx#55,,True,https://lichess.org/training/EIKrz
o4aAn,r1b1r2R/5kQ1/1p1q1p2/p2p1B2/P2P4/4P1P1/1P3PK1/7R b - - 0 32,f7g7 h1h7,1174,75,94,2044,master masterVsMaster mate mateIn1 middlegame oneMove,https://lichess.org/u9APTlNt/black#64,,True,https://lichess.org/training/o4aAn
HW6Mk,8/4kpp1/8/2KRPP1p/1r4r1/3p4/1P1R4/8 w - - 6 47,d2d3 g4c4,1175,76,73,147,endgame master mate mateIn1 oneMove rookEndgame,https://lichess.org/YRSVrZ9i#93,,True,https://lichess.org/training/HW6Mk
Nr37H,7r/pkp2Qpr/1pp5/8/2P3p1/1P2P1q1/P1P2R1P/3R2K1 w - - 0 22,h2g3 h7h1 g1g2 h8h2,1175,75,97,3856,endgame mate mateIn2 queenRookEndgame short,https://lichess.org/7VHrVGOJ#43,,True,https://lichess.org/training/Nr37H
FMhbm,4r1k1/2pq1r1p/p2p2Q1/1p6/4N3/7R/PPP5/2K4R b - - 0 25,h7g6 h3h8 g8g7 h1h7,1175,77,84,1188,endgame mate mateIn2 short,https://lichess.org/7IGhxj0v/black#50,,True,https://lichess.org/training/FMhbm
W97UE,2k3r1/1pR2R2/p3p3/7B/7p/q7/6PP/4K3 b - - 0 37,c8d8 f7d7,1175,81,93,120,endgame mate mateIn1 oneMove,https://lichess.org/zKpQctyP/black#74,,True,https://lichess.org/training/W97UE
Z55sX,8/2R2R2/3p1Np1/r1bk4/6P1/8/r4P2/5K2 b - - 5 41,d5e6 c7e7,1175,78,96,1560,endgame mate mateIn1 oneMove,https://lichess.org/ygiCgUDX/black#82,,True,https://lichess.org/training/Z55sX
5seWY,b3rR1k/8/6pp/8/1p2r2P/6K1/B7/5R2 b - - 7 46,h8g7 f1f7,1175,79,88,273,endgame mate mateIn1 oneMove,https://lichess.org/8DidYJPb/black#92,,True,https://lichess.org/training/5seWY
tsrQk,8/1b2R2R/2q3p1/p1r3k1/2p4P/P4p2/BPP3P1/6K1 b - - 0 35,g5f6 h7f7,1175,76,88,196,endgame mate mateIn1 oneMove,https://lichess.org/7Hm3aQG3/black#70,,True,https://lichess.org/training/tsrQk
vpykK,r5k1/p3p1q1/6pQ/2p3P1/1n1b1P2/8/PP5R/1K5R b - - 2 35,g7f7 h6h8 d4h8 h2h8 g8g7 h1h7,1175,81,87,902,exposedKing long mate mateIn3 middlegame sacrifice,https://lichess.org/oMey9xIR/black#70,,True,https://lichess.org/training/vpykK
rgrOd,1r4k1/p3bpp1/2p2n1p/2p1N3/3p1P2/1r1P1N1P/3B3R/2K1R3 w - - 2 26,e5c6 b3b1 c1c2 b8b2,1175,168,50,21,mate mateIn2 middlegame queensideAttack short,https://lichess.org/1t9EVYrK#51,,True,https://lichess.org/training/rgrOd
xJwDB,2Rb3r/ppQkn1pp/q3pp2/3pP3/3P4/P3BK2/1P2NPPP/2R5 b - - 6 20,d8c7 c1c7,1175,79,87,726,mate mateIn1 middlegame oneMove,https://lichess.org/vhd4Q2Dn/black#40,,True,https://lichess.org/training/xJwDB
hnHHK,r1b2r2/p2n2p1/1b4k1/3R3R/2B1p1P1/1P2P3/1B3PP1/2K5 b - - 6 27,d7f6 d5g5,1176,136,47,15,mate mateIn1 middlegame oneMove,https://lichess.org/oF8Jq6XD/black#54,,True,https://lichess.org/training/hnHHK
ZO4Br,7r/p1p5/8/8/2kPp2r/1N6/PP3RP1/4R1K1 w - - 10 39,g2g3 h4h1 g1g2 h8h2,1176,75,98,636,endgame mate mateIn2 short,https://lichess.org/QdqeHDtS#77,,True,https://lichess.org/training/ZO4Br
aZtPi,6k1/p4pp1/5b2/6P1/5P2/2P2RK1/PP1pr2r/3R4 w - - 1 38,g5f6 e2g2,1176,76,84,1345,endgame mate mateIn1 oneMove rookEndgame,https://lichess.org/3st5SnaM#75,,True,https://lichess.org/training/aZtPi
YRHlr,3r2k1/5p2/2b1n1pp/p3P3/2B2P2/4K1P1/P2r3P/2R1R3 w - - 2 35,c4e6 d8d3,1176,103,54,34,endgame master mate mateIn1 oneMove,https://lichess.org/hjTxCtXM#69,,True,https://lichess.org/training/YRHlr
Y6CJx,8/5r2/3p3p/pN1R2pk/2PR4/1P4KP/P4r2/8 w - - 9 60,d5d6 f7f3,1176,76,83,65,endgame mate mateIn1 oneMove,https://lichess.org/Ka8RWqDD#119,,True,https://lichess.org/training/Y6CJx
bNB3z,7r/ppk5/2p1BNp1/4P3/3P1p1r/5P2/PR6/R5K1 w - - 1 29,a1b1 h4h1 g1g2 h8h2,1176,75,100,489,endgame mate mateIn2 short,https://lichess.org/eB4rTroy#57,,True,https://lichess.org/training/bNB3z
diciN,5Q2/8/1p6/4P3/4k3/8/PP2KP2/3r2r1 w - - 5 53,e5e6 g1e1,1176,75,100,1680,endgame master mate mateIn1 oneMove queenRookEndgame,https://lichess.org/Vtlg9LT9#105,,True,https://lichess.org/training/diciN
NAlCR,7r/1pp5/p2p1k2/6p1/P2PB3/BP2P1Kr/1R6/8 w - - 3 33,g3g4 h8h4,1176,76,95,9754,endgame mate mateIn1 oneMove,https://lichess.org/jXK6oQ29#65,,True,https://lichess.org/training/NAlCR
NFKIS,8/1p3pk1/3p1pr1/1B1PpR2/P1P4P/5R1K/5nr1/8 w - - 5 46,f3f2 g6g3,1176,74,97,1561,endgame master mate mateIn1 oneMove,https://lichess.org/qBfrfLWu#91,,True,https://lichess.org/training/NFKIS
Y4tn4,1k3r2/pbp4p/1p2p3/4N3/P2Q4/2BP4/1PP2qrP/R3RK2 w - - 0 25,d4f2 f8f2,1176,78,90,109,mate mateIn1 middlegame oneMove,https://lichess.org/zN0rln4G#49,,True,https://lichess.org/training/Y4tn4
JU5VI,2k2r2/pR1r1p2/2p1p1p1/q2nP2p/3P3P/1RQ2N2/P4PP1/6K1 b - - 0 23,d5c3 b7b8 c8c7 b3b7,1177,136,78,44,mate mateIn2 middlegame queensideAttack short,https://lichess.org/JoyH88o7/black#46,,True,https://lichess.org/training/JU5VI
tjblv,7k/8/p2P3p/8/7P/8/1r3r2/1K1R2R1 w - - 0 32,b1c1 f2c2,1177,97,71,140,endgame mate mateIn1 oneMove rookEndgame,https://lichess.org/67OYo2SH#63,,True,https://lichess.org/training/tjblv
8uUkE,2k4r/p1qr1ppp/2p1p1n1/Q2pP3/3P1PP1/2P5/PR5P/1RB2BK1 b - - 0 23,c7a5 b2b8 c8c7 b1b7,1177,76,93,797,mate mateIn2 middlegame queensideAttack short,https://lichess.org/4KTnQqd8/black#46,,True,https://lichess.org/training/8uUkE
fHeVJ,6k1/p1p1p3/1pn1N3/7P/3P2P1/2PPK1R1/r4r2/1R6 w - - 1 24,d4d5 a2e2,1177,75,98,879,endgame master mate mateIn1 oneMove,https://lichess.org/U0qwNyA8#47,,True,https://lichess.org/training/fHeVJ
UK4G6,1r3k2/5p1p/5p2/4P3/R4R1P/K7/1r6/8 w - - 3 64,e5f6 b8b3,1177,231,82,17,endgame mate mateIn1 oneMove rookEndgame,https://lichess.org/Wx3Lpk2D#127,,True,https://lichess.org/training/UK4G6
AoAE0,6k1/p1p2pp1/8/3P4/P1P3pP/4R1Pr/7r/2R3K1 w - - 12 38,c1e1 h2h1 g1g2 h3h2,1177,77,93,6842,endgame mate mateIn2 rookEndgame short,https://lichess.org/9mLvyurr#75,,True,https://lichess.org/training/AoAE0
1IlXA,3R3R/ppp1kp2/6r1/8/8/8/r4P1P/5K2 b - - 12 37,g6f6 h8e8,1177,80,89,436,endgame mate mateIn1 oneMove rookEndgame,https://lichess.org/jbSlj6Ti/black#74,,True,https://lichess.org/training/1IlXA
0Ux8z,4r3/3n1pp1/1p1r2k1/pP1PpR1R/2P1P3/7P/4B3/7K b - - 6 40,d6f6 f5g5,1177,76,91,859,endgame mate mateIn1 oneMove,https://lichess.org/BNKW0eD5/black#80,,True,https://lichess.org/training/0Ux8z
GjYX3,6r1/pQpkb2p/2np4/4p3/3PR3/2P2N1b/PP1N2rK/R1B5 w - - 1 22,h2h3 g8g3,1178,297,85,13,mate mateIn1 middlegame oneMove,https://lichess.org/vDQOK88V#43,,True,https://lichess.org/training/GjYX3
IVU0s,8/pp4kp/2n2p2/8/2Q5/P4P2/1r4rP/4R1K1 w - - 0 34,g1f1 b2f2,1178,78,88,459,endgame mate mateIn1 oneMove,https://lichess.org/YC02ApQK#67,,True,https://lichess.org/training/IVU0s
OCw5j,r6r/4R2p/p2k2pb/2p4n/8/2N2P2/PPP3PP/1K2R3 b - - 1 22,h6g5 e1e6,1178,75,91,2528,mate mateIn1 middlegame oneMove,https://lichess.org/27VGy4Dt/black#44,,True,https://lichess.org/training/OCw5j
ZMxpO,8/p3pk2/3pR1p1/6P1/5P2/1P6/P1r4r/2K1R3 w - - 3 37,c1d1 h2d2,1178,76,90,251,endgame master mate mateIn1 oneMove rookEndgame,https://lichess.org/86uYYMwY#73,,True,https://lichess.org/training/ZMxpO
Fjr6m,r5k1/5pq1/2p1p1p1/1p1pP1P1/2nP2B1/r1PK3Q/7R/7R b - - 6 36,b5b4 h3h8 g7h8 h2h8 g8g7 h1h7,1178,82,87,1843,kingsideAttack long mate mateIn3 middlegame,https://lichess.org/nuGomFYu/black#72,,True,https://lichess.org/training/Fjr6m
wmzCH,6r1/5p2/R4P2/2kp4/7R/7K/P5r1/8 w - - 0 37,a6a7 g8g3,1178,81,88,640,endgame mate mateIn1 oneMove rookEndgame,https://lichess.org/5U6lq9hh#73,,True,https://lichess.org/training/wmzCH
orthN,8/4k2p/1pB3p1/2p5/P3n3/1P2P3/3r1r1P/2RRK3 w - - 2 29,c6e4 d2e2,1178,183,89,42,endgame master mate mateIn1 oneMove,https://lichess.org/43vWs0ot#57,,True,https://lichess.org/training/orthN
KTwk8,8/pR6/2p2k2/P7/1PK1P3/2r2rp1/8/6R1 w - - 1 38,c4d4 f3d3,1178,94,86,49,endgame master mate mateIn1 oneMove rookEndgame,https://lichess.org/EzcTZMJr#75,,True,https://lichess.org/training/KTwk8
jgTFg,k7/3n1p2/P2P2p1/2p4p/N1P5/R4P2/4r1r1/1R2bK2 w - - 0 42,b1e1 e2f2,1178,75,70,163,endgame master mate mateIn1 oneMove,https://lichess.org/lqS20YbI#83,,True,https://lichess.org/training/jgTFg
WTtuC,r4rk1/pbp4R/2n2pp1/2KB1q2/2p5/8/P5P1/7R b - - 0 25,f8f7 h7h8 g8g7 h1h7,1178,77,100,96,mate mateIn2 middlegame pin short,https://lichess.org/cgAimtQZ/black#50,,True,https://lichess.org/training/WTtuC
f6zsQ,1r4k1/5ppp/p1p5/2R5/3pP1PP/1r1P4/3B4/2K4R w - - 1 23,h1e1 b3b1 c1c2 b8b2,1179,76,87,184,endgame mate mateIn2 short,https://lichess.org/WIlnIYWt#45,,True,https://lichess.org/training/f6zsQ
C5UKo,r6r/pp1R2pp/2n1k3/5p2/4pP2/2B5/PPP2P1P/2KR4 b - - 5 23,a8d8 d1d6,1179,76,90,3738,endgame mate mateIn1 oneMove,https://lichess.org/kGERtxCH/black#46,,True,https://lichess.org/training/C5UKo
kLrNw,3r3k/2pq1prQ/p2p1p2/1pn1pP2/4P2R/2P4R/PP1N2PP/7K b - - 0 25,g7h7 h4h7 h8g8 h7h8 g8g7 h3h7,1179,76,89,280,exposedKing kingsideAttack long mate mateIn3 middlegame,https://lichess.org/hLuySfBN/black#50,,True,https://lichess.org/training/kLrNw
dj3uL,8/6p1/7p/1p2R3/2p2kr1/P1P5/4RK2/1r6 b - - 1 56,g4g5 e2e4,1179,78,90,734,endgame mate mateIn1 oneMove rookEndgame,https://lichess.org/BmxZuCsz/black#112,,True,https://lichess.org/training/dj3uL
6l2kn,2k2n1r/bp3p2/p3p3/6N1/P1n2BP1/1N4K1/1PP4r/1R3R2 w - - 7 28,g5f7 h8h3,1179,75,80,321,mate mateIn1 middlegame oneMove,https://lichess.org/oM2R5a2K#55,,True,https://lichess.org/training/6l2kn
yf0PA,5r2/p1p2n1R/1p2p1k1/3p2P1/3P4/2PKN3/Pr6/7R b - - 0 32,f7g5 h1h6,1179,77,93,2850,endgame master mate mateIn1 oneMove,https://lichess.org/PMYfiPgL/black#64,,True,https://lichess.org/training/yf0PA
UFBPw,3r2k1/1p3p2/2p2Rp1/p3P3/4p3/P2rK2P/1P4P1/5R2 w - - 6 28,e3e4 d8d4,1179,77,83,362,endgame mate mateIn1 oneMove rookEndgame,https://lichess.org/7FPVOFns#55,,True,https://lichess.org/training/UFBPw
Me3wB,4R3/5k2/1rp2r1p/4RP2/6P1/8/8/7K b - - 11 52,b6b3 e5e7,1179,109,81,41,endgame mate mateIn1 oneMove rookEndgame,https://lichess.org/0pDwZhLP/black#104,,True,https://lichess.org/training/Me3wB
pSzXV,7r/p1p5/3p2k1/3P2p1/4p1q1/4R1P1/P3QPK1/7r w - - 0 37,e2g4 h8h2,1179,78,75,336,endgame mate mateIn1 oneMove queenRookEndgame,https://lichess.org/zcugE3hB#73,,True,https://lichess.org/training/pSzXV
rkYjf,5rk1/p7/4p2p/2RpP1p1/1N4P1/Pb4KP/3N1r2/7R w - - 0 34,d2b3 f8f3,1180,76,91,780,endgame mate mateIn1 oneMove,https://lichess.org/CsXqJUSl#67,,True,https://lichess.org/training/rkYjf
FZfqB,6rk/p4R2/1p5p/2p1PN2/2P1b2P/7K/PP4r1/3R4 w - - 11 34,d1d6 e4f5 f7f5 g8g3,1180,76,95,9061,endgame mate mateIn2 short,https://lichess.org/3Gy1WR9w#67,,True,https://lichess.org/training/FZfqB
wBO1G,R3R3/2rk2r1/2p2q2/1p1p1Q2/1P1P3P/4P1P1/5P2/6K1 b - - 0 44,f6f5 a8d8,1180,78,94,1392,endgame master mate mateIn1 oneMove queenRookEndgame,https://lichess.org/chFtPXEh/black#88,,True,https://lichess.org/training/wBO1G
fUhne,3r4/5k2/p6p/1P1rPB2/2p5/2P1R1P1/1P5P/2K5 w - - 1 32,b5a6 d5d1 c1c2 d8d2,1180,78,82,101,endgame mate mateIn2 short,https://lichess.org/I4cziu7E#63,,True,https://lichess.org/training/fUhne
N4Qo8,6k1/p5p1/8/7r/8/2P1BRPr/P1P2P2/R5K1 w - - 1 33,a1c1 h3h1 g1g2 h5h2,1180,74,94,233,endgame mate mateIn2 short,https://lichess.org/zMS9o36C#65,,True,https://lichess.org/training/N4Qo8
28Obk,4R3/pp3k1p/2p5/8/2P5/6PP/P1Pr2r1/4R1K1 w - - 6 34,g1f1 d2f2,1180,77,85,73,endgame mate mateIn1 oneMove rookEndgame,https://lichess.org/XonY9Wxp#67,,True,https://lichess.org/training/28Obk
3OwYs,4r3/1p1R1p1p/pr2k1p1/4p3/2P1P3/8/PP4PP/3R2K1 b - - 0 30,b6b2 d1d6,1180,75,97,4338,endgame mate mateIn1 oneMove rookEndgame,https://lichess.org/yho4A9Vu/black#60,,True,https://lichess.org/training/3OwYs
QMyVr,3r2k1/5pq1/p5p1/1pPrPpP1/3P3Q/7R/7R/6K1 b - - 7 39,d5d4 h4h8 g7h8 h3h8 g8g7 h2h7,1180,77,89,334,endgame long mate mateIn3,https://lichess.org/lIZvkE4u/black#78,,True,https://lichess.org/training/QMyVr
FSiVi,7k/1p4p1/2pB3p/1rPp4/3PnP1P/2K5/1rB5/4R2R w - - 2 31,c2e4 b5b3,1181,79,89,518,endgame mate mateIn1 oneMove,https://lichess.org/DmoqvAeB#61,,True,https://lichess.org/training/FSiVi
3UgoG,2r1r1k1/1pp1np2/6p1/p2p2P1/1P1P4/P3PKP1/7R/7R b - - 0 28,e7f5 h2h8 g8g7 h1h7,1181,77,80,124,endgame mate mateIn2 short,https://lichess.org/GofPfx0c/black#56,,True,https://lichess.org/training/3UgoG
gmKAo,1r4k1/p3bppp/4p3/2PpN3/3P4/P1K2P2/1r4PP/R6R w - - 3 25,e5c6 b8b3,1181,75,96,2011,endgame mate mateIn1 oneMove,https://lichess.org/cRUWFS5a#49,,True,https://lichess.org/training/gmKAo
xaiWt,1k5r/ppp4r/2nb4/3Q2p1/1P1P4/2P2P2/PB3PB1/R3R1Kq w - - 3 27,g2h1 h7h1 g1g2 h8h2,1181,76,94,7326,kingsideAttack mate mateIn2 middlegame short,https://lichess.org/8ekias8F#53,,True,https://lichess.org/training/xaiWt
XK35k,5k2/1p2Rp2/p1brNB1p/6p1/8/7P/r4PP1/3R2K1 b - - 7 31,d6e6 d1d8 c6e8 d8e8,1181,75,88,485,endgame mate mateIn2 short,https://lichess.org/HJMAzXtG/black#62,,True,https://lichess.org/training/XK35k
Xe1Vl,5k2/1p1R2Rp/p5p1/2pP4/P1P1r3/2BK4/1P2r3/8 w - - 9 36,g7h7 e4e3,1181,75,94,2098,endgame mate mateIn1 oneMove,https://lichess.org/8rxIl5kB#71,,True,https://lichess.org/training/Xe1Vl
y2Ugl,r2q2k1/5r1p/p3ppQ1/2bp4/5P2/1PP1P1P1/3N1KPR/7R b - - 0 22,h7g6 h2h8 g8g7 h1h7,1181,77,93,3713,kingsideAttack mate mateIn2 middlegame short,https://lichess.org/GG8m5Pmr/black#44,,True,https://lichess.org/training/y2Ugl
5whpo,3r4/1r3pp1/R3p2p/2kp3n/3P4/1P5P/1PN2P2/R6K b - - 0 32,c5b5 a1a5,1182,79,93,150,endgame mate mateIn1 oneMove,https://lichess.org/7un7Z5B4/black#64,,True,https://lichess.org/training/5whpo
3cpjF,3r1k2/R4R1p/2pr1p2/4p1p1/3p4/7P/2P2PP1/6K1 b - - 3 32,f8e8 a7e7,1182,90,91,59,endgame mate mateIn1 oneMove rookEndgame,https://lichess.org/ffrIEaPE/black#64,,True,https://lichess.org/training/3cpjF
RrxUe,r7/p1R2R1p/1p1pk2r/7p/4P3/7P/2P3P1/6K1 b - - 1 36,a7a5 c7e7,1182,84,44,64,endgame mate mateIn1 oneMove rookEndgame,https://lichess.org/Qm7g7jda/black#72,,True,https://lichess.org/training/RrxUe
dSkGo,1r1Rk3/6pp/5p2/5P2/6PP/K1P5/4r3/1q1R4 b - - 1 44,e8e7 d1d7,1182,76,93,118,endgame mate mateIn1 oneMove queenRookEndgame,https://lichess.org/WtkT96XN/black#88,,True,https://lichess.org/training/dSkGo
kpEvr,8/2R4R/3kpK2/3b1p1p/7r/pr6/8/8 b - - 1 44,a3a2 h7d7,1182,75,98,3684,endgame mate mateIn1 oneMove,https://lichess.org/FwcSHRks/black#88,,True,https://lichess.org/training/kpEvr
vwRTY,8/R7/8/1pP3k1/1P1R4/P1PK1P2/4r2r/8 w - - 6 52,d4e4 e2d2 d3e3 h2e2,1182,76,87,535,endgame mate mateIn2 rookEndgame short,https://lichess.org/YWO8x7ni#103,,True,https://lichess.org/training/vwRTY
1GJMJ,4kr2/pp1r1p2/2p1Q2p/2P2R1n/1P1pP1q1/6P1/P3N1P1/5RK1 b - - 7 26,f7e6 f5f8 e8e7 f1f7,1182,163,88,18,mate mateIn2 middlegame short,https://lichess.org/WmDQk1hi/black#52,,True,https://lichess.org/training/1GJMJ
xlz6x,7r/6R1/6p1/5rk1/3K4/8/8/6R1 b - - 5 59,g5f6 g1g6,1182,77,94,4031,endgame mate mateIn1 oneMove rookEndgame,https://lichess.org/meIk5V9R/black#118,,True,https://lichess.org/training/xlz6x
PVvAA,7r/p1k2p2/1pP2P2/3p3r/6p1/PN4b1/2Q2R1P/2R3K1 w - - 0 31,h2g3 h5h1 g1g2 h8h2,1182,77,88,559,endgame mate mateIn2 short,https://lichess.org/GC1ckpKE#61,,True,https://lichess.org/training/PVvAA
ukgsC,r5kQ/2p2p1p/p5pR/1p4P1/6b1/2P3p1/P1PqB1K1/7R b - - 4 25,g8h8 h6h7 h8g8 h7h8 g8g7 h1h7,1182,74,88,329,endgame long mate mateIn3,https://lichess.org/v7OKgSh0/black#50,,True,https://lichess.org/training/ukgsC
7nYR3,7k/7R/pp1r1r2/1b2Np2/8/5K2/P4P2/7R b - - 0 33,h8g8 h7h8 g8g7 h1h7,1182,84,78,38,endgame master mate mateIn2 short,https://lichess.org/jaDFrgGV/black#66,,True,https://lichess.org/training/7nYR3
9s1Gn,2r5/1rP2R2/2R2p2/4pkpp/8/p4P1P/4KP2/8 b - - 1 39,f5g6 c6f6,1182,90,80,58,endgame mate mateIn1 oneMove rookEndgame,https://lichess.org/JI4rEb24/black#78,,True,https://lichess.org/training/9s1Gn
Iornq,6k1/6p1/1R3pp1/p7/2P1p3/6PP/PR2KP2/3r2r1 w - - 0 38,c4c5 g1e1,1183,76,94,1903,endgame mate mateIn1 oneMove rookEndgame,https://lichess.org/YaoaXvAj#75,,True,https://lichess.org/training/Iornq
w7RlZ,8/p4R2/1pr1p3/3pPk2/3P1p2/1P3R2/r4PP1/6K1 b - - 3 46,f5e4 f7f4,1183,76,93,5683,endgame master mate mateIn1 oneMove rookEndgame,https://lichess.org/a26J2Ofo/black#92,,True,https://lichess.org/training/w7RlZ
psDBs,6rk/1p1P3p/2R1N3/5p2/p4P2/P6P/7K/1R3nr1 w - - 0 40,b1f1 g8g2,1183,77,94,758,endgame master mate mateIn1 oneMove,https://lichess.org/dMqVTFbz#79,,True,https://lichess.org/training/psDBs
WqW4j,2k4r/pp2p3/2n3p1/3pP3/3P4/2N1bPK1/PP3N1r/R4R2 w - - 0 26,f2g4 h8h3,1183,77,88,858,mate mateIn1 middlegame oneMove,https://lichess.org/R6MaLQp5#51,,True,https://lichess.org/training/WqW4j
02QA4,2r1k3/pR2R3/6pp/1p4r1/1Pp1P3/5P2/P4K2/2q5 b - - 5 42,e8d8 b7d7,1183,164,-49,15,endgame mate mateIn1 oneMove queenRookEndgame,https://lichess.org/0BCLJYQg/black#84,,True,https://lichess.org/training/02QA4
BAhFL,1k4r1/1pp5/p2p3p/3P1p2/1PP5/3PQ2P/P4RqK/5Rr1 w - - 7 30,f2g2 g8g2,1183,79,89,372,endgame master mate mateIn1 oneMove queenRookEndgame,https://lichess.org/g2wPAqyW#59,,True,https://lichess.org/training/BAhFL
XcEQ0,7r/ppp1kR2/3p2p1/4p1p1/2P3P1/1P5r/P5K1/5R2 b - - 1 35,e7e6 f1f6,1183,79,88,186,endgame mate mateIn1 oneMove rookEndgame,https://lichess.org/4OUFBzII/black#70,,True,https://lichess.org/training/XcEQ0
hW808,r1R1k2r/5pp1/4p1b1/3p4/p2P3p/B3P3/3K1PPP/2R5 b kq - 1 23,e8d7 c1c7,1183,75,94,1121,endgame master mate mateIn1 oneMove,https://lichess.org/R0n6roYv/black#46,,True,https://lichess.org/training/hW808
TPpKC,3r2k1/4pp1p/6p1/1BP5/6b1/2R1P3/4KPPP/3r3R w - - 3 22,f2f3 d8d2,1184,76,97,629,endgame mate mateIn1 oneMove,https://lichess.org/68vINSBp#43,,True,https://lichess.org/training/TPpKC
gsbDz,6k1/p4pP1/2N4p/3p4/8/2P5/P3r2r/R4KR1 w - - 1 27,c6d4 h2f2,1184,75,100,1079,endgame mate mateIn1 oneMove,https://lichess.org/HM5ASPku#53,,True,https://lichess.org/training/gsbDz
VxNhR,2k1R3/6pp/rnp2r2/6b1/8/B2P4/1PQ2P1q/4RK2 b - - 5 39,c8d7 e1e7,1184,76,94,4848,mate mateIn1 middlegame oneMove,https://lichess.org/rKwJC0JK/black#78,,True,https://lichess.org/training/VxNhR
512A4,2rq2kb/5r1p/p2p2Q1/1p1Pp1P1/7R/4BP2/PPP5/2K4R b - - 0 24,h7g6 h4h8 g8g7 h1h7,1184,76,90,633,kingsideAttack mate mateIn2 middlegame short,https://lichess.org/EVRdWfqT/black#48,,True,https://lichess.org/training/512A4
ZDW33,8/8/R3p3/1p2k3/8/1P5P/1r5r/2KR4 w - - 3 54,a6a3 h2c2,1184,75,92,456,endgame mate mateIn1 oneMove rookEndgame,https://lichess.org/FMtaIEJd#107,,True,https://lichess.org/training/ZDW33
vyjfo,1r4k1/p4pp1/4b1qp/4Q3/2P1P3/PrPP1N2/5PPP/2KR1B1R w - - 1 17,d1d2 b3b1 c1c2 b8b2,1184,77,68,90,mate mateIn2 middlegame queensideAttack short,https://lichess.org/9WwcRtTa#33,Russian_Game Russian_Game_Other_variations,True,https://lichess.org/training/vyjfo
VKm2f,8/1p4rk/p3p2p/4P2Q/5p1B/PP2P2P/3R2qK/3R2r1 w - - 3 35,d2g2 g7g2,1184,76,92,1682,endgame mate mateIn1 oneMove,https://lichess.org/Kn4wx6QJ#69,,True,https://lichess.org/training/VKm2f
3Edda,4r3/p6p/1p1P1kp1/8/P1PR1PP1/3N3P/4r1K1/8 w - - 1 44,g2f3 e8e3,1184,76,74,213,endgame master mate mateIn1 oneMove,https://lichess.org/kq8mQlup#87,,True,https://lichess.org/training/3Edda
zOt2D,8/3R2R1/2p1kr2/3bp3/P5P1/5P2/2P2Kn1/8 b - - 4 39,d5f3 g7e7,1185,87,70,106,endgame master mate mateIn1 oneMove,https://lichess.org/MH5y4ZRm/black#78,,True,https://lichess.org/training/zOt2D
eTZg0,7R/pr4k1/4p1p1/3p1rP1/P2P4/1P5R/3K4/8 b - - 6 39,b7f7 h3h7,1185,86,75,46,endgame mate mateIn1 oneMove rookEndgame,https://lichess.org/k8BNjOvX/black#78,,True,https://lichess.org/training/eTZg0
avrga,8/p1k5/8/5p2/1R6/1N3KP1/PP2r2r/3R4 w - - 2 32,b3d4 h2f2,1185,78,90,717,endgame mate mateIn1 oneMove,https://lichess.org/7zPU92fJ#63,,True,https://lichess.org/training/avrga
QPhRx,8/2pK2R1/p6k/1p4R1/8/P3r2r/8/8 b - - 7 45,h3h5 g5g6,1185,75,88,1157,endgame mate mateIn1 oneMove rookEndgame,https://lichess.org/8sPukne6/black#90,,True,https://lichess.org/training/QPhRx
miKkM,r6r/pppbPB1p/3b2p1/1P6/k2p4/1R6/2P3PP/5RK1 b - - 0 26,d6e7 f1a1 e7a3 a1a3,1185,76,81,85,mate mateIn2 middlegame short,https://lichess.org/MxBCWlsx/black#52,,True,https://lichess.org/training/miKkM
aMHJO,r2k2r1/4bp1p/Q1R1p3/3pP3/3P1pq1/5NP1/PP3P1P/2R3K1 b - - 0 25,a8a6 c6c8 d8d7 c1c7,1185,76,93,551,master mate mateIn2 middlegame short,https://lichess.org/GvpajQrv/black#50,,True,https://lichess.org/training/aMHJO
9R1oZ,4R2R/5kp1/6r1/p2p1p2/3P1P2/4PK2/1r6/8 b - - 2 39,a5a4 h8f8,1186,125,54,38,endgame mate mateIn1 oneMove rookEndgame,https://lichess.org/ixZRjkv7/black#78,,True,https://lichess.org/training/9R1oZ
1Ua6G,2kr3r/1R3R2/1N6/3n1p2/1p5p/1Pp2P2/2P5/2K5 b - - 3 33,d5b6 f7c7,1186,81,88,451,endgame mate mateIn1 oneMove,https://lichess.org/x9NMVaIu/black#66,,True,https://lichess.org/training/1Ua6G
Ej7w0,4r1kR/5r2/pp2p1p1/1bppP3/6P1/2P2B2/PP4P1/2K4R b - - 2 27,g8g7 h1h7,1186,76,93,3524,endgame mate mateIn1 oneMove,https://lichess.org/81RibUdn/black#54,,True,https://lichess.org/training/Ej7w0
fICRI,r1bR4/2p1kp1p/pb2p1p1/8/2p1N1P1/7K/PP6/3R4 b - - 3 24,c8b7 d1d7,1186,79,89,113,endgame mate mateIn1 oneMove,https://lichess.org/Toam47ld/black#48,,True,https://lichess.org/training/fICRI
YUOGD,2r2k2/1b1n1R2/p2pp1R1/1p3pN1/3qPP2/3B2P1/PP1K2P1/8 b - - 2 24,f8e8 g6g8 d7f8 g8f8,1186,85,100,92,mate mateIn2 middlegame short,https://lichess.org/JZLekQ9W/black#48,,True,https://lichess.org/training/YUOGD
EPn6T,4rk2/p2R3R/1p6/4rK2/8/8/PPP5/8 w - - 5 42,f5f6 e8e6,1186,78,91,967,endgame mate mateIn1 oneMove rookEndgame,https://lichess.org/RZ40UsVb#83,,True,https://lichess.org/training/EPn6T
1jnO2,5r2/p6p/1p2k3/2P1p3/4K3/1P3r2/P6P/2R4R w - - 1 28,c5b6 f8f4,1186,78,89,805,endgame master mate mateIn1 oneMove rookEndgame,https://lichess.org/eKf6iaxN#55,,True,https://lichess.org/training/1jnO2
T1TAe,r3k3/Qp3q1r/n1p2p2/4pP1p/1P2P1p1/2N5/1PPR2PP/3R3K b q - 0 27,a8a7 d2d8 e8e7 d1d7,1186,93,82,52,mate mateIn2 middlegame short,https://lichess.org/8QpT8Ie9/black#54,,True,https://lichess.org/training/T1TAe
E5nIh,4Rb1r/5k1p/p1pp1ppQ/8/3B2qP/8/PPP2PP1/4R1K1 b - - 0 23,f8h6 e1e7,1187,78,89,159,endgame mate mateIn1 oneMove,https://lichess.org/QogmvDbK/black#46,,True,https://lichess.org/training/E5nIh
xeYHQ,8/pkp5/1p6/5P2/3PRNr1/2P5/PP3Kr1/8 w - - 0 46,f2f3 g4g3,1187,112,43,27,endgame mate mateIn1 oneMove,https://lichess.org/waAT4IBr#91,,True,https://lichess.org/training/xeYHQ
viUBj,r1k1r3/p1R3R1/2p5/8/8/8/PP4K1/8 b - - 2 30,c8d8 g7d7,1187,81,84,195,endgame mate mateIn1 oneMove rookEndgame,https://lichess.org/I38uao16/black#60,,True,https://lichess.org/training/viUBj
hvV5X,8/8/2r3pk/p1PN1pb1/P1K4p/1P1R1R1P/2r2P2/8 w - - 3 39,c4b5 c2c5,1187,75,100,356,endgame master mate mateIn1 oneMove,https://lichess.org/CpTs8MIX#77,,True,https://lichess.org/training/hvV5X
NIVhu,1r1r1b2/R4p2/1k2p2p/1pN1P1p1/1P1n1PP1/R6P/P1P2K2/8 b - - 0 32,f8c5 a3a6,1187,76,91,816,endgame mate mateIn1 oneMove,https://lichess.org/ADeek9wF/black#64,,True,https://lichess.org/training/NIVhu
1txJX,7r/6k1/4R1p1/4Pp2/1P1Pp3/4P1P1/7r/4BRK1 w - - 9 35,f1f4 h2h1 g1g2 h8h2,1187,75,100,763,endgame mate mateIn2 short,https://lichess.org/tyKKptuf#69,,True,https://lichess.org/training/1txJX
6p1AG,8/8/kp6/p1p2Rpp/8/P1N3PP/1PPR1KP1/4r2r w - - 1 37,f5g5 h1f1,1187,83,85,75,endgame mate mateIn1 oneMove,https://lichess.org/B9aQywO9#73,,True,https://lichess.org/training/6p1AG
PALUO,2r5/4R2R/5kr1/1p1p1p2/7P/8/8/1K6 b - - 0 36,c8c4 h7f7,1187,78,87,237,endgame master mate mateIn1 oneMove rookEndgame,https://lichess.org/DhlKrmtF/black#72,,True,https://lichess.org/training/PALUO
M3cM7,4R3/1p1r1k2/2b3p1/p5Bp/8/5PKP/r5P1/4R3 b - - 1 44,d7d5 e1e7,1187,76,76,345,endgame mate mateIn1 oneMove,https://lichess.org/Qek02xtA/black#88,,True,https://lichess.org/training/M3cM7
sZWYM,b7/2R3pk/6Np/7P/5PP1/6RK/1r2r3/8 w - - 5 47,g3c3 e2h2 h3g3 b2g2,1188,82,91,370,endgame mate mateIn2 short,https://lichess.org/5GCcVsrS#93,,True,https://lichess.org/training/sZWYM
3dxVW,2k5/1p5r/1B2pP2/Q7/4b3/P1p5/2P3r1/3R2K1 w - - 0 30,g1f1 h7h1 b6g1 h1g1,1188,142,68,33,endgame mate mateIn2 short,https://lichess.org/lE3Fcno6#59,,True,https://lichess.org/training/3dxVW
pUgvq,8/R5R1/4pk2/1p1p3p/b2n1P2/P3n2P/8/7K b - - 0 34,e3f5 a7f7,1188,79,89,2153,endgame mate mateIn1 oneMove,https://lichess.org/7BhWfoBs/black#68,,True,https://lichess.org/training/pUgvq
Sl6fI,4r2k/5p1p/6pR/p1p5/1pP2B2/1P1P4/P7/2K1r2R w - - 4 32,c1d2 e8e2,1188,75,94,1013,endgame mate mateIn1 oneMove,https://lichess.org/7ShRVWGJ#63,,True,https://lichess.org/training/Sl6fI
1H97g,7r/R3kpR1/4p3/3n3p/3P4/5P2/7r/4K3 b - - 1 36,e7f6 a7f7,1188,78,93,7543,endgame mate mateIn1 oneMove,https://lichess.org/7xSCfMm8/black#72,,True,https://lichess.org/training/1H97g
LgEXm,2kr4/1R4R1/4p1p1/p1p2p2/P1r5/7P/5PP1/6K1 b - - 1 28,c4a4 g7c7,1188,208,60,20,endgame mate mateIn1 oneMove rookEndgame,https://lichess.org/kkD1B2NU/black#56,,True,https://lichess.org/training/LgEXm
31qvM,r3r1k1/1pR3Rp/5pp1/p7/8/PP5P/4p1P1/6K1 b - - 1 34,g8f8 c7f7,1188,106,89,59,endgame mate mateIn1 oneMove rookEndgame,https://lichess.org/SkYJ7qzc/black#68,,True,https://lichess.org/training/31qvM
Ew27E,6k1/1p2nrnR/p3Q1p1/q1p3P1/4N3/3P1P2/1PP5/2K4R b - - 2 31,g7e6 h7h8 g8g7 h1h7,1188,77,92,606,master mate mateIn2 middlegame short,https://lichess.org/ezcSl10b/black#62,,True,https://lichess.org/training/Ew27E
2AfuO,8/3R1k2/P4bp1/5p2/2r1p3/r5BP/6PK/3R4 b - - 2 36,f7e6 d1d6,1188,83,89,5766,endgame mate mateIn1 oneMove,https://lichess.org/9mPmGLea/black#72,,True,https://lichess.org/training/2AfuO
fNGaQ,2k4r/ppp1bp1r/3p4/4P3/2PQ2p1/P5P1/1P3P1q/3RRN1K w - - 0 22,f1h2 h7h2 h1g1 h2h1 g1g2 h8h2,1189,138,54,12,exposedKing kingsideAttack long mate mateIn3 middlegame,https://lichess.org/R36QR72z#43,,True,https://lichess.org/training/fNGaQ
Z2Arm,8/3R2Rp/5k2/p2Ppp1r/8/2r2P2/5P1P/7K b - - 0 34,c3f3 d7f7,1189,76,90,602,endgame mate mateIn1 oneMove rookEndgame,https://lichess.org/wmktlXnF/black#68,,True,https://lichess.org/training/Z2Arm
GQnmW,2r1k1r1/5p1p/p3pp1b/1p6/3R4/2Q3PP/P1N2P2/3R2K1 b - - 0 23,c8c3 d4d8 e8e7 d1d7,1189,77,96,14638,endgame mate mateIn2 short,https://lichess.org/Px57naEH/black#46,,True,https://lichess.org/training/GQnmW
DnYHv,1r4k1/1rp2ppp/Q2p4/8/2p5/P1q1B1PP/1P1R1P2/2K4R w - - 0 25,b2c3 b7b1 c1c2 b8b2,1189,77,91,148,endgame mate mateIn2 queensideAttack short,https://lichess.org/gkgKbn0c#49,,True,https://lichess.org/training/DnYHv
RtvJW,4r1k1/ppR3Rp/8/8/4P3/7P/Pn2r1PK/8 b - - 0 29,g8f8 c7f7,1190,77,87,221,endgame mate mateIn1 oneMove,https://lichess.org/6vwgNKn8/black#58,,True,https://lichess.org/training/RtvJW
yyc6Z,6k1/5p1p/RP4p1/8/P7/4P1P1/4r1rP/4R1K1 w - - 1 34,g1f1 e2f2,1190,75,99,1518,endgame mate mateIn1 oneMove rookEndgame,https://lichess.org/FStMX65Y#67,,True,https://lichess.org/training/yyc6Z
EGELg,2r3k1/1p1b1r1p/p3ppBR/3p4/1b1P2P1/1PN1PP2/1P1K2P1/7R b - - 0 21,h7g6 h6h8 g8g7 h1h7,1190,155,87,21,kingsideAttack mate mateIn2 middlegame short,https://lichess.org/nB9SYwxc/black#42,,True,https://lichess.org/training/EGELg
EtavF,4r1k1/p1R3Rp/1p4p1/8/rP6/8/5KPP/8 b - - 3 29,g8f8 c7f7,1190,102,71,24,endgame mate mateIn1 oneMove rookEndgame,https://lichess.org/ydG8zEBo/black#58,,True,https://lichess.org/training/EtavF
WFpQT,2r4r/p5p1/k3bp1p/pR6/2P5/3n4/4BPPP/R5K1 b - - 1 27,e6c4 a1a5,1190,130,74,56,mate mateIn1 middlegame oneMove,https://lichess.org/icYZ7hVJ/black#54,,True,https://lichess.org/training/WFpQT
MWJAM,8/6R1/5k2/pp2pp2/4q3/P6r/1P3PRN/7K b - - 0 46,e4f4 g2g6,1190,76,96,2747,endgame mate mateIn1 oneMove,https://lichess.org/quRJn4Bf/black#92,,True,https://lichess.org/training/MWJAM
c8GlO,3R4/p3k1p1/5q2/1p2pPn1/2p1B1p1/2P3P1/PP3PK1/3R4 b - - 0 32,g5e4 d1d7,1190,77,85,381,endgame mate mateIn1 oneMove,https://lichess.org/O1LqwE7w/black#64,,True,https://lichess.org/training/c8GlO
glap6,1N1k4/8/5p1B/1P2pb2/1P6/2KP4/1r2r3/5R2 w - - 1 44,f1f5 e2c2,1190,77,82,585,endgame mate mateIn1 oneMove,https://lichess.org/0laO3zP5#87,,True,https://lichess.org/training/glap6
MRLBa,r3r1k1/pb3p1R/1pp2p2/5P2/4B3/7R/PPP3PP/6K1 b - - 0 22,e8e4 h7h8 g8g7 h3h7,1190,76,95,21132,endgame mate mateIn2 short,https://lichess.org/eipopGc9/black#44,,True,https://lichess.org/training/MRLBa
AzZ6J,1r2k3/2R2R1p/2n3p1/2rp4/5P1P/2P5/3K2P1/8 b - - 4 39,c6d8 c7e7,1190,77,73,300,endgame master mate mateIn1 oneMove,https://lichess.org/ThiXn86c/black#78,,True,https://lichess.org/training/AzZ6J
vpMLL,6k1/5p2/4b3/1B6/2p2QP1/2P1PPK1/r6r/8 w - - 0 42,b5c4 a2g2,1190,76,95,2607,endgame master mate mateIn1 oneMove,https://lichess.org/fN4CC0qK#83,,True,https://lichess.org/training/vpMLL
aROhS,8/7p/6p1/R3pk1r/P7/1PP2PK1/7r/5R2 w - - 1 38,f3f4 h5h3,1190,81,88,251,endgame mate mateIn1 oneMove rookEndgame,https://lichess.org/ucOcVJfN#75,,True,https://lichess.org/training/aROhS
vXS9H,1Q6/p4p1k/2P5/5Pp1/P5Pp/5P1P/5RK1/5rr1 w - - 8 41,g2h2 g1h1 h2g2 f1g1,1191,76,92,1843,endgame mate mateIn2 queenRookEndgame short,https://lichess.org/vVlsQZvZ#81,,True,https://lichess.org/training/vXS9H
K3ngo,4r2r/pp1R2p1/2k4p/2p1P3/7b/2N5/PPP3PP/3R2K1 b - - 0 19,e8e5 d1d6,1191,75,100,537,endgame mate mateIn1 oneMove,https://lichess.org/jacAeT1T/black#38,,True,https://lichess.org/training/K3ngo
tNaJL,8/pp1R4/5pkp/8/P2P2P1/2P5/4r1r1/R3bK2 w - - 2 35,a1e1 e2f2,1191,78,82,692,endgame mate mateIn1 oneMove rookEndgame,https://lichess.org/DfdvirdE#69,,True,https://lichess.org/training/tNaJL
uz6hU,7r/pp2q1k1/2p1b3/3pNp2/3P1Rp1/2PBQ1nr/PP2R2P/6K1 w - - 0 29,h2g3 h3h1 g1g2 h8h2,1191,78,88,69,kingsideAttack mate mateIn2 middlegame short,https://lichess.org/8h61i5il#57,,True,https://lichess.org/training/uz6hU
Dv16O,7r/5k2/p5p1/1p2ppP1/6rP/1P1B3K/P1P1N3/5R2 w - - 4 45,d3f5 h8h4,1191,77,89,2919,endgame mate mateIn1 oneMove,https://lichess.org/czoFf5s3#89,,True,https://lichess.org/training/Dv16O
TPl23,1r2r1k1/R5R1/4P2p/p7/8/5P2/1p5P/6K1 b - - 0 38,g8f8 a7f7,1191,76,93,1108,endgame mate mateIn1 oneMove rookEndgame,https://lichess.org/eoQrJSgb/black#76,,True,https://lichess.org/training/TPl23
1sQZF,5rk1/4R3/3p3Q/2b5/1p6/1P1P2PP/P7/R2K1r2 w - - 14 44,d1e2 f8f2,1191,86,100,42,endgame mate mateIn1 oneMove,https://lichess.org/rTcI0RU7#87,,True,https://lichess.org/training/1sQZF
60zpN,r5k1/5p2/p1p5/4r1PR/3p4/P2B1n2/1PK5/7R b - - 2 28,a8e8 h5h8 g8g7 h1h7,1191,78,92,3531,endgame mate mateIn2 short,https://lichess.org/JcbGZCax/black#56,,True,https://lichess.org/training/60zpN
ZbcdV,7r/1kp5/1p1p1p2/p2Pp1rP/P1P1P2K/2P2R2/8/1R6 w - - 3 37,f3f5 h8h5,1191,77,80,139,endgame mate mateIn1 oneMove rookEndgame,https://lichess.org/jxfH2NxQ#73,,True,https://lichess.org/training/ZbcdV
uMQt9,r5k1/7R/2p2rp1/p2b2N1/6P1/p7/1PP4R/2K5 b - - 2 31,a3a2 h7h8 g8g7 h2h7,1192,77,79,160,endgame mate mateIn2 short,https://lichess.org/bTtKultz/black#62,,True,https://lichess.org/training/uMQt9
VyTiz,4R1k1/pp4pp/3p2p1/3N4/8/5r2/PPr5/4R1K1 b - - 1 25,g8f7 e1e7,1192,79,78,850,endgame mate mateIn1 oneMove,https://lichess.org/jBu5UZB1/black#50,,True,https://lichess.org/training/VyTiz
hW11h,r5R1/ppp3Qk/3p1q1p/3P4/2P5/3r3P/PP6/2K3R1 b - - 3 35,f6g7 g1g7,1192,76,95,148,endgame master mate mateIn1 oneMove,https://lichess.org/kLJ8WiaB/black#70,,True,https://lichess.org/training/hW11h
gHzYA,2N3k1/6b1/1p2p3/1P1pP1B1/2P5/6P1/r5r1/3RR1K1 w - - 1 28,g1f1 a2f2,1192,76,100,144,mate mateIn1 middlegame oneMove,https://lichess.org/fb76LRqa#55,,True,https://lichess.org/training/gHzYA
r2dUa,r6r/PR3R1p/2kp4/4p3/4Pn2/7P/P2NnP2/7K b - - 4 32,f4h3 f7c7,1192,75,81,144,mate mateIn1 middlegame oneMove,https://lichess.org/fdC2L0dK/black#64,,True,https://lichess.org/training/r2dUa
TEx8A,1r4k1/1r4p1/b1p1p2p/3pP3/p1pPpB2/q1P1P2P/1P1R1QP1/2K4R w - - 0 25,b2a3 b7b1 c1c2 b8b2,1192,79,96,12344,mate mateIn2 middlegame queensideAttack short,https://lichess.org/9oJE5Gip#49,,True,https://lichess.org/training/TEx8A
Jj9xS,2k4r/pp1nqp2/4p3/3p2Nr/3P2p1/4Q1P1/PPP1NP2/R3R1K1 w - - 0 21,e2f4 h5h1 g1g2 h8h2,1192,79,93,270,kingsideAttack mate mateIn2 middlegame short,https://lichess.org/dTNFd6xU#41,,True,https://lichess.org/training/Jj9xS
G4k95,8/pk5p/1p4p1/2PN3n/1P6/3R1P2/P2R1KPP/4r2r w - - 1 39,c5b6 h1f1,1192,151,58,10,endgame master mate mateIn1 oneMove,https://lichess.org/fWK3Vkck#77,,True,https://lichess.org/training/G4k95
Ty8E8,r3r1k1/1R4Rp/8/p1Pp4/b1np3P/4PKB1/5PP1/8 b - - 0 28,g8f8 b7f7,1192,79,89,745,mate mateIn1 middlegame oneMove,https://lichess.org/STQZMXbX/black#56,,True,https://lichess.org/training/Ty8E8
8DsLa,5rr1/ppp2pk1/3np2R/6p1/6P1/8/PB4K1/7R b - - 5 38,f7f6 h6h7 g7g6 h1h6,1193,127,69,13,endgame mate mateIn2 short,https://lichess.org/0D8jFM4k/black#76,,True,https://lichess.org/training/8DsLa
vejOf,8/4R1k1/4pN2/3p1pr1/p7/Pb6/1P6/1K2R3 b - - 0 34,g7f6 e1e6,1193,76,83,137,endgame mate mateIn1 oneMove,https://lichess.org/BuZneRzH/black#68,,True,https://lichess.org/training/vejOf
PYLSG,4r1k1/1p3r1p/p3p1NR/1b2Pp2/4p3/P5PR/1P3PKP/8 b - - 0 31,h7g6 h6h8 g8g7 h3h7,1193,79,94,1000,endgame mate mateIn2 short,https://lichess.org/8eIjbPlA/black#62,,True,https://lichess.org/training/PYLSG
5WRUC,2k4r/1b1p2p1/p3pn1r/8/2P1pP2/1P2Q1P1/P1N2RB1/4R1Kq w - - 14 27,g2h1 h6h1 g1g2 h8h2,1193,74,90,197,kingsideAttack mate mateIn2 middlegame short,https://lichess.org/spCykr91#53,,True,https://lichess.org/training/5WRUC
oENeE,5r2/1R2Rpp1/2pk2p1/1p1p4/1P3P2/P2r3P/5PK1/8 b - - 2 32,d3a3 b7d7,1193,75,64,123,endgame mate mateIn1 oneMove rookEndgame,https://lichess.org/fpK3QWk9/black#64,,True,https://lichess.org/training/oENeE
hjONy,2k4r/1p1r1pb1/2Pp4/PR6/6pp/1R4P1/2P2P1P/6K1 b - - 0 26,b7c6 b5b8 c8c7 b3b7,1193,77,89,4258,endgame mate mateIn2 short,https://lichess.org/5NUN0JPC/black#52,,True,https://lichess.org/training/hjONy
XdVWY,8/1p1k4/8/1p6/3B1P2/1P4Pp/P2Pr1r1/3R1RK1 w - - 2 32,g1h1 g2h2 h1g1 e2g2,1193,75,85,268,endgame mate mateIn2 short,https://lichess.org/DX9tHvtd#63,,True,https://lichess.org/training/XdVWY
AQPVY,5r2/2p1Rk1p/6p1/2r2p2/p2n3P/P1B3P1/4RP2/2K5 b - - 5 26,f7f6 e2e6,1193,75,81,297,endgame mate mateIn1 oneMove pin,https://lichess.org/eVcAPuPO/black#52,,True,https://lichess.org/training/AQPVY
LvS7H,1k1r4/R5R1/8/7p/pPP5/2K5/3r1P2/8 w - - 3 40,a7a4 d8d3,1193,79,79,301,endgame mate mateIn1 oneMove rookEndgame,https://lichess.org/WUYgevJ3#79,,True,https://lichess.org/training/LvS7H
86hoK,1r6/3Rk1pp/5n2/4p1BP/p3P3/5P2/KPr5/3R4 b - - 6 34,e7e6 d1d6,1193,76,100,510,endgame master mate mateIn1 oneMove,https://lichess.org/ovGrPPD4/black#68,,True,https://lichess.org/training/86hoK
grazL,1r6/p1p4k/3b2p1/7p/3PQ2B/2K4P/Pr2bPP1/R6R w - - 2 25,a2a3 b8b3,1193,75,93,534,mate mateIn1 middlegame oneMove,https://lichess.org/NEpglMdF#49,,True,https://lichess.org/training/grazL
reIlq,4k3/2R5/8/2B5/2Pp4/3p1b2/PP1KrP1P/RN4r1 w - - 1 29,d2d3 g1d1 b1d2 d1d2,1194,75,100,424,mate mateIn2 middlegame short,https://lichess.org/mSjzBAVf#57,,True,https://lichess.org/training/reIlq
RJgyH,8/pp6/2p1k3/6b1/2pP1P2/P3P3/1PK1R1RP/5r1r w - - 0 42,f4g5 f1c1 c2d2 h1d1,1194,77,88,297,endgame mate mateIn2 rookEndgame short,https://lichess.org/BT3Coa2S#83,,True,https://lichess.org/training/RJgyH
l6adC,1k1r3r/pR4R1/1ppp4/5bp1/3P4/2P5/P5PP/6K1 b - - 3 26,b8c8 g7c7,1194,76,89,615,endgame mate mateIn1 oneMove,https://lichess.org/XdhGHjWS/black#52,,True,https://lichess.org/training/l6adC
FWZVg,3k3r/ppR1bppp/4p3/1N2P3/4n3/4P2P/PP1r1PP1/2R3K1 b - - 2 18,h8f8 c7c8 d8d7 c1c7,1194,79,88,292,mate mateIn2 middlegame short,https://lichess.org/yyC2PDbv/black#36,Queens_Gambit_Accepted Queens_Gambit_Accepted_Janowski-Larsen_Variation,True,https://lichess.org/training/FWZVg
4uenf,r3rk2/1R4R1/p6p/1p4n1/2b4P/P3B3/1P3PP1/6K1 b - - 0 28,g5e6 b7f7,1194,76,89,624,mate mateIn1 middlegame oneMove,https://lichess.org/kx6IEdpQ/black#56,,True,https://lichess.org/training/4uenf
X5MkF,8/P3k1Kr/R4pRr/5P2/4P3/5P2/8/8 w - - 3 51,g7g8 h7h8 g8g7 h6h7,1194,79,87,458,endgame mate mateIn2 rookEndgame short,https://lichess.org/tOWfEgs7#101,,True,https://lichess.org/training/X5MkF
X17zu,6k1/5p1p/3P2p1/2Q5/4P2P/p7/rr1N4/2KR2R1 w - - 0 29,d6d7 a2a1 d2b1 a1b1,1194,77,92,1190,endgame mate mateIn2 short,https://lichess.org/BZ79QK94#57,,True,https://lichess.org/training/X17zu
3Qyr6,8/p2p2pk/3Bp2p/8/2p5/4r2r/PPP1K1R1/6R1 w - - 2 38,e2f2 h3f3,1194,79,89,148,endgame mate mateIn1 oneMove,https://lichess.org/B26Iy51S#75,,True,https://lichess.org/training/3Qyr6
tICNk,2r3k1/p4r1p/1p2p1Q1/q1Pp2P1/3P4/bP3B2/P6R/1K5R b - - 0 28,h7g6 h2h8 g8g7 h1h7,1195,77,98,218,mate mateIn2 middlegame short,https://lichess.org/yI3qkFY0/black#56,,True,https://lichess.org/training/tICNk
17YiZ,6Qk/4b1p1/2qp1r1p/p1p2B2/4P1R1/6RP/PP4P1/6K1 b - - 0 30,h8g8 g4g7 g8f8 g7g8 f8f7 g3g7,1195,75,95,7369,endgame fork long mate mateIn3,https://lichess.org/CdlNCDtQ/black#60,,True,https://lichess.org/training/17YiZ
69IsJ,3R2R1/1p2kr2/r7/p1p4p/4pp1P/P1B5/KP3n2/8 b - - 3 35,f2d3 g8e8,1195,78,92,2891,endgame master mate mateIn1 oneMove,https://lichess.org/GhgnPjUy/black#70,,True,https://lichess.org/training/69IsJ
Cvgi1,8/1R3b2/2k3p1/7p/3K4/4r1P1/5r2/1R6 b - - 2 59,f2f3 b1b6,1195,75,100,84,endgame master mate mateIn1 oneMove,https://lichess.org/dj0JOjvi/black#118,,True,https://lichess.org/training/Cvgi1
fU44t,2r3k1/1p3b1R/3q2p1/6P1/2p5/4P3/rBPPB3/2K4R b - - 0 28,a2b2 h7h8 g8g7 h1h7,1195,78,93,1921,mate mateIn2 middlegame short,https://lichess.org/NFLLwSJB/black#56,,True,https://lichess.org/training/fU44t
vX8iy,2rR4/p3kppB/1p2p2n/2n1P3/4Q3/5PNq/PP3P2/3R2K1 b - - 0 23,c5e4 d1d7,1195,76,92,673,mate mateIn1 middlegame oneMove,https://lichess.org/XOZZE6eM/black#46,,True,https://lichess.org/training/vX8iy
iM2eM,3R1k2/pp4pp/5pn1/2p5/2B2P2/P1P1r2P/2r5/3R1K2 b - - 3 28,f8e7 d1d7,1195,83,76,144,endgame mate mateIn1 oneMove,https://lichess.org/9Jc9T0Pl/black#56,,True,https://lichess.org/training/iM2eM
5b72U,6k1/pp6/5p2/4rP2/8/2P1rK2/PP2pR2/4R3 w - - 6 37,f3f4 e5e4,1195,80,89,120,endgame mate mateIn1 oneMove rookEndgame,https://lichess.org/W5EEemRY#73,,True,https://lichess.org/training/5b72U
gRjgK,k7/p5Rp/8/8/8/8/Pr3rPP/1K1R4 w - - 0 28,b1c1 f2c2,1196,76,97,1119,endgame mate mateIn1 oneMove rookEndgame,https://lichess.org/nQE0h8qb#55,,True,https://lichess.org/training/gRjgK
qwMfX,1r4k1/p3pp1p/3pb1p1/8/2p1PBP1/P1P2B1P/3R1P2/1rK4R w - - 1 24,c1c2 b8b2,1196,79,88,252,mate mateIn1 middlegame oneMove,https://lichess.org/7uRyQg3e#47,,True,https://lichess.org/training/qwMfX
MfrlQ,2kr4/1R2R3/p2p4/3P1r1p/2p2Bb1/P5Pp/2P4P/6K1 b - - 1 28,f5d5 e7c7,1196,153,82,8,endgame mate mateIn1 oneMove,https://lichess.org/qjFBSzCo/black#56,,True,https://lichess.org/training/MfrlQ
Ke2jH,r4r2/p3kpQ1/1ppp1R2/4p3/4P3/3P3q/PPP5/5RK1 b - - 1 27,f8g8 f6f7 e7e6 f1f6,1196,77,88,582,endgame mate mateIn2 short,https://lichess.org/Dx3w2RiH/black#54,,True,https://lichess.org/training/Ke2jH
eRJXh,4r1b1/1p3kR1/p1p5/3p1B2/1P3K2/2P5/1P2r3/6R1 b - - 3 45,f7f6 g1g6,1196,76,93,5083,endgame mate mateIn1 oneMove,https://lichess.org/gscCnh8d/black#90,,True,https://lichess.org/training/eRJXh
8LpkX,3rR1k1/8/p2r1p1p/1pp3pP/3p2P1/8/PPK2P2/4R3 b - - 1 40,g8f7 e1e7,1196,77,88,311,endgame mate mateIn1 oneMove rookEndgame,https://lichess.org/EwCucbs1/black#80,,True,https://lichess.org/training/8LpkX
EmBLb,5r2/p3R3/np3kp1/5rp1/8/P4pQ1/1PP3q1/1K2R3 b - - 0 30,g2g3 e1e6,1196,78,82,46,endgame mate mateIn1 oneMove,https://lichess.org/mxGIbXMJ/black#60,,True,https://lichess.org/training/EmBLb
9PG1b,5r2/p1p1N1k1/1p2P3/6Pp/4p3/2P1R3/PP6/R3Kr2 w - - 1 28,e1e2 f8f2,1196,76,92,1242,endgame mate mateIn1 oneMove,https://lichess.org/opG3jByM#55,,True,https://lichess.org/training/9PG1b
BXraV,3r4/ppp2ppk/8/8/5P2/1PN1K3/3r1P1P/1R3R2 w - - 1 26,c3e4 d8d3,1196,74,89,615,endgame mate mateIn1 oneMove,https://lichess.org/kbrpWjtM#51,,True,https://lichess.org/training/BXraV
inwVv,Rbk1r3/6p1/6p1/2N5/3P2P1/2P2K2/PP2r3/R7 w - - 5 33,c5a6 e8e3,1196,77,93,3818,endgame mate mateIn1 oneMove,https://lichess.org/RvV73Bzf#65,,True,https://lichess.org/training/inwVv
29z3I,3r2k1/5p2/p4Pp1/1p3r2/3p4/P2Pn2R/1P2K2R/8 b - - 3 35,f5f6 h3h8 g8g7 h2h7,1197,75,92,893,endgame mate mateIn2 short,https://lichess.org/KysAyK97/black#70,,True,https://lichess.org/training/29z3I
a3ZUq,R7/5ppk/P6p/4P3/5P2/2P5/1r4rP/4R1K1 w - - 0 33,g1f1 b2f2,1197,233,43,7,endgame mate mateIn1 oneMove rookEndgame,https://lichess.org/xWEzZR2O#65,,True,https://lichess.org/training/a3ZUq
uoXjT,6rk/1p5p/p2bp3/5p2/2PP4/2NB4/PP3Kr1/3R3R w - - 4 31,f2f3 g8g3,1197,80,89,276,mate mateIn1 middlegame oneMove,https://lichess.org/PvYOfU73#61,,True,https://lichess.org/training/uoXjT
2k78N,6Rr/4kP2/p2p1p2/1p2b3/4b2r/2P4B/PP2N3/K5R1 b - - 1 30,e7f7 g1g7,1197,76,94,7843,master mate mateIn1 middlegame oneMove,https://lichess.org/Fsp9PRwu/black#60,,True,https://lichess.org/training/2k78N
FIjLV,r5k1/r4pp1/6p1/3p2P1/1p1PpR1P/1P6/1BP2P2/qK2RQ2 w - - 1 40,b2a1 a7a1 b1b2 a8a2,1197,75,67,122,endgame mate mateIn2 queensideAttack short,https://lichess.org/YG3g1ZBk#79,,True,https://lichess.org/training/FIjLV
zAsEd,2r3k1/5ppp/8/pp1p1b2/7P/PK2PNB1/2r2PP1/5B1R w - - 0 27,f3d4 c8c3,1197,75,91,736,mate mateIn1 middlegame oneMove,https://lichess.org/uX8M9WrS#53,,True,https://lichess.org/training/zAsEd
ixGT3,3r2k1/5p2/p3p1pR/1p1r2P1/2bQ1P2/P7/1PP5/1K5R b - - 0 30,d5d4 h6h8 g8g7 h1h7,1197,86,88,32,endgame mate mateIn2 short,https://lichess.org/uwDcWNc7/black#60,,True,https://lichess.org/training/ixGT3
fCZQU,8/8/5k1p/2p5/2Pp3P/1P1R1PP1/r5r1/4R1K1 w - - 1 42,g1f1 a2f2,1197,80,60,175,endgame master mate mateIn1 oneMove rookEndgame,https://lichess.org/cQ9cfQwy#83,,True,https://lichess.org/training/fCZQU
5gjnw,6r1/p2P4/7R/2R5/4k3/8/P4Kr1/8 w - - 0 36,f2f1 g2g1 f1f2 g8g2,1198,76,88,1218,endgame mate mateIn2 rookEndgame short,https://lichess.org/UP1WlsoY#71,,True,https://lichess.org/training/5gjnw
6qihT,8/R2R1pk1/8/5r1p/6KP/8/P4r2/8 w - - 0 38,g4g3 f5f3,1198,268,43,6,endgame master mate mateIn1 oneMove rookEndgame,https://lichess.org/IIGkJgJH#75,,True,https://lichess.org/training/6qihT
nQ66u,5rk1/1R4R1/7P/p1p5/2P2r2/6K1/8/8 b - - 4 41,g8h8 g7h7 h8g8 b7g7,1198,78,47,217,endgame mate mateIn2 rookEndgame short,https://lichess.org/URvqLGnk/black#82,,True,https://lichess.org/training/nQ66u
3l3UF,r5k1/3n1r1p/p5Q1/q3p1P1/1ppb3R/1P3P2/P1P5/1K5R b - - 0 25,h7g6 h4h8 g8g7 h1h7,1198,75,99,1771,mate mateIn2 middlegame short,https://lichess.org/Y6BzR5y1/black#50,,True,https://lichess.org/training/3l3UF
VldHb,5rk1/2R4R/8/5rKP/8/8/8/8 w - - 8 68,g5g6 f8f6,1198,76,100,382,endgame mate mateIn1 oneMove rookEndgame,https://lichess.org/Go9drBYN#135,,True,https://lichess.org/training/VldHb
E70U7,2rR1k1r/p5pp/4p1p1/4P3/1n6/5P2/5P1P/3R2K1 b - - 1 26,f8e7 d1d7,1198,79,94,818,endgame mate mateIn1 oneMove,https://lichess.org/z2pkYcDV/black#52,,True,https://lichess.org/training/E70U7
89SuH,1k1r4/ppp5/4R1pp/8/1PP1p3/P1K3PP/3r1P2/5R2 w - - 0 30,e6e4 d8d3,1198,80,81,107,endgame mate mateIn1 oneMove rookEndgame,https://lichess.org/vfLIXRTB#59,,True,https://lichess.org/training/89SuH
Vl6YG,8/5pk1/2R3p1/7p/3P4/2PNK1PP/2r2r2/2b2R2 w - - 0 36,f1c1 c2e2,1198,75,90,787,endgame mate mateIn1 oneMove,https://lichess.org/VwMhfwbU#71,,True,https://lichess.org/training/Vl6YG
ZLKxo,r5k1/1pp2r1p/p1nbp1B1/3p2P1/3P4/1PP1P1P1/4KP1R/7R b - - 0 22,h7g6 h2h8 g8g7 h1h7,1199,78,96,17771,endgame kingsideAttack mate mateIn2 short,https://lichess.org/dEdQQ4ei/black#44,,True,https://lichess.org/training/ZLKxo
rp1n7,4r1k1/R5R1/p3nB2/8/7P/2p5/2P2qPK/8 b - - 3 41,g8f8 a7f7,1199,75,96,3473,endgame master mate mateIn1 oneMove,https://lichess.org/HqMnQupd/black#82,,True,https://lichess.org/training/rp1n7
HE9ul,2k5/1pp1Rp2/p3p3/4P3/2P1NPp1/1P2B3/P3KP2/3r3r w - - 1 23,e7f7 h1e1,1199,76,99,1239,endgame mate mateIn1 oneMove,https://lichess.org/AtLeReIL#45,,True,https://lichess.org/training/HE9ul
VEToQ,4N3/8/8/pPp1k1B1/4P1P1/8/Pr5r/1K1R4 w - - 0 34,b1c1 h2c2,1199,99,84,98,endgame mate mateIn1 oneMove,https://lichess.org/FnVUwKY9#67,,True,https://lichess.org/training/VEToQ
U0jD4,7r/p1Q3p1/4qpk1/3p4/3P2p1/P5P1/1P3P1r/2R1R1K1 w - - 2 31,e1e6 h2h1 g1g2 h8h2,1199,77,93,3176,endgame mate mateIn2 queenRookEndgame short,https://lichess.org/xdD8QCYc#61,,True,https://lichess.org/training/U0jD4
wldkW,8/1bpRkp2/p4p1p/1pp2P2/1N2P3/P4P2/1P4rr/2KR4 b - - 1 29,e7e8 d7d8 e8e7 d1d7,1199,134,57,9,endgame mate mateIn2 short,https://lichess.org/jrB018FF/black#58,,True,https://lichess.org/training/wldkW
w8Rhy,4n2k/3RP1pp/8/6P1/p3p3/Q1R4P/K1P5/1r3r2 w - - 1 38,a3d6 b1a1 a2b2 f1b1,1199,77,86,1150,endgame mate mateIn2 short,https://lichess.org/3cKsc2Gb#75,,True,https://lichess.org/training/w8Rhy
isfPt,7r/5R2/p3p1p1/1pP5/1P3Nk1/2N3P1/5P1r/1R4K1 w - - 5 36,f4e6 h2h1 g1g2 h8h2,1199,75,90,1988,endgame mate mateIn2 short,https://lichess.org/Ut9xD0pK#71,,True,https://lichess.org/training/isfPt
LdfOr,2k4r/1p4p1/nPp1p1p1/P2pPn1r/3P2q1/3Q1R1P/3N4/2R1B1K1 w - - 0 31,h3g4 h5h1 g1g2 h8h2,1200,75,84,396,kingsideAttack mate mateIn2 middlegame short,https://lichess.org/RxlQUbjz#61,,True,https://lichess.org/training/LdfOr
TCcex,7r/2n1bp2/k3p1p1/p1p1P3/PpPpNP2/1P4Kr/2P3RP/5RB1 w - - 11 53,g3g4 h8h4,1200,83,67,84,master mate mateIn1 middlegame oneMove,https://lichess.org/mjpynkoK#105,,True,https://lichess.org/training/TCcex
PA7Kw,2k4r/p1qQ1pp1/2p2bn1/2Pp4/P2P4/B3P1p1/1R1N1PKP/1R6 b - - 0 23,c7d7 b2b8 c8c7 b1b7,1200,75,87,118,mate mateIn2 middlegame queensideAttack short,https://lichess.org/h36ak5lN/black#46,,True,https://lichess.org/training/PA7Kw
bGpt3,8/8/3R1p2/8/1R6/1K2kP2/1r3r1P/8 w - - 5 42,b3c3 f2c2,1200,262,73,19,endgame mate mateIn1 oneMove rookEndgame,https://lichess.org/3y48xULF#83,,True,https://lichess.org/training/bGpt3
Wc9II,4r1k1/7p/2p5/1p1p2p1/p2P4/PPPK2B1/4r3/R4R2 w - - 3 35,a1e1 e8e3,1200,75,89,1393,endgame mate mateIn1 oneMove,https://lichess.org/pimfdQIH#69,,True,https://lichess.org/training/Wc9II
E4Dp5,2k5/pppb4/2n2R2/4N3/4P2p/PP1BK1r1/1BP4r/R7 w - - 7 29,e3f4 h2f2 e5f3 f2f3,1200,77,94,2426,mate mateIn2 middlegame short,https://lichess.org/HY1jdmdB#57,,True,https://lichess.org/training/E4Dp5
VkCS3,5r2/2p3kR/1p1p4/p2P2p1/P5P1/2r2pK1/8/7R b - - 3 37,g7g6 h1h6,1200,94,63,38,endgame mate mateIn1 oneMove rookEndgame,https://lichess.org/SoBhkrOX/black#74,,True,https://lichess.org/training/VkCS3
zdeaT,8/p2r2pp/2R5/3kpp2/2R5/3PKPP1/r6P/8 b - - 1 34,a2h2 c4c5,1200,81,86,506,endgame mate mateIn1 oneMove rookEndgame,https://lichess.org/J0wLT4EK/black#68,,True,https://lichess.org/training/zdeaT
vMh11,2r5/pp3rp1/3p2R1/3p1k1P/1P1P4/P3PK2/1n6/6R1 b - - 2 34,b2d3 g1g5,1200,75,83,1356,endgame mate mateIn1 oneMove,https://lichess.org/nHcC6zLJ/black#68,,True,https://lichess.org/training/vMh11
MFFVq,1k6/1p3p1p/4b3/2p1P3/3N3P/2P5/PP1r2r1/R3KR2 w Q - 0 28,d4e6 g2e2,1201,79,93,171,endgame mate mateIn1 oneMove,https://lichess.org/JvFM5UNG#55,,True,https://lichess.org/training/MFFVq
Ay6cb,6kr/1pp1RR2/p2r1Npb/3p4/3P3q/2P5/PP2Q3/1K6 b - - 2 26,d6f6 e7e8 h6f8 e8f8,1201,74,91,272,mate mateIn2 middlegame short,https://lichess.org/eSf7SsEH/black#52,,True,https://lichess.org/training/Ay6cb
pOU0E,8/3N4/3RP3/1p6/8/PK1Pk3/1Pr4r/8 w - - 1 45,e6e7 c2b2 b3c3 h2c2,1201,75,94,4247,endgame mate mateIn2 short,https://lichess.org/6h8VJPvY#89,,True,https://lichess.org/training/pOU0E
CRgds,7r/3P2k1/2p3p1/p1P1p1P1/P1R1PnK1/7r/3R4/3B4 w - - 0 51,d7d8q h8h4,1201,75,100,279,master mate mateIn1 middlegame oneMove,https://lichess.org/zRxosWam#101,,True,https://lichess.org/training/CRgds
nD2nL,1k1r3r/R1p1qp1p/1p1pb3/3P2p1/4PQ2/1PN4P/1PP3P1/R6K b - - 0 19,g5f4 a7a8 b8b7 a1a7,1201,76,75,567,mate mateIn2 middlegame queensideAttack short,https://lichess.org/cRkazQnn/black#38,Vienna_Game Vienna_Game_Other_variations,True,https://lichess.org/training/nD2nL
aLpEX,1r6/6k1/p3R3/8/P3R2P/8/Kr6/8 w - - 2 43,a2a3 b8b3,1201,103,100,19,endgame mate mateIn1 oneMove rookEndgame,https://lichess.org/AE98rWO8#85,,True,https://lichess.org/training/aLpEX
koOhv,7k/R7/6Rp/5p1P/5P2/2P1p1N1/5rr1/5K2 w - - 2 38,f1e1 g2g1 g3f1 g1f1,1201,75,100,2739,endgame mate mateIn2 short,https://lichess.org/Gxcf9hhe#75,,True,https://lichess.org/training/koOhv
mHYCK,4r1k1/1R4R1/3p2p1/p1p5/P7/2n5/2P2KPP/4r3 b - - 4 28,g8f8 b7f7,1201,77,68,82,endgame mate mateIn1 oneMove,https://lichess.org/rzhaCGF2/black#56,,True,https://lichess.org/training/mHYCK
i7Ojn,r7/pp3kr1/2bpRp1R/5P2/2np4/8/PPP4P/5K2 b - - 5 26,a8g8 h6f6,1201,78,87,412,endgame mate mateIn1 oneMove,https://lichess.org/OLDDWPzN/black#52,,True,https://lichess.org/training/i7Ojn
h4W7v,8/3Q2pk/P7/3P3p/6K1/1P4P1/4r2r/8 w - - 0 40,g4f3 h2f2,1202,76,91,97,endgame master mate mateIn1 oneMove queenRookEndgame,https://lichess.org/dTBslUSn#79,,True,https://lichess.org/training/h4W7v
bTboM,2r1k3/5p2/5p2/n2Rp2p/Pp2PP2/1B2P3/K2R3P/6r1 b - - 0 31,c8c1 d5d8 e8e7 d2d7,1202,82,100,79,endgame mate mateIn2 short,https://lichess.org/ZoR3AfKJ/black#62,,True,https://lichess.org/training/bTboM
d7QxI,r5kQ/p4p1p/1p2p1pR/6P1/q2p4/2P1P3/1P1K1PP1/7R b - - 0 24,g8h8 h6h7 h8g8 h7h8 g8g7 h1h7,1202,90,100,38,endgame long mate mateIn3 queenRookEndgame,https://lichess.org/fHVyZ8j2/black#48,,True,https://lichess.org/training/d7QxI
sXyBF,r5r1/4R3/2pk4/4Rp1p/p1KP4/Pp6/1P3PPP/8 b - - 0 29,g8g2 e5e6,1202,75,80,531,endgame master mate mateIn1 oneMove rookEndgame,https://lichess.org/NK3EX6q3/black#58,,True,https://lichess.org/training/sXyBF
fiqqx,6k1/pBb2pp1/7p/4rr2/4p2K/1NP1P3/PP3PP1/R4R2 w - - 1 27,g2g3 f5h5 h4g4 e5g5,1202,76,98,438,mate mateIn2 middlegame short,https://lichess.org/9Lmtrhgw#53,,True,https://lichess.org/training/fiqqx
648fL,6r1/R3Rp2/2p1k3/3p4/3P2r1/6P1/7P/6K1 b - - 2 40,e6d6 a7d7,1202,117,85,67,endgame mate mateIn1 oneMove rookEndgame,https://lichess.org/sFbE4ZHa/black#80,,True,https://lichess.org/training/648fL
3AQej,1r4k1/1rp5/2p2ppP/p7/4PP1P/2PP4/P1Qq4/2K4R w - - 0 31,c2d2 b7b1 c1c2 b8b2,1203,77,86,1284,endgame mate mateIn2 queenRookEndgame queensideAttack short,https://lichess.org/wytWASy1#61,,True,https://lichess.org/training/3AQej
AkA9Z,6R1/7k/1p6/8/3P4/1NP2KR1/PP2r2r/8 w - - 2 40,g8g4 h2f2,1203,112,85,88,endgame mate mateIn1 oneMove,https://lichess.org/mKDUKlRr#79,,True,https://lichess.org/training/AkA9Z
dGPYn,2r3k1/5p2/3R1Pp1/p3P1P1/2rKR2P/8/P7/8 w - - 0 52,d4d5 c8c5,1204,80,85,547,endgame mate mateIn1 oneMove rookEndgame,https://lichess.org/ftJSTY4U#103,,True,https://lichess.org/training/dGPYn
53oSp,4r1k1/8/p2R4/1p6/7b/2PR1P2/PP3KPP/4r3 w - - 5 34,g2g3 e8e2,1204,79,83,438,endgame mate mateIn1 oneMove,https://lichess.org/B948GbxM#67,,True,https://lichess.org/training/53oSp
wGrmn,8/5R2/3pk3/p3p1p1/rp1pP3/3P4/6r1/1K3R2 b - - 1 37,d6d5 f1f6,1204,75,95,2784,endgame mate mateIn1 oneMove rookEndgame,https://lichess.org/x5Fmx7Hp/black#74,,True,https://lichess.org/training/wGrmn
YHibW,4r1k1/R5R1/8/1r5p/8/8/8/5K2 b - - 15 45,g8f8 a7f7,1204,78,93,148,endgame mate mateIn1 oneMove rookEndgame,https://lichess.org/mbBiJ3H4/black#90,,True,https://lichess.org/training/YHibW
V9b04,6r1/1p6/2k2n1p/p1p5/P1P1p3/1R2RPrP/3B4/5K2 w - - 3 32,d2a5 g3g1 f1f2 g8g2,1204,76,86,1949,endgame mate mateIn2 short,https://lichess.org/6RYDcSaQ#63,,True,https://lichess.org/training/V9b04
sf8yp,7r/5kp1/1p1bppp1/3p4/2pP4/P1P2P1r/1PB1RB2/5RK1 w - - 0 27,f1e1 h3h1 g1g2 h8h2,1204,74,86,544,kingsideAttack mate mateIn2 middlegame short,https://lichess.org/0bARNHWr#53,,True,https://lichess.org/training/sf8yp
WFhav,2k4r/ppp3p1/5p2/1Pq5/P1p5/2P1PQP1/5P2/1R3RKr w - - 1 25,g1g2 h8h2,1204,105,79,29,endgame mate mateIn1 oneMove,https://lichess.org/sOYhe8Xp#49,,True,https://lichess.org/training/WFhav
0xaaP,8/2p2R2/1p1pk3/p6p/2P3n1/1P5P/r7/5RK1 b - - 0 42,g4e5 f1f6,1204,75,96,6694,endgame mate mateIn1 oneMove,https://lichess.org/CSzxJdYU/black#84,,True,https://lichess.org/training/0xaaP
M4Heq,6r1/pp5R/2kp4/5P2/5K2/2P3rp/PP6/3R4 w - - 4 40,h7h6 g8g4,1205,76,85,412,endgame mate mateIn1 oneMove rookEndgame,https://lichess.org/TRBcDG1o#79,,True,https://lichess.org/training/M4Heq
Lsc4T,4r1k1/1R4R1/1pr3p1/p4pp1/4p3/2P5/PP3PPP/1K6 b - - 0 27,g8f8 b7f7,1205,86,70,82,endgame mate mateIn1 oneMove rookEndgame,https://lichess.org/1TEW1ZKC/black#54,,True,https://lichess.org/training/Lsc4T
RPnR5,5R2/7k/3p1P2/p4q2/1p4RK/8/P1p5/8 b - - 1 47,c2c1q g4g7 h7h6 f8h8 f5h7 h8h7,1206,80,92,656,endgame exposedKing long mate mateIn3,https://lichess.org/QLeZzSlh/black#94,,True,https://lichess.org/training/RPnR5
5flkO,1r3b1k/8/7P/3R4/2pP1P2/1rK1P3/8/7R w - - 2 48,c3c4 b8b4,1206,75,94,1338,endgame mate mateIn1 oneMove,https://lichess.org/hCklHAWB#95,,True,https://lichess.org/training/5flkO
fAFXT,3r2k1/p6p/1p4p1/2p1p3/4P2P/1P3PP1/P1Rr1K2/2R5 w - - 1 31,f2e3 d8d3,1206,76,82,499,endgame mate mateIn1 oneMove rookEndgame,https://lichess.org/qNYg891H#61,,True,https://lichess.org/training/fAFXT
6ZETf,5r2/p5Rk/4p3/3p3p/p2Pr2P/P1P5/1PK5/6R1 b - - 2 31,h7h6 g1g6,1206,146,29,18,endgame mate mateIn1 oneMove rookEndgame,https://lichess.org/LTburnht/black#62,,True,https://lichess.org/training/6ZETf
E3a4l,7r/p1p1p1k1/1p6/3P3r/P1P3p1/1P4P1/2Q2P1P/1R4Kq w - - 0 30,g1h1 h5h2 h1g1 h2h1 g1g2 h8h2,1206,79,83,334,endgame long mate mateIn3 queenRookEndgame,https://lichess.org/GIybREM9#59,,True,https://lichess.org/training/E3a4l
FwD9l,8/1p6/1R4R1/5p1k/1p6/1P2K2P/P1q5/8 b - - 5 67,c2a2 g6h6 h5g5 b6g6,1207,79,84,678,endgame mate mateIn2 queenRookEndgame short,https://lichess.org/vxauitKJ/black#134,,True,https://lichess.org/training/FwD9l
zElsx,r7/3R3R/p4pp1/1p2p1k1/2p5/P4K2/1r4PP/8 b - - 2 32,c4c3 h2h4 g5f5 g2g4 f5e6 h7e7,1207,74,94,12389,endgame long mate mateIn3 rookEndgame,https://lichess.org/PmttoojN/black#64,,True,https://lichess.org/training/zElsx
sMO2F,3r3r/2R1npp1/p2kp3/1p3p2/1P1P1P2/P1R4P/5BP1/6K1 b - - 3 27,e7d5 c3c6,1207,80,85,147,endgame mate mateIn1 oneMove,https://lichess.org/gre4XBTi/black#54,,True,https://lichess.org/training/sMO2F
kUZph,8/1R4pp/p5k1/1p2Pp2/1b1B1P2/1P2P3/r5rP/R5K1 w - - 0 30,g1f1 a2f2,1207,76,91,2456,endgame mate mateIn1 oneMove,https://lichess.org/iQXiYnzL#59,,True,https://lichess.org/training/kUZph
grhyG,6k1/4Bp2/p1p5/P6p/1P2PPbP/8/2R2RK1/3r3r w - - 7 35,c2c6 d1g1,1207,84,100,59,endgame mate mateIn1 oneMove,https://lichess.org/mQh6dDsT#69,,True,https://lichess.org/training/grhyG
ZnbJX,5kr1/5p2/p2p1P2/1pq1p3/2p1P3/P2PQK2/1PP3r1/2R2R2 w - - 0 34,e3c5 g8g3,1208,76,86,499,endgame mate mateIn1 oneMove queenRookEndgame,https://lichess.org/oaNkq9p8#67,,True,https://lichess.org/training/ZnbJX
8KOH9,4r1k1/R7/p5p1/1p3p1p/1NpP1P2/P4KP1/1P2r3/3R4 w - - 5 50,a7a6 e8e3,1208,80,84,842,endgame mate mateIn1 oneMove,https://lichess.org/VeWXbWhD#99,,True,https://lichess.org/training/8KOH9
Qi61H,4r1k1/1p3ppp/p7/2p5/P4PP1/2PP1K2/1P2r1P1/1Rn2R2 w - - 0 24,b1c1 e8e3,1208,75,92,725,endgame mate mateIn1 oneMove rookEndgame,https://lichess.org/7CqbZd2g#47,,True,https://lichess.org/training/Qi61H
H8Dud,8/4bk1r/3p1p2/R1p5/1pP1PQrN/1P1P1b1K/1P6/8 w - - 5 39,f4f3 h7h4,1208,77,93,1219,endgame mate mateIn1 oneMove,https://lichess.org/hFiteWxV#77,,True,https://lichess.org/training/H8Dud
n19ya,7r/5kb1/8/5p2/2pP1Np1/2P1P1P1/5PKr/2R1R3 w - - 7 45,g2g1 h2h1 g1g2 h8h2,1208,88,87,24,endgame mate mateIn2 short,https://lichess.org/2tRXBABE#89,,True,https://lichess.org/training/n19ya
BlaH7,7k/4R3/4B2p/R2P4/2b2P2/8/1r4r1/6K1 w - - 2 54,g1h1 g2h2 h1g1 b2g2,1208,74,98,17562,endgame mate mateIn2 short,https://lichess.org/mzA3MkkE#107,,True,https://lichess.org/training/BlaH7
u89bl,7k/p3p2p/3p1p1r/2pP4/2P5/1PQ2Prq/6PK/4RR2 w - - 0 32,g2h3 h6h3,1208,153,87,32,endgame mate mateIn1 oneMove queenRookEndgame,https://lichess.org/XgPeUKyA#63,,True,https://lichess.org/training/u89bl
r1UEq,r5kR/p2q1p2/4b1p1/3p2P1/4pP2/P1N3P1/1PP5/2K4R b - - 2 26,g8g7 h1h7,1208,83,76,48,endgame mate mateIn1 oneMove,https://lichess.org/i69Masqt/black#52,,True,https://lichess.org/training/r1UEq
d22vd,4R3/Q4pk1/2p5/3p4/3P3p/3B3p/P3N1rr/6K1 w - - 5 33,g1f1 h2h1 e2g1 h1g1,1209,77,93,1805,endgame mate mateIn2 short,https://lichess.org/ik8B5sZ0#65,,True,https://lichess.org/training/d22vd
FcSo9,5r2/4k3/2R5/8/4B3/3P2PP/8/5rK1 w - - 11 51,g1g2 f8f2,1209,83,71,72,endgame mate mateIn1 oneMove,https://lichess.org/onTemyRD#101,,True,https://lichess.org/training/FcSo9
anGeg,2k5/R2Rpp2/n7/2p5/p6p/2P3PP/P4P1K/1r2r3 b - - 0 26,a6b8 a7c7,1209,76,79,175,endgame mate mateIn1 oneMove,https://lichess.org/RY7XuJ8s/black#52,,True,https://lichess.org/training/anGeg
CbhKv,3r2kQ/p4pb1/1p2p1p1/3pP1P1/2rP1PK1/1N6/qP5R/7R b - - 3 33,g7h8 h2h8 g8g7 h1h7,1209,77,83,555,kingsideAttack mate mateIn2 middlegame short,https://lichess.org/qS1CpLZs/black#66,,True,https://lichess.org/training/CbhKv
sVVHo,1R6/2p1kr1p/8/P2PK3/1P3r2/8/8/7R w - - 3 50,b8b7 f7f5,1209,76,93,1629,endgame mate mateIn1 oneMove rookEndgame,https://lichess.org/XE0s5wIy#99,,True,https://lichess.org/training/sVVHo
xhZoO,3R3R/1r2kp1p/2b1pp2/8/3KN3/1r3P2/6PP/8 b - - 3 38,c6d5 h8e8,1209,75,95,320,endgame master mate mateIn1 oneMove,https://lichess.org/6tqZ19O0/black#76,,True,https://lichess.org/training/xhZoO
FbOMB,3r4/4R1k1/8/5p1p/2pr2pP/P5P1/1P6/2K1R3 b - - 2 46,g7f6 e1e6,1209,122,44,35,endgame master mate mateIn1 oneMove rookEndgame,https://lichess.org/4bkxI3dm/black#92,,True,https://lichess.org/training/FbOMB
YR1PY,r7/pp4R1/2b1p3/4r3/3p1k2/2NB2R1/PPP5/2K5 b - - 3 30,d4c3 g7g4,1209,76,98,3848,endgame mate mateIn1 oneMove,https://lichess.org/RFnYJftk/black#60,,True,https://lichess.org/training/YR1PY
uiTjU,1k5r/pp1n4/8/5p2/3Pp1p1/4P1P1/P1R2PK1/2R2N1r w - - 0 32,f1d2 h8h2,1210,76,77,216,endgame mate mateIn1 oneMove,https://lichess.org/uv5cA6Sf#63,,True,https://lichess.org/training/uiTjU
8d5ia,7k/p1p3p1/1b6/8/3PQ3/5P2/PPr4r/3KR3 w - - 2 37,f3f4 h2d2,1210,82,83,116,endgame mate mateIn1 oneMove,https://lichess.org/QWD0TICq#73,,True,https://lichess.org/training/8d5ia
hiw4G,4rk2/3R2Rp/1p1n2p1/2pp4/8/r6P/P5PK/8 b - - 5 39,d6f5 d7f7,1210,75,88,326,endgame master mate mateIn1 oneMove,https://lichess.org/lSgc4d6A/black#78,,True,https://lichess.org/training/hiw4G
zOLmf,b2r3r/Rk6/1P2p3/1p1nPp2/2pP2p1/2P5/5PNP/R4NK1 b - - 2 32,b7b6 a1a6,1210,75,98,613,mate mateIn1 middlegame oneMove,https://lichess.org/Mes2o7WF/black#64,,True,https://lichess.org/training/zOLmf
VKBnf,8/1K4R1/1pR3p1/2b3kp/r7/8/8/8 b - - 10 53,g5h6 c6g6,1210,137,73,16,endgame mate mateIn1 oneMove,https://lichess.org/WZLdxZ4J/black#106,,True,https://lichess.org/training/VKBnf
LYzaQ,8/8/2pB4/1p1b4/3Pp3/p3P1kp/3q2P1/4R1RK b - - 5 48,g3f2 g1f1,1211,76,93,2596,endgame mate mateIn1 oneMove,https://lichess.org/6aez6MGF/black#96,,True,https://lichess.org/training/LYzaQ
dyH3M,r7/4R3/1p1k1B2/p2p1p1p/n2P3P/2P2P2/2P3r1/2K1R3 b - - 5 31,a4c3 e1e6,1211,76,95,5715,endgame master mate mateIn1 oneMove,https://lichess.org/CMdqgN69/black#62,,True,https://lichess.org/training/dyH3M
TppN7,4k2r/2pR1Rpp/2rp4/8/p1BpP3/1P1P4/P1KN2qP/8 b - - 5 26,h8f8 f7e7,1211,75,95,3458,mate mateIn1 middlegame oneMove,https://lichess.org/DUJaq41C/black#52,,True,https://lichess.org/training/TppN7
JszZl,8/5p1k/4Pq1p/p2p3Q/1b1P3B/7P/2r3r1/1R3K2 w - - 0 42,h4f6 c2f2,1211,78,79,510,endgame mate mateIn1 oneMove,https://lichess.org/klHmuCe1#83,,True,https://lichess.org/training/JszZl
iRx8G,1k6/3Qp3/p3B3/1p1Pp1b1/PR2Kr2/2P3p1/1P1r4/8 w - - 4 41,e4e5 d2e2 b4e4 e2e4,1212,77,93,3613,endgame mate mateIn2 short,https://lichess.org/PCA0QAWl#81,,True,https://lichess.org/training/iRx8G
OkxHL,7r/p4p2/1p2n1k1/5Rp1/1P4P1/6K1/P1PR2Br/8 w - - 4 29,g2e4 h8h3,1212,76,100,568,endgame master mate mateIn1 oneMove,https://lichess.org/5tmfoffj#57,,True,https://lichess.org/training/OkxHL
oBY92,r7/r4ppp/PR6/2kpp3/2p5/2P1P3/3K1PPP/1R6 b - - 4 30,a7a6 b1b5,1212,76,94,248,endgame master mate mateIn1 oneMove rookEndgame,https://lichess.org/VEyXrXLE/black#60,,True,https://lichess.org/training/oBY92
9Ix3d,2k5/3r2pp/rR1p4/P1pPp1p1/4P3/1R3PPP/6K1/8 b - - 0 51,a6a5 b6b8 c8c7 b3b7,1212,196,71,16,endgame master mate mateIn2 rookEndgame short,https://lichess.org/uv6d84y4/black#102,,True,https://lichess.org/training/9Ix3d
8kpAO,7r/pk6/1p6/nN2n1p1/4NP2/1P4P1/P3P3/3R1RKr w - - 1 30,g1g2 h8h2,1212,77,87,1156,mate mateIn1 middlegame oneMove,https://lichess.org/UOUGwBS3#59,,True,https://lichess.org/training/8kpAO
XpPPi,8/8/2R3R1/4p1k1/p1P2p2/P4P2/1r4r1/2K5 b - - 2 38,g5f5 c6f6,1212,76,92,897,endgame master mate mateIn1 oneMove rookEndgame,https://lichess.org/g1vfVukz/black#76,,True,https://lichess.org/training/XpPPi
jpEsq,8/4kp2/3N1np1/p2Pp1Q1/1p2P1P1/5P2/Pr5r/1K1R4 w - - 0 33,b1c1 h2c2,1212,80,88,183,endgame mate mateIn1 oneMove,https://lichess.org/zby3iIdT#65,,True,https://lichess.org/training/jpEsq
UGBMj,2r3k1/pp1n1pp1/4p3/3pP2p/1P1P1P1P/1N6/P1r1K1P1/R1R5 w - - 9 23,e2d3 c8c3,1212,76,88,745,endgame mate mateIn1 oneMove,https://lichess.org/A9aIuz4I#45,,True,https://lichess.org/training/UGBMj
xSfHj,8/1r3k2/2R3p1/2KP1p1p/1r5P/5RP1/8/8 w - - 1 50,d5d6 b7b5,1212,77,43,111,endgame mate mateIn1 oneMove rookEndgame,https://lichess.org/kKhRyEGV#99,,True,https://lichess.org/training/xSfHj
zKu48,6k1/2r3pp/p3R3/1p6/1P6/P4P2/1Kr3PP/3R4 w - - 1 30,b2b3 c7c3,1213,278,60,11,endgame mate mateIn1 oneMove rookEndgame,https://lichess.org/mrOAtWJA#59,,True,https://lichess.org/training/zKu48
SiRBJ,4r1k1/R5R1/6p1/5p1p/3r3P/5P2/6P1/6K1 b - - 1 36,g8f8 a7f7,1213,77,76,112,endgame master mate mateIn1 oneMove rookEndgame,https://lichess.org/WcsYTGp1/black#72,,True,https://lichess.org/training/SiRBJ
sXefd,5rk1/p2qb2p/1p4p1/8/2P1Q3/4P2p/P5rB/3R3K w - - 0 33,d1d7 f8f1 h2g1 f1g1,1213,76,79,207,endgame mate mateIn2 short,https://lichess.org/tY772TVJ#65,,True,https://lichess.org/training/sXefd
jn6ae,4R1R1/p1r2kp1/2p2p1p/4pP1P/8/5P2/6K1/7r b - - 13 54,h1h5 g8f8,1213,115,41,21,endgame master masterVsMaster mate mateIn1 oneMove rookEndgame,https://lichess.org/pTw80455/black#108,,True,https://lichess.org/training/jn6ae
thhBO,4r3/3R3R/p5k1/1p4p1/3P2P1/P7/3Kr3/8 w - - 1 36,d2d3 e8e3,1213,241,33,7,endgame mate mateIn1 oneMove rookEndgame,https://lichess.org/71oeEUOr#71,,True,https://lichess.org/training/thhBO
NBUTp,1k1b3r/1Pp5/4p2r/8/3PPP2/2R2pP1/5B2/2R3K1 w - - 1 40,c3f3 h6h1 g1g2 h8h2,1214,75,92,2472,endgame mate mateIn2 short,https://lichess.org/3mp1ddzw#79,,True,https://lichess.org/training/NBUTp
nu7nM,3r2k1/5p1p/1R2p3/1P4p1/1P2R3/4KPP1/3rB2P/3n4 w - - 1 33,e2d1 d8d3,1214,77,93,5268,endgame master masterVsMaster mate mateIn1 oneMove,https://lichess.org/TAoIFqeu#65,,True,https://lichess.org/training/nu7nM
eMJKe,7k/1p3p1p/4P3/1p1p4/4N1P1/1P6/Pr3r1P/1K1R3R w - - 3 28,b1c1 f2c2,1214,87,100,83,endgame master mate mateIn1 oneMove,https://lichess.org/tqHHCUNO#55,,True,https://lichess.org/training/eMJKe
R4GeL,4r1k1/5qNR/2n2pp1/3p4/3P2P1/r1P1Q1P1/3N1PK1/7R b - - 0 26,e8e3 h7h8 g8g7 h1h7,1214,266,43,4,master mate mateIn2 middlegame sacrifice short,https://lichess.org/PP68jIfH/black#52,,True,https://lichess.org/training/R4GeL
aHoUe,8/p6p/6p1/3pk3/3R3P/PBP5/1r3rb1/2KR4 w - - 9 34,b3d5 f2c2,1214,76,88,433,endgame master mate mateIn1 oneMove,https://lichess.org/OWwaN65n#67,,True,https://lichess.org/training/aHoUe
UWbvS,8/8/p4r1p/1p6/2nR2R1/4k3/P4b1N/7K b - - 3 36,h6h5 g4e4,1214,75,98,751,endgame mate mateIn1 oneMove,https://lichess.org/uUZLDebT/black#72,,True,https://lichess.org/training/UWbvS
eXdVF,4r1k1/R7/8/4rK2/8/2R4P/6P1/8 w - - 1 48,f5f6 e8e6,1214,78,92,2435,endgame mate mateIn1 oneMove rookEndgame,https://lichess.org/QRHa6LIj#95,,True,https://lichess.org/training/eXdVF
5P5SX,8/5rR1/6Qk/p3pq1p/P3r3/3n4/5PR1/6K1 b - - 4 34,f5g6 g2g6,1215,75,97,4882,endgame master mate mateIn1 oneMove,https://lichess.org/Hf4uufbB/black#68,,True,https://lichess.org/training/5P5SX
EKr72,3r4/pp3k2/5p1p/1N2p3/1b2P3/P3K3/1P1r1PPP/R6R w - - 1 19,a3b4 d8d3,1215,75,95,4572,endgame mate mateIn1 oneMove,https://lichess.org/m4MYoQFE#37,Sicilian_Defense Sicilian_Defense_Alapin_Variation,True,https://lichess.org/training/EKr72
8uqfe,5b1r/pp6/1kp2Q2/8/6p1/6P1/PPP2P1r/R2R2K1 w - - 0 26,b2b4 h2h1 g1g2 h8h2,1215,75,79,338,endgame mate mateIn2 short,https://lichess.org/mFjtYiAV#51,,True,https://lichess.org/training/8uqfe
gVNbN,r1r1k3/pR2R2p/5p2/8/1P6/P7/2pn1PPP/6K1 b - - 4 29,e8d8 b7d7,1215,77,84,372,endgame mate mateIn1 oneMove,https://lichess.org/lfp0zEPZ/black#58,,True,https://lichess.org/training/gVNbN
SnRMz,6r1/p2R4/2n1kp2/7p/6P1/1P4KP/r7/3R4 b - - 1 36,c6e5 d1d6,1215,75,98,5137,endgame mate mateIn1 oneMove,https://lichess.org/68eY50Ae/black#72,,True,https://lichess.org/training/SnRMz
eqRbu,1r1k1r2/3R3R/3p2p1/8/8/2b5/K5PP/8 b - - 3 37,d8e8 h7e7,1216,94,67,40,endgame mate mateIn1 oneMove,https://lichess.org/aBsUC0DF/black#74,,True,https://lichess.org/training/eqRbu
3BcOY,2k4r/ppp5/1b2b3/4p1p1/1P2N1P1/P3PPKq/2PB3r/R4Q1R w - - 3 30,f1h3 h8h3,1216,75,96,2195,master mate mateIn1 middlegame oneMove,https://lichess.org/2dutvqZw#59,,True,https://lichess.org/training/3BcOY
v3Khm,3r1k2/R4R2/6p1/5p1p/6nP/6P1/2P2pK1/5r2 b - - 3 51,f8e8 a7e7,1216,239,73,17,endgame master mate mateIn1 oneMove,https://lichess.org/Jf2Mi7eR/black#102,,True,https://lichess.org/training/v3Khm
BqVXj,8/1p3N1k/p1p4p/8/1P1P3Q/P3Pb2/3R1PrK/2R2Nr1 w - - 4 31,h2h3 g1h1 f1h2 h1h2,1216,76,87,291,mate mateIn2 middlegame short,https://lichess.org/FPMVweT0#61,,True,https://lichess.org/training/BqVXj
77nAY,8/pkpN4/1p6/6R1/8/1P6/1r5r/1K1R4 w - - 2 42,b1c1 h2c2,1216,81,88,161,endgame mate mateIn1 oneMove,https://lichess.org/YmUGAFuR#83,,True,https://lichess.org/training/77nAY
V7L2B,1R4R1/3rrk1p/4P1p1/p2P1b2/P1p2P2/2P4P/8/6K1 b - - 0 33,f5e6 b8f8,1216,107,53,21,endgame mate mateIn1 oneMove,https://lichess.org/S12pvJJY/black#66,,True,https://lichess.org/training/V7L2B
o8AZA,3r2r1/4R2R/p5k1/1p3pP1/2np1P2/8/PP5K/8 b - - 0 37,g8h8 e7g7,1216,76,97,2003,endgame master mate mateIn1 oneMove,https://lichess.org/jByh1dER/black#74,,True,https://lichess.org/training/o8AZA
aL6DL,7r/2k3p1/p4pP1/8/2pPpRP1/2P5/PP4Kr/R7 w - - 1 34,g2g3 h8h3,1216,102,47,35,endgame master mate mateIn1 oneMove rookEndgame,https://lichess.org/c09EcFmZ#67,,True,https://lichess.org/training/aL6DL
u3w2P,r4r2/2p2q2/3p3R/3Q2k1/ppP2pp1/8/PPP2PP1/2K4R b - - 1 26,f7d5 h1h5,1216,76,91,591,endgame mate mateIn1 oneMove queenRookEndgame,https://lichess.org/VCKDw680/black#52,,True,https://lichess.org/training/u3w2P
u3o6Y,2r2r2/p6p/4R3/1p1k1p2/8/3K4/P1P3PP/4R3 b - - 4 37,c8c4 e1e5,1217,76,98,460,endgame mate mateIn1 oneMove rookEndgame,https://lichess.org/lWTBVDo6/black#74,,True,https://lichess.org/training/u3o6Y
mnIzG,7r/1k2p3/3p2p1/1p3p2/4PPp1/2PPB1P1/R3B1Kr/1R6 w - - 0 28,g2g1 h2h1 g1g2 h8h2,1217,78,87,822,endgame mate mateIn2 short,https://lichess.org/VxUwCEEp#55,,True,https://lichess.org/training/mnIzG
3zbzk,2kr4/1p3pp1/p1p5/2P1P2p/4PP2/1R2K3/3r2PP/1R6 w - - 7 28,b3b7 d8d3,1217,77,76,264,endgame master mate mateIn1 oneMove rookEndgame,https://lichess.org/heDIhluZ#55,,True,https://lichess.org/training/3zbzk
bor6H,2k4r/pp1n1p1r/2p1pn2/8/1P1P2p1/P3P1q1/1B1N1R1P/R2Q2K1 w - - 0 22,h2g3 h7h1 g1g2 h8h2,1217,114,57,37,kingsideAttack mate mateIn2 middlegame short,https://lichess.org/3rA4GqgO#43,,True,https://lichess.org/training/bor6H
JXNgs,2r5/1q3Q1B/1p1pN3/1k6/6P1/pP6/P2r4/1KR5 w - - 3 36,f7b7 d2b2 b1a1 c8c1 h7b1 c1b1,1217,75,100,325,deflection endgame long mate mateIn3,https://lichess.org/vJTOc1dx#71,,True,https://lichess.org/training/JXNgs
qrMrw,r4r2/p5R1/1p2pk1p/5p2/2PP1n2/3B3P/7K/6R1 b - - 0 30,f4d3 g1g6,1217,75,91,556,endgame mate mateIn1 oneMove,https://lichess.org/BFxL4O35/black#60,,True,https://lichess.org/training/qrMrw
zl3YY,8/7k/1p5p/3PqppR/1PQ1p1P1/rNP1P3/5PP1/r1K2R2 w - - 2 32,c1b2 a3a2,1218,76,93,2464,mate mateIn1 middlegame oneMove,https://lichess.org/W79goFEi#63,,True,https://lichess.org/training/zl3YY
kb3k2,3k3r/ppp1n3/3b1Q2/7r/6p1/2P3P1/PP3P2/3RR1K1 w - - 0 27,e1e7 h5h1 g1g2 h8h2,1218,221,38,12,endgame master mate mateIn2 short,https://lichess.org/4movCR7F#53,,True,https://lichess.org/training/kb3k2
uUgZp,8/1p2kp1p/8/2P5/7P/1P2P3/1r4r1/1KR4R w - - 3 29,b1a1 b2a2 a1b1 g2b2,1218,246,100,13,endgame mate mateIn2 rookEndgame short,https://lichess.org/bTAz2vZK#57,,True,https://lichess.org/training/uUgZp
YraOt,rn2k2r/pp1qb1p1/2p1p1p1/3pP1B1/P2P2P1/2P2Q2/1P3R1P/5RK1 b kq - 0 19,e7g5 f3f8 h8f8 f2f8 e8e7 f1f7,1218,111,38,52,exposedKing long mate mateIn3 middlegame sacrifice,https://lichess.org/RMXx1lZg/black#38,,True,https://lichess.org/training/YraOt
Yq3Dt,3rk3/r5p1/P2p4/3Bp1q1/4P2p/8/5RPP/5R1K b - - 4 40,d8d7 f2f8 e8e7 f1f7,1218,77,96,9583,endgame mate mateIn2 short,https://lichess.org/QTomKKEQ/black#80,,True,https://lichess.org/training/Yq3Dt
OPzT9,3r4/3P4/3R4/p3kp1p/4p2P/6P1/Pr6/3R1K2 b - - 4 49,b2a2 d1d5,1219,77,80,244,endgame mate mateIn1 oneMove rookEndgame,https://lichess.org/oqHazliD/black#98,,True,https://lichess.org/training/OPzT9
Cu8M2,3r2k1/1p3p2/2p1rPp1/p7/3p3R/8/PP2p1K1/7R b - - 1 39,e6f6 h4h8 g8g7 h1h7,1219,75,93,762,endgame mate mateIn2 rookEndgame short,https://lichess.org/T3XAZbNw/black#78,,True,https://lichess.org/training/Cu8M2
amMkW,4r3/p4R2/3pk1p1/2b1r3/4BR1P/5K2/P7/8 b - - 0 35,d6d5 f4f6,1219,77,84,262,endgame mate mateIn1 oneMove,https://lichess.org/aaXKk55b/black#70,,True,https://lichess.org/training/amMkW
Xkl7h,3r1k2/R4R1p/1p4p1/8/2p5/2P1PP1P/5K2/1r1q4 b - - 0 33,f8e8 a7e7,1220,82,77,475,endgame mate mateIn1 oneMove queenRookEndgame,https://lichess.org/tSieHXVn/black#66,,True,https://lichess.org/training/Xkl7h
7u0jo,3k3r/pBb5/4p3/2P3p1/3P1pPr/1R6/P4P2/1R4K1 w - - 1 32,f2f3 h4h1 g1g2 h8h2,1220,99,69,80,endgame mate mateIn2 short,https://lichess.org/l45YtkbT#63,,True,https://lichess.org/training/7u0jo
fs5Xc,r5k1/1p3p2/1p4p1/1Kb3P1/2P4R/r7/8/7R b - - 5 36,a3a4 h4h8 g8g7 h1h7,1220,83,79,111,endgame mate mateIn2 short,https://lichess.org/ddDCFO6g/black#72,,True,https://lichess.org/training/fs5Xc
zXu5C,1r6/3b2k1/2p3p1/p2p2P1/3P4/P1KBP3/1r6/R5R1 w - - 3 28,a1b1 b8b3,1220,100,-3,72,endgame mate mateIn1 oneMove,https://lichess.org/8dCb8CVW#55,,True,https://lichess.org/training/zXu5C
RG9K4,3r4/p5r1/5R2/4p1pp/7k/2P5/PP4PK/5R2 b - - 3 34,g5g4 g2g3 h4g5 f1f5,1221,78,97,2787,endgame mate mateIn2 rookEndgame short,https://lichess.org/pyUrSgAw/black#68,,True,https://lichess.org/training/RG9K4
Prdl8,7r/p1rR1k1p/n1p2pp1/1p2p3/4P3/2N4P/PPP2PP1/2KR4 b - - 1 22,f7e6 d1d6,1221,75,96,3148,endgame mate mateIn1 oneMove,https://lichess.org/k3yGg0Cr/black#44,,True,https://lichess.org/training/Prdl8
jDNiX,r7/ppp3rp/3p2k1/3P1R2/3bNR2/3P3P/PP2b1P1/7K b - - 4 26,d4e5 f5g5 g6h6 f4h4 e2h5 h4h5,1221,251,57,4,exposedKing long mate mateIn3 middlegame,https://lichess.org/aGB0CY54/black#52,,True,https://lichess.org/training/jDNiX
MtdPX,2r5/8/3R3p/4k1p1/2r1P3/6KP/8/3R4 b - - 0 40,c4e4 d1d5,1221,76,97,319,endgame mate mateIn1 oneMove rookEndgame,https://lichess.org/Ck83W8YL/black#80,,True,https://lichess.org/training/MtdPX
EDl6t,5r2/ppp5/1r6/3kR3/3N4/3P4/n1PK1PPP/4R3 b - - 7 29,d5d4 e1e4,1221,75,71,88,endgame mate mateIn1 oneMove,https://lichess.org/oqd891Q4/black#58,,True,https://lichess.org/training/EDl6t
a7ne1,r7/p3RR2/1p4pk/2p5/8/3b2K1/Pr3PP1/8 b - - 1 37,d3f5 f7h7 h6g5 f2f4 g5f6 h7f7,1221,75,97,13800,endgame long mate mateIn3,https://lichess.org/ina6TbMu/black#74,,True,https://lichess.org/training/a7ne1
dWVO7,r6r/p2R2p1/1pn1k2p/2p1p3/4P3/4BP2/PPP4P/3R2K1 b - - 3 21,a8d8 d1d6,1222,75,94,477,endgame mate mateIn1 oneMove,https://lichess.org/VpmFrpec/black#42,,True,https://lichess.org/training/dWVO7
dEVXM,r7/7P/2k2P2/3p4/1b1Pp3/1KP3QR/r7/5R2 w - - 3 47,c3b4 a8a3,1222,119,80,66,endgame mate mateIn1 oneMove queenRookEndgame,https://lichess.org/sahlQefY#93,,True,https://lichess.org/training/dEVXM
7vBWf,6k1/p4p1p/1p4p1/2p5/8/2P2PP1/1P3KP1/QB2r2r w - - 1 27,a1a7 h1f1,1222,76,86,388,endgame master masterVsMaster mate mateIn1 oneMove,https://lichess.org/w6qflzkz#53,,True,https://lichess.org/training/7vBWf
2oEPa,8/8/4R3/3k1p2/7P/8/P1r2r2/2K1R3 w - - 2 42,c1d1 f2d2,1222,75,77,176,endgame mate mateIn1 oneMove rookEndgame,https://lichess.org/4srUlznP#83,,True,https://lichess.org/training/2oEPa
F8rEU,4r1k1/p1R3R1/1p3p1p/3p4/3P4/6P1/PP2r2P/6K1 b - - 7 30,g8f8 c7f7,1222,159,54,36,endgame mate mateIn1 oneMove rookEndgame,https://lichess.org/tMNFxI2z/black#60,,True,https://lichess.org/training/F8rEU
wzYU2,3R2R1/2r2p2/3p1k2/4p1Np/4Pnb1/8/5P2/6K1 b - - 5 39,c7c6 g5h7 f6e7 g8e8,1222,75,89,691,endgame master mate mateIn2 short,https://lichess.org/Y90UagsS/black#78,,True,https://lichess.org/training/wzYU2
ynUtx,r1bqr1kQ/3n1pb1/2p1p1p1/3p1nP1/1PpP1PN1/p1BBPN2/P5KR/7R b - - 1 28,g7h8 h2h8 g8g7 h1h7,1223,76,91,1737,kingsideAttack master mate mateIn2 middlegame short,https://lichess.org/bLXIe5FR/black#56,,True,https://lichess.org/training/ynUtx
eOs6j,3r1rk1/ppp2p2/1q2b1p1/6P1/2P4R/3B4/PPKN2P1/7R b - - 2 23,f8e8 h4h8 g8g7 h1h7,1223,76,85,145,kingsideAttack mate mateIn2 middlegame short,https://lichess.org/xUJUivuL/black#46,,True,https://lichess.org/training/eOs6j
Wi1S6,6k1/2pbrp2/1pP4p/6p1/5p2/1QPP1P1P/1P3KPN/4r3 w - - 1 28,c6d7 e7e2,1223,172,50,42,endgame mate mateIn1 oneMove,https://lichess.org/YNnGzG5E#55,,True,https://lichess.org/training/Wi1S6
ixxhv,r1r2Rk1/6P1/7p/7P/p7/8/P7/K4R2 b - - 3 35,g8g7 f1f7,1223,77,82,187,endgame mate mateIn1 oneMove rookEndgame,https://lichess.org/dtmYnTzW/black#70,,True,https://lichess.org/training/ixxhv
svfD1,4r3/1R4Rp/p4rk1/5pp1/3P1p2/P1P4P/q1P2P1P/6K1 b - - 1 28,g6h6 g7h7 h6g6 b7g7,1223,79,79,88,endgame mate mateIn2 queenRookEndgame short,https://lichess.org/NVLkcmDj/black#56,,True,https://lichess.org/training/svfD1
5CDXZ,1k4r1/p1r2p2/1Q5p/3P4/2P5/5pPq/R4P2/R5K1 b - - 0 39,a7b6 a2a8 b8b7 a1a7,1223,75,93,2182,endgame mate mateIn2 queenRookEndgame short,https://lichess.org/t4GZEB8h/black#78,,True,https://lichess.org/training/5CDXZ
1AOW7,8/3R1rpp/1k2p3/2p5/8/2N4P/5r2/3R2K1 b - - 1 31,b6c6 d1d6,1223,75,91,932,endgame mate mateIn1 oneMove,https://lichess.org/S8p9aHT7/black#62,,True,https://lichess.org/training/1AOW7
tCgGd,5rk1/1p2R3/4p1pp/3pP3/3P2PP/P1R3K1/1P3r2/8 w - - 1 48,c3c7 f8f3,1223,181,65,28,endgame master masterVsMaster mate mateIn1 oneMove rookEndgame,https://lichess.org/qHXSjoIE#95,,True,https://lichess.org/training/tCgGd
7XrSB,r5k1/1ppQ1ppb/3p3p/3P1N2/1pPp4/2rB3P/P2K2P1/3R3R w - - 0 22,h1e1 a8a2 d3c2 a2c2,1223,76,97,18311,mate mateIn2 middlegame short,https://lichess.org/ckNOlo6t#43,,True,https://lichess.org/training/7XrSB
pJ6g4,5r2/1pp3k1/3p3p/p1nP1br1/2P2KP1/2N1R3/PP2B2R/8 w - - 0 38,g4f5 f8f5,1224,89,64,84,master mate mateIn1 middlegame oneMove,https://lichess.org/28B2mCCh#75,,True,https://lichess.org/training/pJ6g4
4tWkQ,8/2p5/3pR2R/5k1p/p1n4P/2P1p3/4b1K1/4r3 b - - 0 42,e2g4 h6f6,1224,75,52,91,endgame master mate mateIn1 oneMove,https://lichess.org/QqyBOzYf/black#84,,True,https://lichess.org/training/4tWkQ
Y3nQ2,r7/p7/bp2p1R1/3p1k1r/P2P1P1N/2P1K3/1P6/6R1 b - - 12 39,h5h4 g1g5,1225,75,96,1848,endgame mate mateIn1 oneMove,https://lichess.org/5j5Y82px/black#78,,True,https://lichess.org/training/Y3nQ2
2pX15,r1bR4/p3k3/1pp1pp2/4b1p1/4P2p/1BPRnP2/PP4PP/6K1 b - - 1 24,c8a6 d3d7,1225,292,100,17,mate mateIn1 middlegame oneMove,https://lichess.org/Rh4KQJUF/black#48,,True,https://lichess.org/training/2pX15
AiVBj,4k2r/5p1p/p2R1p2/5P2/1qn1P1P1/4b3/1PP4P/1KQR4 b k - 0 24,e3c1 d6d8 e8e7 d1d7,1225,75,94,1891,endgame mate mateIn2 short,https://lichess.org/vgZIhzHo/black#48,,True,https://lichess.org/training/AiVBj
VhKmD,1R3b1r/2k4p/p2r1p2/n3pbp1/2N5/2PP2P1/P1P2PBP/1R4K1 b - - 4 19,a5c4 b1b7,1225,76,98,1292,master mate mateIn1 middlegame oneMove,https://lichess.org/5oAUdbqR/black#38,,True,https://lichess.org/training/VhKmD
8hMWs,8/1pp2p2/2k5/3pQ3/3P1P2/pPPB4/1r5r/K3R3 w - - 7 36,c3c4 b2a2 a1b1 h2b2 b1c1 a2a1 d3b1 a1b1,1225,76,93,988,endgame exposedKing mate mateIn4 veryLong,https://lichess.org/DjvZcTN5#71,,True,https://lichess.org/training/8hMWs
9ORdv,2rR4/4kb1p/p4p1B/1p2pPp1/4Q3/P7/1Pq3PP/3R2K1 b - - 0 26,c2e4 d1d7,1225,83,81,107,endgame mate mateIn1 oneMove,https://lichess.org/pjefhCRn/black#52,,True,https://lichess.org/training/9ORdv
QDLzv,r7/1pk2np1/2p1bp1p/4p3/1PP1N3/1K2P1PP/r4PB1/3R3R w - - 3 24,d1d2 a8a3,1225,75,93,1433,mate mateIn1 middlegame oneMove,https://lichess.org/m8wWsX9v#47,,True,https://lichess.org/training/QDLzv
6XXtQ,2k5/8/1R3B2/8/8/5P2/1p3PK1/1r5r w - - 6 65,b6b2 b1g1,1225,75,96,10683,endgame mate mateIn1 oneMove,https://lichess.org/WCl4I70S#129,,True,https://lichess.org/training/6XXtQ
5aL85,3qr1kR/5pP1/2n1p1n1/3pP3/2pP4/2b1BNP1/rP1N1PK1/7R b - - 1 26,g8g7 h1h7,1225,77,89,280,mate mateIn1 middlegame oneMove,https://lichess.org/eH7PQWYJ/black#52,,True,https://lichess.org/training/5aL85
mhIUS,8/1pk2p2/p5p1/4b3/2N5/2P1PB2/PP2KP2/R1Br2r1 w - - 4 24,c4e5 g1e1,1226,74,100,617,endgame master mate mateIn1 oneMove,https://lichess.org/ch3LZtkk#47,,True,https://lichess.org/training/mhIUS
U3lz3,8/3k1ppp/2n1p3/2b5/1rK5/2N2P2/1P1B1P1P/r2R3R w - - 8 24,c4c5 a1a5 c3b5 a5b5,1226,80,27,62,mate mateIn2 middlegame short,https://lichess.org/12iVdxll#47,,True,https://lichess.org/training/U3lz3
jMVKA,r3R3/b3Qk2/3q1p1p/2pr1P2/1p3PP1/1P1p4/P6P/4R1K1 b - - 3 41,d6e7 e1e7,1226,215,69,26,endgame mate mateIn1 oneMove,https://lichess.org/jWMFbQVe/black#82,,True,https://lichess.org/training/jMVKA
STAId,8/7R/3Q2R1/3p4/3B1P2/p2P1k1P/6rr/6K1 w - - 2 47,g1f1 h2h1 d4g1 h1g1,1226,76,93,913,endgame mate mateIn2 short,https://lichess.org/vRUpDCQq#93,,True,https://lichess.org/training/STAId
qw1Ye,7r/8/2kp4/R4B2/3P2p1/6P1/5P1r/4R1K1 w - - 0 47,e1a1 h2h1 g1g2 h8h2,1227,79,91,448,endgame mate mateIn2 short,https://lichess.org/TAv4qoQg#93,,True,https://lichess.org/training/qw1Ye
L9JgD,r3r1k1/R5R1/3pp1p1/8/p2KP3/2P2P2/5P2/8 b - - 1 38,g8f8 a7f7,1227,77,99,1498,endgame mate mateIn1 oneMove rookEndgame,https://lichess.org/3YVS7gC6/black#76,,True,https://lichess.org/training/L9JgD
J6Zwb,4r3/1p6/2p2kR1/p2p1P2/3Pr3/P3P1R1/1P1K4/8 b - - 4 29,f6f5 g3g5,1227,77,90,3502,endgame master masterVsMaster mate mateIn1 oneMove rookEndgame,https://lichess.org/1TJntoFm/black#58,,True,https://lichess.org/training/J6Zwb
pPlYl,8/4R1k1/6p1/2p2p1p/1p5P/3r2PK/P2r4/4R3 b - - 4 56,g7f6 e1e6,1227,81,100,65,endgame master mate mateIn1 oneMove rookEndgame,https://lichess.org/q0P5TDUP/black#112,,True,https://lichess.org/training/pPlYl
ZyXoq,2k5/Bpp2p2/4p3/1P6/Q1P5/P4p2/6r1/R4K1r w - - 4 31,a7g1 h1g1,1227,207,-50,5,endgame mate mateIn1 oneMove,https://lichess.org/ZAcyMJBf#61,,True,https://lichess.org/training/ZyXoq
2sAhf,r4r2/3kR1p1/p1p2n1p/3p4/3b4/1N6/PPP2PPP/4R1K1 b - - 1 21,d7d6 e1e6,1227,77,90,1268,mate mateIn1 middlegame oneMove,https://lichess.org/n8y72Srg/black#42,,True,https://lichess.org/training/2sAhf
8SdPZ,6k1/5r1p/p2p2qQ/1p5R/3pB3/3P4/PP3r2/4K3 w - - 0 33,e4g6 f2f1 e1e2 f7f2,1227,163,60,24,endgame mate mateIn2 short,https://lichess.org/IDFczcnz#65,,True,https://lichess.org/training/8SdPZ
jJdvR,5rk1/1p1n2p1/2pb4/p2p4/3P2R1/P2q3P/1P2Q1K1/R1B2r2 w - - 0 29,e2d3 f8f2,1227,78,87,718,mate mateIn1 middlegame oneMove,https://lichess.org/ViCTo1Pr#57,,True,https://lichess.org/training/jJdvR
4gmDD,1r2n1kb/p1p2p1p/1r4pB/3QP3/2p3P1/q1P2N1P/1P1R1P2/2K4R w - - 0 26,b2a3 b6b1 c1c2 b8b2,1227,76,96,21613,mate mateIn2 middlegame queensideAttack short,https://lichess.org/bfMyH7I3#51,,True,https://lichess.org/training/4gmDD
4f5cU,2k4r/pp1R1p2/2p2p2/4P3/1P6/P4QP1/1Bq2P2/3R1K1r w - - 1 28,f1g2 h8h2,1228,75,95,486,mate mateIn1 middlegame oneMove,https://lichess.org/6zwFcDen#55,,True,https://lichess.org/training/4f5cU
PAcN6,1k1r4/1R4Rp/2p2p2/p3pP2/P3b3/2r2N2/6PP/K2n4 b - - 1 36,b8c8 g7c7,1228,85,23,50,mate mateIn1 middlegame oneMove,https://lichess.org/h2p7RtXY/black#72,,True,https://lichess.org/training/PAcN6
E7tUY,3r4/7R/5pk1/4p1p1/1p2Pn2/1P6/PPK4R/5r2 b - - 9 33,f1e1 h2h6,1228,81,52,51,endgame mate mateIn1 oneMove,https://lichess.org/Uf8nMOjW/black#66,,True,https://lichess.org/training/E7tUY
LCWGo,r7/pb1pqkR1/1pn1pp2/7r/2P2P2/1NP2N2/P6P/6RK b - - 1 31,f7f8 g7g8 f8f7 g1g7,1228,75,96,4185,mate mateIn2 middlegame short,https://lichess.org/T2AhzQDd/black#62,,True,https://lichess.org/training/LCWGo
arrLw,6R1/2p5/p1n1p2r/4p2k/3pP1R1/2PP4/P2K4/4r3 b - - 3 35,e1h1 g8g5,1228,76,91,622,endgame mate mateIn1 oneMove,https://lichess.org/JmkjfdVk/black#70,,True,https://lichess.org/training/arrLw
LyaCi,8/1p2RR1p/k1p3p1/r1n5/1bPB4/rP4P1/2B1P2P/1K6 w - - 10 31,d4c5 a3a1 b1b2 a5a2,1228,77,92,212,master mate mateIn2 middlegame queensideAttack short,https://lichess.org/lu5LH8gn#61,,True,https://lichess.org/training/LyaCi
ioyBa,Qk1r4/1bp3r1/1p3n2/1P3p1q/2pP1B2/R6B/3N2P1/R5K1 b - - 3 34,b7a8 a3a8 b8b7 a1a7,1229,76,97,11760,mate mateIn2 middlegame queensideAttack short,https://lichess.org/D40zYMOM/black#68,,True,https://lichess.org/training/ioyBa
5o0VU,r5k1/3p1r1p/3qp1Q1/6P1/5P2/p6R/4K3/7R b - - 0 37,h7g6 h3h8 g8g7 h1h7,1229,83,94,12978,endgame mate mateIn2 queenRookEndgame short,https://lichess.org/RPolulNA/black#74,,True,https://lichess.org/training/5o0VU
H4iCo,1k1r4/nR5R/p1pPb3/2r5/2P5/7P/6PK/8 b - - 0 43,b8c8 h7c7,1229,80,67,60,endgame mate mateIn1 oneMove,https://lichess.org/hrlRkQrG/black#86,,True,https://lichess.org/training/H4iCo
eItnW,1Rn3rr/1Rp1b3/k1P1p3/P2pP3/1N1P2p1/q2P2Pp/4Q2P/6K1 b - - 8 39,e7b4 b8a8 c8a7 a8a7,1229,80,91,355,mate mateIn2 middlegame short,https://lichess.org/Z7wYuh85/black#78,,True,https://lichess.org/training/eItnW
wPjmQ,2r3kQ/5p2/3pp1p1/2r3P1/p2bPP2/8/P1p4R/2K4R b - - 1 33,d4h8 h2h8 g8g7 h1h7,1229,76,85,457,endgame mate mateIn2 short,https://lichess.org/KL5dNbVS/black#66,,True,https://lichess.org/training/wPjmQ
SdL4q,8/1R6/k2p4/pR1P3r/3r4/P7/1P6/1K6 b - - 8 43,h5d5 b5b6,1229,76,81,285,endgame mate mateIn1 oneMove rookEndgame,https://lichess.org/kJJOzHl7/black#86,,True,https://lichess.org/training/SdL4q
E3UOb,1n5r/1b2Rkp1/p2r1pp1/1p6/8/8/PPP2PPP/4R2K b - - 1 23,f7f8 e7e8 f8f7 e1e7,1229,77,94,21197,endgame fork mate mateIn2 short,https://lichess.org/99viq41A/black#46,,True,https://lichess.org/training/E3UOb
U1M1V,1Q6/5p1p/2N2p1k/8/8/5PPb/4r2r/1RR1K3 w - - 2 34,e1d1 e2d2 d1e1 h2e2,1229,76,86,204,mate mateIn2 middlegame short,https://lichess.org/14bZNYZu#67,,True,https://lichess.org/training/U1M1V
u3rKl,r4n1R/2q2pkQ/2p3p1/3n2P1/p1NP1p2/Pr2P3/5KB1/7R b - - 1 34,f8h7 h1h7,1230,74,98,1144,master mate mateIn1 middlegame oneMove,https://lichess.org/F7huswNO/black#68,,True,https://lichess.org/training/u3rKl
THhe4,2r5/4k3/5p2/pp1Bp2p/4P2P/1P1K1PB1/2r5/7R w - - 3 32,h1g1 c8c3,1230,81,78,78,endgame mate mateIn1 oneMove,https://lichess.org/J2Jz52Tr#63,,True,https://lichess.org/training/THhe4
Jfayf,R5R1/3br1k1/p4p2/1p2p3/3N4/7P/5PPK/2r5 b - - 3 41,g7f7 a8f8,1230,174,100,5,endgame mate mateIn1 oneMove,https://lichess.org/vgqUed7P/black#82,,True,https://lichess.org/training/Jfayf
i1HOc,7r/2R2p2/1p2P1k1/p2p2p1/3P2K1/7r/PP1R4/8 w - - 3 52,e6f7 h8h4,1230,282,54,12,endgame mate mateIn1 oneMove rookEndgame,https://lichess.org/rNYSanFv#103,,True,https://lichess.org/training/i1HOc
VmlXc,7r/p1pk3r/1p1b4/3p1p2/1B1P2p1/P3P1P1/1PR2P2/2R3K1 w - - 3 24,b4d6 h7h1 g1g2 h8h2,1231,76,76,189,endgame mate mateIn2 short,https://lichess.org/RNYHVYb6#47,,True,https://lichess.org/training/VmlXc
IRAGq,1rr3k1/p4p1R/b3p1p1/6P1/2p1pP2/P3P3/2N2KP1/7R b - - 0 27,b8b2 h7h8 g8g7 h1h7,1231,77,92,5189,endgame mate mateIn2 short,https://lichess.org/y7HwBIsg/black#54,,True,https://lichess.org/training/IRAGq
fYMG0,3r1r2/1R4R1/4pk2/p4p1p/b4P2/4P3/6P1/1B4K1 b - - 0 36,f8g8 b7f7,1231,81,87,379,endgame mate mateIn1 oneMove,https://lichess.org/UufikexK/black#72,,True,https://lichess.org/training/fYMG0
QP0F7,4r3/1R3pp1/p1k4p/2p5/2PbN3/3P4/P1r2PPP/1R4K1 b - - 7 27,e8e4 b1b6,1232,75,82,251,endgame mate mateIn1 oneMove,https://lichess.org/mrOUUMAW/black#54,,True,https://lichess.org/training/QP0F7
70aR4,3r4/p5R1/1p1p1r1k/1Pn2N1p/2Pp1P2/P2P3p/7K/6R1 b - - 10 37,f6f5 g1g6,1232,78,84,476,endgame master mate mateIn1 oneMove,https://lichess.org/msxjRL3V/black#74,,True,https://lichess.org/training/70aR4
oto5f,r4rk1/p1R3R1/1p2q3/8/1P3p2/P5B1/5P1P/6K1 b - - 2 38,g8h8 g7h7 h8g8 c7g7,1233,77,58,121,endgame mate mateIn2 short,https://lichess.org/nfxhk2Ih/black#76,,True,https://lichess.org/training/oto5f
uJ7wZ,6k1/B1p3p1/Rp1b4/3P3Q/3p2Pq/1P6/1PP2r1r/5RK1 w - - 0 28,h5h4 f2g2,1233,75,92,1592,mate mateIn1 middlegame oneMove,https://lichess.org/bQ51Jy0k#55,,True,https://lichess.org/training/uJ7wZ
RmKhv,6rk/7p/pppN4/3R1p2/P7/5Q1P/1PP2PqK/4R1r1 w - - 3 28,f3g2 g8g2,1233,75,93,2931,endgame master masterVsMaster mate mateIn1 oneMove,https://lichess.org/9aTcXvJD#55,,True,https://lichess.org/training/RmKhv
alj0N,8/pp1R3R/2p1kr2/8/4P3/6b1/PPr5/3K4 b - - 3 31,c2f2 h7e7,1233,76,83,403,endgame mate mateIn1 oneMove,https://lichess.org/bL0Im3nW/black#62,,True,https://lichess.org/training/alj0N
su8cZ,8/p1p3p1/1p6/8/4k1KP/3R2R1/PPr4r/8 b - - 18 41,c2b2 g3e3,1233,83,86,555,endgame mate mateIn1 oneMove rookEndgame,https://lichess.org/TPwLcMjv/black#82,,True,https://lichess.org/training/su8cZ
JSPUN,4rk2/pp6/3p1NPp/2pP1B2/2P2p1p/5P2/P5P1/3Rr1K1 w - - 1 31,g1f2 e8e2,1233,75,86,312,endgame master mate mateIn1 oneMove,https://lichess.org/SNM7oSTn#61,,True,https://lichess.org/training/JSPUN
6M9fL,3r4/7R/2b2k2/6R1/2P2P2/P4K2/3r2P1/8 w - - 3 45,f3e3 d8d3,1234,75,94,2455,endgame mate mateIn1 oneMove,https://lichess.org/76RWbUyn#89,,True,https://lichess.org/training/6M9fL
7K4UZ,4r3/pp6/2p5/3p4/3P1Rk1/P7/1P2r2p/5R1K b - - 1 40,g4g3 f1f3,1234,75,94,4192,endgame master mate mateIn1 oneMove rookEndgame,https://lichess.org/BLRByhxn/black#80,,True,https://lichess.org/training/7K4UZ
tDbQm,3r2k1/8/2p2Q2/1p6/p7/2P2P2/PPK3P1/3r4 w - - 0 31,b2b3 d8d2,1234,89,63,35,endgame mate mateIn1 oneMove queenRookEndgame,https://lichess.org/4LpLQs22#61,,True,https://lichess.org/training/tDbQm
0WMDa,6r1/p3Qn1k/Bp5p/3P1b2/P1PB4/8/1P5p/R5rK w - - 2 32,h1h2 g8g2,1235,79,86,545,mate mateIn1 middlegame oneMove,https://lichess.org/ItAjMMYI#63,,True,https://lichess.org/training/0WMDa
M4Ue3,4r3/7k/R6p/p2B1pp1/3R2P1/8/P3rK2/8 w - - 3 36,f2f3 e8e3,1235,142,75,44,endgame mate mateIn1 oneMove,https://lichess.org/jdmRRy6t#71,,True,https://lichess.org/training/M4Ue3
8o81x,8/1R5R/r3p1k1/p2n1p1p/3P1PpP/2r1P3/3K2P1/8 b - - 3 38,d5f6 b7g7,1235,75,93,522,endgame mate mateIn1 oneMove,https://lichess.org/7ZW6oeMh/black#76,,True,https://lichess.org/training/8o81x
WeUC5,7r/8/4R3/kPp5/p1P3p1/P2P2P1/5Ppr/R5K1 w - - 2 45,a1e1 h2h1 g1g2 h8h2,1235,76,97,3069,endgame mate mateIn2 rookEndgame short,https://lichess.org/V8aPLJ9a#89,,True,https://lichess.org/training/WeUC5
Egmyx,3k3r/p4R2/2pN2p1/PpP1p1P1/1P2P1K1/7r/2P1N3/8 w - - 1 40,f7a7 h8h4,1235,80,93,98,endgame mate mateIn1 oneMove,https://lichess.org/3YJHhtnS#79,,True,https://lichess.org/training/Egmyx
g87Gj,b1n1qbR1/1r3pQk/1p1p1n1p/pP1PpP2/N1P1P3/8/3NB2P/6RK b - - 14 41,f8g7 g1g7,1235,85,100,65,mate mateIn1 middlegame oneMove,https://lichess.org/FIomJVs8/black#82,,True,https://lichess.org/training/g87Gj
Cg4gR,3r4/pp2R1pp/1npk4/8/2PP4/2PB1r2/P4P1P/4R1K1 b - - 3 26,f3d3 e1e6,1236,76,90,1477,endgame mate mateIn1 oneMove,https://lichess.org/Ltjapey8/black#52,,True,https://lichess.org/training/Cg4gR
1b6U5,7r/p3p3/1p1p1k2/3R4/P1P3p1/1P1R2Kr/4PP2/8 w - - 2 34,g3g4 h8h4,1236,76,97,1816,endgame mate mateIn1 oneMove rookEndgame,https://lichess.org/q1FFxZd1#67,,True,https://lichess.org/training/1b6U5
ErOua,6r1/p4R2/2p1k3/2Pp3r/P2Pp2P/6p1/8/5RK1 b - - 2 37,h5h4 f1f6,1236,75,97,3419,endgame mate mateIn1 oneMove rookEndgame,https://lichess.org/lsH6aMzS/black#74,,True,https://lichess.org/training/ErOua
9iBsk,1r6/8/8/R7/K2P4/1r4P1/R4Pk1/8 w - - 9 39,a2d2 b8b4,1236,75,93,2305,endgame mate mateIn1 oneMove rookEndgame,https://lichess.org/lmsp8L3y#77,,True,https://lichess.org/training/9iBsk
JoNi8,1k5r/pb3p2/1pq1p3/4P3/P1nQ1PP1/3R2K1/2P1N1Br/6R1 w - - 12 30,g2c6 h8h3,1236,77,93,704,master mate mateIn1 middlegame oneMove,https://lichess.org/pERV58IH#59,,True,https://lichess.org/training/JoNi8
svXqm,5b1k/5R2/2Pp3p/B2Pp2r/8/P4pPr/5P2/4R1K1 w - - 3 37,f7f3 h3h1 g1g2 h5h2,1236,78,94,1047,endgame mate mateIn2 short,https://lichess.org/jeFuGv1d#73,,True,https://lichess.org/training/svXqm
zs7dN,1nRk3r/4bppp/p2p4/1q1P4/8/4BN1P/1P3PP1/2R3K1 b - - 2 26,d8d7 c1c7,1237,75,79,110,mate mateIn1 middlegame oneMove,https://lichess.org/6OiiGnJ7/black#52,,True,https://lichess.org/training/zs7dN
bw7Pw,2r2k2/1Q1R1p2/4p1p1/3nP3/P4P2/8/1Kr5/8 w - - 13 53,b2b3 c8c3,1237,77,91,329,endgame master mate mateIn1 oneMove,https://lichess.org/8lRbGf4k#105,,True,https://lichess.org/training/bw7Pw
1Kbxv,2R5/1r4p1/p3k3/5R2/P6P/K7/1r6/8 w - - 18 47,c8c5 b7b3,1237,80,71,339,endgame mate mateIn1 oneMove rookEndgame,https://lichess.org/dnca5FG4#93,,True,https://lichess.org/training/1Kbxv
e4oTC,3rk3/1R3Rp1/p3p3/7p/4K3/1PP3rP/1P6/8 b - - 1 30,h5h4 b7e7,1237,80,87,307,endgame mate mateIn1 oneMove rookEndgame,https://lichess.org/GygAnP4p/black#60,,True,https://lichess.org/training/e4oTC
KCehA,6k1/pp4p1/2p5/2brKp2/2N5/1B5P/PP3r2/2R4R w - - 2 31,e5e6 f2e2 c4e5 e2e5,1237,79,85,2246,mate mateIn2 middlegame short,https://lichess.org/aSvTsIF1#61,,True,https://lichess.org/training/KCehA
cfKYJ,8/2R2Rp1/p2p3p/3kp2n/r7/2PK4/P7/8 b - - 5 39,a4a2 c3c4 d5e6 c7e7,1238,75,100,662,endgame mate mateIn2 short,https://lichess.org/8ZQ4X87e/black#78,,True,https://lichess.org/training/cfKYJ
0qsca,r2q1r1R/pp2bpk1/2p3p1/8/2P1n3/4p3/PQ1PK1P1/7R b - - 3 25,f7f6 h1h7,1238,76,100,179,master mate mateIn1 middlegame oneMove,https://lichess.org/kDHeiqxy/black#50,,True,https://lichess.org/training/0qsca
LKAmL,8/1p3R2/pkpp1p1r/4pP2/4P1K1/1P1PP2r/1P6/6R1 w - - 11 37,f7g7 h6h4,1238,75,91,361,endgame mate mateIn1 oneMove rookEndgame,https://lichess.org/gjxipo8j#73,,True,https://lichess.org/training/LKAmL
YRji5,7r/1k3p2/1p2p3/b2p4/P2Pn1p1/BQ2P1q1/6K1/2RR1N1r w - - 0 29,f1g3 h8h2,1238,75,83,627,mate mateIn1 middlegame oneMove,https://lichess.org/6RkG4Fjd#57,,True,https://lichess.org/training/YRji5
TLElN,2r1R1k1/pp6/2r2pp1/3p3p/7P/1PPK1P2/P5P1/4R3 b - - 5 27,g8f7 e1e7,1239,76,62,110,endgame mate mateIn1 oneMove rookEndgame,https://lichess.org/ysy711yM/black#54,,True,https://lichess.org/training/TLElN
RC8rK,1r4kb/3R3R/2p2pNp/p7/6PB/1pn5/P3r2P/5K2 b - - 9 37,h8g7 d7g7,1239,79,82,428,mate mateIn1 middlegame oneMove,https://lichess.org/BovB1XwK/black#74,,True,https://lichess.org/training/RC8rK
NpSN6,r5k1/ppp2r1p/3p2Q1/3P2P1/8/7R/qPP5/2K4R b - - 0 27,h7g6 h3h8 g8g7 h1h7,1239,77,94,575,endgame mate mateIn2 queenRookEndgame short,https://lichess.org/MaDchKkF/black#54,,True,https://lichess.org/training/NpSN6
ggxMf,8/6pk/4P3/8/6P1/4R2P/r5r1/4R1K1 w - - 5 33,g1f1 a2f2,1239,79,80,62,endgame mate mateIn1 oneMove rookEndgame,https://lichess.org/CgRtUGEV#65,,True,https://lichess.org/training/ggxMf
7QPXo,1b3k1r/pq4p1/2p1Qn2/R5N1/1P2p1P1/1NP3P1/5P2/R5Kr w - - 1 36,g1g2 h8h2,1239,76,92,654,mate mateIn1 middlegame oneMove,https://lichess.org/luJ5zza6#71,,True,https://lichess.org/training/7QPXo
ucp38,1k6/p1p3p1/1b3p2/1P4P1/4PB2/5PK1/2r4r/1R3R2 w - - 5 32,g5f6 c2g2,1239,76,96,6257,endgame mate mateIn1 oneMove,https://lichess.org/M3EopnzJ#63,,True,https://lichess.org/training/ucp38
rDl39,2kr4/pR3R2/3p2p1/8/P5K1/3P4/7P/2r5 b - - 0 44,c1d1 f7c7,1240,241,38,6,endgame mate mateIn1 oneMove rookEndgame,https://lichess.org/vmjmVMwg/black#88,,True,https://lichess.org/training/rDl39
3Gg1r,4r3/ppp5/5kP1/5P2/3P1KR1/2P1r3/PP4R1/8 w - - 3 44,g4g3 e8e4,1240,74,100,359,endgame mate mateIn1 oneMove rookEndgame,https://lichess.org/hEB0MPmb#87,,True,https://lichess.org/training/3Gg1r
aEogS,7k/p5p1/6Q1/p7/1b1P4/4P1P1/P1r3rP/1R1R2K1 w - - 1 30,g1f1 c2f2,1240,77,79,112,endgame mate mateIn1 oneMove,https://lichess.org/hydkFCEI#59,,True,https://lichess.org/training/aEogS
lNh15,2r5/p2R1p1p/1pp1k1p1/4r3/2PRp1P1/4P3/PP3PKP/8 b - - 0 32,c6c5 d4d6,1240,125,68,23,endgame mate mateIn1 oneMove rookEndgame,https://lichess.org/WeMTxoqw/black#64,,True,https://lichess.org/training/lNh15
w8vjL,3r1r2/pp2R2p/2pk4/5p2/1P6/2nP4/P4PBP/4R1K1 b - - 3 25,c3a2 e1e6,1240,168,88,94,endgame mate mateIn1 oneMove,https://lichess.org/wT6Swher/black#50,,True,https://lichess.org/training/w8vjL
LlYtr,8/r7/4Rk2/6p1/5r1p/p3R2P/K7/8 b - - 0 43,f6f5 e3e5,1240,133,-60,10,endgame mate mateIn1 oneMove rookEndgame,https://lichess.org/FIfN1ghp/black#86,,True,https://lichess.org/training/LlYtr
4hGFk,8/3Rk2p/p5p1/r4p2/P4P2/6PP/2r5/3R2K1 b - - 4 40,e7e6 d1d6,1240,75,96,4245,endgame mate mateIn1 oneMove rookEndgame,https://lichess.org/J1Xcyk9W/black#80,,True,https://lichess.org/training/4hGFk
KMMe2,r2q3b/p1nnp1kR/2p1b3/1p1pPpP1/3P1P2/2N2N2/PPP3P1/2K4R b - - 7 20,g7g6 h1h6,1240,76,90,2825,mate mateIn1 middlegame oneMove,https://lichess.org/chLDhXn6/black#40,,True,https://lichess.org/training/KMMe2
X4ooG,3r1k2/R4R1p/4p1p1/4b3/8/6PP/5PK1/1r6 b - - 0 40,f8e8 a7e7,1241,130,28,32,endgame mate mateIn1 oneMove,https://lichess.org/1p6T01O7/black#80,,True,https://lichess.org/training/X4ooG
LZ062,3r4/6k1/p3np1p/1p2N1p1/4P3/1P2KPP1/P2r4/2R1R3 w - - 0 38,e5c6 d8d3,1241,110,68,101,endgame mate mateIn1 oneMove,https://lichess.org/4lhtkvZr#75,,True,https://lichess.org/training/LZ062
6TAr5,7r/5pk1/2p1p1p1/1p1pP1P1/3P1R2/2PB2Kr/1P4R1/8 w - - 1 38,g3g4 h8h4,1241,78,74,461,endgame mate mateIn1 oneMove,https://lichess.org/rKZobVos#75,,True,https://lichess.org/training/6TAr5
P4GyY,4r1k1/R4p1p/3R2b1/1p6/3Q4/2P5/1P1KrP2/8 w - - 1 31,d2d1 e2e1 d1d2 e8e2,1242,102,38,19,endgame mate mateIn2 short,https://lichess.org/BSvQ2ekS#61,,True,https://lichess.org/training/P4GyY
B1zgM,r7/6k1/2n1bpp1/1N6/1p1QPP2/1P6/r1P3P1/1K3B1R w - - 1 31,d4b6 a2a1 b1b2 a8a2,1242,78,82,184,mate mateIn2 middlegame queensideAttack short,https://lichess.org/CqSCqsas#61,,True,https://lichess.org/training/B1zgM
hWFVW,1k5r/npp2Q2/p2p4/3Pppn1/P7/2PB2P1/1P3P1r/R3R1K1 w - - 0 27,f7f5 h2h1 g1g2 h8h2,1242,79,92,475,kingsideAttack mate mateIn2 middlegame short,https://lichess.org/tIvkTCTI#53,,True,https://lichess.org/training/hWFVW
Il51r,5rk1/5p2/4p1p1/p2pP1P1/1prP4/2P4R/P5K1/7R b - - 1 32,f8c8 h3h8 g8g7 h1h7,1242,76,95,18630,endgame mate mateIn2 rookEndgame short,https://lichess.org/7r9eYVpX/black#64,,True,https://lichess.org/training/Il51r
9uSn4,3r4/2p1N2p/pb6/2p3p1/4kr2/2P2R2/PP4KP/5R2 b - - 1 30,c5c4 f1e1 b6e3 e1e3,1242,76,94,1310,endgame mate mateIn2 short,https://lichess.org/fB3DnCIy/black#60,,True,https://lichess.org/training/9uSn4
8zKLw,r4k2/1npb2RR/2n1q3/p1PN4/8/2B1Pr2/PP2KP2/8 b - - 0 26,e6d5 h7h8 d5g8 h8g8,1242,78,84,394,mate mateIn2 middlegame short,https://lichess.org/yVZ83gtl/black#52,,True,https://lichess.org/training/8zKLw
7u1TO,8/6rp/4p3/2p1k3/7P/1NPP1K2/R1P3r1/8 w - - 0 46,b3c5 g7g3,1242,76,100,523,endgame mate mateIn1 oneMove,https://lichess.org/dqi7f6pb#91,,True,https://lichess.org/training/7u1TO
Lpm1y,b1r4k/5p1P/4p1p1/1p2P3/pQ1KPP2/2r5/Pq4P1/1B5R w - - 0 33,b4b2 c8c4,1242,78,89,1689,endgame mate mateIn1 oneMove,https://lichess.org/zAJfRJvg#65,,True,https://lichess.org/training/Lpm1y
Sc7F5,1r5r/p2R4/4kp1p/2p1p1p1/6P1/1PP5/P3KPP1/3R4 b - - 0 27,h6h5 d1d6,1242,77,66,73,endgame mate mateIn1 oneMove rookEndgame,https://lichess.org/TQOYr3tH/black#54,,True,https://lichess.org/training/Sc7F5
YxiBt,8/p5kp/2n3b1/1p6/2NP1QP1/2P5/PPr4r/R2KR3 w - - 3 36,c4e3 h2d2,1243,92,100,63,mate mateIn1 middlegame oneMove,https://lichess.org/lCP0ALWP#71,,True,https://lichess.org/training/YxiBt
y1MdI,1k5r/1p6/p2bp3/PP6/3P2p1/4B2r/5P2/1RR3K1 w - - 1 26,b5a6 h3h1 g1g2 h8h2,1243,75,89,365,endgame mate mateIn2 short,https://lichess.org/5Txj9dZk#51,,True,https://lichess.org/training/y1MdI
Utl70,2rBk3/8/p2Rpp2/Pp1bP1pp/3K1P2/2r3P1/2PR3P/8 w - - 4 34,d8f6 c8c4,1243,77,94,2207,endgame mate mateIn1 oneMove,https://lichess.org/avMdClG0#67,,True,https://lichess.org/training/Utl70
Enw62,1r4kQ/p1q2p1p/2n1p1pR/3pP3/3P4/2pB3R/PP4PP/6K1 b - - 0 26,g8h8 h6h7 h8g8 h7h8 g8g7 h3h7,1243,146,82,8,endgame kingsideAttack long mate mateIn3,https://lichess.org/5sOGiDkq/black#52,,True,https://lichess.org/training/Enw62
s91fM,2k4r/ppp5/2p5/6p1/4R1P1/2P2PK1/PPP4r/5R2 w - - 0 24,f1f2 h8h3,1244,76,89,435,endgame mate mateIn1 oneMove rookEndgame,https://lichess.org/9nmUh6v7#47,,True,https://lichess.org/training/s91fM
Jnf90,6r1/p4p1k/7p/2p1p3/3pPp2/P2Q1P2/2R3rP/1q2RK2 w - - 0 36,e1b1 g2g1 f1f2 g8g2,1244,78,92,7351,endgame mate mateIn2 queenRookEndgame short,https://lichess.org/0RynYLYC#71,,True,https://lichess.org/training/Jnf90
j0I16,3rb1r1/1pp1R1p1/p2k1p1p/3p1P1N/3P2P1/7P/PP6/4R1K1 b - - 5 25,e8h5 e1e6,1245,75,93,1270,endgame mate mateIn1 oneMove,https://lichess.org/gddyJJbx/black#50,,True,https://lichess.org/training/j0I16
a0Uz2,7r/1P3pp1/3bkn2/p2p3r/Q2P4/4BpP1/1P2N3/2R2RK1 w - - 0 26,f1f3 h5h1 g1g2 h8h2,1245,76,92,231,mate mateIn2 middlegame short,https://lichess.org/OsMoYdVf#51,,True,https://lichess.org/training/a0Uz2
CDDC7,r4rk1/p6R/1p3p1R/2pbpPp1/3p4/2P3B1/PP3P2/2K5 b - - 2 26,f8f7 h7h8 g8g7 h6h7,1245,77,92,1375,endgame kingsideAttack mate mateIn2 short,https://lichess.org/4Uiot6jb/black#52,,True,https://lichess.org/training/CDDC7
U2FHI,5r2/1p1k2b1/1Q1p4/2p4p/P1N5/3RP2P/4Kr2/1R6 w - - 0 37,e2e1 f2f1 e1e2 f8f2,1245,75,92,9873,mate mateIn2 middlegame short,https://lichess.org/GHU0dVVn#73,,True,https://lichess.org/training/U2FHI
Rypgk,r2q2k1/p4r1p/b2p2Q1/2pP2P1/2p2pP1/5P2/PP5R/2K4R b - - 0 23,h7g6 h2h8 g8g7 h1h7,1246,76,98,9006,endgame kingsideAttack mate mateIn2 short,https://lichess.org/jz2O39Th/black#46,,True,https://lichess.org/training/Rypgk
1G6X4,2r3k1/6pp/p3b3/Bp6/3Qp3/P7/1Kq4P/2rB2R1 w - - 4 34,d1c2 c8c2,1246,76,76,124,mate mateIn1 middlegame oneMove,https://lichess.org/BCjxv7i8#67,,True,https://lichess.org/training/1G6X4
aDp0o,4r1k1/ppR3R1/6np/2P1rp1P/6p1/1P6/P5K1/8 b - - 3 38,g8f8 c7f7,1246,93,62,47,endgame mate mateIn1 oneMove,https://lichess.org/T7EECVsj/black#76,,True,https://lichess.org/training/aDp0o
0HL70,7r/p1q2kp1/2p1p3/1pB5/3Pp1Q1/1P2P1Pr/P1P2P2/R4RK1 w - - 1 24,f1d1 h3h1 g1g2 h8h2,1246,75,84,213,kingsideAttack mate mateIn2 middlegame short,https://lichess.org/z9K868EO#47,,True,https://lichess.org/training/0HL70
diU0A,8/ppk1P1p1/2p2p2/5B2/n7/5R2/rr6/2K1R3 w - - 4 34,e7e8q a2a1 f5b1 a1b1,1247,74,96,381,mate mateIn2 middlegame short,https://lichess.org/dBNNsn56#67,,True,https://lichess.org/training/diU0A
qbb4m,8/5p1k/P6p/1N4p1/8/1P3PRn/3r3r/5RK1 w - - 2 38,g3h3 d2g2,1247,74,95,2130,endgame mate mateIn1 oneMove,https://lichess.org/5QnxQBRU#75,,True,https://lichess.org/training/qbb4m
X9mOS,4r1k1/1R4p1/5p1p/3P1P1P/6P1/4rK2/1R6/8 w - - 1 39,f3f4 e8e4,1247,76,81,204,endgame mate mateIn1 oneMove rookEndgame,https://lichess.org/8V8FO4xi#77,,True,https://lichess.org/training/X9mOS
m4l2d,8/pp4RR/8/3p1k2/3P1P2/P2KP3/1Pr2r2/8 w - - 7 42,e3e4 d5e4 d3e3 c2e2,1247,78,85,392,endgame mate mateIn2 rookEndgame short,https://lichess.org/GpysoQrR#83,,True,https://lichess.org/training/m4l2d
nBe9X,r7/pR2Rp1p/P1k1p3/2Pp4/3Pp3/3r4/4KP2/8 b - - 4 33,d3d4 e7c7,1247,75,94,3950,endgame master mate mateIn1 oneMove rookEndgame,https://lichess.org/J21Tkr7I/black#66,,True,https://lichess.org/training/nBe9X
B73Oc,r5kR/pp3p2/1qp2rp1/8/3pP3/1P1n1BN1/P4PP1/1K5R b - - 1 26,g8g7 h1h7,1247,75,88,1962,master mate mateIn1 middlegame oneMove,https://lichess.org/JFNNUqxY/black#52,,True,https://lichess.org/training/B73Oc
59HXs,5r2/p3R3/1p3k1p/5Np1/3r2P1/6nP/PP4P1/4R1K1 b - - 6 31,g3f5 e1e6,1247,75,97,1523,endgame master mate mateIn1 oneMove,https://lichess.org/tZAZMsmU/black#62,,True,https://lichess.org/training/59HXs
fcDxn,3r2k1/R5Rp/1r1Np3/1p1bp3/2p5/6P1/1P3P1P/6K1 b - - 0 32,g8f8 a7f7,1248,75,100,912,endgame mate mateIn1 oneMove,https://lichess.org/9tDtAXeL/black#64,,True,https://lichess.org/training/fcDxn
AErZw,r4rk1/1p1b2bR/3p2R1/p2Pp3/P3P3/2N2q2/1PK5/7Q b - - 0 27,f3h1 g6g7,1248,75,92,963,master mate mateIn1 middlegame oneMove,https://lichess.org/yhGYzWgt/black#54,,True,https://lichess.org/training/AErZw
WHiYr,6R1/8/8/4pr2/p1P5/2KP1kR1/r5p1/8 b - - 5 54,f3f4 g8g4,1248,82,87,407,endgame mate mateIn1 oneMove rookEndgame,https://lichess.org/gkQ9zkEh/black#108,,True,https://lichess.org/training/WHiYr
Pmhfe,5rk1/R5R1/6p1/2pb1p2/3p1n2/PPpP3P/2P3P1/6K1 b - - 2 36,g8h8 g7h7 h8g8 a7g7,1248,155,69,7,endgame mate mateIn2 short,https://lichess.org/V5zNMgYz/black#72,,True,https://lichess.org/training/Pmhfe
TV9BX,5r2/pp6/7r/3R1p1p/1P2k3/8/P4KPP/3R4 b - - 4 31,h6b6 d1d4,1248,75,98,6875,endgame mate mateIn1 oneMove rookEndgame,https://lichess.org/TPs4dGuV/black#62,,True,https://lichess.org/training/TV9BX
VJAiQ,5rk1/p5p1/2Q1pr1p/3p4/P2Pp3/4q3/1P1R1PPP/2R1K3 w - - 0 28,f2e3 f6f1 e1e2 f8f2,1248,76,85,154,endgame mate mateIn2 queenRookEndgame short,https://lichess.org/r3oT51Xj#55,,True,https://lichess.org/training/VJAiQ
1WGxw,6k1/R5p1/6p1/1B3p2/3p4/1P3P1P/Pr4r1/4R1K1 w - - 0 42,g1f1 b2f2,1248,103,79,80,endgame mate mateIn1 oneMove,https://lichess.org/teclFDFn#83,,True,https://lichess.org/training/1WGxw
3AuSL,2k4r/ppp1b1p1/8/4p2r/4Np2/1P1P1n2/PBP3P1/2R1R1K1 w - - 0 22,g2f3 h5h1 g1g2 h8h2,1249,165,82,7,kingsideAttack mate mateIn2 middlegame short,https://lichess.org/BsiN9WBo#43,,True,https://lichess.org/training/3AuSL
nvGRG,1r2r1k1/4R1Rp/6p1/8/1p6/6PP/2p5/7K b - - 1 56,g8f8 e7f7,1249,81,83,1224,endgame master mate mateIn1 oneMove rookEndgame,https://lichess.org/iZHusvPJ/black#112,,True,https://lichess.org/training/nvGRG
P987G,1k1q3r/p5p1/2Q3p1/2p5/2N3P1/2P3rP/PP6/R4RK1 w - - 1 24,g1h2 h8h3,1249,77,86,318,mate mateIn1 middlegame oneMove,https://lichess.org/DFzIXXb3#47,,True,https://lichess.org/training/P987G
OmHHj,8/8/4k3/1RB3p1/PP3K2/5P2/3r2r1/8 w - - 0 40,f4e3 g2e2,1249,129,87,102,endgame master mate mateIn1 oneMove,https://lichess.org/EGVuyE3s#79,,True,https://lichess.org/training/OmHHj
aGyOE,3r4/4R1p1/p4k1p/5p1B/5P2/7P/Pr2b1PK/4R3 b - - 2 38,e2h5 e1e6,1250,365,33,9,endgame mate mateIn1 oneMove,https://lichess.org/0FtIdr5G/black#76,,True,https://lichess.org/training/aGyOE
dr3o8,4r1k1/1p3p2/7p/p1N2p2/2Pb1Pp1/3Q2P1/PP3KP1/4r3 w - - 2 30,d3d4 e8e2,1250,139,60,28,endgame mate mateIn1 oneMove,https://lichess.org/RLnRT1eK#59,,True,https://lichess.org/training/dr3o8
jMrCC,r1bR1R2/p5kp/2p1r3/1pn3B1/2p1P3/6P1/PP5P/6K1 b - - 4 27,c5e4 f8g8 g7f7 d8f8,1250,75,92,229,mate mateIn2 middlegame short,https://lichess.org/kuQvhPHn/black#54,,True,https://lichess.org/training/jMrCC
5DIGv,7r/1p3pp1/2k3p1/2B1n3/1P6/2P3P1/P4P2/R2R2Kr w - - 1 25,g1g2 h8h2,1251,79,86,383,endgame master mate mateIn1 oneMove,https://lichess.org/w0tu9okr#49,,True,https://lichess.org/training/5DIGv
Ks0ZK,1k1b3r/ppp5/7r/2BNp3/6p1/6P1/PP2RP2/4R1K1 w - - 3 27,e2e5 h6h1 g1g2 h8h2,1251,78,94,5646,mate mateIn2 middlegame short,https://lichess.org/8VXfQ5xb#53,,True,https://lichess.org/training/Ks0ZK
DK7db,6k1/p1p3p1/6p1/Np6/3P2P1/2P4P/Pr3r2/1K1R3R w - - 0 26,b1c1 f2c2,1251,79,80,120,endgame mate mateIn1 oneMove,https://lichess.org/v0R8J5kZ#51,,True,https://lichess.org/training/DK7db
IIgGu,7r/R7/p4pk1/3p4/3N1n2/8/P1P3rP/5R1K w - - 6 34,f1f4 h8h2,1251,94,49,68,endgame mate mateIn1 oneMove,https://lichess.org/9crN12oN#67,,True,https://lichess.org/training/IIgGu
Jlgru,7r/p2kbp2/2p1pn2/3p2Pr/3P2p1/2P1B1q1/PP1N1R1P/R2Q2K1 w - - 0 19,h2g3 h5h1 g1g2 h8h2,1251,75,92,692,kingsideAttack mate mateIn2 middlegame short,https://lichess.org/7JHCFMee#37,,True,https://lichess.org/training/Jlgru
x6naU,7r/3P2p1/1p4R1/2p1pk2/1p6/5K2/n1r5/6R1 b - - 1 42,c2d2 g1g5,1251,74,96,6944,endgame mate mateIn1 oneMove,https://lichess.org/6CALbguG/black#84,,True,https://lichess.org/training/x6naU
4YuOr,8/4rpk1/2BK2p1/1R1R3p/2P5/8/4r3/8 w - - 14 50,c4c5 e2e6,1251,92,70,38,endgame mate mateIn1 oneMove,https://lichess.org/6Hfetjlk#99,,True,https://lichess.org/training/4YuOr
o3rxK,1k5r/pp4R1/1npbp3/6p1/3Pp3/PB2PP2/1P1B1P2/2R3Kr w - - 4 25,g1g2 h8h2,1251,76,79,199,mate mateIn1 middlegame oneMove,https://lichess.org/kiqF7L4X#49,,True,https://lichess.org/training/o3rxK
i7MbE,2k4r/pp6/2p1b3/3p2p1/3Pp1P1/6K1/PP3P1r/2RQ1R2 w - - 0 27,f1h1 h8h3,1251,75,90,398,endgame mate mateIn1 oneMove,https://lichess.org/EsfGdCWe#53,,True,https://lichess.org/training/i7MbE
7mrOF,3rk3/1R3R2/p3p3/3pP1rp/3n4/6pP/PP1N2P1/5K2 b - - 0 26,g5e5 b7e7,1252,79,86,704,endgame master mate mateIn1 oneMove,https://lichess.org/daVwp9Ez/black#52,,True,https://lichess.org/training/7mrOF
NfDcQ,6k1/pp3p2/6p1/6Bp/2q3rP/1Q3P1K/P5r1/1R3R2 w - - 6 27,b3c4 g4g3,1252,75,99,7592,endgame master mate mateIn1 oneMove,https://lichess.org/WyKQLrfC#53,,True,https://lichess.org/training/NfDcQ
gaTN1,2r3k1/1p3q1R/6p1/6P1/p2pQ3/P3bP2/1P1n4/K6R b - - 2 41,d2e4 h7h8 g8g7 h1h7,1252,78,91,747,endgame mate mateIn2 short,https://lichess.org/VTnWoC0w/black#82,,True,https://lichess.org/training/gaTN1
8ICqK,2k3r1/Ppp1np2/2p5/4P3/1P1P4/2P2Q1P/5PqK/RNB2Rr1 w - - 4 25,f3g2 g8g2,1252,108,76,46,mate mateIn1 middlegame oneMove,https://lichess.org/PiLUdse2#49,,True,https://lichess.org/training/8ICqK
QlNqB,5rk1/4b2p/p2p2p1/3PP3/2P3R1/6K1/PB3r2/1R6 w - - 2 34,e5e6 f8f3,1252,80,87,737,endgame mate mateIn1 oneMove,https://lichess.org/qAeIt8Mj#67,,True,https://lichess.org/training/QlNqB
Q48IF,7k/2p5/7p/1R4p1/3N1p2/P6r/7r/5RK1 w - - 0 38,f1f3 h2h1 g1g2 h3h2,1252,75,91,3113,endgame mate mateIn2 short,https://lichess.org/ce4RcPFQ#75,,True,https://lichess.org/training/Q48IF
5NIhc,6r1/1p1r4/1B3Rp1/4k3/P3p2p/6bP/1P6/1K3R2 b - - 0 30,g6g5 f1f5,1253,77,92,251,endgame mate mateIn1 oneMove,https://lichess.org/HtLYLNm2/black#60,,True,https://lichess.org/training/5NIhc
wBmv7,3R1r1k/p6p/2N1p3/P1pbP3/4K3/2P2r1P/1P6/R7 w - - 7 36,d8d5 f8f4,1253,76,93,2725,endgame master mate mateIn1 oneMove,https://lichess.org/z11p3xzB#71,,True,https://lichess.org/training/wBmv7
kS2Da,8/6k1/1B1n4/3PN3/p3Pp2/P2B1Pbr/1P1R2p1/R5Kr w - - 1 43,g1g2 h3h2,1253,81,64,171,mate mateIn1 middlegame oneMove,https://lichess.org/TnyO3Ayj#85,,True,https://lichess.org/training/kS2Da
3BQRO,7R/6p1/4PpNk/5P1p/P6R/3nr2r/3K2b1/8 b - - 5 47,h6g5 h8h5,1253,76,74,649,mate mateIn1 middlegame oneMove,https://lichess.org/M4GsKjVR/black#94,,True,https://lichess.org/training/3BQRO
0mrtD,7r/pp1P4/4k3/7r/4PRp1/6P1/P4P2/1B1R2K1 w - - 2 42,d7d8q h5h1 g1g2 h8h2,1253,78,90,1255,endgame mate mateIn2 short,https://lichess.org/OWx46eMN#83,,True,https://lichess.org/training/0mrtD
MbV7D,r7/5R2/p3ppk1/Pp1p2Np/7P/4r3/6P1/5RK1 b - - 1 46,f6g5 f1f6,1254,77,100,166,endgame mate mateIn1 oneMove rookEndgame,https://lichess.org/2NY6tYlj/black#92,,True,https://lichess.org/training/MbV7D
kcPjx,3r4/p2r1pp1/1pk1p2p/1RP1Pn2/P3K3/2R2N2/6PP/8 b - - 0 28,b6c5 c3c5,1254,146,63,48,endgame mate mateIn1 oneMove,https://lichess.org/c73cvyOM/black#56,,True,https://lichess.org/training/kcPjx
G962b,4Q3/2p5/2r2r2/K2k4/1P6/P2P4/2P5/4R3 w - - 1 46,c2c3 c6a6 a5b5 f6b6,1254,79,85,66,endgame mate mateIn2 queenRookEndgame short,https://lichess.org/zjgKgRaL#91,,True,https://lichess.org/training/G962b
AC8GB,4r1k1/3n2p1/p1pP4/8/1PPR1PP1/5K2/4r3/2BR4 w - - 1 33,d1d2 e8e3,1254,76,92,2664,endgame master mate mateIn1 oneMove,https://lichess.org/KUMsaao3#65,,True,https://lichess.org/training/AC8GB
CJkse,r2qr1k1/1p3p1R/p2p2p1/2pP4/P1P1nQ2/5P2/1P3P2/2K4R b - - 0 21,d8g5 h7h8 g8g7 h1h7,1254,76,87,1589,kingsideAttack mate mateIn2 middlegame short,https://lichess.org/Gup3qMXB/black#42,,True,https://lichess.org/training/CJkse
J7Ecd,r4kR1/1p3P2/4p2p/1b1pP3/p1p5/2P4K/PPB2q1P/6R1 b - - 2 37,f8f7 g1g7,1254,75,92,3947,endgame mate mateIn1 oneMove,https://lichess.org/b7DnIwxP/black#74,,True,https://lichess.org/training/J7Ecd
b1sBN,8/8/8/5k1K/5PrP/5R2/p6r/R7 w - - 9 51,f3b3 h2h4,1254,100,45,56,endgame mate mateIn1 oneMove rookEndgame,https://lichess.org/95V8DgV9#101,,True,https://lichess.org/training/b1sBN
jWW6U,7r/6kr/6p1/3N2p1/4pqP1/2P3R1/PP2QP2/4R1K1 w - - 1 36,d5f4 h7h1 g1g2 h8h2,1255,82,57,80,endgame mate mateIn2 short,https://lichess.org/BouKgxjb#71,,True,https://lichess.org/training/jWW6U
FF3bt,3rr1k1/2R3R1/pp4pp/8/1P1P4/P6P/3n1PP1/6K1 b - - 0 26,g8f8 c7f7,1255,132,43,24,endgame mate mateIn1 oneMove,https://lichess.org/jcABXym0/black#52,,True,https://lichess.org/training/FF3bt
ECicY,5B2/1r3pR1/4p1k1/3bP1p1/6R1/8/5rPK/8 b - - 0 51,g6f5 g7g5,1255,76,100,609,endgame mate mateIn1 oneMove,https://lichess.org/8uRNwOlm/black#102,,True,https://lichess.org/training/ECicY
leeNl,4r1k1/pR4R1/8/8/4P1n1/P2r4/P7/4K3 b - - 2 30,g8f8 b7f7,1255,144,50,17,endgame mate mateIn1 oneMove,https://lichess.org/mIUhSUNq/black#60,,True,https://lichess.org/training/leeNl
OvlOk,8/p1QN2k1/1p2R1p1/3p2r1/2pP1p2/P1P2P2/1P4r1/6K1 w - - 0 37,g1f1 g2g1 f1f2 g5g2,1255,214,82,33,endgame mate mateIn2 short,https://lichess.org/oJgJZI4C#73,,True,https://lichess.org/training/OvlOk
MOjoj,r1b4k/pp3prp/2p2p2/3pnP1Q/3qP2R/1B5R/PPP3PP/7K b - - 5 24,e5g4 h5h7 g7h7 h4h7 h8g8 h7h8 g8g7 h3h7,1255,81,94,9577,kingsideAttack mate mateIn4 middlegame sacrifice veryLong,https://lichess.org/zxyuWKuZ/black#48,,True,https://lichess.org/training/MOjoj
QxaHq,r5k1/1p3p1p/2p1b1p1/2b5/2P1P3/1KB2P2/r5PP/3RRB2 w - - 5 30,d1a1 a8a3,1255,76,93,3690,master mate mateIn1 middlegame oneMove,https://lichess.org/BR2YsLT7#59,,True,https://lichess.org/training/QxaHq
VKN8G,r6r/1R3ppp/2k1p3/3pP3/2bP4/2p2N2/2P2PPP/1R4K1 b - - 4 23,h8f8 b1b6,1255,86,81,62,endgame mate mateIn1 oneMove,https://lichess.org/sABGkCfy/black#46,,True,https://lichess.org/training/VKN8G
sBxzJ,8/2k5/1R6/1R1pp3/4rp2/P1P5/3Kr1PP/8 w - - 1 43,d2d3 e4e3,1255,75,92,761,endgame master mate mateIn1 oneMove rookEndgame,https://lichess.org/DIq1Lurd#85,,True,https://lichess.org/training/sBxzJ
Bs9E8,6rk/2nq1prp/2p2p1Q/4bP2/1pP1B2R/pP4PR/P4P1P/5K2 b - - 2 35,g8d8 h6h7 g7h7 h4h7 h8g8 h7h8 g8g7 h3h7,1256,77,86,987,kingsideAttack mate mateIn4 middlegame sacrifice veryLong,https://lichess.org/YEJ6RciL/black#70,,True,https://lichess.org/training/Bs9E8
WZfbW,4r3/5pkR/p1q2rp1/1p6/1P1p2P1/1Q3P2/P5K1/7R b - - 6 49,g7g8 h7h8 g8g7 h1h7,1256,75,100,527,endgame mate mateIn2 short,https://lichess.org/hUzdx3CZ/black#98,,True,https://lichess.org/training/WZfbW
xkyZF,8/p4pk1/4b3/1p1p1B2/7P/5RP1/PP3R1K/3rr3 w - - 2 46,f5e6 e1h1 h2g2 d1g1,1256,103,100,27,endgame mate mateIn2 short,https://lichess.org/5MuVPdxI#91,,True,https://lichess.org/training/xkyZF
5vyO1,7r/p1p2R2/8/2p1k3/2P1P1R1/1P6/P5Kr/8 w - - 0 33,g2g3 h8h3,1257,111,43,36,endgame mate mateIn1 oneMove rookEndgame,https://lichess.org/EfsypRVa#65,,True,https://lichess.org/training/5vyO1
hP5Sc,6k1/pR4p1/8/8/8/2P5/PP2r1rP/3R1K2 w - - 2 35,d1e1 e2f2,1257,78,91,499,endgame mate mateIn1 oneMove rookEndgame,https://lichess.org/hxKZbCIV#69,,True,https://lichess.org/training/hP5Sc
vXJHy,r6r/1pR2R2/p2k1npp/2p1p3/4P2b/7B/1PP3P1/2K5 b - - 5 30,f6e4 f7d7,1257,77,88,1166,mate mateIn1 middlegame oneMove,https://lichess.org/VNpWPwOo/black#60,,True,https://lichess.org/training/vXJHy
YBcoU,6k1/1p6/4pp2/2P5/1P2pPP1/P3P1r1/6r1/3RRK2 w - - 3 46,e1e2 g2g1 f1f2 g3g2,1257,77,76,143,endgame mate mateIn2 rookEndgame short,https://lichess.org/M5EWF6Aa#91,,True,https://lichess.org/training/YBcoU
B1PUN,7k/1R5p/4N3/pp6/3P4/P1P5/1r5r/1K1R4 w - - 0 36,b1c1 h2c2,1257,95,47,61,endgame master masterVsMaster mate mateIn1 oneMove,https://lichess.org/NnjADL5c#71,,True,https://lichess.org/training/B1PUN
sU53c,4r1k1/1R4R1/2p3n1/6q1/2p1P1p1/8/2K3P1/8 b - - 0 40,g8f8 b7f7,1258,159,82,17,endgame mate mateIn1 oneMove,https://lichess.org/KBiZWp0p/black#80,,True,https://lichess.org/training/sU53c
0AJy9,r4b2/8/1R3p2/2kRp1pp/2N1P3/P6b/1K6/8 b - - 5 34,c5c4 b6c6 f8c5 c6c5,1258,76,94,843,endgame master mate mateIn2 short,https://lichess.org/BkPK2ZbL/black#68,,True,https://lichess.org/training/0AJy9
M6fVk,r5kR/1p3nP1/n1p1Q3/p4rq1/2PP4/8/PP3PP1/1K5R b - - 6 29,g8g7 h1h7,1258,77,86,538,master mate mateIn1 middlegame oneMove,https://lichess.org/DFufpFyo/black#58,,True,https://lichess.org/training/M6fVk
7oiUY,7k/5Qpp/5q2/6B1/1b1P4/1N5P/Pr4r1/R4K2 w - - 0 24,g5f6 b2f2,1258,75,99,709,mate mateIn1 middlegame oneMove,https://lichess.org/qoaVlYG6#47,,True,https://lichess.org/training/7oiUY
BvJD1,1Q6/6k1/5pb1/8/3Q3p/p5K1/P5R1/4r2r w - - 0 53,g3f2 h1f1,1258,79,64,72,endgame master mate mateIn1 oneMove,https://lichess.org/9DIn79Nd#105,,True,https://lichess.org/training/BvJD1
eiZPE,8/2k5/1pr5/p3R3/P4Q2/8/1Kr5/8 w - - 2 73,b2b3 c6c3,1258,105,79,77,endgame mate mateIn1 oneMove queenRookEndgame,https://lichess.org/HD34QFPg#145,,True,https://lichess.org/training/eiZPE
SDgVe,7r/2R5/pp2Bk2/3P4/2P3K1/7r/PP6/8 w - - 1 41,c7c6 h8h4,1258,77,87,773,endgame mate mateIn1 oneMove,https://lichess.org/uj2ubT8N#81,,True,https://lichess.org/training/SDgVe
toez7,2r3k1/1b5R/3pP1p1/6P1/1p2P3/1P6/r5B1/1K5R b - - 1 32,a2g2 h7h8 g8g7 h1h7,1259,80,54,66,endgame mate mateIn2 short,https://lichess.org/Xwcdx44W/black#64,,True,https://lichess.org/training/toez7
I5guc,1rr2k2/3b1ppp/p3P3/3p2Q1/3N4/2q2B2/nPK3PP/3RR3 w - - 0 23,b2c3 c8c3 c2d2 b8b2 d4c2 b2c2,1259,75,93,923,long master mate mateIn3 middlegame,https://lichess.org/hW7d3snH#45,,True,https://lichess.org/training/I5guc
vOSrx,6k1/8/7p/4Nrp1/1P6/P5K1/1B2pr1P/4R3 w - - 4 46,e5g4 f5f3,1259,91,63,85,endgame mate mateIn1 oneMove,https://lichess.org/Z0ZrRToT#91,,True,https://lichess.org/training/vOSrx
wppRf,4r3/6Rp/pkp5/1b6/PP1P1p2/5P1P/6P1/B1R1rK2 w - - 1 34,f1f2 e8e2,1259,75,97,458,endgame mate mateIn1 oneMove,https://lichess.org/UGcwMgFs#67,,True,https://lichess.org/training/wppRf
bL5d1,5r1k/3n1p1p/4p1p1/pp2P3/3p2P1/1Pr2P1R/P1B4R/6K1 b - - 1 34,f8c8 h3h7 h8g8 h7h8 g8g7 h2h7,1259,88,78,30,endgame kingsideAttack long mate mateIn3,https://lichess.org/t0wondGN/black#68,,True,https://lichess.org/training/bL5d1
sQGoJ,7r/1p1R4/p1p2k2/4p3/4P1p1/PPP2pKr/5P2/4R3 w - - 5 36,g3g4 h8h4,1259,82,100,99,endgame mate mateIn1 oneMove rookEndgame,https://lichess.org/PyySZFK9#71,,True,https://lichess.org/training/sQGoJ
LSIsv,8/4R1pR/1p6/p4pk1/8/r1r1PK1P/8/8 b - - 1 41,g7g6 h3h4 g5f6 h7f7,1260,76,79,218,endgame mate mateIn2 rookEndgame short,https://lichess.org/yRJCUbJN/black#82,,True,https://lichess.org/training/LSIsv
KzxWM,2r3k1/p3ppn1/3pb1p1/Q5P1/4PP2/p7/1rP1N3/1K1R1B1R w - - 0 22,b1c1 c8c2,1260,90,76,66,master mate mateIn1 middlegame oneMove queensideAttack,https://lichess.org/y6oYT5Xk#43,,True,https://lichess.org/training/KzxWM
ZI0dw,r4k1r/4R1R1/p3p2p/P2b4/8/8/1PpB3P/2K5 b - - 2 29,h8g8 g7f7,1260,75,97,1786,endgame mate mateIn1 oneMove,https://lichess.org/rLgNccwj/black#58,,True,https://lichess.org/training/ZI0dw
TWFN8,4rk2/p1R3R1/1p2p1Np/3pn3/8/1P4P1/r7/3K4 b - - 2 34,e5g6 c7f7,1260,106,86,34,endgame master mate mateIn1 oneMove,https://lichess.org/hkNuUyLu/black#68,,True,https://lichess.org/training/TWFN8
GFRjK,r3qr1k/p5Rp/3p1n1Q/4p3/2p1P3/2P2P2/PPP2P2/2K4R b - - 1 23,f8f7 h6h7 f6h7 h1h7,1260,78,97,19377,kingsideAttack mate mateIn2 middlegame sacrifice short,https://lichess.org/RSsWij4H/black#46,,True,https://lichess.org/training/GFRjK
e2jqA,2r5/p3p2R/3p1k2/3P1N2/1p1KB1P1/2r2P2/P7/8 w - - 5 40,h7e7 c8c4,1260,74,97,3129,endgame master masterVsMaster mate mateIn1 oneMove,https://lichess.org/z4rZtrjW#79,,True,https://lichess.org/training/e2jqA
UXk6O,3r1k2/1R3R2/p4p2/8/8/5P2/P4KPP/1n1q4 b - - 4 46,f8e8 b7e7,1260,100,50,36,endgame mate mateIn1 oneMove,https://lichess.org/5uTcDPd1/black#92,,True,https://lichess.org/training/UXk6O
tXG16,8/3R4/4rp2/2P1k3/3R4/7p/r7/5K2 b - - 9 55,h3h2 d7d5,1260,76,100,558,endgame mate mateIn1 oneMove rookEndgame,https://lichess.org/XYkvgtvD/black#110,,True,https://lichess.org/training/tXG16
jex5c,3r4/p4k2/1p3bp1/4pp1p/7P/2P1K1P1/PP1r1P2/1RN2R2 w - - 1 27,c1b3 d8d3,1261,76,89,302,endgame master mate mateIn1 oneMove,https://lichess.org/7qdtpcjj#53,,True,https://lichess.org/training/jex5c
eiVvD,7r/6p1/p1pBQnk1/P3PpP1/2P2P2/1P4K1/7r/8 w - - 1 47,g5f6 h8h3,1261,79,71,46,endgame master mate mateIn1 oneMove,https://lichess.org/0EeCZD4b#93,,True,https://lichess.org/training/eiVvD
LgaYU,8/r5pk/2R5/3R3P/Br2p3/K1b5/8/8 w - - 5 52,c6c3 a7a4,1261,75,99,630,endgame mate mateIn1 oneMove,https://lichess.org/3by46skk#103,,True,https://lichess.org/training/LgaYU
kbcNQ,r6r/pp1Rk1pp/2n1Bp2/8/4Pn2/5N2/PPP3PP/2KR4 b - - 4 18,e7e6 d1d6,1261,75,100,243,mate mateIn1 middlegame oneMove,https://lichess.org/UwXQLoB1/black#36,Kings_Pawn_Game Kings_Pawn_Game_Maroczy_Defense,True,https://lichess.org/training/kbcNQ
asV3f,Qk1r1b1r/1bpnq3/1p5p/1P1p2p1/2PPpp2/4B1P1/R2NPPBP/R5K1 b - - 1 24,b7a8 a2a8 b8b7 a1a7,1261,140,82,12,mate mateIn2 middlegame queensideAttack short,https://lichess.org/UbrDCr9x/black#48,,True,https://lichess.org/training/asV3f
2TBZ6,8/Rk3pr1/4p3/1p1rP3/2nP4/R7/5BP1/6K1 b - - 4 39,b7b6 a3a6,1262,276,75,11,endgame master mate mateIn1 oneMove,https://lichess.org/t5vbcwE9/black#78,,True,https://lichess.org/training/2TBZ6
1UXr5,8/1KpR3R/1p1k1p2/p3pr2/2r5/P7/1P6/8 b - - 2 44,d6e6 h7e7,1262,78,92,8441,endgame mate mateIn1 oneMove rookEndgame,https://lichess.org/AvX7KQED/black#88,,True,https://lichess.org/training/1UXr5
EGyiw,6k1/R7/8/4r1pp/8/1P3K1P/P1P1r1P1/2R5 w - - 2 37,c2c4 e5e3,1262,76,88,401,endgame mate mateIn1 oneMove rookEndgame,https://lichess.org/UQr5YbBb#73,,True,https://lichess.org/training/EGyiw
KuU4e,2r1kQ2/r7/p3pP2/1pp1Pp2/5P2/NP1Pp1RK/2P1q3/6R1 b - - 0 41,e8f8 g3g8 f8f7 g1g7,1262,76,98,3675,endgame master mate mateIn2 short,https://lichess.org/ksMjouTA/black#82,,True,https://lichess.org/training/KuU4e
vhc7c,7r/p4pk1/2p2bp1/3p4/P2P2p1/2N1P1Pr/3Q1P1P/2R3Kq w - - 0 34,g1h1 h3h2 h1g1 h2h1 g1g2 h8h2,1262,106,67,40,endgame kingsideAttack long mate mateIn3,https://lichess.org/shuJ5nTj#67,,True,https://lichess.org/training/vhc7c
XbVSS,2r3k1/1p3r1p/p1n1p1Q1/3pP3/3P2P1/7R/1q2N1K1/7R b - - 0 28,h7g6 h3h8 g8g7 h1h7,1262,77,95,16815,mate mateIn2 middlegame short,https://lichess.org/JwzA9VXW/black#56,,True,https://lichess.org/training/XbVSS
PDD6e,8/5p2/8/5k2/1R3p1p/1PK4P/4rBr1/5R2 w - - 2 47,f2d4 e2c2 c3d3 g2d2,1262,79,93,7913,endgame master mate mateIn2 short,https://lichess.org/Apn8VtdO#93,,True,https://lichess.org/training/PDD6e
LoClL,3r4/4pB1p/p3Pk1b/1p5p/2R1KP1P/3r4/PPR5/8 w - - 0 36,c4c3 d8d4,1262,74,95,8193,endgame mate mateIn1 oneMove,https://lichess.org/TuYX7NID#71,,True,https://lichess.org/training/LoClL
eK3qm,r5k1/3q1r1p/p4pQR/1p1p4/3P2p1/P1P1PP2/5KPR/8 b - - 0 23,h7g6 h6h8 g8g7 h2h7,1263,75,93,734,endgame mate mateIn2 queenRookEndgame short,https://lichess.org/UPvidCRL/black#46,,True,https://lichess.org/training/eK3qm
Rway4,2r4k/5p1P/4P1p1/8/p7/Pp2P2R/1Kq2P2/2rQ2R1 w - - 1 36,d1c2 c8c2,1263,75,91,556,endgame mate mateIn1 oneMove,https://lichess.org/lF4qQCIR#71,,True,https://lichess.org/training/Rway4
Rb4h3,3r1k2/3R1R2/7p/p1p2P2/P1n5/1r5P/5K2/8 b - - 1 38,f8e8 d7e7,1264,75,100,463,endgame mate mateIn1 oneMove,https://lichess.org/u0jGeNYN/black#76,,True,https://lichess.org/training/Rb4h3
ztUDi,r3R3/p1p2kq1/4br2/2PQ1B1p/3P1pP1/P7/5PP1/4R1K1 b - - 0 26,e6d5 e1e7,1264,77,94,3378,mate mateIn1 middlegame oneMove,https://lichess.org/mQlyqSKi/black#52,,True,https://lichess.org/training/ztUDi
JcyuL,6k1/R5p1/4p3/4P3/P4P1p/4KR2/3r2rP/8 w - - 3 38,a4a5 g2e2,1264,77,94,3692,endgame master mate mateIn1 oneMove rookEndgame,https://lichess.org/JihG9WE0#75,,True,https://lichess.org/training/JcyuL
nnawe,r3r3/p2pN2k/1p1KbpRp/7R/8/8/P1P4P/8 b - - 3 37,e8e7 h5h6,1265,75,88,625,endgame mate mateIn1 oneMove,https://lichess.org/0yCpQOU7/black#74,,True,https://lichess.org/training/nnawe
ggJ85,1kr5/p5R1/1q3p2/4p3/PR5Q/3P3P/2rKPP2/8 w - - 3 42,d2d1 c2c1 d1d2 c8c2,1265,76,97,3398,endgame mate mateIn2 short,https://lichess.org/x0OdaN85#83,,True,https://lichess.org/training/ggJ85
ETXUa,r6r/p1R2ppp/1p1kpnb1/3p4/3B4/1P4PP/P4PB1/2R3K1 b - - 4 23,f6e8 c1c6,1265,76,77,238,mate mateIn1 middlegame oneMove,https://lichess.org/2VIXAtP1/black#46,,True,https://lichess.org/training/ETXUa
XHoXO,6k1/3b1p2/4p1p1/3pK3/7R/8/3r4/r2B3R b - - 7 49,a1d1 h4h8 g8g7 h1h7,1265,127,0,11,endgame mate mateIn2 short,https://lichess.org/ylaCXgz6/black#98,,True,https://lichess.org/training/XHoXO
T5pIc,8/8/3R3R/1p2kp2/p7/P1r3PK/2r4P/8 b - - 20 52,c3a3 h6e6,1265,87,77,98,endgame mate mateIn1 oneMove rookEndgame,https://lichess.org/s6i4pdcz/black#104,,True,https://lichess.org/training/T5pIc
rDEZw,5rk1/r3pp2/3p2p1/3P1PPp/1p1Q3P/1P6/2PR3R/q1K5 w - - 3 33,d4a1 a7a1 c1b2 f8a8 c2c3 a8a2,1265,75,96,1189,endgame long mate mateIn3 queensideAttack quietMove,https://lichess.org/H2KHl95u#65,,True,https://lichess.org/training/rDEZw
q4rOt,rnb3k1/p4r2/1p2p2R/3nP3/3p4/P2B1N2/1P3PP1/2K4R b - - 2 21,b8d7 h6h8 g8g7 h1h7,1265,76,88,3586,kingsideAttack mate mateIn2 middlegame short,https://lichess.org/9fzvytdU/black#42,,True,https://lichess.org/training/q4rOt
KFqT7,8/2kR4/p7/1p6/1P4p1/1r4P1/4r2P/3R3K b - - 2 34,c7c6 d1d6,1266,77,93,963,endgame mate mateIn1 oneMove rookEndgame,https://lichess.org/mJmUttEg/black#68,,True,https://lichess.org/training/KFqT7
mHHZH,5r2/2R1n1R1/1P1kp2p/p3r3/P2p2B1/7P/6P1/6K1 b - - 2 35,e7d5 g7d7,1266,126,41,32,endgame mate mateIn1 oneMove,https://lichess.org/jpGLrkHE/black#70,,True,https://lichess.org/training/mHHZH
uNMJ2,2k3r1/ppb4p/2p4p/1PN1p3/P1P1P2N/6qK/4QPr1/R1R5 w - - 7 29,f2g3 g8g3,1266,76,94,101,mate mateIn1 middlegame oneMove,https://lichess.org/Z5wWArbI#57,,True,https://lichess.org/training/uNMJ2
2ezI2,3r2k1/p5pp/2p1p3/4p3/2P1P3/1B2KPPn/P2r3P/R4R2 w - - 3 27,f1d1 d8d3,1266,75,98,11174,endgame mate mateIn1 oneMove,https://lichess.org/tsSU76Zf#53,,True,https://lichess.org/training/2ezI2
fIJZJ,2r3kQ/1pq2p1p/p1bnp1pR/3p2P1/P2P4/2PB2P1/1P1N1PK1/7R b - - 0 24,g8h8 h6h7 h8g8 h7h8 g8g7 h1h7,1267,77,87,864,kingsideAttack long master mate mateIn3 middlegame,https://lichess.org/kibw9V8G/black#48,,True,https://lichess.org/training/fIJZJ
Kq1gC,8/8/R5R1/4p1k1/1r4p1/3K4/5PP1/2r5 b - - 2 54,g5f5 a6f6,1267,93,73,121,endgame mate mateIn1 oneMove rookEndgame,https://lichess.org/o5A7hovn/black#108,,True,https://lichess.org/training/Kq1gC
ukNQg,6rk/1pp5/3p4/p2Q4/2P4P/P6R/1P3PqK/3R2r1 w - - 9 37,d5g2 g8g2,1267,76,97,7671,endgame master mate mateIn1 oneMove,https://lichess.org/XkCdBjHD#73,,True,https://lichess.org/training/ukNQg
j6sE2,4r3/pp3p2/2pb4/3n3R/3Pp1k1/2P3P1/PP3PK1/7R b - - 1 29,d5f6 h1h4,1267,76,98,2086,endgame mate mateIn1 oneMove,https://lichess.org/krgf8Fv7/black#58,,True,https://lichess.org/training/j6sE2
nlToo,1r4k1/5r1p/2n1p1Q1/q2pP1P1/p1pP4/P4N1R/4NP2/2K4R b - - 0 30,h7g6 h3h8 g8g7 h1h7,1268,75,96,4526,kingsideAttack mate mateIn2 middlegame short,https://lichess.org/p23XTdPO/black#60,,True,https://lichess.org/training/nlToo
AOUGy,5rRk/7P/p2r4/1p2p3/2p5/7q/PPPB4/2K3R1 b - - 18 41,h8h7 g1g7,1268,78,88,453,endgame mate mateIn1 oneMove,https://lichess.org/vbHKXumL/black#82,,True,https://lichess.org/training/AOUGy
cbEOp,1k6/pp4p1/2p1Qn2/7r/3PP3/1P3Pqr/P2B1R1P/R5K1 w - - 0 26,h2g3 h3h1 g1g2 h5h2,1268,75,85,279,mate mateIn2 middlegame short,https://lichess.org/9qz1PvkB#51,,True,https://lichess.org/training/cbEOp
i8ZJh,8/R2R1pk1/8/p3P1K1/Ppr3r1/8/2P5/8 w - - 2 52,g5f5 c4f4,1269,80,85,308,endgame mate mateIn1 oneMove rookEndgame,https://lichess.org/cMWVvNra#103,,True,https://lichess.org/training/i8ZJh
OMfF1,k6r/1p6/pQb1Np1r/3p1p2/P2Pp3/4P1q1/5R1P/1R4K1 w - - 0 36,h2g3 h6h1 g1g2 h8h2,1269,76,100,66,mate mateIn2 middlegame short,https://lichess.org/ma7X1EPi#71,,True,https://lichess.org/training/OMfF1
BTLxV,5rk1/ppp4p/2p3p1/8/4p1PP/2P3K1/P2N1r2/R3R3 w - - 7 28,d2e4 f8f3,1269,75,98,1481,endgame mate mateIn1 oneMove,https://lichess.org/IMLDXxU5#55,,True,https://lichess.org/training/BTLxV
ZcOno,4r1k1/R5Rp/1p1q4/8/8/1Np5/PP4PP/6K1 b - - 0 29,g8f8 a7f7,1269,78,60,114,endgame mate mateIn1 oneMove,https://lichess.org/SucJ9p6l/black#58,,True,https://lichess.org/training/ZcOno
71Rq5,8/2p1bkR1/8/p3PP1r/1p1p4/1P1P1n1p/2P4P/6RK b - - 2 47,f7f8 g7g8 f8f7 g1g7,1270,75,98,520,endgame mate mateIn2 short,https://lichess.org/Ens0qHDi/black#94,,True,https://lichess.org/training/71Rq5
AbJyk,1k5r/5pp1/1p2p1n1/2p5/P2p4/5Pqr/2PQ1R1P/1R4K1 w - - 0 29,h2g3 h3h1 g1g2 h8h2,1270,76,85,783,endgame mate mateIn2 short,https://lichess.org/86ZyxEt2#57,,True,https://lichess.org/training/AbJyk
zohAN,4r3/8/3r2p1/p1p3P1/R1k5/2B1p3/P2bK3/1R6 b - - 5 33,c4c3 b1b3 c3c2 a4c4 d2c3 c4c3,1270,76,95,846,endgame long mate mateIn3,https://lichess.org/nGhKkmUB/black#66,,True,https://lichess.org/training/zohAN
75bUz,2k5/ppp2p1p/5p2/4p3/4P1P1/P1rP3P/1rR5/qQKR4 w - - 0 28,b1a1 c3c2,1270,75,95,4116,endgame mate mateIn1 oneMove queenRookEndgame queensideAttack,https://lichess.org/tm0mTR1h#55,,True,https://lichess.org/training/75bUz
0rXLv,r4r2/p2nbp1R/2p1p1k1/3p4/3P1P2/3P2N1/PP4P1/1K5R b - - 4 25,e7f6 h1h6,1270,75,99,2017,mate mateIn1 middlegame oneMove,https://lichess.org/2dPcrz8e/black#50,,True,https://lichess.org/training/0rXLv
iufTh,8/3k3p/p3p1pb/1P3p2/P2P4/B2K1P1P/2r3r1/RR6 w - - 1 37,b5a6 g2d2,1270,74,98,6620,endgame mate mateIn1 oneMove,https://lichess.org/MUkWE7BZ#73,,True,https://lichess.org/training/iufTh
8CcF2,3rk3/R1Rn2p1/4Bp1p/5P2/4pPP1/3rK2P/8/8 w - - 8 37,e3e4 d7c5 c7c5 d8d4,1271,77,92,436,clearance endgame mate mateIn2 sacrifice short,https://lichess.org/RMzjD0so#73,,True,https://lichess.org/training/8CcF2
qMcqq,4r1k1/pp3ppp/2n2n2/2p3P1/5P2/PB1P3P/1BP1rK1R/6R1 w - - 1 24,f2f3 e8e3,1271,76,92,1416,mate mateIn1 middlegame oneMove,https://lichess.org/7ucBNXZX#47,,True,https://lichess.org/training/qMcqq
nHLQ5,1k4r1/1pp2p2/p6p/2p1q3/8/1B1P3P/P1P1Q2K/5Rr1 w - - 0 30,e2e5 g8g2,1271,95,76,32,endgame mate mateIn1 oneMove,https://lichess.org/2m2tZ1bh#59,,True,https://lichess.org/training/nHLQ5
Wz74v,8/pp2rp2/2p4R/4r1k1/4P3/2P2K2/PP6/7R b - - 7 36,e5e4 h1h5,1271,106,67,64,endgame master mate mateIn1 oneMove rookEndgame,https://lichess.org/DVPvsMYX/black#72,,True,https://lichess.org/training/Wz74v
uuYUK,r7/3k2p1/2p5/K1P1R2p/P2P4/r5BP/P2R1P1P/8 w - - 5 34,a5b4 a8a4,1271,78,91,1870,endgame mate mateIn1 oneMove,https://lichess.org/l6fltZoY#67,,True,https://lichess.org/training/uuYUK
Km1Vc,6k1/p4q2/6r1/3pb1P1/PP5Q/2r1P2R/3K4/7R b - - 1 40,c3c4 h4h8 e5h8 h3h8 g8g7 h1h7,1272,81,87,45,exposedKing long mate mateIn3 middlegame sacrifice,https://lichess.org/BtHTFXns/black#80,,True,https://lichess.org/training/Km1Vc
jEl3m,7r/pkp5/1p2p3/P6r/1P1P2p1/6q1/3Q1R1P/R5K1 w - - 0 28,h2g3 h5h1 g1g2 h8h2,1272,76,93,1036,endgame mate mateIn2 queenRookEndgame short,https://lichess.org/FMhaJMxr#55,,True,https://lichess.org/training/jEl3m
si8ij,2b3k1/p4r1p/1pr1p1BR/3pP3/3P4/2P3P1/PP4K1/7R b - - 0 31,h7g6 h6h8 g8g7 h1h7,1272,95,60,49,endgame mate mateIn2 short,https://lichess.org/XAlazYZQ/black#62,,True,https://lichess.org/training/si8ij
HBk0I,2kr4/1bp2p2/1p5p/p3pPp1/P7/1QP1KP2/3r3P/R6R w - - 3 27,a1d1 d8d3,1273,76,82,347,endgame mate mateIn1 oneMove,https://lichess.org/8RjHqdvh#53,,True,https://lichess.org/training/HBk0I
GaJE4,r2qr1kQ/p1p2pb1/1pn1p1p1/4Pn2/3p1PN1/8/PPPBN2R/2K4R b - - 3 22,g7h8 h2h8 g8g7 h1h7,1273,76,94,692,kingsideAttack mate mateIn2 middlegame short,https://lichess.org/LLVfgLId/black#44,,True,https://lichess.org/training/GaJE4
g1VcW,4r1kQ/1p1q1pb1/2p2rp1/P2p4/3P2P1/4PP1R/3B2K1/7R b - - 8 43,g7h8 h3h8 g8g7 h1h7,1273,76,56,88,mate mateIn2 middlegame short,https://lichess.org/3pXZnkI1/black#86,,True,https://lichess.org/training/g1VcW
XxApz,8/p7/2p1k3/4p2p/1PP2pr1/P2P1nr1/5RBK/6R1 w - - 0 30,f2f3 g4h4 g2h3 h4h3,1273,75,96,4494,endgame mate mateIn2 short,https://lichess.org/IMEG7tHF#59,,True,https://lichess.org/training/XxApz
7mw2w,r5k1/ppp1b2p/4pB2/3pPr1q/3P1pRP/8/PPP2P2/2K3R1 b - - 3 24,g8f8 g4g8 f8f7 g1g7,1273,75,98,1456,mate mateIn2 middlegame short,https://lichess.org/Q8Y6nzFY/black#48,,True,https://lichess.org/training/7mw2w
GOqdb,r7/2k2p2/1n1bbn1p/2p1p1p1/Np2P3/rP3P2/2P1N1PP/1K1RBB1R w - - 4 23,a4b6 a3a1 b1b2 a8a2,1273,76,96,4742,master mate mateIn2 middlegame queensideAttack short,https://lichess.org/YMEWs59M#45,,True,https://lichess.org/training/GOqdb
SE2OR,1r6/1r1b2R1/5k2/1p1p1p2/3P4/3BPK2/8/6R1 b - - 5 45,d7e6 g1g6,1274,75,80,765,endgame master mate mateIn1 oneMove,https://lichess.org/qkxSCSw1/black#90,,True,https://lichess.org/training/SE2OR
CDtRJ,1q6/5NR1/2p1pr1k/3p1pRp/3P1P1P/1P2P3/1P6/1K6 b - - 2 32,f6f7 g5g6,1274,76,95,9799,endgame mate mateIn1 oneMove queenRookEndgame,https://lichess.org/psiTMVS6/black#64,,True,https://lichess.org/training/CDtRJ
culc0,3R2R1/5pBp/4bkp1/8/2r5/1r5P/5PP1/6K1 b - - 1 36,f6e7 g8e8,1274,75,100,126,endgame mate mateIn1 oneMove,https://lichess.org/Jdk8z6Yp/black#72,,True,https://lichess.org/training/culc0
eIXWl,2k4r/pp2b1p1/2qp4/N1p5/6n1/1QPPBRP1/PP2P2r/6K1 w - - 2 21,a5c6 h2h1 g1g2 h8h2,1274,76,88,231,kingsideAttack mate mateIn2 middlegame short,https://lichess.org/zgZsMKP9#41,,True,https://lichess.org/training/eIXWl
kDzU8,5r1k/6pp/8/3BP3/PP1n4/3R2PP/4n3/3R1r1K w - - 1 31,h1g2 f8f2,1274,74,89,1412,mate mateIn1 middlegame oneMove vukovicMate,https://lichess.org/LH9fBEb6#61,,True,https://lichess.org/training/kDzU8
CujBB,1r4k1/5r1p/2q1p1QR/p1ppP1P1/5P2/2P1P3/P7/2K4R b - - 0 26,h7g6 h6h8 g8g7 h1h7,1274,78,95,22775,endgame mate mateIn2 queenRookEndgame short,https://lichess.org/Bh06n2Vt/black#52,,True,https://lichess.org/training/CujBB
LfqmQ,5rr1/8/8/R3R1pp/2pk4/3b4/PP3PPP/6K1 b - - 4 30,f8e8 a5d5,1275,76,92,7362,endgame mate mateIn1 oneMove,https://lichess.org/Xeyso3TB/black#60,,True,https://lichess.org/training/LfqmQ
T8vrc,6k1/R4p1p/2P3p1/8/4P3/7P/Pr4r1/4R1K1 w - - 0 27,g1f1 b2f2,1275,89,67,90,endgame mate mateIn1 oneMove rookEndgame,https://lichess.org/YnURn9f7#53,,True,https://lichess.org/training/T8vrc
cATfo,8/p1p2pk1/8/3b4/PPpPr2r/2Q4K/5R2/R7 w - - 0 38,h3g3 e4g4,1276,91,100,43,endgame mate mateIn1 oneMove,https://lichess.org/WVlIFXbG#75,,True,https://lichess.org/training/cATfo
y2zrY,8/6k1/4pR2/3p1pP1/3P1P2/4P3/4R1K1/2r3r1 w - - 6 54,g2f2 c1f1,1276,80,86,1426,endgame master mate mateIn1 oneMove rookEndgame,https://lichess.org/KcTkWOOp#107,,True,https://lichess.org/training/y2zrY
jJGpu,1kR5/1P5p/pn2q1p1/1r2rp2/8/6P1/PP3Q1P/1KR5 b - - 2 34,b8b7 c1c7,1276,76,97,920,master mate mateIn1 middlegame oneMove,https://lichess.org/SMxPEwwP/black#68,,True,https://lichess.org/training/jJGpu
RoTiV,2b5/6kp/2P3p1/4p3/2B1n1P1/2N4P/Pr3r2/2KR3R w - - 0 33,c3e4 f2c2,1276,101,73,119,mate mateIn1 middlegame oneMove,https://lichess.org/9j0Lk16q#65,,True,https://lichess.org/training/RoTiV
kB5CL,r3rk2/pR3QRp/2p2pb1/3p4/2pP3q/2P2B2/P1P2PP1/6K1 b - - 3 27,g6f7 b7f7,1276,96,57,56,master mate mateIn1 middlegame oneMove,https://lichess.org/2xDkR2gn/black#54,,True,https://lichess.org/training/kB5CL
4te44,2r3k1/R6p/3pb1p1/N3p3/1R2P3/5P2/2rK2PP/8 w - - 1 39,d2d3 c8c3,1277,78,85,849,endgame master mate mateIn1 oneMove,https://lichess.org/WzhoCQGJ#77,,True,https://lichess.org/training/4te44
RwsFf,8/1pr3k1/6pp/p3p3/4P1PP/PP1p1R2/2rK1R2/8 w - - 0 33,d2d3 c7c3,1277,76,100,809,endgame master mate mateIn1 oneMove rookEndgame,https://lichess.org/QUpecv1E#65,,True,https://lichess.org/training/RwsFf
74Fvv,6k1/1p3pp1/4p3/pP1pP2P/1b1P2P1/4R1K1/4r1r1/1N1Q4 w - - 1 45,g3f3 e2f2,1277,75,97,3548,endgame master mate mateIn1 oneMove,https://lichess.org/tJ5w4dGB#89,,True,https://lichess.org/training/74Fvv
538S4,6k1/pp3ppp/8/6P1/r5N1/3n3P/Pr3P2/K2R3R w - - 2 31,d1d3 a4a2,1277,231,41,18,endgame mate mateIn1 oneMove,https://lichess.org/9Te4y6xC#61,,True,https://lichess.org/training/538S4
y1zQR,6k1/p5n1/1p5r/1PpPp2r/P3P1Q1/3PRpP1/5P2/1R4K1 w - - 9 40,e3f3 h5h1 g1g2 h6h2,1277,77,86,199,endgame mate mateIn2 short,https://lichess.org/qDmUxl2H#79,,True,https://lichess.org/training/y1zQR
i7QCG,6k1/4p3/p1P4p/3PK2P/1pr2rp1/8/PP6/2R3R1 w - - 3 37,b2b3 c4e4,1277,287,76,6,endgame master mate mateIn1 oneMove rookEndgame,https://lichess.org/oRpmSvWK#73,,True,https://lichess.org/training/i7QCG
tIZfu,8/5rk1/p3R3/3p2p1/1p1P1rKp/1P3P2/P1P1R3/8 w - - 7 66,g4g5 f7f5,1277,160,86,41,endgame mate mateIn1 oneMove rookEndgame,https://lichess.org/6umk6ypI#131,,True,https://lichess.org/training/tIZfu
V1owT,4R2R/4bpk1/3pp3/1r4p1/4P1P1/r3BK2/6P1/8 b - - 3 38,e7f6 e8g8,1277,94,77,26,endgame master mate mateIn1 oneMove,https://lichess.org/4nbcSLch/black#76,,True,https://lichess.org/training/V1owT
wDqqw,r3r1k1/1p1b1p1R/p7/6P1/8/b2BB3/4KP2/7R b - - 3 25,d7b5 h7h8 g8g7 h1h7,1277,79,91,2206,mate mateIn2 middlegame short,https://lichess.org/rqstCqi7/black#50,,True,https://lichess.org/training/wDqqw
40HvC,7k/2p4p/pb4rr/1p4K1/4P1N1/2P2N2/PPB1nP2/R3R3 w - - 11 37,g5f5 h6h5 f3g5 h5g5,1277,78,93,2370,mate mateIn2 middlegame short,https://lichess.org/5tqEp89X#73,,True,https://lichess.org/training/40HvC
f2tP9,8/8/1p1P4/6kp/2P5/3P1RKP/1R4P1/4r1r1 w - - 1 35,d6d7 h5h4 g3f2 g1f1,1277,75,97,1564,endgame mate mateIn2 rookEndgame short,https://lichess.org/6rpearQt#69,,True,https://lichess.org/training/f2tP9
CwWq2,2k4r/ppq5/N3p3/PQ1p1p2/3P2p1/2P1P1P1/5R1r/R5K1 w - - 2 29,a6c7 h2h1 g1g2 h8h2,1277,76,87,860,endgame mate mateIn2 short,https://lichess.org/0qzsA5O7#57,,True,https://lichess.org/training/CwWq2
yqMMk,r7/p2R3p/1pk1rbp1/2p1p3/2P5/5P2/PP4PP/2KR4 b - - 1 23,e6e7 d1d6,1278,76,96,13567,endgame master mate mateIn1 oneMove,https://lichess.org/8pWTlvVh/black#46,,True,https://lichess.org/training/yqMMk
AGd42,r2k4/1pR1R1pp/p7/8/5r2/N2b3P/PP2nPPK/8 b - - 2 23,a8c8 c7d7,1278,76,98,7058,mate mateIn1 middlegame oneMove,https://lichess.org/a51giy7Y/black#46,,True,https://lichess.org/training/AGd42
7ufXm,6rk/7p/1p6/2p5/4QB2/1P1P3P/P1P2PqK/5Rr1 w - - 4 31,e4g2 g8g2,1278,76,96,2059,endgame master mate mateIn1 oneMove,https://lichess.org/SijTLyG7#61,,True,https://lichess.org/training/7ufXm
RvPlU,r7/1R3ppp/2kbpn2/r2p4/P1pP1B2/2P2P2/4NKPP/1R6 b - - 3 22,d6f4 b1b6,1278,75,97,9378,mate mateIn1 middlegame oneMove,https://lichess.org/HmPObvri/black#44,,True,https://lichess.org/training/RvPlU
rKTpP,8/6kR/4r3/2p1r1p1/1p2P3/5K2/P7/7R b - - 0 47,g7g6 h1h6,1278,80,85,870,endgame mate mateIn1 oneMove rookEndgame,https://lichess.org/6nRTFPtf/black#94,,True,https://lichess.org/training/rKTpP
8dWUy,7r/4kpp1/pR1p2p1/1pnPn3/1P1Q1N2/5PP1/P4R1r/6K1 w - - 0 28,b4c5 h2h1 g1g2 h8h2,1279,204,38,6,kingsideAttack mate mateIn2 middlegame short,https://lichess.org/1fTq3e7h#55,,True,https://lichess.org/training/8dWUy
9Geux,3r2k1/1p5p/p6b/2P2p2/4pPp1/1PP1R1P1/P2qKQ1P/R1Br4 w - - 7 31,c1d2 d8d2,1279,90,88,195,mate mateIn1 middlegame oneMove,https://lichess.org/pKLqtos2#61,,True,https://lichess.org/training/9Geux
tz4gQ,2k3r1/1p1r1p2/p1Q1p2p/4P1q1/P1P5/8/1R3PPP/1R4K1 b - - 0 28,b7c6 b2b8 c8c7 b1b7,1279,80,86,382,endgame mate mateIn2 queenRookEndgame queensideAttack short,https://lichess.org/rGGdEb2w/black#56,,True,https://lichess.org/training/tz4gQ
EXcQE,1k1r4/1pp3p1/2n5/6P1/p1P3B1/PK2p2P/1B1r4/3R3R w - - 0 30,b3c3 d8d3,1279,78,93,8107,master mate mateIn1 middlegame oneMove,https://lichess.org/J7e2S2jX#59,,True,https://lichess.org/training/EXcQE
vU3mG,8/3R2Rp/4kp2/1p6/4p1K1/3n2P1/1r6/8 b - - 3 40,b5b4 g7e7,1279,133,52,30,endgame mate mateIn1 oneMove,https://lichess.org/tvVfXew6/black#80,,True,https://lichess.org/training/vU3mG
4URX7,2r2k2/1p5R/4pB2/3n1p2/K1r1P2P/2P5/PP4P1/7R w - - 1 27,a4b5 c8c5,1280,77,73,246,endgame mate mateIn1 oneMove vukovicMate,https://lichess.org/PJ92FWN3#53,,True,https://lichess.org/training/4URX7
CQ8mq,8/4R2p/p4kp1/r4p2/5P2/2P5/1r4PP/4R1K1 b - - 0 31,g6g5 e1e6,1280,78,47,101,endgame mate mateIn1 oneMove rookEndgame,https://lichess.org/o5Ch4lVG/black#62,,True,https://lichess.org/training/CQ8mq
s8pRO,7r/1R3pk1/4q3/4b2r/4p1p1/1Q2P1P1/5P2/2R3K1 w - - 0 41,b3e6 h5h1 g1g2 h8h2,1280,75,93,1231,endgame master mate mateIn2 short,https://lichess.org/y96cZ7me#81,,True,https://lichess.org/training/s8pRO
1lUcG,6r1/2R5/3kp3/3p1p1p/3P3P/4r3/2R4K/8 b - - 1 41,e6e5 c2c6,1280,78,70,129,endgame mate mateIn1 oneMove rookEndgame,https://lichess.org/m6QxxgqI/black#82,,True,https://lichess.org/training/1lUcG
lNc6n,2r5/kq3pp1/1p1Qp3/pR1p4/2pP4/4r3/1KP5/R7 b - - 3 41,a7a6 a1a5,1280,76,73,320,endgame mate mateIn1 oneMove pin,https://lichess.org/sylS6YnC/black#82,,True,https://lichess.org/training/lNc6n
H2Zfa,2k5/7R/p2p1p1b/3P4/2P2P2/1RN3Pp/PP3K1P/4r2r w - - 17 38,h7h6 h1f1,1280,77,93,4900,endgame mate mateIn1 oneMove,https://lichess.org/VG5fiMda#75,,True,https://lichess.org/training/H2Zfa
4iMCZ,r4n2/1p6/2p3kR/5p2/3P2p1/bPP1P3/8/1K5R b - - 3 28,g6g5 h1h5,1280,178,52,27,endgame mate mateIn1 oneMove,https://lichess.org/RQr3VLZy/black#56,,True,https://lichess.org/training/4iMCZ
5kAdC,b5r1/8/1P3k2/P2pnp1p/3BpP2/1N2P2P/1Q4r1/2R3K1 w - - 0 46,g1f1 g2g1 f1f2 g8g2,1281,76,92,2895,mate mateIn2 middlegame short,https://lichess.org/fGbUnGMl#91,,True,https://lichess.org/training/5kAdC
K0Nwu,1rk5/2p2p2/p2p4/R2Pp2p/K1P3nR/1r4P1/q2QN3/8 w - - 0 44,d2a2 b8b4,1281,74,97,7223,mate mateIn1 middlegame oneMove,https://lichess.org/23ZtxrPU#87,,True,https://lichess.org/training/K0Nwu
J4Per,1k5r/2p2p2/RpP4r/3P1pp1/4p3/2N1P1P1/4NP2/1R4K1 w - - 2 29,b1a1 h6h1 g1g2 h8h2,1281,75,97,391,endgame mate mateIn2 short,https://lichess.org/zBHlp5RN#57,,True,https://lichess.org/training/J4Per
5EiSi,2k3r1/ppp2p2/5B2/8/2P1PP2/1N3K1p/PP4r1/R7 w - - 4 31,a1h1 g8g3,1281,76,92,644,endgame master mate mateIn1 oneMove,https://lichess.org/6uWMTvhd#61,,True,https://lichess.org/training/5EiSi
DmrsB,1r3r2/2R3Rp/p4pk1/1p1bpp2/7B/8/PP5P/6K1 b - - 1 32,g6h6 g7h7 h6g6 c7g7,1282,85,76,285,endgame mate mateIn2 short,https://lichess.org/RCjU7iOc/black#64,,True,https://lichess.org/training/DmrsB
3JT4R,7k/3p1r1p/8/6Q1/4b3/2P1R3/PP5P/4Kr2 w - - 6 45,e1e2 f7f2,1282,75,95,190,endgame mate mateIn1 oneMove,https://lichess.org/aqdtbcvW#89,,True,https://lichess.org/training/3JT4R
3FjGK,3r1n2/8/2p1kN1p/p3p3/2P3P1/1P2K3/P2r4/4RR2 w - - 3 40,f6e4 d8d3,1282,86,72,38,endgame master mate mateIn1 oneMove,https://lichess.org/OxtD9REf#79,,True,https://lichess.org/training/3FjGK
Y4VCP,8/1R4Rp/4pp1k/8/p3P2P/P3P2r/3r4/4K3 b - - 2 39,d2a2 g7h7 h6g6 b7g7,1282,82,78,66,endgame mate mateIn2 rookEndgame short,https://lichess.org/dqzMg8DC/black#78,,True,https://lichess.org/training/Y4VCP
vXW8r,4r1k1/ppp1R1Rp/5p2/n7/8/3r3P/P4PP1/6K1 b - - 0 27,g8f8 e7f7,1282,80,81,621,endgame mate mateIn1 oneMove,https://lichess.org/Xy48i9K7/black#54,,True,https://lichess.org/training/vXW8r
XDlQ5,6r1/p4p1p/R1k1b3/8/2p5/2Pr2B1/5PPP/R5K1 b - - 4 29,c6b5 a1a5,1282,75,96,1819,endgame mate mateIn1 oneMove,https://lichess.org/oq12fRJw/black#58,,True,https://lichess.org/training/XDlQ5
XDFTn,8/5p1p/6pk/8/5P2/P1Q3P1/1r3r2/3R1K2 w - - 4 40,f1e1 b2e2,1283,184,62,55,endgame mate mateIn1 oneMove queenRookEndgame,https://lichess.org/TFOjWGIE#79,,True,https://lichess.org/training/XDFTn
l0Vyt,3r2k1/pp3p1R/4p1p1/6P1/5P2/1Pp2n2/P1Pr4/2K4R b - - 0 28,f3e1 h7h8 g8g7 h1h7,1283,77,81,364,endgame mate mateIn2 short,https://lichess.org/Sn3B0mL9/black#56,,True,https://lichess.org/training/l0Vyt
dDMZk,4r1r1/pp2n3/4R3/3k4/2p4p/2P4P/PP5K/4R3 b - - 1 35,b7b5 e1e5,1283,76,88,1467,endgame master mate mateIn1 oneMove,https://lichess.org/JAS9hcPc/black#70,,True,https://lichess.org/training/dDMZk
mWFXQ,2kr4/pp3p1p/2b3p1/4p3/4P3/2N2P2/PP1r1KPP/R2R4 w - - 2 19,f2e3 d8d3,1283,75,98,688,endgame master mate mateIn1 oneMove,https://lichess.org/kSnTE7MI#37,,True,https://lichess.org/training/mWFXQ
WnAUH,8/2R3R1/5k2/3K1p2/3P1r2/7r/8/8 b - - 0 52,h3d3 c7f7,1284,75,100,297,endgame mate mateIn1 oneMove rookEndgame,https://lichess.org/Q7ck2shj/black#104,,True,https://lichess.org/training/WnAUH
7FHDn,7r/p5p1/2k1pn2/3p3r/2pP4/1PN1BPq1/P4R1P/2R3K1 w - - 0 28,h2g3 h5h1 g1g2 h8h2,1284,75,95,2970,mate mateIn2 middlegame short,https://lichess.org/HZwsFxZN#55,,True,https://lichess.org/training/7FHDn
O7ldc,8/3Rk2p/6p1/4r3/1pr1P3/5KP1/6P1/3R4 b - - 3 40,e7e6 d1d6,1284,81,100,125,endgame mate mateIn1 oneMove rookEndgame,https://lichess.org/0WKo01K8/black#80,,True,https://lichess.org/training/O7ldc
7Zlil,1r3r1k/p4p1p/5p2/5P2/2b4R/7R/P5PP/K7 b - - 2 28,f8d8 h4h7 h8g8 h7h8 g8g7 h3h7,1284,170,47,16,endgame long mate mateIn3,https://lichess.org/GTCnCdR5/black#56,,True,https://lichess.org/training/7Zlil
MiHKE,8/1p3R2/3pk3/p3p3/4P3/q3B3/5RK1/8 b - - 5 33,a3e3 f2f6,1285,85,81,633,endgame mate mateIn1 oneMove queenRookEndgame,https://lichess.org/fEUkmolj/black#66,,True,https://lichess.org/training/MiHKE
wKjoG,5Q2/8/1p5p/4r1p1/pPk3P1/P6P/3p4/3KrR2 w - - 1 50,d1d2 e5e2,1285,76,100,186,endgame mate mateIn1 oneMove queenRookEndgame,https://lichess.org/vGenPJRr#99,,True,https://lichess.org/training/wKjoG
YNa5W,8/1R3prk/p1p4p/2Pp1p2/3P4/P3PQ1P/5PqK/1R4r1 w - - 9 44,f3g2 g7g2,1285,81,87,871,endgame mate mateIn1 oneMove,https://lichess.org/Yyl6GCJ6#87,,True,https://lichess.org/training/YNa5W
AnD2w,1k5r/p1p5/Ppn5/3p1Q2/1P1P2p1/2P3qr/3N1R1P/R5K1 w - - 0 26,h2g3 h3h1 g1g2 h8h2,1285,76,93,1523,mate mateIn2 middlegame short,https://lichess.org/APebdtCG#51,,True,https://lichess.org/training/AnD2w
AUImv,8/8/4k3/ppP1N1P1/5P2/1PK1P2p/r2r3P/7R w - - 3 38,g5g6 a2c2,1285,76,99,1185,endgame master mate mateIn1 oneMove,https://lichess.org/nS140gle#75,,True,https://lichess.org/training/AUImv
DiiYn,r5kQ/1pp1np2/p2q2n1/2b1pBP1/4P3/2pP3R/PP1B1PK1/7R b - - 1 28,g6h8 h3h8 g8g7 h1h7,1286,75,97,3651,kingsideAttack master mate mateIn2 middlegame short,https://lichess.org/hbPOgGoJ/black#56,,True,https://lichess.org/training/DiiYn
DZyzQ,3r2k1/p4p1R/4p1p1/5q2/1P1bN3/4QP2/PP4K1/7R b - - 0 41,d4e3 h7h8 g8g7 h1h7,1286,77,93,412,endgame mate mateIn2 short,https://lichess.org/ybH4SABr/black#82,,True,https://lichess.org/training/DZyzQ
b3HwK,5r1Q/p3q2R/5pk1/1p1p2p1/1b1p2P1/1Pn5/PNP2P2/K6R b - - 11 32,f8h8 h1h6,1286,75,100,726,mate mateIn1 middlegame oneMove,https://lichess.org/wsvhWJla/black#64,,True,https://lichess.org/training/b3HwK
R5wIc,8/pp3Rk1/2p5/4r2p/7K/3r4/PP6/5R2 b - - 3 45,g7g6 f1f6,1286,76,93,1540,endgame mate mateIn1 oneMove rookEndgame,https://lichess.org/3woVJIkB/black#90,,True,https://lichess.org/training/R5wIc
3M8IB,r6r/pp1R3p/2n1k1p1/4pp2/1bN1p3/2N5/PPP2PPP/3R2K1 b - - 2 19,b4c3 d1d6,1286,75,85,399,mate mateIn1 middlegame oneMove,https://lichess.org/xPqFfsZG/black#38,,True,https://lichess.org/training/3M8IB
yAFSA,r1b3k1/pp3qBR/6p1/2ppP3/3n2P1/3B4/PP1Q1r2/2K4R b - - 0 21,f2d2 h7h8 g8g7 h1h7,1287,76,84,280,kingsideAttack mate mateIn2 middlegame sacrifice short,https://lichess.org/lLCocJ5l/black#42,,True,https://lichess.org/training/yAFSA
1t5xc,6r1/pppk1p1r/2p2B2/2b5/2B5/6Nb/PPP2PP1/4RRK1 w - - 0 20,g2h3 g8g3 g1h2 h7h3,1287,75,91,669,intermezzo kingsideAttack mate mateIn2 middlegame pin short,https://lichess.org/SVTQoTDO#39,,True,https://lichess.org/training/1t5xc
26jPs,r7/1p4p1/2p1R3/P1Pr1k1p/3B1P2/5K2/7P/4R3 b - - 0 42,d5d4 e1e5,1287,77,87,369,endgame master mate mateIn1 oneMove rookEndgame,https://lichess.org/c8yFmEvH/black#84,,True,https://lichess.org/training/26jPs
mB7Vt,8/3B4/5p2/p2Rrk1p/1p4bP/1P6/P2R1KP1/2r5 b - - 3 37,f5e4 d2d4,1287,76,85,323,endgame master masterVsMaster mate mateIn1 oneMove,https://lichess.org/r7Q8tJf9/black#74,,True,https://lichess.org/training/mB7Vt
syXWZ,8/5r1k/p2PR3/1p2p3/4Kr2/3P4/8/4R3 w - - 3 41,e4e5 f7f5,1287,77,54,750,endgame mate mateIn1 oneMove rookEndgame,https://lichess.org/2aIzJGIQ#81,,True,https://lichess.org/training/syXWZ
7aARx,6k1/5R1p/4q1rp/1pb1p3/p3P3/2P2Q1P/PP1r2P1/5R1K b - - 0 38,d2g2 f7f8 g8g7 f3f7 e6f7 f1f7,1287,77,85,561,long mate mateIn3 middlegame,https://lichess.org/40xDCyND/black#76,,True,https://lichess.org/training/7aARx
WRlLc,7r/7r/p5k1/1p1p2P1/3Pp3/P1P2R2/1P3B2/4R1K1 w - - 1 43,f3g3 h7h1 g1g2 h8h2,1288,110,30,17,endgame mate mateIn2 short,https://lichess.org/JqZcv0Gh#85,,True,https://lichess.org/training/WRlLc
QZ1Ql,6k1/pp4p1/3p3p/1P1P4/P1N1P3/5r1r/5R1K/5R2 w - - 0 31,h2g2 f3g3,1288,132,66,62,endgame mate mateIn1 oneMove,https://lichess.org/6F4fSf28#61,,True,https://lichess.org/training/QZ1Ql
BtXyZ,4rk2/R5R1/1p3rNp/p1b5/P7/8/1P3PPP/6K1 b - - 2 30,f6g6 a7f7,1288,75,78,239,endgame mate mateIn1 oneMove,https://lichess.org/xutaRzcK/black#60,,True,https://lichess.org/training/BtXyZ
xj8Vk,7k/2K2p1p/p5r1/n1p1p1P1/7R/3P3R/1Pr5/8 b - - 2 32,c2b2 h4h7 h8g8 h7h8 g8g7 h3h7,1288,100,14,38,endgame long mate mateIn3,https://lichess.org/WqGjfI6q/black#64,,True,https://lichess.org/training/xj8Vk
XYFRf,r5k1/2q2r1p/p3p1Q1/1p1b4/4N3/1P5R/1P3PK1/7R b - - 0 26,h7g6 h3h8 g8g7 h1h7,1288,76,63,224,mate mateIn2 middlegame short,https://lichess.org/Z4g4d6cG/black#52,,True,https://lichess.org/training/XYFRf
W9UJC,3rq1k1/p1p2r1R/1p4p1/3QP3/8/2P3P1/PP3PK1/7R b - - 0 25,d8d5 h7h8 g8g7 h1h7,1288,75,91,1754,endgame mate mateIn2 queenRookEndgame short,https://lichess.org/9DzWbJDs/black#50,,True,https://lichess.org/training/W9UJC
2968M,5rk1/p2p2pp/1p1Pp3/2p1P1P1/2PnK2P/3B1r2/PP6/R6R w - - 3 22,a1f1 f8f4,1288,76,89,2540,endgame mate mateIn1 oneMove,https://lichess.org/YN6tBGT7#43,,True,https://lichess.org/training/2968M
xYQoq,7r/8/5pk1/8/pB1PN1p1/P5P1/1P1R1PK1/7r w - - 2 51,f2f3 h8h2,1289,76,97,1285,endgame mate mateIn1 oneMove,https://lichess.org/XxCoorQk#101,,True,https://lichess.org/training/xYQoq
zjClT,1r1b1rk1/5p1p/p2p2Pp/2pB4/1p2P3/8/PPPK4/6RR b - - 0 22,h7g6 g1g6 g8h7 h1h6,1289,75,94,4474,endgame mate mateIn2 pin short,https://lichess.org/SJDbkGHg/black#44,,True,https://lichess.org/training/zjClT
A09qk,2kr4/Rp3ppp/5p2/8/1b4b1/1PN1P3/1P2KPPP/3r1B1R w - - 3 18,f2f3 d8d2,1289,76,82,163,mate mateIn1 middlegame oneMove,https://lichess.org/gOG8CmE3#35,Slav_Defense Slav_Defense_Exchange_Variation,True,https://lichess.org/training/A09qk
X2nms,4r1qk/1b3p1p/p4pr1/1p5Q/2p4R/P1N2p2/1PP1BP2/2K4R b - - 1 27,f3e2 h5h7 g8h7 h4h7 h8g8 h7h8 g8g7 h1h7,1289,76,94,6578,kingsideAttack mate mateIn4 middlegame veryLong,https://lichess.org/DcZNBWc4/black#54,,True,https://lichess.org/training/X2nms
VLiQ8,2r3r1/1p3p1p/p2R4/4kp2/P7/5P1P/1P1R1K1P/8 b - - 6 33,f5f4 d2d5,1289,88,82,61,endgame mate mateIn1 oneMove rookEndgame,https://lichess.org/NLcenNZL/black#66,,True,https://lichess.org/training/VLiQ8
51tIw,3r4/4R3/p4kpp/1p3p2/2rp1P2/P7/1Pb3PP/1N2R2K b - - 3 35,c2b1 e1e6,1289,77,87,274,endgame master mate mateIn1 oneMove,https://lichess.org/JonBv1Rp/black#70,,True,https://lichess.org/training/51tIw
U5M94,8/R4R1p/1p1kp3/1p1r1p2/3p1Pn1/6PK/4P2P/8 b - - 4 53,d5c5 f7d7 d6c6 a7c7,1289,75,95,3840,endgame master mate mateIn2 short,https://lichess.org/4lmONJdn/black#106,,True,https://lichess.org/training/U5M94
NYWRP,5r2/3k4/p2p4/1p1Pp3/4P3/2PRK1P1/P4r2/R7 w - - 3 44,d3d2 f8f3,1290,75,99,1747,endgame mate mateIn1 oneMove rookEndgame,https://lichess.org/xZrcrVv8#87,,True,https://lichess.org/training/NYWRP
zUasO,r3r1k1/2R3Rp/2pp4/1p6/4P3/1PP4P/1P1b2P1/6K1 b - - 0 28,g8f8 c7f7,1290,328,54,13,endgame mate mateIn1 oneMove,https://lichess.org/qeZCKNYw/black#56,,True,https://lichess.org/training/zUasO
CBxW6,r5k1/ppqn1r1p/2p3Q1/3p2P1/3P1b2/2P1BP1R/PP1N4/2K4R b - - 0 21,h7g6 h3h8 g8g7 h1h7,1290,76,98,3704,kingsideAttack mate mateIn2 middlegame short,https://lichess.org/sr2rKgmU/black#42,,True,https://lichess.org/training/CBxW6
6nwOC,3Qk1r1/ppp2p2/2n1p1pp/4P3/3RP3/q1P2P2/P3r1PP/B2R3K b - - 7 23,c6d8 d4d8 e8e7 d1d7,1290,75,95,3586,mate mateIn2 middlegame short,https://lichess.org/P9QdRHXm/black#46,,True,https://lichess.org/training/6nwOC
eRbNB,1r4k1/5ppp/2p1p3/p1p1R3/P2p2PN/1r1P2N1/3B1P2/2K4R w - - 0 27,e5c5 b3b1 c1c2 b8b2,1290,77,95,20797,mate mateIn2 middlegame queensideAttack short,https://lichess.org/t8cwVUGP#53,,True,https://lichess.org/training/eRbNB
sjDY5,6rk/3bqp1p/p1np1p2/5P1Q/2p1P2R/7R/P1P1K2P/6r1 b - - 3 27,g8g7 h5h7 g7h7 h4h7 h8g8 h7h8 g8g7 h3h7,1290,200,70,17,kingsideAttack mate mateIn4 middlegame sacrifice veryLong,https://lichess.org/VZ6vKORR/black#54,,True,https://lichess.org/training/sjDY5
gdo4k,4r1k1/R5R1/p4p1p/8/8/7P/5rPK/8 b - - 11 39,g8f8 a7f7,1290,86,64,46,endgame master mate mateIn1 oneMove rookEndgame,https://lichess.org/qSySIzec/black#78,,True,https://lichess.org/training/gdo4k
wE4Kc,2k2b1r/1R1b1p1p/3ppp2/r7/3NPP2/8/P1P3PP/1R4K1 b - - 5 22,f8g7 b7b8 c8c7 b1b7,1290,74,100,750,mate mateIn2 middlegame queensideAttack short,https://lichess.org/SQJNapGn/black#44,,True,https://lichess.org/training/wE4Kc
6396N,2r5/p6p/1p2p1k1/4P3/3p1p2/1RrK1P1P/P3R1P1/8 w - - 0 30,d3d4 c8c4,1290,76,93,7449,endgame master mate mateIn1 oneMove rookEndgame,https://lichess.org/KmSHRq2k#59,,True,https://lichess.org/training/6396N
NXbaA,r5k1/p2q1r1p/1pp3Q1/3pP3/P2P2PR/1P6/4KP2/7R b - - 0 31,h7g6 h4h8 g8g7 h1h7,1290,75,82,145,endgame mate mateIn2 queenRookEndgame short,https://lichess.org/ovMYzzeb/black#62,,True,https://lichess.org/training/NXbaA
EXitA,3r4/5p2/BR3b1p/2kp1r2/3p2p1/3P4/2P2P1P/1R4K1 b - - 6 28,d8d6 b1b5,1291,76,91,674,endgame mate mateIn1 oneMove,https://lichess.org/Zzu3VFk1/black#56,,True,https://lichess.org/training/EXitA
N1In0,4Q3/kq3Rr1/p1p5/2Pp4/P2P1P2/2P5/5Kr1/4R3 w - - 2 46,f2f3 g7g3,1291,90,82,64,endgame master mate mateIn1 oneMove,https://lichess.org/jSIieJ55#91,,True,https://lichess.org/training/N1In0
aHGhe,8/5pkp/P7/1PR5/8/8/r5r1/4R1K1 w - - 7 39,g1f1 a2f2,1292,174,54,28,endgame mate mateIn1 oneMove rookEndgame,https://lichess.org/FhJYxvvW#77,,True,https://lichess.org/training/aHGhe
Lkcxa,8/8/4RR2/2r1pk1p/6r1/4K1P1/5P2/8 b - - 2 64,f5g5 f6g6 g5f5 e6f6,1292,75,98,967,endgame mate mateIn2 rookEndgame short,https://lichess.org/VXjn2B0C/black#128,,True,https://lichess.org/training/Lkcxa
IbayF,k1r5/1p6/7p/6p1/PP4P1/7P/1Krp2Q1/3R4 w - - 2 45,b2b3 c8c3,1292,78,87,894,endgame mate mateIn1 oneMove queenRookEndgame,https://lichess.org/JandkWbA#89,,True,https://lichess.org/training/IbayF
iWxRT,2r5/8/6R1/p2p1k2/3P2R1/4K3/P4r2/8 b - - 2 38,f2a2 g4g5,1292,74,95,7488,endgame mate mateIn1 oneMove rookEndgame,https://lichess.org/0znn6O8R/black#76,,True,https://lichess.org/training/iWxRT
4poN6,1k4r1/pp6/5b2/2p1p2p/1PPpPP1P/P2Q3R/4N1qK/R4Br1 w - - 5 31,f1g2 g8g2,1293,75,96,1641,mate mateIn1 middlegame oneMove,https://lichess.org/udJcuLbq#61,,True,https://lichess.org/training/4poN6
LpMb3,2r3k1/1bq2r1p/3p1pQ1/3Pb3/6P1/1B2B2R/1PP5/2K4R b - - 0 27,h7g6 h3h8 g8g7 h1h7,1293,77,58,141,mate mateIn2 middlegame short,https://lichess.org/FdnpROxX/black#54,,True,https://lichess.org/training/LpMb3
7SlNX,2k1r3/pR1R4/8/r7/P3p1n1/5nN1/1P2K3/8 b - - 3 37,e8d8 d7c7,1293,76,100,375,mate mateIn1 middlegame oneMove,https://lichess.org/hToxbwzg/black#74,,True,https://lichess.org/training/7SlNX
iCDMB,r1bqR2R/1ppp1pk1/p5p1/5n2/P2P4/8/1PP2PPP/1NB3K1 b - - 0 19,d8f6 e8g8,1293,76,76,216,master masterVsMaster mate mateIn1 middlegame oneMove,https://lichess.org/LU1cQbug/black#38,,True,https://lichess.org/training/iCDMB
MKn6A,r3k3/3p4/p6p/1pb3q1/6B1/P1N2b2/1PP2r1P/3RR1K1 b q - 7 25,e8d8 d1d7 d8c8 e1e8 g5d8 e8d8,1293,92,87,68,long mate mateIn3 middlegame,https://lichess.org/Z9KDdN4v/black#50,,True,https://lichess.org/training/MKn6A
pyC1x,1r6/1P3pp1/1R5p/2kp1p1P/2r2P2/5PP1/5K2/1R6 b - - 2 51,d5d4 b1b5,1294,159,100,9,endgame master mate mateIn1 oneMove rookEndgame,https://lichess.org/uWOdglBj/black#102,,True,https://lichess.org/training/pyC1x
DakS4,8/1R2Rk1p/6p1/2pr4/1p1b1B2/1P6/r4PPP/6K1 b - - 0 27,f7f6 e7f7 f6e6 b7e7,1294,76,94,10487,endgame mate mateIn2 short,https://lichess.org/XxiEZzIY/black#54,,True,https://lichess.org/training/DakS4
CdLWb,r5r1/8/5R2/p2kp3/1p3P2/3P4/qPP5/2K1R3 b - - 0 33,a8c8 e1e5 d5d4 f6d6 a2d5 d6d5,1294,75,95,20130,endgame long mate mateIn3 queenRookEndgame,https://lichess.org/W0Qi0tez/black#66,,True,https://lichess.org/training/CdLWb
EByso,6k1/R6R/1r2n3/3p4/7P/1PK5/P6r/8 b - - 4 34,e6f8 a7g7,1294,106,88,151,endgame master mate mateIn1 oneMove,https://lichess.org/9nkdpkei/black#68,,True,https://lichess.org/training/EByso
qNH2U,5rk1/3Q2bp/3p4/2p1p3/4P3/2PPP1PB/6K1/5r2 w - - 0 39,d7d6 f8f2,1294,95,61,116,endgame master mate mateIn1 oneMove,https://lichess.org/qkBpRZ0k#77,,True,https://lichess.org/training/qNH2U
9Y3Pm,6k1/p5p1/5pp1/1p1b4/5P2/Q1R2K2/1BPr2rP/8 w - - 2 29,f3e3 g2e2,1295,77,92,155,endgame mate mateIn1 oneMove,https://lichess.org/dgpd94nS#57,,True,https://lichess.org/training/9Y3Pm
Y27Bd,r1bR3R/pp2kp2/2p2p1p/4pP2/2r5/2P3P1/P1P4P/2K5 b - - 1 20,c4c3 h8e8,1295,76,68,509,endgame mate mateIn1 oneMove,https://lichess.org/QbAb87g2/black#40,,True,https://lichess.org/training/Y27Bd
SfE7m,2r5/8/3kPppp/3P4/p2K2PP/1Pr5/2pR4/2R5 w - - 0 36,b3a4 c8c4,1295,76,100,2350,endgame mate mateIn1 oneMove rookEndgame,https://lichess.org/4M0WcJtI#71,,True,https://lichess.org/training/SfE7m
iCUHw,2rr2k1/5p2/p3p1p1/3p2P1/2P2bNR/1P6/P7/1K5R b - - 7 32,f4g5 h4h8 g8g7 h1h7,1295,75,100,405,endgame mate mateIn2 short,https://lichess.org/hM5Ts2ok/black#64,,True,https://lichess.org/training/iCUHw
AGxAt,r1b4r/1N2R3/2pk1pp1/p2p1n1p/3P3P/2P2N2/PP3PP1/4R1K1 b - - 4 23,c8b7 e1e6,1295,76,89,1049,mate mateIn1 middlegame oneMove,https://lichess.org/njRm0cpk/black#46,,True,https://lichess.org/training/AGxAt
3jo3u,4k2r/p6r/P1p5/3pbp2/6p1/1RP1P1P1/3B1PQ1/1R4Kq w k - 5 34,g2h1 h7h1 g1g2 h8h2,1295,110,78,54,mate mateIn2 middlegame short,https://lichess.org/XUqC7nov#67,,True,https://lichess.org/training/3jo3u
siFch,4rk2/R5R1/3N1rp1/2pP1p1p/2P5/6PP/3n2BK/8 b - - 3 42,f6d6 a7f7,1295,77,80,102,endgame mate mateIn1 oneMove,https://lichess.org/cMiEiwtx/black#84,,True,https://lichess.org/training/siFch
Haudb,8/6pp/p1r5/3R4/4k3/4r3/3R2PP/3K4 b - - 2 40,c6c3 d2d4,1295,76,97,6237,endgame mate mateIn1 oneMove rookEndgame,https://lichess.org/1rDl86AS/black#80,,True,https://lichess.org/training/Haudb
MYqVc,1k5r/2p5/1pR5/pP1p4/P5p1/4P1P1/7r/2R3K1 w - - 0 44,c6c7 h2h1 g1g2 h8h2,1295,74,92,1439,endgame mate mateIn2 rookEndgame short,https://lichess.org/HRdOdKHv#87,,True,https://lichess.org/training/MYqVc
94oBx,2r1r3/pp4p1/5b1p/2P3kP/1P4R1/P3p1K1/6P1/4R3 b - - 6 32,g5h5 e1h1 f6h4 h1h4,1296,82,100,91,endgame mate mateIn2 short,https://lichess.org/GmWJ7vkF/black#64,,True,https://lichess.org/training/94oBx
1xUqK,4r3/4r1k1/p3R1R1/7p/1p6/1P6/PK3P2/8 b - - 0 44,g7f7 e6f6,1296,74,96,5191,endgame mate mateIn1 oneMove rookEndgame,https://lichess.org/gzbEQKil/black#88,,True,https://lichess.org/training/1xUqK
zEyrc,7r/5k2/3b1p2/2pR1Pp1/1p2P1K1/pP5r/P1PR3P/8 w - - 0 33,d5d6 h8h4,1296,76,81,617,endgame mate mateIn1 oneMove rookEndgame,https://lichess.org/dmd9SzXZ#65,,True,https://lichess.org/training/zEyrc
d5aAr,5r2/2p3pk/p2p1pRQ/1p2nP2/1PP1P3/1P1P1q2/2K4R/8 b - - 0 38,g7h6 h2h6,1296,139,46,60,endgame mate mateIn1 oneMove,https://lichess.org/uuRpaKLX/black#76,,True,https://lichess.org/training/d5aAr
r7PsT,3r2k1/5pp1/1p2p2p/1Rp5/P6P/4PpR1/2Nr1P2/4K3 w - - 0 28,g3f3 d2d1 e1e2 d8d2,1297,75,83,221,endgame mate mateIn2 short,https://lichess.org/YbIHM6ED#55,,True,https://lichess.org/training/r7PsT
pz7s3,7r/3k4/3P4/3B3r/1P4p1/5pP1/P3PP2/3RR1K1 w - - 0 33,d5f3 g4f3 e2f3 h5h1 g1g2 h8h2,1297,74,91,1261,endgame long mate mateIn3,https://lichess.org/dtXp0DQ9#65,,True,https://lichess.org/training/pz7s3
MP9kR,R7/3k4/8/3p1KrP/3Pp3/1R2P3/8/6r1 w - - 2 52,f5f4 g1g4,1297,77,80,101,endgame mate mateIn1 oneMove rookEndgame,https://lichess.org/XDBSRE4J#103,,True,https://lichess.org/training/MP9kR
eYQLm,8/1N6/3R1B2/1P3k2/5p2/8/4K1PP/4r1r1 w - - 10 40,e2f2 g1f1,1297,77,92,205,endgame mate mateIn1 oneMove,https://lichess.org/ynvxhCWR#79,,True,https://lichess.org/training/eYQLm
raj9M,3r4/ppp4R/4P2R/5k2/8/4K3/P2r3P/8 w - - 5 38,e6e7 d8d3,1297,77,94,5293,endgame master mate mateIn1 oneMove rookEndgame,https://lichess.org/11RuhlHK#75,,True,https://lichess.org/training/raj9M
QZYaj,4r1k1/R5R1/7p/8/8/5KP1/7r/8 b - - 1 42,g8f8 a7f7,1297,93,86,139,endgame master mate mateIn1 oneMove rookEndgame,https://lichess.org/yhnMjPyK/black#84,,True,https://lichess.org/training/QZYaj
TWHdJ,8/8/6RR/4k2p/8/3K1P2/3r3r/8 w - - 3 51,d3e3 h2e2,1298,78,84,957,endgame master mate mateIn1 oneMove rookEndgame,https://lichess.org/BsLw50lx#101,,True,https://lichess.org/training/TWHdJ
zMbsB,2r5/pp3pkR/4b3/5p2/5P2/2Pr3R/PK3P1P/8 b - - 1 25,g7g6 h3h6,1298,79,87,3598,endgame master mate mateIn1 oneMove,https://lichess.org/0VO7S9B7/black#50,,True,https://lichess.org/training/zMbsB
hPR2M,r5kR/pb3pP1/1p4n1/2r1P3/1Q1p2q1/3P2B1/5KP1/7R b - - 2 30,g8g7 h1h7,1298,75,100,1518,mate mateIn1 middlegame oneMove,https://lichess.org/N9CIaaTD/black#60,,True,https://lichess.org/training/hPR2M
oC6Ju,8/4R1k1/4p1pp/5p2/5P1P/P2r2P1/4RK2/3q4 b - - 2 56,g7f6 e2e6,1298,297,47,15,endgame master mate mateIn1 oneMove queenRookEndgame,https://lichess.org/5laBcxQ0/black#112,,True,https://lichess.org/training/oC6Ju
OfjlA,4rr2/ppp5/6pk/3p1bRB/5P2/2P1P3/PP1K4/7R b - - 0 27,g6h5 h1h5,1299,137,68,90,endgame mate mateIn1 oneMove,https://lichess.org/NB95UHRc/black#54,,True,https://lichess.org/training/OfjlA
Pba9U,6r1/4r1bR/4p1k1/1p1p1p2/2pP1B2/P1P2KP1/1P5R/8 b - - 10 49,g7f6 h2h6,1300,75,93,944,endgame master mate mateIn1 oneMove,https://lichess.org/FeZj71cu/black#98,,True,https://lichess.org/training/Pba9U
OEDXD,3r1k2/p4p2/1p5p/2p2B1P/4bP2/P1R1P3/1P3B2/3rK1R1 w - - 1 30,e1e2 d8d2,1300,78,100,83,mate mateIn1 middlegame oneMove,https://lichess.org/fs1fPeGM#59,,True,https://lichess.org/training/OEDXD
aZNWe,r3r1k1/ppp2p1R/2n3p1/6N1/6q1/3P4/PP1B2P1/2K4R b - - 1 23,f7f6 h7h8 g8g7 h1h7,1300,138,50,38,mate mateIn2 middlegame short,https://lichess.org/mD6t8cVL/black#46,,True,https://lichess.org/training/aZNWe
p3oeF,2kr4/pR5R/1bp1p3/3p4/N1n5/3K4/PPP3r1/8 b - - 2 34,c4a5 a4b6 a7b6 h7c7,1300,74,97,5303,mate mateIn2 middlegame short,https://lichess.org/sDPkrlqX/black#68,,True,https://lichess.org/training/p3oeF
f9QwM,2kr4/1R2Rp2/8/3n1Ppp/8/2Q4P/q4PP1/6K1 b - - 2 29,d5c3 e7c7,1300,212,65,29,endgame mate mateIn1 oneMove,https://lichess.org/wIMYZwUP/black#58,,True,https://lichess.org/training/f9QwM
VEkDs,8/r5p1/PR2R3/2k2PP1/r3PK2/8/8/b7 b - - 0 47,a1d4 e6c6,1300,75,87,639,endgame master mate mateIn1 oneMove,https://lichess.org/IBpyF98m/black#94,,True,https://lichess.org/training/VEkDs
ZanBS,r3N3/1p3p1k/2pp2pP/8/1KP1PpR1/r7/1qQ5/7R w - - 2 41,c2b2 a8a4,1300,75,95,6682,endgame mate mateIn1 oneMove,https://lichess.org/qRx0lzar#81,,True,https://lichess.org/training/ZanBS
SLtqZ,7r/2R2pb1/1k2p2p/4P3/PP1p1p2/3Pn3/6PP/2R3K1 b - - 0 32,g7e5 c1c6,1300,75,94,1992,endgame mate mateIn1 oneMove,https://lichess.org/e1vderL4/black#64,,True,https://lichess.org/training/SLtqZ
zsPEt,r1k1r3/1R1bbp1p/B7/P2P4/3pNP2/8/6PP/1R4K1 b - - 0 31,a8a6 b7b8 c8c7 b1b7,1300,75,98,9335,mate mateIn2 middlegame short,https://lichess.org/YLeedOrv/black#62,,True,https://lichess.org/training/zsPEt
fTJmy,5r2/R7/1kp5/Rp4p1/1P5p/3P3P/1PP1N1qK/5r2 w - - 0 39,h2g2 f8f2,1301,81,64,76,endgame mate mateIn1 oneMove,https://lichess.org/SHrckLn6#77,,True,https://lichess.org/training/fTJmy
mt0DC,1R5R/r1p2pk1/pp1pr3/4pP2/8/3P4/PPPK2n1/8 b - - 0 28,e6f6 b8g8,1301,79,48,120,endgame mate mateIn1 oneMove,https://lichess.org/SYDtGLas/black#56,,True,https://lichess.org/training/mt0DC
jYWwY,8/6Rk/8/1p2P1Rp/8/8/6PK/1rr5 b - - 0 39,h7h6 g5g6,1301,75,89,3162,endgame mate mateIn1 oneMove rookEndgame,https://lichess.org/Gf6mmxlK/black#78,,True,https://lichess.org/training/jYWwY
LFYqv,6rk/6qp/p4Q2/1pp4P/8/P1PP2rK/1P6/2R2R2 w - - 5 38,h3h4 g7f6 f1f6 g8g4,1301,75,95,24895,clearance endgame mate mateIn2 short,https://lichess.org/khh7I0nG#75,,True,https://lichess.org/training/LFYqv
ZhapQ,4r1k1/1pp3p1/1bpn1pp1/p7/P1NP2PB/1RPK3P/4rN2/6R1 w - - 1 34,c4b6 e8e3,1301,164,76,43,mate mateIn1 middlegame oneMove,https://lichess.org/II6Eka1v#67,,True,https://lichess.org/training/ZhapQ
fJN8d,2k4r/p1p5/2p5/2b2p2/3p1Qp1/P5Pr/1PP1NP1P/4R1Kq w - - 0 23,g1h1 h3h2 h1g1 h2h1 g1g2 h8h2,1301,76,72,227,endgame kingsideAttack long mate mateIn3,https://lichess.org/o4KBY6Rk#45,,True,https://lichess.org/training/fJN8d
7juwo,R4R2/2rr3p/4pkp1/5p2/1pN1n2P/1P4P1/5PK1/8 b - - 11 43,f6e7 a8e8,1301,75,79,402,endgame master mate mateIn1 oneMove,https://lichess.org/9FuJM85C/black#86,,True,https://lichess.org/training/7juwo
INrtW,7r/6k1/1p2p2r/pQ3p2/2pP4/2P2Pq1/5R1P/1R4K1 w - - 0 34,h2g3 h6h1 g1g2 h8h2,1301,75,95,3831,endgame mate mateIn2 queenRookEndgame short,https://lichess.org/SmpBNuFk#67,,True,https://lichess.org/training/INrtW
zSYCS,3R4/1p3pp1/6kp/1P2Bn2/2pN4/2P5/3r2rP/4RK2 w - - 11 43,e5g3 f5g3 h2g3 d2f2,1302,76,100,1958,master mate mateIn2 middlegame short,https://lichess.org/E1U3dtar#85,,True,https://lichess.org/training/zSYCS
V8Dy2,r5kQ/p4p1p/1p1p2pR/4p1P1/1nN5/P2q2P1/1P3P2/K6R b - - 0 30,g8h8 h6h7 h8g8 h7h8 g8g7 h1h7,1302,76,94,186,endgame kingsideAttack long mate mateIn3,https://lichess.org/7IKWcDJH/black#60,,True,https://lichess.org/training/V8Dy2
iRjMJ,1r4r1/pp3p2/1b2pP2/2qb2k1/8/3B2RR/PB3PPP/6K1 b - - 8 28,g5f4 h3h4 g8g4 h4g4,1302,76,87,2317,mate mateIn2 middlegame short,https://lichess.org/iWeXstAk/black#56,,True,https://lichess.org/training/iRjMJ
7rvkb,8/p2Rkr2/1p3p2/5P1p/1b6/7K/4r2P/3R4 b - - 2 36,e7e8 d7d8 e8e7 d1d7,1302,126,57,10,endgame mate mateIn2 short,https://lichess.org/TR44sv5m/black#72,,True,https://lichess.org/training/7rvkb
hzBXt,6r1/2p1r1P1/pp2p1R1/2Pb1p1k/8/7K/PP6/6R1 b - - 1 39,g8g7 g1g5,1302,83,87,1225,endgame mate mateIn1 oneMove,https://lichess.org/kjJdOdVV/black#78,,True,https://lichess.org/training/hzBXt
hk6so,6rk/4pp1p/5b2/p3p3/P4P1p/1PNBP2P/4R1qK/3Q1Rr1 w - - 5 33,e2g2 g8g2,1303,76,99,691,mate mateIn1 middlegame oneMove,https://lichess.org/3VXnvEp5#65,,True,https://lichess.org/training/hk6so
tNhGV,4k3/2p2p1p/5p2/1rQ1pP2/6r1/P7/3R2PP/3R2K1 b - - 0 28,b5c5 d2d8 e8e7 d1d7,1303,108,60,20,endgame mate mateIn2 rookEndgame short,https://lichess.org/U39zidBI/black#56,,True,https://lichess.org/training/tNhGV
5rqQR,4r2k/2pR2p1/p1p3P1/7p/5P1P/P1P5/2P1rK2/7R w - - 1 28,f2f3 e8e3,1303,125,63,37,endgame mate mateIn1 oneMove rookEndgame,https://lichess.org/lazBiyEo#55,,True,https://lichess.org/training/5rqQR
g8GUB,8/7p/Rk4p1/6P1/Rpr1p2P/3bK3/8/8 b - - 4 43,b6b5 a4a5,1303,117,85,43,endgame master mate mateIn1 oneMove,https://lichess.org/IvUo22MU/black#86,,True,https://lichess.org/training/g8GUB
sDH74,8/2R2ppk/7p/4P3/2P1P3/6P1/Pr4r1/4R1K1 w - - 2 37,g1f1 b2f2,1303,158,80,23,endgame mate mateIn1 oneMove rookEndgame,https://lichess.org/ApXNiMTg#73,,True,https://lichess.org/training/sDH74
67qQQ,4r1k1/p7/2pn4/2B3pp/5p2/1P3K1P/P3r3/R6R w - - 1 35,c5d6 e8e3,1304,77,75,101,endgame mate mateIn1 oneMove,https://lichess.org/sNuiuNSu#69,,True,https://lichess.org/training/67qQQ
k9f94,Rk1r3r/2p2ppp/2pb4/8/8/1P2B3/1P3PPP/R5K1 b - - 4 18,b8b7 a1a7,1304,76,79,134,endgame master mate mateIn1 oneMove,https://lichess.org/cQi0KXvJ/black#36,,True,https://lichess.org/training/k9f94
f1EwV,r5k1/p2p1r1p/4p1B1/2pbP3/1p1n1P2/6P1/P1PB2PR/2K4R b - - 0 23,h7g6 h2h8 g8g7 h1h7,1304,78,96,18939,kingsideAttack mate mateIn2 middlegame short,https://lichess.org/7VdFKjVy/black#46,,True,https://lichess.org/training/f1EwV
zkXZL,r5k1/4pp1n/2p4R/r7/1p4P1/1P1N1P2/2P5/1K3R2 w - - 3 29,f1h1 a5a1 b1b2 a8a2,1304,216,82,11,endgame mate mateIn2 short,https://lichess.org/ifQYaRPL#57,,True,https://lichess.org/training/zkXZL
4ESPx,2k4r/pp1r1p2/B1p1p1np/2PpP1pn/3P4/1RP2PBP/P2K1P2/1R6 b - - 6 20,b7a6 b3b8 c8c7 b1b7,1304,75,91,1198,mate mateIn2 middlegame queensideAttack short,https://lichess.org/Dj1SScAY/black#40,,True,https://lichess.org/training/4ESPx
Xwa2v,1r4k1/2p2pp1/3bp2p/pr6/Q3p2P/2q1P3/1P1R1PP1/2K4R w - - 0 21,b2c3 b5b1 c1c2 b8b2,1304,76,99,1345,endgame mate mateIn2 queensideAttack short,https://lichess.org/qv32dURo#41,,True,https://lichess.org/training/Xwa2v
RL1gW,2k4r/ppp3p1/1bp2p2/P7/3PPQb1/1NP1B1P1/1P5r/R5K1 w - - 0 22,a5b6 h2h1 g1g2 h8h2,1305,76,93,1320,kingsideAttack mate mateIn2 middlegame short,https://lichess.org/qi3RKBH8#43,,True,https://lichess.org/training/RL1gW
FnUpL,7k/R7/1pp4P/3p1N1P/3P4/P7/Br3r2/1K1R4 w - - 0 33,b1c1 f2c2,1305,86,23,87,endgame mate mateIn1 oneMove,https://lichess.org/Y2PtZ7G0#65,,True,https://lichess.org/training/FnUpL
TlDyC,5k1r/ppQb4/3N1n2/3P1p1r/2P3p1/P2B2q1/5R1P/1R4K1 w - - 0 35,h2g3 h5h1 g1g2 h8h2,1305,75,91,2075,mate mateIn2 middlegame short,https://lichess.org/5Ht1JYZO#69,,True,https://lichess.org/training/TlDyC
QsctR,2R2R2/p2rk1p1/1p1rp1Pp/2Q5/8/6P1/P4P1K/8 b - - 0 34,b6c5 c8e8,1305,217,60,13,endgame master mate mateIn1 oneMove rookEndgame,https://lichess.org/Abg5n9bw/black#68,,True,https://lichess.org/training/QsctR
zEwT0,2k2r2/1p1qb3/QR1p3p/P2P1rp1/5p2/2N4P/2P2PP1/1R4K1 b - - 0 27,b7a6 b6b8 c8c7 b1b7,1306,88,70,107,mate mateIn2 middlegame queensideAttack short,https://lichess.org/8UAyJYh6/black#54,,True,https://lichess.org/training/zEwT0
BmJQA,r3r3/p2R4/2p1k3/5p2/2P2Pp1/6P1/P4K2/3R4 b - - 3 37,a7a5 d1d6,1307,79,88,710,endgame mate mateIn1 oneMove rookEndgame,https://lichess.org/QJPTO7Wa/black#74,,True,https://lichess.org/training/BmJQA
6YgXY,7r/p4kb1/1p2p1p1/3pP1qr/2pP1p1B/2P2P2/PP1N1Q2/4R1KR w - - 0 38,h4g5 h5h1 g1g2 h8h2,1307,79,94,15293,kingsideAttack mate mateIn2 middlegame short,https://lichess.org/AjVHU1Ke#75,,True,https://lichess.org/training/6YgXY
tONBQ,8/4r1r1/4K2k/1PP4P/P2R2P1/8/8/8 w - - 1 76,e6f6 g7f7,1307,76,98,4987,endgame mate mateIn1 oneMove rookEndgame,https://lichess.org/cdyTSfet#151,,True,https://lichess.org/training/tONBQ
LqCcb,2r1r1k1/pbq2p2/2p3pR/1p1p2P1/3P4/1B2QP2/PPP5/2K4R b - - 3 24,e8e3 h6h8 g8g7 h1h7,1307,204,100,6,kingsideAttack mate mateIn2 middlegame short,https://lichess.org/C0PoCE85/black#48,,True,https://lichess.org/training/LqCcb
FG9qF,r2r4/p3q1kR/1p2p1B1/4Pp2/2p1bP2/2P1K1P1/PP4PR/8 b - - 4 29,g7g6 h2h6,1307,75,90,997,endgame mate mateIn1 oneMove,https://lichess.org/ssv7TFR5/black#58,,True,https://lichess.org/training/FG9qF
8nVCw,1Rr5/kQ1r2p1/p3p3/2q1p2p/2P4P/P2P1PP1/6K1/1R6 b - - 2 30,d7b7 b1b7,1308,115,63,90,endgame mate mateIn1 oneMove queenRookEndgame,https://lichess.org/cVj2gm7K/black#60,,True,https://lichess.org/training/8nVCw
5qUYt,1r4k1/5r1p/6Q1/pq1pP1P1/4pP2/4P1P1/1P5R/1K5R b - - 0 28,h7g6 h2h8 g8g7 h1h7,1308,76,84,111,endgame mate mateIn2 queenRookEndgame short,https://lichess.org/TupDMUF0/black#56,,True,https://lichess.org/training/5qUYt
8448y,4r3/1k4r1/p3p3/BpR2p2/2pP2P1/5NK1/PP3P2/4R3 w - - 0 34,d4d5 g7g4 g3h3 e8h8 f3h4 h8h4,1308,82,82,66,endgame long mate mateIn3,https://lichess.org/7rtPWHND#67,,True,https://lichess.org/training/8448y
H2fDn,2r5/2r5/3p4/p2Bpp1R/1p3b2/1P3Pk1/P1P4R/3K4 b - - 11 53,c7c3 h5h3,1309,209,76,23,endgame mate mateIn1 oneMove,https://lichess.org/ao3QmflC/black#106,,True,https://lichess.org/training/H2fDn
eVPux,7r/1p3p1P/5PkR/pr1pb1P1/8/3P1K2/8/7R b - - 2 40,g6g5 h1h5,1309,75,97,375,endgame mate mateIn1 oneMove,https://lichess.org/6CWC82Z0/black#80,,True,https://lichess.org/training/eVPux
Hbv0d,8/2p3p1/1p2R2p/pP4k1/n2r4/6PP/8/4R2K b - - 0 33,g5f5 e1e5,1309,78,88,1096,endgame mate mateIn1 oneMove,https://lichess.org/YQilFaSY/black#66,,True,https://lichess.org/training/Hbv0d
fskv6,1k3r2/2p3pp/p7/3Q4/8/6PP/PPP2q1K/R2R1r2 w - - 1 26,d5g2 f2g2 h2g2 f8f2,1309,75,96,7496,attraction endgame mate mateIn2 short,https://lichess.org/X7NZbYe9#51,,True,https://lichess.org/training/fskv6
uzdF3,2r3k1/3b1r1p/2q1p1QR/p2pP3/1p1P4/1P6/1PP4R/1KN5 b - - 0 32,h7g6 h6h8 g8g7 h2h7,1310,77,73,340,mate mateIn2 middlegame short,https://lichess.org/BgEqPf5Z/black#64,,True,https://lichess.org/training/uzdF3
5TMy1,1k5r/1p2bP2/6p1/p3Pp2/P2P4/2P1BqP1/2Q3Pr/1R4K1 w - - 0 29,g2f3 h2h1 g1g2 h8h2,1310,74,100,540,endgame mate mateIn2 short,https://lichess.org/j59Dgf7D#57,,True,https://lichess.org/training/5TMy1
qjKUr,r7/5k1p/1B1Rb3/5p2/8/2PB1P1P/8/r1K3R1 w - - 6 35,c1b2 a8a2,1310,76,80,329,mate mateIn1 middlegame oneMove,https://lichess.org/tG1FAy6e#69,,True,https://lichess.org/training/qjKUr
wjrfi,8/6Rk/8/6Rp/5p2/7P/2r2rPK/8 b - - 3 51,h7h6 g5g6,1310,75,81,340,endgame mate mateIn1 oneMove rookEndgame,https://lichess.org/IKhwu2HL/black#102,,True,https://lichess.org/training/wjrfi
FU0dw,8/8/pp2pn1k/2p2rRp/5P1R/Pr2B3/4K2P/8 b - - 1 43,f6g4 h4h5,1311,77,78,447,endgame master mate mateIn1 oneMove,https://lichess.org/kvpmTAcN/black#86,,True,https://lichess.org/training/FU0dw
4s9RX,8/pp2b1R1/2n2p1k/5b2/7K/2P1P1RP/PP5r/8 b - - 2 31,f5h3 g3g6,1311,76,82,783,endgame mate mateIn1 oneMove,https://lichess.org/vaeJhzeY/black#62,,True,https://lichess.org/training/4s9RX
gN6px,1k1r3r/R1p2pb1/2p4p/6p1/2N2n2/1Pp2P1P/1P3P1B/R5K1 b - - 1 20,c3c2 a7a8 b8b7 a1a7,1311,76,77,242,mate mateIn2 middlegame queensideAttack short,https://lichess.org/CplWOAqB/black#40,,True,https://lichess.org/training/gN6px
rgYp8,2kr3r/pR1b4/B1p4p/2Ppbp2/P5p1/6P1/4KPP1/1R6 b - - 1 31,d8e8 b7b8 c8c7 b1b7,1311,76,85,427,doubleCheck mate mateIn2 middlegame queensideAttack short,https://lichess.org/yP9Ec8Kg/black#62,,True,https://lichess.org/training/rgYp8
iopeC,3r4/8/p3p1k1/1pP1P2p/1P2KB2/P2r2PP/3p1P2/3R4 w - - 1 34,c5c6 d8d4,1311,77,76,118,endgame mate mateIn1 oneMove,https://lichess.org/aNjZL7W5#67,,True,https://lichess.org/training/iopeC
AcrvC,8/1p6/p2P1k2/2PR4/P7/5p2/4r2r/5KR1 w - - 3 50,d6d7 h2f2,1312,75,96,4277,endgame mate mateIn1 oneMove rookEndgame,https://lichess.org/2VqttN22#99,,True,https://lichess.org/training/AcrvC
35oE9,1r4k1/2R3R1/3N2p1/2K2b1p/3p4/4r3/1P6/8 b - - 4 49,g8f8 c7f7,1312,78,94,6317,endgame mate mateIn1 oneMove,https://lichess.org/Ag1m9qxK/black#98,,True,https://lichess.org/training/35oE9
Ys62e,5rk1/1r3p2/pq2p1p1/8/3pN3/P2N4/1PP4R/1K5R b - - 3 32,f8b8 h2h8 g8g7 h1h7,1312,77,95,18725,mate mateIn2 middlegame short,https://lichess.org/XbYhZFdp/black#64,,True,https://lichess.org/training/Ys62e
Qe1OT,5rk1/r5QR/2p1p3/p3P3/1p1pNq2/3P3P/PP6/6RK b - - 0 33,a7g7 g1g7,1312,78,84,593,endgame master mate mateIn1 oneMove,https://lichess.org/zCjfch56/black#66,,True,https://lichess.org/training/Qe1OT
Pu8xN,1r2R3/4Qkpp/1r3b2/5PP1/p1q2P2/2Pp3P/PP6/4R1K1 b - - 1 34,f6e7 e1e7,1312,78,100,235,endgame mate mateIn1 oneMove,https://lichess.org/ZTOVXTpa/black#68,,True,https://lichess.org/training/Pu8xN
FNBhb,2r5/1b2kp2/5p1p/1P6/4p3/4P3/3p1PBP/R1rK3R w - - 2 36,d1d2 c8c2,1312,75,100,161,endgame mate mateIn1 oneMove,https://lichess.org/RHl64aLR#71,,True,https://lichess.org/training/FNBhb
YTgKK,3r3r/1p1R2p1/p1p1kb1p/2B1p1N1/P3Pn2/8/1PP2PPP/3R2K1 b - - 4 20,h6g5 d1d6,1312,76,88,5283,mate mateIn1 middlegame oneMove,https://lichess.org/62yjl055/black#40,,True,https://lichess.org/training/YTgKK
vk1kS,5r1r/R3R2p/2pk1p1n/3p2p1/3B4/2P3PP/2P2PK1/8 b - - 4 27,h6f5 a7d7,1312,75,100,669,endgame mate mateIn1 oneMove,https://lichess.org/e432NVSf/black#54,,True,https://lichess.org/training/vk1kS
t2lSL,2b2r2/p5k1/1p2p1p1/2p1R2p/2Pp3P/3P3B/PP3r1K/3R1N2 w - - 1 29,h2g3 f8f3,1313,358,43,8,master mate mateIn1 middlegame oneMove,https://lichess.org/7VGGBMHp#57,,True,https://lichess.org/training/t2lSL
zcYqB,7Q/2rk4/8/3K2P1/2r5/8/8/8 w - - 3 73,g5g6 c7c5,1313,76,73,188,endgame mate mateIn1 oneMove queenRookEndgame,https://lichess.org/OW2aMMLK#145,,True,https://lichess.org/training/zcYqB
RMSwX,r2r2k1/pp3pp1/4b3/3pP1pR/8/5B2/PPP5/1K5R b - - 3 24,g7g6 h5h8 g8g7 h1h7,1313,76,80,114,endgame mate mateIn2 short,https://lichess.org/E2QjSJo7/black#48,,True,https://lichess.org/training/RMSwX
6j893,6rk/p2b1p1p/4pp2/1PPp4/P2P4/4RN1n/2B2r1q/1Q1RK3 w - - 0 30,f3h2 g8g1 h2f1 g1f1,1313,74,96,11710,mate mateIn2 middlegame short,https://lichess.org/ZL6Twaw7#59,,True,https://lichess.org/training/6j893
8CbwF,1r4k1/p4ppp/p2p4/3P4/2p1N3/P1P2P2/1r1Q2PP/2K1R1q1 w - - 0 29,e1g1 b2b1 c1c2 b8b2,1313,75,95,12532,endgame mate mateIn2 queensideAttack short,https://lichess.org/HM5me8Ug#57,,True,https://lichess.org/training/8CbwF
gkQ0W,1r6/2R3R1/p1k1p1p1/3pr2p/8/7P/PP4PK/8 b - - 3 34,c6d6 g7d7,1313,88,37,80,endgame mate mateIn1 oneMove rookEndgame,https://lichess.org/siJJa4le/black#68,,True,https://lichess.org/training/gkQ0W
wXLiA,4r1k1/7p/5RpP/2pp2N1/p7/P1PK4/1P2r3/5R2 w - - 0 33,g5h7 e8e3,1314,75,88,911,endgame mate mateIn1 oneMove,https://lichess.org/4eTUzhSX#65,,True,https://lichess.org/training/wXLiA
ORjrw,2r5/2Prp2p/6p1/2Rkpp2/8/2R1K1P1/5P1P/8 b - - 5 42,d5d6 c5c6 d6d5 c3c5,1314,131,87,20,endgame mate mateIn2 rookEndgame short,https://lichess.org/l7SAymNr/black#84,,True,https://lichess.org/training/ORjrw
HEmB9,2r1r3/1b3Rk1/3p2P1/pq2p2p/1p2P2P/P2P4/1P6/1K3R2 b - - 2 34,g7g6 f1f6,1314,150,86,24,endgame master mate mateIn1 oneMove,https://lichess.org/0IUGSyHw/black#68,,True,https://lichess.org/training/HEmB9
5xGl5,6r1/1R3p1p/p1kp2r1/2p5/2n1PP2/2P1B2P/7P/1R5K b - - 0 29,c4e3 b1b6,1315,75,96,2105,endgame mate mateIn1 oneMove,https://lichess.org/pYDwUgzY/black#58,,True,https://lichess.org/training/5xGl5
wUaKs,r3qr1k/p5Rn/2p5/3p1p2/1p3P2/5PQ1/PPP1b1P1/1NK4R b - - 1 26,f8f7 h1h7,1315,162,67,42,kingsideAttack master mate mateIn1 middlegame oneMove,https://lichess.org/uC56SjMG/black#52,,True,https://lichess.org/training/wUaKs
aql2N,6k1/6p1/7p/p7/P3P3/1P1KR3/2r4r/R7 w - - 2 42,a1b1 h2d2,1315,75,96,3976,endgame mate mateIn1 oneMove rookEndgame,https://lichess.org/l3PPTeDd#83,,True,https://lichess.org/training/aql2N
phJiq,8/p7/p3p3/3pP2r/2pPk1rP/2P1R2R/1KP5/8 b - - 2 48,e4f4 h3f3,1315,150,100,10,endgame mate mateIn1 oneMove rookEndgame,https://lichess.org/w1Z6yvWN/black#96,,True,https://lichess.org/training/phJiq
MMhJI,3r4/p4pk1/1p5R/6P1/3r1K2/1P6/P6R/8 w - - 4 46,f4e5 d8d5,1315,75,75,163,endgame mate mateIn1 oneMove rookEndgame,https://lichess.org/Fq5KTCdR#91,,True,https://lichess.org/training/MMhJI
Rb7yu,r3r3/1p3p2/2p1b1p1/p3R2p/5k2/PP3B2/1KP1R1PP/8 b - - 1 23,e6d7 e2e4,1316,75,100,700,endgame master mate mateIn1 oneMove,https://lichess.org/gjQ2Cizb/black#46,,True,https://lichess.org/training/Rb7yu
k2mpX,k6r/pp3p2/2pq1n2/3p3r/P4Qp1/NP2P1P1/2PP1P2/R3R1K1 w - - 3 25,f4d6 h5h1 g1g2 h8h2,1316,76,71,126,kingsideAttack mate mateIn2 middlegame short,https://lichess.org/iPpyJ1du#49,,True,https://lichess.org/training/k2mpX
Jimdr,8/7R/4pK2/5pRb/2r2P1k/4r3/8/8 b - - 23 47,c4f4 h7h5,1316,153,50,14,endgame master mate mateIn1 oneMove,https://lichess.org/xgmYYRG6/black#94,,True,https://lichess.org/training/Jimdr
bmK4v,8/p7/2RR2pr/5pk1/4B1p1/1P2P1Pr/P4P2/6K1 w - - 4 31,e4f5 h3h1 g1g2 h6h2,1316,131,50,19,endgame mate mateIn2 short,https://lichess.org/2UvspsjY#61,,True,https://lichess.org/training/bmK4v
NDeFZ,1k6/ppp5/2n2B2/4PB2/3P4/Q1P5/Prq4r/2KR4 w - - 2 27,f5c2 h2c2,1316,75,89,1200,mate mateIn1 middlegame oneMove,https://lichess.org/RfQy3A76#53,,True,https://lichess.org/training/NDeFZ
5Y1sn,7r/4n1p1/p2b1k2/1p1p1P1r/PP1P4/1B3R2/3B1R2/6K1 w - - 1 33,a4b5 h5h1 g1g2 h8h2,1316,77,83,280,mate mateIn2 middlegame short,https://lichess.org/U9tDQ3we#65,,True,https://lichess.org/training/5Y1sn
IOTN1,5rk1/1p6/p1p5/2Pp2pp/3PP3/PR2P1KP/3B1r2/1R6 w - - 0 33,b3b7 f8f3,1316,75,97,8154,endgame mate mateIn1 oneMove,https://lichess.org/paVbAMP2#65,,True,https://lichess.org/training/IOTN1
uKyLW,8/ppp2R2/3pk2p/3n4/2P5/5RB1/Pr4rP/7K b - - 0 35,d5b6 f3f6,1317,77,54,235,endgame mate mateIn1 oneMove,https://lichess.org/r2jP5hGM/black#70,,True,https://lichess.org/training/uKyLW
iehkK,2kr4/ppp2ppp/b1n5/4p3/1P2P3/N1P2BPP/P2r1K2/R5NR w - - 1 18,f2e3 d8d3,1317,75,86,270,mate mateIn1 middlegame oneMove,https://lichess.org/WVg4A5M2#35,Hungarian_Opening Hungarian_Opening_Other_variations,True,https://lichess.org/training/iehkK
8LdxR,4r3/p4R2/1p4k1/3n3p/1PrNp1pP/4P3/P5P1/5RK1 b - - 0 34,d5e3 f1f6,1317,116,60,69,endgame mate mateIn1 oneMove,https://lichess.org/X6lTEpMv/black#68,,True,https://lichess.org/training/8LdxR
0Dr4F,3r1Rk1/7p/3p2pq/4b3/1pB1P3/1P1P3P/6P1/5R1K b - - 1 32,g8g7 f1f7,1317,75,100,424,endgame mate mateIn1 oneMove,https://lichess.org/t4z6rQCM/black#64,,True,https://lichess.org/training/0Dr4F
wvDsF,8/p1p1R3/2p5/3pRkr1/3P4/5Pq1/PP4P1/6K1 b - - 3 34,f5f4 e7f7 g5f5 f7f5,1317,75,95,19017,endgame mate mateIn2 queenRookEndgame short,https://lichess.org/esOf1Jbe/black#68,,True,https://lichess.org/training/wvDsF
EAYYC,7r/8/3p4/2rP4/1pPK1k2/pR4R1/P6P/8 b - - 4 46,h8h2 b3f3,1317,129,67,29,endgame mate mateIn1 oneMove rookEndgame,https://lichess.org/JSQWO6V6/black#92,,True,https://lichess.org/training/EAYYC
BmChz,r2q3R/5pk1/3p2p1/pppP2P1/8/P4n2/1PPQ1P2/2K4R b - - 0 23,f3d2 h1h7,1318,77,86,233,endgame mate mateIn1 oneMove,https://lichess.org/4xzsvAB0/black#46,,True,https://lichess.org/training/BmChz
XhG3D,8/8/p2r4/7R/KP2ppk1/P3b1r1/4B3/7R b - - 3 43,f4f3 h1h4,1318,84,68,53,endgame master mate mateIn1 oneMove,https://lichess.org/yiVZjyeT/black#86,,True,https://lichess.org/training/XhG3D
IQWWl,1r4k1/p1Q3pp/2p1p3/1r6/2p4P/2q1P3/PP1R2P1/2K4R w - - 0 24,b2c3 b5b1 c1c2 b8b2,1318,76,92,2758,endgame mate mateIn2 queenRookEndgame queensideAttack short,https://lichess.org/BDOlNQIf#47,,True,https://lichess.org/training/IQWWl
14Y9c,8/1Rk2p2/4p3/1R2P3/2p1P3/6p1/3rn1P1/5KBr b - - 0 43,c7c6 b5b6,1318,78,90,6848,endgame master mate mateIn1 oneMove,https://lichess.org/aetOb40N/black#86,,True,https://lichess.org/training/14Y9c
qtLYA,5k2/5p1p/3p2pP/p2P4/P2bPPB1/1R2K3/2r2r2/1R6 w - - 1 47,e3d3 f2d2,1319,84,100,45,endgame mate mateIn1 oneMove,https://lichess.org/hkivfLNb#93,,True,https://lichess.org/training/qtLYA
6bZhi,r5k1/3b1r2/p3p1p1/1p1p1pP1/1q1P1P2/3B2K1/PPPB3R/7R b - - 2 31,b4d2 h2h8 g8g7 h1h7,1319,80,82,870,kingsideAttack mate mateIn2 middlegame short,https://lichess.org/fj2ONIvT/black#62,,True,https://lichess.org/training/6bZhi
xo2I6,6k1/4r1b1/2p3R1/p1Q5/P2q4/1P1P1PRP/2P2PK1/4r3 w - - 1 33,c5c6 d4f2 g2f2 e7e2,1320,77,95,3021,attraction mate mateIn2 middlegame sacrifice short,https://lichess.org/r0t5YPXx#65,,True,https://lichess.org/training/xo2I6
Kdw4y,r5k1/q4r1p/2p3QR/3p2P1/1b1P4/2N2P2/PP1BP3/2K4R b - - 0 31,h7g6 h6h8 g8g7 h1h7,1320,353,54,3,mate mateIn2 middlegame short,https://lichess.org/sak3HtXD/black#62,,True,https://lichess.org/training/Kdw4y
oDN9I,8/2R2ppp/4p3/3kP3/1pR2P2/2n3P1/5r1P/2K5 b - - 16 53,f2h2 c7c5,1320,77,100,191,endgame mate mateIn1 oneMove,https://lichess.org/DN4wHayb/black#106,,True,https://lichess.org/training/oDN9I
WhCeV,2R2R2/p2r1k1p/1p1r2p1/1P3p2/n1p5/2B3P1/5PKP/8 b - - 1 44,f7e7 c8e8,1320,110,100,46,endgame master mate mateIn1 oneMove,https://lichess.org/Zsli5PgA/black#88,,True,https://lichess.org/training/WhCeV
qlvRN,3R4/p3k3/3Rp1p1/1p2P2p/2q1p1p1/6P1/PP6/1K6 b - - 2 35,e4e3 d6d7,1320,77,84,362,endgame mate mateIn1 oneMove queenRookEndgame,https://lichess.org/w1Zk78fs/black#70,,True,https://lichess.org/training/qlvRN
MLpmP,1b4rk/3b2rp/p7/1p3pq1/1P2pN2/P3P2P/2Q1BRP1/3R2K1 w - - 4 44,f4h5 g5g2 f2g2 g7g2 g1f1 g2g1 f1f2 g8g2,1320,76,93,1384,kingsideAttack mate mateIn4 middlegame sacrifice veryLong,https://lichess.org/nfbmwND2#87,,True,https://lichess.org/training/MLpmP
9CsUk,r5k1/5pP1/3pb1p1/2p3P1/2P1P3/1p1Q2N1/rK5R/2R5 w - - 2 36,b2b3 a8a3,1321,77,86,712,master mate mateIn1 middlegame oneMove,https://lichess.org/jmQL0WoC#71,,True,https://lichess.org/training/9CsUk
5IHEt,r6q/1p3k2/3pp2P/6R1/1n1PP3/1PQ1B3/5PB1/rK5R w - - 3 36,b1b2 a8a2,1321,75,94,4060,master mate mateIn1 middlegame oneMove,https://lichess.org/S8qcT4tw#71,,True,https://lichess.org/training/5IHEt
lL010,8/2p2k2/r1B1R3/p1KP4/R7/1P6/P1r5/8 w - - 5 46,c5b5 a6b6 b5a5 c2c5 c6b5 c5b5,1321,74,92,185,endgame long mate mateIn3,https://lichess.org/2DB93KlV#91,,True,https://lichess.org/training/lL010
0RwfH,3r1r1b/7R/1p2pNk1/4P3/1P1nKPp1/8/6P1/7R b - - 5 47,h8f6 h1h6,1321,87,33,67,endgame master mate mateIn1 oneMove,https://lichess.org/j6K84pOM/black#94,,True,https://lichess.org/training/0RwfH
l2GYK,8/6p1/1nR2p1p/1r1k4/1B1pp3/6P1/4KPP1/2R5 b - - 0 39,b5b4 c1c5,1322,78,83,587,endgame master mate mateIn1 oneMove,https://lichess.org/Ey7A2UZi/black#78,,True,https://lichess.org/training/l2GYK
VWWqV,3r3k/pp3prQ/2pq1p2/5P1R/4p3/3P3R/PP4PP/7K b - - 0 30,g7h7 h5h7 h8g8 h7h8 g8g7 h3h7,1322,75,97,1408,endgame exposedKing long mate mateIn3 queenRookEndgame,https://lichess.org/kDMvzy8S/black#60,,True,https://lichess.org/training/VWWqV
2wFnY,8/p6p/2k1Kp2/8/1R1R4/5rr1/8/8 b - - 5 44,c6c5 d4c4,1322,76,89,872,endgame mate mateIn1 oneMove rookEndgame,https://lichess.org/XkKI6juV/black#88,,True,https://lichess.org/training/2wFnY
UrZFP,2k3r1/pbp2p2/1p6/3n3p/P2PpP1P/1P2P1rq/2QBB3/2R2K1R w - - 1 27,h1h3 g3g1 f1f2 g8g2,1322,75,92,738,mate mateIn2 middlegame short,https://lichess.org/BnHS2T9w#53,,True,https://lichess.org/training/UrZFP
0z2GW,8/8/3Rp3/5Pp1/3R4/5P1k/5K2/4r2r w - - 1 44,d6e6 h1f1,1323,75,93,5065,endgame mate mateIn1 oneMove rookEndgame,https://lichess.org/FDQwXHsn#87,,True,https://lichess.org/training/0z2GW
pYIJ3,2r3k1/5p1R/4p1p1/pp1pP3/3P2q1/3n4/P6R/4QK2 b - - 0 40,d3e1 h7h8 g8g7 h2h7,1323,179,-80,8,endgame mate mateIn2 short,https://lichess.org/IQ6keNRE/black#80,,True,https://lichess.org/training/pYIJ3
6RUUH,1r4k1/p4ppp/br1p4/2pP4/Q1p1PP2/2q3PP/PP1R4/2K4R w - - 0 26,b2c3 b6b1 c1c2 b8b2,1323,80,91,42,endgame mate mateIn2 queensideAttack short,https://lichess.org/eq6RVKJm#51,,True,https://lichess.org/training/6RUUH
b05L3,2r1r3/pp3p2/3Rk3/4P1pp/8/5KP1/PP3P1P/3R4 b - - 3 25,e6e5 d1d5,1323,75,91,911,endgame mate mateIn1 oneMove rookEndgame,https://lichess.org/IsoThmIg/black#50,,True,https://lichess.org/training/b05L3
ORk3R,6r1/p2kR2p/1pp2p1n/8/N1Pp4/3P2r1/PP4P1/4R2K b - - 1 31,d7d6 e1e6,1324,111,55,72,endgame mate mateIn1 oneMove,https://lichess.org/ijJsZX59/black#62,,True,https://lichess.org/training/ORk3R
Gf6b0,3r2k1/p3pp1p/b1p3p1/8/4PP2/1PN3P1/P2r1K1P/3RR3 w - - 5 23,f2e3 d8d3,1324,76,94,5189,endgame master mate mateIn1 oneMove,https://lichess.org/YSMYFZO1#45,,True,https://lichess.org/training/Gf6b0
hMxl4,8/5p2/7R/4k2P/p7/1rPK2r1/R7/8 w - - 1 47,d3c4 g3c3,1324,76,97,2451,endgame master mate mateIn1 oneMove rookEndgame,https://lichess.org/V3iBcp03#93,,True,https://lichess.org/training/hMxl4
eX8Rq,r5rk/pp1bq1bp/3p1pR1/2pPnP1Q/2P1PNR1/7P/PPB5/7K b - - 8 27,d7e8 h5h7 h8h7 g4h4 g7h6 h4h6,1324,75,86,875,attraction kingsideAttack long mate mateIn3 middlegame sacrifice,https://lichess.org/RE8oOX1p/black#54,,True,https://lichess.org/training/eX8Rq
lnAD9,6k1/p7/1p6/2p4p/2P2r1P/3QP3/P1P2rK1/8 w - - 2 42,g2g3 f4f3,1324,75,91,178,endgame master mate mateIn1 oneMove queenRookEndgame,https://lichess.org/Zd52C61X#83,,True,https://lichess.org/training/lnAD9
cfuJw,8/p1p2kpp/2R2p2/8/5B2/1P4bP/P1P1r2r/5RK1 w - - 7 26,f4g3 e2g2,1324,132,69,70,endgame mate mateIn1 oneMove,https://lichess.org/rcItDDRK#51,,True,https://lichess.org/training/cfuJw
cZl3G,2Rk3r/1p2p2p/1r2p1p1/p7/n7/N4PB1/Pb1K3P/2R5 b - - 13 29,d8d7 c1c7,1324,107,56,28,mate mateIn1 middlegame oneMove,https://lichess.org/6I7qPHQ4/black#58,,True,https://lichess.org/training/cZl3G
9OHgU,2R5/p4rpk/5p2/1p3P1p/3rP2R/P6P/1P6/7K b - - 3 35,h7h6 c8h8 h6g5 h8h5,1325,90,64,42,endgame mate mateIn2 rookEndgame short,https://lichess.org/632mitOB/black#70,,True,https://lichess.org/training/9OHgU
RkxRy,3Q4/5kpp/4p3/3p3P/1P1r1PR1/8/3rK3/7R w - - 1 43,e2e3 d4d3,1325,75,93,389,endgame mate mateIn1 oneMove queenRookEndgame,https://lichess.org/yeDExfOd#85,,True,https://lichess.org/training/RkxRy
DmE9v,3r1k2/1p4pp/2p1R3/p1P2P2/2K3PP/3r4/PP6/4R3 w - - 0 33,a2a4 d8d4,1325,77,84,306,endgame mate mateIn1 oneMove rookEndgame,https://lichess.org/5QpuDYU0#65,,True,https://lichess.org/training/DmE9v
XQtHN,3q2k1/2p2r1p/r2p2Q1/p2Pp1P1/1p2P3/5Pn1/PPP4R/2K3NR b - - 0 22,h7g6 h2h8 g8g7 h1h7,1325,74,93,5548,kingsideAttack mate mateIn2 middlegame short,https://lichess.org/o8d3BsYq/black#44,,True,https://lichess.org/training/XQtHN
x85si,6k1/4Ppp1/7p/1p6/3B1P2/5bP1/6rr/1Q2R1K1 w - - 2 34,g1f1 h2h1 d4g1 h1g1,1325,76,69,126,endgame mate mateIn2 short,https://lichess.org/x5sN0P6R#67,,True,https://lichess.org/training/x85si
C2xUN,7r/p1p3k1/3q2pr/5p2/5Np1/2P1P1P1/PPQ2P2/R2R2K1 w - - 7 29,d1d6 h6h1 g1g2 h8h2,1326,75,97,11069,endgame mate mateIn2 short,https://lichess.org/gcznFc1U#57,,True,https://lichess.org/training/C2xUN
MAs8o,7r/8/8/3pk3/P1P3R1/6p1/6Kr/R2N4 w - - 4 41,g2g3 h8h3,1326,121,63,76,endgame mate mateIn1 oneMove,https://lichess.org/jMB9ysWH#81,,True,https://lichess.org/training/MAs8o
crIxk,8/pppk2p1/3p1p2/2PN2p1/2n1r1b1/2Q5/PPP3Pr/R3KR2 w Q - 0 20,e1f2 e4e2 f2g3 e2g2,1326,75,97,984,mate mateIn2 middlegame short,https://lichess.org/7BGg7f03#39,,True,https://lichess.org/training/crIxk
XFvV9,2r5/8/RkPp3p/1P2b1p1/2b1Pp2/2P5/3K2PP/R7 b - - 6 36,b6b5 a1a5,1327,81,75,553,endgame mate mateIn1 oneMove,https://lichess.org/a9JxSnph/black#72,,True,https://lichess.org/training/XFvV9
3pqR2,6r1/pQ6/4pk2/3p1p2/3P1K1N/1P2P1r1/P7/8 w - - 1 33,h4f5 g8g4,1327,75,100,427,endgame mate mateIn1 oneMove,https://lichess.org/SlbFv8uT#65,,True,https://lichess.org/training/3pqR2
gZ6eu,r5kQ/2qb1p1p/4p1p1/3p2P1/5P2/2N1P3/Pp4PR/1K5R b - - 0 27,g8h8 h2h7 h8g8 h7h8 g8g7 h1h7,1327,83,100,131,endgame long mate mateIn3,https://lichess.org/BdWzaGmD/black#54,,True,https://lichess.org/training/gZ6eu
B8jKS,8/p4B2/1k3pP1/p4N1p/4p1rP/1P2P3/6r1/R4K2 w - - 4 48,g6g7 g2g1 f1f2 g4g2,1327,133,77,40,endgame mate mateIn2 short,https://lichess.org/4jnW3xuS#95,,True,https://lichess.org/training/B8jKS
LpXQr,7k/p1pp3p/1p2P1pr/4P2r/2P2p2/1P1Q1P2/P4PRq/3R3K w - - 0 26,g2h2 h5h2 h1g1 h2h1 g1g2 h6h2,1328,77,78,178,endgame exposedKing kingsideAttack long mate mateIn3 queenRookEndgame,https://lichess.org/RYTYLr1D#51,,True,https://lichess.org/training/LpXQr
CFw4X,8/pp2kR2/2p5/8/3P4/P1N1P1p1/1Pq4r/4KR2 b - - 2 44,e7e6 f1f6,1328,259,50,36,endgame mate mateIn1 oneMove,https://lichess.org/PKVatZE2/black#88,,True,https://lichess.org/training/CFw4X
XxHD7,7r/2P2pk1/1R6/P2p4/3P4/2P2RPr/5P2/6K1 w - - 1 35,c7c8q h3h1 g1g2 h8h2,1328,76,17,131,endgame mate mateIn2 queenRookEndgame short,https://lichess.org/e39cR896#69,,True,https://lichess.org/training/XxHD7
5DZYc,3r4/p3k2p/1p3p2/P3n1p1/2b1P3/4KP1P/3rB1P1/R1RN4 w - - 0 28,e2c4 e5c4 c1c4 d8d3,1328,74,92,1363,mate mateIn2 middlegame short,https://lichess.org/llHANoKp#55,,True,https://lichess.org/training/5DZYc
OegoV,2k4r/1p3p2/2n2n1r/1B1p2p1/3Pp3/1QP1N1q1/P4R1P/R5K1 w - - 0 28,h2g3 h6h1 g1g2 h8h2,1328,75,98,1902,kingsideAttack mate mateIn2 middlegame short,https://lichess.org/ITNAE7HG#55,,True,https://lichess.org/training/OegoV
LtQeg,R1krr3/2b2pp1/1p6/1Pp4p/R7/7P/3B1PP1/6K1 b - - 6 31,c8b7 a4a7,1329,75,69,147,endgame mate mateIn1 oneMove,https://lichess.org/1GKlUmwA/black#62,,True,https://lichess.org/training/LtQeg
KzYNB,4r3/R4R2/2prk3/1p2p1pp/4P3/3P3P/2P3P1/7K b - - 0 36,e8a8 a7e7,1329,77,75,126,endgame mate mateIn1 oneMove rookEndgame,https://lichess.org/BO5f5rvV/black#72,,True,https://lichess.org/training/KzYNB
u7YgE,3r4/4R3/3PRkp1/7p/1r1b1P2/7P/Bpp3P1/7K b - - 1 42,f6f5 e7f7 d4f6 f7f6,1330,74,94,2228,endgame mate mateIn2 short,https://lichess.org/WetwHQQS/black#84,,True,https://lichess.org/training/u7YgE
E1mzi,1r4k1/1r4p1/2p3Q1/3p1P1p/p3p3/P1q4P/1P1R2P1/2K2R2 w - - 0 25,b2c3 b7b1 c1c2 b8b2,1330,77,73,143,endgame mate mateIn2 queenRookEndgame queensideAttack short,https://lichess.org/s1dusoEt#49,,True,https://lichess.org/training/E1mzi
qSjAf,2r1k3/p1R1R3/1p2p2p/4P3/1r6/8/7P/6K1 b - - 2 31,e8d8 c7d7,1330,77,92,1459,endgame mate mateIn1 oneMove rookEndgame,https://lichess.org/3k0xaOEM/black#62,,True,https://lichess.org/training/qSjAf
RkA5n,2r4r/p5pp/1p2p3/2b5/k1N1nP2/1R6/2K1P2P/1R6 b - - 7 30,e4d6 b1a1 c5a3 a1a3,1330,73,93,11634,mate mateIn2 middlegame short,https://lichess.org/FpVDShEE/black#60,,True,https://lichess.org/training/RkA5n
GUdi2,2r5/5kN1/3P4/1P1KP3/2r5/1p4P1/7P/1R6 w - - 1 38,g7f5 c8c5,1330,76,88,406,endgame master mate mateIn1 oneMove,https://lichess.org/9QdXnO2O#75,,True,https://lichess.org/training/GUdi2
ais4I,3r2kQ/pp4b1/2n2rp1/3q1pN1/4pp2/2Pp4/PP1B2PR/1K5R b - - 1 24,g7h8 h2h8 g8g7 h1h7,1330,76,87,575,kingsideAttack mate mateIn2 middlegame short,https://lichess.org/phO9MWXM/black#48,,True,https://lichess.org/training/ais4I
9XHT1,8/pprR1k1p/5p2/7P/P4KP1/1P1R4/8/2r5 b - - 2 37,f7e6 d3d6,1331,77,91,1639,endgame mate mateIn1 oneMove rookEndgame,https://lichess.org/KjPcyqBQ/black#74,,True,https://lichess.org/training/9XHT1
6QCEY,4r3/p2Rrp1p/1p4p1/2pRk3/P7/1P2P2P/5PP1/6K1 b - - 4 29,e5e6 d7d6,1331,76,91,1574,endgame mate mateIn1 oneMove rookEndgame,https://lichess.org/PGAPqZsc/black#58,,True,https://lichess.org/training/6QCEY
qvBAt,8/pp3R2/7p/4p1pk/4P3/2q2R1K/P5P1/8 b - - 1 40,c3c4 g2g4 h5g6 f3f6,1331,76,68,469,endgame mate mateIn2 queenRookEndgame short,https://lichess.org/bWTCuesE/black#80,,True,https://lichess.org/training/qvBAt
drbzT,r1b2r2/1p2p2R/p2p2k1/6p1/3N4/8/1PP2PP1/2K4R b - - 1 22,f8f7 h1h6,1331,75,99,1458,endgame mate mateIn1 oneMove,https://lichess.org/9yAa9TiZ/black#44,,True,https://lichess.org/training/drbzT
DJwVr,r5k1/2p2r1p/3pb1B1/1p2p1P1/p7/2P5/PP3PPR/2K4R b - - 0 25,h7g6 h2h8 g8g7 h1h7,1331,77,96,16387,endgame mate mateIn2 short,https://lichess.org/utKvOGFY/black#50,,True,https://lichess.org/training/DJwVr
Ze1qD,2r3k1/4pp1R/2rp1Pp1/pp2b1P1/4P3/1P2B3/P1P5/1K5R b - - 0 28,e7f6 h7h8 g8g7 h1h7,1331,86,87,26,endgame master mate mateIn2 short,https://lichess.org/oCNQadZZ/black#56,,True,https://lichess.org/training/Ze1qD
gHVnJ,8/RR3pk1/6p1/2K4p/1p3P2/6P1/P2r1r2/8 b - - 7 47,g7f6 b7f7 f6e6 a7e7,1331,76,97,11513,endgame mate mateIn2 rookEndgame short,https://lichess.org/HDAxoRAt/black#94,,True,https://lichess.org/training/gHVnJ
wlgwI,r1r5/2k3pp/p2RN3/1p6/1Bp5/8/1q3PPP/R5K1 b - - 3 25,c7b8 d6b6 b8a7 a1a6,1331,76,96,8684,mate mateIn2 middlegame short,https://lichess.org/77F0kdT8/black#50,,True,https://lichess.org/training/wlgwI
cD3dc,r6r/1R3p2/p1kb1n1p/2p1n1p1/2P5/P1NP2P1/3BPP1P/1R4K1 b - - 4 21,h8b8 b1b6,1331,76,92,4194,master mate mateIn1 middlegame oneMove,https://lichess.org/TsKPPf7o/black#42,,True,https://lichess.org/training/cD3dc
hD0lk,8/1prR1k2/6pp/1P3p2/2r2P2/7P/6P1/3R2K1 b - - 2 36,f7e6 d1d6,1331,76,93,1822,endgame mate mateIn1 oneMove rookEndgame,https://lichess.org/j7RNrr9j/black#72,,True,https://lichess.org/training/hD0lk
t2a3U,3R3r/p3nk2/2p3p1/4p3/2P1Pp2/1P3P2/P3NP2/3R2Kr w - - 9 28,g1g2 h8h2,1331,79,80,216,endgame mate mateIn1 oneMove,https://lichess.org/ZionnahN#55,,True,https://lichess.org/training/t2a3U
vpxqc,8/8/1P6/8/8/P3R3/3K1kp1/4Rr2 b - - 5 54,g2g1q e1e2,1332,75,91,7450,endgame mate mateIn1 oneMove queenRookEndgame,https://lichess.org/RHPYmtmj/black#108,,True,https://lichess.org/training/vpxqc
Xebwu,2k2r2/ppp1n3/2n5/3p4/3P4/2NB4/PPP1Kr2/R3R3 w - - 0 25,e2e3 f8f3,1332,75,97,13389,mate mateIn1 middlegame oneMove,https://lichess.org/GqSHOZiG#49,,True,https://lichess.org/training/Xebwu
GhUVf,r6k/7p/8/4pp2/1p1p3P/rq1P2P1/P1R3Q1/1K2R3 w - - 0 33,a2b3 a3a1 b1b2 a8a2,1332,94,67,38,endgame master mate mateIn2 queenRookEndgame short,https://lichess.org/OAQI4LjK#65,,True,https://lichess.org/training/GhUVf
ue8oB,8/4r1k1/8/7p/1QPP1P2/1PR2KPP/P1n1r3/8 w - - 2 48,c3c2 e7e3,1332,102,50,33,endgame mate mateIn1 oneMove queenRookEndgame,https://lichess.org/2Gk6GU9K#95,,True,https://lichess.org/training/ue8oB
gyxym,r2q2k1/pp3r1p/2p1b1Q1/3pP3/5PpR/P1N1P3/1P4P1/2K4R b - - 0 21,h7g6 h4h8 g8g7 h1h7,1333,76,91,1319,kingsideAttack mate mateIn2 middlegame short,https://lichess.org/jyv3dynI/black#42,,True,https://lichess.org/training/gyxym
wr3QN,8/r2nR3/3p1kp1/3r4/5PP1/8/8/4R1K1 b - - 0 46,a7b7 e1e6,1333,77,84,787,endgame mate mateIn1 oneMove,https://lichess.org/gxyv9Njo/black#92,,True,https://lichess.org/training/wr3QN
3S1Bv,2k4r/ppp5/5qp1/3Pn2r/4pQ2/2P3P1/PP3P2/3RR1K1 w - - 0 24,f4f6 h5h1 g1g2 h8h2,1333,76,86,1371,endgame master mate mateIn2 short,https://lichess.org/ACwh4U0X#47,,True,https://lichess.org/training/3S1Bv
G2i0m,7r/pp1n1kp1/2p1p1p1/5pP1/1PPPp3/4P1qr/P2B1R1P/2RQ2K1 w - - 0 24,h2g3 h3h1 g1g2 h8h2,1333,104,83,37,kingsideAttack mate mateIn2 middlegame short,https://lichess.org/OHYrZ5BA#47,,True,https://lichess.org/training/G2i0m
hIh0f,7R/p4rp1/4p1k1/3pP3/2p4R/7P/5PPK/2r5 b - - 7 35,c1e1 h4g4 g6f5 h8h5 g7g5 h5g5,1334,76,81,202,endgame exposedKing long mate mateIn3 rookEndgame,https://lichess.org/uR7amBiE/black#70,,True,https://lichess.org/training/hIh0f
gwstA,2R5/5r1k/2NR4/p7/5rK1/8/PP5P/8 w - - 4 52,g4g5 f7f5,1334,75,100,294,endgame mate mateIn1 oneMove,https://lichess.org/Hr31QbR5#103,,True,https://lichess.org/training/gwstA
nhpuW,7r/p3kp2/1p5r/2p1p3/1PR5/P2P1pP1/4PP2/2R3K1 w - - 0 26,e2f3 h6h1 g1g2 h8h2,1334,85,86,38,endgame mate mateIn2 rookEndgame short,https://lichess.org/goGFJXXd#51,,True,https://lichess.org/training/nhpuW
8ffcW,7k/7p/4bpp1/2R5/P3PK2/2N2P2/1P1r2rP/2R5 w - - 0 39,c3d5 g6g5 f4e3 g2e2,1336,77,72,509,endgame mate mateIn2 short,https://lichess.org/3iOwSx2T#77,,True,https://lichess.org/training/8ffcW
OTnEf,6k1/6p1/1Bp2p1p/2Pp4/6PP/3Q4/r5r1/4R1K1 w - - 3 36,g1f1 a2f2,1336,111,74,22,endgame mate mateIn1 oneMove,https://lichess.org/jW82wVLX#71,,True,https://lichess.org/training/OTnEf
r4NUu,2Q1R3/p5pk/8/6Pp/3r2rP/1P1q1K2/P4P2/6R1 w - - 1 39,e8e3 d4f4,1336,75,87,722,endgame mate mateIn1 oneMove,https://lichess.org/znjcNceE#77,,True,https://lichess.org/training/r4NUu
5hcmT,6R1/5p1k/2p5/1p1b2R1/7p/PP2B3/2PPr2r/2K5 b - - 1 37,f7f6 g5g7,1336,76,96,13791,endgame mate mateIn1 oneMove,https://lichess.org/kUGcIEn4/black#74,,True,https://lichess.org/training/5hcmT
VeWm5,6r1/p1P2R2/2R5/5n2/B3pk2/P5rP/1P4P1/6K1 w - - 1 33,c7c8q g3g2 g1f1 g2g1 f1f2 g8g2,1336,75,100,300,long mate mateIn3 middlegame,https://lichess.org/BEg7zXbh#65,,True,https://lichess.org/training/VeWm5
SBMUv,5rk1/4R1p1/1p5p/p1pP2n1/P1P4N/2P1Q1P1/5qKP/4Rr2 w - - 7 30,e3f2 f8f2,1336,77,87,2470,mate mateIn1 middlegame oneMove,https://lichess.org/MzLpo4kQ#59,,True,https://lichess.org/training/SBMUv
FdRPx,4r3/1R3k2/p3bP1R/1pq5/2p5/4PK2/8/8 b - - 6 45,f7g8 b7g7 g8f8 h6h8 e6g8 h8g8,1337,77,94,9007,endgame exposedKing long mate mateIn3,https://lichess.org/2kD1BK1T/black#90,,True,https://lichess.org/training/FdRPx
nObM7,r1b2r2/pppp2q1/5n2/8/2B1k3/1P1R2P1/P1P4P/4KR2 b - - 0 22,d7d6 f1f4 e4e5 d3e3 f6e4 e3e4,1337,75,87,837,long mate mateIn3 middlegame,https://lichess.org/iqgHytRN/black#44,,True,https://lichess.org/training/nObM7
9EMJ8,8/7p/2R1N1pk/8/3bP3/6P1/5r1P/1r3BK1 w - - 2 34,e6d4 b1f1,1337,79,85,108,endgame master mate mateIn1 oneMove,https://lichess.org/7EcbDifV#67,,True,https://lichess.org/training/9EMJ8
9hwLN,3rk3/2R2Rpp/p4b2/1p1rp3/4N3/4P1P1/4KP1P/8 b - - 3 31,b5b4 e4f6 g7f6 c7e7,1337,74,80,740,endgame mate mateIn2 short,https://lichess.org/EPbxN3Ks/black#62,,True,https://lichess.org/training/9hwLN
OoeVy,8/B7/8/1p6/4k3/P4R1R/1Kr3r1/8 w - - 0 48,b2b3 c2b2 b3c3 g2c2,1338,74,72,216,endgame mate mateIn2 short,https://lichess.org/6WqSL74c#95,,True,https://lichess.org/training/OoeVy
nx4VS,8/b1Rk1p1p/4p2p/P2pr3/4r3/8/5PPP/2R3K1 b - - 3 25,d7d6 c1c6,1338,195,62,31,endgame mate mateIn1 oneMove,https://lichess.org/efEdGyYd/black#50,,True,https://lichess.org/training/nx4VS
gnDJQ,2k4r/pp3pp1/2p5/4n1qr/5R1P/2P3P1/PPQ2P2/R5K1 w - - 0 25,h4g5 h5h1 g1g2 h8h2,1338,75,81,461,endgame mate mateIn2 short,https://lichess.org/PogGjL37#49,,True,https://lichess.org/training/gnDJQ
WGHs4,3rR1k1/pp4p1/5rp1/8/2pp1q2/7Q/PPP4P/4R1K1 b - - 3 28,g8f7 e1e7,1338,77,86,1159,endgame master mate mateIn1 oneMove,https://lichess.org/sAulldOF/black#56,,True,https://lichess.org/training/WGHs4
IreA4,4r3/1p1k4/3P2p1/p6p/2PR1P2/1P3KP1/P3r2P/3R4 w - - 3 34,d1d2 e8e3,1338,74,97,7239,endgame master mate mateIn1 oneMove rookEndgame,https://lichess.org/oaIKOoDp#67,,True,https://lichess.org/training/IreA4
qT1nw,4r2k/1p4pp/p7/5QR1/1n1p3P/1P1P4/PBr2P2/1K1RqB2 w - - 1 27,d1e1 e8e1 b2c1 e1c1,1338,86,94,31,fork mate mateIn2 middlegame short,https://lichess.org/Y7sZqqlj#53,,True,https://lichess.org/training/qT1nw
HbJbC,8/8/8/p7/3kp3/P3R2P/r5r1/4R1K1 w - - 4 53,g1f1 a2f2,1339,78,67,127,endgame mate mateIn1 oneMove rookEndgame,https://lichess.org/EebD5dl5#105,,True,https://lichess.org/training/HbJbC
QJ3ol,5r2/ppp3p1/6k1/8/2B3K1/2PP1r2/P1P2P1R/R7 w - - 1 27,c4d5 f8f4,1339,75,100,214,endgame mate mateIn1 oneMove,https://lichess.org/eaKYpdHd#53,,True,https://lichess.org/training/QJ3ol
NqL2h,2k4r/ppp2pp1/1b5r/8/3PQ3/2P2Pq1/PP3R1P/R5K1 w - - 0 25,h2g3 h6h1 g1g2 h8h2,1339,76,85,274,endgame mate mateIn2 short,https://lichess.org/qFk7YeWB#49,,True,https://lichess.org/training/NqL2h
a1kVX,4r3/2p3k1/1pNp1p2/pP1P1P2/P1P2KB1/4r2P/8/R7 w - - 0 38,a1g1 e8e4,1339,102,73,109,endgame mate mateIn1 oneMove,https://lichess.org/gMA7O5pm#75,,True,https://lichess.org/training/a1kVX
RTM5n,1r4k1/3npp2/q2p2p1/3P2Pp/n1BQPP1P/2P3R1/1r6/K1NR4 w - - 1 31,c4a6 b2b1 a1a2 b8b2 a2a3 b1a1 c1a2 a1a2,1339,77,98,4277,exposedKing master mate mateIn4 middlegame veryLong,https://lichess.org/g5IVCWAN#61,,True,https://lichess.org/training/RTM5n
w0lXZ,7r/1pp1k3/p2p1pp1/1P1P2b1/P1P1P1P1/3R1B2/6Kr/5R2 w - - 3 32,g2g3 h8h3,1340,78,74,61,endgame mate mateIn1 oneMove,https://lichess.org/qhNnaEGd#63,,True,https://lichess.org/training/w0lXZ
FBrkF,5R2/p5P1/7p/3Nk2P/4n3/P3P3/4r2r/3RK3 w - - 1 37,e1f1 e4g3 f1g1 e2g2,1340,196,100,30,endgame mate mateIn2 short,https://lichess.org/i4pewuzc#73,,True,https://lichess.org/training/FBrkF
EgOtp,8/8/p5PR/4B3/4PP2/P2K1k2/1Pr3r1/8 w - - 1 40,g6g7 g2d2,1340,78,86,243,endgame mate mateIn1 oneMove,https://lichess.org/T63mqmys#79,,True,https://lichess.org/training/EgOtp
qO8dk,5r2/6R1/2p5/pp5P/1n2R3/1PK4k/r3Np2/8 b - - 7 39,f2f1q g7g3 h3h2 e4h4 f1h3 h4h3,1340,76,96,22781,long mate mateIn3 middlegame,https://lichess.org/bd0zOO76/black#78,,True,https://lichess.org/training/qO8dk
IGNy0,8/3R1p1p/1pk2p2/p1p2P2/P7/1P6/5rrP/3RK3 b - - 3 33,f2f5 d1d6,1340,76,69,112,endgame mate mateIn1 oneMove rookEndgame,https://lichess.org/uNKldJd4/black#66,,True,https://lichess.org/training/IGNy0
vG7gc,8/7r/3P4/4k3/6P1/3R2K1/7r/3R4 w - - 0 63,d6d7 h7h3,1340,74,100,1113,endgame mate mateIn1 oneMove rookEndgame,https://lichess.org/tRjUsAFV#125,,True,https://lichess.org/training/vG7gc
kcvCH,8/p7/1bR2R2/4k2p/2K5/Pr6/8/8 b - - 6 44,b3a3 c6e6,1341,75,97,2025,endgame mate mateIn1 oneMove,https://lichess.org/GJgPZgnt/black#88,,True,https://lichess.org/training/kcvCH
xEXt6,2k2r2/1p1r4/QRpp4/P3pqp1/7p/2P1B3/2P2PPP/1R4K1 b - - 0 22,b7a6 b6b8 c8c7 b1b7,1341,75,97,9348,endgame mate mateIn2 queensideAttack short,https://lichess.org/GFyi91NC/black#44,,True,https://lichess.org/training/xEXt6
YfidG,5k2/7R/2p3p1/3p4/3B2Pb/2P2P1r/PP4Kr/5R2 w - - 1 42,g2g1 h2h1 g1g2 h3h2,1341,77,92,1771,endgame mate mateIn2 short,https://lichess.org/r2hHYqY2#83,,True,https://lichess.org/training/YfidG
FS9hz,5rk1/2Q3p1/4p3/4P1P1/P3K3/5r2/8/8 w - - 0 45,a4a5 f8f4,1341,77,75,284,endgame mate mateIn1 oneMove queenRookEndgame,https://lichess.org/LCOoTsU3#89,,True,https://lichess.org/training/FS9hz
bqq1G,4k1r1/4R1R1/6r1/2ppp3/8/8/1PP5/2K5 b - - 7 41,e8f8 g7f7,1342,100,53,54,endgame master masterVsMaster mate mateIn1 oneMove rookEndgame,https://lichess.org/OAFVmh2m/black#82,,True,https://lichess.org/training/bqq1G
fYd2Q,4r1k1/ppp2b1p/3p1R2/8/8/P1P2RP1/5KPP/4r3 w - - 0 25,f6f7 e8e2,1342,100,77,29,endgame mate mateIn1 oneMove rookEndgame,https://lichess.org/xq7z9mOt#49,,True,https://lichess.org/training/fYd2Q
nLq8g,4rkR1/p7/1p2p1R1/2p1P3/1n6/2N2P2/PP3r2/K7 b - - 1 27,f8f7 g6g7,1343,75,87,339,endgame mate mateIn1 oneMove,https://lichess.org/FNGhuA6u/black#54,,True,https://lichess.org/training/nLq8g
VrlMX,r4r2/4Rpp1/p2k2P1/1p1p4/2pP4/P1P5/1P1K1P2/4R3 b - - 0 26,f7g6 e1e6,1343,146,80,45,endgame mate mateIn1 oneMove rookEndgame,https://lichess.org/XmE3vmjY/black#52,,True,https://lichess.org/training/VrlMX
WsEOP,1k5r/1pp3pr/p4p2/P3nQ2/6q1/6PP/1P3P2/1R4K1 w - - 0 31,h3g4 h7h1 g1g2 h8h2,1343,75,92,2019,endgame mate mateIn2 short,https://lichess.org/WnnZgMqk#61,,True,https://lichess.org/training/WsEOP
znVLi,4R1R1/7k/p3K1p1/1p1r3p/1P3r2/2P5/1P6/8 b - - 1 54,d5f5 g8h8 h7g7 e8g8,1343,75,93,407,endgame mate mateIn2 rookEndgame short,https://lichess.org/UdApZfzi/black#108,,True,https://lichess.org/training/znVLi
vkgqn,8/4R1k1/8/2pr2p1/3bRpK1/8/8/8 b - - 4 44,g7f6 e4e6,1343,75,89,370,endgame mate mateIn1 oneMove,https://lichess.org/ZIXJssed/black#88,,True,https://lichess.org/training/vkgqn
Hms6u,8/3PN3/1RP3p1/k3p1p1/P3P1P1/4KP2/3r3r/8 w - - 3 55,d7d8q h2e2,1343,75,94,9497,endgame master mate mateIn1 oneMove,https://lichess.org/wFELHxhn#109,,True,https://lichess.org/training/Hms6u
twgja,1k5r/1pp1Np2/p3bq1r/2p3p1/3PP1p1/2P1Q1P1/PP3R1P/R6K w - - 0 27,f2f6 h6h2 h1g1 h2h1 g1g2 h8h2,1344,104,85,62,kingsideAttack long mate mateIn3 middlegame,https://lichess.org/tqZM16Lg#53,,True,https://lichess.org/training/twgja
aL0Wj,8/pBp4p/1p1p1kp1/2P5/1P3PKP/P5R1/4r2r/1R6 w - - 1 35,c5d6 h7h5 g4f3 h2f2,1344,75,88,479,endgame mate mateIn2 short,https://lichess.org/WNistrVK#69,,True,https://lichess.org/training/aL0Wj
K1I4x,7r/bpp1kppr/p7/P7/4PNp1/2N1B1P1/1P3P2/R4RK1 w - - 5 23,f1d1 h7h1 g1g2 h8h2,1344,76,71,445,kingsideAttack mate mateIn2 middlegame short,https://lichess.org/0TxfERoS#45,,True,https://lichess.org/training/K1I4x
kEJZG,3r4/p3kppp/4p3/2p1P3/1P2KPP1/1n1rB2P/2R1R3/8 w - - 0 32,e3c5 b3c5 b4c5 d8d4,1344,75,93,542,endgame mate mateIn2 short,https://lichess.org/mEbqsACT#63,,True,https://lichess.org/training/kEJZG
tv0Ve,1K6/1R5R/5pk1/1p3qp1/2p4p/8/8/8 b - - 1 51,c4c3 b7g7,1344,102,81,61,endgame mate mateIn1 oneMove queenRookEndgame,https://lichess.org/PA0S2NxN/black#102,,True,https://lichess.org/training/tv0Ve
WNLdr,3r4/1p2nRk1/1p6/pP5p/r3P2P/3P4/3K4/5R2 b - - 3 44,g7g6 f1f6,1345,77,85,346,endgame mate mateIn1 oneMove,https://lichess.org/mcMNnZMZ/black#88,,True,https://lichess.org/training/WNLdr
3fOak,2R1k2r/4bppp/pB2p3/3pPq2/5n2/P7/1P2N1PP/2R3K1 b - - 3 26,e8d7 c1c7,1345,82,93,9091,mate mateIn1 middlegame oneMove,https://lichess.org/FqIR76ZP/black#52,,True,https://lichess.org/training/3fOak
sGiei,8/5k1r/2p2B2/1p1bP1K1/7r/P1RR4/8/8 w - - 2 47,d3d5 h7h5,1345,76,89,873,endgame mate mateIn1 oneMove,https://lichess.org/R7tb7asQ#93,,True,https://lichess.org/training/sGiei
NJ3w9,7k/2p3r1/4p3/pN2P2p/P1B2b1P/1P3R1K/2P3r1/8 w - - 4 37,f3f4 g7g3,1345,130,71,117,endgame mate mateIn1 oneMove,https://lichess.org/eNfHyB1W#73,,True,https://lichess.org/training/NJ3w9
MaPCI,1r5k/p4p1b/3P3p/2p5/4p2P/PrP1P3/3R1PBP/2K3R1 w - - 1 28,d6d7 b3b1 c1c2 b8b2,1346,76,99,9002,endgame mate mateIn2 queensideAttack short,https://lichess.org/LiEePpwX#55,,True,https://lichess.org/training/MaPCI
2zP7t,r7/p4krp/bp1pR2R/2p2p2/P1P5/2P5/2PN2PP/6K1 b - - 0 23,a8g8 h6f6,1346,124,63,22,endgame mate mateIn1 oneMove,https://lichess.org/AGrPoWsY/black#46,,True,https://lichess.org/training/2zP7t
nOSIz,8/pp1r2kR/8/3B4/2P3K1/6P1/P3rq2/7R b - - 2 35,g7g6 h1h6,1346,75,100,727,endgame mate mateIn1 oneMove,https://lichess.org/P7rpLA4F/black#70,,True,https://lichess.org/training/nOSIz
aUqHC,r7/2R2R2/3kp3/8/p4P2/r7/8/6K1 b - - 0 45,a3a2 f7d7,1346,78,81,150,endgame master mate mateIn1 oneMove rookEndgame,https://lichess.org/gv43jsJX/black#90,,True,https://lichess.org/training/aUqHC
ZCLaU,r5k1/ppq2r1R/6p1/4PnP1/2Qp4/2N1P3/PP3P2/2K4R b - - 0 28,c7c4 h7h8 g8g7 h1h7,1346,76,98,2451,mate mateIn2 middlegame short,https://lichess.org/ODVrvUqD/black#56,,True,https://lichess.org/training/ZCLaU
YGyes,7r/4k3/3pp1p1/1B6/5p2/1N1nBP2/PP3P1r/R5K1 w - - 0 30,b5d3 h2h1 g1g2 h8h2,1346,74,91,420,endgame mate mateIn2 short,https://lichess.org/PagCTXVx#59,,True,https://lichess.org/training/YGyes
k3qvM,2br3k/2p2pp1/pp5p/2N1P3/5P1Q/2P1K2P/PP1r2P1/8 w - - 0 30,c5e4 d8d3,1346,91,69,38,endgame mate mateIn1 oneMove,https://lichess.org/CApEzGP9#59,,True,https://lichess.org/training/k3qvM
z6TNa,8/6k1/6p1/3QN2p/2P1P3/2b3P1/1r4rP/6K1 w - - 2 45,g1f1 b2f2,1346,75,99,1099,endgame mate mateIn1 oneMove,https://lichess.org/VsB9CXe2#89,,True,https://lichess.org/training/z6TNa
FugfL,1r4k1/5p2/4p1p1/2PbP3/3P3R/3B2r1/p2K4/7R b - - 5 37,a2a1q h4h8 g8g7 h1h7,1346,75,97,21918,mate mateIn2 middlegame short,https://lichess.org/uj3ImOLb/black#74,,True,https://lichess.org/training/FugfL
xx5ZM,8/1r3k2/R5pn/2Bp1p1p/3Pp2P/1rp1P3/1P1R1PP1/2K5 w - - 0 42,b2c3 b3b1 c1c2 b7b2,1347,80,70,48,endgame mate mateIn2 queensideAttack short,https://lichess.org/yILTGC2o#83,,True,https://lichess.org/training/xx5ZM
0KU8E,8/5pk1/p7/1p1NrBp1/6P1/5K2/PP2r3/1R6 w - - 7 35,d5c3 e5e3,1348,100,78,90,endgame mate mateIn1 oneMove,https://lichess.org/4n1U3btz#69,,True,https://lichess.org/training/0KU8E
i9akd,r5k1/5p2/5Pp1/p2p4/2bP4/2K5/5rPR/7R b - - 1 30,f2f6 h2h8 g8g7 h1h7,1348,75,93,3341,endgame mate mateIn2 short,https://lichess.org/8gOXdLw2/black#60,,True,https://lichess.org/training/i9akd
dcOMb,1R6/8/1p4p1/1kp5/1r6/2KP2R1/1r5P/8 w - - 8 40,g3g6 b4b3,1348,126,86,85,endgame mate mateIn1 oneMove rookEndgame,https://lichess.org/wEOBhLte#79,,True,https://lichess.org/training/dcOMb
nsRpa,1B6/3Q2pp/p1p2p1k/1p1n3P/3P4/8/PPPK1PP1/1r2r3 w - - 1 36,d7f5 b1d1,1348,213,68,23,endgame mate mateIn1 oneMove,https://lichess.org/fwrcWcFE#71,,True,https://lichess.org/training/nsRpa
hhXew,8/1R4Rp/2k1K3/4n3/2n5/7P/5r2/8 b - - 1 35,f2e2 g7c7,1348,263,54,7,endgame mate mateIn1 oneMove,https://lichess.org/o9tTSoe2/black#70,,True,https://lichess.org/training/hhXew
CD7je,1k5r/p1p5/2p5/7r/2P5/2N1RpP1/PP3P2/R5K1 w - - 3 25,e3f3 h5h1 g1g2 h8h2,1349,76,94,11129,endgame mate mateIn2 short,https://lichess.org/DLcwRoUR#49,,True,https://lichess.org/training/CD7je
LvLfV,7k/p3pb1p/1p1p1p2/4qP2/2r1P3/2P1Q2R/P1P4R/4K3 b - - 7 31,c4e4 h3h7 h8g8 h7h8 g8g7 h2h7,1349,75,85,323,endgame fork long mate mateIn3,https://lichess.org/sD5Nvx7I/black#62,,True,https://lichess.org/training/LvLfV
2JYl5,7r/p3R1nr/1p3k1p/2pp1NpP/2n3P1/2P2P2/P1P2K2/2B1R3 b - - 13 31,g7f5 e1e6,1350,75,81,432,master mate mateIn1 middlegame oneMove,https://lichess.org/76mjRdcK/black#62,,True,https://lichess.org/training/2JYl5
Iw0W1,5rk1/1b5p/6p1/3p4/1N1Pp2P/4K1P1/P1R1Br2/2R5 w - - 1 33,e2a6 f8f3,1350,76,91,1333,mate mateIn1 middlegame oneMove,https://lichess.org/hSUz4ei7#65,,True,https://lichess.org/training/Iw0W1
j7rDh,5r2/pp3rk1/8/3QP3/2p1B3/2P1P3/PP6/R2KNq2 w - - 4 28,e5e6 f1e1 d1e1 f7f1 e1e2 f8f2,1351,75,93,3442,attraction exposedKing long mate mateIn3 middlegame sacrifice,https://lichess.org/Gdpx6Y91#55,,True,https://lichess.org/training/j7rDh
Nr9OJ,1k5r/pp4p1/3bppQ1/8/3P2p1/4B1Pr/P4P1P/2R3Kq w - - 0 27,g1h1 h3h2 h1g1 h2h1 g1g2 h8h2,1351,74,94,896,endgame long mate mateIn3,https://lichess.org/VvctDZU3#53,,True,https://lichess.org/training/Nr9OJ
pCHxJ,7r/pp3p2/6k1/3p1Np1/3P1qP1/4R1K1/PP5r/5Q2 w - - 1 35,f1f4 h8h3,1352,75,100,390,endgame mate mateIn1 oneMove,https://lichess.org/djeEORYV#69,,True,https://lichess.org/training/pCHxJ
yMouV,8/1bp5/2kp4/7p/2pBNR2/r1P2P2/1p5P/rK1R4 w - - 2 38,b1b2 a3a2,1352,75,99,3666,mate mateIn1 middlegame oneMove,https://lichess.org/NzgaVPRl#75,,True,https://lichess.org/training/yMouV
5sfwu,3r4/pp1b2p1/6R1/3P1n1k/2P2p2/1P6/P4K2/6R1 b - - 1 38,f5h4 g1g5,1352,83,85,288,endgame mate mateIn1 oneMove,https://lichess.org/18xrota4/black#76,,True,https://lichess.org/training/5sfwu
7wD0L,2R2r1r/2Q1k1p1/3p1pn1/1q1P4/4P3/7P/5KP1/2R5 b - - 3 28,b5d7 c7d7 e7d7 c1c7,1352,125,55,36,attraction mate mateIn2 middlegame short,https://lichess.org/lwz3vyDU/black#56,,True,https://lichess.org/training/7wD0L
b6pxu,8/ppp2k1r/5p2/1PP1pNp1/2n3P1/2B5/3P1RKr/R7 w - - 9 31,g2g3 h7h3,1352,177,23,19,mate mateIn1 middlegame oneMove,https://lichess.org/bgY8pf3e#61,,True,https://lichess.org/training/b6pxu
q81Kr,7k/2N2pbp/6p1/2p1P3/2Q2PR1/pPP5/P2r4/1KNr4 w - - 1 39,c4e4 d2b2 b1a1 d1c1 e4b1 c1b1,1353,389,67,6,deflection long mate mateIn3 middlegame queensideAttack,https://lichess.org/tyDFoXTv#77,,True,https://lichess.org/training/q81Kr
g1Roe,8/8/1p1rp1p1/p1b1RkP1/5P2/8/P3R1K1/8 b - - 14 49,f5f4 e2e4,1353,111,57,92,endgame mate mateIn1 oneMove,https://lichess.org/d6CqLXYG/black#98,,True,https://lichess.org/training/g1Roe
hZMdE,8/pp2k1K1/P1p1Pr1r/1PPp2p1/3P4/2N5/7p/2R4R w - - 5 43,h1h2 f6g6,1353,205,100,12,endgame mate mateIn1 oneMove,https://lichess.org/CGJ0VH58#85,,True,https://lichess.org/training/hZMdE
uTVzz,8/6Rp/5p2/R3pk2/3r4/4KP2/3r3P/8 w - - 0 47,g7h7 d4d3,1353,75,97,7190,endgame mate mateIn1 oneMove rookEndgame,https://lichess.org/DS6SH4b2#93,,True,https://lichess.org/training/uTVzz
sv87x,4r3/1p6/2p1P3/p2nRk2/P4P1r/8/1P2R1KP/8 b - - 4 37,f5f4 e2e4,1353,75,89,1499,endgame master mate mateIn1 oneMove,https://lichess.org/xbjhw2MO/black#74,,True,https://lichess.org/training/sv87x
q96sk,7k/1R3Q1p/1n3p2/1P5K/4r3/2P4q/1P3PP1/6r1 w - - 0 37,g2h3 g1g5 h5h6 e4h4 f7h5 h4h5,1354,74,90,948,endgame long mate mateIn3,https://lichess.org/Bsni2zzk#73,,True,https://lichess.org/training/q96sk
8NF65,4r3/6p1/3b1k1p/1R1P2p1/8/1P1KrNPP/8/5R2 w - - 7 39,d3d4 e8e4,1354,78,85,225,endgame master mate mateIn1 oneMove,https://lichess.org/FH4juWS2#77,,True,https://lichess.org/training/8NF65
dw4Wt,8/8/8/6k1/8/4R1P1/2P1RpKP/r5r1 w - - 1 46,g2f2 a1f1,1355,105,68,48,endgame mate mateIn1 oneMove rookEndgame,https://lichess.org/02lCAP4T#91,,True,https://lichess.org/training/dw4Wt
CnOIY,5r1k/p2b1rRp/3p1P1Q/8/4Pp2/1P3q2/2P5/2K4R b - - 1 32,f3e4 h6h7 e4h7 h1h7,1356,76,79,196,master mate mateIn2 middlegame short,https://lichess.org/vV5AS8bD/black#64,,True,https://lichess.org/training/CnOIY
lmwaj,2k4r/ppp2pp1/2p1b2r/P7/4P1p1/2NPP1q1/1PP2R1P/R2Q2K1 w - - 0 16,h2g3 h6h1 g1g2 h8h2,1356,75,92,1281,kingsideAttack mate mateIn2 middlegame short,https://lichess.org/FXuSVyvL#31,Russian_Game Russian_Game_Stafford_Gambit,True,https://lichess.org/training/lmwaj
j3TKo,1r6/8/5k2/6r1/4B2K/7P/1p3P2/1R2R3 w - - 1 56,e4f3 b8h8 f3h5 h8h5,1356,75,92,833,endgame mate mateIn2 short,https://lichess.org/G6JAK5yu#111,,True,https://lichess.org/training/j3TKo
owF4N,5r2/pp5k/7p/P1p4p/4p1bP/1NN1P1K1/1PP2r2/2R3R1 w - - 4 28,c3e4 f8f3,1356,75,74,170,mate mateIn1 middlegame oneMove,https://lichess.org/qoUYSvRI#55,,True,https://lichess.org/training/owF4N
FPXRz,1r5k/5pb1/3p2pp/3Pp3/Q3P1P1/P3B2P/KqRN1P2/1r6 w - - 2 31,c2b2 b8b2,1356,85,80,176,master mate mateIn1 middlegame oneMove,https://lichess.org/zsfcnaxV#61,,True,https://lichess.org/training/FPXRz
mi6bP,4R3/1Qrk2p1/2pp2qp/5p2/8/8/PPP2P1P/2K1R3 b - - 0 34,c7b7 e1e7,1357,94,77,151,endgame mate mateIn1 oneMove queenRookEndgame,https://lichess.org/1fMI437W/black#68,,True,https://lichess.org/training/mi6bP
c5xHC,8/5r1k/3Q4/4P3/5rK1/8/8/8 w - - 0 72,g4g5 f7f5,1357,85,60,49,endgame mate mateIn1 oneMove queenRookEndgame,https://lichess.org/BpCRS6wk#143,,True,https://lichess.org/training/c5xHC
IZyBR,8/2r4p/5k2/8/3b4/5B1P/5rP1/1R1R1K2 w - - 10 38,f1e1 c7e7 f3e2 e7e2,1357,75,94,858,endgame mate mateIn2 short,https://lichess.org/ywIfo9Li#75,,True,https://lichess.org/training/IZyBR
XXbtz,8/4R2R/p4kp1/rp3p2/1r5P/8/6P1/6K1 b - - 0 43,f5f4 h7f7,1357,160,45,119,endgame master mate mateIn1 oneMove rookEndgame,https://lichess.org/BarrVa45/black#86,,True,https://lichess.org/training/XXbtz
6G3pa,5k2/1p4R1/4p2p/2p1Bp2/r4P2/1KP5/r1P3BP/8 w - - 1 27,c3c4 a4a3,1357,80,85,488,endgame mate mateIn1 oneMove,https://lichess.org/uyiiOCkV#53,,True,https://lichess.org/training/6G3pa
WyiE6,7R/1K6/r7/6Rp/2r4k/8/6P1/8 b - - 11 72,a6a2 h8h5,1358,78,72,90,endgame mate mateIn1 oneMove rookEndgame,https://lichess.org/VUt5Rzov/black#144,,True,https://lichess.org/training/WyiE6
TlbbU,r6r/8/2p1R3/pn1k4/8/3P3P/2PKR1P1/8 b - - 0 33,b5d4 e2e5,1359,75,68,284,endgame mate mateIn1 oneMove,https://lichess.org/ulUhunkJ/black#66,,True,https://lichess.org/training/TlbbU
5PF0E,8/8/7p/p7/P5Rk/2P4P/1r1r4/6RK b - - 23 59,h4h3 g1g3,1359,128,66,41,endgame mate mateIn1 oneMove rookEndgame,https://lichess.org/DwpQq8Hu/black#118,,True,https://lichess.org/training/5PF0E
3VspC,r5k1/5ppp/r1pp2P1/1n2pP1P/4P3/1P2Q3/1BP5/qK1R3R w - - 1 26,b2a1 a6a1 b1b2 a8a2,1359,82,85,49,mate mateIn2 middlegame queensideAttack short,https://lichess.org/ZlwiEi3U#51,,True,https://lichess.org/training/3VspC
L1YyB,1Q6/R5p1/5pk1/2p1r2p/5K1P/4r2P/8/8 w - - 9 47,a7b7 e5e4,1359,81,79,66,endgame mate mateIn1 oneMove queenRookEndgame,https://lichess.org/OWgE2kRL#93,,True,https://lichess.org/training/L1YyB
albR3,5rk1/8/7R/5rK1/2R5/8/8/8 w - - 0 58,g5g6 f8f6,1360,78,73,185,endgame mate mateIn1 oneMove rookEndgame,https://lichess.org/UdbiJvTz#115,,True,https://lichess.org/training/albR3
7SoTc,6k1/pp4pp/3P3r/3P3r/2P2p2/1P1B1n2/PB4PP/R3R2K w - - 0 23,g2f3 h5h2 h1g1 h2h1 g1g2 h6h2,1360,84,87,92,endgame fork long mate mateIn3,https://lichess.org/8I6t2P3r#45,,True,https://lichess.org/training/7SoTc
GRUyi,8/5k2/6R1/PNp5/4Pr1P/P5KP/5r2/8 w - - 1 38,g6g4 f4f3,1360,76,92,10111,endgame master masterVsMaster mate mateIn1 oneMove,https://lichess.org/xv1FdWXl#75,,True,https://lichess.org/training/GRUyi
kvgSB,3r3k/p4p1p/b4p2/2p2P2/2P4R/P1P3P1/1r1P3R/6K1 b - - 8 33,b2d2 h4h7 h8g8 h7h8 g8g7 h2h7,1360,90,73,57,endgame long mate mateIn3,https://lichess.org/MblBE8MQ/black#66,,True,https://lichess.org/training/kvgSB
iuUqY,r5k1/p1b3R1/2p1r3/3p1q1N/3p3Q/3b4/PP3P1P/6RK b - - 0 29,g8f8 g7g8 f8f7 g1g7,1360,76,96,16268,mate mateIn2 middlegame short,https://lichess.org/z84jbfOI/black#58,,True,https://lichess.org/training/iuUqY
AoQmn,1R6/2p5/3b4/2kP4/pR6/6p1/rp6/5K2 b - - 3 45,a4a3 b8b5,1360,174,85,35,endgame mate mateIn1 oneMove,https://lichess.org/3NvYJfY4/black#90,,True,https://lichess.org/training/AoQmn
RwChS,5r2/1p6/4B2k/2PP3P/6K1/5r2/P4P2/2R5 w - - 4 44,c1c2 f8f4,1361,80,84,220,endgame mate mateIn1 oneMove,https://lichess.org/H6daGiO7#87,,True,https://lichess.org/training/RwChS
1Aoj7,1r4kQ/p4pb1/4p1p1/5nP1/3P1n2/2P5/Pr3P1R/K6R b - - 1 30,g7h8 h2h8 g8g7 h1h7,1362,85,73,39,mate mateIn2 middlegame short,https://lichess.org/h77CkvgV/black#60,,True,https://lichess.org/training/1Aoj7
ckKuU,2rR1k2/5pp1/1p2p2p/2q1P3/5P2/1B6/PPb2P1P/2KR4 b - - 1 29,f8e7 d1d7,1362,84,85,326,endgame mate mateIn1 oneMove,https://lichess.org/59KgHKwI/black#58,,True,https://lichess.org/training/ckKuU
YdQY2,2k4r/1pp3pr/2n1p3/1P6/3Pp3/B3P1q1/3Q1R1P/R5K1 w - - 0 24,h2g3 h7h1 g1g2 h8h2,1362,78,96,13710,mate mateIn2 middlegame short,https://lichess.org/LINcURje#47,,True,https://lichess.org/training/YdQY2
ciZDj,1k1r4/1R3R2/1p1p4/pP1nr3/N1p1p2P/6P1/4K3/8 b - - 1 41,b8c8 a4b6 d5b6 f7c7,1362,76,99,1008,endgame mate mateIn2 sacrifice short,https://lichess.org/zaKjL6b0/black#82,,True,https://lichess.org/training/ciZDj
VDXIQ,5r2/2R4p/p3p1pk/1p2P3/1P2P1KP/P2b1r2/1B1R4/8 w - - 1 32,d2d3 f8f4,1362,75,97,1853,endgame mate mateIn1 oneMove,https://lichess.org/vFWEAvEN#63,,True,https://lichess.org/training/VDXIQ
gkrOZ,8/2p3r1/pp2R3/3r1k2/1P1P1p1p/P4P1P/5K1P/4R3 b - - 3 48,d5d4 e1e5,1362,130,50,34,endgame master mate mateIn1 oneMove rookEndgame,https://lichess.org/B7kZP0az/black#96,,True,https://lichess.org/training/gkrOZ
ESqQu,r5k1/ppp2r1p/4b1B1/4p1P1/3P3R/8/2P5/2K4R b - - 0 25,h7g6 h4h8 g8g7 h1h7,1362,75,95,7910,endgame mate mateIn2 short,https://lichess.org/LSLSYmFt/black#50,,True,https://lichess.org/training/ESqQu
UzoOx,7r/p2b2k1/2pPnp2/2P1p3/4P3/3BBpPr/P7/1R3RK1 w - - 2 30,f1f3 h3h1 g1g2 h8h2,1362,75,82,814,mate mateIn2 middlegame short,https://lichess.org/i7fpM2ZB#59,,True,https://lichess.org/training/UzoOx
MJbu3,8/5rBk/7P/6K1/5r2/8/p7/R6R w - - 14 51,g7e5 f7f5,1363,98,58,134,endgame mate mateIn1 oneMove,https://lichess.org/5Y4XSmXr#101,,True,https://lichess.org/training/MJbu3
dL1Hd,8/p7/1p6/2b4R/P1R1k3/1P4PK/3Prr1P/8 b - - 4 33,e4d3 h5d5 c5d4 d5d4,1363,75,91,223,endgame mate mateIn2 short,https://lichess.org/QoQIM2Te/black#66,,True,https://lichess.org/training/dL1Hd
zF0I1,7r/4k3/pp3bB1/2pPp3/1PPn1p1r/P2P4/6P1/1R1Q1RK1 w - - 11 38,g6e4 h4h1 g1f2 f6h4 g2g3 h4g3 f2g2 h8h2,1364,76,96,7447,kingsideAttack mate mateIn4 middlegame veryLong,https://lichess.org/yCnYplLY#75,,True,https://lichess.org/training/zF0I1
1cPAg,6k1/pp3r1p/2b1p1BR/3pP3/6P1/1P6/P1P2r2/2K4R b - - 0 24,h7g6 h6h8 g8g7 h1h7,1364,173,76,11,endgame mate mateIn2 short,https://lichess.org/qH7OfSik/black#48,,True,https://lichess.org/training/1cPAg
WYqzY,5r2/pp4kR/4r1P1/5p2/2p2P2/2b3P1/P3P1K1/7R b - - 2 34,g7g6 h1h6,1364,118,65,60,endgame mate mateIn1 oneMove,https://lichess.org/KHvlbWKS/black#68,,True,https://lichess.org/training/WYqzY
nL8Tk,4rr2/p7/2p2n1R/1p1p2k1/3P4/3P2P1/PP1K4/7R b - - 1 27,f6g4 h1h5,1365,160,26,12,endgame mate mateIn1 oneMove,https://lichess.org/yHaqjNVF/black#54,,True,https://lichess.org/training/nL8Tk
QAoOa,2k4r/ppp2R2/3p4/4p3/1PP1P1rP/P2P4/3R3K/8 w - - 5 31,h2h3 h8h4,1365,356,43,6,endgame mate mateIn1 oneMove rookEndgame,https://lichess.org/p3Zgx4EI#61,,True,https://lichess.org/training/QAoOa
HqAWU,4r1k1/p3r2p/5p2/1Q1b2p1/3q1p2/P1PP3P/1P4P1/R1B2K1R w - - 1 26,c3d4 e7e1 f1f2 e8e2,1365,132,65,31,mate mateIn2 middlegame short,https://lichess.org/Qo338IYH#51,,True,https://lichess.org/training/HqAWU
lKsEn,5R2/6k1/6p1/3pP2p/1P1Pr2P/P2K1R2/4r3/8 w - - 3 63,f3f6 e4e3,1365,77,81,2524,endgame master mate mateIn1 oneMove rookEndgame,https://lichess.org/4D0LLaIO#125,,True,https://lichess.org/training/lKsEn
aNQir,r1b5/5Rk1/p6p/1p1pp3/6rP/3Bb1P1/P3N3/5R1K b - - 0 32,g7g8 f7f8 g8g7 f1f7,1365,75,93,276,mate mateIn2 middlegame short,https://lichess.org/B1AMLmAx/black#64,,True,https://lichess.org/training/aNQir
rFfkr,r6r/2R1kp1p/p3ppb1/3p4/3P2P1/4P2P/P7/5RK1 b - - 2 23,e7d6 f1c1 g6c2 c1c2 a6a5 c2c6,1365,73,95,20632,endgame long mate mateIn3 quietMove,https://lichess.org/0UijBCps/black#46,,True,https://lichess.org/training/rFfkr
I5aZN,8/R6p/6k1/5p2/P5K1/1P4P1/1BP1r2r/8 w - - 0 37,g4f3 h2f2,1365,139,78,53,endgame mate mateIn1 oneMove,https://lichess.org/9Y0UZPsp#73,,True,https://lichess.org/training/I5aZN
jGSQk,r3r1k1/p4pq1/6p1/1p4P1/2b1p2Q/8/PP2BP1R/K6R b - - 0 30,c4e2 h4h8 g7h8 h2h8 g8g7 h1h7,1365,78,83,247,long mate mateIn3 middlegame,https://lichess.org/AlKhzJsr/black#60,,True,https://lichess.org/training/jGSQk
HmRni,6R1/1R4p1/3K1pkp/7r/2r5/8/8/8 b - - 5 52,f6f5 g8g7 g6f6 b7f7,1365,75,92,1127,endgame mate mateIn2 rookEndgame short,https://lichess.org/Tnst4gGD/black#104,,True,https://lichess.org/training/HmRni
V4XY0,3R2R1/1pq2p2/p1nbpkpp/6P1/7P/P2B1N2/1P3P2/6K1 b - - 0 32,h6g5 h4g5 f6e7 g8e8,1366,179,85,14,mate mateIn2 middlegame short,https://lichess.org/66Jn6iuD/black#64,,True,https://lichess.org/training/V4XY0
1mpqv,4r1k1/5pp1/7p/6n1/1PQ5/P2R2PP/4rKB1/8 w - - 2 39,f2f1 e2e1 f1f2 e8e2,1366,93,87,47,endgame mate mateIn2 short,https://lichess.org/6hYSecvf#77,,True,https://lichess.org/training/1mpqv
2uX8a,7r/6RP/4pk2/4p3/np1bPn2/3P1K2/2P2P2/6R1 b - - 10 48,f4h3 g1g6,1367,189,67,7,endgame mate mateIn1 oneMove,https://lichess.org/yKMu19ZO/black#96,,True,https://lichess.org/training/2uX8a
EVSRL,2r5/p5p1/2NR1b1p/4k3/1n1Rp3/4P1P1/P4P1P/6K1 b - - 0 27,b4c6 d4d5,1367,75,99,2102,endgame mate mateIn1 oneMove,https://lichess.org/wGU914UW/black#54,,True,https://lichess.org/training/EVSRL
kTTQx,1r4k1/4p1b1/6pB/p2p2P1/2p5/P1P4R/1r1Q4/2K1R1q1 w - - 0 38,e1g1 b2b1 c1c2 b8b2,1367,75,94,13657,mate mateIn2 middlegame short,https://lichess.org/PzhflHdd#75,,True,https://lichess.org/training/kTTQx
3k9wT,3r1k1r/ppp1R1pp/5pb1/8/2q2P1N/7P/PP1B2PK/3NR3 b - - 0 21,d8d2 h4g6 h7g6 e7e8 f8f7 e1e7,1367,76,90,3596,long mate mateIn3 middlegame,https://lichess.org/Y7l0MBVP/black#42,,True,https://lichess.org/training/3k9wT
LMwSy,1rbR4/p3k2p/B3prpB/4bp2/8/7P/P1P2PP1/3R2K1 b - - 5 21,c8a6 d1d7,1367,87,47,45,mate mateIn1 middlegame oneMove,https://lichess.org/xrkzcSU3/black#42,,True,https://lichess.org/training/LMwSy
dUTiv,8/ppp1Q1rk/1b1p3r/4p3/8/2P3PP/PP3P2/R4RK1 w - - 3 26,e7e8 g7g3 g1h2 h6h3,1367,75,93,1219,endgame mate mateIn2 pin short,https://lichess.org/uMCmWaUL#51,,True,https://lichess.org/training/dUTiv
CbZcY,4r1k1/2q2p2/3p2p1/1p1P2P1/3PPp1R/1p6/rP4K1/2Q4R b - - 0 37,c7c1 h4h8 g8g7 h1h7,1368,80,74,39,endgame mate mateIn2 queenRookEndgame short,https://lichess.org/hSVIfWum/black#74,,True,https://lichess.org/training/CbZcY
RfQpO,1Q1k3r/3nqp2/1pR1p3/3pPn1p/3P4/5p2/PP1N1PPP/2R3K1 b - - 0 19,d7b8 c6c8 d8d7 c1c7,1368,76,94,8257,fork mate mateIn2 middlegame short,https://lichess.org/D0NzHYeX/black#38,Caro-Kann_Defense Caro-Kann_Defense_Advance_Variation,True,https://lichess.org/training/RfQpO
ylRGM,2k4r/ppp3pr/7q/8/3pP1p1/6P1/PPP2PB1/R2QR1K1 w - - 3 23,d1d4 h6h1 g2h1 h7h1 g1g2 h8h2,1368,207,100,9,kingsideAttack long mate mateIn3 middlegame sacrifice,https://lichess.org/bvY0FbUl#45,,True,https://lichess.org/training/ylRGM
hOVi3,r7/1p4p1/2p1k1Np/2P1P2P/1KPB1R2/r7/p5P1/5R2 w - - 2 43,f4f7 a8a4,1368,151,88,15,endgame mate mateIn1 oneMove,https://lichess.org/vsxWfNCc#85,,True,https://lichess.org/training/hOVi3
llCsT,8/Rp6/2k2N2/8/5P1p/1P2KP2/3r2rP/8 w - - 4 45,f6e4 g2e2,1368,76,93,2675,endgame master mate mateIn1 oneMove,https://lichess.org/wgVt0zBI#89,,True,https://lichess.org/training/llCsT
b8fd0,r5k1/pp3p2/4p1pR/1b1pP1P1/5P2/Pr1BK3/8/7R b - - 3 27,b5d3 h6h8 g8g7 h1h7,1369,75,86,1035,endgame mate mateIn2 short,https://lichess.org/9OzycKek/black#54,,True,https://lichess.org/training/b8fd0
s22HY,2k4r/pp1r1p2/2Q4p/2b1P3/2q5/8/PR3NPP/1R4K1 b - - 0 27,b7c6 b2b8 c8c7 b1b7,1369,75,82,481,mate mateIn2 middlegame short,https://lichess.org/c4iv9PRi/black#54,,True,https://lichess.org/training/s22HY
oDR35,1k1r2r1/R1p5/2p5/3qp2p/8/3PBQ1P/2P2PP1/R5K1 b - - 4 24,d5f3 a7a8 b8b7 a1a7,1370,89,86,142,endgame mate mateIn2 short,https://lichess.org/6NtX5bFS/black#48,,True,https://lichess.org/training/oDR35
4rDC3,r2r2k1/pp3p2/2p1p1p1/4P3/1n6/3BPP2/PPP1K2R/7R b - - 1 20,b4d3 h2h8 g8g7 h1h7,1371,87,100,80,endgame mate mateIn2 short,https://lichess.org/lBZSsm4S/black#40,,True,https://lichess.org/training/4rDC3
9ubhp,4r1k1/pppq1r1p/2n3Q1/3p2P1/3P4/2N2N1R/PP2P1K1/7R b - - 0 20,h7g6 h3h8 g8g7 h1h7,1371,75,81,160,kingsideAttack mate mateIn2 middlegame short,https://lichess.org/pmklfCZ1/black#40,,True,https://lichess.org/training/9ubhp
9tfdM,5r2/pp1k2p1/2p3p1/3P4/4p3/4P2P/PP4P1/2RRKr2 w - - 2 24,e1e2 f8f2,1371,80,81,442,endgame mate mateIn1 oneMove rookEndgame,https://lichess.org/gzM2IFVa#47,,True,https://lichess.org/training/9tfdM
x68ed,r1q2kR1/pp2b2n/2p1pn1B/8/8/2N5/PPP1KP1P/6R1 b - - 2 24,f8f7 g1g7,1371,149,70,64,mate mateIn1 middlegame oneMove,https://lichess.org/hfgfi2c9/black#48,,True,https://lichess.org/training/x68ed
9iIHe,8/4Nkpp/6p1/8/1P6/3R4/3r2rP/4R1K1 w - - 0 33,g1f1 d2f2,1372,123,29,16,endgame mate mateIn1 oneMove,https://lichess.org/sBq7H5MZ#65,,True,https://lichess.org/training/9iIHe
TMM2k,1Q6/4kppp/4p3/8/1P2P3/P4PKP/3r2r1/8 w - - 1 33,g3f4 g7g5 f4e3 g2e2,1372,79,80,66,endgame mate mateIn2 queenRookEndgame short,https://lichess.org/N3t8QncQ#65,,True,https://lichess.org/training/TMM2k
bsdCg,r5k1/1q4pb/4Pp1p/3P1P1P/2QP4/2p4B/PrR5/K5R1 w - - 3 43,c4c3 a8a2,1372,112,-33,20,mate mateIn1 middlegame oneMove,https://lichess.org/YVjXtrve#85,,True,https://lichess.org/training/bsdCg
aKGJK,2k1rb2/1R1R1N1p/2P2p2/4p3/KP1nr3/8/8/8 b - - 2 46,d4c6 d7c7,1372,75,90,4939,mate mateIn1 middlegame oneMove,https://lichess.org/IwePkcTS/black#92,,True,https://lichess.org/training/aKGJK
98SDN,3q2k1/2n2r1p/p2p2Q1/1p1rP3/6P1/1P6/P1PB3R/2K4R b - - 0 27,h7g6 h2h8 g8g7 h1h7,1372,75,91,1246,mate mateIn2 middlegame short,https://lichess.org/ywHeXklL/black#54,,True,https://lichess.org/training/98SDN
su91K,k5r1/1p6/2pQ1p2/2P2P2/8/5p1p/PP5K/R4Nr1 w - - 0 39,d6f6 g8g2 h2h3 g1h1 f1h2 h1h2,1372,76,86,491,endgame exposedKing long mate mateIn3,https://lichess.org/LHgZv5zY#77,,True,https://lichess.org/training/su91K
J1kw7,r4rk1/7R/p1b1p1p1/1p1p2P1/8/2NP4/PP6/2K4R b - - 0 24,f8f7 h7h8 g8g7 h1h7,1372,77,94,23914,endgame mate mateIn2 short,https://lichess.org/JsrJQJQA/black#48,,True,https://lichess.org/training/J1kw7
AX7gs,2r3k1/p7/4p1pp/3p4/5PP1/P2KPNB1/2r4P/1R6 w - - 2 36,f3d4 c8c3,1373,74,100,412,endgame mate mateIn1 oneMove,https://lichess.org/pXQKP5uk#71,,True,https://lichess.org/training/AX7gs
QzQsc,1r6/p1p2k1p/3P1b2/2P2p2/1r2pP1p/4B3/P2R1P2/2K4R w - - 1 31,d6c7 b4b1 c1c2 b8b2,1373,78,94,1147,endgame mate mateIn2 queensideAttack short,https://lichess.org/q0rDMtzj#61,,True,https://lichess.org/training/QzQsc
oLFwB,3r2k1/Q6p/6p1/5p2/5P2/1P6/P2r1KPP/8 w - - 1 44,f2e3 d8d3,1374,86,56,224,endgame mate mateIn1 oneMove queenRookEndgame,https://lichess.org/90JZhHxa#87,,True,https://lichess.org/training/oLFwB
hTpNY,8/p6k/1p4pp/4Q3/4Pp2/P1r1r2q/4p1P1/4R1RK w - - 0 41,g2h3 e3h3 h1g2 c3g3 g2f2 h3h2 g1g2 h2g2,1374,76,60,77,endgame exposedKing mate mateIn4 queenRookEndgame veryLong,https://lichess.org/lDx5UMpQ#81,,True,https://lichess.org/training/hTpNY
hBWRc,1r2r1k1/pp1R2Rp/n1p2p2/8/2P5/2P3P1/P1P4P/1K6 b - - 0 22,g8f8 d7f7,1374,170,50,56,endgame mate mateIn1 oneMove,https://lichess.org/FxpBEDNR/black#44,,True,https://lichess.org/training/hBWRc
MKxKb,1rr5/7p/5p2/p1p5/2R5/3kP3/5PPP/2R1K3 b - - 1 30,b8b5 c1c3,1374,76,91,3191,endgame mate mateIn1 oneMove rookEndgame,https://lichess.org/xuR3o6FC/black#60,,True,https://lichess.org/training/MKxKb
qC7hk,2R3R1/7k/p3K3/4p2P/5r2/P7/4r3/8 b - - 11 45,e2f2 g8h8 h7g7 c8g8,1375,75,94,6238,endgame mate mateIn2 rookEndgame short,https://lichess.org/GXrIcMwP/black#90,,True,https://lichess.org/training/qC7hk
8nXzU,8/4rpk1/p6p/1pp2B1P/3p1RP1/PP1K4/2P1r3/3R4 w - - 1 38,a3a4 e7e3,1375,77,69,181,endgame mate mateIn1 oneMove,https://lichess.org/fMHXDZ1k#75,,True,https://lichess.org/training/8nXzU
4vvnw,3r1rk1/5P1R/b1p1p1p1/p1n3P1/8/2K2B1R/3p4/8 b - - 0 50,f8f7 h7h8 g8g7 h3h7,1375,76,86,528,mate mateIn2 middlegame short,https://lichess.org/6UpwsdBI/black#100,,True,https://lichess.org/training/4vvnw
N29hL,k5r1/ppQ1np2/4pp1p/2Np3b/PP6/4P2P/6r1/R1R3K1 w - - 0 30,g1f1 g2g1 f1f2 g8g2,1375,77,96,7971,mate mateIn2 middlegame short,https://lichess.org/NbNKQQnj#59,,True,https://lichess.org/training/N29hL
r4Brg,5r1k/pp4pp/2pp1r2/3P4/4P1b1/1BN1q1P1/PP5Q/4R1K1 w - - 0 32,e1e3 f6f1 g1g2 f8f2,1375,77,83,571,kingsideAttack mate mateIn2 middlegame short,https://lichess.org/1IfO9T0f#63,,True,https://lichess.org/training/r4Brg
nj4Bg,1nk2r2/1Np1q2p/p3b3/P2p4/Q2P4/1RKP3P/4r3/1R6 b - - 7 34,f8f2 b7d6 c7d6 b3b8 c8c7 b1b7,1375,101,56,56,discoveredAttack long mate mateIn3 middlegame queensideAttack,https://lichess.org/QT5LkUTz/black#68,,True,https://lichess.org/training/nj4Bg
Z76ar,1r3r2/5K2/1PkP4/7p/1R5P/8/3R4/8 w - - 7 46,f7e7 b8e8,1376,79,86,191,endgame mate mateIn1 oneMove rookEndgame,https://lichess.org/g6QoLilt#91,,True,https://lichess.org/training/Z76ar
nJpgx,4R3/B1pk1pbp/1p1p2p1/1N1P4/2P5/2n5/Pq3PPP/4R1K1 b - - 2 20,c3b5 e1e7,1376,149,69,56,endgame mate mateIn1 oneMove,https://lichess.org/zGDZ8XAi/black#40,,True,https://lichess.org/training/nJpgx
J3Ood,8/1p1r1r2/p1pbR3/5kpp/1B3p2/1P1P1P2/1PP3PP/4R1K1 b - - 5 29,d6b4 e1e5,1377,85,83,52,endgame mate mateIn1 oneMove,https://lichess.org/Ga5WAsQ7/black#58,,True,https://lichess.org/training/J3Ood
lQRmv,r3k1Rr/1p1p4/p3p3/4P3/8/8/P4K2/6R1 b - - 0 33,e8f7 g1g7,1379,75,100,1201,endgame mate mateIn1 oneMove rookEndgame,https://lichess.org/anfOlUZb/black#66,,True,https://lichess.org/training/lQRmv
zzHwm,3qrn1k/5rRp/p2p1P1Q/1p1Pp3/4P3/2N2P2/Pn2K3/7R b - - 2 27,d8f6 h6h7 f8h7 h1h7,1379,75,92,386,kingsideAttack mate mateIn2 middlegame sacrifice short,https://lichess.org/MnMKKUEy/black#54,,True,https://lichess.org/training/zzHwm
6oOzO,3r4/p3RR2/bp4pk/3B4/8/2P3K1/P1r3PP/8 b - - 4 25,d8d5 f7h7 h6g5 h2h4 g5f6 h7f7,1379,75,84,111,endgame long mate mateIn3,https://lichess.org/ffavNppy/black#50,,True,https://lichess.org/training/6oOzO
7ltRP,8/p2r4/1p6/5Rk1/8/r7/P4R1K/8 b - - 0 37,g5g4 f2f4,1379,77,70,153,endgame mate mateIn1 oneMove rookEndgame,https://lichess.org/6o8Kt9Qb/black#74,,True,https://lichess.org/training/7ltRP
cdhR7,8/p7/4r1kp/R4Rp1/6P1/3p1K2/1P2r1PP/8 w - - 8 37,a5d5 e6e3,1380,85,87,1115,endgame mate mateIn1 oneMove rookEndgame,https://lichess.org/3nIBZpIr#73,,True,https://lichess.org/training/cdhR7
gcvHe,8/2Rk4/3P1pp1/4q3/7P/P3rB2/K1R3P1/8 b - - 4 44,d7d6 c2c6,1380,74,94,7086,endgame master mate mateIn1 oneMove,https://lichess.org/HSj0i9It/black#88,,True,https://lichess.org/training/gcvHe
toxAq,r6r/1R3ppp/p1k1p3/b2pPn2/3P4/5N2/P2B1PPP/1R4K1 b - - 4 21,a5d2 b1b6,1380,76,96,4367,mate mateIn1 middlegame oneMove,https://lichess.org/neUMvZxy/black#42,,True,https://lichess.org/training/toxAq
j7seg,r2q2k1/1p1b1r1p/pbn1p1Q1/3pPn2/5P2/1NNB3R/PPPB2P1/2K4R b - - 0 18,h7g6 h3h8 g8g7 h1h7,1380,75,94,20339,kingsideAttack mate mateIn2 middlegame short,https://lichess.org/ZsJNumlh/black#36,Sicilian_Defense Sicilian_Defense_Paulsen-Basman_Defense,True,https://lichess.org/training/j7seg
HLrto,1r4k1/1bpp1r1p/1p4Q1/p3P2R/3P4/2P5/PP1b2P1/1K5R b - - 0 28,h7g6 h5h8 g8g7 h1h7,1380,78,95,22112,endgame mate mateIn2 short,https://lichess.org/aXZMRxpP/black#56,,True,https://lichess.org/training/HLrto
7gHJM,1r4r1/8/8/5R2/3pk1p1/1P5p/2PK4/5R2 b - - 1 39,g4g3 f1f4,1381,77,93,497,endgame mate mateIn1 oneMove rookEndgame,https://lichess.org/qsouggY3/black#78,,True,https://lichess.org/training/7gHJM
LHKdH,r3kr2/p2R3R/2p2pp1/2p1p3/2B1Pb2/8/PPP4P/1K6 b q - 1 24,a8d8 h7e7,1381,78,53,91,endgame mate mateIn1 oneMove,https://lichess.org/Zpu7hSaR/black#48,,True,https://lichess.org/training/LHKdH
NY9PV,r7/pR6/1p2ppk1/8/1P2P3/PNP2pPr/5P2/4R1K1 w - - 1 26,e1e3 a8h8 b7g7 g6g7 e3f3 h3h1 g1g2 h8h2,1381,75,94,982,endgame mate mateIn4 quietMove veryLong,https://lichess.org/NQZ7rSRx#51,,True,https://lichess.org/training/NY9PV
Srfr9,3r4/3Pr2p/3R2p1/4kp2/1p1R4/5KP1/7P/8 b - - 1 37,b4b3 d4d5,1382,83,82,697,endgame mate mateIn1 oneMove rookEndgame,https://lichess.org/Bk9xbbvS/black#74,,True,https://lichess.org/training/Srfr9
nYO32,4q1k1/1r3r1p/3p2Q1/2n1p1P1/1p2P3/1p3P1R/1PP1N3/1K5R b - - 0 27,h7g6 h3h8 g8g7 h1h7,1382,75,96,6349,mate mateIn2 middlegame short,https://lichess.org/cQ6Otnoj/black#54,,True,https://lichess.org/training/nYO32
l1hYS,4R2R/6p1/5pk1/p2b4/3B1KPP/2P5/3rr3/8 b - - 4 45,d2d3 h4h5 g6f7 h8f8,1382,113,71,12,endgame mate mateIn2 short,https://lichess.org/CzJUewZi/black#90,,True,https://lichess.org/training/l1hYS
9abD1,r1b1R3/pp3k1B/2p2p2/3p4/8/2N5/PPP2qPP/4R2K b - - 4 25,c8d7 e1e7,1382,122,76,87,master mate mateIn1 middlegame oneMove,https://lichess.org/nHNm2988/black#50,,True,https://lichess.org/training/9abD1
1L0tB,2qr3r/k4p2/pRQ4p/R1P1P1p1/3p4/8/6PP/6K1 b - - 2 36,c8c6 a5a6,1382,77,94,1140,endgame mate mateIn1 oneMove queenRookEndgame,https://lichess.org/xVYAUHmU/black#72,,True,https://lichess.org/training/1L0tB
iSn3S,7r/pp2k3/3bNp2/2pPnp2/1PP2BQ1/6P1/P7/R3R1Kr w - - 1 31,g1g2 h8h2,1383,75,94,910,mate mateIn1 middlegame oneMove,https://lichess.org/9et5QVGR#61,,True,https://lichess.org/training/iSn3S
QdDRp,7r/p7/2p1k3/2Qp1p2/1P2p3/4P1qr/P2N1R1P/R5K1 w - - 0 26,h2g3 h3h1 g1g2 h8h2,1383,76,96,13509,endgame mate mateIn2 short,https://lichess.org/xz3JxOMu#51,,True,https://lichess.org/training/QdDRp
GlesL,1r4kQ/ppp2p1p/3p2p1/3q2P1/5P2/3P4/PPP4R/2K4R b - - 0 23,g8h8 h2h7 h8g8 h7h8 g8g7 h1h7,1383,76,100,739,endgame long mate mateIn3 queenRookEndgame,https://lichess.org/tNKaHFvn/black#46,,True,https://lichess.org/training/GlesL
g9Lxy,5R2/pkb3r1/1pp5/2PnP3/1P2QP2/P2p1K2/3B2r1/R7 w - - 9 42,a1d1 g7g3,1383,93,76,39,mate mateIn1 middlegame oneMove,https://lichess.org/9WHamFsX#83,,True,https://lichess.org/training/g9Lxy
YInkU,2r5/4RR1p/6pk/p7/Pp1p4/1P4KP/1Pr3P1/8 b - - 2 37,c2b2 f7h7 h6g5 h3h4 g5f6 h7f7,1383,74,91,1434,endgame long mate mateIn3 rookEndgame,https://lichess.org/YxXB2vqS/black#74,,True,https://lichess.org/training/YInkU
nrIwS,8/6k1/5p2/3B1R2/3KP2P/1Pr1rP2/8/8 w - - 3 37,b3b4 e3d3,1383,75,88,280,endgame mate mateIn1 oneMove,https://lichess.org/PGHZ6bdN#73,,True,https://lichess.org/training/nrIwS
PcWLX,8/2R5/4r1p1/3pkp1p/4n2P/4P1P1/2R2PBK/r7 b - - 7 38,e4f6 f2f4 e5d6 c2c6,1384,76,84,197,endgame mate mateIn2 short,https://lichess.org/WCRG86uO/black#76,,True,https://lichess.org/training/PcWLX
nwh6W,5k2/p4p2/8/3QN3/3P4/3KP3/PPr2rP1/8 w - - 1 38,d3e4 f7f5 e4d3 f2d2,1384,75,100,895,endgame mate mateIn2 short,https://lichess.org/Nrnf5wH9#75,,True,https://lichess.org/training/nwh6W
pvxam,5r1R/pr3pk1/4p1p1/3P4/2B5/2BKPq2/8/7R b - - 0 29,f7f6 h1h7,1384,78,73,887,mate mateIn1 middlegame oneMove,https://lichess.org/P6RHREPh/black#58,,True,https://lichess.org/training/pvxam
PkMLR,6k1/5p2/5pnp/2NR4/5rP1/P1P3KP/5r2/3R4 w - - 1 40,d5d4 f4f3,1384,197,0,27,endgame mate mateIn1 oneMove,https://lichess.org/FxdINj2e#79,,True,https://lichess.org/training/PkMLR
lLo2c,4Rk1r/pp4b1/6p1/3p1bP1/2qP1P2/2P2B2/1P4K1/2B1R3 b - - 7 39,f8f7 e1e7,1384,116,33,30,master mate mateIn1 middlegame oneMove,https://lichess.org/wvJ8lV70/black#78,,True,https://lichess.org/training/lLo2c
xJaa6,R2R4/1pk5/1r4pr/5p2/8/8/6PP/6K1 b - - 3 39,h6h7 a8c8,1384,170,70,54,endgame mate mateIn1 oneMove rookEndgame,https://lichess.org/p0teV2Kq/black#78,,True,https://lichess.org/training/xJaa6
NfvVj,5k2/3rNp2/1p1P1q1p/p1r1p1p1/P1B1P1P1/1P5P/5R2/5RK1 b - - 2 33,f6d6 f2f7 f8e8 f7f8 e8e7 f1f7,1384,75,65,259,long mate mateIn3 middlegame sacrifice,https://lichess.org/UXCx2yrH/black#66,,True,https://lichess.org/training/NfvVj
bWrR4,1r5r/2R3R1/1p1kp3/5p1p/3P2p1/2P2P2/2P3PP/6K1 b - - 1 28,g4f3 g7d7,1384,100,64,78,endgame mate mateIn1 oneMove rookEndgame,https://lichess.org/mcvdR77S/black#56,,True,https://lichess.org/training/bWrR4
OPtKr,8/5p1k/3R4/1Q2PK1p/6r1/7r/1RP5/8 w - - 0 47,b2b4 h3f3 b4f4 f3f4,1385,227,100,6,endgame mate mateIn2 queenRookEndgame short,https://lichess.org/3B6IO9xo#93,,True,https://lichess.org/training/OPtKr
RtohS,2krr3/1R4R1/p2pB3/1p6/1P1p4/7p/P6K/8 b - - 0 41,e8e6 g7c7,1385,112,56,68,endgame mate mateIn1 oneMove rookEndgame,https://lichess.org/xPptdcbX/black#82,,True,https://lichess.org/training/RtohS
mtO1X,5n1R/3b1qkQ/3b1rp1/2p2pN1/1pP1pP2/1P1pP3/r2P1KB1/1N5R b - - 13 39,f8h7 h1h7,1385,75,92,198,master mate mateIn1 middlegame oneMove,https://lichess.org/gmxQaeSO/black#78,,True,https://lichess.org/training/mtO1X
n7WlT,8/pp3Rkr/2p5/3prRp1/PP4P1/2P3P1/8/6K1 b - - 0 34,g7g6 f5f6,1385,75,92,3890,endgame mate mateIn1 oneMove rookEndgame,https://lichess.org/VC44lW2e/black#68,,True,https://lichess.org/training/n7WlT
oj4ES,8/2b3p1/2R5/3k1p2/3r1Pr1/P1R2KP1/8/8 b - - 3 48,c7f4 c3c5,1385,94,61,110,endgame mate mateIn1 oneMove,https://lichess.org/1WGng8fS/black#96,,True,https://lichess.org/training/oj4ES
RefhX,r5k1/p4r1p/1pbnppN1/3p4/8/2PB3R/PP1K2P1/7R b - - 0 29,h7g6 h3h8 g8g7 h1h7,1385,76,96,8158,mate mateIn2 middlegame short,https://lichess.org/1YvnyqQp/black#58,,True,https://lichess.org/training/RefhX
61tbH,3r4/1b1rkp2/pR3RP1/1p2p2p/1P2P2K/P3P3/8/8 b - - 0 40,f7g6 b6e6,1385,156,20,11,endgame mate mateIn1 oneMove,https://lichess.org/YzHMYOTC/black#80,,True,https://lichess.org/training/61tbH
tu2Hf,3Qr1k1/5p2/8/pPp5/P1P4q/3K2pP/4r3/3R3R w - - 5 35,d8h4 e8e3,1385,76,90,862,endgame mate mateIn1 oneMove queenRookEndgame,https://lichess.org/KHshEqYW#69,,True,https://lichess.org/training/tu2Hf
ymBH2,8/6pk/8/5n1r/4Q3/5P2/7r/3R2K1 w - - 4 40,d1d5 h2h1 g1g2 h5h2,1386,75,93,7670,endgame master masterVsMaster mate mateIn2 short,https://lichess.org/KVM9L7J7#79,,True,https://lichess.org/training/ymBH2
c1bvd,8/4R2R/4k1p1/8/3b3P/1r3P2/1n2K3/8 b - - 4 45,e6f6 h7f7,1386,129,70,71,endgame master mate mateIn1 oneMove,https://lichess.org/T7uiZWIY/black#90,,True,https://lichess.org/training/c1bvd
J308T,8/1p6/2P3k1/p5pp/P7/1P1K1R1P/3r2r1/2R5 w - - 1 31,d3e3 g2e2,1386,81,85,222,endgame mate mateIn1 oneMove rookEndgame,https://lichess.org/rdpVmT0k#61,,True,https://lichess.org/training/J308T
NSdJD,8/2p4r/2Rk4/8/8/4KP1r/2R5/8 b - - 3 51,d6d5 c2c5,1387,75,99,1477,endgame master mate mateIn1 oneMove rookEndgame,https://lichess.org/GBkh3zYH/black#102,,True,https://lichess.org/training/NSdJD
dnwzp,8/8/1rp1p3/p2pP3/Pr1P2p1/1PK1k3/1R3RP1/8 b - - 0 45,c6c5 b2e2,1387,91,85,181,endgame mate mateIn1 oneMove rookEndgame,https://lichess.org/cvEq3xJM/black#90,,True,https://lichess.org/training/dnwzp
GdWaS,4Rb1r/pp1r1k1p/5pp1/2p5/2Np1P2/P2P3P/1PP3P1/4R1K1 b - - 2 25,f8g7 c4d6 d7d6 e1e7,1387,74,100,676,endgame mate mateIn2 sacrifice short,https://lichess.org/jxVQH4TW/black#50,,True,https://lichess.org/training/GdWaS
79XUf,6R1/1P6/3p1kpp/P3p3/2P1P2P/6PK/3pr1r1/3R4 w - - 3 40,b7b8q g2h2 h3g4 h6h5 g4f3 h2f2,1387,76,92,1149,endgame long mate mateIn3 queenRookEndgame,https://lichess.org/aMRkb7Sl#79,,True,https://lichess.org/training/79XUf
E1Mm3,6k1/p5p1/8/1p6/4RBpP/4P1P1/P1r3r1/R4K2 w - - 1 39,a1e1 c2f2,1387,175,58,54,endgame mate mateIn1 oneMove,https://lichess.org/xBXbJVE0#77,,True,https://lichess.org/training/E1Mm3
BxmRp,1Q6/p4R2/2q1k3/3p4/2pPp1p1/2P1B1br/P6p/5R1K b - - 9 35,g3b8 f1f6,1387,223,70,31,endgame mate mateIn1 oneMove,https://lichess.org/rwerfnsX/black#70,,True,https://lichess.org/training/BxmRp
4x0Hw,1k6/2p5/1q5p/p3p2R/2Q1B1P1/B1p2P2/r2r4/1KR5 w - - 2 37,a3b4 d2b2,1388,74,92,156,master mate mateIn1 middlegame oneMove,https://lichess.org/5Tttzaw9#73,,True,https://lichess.org/training/4x0Hw
8a6CI,3r2k1/1b3p2/4p1p1/ppp1P3/4N2R/P6R/1P3K1P/3r4 b - - 3 33,b7e4 h4h8 g8g7 h3h7,1388,75,85,940,endgame mate mateIn2 short,https://lichess.org/yT1HVVpl/black#66,,True,https://lichess.org/training/8a6CI
4hwic,5r1r/pp2bR2/2p1k2p/2Np2p1/3P2Pn/4B3/PP6/1K3R2 b - - 1 38,e7c5 f1f6,1388,76,93,3442,mate mateIn1 middlegame oneMove,https://lichess.org/nnQSaEhO/black#76,,True,https://lichess.org/training/4hwic
VO0bd,8/p1R2Bpk/7p/8/3r3r/4K3/P4Pb1/R7 w - - 1 32,c7a7 h4e4,1389,75,100,309,endgame mate mateIn1 oneMove,https://lichess.org/Qe83AuXj#63,,True,https://lichess.org/training/VO0bd
PFaa7,2r2R2/5Q1k/1pr3pp/8/3q4/6PK/7P/5R2 b - - 1 39,d4g7 f7g7 h7g7 f1f7,1389,73,96,28296,attraction endgame mate mateIn2 short,https://lichess.org/Krlv11eF/black#78,,True,https://lichess.org/training/PFaa7
Gc98g,1k5r/1p5r/p4p2/1n1N1Q2/1P1P2p1/2P3q1/P4R1P/1R4K1 w - - 0 27,h2g3 h7h1 g1g2 h8h2,1390,76,85,717,mate mateIn2 middlegame short,https://lichess.org/4f9vrQmQ#53,,True,https://lichess.org/training/Gc98g
HqJEQ,r5k1/1b3pp1/3R4/1p4P1/1P6/1K1PB3/r4P2/6R1 w - - 5 26,d6b6 a8a3,1390,76,95,7116,endgame mate mateIn1 oneMove,https://lichess.org/smc9SLvu#51,,True,https://lichess.org/training/HqJEQ
7FoHT,r1b1k3/pp1p4/4pR2/3pPnq1/3P2Pr/3B2Q1/PP2N1P1/5RK1 b q - 2 23,f5g3 f6f8 e8e7 f1f7,1391,74,76,230,mate mateIn2 middlegame short,https://lichess.org/iZIA2pc3/black#46,,True,https://lichess.org/training/7FoHT
NrkyB,8/3Nk1pp/6r1/p2p3K/1p1Pp1r1/1P2P3/P4RPP/2R5 w - - 1 34,d7e5 g6g5,1391,82,84,883,endgame master mate mateIn1 oneMove,https://lichess.org/IjZQJmdN#67,,True,https://lichess.org/training/NrkyB
j7xUr,8/8/2R1Rp2/2k1p1p1/5r2/3P2K1/2r5/8 b - - 3 42,c5d5 e6d6,1392,75,80,195,endgame mate mateIn1 oneMove rookEndgame,https://lichess.org/maVqByQA/black#84,,True,https://lichess.org/training/j7xUr
oXTRP,4r3/1p3R2/p1p3kp/8/1P1P2PP/8/r7/5R1K b - - 2 33,e8e2 f1f6,1392,75,100,366,endgame mate mateIn1 oneMove rookEndgame,https://lichess.org/ElJgJ54l/black#66,,True,https://lichess.org/training/oXTRP
23cjI,4r1k1/5p2/p2b2p1/3Q3p/5P2/2P4N/PP2r1KP/8 w - - 5 37,g2f3 e8e3,1392,78,78,146,endgame mate mateIn1 oneMove,https://lichess.org/QE1LXBvA#73,,True,https://lichess.org/training/23cjI
CzhHX,6rk/pp4rp/2p4Q/3p4/P2Pp3/1PN1Pb2/2P5/2R1Kq2 w - - 0 32,e1f1 g7g1 f1f2 g8g2,1392,75,96,24860,endgame mate mateIn2 short,https://lichess.org/ZWQtolDY#63,,True,https://lichess.org/training/CzhHX
6Mo75,4r3/pp4pp/1n1k4/8/2Pp4/PP1KrN2/6PP/4R2R w - - 4 27,d3d4 e8e4,1392,77,87,373,endgame mate mateIn1 oneMove,https://lichess.org/PuMGnauT#53,,True,https://lichess.org/training/6Mo75
AFT93,3rq1kQ/pp3p1p/2p3p1/6P1/7R/P3P3/1PP2P2/2K4R b - - 0 26,g8h8 h4h7 h8g8 h7h8 g8g7 h1h7,1392,77,96,22014,endgame long mate mateIn3 queenRookEndgame,https://lichess.org/Go2eypvA/black#52,,True,https://lichess.org/training/AFT93
4eRuo,1R2R3/2k4p/3pP3/2nP2b1/8/3n2P1/5r2/6K1 b - - 1 37,f2b2 e8c8,1392,75,91,850,endgame mate mateIn1 oneMove,https://lichess.org/1tNTeRA3/black#74,,True,https://lichess.org/training/4eRuo
dv9yK,3r1k2/1R5R/p3p3/3rK3/8/8/PP5P/8 w - - 5 30,e5e6 d8d6,1393,75,96,11869,endgame mate mateIn1 oneMove rookEndgame,https://lichess.org/DaZ8HVBs#59,,True,https://lichess.org/training/dv9yK
Wg1Dw,8/p6p/2pQ2p1/7k/3PP1b1/2NP4/Pr4rP/1K5R w - - 3 27,b1c1 g2c2,1393,75,78,369,endgame mate mateIn1 oneMove,https://lichess.org/UhnfrLR5#53,,True,https://lichess.org/training/Wg1Dw
mnFsf,4R3/6pk/8/7p/6rP/1P2R2K/P5r1/4q3 w - - 0 54,e3e1 g4g3,1393,163,64,66,endgame mate mateIn1 oneMove rookEndgame,https://lichess.org/g34XuCIo#107,,True,https://lichess.org/training/mnFsf
jKOML,8/8/p5R1/7p/1P3PPP/P1b4k/6r1/3R1KBr w - - 1 41,g4h5 h1g1,1393,121,77,99,endgame master mate mateIn1 oneMove,https://lichess.org/kpXMGKov#81,,True,https://lichess.org/training/jKOML
Wa0vW,6k1/2p3pp/p3p2r/7r/P2PPp1q/5P2/1B1Q1PRP/R6K w - - 5 24,d4d5 h4h2 g2h2 h5h2 h1g1 h2h1 g1g2 h6h2,1393,75,86,523,kingsideAttack mate mateIn4 middlegame sacrifice veryLong,https://lichess.org/Kk9m2BPs#47,,True,https://lichess.org/training/Wa0vW
UUV9n,8/p7/8/qP6/3R2R1/4k3/6K1/8 b - - 0 61,a5b5 g4e4,1393,76,93,2170,endgame mate mateIn1 oneMove queenRookEndgame,https://lichess.org/9Pf067dC/black#122,,True,https://lichess.org/training/UUV9n
fLgne,7R/2p2R1p/1bbr1p1k/p2p1p2/P2p3P/2P5/5PP1/6K1 b - - 7 32,d4c3 h8h7 h6g6 f7g7,1393,76,93,1005,endgame mate mateIn2 short,https://lichess.org/5DrsyWsF/black#64,,True,https://lichess.org/training/fLgne
UFASN,8/3R4/P1K1k3/1r5r/R7/8/8/8 w - - 1 63,a6a7 h5c5,1394,91,84,489,endgame mate mateIn1 oneMove rookEndgame,https://lichess.org/CGAzCmxt#125,,True,https://lichess.org/training/UFASN
TPTj9,8/5R2/6kp/3R4/2r4r/6K1/5P2/8 w - - 1 40,f7f3 c4g4,1395,385,100,4,endgame mate mateIn1 oneMove rookEndgame,https://lichess.org/kphNzteV#79,,True,https://lichess.org/training/TPTj9
6hwKb,r1b3R1/ppp2r1k/3p3p/3Np3/2Pn3P/7N/PP1K4/6R1 b - - 2 25,c8h3 d5f6 f7f6 g1g7,1395,75,85,298,mate mateIn2 middlegame sacrifice short,https://lichess.org/kBitgq4r/black#50,,True,https://lichess.org/training/6hwKb
HEWcg,2k4r/p1p2p2/2p2Q2/3b4/1P6/5NP1/P3P1K1/RN5r w - - 1 22,b1c3 h8h2,1395,91,87,688,mate mateIn1 middlegame oneMove pin,https://lichess.org/Huhg7vvv#43,,True,https://lichess.org/training/HEWcg
Hn18I,8/2r5/8/5R1R/2r2k1p/8/6PK/8 b - - 6 54,f4g4 h5g5,1395,75,95,4158,endgame mate mateIn1 oneMove rookEndgame,https://lichess.org/xRs11Ex1/black#108,,True,https://lichess.org/training/Hn18I
tiiJ2,r7/4k3/2p1P3/r2nR2p/1p2B1p1/3N4/1PP2PPP/1K2R3 w - - 6 32,b2b3 a5a1 b1b2 a8a2,1395,76,100,108,mate mateIn2 middlegame queensideAttack short,https://lichess.org/Hv9uvZkE#63,,True,https://lichess.org/training/tiiJ2
B2eVg,7r/8/p5R1/4pB2/4qkP1/5P1r/P4R2/6K1 w - - 0 38,f5e4 h3h1 g1g2 h8h2,1395,89,76,24,endgame mate mateIn2 short,https://lichess.org/g1ZhyD7e#75,,True,https://lichess.org/training/B2eVg
FcWYK,2r3r1/1p3q1k/p3p2p/n2p1pR1/3P1P2/P3P1RQ/1P3P1P/7K b - - 4 27,a5c4 h3h6 h7h6 g3h3 f7h5 h3h5,1395,74,92,822,attraction long mate mateIn3 middlegame sacrifice,https://lichess.org/0P9umSvJ/black#54,,True,https://lichess.org/training/FcWYK
FIWQO,1n1r3r/2k5/R2RB1p1/1ppN3p/5q2/5p2/PPP5/3K4 b - - 4 32,c7b7 d6b6,1395,75,92,874,mate mateIn1 middlegame oneMove,https://lichess.org/YDOGPTEv/black#64,,True,https://lichess.org/training/FIWQO
jNfzp,7r/1b2pk2/p4b1r/1p2pQ2/1P1pN3/P4PP1/1BP5/4R1K1 w - - 3 34,e4f6 h6h1 g1g2 h8h2,1395,75,85,232,master mate mateIn2 middlegame short,https://lichess.org/SHtGv864#67,,True,https://lichess.org/training/jNfzp
AfhQq,5rk1/pR4pp/B1P1b3/4P3/3p3P/6P1/P3R1K1/5r2 w - - 0 33,e2e4 f8f2,1396,76,89,3448,endgame master mate mateIn1 oneMove,https://lichess.org/GGzaaGzA#65,,True,https://lichess.org/training/AfhQq
bjh4K,R7/p2r2pk/8/R4p2/5P2/4KPP1/P2r4/8 w - - 4 40,a8a7 d7d3,1396,114,77,98,endgame mate mateIn1 oneMove rookEndgame,https://lichess.org/ybrhdWoe#79,,True,https://lichess.org/training/bjh4K
Udarf,2r5/1p2kppp/p2b4/3P4/1P1KP3/P1r2P2/6PP/R1B4R w - - 1 26,c1b2 c8c4,1396,76,95,5911,endgame mate mateIn1 oneMove,https://lichess.org/bGYj8a2a#51,,True,https://lichess.org/training/Udarf
k2MVV,2r3kr/5p2/p3b2R/1p2P3/1q1p2P1/3BQP2/PPP5/2K4R b - - 0 28,d4e3 h6h8 g8g7 h1h7,1396,75,90,420,mate mateIn2 middlegame short,https://lichess.org/knZ9A4jJ/black#56,,True,https://lichess.org/training/k2MVV
JOCqQ,r7/pb1RkpR1/1p2p2q/1Bp1P3/7P/2P1P3/PP6/2K5 b - - 1 29,e7f8 d7f7,1397,76,94,3837,endgame mate mateIn1 oneMove,https://lichess.org/4pqHvZsZ/black#58,,True,https://lichess.org/training/JOCqQ
JJ0D0,1k5r/2N5/p6r/2R5/1P4p1/P3P1P1/2PP4/R1B3K1 w - - 0 27,c1b2 h6h1 g1g2 h8h2,1397,76,82,718,endgame mate mateIn2 short,https://lichess.org/RnOO01N8#53,,True,https://lichess.org/training/JJ0D0
cHulm,r5kR/pp3b2/1qp1p2R/3pP3/3P2p1/2PB4/PP5P/6K1 b - - 8 24,g8g7 h6h7,1397,77,95,14276,endgame master mate mateIn1 oneMove,https://lichess.org/TnL9l8kE/black#48,,True,https://lichess.org/training/cHulm
wOdEr,6k1/p4rp1/2p1p1bp/1qPpBrp1/1P1P4/2Q1P3/R4PPP/5RK1 w - - 3 30,a2a5 b5f1 g1f1 f5f2 f1e1 f2f1 e1e2 f7f2,1397,88,81,61,attraction kingsideAttack mate mateIn4 middlegame sacrifice veryLong,https://lichess.org/Amur8EaK#59,,True,https://lichess.org/training/wOdEr
zILKC,7r/1R3pR1/2r2k1P/p3pP2/4P3/8/7P/7K b - - 5 48,h8h6 b7f7,1397,76,92,3358,endgame mate mateIn1 oneMove rookEndgame,https://lichess.org/gpPC4UpJ/black#96,,True,https://lichess.org/training/zILKC
v1HEq,r7/pp3R1p/2p1k2q/2Pr2p1/1P1P4/P6Q/6PP/5RK1 b - - 1 28,h6h3 f1f6,1397,75,94,3279,endgame mate mateIn1 oneMove queenRookEndgame,https://lichess.org/nNMGnRL4/black#56,,True,https://lichess.org/training/v1HEq
h34jF,1R5r/Np1n1p1p/2k1p1pP/3pPn2/8/7N/3q1PP1/1R4K1 b - - 6 28,c6c7 b1b7,1398,150,43,23,master mate mateIn1 middlegame oneMove,https://lichess.org/FEkkTtCD/black#56,,True,https://lichess.org/training/h34jF
Vd7dO,8/p3R2p/6pk/8/5P2/1P4P1/r5r1/4R1K1 w - - 7 40,g1f1 a2f2,1399,112,77,37,endgame master mate mateIn1 oneMove rookEndgame,https://lichess.org/nlu2GJtP#79,,True,https://lichess.org/training/Vd7dO
Sh9H5,7r/8/8/2B5/PP1P1k2/3R4/2P2Np1/6Kr w - - 4 62,g1g2 h8h2,1400,118,85,182,endgame mate mateIn1 oneMove,https://lichess.org/WhRTv5Fd#123,,True,https://lichess.org/training/Sh9H5
ZImfo,4rk2/pp3p2/2p4R/7P/6b1/2P3R1/P3r1P1/1B3K2 w - - 3 31,h6h7 e2e1 f1f2 e8e2,1400,78,85,41,endgame fork mate mateIn2 short,https://lichess.org/eN3f6gc1#61,,True,https://lichess.org/training/ZImfo
2Sq8X,8/8/6k1/2P1B1Pp/3PR1P1/4P1K1/1P2r1r1/8 w - - 3 45,g3f3 e2f2,1400,95,71,106,endgame mate mateIn1 oneMove,https://lichess.org/3kmvIWu2#89,,True,https://lichess.org/training/2Sq8X
wMbti,6r1/pkp5/2p3r1/2R4p/5p2/P2P4/1P2PP1P/2R2K2 w - - 2 26,f2f3 g6g1 f1f2 g8g2,1400,74,94,24134,endgame mate mateIn2 rookEndgame short,https://lichess.org/UUHWHcuB#51,,True,https://lichess.org/training/wMbti
0GFsN,r5r1/2pb4/2k2nPp/pR2R3/2P2B2/p7/5PP1/6K1 b - - 1 30,a3a2 e5c5,1400,89,66,56,mate mateIn1 middlegame oneMove,https://lichess.org/ahFoWJQG/black#60,,True,https://lichess.org/training/0GFsN
CvNPB,7r/pR1b2kr/2p1pn2/3P1pn1/Q2P2p1/2N1P1P1/P2N1PB1/4R1Kq w - - 1 27,g2h1 h7h1 g1g2 h8h2,1401,74,91,1500,kingsideAttack mate mateIn2 middlegame short,https://lichess.org/Wfqk8GpS#53,,True,https://lichess.org/training/CvNPB
Gf0TB,8/p2R4/1p2k3/8/5K2/P1r5/6rP/3R4 b - - 3 35,g2h2 d1d6,1401,87,77,385,endgame mate mateIn1 oneMove rookEndgame,https://lichess.org/GlAeIEJO/black#70,,True,https://lichess.org/training/Gf0TB
ToOmc,2k4r/p1p2p1r/2p5/4b3/2P1Rp2/PP3PP1/5PB1/R2Q2Kq w - - 5 28,g2h1 h7h1 g1g2 h8h2,1401,75,83,377,kingsideAttack mate mateIn2 middlegame short,https://lichess.org/hbw7RDox#55,,True,https://lichess.org/training/ToOmc
ES4Cd,2kr4/pp2b2p/6p1/2p1P3/4K3/P1Nr4/1P4PP/R6R w - - 0 22,a1d1 d8d4,1401,77,83,663,endgame mate mateIn1 oneMove,https://lichess.org/8XgHC8IN#43,,True,https://lichess.org/training/ES4Cd
TfbiT,r5k1/pp3pp1/8/q1bpr1P1/7R/3BPK2/PP3PP1/7R b - - 1 21,g7g6 h4h8 g8g7 h1h7,1401,75,86,491,kingsideAttack mate mateIn2 middlegame short,https://lichess.org/bB7cV7vY/black#42,,True,https://lichess.org/training/TfbiT
zOOaA,2r5/2p1R1R1/p2p1k2/Pp1K1p1p/1Pr5/2P5/5PPP/8 b - - 7 41,c4c3 e7f7,1402,82,85,468,endgame mate mateIn1 oneMove rookEndgame,https://lichess.org/DJlnj3Gt/black#82,,True,https://lichess.org/training/zOOaA
K5cDO,8/P7/2p1B1pp/8/4P3/1RN2PkP/2rr2P1/R5K1 w - - 1 36,e6c4 d2g2 g1f1 c2f2 f1e1 g2g1 c4f1 g1f1,1402,149,85,36,endgame mate mateIn4 veryLong,https://lichess.org/btO7vh7k#71,,True,https://lichess.org/training/K5cDO
XH4ME,4k3/1R2b2p/p3p3/3nN3/3B4/4PK2/PPr2r1P/7R w - - 0 23,f3e4 d5f6 e4d3 f2d2,1402,75,94,4037,mate mateIn2 middlegame short,https://lichess.org/0j5K92wX#45,,True,https://lichess.org/training/XH4ME
KxAzF,2r4r/4q1kR/pp1pp1P1/4b1p1/P1PNP1K1/1PB5/8/7R b - - 1 39,g7g6 h1h6,1402,75,95,7324,master mate mateIn1 middlegame oneMove,https://lichess.org/mx7tVCvy/black#78,,True,https://lichess.org/training/KxAzF
KxcP3,4R3/r1r2p2/2nK2p1/5kPp/p2NR2P/Pp1P4/1P6/8 b - - 4 34,c6d4 e8e5,1402,81,73,81,endgame master mate mateIn1 oneMove,https://lichess.org/OnqzvL1c/black#68,,True,https://lichess.org/training/KxcP3
pxRTs,7r/ppp2pk1/3b4/3P2p1/2PP1p2/3Q1R2/PP1B1Kq1/4R2r w - - 0 24,f2g2 h8h2,1403,102,75,125,mate mateIn1 middlegame oneMove,https://lichess.org/0CmFuad7#47,,True,https://lichess.org/training/pxRTs
KO0TH,2r3k1/5p1p/6pP/p3P3/Np3P2/1P1Q4/PKq3P1/2rR4 w - - 3 27,d3c2 c8c2,1404,83,76,74,endgame mate mateIn1 oneMove,https://lichess.org/BFnLu18v#53,,True,https://lichess.org/training/KO0TH
djWe3,7r/2pk1p2/2p5/p2p1p1r/3P2p1/1NP1P1b1/PP3R1P/R3N1K1 w - - 0 24,h2g3 h5h1 g1g2 h8h2,1404,465,100,2,endgame kingsideAttack mate mateIn2 short,https://lichess.org/Lr0QPGUI#47,,True,https://lichess.org/training/djWe3
BUlYx,r3n1R1/5p1k/p2p1N1p/1pp2P2/3nq3/P7/1PP2P2/2KB2R1 b - - 2 28,e8f6 g1g7,1404,99,78,53,mate mateIn1 middlegame oneMove,https://lichess.org/4Xg3X8eA/black#56,,True,https://lichess.org/training/BUlYx
fcw5L,r5k1/ppp2p1R/4p1p1/5q2/4Nn2/2Pr4/P1K5/4Q2R b - - 1 25,a8d8 h7h8 g8g7 h1h7,1404,76,78,353,mate mateIn2 middlegame short,https://lichess.org/mMvgwyCo/black#50,,True,https://lichess.org/training/fcw5L
KBWLC,4rR2/pp1q1Qkp/4r1p1/3pp1B1/3n4/8/PPP3PP/5R1K b - - 7 24,d7f7 f1f7,1404,77,83,171,mate mateIn1 middlegame oneMove,https://lichess.org/PXKFuMhi/black#48,,True,https://lichess.org/training/KBWLC
d0HSl,3r1r2/p2R1kpp/1p3b2/2p1p3/4P3/4B3/PP3PPP/3R2K1 b - - 5 22,f7e6 d1d6,1404,88,86,1047,endgame mate mateIn1 oneMove,https://lichess.org/MRhqGgwd/black#44,,True,https://lichess.org/training/d0HSl
Z3c14,8/4k1b1/p2pP2p/1p4RP/n2PB3/2P5/1r6/r1KR3Q w - - 4 33,e4b1 a1b1,1404,181,100,24,mate mateIn1 middlegame oneMove queensideAttack,https://lichess.org/2EGLSSGr#65,,True,https://lichess.org/training/Z3c14
42JbW,4r2k/p4prQ/2p2p2/2p2P2/P2b3R/1P1P2PR/2P3KP/2q2B2 b - - 0 38,g7h7 h4h7 h8g8 h7h8 g8g7 h3h7,1405,76,90,192,exposedKing kingsideAttack long master mate mateIn3 middlegame,https://lichess.org/6QCm18MH/black#76,,True,https://lichess.org/training/42JbW
dJ5e8,6nr/1p5p/2b1p3/8/8/3R2R1/PP2k1PP/6K1 b - - 3 27,g8f6 g3e3,1405,133,61,153,endgame mate mateIn1 oneMove,https://lichess.org/HPafdJeS/black#54,,True,https://lichess.org/training/dJ5e8
vZIW1,R3R3/3k1r2/2p2ppb/p2n2p1/3P1p2/P2K3P/1P3PP1/8 b - - 5 37,d5c7 a8d8,1405,88,70,403,endgame master mate mateIn1 oneMove,https://lichess.org/76CAd2G3/black#74,,True,https://lichess.org/training/vZIW1
HEPgJ,2k4r/ppp2ppr/1q1bp3/8/4PPP1/P3Bn2/1PP3K1/R2Q1R1B w - - 0 22,e3b6 h7h2 g2g3 h8h3,1405,83,47,74,mate mateIn2 middlegame short,https://lichess.org/zL2X0Anl#43,,True,https://lichess.org/training/HEPgJ
RvQe7,4r3/2pn1p2/p2p1Pk1/1p3R1R/1P1K4/P2P3P/2P4r/8 b - - 2 35,d7f6 f5g5,1406,92,87,878,endgame mate mateIn1 oneMove,https://lichess.org/KIqjcjxt/black#70,,True,https://lichess.org/training/RvQe7
nMCpQ,7k/1p3p1p/p2p4/5N1p/4P3/5P2/Pr4r1/1K1R3R w - - 0 26,b1c1 g2c2,1406,109,84,173,endgame mate mateIn1 oneMove,https://lichess.org/jYJlG4zR#51,,True,https://lichess.org/training/nMCpQ
yLI0L,2kr2br/pR6/5Np1/4P3/2p5/6n1/P3QKBq/1R6 b - - 3 36,g3e2 b7b8 c8c7 b1b7,1406,78,83,70,mate mateIn2 middlegame short,https://lichess.org/oK5y9oUD/black#72,,True,https://lichess.org/training/yLI0L
yr2S2,8/1r3rpp/1pR1Rn2/pPPk4/8/3K4/P4PPP/8 b - - 0 25,b6c5 c6d6,1406,75,100,411,endgame mate mateIn1 oneMove,https://lichess.org/1ib8P913/black#50,,True,https://lichess.org/training/yr2S2
HTVNg,8/5p2/5k1p/P5p1/5p2/1BP4P/1P3KP1/R1B1r2r w - - 1 34,a5a6 h1f1,1407,78,86,164,endgame mate mateIn1 oneMove,https://lichess.org/x2Lx8zU2#67,,True,https://lichess.org/training/HTVNg
aHfzF,6k1/5r1p/3p1pQ1/pp3Pp1/4P3/1Nq2n1R/P1P5/2K4R b - - 1 26,h7g6 h3h8 g8g7 h1h7,1407,83,58,46,endgame mate mateIn2 short,https://lichess.org/BnHzMAnZ/black#52,,True,https://lichess.org/training/aHfzF
bMfeP,7r/p4pk1/1p1P1p1r/3P4/P1p3p1/2P1RQPq/1PB2P2/4R1K1 w - - 0 34,f3g2 h3h1 g2h1 h6h1 g1g2 h8h2,1407,76,71,209,kingsideAttack long mate mateIn3 middlegame,https://lichess.org/c6OghHVG#67,,True,https://lichess.org/training/bMfeP
GNq4w,7k/1pp4p/p2p1p1q/3P2r1/1PP1Pp2/5Pr1/P4QBP/4R1RK w - - 1 32,c4c5 h6h2 h1h2 g5h5 g2h3 h5h3,1407,74,92,2413,attraction kingsideAttack long mate mateIn3 middlegame sacrifice,https://lichess.org/gjeLuhRX#63,,True,https://lichess.org/training/GNq4w
5EwW1,8/2R1Rp2/r2k1p2/3p1K1p/1r6/5PP1/7P/8 b - - 7 41,d5d4 e7d7,1408,79,92,9071,endgame mate mateIn1 oneMove rookEndgame,https://lichess.org/N17shwkP/black#82,,True,https://lichess.org/training/5EwW1
fwMQr,2r4r/3R2p1/p3kbnp/Bp3p2/4p3/1P6/1PP1NPPP/2KR4 b - - 6 22,g6e5 d1d6,1408,78,76,239,mate mateIn1 middlegame oneMove,https://lichess.org/IHo9SNnd/black#44,,True,https://lichess.org/training/fwMQr
Bgcmg,8/4kp2/R7/5pRK/4r2P/8/7r/8 w - - 9 46,g5f5 h2h4 h5g5 e4g4,1408,75,92,4550,endgame mate mateIn2 rookEndgame short,https://lichess.org/ZuazmOwK#91,,True,https://lichess.org/training/Bgcmg
KkMDD,4r1k1/1R4R1/6p1/4r3/1pP2pK1/8/6PP/8 b - - 6 43,g8f8 b7f7,1408,132,83,129,endgame master mate mateIn1 oneMove rookEndgame,https://lichess.org/lElDusAB/black#86,,True,https://lichess.org/training/KkMDD
DnzVr,r1bq3r/ppp1b2p/2n4Q/3pN1n1/3P2P1/2PR4/PPk4P/3R2K1 b - - 3 19,c6e5 d3d2,1408,84,69,93,mate mateIn1 middlegame oneMove,https://lichess.org/dWHo4YMx/black#38,Russian_Game Russian_Game_Italian_Variation,True,https://lichess.org/training/DnzVr
4XEiw,r5k1/ppq2r1p/4p1B1/4P3/3P3R/1P6/PKP3P1/7R b - - 0 23,h7g6 h4h8 g8g7 h1h7,1409,79,83,61,endgame mate mateIn2 queenRookEndgame short,https://lichess.org/ZXj4tAwL/black#46,,True,https://lichess.org/training/4XEiw
cXaBe,r5k1/p4r1p/bq2p1QR/3pP3/2p3P1/P4PP1/1P4K1/7R b - - 0 27,h7g6 h6h8 g8g7 h1h7,1409,76,95,26303,endgame mate mateIn2 short,https://lichess.org/Vpl88SVn/black#54,,True,https://lichess.org/training/cXaBe
TIkiw,6k1/1b6/P3p3/4N3/2pB4/2P2pP1/4r2r/R5K1 w - - 0 33,a6b7 e2g2 g1f1 h2h1 d4g1 h1g1,1409,74,91,1403,endgame exposedKing long mate mateIn3,https://lichess.org/kpjY3tnw#65,,True,https://lichess.org/training/TIkiw
TgfKx,5r2/p2r1P2/5R2/1pp3k1/3p1R2/2P3K1/P7/8 b - - 3 39,d4c3 f4f5,1409,76,90,3401,endgame mate mateIn1 oneMove rookEndgame,https://lichess.org/TCd8aTjS/black#78,,True,https://lichess.org/training/TgfKx
Bn4j3,8/8/p2R1k1p/1p4p1/8/P2R1K2/1r2r2P/8 b - - 1 43,f6e5 d3d5,1409,81,85,1194,endgame mate mateIn1 oneMove rookEndgame,https://lichess.org/439mlQp5/black#86,,True,https://lichess.org/training/Bn4j3
hzDyM,1rb2R2/4n1Qk/p3P2p/q2pP2B/2pP4/2P5/6PP/1r2NRK1 b - - 0 32,h7g7 f1f7,1410,80,87,518,mate mateIn1 middlegame oneMove,https://lichess.org/cFAZRAgC/black#64,,True,https://lichess.org/training/hzDyM
GK1Q3,3r4/1pp4k/p1nr1Pp1/4B1P1/8/2P1PP1P/PP3Q2/R2qK2R w KQ - 1 29,a1d1 d6d1 e1e2 d8d2,1411,78,96,19238,mate mateIn2 middlegame short,https://lichess.org/CcyuD7ok#57,,True,https://lichess.org/training/GK1Q3
NfRD3,8/4k1Rr/1p1p4/pPp1p2r/2P1Pp2/P6P/5P1K/6R1 b - - 1 34,e7f6 g1g6,1411,127,70,54,endgame mate mateIn1 oneMove rookEndgame,https://lichess.org/f6IyPbd1/black#68,,True,https://lichess.org/training/NfRD3
EDCxr,7R/rp3rk1/2p4R/2b2p2/p1Pn3N/7P/PP3PP1/6K1 b - - 6 29,f7f6 h6h7,1411,81,87,2250,mate mateIn1 middlegame oneMove,https://lichess.org/CSbAl6o9/black#58,,True,https://lichess.org/training/EDCxr
OnSEX,r7/1pp2pkR/2n3p1/p4q2/3PN3/2P2P2/PP2K3/7R b - - 1 23,g7g8 h7h8 g8g7 h1h7,1411,77,98,11829,endgame mate mateIn2 short,https://lichess.org/0cZH2HFN/black#46,,True,https://lichess.org/training/OnSEX
xKbLc,2k4r/pp5r/2n1bP2/2Pp1p2/6p1/PP2B1q1/4NR1P/R2Q2K1 w - - 0 25,h2g3 h7h1 g1g2 h8h2,1411,75,100,4640,kingsideAttack mate mateIn2 middlegame short,https://lichess.org/D4d6SVTI#49,,True,https://lichess.org/training/xKbLc
g7ffk,1k5r/p1pQ1pp1/1p6/3bP3/8/P3BPqr/5R1P/2R3K1 w - - 0 28,h2g3 h3h1 g1g2 h8h2,1411,75,97,465,mate mateIn2 middlegame short,https://lichess.org/j4M66y5T#55,,True,https://lichess.org/training/g7ffk
CmJ9J,r7/p2R4/4kp2/4pp2/8/8/PPPR1P1r/2K5 b - - 3 26,h2f2 d2d6,1412,94,72,168,endgame master mate mateIn1 oneMove rookEndgame,https://lichess.org/tTy4ziZ9/black#52,,True,https://lichess.org/training/CmJ9J
PTQkw,3r4/1B2k2p/4bp2/p1P1K1p1/1PP5/P2r4/7P/R3R3 w - - 0 28,e5e4 d8d4,1412,75,93,6572,endgame master mate mateIn1 oneMove,https://lichess.org/7WLe993K#55,,True,https://lichess.org/training/PTQkw
PcmFY,2r3kB/3p1p1p/1p4pR/p2qPp2/3P4/7R/6PP/6K1 b - - 0 29,g8h8 h6h7 h8g8 h7h8 g8g7 h3h7,1413,78,87,252,endgame long mate mateIn3 queenRookEndgame,https://lichess.org/flUGjwft/black#58,,True,https://lichess.org/training/PcmFY
ICzzr,2r1r1k1/2qb1p2/3p2p1/pp1Pp1b1/2P1N1P1/P1NB1P1R/1PK4R/8 b - - 1 28,b5c4 h3h8 g8g7 h2h7,1413,75,84,1098,kingsideAttack mate mateIn2 middlegame short,https://lichess.org/oEQzylbP/black#56,,True,https://lichess.org/training/ICzzr
RySZj,r5r1/p6p/4Rn2/1ppk4/3p4/1Qnq1PP1/7P/4R1K1 b - - 1 30,d3c4 e1e5,1413,76,92,4179,mate mateIn1 middlegame oneMove,https://lichess.org/mSuEuLIz/black#60,,True,https://lichess.org/training/RySZj
J7uSp,5kr1/5p1R/p2p1p2/5P2/5K2/3B2r1/PPP5/7R w - - 0 31,d3a6 g8g4,1413,108,67,18,endgame mate mateIn1 oneMove,https://lichess.org/ydsEebv2#61,,True,https://lichess.org/training/J7uSp
Bcue5,8/r3b2Q/5n2/1p1R2R1/p1p1pk2/8/5P2/6K1 b - - 0 47,f6h7 d5f5,1414,76,88,246,endgame mate mateIn1 oneMove,https://lichess.org/t8BX4MTk/black#94,,True,https://lichess.org/training/Bcue5
DRNFa,7r/3R4/1B2pR2/2PP1b2/p3k3/P5K1/7r/8 w - - 3 44,d5e6 h8h3,1414,77,86,1206,endgame mate mateIn1 oneMove,https://lichess.org/8bLWzcnJ#87,,True,https://lichess.org/training/DRNFa
xr06x,5r2/1p1nr3/1P6/k7/1R3p2/2PP4/1K6/5R2 b - - 0 43,d7b6 f1a1 b6a4 a1a4,1416,75,84,652,endgame mate mateIn2 short,https://lichess.org/tkTtoC5B/black#86,,True,https://lichess.org/training/xr06x
zpjIh,2r2r2/4p2R/p4kQ1/1p6/4P3/1Pq2N2/P1n5/1K5R b - - 0 28,f6g6 h1h6,1416,75,96,1448,mate mateIn1 middlegame oneMove,https://lichess.org/sp8dapx1/black#56,,True,https://lichess.org/training/zpjIh
A9V6Z,8/ppp1R2R/6p1/1PP2bk1/8/5K2/Pr3P1P/6r1 b - - 4 30,b2b5 h2h4 g5f6 h7f7,1416,74,95,1680,endgame mate mateIn2 short,https://lichess.org/aruJH9T8/black#60,,True,https://lichess.org/training/A9V6Z
pPFC4,2Nr2Rr/1p2k3/4p3/pP1pP2q/Pb1P3P/4P3/5KQ1/6R1 b - - 0 36,d8c8 g2g7 h5f7 g7f7 e7f7 g1g7,1416,75,96,16468,attraction long master mate mateIn3 middlegame,https://lichess.org/F1hRoIeG/black#72,,True,https://lichess.org/training/pPFC4
DftVs,8/4n1R1/5p1k/p1p1pN1p/Pp1pP3/1P1P3q/B1P2K2/6R1 b - - 5 42,e7f5 g1g6,1416,84,81,517,endgame mate mateIn1 oneMove,https://lichess.org/0SId4oJc/black#84,,True,https://lichess.org/training/DftVs
AiBoG,r2q2k1/pp1n1r1p/2p2pQ1/3p4/3P3R/2N3P1/PPP2PP1/2K4R b - - 0 17,h7g6 h4h8 g8g7 h1h7,1416,77,96,22873,kingsideAttack mate mateIn2 middlegame short,https://lichess.org/pbKIo0q6/black#34,French_Defense French_Defense_Exchange_Variation,True,https://lichess.org/training/AiBoG
XqFUV,5r2/pR4R1/k1p5/3p3p/3P3P/3P4/r5P1/6K1 b - - 0 30,f8f2 b7a7 a6b6 g7b7,1417,76,96,9815,endgame mate mateIn2 rookEndgame short,https://lichess.org/OMz11Czk/black#60,,True,https://lichess.org/training/XqFUV
nA2GV,2k4r/1p2bpp1/1p1p4/2p1p3/2P5/1P2PbP1/PB1P3r/R3QRK1 w - - 0 23,f1f3 h2h1 g1g2 h8h2,1417,74,97,599,kingsideAttack mate mateIn2 middlegame short,https://lichess.org/2KVSAjRN#45,,True,https://lichess.org/training/nA2GV
TCku4,2r1r3/p1PRb2p/1p2k1p1/2p1p1N1/P1P1P3/7P/5P2/3R2K1 b - - 3 29,e7g5 d1d6,1418,74,100,858,endgame mate mateIn1 oneMove,https://lichess.org/Bn5F65Nt/black#58,,True,https://lichess.org/training/TCku4
nbayE,8/6pk/4Q2p/4p3/5rPP/4N3/5rK1/8 w - - 0 38,g2g3 f4f3,1418,75,92,2786,endgame mate mateIn1 oneMove,https://lichess.org/443ppcxw#75,,True,https://lichess.org/training/nbayE
7c8Bs,8/8/4R2R/6pk/2r4r/8/5PK1/8 b - - 0 44,h5g4 f2f3 g4f5 h6f6,1419,74,91,4051,endgame mate mateIn2 rookEndgame short,https://lichess.org/cNuSb7NP/black#88,,True,https://lichess.org/training/7c8Bs
DtDaF,2r2k2/4p2p/5pp1/1p1P1n2/1P1K1P2/2rBR3/5P1P/1R6 w - - 2 32,d3f5 c8c4,1420,89,83,2578,endgame master mate mateIn1 oneMove,https://lichess.org/6SS1QvXA#63,,True,https://lichess.org/training/DtDaF
jaPVk,5rk1/pp4pp/8/2pNp3/2P1P3/4K1Pb/PPn2r1P/R2B3R w - - 9 21,d1c2 f8f3,1420,95,78,76,mate mateIn1 middlegame oneMove,https://lichess.org/eWau9F1z#41,,True,https://lichess.org/training/jaPVk
8L3No,r2BR3/1p1nQkpp/p1p3p1/3n2P1/3P4/1P5q/P1P2P2/4R1K1 b - - 5 24,d5e7 e1e7,1420,75,94,940,mate mateIn1 middlegame oneMove,https://lichess.org/MgWMEgnb/black#48,,True,https://lichess.org/training/8L3No
7TbsY,6r1/8/1p3k2/p1p1n3/P2pPP1R/1P6/4BKr1/3R4 w - - 1 38,f2f1 g2g1 f1f2 g8g2,1420,77,76,217,endgame master masterVsMaster mate mateIn2 short,https://lichess.org/b3TG5FeH#75,,True,https://lichess.org/training/7TbsY
LuJGH,8/4R1pp/p1p2pk1/8/7P/B4P2/PPr3r1/4R1K1 w - - 0 29,g1f1 c2f2,1420,416,33,10,endgame mate mateIn1 oneMove,https://lichess.org/tNTRFL58#57,,True,https://lichess.org/training/LuJGH
2sfZT,2k5/4R3/1pN5/2p2p2/8/2P2PP1/P1nr2r1/R4K2 w - - 5 34,a1d1 d2f2,1421,76,90,2694,endgame mate mateIn1 oneMove,https://lichess.org/svrSWMuB#67,,True,https://lichess.org/training/2sfZT
kN4Rn,3r2kQ/pp3p1p/2p3p1/5bP1/1P1P3R/P2q1BK1/8/7R b - - 0 33,g8h8 h4h7 h8g8 h7h8 g8g7 h1h7,1421,75,100,166,endgame long mate mateIn3,https://lichess.org/46GMPM17/black#66,,True,https://lichess.org/training/kN4Rn
mW6qA,7r/1RR5/4pk2/3pn3/7r/8/5PP1/1B4K1 w - - 6 36,g2g3 h4h1 g1g2 h8h2,1421,77,94,69,endgame mate mateIn2 short,https://lichess.org/dJbBTayT#71,,True,https://lichess.org/training/mW6qA
Sx6DW,r1bq2k1/ppp2r1p/2np1pQ1/6p1/3PP3/2N1B3/PPP1K1BR/7R b - - 0 17,h7g6 h2h8 g8g7 h1h7,1421,75,100,5077,kingsideAttack mate mateIn2 middlegame short,https://lichess.org/EQxezumJ/black#34,Kings_Gambit_Accepted Kings_Gambit_Accepted_Cunningham_Defense,True,https://lichess.org/training/Sx6DW
ypMtY,1k5r/bpp2pp1/p1n2n2/P2QPB2/1P3B2/N1P2pP1/6K1/R6r w - - 0 24,d5f3 h8h2,1421,89,75,57,mate mateIn1 middlegame oneMove,https://lichess.org/WFz1Rbpc#47,,True,https://lichess.org/training/ypMtY
zXmAB,r7/r7/8/8/2BP4/4b3/1PP4k/1K2BR2 w - - 5 59,b2b3 a7a1 b1b2 e3d4 c2c3 a8a2,1422,75,98,2969,endgame long mate mateIn3,https://lichess.org/VSXJLqxY#117,,True,https://lichess.org/training/zXmAB
MFLwc,5r1k/5pRp/p1p2r2/8/1P2q3/P5Q1/5P2/6KR b - - 1 39,f6g6 h1h7,1422,87,84,574,endgame mate mateIn1 oneMove,https://lichess.org/HprMNYTS/black#78,,True,https://lichess.org/training/MFLwc
prwbD,5r1k/1R4p1/p5p1/2b5/4P3/1P1PK1PB/2P2r1P/1bNR4 w - - 5 33,d3d4 f8f3,1422,91,79,1484,mate mateIn1 middlegame oneMove,https://lichess.org/gWndQ44q#65,,True,https://lichess.org/training/prwbD
2J740,6k1/q5pp/3Pp3/4P3/1Q1B4/1P3bP1/6rr/1R2RK2 w - - 0 35,d4a7 h2h1 a7g1 h1g1,1422,76,87,1006,master mate mateIn2 middlegame short,https://lichess.org/AVqCKZ2o#69,,True,https://lichess.org/training/2J740
8yjjj,q5k1/5p1p/2B3pb/3pp3/1r6/2P2P2/rP3BPP/1K1R3R w - - 0 22,c6a8 b4b2,1422,87,92,77,mate mateIn1 middlegame oneMove queensideAttack,https://lichess.org/LToeNePn#43,,True,https://lichess.org/training/8yjjj
FI7Ri,2r5/pp3pN1/8/k7/4P3/1K6/2r2PPP/1R3B1R w - - 7 33,f1b5 c8c3,1422,90,33,594,endgame mate mateIn1 oneMove,https://lichess.org/Zjsycqg7#65,,True,https://lichess.org/training/FI7Ri
L9E0n,R4R2/1p1k1p1p/1b2p3/3pP2p/3r4/1B4PK/5r1P/8 b - - 11 32,d4d2 b3a4 d7e7 a8e8,1423,76,62,144,endgame mate mateIn2 short,https://lichess.org/RmUSLEYI/black#64,,True,https://lichess.org/training/L9E0n
Zbjxa,3r2k1/pp3r1p/5pB1/q2p4/2p2P1R/2N3P1/PPP2P2/2K4R b - - 0 24,h7g6 h4h8 g8g7 h1h7,1423,75,67,231,endgame kingsideAttack mate mateIn2 short,https://lichess.org/Im8IpVJT/black#48,,True,https://lichess.org/training/Zbjxa
r20bk,2kr4/1p6/2p2Q2/p1p3P1/2P1p3/1P2Pn2/P2PKRr1/3R3q w - - 0 36,d1h1 d8d2 e2f1 d2f2,1423,88,68,43,endgame master mate mateIn2 short,https://lichess.org/UOvr92F1#71,,True,https://lichess.org/training/r20bk
Me5js,2r4r/pp1R2pp/4kb2/2p1p3/4P3/4B3/PPP3PP/3R2K1 b - - 1 19,h8d8 d1d6,1424,85,81,385,endgame mate mateIn1 oneMove,https://lichess.org/4geUAlfU/black#38,,True,https://lichess.org/training/Me5js
YIG0L,8/3R2R1/1p2pk1p/8/3P3P/6P1/1r2r3/5K2 b - - 0 43,e2c2 d7f7,1424,78,75,682,endgame mate mateIn1 oneMove rookEndgame,https://lichess.org/7nE8UJvu/black#86,,True,https://lichess.org/training/YIG0L
VhUTO,8/1p3kp1/p6r/3p3r/3P1P2/5PP1/1P3QK1/R7 w - - 1 36,g2g1 h5h1 g1g2 h6h2,1424,84,64,39,endgame master masterVsMaster mate mateIn2 queenRookEndgame short,https://lichess.org/Uyru4fDV#71,,True,https://lichess.org/training/VhUTO
o5BWI,2r5/pp1k1ppp/4p3/b7/3PP3/P2KB3/2r2PPP/R6R w - - 5 18,h1c1 c8c3,1425,75,87,508,endgame mate mateIn1 oneMove,https://lichess.org/GrUwwiTX#35,Queens_Gambit_Declined Queens_Gambit_Declined_Exchange_Variation,True,https://lichess.org/training/o5BWI
VLEuy,8/pp3k2/3rr3/4K1p1/1P1pR1P1/P4p1P/2P2P2/3R4 w - - 4 40,e5f5 d6d5 e4e5 d5e5,1425,75,94,19432,endgame mate mateIn2 rookEndgame short,https://lichess.org/ACT0QVCy#79,,True,https://lichess.org/training/VLEuy
MehfP,8/1k6/8/1P2R3/4Pp2/5P2/r5rp/4RKB1 w - - 0 40,g1h2 a2f2,1425,250,85,21,endgame mate mateIn1 oneMove,https://lichess.org/BDbKpQMD#79,,True,https://lichess.org/training/MehfP
P7BJI,r3r3/3R1k1p/p5p1/5p2/5P2/7P/P5P1/3R2K1 b - - 2 31,f7e6 d1d6,1426,93,71,174,endgame mate mateIn1 oneMove rookEndgame,https://lichess.org/LovB6e5T/black#62,,True,https://lichess.org/training/P7BJI
0MQWT,2r5/4k2p/8/1P1K1p2/2r1p1P1/1RP5/7P/4R3 w - - 4 35,g4f5 c8c5,1426,77,87,286,endgame mate mateIn1 oneMove rookEndgame,https://lichess.org/25OZjkmY#69,,True,https://lichess.org/training/0MQWT
8YABZ,7k/pp3r1P/6K1/5r2/8/PP5R/8/7R w - - 13 47,h3g3 f7f6,1426,87,87,1692,endgame master mate mateIn1 oneMove rookEndgame,https://lichess.org/J5NUEBhm#93,,True,https://lichess.org/training/8YABZ
QUQMm,8/b4Rk1/6Pp/8/7K/5R1P/5P2/r3r3 b - - 2 46,g7g6 f3f6,1427,99,100,48,endgame mate mateIn1 oneMove,https://lichess.org/hjH1CAEE/black#92,,True,https://lichess.org/training/QUQMm
S0Ru6,7R/P7/4R1p1/5pkp/6r1/5K2/6r1/8 w - - 2 52,a7a8q g4g3,1427,86,83,378,endgame mate mateIn1 oneMove queenRookEndgame,https://lichess.org/h1stJKit#103,,True,https://lichess.org/training/S0Ru6
anaPO,8/R3B2p/3Rp1k1/5p2/2p2PrP/8/P1P3rK/8 w - - 2 36,h2h3 g4g3,1428,114,78,46,endgame master mate mateIn1 oneMove,https://lichess.org/oJZuEw8x#71,,True,https://lichess.org/training/anaPO
qKaE4,7r/R2N2pp/2pn1p2/1k2p3/R3P3/1Pr5/4KPPP/8 b - - 1 28,c3b3 a7a5,1428,164,65,25,endgame master mate mateIn1 oneMove,https://lichess.org/KORlJlni/black#56,,True,https://lichess.org/training/qKaE4
CR93c,r5k1/3q1r1p/4p1QR/3pP1P1/1np2B2/4PP2/1P1K4/7R b - - 0 27,h7g6 h6h8 g8g7 h1h7,1429,87,82,84,mate mateIn2 middlegame short,https://lichess.org/q23d8CD4/black#54,,True,https://lichess.org/training/CR93c
I6Hd5,1rb5/4R2R/p2p1k2/3r1p2/2p2P1N/6P1/6P1/7K b - - 1 36,b8b7 h7f7,1429,76,100,173,endgame mate mateIn1 oneMove,https://lichess.org/pOQJ1nZC/black#72,,True,https://lichess.org/training/I6Hd5
A1P2p,7r/p4pkr/1p1R2b1/2P5/8/P3B3/4BPP1/5RK1 w - - 1 28,g2g3 h7h1 g1g2 g6e4 f2f3 h8h2,1429,75,88,1134,long mate mateIn3 middlegame,https://lichess.org/XmWeg5Fj#55,,True,https://lichess.org/training/A1P2p
5X35J,1k5r/pp3pp1/q3p3/4P3/4R3/2P2QP1/PP3PK1/3R1N1r w - - 5 24,a2a3 a6f1 d1f1 h8h2,1429,75,98,7130,mate mateIn2 middlegame sacrifice short,https://lichess.org/n5Sh40ND#47,,True,https://lichess.org/training/5X35J
tFMqy,2k4r/ppp2p1r/8/4pP2/4P1p1/3P2b1/PP3R1P/2RQ2K1 w - - 0 27,h2g3 h7h1 g1g2 h8h2,1429,75,99,1361,endgame mate mateIn2 queenRookEndgame short,https://lichess.org/iyOCSBbt#53,,True,https://lichess.org/training/tFMqy
RR2hg,2Q4b/5p1k/1B1Np1p1/4P1P1/5P2/7p/r6r/2R3K1 w - - 1 46,d6f7 a2g2 g1f1 h2h1 b6g1 h1g1,1429,91,84,29,exposedKing long mate mateIn3 middlegame,https://lichess.org/FJlqOwRl#91,,True,https://lichess.org/training/RR2hg
dWOKp,2r1k3/1p3ppp/4p3/3pN3/p2P4/Bp1KP3/2r2PPP/1R3R2 w - - 6 27,b1c1 c8c3,1430,89,86,1270,endgame mate mateIn1 oneMove,https://lichess.org/8zhDANq8#53,,True,https://lichess.org/training/dWOKp
SNHfF,4rn1R/1p4k1/p1pB1p2/2Pp1Pp1/3rb1P1/8/7R/5BK1 b - - 3 42,d4d1 d6f8 e8f8 h2h7,1430,77,83,130,mate mateIn2 middlegame short,https://lichess.org/S1zOpaPh/black#84,,True,https://lichess.org/training/SNHfF
aQ0MI,3r2k1/p5bp/4p1p1/2B1Pp2/2R2P2/4K2P/P2r2P1/2R5 w - - 2 28,c5a7 d8d3,1430,75,70,182,endgame mate mateIn1 oneMove,https://lichess.org/6ZMgAZgA#55,,True,https://lichess.org/training/aQ0MI
MQSBm,rr6/2Rk1p1p/3N2p1/pp2p3/3pPPn1/1P1P2P1/P5KP/2R5 b - - 2 29,d7d6 c1c6,1430,125,65,136,endgame master mate mateIn1 oneMove,https://lichess.org/ZKNJUS8N/black#58,,True,https://lichess.org/training/MQSBm
RQg1p,r5k1/2B2ppp/2R1b3/1ppn4/8/rP3N2/2P2PPP/1K2R3 w - - 6 25,c6c5 a3a1 b1b2 a8a2,1430,76,83,1029,mate mateIn2 middlegame queensideAttack short,https://lichess.org/ul0zwK0t#49,,True,https://lichess.org/training/RQg1p
K69yq,8/1R6/2R3p1/p7/4kPP1/7K/r4r1P/8 w - - 1 40,c6g6 f2h2 h3g3 a2g2,1431,78,93,7629,endgame mate mateIn2 rookEndgame short,https://lichess.org/bNc9KBtF#79,,True,https://lichess.org/training/K69yq
iKtiw,6r1/8/p4Q2/3P4/4kp2/6rP/6P1/6K1 w - - 0 50,d5d6 g3g2 g1f1 g2g1 f1f2 g8g2,1431,76,82,79,endgame long mate mateIn3 queenRookEndgame,https://lichess.org/JAGO4IsC#99,,True,https://lichess.org/training/iKtiw
eM2Sn,7r/p1p5/5k2/3p1p2/PP1P1Pp1/2P1B1K1/6Br/6R1 w - - 0 29,g2d5 h8h3,1431,78,100,178,endgame mate mateIn1 oneMove,https://lichess.org/oq9OwASH#57,,True,https://lichess.org/training/eM2Sn
n8Var,4rk2/R4QR1/4qpp1/3p1n1p/3P4/1P2nP2/6PP/6K1 b - - 5 45,e6f7 a7f7,1432,76,93,5077,endgame mate mateIn1 oneMove,https://lichess.org/yCZRs97V/black#90,,True,https://lichess.org/training/n8Var
mpgEC,8/1k2K3/1R4R1/1p6/8/8/8/5q2 b - - 1 71,b7c7 g6c6,1432,108,75,107,endgame mate mateIn1 oneMove queenRookEndgame,https://lichess.org/xN1rNhzt/black#142,,True,https://lichess.org/training/mpgEC
rvh4R,1r5k/5p1p/5p2/2p1pP2/3pP2R/1P5R/1r4PP/2K5 b - - 9 31,b2b3 h4h7 h8g8 h7h8 g8g7 h3h7,1432,76,92,1627,endgame long mate mateIn3 rookEndgame,https://lichess.org/yl4lCoE9/black#62,,True,https://lichess.org/training/rvh4R
guwl7,1r4k1/4pp2/5Pp1/1p1Pb1P1/6BR/2p1K3/1r6/7R b - - 2 35,e7f6 h4h8 g8g7 h1h7,1432,75,100,1161,endgame mate mateIn2 short,https://lichess.org/Oy6rzxkd/black#70,,True,https://lichess.org/training/guwl7
RvB0v,3r4/ppr1kR1p/1bn3p1/4p3/3pB3/6P1/PPP4P/1K3R2 b - - 9 27,e7e6 f1f6,1432,78,75,1353,mate mateIn1 middlegame oneMove,https://lichess.org/Sozyn4Yz/black#54,,True,https://lichess.org/training/RvB0v
hjmm6,r7/8/3R2R1/5pk1/p7/8/5KPP/r7 b - - 1 41,g5f4 g2g3 f4e5 g6e6,1433,75,97,13302,endgame mate mateIn2 rookEndgame short,https://lichess.org/zQF6LU3H/black#82,,True,https://lichess.org/training/hjmm6
gmawL,5k2/p4r2/R5R1/6p1/6P1/6KP/5r2/8 w - - 3 44,a6a7 f7f3,1433,157,52,9,endgame mate mateIn1 oneMove rookEndgame,https://lichess.org/DCS3YoZa#87,,True,https://lichess.org/training/gmawL
4sxOh,3q2k1/5r1p/p2pb1Q1/4p1P1/4P3/1N2nP2/P1r1B2R/1K5R b - - 0 26,h7g6 h2h8 g8g7 h1h7,1433,76,65,487,mate mateIn2 middlegame short,https://lichess.org/Y6GPSZMc/black#52,,True,https://lichess.org/training/4sxOh
SYlPQ,8/p5pk/4Q2p/8/1p2P3/8/r5r1/4R1K1 w - - 1 40,g1f1 a2f2,1433,407,100,1,endgame mate mateIn1 oneMove queenRookEndgame,https://lichess.org/cYixlE1M#79,,True,https://lichess.org/training/SYlPQ
OEOZ2,r2q2kb/p4r1p/2p3Q1/1p1p2P1/5P2/P6R/2K5/7R b - - 0 29,h7g6 h3h8 g8g7 h1h7,1433,75,100,176,endgame mate mateIn2 short,https://lichess.org/MUmSwmyb/black#58,,True,https://lichess.org/training/OEOZ2
ojER0,7r/2p5/1p1p1k2/pP2p3/P1P2pPr/R1NP1b2/5R2/6K1 w - - 0 36,f2f3 h4h1 g1g2 h8h2,1433,81,85,89,endgame mate mateIn2 short,https://lichess.org/wSZPJo2X#71,,True,https://lichess.org/training/ojER0
aNvAR,1k4r1/1p2R3/7r/1N1p4/3P1p2/4nBP1/P7/4R1K1 w - - 1 32,f3d5 g8g3 g1f2 h6h2 d5g2 h2g2,1434,75,96,10342,exposedKing hookMate long mate mateIn3 middlegame,https://lichess.org/undJUgEz#63,,True,https://lichess.org/training/aNvAR
PuiVw,6R1/p4k2/1p4R1/2p2K2/4r3/r7/8/8 b - - 1 57,a3a4 g6g7,1435,85,77,790,endgame mate mateIn1 oneMove rookEndgame,https://lichess.org/TaYr3nwV/black#114,,True,https://lichess.org/training/PuiVw
fbtxQ,4k1nr/pp5r/5p2/3p4/3P2p1/4P1q1/P1P2R1P/R2Q2K1 w k - 0 21,h2g3 h7h1 g1g2 h8h2,1435,75,97,11473,endgame mate mateIn2 short,https://lichess.org/Dj7DDUnf#41,,True,https://lichess.org/training/fbtxQ
47QUP,6k1/p4p1p/6p1/2p5/4B3/2KP4/Pr3r1P/R5R1 w - - 0 32,h2h3 f2c2,1435,84,75,384,endgame mate mateIn1 oneMove,https://lichess.org/X3wB3Y4O#63,,True,https://lichess.org/training/47QUP
qSb2O,r6r/p1RpkpR1/1p2pN1p/4P3/1n5P/5N2/P4nKP/8 b - - 1 22,f2d3 c7d7 e7f8 d7f7,1435,89,78,46,mate mateIn2 middlegame short,https://lichess.org/amhTS9Ep/black#44,,True,https://lichess.org/training/qSb2O
hn3F9,7r/2p2k2/1p3b2/pP6/P1P1PpP1/R4P1r/5B2/3R2K1 w - - 2 37,a3d3 h3h1 g1g2 h8h2,1435,76,57,96,endgame master mate mateIn2 short,https://lichess.org/ZHbFhWFs#73,,True,https://lichess.org/training/hn3F9
tmKsR,4r1r1/ppp3p1/3p4/3N3k/3nPR1R/8/PPP3P1/6K1 b - - 2 27,h5g5 f4g4,1436,88,83,1767,endgame mate mateIn1 oneMove,https://lichess.org/mGvU5ofP/black#54,,True,https://lichess.org/training/tmKsR
xbAmb,8/1pp1rR1k/1pnp4/6p1/rP1PP3/2P5/4B3/5RK1 b - - 0 35,h7g6 f1f6,1436,159,70,111,endgame mate mateIn1 oneMove,https://lichess.org/QhZNsz6o/black#70,,True,https://lichess.org/training/xbAmb
f5uns,1r6/2r1pp2/6p1/8/R3KPP1/1kp1P3/1p6/R7 b - - 3 43,c3c2 a1a3,1437,95,40,89,endgame mate mateIn1 oneMove rookEndgame,https://lichess.org/CJg41k4I/black#86,,True,https://lichess.org/training/f5uns
ubPuv,4r3/p1b3k1/6p1/P1Q2pNp/R4P2/4qK1P/4r3/2R5 w - - 3 33,c5e3 e8e3,1437,75,87,2274,master mate mateIn1 middlegame oneMove,https://lichess.org/jzyNITf9#65,,True,https://lichess.org/training/ubPuv
9k993,1r3b2/5R1k/7P/p2pN3/3q4/Pr6/1P5P/6RK b - - 1 44,h7h6 g1g6 h6h5 f7h7 f8h6 h7h6,1437,76,96,16263,exposedKing long mate mateIn3 middlegame,https://lichess.org/JD2XNUHI/black#88,,True,https://lichess.org/training/9k993
gXGKX,r6r/2np2Np/1p3p2/p4R2/PnR5/4k3/6PP/2K5 b - - 1 27,c7d5 f5f3 e3e2 c4e4 d5e3 e4e3,1437,89,63,42,long mate mateIn3 middlegame,https://lichess.org/JgoarTKs/black#54,,True,https://lichess.org/training/gXGKX
pMPq3,8/p3k3/1p2p1pp/2P5/3PbQP1/2P4K/P5rP/7r w - - 7 42,f4e4 h1h2,1437,78,73,83,endgame mate mateIn1 oneMove queenRookEndgame,https://lichess.org/hsepELbK#83,,True,https://lichess.org/training/pMPq3
vydH7,2r3Rk/p6P/4p1R1/1p1p2P1/2nP4/2P2K2/7r/8 b - - 8 40,h8h7 g6g7,1437,76,96,11182,endgame mate mateIn1 oneMove,https://lichess.org/kfYzmold/black#80,,True,https://lichess.org/training/vydH7
C3agB,7R/pp2r1k1/2p4R/6P1/3Prn2/4pK2/1P4P1/8 b - - 6 43,f4g6 h6h7,1437,92,85,438,endgame master mate mateIn1 oneMove,https://lichess.org/YZ78xWRI/black#86,,True,https://lichess.org/training/C3agB
oAOyP,8/p2Rrp2/1p4p1/1PpR1k1p/P3r2P/1P4P1/5PK1/8 b - - 6 41,f5e6 d7d6,1437,82,86,1469,endgame master masterVsMaster mate mateIn1 oneMove rookEndgame,https://lichess.org/HsJQ3xXU/black#82,,True,https://lichess.org/training/oAOyP
3csjn,5rk1/1R6/8/6p1/PP5R/6KP/1P3r2/8 w - - 0 44,h4g4 f8f3,1437,97,65,203,endgame mate mateIn1 oneMove rookEndgame,https://lichess.org/aTgzpFE0#87,,True,https://lichess.org/training/3csjn
E5baR,5rk1/1R5n/p1p1p2p/4p1pP/N3P1P1/P3bPK1/1PP2r2/2N4R w - - 3 28,c1d3 f8f3,1437,90,75,191,mate mateIn1 middlegame oneMove,https://lichess.org/oIvLG0Z2#55,,True,https://lichess.org/training/E5baR
KnZyo,7r/p1q1kp1Q/2p1R3/2Pr4/1P6/2b3pK/6P1/4R3 b - - 0 38,e7d8 h7h8 c3h8 e6e8 d8d7 e1e7,1438,75,100,710,exposedKing fork long mate mateIn3 middlegame sacrifice,https://lichess.org/jeewgwFL/black#76,,True,https://lichess.org/training/KnZyo
Gv2Bd,8/2p3p1/3p3p/1P6/R2kpR2/3n4/1r5P/3K4 b - - 8 48,d4e3 a4e4,1439,87,83,1310,endgame master mate mateIn1 oneMove,https://lichess.org/Tnky0Sk1/black#96,,True,https://lichess.org/training/Gv2Bd
pThhw,7r/1p3p2/2p2k2/1p4p1/3pPKp1/P4P1r/BPP2R1P/7R w - - 0 27,f4g4 h8h4,1439,87,51,145,endgame master mate mateIn1 oneMove,https://lichess.org/dxkXedJO#53,,True,https://lichess.org/training/pThhw
Yoj15,r7/1p3R1p/1pp1k1p1/4p3/2PrN2P/P7/1PP5/2K2R2 b - - 0 27,d4e4 f1f6,1440,485,100,1,endgame mate mateIn1 oneMove rookEndgame,https://lichess.org/CdvzZB4C/black#54,,True,https://lichess.org/training/Yoj15
8TMXK,r7/p2b2R1/7k/6R1/2r2P1K/6P1/n6P/8 b - - 0 35,a8d8 g5g6,1440,75,94,1084,endgame mate mateIn1 oneMove,https://lichess.org/9DOLgIcb/black#70,,True,https://lichess.org/training/8TMXK
FDe7b,7r/ppp1q3/2n3k1/5p2/3P1Bp1/1P4P1/P4P1r/2RQR1K1 w - - 0 28,e1e7 h2h1 g1g2 h8h2,1440,76,96,21213,mate mateIn2 middlegame short,https://lichess.org/ZmbjZOlH#55,,True,https://lichess.org/training/FDe7b
3dqS2,2k4r/p3bpp1/1p2p3/2p5/1P1PPPn1/5RP1/P3NK2/R2Q3r w - - 4 26,f2g2 h8h2,1440,75,68,423,mate mateIn1 middlegame oneMove,https://lichess.org/JLa5Yujs#51,,True,https://lichess.org/training/3dqS2
MkEhf,8/2r3p1/7p/2p2p2/r2p4/2k2PP1/1R1RK2P/8 b - - 1 47,c5c4 d2c2,1440,81,87,159,endgame mate mateIn1 oneMove rookEndgame,https://lichess.org/Lrp4Hs7n/black#94,,True,https://lichess.org/training/MkEhf
0evYV,6k1/6pp/8/1pR5/p7/P5P1/1PPr1r1P/4K2R w - - 5 30,h1f1 f2e2,1441,83,81,402,endgame mate mateIn1 oneMove rookEndgame,https://lichess.org/ZkjItV99#59,,True,https://lichess.org/training/0evYV
DpDN5,2k4r/pp2b1p1/4p3/8/PP1p2p1/1Q4Pr/2PB1P1P/R5Kq w - - 0 25,g1h1 h3h2 h1g1 h2h1 g1g2 h8h2,1441,75,81,236,endgame kingsideAttack long master mate mateIn3,https://lichess.org/hTuKCt03#49,,True,https://lichess.org/training/DpDN5
3lzxq,8/kp6/3R4/p6p/3pP2P/1R1K4/PPr2rB1/8 w - - 0 41,g2h1 f2d2,1441,81,86,170,endgame mate mateIn1 oneMove,https://lichess.org/CotBtPX8#81,,True,https://lichess.org/training/3lzxq
whGnH,r3r1k1/pp1b1p2/2p1pnp1/b3B3/3P1P2/2PBP1P1/6KR/7R b - - 1 26,a5d8 h2h8 g8g7 h1h7,1441,76,96,7127,kingsideAttack mate mateIn2 middlegame pin short,https://lichess.org/UQ0jFAwP/black#52,,True,https://lichess.org/training/whGnH
7DjMP,7r/p2Q4/1p4p1/3BNnkr/1P4p1/2P5/P7/4R1K1 w - - 2 46,d5e6 h5h1 g1g2 h8h2,1441,76,94,9244,mate mateIn2 middlegame short,https://lichess.org/FX7qF1BH#91,,True,https://lichess.org/training/7DjMP
FSswm,8/8/1RP3p1/p4pk1/P2r4/1P2K1PR/3r4/8 w - - 3 52,c6c7 d4d3,1441,105,52,194,endgame mate mateIn1 oneMove rookEndgame,https://lichess.org/EmuoIGNL#103,,True,https://lichess.org/training/FSswm
1dyBr,3r3r/p2Pk2p/3R1R2/2n5/1P4p1/4Kn2/P1P4P/8 b - - 0 34,c5d7 d6e6,1441,75,91,10858,endgame mate mateIn1 oneMove,https://lichess.org/eUMzf2ug/black#68,,True,https://lichess.org/training/1dyBr
Rrc1Z,1r4r1/7K/3pk3/1P1pppP1/3P3P/R1P2N2/8/1R6 w - - 5 46,g5g6 g8h8 h7g7 b8g8,1442,75,84,197,endgame master masterVsMaster mate mateIn2 short,https://lichess.org/TIaJwct1#91,,True,https://lichess.org/training/Rrc1Z
7uYTu,2k4r/pR1b2r1/2p1p3/3pPp2/7q/2PB3p/P1P1QPP1/1R4K1 b - - 1 22,h3g2 b7b8 c8c7 b1b7,1442,75,87,2176,mate mateIn2 middlegame queensideAttack short,https://lichess.org/tGGegRZN/black#44,,True,https://lichess.org/training/7uYTu
zIGNE,8/p5kp/B3pp2/4Q1p1/P1P3r1/7K/6r1/2R5 w - - 0 45,e5e6 g4g3,1442,76,90,1620,endgame mate mateIn1 oneMove,https://lichess.org/9dyu5k8q#89,,True,https://lichess.org/training/zIGNE
b8oTO,r7/8/1P2p3/1bR4p/1K1k2p1/r7/4B3/5R2 w - - 0 51,c5b5 a8a4,1442,98,71,331,endgame mate mateIn1 oneMove,https://lichess.org/KkcY1CZ6#101,,True,https://lichess.org/training/b8oTO
Z9WST,7r/1ppb3r/2k1pQ2/2Pp1p2/1P3Bp1/p5P1/P4P2/4R1K1 w - - 3 33,f6c3 h7h1 g1g2 h8h2,1442,76,85,492,endgame kingsideAttack mate mateIn2 short,https://lichess.org/lRyfOMav#65,,True,https://lichess.org/training/Z9WST
EN4x6,rn1R2R1/1b2pk2/8/8/p4N2/8/1b3P2/4K3 b - - 1 24,a4a3 d8f8,1443,78,84,1584,mate mateIn1 middlegame oneMove,https://lichess.org/xRIbXU44/black#48,,True,https://lichess.org/training/EN4x6
oNL90,r5k1/3n1p2/4p1pR/3p2P1/2pP2B1/2Pn1K2/2rN1P2/7R b - - 5 35,c2d2 h6h8 g8g7 h1h7,1443,75,94,11277,mate mateIn2 middlegame short,https://lichess.org/8qC8eUG7/black#70,,True,https://lichess.org/training/oNL90
r3ChP,1r2b3/4Nk1P/5P2/3pP3/8/p1PB4/Kr5P/2R5 w - - 1 44,a2a3 b8b3,1444,86,86,576,endgame master mate mateIn1 oneMove,https://lichess.org/bNkTMuQa#87,,True,https://lichess.org/training/r3ChP
DbwT2,8/6pk/1p5p/4Pq2/8/P1PQR3/5rr1/4R1K1 w - - 2 42,g1h1 g2h2 h1g1 f2g2,1444,75,94,2086,endgame mate mateIn2 short,https://lichess.org/EWyLGFXO#83,,True,https://lichess.org/training/DbwT2
HN5Gj,7r/p1p5/6R1/B1kn3r/P3p3/3nP2p/4K3/1R6 b - - 0 36,h3h2 b1b5 c5c4 g6c6 d3c5 c6c5,1445,74,96,23530,long mate mateIn3 middlegame,https://lichess.org/wid1tUZE/black#72,,True,https://lichess.org/training/HN5Gj
eanhe,6r1/3k4/3p1p2/b1pPp3/P3P3/N3BK2/1RR1b1r1/8 w - - 2 34,c2e2 g8g3,1445,81,76,101,mate mateIn1 middlegame oneMove,https://lichess.org/SwmdTg5o#67,,True,https://lichess.org/training/eanhe
1MUyS,1k5r/2p1pp2/pp6/3q2b1/1PN3p1/P3P1Pr/1B3P2/3RR1K1 w - - 0 31,d1d5 h3h1 g1g2 h8h2,1445,78,74,95,kingsideAttack mate mateIn2 middlegame short,https://lichess.org/JiDqLRGi#61,,True,https://lichess.org/training/1MUyS
LW7CB,2r5/3q2rk/4p1bp/p2pPpR1/1ppP1P2/2P3RQ/1P2B2P/7K b - - 5 33,c8g8 h3h6 h7h6 g3h3 g6h5 h3h5,1446,74,94,1110,attraction long mate mateIn3 middlegame sacrifice,https://lichess.org/X2T3TxyP/black#66,,True,https://lichess.org/training/LW7CB
FQScy,8/5R2/4r1kp/p2p2p1/6P1/1P3N1P/P1n2R1K/3r4 b - - 1 33,c2e3 f3e5 e6e5 f2f6,1447,83,85,51,clearance endgame mate mateIn2 sacrifice short,https://lichess.org/XVN9pSWj/black#66,,True,https://lichess.org/training/FQScy
I9KEc,6r1/1p5R/4k3/5p2/3B1P2/2P2K1P/6r1/8 w - - 2 55,h7b7 g8g3,1447,175,67,69,endgame mate mateIn1 oneMove,https://lichess.org/ao5f7uqG#109,,True,https://lichess.org/training/I9KEc
3H6vB,3r2k1/6pp/Rp1rbp2/2p5/3Np3/PP2P1P1/2P2P1P/4K2R w K - 0 21,d4e6 d6d1 e1e2 d8d2,1447,76,96,25650,endgame mate mateIn2 short,https://lichess.org/9iUSksyq#41,,True,https://lichess.org/training/3H6vB
JJGdZ,1r1r4/2Rk2p1/1p1Ppp1p/1P1p4/P4P2/6PP/8/2R3K1 b - - 1 36,d7d6 c1c6,1447,85,87,337,endgame master mate mateIn1 oneMove rookEndgame,https://lichess.org/O3X3xK2M/black#72,,True,https://lichess.org/training/JJGdZ
xxDkL,8/8/1N6/1Rp1k3/2P1P3/1K1P4/1r4r1/8 w - - 3 60,b3c3 g2c2,1447,128,80,109,endgame mate mateIn1 oneMove,https://lichess.org/YS1VIfah#119,,True,https://lichess.org/training/xxDkL
8BeFh,Qk2q1rr/1bp1n1b1/1p1p2p1/1P1Ppp2/2P3n1/4PNP1/RB1N2BP/R5K1 b - - 4 21,b7a8 a2a8 b8b7 a1a7,1448,75,87,1138,mate mateIn2 middlegame queensideAttack short,https://lichess.org/Jygx1uOW/black#42,,True,https://lichess.org/training/8BeFh
8deEE,5R2/3rk2p/p7/1p2K1PP/4P3/r1p5/8/5R2 b - - 1 45,b5b4 f1f7,1450,117,52,12,endgame master mate mateIn1 oneMove rookEndgame,https://lichess.org/cinstnoI/black#90,,True,https://lichess.org/training/8deEE
JyHzH,2q1rR2/p3P1kp/2r5/1p1pP1B1/8/8/P6P/5RK1 b - - 0 33,c6g6 f1f7,1450,76,54,117,endgame mate mateIn1 oneMove,https://lichess.org/ZsXr5QQ5/black#66,,True,https://lichess.org/training/JyHzH
i3xb2,8/R6P/6P1/8/4k3/6B1/p4PK1/r6r w - - 1 52,a7a2 a1g1,1450,78,88,92,endgame master mate mateIn1 oneMove,https://lichess.org/lCUkE2fR#103,,True,https://lichess.org/training/i3xb2
i2Yyw,rr6/5p1R/4p1k1/n2pPpP1/3P1K2/4P3/8/7R b - - 7 51,b8h8 h1h6,1450,83,85,1164,endgame mate mateIn1 oneMove,https://lichess.org/mSTvpcNQ/black#102,,True,https://lichess.org/training/i2Yyw
kovO8,3r1r1k/pp4Rp/6b1/5p2/7Q/2P5/PP1q1PP1/1K5R b - - 2 26,d8d7 h4h7 g6h7 h1h7,1451,76,92,1325,mate mateIn2 middlegame sacrifice short,https://lichess.org/GGZoJHdu/black#52,,True,https://lichess.org/training/kovO8
QbTBg,7r/R7/1p2pk1r/1P1q1p2/1P4p1/3Pp1P1/4PQ1P/6KR w - - 2 41,f2e3 d5h1 g1h1 h6h2 h1g1 h2h1 g1g2 h8h2,1451,75,95,9768,attraction endgame master mate mateIn4 sacrifice veryLong,https://lichess.org/0yid8RRx#81,,True,https://lichess.org/training/QbTBg
PgGcD,r5r1/pp1Rk3/2p5/5p1p/4pB1P/4P3/PPP2n2/2KR4 b - - 5 27,e7e6 d1d6,1451,438,47,10,endgame mate mateIn1 oneMove,https://lichess.org/WlHJ4VOp/black#54,,True,https://lichess.org/training/PgGcD
GVnfW,2k4r/1pp5/p1n1p3/3p4/1P2p3/P2PP1qr/2P2R1P/R2Q2K1 w - - 0 20,h2g3 h3h1 g1g2 h8h2,1452,74,92,561,endgame kingsideAttack mate mateIn2 short,https://lichess.org/krV5shQZ#39,,True,https://lichess.org/training/GVnfW
OCFwX,4r1k1/1p3ppp/p1BR4/8/PPp2PP1/2P4P/1BP1r1K1/4bR2 w - - 1 29,g2f3 e8e3,1452,159,67,18,mate mateIn1 middlegame oneMove,https://lichess.org/aDAKNHJk#57,,True,https://lichess.org/training/OCFwX
3XWzD,2r3k1/pp3ppp/8/3K2PQ/2r2b2/7P/NP6/1R5R w - - 1 27,h1f1 c8c5,1452,89,64,640,mate mateIn1 middlegame oneMove,https://lichess.org/YZVt5KHm#53,,True,https://lichess.org/training/3XWzD
tYS7K,r4rk1/pppb1R1p/6pQ/n7/2B5/2PPq3/P1P3PP/5R1K b - - 0 17,e3h6 f7f8 g8g7 f1f7,1452,75,95,6304,doubleCheck kingsideAttack mate mateIn2 middlegame short,https://lichess.org/01MtmLrk/black#34,Kings_Gambit_Declined Kings_Gambit_Declined_Queens_Knight_Defense,True,https://lichess.org/training/tYS7K
PoSoF,2r1r3/3K1k2/8/1p4p1/3Bp1P1/2Pb2R1/5P2/R7 w - - 9 59,g3h3 e8d8,1453,86,82,608,endgame mate mateIn1 oneMove,https://lichess.org/9IAcwLcG#117,,True,https://lichess.org/training/PoSoF
3c4G5,8/4r2p/4p1kR/bB1p4/P2P1pr1/1K6/8/7R b - - 3 62,g6f5 b5d3 f5g5 h1h5,1453,74,96,24841,endgame mate mateIn2 short,https://lichess.org/2NLx9sbu/black#124,,True,https://lichess.org/training/3c4G5
OpRvm,5R2/8/7p/PKp3kP/5R2/1P1p4/r1r5/8 b - - 0 43,d3d2 f8f5,1453,77,92,1204,endgame mate mateIn1 oneMove rookEndgame,https://lichess.org/KcbWLwlK/black#86,,True,https://lichess.org/training/OpRvm
piQNr,2k4r/ppb5/6R1/7r/2p5/2N2P2/PPP2P2/5RK1 w - - 3 33,f1d1 h5h1 g1g2 h8h2,1454,76,65,719,endgame mate mateIn2 short,https://lichess.org/W5Abkw1A#65,,True,https://lichess.org/training/piQNr
UXGxn,7r/5p2/ppbN1nk1/2p5/P1B1Pp2/2NP1P2/1PP4r/R2Q2K1 w - - 0 34,c3e2 h2h1 g1g2 h8h2,1454,75,93,2794,kingsideAttack mate mateIn2 middlegame short,https://lichess.org/YIbAvbSr#67,,True,https://lichess.org/training/UXGxn
fZllU,8/8/2pkpr1r/1pNpR1K1/3P4/1PP2P1P/4R3/8 w - - 5 56,f3f4 f6g6,1454,77,85,265,endgame mate mateIn1 oneMove,https://lichess.org/9dqXMQNB#111,,True,https://lichess.org/training/fZllU
Yz1sz,r6r/1pp2R1p/p1nbk1p1/4p3/3pP3/NP6/PBPP2PP/5RK1 b - - 3 16,a8f8 f1f6,1454,74,90,952,master mate mateIn1 middlegame oneMove,https://lichess.org/0ocxPKKa/black#32,Nimzo-Larsen_Attack Nimzo-Larsen_Attack_Modern_Variation,True,https://lichess.org/training/Yz1sz
mLbXq,3R2R1/pp3p1p/5k2/2p5/4KPP1/1Pq5/8/8 b - - 1 35,c3b3 g4g5 f6e7 g8e8,1454,75,96,11692,endgame mate mateIn2 queenRookEndgame short,https://lichess.org/7HMe4KsH/black#70,,True,https://lichess.org/training/mLbXq
UgPT1,2k4r/pR1r1p2/3p2p1/2pP1Q2/2q5/P1N3P1/6K1/1R6 b - - 0 32,g6f5 b7b8 c8c7 b1b7,1455,76,95,20798,endgame mate mateIn2 short,https://lichess.org/1mCpUcvM/black#64,,True,https://lichess.org/training/UgPT1
g9ByY,1nr3rR/1b2bkP1/5ppQ/3q1p2/3Np3/P3B3/1PP5/1K5R b - - 3 29,g8g7 h6g7 f7g7 h1h7,1455,74,95,18919,attraction mate mateIn2 middlegame sacrifice short,https://lichess.org/IdMZc5HR/black#58,,True,https://lichess.org/training/g9ByY
B8fXA,rr6/1bR2Rpp/4k3/pp1pP3/8/1P1P4/1PP3PP/6K1 b - - 2 22,b7c8 c7e7,1455,75,97,1772,endgame mate mateIn1 oneMove,https://lichess.org/D6fwa9Bw/black#44,,True,https://lichess.org/training/B8fXA
2osPy,8/pp4k1/3P3p/nb1P2pQ/5p2/4rNPP/PP6/R1B1rK2 w - - 1 27,f1f2 e3e2,1456,76,100,608,mate mateIn1 middlegame oneMove,https://lichess.org/fYD8Jx6w#53,,True,https://lichess.org/training/2osPy
BN1g5,8/pp2r2p/2p4R/4p1k1/P2rB2R/1P4PK/8/8 b - - 7 36,d4e4 h4h5,1456,97,62,187,endgame master mate mateIn1 oneMove rookEndgame,https://lichess.org/U3pb7Wm5/black#72,,True,https://lichess.org/training/BN1g5
gzjil,r2q4/1p2ppkR/p5p1/2pN4/3nP3/8/PPP5/1K5R b - - 2 31,g7f8 h7h8 f8g7 h1h7,1456,76,95,13594,endgame master mate mateIn2 short,https://lichess.org/tAMk8LbN/black#62,,True,https://lichess.org/training/gzjil
148pY,7R/1p5p/p1p2R2/8/1P1P2kP/2P4r/1P4K1/7r w - - 12 41,h8h7 h3h2,1456,91,80,1209,endgame mate mateIn1 oneMove rookEndgame,https://lichess.org/mglvtRFZ#81,,True,https://lichess.org/training/148pY
QlgrR,1r6/1p3p2/1P1R2pn/rBPpk3/p5P1/P3PP2/8/3R2K1 b - - 2 33,a5b5 d1d5,1456,75,100,2409,endgame mate mateIn1 oneMove,https://lichess.org/IfIcKU3l/black#66,,True,https://lichess.org/training/QlgrR
sQql0,8/p6p/1p6/2p5/4R1k1/2P5/Pr5r/4R1K1 b - - 9 38,g4f3 e1e3,1456,89,71,147,endgame mate mateIn1 oneMove rookEndgame,https://lichess.org/tHSxCYbr/black#76,,True,https://lichess.org/training/sQql0
tWHdQ,5B2/5Rpp/3R1p1k/5Pr1/8/4K1r1/8/8 w - - 10 45,e3f4 g5g4,1456,74,90,2898,endgame mate mateIn1 oneMove,https://lichess.org/tOidQCSY#89,,True,https://lichess.org/training/tWHdQ
FxNyL,4r3/p4k2/1p3pp1/7p/3p1Pn1/1R1N1KPP/P3r3/2R5 w - - 5 40,h3g4 e8e3,1457,81,86,770,endgame master mate mateIn1 oneMove,https://lichess.org/wn0n3mTc#79,,True,https://lichess.org/training/FxNyL
RW1dH,r5k1/pp3p2/2p1r1p1/3p2n1/3P2NR/5QK1/PP1q2P1/7R b - - 7 33,g5f3 h4h8 g8g7 h1h7,1457,75,97,22355,mate mateIn2 middlegame short,https://lichess.org/1aC9Kj9b/black#66,,True,https://lichess.org/training/RW1dH
XStcQ,2r5/3R1p2/pBk1p1p1/P1b1Pr2/2K2P1p/2P5/8/3R4 b - - 8 36,c5b6 d1d6,1457,78,87,619,endgame master mate mateIn1 oneMove,https://lichess.org/4OhbPLQk/black#72,,True,https://lichess.org/training/XStcQ
cQXDe,4r1Q1/p4Q2/1p3p2/5k2/8/8/P1P1rK1P/8 w - - 3 38,f2f3 e8e3,1457,449,57,24,endgame mate mateIn1 oneMove,https://lichess.org/PG8a6XxK#75,,True,https://lichess.org/training/cQXDe
al8nz,1k5r/pp6/4R3/5pp1/3P1b2/4BP1r/PP3P2/R5K1 w - - 5 26,a1e1 h3h1 g1g2 h8h2,1458,75,98,439,endgame mate mateIn2 short,https://lichess.org/BaYwcEGv#51,,True,https://lichess.org/training/al8nz
ae2fL,2k4r/ppp2pp1/2p5/8/N2PP1b1/4B1P1/PPP4r/R4RK1 w - - 5 19,f1f7 h2h1 g1g2 h8h2,1458,74,96,9929,kingsideAttack mate mateIn2 middlegame short,https://lichess.org/N7xRBTK9#37,Russian_Game Russian_Game_Stafford_Gambit,True,https://lichess.org/training/ae2fL
VxvSc,4r1k1/pp1q1p2/5Pr1/4p2R/P2p2p1/1P1Q1P2/5K2/7R b - - 1 35,g6f6 h5h8 g8g7 h1h7,1459,75,94,1936,endgame mate mateIn2 short,https://lichess.org/OdJsLs3M/black#70,,True,https://lichess.org/training/VxvSc
70GMt,2r2R2/2r1pQ1k/3p2pp/4q3/1p2P1PP/p7/PPP5/1K3R2 b - - 3 30,e5g7 f7g7 h7g7 f1f7,1459,80,85,643,attraction endgame mate mateIn2 short,https://lichess.org/DCXJJDBw/black#60,,True,https://lichess.org/training/70GMt
JA9nI,3r4/kp4pp/P3p3/2R2p2/5P2/4K2P/3r2b1/1R3B2 w - - 0 29,f1g2 d8d3,1459,445,43,7,endgame master mate mateIn1 oneMove,https://lichess.org/toiK9TOW#57,,True,https://lichess.org/training/JA9nI
4ACZJ,8/R5pp/5k2/1P6/1NR5/5PK1/3r2rP/8 w - - 0 38,g3f4 g7g5 f4e3 g2e2,1459,74,84,531,endgame mate mateIn2 short,https://lichess.org/vUJpkpRa#75,,True,https://lichess.org/training/4ACZJ
bjOTL,2k4r/pR1p1ppp/2p1p3/2N1P3/2P2P1P/4q1P1/P7/KR6 b - - 3 29,e3c5 b7b8 c8c7 b1b7,1459,76,95,796,endgame mate mateIn2 queenRookEndgame queensideAttack short,https://lichess.org/ZgSxdkP5/black#58,,True,https://lichess.org/training/bjOTL
8yLxd,5r2/8/2R3pp/1P6/4N1K1/1kP2r2/3R3p/8 w - - 2 42,d2h2 f8f4,1459,80,85,501,endgame mate mateIn1 oneMove,https://lichess.org/2dnKESsj#83,,True,https://lichess.org/training/8yLxd
klh0M,br4k1/1r1n3p/p2p1npQ/2pPp1P1/2p1P3/2q2PN1/PP1R4/1BK4R w - - 0 24,b2c3 b7b1 c1c2 b8b2,1459,80,86,45,mate mateIn2 middlegame queensideAttack short,https://lichess.org/fuu4NYk0#47,,True,https://lichess.org/training/klh0M
DC2HZ,4R3/2p2pkp/1p1p1b2/p4P2/2P3p1/3R2P1/P1Q3KP/5r1r w - - 12 35,c2e2 h1g1,1460,75,70,203,endgame mate mateIn1 oneMove,https://lichess.org/37wvsFM1#69,,True,https://lichess.org/training/DC2HZ
lGJZ0,5R2/1R6/4r1k1/1pP5/3P1K2/4r3/8/8 w - - 2 47,b7b5 e6e4,1460,80,80,455,endgame mate mateIn1 oneMove rookEndgame,https://lichess.org/aMBOFz7Z#93,,True,https://lichess.org/training/lGJZ0
jSst9,2Q1R3/p5p1/R6p/1P4p1/P2k4/7P/2r2rK1/8 w - - 0 45,g2g3 f2g2 g3f3 c2f2,1460,75,94,4703,endgame mate mateIn2 queenRookEndgame short,https://lichess.org/8HD0i1G3#89,,True,https://lichess.org/training/jSst9
s0NJo,1k3r2/2p3pp/Pp1p4/P5P1/1Q1pP1qP/3P4/2P2r2/2R1K1R1 w - - 1 27,g1g4 f2f1 e1e2 f8f2,1460,75,81,212,endgame mate mateIn2 queenRookEndgame short,https://lichess.org/ARNGo8BB#53,,True,https://lichess.org/training/s0NJo
Izvp8,4k3/1p6/p2P1p2/2P1rP1p/2B2K1P/P3r3/6P1/3R4 w - - 3 35,c4e6 e5e4,1460,79,87,266,endgame master mate mateIn1 oneMove,https://lichess.org/9HBqReV8#69,,True,https://lichess.org/training/Izvp8
QbsFl,4Q3/pp6/5k2/4r1r1/2p5/2P1K3/PP6/4R3 w - - 1 38,e3d4 g5g4 e1e4 g4e4,1461,75,89,487,endgame mate mateIn2 queenRookEndgame short,https://lichess.org/t48xfiLj#75,,True,https://lichess.org/training/QbsFl
r9EBv,6Q1/pp4p1/6kp/P1P5/8/1BP3PK/1P2rr1P/R7 w - - 7 36,a1d1 f2h2 h3g4 h6h5 g4f3 h2f2,1461,103,75,32,endgame long mate mateIn3,https://lichess.org/2jdIdsTb#71,,True,https://lichess.org/training/r9EBv
hek72,3rkb2/1R3RB1/4p2p/2p2p2/p1P5/8/p1P1KP1P/N5r1 b - - 5 31,f8g7 b7e7,1461,456,25,4,endgame mate mateIn1 oneMove,https://lichess.org/uxZhyrRs/black#62,,True,https://lichess.org/training/hek72
WZz0A,r3r3/4bp2/2p2k2/p1n1R1R1/8/P4N1P/1PP2PP1/6K1 b - - 14 30,c5e6 e5f5,1462,97,78,291,mate mateIn1 middlegame oneMove,https://lichess.org/eWDy4zbY/black#60,,True,https://lichess.org/training/WZz0A
Xnrz2,5k2/5p1p/7R/4R3/8/1PN5/PPnr2rP/4K3 w - - 5 27,e1f1 d2f2,1462,75,83,532,endgame mate mateIn1 oneMove,https://lichess.org/4QWV3Xp0#53,,True,https://lichess.org/training/Xnrz2
ZneUz,3R4/p7/4Rkr1/2pP4/2P3pK/8/6rp/8 b - - 3 52,f6f5 d8f8 g6f6 f8f6,1462,128,67,13,endgame mate mateIn2 rookEndgame short,https://lichess.org/ntSSuLZr/black#104,,True,https://lichess.org/training/ZneUz
Dpszh,5rk1/pp1n1r1p/2pb2p1/4pqP1/P3p2P/BPP1P3/3PQ3/R3K1NR w KQ - 3 18,a3d6 f5f1 e2f1 f7f1 e1e2 f8f2,1462,76,94,6639,long mate mateIn3 middlegame,https://lichess.org/ECO1hEws#35,Vant_Kruijs_Opening Vant_Kruijs_Opening_Other_variations,True,https://lichess.org/training/Dpszh
R7HHN,r3qrbk/ppp3Rp/7Q/5p2/8/7R/1P4P1/6K1 b - - 4 30,f8f7 h6h7 g8h7 h3h7,1463,75,96,24366,mate mateIn2 middlegame sacrifice short,https://lichess.org/echx0ws1/black#60,,True,https://lichess.org/training/R7HHN
WC4jN,1bk4r/pp1nq3/5n2/PPpP4/6pr/2N5/2PN1P2/R2QR1K1 w - - 2 27,e1e7 h4h1 g1g2 h8h2,1463,96,100,33,kingsideAttack mate mateIn2 middlegame short,https://lichess.org/uG8gWknG#53,,True,https://lichess.org/training/WC4jN
BCkG3,4br1k/ppp3R1/3p4/4p2B/2P1P2P/P2PK3/1P3r2/6R1 w - - 9 31,h5e8 f8f3,1463,449,33,4,endgame mate mateIn1 oneMove,https://lichess.org/YmtcNWaT#61,,True,https://lichess.org/training/BCkG3
LZV0U,5rk1/p2p1ppp/2pQp3/2Pn2q1/6r1/1N6/PP3RPP/5RK1 b - - 12 25,d5e3 d6f8 g8f8 f2f7 f8e8 f7f8 e8e7 f1f7,1464,75,97,10475,attraction kingsideAttack mate mateIn4 middlegame sacrifice veryLong,https://lichess.org/fBuE3Scl/black#50,,True,https://lichess.org/training/LZV0U
fbWx8,8/1pk5/3R4/1p1KPr2/8/P6P/1P2r3/3R4 w - - 5 47,d5e6 e2e5,1464,75,76,295,endgame mate mateIn1 oneMove rookEndgame,https://lichess.org/i7aJLYEy#93,,True,https://lichess.org/training/fbWx8
Q6DSN,8/R7/6RP/4kpP1/5r2/8/4Kr2/8 w - - 2 51,e2e3 f4f3,1465,80,82,1233,endgame mate mateIn1 oneMove rookEndgame,https://lichess.org/69fEM99N#101,,True,https://lichess.org/training/Q6DSN
XyURM,8/p1kr4/1p2R3/2bPKQ2/2pr4/5P2/PP4PP/8 w - - 8 39,f5f6 d7d5,1465,90,50,359,endgame mate mateIn1 oneMove,https://lichess.org/ySqfEczd#77,,True,https://lichess.org/training/XyURM
xDOJM,r5k1/3p1r1p/pp4Q1/2pnPp2/7R/5P2/PPPqNK2/7R b - - 0 29,h7g6 h4h8 g8g7 h1h7,1465,76,72,211,kingsideAttack mate mateIn2 middlegame short,https://lichess.org/cikK2Guv/black#58,,True,https://lichess.org/training/xDOJM
XX0FX,1k1r3r/R1p3pp/1p3p2/8/1n1N1PP1/4P2P/6K1/R7 b - - 2 27,h8e8 a7a8 b8b7 a1a7,1466,75,98,3913,endgame mate mateIn2 short,https://lichess.org/hRsWavsZ/black#54,,True,https://lichess.org/training/XX0FX
nvSe6,8/3b4/p7/2pN2p1/P1Prp2p/1r1p3P/5k1K/4R1R1 b - - 5 44,d3d2 g1f1,1467,75,98,1297,endgame mate mateIn1 oneMove,https://lichess.org/zYdv2GmQ/black#88,,True,https://lichess.org/training/nvSe6
Iy8e9,r3r3/1p1R4/1pp1kbp1/5N1p/4PP1P/P1P3P1/1P3K2/3R4 b - - 2 26,g6f5 d1d6,1467,75,89,5292,endgame mate mateIn1 oneMove,https://lichess.org/5nuY8ZCS/black#52,,True,https://lichess.org/training/Iy8e9
ktBBa,8/7p/6p1/5p2/rr1pp3/k5P1/3K1P1P/R1R5 b - - 3 40,a3b2 c1b1,1467,117,-29,33,endgame master mate mateIn1 oneMove rookEndgame,https://lichess.org/m4UFPwDj/black#80,,True,https://lichess.org/training/ktBBa
xDCcD,7r/Bp3pk1/P7/2Q1pq1r/4B1p1/2P3P1/1P3P2/R5K1 w - - 1 34,e4f5 h5h1 g1g2 h8h2,1468,75,85,235,endgame mate mateIn2 short,https://lichess.org/UYv81uoj#67,,True,https://lichess.org/training/xDCcD
2xvGa,6k1/2p4r/p1pb1p2/8/4p3/4B1P1/PPP2P2/R3R1Kr w - - 3 26,g1g2 h7h2,1468,456,-8,4,endgame mate mateIn1 oneMove,https://lichess.org/iPSClX0u#51,,True,https://lichess.org/training/2xvGa
WS6wE,8/1p4kR/p3p1p1/4q1p1/2Pp1rP1/P2Qr3/KP6/7R b - - 2 36,g7f6 d3g6 f6g6 h1h6,1468,75,97,19486,attraction endgame mate mateIn2 sacrifice short,https://lichess.org/zv1LuLAp/black#72,,True,https://lichess.org/training/WS6wE
kF7gW,8/1p2rr2/p6R/P1Pp4/3P1p1k/4pK2/6P1/1R6 b - - 0 39,h4g5 b1h1 e3e2 h1h5,1468,75,96,653,endgame mate mateIn2 quietMove rookEndgame short,https://lichess.org/RTJ05yPP/black#78,,True,https://lichess.org/training/kF7gW
8lIFX,2k4r/1pq1p1Q1/2p5/4P3/3BR1p1/2P3P1/P7/R5Kr w - - 1 23,g1g2 h8h2,1468,84,0,102,mate mateIn1 middlegame oneMove,https://lichess.org/0cin0ERz#45,,True,https://lichess.org/training/8lIFX
Ngolv,r5k1/p3pp2/1p4p1/2pr1bP1/P4P2/8/4KPPR/7R b - - 1 23,e7e5 h2h8 g8g7 h1h7,1468,75,87,178,endgame mate mateIn2 short,https://lichess.org/PoAYFkTu/black#46,,True,https://lichess.org/training/Ngolv
3iUgf,5r1k/ppp4p/5rpP/4Q3/2nNb3/4R3/PP6/R3K3 w Q - 0 30,e5e7 f6f1 e1e2 f8f2,1468,74,85,583,mate mateIn2 middlegame short,https://lichess.org/P10gwlfw#59,,True,https://lichess.org/training/3iUgf
G9rwL,R7/6pp/2r1pk2/p4p2/5P2/P1r1KPP1/2P1R2P/8 w - - 16 44,e3d4 c6c4,1468,86,86,997,endgame mate mateIn1 oneMove rookEndgame,https://lichess.org/eqowMrYR#87,,True,https://lichess.org/training/G9rwL
PQUJz,8/k1r2B1p/3Q4/p7/P7/8/1Kr5/8 w - - 0 38,b2b3 c7c3,1468,75,95,3899,endgame master mate mateIn1 oneMove,https://lichess.org/JjncR7Bd#75,,True,https://lichess.org/training/PQUJz
uHQoK,2kr4/ppp3p1/8/4p3/4P3/3PKRP1/PP1r4/7R w - - 0 27,f3f7 d8d3,1469,80,67,76,endgame mate mateIn1 oneMove rookEndgame,https://lichess.org/O2wktAFm#53,,True,https://lichess.org/training/uHQoK
InvIc,7r/4p1k1/p3bp2/Pp2B1p1/8/2P3P1/1P3P1r/R2Q1RK1 w - - 0 28,e5d4 h2h1 g1g2 e6d5 f2f3 h8h2,1469,76,100,513,long mate mateIn3 middlegame,https://lichess.org/Bn1HgQKI#55,,True,https://lichess.org/training/InvIc
vNaz9,8/8/7R/p4pk1/5b1R/q2p3P/5PK1/8 b - - 0 42,d3d2 h4h5,1469,123,64,61,endgame mate mateIn1 oneMove,https://lichess.org/F30Hfy9p/black#84,,True,https://lichess.org/training/vNaz9
VAplN,8/8/2k5/1r6/2KR4/1r6/1P6/4R3 w - - 5 59,e1c1 b5b4,1469,75,100,162,endgame mate mateIn1 oneMove rookEndgame,https://lichess.org/N9aFLxuk#117,,True,https://lichess.org/training/VAplN
BrhuO,1r1r4/2Kn1p1p/p2Pk1p1/8/1P2P3/P1N4P/3R2P1/3R4 w - - 3 31,c3d5 d8c8,1469,115,58,53,endgame mate mateIn1 oneMove,https://lichess.org/qXe4SWDC#61,,True,https://lichess.org/training/BrhuO
GXf84,2r4r/p6p/1p6/8/1R1P4/kPB5/n1P2PPP/R5K1 b - - 8 27,c8c3 b4a4 a3b2 a4a2,1470,75,95,6209,endgame mate mateIn2 short,https://lichess.org/JBqsLQbt/black#54,,True,https://lichess.org/training/GXf84
aMfj1,8/r7/7p/p7/4k1P1/r1bR1RKP/5P2/8 b - - 14 42,a5a4 f3e3,1470,90,86,1474,endgame mate mateIn1 oneMove,https://lichess.org/X8MkcQ8x/black#84,,True,https://lichess.org/training/aMfj1
R25en,r5k1/3b1pbp/6p1/1P1p2Pn/2n5/1PN1BP2/1KNQB2P/r7 w - - 2 26,e2c4 a8a2,1470,94,86,2803,mate mateIn1 middlegame oneMove pin,https://lichess.org/L7PXRYIQ#51,,True,https://lichess.org/training/R25en
ZoMA6,8/b7/2r4k/7P/4R1P1/3K1N2/2r5/3R4 w - - 4 57,f3e5 c6c3,1470,74,100,333,endgame master mate mateIn1 oneMove,https://lichess.org/uvrmN55q#113,,True,https://lichess.org/training/ZoMA6
plmFB,r5Rk/pp5P/2np2R1/3p1p2/7q/7P/PPPB1b2/7K b - - 1 26,h8h7 g6g7,1471,91,86,1273,mate mateIn1 middlegame oneMove,https://lichess.org/KWCwdkHP/black#52,,True,https://lichess.org/training/plmFB
31z62,r2q1rk1/5pb1/4p1p1/2p3P1/3p3Q/Pp2P3/1P4PR/1NK4R b - - 1 27,f8e8 h4h8 g7h8 h2h8 g8g7 h1h7,1471,76,100,373,kingsideAttack long mate mateIn3 middlegame sacrifice,https://lichess.org/dHXX2u4Y/black#54,,True,https://lichess.org/training/31z62
x9Iij,6k1/7p/3r2pb/p1p5/P1P4R/2K5/1P1r2PP/4R3 w - - 2 28,h4h6 d6d3,1472,142,71,156,endgame mate mateIn1 oneMove rookEndgame,https://lichess.org/fYAjbEcj#55,,True,https://lichess.org/training/x9Iij
1D0nE,8/8/4prp1/1p1rR1k1/1P4Pp/P6P/4R1K1/8 b - - 2 45,g5f4 e2e4,1472,79,85,127,endgame master mate mateIn1 oneMove rookEndgame,https://lichess.org/QtZt6N2r/black#90,,True,https://lichess.org/training/1D0nE
yWYt3,4r1k1/Q6p/2p2bp1/8/3P4/B1P2P2/P4KPP/4r3 w - - 3 36,a7c5 f6h4 g2g3 e8e2,1472,76,99,1590,endgame mate mateIn2 short,https://lichess.org/kW2PE0yu#71,,True,https://lichess.org/training/yWYt3
OEP2R,2r5/3R1p2/4k1p1/3R4/2P2PP1/3p2K1/2r4P/8 b - - 2 40,c8c4 d5d6,1472,85,86,161,endgame master mate mateIn1 oneMove rookEndgame,https://lichess.org/2Um4Kib0/black#80,,True,https://lichess.org/training/OEP2R
Hnrxb,7r/1p3pk1/p5p1/8/5qP1/2N2P1r/PPQR1R1P/7K w - - 0 29,c3e2 h3h2 h1g1 h2h1 g1g2 h8h2,1472,77,93,914,long mate mateIn3 middlegame,https://lichess.org/EDLMrEWz#57,,True,https://lichess.org/training/Hnrxb
lIZ4h,5rk1/p6b/2p5/2PpQ2p/4n2P/2P4R/PP4pB/4RrK1 w - - 1 36,g1g2 f8f2,1472,82,80,1930,mate mateIn1 middlegame oneMove,https://lichess.org/5UiaNu1j#71,,True,https://lichess.org/training/lIZ4h
A2Urg,7r/4kpp1/pp5r/3p4/6p1/P3P1P1/1P3P1P/2RQ2Kq w - - 0 25,g1h1 h6h2 h1g1 h2h1 g1g2 h8h2,1472,86,87,35,endgame long mate mateIn3 queenRookEndgame,https://lichess.org/KjnNQkSP#49,,True,https://lichess.org/training/A2Urg
J0bUf,2r3kQ/p4p1p/b3p1p1/3pP3/5P1R/1PP1KNq1/P7/7R b - - 0 31,g8h8 h4h7 h8g8 h7h8 g8g7 h1h7,1472,74,95,7082,endgame long mate mateIn3,https://lichess.org/UsWuOhVc/black#62,,True,https://lichess.org/training/J0bUf
A6ky3,7r/8/R7/pk4B1/Rp1P2Kp/1P4bP/5r2/8 b - - 8 39,h8g8 a4a5,1473,77,75,216,endgame master mate mateIn1 oneMove,https://lichess.org/IEw87CAK/black#78,,True,https://lichess.org/training/A6ky3
zKhF0,6k1/6p1/2p5/1P1p4/2pP1r1r/2N2N2/2P2R1K/8 w - - 0 55,h2g3 f4g4,1473,84,85,1300,endgame master mate mateIn1 oneMove,https://lichess.org/jZw4vbiZ#109,,True,https://lichess.org/training/zKhF0
dO6e5,8/4R3/2pk2p1/4R2p/2K1P2P/r4P2/3r4/8 b - - 2 48,a3f3 e5e6,1473,84,69,385,endgame mate mateIn1 oneMove rookEndgame,https://lichess.org/m16kGKsE/black#96,,True,https://lichess.org/training/dO6e5
BudPu,1k5r/p4p2/2Q1p3/3p1p1r/1P4p1/2P3P1/P4P1P/R5Kq w - - 0 25,g1h1 h5h2 h1g1 h2h1 g1g2 h8h2,1473,75,100,1156,endgame long mate mateIn3 queenRookEndgame,https://lichess.org/r1lGRBz8#49,,True,https://lichess.org/training/BudPu
sw59I,3rq1k1/5r1p/2p1p1QR/1p4P1/p1p2P2/4P3/PP4P1/2K4R b - - 0 25,h7g6 h6h8 g8g7 h1h7,1474,76,59,68,endgame mate mateIn2 queenRookEndgame short,https://lichess.org/0H4mwiFS/black#50,,True,https://lichess.org/training/sw59I
acOGk,8/8/2R4p/4k3/4p3/2K5/1r2r2P/3R4 w - - 3 37,c6h6 e2c2,1474,87,85,2440,endgame mate mateIn1 oneMove rookEndgame,https://lichess.org/wwiXyyQw#73,,True,https://lichess.org/training/acOGk
oXfgK,8/ppp1Rk2/2p5/3r2p1/1P1P2P1/8/P6r/3KR3 b - - 2 28,f7f6 e1e6,1474,105,72,68,endgame mate mateIn1 oneMove rookEndgame,https://lichess.org/UibrWPVG/black#56,,True,https://lichess.org/training/oXfgK
v7tdJ,5rk1/R1R3pp/1p2p3/3pN3/PPnPp1P1/4K2P/5r2/8 w - - 2 30,e5c4 f8f3,1474,76,90,1550,endgame master mate mateIn1 oneMove,https://lichess.org/kJyQYom5#59,,True,https://lichess.org/training/v7tdJ
jPXbm,3r4/p4kR1/1p2p3/2p5/4K3/P1P5/3r3P/6R1 b - - 2 35,f7f6 g1g6,1475,87,24,480,endgame mate mateIn1 oneMove rookEndgame,https://lichess.org/JEzpYl73/black#70,,True,https://lichess.org/training/jPXbm
s2UF6,6r1/8/p4Rr1/1pp1k1Pp/3pp2P/PP6/2PK4/5R2 b - - 5 38,c5c4 f1f5,1475,82,87,591,endgame mate mateIn1 oneMove rookEndgame,https://lichess.org/EWGbf1cf/black#76,,True,https://lichess.org/training/s2UF6
rHHYS,1k1r3r/1R3R2/p6p/Pp6/2pP4/2Pn3P/5PP1/6K1 b - - 3 38,b8c8 f7c7,1475,148,20,57,endgame mate mateIn1 oneMove,https://lichess.org/hbWDjB8y/black#76,,True,https://lichess.org/training/rHHYS
jmnYp,2b4r/5pk1/2R5/3B2p1/2P1P3/3R1PK1/P6r/8 w - - 0 32,c6c7 h8h3,1475,135,66,74,endgame master mate mateIn1 oneMove,https://lichess.org/9h6ezCZr#63,,True,https://lichess.org/training/jmnYp
Yth0d,8/pp4k1/4R1B1/8/8/8/PPr2rn1/2K3R1 w - - 0 29,c1d1 f2d2,1475,86,80,1258,endgame mate mateIn1 oneMove,https://lichess.org/l3iFSnlT#57,,True,https://lichess.org/training/Yth0d
kmwjm,8/p4pp1/1p2p2p/3k1P2/P2P2P1/1P1KR1P1/2r3r1/R7 w - - 1 31,f5e6 g2d2,1476,92,68,404,endgame mate mateIn1 oneMove rookEndgame,https://lichess.org/chMMOp9j#61,,True,https://lichess.org/training/kmwjm
E6B7l,2rQk1r1/5p2/2p1p3/ppp1P3/2q5/6PP/P2R1P2/3R2K1 b - - 5 30,c8d8 d2d8 e8e7 d1d7,1476,76,95,4875,endgame mate mateIn2 queenRookEndgame short,https://lichess.org/JtIXIgph/black#60,,True,https://lichess.org/training/E6B7l
AZwmR,8/p7/1ppR1R2/3k2r1/3r2B1/P2b2K1/8/8 b - - 1 43,d5e5 f6e6,1476,80,77,2492,endgame master mate mateIn1 oneMove,https://lichess.org/HPWEZpPS/black#86,,True,https://lichess.org/training/AZwmR
FEHLn,1r4k1/4R1R1/3N1npp/8/3p1rP1/5P2/8/6K1 b - - 2 45,g8f8 e7f7,1476,99,67,297,endgame master mate mateIn1 oneMove,https://lichess.org/uU4uaSLY/black#90,,True,https://lichess.org/training/FEHLn
Hc6i8,7r/5p2/p2pk1p1/4p3/2N1P1K1/1BP2P2/PP5r/2B3R1 w - - 3 31,c1g5 f7f5 e4f5 g6f5 g4g3 h8h3,1476,96,64,26,endgame long mate mateIn3,https://lichess.org/RCJO53b5#61,,True,https://lichess.org/training/Hc6i8
xt3Hf,2r3k1/8/p2p3p/6p1/1p1pP1P1/3P1PqP/P1r1Q3/3K1N1R w - - 0 39,f1g3 c2c1 d1d2 c8c2,1477,109,52,14,endgame mate mateIn2 short,https://lichess.org/OYUrKa7P#77,,True,https://lichess.org/training/xt3Hf
m3ezT,r3q1k1/1p1n1r1p/2pb2QR/p2p2P1/3P1P2/4P3/PP1BN3/2K4R b - - 0 24,h7g6 h6h8 g8g7 h1h7,1477,74,95,22928,kingsideAttack mate mateIn2 middlegame short,https://lichess.org/cs10Uq9O/black#48,,True,https://lichess.org/training/m3ezT
VC6KQ,r7/4RR1p/6pk/1p6/1P6/2P2K1P/p1r2P2/8 b - - 1 37,a2a1q f7h7 h6g5 h3h4 g5f6 h7f7,1477,76,97,22127,endgame long mate mateIn3 queenRookEndgame,https://lichess.org/PCRGquLz/black#74,,True,https://lichess.org/training/VC6KQ
sIwql,5k2/R6R/r5b1/2B5/5p2/2P1P2P/1P4PK/1q6 b - - 0 40,f8g8 a7g7,1477,78,11,281,endgame mate mateIn1 oneMove,https://lichess.org/XBToLIHI/black#80,,True,https://lichess.org/training/sIwql
Ua29K,6k1/8/1P6/5p2/4rP2/PR1N1KPP/4r3/8 w - - 1 45,g3g4 e4e3,1477,76,85,286,endgame mate mateIn1 oneMove,https://lichess.org/Z1lDM1J7#89,,True,https://lichess.org/training/Ua29K
ymQir,3r2k1/1b3r1p/p3p1Q1/3nPpP1/5P1R/3B3R/pPPKN2P/7q b - - 0 33,h7g6 h4h8 g8g7 h3h7,1477,84,83,39,kingsideAttack mate mateIn2 middlegame short,https://lichess.org/s55dZ7yl/black#66,,True,https://lichess.org/training/ymQir
gHtKW,r2k4/2p3p1/pp1p1p2/2nP1B1r/5P2/P3R1P1/P5P1/4R1K1 b - - 6 31,h5f5 e3e8 d8d7 e1e7,1477,76,100,170,endgame mate mateIn2 short,https://lichess.org/cZAEWYj3/black#62,,True,https://lichess.org/training/gHtKW
vsDln,8/p3r1p1/1p4kp/8/8/3Rr1KP/PP1R2P1/8 w - - 9 39,g3f4 e7e4,1477,79,66,1443,endgame master mate mateIn1 oneMove rookEndgame,https://lichess.org/ryKcSRcc#77,,True,https://lichess.org/training/vsDln
iMF7g,2Br1k2/p1R3pp/4b3/PP1rK3/5p2/8/5PPP/2R5 w - - 3 27,e5e6 d8d6,1477,75,99,1803,endgame mate mateIn1 oneMove,https://lichess.org/jDrKFmhz#53,,True,https://lichess.org/training/iMF7g
sDB73,8/pBpk2K1/4r1r1/4p3/3p4/1P6/PBPN4/R7 w - - 2 34,g7f7 e6f6,1478,89,71,239,endgame mate mateIn1 oneMove,https://lichess.org/uuuQAur5#67,,True,https://lichess.org/training/sDB73
GrAYJ,8/p7/1p5p/3R1pkP/PP2r3/5KP1/4r3/5R2 w - - 10 47,d5d6 e4e3,1478,88,84,848,endgame mate mateIn1 oneMove rookEndgame,https://lichess.org/MHA8sVw7#93,,True,https://lichess.org/training/GrAYJ
xb8E0,2Qr2k1/6p1/p2r2Bp/1b3P2/6P1/2P1P2R/PP6/2K5 w - - 3 33,c8c5 d6d1 c1c2 b5a4 b2b3 d8d2,1478,75,95,5978,endgame long mate mateIn3,https://lichess.org/VijHkFRW#65,,True,https://lichess.org/training/xb8E0
vNqZd,4r3/pp2np1p/2p4p/5P2/3rBR1P/6k1/PPP5/5R1K b - - 1 27,e7d5 f1f3,1479,90,71,716,endgame master mate mateIn1 oneMove,https://lichess.org/bTyHY2e7/black#54,,True,https://lichess.org/training/vNqZd
atiXS,7k/p5R1/4N1pr/5pK1/5Pn1/3P1R2/P6r/8 w - - 11 41,g7g6 h2h5,1480,126,72,166,endgame master mate mateIn1 oneMove,https://lichess.org/8DMtGuBP#81,,True,https://lichess.org/training/atiXS
hcICB,4rR2/p4Qk1/r3q1pp/2p5/8/8/6PP/5R1K b - - 6 37,e6f7 f1f7,1481,87,75,443,endgame mate mateIn1 oneMove,https://lichess.org/czTuYoDm/black#74,,True,https://lichess.org/training/hcICB
TNENM,2k4r/1p1n1ppr/p1p2np1/P2p4/3PP3/2N2Pq1/1P1B1R1P/R2Q2K1 w - - 0 18,h2g3 h7h1 g1g2 h8h2,1481,75,49,391,kingsideAttack mate mateIn2 middlegame short,https://lichess.org/uapztrXt#35,Queens_Gambit_Declined Queens_Gambit_Declined_Baltic_Defense,True,https://lichess.org/training/TNENM
neuUk,8/8/1p1R1k1p/8/8/5PK1/3R4/5q2 b - - 9 52,f6e5 d2d5,1481,75,71,266,endgame master mate mateIn1 oneMove queenRookEndgame,https://lichess.org/9ngGO5Iy/black#104,,True,https://lichess.org/training/neuUk
p1vEz,r1kR1br1/1b3p1p/1pp1p1p1/1p6/4P3/1BN5/PPP2PPP/1K1R4 b - - 1 18,c8c7 d1d7,1481,479,54,2,mate mateIn1 middlegame oneMove,https://lichess.org/WFT9H7l9/black#36,Sicilian_Defense Sicilian_Defense_Accelerated_Dragon,True,https://lichess.org/training/p1vEz
2TCSs,4r1k1/p1R3Rp/2p3p1/2n5/8/6PP/P3r1B1/6K1 b - - 1 29,g8f8 c7f7,1482,475,18,10,endgame mate mateIn1 oneMove,https://lichess.org/jK1kS0EA/black#58,,True,https://lichess.org/training/2TCSs
ckqoI,4rr2/5k2/p5R1/2q1P3/1n6/1P1BP3/b1PK4/7R b - - 0 28,c5e5 h1h7 e5g7 h7g7,1482,76,82,719,mate mateIn2 middlegame short,https://lichess.org/5xD9Ma38/black#56,,True,https://lichess.org/training/ckqoI
HjwU3,7r/5Q2/p1pk4/3p1n2/8/2P2P2/P1P2K1r/4R3 w - - 0 40,f2g1 h2h1 g1g2 h8h2,1482,75,80,162,endgame mate mateIn2 short,https://lichess.org/wf6Atp9a#79,,True,https://lichess.org/training/HjwU3
bCD0Q,r2R3r/pp2kppp/4p3/1BP3B1/1b2b3/8/P4PPP/3R2K1 b - - 5 21,f7f6 d1d7,1482,84,100,60,master masterVsMaster mate mateIn1 middlegame oneMove,https://lichess.org/Jv68vM39/black#42,,True,https://lichess.org/training/bCD0Q
QzH4w,8/1qrR3p/p3Qk2/1p1R1p1p/2p1pP2/4P3/PP3KP1/8 b - - 0 33,f6e6 d5d6,1483,79,80,223,endgame mate mateIn1 oneMove queenRookEndgame,https://lichess.org/Qb2Q3LIJ/black#66,,True,https://lichess.org/training/QzH4w
JVNG4,5r1k/6b1/1p3qpp/2nBP3/2P5/r1N4Q/Pp3P2/1K4RR b - - 0 30,f6e5 h3h6 g7h6 h1h6 h8g7 g1g6,1483,75,93,1284,exposedKing long mate mateIn3 middlegame sacrifice,https://lichess.org/8hazNWs2/black#60,,True,https://lichess.org/training/JVNG4
sijHV,r2q2k1/pp3r1p/2p3Q1/2PpP3/3P4/2P1p2R/P5P1/2K4R b - - 0 21,h7g6 h3h8 g8g7 h1h7,1484,76,83,414,endgame mate mateIn2 queenRookEndgame short,https://lichess.org/IJcNUjJN/black#42,,True,https://lichess.org/training/sijHV
bwZL4,2rR4/pp2rppp/4k3/8/2P1P3/P3K2P/6P1/3R4 b - - 8 28,c8c4 d8d6 e6e5 d1d5,1484,74,94,12524,endgame mate mateIn2 rookEndgame short,https://lichess.org/jBm5Qx8E/black#56,,True,https://lichess.org/training/bwZL4
KPMxc,r3r1k1/1p1b1p2/1np3p1/p3p1q1/3PN3/P4B2/1PP1N2R/1K5R b - - 1 25,g5e3 h2h8 g8g7 h1h7,1484,75,97,2323,kingsideAttack mate mateIn2 middlegame short,https://lichess.org/TXY6WDV2/black#50,,True,https://lichess.org/training/KPMxc
LVegI,3r2k1/5p2/p3q1p1/4P3/3b1P2/P2P1B2/4K2R/7R b - - 0 35,d8b8 h2h8 g8g7 h1h7,1484,75,96,10804,endgame mate mateIn2 short,https://lichess.org/XaAk4NqL/black#70,,True,https://lichess.org/training/LVegI
vnH5Y,6k1/r1p4p/3p1bpP/r2p4/3P4/1P2B3/2P2PP1/1K2R2R w - - 2 29,e3d2 a5a1 b1b2 f6d4 c2c3 a7a2,1485,75,93,999,endgame long mate mateIn3 queensideAttack,https://lichess.org/GehyvmnL#57,,True,https://lichess.org/training/vnH5Y
sDMRm,8/4R2R/5kp1/2rp4/b1n2P2/p5P1/P6P/6K1 b - - 2 34,c5c6 h7f7,1485,96,78,353,endgame mate mateIn1 oneMove,https://lichess.org/NU3ttjUt/black#68,,True,https://lichess.org/training/sDMRm
4d06Z,1r6/1pr2pp1/1Rk4p/2P5/pRp5/2P1P1P1/P4P1P/6K1 b - - 4 24,c6c5 b4b5,1485,93,64,34,endgame mate mateIn1 oneMove rookEndgame,https://lichess.org/ibnkxjbW/black#48,,True,https://lichess.org/training/4d06Z
PKCzc,3R3R/2r1kp1p/5p2/3ppb2/2r5/4PNP1/5PP1/6K1 b - - 3 33,c7c8 h8e8,1486,98,33,281,endgame mate mateIn1 oneMove,https://lichess.org/srEzigfS/black#66,,True,https://lichess.org/training/PKCzc
pO1M8,3b4/3k3P/6r1/p1p1pp2/RpPp4/1P1P1K2/1P4r1/7R w - - 0 51,h7h8q g6g3,1486,106,11,40,endgame mate mateIn1 oneMove,https://lichess.org/2T7FVXf6#101,,True,https://lichess.org/training/pO1M8
StasZ,3k4/4r1p1/2p1K3/2R1P3/R2P2r1/P7/8/8 w - - 9 42,e6d6 g4g6 e5e6 g6e6,1487,78,87,80,endgame mate mateIn2 rookEndgame short,https://lichess.org/h5Eqn1q4#83,,True,https://lichess.org/training/StasZ
hBALy,1k5r/p7/1p2P1p1/R2B1p1r/2P1p3/4P1P1/P3NP2/1R4K1 w - - 0 30,a5c5 h5h1 g1g2 h8h2,1487,76,81,1673,endgame mate mateIn2 short,https://lichess.org/t2kdNiqR#59,,True,https://lichess.org/training/hBALy
jWiWA,7r/2p1k3/B2p2pr/4p3/1P1PNpp1/2P1n3/P4R2/4RNK1 w - - 4 27,f1e3 h6h1 g1g2 h8h2,1488,111,38,37,mate mateIn2 middlegame short,https://lichess.org/Du7B97Ou#53,,True,https://lichess.org/training/jWiWA
JuM6C,1k6/1p3p2/p3p3/3pP3/3R2p1/P1RQ4/2P1KPP1/2r4r w - - 2 33,d4b4 h1e1 e2d2 c1d1,1488,158,-50,13,endgame mate mateIn2 queenRookEndgame short,https://lichess.org/P5m4mELw#65,,True,https://lichess.org/training/JuM6C
ziagi,1k5r/p1p5/1p2Bb2/1P2n1p1/P1P5/4B1P1/5R1r/3R2K1 w - - 0 30,f2f6 h2h1 g1g2 h8h2,1488,74,89,1216,mate mateIn2 middlegame short,https://lichess.org/9D8QBQTW#59,,True,https://lichess.org/training/ziagi
Lxluh,2k4r/ppp1qR2/2n5/2PQ2p1/3Pp3/4B1Pr/PP2N3/R5K1 w - - 1 21,f7e7 h3h1 g1g2 h8h2,1488,75,93,7412,kingsideAttack mate mateIn2 middlegame short,https://lichess.org/tBeg8URe#41,,True,https://lichess.org/training/Lxluh
FeyeK,1r3bR1/pb5k/2p4p/8/1BPpp3/1P6/P6K/6R1 b - - 1 34,f8b4 g1g7,1488,81,8,71,endgame mate mateIn1 oneMove,https://lichess.org/xBRih1IV/black#68,,True,https://lichess.org/training/FeyeK
iqBp9,4k3/5p2/pp2p3/4b2p/2P3nP/1P1RBqP1/P4P2/3R2K1 b - - 5 23,e5g3 d3d8 e8e7 e3g5 f7f6 d1d7,1488,75,98,6385,endgame long mate mateIn3,https://lichess.org/MW09niqY/black#46,,True,https://lichess.org/training/iqBp9
LCn5o,5rk1/6pp/1Q1Rpr2/p7/P1q1p3/2P1P3/1P3PPP/5RK1 w - - 1 23,b6d4 c4f1 g1f1 f6f2 f1e1 f2f1 e1e2 f8f2,1488,75,87,761,attraction endgame kingsideAttack mate mateIn4 sacrifice veryLong,https://lichess.org/T7ZgvFtN#45,,True,https://lichess.org/training/LCn5o
69fuo,1R1R4/2P2pk1/8/B7/1pr5/2r3PK/8/4b3 w - - 10 62,c7c8q c3g3 h3h2 c4h4 c8h3 h4h3,1488,77,94,84,long master mate mateIn3 middlegame,https://lichess.org/ftXhWwbr#123,,True,https://lichess.org/training/69fuo
RPqXF,6k1/1p6/p7/3R3p/1P1P2rP/P2R1N1K/6r1/8 w - - 0 40,d5h5 g4g3,1489,99,81,273,endgame mate mateIn1 oneMove,https://lichess.org/hK0R6dy6#79,,True,https://lichess.org/training/RPqXF
XGbZB,2r3k1/1R2pp1p/1p4p1/1p2P3/1P6/PK4PP/2r5/7R w - - 0 29,b7b6 c8c3,1489,485,47,5,endgame mate mateIn1 oneMove rookEndgame,https://lichess.org/f1rO3QuR#57,,True,https://lichess.org/training/XGbZB
QpCo2,1r6/2bPkpp1/R1P1p2p/3pN3/3P4/2K1P1P1/1r3PP1/R7 w - - 3 31,a6a3 c7a5 a3a5 b8b3,1489,76,96,18757,endgame mate mateIn2 sacrifice short,https://lichess.org/vUPE7ofY#61,,True,https://lichess.org/training/QpCo2
FugxX,7r/8/5k2/p3NN2/3PBn2/8/r7/3RR1K1 w - - 0 33,e5f3 a2g2 g1f1 h8h1 f3g1 h1g1,1489,75,97,21246,exposedKing long mate mateIn3 middlegame,https://lichess.org/oACfqBJG#65,,True,https://lichess.org/training/FugxX
vmvKE,4r3/8/p7/6R1/1P5k/6R1/1P1B1PK1/3q4 b - - 11 46,d1d2 g3g4,1490,80,75,208,endgame mate mateIn1 oneMove queenRookEndgame,https://lichess.org/QKnyo5VT/black#92,,True,https://lichess.org/training/vmvKE
2O4vc,8/p5pk/5p2/1Q6/1P2PbP1/R3K2P/2r2r2/5B2 w - - 7 43,e3d3 f2d2,1490,95,63,218,endgame mate mateIn1 oneMove,https://lichess.org/Dn2ixdJF#85,,True,https://lichess.org/training/2O4vc
3EUMQ,2n1k2r/4pp2/p3pN2/1p3q1p/6p1/P1P2P2/1P1R2PP/3R2K1 b k - 1 36,e7f6 d2d8 e8e7 d1d7,1490,75,86,336,endgame fork mate mateIn2 short,https://lichess.org/qq78LWHD/black#72,,True,https://lichess.org/training/3EUMQ
aTyjt,8/1P2b1k1/3p4/4pQp1/4P1P1/5p2/6r1/2RR1KBr w - - 3 43,f5f3 h1g1,1491,88,86,100,master mate mateIn1 middlegame oneMove,https://lichess.org/NB0Qj24C#85,,True,https://lichess.org/training/aTyjt
DwrAB,2rr4/pp5p/2n1R2k/2pp3b/5N1b/8/PPP3P1/5RK1 b - - 1 28,h6g5 f4h3 g5g4 f1f4 g4g3 e6e3 h5f3 e3f3,1491,75,96,5844,mate mateIn4 middlegame veryLong,https://lichess.org/8MFHlyvq/black#56,,True,https://lichess.org/training/DwrAB
1L6kb,3rkR2/1p6/2p2R2/1pP1q3/1P6/rB5P/5P2/7K b - - 1 44,e8e7 f6f7,1492,77,84,1244,endgame mate mateIn1 oneMove,https://lichess.org/M2tFqfiA/black#88,,True,https://lichess.org/training/1L6kb
upOzw,8/3p1R2/3r2kp/2p4P/5R2/2p5/prP3P1/2K5 b - - 0 38,g6g5 f7f5,1492,200,-4,7,endgame mate mateIn1 oneMove rookEndgame,https://lichess.org/azpE3fpB/black#76,,True,https://lichess.org/training/upOzw
ErFhl,6rk/ppp2R2/3p3p/3Np3/4P2n/P2PP2P/1PP3r1/R4K2 w - - 1 23,d5f6 g2g1 f1f2 g8g2,1492,134,37,37,endgame mate mateIn2 short,https://lichess.org/VHPrj9C4#45,,True,https://lichess.org/training/ErFhl
ZTy3u,1Qk4r/2p5/1p1p4/1PnPp3/2P2bb1/5PqN/R3B1P1/R5K1 b - - 0 38,c8b8 a2a8 b8b7 a1a7,1492,75,99,2164,mate mateIn2 middlegame queensideAttack short,https://lichess.org/AfEkA6u7/black#76,,True,https://lichess.org/training/ZTy3u
nmfaJ,8/pp5N/8/7R/2k1P3/P1p1K2P/3r1r2/2R5 w - - 1 42,h7g5 d2e2,1492,106,-5,21,endgame mate mateIn1 oneMove,https://lichess.org/OBq0JDAw#83,,True,https://lichess.org/training/nmfaJ
nEHGg,r1b1R3/pp1n1k1p/5Bp1/3r2P1/5p2/2P2N1P/P4K2/4R3 b - - 5 26,d7f6 e1e7,1493,75,97,6766,mate mateIn1 middlegame oneMove,https://lichess.org/HxA2DqE7/black#52,,True,https://lichess.org/training/nEHGg
O9TWb,2r3k1/3R3p/7R/5p2/1p1P4/1N1K1P2/2r3P1/1n6 w - - 0 41,h6h7 c8c3,1493,89,84,1179,endgame mate mateIn1 oneMove,https://lichess.org/4h8hCFpo#81,,True,https://lichess.org/training/O9TWb
Rnwhx,6k1/5pPb/2r2n1P/N7/8/P3PP2/3p4/1RrK3R w - - 1 34,d1d2 c6c2,1493,76,92,367,mate mateIn1 middlegame oneMove,https://lichess.org/ztwFu24u#67,,True,https://lichess.org/training/Rnwhx
oIJRh,1r3rk1/p2n3R/4p1p1/q1p1P3/Pb3P2/1Pp4R/2P2BP1/2K5 b - - 1 22,f8f7 h7h8 g8g7 h3h7,1494,111,71,25,kingsideAttack mate mateIn2 middlegame short,https://lichess.org/VnGqmx8i/black#44,,True,https://lichess.org/training/oIJRh
mQTV0,8/p2P4/1p2k3/4r2p/2PK1p1R/4r3/4p2P/4R3 w - - 1 46,d7d8q e5e4,1494,77,91,6832,endgame master mate mateIn1 oneMove queenRookEndgame,https://lichess.org/RHNtH55M#91,,True,https://lichess.org/training/mQTV0
MFfLK,8/8/p2p3k/2pP3p/2Pr3p/PPK2p1P/3r1P2/5RR1 w - - 4 43,b3b4 d4d3,1494,84,75,545,endgame master masterVsMaster mate mateIn1 oneMove rookEndgame,https://lichess.org/U0oMs4l6#85,,True,https://lichess.org/training/MFfLK
N3nkw,5r2/8/p3R1p1/P1N4b/6r1/8/1Pk1R2K/8 b - - 2 34,c2d1 e2e1 d1d2 e6e2,1494,76,93,3739,endgame mate mateIn2 short,https://lichess.org/SFgL547Y/black#68,,True,https://lichess.org/training/N3nkw
Xzt19,8/8/2q5/7p/3R1k2/8/3R4/5K2 b - - 0 46,f4e3 d2d3,1495,75,97,716,endgame mate mateIn1 oneMove queenRookEndgame,https://lichess.org/CC2lBYIM/black#92,,True,https://lichess.org/training/Xzt19
bCcDX,1r3b2/6k1/p5p1/3pN3/2pPp3/P1P3P1/Br1R1P2/2K4R w - - 0 37,a2c4 b2b1 c1c2 b8b2,1495,75,96,9225,mate mateIn2 middlegame queensideAttack short,https://lichess.org/uVoAJb6a#73,,True,https://lichess.org/training/bCcDX
ihX2E,1R6/3R4/5k1p/4N1p1/6Pr/5PK1/7r/8 w - - 7 38,f3f4 h4h3,1495,125,62,126,endgame master mate mateIn1 oneMove,https://lichess.org/o9TAYfBd#75,,True,https://lichess.org/training/ihX2E
RRMJo,r2n1rk1/5p2/6p1/pP2p1q1/3p2PR/P2P2B1/1P1QNK2/7R b - - 0 28,g5d2 h4h8 g8g7 g3e5 f7f6 h1h7,1495,76,96,22110,kingsideAttack long mate mateIn3 middlegame,https://lichess.org/zm82O5t6/black#56,,True,https://lichess.org/training/RRMJo
12Z7m,6k1/5pp1/1Pp4p/2R5/1QP1b3/4B2P/4KP2/3r2r1 w - - 3 35,f2f3 e4d3 e2f2 d1f1,1495,74,91,457,endgame mate mateIn2 short,https://lichess.org/ZBy2LavO#69,,True,https://lichess.org/training/12Z7m
BV9XA,3r3k/1p3prQ/p4p2/3nqP2/4B2R/2P4R/PP4PP/7K b - - 0 30,g7h7 h4h7 h8g8 h7h8 g8g7 h3h7,1496,75,96,4450,exposedKing long mate mateIn3 middlegame,https://lichess.org/LtHPcgXq/black#60,,True,https://lichess.org/training/BV9XA
Yo5R1,7r/pp1k1p1r/4pBn1/P2p1pP1/2pP2p1/2P3q1/1P3R1P/R2Q2K1 w - - 0 27,h2g3 h7h1 g1g2 h8h2,1496,75,89,1513,kingsideAttack mate mateIn2 middlegame short,https://lichess.org/icjgshQG#53,,True,https://lichess.org/training/Yo5R1
ObZHX,1r4k1/1p2qp2/2p5/3pPB2/3P2P1/7R/7R/6K1 b - - 2 32,e7b4 h3h8 g8g7 h2h7,1497,76,88,955,endgame mate mateIn2 short,https://lichess.org/90Xu0J3y/black#64,,True,https://lichess.org/training/ObZHX
U9Fij,r2qr1k1/pp3p1R/2p2bp1/3p1b2/2QB4/2P2B2/PPP2PP1/2K4R b - - 0 19,d5c4 h7h8 g8g7 h1h7,1498,74,96,14919,kingsideAttack mate mateIn2 middlegame short,https://lichess.org/WVaqgOsR/black#38,Russian_Game Russian_Game_Stafford_Gambit,True,https://lichess.org/training/U9Fij
jXMVY,4k3/p1pb4/8/3P1p1p/7B/4PK1P/Pr4r1/1R5R w - - 0 28,h4f6 b2f2,1498,90,65,608,endgame mate mateIn1 oneMove,https://lichess.org/GOz8RrjC#55,,True,https://lichess.org/training/jXMVY
tYQj1,b4k2/4R1bp/ppr3p1/2n2qB1/P2p1Q2/5P2/1P4PP/4R1K1 b - - 7 29,f5f4 e7e8 f8f7 e1e7,1499,75,86,79,fork mate mateIn2 middlegame short,https://lichess.org/TB9PTRyT/black#58,,True,https://lichess.org/training/tYQj1
ev3Ml,4R3/1p1n1rk1/p1r2ppp/P2Q1pq1/3P4/1PP1R1PP/8/1N4K1 b - - 0 36,f5f4 d5f7 g7f7 e3e7,1499,76,98,4487,attraction mate mateIn2 middlegame sacrifice short,https://lichess.org/ujPp9xHa/black#72,,True,https://lichess.org/training/ev3Ml
CiFBD,Qk5r/p1p3pp/Rp1p1p2/1P6/4PP2/2P2P1q/2K4P/R7 b - - 0 30,b8a8 a6a7 a8b8 a7a8 b8b7 a1a7,1499,76,96,12759,endgame long mate mateIn3 queenRookEndgame queensideAttack,https://lichess.org/V7b4yr1q/black#60,,True,https://lichess.org/training/CiFBD
w4GcL,1k5r/ppp1n1p1/4Pp1r/3p2p1/1P6/P2BRPq1/2Q4P/4R1K1 w - - 0 24,h2g3 h6h1 g1g2 h8h2,1500,110,81,14,kingsideAttack mate mateIn2 middlegame short,https://lichess.org/zLPmLE2B#47,,True,https://lichess.org/training/w4GcL
rbC9T,1r2rk2/1ppq1pR1/5R2/3pP3/p1n2PQ1/P1P1P1P1/1P4P1/2K5 b - - 3 28,d7g4 f6f7,1500,94,67,577,endgame mate mateIn1 oneMove,https://lichess.org/4BqtCsVX/black#56,,True,https://lichess.org/training/rbC9T
BLBuJ,4rk2/5p2/5p1p/1pRp4/3P2b1/1B1K4/PP2rPPP/2R5 w - - 13 30,f2f3 e8e3,1500,77,94,6781,endgame mate mateIn1 oneMove,https://lichess.org/CFSit7Vl#59,,True,https://lichess.org/training/BLBuJ
RhVYy,r4k1R/1p6/pn2p3/1b1pP3/3P4/P3b1K1/5r2/1B5R b - - 4 38,f8g7 h1h7,1500,500,18,2,mate mateIn1 middlegame oneMove,https://lichess.org/Au5tyHPU/black#76,,True,https://lichess.org/training/RhVYy
aZYXv,4r1k1/p2b1p2/1p1r1Pp1/2pp4/7R/3P4/PPPN4/3K3R b - - 3 29,d6f6 h4h8 g8g7 h1h7,1500,500,100,11,endgame mate mateIn2 short,https://lichess.org/QLwWXFGV/black#58,,True,https://lichess.org/training/aZYXv
KgwGq,6k1/p4p1R/3p1rp1/8/1q2r3/8/PP2Q3/3K3R b - - 0 35,e4e2 h7h8 g8g7 h1h7,1501,131,5,9,endgame mate mateIn2 queenRookEndgame short,https://lichess.org/RqfWp7Iw/black#70,,True,https://lichess.org/training/KgwGq
IZ3fq,r1b2q1r/3nR3/2p2kp1/1p1p1p2/1p1Q4/P5P1/2P3P1/4R1K1 b - - 19 37,f6g5 d4f4 g5f6 e1e6,1501,75,84,1282,mate mateIn2 middlegame short,https://lichess.org/c7Ttkrod/black#74,,True,https://lichess.org/training/IZ3fq
KxXfQ,8/8/4pR1R/3r2k1/p3K3/1b6/8/8 b - - 3 55,d5d1 f6g6,1501,83,90,1430,endgame master mate mateIn1 oneMove,https://lichess.org/3jF8fHza/black#110,,True,https://lichess.org/training/KxXfQ
qIzw2,6r1/3R4/2pQk3/p1q1pp1r/4p2p/2P1P2P/PP4P1/3R3K b - - 9 32,c5d6 d1d6,1501,90,68,62,endgame mate mateIn1 oneMove,https://lichess.org/hzLwcZ4s/black#64,,True,https://lichess.org/training/qIzw2
Vx9yP,4R3/k1p5/pp4N1/7p/6rP/1P1PB2K/P1P3r1/8 w - - 0 34,e8e7 g4g3,1501,97,77,310,endgame mate mateIn1 oneMove,https://lichess.org/G7t47vsm#67,,True,https://lichess.org/training/Vx9yP
kbUMG,8/2p3r1/4P3/p3R3/P1PN1kbp/1P4p1/5r2/4R1K1 b - - 4 56,h4h3 e1e4,1502,75,100,481,endgame mate mateIn1 oneMove,https://lichess.org/5rEErJkS/black#112,,True,https://lichess.org/training/kbUMG
80v2W,6rk/5p1p/8/2Q1RP1r/2Pq4/PP3b1P/6P1/4R2K w - - 0 37,c5d4 h5h3 h1g1 g8g2 g1f1 h3h1 d4g1 h1g1,1502,75,86,358,endgame mate mateIn4 pin veryLong,https://lichess.org/0q0vFWCn#73,,True,https://lichess.org/training/80v2W
vGZRH,7r/1R1bkp2/p2p1p1r/2pPp3/P1P1P1n1/5RP1/4N1B1/2Q3Kq w - - 2 26,g2h1 h6h1 g1g2 h8h2,1503,75,94,1607,kingsideAttack master mate mateIn2 middlegame short,https://lichess.org/rG3nvTW6#51,,True,https://lichess.org/training/vGZRH
ILivi,8/5pk1/7p/6b1/5pQP/1PpB4/2K2P2/1r1r4 w - - 3 38,h4g5 b1c1,1503,86,90,384,endgame mate mateIn1 oneMove,https://lichess.org/5rUkXtar#75,,True,https://lichess.org/training/ILivi
UvwVO,2R2B2/p3R1p1/1b2k3/1p3r1p/2b4P/8/p4PP1/6K1 b - - 3 33,e6f6 c8c6 c4e6 c6e6,1503,76,83,457,endgame mate mateIn2 short,https://lichess.org/4X6Nww8g/black#66,,True,https://lichess.org/training/UvwVO
aIRoG,2k4r/2p5/P2b3r/1Q1P1p2/4p3/8/1P3Pp1/2R3K1 w - - 0 26,a6a7 h6h1 g1g2 h8h2,1504,74,93,1386,endgame mate mateIn2 short,https://lichess.org/AySYcIct#51,,True,https://lichess.org/training/aIRoG
x1RXN,1R6/2rkbp1p/1Qp1b1p1/3pP3/q2P4/r2BP3/4N1PP/1R4K1 b - - 13 29,a3d3 b6c7 d7c7 b1b7,1504,75,96,16794,attraction mate mateIn2 middlegame sacrifice short,https://lichess.org/0t1slnOh/black#58,,True,https://lichess.org/training/x1RXN
63IF3,2k5/ppp3pp/8/5p2/2Pr1P2/1P4P1/P2rK2P/R3R3 w - - 1 29,e2e3 d4d3,1505,93,78,1604,endgame mate mateIn1 oneMove rookEndgame,https://lichess.org/hsi4m0rJ#57,,True,https://lichess.org/training/63IF3
u9ErC,r5Rk/ppp2p1P/8/8/2n1qB2/P7/1Pp2P2/2K3R1 b - - 1 29,h8h7 g1g7,1505,82,89,1731,endgame mate mateIn1 oneMove,https://lichess.org/jrLZclRR/black#58,,True,https://lichess.org/training/u9ErC
LLdPi,4r1k1/3r1p2/p4Pp1/1pp1p1p1/8/P2P3R/1PP1R3/6K1 b - - 3 36,e8e6 e2h2 e6f6 h3h8 g8g7 h2h7,1505,74,90,274,endgame long mate mateIn3 quietMove rookEndgame,https://lichess.org/Tq0cmMdP/black#72,,True,https://lichess.org/training/LLdPi
ncLrI,7r/b3q1k1/2NP1p2/pPP5/5pP1/5P1r/8/2RR2K1 w - - 0 40,d6e7 h3h1 g1g2 h8h2,1506,75,98,6753,endgame master mate mateIn2 short,https://lichess.org/n3PBVTsn#79,,True,https://lichess.org/training/ncLrI
ohyPI,r2r4/p4R2/2pp4/5R2/5k2/1B2p3/P1Pb2PP/7K b - - 0 36,f4e4 f5f4 e4e5 f7f5,1506,75,79,158,endgame mate mateIn2 short,https://lichess.org/yifRZGbv/black#72,,True,https://lichess.org/training/ohyPI
VB7dJ,5Q2/1kb1P1p1/8/p7/1ppP2pr/2P1P2r/PP6/R5K1 w - - 0 37,e7e8q h3h1 g1g2 h4h2,1506,79,95,24538,endgame mate mateIn2 short,https://lichess.org/7IwVD3xb#73,,True,https://lichess.org/training/VB7dJ
tH17Y,8/5rkp/ppb3pN/2p3Q1/7P/3Pp2B/PPP1Kr1P/R7 w - - 4 30,e2e3 f7f3,1507,80,82,525,mate mateIn1 middlegame oneMove,https://lichess.org/M5m5SvmL#59,,True,https://lichess.org/training/tH17Y
cN2Yt,8/pp6/2p1bkp1/2P5/1P2PKP1/2r2P1R/P4r2/R4B2 w - - 1 32,a2a4 g6g5 f4g3 c3f3,1507,76,92,7149,endgame mate mateIn2 short,https://lichess.org/76mbTVom#63,,True,https://lichess.org/training/cN2Yt
hvg5n,r7/3k1p2/KP6/3P1N1r/4Pp2/5Pp1/6P1/6R1 w - - 1 46,a6b7 h5h8 e4e5 h8b8,1507,75,95,1015,endgame mate mateIn2 quietMove short,https://lichess.org/oR3MwIrT#91,,True,https://lichess.org/training/hvg5n
FsQlH,5rk1/pp1bb2p/2p1p3/2Pp2pq/PP1Pp3/4P1P1/3B1r1P/R2QKRN1 w Q - 0 19,d1h5 f2f1 e1e2 f8f2,1508,79,96,23317,fork mate mateIn2 middlegame short,https://lichess.org/UeYD3GDj#37,Vant_Kruijs_Opening Vant_Kruijs_Opening_Other_variations,True,https://lichess.org/training/FsQlH
Y9HVb,7r/2pk1pp1/3b4/1p1N2B1/p2P4/P3Rp1r/BPP2P2/R5K1 w - - 4 23,e3f3 h3h1 g1g2 h8h2,1508,74,90,2181,kingsideAttack mate mateIn2 middlegame short,https://lichess.org/C6Ub4hk9#45,,True,https://lichess.org/training/Y9HVb
aWp7a,1r6/7R/3R3p/1b2Pp2/6k1/2p1K3/1r5P/8 b - - 2 44,c3c2 d6g6 g4h5 h7h6,1508,75,98,5686,endgame mate mateIn2 short,https://lichess.org/a9wVQ0HZ/black#88,,True,https://lichess.org/training/aWp7a
5upIz,rn1q2k1/5r1p/2pb2Q1/3p2P1/pp1P3R/P1N2N2/1PP2P2/1K5R b - - 0 22,h7g6 h4h8 g8g7 h1h7,1508,75,92,2175,kingsideAttack mate mateIn2 middlegame short,https://lichess.org/5x5LhEle/black#44,,True,https://lichess.org/training/5upIz
lS7hj,8/1p4p1/2p1R1P1/1b3k2/3pR3/5PK1/2r5/8 b - - 1 44,d4d3 e4e5,1509,75,93,495,endgame master mate mateIn1 oneMove,https://lichess.org/nCNZ6KKz/black#88,,True,https://lichess.org/training/lS7hj
I1S1k,3q2k1/p1r2r1p/1p2p1QR/3pP1P1/2nP4/P7/1P4P1/1KB4R b - - 0 23,h7g6 h6h8 g8g7 h1h7,1509,75,93,946,kingsideAttack mate mateIn2 middlegame short,https://lichess.org/8Kr0LEQy/black#46,,True,https://lichess.org/training/I1S1k
nzmSF,8/8/8/5r2/1p4R1/p1r1pk2/P1P3R1/4K3 b - - 0 56,c3c2 g2g3,1509,75,91,5171,endgame master mate mateIn1 oneMove rookEndgame,https://lichess.org/5sItkhic/black#112,,True,https://lichess.org/training/nzmSF
4ml7I,r7/5k2/4Np2/r7/1p5P/1R1B4/2P3P1/1K2R3 w - - 4 40,e6c7 a5a1 b1b2 a8a2,1509,156,78,14,endgame mate mateIn2 short,https://lichess.org/P9T6ScmQ#79,,True,https://lichess.org/training/4ml7I
NwPsJ,6k1/2B2ppp/B7/P1p5/1r2r3/P1K3Q1/2P1nP1P/7R w - - 1 29,c3d3 b4d4,1510,123,77,197,mate mateIn1 middlegame oneMove,https://lichess.org/EUyQPaE4#57,,True,https://lichess.org/training/NwPsJ
xDkOw,3r3k/1pp2prQ/5p2/1p1pqP2/4P2R/2P4R/PP4PP/7K b - - 0 27,g7h7 h4h7 h8g8 h7h8 g8g7 h3h7,1510,75,86,96,endgame exposedKing kingsideAttack long mate mateIn3 queenRookEndgame,https://lichess.org/8yayHKBa/black#54,,True,https://lichess.org/training/xDkOw
yE5bC,6r1/p3P3/2p5/p1N2k2/3P3R/5K2/P5r1/8 w - - 0 46,e7e8q g8g3,1511,80,88,3480,endgame master mate mateIn1 oneMove,https://lichess.org/JW7A2AlY#91,,True,https://lichess.org/training/yE5bC
xcYBN,r3r3/1p2b1R1/2p1pk1p/p7/PnPp1P1N/8/1P6/6RK b - - 0 30,e8g8 g1g6,1511,96,69,120,mate mateIn1 middlegame oneMove,https://lichess.org/GTeVPXcT/black#60,,True,https://lichess.org/training/xcYBN
vxSg7,2r2b1r/pp1R2N1/4k2p/3Rn3/4P3/5PP1/PPP2P2/6K1 b - - 0 25,f8g7 d5d6,1511,85,81,1408,endgame mate mateIn1 oneMove,https://lichess.org/Y14lSR98/black#50,,True,https://lichess.org/training/vxSg7
3e4m1,8/6R1/r3pk2/1pB2p2/4b3/1KP3RP/2r5/8 b - - 1 36,a6a2 c5d4 e6e5 g3g6,1512,75,95,98,endgame mate mateIn2 short,https://lichess.org/likpnW42/black#72,,True,https://lichess.org/training/3e4m1
tRluf,4r3/pp5R/2pp2k1/7R/2P3PK/1P2rP2/P3n3/8 b - - 17 45,e2f4 h5h6,1512,86,89,2636,endgame mate mateIn1 oneMove,https://lichess.org/Svt8CEzJ/black#90,,True,https://lichess.org/training/tRluf
zofTs,8/p1R3pp/5k2/8/1Pp5/2R3PK/4r2P/7r w - - 14 46,c3c4 h1h2 h3g4 h7h5 g4f3 h2f2,1513,76,71,125,endgame long mate mateIn3 rookEndgame,https://lichess.org/w4lxTP9A#91,,True,https://lichess.org/training/zofTs
JDoSx,r3q1k1/5r1p/1p2p1QR/p2pP3/1n4P1/5N2/PPP2P2/2K4R b - - 0 22,h7g6 h6h8 g8g7 h1h7,1513,76,96,11729,kingsideAttack mate mateIn2 middlegame short,https://lichess.org/iQYWywAS/black#44,,True,https://lichess.org/training/JDoSx
PvfXs,8/p6p/1p2R3/5kp1/P4p2/5B2/1r1r4/4R1K1 b - - 3 47,g5g4 e1e5,1513,89,68,489,endgame master masterVsMaster mate mateIn1 oneMove,https://lichess.org/xJxiUq3z/black#94,,True,https://lichess.org/training/PvfXs
6fErP,6R1/pQ3p1p/5k2/4n3/7r/5PK1/PP5r/8 w - - 0 37,f3f4 h4h3,1514,93,62,350,endgame mate mateIn1 oneMove,https://lichess.org/SiWX8WAr#73,,True,https://lichess.org/training/6fErP
rTGpX,8/7p/P3pk2/8/5PpK/1P4R1/1RP1r2r/8 w - - 4 40,h4g4 h7h5 g4f3 h2f2,1514,76,94,151,endgame mate mateIn2 rookEndgame short,https://lichess.org/9GmEichx#79,,True,https://lichess.org/training/rTGpX
R70QK,7r/P7/8/1P4k1/3B1p2/5P2/2R3Kr/R7 w - - 6 48,g2g1 h2h1 g1g2 h8h2,1515,75,94,15079,endgame mate mateIn2 short,https://lichess.org/E66uoVYB#95,,True,https://lichess.org/training/R70QK
KoWWp,1R6/1p3p2/p3kp2/3p4/3r4/2K3P1/PPR2P2/3r4 w - - 0 30,b8b7 d1d3,1515,80,88,456,endgame master mate mateIn1 oneMove rookEndgame,https://lichess.org/hEU6Kv6G#59,,True,https://lichess.org/training/KoWWp
jaQVg,r3r2k/1p1R3R/p4p1n/1P5N/2P5/2q1PpP1/5P1P/6K1 b - - 0 34,h8g8 d7g7 g8f8 h7h8 h6g8 h8g8,1516,76,94,3602,exposedKing fork long mate mateIn3 middlegame,https://lichess.org/Yz8qKuEQ/black#68,,True,https://lichess.org/training/jaQVg
2XTK8,3r1k2/6p1/1bpQ1p1p/1p4n1/pP1P2B1/P1q3P1/2N1RPK1/4R3 b - - 0 36,d8d6 e2e8 f8f7 g4h5 g7g6 e1e7,1516,74,93,4957,long mate mateIn3 middlegame,https://lichess.org/lhtoKmu6/black#72,,True,https://lichess.org/training/2XTK8
lLt9a,5r2/2k3P1/2p1P2p/1pP5/1P1P4/4R3/r1K5/4R3 w - - 5 57,c2b3 f8a8 d4d5 a8a3,1517,75,97,17235,endgame mate mateIn2 quietMove rookEndgame short,https://lichess.org/yE7u0S2S#113,,True,https://lichess.org/training/lLt9a
M0Ckq,3k2r1/p6p/Q1p1ppr1/3p4/1P1Pp3/2P1q2P/P3R3/1R3K2 w - - 0 26,e2e3 g6g1 f1f2 g8g2,1518,75,82,238,endgame mate mateIn2 queenRookEndgame short,https://lichess.org/Y1jtGT4z#51,,True,https://lichess.org/training/M0Ckq
sCMgl,2k4r/pp3ppr/2n1pB2/3p4/3P2p1/2N3q1/PPPN1R1P/R2Q2K1 w - - 0 17,h2g3 h7h1 g1g2 h8h2,1518,75,97,14944,kingsideAttack mate mateIn2 middlegame short,https://lichess.org/QT4Q29TD#33,Caro-Kann_Defense Caro-Kann_Defense_Two_Knights_Attack,True,https://lichess.org/training/sCMgl
ecIfg,2r5/4kpR1/4p3/pBq1P3/P7/2P5/3R1P1P/1K6 b - - 0 29,c5c3 d2d7 e7f8 d7f7,1518,75,97,20977,endgame mate mateIn2 short,https://lichess.org/axXPjXWH/black#58,,True,https://lichess.org/training/ecIfg
YHBSA,3R4/p4ppk/1p2p2P/3nB3/3R4/5PK1/r6P/7r b - - 0 35,h7h6 d8h8 h6g5 d4g4 g5f5 h8h5 g7g5 h5g5,1518,74,96,15884,endgame exposedKing mate mateIn4 veryLong,https://lichess.org/kwoXeu4x/black#70,,True,https://lichess.org/training/YHBSA
s1g4H,5R2/8/p7/1P2k2p/3p3P/4KP2/1Pr3r1/1R6 w - - 0 35,e3d3 g2d2,1518,187,-8,28,endgame mate mateIn1 oneMove rookEndgame,https://lichess.org/RMpcbWRq#69,,True,https://lichess.org/training/s1g4H
fh8jg,7R/8/p2R3p/7k/1p2K1p1/n7/r7/8 b - - 1 41,a3c4 h8h6 h5g5 d6g6,1519,77,97,4740,endgame mate mateIn2 short,https://lichess.org/pjOYZeVC/black#82,,True,https://lichess.org/training/fh8jg
N0Pr6,8/4rp1p/1rp3p1/p1RkP3/P4P2/6P1/4K2P/2R5 b - - 2 32,d5d4 c1c4,1520,95,17,211,endgame master mate mateIn1 oneMove rookEndgame,https://lichess.org/PIV35Rmt/black#64,,True,https://lichess.org/training/N0Pr6
Dl5X2,2k4r/5p2/8/2p3P1/p2p1P2/3P2Kr/bPP1BR2/5R2 w - - 1 32,g3g4 a2e6 f4f5 h8h4,1520,77,97,23305,endgame mate mateIn2 short,https://lichess.org/Kv9TgmqQ#63,,True,https://lichess.org/training/Dl5X2
sEnxR,6nr/p6p/8/1R6/2k5/2r5/2P3PP/1R5K b - - 0 39,g8f6 b1b4,1520,144,100,22,endgame mate mateIn1 oneMove,https://lichess.org/WIWEx9Gc/black#78,,True,https://lichess.org/training/sEnxR
mgngG,4r1k1/5p1p/p1p3p1/2Np4/3P2P1/3K1P2/1P2r2P/Q6R w - - 2 30,h1e1 e8e3,1520,81,87,1064,endgame mate mateIn1 oneMove,https://lichess.org/rjzJ0bYL#59,,True,https://lichess.org/training/mgngG
ktjG2,r4b1r/6pp/p2p4/1p1Pk3/3R1R2/4n3/PP4PP/6K1 b - - 1 21,e3d5 d4e4,1521,88,79,954,endgame mate mateIn1 oneMove,https://lichess.org/hauhlk2S/black#42,,True,https://lichess.org/training/ktjG2
XH8DP,r4rk1/5pb1/1q2p1p1/p2pP3/1p3P2/7Q/PPP3PR/1NK4R b - - 1 21,f8c8 h3h8 g7h8 h2h8 g8g7 h1h7,1521,73,96,12598,kingsideAttack long mate mateIn3 middlegame sacrifice,https://lichess.org/sH5nDuxw/black#42,,True,https://lichess.org/training/XH8DP
3C1yu,6k1/pp3R2/2p4p/3n2r1/4B3/2P3PK/r7/5R2 b - - 5 43,a2e2 f7f8 g8g7 f1f7,1521,75,86,442,endgame mate mateIn2 short,https://lichess.org/XvYkekCX/black#86,,True,https://lichess.org/training/3C1yu
vQnSG,3r4/5kp1/2R4p/p3p3/3rKp2/PP1p1P1P/6P1/3R4 w - - 1 34,e4e5 d8d5,1522,89,79,308,endgame mate mateIn1 oneMove rookEndgame,https://lichess.org/xFkng79v#67,,True,https://lichess.org/training/vQnSG
Qd5R8,3r4/p3RRk1/1p1P2p1/7p/6b1/6P1/4r1BP/7K b - - 0 32,g7h6 f7h7 h6g5 h2h4 g5f6 h7f7,1523,75,96,12893,endgame long mate mateIn3,https://lichess.org/dQLsaZsA/black#64,,True,https://lichess.org/training/Qd5R8
US5Co,8/2p2p1p/3p1p2/2PPpP1k/1P2P2P/1RK1R1P1/r5r1/8 w - - 1 45,c5d6 a2c2 c3d3 g2d2,1523,75,87,327,endgame mate mateIn2 rookEndgame short,https://lichess.org/vw9id2Om#89,,True,https://lichess.org/training/US5Co
VO1xv,r4k2/4q2p/p3p1p1/3pBbRB/5P2/Pp6/1P5K/6R1 b - - 4 32,g6h5 g5g8 f8f7 g1g7,1524,75,99,3334,endgame mate mateIn2 short,https://lichess.org/4DKYM9A2/black#64,,True,https://lichess.org/training/VO1xv
jfCEI,1n1kQr2/2R3R1/4p2p/rp1pN3/8/3B4/P4q2/3K4 b - - 1 28,f8e8 e5c6 b8c6 g7d7,1525,75,97,10743,fork mate mateIn2 middlegame sacrifice short,https://lichess.org/RP2MRerI/black#56,,True,https://lichess.org/training/jfCEI
EkWvm,r3q1k1/pp3r1p/4p1QR/3pP3/b1pP4/P1P5/2PBKPP1/7R b - - 0 23,h7g6 h6h8 g8g7 h1h7,1526,75,98,2287,kingsideAttack master mate mateIn2 middlegame short,https://lichess.org/DVEOJ0PD/black#46,,True,https://lichess.org/training/EkWvm
17hFV,7k/7p/R1N5/p7/2P5/b7/1r2rPP1/3K1R2 w - - 4 42,a6a5 b2d2,1526,88,84,1245,endgame mate mateIn1 oneMove,https://lichess.org/ybtYqxsL#83,,True,https://lichess.org/training/17hFV
aXMyK,1r4k1/pr3pb1/3p2pp/8/2pP4/2P2NPP/P2R1PB1/2K4R w - - 0 26,f3e5 b7b1 c1c2 b8b2,1526,76,83,359,mate mateIn2 middlegame queensideAttack short,https://lichess.org/KdgrgjRs#51,,True,https://lichess.org/training/aXMyK
JeGgM,2r3k1/pQ3ppp/2rp4/7b/3p1q2/3P1P1P/PPP1B3/1KR3NR w - - 1 22,b7a7 f4c1 b1c1 c6c2 c1d1 c2c1 d1d2 c8c2,1526,76,95,18588,attraction mate mateIn4 middlegame queensideAttack sacrifice veryLong,https://lichess.org/roR73pn9#43,,True,https://lichess.org/training/JeGgM
Jkprn,3r4/p4kpp/2p5/5p2/5P2/2N2KP1/PPpr3P/2R1R3 w - - 2 30,f3e3 d8d3,1526,76,85,670,endgame mate mateIn1 oneMove,https://lichess.org/hqRjjqM3#59,,True,https://lichess.org/training/Jkprn
aNMkd,7r/pp1Rqk2/4p3/8/6p1/4Q1nr/PP3P1P/3R3K w - - 0 32,f2g3 h3h2 h1g1 h2h1 g1g2 h8h2,1526,76,100,1009,endgame long mate mateIn3,https://lichess.org/hDRFuoyL#63,,True,https://lichess.org/training/aNMkd
KgyVP,2r3r1/1b3R1p/4k3/p2pP3/1b1P4/8/1P2N1PP/5RK1 b - - 0 31,c8f8 f1f6,1526,88,76,1564,mate mateIn1 middlegame oneMove,https://lichess.org/cunA5aue/black#62,,True,https://lichess.org/training/KgyVP
0AH5m,3r3b/p6p/1p3p1P/5n1k/6R1/2r1BPP1/P5K1/4R3 b - - 1 33,c3e3 e1h1 f5h4 h1h4,1527,75,96,23452,endgame master mate mateIn2 short,https://lichess.org/Mze6VHaE/black#66,,True,https://lichess.org/training/0AH5m
fDYzb,8/pp3pk1/6p1/8/1P4N1/2R2PPn/P1R2K1P/3r2r1 w - - 7 36,f2e2 g1e1,1528,76,87,224,endgame master mate mateIn1 oneMove,https://lichess.org/XQ3aEu9k#71,,True,https://lichess.org/training/fDYzb
GLEPk,6r1/2p2k2/p2p1n2/1p5p/2P1PP2/5K2/PB4r1/4R2R w - - 0 33,b2f6 g8g3,1528,130,9,78,endgame mate mateIn1 oneMove,https://lichess.org/2l2uK1Lg#65,,True,https://lichess.org/training/GLEPk
FUHN0,r3r2k/p4p1p/4pp2/2pbp3/7R/3B3R/P1P2PPP/6K1 b - - 5 27,a8b8 h4h7 h8g8 h7h8 g8g7 h3h7,1529,76,88,767,endgame kingsideAttack long mate mateIn3,https://lichess.org/wuMM3n5c/black#54,,True,https://lichess.org/training/FUHN0
KPQyK,6r1/3b4/3pk3/Q1p5/2P1Pp2/3P1P1p/PP4r1/R4K1R w - - 0 43,h1h3 g2g1 f1f2 g8g2,1529,76,87,996,endgame mate mateIn2 short,https://lichess.org/3UK3Vwyl#85,,True,https://lichess.org/training/KPQyK
suY01,8/5pkp/p1N5/2Pp2p1/PRn5/2PKr3/2B2rPP/7R w - - 0 32,d3d4 f2d2 c2d3 d2d3,1530,76,86,193,fork mate mateIn2 middlegame short,https://lichess.org/i2MhrzcK#63,,True,https://lichess.org/training/suY01
2oI9k,8/8/4p3/1r5p/1p4p1/r3P1P1/PR1R1P2/2k1K3 b - - 22 48,b5d5 d2c2,1532,89,82,74,endgame master mate mateIn1 oneMove rookEndgame,https://lichess.org/RyklkcEt/black#96,,True,https://lichess.org/training/2oI9k
ZnRQX,2r3k1/5pq1/2r1p1pQ/6P1/p2p4/P1P2P2/1P5R/2K4R b - - 0 25,d4c3 h6h8 g7h8 h2h8 g8g7 h1h7,1532,77,88,571,endgame long mate mateIn3,https://lichess.org/d3OzvprE/black#50,,True,https://lichess.org/training/ZnRQX
tTmpj,1R6/5p1k/4b2p/1p5R/8/2B5/1P3rPK/3r4 b - - 3 34,e6d5 b8h8 h7g6 h8h6,1532,75,89,213,endgame master mate mateIn2 short,https://lichess.org/4naRJPZ5/black#68,,True,https://lichess.org/training/tTmpj
jtoB9,1k1r4/4R2p/6p1/1Pp2p2/P1b1p3/4P1P1/3rBP1P/4K2R w K - 1 28,e2c4 d2d1 e1e2 d8d2,1532,76,96,1083,endgame mate mateIn2 short,https://lichess.org/ZPmNlBjn#55,,True,https://lichess.org/training/jtoB9
oX9LI,4k2r/1r1p1ppp/1ppQp3/4P3/2q5/P4R2/1P4PP/1K3R2 b k - 1 24,h8f8 d6f8 e8f8 f3f7 f8e8 f7f8 e8e7 f1f7,1533,74,91,676,attraction endgame mate mateIn4 sacrifice veryLong,https://lichess.org/xJtlUOJi/black#48,,True,https://lichess.org/training/oX9LI
hTw1J,4r3/2b3k1/7p/1pp2Qp1/p2P4/1P3P1P/P4KP1/R1B1r3 w - - 1 33,c1d2 e8e2,1533,92,77,373,endgame mate mateIn1 oneMove,https://lichess.org/xGZCCzdk#65,,True,https://lichess.org/training/hTw1J
WIYfe,8/8/1k3pp1/p2P3P/R2KP1P1/1rr5/8/7R w - - 1 44,d5d6 c3d3 d4c4 b3c3,1533,76,92,114,endgame mate mateIn2 rookEndgame short,https://lichess.org/ND3kWyYh#87,,True,https://lichess.org/training/WIYfe
cuLXi,2k4r/ppp3p1/2np1n2/6p1/2B1P1b1/B2P1Pqr/PPPN1R1P/R3Q1K1 w - - 0 17,h2g3 h3h1 g1g2 h8h2,1534,76,100,213,kingsideAttack mate mateIn2 middlegame short,https://lichess.org/dFPagtbM#33,Petrovs_Defense Petrovs_Defense_Italian_Variation,True,https://lichess.org/training/cuLXi
I6lJv,8/8/8/p6R/5rk1/7R/r5PK/8 b - - 0 44,f4f2 h3h4,1534,89,72,387,endgame mate mateIn1 oneMove rookEndgame,https://lichess.org/x5pu3Sz9/black#88,,True,https://lichess.org/training/I6lJv
4zEX6,1k5r/2R1n3/Pp5r/1p2Np2/3Pp3/4P1P1/1P3P2/R5K1 w - - 1 31,c7e7 h6h1 g1g2 h8h2,1534,75,94,543,endgame mate mateIn2 short,https://lichess.org/ROBRjTnp#61,,True,https://lichess.org/training/4zEX6
U88wF,8/8/p4B2/1p5p/3N4/2PR1P2/P4K1k/4r1r1 w - - 4 34,f3f4 g1f1,1535,104,81,209,endgame master mate mateIn1 oneMove,https://lichess.org/zaotuQvc#67,,True,https://lichess.org/training/U88wF
11RKr,r1b1Rbk1/p7/1pp2Bp1/3p4/2P5/1P1q1pP1/P2N4/2K4R b - - 0 24,c8f5 h1h8 g8f7 h8f8,1536,76,93,2539,kingsideAttack mate mateIn2 middlegame short,https://lichess.org/ObBWlsHw/black#48,,True,https://lichess.org/training/11RKr
hbYYM,8/p1PP4/4K1k1/3r1r2/6p1/P7/5P1R/8 w - - 0 53,d7d8q f5e5,1536,75,97,594,endgame master mate mateIn1 oneMove queenRookEndgame,https://lichess.org/pThryZQr#105,,True,https://lichess.org/training/hbYYM
UfVhS,4r1k1/1p3r1p/p1q2pQR/4p3/2bP1B2/2P2PP1/PP3K2/7R b - - 0 31,h7g6 h6h8 g8g7 h1h7,1536,75,87,191,kingsideAttack mate mateIn2 middlegame short,https://lichess.org/D255XxLu/black#62,,True,https://lichess.org/training/UfVhS
R9Fo3,6k1/1pR5/4bPp1/3p1p2/1PnP2q1/2P1P3/5KP1/1N5R b - - 0 38,f5f4 c7g7 g8f8 h1h8 e6g8 h8g8,1536,75,97,3144,endgame exposedKing long mate mateIn3,https://lichess.org/bD3oeGrX/black#76,,True,https://lichess.org/training/R9Fo3
oSlM9,r2q1r2/1p2pp2/p1n4R/3p2k1/3P2p1/2N3B1/PPP3P1/1K5R b - - 1 22,f8h8 h1h5,1536,90,88,5006,mate mateIn1 middlegame oneMove,https://lichess.org/FMbJpNFy/black#44,,True,https://lichess.org/training/oSlM9
mMwON,r2R4/p1pQkp2/1pq1p3/4P1p1/P1n4r/5P2/1P3P1P/3R2K1 b - - 12 27,c6d7 d1d7,1536,166,76,66,endgame mate mateIn1 oneMove,https://lichess.org/toB57n0e/black#54,,True,https://lichess.org/training/mMwON
IVlAv,r2r4/5ppp/p3p3/2R5/3k1PP1/2R2K2/7P/8 b - - 0 32,d8d5 c5c4,1537,89,79,1250,endgame mate mateIn1 oneMove rookEndgame,https://lichess.org/94zutSf4/black#64,,True,https://lichess.org/training/IVlAv
6sujE,r6q/2p5/7b/p1RPp2P/1k2Pp2/8/PP2KP2/2R5 b - - 0 38,a8b8 c1c4,1537,94,83,285,endgame mate mateIn1 oneMove,https://lichess.org/p3uZjna5/black#76,,True,https://lichess.org/training/6sujE
4kYwA,2r4k/5prQ/p2p1p2/4pP2/1pP4R/1P2q3/P1K1B3/7R b - - 0 30,g7h7 h4h7 h8g8 h7h8 g8g7 h1h7,1538,76,95,10290,endgame exposedKing long mate mateIn3,https://lichess.org/fVoNjuWz/black#60,,True,https://lichess.org/training/4kYwA
mTqZs,2r5/p6p/2p5/3p2R1/5k2/2P3R1/5PK1/r7 b - - 9 38,h7h6 g3g4,1538,76,97,1848,endgame mate mateIn1 oneMove rookEndgame,https://lichess.org/QksCrTKl/black#76,,True,https://lichess.org/training/mTqZs
nZoG9,7r/4nppp/8/2p5/3p1P2/r5P1/k4K2/1RRB4 b - - 3 33,a3c3 b1a1 a2b2 c1b1,1538,74,88,278,endgame mate mateIn2 short,https://lichess.org/t6CEJIPT/black#66,,True,https://lichess.org/training/nZoG9
v9B2J,r2q2k1/pp3r1R/2pp1pp1/3Q2P1/8/5N2/PPP2PP1/2K4R b - - 0 17,c6d5 h7h8 g8g7 h1h7,1539,74,88,473,endgame kingsideAttack mate mateIn2 short,https://lichess.org/6nZj7IMB/black#34,Philidor_Defense Philidor_Defense_Exchange_Variation,True,https://lichess.org/training/v9B2J
93em8,6k1/pbp3pp/4p3/2p1PpN1/2Pr1P1P/1P2K3/P2r4/R5R1 w - - 9 28,g5e6 d4d3,1539,78,90,3772,endgame mate mateIn1 oneMove,https://lichess.org/OLCZe2K0#55,,True,https://lichess.org/training/93em8
8J5N0,3Q4/2Q3p1/P4pk1/8/8/6P1/4rrKP/8 w - - 0 50,g2h3 f2h2 h3g4 f6f5 g4f3 h2f2,1540,74,96,17091,endgame long mate mateIn3,https://lichess.org/B5HI6a2A#99,,True,https://lichess.org/training/8J5N0
SeZ2n,r4rk1/p1p2p2/2p3p1/4P3/8/nPN5/P1P1K2R/7R b - - 0 22,f8e8 h2h8 g8g7 h1h7,1540,90,75,69,endgame mate mateIn2 short,https://lichess.org/9hOQPjmn/black#44,,True,https://lichess.org/training/SeZ2n
bIC1l,5b2/1Rk2p2/4b3/rR1p2pp/3P4/2P2P2/5PKP/8 b - - 0 49,c7c6 b5b6,1541,80,94,355,endgame mate mateIn1 oneMove,https://lichess.org/1WBBSsmk/black#98,,True,https://lichess.org/training/bIC1l
aeOFK,5r2/pp5k/3qR1p1/3P3p/3Q3P/2P3P1/PP3rK1/4R3 w - - 9 37,g2h3 d6g3 h3g3 f8f3,1541,75,95,23965,attraction endgame mate mateIn2 sacrifice short,https://lichess.org/01YNJAai#73,,True,https://lichess.org/training/aeOFK
Rn6n6,k3n2r/2p2pp1/B5b1/Pp5r/1N6/4B1p1/5P1P/R1R3K1 w - - 0 29,h2g3 h5h1 g1g2 g6e4 f2f3 h8h2,1541,75,96,16494,long mate mateIn3 middlegame,https://lichess.org/1W64qTu4#57,,True,https://lichess.org/training/Rn6n6
2jtkx,3r4/1k3p1p/p1R1bp2/8/4p2N/3rK1P1/P4P1P/2R5 w - - 3 26,e3e4 d8d4,1542,87,79,401,endgame mate mateIn1 oneMove,https://lichess.org/DCQ8uNNV#51,,True,https://lichess.org/training/2jtkx
xzgZA,8/8/4R3/1P1k4/K5P1/P6r/2R5/r7 w - - 3 52,e6g6 a1a3 a4b4 h3b3,1543,76,85,76,endgame mate mateIn2 rookEndgame short,https://lichess.org/FQoGOEKR#103,,True,https://lichess.org/training/xzgZA
ojrQk,r6k/pp3p1p/2b1pp2/4p3/3b3R/2NB3R/PP3r1P/4K3 b - - 1 23,a8e8 h4h7 h8g8 h7h8 g8g7 h3h7,1544,77,94,5646,kingsideAttack long mate mateIn3 middlegame,https://lichess.org/oLnJw8EB/black#46,,True,https://lichess.org/training/ojrQk
8gXT7,5Q2/pp6/6r1/3pR2k/2q2P2/2P3p1/4R2r/5K2 b - - 9 41,h5g4 f8f5 g4f3 e5e3,1544,74,84,758,endgame fork master mate mateIn2 short,https://lichess.org/B2Sf0Kpo/black#82,,True,https://lichess.org/training/8gXT7
bbevA,2Q5/4rkb1/p1p2r1p/1q1p1P2/8/P5R1/1P6/K5R1 b - - 6 43,g7f8 c8f8 f7f8 g3g8 f8f7 g1g7,1544,96,76,45,attraction exposedKing long mate mateIn3 middlegame sacrifice,https://lichess.org/QB3UOAPQ/black#86,,True,https://lichess.org/training/bbevA
k3uI6,1k3r2/1pp5/p1np2p1/6R1/1P1PP3/4K1R1/1PN2r1P/8 w - - 3 29,g3g2 f8f3,1544,179,33,5,endgame mate mateIn1 oneMove,https://lichess.org/1xDURckZ#57,,True,https://lichess.org/training/k3uI6
mr5I6,3Rb1k1/6p1/4pp2/pP2N3/P6R/r1r2P1P/5K2/8 b - - 3 46,g8f8 h4h8 f8e7 h8e8,1545,75,99,1366,endgame mate mateIn2 short,https://lichess.org/ddxt635g/black#92,,True,https://lichess.org/training/mr5I6
sLTDQ,r6r/1p1Rkpbp/npp3p1/4p3/2P1P3/1PN2B2/P4PPP/2KR4 b - - 1 17,e7e6 d1d6,1546,82,79,500,mate mateIn1 middlegame oneMove,https://lichess.org/hkW7Wled/black#34,Zukertort_Opening Zukertort_Opening_Kingside_Fianchetto,True,https://lichess.org/training/sLTDQ
udKWv,rqb1kQ2/3p1ppp/2p1p3/p7/4NR2/6P1/PP2P2P/5R1K b q - 0 20,e8f8 f4f7 f8e8 f7f8 e8e7 f1f7,1546,83,88,36,endgame long mate mateIn3,https://lichess.org/0AUToaqo/black#40,,True,https://lichess.org/training/udKWv
F2Uci,6r1/2kqbR1Q/p1b1p3/1p6/3P4/2NBP3/PP4rP/2R2K2 w - - 2 23,f7e7 g2g1 f1f2 g8g2,1546,74,89,1304,mate mateIn2 middlegame short,https://lichess.org/9bBbDuvW#45,,True,https://lichess.org/training/F2Uci
lLzFJ,1r6/5p1P/p2k1p2/3p4/b2P4/P1K2P2/1r6/R6R w - - 1 31,h7h8q b8b3,1546,79,89,1148,endgame mate mateIn1 oneMove,https://lichess.org/iKdjYCzC#61,,True,https://lichess.org/training/lLzFJ
0FknH,8/1p4k1/3p4/1NpP1p1Q/PnP1pb2/6rP/1P5K/4RBr1 w - - 2 35,h5f5 g3g2,1546,76,90,6160,doubleCheck master mate mateIn1 middlegame oneMove,https://lichess.org/P5IM4r1T#69,,True,https://lichess.org/training/0FknH
B3wSh,8/8/8/4R1Rp/3K1k1r/r7/8/8 b - - 17 68,a3h3 e5f5,1546,85,76,456,endgame mate mateIn1 oneMove rookEndgame,https://lichess.org/lgNwa28j/black#136,,True,https://lichess.org/training/B3wSh
9r0LB,2k3nr/p2b4/1pnqpPp1/3p2B1/2pP1NP1/2P2QK1/2P1BP1r/1R3R2 w - - 1 30,f1h1 h8h3,1547,82,64,445,master mate mateIn1 middlegame oneMove pin,https://lichess.org/LO5zdtRk#59,,True,https://lichess.org/training/9r0LB
CyErt,Qk2q2r/1bp5/1pp1p3/8/2PPP1p1/6p1/RP4P1/R5K1 b - - 1 34,b7a8 a2a8 b8b7 a1a7,1547,79,64,51,endgame mate mateIn2 queensideAttack short,https://lichess.org/DeTxT1K2/black#68,,True,https://lichess.org/training/CyErt
VS7Bt,2R3R1/r3rk2/4np1p/q3Q1p1/PpB1P3/7P/1P3PP1/6K1 b - - 3 34,a5e5 c8f8,1547,81,90,1962,master mate mateIn1 middlegame oneMove pin,https://lichess.org/5DgL34VB/black#68,,True,https://lichess.org/training/VS7Bt
bljQz,3r1r2/1p1n1p1k/p3pn1p/6R1/2q2P1Q/2p2R2/PPP3PP/7K b - - 3 27,c3b2 h4h6 h7h6 f3h3 f6h5 h3h5,1548,75,87,115,attraction long mate mateIn3 middlegame sacrifice,https://lichess.org/WkjrTA41/black#54,,True,https://lichess.org/training/bljQz
Zpqhq,r5k1/3q1p2/1p4p1/1Pp5/2PpP2R/3B1KB1/r7/7R b - - 3 35,a8a3 h4h8 g8g7 g3e5 f7f6 h1h7,1548,75,94,3581,long mate mateIn3 middlegame,https://lichess.org/CJFn12YY/black#70,,True,https://lichess.org/training/Zpqhq
L2Zex,2k3r1/1p1r4/p1Q1p3/2Pp4/3qn2p/P6P/KR6/1R6 b - - 0 43,b7c6 b2b8 c8c7 b1b7,1548,75,84,295,endgame mate mateIn2 short,https://lichess.org/Z6Ouf5h6/black#86,,True,https://lichess.org/training/L2Zex
4GgFk,2rq2k1/1b3r1p/p3p1QR/1p1pP3/5P2/P1N1P3/1P2K1P1/7R b - - 0 23,h7g6 h6h8 g8g7 h1h7,1549,74,91,758,kingsideAttack mate mateIn2 middlegame short,https://lichess.org/CZzVlEu1/black#46,,True,https://lichess.org/training/4GgFk
mckdI,8/2r5/2p2p2/p5p1/Ppk2r2/8/1R1R2BK/8 b - - 2 45,c6c5 g2d5 c4c3 b2c2,1549,75,100,422,endgame mate mateIn2 short,https://lichess.org/2OUauovF/black#90,,True,https://lichess.org/training/mckdI
Bnv5Z,1r6/1r1pBR1p/2b3pk/8/p1B5/P1b3P1/1P1R3P/2K5 w - - 2 31,b2c3 b7b1 c1c2 c6e4 d2d3 b8b2,1549,75,96,13493,exposedKing long mate mateIn3 middlegame pin,https://lichess.org/2PCPHh6k#61,,True,https://lichess.org/training/Bnv5Z
zucUU,2r1r1k1/2q2pb1/p2p2p1/1p1P2P1/3NB2Q/5P2/PnP4R/1K5R b - - 1 30,g7d4 h4h8 d4h8 h2h8 g8g7 h1h7,1550,77,95,4347,kingsideAttack long mate mateIn3 middlegame sacrifice,https://lichess.org/FxjXjjjk/black#60,,True,https://lichess.org/training/zucUU
G8j1k,5rr1/2p1q1pk/1p1pp1Rp/p4p1Q/3P1P2/P1P1P2R/1P3P1P/7K b - - 3 27,f8f6 h5h6 g7h6 h3h6,1550,75,94,1704,endgame mate mateIn2 sacrifice short,https://lichess.org/8frJnks9/black#54,,True,https://lichess.org/training/G8j1k
5NBZe,6R1/p2r1k2/1p4R1/2p5/3r1K2/P4P2/P7/8 w - - 4 49,f4e5 d7d5,1551,97,59,272,endgame master mate mateIn1 oneMove rookEndgame,https://lichess.org/eRc7BFxV#97,,True,https://lichess.org/training/5NBZe
XJrbM,1n2r1k1/pp3ppp/8/8/8/2PP1RB1/P1P1r2P/R2K4 w - - 1 20,g3b8 e2e1 d1d2 e8e2,1551,75,89,701,endgame mate mateIn2 short,https://lichess.org/ONPYwmnA#39,,True,https://lichess.org/training/XJrbM
XL1dQ,8/7k/8/8/1Q1Pr3/B5nP/6P1/4r1K1 w - - 3 55,g1f2 g3h1 f2f3 e1e3,1552,75,77,1650,endgame mate mateIn2 short,https://lichess.org/p52ftTk4#109,,True,https://lichess.org/training/XL1dQ
0U8Fj,7r/5k1r/2P3p1/6Q1/6P1/P3P3/1Pb2PP1/2R2RK1 w - - 3 33,g2g3 h7h1 g1g2 c2e4 f2f3 h8h2,1552,75,89,4235,endgame long mate mateIn3,https://lichess.org/VMRfjnUZ#65,,True,https://lichess.org/training/0U8Fj
6do9M,1r6/8/6p1/pr5p/3k1P1P/2R1RKP1/8/8 b - - 14 47,a5a4 e3d3,1552,78,90,1789,endgame mate mateIn1 oneMove rookEndgame,https://lichess.org/ZA9FHjDP/black#94,,True,https://lichess.org/training/6do9M
E4ml3,7r/1p3k2/p1p5/3pQ3/5PP1/1P3K1q/P6r/2R3R1 w - - 4 35,g1g3 h3g3 f3g3 h8h3,1553,75,90,209,attraction endgame mate mateIn2 sacrifice short,https://lichess.org/IoWNT2iE#69,,True,https://lichess.org/training/E4ml3
wB5to,R1b5/3k4/3P1p2/3Pp3/4P1p1/Q7/2r2KBr/8 w - - 1 45,f2g3 c2g2,1554,88,78,1381,endgame mate mateIn1 oneMove,https://lichess.org/G8XbALjP#89,,True,https://lichess.org/training/wB5to
r3GhR,8/8/p4p1p/2rR2p1/2r3P1/5PKP/3Rk3/8 b - - 2 51,e2e3 d5d3,1554,85,84,1178,endgame master mate mateIn1 oneMove rookEndgame,https://lichess.org/T7OiiJ2V/black#102,,True,https://lichess.org/training/r3GhR
7HzLs,5R1k/4N3/p6p/1p4rn/1Pp5/P7/r6P/5R1K b - - 1 39,h8g7 f1f7,1555,94,82,1354,endgame mate mateIn1 oneMove,https://lichess.org/LWwEsyQP/black#78,,True,https://lichess.org/training/7HzLs
t7HSY,7r/1p3pk1/p1q3p1/7r/1PPR2p1/4Q1P1/P4P1P/6KR w - - 1 34,e3c3 c6h1 g1h1 h5h2 h1g1 h2h1 g1g2 h8h2,1555,76,92,352,attraction endgame mate mateIn4 sacrifice veryLong,https://lichess.org/ptrvWunb#67,,True,https://lichess.org/training/t7HSY
Pokr1,8/5Qpk/7p/1b6/3P4/2B5/2PK1RPP/1r2r3 w - - 1 33,d4d5 b1d1,1555,94,73,392,endgame mate mateIn1 oneMove,https://lichess.org/icz9wTbr#65,,True,https://lichess.org/training/Pokr1
YSZVs,r1b3k1/5pp1/1np5/2Np4/1p1P1NP1/qP1BPR1p/1RKQ3P/r7 w - - 4 34,f3f1 a3b2 c2b2 a8a2,1555,75,96,17914,attraction mate mateIn2 middlegame sacrifice short,https://lichess.org/trOJLgzi#67,,True,https://lichess.org/training/YSZVs
OSioz,8/5PBk/7P/ppp5/3P1R2/1PK5/r2r4/8 w - - 1 42,d4c5 a2c2,1556,90,83,437,endgame mate mateIn1 oneMove,https://lichess.org/3QPsuqfI#83,,True,https://lichess.org/training/OSioz
8o9Ul,7r/5pk1/R4p2/R7/3P2p1/p5P1/5PK1/r7 w - - 0 33,a5a3 a1h1 f2f3 h8h2,1556,74,91,3923,endgame mate mateIn2 quietMove rookEndgame short,https://lichess.org/JVejnqhI#65,,True,https://lichess.org/training/8o9Ul
5WGDP,6kR/8/1p4rR/pP1pP3/3r4/8/5K1P/8 b - - 2 44,g8g7 h6h7,1556,79,82,1679,endgame master mate mateIn1 oneMove rookEndgame,https://lichess.org/WZTR00Ym/black#88,,True,https://lichess.org/training/5WGDP
IzC0x,2k5/ppp4r/8/8/6p1/P1B1P1br/1PP2R1P/R5K1 w - - 0 23,h2g3 h3h1 g1g2 h7h2,1557,75,86,435,endgame mate mateIn2 short,https://lichess.org/3gDBDiVr#45,,True,https://lichess.org/training/IzC0x
wXpCq,6k1/2b4p/p3r3/P3P2r/8/2B1RpP1/5P2/4R2K w - - 1 43,h1g1 e6h6 e3f3 h5h1 g1g2 h6h2,1557,75,96,9016,endgame long mate mateIn3 quietMove,https://lichess.org/CkRHSxtM#85,,True,https://lichess.org/training/wXpCq
9uMYq,8/2k5/5r1r/1p2p1K1/4P3/6Np/PPP4P/3R4 w - - 0 41,g3f5 f6g6,1557,79,79,94,endgame mate mateIn1 oneMove,https://lichess.org/RdL3DxSn#81,,True,https://lichess.org/training/9uMYq
v68YS,4r2r/3R3p/1bk2pp1/8/1PP5/5K1P/P4P2/3R4 b - - 2 29,e8d8 d1d6,1558,87,84,1006,endgame mate mateIn1 oneMove,https://lichess.org/RrR8ktRG/black#58,,True,https://lichess.org/training/v68YS
MXWBD,r4rk1/1p3R1p/pb1p2nQ/2p5/2BPP2q/2P5/PP1N2PP/5R1K b - - 0 17,h4h6 f7f8 g8g7 f1f7,1558,77,96,732,doubleCheck kingsideAttack mate mateIn2 middlegame short,https://lichess.org/UYYLBCpm/black#34,Kings_Gambit_Accepted Kings_Gambit_Accepted_MacLeod_Defense,True,https://lichess.org/training/MXWBD
ZKkZv,8/4k2p/2P1r3/3K4/4r3/8/P1R4P/5R2 w - - 1 44,f1c1 e6e5,1559,172,84,87,endgame master mate mateIn1 oneMove rookEndgame,https://lichess.org/0UXentC9#87,,True,https://lichess.org/training/ZKkZv
e7YPa,4r3/pp3k1p/2p3p1/3p4/PBPb1PP1/1P1P1K2/4r3/1R1R4 w - - 0 31,d1e1 e8e3,1559,76,82,289,endgame mate mateIn1 oneMove,https://lichess.org/tzmEgeQZ#61,,True,https://lichess.org/training/e7YPa
OzXyq,8/2R2pk1/8/6Pp/2R2K2/2P1r1r1/8/8 w - - 0 47,c4c6 g3f3,1559,88,78,463,endgame mate mateIn1 oneMove rookEndgame,https://lichess.org/k3Ouvgq0#93,,True,https://lichess.org/training/OzXyq
YRwzt,8/p7/8/2p1p1k1/2Pr1rp1/3BK1R1/P4P2/3R4 w - - 8 37,d3e2 f4e4,1559,84,80,687,endgame master mate mateIn1 oneMove,https://lichess.org/XGC2jQ2x#73,,True,https://lichess.org/training/YRwzt
l4XlD,3qr1k1/3n1r1p/p3pbQ1/Pp1pB3/1PpP4/2P2NPR/5PK1/7R b - - 0 29,h7g6 h3h8 g8g7 h1h7,1560,76,92,1816,kingsideAttack mate mateIn2 middlegame short,https://lichess.org/WxbH4i1H/black#58,,True,https://lichess.org/training/l4XlD
N2lvp,r1b3qr/p2n1R2/1ppk4/3p4/3P1B1P/8/PPP3P1/5RK1 b - - 1 22,d7e5 f4e5 d6e6 f1f6,1560,74,96,17098,fork mate mateIn2 middlegame short,https://lichess.org/jpEPYssG/black#44,,True,https://lichess.org/training/N2lvp
KzZwJ,r7/5pk1/1R4p1/3Pp3/1p4BP/1P6/r1P5/1K5R w - - 2 27,g4f3 a2a1 b1b2 a8a2,1560,76,79,60,endgame mate mateIn2 short,https://lichess.org/b8NkYTT9#53,,True,https://lichess.org/training/KzZwJ
bttKk,2B3r1/3P1k1p/7b/4Rp2/5r2/2P4K/1P5P/4R3 w - - 8 39,d7d8q f4f3 h3h4 g8g4 h4h5 f3h3 d8h4 h3h4,1561,82,84,43,exposedKing mate mateIn4 middlegame veryLong,https://lichess.org/rAu6gf4A#77,,True,https://lichess.org/training/bttKk
y7Y6H,2k3r1/1pb3r1/p3pQ2/2p1p2p/P1Np1p2/1P1P1q1P/2P1R1P1/R4K2 w - - 0 30,g2f3 g7g1 f1f2 g8g2,1561,74,88,148,mate mateIn2 middlegame short,https://lichess.org/9SA2je9W#59,,True,https://lichess.org/training/y7Y6H
MXvnp,5r1k/p3prRQ/4Nn2/8/8/qBp2P2/P1P2P2/1K5R b - - 0 26,f6h7 h1h7,1561,106,100,87,mate mateIn1 middlegame oneMove,https://lichess.org/bjGvMglP/black#52,,True,https://lichess.org/training/MXvnp
SdMKu,3br3/1kp5/1n6/5P1p/1Q3P1P/1P3KP1/4r3/2RR4 w - - 1 38,d1e1 e8e3,1561,88,19,227,mate mateIn1 middlegame oneMove,https://lichess.org/Gj0VTelH#75,,True,https://lichess.org/training/SdMKu
sKpot,Rb6/8/1Pp2k2/2P3p1/1P2p3/4RKB1/3r1PPP/3r4 w - - 0 34,f3e4 d2d4 e4f3 g5g4 f3e2 d4d2,1562,74,97,23125,endgame long mate mateIn3,https://lichess.org/jekJhaqG#67,,True,https://lichess.org/training/sKpot
sCmll,2b4r/2Q2pk1/p6r/1p1Ppp2/4P3/P1N1bPP1/1P2R2P/R6K w - - 0 33,e2e3 h6h2 h1g1 h2h1 g1g2 h8h2,1562,78,96,17339,kingsideAttack long mate mateIn3 middlegame,https://lichess.org/nqa0FtAY#65,,True,https://lichess.org/training/sCmll
lyrDT,r1bR2R1/1p2kr2/2p4p/p3nP2/4N1p1/1P6/1P4PP/6K1 b - - 1 28,c8f5 g8e8,1562,101,74,42,mate mateIn1 middlegame oneMove,https://lichess.org/7hMvbHPY/black#56,,True,https://lichess.org/training/lyrDT
q0rUE,8/8/1r4r1/4R3/1p1p4/1P1k4/PKR5/8 b - - 4 44,b6f6 e5e2 f6f1 c2d2,1563,74,96,15829,endgame mate mateIn2 quietMove rookEndgame short,https://lichess.org/VbdjTWJR/black#88,,True,https://lichess.org/training/q0rUE
RXYv8,6k1/p6p/8/5Bp1/1P1P1p2/2P5/P4KP1/R1B1r2r w - - 1 31,c1b2 h1f1,1563,78,84,173,endgame mate mateIn1 oneMove,https://lichess.org/zXVOZpTV#61,,True,https://lichess.org/training/RXYv8
MCINy,r1br2k1/4ppb1/1q3Np1/8/3p3Q/1pP5/1P2B1PR/1NK4R b - - 0 25,e7f6 h4h8 g7h8 h2h8 g8g7 h1h7,1563,75,100,424,kingsideAttack long mate mateIn3 middlegame sacrifice,https://lichess.org/A9DYjzNX/black#50,,True,https://lichess.org/training/MCINy
ByFIF,8/pp1kp2r/8/2pp2pr/4n1q1/1PP1BR1P/P7/1R2Q1K1 w - - 0 29,h3g4 h5h1 g1g2 h7h2,1563,74,95,21578,mate mateIn2 middlegame short,https://lichess.org/hizyrXMk#57,,True,https://lichess.org/training/ByFIF
Tmf4r,2rq2kQ/1p3p1p/p3b1p1/6P1/3pP2R/3B4/PPP3K1/7R b - - 0 24,g8h8 h4h7 h8g8 h7h8 g8g7 h1h7,1564,78,96,23473,endgame long mate mateIn3,https://lichess.org/jOFrM4Ik/black#48,,True,https://lichess.org/training/Tmf4r
F5vbM,7r/3n1kb1/2R5/1p1n2p1/1P1B1pP1/PN3P1r/5R2/5NK1 w - - 0 32,d4g7 h3h1 g1g2 d5e3 f1e3 h8h2,1565,75,96,5835,exposedKing long mate mateIn3 middlegame sacrifice,https://lichess.org/87aTKhTr#63,,True,https://lichess.org/training/F5vbM
13Wql,8/pR5p/6k1/3P4/8/P1B3PK/1P2r2r/8 w - - 0 37,h3g4 h7h5 g4f3 h2f2,1565,75,87,1283,endgame mate mateIn2 short,https://lichess.org/F5lebvwl#73,,True,https://lichess.org/training/13Wql
9r8FB,b7/6kp/1r4p1/4N1P1/2KPnN2/pr6/R4P2/2R5 w - - 1 48,d4d5 b6b4,1565,87,81,505,master mate mateIn1 middlegame oneMove,https://lichess.org/fR9VVKx2#95,,True,https://lichess.org/training/9r8FB
R6ajO,8/6pk/p2b2rp/3R2P1/2P1R1KN/6r1/P7/8 w - - 0 43,g4f5 g3g5,1565,76,97,4984,endgame master mate mateIn1 oneMove,https://lichess.org/M5DZ170z#85,,True,https://lichess.org/training/R6ajO
3UNX0,7r/p7/8/R3RN2/1P3pk1/6pr/P4P2/6K1 w - - 2 43,f2g3 h3h1 g1g2 h8h2,1565,76,92,3598,endgame mate mateIn2 short,https://lichess.org/dXfGtZ7j#85,,True,https://lichess.org/training/3UNX0
9UT9p,8/5ppk/7p/8/1N2n3/P2Q2P1/1P2r1rP/1R1R2K1 w - - 3 33,g1f1 e2f2 f1e1 g2g1 d3f1 g1f1,1565,74,74,1023,exposedKing long mate mateIn3 middlegame,https://lichess.org/v6ZIjk2V#65,,True,https://lichess.org/training/9UT9p
I4YsH,2r1r1k1/p7/1p2b1R1/2ppB3/3P4/4qP2/PP4KR/8 b - - 0 34,g8f7 g6g7 f7f8 h2h8 e6g8 h8g8,1566,76,97,4388,exposedKing long mate mateIn3 middlegame,https://lichess.org/CBLcARlP/black#68,,True,https://lichess.org/training/I4YsH
iB1hJ,1r1q2k1/2p2r1p/p1n3Q1/3p2P1/3P2p1/5N1R/1PP5/1K5R b - - 0 28,h7g6 h3h8 g8g7 h1h7,1567,74,86,83,mate mateIn2 middlegame short,https://lichess.org/gYu18MxI/black#56,,True,https://lichess.org/training/iB1hJ
pAlQt,4r2k/ppp3pp/2b5/8/3P4/1QPK2P1/P3r2P/R5R1 w - - 1 23,b3d1 c6b5 c3c4 e8e3,1568,72,95,20139,endgame mate mateIn2 short,https://lichess.org/Hk1nbMEo#45,,True,https://lichess.org/training/pAlQt
9MZM8,r5r1/pp1R1p1p/2p1kp2/4p3/1PP1n3/5BP1/P1K4P/3R4 b - - 4 24,e4g5 f3g4 f6f5 d1d6,1570,74,97,20205,endgame mate mateIn2 short,https://lichess.org/6bhYZOCB/black#48,,True,https://lichess.org/training/9MZM8
Mbdvh,8/1R6/4p3/k1NpP3/p2P4/P1K1P2P/1rr5/8 w - - 2 40,c3d3 c2d2 d3c3 b2c2,1570,74,91,819,endgame mate mateIn2 short,https://lichess.org/DM0BEBG5#79,,True,https://lichess.org/training/Mbdvh
pSDRA,8/R7/3p1Ppk/3B3r/4P1K1/7r/8/5R2 w - - 6 49,f6f7 h5h4,1570,77,77,190,endgame mate mateIn1 oneMove,https://lichess.org/vyHiZX0Z#97,,True,https://lichess.org/training/pSDRA
SzErP,2r3k1/pp5R/3pb1p1/4qpP1/5p2/2r4Q/PPPn4/K6R b - - 1 28,c3c2 h7h8 g8f7 h3h7 e5g7 h7g7 f7g7 h1h7,1570,76,94,24946,attraction exposedKing mate mateIn4 middlegame veryLong,https://lichess.org/w63UesOl/black#56,,True,https://lichess.org/training/SzErP
AeUot,r1kR3r/1p5p/1bp1Bp2/4p3/8/8/PP3PPP/3R2K1 b - - 5 24,c8c7 d1d7,1571,131,47,127,endgame mate mateIn1 oneMove,https://lichess.org/60hkOCAQ/black#48,,True,https://lichess.org/training/AeUot
f90bq,2kr4/p1p2p2/2p3p1/4P3/1b2KP2/2Nr4/PB5P/R6R w - - 4 25,h1d1 d8d4,1571,76,75,210,mate mateIn1 middlegame oneMove,https://lichess.org/T8l1qHy5#49,,True,https://lichess.org/training/f90bq
cf66Z,8/p3Npkp/6p1/6P1/3RPP1P/1R1K4/2r4r/5n2 w - - 1 37,f4f5 h2d2,1571,77,95,5830,endgame mate mateIn1 oneMove,https://lichess.org/eUmVChpH#73,,True,https://lichess.org/training/cf66Z
cwelj,8/1p1R4/p1n4R/2p1k3/2P1ppP1/P4r2/1P1p4/3K4 b - - 7 44,e4e3 d7d5 e5e4 h6e6 c6e5 e6e5,1571,74,91,2575,endgame long mate mateIn3,https://lichess.org/zna6LdDX/black#88,,True,https://lichess.org/training/cwelj
QMStN,2Q5/6k1/pbp1pn1r/4p3/1P2P1P1/2Pr3P/P4P2/R4RK1 w - - 0 33,c8e6 d3g3 g1h2 h6h3,1572,82,94,33,mate mateIn2 middlegame pin short,https://lichess.org/1UpoQR0f#65,,True,https://lichess.org/training/QMStN
1vWkM,r1b2r2/1p4R1/p3p2k/3p4/P5Rn/1N4NK/1P3P1P/8 b - - 7 34,h4f5 g4g6,1573,79,90,436,mate mateIn1 middlegame oneMove,https://lichess.org/SZglHXxR/black#68,,True,https://lichess.org/training/1vWkM
mzkgj,1k5r/2p3pr/1p1p4/2PPpb2/1P6/2B3q1/3QBR1P/R5K1 w - - 0 30,h2g3 h7h1 g1g2 f5e4 e2f3 h8h2,1573,75,93,258,exposedKing long mate mateIn3 middlegame,https://lichess.org/kmdR7Cav#59,,True,https://lichess.org/training/mzkgj
xpNGx,4r3/p1k5/2p5/3b1p2/P1KP1Pp1/2B3P1/4r3/4R1R1 w - - 2 32,c4d3 e8e3,1573,76,84,147,endgame mate mateIn1 oneMove,https://lichess.org/0a5aMAx1#63,,True,https://lichess.org/training/xpNGx
gZSHZ,4r1k1/pp4pp/3p4/3n2P1/3B3P/NP1P1p1B/2P1rP2/R2K4 w - - 1 28,h3g4 e2e1 d1d2 e8e2,1573,75,95,15710,mate mateIn2 middlegame short,https://lichess.org/3VWcTvw6#55,,True,https://lichess.org/training/gZSHZ
FkfG9,8/2b2rkp/p3Q1p1/1p2p3/4N2q/P5PP/1PP5/3RRr1K w - - 1 32,h1g2 h4e4 e1e4 f7f2,1574,76,97,9716,master mate mateIn2 middlegame sacrifice short,https://lichess.org/a8shYKf6#63,,True,https://lichess.org/training/FkfG9
ZBHtx,8/2pk1ppp/1p2p3/5b2/r1rP1B2/1K2R3/4NP1P/7R w - - 5 29,e3c3 c4b4,1574,80,74,391,mate mateIn1 middlegame oneMove,https://lichess.org/0ypfAze6#57,,True,https://lichess.org/training/ZBHtx
P9lXj,8/R7/8/2P5/5R2/1P4P1/P3KPk1/3r3r w - - 1 49,a7d7 h1e1,1574,121,70,184,endgame mate mateIn1 oneMove rookEndgame,https://lichess.org/9NQo3gs2#97,,True,https://lichess.org/training/P9lXj
5hAZB,5R1R/pp4k1/4K1p1/4p2p/3b3r/1P6/P5P1/8 b - - 1 42,h4f4 f8g8,1574,154,75,23,endgame master mate mateIn1 oneMove,https://lichess.org/t2AkMuur/black#84,,True,https://lichess.org/training/5hAZB
K4np1,8/8/4pk2/5p2/P4Pp1/R3P1Pr/R5K1/2r5 w - - 7 38,a4a5 c1h1 e3e4 h3h2,1574,77,60,89,endgame mate mateIn2 quietMove rookEndgame short,https://lichess.org/5hDuur32#75,,True,https://lichess.org/training/K4np1
s71Vz,4r1k1/pQ4pp/2p5/4rp2/1P6/2PP3P/P1B3P1/R2Kq2R w - - 1 22,h1e1 e5e1 d1d2 e8e2,1575,76,96,10734,endgame mate mateIn2 short,https://lichess.org/LZ3h0kS8#43,,True,https://lichess.org/training/s71Vz
e32zg,8/1k2Rp2/5Pr1/1p1R4/p1pn4/1rP3B1/8/5K2 b - - 4 40,b7c6 d5d6 c6c5 e7c7 d4c6 c7c6,1576,74,93,627,endgame fork long mate mateIn3,https://lichess.org/gxVGNzqo/black#80,,True,https://lichess.org/training/e32zg
x8gW3,2k4r/ppq2ppr/2n2n2/3N4/3Pp3/2P3R1/PPB2Pp1/R2Q2K1 w - - 0 22,d5c7 h7h1 g1g2 h8h2,1576,77,86,63,kingsideAttack mate mateIn2 middlegame short,https://lichess.org/EzGn3d8W#43,,True,https://lichess.org/training/x8gW3
4NUsC,6k1/2pR2Rp/pp1b2p1/8/B5P1/7P/PP3PK1/2r1r3 b - - 4 30,g8f8 d7f7,1576,77,92,1436,endgame mate mateIn1 oneMove,https://lichess.org/CPnGqbl1/black#60,,True,https://lichess.org/training/4NUsC
3fiQF,1r2k2r/pPp2p1p/1p2pp2/2q5/8/P4N2/1PPR2PP/1K1R4 b k - 3 19,b8b7 d2d8 e8e7 d1d7,1577,76,89,131,endgame mate mateIn2 short,https://lichess.org/j9YD1iS6/black#38,,True,https://lichess.org/training/3fiQF
kfE49,1B6/P7/r7/1K1R4/2P2P2/r1k5/8/8 w - - 7 54,d5d6 a3a5,1577,104,81,218,endgame mate mateIn1 oneMove,https://lichess.org/Krw2aCOn#107,,True,https://lichess.org/training/kfE49
2J5Vp,7r/pN1k1p2/2p1b3/2R1Q3/PP4p1/2P3Pr/5P1P/R5Kq w - - 1 33,g1h1 h3h2 h1g1 h2h1 g1g2 h8h2,1577,75,96,4484,long master mate mateIn3 middlegame,https://lichess.org/F4nG8YM7#65,,True,https://lichess.org/training/2J5Vp
OJlgN,6R1/5k2/4p1R1/p2p4/1b2n2P/6PK/5r2/8 b - - 1 56,f2f6 g6g7,1577,76,91,4422,endgame mate mateIn1 oneMove,https://lichess.org/zjy9ep9Z/black#112,,True,https://lichess.org/training/OJlgN
g1h03,4R3/1p1k2pb/2p4p/p1Pn1p1P/2N2q2/2PB4/PP3P2/1K2R3 b - - 4 26,f4f2 c4b6 d5b6 e1e7,1578,75,93,1015,mate mateIn2 middlegame sacrifice short,https://lichess.org/eODb42ia/black#52,,True,https://lichess.org/training/g1h03
XuGMU,1k1r4/1bp2p1r/1p1p2p1/1P1Pq3/2B1P1np/Q5P1/RPP4P/R5K1 b - - 1 26,h4g3 a3a8 b7a8 a2a8 b8b7 a1a7,1578,74,90,270,long mate mateIn3 middlegame queensideAttack sacrifice,https://lichess.org/Aot1ZXHM/black#52,,True,https://lichess.org/training/XuGMU
o6fAc,r2k4/2R1R3/4p1p1/3pPb1r/q6p/7P/6P1/2Q4K b - - 3 40,a4a1 c7d7,1579,78,80,1011,mate mateIn1 middlegame oneMove,https://lichess.org/kjIIRWQU/black#80,,True,https://lichess.org/training/o6fAc
BKQxA,7r/pppkR2p/5pp1/3p2q1/1P1N2r1/2P5/P7/1K2R3 b - - 2 31,d7d6 e1e6,1579,103,80,233,endgame mate mateIn1 oneMove,https://lichess.org/DWDBlb3W/black#62,,True,https://lichess.org/training/BKQxA
jOWPM,3r4/p1K1p3/1p4p1/2p5/1nPr3p/N6k/PP1P3P/R1B3R1 w - - 10 26,a3b5 d4d7,1579,77,84,138,mate mateIn1 middlegame oneMove,https://lichess.org/RtIsUShm#51,,True,https://lichess.org/training/jOWPM
CfD3d,2krr3/pb1R4/1p5p/1Pp1q3/8/6PB/P3QP1P/3R2K1 b - - 0 36,e5e2 d7d8 c8c7 d1d7,1580,77,96,21659,doubleCheck mate mateIn2 middlegame queensideAttack short,https://lichess.org/gXu7EayV/black#72,,True,https://lichess.org/training/CfD3d
nY4p2,7r/3b2R1/p2pk3/1p1r2PP/2p5/2P5/PP3R2/6K1 b - - 0 40,h8h5 f2f6 e6e5 g7e7 d7e6 e7e6,1580,75,93,1687,endgame fork long mate mateIn3,https://lichess.org/0lppFVmU/black#80,,True,https://lichess.org/training/nY4p2
ikE3a,R7/2r1kp1p/p7/1pPK4/2r5/8/P6P/6R1 w - - 2 39,a8a6 c7c5,1580,85,90,932,endgame master mate mateIn1 oneMove rookEndgame,https://lichess.org/7bQICUSB#77,,True,https://lichess.org/training/ikE3a
OntKr,5kb1/2R3Rp/5p2/8/1PN2P2/1KP3P1/r6r/8 w - - 1 38,b4b5 h2b2,1580,100,82,68,endgame master mate mateIn1 oneMove pin,https://lichess.org/rSQiZCYF#75,,True,https://lichess.org/training/OntKr
OEpor,1r6/1pR2R1p/p3pkp1/8/1P6/P3KP2/5P1r/8 b - - 0 29,f6e5 f3f4 e5d6 f7d7,1581,75,95,3250,endgame mate mateIn2 rookEndgame short,https://lichess.org/4XSsFITX/black#58,,True,https://lichess.org/training/OEpor
RUxoh,3rk3/p4p2/1p4p1/2p1PP2/n1P1K1PP/P1PrB3/2R5/2R5 w - - 1 37,e3g5 a4c3 c2c3 d8d4,1581,74,96,10765,endgame master mate mateIn2 sacrifice short,https://lichess.org/v2qo9I2f#73,,True,https://lichess.org/training/RUxoh
8eX45,1k3qr1/R7/1Pp2P1b/2Ppp2p/3Q1PrP/6P1/5K2/R7 b - - 3 32,e5d4 a7a8 b8b7 a1a7,1582,145,54,8,endgame mate mateIn2 queensideAttack short,https://lichess.org/oKFzKURl/black#64,,True,https://lichess.org/training/8eX45
SIUWn,4r2r/p4R2/1p4k1/3p3p/6b1/6Pn/PPP4P/5R1K b - - 13 37,h3g5 f1f6,1583,368,-100,8,endgame mate mateIn1 oneMove,https://lichess.org/yLP5jhoJ/black#74,,True,https://lichess.org/training/SIUWn
SeyB6,2r3k1/pp3r1p/4p1QR/1b1pPp2/5P2/2P4R/3qNKPP/8 b - - 0 31,h7g6 h6h8 g8g7 h3h7,1583,79,93,62,kingsideAttack mate mateIn2 middlegame short,https://lichess.org/61g2NQRY/black#62,,True,https://lichess.org/training/SeyB6
l5lnt,r1b1k2r/5p1p/p1nRpp2/1pq5/2B5/3Q4/PP2N2P/1K1R4 b kq - 1 17,b5c4 d6d8 e8e7 d3d7 c8d7 d1d7,1584,293,-37,6,long mate mateIn3 middlegame sacrifice,https://lichess.org/ggnE92tU/black#34,Queens_Gambit_Accepted Queens_Gambit_Accepted_Central_Variation,True,https://lichess.org/training/l5lnt
RjITT,7r/5pk1/1p1P2br/6p1/6P1/1R6/P2RBPP1/6K1 w - - 7 33,g2g3 h6h1 g1g2 g6e4 f2f3 h8h2,1585,125,33,13,endgame long mate mateIn3,https://lichess.org/oOjpphE9#65,,True,https://lichess.org/training/RjITT
ip7Sb,r2q2k1/p4r1R/3b2p1/1pnQ2P1/8/2P1nN2/PP1N1P2/2K4R b - - 0 23,e3d5 h7h8 g8g7 h1h7,1585,74,90,333,kingsideAttack mate mateIn2 middlegame short,https://lichess.org/1pAwPWTl/black#46,,True,https://lichess.org/training/ip7Sb
aWDdQ,5nk1/6p1/2p3P1/p1N2pR1/P1P1p2P/4P3/2R1K3/3r1r2 w - - 3 45,c2d2 d1e1,1585,79,84,809,endgame master mate mateIn1 oneMove,https://lichess.org/cq6SVvCz#89,,True,https://lichess.org/training/aWDdQ
mS6XW,2k4r/pp1n4/2p1N3/5p1r/3P2p1/2P3q1/PP3R1P/R3Q1K1 w - - 0 24,h2g3 h5h1 g1g2 h8h2,1587,91,100,29,mate mateIn2 middlegame short,https://lichess.org/n4iE4xRP#47,,True,https://lichess.org/training/mS6XW
uHiMX,2k5/pp5p/2p3r1/3b2p1/1BP1r3/6K1/P2R2PP/3R4 b - - 0 30,d5c4 d2d8 c8c7 b4a5 b7b6 d1d7,1587,75,85,132,endgame long mate mateIn3,https://lichess.org/BgWkhOBD/black#60,,True,https://lichess.org/training/uHiMX
d8uxv,8/R2R3p/1p4p1/pk6/8/1KP5/5q2/8 b - - 7 63,h7h5 c3c4 b5c6 a7c7,1589,75,91,2072,endgame mate mateIn2 queenRookEndgame short,https://lichess.org/Dk9pNmpB/black#126,,True,https://lichess.org/training/d8uxv
bK7dN,6k1/1p4pp/7r/4Pn2/1B1p1P1r/PN3R2/5P1P/R6K w - - 17 38,a1a2 h4h2 h1g1 h2h1 g1g2 h6h2,1590,92,83,33,long mate mateIn3 middlegame,https://lichess.org/B6heUeUP#75,,True,https://lichess.org/training/bK7dN
YhdcH,r6r/ppp2B1R/2n2qk1/4ppb1/8/3P1P2/PPP2P2/1K4QR b - - 4 24,f6f7 h1h6,1592,79,91,134,mate mateIn1 middlegame oneMove pin,https://lichess.org/kV0CE49l/black#48,,True,https://lichess.org/training/YhdcH
WBuo3,8/7R/7p/4Bk2/3Pr3/7P/4rKP1/8 w - - 8 39,f2f3 e4e3,1592,76,100,245,endgame mate mateIn1 oneMove,https://lichess.org/GiYqNFn3#77,,True,https://lichess.org/training/WBuo3
GCv9P,r1b4r/ppppn1p1/7p/5P2/1nk1P3/1PN1B3/P5PP/R2R2K1 b - - 0 20,c4c3 e3d4 c3c2 a1c1,1593,91,71,42,mate mateIn2 middlegame short,https://lichess.org/SpYVE2Or/black#40,,True,https://lichess.org/training/GCv9P
VT5xR,8/3r1r2/2RpK3/3Pp1pk/8/2R2P2/8/8 w - - 6 54,c6d6 d7e7,1593,83,76,359,endgame mate mateIn1 oneMove rookEndgame,https://lichess.org/3FAIlhV6#107,,True,https://lichess.org/training/VT5xR
KhrR7,8/p4pk1/8/3r3p/P3KP2/1P3R2/3r4/2R5 w - - 4 32,c1c4 f7f5 e4e3 d5d3,1593,76,97,9480,endgame mate mateIn2 rookEndgame short,https://lichess.org/vjrMUXBW#63,,True,https://lichess.org/training/KhrR7
vVHlE,8/R2R1pp1/kp6/7p/7P/1K2p3/PP6/4q3 b - - 0 42,a6b5 a2a4 b5c6 a7c7,1593,78,89,493,endgame mate mateIn2 queenRookEndgame short,https://lichess.org/zHVCfOY2/black#84,,True,https://lichess.org/training/vVHlE
DGJBf,1qk3r1/pp1b4/Q2p4/2pP4/2P2p1p/2PB1P2/1R4r1/1R3KN1 w - - 0 31,b2b7 g2g1 f1f2 g8g2,1593,75,96,10266,mate mateIn2 middlegame short,https://lichess.org/6yszQTwg#61,,True,https://lichess.org/training/DGJBf
GjPce,1k1n3r/pb1Rbp2/1p2p3/3pP1p1/1P1P2P1/P3BPN1/3Q1KBq/2R1N2r w - - 5 33,e1d3 h2g2 f2g2 h8h2,1594,146,100,8,attraction mate mateIn2 middlegame sacrifice short,https://lichess.org/APHfcen7#65,,True,https://lichess.org/training/GjPce
44EGc,1k4nr/pp5r/4Np2/3Pb1pq/2Q3p1/4B1P1/PPP2PB1/R3R1K1 w - - 4 22,a1d1 h5h1 g2h1 h7h1 g1g2 h8h2,1594,74,97,13329,kingsideAttack long mate mateIn3 middlegame sacrifice,https://lichess.org/8wBCqAwQ#43,,True,https://lichess.org/training/44EGc
HsGK1,8/1p2R1pk/3R2p1/p7/2r5/PK3PP1/2r4P/8 w - - 0 43,a3a4 c4c3,1594,106,91,133,endgame master mate mateIn1 oneMove rookEndgame,https://lichess.org/P7x3xai3#85,,True,https://lichess.org/training/HsGK1
p0B5L,2k4r/1p6/1pp1bP2/8/P2PP1p1/2p1B1qr/5R1P/R2Q2K1 w - - 0 25,h2g3 h3h1 g1g2 h8h2,1594,76,79,173,master mate mateIn2 middlegame short,https://lichess.org/PCYsGp7g#49,,True,https://lichess.org/training/p0B5L
DLG43,5rr1/ppp1q1pk/3p2Rp/7Q/4Pp1R/2PP3P/2P2P1K/8 b - - 6 30,f8f6 h5h6 g7h6 h4h6,1595,76,96,11168,endgame mate mateIn2 sacrifice short,https://lichess.org/dSGiUwoP/black#60,,True,https://lichess.org/training/DLG43
JfBzj,8/8/7R/1k4r1/r7/5RBK/5PP1/8 w - - 7 51,h6f6 g5h5 g3h4 h5h4 h3g3 a4g4,1596,75,100,138,endgame exposedKing long mate mateIn3,https://lichess.org/KGpD0470#101,,True,https://lichess.org/training/JfBzj
k1I4r,8/1kp1R3/5R2/p7/2r1P3/1K6/P1r5/8 w - - 2 36,a2a4 c4c3,1596,81,79,297,endgame mate mateIn1 oneMove rookEndgame,https://lichess.org/jhf2EtYu#71,,True,https://lichess.org/training/k1I4r
DHU3f,rq1r2k1/1p3p2/4bp1R/2P1b3/p4NP1/3Q1B2/PP3PK1/7R b - - 0 26,d8d3 h6h8 g8g7 h1h7,1596,75,89,336,kingsideAttack master mate mateIn2 middlegame short,https://lichess.org/lPswshoC/black#52,,True,https://lichess.org/training/DHU3f
Tcfr5,2r4r/1p1R1pkp/p1n1p1p1/2p3N1/2P1P3/1P2B3/q4PPP/3R2K1 b - - 1 21,c6e5 g5e6 g7f6 e3g5 f6e6 d1d6,1596,76,95,3114,long mate mateIn3 middlegame pin sacrifice,https://lichess.org/Zh5Qwue6/black#42,,True,https://lichess.org/training/Tcfr5
UAnXF,2r1k2r/3R1p2/p3p2p/2N1P1p1/2nR2P1/2P2bB1/P1P2P2/2K5 b k - 4 25,c8c5 d7d8 e8e7 d4d7,1597,74,96,590,mate mateIn2 middlegame short,https://lichess.org/Mw4zZ8hb/black#50,,True,https://lichess.org/training/UAnXF
SoMbg,1r4k1/3Q3p/6p1/p1p3N1/P3p3/1rb1P1PP/1P1R4/2K4R w - - 0 32,b2c3 b3b1 c1c2 b8b2,1597,94,52,17,endgame mate mateIn2 queensideAttack short,https://lichess.org/Jirt3unR#63,,True,https://lichess.org/training/SoMbg
oOuVr,8/1r1r2pp/1p1P4/4p3/2p1P3/2k1KP2/1R1R1P2/8 b - - 2 41,d7d6 d2c2,1597,75,97,2238,endgame mate mateIn1 oneMove rookEndgame,https://lichess.org/kV4kOnEE/black#82,,True,https://lichess.org/training/oOuVr
qehu0,4r3/2R5/pBP5/P2P4/5Rp1/3k2Pp/5K1P/4r3 w - - 5 45,f4g4 e8e2 f2f3 e1f1 b6f2 f1f2,1598,77,96,15153,endgame long mate mateIn3,https://lichess.org/DU3tewYd#89,,True,https://lichess.org/training/qehu0
Dv8o7,4r1k1/2q2pb1/4p1p1/pprp2P1/5PPQ/1PP4R/PK6/7R b - - 3 31,c5c3 h4h8 g7h8 h3h8 g8g7 h1h7,1598,75,94,2084,kingsideAttack long mate mateIn3 middlegame sacrifice,https://lichess.org/j5raFcfp/black#62,,True,https://lichess.org/training/Dv8o7
CNwDL,2k4r/5pp1/p1PBp2r/3pP3/P3q1p1/6P1/5P1P/R2Q2KR w - - 1 32,d1b3 e4h1 g1h1 h6h2 h1g1 h2h1 g1g2 h8h2,1598,72,96,20392,attraction kingsideAttack mate mateIn4 middlegame sacrifice veryLong,https://lichess.org/atlJ7xcb#63,,True,https://lichess.org/training/CNwDL
PW24e,1r5k/R5R1/7P/8/2bp3P/KPN5/P4q2/8 b - - 0 32,d4c3 g7h7 h8g8 a7g7 g8f8 h7h8 c4g8 h8g8,1599,75,83,73,endgame exposedKing mate mateIn4 veryLong,https://lichess.org/X8YAcbwZ/black#64,,True,https://lichess.org/training/PW24e
L73bp,8/5p2/3Kp1p1/1p1p2P1/1k2rr2/R1R5/1P6/8 b - - 5 38,e4c4 c3b3,1600,77,91,2413,endgame mate mateIn1 oneMove rookEndgame,https://lichess.org/7GtW1KsA/black#76,,True,https://lichess.org/training/L73bp
SkUaD,3rr1k1/pp3p2/2n2Pp1/4p3/2Np4/3P2P1/PP3PKR/R7 b - - 1 25,e8e6 a1h1 e6f6 h2h8 g8g7 h1h7,1601,74,91,1243,endgame long mate mateIn3 quietMove,https://lichess.org/uqehcUpZ/black#50,,True,https://lichess.org/training/SkUaD
0xDSZ,r2q2k1/1pp2r1p/p1n3QR/3pP3/3P4/P4N2/1P3PP1/2K4R b - - 0 22,h7g6 h6h8 g8g7 h1h7,1601,74,96,8401,kingsideAttack mate mateIn2 middlegame short,https://lichess.org/PHOXmRxn/black#44,,True,https://lichess.org/training/0xDSZ
AKU2y,6k1/2p1r2p/8/4r1K1/2PQ1PP1/5R2/PP6/8 w - - 5 48,g5f6 e7e6,1601,80,89,3046,endgame master mate mateIn1 oneMove queenRookEndgame,https://lichess.org/EqWEv69q#95,,True,https://lichess.org/training/AKU2y
es5zB,r1br2k1/3nqpb1/6p1/3p2P1/pp1P4/7Q/PPPNB1PR/2K4R b - - 0 22,e7e2 h3h8 g7h8 h2h8 g8g7 h1h7,1601,75,96,3444,kingsideAttack long mate mateIn3 middlegame sacrifice,https://lichess.org/oTz35F4J/black#44,,True,https://lichess.org/training/es5zB
Nms2V,1k4r1/8/Q1Pb4/4r2K/8/8/P1B3P1/RN6 w - - 9 36,h5h6 d6f8 h6h7 g8g7 h7h8 e5h5 c2h7 h5h7,1602,74,96,15257,mate mateIn4 middlegame veryLong,https://lichess.org/hgaMYlM7#71,,True,https://lichess.org/training/Nms2V
invsS,3r3k/5Rp1/1pp4p/p3Q3/4P3/PPN3NB/2P4q/1K1r4 w - - 1 26,b1b2 h2c2 b2c2 d8d2,1602,76,82,99,attraction mate mateIn2 middlegame sacrifice short,https://lichess.org/LI5aVi48#51,,True,https://lichess.org/training/invsS
sKXQy,7r/pp2Npk1/3p1n1r/2p3p1/1PPpP3/P2P1Pq1/3Q1R1P/1R4K1 w - - 0 27,h2g3 h6h1 g1g2 h8h2,1602,145,20,9,kingsideAttack mate mateIn2 middlegame short,https://lichess.org/HYxWt8CD#53,,True,https://lichess.org/training/sKXQy
AAvSe,4r3/8/2Rp2p1/1p1B1p2/1k3p2/3K1P2/1P3r2/R7 w - - 0 35,a1a3 e8e3 d3d4 f2d2 a3d3 d2d3,1603,82,81,56,endgame exposedKing long mate mateIn3,https://lichess.org/rIfgWsP8#69,,True,https://lichess.org/training/AAvSe
yBZj9,r7/p7/2p5/8/3R1R2/2P1k3/b1P4r/2K5 b - - 5 34,a8b8 d4e4,1603,79,85,389,endgame mate mateIn1 oneMove,https://lichess.org/wPpVfmsh/black#68,,True,https://lichess.org/training/yBZj9
ySsfS,8/RpR5/6kp/8/1P6/6PK/4r2P/7r w - - 1 40,a7b7 h1h2 h3g4 h6h5 g4f3 h2f2,1603,74,94,2353,endgame long mate mateIn3 rookEndgame,https://lichess.org/DsCH6GIe#79,,True,https://lichess.org/training/ySsfS
EQAa1,8/1ppQ2bk/6Rp/1K1P3P/1r3r2/8/8/8 w - - 0 41,b5c5 f4c4,1603,78,90,2085,endgame mate mateIn1 oneMove,https://lichess.org/pcJMtJwX#81,,True,https://lichess.org/training/EQAa1
ig9RA,3r3r/2ppqpb1/k1n1p1pp/pR2P3/2P1QB1P/8/1PK2PP1/R7 b - - 3 29,d8b8 e4c6 d7c6 a1a5,1604,78,95,3913,master mate mateIn2 middlegame sacrifice short,https://lichess.org/wuVPmCTV/black#58,,True,https://lichess.org/training/ig9RA
buGgR,1k5r/RPq2p2/2p1p1p1/2PpP3/3PnP2/2PQr3/1K3b2/R4B2 b - - 0 34,e3d3 a7a8 b8b7 a1a7,1604,76,96,19099,mate mateIn2 middlegame queensideAttack short,https://lichess.org/OmVymkjT/black#68,,True,https://lichess.org/training/buGgR
ZjLHU,r2r1k2/1R3p2/4p3/p3Nn2/6R1/q7/2pB1P1P/6K1 b - - 0 29,d8d2 b7f7 f8e8 g4g8 a3f8 g8f8,1604,74,100,191,long mate mateIn3 middlegame,https://lichess.org/kBl8iWZ8/black#58,,True,https://lichess.org/training/ZjLHU
0fFsH,6k1/R1R2p1p/4p3/1pN3p1/4PP2/6K1/P2r2rP/8 w - - 0 34,g3f3 g5g4 f3e3 g2e2,1605,131,87,17,endgame mate mateIn2 short,https://lichess.org/0yiaqfJt#67,,True,https://lichess.org/training/0fFsH
uTtDO,2k1n3/p5pp/b1P1p3/1rB2pP1/q1pP1Q1P/1r3P1B/N7/K2R2NR w - - 1 26,h3f5 a4a2 a1a2 b5a5 c5a3 a5a3,1605,75,89,69,attraction exposedKing long mate mateIn3 middlegame sacrifice,https://lichess.org/7K8Svofs#51,,True,https://lichess.org/training/uTtDO
LIlJj,7r/pkp1b1Q1/8/1b6/3P4/6P1/PPP2P1r/R3R1K1 w - - 0 26,e1e7 h2h1 g1g2 b5c6 d4d5 c6d5 e7e4 d5e4 f2f3 h8h2,1606,79,95,5841,endgame mate mateIn5 veryLong,https://lichess.org/IQdYCdgX#51,,True,https://lichess.org/training/LIlJj
VICNB,Q6R/6p1/p3r1kp/2p5/P2p2P1/5K1P/P3r3/2R5 w - - 9 36,c1c5 e6e3 f3f4 e2f2 a8f3 f2f3,1606,75,96,7866,endgame long mate mateIn3 queenRookEndgame,https://lichess.org/DSQs2OPx#71,,True,https://lichess.org/training/VICNB
Dkna3,3rr1k1/2q2p1R/2p3p1/pp2p1P1/4P1b1/P1Pn1NP1/1PQ3P1/1K5R b - - 1 23,g4f3 h7h8 g8g7 h1h7,1606,88,82,28,kingsideAttack mate mateIn2 middlegame short,https://lichess.org/Sk0MPauX/black#46,,True,https://lichess.org/training/Dkna3
kJw7u,3k3r/1pRbbppp/8/rN1pP3/3N4/8/5PPP/2R3K1 b - - 7 27,d7b5 c7c8 d8d7 c1c7,1606,75,88,1104,mate mateIn2 middlegame short,https://lichess.org/noluGinO/black#54,,True,https://lichess.org/training/kJw7u
yVb8P,8/4k3/1p1np1Rp/4p2P/1RK1P3/2NP2P1/r1r5/8 w - - 3 39,c4b3 c2b2,1608,158,100,20,endgame mate mateIn1 oneMove,https://lichess.org/aPlu5kBN#77,,True,https://lichess.org/training/yVb8P
JUOHN,r1b2R2/p2kr2p/2p1p3/3pP1Q1/8/3q4/P5PP/5RK1 b - - 6 21,c8b7 g5e7 d7e7 f1f7,1608,76,96,17391,attraction mate mateIn2 middlegame sacrifice short,https://lichess.org/984VMlgZ/black#42,,True,https://lichess.org/training/JUOHN
sJjTa,3r2k1/6pp/p4p2/1pp1p3/8/2K2B2/P2r1PPP/R6R w - - 5 27,a1d1 d8d3,1608,227,38,25,endgame mate mateIn1 oneMove,https://lichess.org/ucCa7kBF#53,,True,https://lichess.org/training/sJjTa
vLwG1,r7/pp2pp1R/2pp1bk1/q2P4/2P1PP2/8/PP4P1/2K4R b - - 1 22,a8h8 h1h6,1609,91,44,623,endgame mate mateIn1 oneMove,https://lichess.org/TW4bfie3/black#44,,True,https://lichess.org/training/vLwG1
xFIBZ,r5r1/5k1p/2p4P/p2p1RbR/2P1p1N1/1PNn4/P6q/1K6 b - - 0 29,f7g6 h5g5,1610,75,97,3512,master mate mateIn1 middlegame oneMove vukovicMate,https://lichess.org/6ZLkrpTA/black#58,,True,https://lichess.org/training/xFIBZ
YLQaG,4r3/pp3p2/4r1k1/2p3p1/3p2p1/PP1P1qP1/2PQ1P1R/5K1R b - - 9 29,e6e2 h2h6 g6f5 d2g5 f5g5 h1h5,1610,74,96,28868,attraction endgame long mate mateIn3 sacrifice,https://lichess.org/JQzMRpK1/black#58,,True,https://lichess.org/training/YLQaG
E0azL,3r2k1/pp2qpb1/6p1/3r2P1/4pP2/7Q/PP2B2R/1K5R b - - 1 27,e7b4 h3h8 g7h8 h2h8 g8g7 h1h7,1611,75,96,2583,long mate mateIn3 middlegame sacrifice,https://lichess.org/jxNSJtmM/black#54,,True,https://lichess.org/training/E0azL
u0DHP,2k4r/ppp2p2/2n5/2R1N2r/3PP1p1/1P4q1/PB3R1P/3Q2K1 w - - 0 23,h2g3 h5h1 g1g2 h8h2,1611,74,90,905,kingsideAttack mate mateIn2 middlegame short,https://lichess.org/3i9bMYIJ#45,,True,https://lichess.org/training/u0DHP
oPHgm,5r2/p6R/8/6p1/1R1n2k1/4P1P1/P2r2NP/5K2 w - - 11 28,f1e1 d2e2 e1d1 f8f1 g2e1 f1e1,1611,77,97,18367,endgame exposedKing fork long mate mateIn3,https://lichess.org/VjbSZ3qc#55,,True,https://lichess.org/training/oPHgm
MNxWP,8/p3r1r1/2K2k1p/4p3/PP2R1P1/8/8/4R3 w - - 1 45,b4b5 e7c7 c6d6 g7d7,1611,110,77,34,endgame mate mateIn2 rookEndgame short,https://lichess.org/bMbF2oM1#89,,True,https://lichess.org/training/MNxWP
EiItB,8/4r3/1PR1P3/5p1p/3Pk2P/1R2P1K1/8/6r1 w - - 1 58,g3f2 e7g7 d4d5 g7g2,1612,77,94,10678,endgame mate mateIn2 quietMove rookEndgame short,https://lichess.org/Jje77GhO#115,,True,https://lichess.org/training/EiItB
wQbMX,r7/1R2R3/2k4r/5p1p/1PP1nPpP/p5P1/8/6K1 b - - 0 36,h6d6 e7c7,1612,84,86,1020,endgame mate mateIn1 oneMove,https://lichess.org/phUv7WQw/black#72,,True,https://lichess.org/training/wQbMX
ogAIa,7r/2nb1pk1/p3p1p1/Pp2P1Q1/3p4/3BP1P1/5P1r/R4RK1 w - - 0 35,e3d4 h2h1 g1g2 d7c6 d4d5 c6d5 d3e4 d5e4 f2f3 h8h2,1613,75,96,3883,kingsideAttack mate mateIn5 middlegame veryLong,https://lichess.org/ujErx4JW#69,,True,https://lichess.org/training/ogAIa
tsc9a,7r/1k1n4/pp1Pp3/1Pp2p1r/P2P2p1/B1N1R1P1/8/R5K1 w - - 0 29,d4c5 h5h1 g1g2 h8h2,1613,75,91,1403,mate mateIn2 middlegame short,https://lichess.org/sv6XwRLH#57,,True,https://lichess.org/training/tsc9a
XeTZh,1r6/2r3pp/R4p2/1pPkp3/1P1p1P2/3R2K1/7P/8 b - - 0 38,e5e4 a6d6 d5c4 d6d4,1613,77,97,15434,endgame mate mateIn2 rookEndgame short,https://lichess.org/gwkWISOx/black#76,,True,https://lichess.org/training/XeTZh
VzpAo,k6r/pp3p2/8/1p3p2/3BQ3/q5Pr/4PP2/3RR1K1 w - - 0 28,e4f3 a3f3 e2f3 h3h1 g1g2 h8h2,1614,75,93,972,long mate mateIn3 middlegame,https://lichess.org/U1EKEcOc#55,,True,https://lichess.org/training/VzpAo
vVhJv,4r1k1/1p3r1p/p1p1b1N1/2bpPp2/8/P2B2P1/1PP3KR/7R b - - 0 28,h7g6 h2h8 g8g7 h1h7,1614,220,67,3,kingsideAttack mate mateIn2 middlegame short,https://lichess.org/CGijwXBJ/black#56,,True,https://lichess.org/training/vVhJv
aWHNW,2rq3r/1p1bnpkp/p5p1/6P1/3QPP2/2P5/PP4PR/2K4R b - - 4 24,g7g8 d4h8 g8h8 h2h7 h8g8 h7h8 g8g7 h1h7,1614,75,96,732,attraction kingsideAttack mate mateIn4 middlegame sacrifice veryLong,https://lichess.org/wFLJAVWI/black#48,,True,https://lichess.org/training/aWHNW
ia1Ib,8/k6p/8/q2Qp3/4P3/2N5/Pr2r2P/2R1K2R w K - 7 31,e1d1 a5d5 c3d5 b2d2,1615,74,95,12155,mate mateIn2 middlegame short,https://lichess.org/UdtzVwtd#61,,True,https://lichess.org/training/ia1Ib
EVjRM,r1b2rk1/p2p1ppp/2pQp3/4P3/8/2N2RP1/PPP4q/1K3R2 b - - 1 17,a7a5 d6f8 g8f8 f3f7 f8e8 f7f8 e8e7 f1f7,1615,111,29,22,attraction kingsideAttack mate mateIn4 middlegame sacrifice veryLong,https://lichess.org/C9ypaZRt/black#34,Sicilian_Defense Sicilian_Defense_Paulsen-Basman_Defense,True,https://lichess.org/training/EVjRM
NSXj7,8/1pp2Q2/p7/6kp/1P6/P6P/2P3PK/4rr2 w - - 4 38,f7c7 f1h1 h2g3 h5h4 g3f2 h1f1,1615,76,87,186,endgame long master mate mateIn3 queenRookEndgame,https://lichess.org/iVIhkg2T#75,,True,https://lichess.org/training/NSXj7
S8EfX,1n5r/2p2pk1/3p2p1/2PPp3/4P1p1/Q3N1Pr/5P1P/1R4Kq w - - 0 36,g1h1 h3h2 h1g1 h2h1 g1g2 h8h2,1615,77,86,105,endgame kingsideAttack long master masterVsMaster mate mateIn3,https://lichess.org/pJmk8bOS#71,,True,https://lichess.org/training/S8EfX
pK66M,1rb3r1/4kp2/5P1p/pp2P1pn/8/1P2K2P/P2R2B1/3R4 b - - 0 37,e7e6 d2d6 e6f5 g2e4 f5e5 d1d5,1615,75,91,1126,exposedKing long mate mateIn3 middlegame,https://lichess.org/CfDNCKSH/black#74,,True,https://lichess.org/training/pK66M
cqYVD,2k4r/1pp5/nb1pN3/3P4/4PPp1/R5P1/P5K1/3R2Br w - - 6 33,g1b6 h8h2,1616,242,0,16,mate mateIn1 middlegame oneMove,https://lichess.org/E7AxTRIM#65,,True,https://lichess.org/training/cqYVD
TzZdx,8/4R1R1/5k1r/3Kp3/7p/3P1P2/8/4r3 b - - 1 44,h4h3 e7f7,1619,76,95,7567,endgame mate mateIn1 oneMove rookEndgame,https://lichess.org/CkN3FMiU/black#88,,True,https://lichess.org/training/TzZdx
IAJJf,r2r4/p4R2/1p1qp1pk/1b5p/2P1Q2P/4P3/PP4P1/5RK1 b - - 0 25,b5c6 e4g6 h6g6 f1f6,1620,76,93,1721,attraction mate mateIn2 middlegame sacrifice short,https://lichess.org/e5zRZI5z/black#50,,True,https://lichess.org/training/IAJJf
9riZL,6k1/3RR3/7p/7r/5p2/5P1r/5P1K/8 w - - 0 42,h2g1 h3h1 g1g2 h5h2,1620,76,92,1275,endgame mate mateIn2 rookEndgame short,https://lichess.org/mOUTW4w8#83,,True,https://lichess.org/training/9riZL
vgiy7,r2q2kb/pp3r1p/2p3Q1/1n1pP1P1/2nP4/1N2BB1R/PP3PK1/7R b - - 0 26,h7g6 h3h8 g8g7 h1h7,1620,83,85,41,kingsideAttack mate mateIn2 middlegame short,https://lichess.org/PKG1YaXT/black#52,,True,https://lichess.org/training/vgiy7
QQifQ,r2q2kQ/1b1nnpb1/4p1p1/3pP3/2pP1PP1/1pP2N2/1P2N1KR/r1B2B1R b - - 5 34,g7h8 h2h8 g8g7 h1h7,1620,126,67,10,kingsideAttack mate mateIn2 middlegame short,https://lichess.org/uXzMNRIx/black#68,,True,https://lichess.org/training/QQifQ
mMjuG,r1b1kr2/p2p1pp1/2pQp3/4P3/4q2p/3B1R2/PPP5/1K3R2 b q - 3 20,e4d5 d6f8 e8f8 f3f7 f8e8 f7f8 e8e7 f1f7,1621,77,84,74,attraction mate mateIn4 middlegame sacrifice veryLong,https://lichess.org/JTI6YekP/black#40,,True,https://lichess.org/training/mMjuG
WPGIQ,6k1/6R1/p3pP2/1p6/3Pb3/6RP/Pq6/4K3 b - - 0 40,g8h8 g7g8 h8h7 g3g7 h7h6 g8h8 e4h7 h8h7,1622,76,95,19358,endgame exposedKing mate mateIn4 veryLong,https://lichess.org/PWG3osmX/black#80,,True,https://lichess.org/training/WPGIQ
81mTh,2k4r/ppp5/5p2/3q4/5n2/P2P1NRr/3QPP1P/R6K w - - 5 27,d2f4 h3h2 h1g1 h2h1 g1g2 h8h2,1622,75,88,92,long master mate mateIn3 middlegame pin,https://lichess.org/ax9eGHiq#53,,True,https://lichess.org/training/81mTh
IGo71,6k1/5pp1/P3p1p1/3p4/3P1bP1/2P2P2/Q3KR2/3r3r w - - 1 40,a6a7 h1e1,1622,82,85,86,endgame mate mateIn1 oneMove,https://lichess.org/aoV7RJbv#79,,True,https://lichess.org/training/IGo71
aKBPg,1k6/R6p/8/4Ppp1/1p1r4/1P2K3/1P1r2PP/2R5 w - - 3 34,c1c7 d4d3,1623,78,93,1330,endgame mate mateIn1 oneMove rookEndgame,https://lichess.org/3f07vLpn#67,,True,https://lichess.org/training/aKBPg
3uCQG,6rk/1p3q1p/p1p5/3p3R/3P1P2/3QP2R/PP3Kr1/8 w - - 3 34,f2f3 f7h5 h3h5 g8g3,1624,77,88,123,endgame mate mateIn2 sacrifice short,https://lichess.org/w8fvPgyP#67,,True,https://lichess.org/training/3uCQG
3SH6p,r3k2r/1bpR1p2/1q2p2p/p3P1p1/1P6/Q3p1B1/P1P2PPP/3R2K1 b kq - 0 23,a5b4 a3a8 b7a8 d7d8 e8e7 d1d7,1624,74,94,4064,fork long mate mateIn3 middlegame sacrifice,https://lichess.org/gBar5W87/black#46,,True,https://lichess.org/training/3SH6p
kA7Yl,r4k2/p3R1p1/2p2p1p/5P2/1Bb1R1P1/4K3/r7/8 b - - 3 34,c4d5 e7e8 f8f7 e4e7,1624,75,96,3434,doubleCheck endgame mate mateIn2 short,https://lichess.org/nGAcz5bd/black#68,,True,https://lichess.org/training/kA7Yl
STAOi,8/1p6/1P1R2p1/1k6/3K1pP1/1r2rP2/3R3P/8 w - - 1 51,d2c2 b3d3,1625,77,91,10191,endgame master mate mateIn1 oneMove rookEndgame,https://lichess.org/Q1HI8KQ1#101,,True,https://lichess.org/training/STAOi
eIHzf,rr4kn/2p1qbb1/4p1p1/3pPNP1/p1pP1P2/P1P2N1Q/1P5R/2B1K2R b K - 0 29,e6f5 h3h8 g7h8 h2h8 g8g7 h1h7,1625,79,97,20814,exposedKing kingsideAttack long mate mateIn3 middlegame sacrifice,https://lichess.org/0aYBsZOj/black#58,,True,https://lichess.org/training/eIHzf
st2MB,8/8/p1P4k/1pR5/1P1P2Pp/P1R3K1/4r2r/8 w - - 0 47,g3f3 h2f2,1625,92,80,214,endgame mate mateIn1 oneMove rookEndgame,https://lichess.org/gvBc4cgK#93,,True,https://lichess.org/training/st2MB
PmFMZ,1R6/p4pbk/r2n2p1/P5P1/R7/8/8/7K b - - 0 35,g7c3 a4h4 h7g7 b8h8 f7f6 h4h7,1627,74,97,7182,endgame long mate mateIn3 quietMove,https://lichess.org/xwVM5Of7/black#70,,True,https://lichess.org/training/PmFMZ
VM1ho,1r6/7k/1r4p1/p1R5/3p4/P2P3p/P2Q3P/2K3R1 w - - 2 39,c5a5 b6b1 c1c2 b8b2,1628,75,82,235,endgame mate mateIn2 queenRookEndgame short,https://lichess.org/fJm8jNPL#77,,True,https://lichess.org/training/VM1ho
HIOgW,3r3k/p4prQ/2p2p2/5P2/1b2p2R/7R/P1q3PP/5B1K b - - 0 27,g7h7 h4h7 h8g8 h7h8 g8g7 h3h7,1628,90,81,46,exposedKing long mate mateIn3 middlegame,https://lichess.org/roSM9XnO/black#54,,True,https://lichess.org/training/HIOgW
4tjsZ,2r1r3/2PR1p2/4k1p1/3R3p/4p2P/4K3/6P1/8 b - - 2 43,e8e7 d7d6,1628,86,66,631,endgame master mate mateIn1 oneMove rookEndgame,https://lichess.org/geAaXtsl/black#86,,True,https://lichess.org/training/4tjsZ
tUl6m,8/6R1/1p3k2/p1b3Rp/4K3/1P6/5r1P/8 b - - 6 40,f2h2 g5g6,1628,88,48,102,endgame mate mateIn1 oneMove,https://lichess.org/LL4JlMvU/black#80,,True,https://lichess.org/training/tUl6m
hDvun,rr6/1Rk3pp/2Pb1p2/4n3/4P3/4B3/6PP/1R4K1 b - - 8 32,c7c6 b1b6,1629,105,75,59,mate mateIn1 middlegame oneMove,https://lichess.org/JoO8S3TL/black#64,,True,https://lichess.org/training/hDvun
9AaYS,4r1k1/pb4b1/1p4Q1/8/5N2/BP1p2P1/P4K2/4r3 w - - 1 40,f4d3 e8e2,1630,113,50,78,master mate mateIn1 middlegame oneMove,https://lichess.org/kCimyTkP#79,,True,https://lichess.org/training/9AaYS
Q5XPj,2r5/8/p1r1p3/1p2Rk1p/5Pp1/1P6/P5PP/1K2R3 b - - 2 34,f5f4 e1e4,1630,78,78,1015,endgame mate mateIn1 oneMove rookEndgame,https://lichess.org/TtN5MeFz/black#68,,True,https://lichess.org/training/Q5XPj
YFmeD,7r/2pk1p2/R2b4/1q2RP1r/5p2/5P2/1PB4P/3Q3K w - - 1 39,e5b5 h5h2 h1g1 h2h1 g1g2 h8h2,1630,83,71,136,long mate mateIn3 middlegame,https://lichess.org/BOf6hFt2#77,,True,https://lichess.org/training/YFmeD
t3pGv,1n5r/1R4pp/2kr1p2/3p1Q2/2pP4/q4P1P/P4P2/1R4K1 b - - 2 28,b8d7 f5d7 d6d7 b1b6,1630,74,95,2758,mate mateIn2 middlegame sacrifice short,https://lichess.org/Ly0KvvRw/black#56,,True,https://lichess.org/training/t3pGv
ggGGB,6k1/p6p/4p1p1/R3Bp2/2N4b/1P3P2/6RK/3r1r2 w - - 2 35,g2d2 f1h1 h2g2 d1g1,1631,77,94,15198,mate mateIn2 middlegame short,https://lichess.org/DZtWTvwP#69,,True,https://lichess.org/training/ggGGB
srmER,r2qr1k1/1pp2p2/4pbpQ/3pP3/pn1P2p1/8/1PPN1PPR/1K5R b - - 1 21,f6g7 h6h8 g7h8 h2h8 g8g7 h1h7,1631,74,92,1041,kingsideAttack long mate mateIn3 middlegame sacrifice,https://lichess.org/iF6ABmcK/black#42,,True,https://lichess.org/training/srmER
1jwHB,6r1/p3p3/1pk1P3/2pR1Q1p/P2p3P/BP1n1R2/3P2rK/8 w - - 7 35,h2h3 d3f2 f3f2 g8g3,1631,76,77,68,mate mateIn2 middlegame sacrifice short,https://lichess.org/YcThnFkh#69,,True,https://lichess.org/training/1jwHB
A0q5a,5k2/2R3R1/1pBpK3/1P6/1r2r3/p7/P7/8 w - - 2 53,e6d5 b4d4,1632,83,71,1089,endgame master mate mateIn1 oneMove,https://lichess.org/xV8HlYUC#105,,True,https://lichess.org/training/A0q5a
FpzVL,r1r3k1/5pb1/4p1p1/3p2P1/p4P1Q/1pP4R/qP6/1NK4R b - - 0 31,a4a3 h4h8 g7h8 h3h8 g8g7 h1h7,1632,72,96,14122,kingsideAttack long mate mateIn3 middlegame sacrifice,https://lichess.org/hnI2yuou/black#62,,True,https://lichess.org/training/FpzVL
DP5Ey,4Q3/pk1r3p/6pP/3r1pP1/p1n2P2/P1P5/1P6/2K1R3 w - - 1 35,e1e7 d5d1 c1c2 c4e3 e7e3 d7d2,1632,75,96,16839,endgame long mate mateIn3 queensideAttack sacrifice,https://lichess.org/M01o6uzH#69,,True,https://lichess.org/training/DP5Ey
Kc8m7,8/8/4R3/2p2kp1/b5P1/4R2P/7K/2r2r2 b - - 0 49,f5f4 e6e4,1632,85,88,3492,endgame mate mateIn1 oneMove,https://lichess.org/8jnrOtWq/black#98,,True,https://lichess.org/training/Kc8m7
Qt0mH,r7/2p2r2/4pP2/1p2P3/2bP1KB1/2P3RP/p4k2/6R1 b - - 3 53,a2a1q g3g2,1632,75,88,669,mate mateIn1 middlegame oneMove,https://lichess.org/l20In2d3/black#106,,True,https://lichess.org/training/Qt0mH
o3jyJ,7k/1r4pp/p5q1/2pPR3/2p2p2/2P2P2/Pr1B2R1/2K2Q2 w - - 0 39,g2g6 b2b1 c1c2 b7b2,1634,85,73,31,endgame mate mateIn2 queensideAttack short,https://lichess.org/B2QcWbq4#77,,True,https://lichess.org/training/o3jyJ
4LYhy,r6r/p4pkp/2p2Qp1/1p1pP3/4bP2/P1Pq2P1/KP1p2PR/7R b - - 3 27,g7g8 f6h8 g8h8 h2h7 h8g8 h7h8 g8g7 h1h7,1634,74,97,1176,attraction kingsideAttack mate mateIn4 middlegame sacrifice veryLong,https://lichess.org/33VAPOh0/black#54,,True,https://lichess.org/training/4LYhy
LzGsl,5k2/2R5/8/pr1PR3/4Pp2/1N1K1P2/1r3q2/3Q4 w - - 0 36,b3d4 f2e3 d3c4 b2b4,1634,75,89,1382,mate mateIn2 middlegame short,https://lichess.org/t4k0KYj1#71,,True,https://lichess.org/training/LzGsl
GFUVl,3r2k1/p2r1pb1/3np1p1/4P3/2q2PP1/7Q/PP5R/1K5R b - - 1 29,d6e4 h3h8 g7h8 h2h8 g8g7 h1h7,1635,73,96,14319,long mate mateIn3 middlegame sacrifice,https://lichess.org/i815Sc63/black#58,,True,https://lichess.org/training/GFUVl
1nilX,1r3rk1/p1q2pb1/b5p1/3p1pP1/7Q/2Pp3R/PP1N1PP1/2K4R b - - 1 22,f8c8 h4h8 g7h8 h3h8 g8g7 h1h7,1635,74,97,3077,kingsideAttack long mate mateIn3 middlegame sacrifice,https://lichess.org/enWTFzq9/black#44,,True,https://lichess.org/training/1nilX
wur5G,Q7/1B4k1/6p1/2r1ppP1/8/3K1P2/2r5/R7 w - - 1 50,b7d5 c5c3,1635,80,72,194,endgame master mate mateIn1 oneMove,https://lichess.org/HyDxfJJq#99,,True,https://lichess.org/training/wur5G
wDVIh,r3r1k1/pp2qpb1/4p1p1/6P1/3p1P1Q/2PB3R/PP6/2K4R b - - 1 23,e7d6 h4h8 g7h8 h3h8 g8g7 h1h7,1635,74,97,7972,kingsideAttack long mate mateIn3 middlegame sacrifice,https://lichess.org/YjZq89lu/black#46,,True,https://lichess.org/training/wDVIh
HeTeK,3R1b1r/ppk1p1p1/2p3p1/8/1B2q3/7P/P1P1nPP1/3R3K b - - 2 23,e7e5 b4a5 b7b6 d1d7,1636,75,97,6565,mate mateIn2 middlegame short,https://lichess.org/3BZ2aZ5R/black#46,,True,https://lichess.org/training/HeTeK
iet2A,6n1/1p1k4/p2b4/3Pp1Kr/1P2P3/3NBP2/2R4r/2R5 w - - 11 36,g5g4 g8f6 g4g3 h5h3,1637,74,88,581,mate mateIn2 middlegame short,https://lichess.org/6kKc8A5h#71,,True,https://lichess.org/training/iet2A
W1vlH,b2rr1k1/5pb1/1p2p1p1/p1p1P1P1/2Pp1P1Q/3P3R/2K4R/q7 b - - 5 43,a8c6 h4h8 g7h8 h3h8 g8g7 h2h7,1637,73,96,17101,kingsideAttack long mate mateIn3 middlegame sacrifice,https://lichess.org/Ka34VLDx/black#86,,True,https://lichess.org/training/W1vlH
KWNGM,6r1/1p3k1p/p3p2p/2P1Pp2/1P3P2/P5P1/3r1K2/R4R2 w - - 0 25,f2e3 g8d8 a3a4 d8d3,1637,75,91,1301,endgame mate mateIn2 quietMove rookEndgame short,https://lichess.org/ujWIW8zl#49,,True,https://lichess.org/training/KWNGM
LhId5,r6r/3R1R2/1pp1k2p/4P1p1/1p6/4b1N1/1PP4P/1K6 b - - 1 27,h8d8 f7e7,1638,75,98,218,endgame master masterVsMaster mate mateIn1 oneMove,https://lichess.org/Nq72xc6s/black#54,,True,https://lichess.org/training/LhId5
KDgF3,4r1k1/3q1pb1/3p2p1/6P1/1pP4Q/pP1N3R/P3r3/1K5R b - - 3 31,d7f5 h4h8 g7h8 h3h8 g8g7 h1h7,1639,74,97,10841,long mate mateIn3 middlegame sacrifice,https://lichess.org/WGoOApBP/black#62,,True,https://lichess.org/training/KDgF3
hShuN,1r1r2k1/5pb1/4p1p1/1p2P1P1/p1pq1P1Q/2pP1K2/PPB4R/7R b - - 1 31,c4d3 h4h8 g7h8 h2h8 g8g7 h1h7,1640,74,95,3805,kingsideAttack long mate mateIn3 middlegame sacrifice,https://lichess.org/8fLbqarC/black#62,,True,https://lichess.org/training/hShuN
18j7k,8/pR4p1/2p2k1p/8/P1P3R1/6PK/4rr2/8 w - - 3 43,g4g7 f2h2 h3g4 h6h5 g4f3 h2f2,1640,74,94,415,endgame long mate mateIn3 rookEndgame,https://lichess.org/9nyYkRbi#85,,True,https://lichess.org/training/18j7k
VOjGX,3r3r/5pkp/6pR/4Q1P1/8/Pp1q1P2/1P6/K6R b - - 0 32,g7g8 e5h8 g8h8 h6h7 h8g8 h7h8 g8g7 h1h7,1640,74,91,435,attraction endgame mate mateIn4 sacrifice veryLong,https://lichess.org/gg9sagBM/black#64,,True,https://lichess.org/training/VOjGX
o7Iyf,4q1k1/pp3bb1/6p1/3pP3/3P4/1r4PQ/5PKR/7R b - - 4 37,e8e6 h3h8 g7h8 h2h8 g8g7 h1h7,1641,75,97,8209,exposedKing long master mate mateIn3 middlegame sacrifice,https://lichess.org/YHY3X7Q5/black#74,,True,https://lichess.org/training/o7Iyf
uRRk0,2k4r/pp4p1/2n1p3/3q1p1r/3P1Pp1/2PNQ1P1/PP4KP/R6R w - - 2 23,g2g1 d5h1 g1h1 h5h2 h1g1 h2h1 g1g2 h8h2,1641,74,94,3730,attraction kingsideAttack master mate mateIn4 middlegame sacrifice veryLong,https://lichess.org/2SGFGCWK#45,,True,https://lichess.org/training/uRRk0
q04k7,8/1p5p/4k3/2R5/K1P1P3/P4r1P/r7/3R4 w - - 3 40,a4b5 f3b3 b5a4 a2a3,1641,79,66,106,endgame mate mateIn2 rookEndgame short,https://lichess.org/LsPdiGRh#79,,True,https://lichess.org/training/q04k7
jQb2e,8/pp2Rk1p/2p3p1/3r1p2/8/5q2/PP2R2P/4B1K1 b - - 5 34,f7f6 e1h4 g6g5 e2e6,1641,74,96,10796,endgame mate mateIn2 short,https://lichess.org/LoCgznsv/black#68,,True,https://lichess.org/training/jQb2e
bmXZa,2k4r/pp3p1r/2p2p2/3q4/P2p1Qp1/3P2P1/1PP2PKP/R6R w - - 0 23,g2g1 d5h1 g1h1 h7h2 h1g1 h2h1 g1g2 h8h2,1642,74,97,14399,attraction endgame kingsideAttack mate mateIn4 sacrifice veryLong,https://lichess.org/uIhYJVnR#45,,True,https://lichess.org/training/bmXZa
9AUI1,3r3k/5prQ/p1q2p2/5P2/4pP1R/1Ppp3R/P1P3PP/4K3 b - - 0 33,g7h7 h4h7 h8g8 h7h8 g8g7 h3h7,1642,76,95,20366,endgame exposedKing kingsideAttack long mate mateIn3 queenRookEndgame,https://lichess.org/MxCZnBhv/black#66,,True,https://lichess.org/training/9AUI1
r7cH2,8/4R3/2P4p/1R2p1p1/5k2/2K2P2/1Pr1r1PP/8 w - - 3 36,c3d3 e2d2,1643,83,89,2198,endgame mate mateIn1 oneMove rookEndgame,https://lichess.org/AWMsK2Gc#71,,True,https://lichess.org/training/r7cH2
3L5pf,r5k1/4PR1R/6p1/r4p2/3p4/4P1P1/P4PKP/3q4 b - - 1 41,d1h5 f7g7,1643,84,88,2598,endgame master mate mateIn1 oneMove queenRookEndgame,https://lichess.org/KnVn3Ned/black#82,,True,https://lichess.org/training/3L5pf
SSQiB,8/p4p1p/2k1p3/4B3/8/4PK2/p1r2rPP/R1R5 w - - 0 29,f3e4 f7f5 e4d3 f2d2,1643,75,98,6539,endgame mate mateIn2 short,https://lichess.org/ngerfken#57,,True,https://lichess.org/training/SSQiB
QgK1c,r7/4pqbk/2np2Rp/2p2r2/1p3N2/pP1P3Q/P1PB4/2K4R b - - 1 32,f5f6 h3h6 g7h6 h1h6,1643,75,98,585,mate mateIn2 middlegame sacrifice short,https://lichess.org/oadOAdXa/black#64,,True,https://lichess.org/training/QgK1c
BO8T6,r2q4/3b1rpk/p1pBp1Rp/5p1Q/3b1P2/2N3P1/PP4K1/7R b - - 3 25,f7f6 h5h6 g7h6 h1h6,1644,76,95,12703,mate mateIn2 middlegame sacrifice short,https://lichess.org/Yr7RrFhj/black#50,,True,https://lichess.org/training/BO8T6
xTN6Y,6r1/4kp1n/p2p4/1p2pQ2/4PP1b/2P1B1r1/PP3K2/R4B2 w - - 6 35,f5h7 g3g2 f2f3 g8g3,1644,88,49,115,doubleCheck mate mateIn2 middlegame short,https://lichess.org/s0KKSuxl#69,,True,https://lichess.org/training/xTN6Y
kpsWl,3r2k1/pp4pp/1qp2p2/8/2P1R3/1P2R3/P3B1P1/7K b - - 6 32,d8d2 e4e8 g8f7 e2h5 g7g6 e3e7,1644,76,97,12441,endgame long mate mateIn3,https://lichess.org/V9OLdcC1/black#64,,True,https://lichess.org/training/kpsWl
mENjq,7r/2p5/pp6/8/1P3Pk1/2P5/P4P1r/3RR1K1 w - - 1 32,f4f5 h2h1 g1g2 h8h2,1644,199,87,4,endgame master mate mateIn2 rookEndgame short,https://lichess.org/mHoznQFn#63,,True,https://lichess.org/training/mENjq
zFSuW,r3k1n1/1ppq4/p2p1p1r/3Pp1Q1/2P1P3/P3PR1P/1P4P1/3N1RK1 b q - 0 24,f6g5 f3f8 e8e7 f1f7,1646,82,55,31,fork mate mateIn2 middlegame short,https://lichess.org/xPu8YAbD/black#48,,True,https://lichess.org/training/zFSuW
4wkTV,4r3/p4p1k/5p1R/1pp1rP2/4Pn2/7R/PP3KPP/8 b - - 0 30,h7g8 h6h8 g8g7 h3h7,1646,75,90,3747,endgame mate mateIn2 short,https://lichess.org/ZgiL7Ng0/black#60,,True,https://lichess.org/training/4wkTV
pLkBd,5k2/p1P3R1/5pK1/p2P2r1/2P3P1/1P3n2/P6r/R7 w - - 2 34,g6f6 h2h6 g7g6 h6g6,1646,75,92,1858,endgame mate mateIn2 short,https://lichess.org/wFQDOCU4#67,,True,https://lichess.org/training/pLkBd
Zcs4o,3r4/1p2bk2/3p1p2/1P5r/P2BP3/3P1pP1/5P2/R3R1K1 w - - 1 29,e1e3 d8h8 e3f3 h5h1 g1g2 h8h2,1646,75,100,247,endgame long mate mateIn3 quietMove,https://lichess.org/AbNbzoFi#57,,True,https://lichess.org/training/Zcs4o
RPB1T,2k4r/ppp2p1r/2n4q/3P2p1/3Ppnp1/1P2P1P1/P2NNPB1/R2QR1K1 w - - 1 19,e3f4 h6h1 g2h1 h7h1 g1g2 h8h2,1647,75,99,2873,kingsideAttack long mate mateIn3 middlegame sacrifice,https://lichess.org/KQsniG0q#37,,True,https://lichess.org/training/RPB1T
GcPAD,3q1rk1/5pb1/p2p2p1/1prP2P1/3p4/7Q/PPP1BP1R/2K4R b - - 3 23,f8e8 h3h8 g7h8 h2h8 g8g7 h1h7,1647,75,88,512,kingsideAttack long mate mateIn3 middlegame sacrifice,https://lichess.org/XwHarwk6/black#46,,True,https://lichess.org/training/GcPAD
rPgIf,1rR4r/pp1kpp2/3p3p/1P4p1/P2bP3/1b1N2PB/5P1P/2R3K1 b - - 4 35,f7f5 h3f5 e7e6 c1c7,1647,75,94,99,mate mateIn2 middlegame short,https://lichess.org/Cmy6VsKp/black#70,,True,https://lichess.org/training/rPgIf
u7VfG,8/p1r4p/1p3pkR/8/P6R/2r3PK/7P/8 b - - 1 38,g6g5 h4h5,1647,316,100,4,endgame mate mateIn1 oneMove rookEndgame,https://lichess.org/gma3XuUQ/black#76,,True,https://lichess.org/training/u7VfG
RNzNv,7r/8/P3p1k1/3p4/4qpp1/4P1Pr/1Q3P1P/R5KR w - - 0 33,e3f4 e4h1 g1h1 h3h2 h1g1 h2h1 g1g2 h8h2,1648,73,96,17268,attraction endgame mate mateIn4 sacrifice veryLong,https://lichess.org/5pjb3UeY#65,,True,https://lichess.org/training/RNzNv
8xdng,7r/1p1k4/1Pp1b2r/P1Rp3q/3PpPp1/1Q4P1/5PB1/2R3K1 w - - 1 34,a5a6 h5h1 g2h1 h6h1 g1g2 h8h2,1648,75,88,225,kingsideAttack long mate mateIn3 middlegame sacrifice,https://lichess.org/cTcNXevM#67,,True,https://lichess.org/training/8xdng
qfbc7,r1r3k1/5pb1/6p1/3qp1p1/pp2N1P1/4PP1Q/PPp4R/2K4R b - - 1 29,d5a2 h3h8 g7h8 h2h8 g8g7 h1h7,1649,75,98,4299,kingsideAttack long master mate mateIn3 middlegame sacrifice,https://lichess.org/fHUjZs6i/black#58,,True,https://lichess.org/training/qfbc7
uOLGM,8/1p1R1k2/p6p/q1r1pp1P/8/5P2/PpP2Br1/1K1R4 b - - 3 34,f7f6 f2h4 f6e6 d1d6,1650,77,97,14592,endgame mate mateIn2 short,https://lichess.org/M8CRHg8s/black#68,,True,https://lichess.org/training/uOLGM
lMUQK,8/4B3/p3R2p/3Q1bpk/2p3r1/P1P4K/6r1/R7 w - - 6 41,d5f5 g4g3,1650,100,69,272,endgame mate mateIn1 oneMove,https://lichess.org/EDuUkaqj#81,,True,https://lichess.org/training/lMUQK
U5Eln,7k/8/2p4r/6p1/P2P4/1BR3P1/1P3PK1/7r w - - 1 39,a4a5 g5g4 f2f3 h6h2,1651,74,89,1407,endgame mate mateIn2 quietMove short,https://lichess.org/FxgUilxx#77,,True,https://lichess.org/training/U5Eln
17PDD,7r/1p1k1p2/2n4r/p1pN1P1q/2P3p1/P5P1/1P2PPB1/R2QR1K1 w - - 1 24,e2e3 h5h1 g2h1 h6h1 g1g2 h8h2,1651,74,92,455,kingsideAttack long mate mateIn3 middlegame sacrifice,https://lichess.org/lNWmYUsH#47,,True,https://lichess.org/training/17PDD
3P4RY,6kr/5p1p/4p1p1/p3Q1P1/3P3R/2r2PKR/P1q4P/8 b - - 1 37,c2c1 e5h8 g8h8 h4h7 h8g8 h7h8 g8g7 h3h7,1652,73,97,18698,attraction endgame mate mateIn4 sacrifice veryLong,https://lichess.org/363f6N4Y/black#74,,True,https://lichess.org/training/3P4RY
LPe7z,4k2r/p3bp2/4p3/4P3/2PR4/2n3PP/4q1P1/1R5K b k - 2 32,e2e3 b1b8 e7d8 b8d8 e8e7 d4d7,1652,108,86,35,endgame long mate mateIn3,https://lichess.org/cmtcEmwC/black#64,,True,https://lichess.org/training/LPe7z
vrVRU,1r4k1/2p2pb1/6p1/p1P3P1/3P1P2/Pr6/1B5R/1K5R b - - 1 30,g7d4 h2h8 g8g7 h1h7,1652,76,81,228,endgame mate mateIn2 pin short,https://lichess.org/ADLkrqO8/black#60,,True,https://lichess.org/training/vrVRU
TnrnT,r7/P1p3k1/5p2/6rP/2p3K1/2P2P2/8/R4R2 w - - 5 36,g4h4 a8h8 f3f4 h8h5,1652,77,71,123,endgame mate mateIn2 rookEndgame short,https://lichess.org/23OdR6aJ#71,,True,https://lichess.org/training/TnrnT
IcQUA,4r3/p5R1/1p2r3/8/3B1kpR/2P2p2/1PK1p3/8 b - - 3 40,e2e1q h4g4 f4f5 g7g5,1654,74,97,3244,endgame master masterVsMaster mate mateIn2 short,https://lichess.org/4l97jOmU/black#80,,True,https://lichess.org/training/IcQUA
fGLqM,6n1/3R1pkr/p1p1p2r/P1PpP2q/3P2p1/2P3P1/4QPB1/1R4K1 w - - 5 32,e2e3 h5h1 g2h1 h6h1 g1g2 h7h2,1654,75,92,219,kingsideAttack long master mate mateIn3 middlegame sacrifice,https://lichess.org/N28p201R#63,,True,https://lichess.org/training/fGLqM
3WAoe,5r2/p7/1p1p3r/3P2k1/2P5/5pP1/PP1R1P2/4R1K1 w - - 0 35,e1e3 f8h8 e3f3 h6h1 g1g2 h8h2,1654,75,95,14056,endgame long mate mateIn3 quietMove rookEndgame,https://lichess.org/I51LlW5w#69,,True,https://lichess.org/training/3WAoe
Hdz4S,8/2Q4p/p4k2/3P4/6K1/6P1/P3r2r/8 w - - 0 48,d5d6 h7h5 g4f3 h2f2,1654,75,94,2388,endgame master masterVsMaster mate mateIn2 queenRookEndgame short,https://lichess.org/U2GfieeE#95,,True,https://lichess.org/training/Hdz4S
Lx322,r6r/ppp5/3p4/3Pkb2/8/2P5/PP1K1R2/6R1 b - - 10 34,f5e4 g1g5 e4f5 g5f5 e5e4 f2f4,1655,74,95,8246,endgame long mate mateIn3,https://lichess.org/FiytOf9M/black#68,,True,https://lichess.org/training/Lx322
hB2nb,r1r3k1/1p3pb1/1q1p2p1/4p1P1/1pbpP2Q/P7/1PP2PPR/2K4R b - - 1 24,b4a3 h4h8 g7h8 h2h8 g8g7 h1h7,1655,75,97,1200,kingsideAttack long mate mateIn3 middlegame sacrifice,https://lichess.org/OldnVVbW/black#48,,True,https://lichess.org/training/hB2nb
Xo0QW,8/6kp/3Rr3/1p3p2/pR2rK1P/P1P3P1/1P6/8 w - - 1 47,f4f5 e6e5,1656,81,87,1434,endgame master mate mateIn1 oneMove rookEndgame,https://lichess.org/C55Qhhrc#93,,True,https://lichess.org/training/Xo0QW
nFnIK,3k1Rrr/1pp5/p2p4/6q1/1P4Q1/P1P5/8/5RK1 b - - 1 42,d8e7 f1f7,1656,76,92,3842,endgame mate mateIn1 oneMove,https://lichess.org/fx8whB6z/black#84,,True,https://lichess.org/training/nFnIK
8nCys,6r1/p3kp2/3Rbp2/3p4/3P4/1N6/PP3P1p/2Q1R1rK w - - 2 26,h1h2 g8g2,1656,96,74,66,master mate mateIn1 middlegame oneMove,https://lichess.org/2W3clly7#51,,True,https://lichess.org/training/8nCys
GeBtj,7k/8/6Bp/8/1P1bP3/5RPP/R4K2/3r2r1 w - - 7 46,f2e2 g1e1,1656,77,87,471,endgame master mate mateIn1 oneMove,https://lichess.org/FDuPcVhk#91,,True,https://lichess.org/training/GeBtj
y15rW,8/pr2pkbp/1rp1b1p1/6B1/Q2P4/2n5/PP1R1PPP/2K2R2 w - - 0 22,b2c3 b6b1 c1c2 e6f5 d2d3 b7b2,1658,75,94,1198,exposedKing long mate mateIn3 middlegame pin queensideAttack,https://lichess.org/4Tyi1cQ2#43,,True,https://lichess.org/training/y15rW
j6N9g,1r3n1R/1q2bkr1/b3p2Q/3pPpP1/3P1P2/ppP1B3/1P3KB1/7R b - - 1 34,f8g6 h6g7 f7g7 h1h7,1658,76,95,7753,attraction mate mateIn2 middlegame sacrifice short,https://lichess.org/1pfc6Rkg/black#68,,True,https://lichess.org/training/j6N9g
j82xZ,4r2k/2q3pp/1Bpb1n2/1p4N1/5p1Q/3P2P1/1PPK3P/4r2R w - - 0 25,b6c7 d6b4 c2c3 e8e2,1658,75,97,5501,mate mateIn2 middlegame short,https://lichess.org/8R2xddZi#49,,True,https://lichess.org/training/j82xZ
nflBl,r1r3k1/5pb1/3p1pp1/q2P4/ppB4Q/5P2/PPP3PR/1K5R b - - 1 22,a5c5 h4h8 g7h8 h2h8 g8g7 h1h7,1658,74,96,15957,kingsideAttack long mate mateIn3 middlegame sacrifice,https://lichess.org/FmlXR2qq/black#44,,True,https://lichess.org/training/nflBl
H35Nb,7r/ppkb1p2/4p2r/1p6/6Q1/2P3P1/PP3P2/R3R1K1 w - - 0 24,g4g7 h6h1 g1g2 d7c6 e1e4 c6e4 f2f3 h8h2,1659,74,88,498,endgame mate mateIn4 veryLong,https://lichess.org/aPM54SRf#47,,True,https://lichess.org/training/H35Nb
rbxlN,6k1/6p1/2N1ppP1/3p3R/r2P2R1/1KP5/qP1Q4/r7 w - - 4 51,b3c2 a2b1 c2b3 a1a3,1659,74,86,263,mate mateIn2 middlegame pin short,https://lichess.org/DYDrkgUd#101,,True,https://lichess.org/training/rbxlN
y23uD,5k2/p1B3pp/2b5/7r/7r/2P1N1R1/PP3P1N/R5K1 w - - 7 32,h2f3 h4h1 g1g2 h5h2,1659,175,78,17,mate mateIn2 middlegame pin short,https://lichess.org/i54ZpUef#63,,True,https://lichess.org/training/y23uD
Uok1M,4r1k1/pp3pb1/2b1pN2/2p3PR/5r2/3B4/PPP4R/2K5 b - - 2 25,g7f6 g5f6 f4f6 h5h8 g8g7 h2h7,1659,75,97,6116,long master mate mateIn3 middlegame,https://lichess.org/vwZUNoNx/black#50,,True,https://lichess.org/training/Uok1M
Sif5i,8/4R2R/6p1/6k1/8/p5K1/3q3P/8 b - - 0 46,a3a2 h2h4 g5f6 h7f7,1660,75,91,296,endgame mate mateIn2 queenRookEndgame short,https://lichess.org/7lpHDto1/black#92,,True,https://lichess.org/training/Sif5i
IzCop,6r1/p3k2r/2pb4/2p1p3/4P3/BPP1RpP1/P2R1P2/6K1 w - - 2 28,e3d3 g8h8 d3f3 h7h1 g1g2 h8h2,1660,74,93,5613,endgame long mate mateIn3,https://lichess.org/NAzLEc2N#55,,True,https://lichess.org/training/IzCop
pH3Gc,5r2/pp4k1/3b4/3p4/3P4/1PP1K3/P4r2/R1N1R3 w - - 1 39,c1d3 f8f3,1660,100,65,189,endgame master mate mateIn1 oneMove,https://lichess.org/rRQAfaOp#77,,True,https://lichess.org/training/pH3Gc
ivEET,6r1/p7/1rp5/8/8/3k1P2/P1R1RK2/8 b - - 7 42,g8h8 e2d2,1661,107,23,45,endgame mate mateIn1 oneMove rookEndgame,https://lichess.org/adcke9Zm/black#84,,True,https://lichess.org/training/ivEET
QTrLT,r7/8/8/8/8/b3P3/1p1R1RPP/4k1K1 b - - 1 56,b2b1q f2e2,1661,167,85,67,endgame mate mateIn1 oneMove,https://lichess.org/GDKnmwds/black#112,,True,https://lichess.org/training/QTrLT
zklTN,2R5/8/8/8/3r3p/2kr1p2/5P1P/4RK2 b - - 5 52,c3d2 c8c1 h4h3 e1d1,1662,74,98,533,endgame mate mateIn2 quietMove rookEndgame short,https://lichess.org/LlgznomB/black#104,,True,https://lichess.org/training/zklTN
oALNl,r7/2p1R3/p2p2p1/1p3k2/4R2P/P7/1PPq2P1/6K1 b - - 4 28,d2c2 g2g4 f5f6 e4e6,1662,77,93,3376,endgame mate mateIn2 queenRookEndgame short,https://lichess.org/tKtM0QxS/black#56,,True,https://lichess.org/training/oALNl
Re6sK,r3r1k1/5pb1/p5p1/1pp1PqP1/2pP3Q/2P2P1R/PP6/2K4R b - - 1 30,c5d4 h4h8 g7h8 h3h8 g8g7 h1h7,1662,74,93,516,kingsideAttack long mate mateIn3 middlegame sacrifice,https://lichess.org/yuyekwsX/black#60,,True,https://lichess.org/training/Re6sK
44OZX,r7/1k4p1/r2p1p2/q1p1pP1n/1pP1P1QP/1P6/1BP5/1K1R3R w - - 3 36,g4g6 a5a1 b2a1 a6a1 b1b2 a8a2,1663,75,94,1998,long mate mateIn3 middlegame queensideAttack sacrifice,https://lichess.org/cWV7hptF#71,,True,https://lichess.org/training/44OZX
DJNk2,r7/pp2k3/3N1b2/2p3r1/2P1pN1K/4P3/PP3P2/R4R2 w - - 4 29,d6e4 a8h8 f4h5 h8h5,1663,75,99,416,mate mateIn2 middlegame short,https://lichess.org/iePldwjA#57,,True,https://lichess.org/training/DJNk2
QE7SM,5r2/1pp3Rk/3p1r2/7p/3QP2P/pP6/P1P4q/1K4R1 b - - 1 29,h7h6 d4e3 h2f4 e3f4 f6f4 g1g6,1663,74,89,1625,endgame long mate mateIn3,https://lichess.org/2yXmfBDE/black#58,,True,https://lichess.org/training/QE7SM
stnfe,kr6/5pQ1/p3p2P/8/4P1P1/P1Pn4/K1R5/1r6 w - - 1 41,g7f7 d3c1 c2c1 b8b2,1664,78,68,44,endgame mate mateIn2 sacrifice short,https://lichess.org/IrWj3IO2#81,,True,https://lichess.org/training/stnfe
VKe4z,1rb1R1R1/2rn1k2/2p4K/5P2/p1p3P1/P1N5/1P3P2/8 b - - 0 36,d7f6 g8f8,1664,88,68,395,master mate mateIn1 middlegame oneMove,https://lichess.org/DvODPMHY/black#72,,True,https://lichess.org/training/VKe4z
IGcH0,2r5/R5Rp/5p2/1p6/1P1P2P1/1P3kB1/1r5P/3n2K1 w - - 0 34,g7f7 b2g2 g1h1 d1f2 g3f2 c8c1 f2g1 c1g1,1665,75,95,15515,endgame mate mateIn4 sacrifice veryLong,https://lichess.org/SEJ3uT8d#67,,True,https://lichess.org/training/IGcH0
BzzP5,1k5r/pp1n3r/2p2p2/5p2/QPBP2p1/4P1q1/P4R1P/R5K1 w - - 0 23,h2g3 h7h1 g1g2 h8h2,1666,78,87,107,kingsideAttack mate mateIn2 middlegame short,https://lichess.org/o5GqVD70#45,,True,https://lichess.org/training/BzzP5
7DGW9,4r3/p1p1r1kR/3p1p2/2p3p1/5pK1/P7/1PP3P1/7R b - - 9 34,g7g6 h1h6,1667,228,11,10,endgame mate mateIn1 oneMove rookEndgame,https://lichess.org/MPPrZk5P/black#68,,True,https://lichess.org/training/7DGW9
B1G1s,6n1/1prb3k/3p1rRp/2nPpP1Q/pqB1P3/1PN2P2/P2K4/7R b - - 1 27,d7e8 h5h6 g8h6 h1h6,1667,75,95,8743,mate mateIn2 middlegame sacrifice short,https://lichess.org/keMNG4Pf/black#54,,True,https://lichess.org/training/B1G1s
698Hp,4rn1R/r4qk1/4p1p1/p1QpPp2/Pp1P1P2/1Pp1K3/2P5/7R b - - 7 54,f7c7 c5f8 e8f8 h1h7,1669,74,98,4028,mate mateIn2 middlegame sacrifice short,https://lichess.org/3KbR1O0k/black#108,,True,https://lichess.org/training/698Hp
9HEhw,8/5r2/p4pP1/1p2bP2/3nR3/1P1k4/4R1KP/8 b - - 0 45,f7g7 e4e3,1670,86,78,284,endgame master mate mateIn1 oneMove,https://lichess.org/neaI9hdT/black#90,,True,https://lichess.org/training/9HEhw
J18eN,4R3/p1qn1kpp/2pb1p2/1p1p4/3P1B2/2P2B1P/P1P2PP1/4R1K1 b - - 1 21,d6f4 f3h5 g7g6 e1e7,1671,94,74,27,endgame mate mateIn2 short,https://lichess.org/mwTh1gaR/black#42,,True,https://lichess.org/training/J18eN
0KeaD,6r1/3n2p1/r3p1P1/3p3R/1ppP2k1/7R/PP2N1P1/1K6 b - - 15 37,d7f6 h3h4,1672,89,78,212,endgame mate mateIn1 oneMove,https://lichess.org/pkwwJKoZ/black#74,,True,https://lichess.org/training/0KeaD
iBXD6,2r3k1/6qR/p3p1p1/5pP1/7Q/1Pr5/2p5/2K4R b - - 1 43,g7e5 h7h8 g8f7 h4h7 e5g7 h7g7 f7g7 h1h7,1674,75,88,818,attraction endgame exposedKing mate mateIn4 veryLong,https://lichess.org/QQW1WOm2/black#86,,True,https://lichess.org/training/iBXD6
oyfhP,2k1r3/p7/1ppb4/7R/3K1P2/1N2r3/PPP5/3R4 w - - 0 29,d1h1 e8e4,1674,84,89,1683,endgame mate mateIn1 oneMove,https://lichess.org/OoGvEEuu#57,,True,https://lichess.org/training/oyfhP
ZWq9r,3rr3/pp4pk/2p4p/8/6Q1/5PP1/PP3BP1/R2q1K2 w - - 3 24,a1d1 d8d1 f2e1 d1e1 f1f2 e8e2,1675,75,95,4767,endgame long mate mateIn3,https://lichess.org/49pU3S9A#47,,True,https://lichess.org/training/ZWq9r
DXmGE,8/5pk1/1r1p2pp/2pP4/1rn1N2P/2K3P1/1PR1RP2/8 w - - 2 35,b2b3 b4b3 c3c4 b6b4,1676,77,78,49,endgame mate mateIn2 sacrifice short,https://lichess.org/HHKK4TA3#69,,True,https://lichess.org/training/DXmGE
CIyOo,2r2rk1/1p3pb1/p2p2p1/3P1qP1/P2p3Q/8/1PP2N1R/5K1R b - - 6 31,f8e8 h4h8 g7h8 h2h8 g8g7 h1h7,1676,74,85,1006,kingsideAttack long mate mateIn3 middlegame sacrifice,https://lichess.org/8DRDF2oM/black#62,,True,https://lichess.org/training/CIyOo
TmtJA,8/1p4b1/p5pp/P4p2/1r1p4/5PPP/2R1RK2/3k4 b - - 3 37,d4d3 e2d2,1677,87,86,2213,endgame mate mateIn1 oneMove,https://lichess.org/jxd9aBxL/black#74,,True,https://lichess.org/training/TmtJA
4gDOk,6k1/6pp/R1bpp2r/1p3pK1/1PpP3r/2N1PP2/7P/7R w - - 10 31,a6c6 h6h5,1677,84,65,427,endgame mate mateIn1 oneMove,https://lichess.org/6ULUBZya#61,,True,https://lichess.org/training/4gDOk
9ETKA,6kr/3q1p1p/2p1pQp1/3pP3/r2P2P1/1K2P3/7R/7R b - - 1 28,c6c5 f6h8 g8h8 h2h7 h8g8 h7h8 g8g7 h1h7,1677,74,93,633,attraction endgame mate mateIn4 sacrifice veryLong,https://lichess.org/fiJDXlDQ/black#56,,True,https://lichess.org/training/9ETKA
IxTA0,Rnk4r/8/5p2/5n2/2pP4/2P2P1r/PP1Q1P1K/4R3 w - - 0 22,h2g1 h3h1 g1g2 h8h2,1677,76,84,219,mate mateIn2 middlegame short,https://lichess.org/QEOoj7xG#43,,True,https://lichess.org/training/IxTA0
wchQb,1r2kb1r/p4ppp/4p3/1Q1R1b2/4q3/1BP1B3/PPP2PPP/2KR4 b k - 0 16,b8b5 d5d8 e8e7 e3g5 f7f6 d1d7,1677,75,97,14805,long mate mateIn3 middlegame,https://lichess.org/LiNnRTRP/black#32,Sicilian_Defense Sicilian_Defense_Closed,True,https://lichess.org/training/wchQb
1eRk7,6r1/2k2p2/1Rn1qpr1/p1Qp4/P2P3p/2P2P2/5RPP/2N3K1 w - - 5 32,f2e2 g6g2 g1f1 g2g1 f1f2 g8g2,1678,77,86,122,kingsideAttack long mate mateIn3 middlegame,https://lichess.org/ATIXvVlH#63,,True,https://lichess.org/training/1eRk7
TqGnA,3r2k1/4bp1p/2Q3p1/1p6/p3P3/P4P2/BP1rK1PP/8 w - - 1 30,e2e3 e7g5 f3f4 d8d3,1678,74,83,103,endgame mate mateIn2 short,https://lichess.org/9sJgGy7J#59,,True,https://lichess.org/training/TqGnA
vhvAP,6rk/1p2pp1p/p2p4/3Pnp2/P4B2/1B2R2P/1PP3r1/2R3K1 w - - 0 28,g1f1 g2g1 f1f2 g8g2,1680,76,95,15483,mate mateIn2 middlegame short,https://lichess.org/yJXXqrvz#55,,True,https://lichess.org/training/vhvAP
tYuku,7k/p3p2p/2pp2r1/2P5/4P3/1P3pPr/PR3P2/3R2K1 w - - 1 34,d1d3 g6h6 d3f3 h3h1 g1g2 h6h2,1680,74,93,142,endgame long mate mateIn3 quietMove rookEndgame,https://lichess.org/ld9whKru#67,,True,https://lichess.org/training/tYuku
bEPLi,6rk/5p1p/p4N2/1pp5/8/P2PRP1P/1PP3r1/R5K1 w - - 0 31,g1f1 g2g1 f1f2 g8g2,1681,75,82,68,endgame mate mateIn2 short,https://lichess.org/5CZHzxnL#61,,True,https://lichess.org/training/bEPLi
epY0L,2r4r/5pkp/1p4p1/1q4P1/2p1pP2/pPQnP3/P6R/1K5R b - - 1 35,g7g8 c3h8 g8h8 h2h7 h8g8 h7h8 g8g7 h1h7,1681,74,94,3605,attraction kingsideAttack mate mateIn4 middlegame sacrifice veryLong,https://lichess.org/BzWWmXde/black#70,,True,https://lichess.org/training/epY0L
BuPiL,r2qr1k1/5p2/p2ppbpQ/1p1Pn1P1/8/7R/PPP5/2K2B1R b - - 0 22,f6g7 h6h8 g7h8 h3h8 g8g7 h1h7,1681,75,96,6025,kingsideAttack long mate mateIn3 middlegame sacrifice,https://lichess.org/eD9W4ka3/black#44,,True,https://lichess.org/training/BuPiL
s8qeb,3r3r/R7/1k1q1p2/1bp1pP2/1n1pP1p1/1Q1P4/1P4Bp/R6K b - - 5 30,b4d3 a1a6,1682,88,82,74,mate mateIn1 middlegame oneMove pin,https://lichess.org/axYt0rN7/black#60,,True,https://lichess.org/training/s8qeb
C6JYM,2b1K1k1/3r1r1p/2p3p1/p1P2p2/1p6/1R3N2/P1P5/2Q3R1 w - - 9 40,c1h6 f7e7,1683,84,84,1533,mate mateIn1 middlegame oneMove,https://lichess.org/lH5JfXIz#79,,True,https://lichess.org/training/C6JYM
w1xEW,8/pkp5/2p1Q1p1/3Pp3/8/3P1Q1R/Pr1q2r1/5RK1 w - - 2 36,g1h1 g2h2 h1g1 d2g2 f3g2 b2g2,1684,76,93,4049,exposedKing long mate mateIn3 middlegame,https://lichess.org/psH2LoJo#71,,True,https://lichess.org/training/w1xEW
fptKP,8/3R1RK1/4k3/r4p2/8/6p1/7r/8 b - - 0 44,a5a6 f7e7,1684,81,69,621,endgame master mate mateIn1 oneMove rookEndgame,https://lichess.org/JsGEpauk/black#88,,True,https://lichess.org/training/fptKP
zTNl3,1r4k1/2p3p1/2b1N3/pr2P1N1/5P2/2P5/P2R3P/2K3R1 w - - 5 31,g5h3 b5b1 c1c2 c6e4 d2d3 b8b2,1685,77,95,4948,exposedKing long mate mateIn3 middlegame pin,https://lichess.org/i937jdrI#61,,True,https://lichess.org/training/zTNl3
kI3eD,r2qkb2/3p1Rr1/p1b1p1Qp/8/4P3/2p1B1P1/PPP3BP/5RK1 b q - 0 18,g7g6 f7f8 e8e7 e3c5 d7d6 f1f7,1686,74,95,2989,long mate mateIn3 middlegame,https://lichess.org/Z2QQFBlH/black#36,Sicilian_Defense Sicilian_Defense_OKelly_Variation,True,https://lichess.org/training/kI3eD
NqW1x,1r4k1/2p1q1nR/p2pb1p1/6P1/3QPP2/8/Pp1KB3/7R b - - 1 27,b2b1q h7h8 g8f7 d4g7 f7g7 h1h7,1686,150,83,11,attraction exposedKing long mate mateIn3 middlegame sacrifice,https://lichess.org/tUlXeaGs/black#54,,True,https://lichess.org/training/NqW1x
H9SjM,2r5/5pRk/p3pq1p/1p3b2/4p2P/P1r5/2P3Q1/NK4R1 b - - 3 33,h7h8 g7g8 h8h7 g2g7 f6g7 g1g7,1686,76,94,3325,exposedKing long mate mateIn3 middlegame,https://lichess.org/1O4hxdn2/black#66,,True,https://lichess.org/training/H9SjM
xQ3Qs,3qr1k1/5pb1/b2pp1p1/p2pP1P1/1p1P1P1Q/3PBK1R/PPr3P1/7R b - - 1 24,a6d3 h4h8 g7h8 h3h8 g8g7 h1h7,1686,74,88,123,kingsideAttack long mate mateIn3 middlegame sacrifice,https://lichess.org/bygqNyEG/black#48,,True,https://lichess.org/training/xQ3Qs
jMleD,r5k1/2r1b1R1/p2p1p1p/1p3P1P/3qPB1N/3P4/PP2K3/6R1 b - - 0 31,g8f8 g7g8 f8f7 g1g7,1688,74,85,450,mate mateIn2 middlegame short,https://lichess.org/10KkSaMT/black#62,,True,https://lichess.org/training/jMleD
ARLEH,5r2/q4pkp/2pNpNp1/2p1P3/1rQ2PP1/P7/K6P/3R4 w - - 3 32,c4c2 a7a3 a2a3 f8a8 c2a4 a8a4,1688,76,97,3823,attraction long mate mateIn3 middlegame sacrifice,https://lichess.org/4pVFXGtP#63,,True,https://lichess.org/training/ARLEH
iW6NH,1k6/pR3R2/1p1p4/3r1pBr/4b2P/P3K3/8/8 b - - 2 41,b8c8 f7c7,1689,87,80,266,endgame mate mateIn1 oneMove,https://lichess.org/WmlH0XZ4/black#82,,True,https://lichess.org/training/iW6NH
XK9qe,1n5r/p1k5/2p5/2N1p1pr/2P2p2/1N3bP1/PP6/R4RK1 w - - 0 30,f1f3 h5h1 g1g2 h8h2,1690,76,85,224,mate mateIn2 middlegame short,https://lichess.org/Lm9DZoml#59,,True,https://lichess.org/training/XK9qe
IF5pr,2k3r1/Q6p/2q5/2R1P3/8/2P1B3/PP3RPP/3r2K1 w - - 3 29,f2f1 g8g2 g1h1 d1f1 e3g1 f1g1,1690,74,91,1289,deflection long mate mateIn3 middlegame,https://lichess.org/RC7ZNO8Q#57,,True,https://lichess.org/training/IF5pr
x2w1p,4r1k1/2r2p2/2qp2p1/p3b1P1/1p2P3/7Q/PPP4R/1K3B1R b - - 5 29,c6e4 h3h8 e5h8 h2h8 g8g7 h1h7,1690,75,96,7228,long mate mateIn3 middlegame sacrifice,https://lichess.org/qcqGZ6qA/black#58,,True,https://lichess.org/training/x2w1p
iq1RN,4kr2/8/1Qq5/4P3/P1pP2Bp/2P4P/6P1/RR3rK1 w - - 1 35,g1h2 c6g2 h2g2 f8f2,1691,75,84,408,attraction mate mateIn2 middlegame sacrifice short,https://lichess.org/APSW0iFf#69,,True,https://lichess.org/training/iq1RN
uzpVy,r3r1k1/5pb1/6p1/p1p3P1/P1b2p1Q/2q5/2N1P2R/2N2K1R b - - 1 34,c3c2 h4h8 g7h8 h2h8 g8g7 h1h7,1691,74,95,5633,long mate mateIn3 middlegame sacrifice,https://lichess.org/7Sc8AqVq/black#68,,True,https://lichess.org/training/uzpVy
PhzzA,2r3k1/3p1p2/5PpR/5p2/p1r2P2/Kp6/1P6/6R1 b - - 1 38,c8c6 g1h1 c6f6 h6h8 g8g7 h1h7,1691,75,96,3318,endgame long mate mateIn3 quietMove rookEndgame,https://lichess.org/gtGrxDak/black#76,,True,https://lichess.org/training/PhzzA
t617A,3r4/7R/3rp2p/5p1k/1P4p1/6P1/5PK1/7R b - - 1 37,h5g5 h7h6 f5f4 h1h5,1691,75,93,164,endgame mate mateIn2 rookEndgame short,https://lichess.org/wfVjBVrb/black#74,,True,https://lichess.org/training/t617A
gafYr,R3bk2/7R/5N2/4pp2/8/4PP1K/1Pr3rP/8 w - - 4 29,f6e8 g2h2 h3g3 c2g2,1692,74,93,2478,endgame mate mateIn2 short,https://lichess.org/wAJQIsCY#57,,True,https://lichess.org/training/gafYr
y49VM,5r2/1pp3R1/p1n2k1P/3p1P2/3P3n/P1P4r/1PB5/2K3R1 b - - 0 39,h4f5 g1g6,1692,77,80,225,mate mateIn1 middlegame oneMove,https://lichess.org/uCmiVoZH/black#78,,True,https://lichess.org/training/y49VM
FqY6v,r7/p4kpR/1p3pn1/3p1b2/5P2/B5P1/PP4r1/3KR3 b - - 0 26,g6f4 e1e7 f7g8 e7g7,1693,76,80,140,mate mateIn2 middlegame short,https://lichess.org/2LxZGp15/black#52,,True,https://lichess.org/training/FqY6v
WAHe2,r6r/pb3R2/1p1pk3/4p3/6P1/3Bb3/PPP3P1/1K3R2 b - - 0 28,b7g2 d3c4 g2d5 f1f6,1693,74,98,14126,mate mateIn2 middlegame short,https://lichess.org/xUuV6eSw/black#56,,True,https://lichess.org/training/WAHe2
JFfQz,5rkn/pp3q2/2pPN2R/P1P1P1p1/4Q1P1/2P1B2P/5rK1/8 w - - 1 37,g2g3 f7f3 e4f3 f8f3,1694,75,95,3449,mate mateIn2 middlegame short,https://lichess.org/R8bOU51e#73,,True,https://lichess.org/training/JFfQz
AAUMp,7r/1p2Rpk1/p2PRn1r/2P4q/P1Q3p1/6P1/1B3PB1/6K1 w - - 1 42,e6e1 h5h1 g2h1 h6h1 g1g2 h8h2,1695,75,94,819,kingsideAttack long mate mateIn3 middlegame sacrifice,https://lichess.org/chhBvuUd#83,,True,https://lichess.org/training/AAUMp
iaPhF,7r/1p4p1/pk1B4/3R2p1/2P1pP2/1P3qPr/P1NQ1PKP/7R w - - 1 30,g2g1 f3h1 g1h1 h3h2 h1g1 h2h1 g1g2 h8h2,1696,74,97,9005,attraction kingsideAttack mate mateIn4 middlegame sacrifice veryLong,https://lichess.org/QQwUNjln#59,,True,https://lichess.org/training/iaPhF
3Xs7g,r1b5/pp1n1R2/n1p3k1/4PR2/3b2PP/8/PP2P1K1/8 b - - 1 30,d7e5 f5f6,1696,152,19,67,master mate mateIn1 middlegame oneMove,https://lichess.org/19VFuVTw/black#60,,True,https://lichess.org/training/3Xs7g
s7YuQ,2r4k/pbq5/1p2pp1R/4Np2/2Pp4/7R/PP5P/2K5 b - - 0 25,h8g8 h6h8 g8g7 h3h7,1697,75,91,1649,endgame mate mateIn2 short,https://lichess.org/KrsYZhDy/black#50,,True,https://lichess.org/training/s7YuQ
FF762,2k3r1/ppp5/8/8/4p3/4B1r1/PPP3K1/3RR3 w - - 0 28,g2f2 g3f3 f2e2 g8g2 e3f2 g2f2,1699,106,79,23,endgame exposedKing long mate mateIn3,https://lichess.org/69nwbIv3#55,,True,https://lichess.org/training/FF762
5mjXd,1r6/4p1k1/p4p1r/2pPqPR1/2Pb4/6RP/3Q2B1/7K b - - 0 45,g7f8 g5g8 f8f7 g3g7,1701,76,87,308,mate mateIn2 middlegame short,https://lichess.org/XhIayt5A/black#90,,True,https://lichess.org/training/5mjXd
E2dKd,3Rnr1k/p4qpp/8/2PB4/P2Q4/2B3PP/8/R4rK1 w - - 2 30,g1g2 f7f2 d4f2 f8f2,1701,75,95,8352,mate mateIn2 middlegame short,https://lichess.org/U0xqEHke#59,,True,https://lichess.org/training/E2dKd
pdGOO,6k1/7p/pp1p2p1/3P2B1/2P5/PB4PK/4r2r/2R5 w - - 5 32,h3g4 h7h5 g4f3 h2f2,1704,85,76,33,endgame mate mateIn2 short,https://lichess.org/dTsUVKri#63,,True,https://lichess.org/training/pdGOO
QOUBy,8/6pp/4R3/5k2/2p5/r1P1R1PP/2r2P2/6K1 b - - 2 33,c2c3 e3e5,1704,76,79,206,endgame master mate mateIn1 oneMove rookEndgame,https://lichess.org/tLXxxgM1/black#66,,True,https://lichess.org/training/QOUBy
fNptT,r3R3/P1p5/2pk4/3b4/1PpB4/2Pp2r1/8/4RK2 b - - 1 38,g3g8 d4c5 d6d7 e1e7,1704,75,99,4401,endgame mate mateIn2 short,https://lichess.org/mNR3fmNq/black#76,,True,https://lichess.org/training/fNptT
k93PD,7r/1Rkp2pp/r1p1p3/p1pnPp2/P4P2/6P1/2P4P/1R4K1 b - - 1 25,c7c8 b7b8 c8c7 b1b7,1705,75,75,151,endgame mate mateIn2 queensideAttack short,https://lichess.org/L8eCk3JX/black#50,,True,https://lichess.org/training/k93PD
5d6Rf,2r5/1p6/1p1p3p/1P1Pp1p1/1R2PpPn/2kP1P1N/r6P/1R1K4 b - - 8 32,h4f3 b1b3,1705,90,67,250,endgame mate mateIn1 oneMove,https://lichess.org/3JLKVfyw/black#64,,True,https://lichess.org/training/5d6Rf
fagO5,r5kr/2p2p1p/3p1Qp1/2qPn1P1/pp2P3/7R/P1P1B3/1K5R b - - 1 28,b4b3 f6h8 g8h8 h3h7 h8g8 h7h8 g8g7 h1h7,1705,75,94,202,attraction kingsideAttack mate mateIn4 middlegame sacrifice veryLong,https://lichess.org/zlVtuPuj/black#56,,True,https://lichess.org/training/fagO5
xDzQZ,r5k1/rppQq2p/3bpp2/8/2P5/1P6/2P2PBP/BK1R3R w - - 1 23,d7e7 a7a1 b1b2 d6e5 d1d4 e5d4 c2c3 a8a2,1706,75,94,709,master mate mateIn4 middlegame queensideAttack veryLong,https://lichess.org/YznE43Y8#45,,True,https://lichess.org/training/xDzQZ
WytgV,1kb5/1P3rp1/3p3p/1B1p4/1Q1P4/2R1P3/1B2Kr2/7R w - - 2 38,e2d3 c8f5 e3e4 f5e4 d3e3 f7f3,1706,85,52,24,fork long mate mateIn3 middlegame,https://lichess.org/F1GYiZMo#75,,True,https://lichess.org/training/WytgV
MmKx2,q1k4r/p1p1n2r/Pp3R2/3P1p2/R2P2p1/1Q2P1P1/1P1N2P1/6K1 w - - 3 27,d5d6 h7h1 g1f2 a8g2 f2g2 h8h2,1706,79,93,7954,attraction kingsideAttack long mate mateIn3 middlegame sacrifice,https://lichess.org/EgVUF7UT#53,,True,https://lichess.org/training/MmKx2
nb4VV,1k4rr/2p1q3/1p1p4/1P1bp3/Q7/2PPbN2/R5Pp/R6K b - - 5 33,e7g7 a4a8 d5a8 a2a8 b8b7 a1a7,1707,75,96,9494,long mate mateIn3 middlegame queensideAttack sacrifice,https://lichess.org/K1SBF3KK/black#66,,True,https://lichess.org/training/nb4VV
UBaGe,6k1/p1pN2pp/8/3p4/1n1P4/1B6/Pr3rPP/2KR3R w - - 2 25,d7c5 b4a2 b3a2 f2c2,1707,88,85,43,mate mateIn2 middlegame queensideAttack sacrifice short,https://lichess.org/i45QujrF#49,,True,https://lichess.org/training/UBaGe
ORRK5,r1b1R1R1/1p3kpp/1n3p2/1N2p2P/8/p1P5/5PP1/6K1 b - - 1 28,f6f5 g8f8,1708,85,84,64,endgame mate mateIn1 oneMove,https://lichess.org/1nAcTOto/black#56,,True,https://lichess.org/training/ORRK5
PLv1m,6k1/p3R1pp/bbp2p2/8/2rr4/5B2/PP3PPP/4R1K1 b - - 4 27,d4d2 e7e8 g8f7 f3h5 g7g6 e1e7,1708,77,83,345,long mate mateIn3 middlegame,https://lichess.org/y62yA8n9/black#54,,True,https://lichess.org/training/PLv1m
VqTNT,8/5pkp/p2Q2p1/3P4/3N1P2/1b1p4/1r4rP/2K4R w - - 0 33,d4b3 g2c2 c1d1 b2b1 b3c1 b1c1,1709,76,95,14043,endgame exposedKing fork long mate mateIn3,https://lichess.org/3GoPRnlX#65,,True,https://lichess.org/training/VqTNT
kWhSj,6k1/1b2q1b1/4p1r1/pp1p1pPQ/2pPnP2/P1P1P2R/1P1B4/2K4R b - - 6 34,e7f7 h5h8 g7h8 h3h8 g8g7 h1h7,1709,74,93,2401,exposedKing kingsideAttack long mate mateIn3 middlegame sacrifice,https://lichess.org/hxuchBo9/black#68,,True,https://lichess.org/training/kWhSj
YrdsB,8/6bR/1KN2pk1/1p4p1/6P1/2P2r2/1r6/7R b - - 1 40,g7f8 c6e7 f8e7 h1h6,1710,76,89,230,endgame mate mateIn2 sacrifice short,https://lichess.org/kJ6LIC0s/black#80,,True,https://lichess.org/training/YrdsB
fhyGe,2r3k1/1p2P1pp/pp6/1b1PQ1PP/5p2/P7/1PrK4/5R1R w - - 1 30,d2d1 c2c1 d1d2 c8c2,1711,75,96,14045,endgame mate mateIn2 short,https://lichess.org/4sZiRxD2#59,,True,https://lichess.org/training/fhyGe
D0xRq,3nrRk1/1p6/4r1pp/3p2q1/1ppP4/2P4P/PP3QP1/5R1K b - - 1 26,g8g7 f2f7 d8f7 f1f7,1712,77,95,10443,mate mateIn2 middlegame sacrifice short,https://lichess.org/j7j9IuJ4/black#52,,True,https://lichess.org/training/D0xRq
bFk2l,8/8/R5k1/4Kp2/6p1/p3P3/r4r2/7R b - - 1 38,g6g5 h1h6 g4g3 a6g6,1712,77,96,13187,endgame mate mateIn2 quietMove rookEndgame short,https://lichess.org/5Ia7Ws1Y/black#76,,True,https://lichess.org/training/bFk2l
2yHCA,1r1r2k1/2q1npb1/p2pp1p1/6P1/bp2PP1Q/1N5R/PPP1B3/1K5R b - - 1 24,d8c8 h4h8 g7h8 h3h8 g8g7 h1h7,1713,74,95,12612,kingsideAttack long mate mateIn3 middlegame sacrifice,https://lichess.org/0LGqRopt/black#48,,True,https://lichess.org/training/2yHCA
UgvFQ,4rkR1/8/2p1rbR1/1p6/p3q3/P1P2Q1P/1P3P2/7K b - - 1 37,f8f7 g6g7,1714,78,90,509,master mate mateIn1 middlegame oneMove pin,https://lichess.org/eamfPs6W/black#74,,True,https://lichess.org/training/UgvFQ
Yaeux,3qr1k1/1p3pb1/2p1r1p1/2P3P1/1p1pBP2/P2P3Q/5K1R/7R b - - 1 33,b4a3 h3h8 g7h8 h2h8 g8g7 h1h7,1714,74,92,1094,kingsideAttack long mate mateIn3 middlegame sacrifice,https://lichess.org/B9ldMuu0/black#66,,True,https://lichess.org/training/Yaeux
bfbNS,2k4r/p4pp1/bppp3r/4P2q/6p1/1P4P1/P1PQNPB1/3RR1K1 w - - 3 24,c2c4 h5h1 g2h1 h6h1 g1g2 h8h2,1715,76,93,1985,kingsideAttack long mate mateIn3 middlegame sacrifice,https://lichess.org/R3LGIXkb#47,,True,https://lichess.org/training/bfbNS
n6QtB,6n1/6Rk/7P/3ppP2/8/1qp5/8/K1R5 b - - 1 62,h7h6 g7g6 h6h7 c1h1 g8h6 h1h6,1716,75,97,16824,endgame exposedKing fork long master mate mateIn3,https://lichess.org/4JqM7aBp/black#124,,True,https://lichess.org/training/n6QtB
tzvuK,7r/pp3kNB/2p2P1K/4pb2/2P3r1/3PR1P1/PP6/R7 w - - 3 35,g7f5 g4g6 h6h5 h8h7 f5h6 h7h6,1717,77,96,13077,deflection endgame long mate mateIn3 pin,https://lichess.org/ty9RCUQA#69,,True,https://lichess.org/training/tzvuK
BmVZX,8/p3R2R/1r5k/2pB2pp/3b3P/3P2P1/P1q2P1K/8 b - - 1 35,h6g6 d5e4 g6f6 h7f7,1717,76,92,3041,endgame mate mateIn2 short,https://lichess.org/kkkf1CA8/black#70,,True,https://lichess.org/training/BmVZX
UyvPd,5r2/p5k1/3p4/6pp/3P4/2N1P1Kp/P4r2/R2R4 w - - 0 38,c3e4 f8f3,1719,84,79,520,endgame mate mateIn1 oneMove,https://lichess.org/PfzGpoq8#75,,True,https://lichess.org/training/UyvPd
sC1Rh,6r1/4P2K/8/6r1/P3Q3/1P2b2P/3k2P1/8 w - - 1 46,e7e8q g5g7,1719,76,79,251,endgame mate mateIn1 oneMove,https://lichess.org/a2kR2A1k#91,,True,https://lichess.org/training/sC1Rh
GB13Y,4r2k/2R2Qp1/3p1b1p/1p6/1P6/P3rP2/6PP/3R2K1 w - - 1 25,d1d6 e3e1 g1f2 f6h4 g2g3 e8e2,1720,75,97,6057,endgame long mate mateIn3,https://lichess.org/rLa0Jdxe#49,,True,https://lichess.org/training/GB13Y
i742k,3k3r/ppp5/8/4pBpr/3n4/2R2PR1/P1P2P1P/3Q3K w - - 3 33,c3d3 h5h2 h1g1 h2h1 g1g2 h8h2,1721,75,96,4533,long mate mateIn3 middlegame,https://lichess.org/I52L53d8#65,,True,https://lichess.org/training/i742k
QwyEP,6r1/3Qbk2/6r1/p1PR4/3Pp3/P3P2P/5qPB/6RK w - - 5 34,h2d6 f2g1 h1g1 g6g2 g1f1 g2g1 f1f2 g8g2,1721,76,94,3516,attraction mate mateIn4 middlegame sacrifice veryLong,https://lichess.org/3QZ2CDoU#67,,True,https://lichess.org/training/QwyEP
hzxgm,8/3RRp2/2K2kp1/1P5p/5P1P/1r6/8/1r6 b - - 10 49,b3b5 e7f7 f6e6 d7e7,1722,153,80,12,endgame mate mateIn2 rookEndgame short,https://lichess.org/7YrAdcX1/black#98,,True,https://lichess.org/training/hzxgm
Z2zPR,7r/5p2/p6p/8/4R1N1/5kPP/1b4r1/1K2R3 b - - 0 36,h8b8 e1e3,1722,85,57,329,endgame hookMate mate mateIn1 oneMove,https://lichess.org/t772Oben/black#72,,True,https://lichess.org/training/Z2zPR
5xaoU,7r/p1pk1pp1/2p3b1/3p4/Q3p1P1/1PN1P1qr/P1PP1R1P/R5K1 w - - 0 21,h2g3 h3h1 g1g2 h8h2,1723,109,33,13,kingsideAttack mate mateIn2 middlegame short,https://lichess.org/Jr1pCwDA#41,,True,https://lichess.org/training/5xaoU
1u3lX,1R1bk1r1/5p2/3R3p/4p3/4P3/1P3N1n/1Pr3P1/2B3K1 w - - 1 24,g1h2 c2g2 h2h3 g8g3,1724,75,92,290,mate mateIn2 middlegame sacrifice short,https://lichess.org/a9LclNqK#47,,True,https://lichess.org/training/1u3lX
UQIOg,4k1nr/5p1p/p2Rp3/1b4p1/1pQ5/4B3/PP3P1q/1K1R4 b k - 0 26,b5c4 d6d8 e8e7 e3g5 f7f6 d1d7,1724,74,95,6988,long mate mateIn3 middlegame,https://lichess.org/g9ZjftMs/black#52,,True,https://lichess.org/training/UQIOg
K61Xp,6r1/1PP5/3p1k2/P3pp2/8/3BbP2/6rP/5K2 w - - 0 39,c7c8q g2f2 f1e1 g8g1 d3f1 g1f1,1724,76,95,2248,endgame exposedKing long master mate mateIn3,https://lichess.org/CuXjhxzC#77,,True,https://lichess.org/training/K61Xp
j8pwP,4r1k1/p3r1p1/2Q2b1p/8/3p4/P2R1P2/1P4PP/6K1 w - - 7 30,b2b4 e7e1 g1f2 f6h4 g2g3 e8e2,1725,75,87,99,endgame long mate mateIn3,https://lichess.org/LnHwL35A#59,,True,https://lichess.org/training/j8pwP
YWjpk,2k4r/p6r/2p1p3/2Q3B1/2P1P1p1/5qP1/PP3PKP/R6R w - - 1 25,g2g1 f3h1 g1h1 h7h2 h1g1 h2h1 g1g2 h8h2,1725,75,89,454,attraction kingsideAttack mate mateIn4 middlegame sacrifice veryLong,https://lichess.org/BTuf7phy#49,,True,https://lichess.org/training/YWjpk
TQKLu,r4r1R/1b2bpk1/1p2Nnp1/6q1/p1P5/1P6/PBB2PP1/1K5R b - - 0 26,f7e6 h1h7,1726,74,98,919,master mate mateIn1 middlegame oneMove pin,https://lichess.org/83hNRpEU/black#52,,True,https://lichess.org/training/TQKLu
rSbzj,3rr1k1/p2b1p2/1p1p1Pp1/2p1p3/2P1P3/2PP1B2/P4K1R/R7 b - - 3 23,e8e6 a1h1 e6f6 h2h8 g8g7 h1h7,1726,75,91,778,endgame long mate mateIn3 quietMove,https://lichess.org/RaVJ9TiS/black#46,,True,https://lichess.org/training/rSbzj
dGfow,5R1R/4K1k1/2p3r1/8/1pr4p/8/8/8 b - - 3 61,c4f4 f8g8,1726,78,91,11720,endgame mate mateIn1 oneMove rookEndgame,https://lichess.org/Mb88n3Ly/black#122,,True,https://lichess.org/training/dGfow
fgevR,7r/1pk5/1pnp3r/5Qpq/2P3p1/6P1/PP3PB1/R1B1R1K1 w - - 1 24,c1g5 h5h1 g2h1 h6h1 g1g2 h8h2,1726,75,96,3940,kingsideAttack long mate mateIn3 middlegame sacrifice,https://lichess.org/tzvrmrWa#47,,True,https://lichess.org/training/fgevR
JWwGp,2r3k1/5pb1/6p1/6P1/7Q/pPr4R/P1P4R/1KBq4 b - - 6 36,c3c2 h4h8 g7h8 h3h8 g8g7 h2h7,1727,76,100,73,long mate mateIn3 middlegame sacrifice,https://lichess.org/EU50FEYb/black#72,,True,https://lichess.org/training/JWwGp
0SK5W,7r/1p3pkr/4b1p1/2Pp4/PP1Pp1B1/4N1q1/R4R1P/3Q2K1 w - - 0 29,h2g3 h7h1 g1g2 h8h2,1728,86,87,33,kingsideAttack mate mateIn2 middlegame short,https://lichess.org/wV09lTYR#57,,True,https://lichess.org/training/0SK5W
NVLtk,4RR2/1p4pk/p6p/2p5/6KP/Pq6/8/8 b - - 5 38,b3a3 f8h8 h7g6 h4h5 g6f7 h8f8,1728,78,93,1964,endgame long mate mateIn3 queenRookEndgame,https://lichess.org/vBT4yNPC/black#76,,True,https://lichess.org/training/NVLtk
FhuNd,r3n1R1/1p3p1k/p3b2p/2p5/2P1N2P/3r1P2/PP6/1K4R1 b - - 3 28,a8d8 e4f6 e8f6 g1g7,1728,169,73,19,mate mateIn2 middlegame sacrifice short,https://lichess.org/FjXRFPE3/black#56,,True,https://lichess.org/training/FhuNd
ZcUSw,1r3rk1/3q1pb1/1p4p1/3pPpP1/b1pP3Q/4PB1R/2p1K1P1/7R b - - 1 32,f8c8 h4h8 g7h8 h3h8 g8g7 h1h7,1729,76,83,62,kingsideAttack long mate mateIn3 middlegame sacrifice,https://lichess.org/4pjW3O61/black#64,,True,https://lichess.org/training/ZcUSw
ksOu6,r5k1/7R/p3p1pR/1p4Pn/4b3/1N3r2/PPP5/2K5 b - - 0 23,f3f7 h7h8 g8g7 h6h7,1730,75,93,892,mate mateIn2 middlegame short,https://lichess.org/dbtlRrpZ/black#46,,True,https://lichess.org/training/ksOu6
aszFq,8/ppp2k1p/4b1p1/4P3/5P2/B2R2P1/P1P1R1KP/5r1r w - - 15 30,e2d2 h1g1,1730,108,66,218,endgame master mate mateIn1 oneMove,https://lichess.org/eY1CMzq1#59,,True,https://lichess.org/training/aszFq
ulZLr,2r3kr/2q2p1p/p3pQp1/1p1p2P1/3P1P2/5PP1/PP5R/1K5R b - - 1 27,a6a5 f6h8 g8h8 h2h7 h8g8 h7h8 g8g7 h1h7,1730,74,100,358,attraction endgame kingsideAttack mate mateIn4 sacrifice veryLong,https://lichess.org/qNgaDdoU/black#54,,True,https://lichess.org/training/ulZLr
s8KvF,1q4k1/5r1p/1p2p1Q1/p2bP3/P6R/1P6/1KPB3R/5r2 b - - 0 34,h7g6 h4h8 g8g7 h2h7,1731,82,82,65,mate mateIn2 middlegame short,https://lichess.org/OzpRiFrA/black#68,,True,https://lichess.org/training/s8KvF
iRgMh,7r/3R1p2/2p2pkr/p3b3/4p1P1/2B1P1P1/PP3P2/2R3K1 w - - 4 32,c3e5 h6h1 g1g2 h8h2,1731,75,85,1081,endgame mate mateIn2 short,https://lichess.org/UK63joRs#63,,True,https://lichess.org/training/iRgMh
5F6EV,rq4k1/1pb2r1p/2p1p1Q1/2npP3/5P2/pPP1P1BR/P2N2P1/2K4R b - - 0 21,h7g6 h3h8 g8g7 h1h7,1732,140,45,21,kingsideAttack mate mateIn2 middlegame short,https://lichess.org/d1tAtnma/black#42,,True,https://lichess.org/training/5F6EV
mX6dy,5r1k/3N2R1/pp5p/3p4/P4r2/7P/5n1K/6R1 b - - 4 35,f8f7 g7g8 h8h7 d7f8 f7f8 g1g7,1734,76,92,2417,endgame exposedKing long mate mateIn3 sacrifice,https://lichess.org/V6NJ21Gk/black#70,,True,https://lichess.org/training/mX6dy
2SX7C,7k/p6p/7r/7r/3pN3/P2P1nP1/2P2R1P/1R5K w - - 5 39,f2f3 h5h2 h1g1 h2h1 g1g2 h6h2,1734,75,90,1526,endgame long mate mateIn3,https://lichess.org/6v3gm6LV#77,,True,https://lichess.org/training/2SX7C
wH14n,5r1k/6q1/2P5/1p1QN1Pp/pR1P3P/P5K1/5r2/8 w - - 1 59,d5d7 g7e5 d4e5 f8f3,1734,76,80,289,endgame mate mateIn2 sacrifice short,https://lichess.org/Tub5mc1A#117,,True,https://lichess.org/training/wH14n
GVIbn,r4r2/1pR2B2/k3P1p1/pR1p4/P3b2p/8/1P4PP/7K b - - 3 32,h4h3 c7b7 h3g2 h1g1 d5d4 b5b6,1734,77,77,68,endgame long mate mateIn3,https://lichess.org/g1bx3o4D/black#64,,True,https://lichess.org/training/GVIbn
Fxl4y,r4n1r/pp5p/5p1R/2pP1pk1/2P1pp1R/2P5/P4KP1/8 b - - 1 33,e4e3 f2f3 e3e2 h4h5,1737,75,95,3485,defensiveMove endgame mate mateIn2 short,https://lichess.org/wRFb4F4W/black#66,,True,https://lichess.org/training/Fxl4y
axFqy,6k1/4R3/1ppp3B/8/1Pb3P1/r4p1P/4rP2/4R2K b - - 0 32,e2f2 e7g7 g8h8 e1e8 c4g8 e8g8,1737,101,94,70,endgame exposedKing long mate mateIn3,https://lichess.org/3Jk2K01l/black#64,,True,https://lichess.org/training/axFqy
6gafs,r3r1k1/pp3pb1/2n3p1/2p2qP1/2Bp3Q/2P2P2/P1P2P1R/2K4R b - - 7 19,d4c3 h4h8 g7h8 h2h8 g8g7 h1h7,1737,75,95,4686,kingsideAttack long mate mateIn3 middlegame sacrifice,https://lichess.org/Fqa8KbyM/black#38,,True,https://lichess.org/training/6gafs
xRifS,6k1/2q2pb1/p3p1p1/1pp1P1P1/5P1Q/1Pr3r1/P2N1K1R/7R b - - 7 35,c5c4 h4h8 g7h8 h2h8 g8g7 h1h7,1737,76,89,1702,kingsideAttack long mate mateIn3 middlegame sacrifice,https://lichess.org/QDZjjC7s/black#70,,True,https://lichess.org/training/xRifS
TKNDr,3r1kQ1/1p3p2/1n6/2q1P2R/p4P2/3B4/PP3n2/1K5R b - - 0 29,f8g8 h5h8 g8g7 h1h7,1739,74,87,857,mate mateIn2 middlegame short,https://lichess.org/kzJRUW7b/black#58,,True,https://lichess.org/training/TKNDr
SoRSU,r1q3kr/ppp2p1p/3pbQp1/6P1/2P1P3/8/PPP4R/2K4R b - - 4 25,c8d8 f6h8 g8h8 h2h7 h8g8 h7h8 g8g7 h1h7,1739,74,94,2147,attraction kingsideAttack mate mateIn4 middlegame sacrifice veryLong,https://lichess.org/Mym5Ss4r/black#50,,True,https://lichess.org/training/SoRSU
yMH0c,r5k1/1p3pp1/r6p/q2pR2P/1p1P4/1P4P1/1BQ2P2/1K1R4 w - - 9 37,d1e1 a5a1 b2a1 a6a1 b1b2 a8a2,1739,74,96,14072,exposedKing long mate mateIn3 middlegame queensideAttack sacrifice,https://lichess.org/UPlRct3e#73,,True,https://lichess.org/training/yMH0c
jMwCh,rq2r1k1/2pb1p2/2nppbpQ/6P1/p2PP3/1p1B1P2/PPP1N2R/1NK4R b - - 0 21,f6g7 h6h8 g7h8 h2h8 g8g7 h1h7,1740,73,96,12171,kingsideAttack long mate mateIn3 middlegame sacrifice,https://lichess.org/N9GopVbO/black#42,,True,https://lichess.org/training/jMwCh
dkY59,7r/p1p3rP/2R1kp2/4p3/3p4/P2P4/KP6/7R b - - 4 38,e6d5 h1c1 e5e4 c1c5,1741,74,95,12907,endgame mate mateIn2 quietMove rookEndgame short,https://lichess.org/t1hkIOyk/black#76,,True,https://lichess.org/training/dkY59
xbDE8,2r3k1/p3br2/bp2QqpR/8/8/4B3/PPP5/2K4R b - - 1 27,f6e6 h6h8 g8g7 e3d4 e6e5 d4e5 f7f6 h1h7,1741,75,93,2166,exposedKing mate mateIn4 middlegame veryLong,https://lichess.org/ra6dOg9j/black#54,,True,https://lichess.org/training/xbDE8
7L3j4,8/pR6/8/4n2r/r6k/P4PR1/5K1P/8 b - - 0 33,a4a3 b7b4 e5g4 b4g4,1742,90,31,33,endgame mate mateIn2 short,https://lichess.org/u187IjiR/black#66,,True,https://lichess.org/training/7L3j4
lbYQ1,6k1/pR4pp/2p2P2/8/5PK1/3r2rP/PP4P1/5R2 w - - 2 26,g4f5 g7g6 f5e4 g3e3,1743,75,95,3206,endgame mate mateIn2 rookEndgame short,https://lichess.org/OGy34t79#51,,True,https://lichess.org/training/lbYQ1
PJJJi,1k5r/ppp5/7r/4n2q/4PQ2/6P1/PPP2PB1/R4RK1 w - - 7 26,f1d1 h5h1 g2h1 h6h1 g1g2 h8h2,1743,75,97,8144,long mate mateIn3 middlegame sacrifice,https://lichess.org/t7eA6OyN#51,,True,https://lichess.org/training/PJJJi
JzHKq,8/5pk1/R7/3r2p1/4K3/1PR2P2/2Pr4/8 w - - 3 44,a6c6 f7f5 e4e3 f5f4 e3e4 d2d4,1743,73,96,15139,endgame long mate mateIn3 rookEndgame,https://lichess.org/qM1dxSmV#87,,True,https://lichess.org/training/JzHKq
TVOkC,r2r2k1/5pb1/1p4p1/2p1q1P1/p1PnPBBQ/3P3R/P5K1/7R b - - 1 39,e5f4 h4h8 g7h8 h3h8 g8g7 h1h7,1746,75,96,5344,kingsideAttack long mate mateIn3 middlegame sacrifice,https://lichess.org/MW66czOL/black#78,,True,https://lichess.org/training/TVOkC
9zrJ8,2k2r2/8/2p4p/p1b3p1/P5P1/3Q2KP/1P3r2/R7 w - - 0 33,a1d1 c5d6 d3d6 f8f3,1747,74,89,2423,endgame mate mateIn2 sacrifice short,https://lichess.org/SQWTNLgM#65,,True,https://lichess.org/training/9zrJ8
zSt4K,1rb3k1/2ppnR2/pb5p/1p6/4B2q/P1N5/1P4PP/5R1K b - - 1 28,d7d5 f7f8 g8g7 f1f7,1747,74,87,139,kingsideAttack mate mateIn2 middlegame short,https://lichess.org/o63lyCvG/black#56,,True,https://lichess.org/training/zSt4K
7MVRP,rn1kRr2/pp6/2pp1p1b/3q1P1p/3BQ3/P6P/6P1/4R1K1 b - - 5 35,d8c7 e4e7 b8d7 e7d7 c7d7 e1e7,1747,74,96,17281,attraction long mate mateIn3 middlegame sacrifice,https://lichess.org/ZLaX02LV/black#70,,True,https://lichess.org/training/7MVRP
kmVsz,3q2kr/pp3p1p/3p2p1/2rP2P1/3Q1P2/7R/PP6/1K5R b - - 0 25,d8c8 d4h8 g8h8 h3h7 h8g8 h7h8 g8g7 h1h7,1747,75,97,3400,attraction endgame mate mateIn4 sacrifice veryLong,https://lichess.org/PphY6ESa/black#50,,True,https://lichess.org/training/kmVsz
anXGc,2k4r/ppp2pp1/2p5/5P2/N2P2p1/2P1P1Pr/PP5P/R2Q2Kq w - - 0 20,g1h1 h3h2 h1g1 h2h1 g1g2 h8h2,1748,76,70,52,endgame kingsideAttack long mate mateIn3,https://lichess.org/20KNYDUy#39,,True,https://lichess.org/training/anXGc
wFpcs,2r3b1/5pp1/R1k1p2p/4r2P/2p1P3/1pP5/4B1P1/3R2K1 b - - 3 37,c6b5 d1a1 b3b2 a1a5,1749,73,95,13769,endgame mate mateIn2 quietMove short,https://lichess.org/aOkXIcB1/black#74,,True,https://lichess.org/training/wFpcs
0mnoT,r2r3R/1b3k1Q/p1pp1p2/1p2nP2/4P1q1/P1P5/2P5/2K4R b - - 3 28,g4g7 h7g7 f7g7 h1h7,1749,75,82,234,attraction mate mateIn2 middlegame short,https://lichess.org/72eiJhwb/black#56,,True,https://lichess.org/training/0mnoT
ylis7,2kr4/p1p1p3/2p3p1/4Pb2/4pQP1/2P1P2P/PP3P2/3rK2R w - - 0 25,e1e2 d8d2,1751,170,50,15,endgame master mate mateIn1 oneMove,https://lichess.org/02bTJzyT#49,,True,https://lichess.org/training/ylis7
lFMtY,6k1/p6r/3N3r/1p1R1p1q/2P3p1/P3P1P1/5QB1/4R1K1 w - - 4 38,d5f5 h5h1 g2h1 h6h1 g1g2 h7h2,1751,74,85,537,exposedKing long mate mateIn3 middlegame sacrifice,https://lichess.org/LYdq7Q6z#75,,True,https://lichess.org/training/lFMtY
wNRcg,2k3r1/pp3R2/4p1r1/2P4p/1P1pP2q/4n2P/3Q2P1/1R3B1K w - - 1 29,d2d4 h4h3 g2h3 g6g1 h1h2 e3f1 f7f1 g8g2,1752,75,93,1355,mate mateIn4 middlegame sacrifice veryLong,https://lichess.org/lD9iYHvF#57,,True,https://lichess.org/training/wNRcg
oUSLk,8/8/p3rp2/1bR3p1/5P1k/6R1/6PK/8 b - - 4 44,g5f4 g3h3 h4g4 c5h5 f4f3 h3h4,1752,75,95,13353,endgame long mate mateIn3,https://lichess.org/iL16A9B9/black#88,,True,https://lichess.org/training/oUSLk
EuyZW,8/8/p1R5/1P3R2/1b1k3r/1B1P4/PPK1rP2/8 w - - 1 38,c2d1 e2d2 d1c1 h4h1 b3d1 h1d1,1752,75,89,264,endgame exposedKing long mate mateIn3,https://lichess.org/BrfqN7Ef#75,,True,https://lichess.org/training/EuyZW
b01zl,2k4r/1p3pp1/2p1b3/p6r/1P3B2/1Q4P1/1P2PR2/2R3K1 w - - 1 24,b3c3 h5h1 g1g2 e6d5 e2e4 d5e4 f2f3 h8h2,1753,74,94,1100,exposedKing mate mateIn4 middlegame pin veryLong,https://lichess.org/X39P4SxD#47,,True,https://lichess.org/training/b01zl
Launv,2r3kr/pp3p1p/5Qp1/6P1/nq1pB1P1/1P1P3R/P4P2/1K5R b - - 0 27,b4c3 f6h8 g8h8 h3h7 h8g8 h7h8 g8g7 h1h7,1753,73,96,17980,attraction kingsideAttack mate mateIn4 middlegame sacrifice veryLong,https://lichess.org/8bmBDmiR/black#54,,True,https://lichess.org/training/Launv
IbSrh,5k2/8/3N3p/5Pn1/8/6R1/r6r/5RK1 w - - 0 44,f5f6 g5h3 g3h3 a2g2,1753,74,94,13824,endgame master mate mateIn2 sacrifice short,https://lichess.org/T58OXaeq#87,,True,https://lichess.org/training/IbSrh
ADYyj,7r/N4kp1/P4p2/8/R1N3p1/2P1PPP1/6Kr/1R6 w - - 1 36,g2g1 h2h1 g1g2 h8h2,1753,75,99,833,endgame mate mateIn2 short,https://lichess.org/QDTuAtSl#71,,True,https://lichess.org/training/ADYyj
4wTft,2n4k/P7/3p1p2/3PpP2/B1p1P3/8/3r2r1/RR1K4 w - - 7 53,d1c1 c4c3 a7a8q g2g1 a4d1 g1d1,1753,76,86,65,endgame exposedKing long mate mateIn3,https://lichess.org/HqdXuzkg#105,,True,https://lichess.org/training/4wTft
Z0ofC,2r3k1/3q1pb1/4p1p1/1p1pP3/3P3Q/3B2KR/1r4P1/7R b - - 3 41,c8c3 h4h8 g7h8 h3h8 g8g7 h1h7,1755,73,96,13292,long mate mateIn3 middlegame sacrifice,https://lichess.org/hFFmurrR/black#82,,True,https://lichess.org/training/Z0ofC
OB2my,2r5/5ppp/4k3/1rpR1RP1/p3P3/2K5/P6P/8 b - - 1 30,g7g6 f5e5,1755,83,82,2082,endgame mate mateIn1 oneMove rookEndgame,https://lichess.org/WhfbfDyB/black#60,,True,https://lichess.org/training/OB2my
f8ame,2k4r/pp3p2/3qp3/6P1/1P1QR1p1/2P3Pr/P4P2/R5K1 w - - 1 27,d4d6 h3h1 g1g2 h8h2,1756,302,50,7,endgame mate mateIn2 queenRookEndgame short,https://lichess.org/ND345M3H#53,,True,https://lichess.org/training/f8ame
9YAin,8/1R4p1/p1k1b2p/3n4/r2PP3/6P1/1R5P/6K1 b - - 0 33,d5c3 b2b6,1756,76,91,2451,endgame master mate mateIn1 oneMove,https://lichess.org/ctW1eRRp/black#66,,True,https://lichess.org/training/9YAin
gh0aE,2r3k1/p3nppp/1p2p3/3pP3/1P3P2/P1rBK1P1/R1P1R2P/8 w - - 7 27,e3d4 e7f5 d3f5 c8c4,1757,115,55,25,endgame mate mateIn2 sacrifice short,https://lichess.org/uNY6xXHB#53,,True,https://lichess.org/training/gh0aE
A7DJ7,3k2r1/1p1q1p2/8/2QR4/8/8/PPP2P1p/5RrK w - - 2 27,h1h2 g8g2,1758,86,50,335,endgame mate mateIn1 oneMove,https://lichess.org/Ry1eqEpw#53,,True,https://lichess.org/training/A7DJ7
MqL3E,2k5/8/1pp3r1/p1b1pK2/P3P3/2PP4/QP4rP/1R6 w - - 4 36,a2f7 g2g5,1758,82,71,594,endgame master mate mateIn1 oneMove,https://lichess.org/AogUuSIG#71,,True,https://lichess.org/training/MqL3E
jAmcJ,1k2r2r/1bp2p2/1p1q4/1Pbn2pp/Q7/5P2/RP3NPP/R5K1 b - - 3 27,d5b4 a4a8 b7a8 a2a8 b8b7 a1a7,1760,74,95,13644,long mate mateIn3 middlegame queensideAttack sacrifice,https://lichess.org/EYAG7Hj0/black#54,,True,https://lichess.org/training/jAmcJ
4PhVE,r2k4/8/7p/3P3P/1pQ1B3/1Pp2P2/r7/1K2R3 w - - 5 52,c4b4 a2b2 b1c1 a8a1 e4b1 a1b1,1760,75,98,417,endgame exposedKing long mate mateIn3,https://lichess.org/ZQRtEeyd#103,,True,https://lichess.org/training/4PhVE
qJDOq,7r/1p4kr/p3p1pq/3Pnp2/8/4PBP1/PP3P2/R2QR1K1 w - - 3 24,d1d4 h6h1 f3h1 h7h1 g1g2 h8h2,1761,74,77,281,kingsideAttack long mate mateIn3 middlegame sacrifice,https://lichess.org/dzWip4pr#47,,True,https://lichess.org/training/qJDOq
cEw8u,8/pp2Rkp1/6p1/3p4/3B1r2/2P4q/PP6/4R1K1 b - - 2 29,f7f8 e7e8 f8f7 e1e7,1762,75,85,466,endgame mate mateIn2 short,https://lichess.org/s3VrWWWA/black#58,,True,https://lichess.org/training/cEw8u
aAOP9,2r5/p3p1k1/5p2/R2Pn1p1/3KP3/2r2PP1/4B3/R7 w - - 3 35,a5a7 e5f3 e2f3 c8c4,1762,74,89,898,endgame mate mateIn2 sacrifice short,https://lichess.org/sIxrL6A8#69,,True,https://lichess.org/training/aAOP9
GfucY,1kr5/pp2b3/4b3/1B2R3/Q2Pp3/4P3/PP1K1PP1/2r5 w - - 5 27,e5e6 e7b4 a4b4 c8c2,1763,88,71,34,endgame mate mateIn2 sacrifice short,https://lichess.org/tP4uEVbY#53,,True,https://lichess.org/training/GfucY
zwgo1,7r/1R1P4/p6r/P4bk1/3P4/6P1/4BP2/1R4K1 w - - 3 38,b1b2 h6h1 g1g2 f5e4 f2f3 h8h2,1763,75,96,6300,endgame fork long mate mateIn3,https://lichess.org/E6qIrF2E#75,,True,https://lichess.org/training/zwgo1
5DQb4,7R/1b2R2p/pr4pk/1p3p2/7P/1pq3P1/P1P5/6K1 b - - 0 36,g6g5 h8h7 h6g6 h4h5 g6f6 h7f7,1764,74,97,602,endgame long mate mateIn3,https://lichess.org/AvLBrphl/black#72,,True,https://lichess.org/training/5DQb4
PDM04,4r1k1/R2R1pp1/6bp/2pB4/2P2P2/1P4P1/P3r1KP/8 w - - 5 36,g2f3 g6h5 g3g4 e8e3,1765,78,96,6865,endgame mate mateIn2 short,https://lichess.org/RxIUGkel#71,,True,https://lichess.org/training/PDM04
H8Vqz,1r4k1/2q2pb1/2p1p1p1/p3r1P1/7Q/1P6/P1P4R/1K5R b - - 1 30,e5e3 h4h8 g7h8 h2h8 g8g7 h1h7,1765,74,79,278,long mate mateIn3 middlegame sacrifice,https://lichess.org/E3WDRd5F/black#60,,True,https://lichess.org/training/H8Vqz
Jed9i,r2q1rk1/7R/3p2p1/2pP1pP1/pp3P2/3B4/PPP3P1/2K4R b - - 0 20,f8f7 h7h8 g8g7 h1h7,1766,76,86,78,endgame kingsideAttack mate mateIn2 short,https://lichess.org/UP2WSoRM/black#40,,True,https://lichess.org/training/Jed9i
muJaO,8/p3r1pk/1p2PnR1/2p1KR1P/7r/4B3/PPP5/8 w - - 10 35,e3g5 h4e4 e5d6 e4e6,1766,77,83,42,endgame mate mateIn2 short,https://lichess.org/irBwCtgK#69,,True,https://lichess.org/training/muJaO
5nSsU,1r3b2/8/4R2p/1pNRpk2/6p1/rP2P1P1/5PP1/6K1 b - - 3 38,f8c5 d5e5,1766,78,93,2288,endgame master mate mateIn1 oneMove,https://lichess.org/8ezwvRdC/black#76,,True,https://lichess.org/training/5nSsU
tG36O,r2r2k1/pp3pb1/4p1p1/4P3/3q1P2/2pp1KPQ/P6R/7R b - - 1 31,d3d2 h3h8 g7h8 h2h8 g8g7 h1h7,1766,132,-5,14,kingsideAttack long mate mateIn3 middlegame sacrifice,https://lichess.org/LNfBAWKC/black#62,,True,https://lichess.org/training/tG36O
133yX,8/5pk1/6pp/1N6/1PP2P2/1R2R1PK/4r2r/8 w - - 0 39,h3g4 f7f5 g4f3 h2f2,1768,87,85,36,endgame mate mateIn2 short,https://lichess.org/91Xw0X7x#77,,True,https://lichess.org/training/133yX
palZP,1k5r/ppp2Q2/3b4/8/4p2r/2P5/PP1P1P2/R1B2RK1 w - - 0 22,f1e1 h4h1 g1g2 h8h2,1772,78,75,85,mate mateIn2 middlegame short,https://lichess.org/PoH8GCVD#43,,True,https://lichess.org/training/palZP
FryzV,8/6pk/1P1p3r/3Qp3/P1P1Pp2/3P1P1r/R6K/4B3 w - - 0 39,h2g1 h3h1 g1g2 h6h2,1773,77,79,413,endgame mate mateIn2 short,https://lichess.org/lb2TzLrf#77,,True,https://lichess.org/training/FryzV
jkLWA,3r4/p7/1p1r2pp/4R1k1/3p2P1/P4P2/1P3K2/3R4 b - - 2 35,g5f4 d1e1 d4d3 e1e4,1774,140,84,30,endgame mate mateIn2 quietMove rookEndgame short,https://lichess.org/GuyoTmLw/black#70,,True,https://lichess.org/training/jkLWA
inuX1,1k4r1/bp1r1p2/P2p3p/1Q6/3P4/4q1P1/6P1/1RR4K b - - 1 35,g8g5 b5b7 d7b7 b1b7 b8a8 c1c8 a7b8 c8b8,1774,75,95,2347,mate mateIn4 middlegame sacrifice veryLong,https://lichess.org/uj3lFE1W/black#70,,True,https://lichess.org/training/inuX1
fT7Sp,2r4r/7P/8/8/1R6/p1p1P3/1k2K3/3R4 b - - 1 57,b2c2 b4b1 a3a2 d1c1,1775,74,90,194,endgame mate mateIn2 quietMove rookEndgame short,https://lichess.org/ZFHMXN4B/black#114,,True,https://lichess.org/training/fT7Sp
VB8NP,r3b3/2R2p2/1p1kpn1p/1p1pN3/1P1P3P/P3PP2/3KN1r1/2R5 b - - 2 32,a8a3 e5f7 e8f7 c1c6,1775,76,81,202,master masterVsMaster mate mateIn2 middlegame sacrifice short,https://lichess.org/kn66wa1H/black#64,,True,https://lichess.org/training/VB8NP
zJ23z,7k/1p4p1/5n2/p1PP2Qp/6n1/PPB1r2B/4r3/2R3K1 w - - 1 36,c3f6 e3g3 g1f1 e2f2 f1e1 g3g1 h3f1 g1f1,1775,75,94,11310,exposedKing fork mate mateIn4 middlegame veryLong,https://lichess.org/IiWm6VDq#71,,True,https://lichess.org/training/zJ23z
DTfS5,r2qn1k1/p2p1r1p/1pp1p1Q1/6b1/3P1B2/8/PPP4R/1K5R b - - 0 27,h7g6 h2h8 g8g7 f4e5 e8f6 h1h7,1776,76,96,3549,exposedKing kingsideAttack long mate mateIn3 middlegame pin,https://lichess.org/CZZrr5MS/black#54,,True,https://lichess.org/training/DTfS5
YsdIa,r5k1/1R4p1/8/1n5p/4N3/1P3P1P/rKP3P1/7R w - - 1 31,b2b1 a2a1 b1b2 a8a2,1777,76,97,369,endgame mate mateIn2 short,https://lichess.org/NrPwI28s#61,,True,https://lichess.org/training/YsdIa
BOokl,7r/1p2bkn1/1qpp4/p2Pp1p1/P1P1PpP1/2N2R2/1PRB3r/4QKN1 w - - 3 32,c3d1 b6g1 f1g1 h2h1 g1g2 h8h2,1779,75,91,1921,attraction exposedKing long mate mateIn3 middlegame sacrifice,https://lichess.org/vhEPnkMg#63,,True,https://lichess.org/training/BOokl
RJSAU,r2r2k1/1b3pb1/p3p1p1/1p1p2P1/4P2Q/1PN3PR/1PP2q2/1K5R b - - 0 23,d5e4 h4h8 g7h8 h3h8 g8g7 h1h7,1780,75,92,3717,kingsideAttack long mate mateIn3 middlegame sacrifice,https://lichess.org/rmpNnhVn/black#46,,True,https://lichess.org/training/RJSAU
QONZK,1r2r1k1/5pb1/p2pb1p1/4p1Pn/2p1PP1Q/2N5/PqNKB2R/7R b - - 0 25,h5f4 h4h8 g7h8 h2h8 g8g7 h1h7,1781,74,91,635,kingsideAttack long mate mateIn3 middlegame sacrifice,https://lichess.org/lSogEkju/black#50,,True,https://lichess.org/training/QONZK
jt6Sf,3R1k1b/p3r2p/6pP/q3ppN1/p7/1BP5/KP4P1/3R4 b - - 1 31,e7e8 g5h7 f8e7 d1d7,1783,76,93,3419,master mate mateIn2 middlegame short,https://lichess.org/1PkZgo70/black#62,,True,https://lichess.org/training/jt6Sf
LOKFt,5k2/p1pp1ppp/1r6/2K5/1rB5/5P2/P5PP/2R1R3 w - - 5 25,c4b3 b6b5,1784,87,81,69,endgame mate mateIn1 oneMove,https://lichess.org/G6Ca1mrk#49,,True,https://lichess.org/training/LOKFt
ZNMOy,4r2k/7p/3P4/1pqQ4/6p1/P5P1/1P3R1P/3Rr1K1 w - - 3 43,g1g2 c5f2 g2f2 e8e2,1786,74,93,9302,attraction endgame mate mateIn2 sacrifice short,https://lichess.org/wVNOdMQq#85,,True,https://lichess.org/training/ZNMOy
LdME3,6r1/4k3/4P1P1/1p1r2K1/2p5/2P1R2p/7P/4R3 w - - 7 58,g5h6 g8h8 h6g7 d5d8 e1a1 d8g8,1788,93,79,37,endgame long master mate mateIn3 quietMove rookEndgame,https://lichess.org/s5Cmmd6f#115,,True,https://lichess.org/training/LdME3
dcIQU,4r3/2p2R2/3p2kp/p1p2R2/6PP/P1Pr4/1P4K1/8 b - - 0 32,h6h5 f5f6,1789,75,99,413,endgame master mate mateIn1 oneMove rookEndgame,https://lichess.org/phNCxrUL/black#64,,True,https://lichess.org/training/dcIQU
PgMkQ,r4bR1/pp3n1k/3pNr1p/4nP2/7P/2P5/PP3B2/6RK b - - 3 32,f6f5 e6f8 a8f8 g1g7,1790,75,95,14640,mate mateIn2 middlegame short,https://lichess.org/JY3q2hML/black#64,,True,https://lichess.org/training/PgMkQ
lnLL6,r1r3k1/p2b1pb1/4p1p1/q5p1/1pp1N3/4P2Q/PPB2PPR/2K4R b - - 1 24,c4c3 h3h8 g7h8 h2h8 g8g7 h1h7,1791,74,96,14061,kingsideAttack long mate mateIn3 middlegame sacrifice,https://lichess.org/3kHoaaCm/black#48,,True,https://lichess.org/training/lnLL6
joVOh,6R1/8/4rK2/8/4r1R1/5k2/8/8 w - - 1 74,f6f5 e4e5,1791,76,93,4042,endgame master mate mateIn1 oneMove rookEndgame,https://lichess.org/QcKzmYD9#147,,True,https://lichess.org/training/joVOh
rWIl2,6k1/3rrqbp/p3n1P1/Pp1pPpP1/1PpP1P1Q/2B2N2/6KR/7R b - - 0 46,h7g6 h4h8 g7h8 h2h8 g8g7 h1h7,1793,75,93,1101,exposedKing kingsideAttack long mate mateIn3 middlegame sacrifice,https://lichess.org/2nhhX7zz/black#92,,True,https://lichess.org/training/rWIl2
n9Adk,8/2p5/8/5k1p/P1P5/1P4Q1/6PK/4rr2 w - - 2 44,g3c7 f1h1 h2g3 h5h4 g3f2 h1f1,1793,75,96,3271,endgame long mate mateIn3 queenRookEndgame,https://lichess.org/rM4eQoUr#87,,True,https://lichess.org/training/n9Adk
n2z53,4r1k1/4qppp/2p5/3p4/pP1P4/P2Q1PP1/2R2KP1/2R1r3 w - - 5 30,c2c6 e7e2 d3e2 e8e2,1794,74,90,427,endgame mate mateIn2 short,https://lichess.org/f29kFG9H#59,,True,https://lichess.org/training/n2z53
gqRv0,2q3k1/p3brQ1/1p2p2p/3pB2P/3PP3/3b1P2/PPrN2R1/K5R1 b - - 0 28,f7g7 g2g7 g8f8 g7g8 f8f7 g1g7,1795,75,92,1213,exposedKing fork long mate mateIn3 middlegame,https://lichess.org/JYWjt5oP/black#56,,True,https://lichess.org/training/gqRv0
7tweC,5n2/R7/3k2p1/6Np/1R3K2/2P3P1/PP1r1r2/8 w - - 2 39,g5f3 f8e6 f4e3 f2e2,1796,74,94,2384,endgame mate mateIn2 pin short,https://lichess.org/ZwOatrmh#77,,True,https://lichess.org/training/7tweC
uYXKw,r4r2/ppp1n2R/4qkB1/6pQ/3P1pP1/2P5/2PK4/7R b - - 0 29,e7g6 h5g6 f6g6 h1h6,1796,79,88,1254,attraction mate mateIn2 middlegame sacrifice short,https://lichess.org/r3eJGacQ/black#58,,True,https://lichess.org/training/uYXKw
DQpAh,r6k/p1q3Rp/2pb1r1P/1p6/2nP3R/3Q4/PPP2P2/2K5 b - - 1 25,f6h6 d3h7 h6h7 h4h7,1796,75,95,6260,mate mateIn2 middlegame sacrifice short xRayAttack,https://lichess.org/JS9UppxC/black#50,,True,https://lichess.org/training/DQpAh
JmLjH,1r1r2b1/4R2p/5kp1/p2p2N1/Pp3PP1/1Pp3n1/B1P5/2K1R3 b - - 4 30,h7h6 g5h7 g8h7 e1e6,1798,74,95,12084,mate mateIn2 middlegame sacrifice short,https://lichess.org/yU3VCAuf/black#60,,True,https://lichess.org/training/JmLjH
K8CVN,2rRk2r/pp3p2/4pp1p/1bq5/8/5NP1/PPPQ1PP1/2KR4 b k - 7 19,e8e7 d2d7 b5d7 d1d7,1798,77,95,9959,mate mateIn2 middlegame sacrifice short,https://lichess.org/xfwi45d0/black#38,Rapport-Jobava_System Rapport-Jobava_System_Other_variations,True,https://lichess.org/training/K8CVN
Jp2VL,8/7R/p3p1r1/4P1k1/1pR5/7K/r7/8 b - - 2 38,a6a5 c4g4 g5f5 h7h5 g6g5 h5g5,1801,76,98,1347,endgame long mate mateIn3 rookEndgame,https://lichess.org/TWbJG7El/black#76,,True,https://lichess.org/training/Jp2VL
PlCAh,8/1R1N1p2/4p2p/2P2p2/3P1Pk1/2R1K3/3r3r/8 w - - 0 43,d7e5 g4g3 d4d5 h2e2,1803,76,85,762,defensiveMove endgame master mate mateIn2 short,https://lichess.org/FTHnqXgb#85,,True,https://lichess.org/training/PlCAh
C8IRH,6r1/R7/4k3/8/4p3/1P2P3/PB3Kr1/1R6 w - - 2 27,f2f1 g2g1 f1f2 g8g2,1804,75,93,11331,endgame mate mateIn2 short,https://lichess.org/jedFYySh#53,,True,https://lichess.org/training/C8IRH
XW4ir,5R2/2R1P3/p4P1p/1p6/4r1k1/8/P3rKP1/8 w - - 1 51,f2f1 e2e1 f1f2 e4e2,1805,128,71,21,endgame mate mateIn2 rookEndgame short,https://lichess.org/2YJYLfSf#101,,True,https://lichess.org/training/XW4ir
S4eJ8,6R1/p4r1k/1p2Nq1p/2pP1Q2/2P5/8/P6P/6RK b - - 0 38,f6f5 e6f8 f7f8 g1g7,1805,79,81,306,endgame mate mateIn2 sacrifice short,https://lichess.org/AetSimxV/black#76,,True,https://lichess.org/training/S4eJ8
HaIb0,3r4/1p3kb1/p1p5/3r2p1/PP1BK1Pp/3R1P1P/3R4/8 w - - 0 38,d4g7 d8e8 g7e5 e8e5,1805,75,95,9487,endgame mate mateIn2 short,https://lichess.org/AuAACufI#75,,True,https://lichess.org/training/HaIb0
VczXf,1k5r/bpp3q1/p2p4/4p1pN/1PB1P3/P2P1r1P/1BP2P2/R4RK1 w - - 0 24,h5g7 f3g3 g1h2 h8h3,1807,74,98,438,kingsideAttack mate mateIn2 middlegame pin short,https://lichess.org/8sv5IT7z#47,,True,https://lichess.org/training/VczXf
eaPzq,7r/1p1N1kpr/p1pb4/P2Pp3/1P3pPq/2PP1P2/4Q1B1/R2R2K1 w - - 1 30,e2f2 h4h1 g2h1 h7h1 g1g2 h8h2,1808,77,79,69,exposedKing kingsideAttack long mate mateIn3 middlegame sacrifice,https://lichess.org/gDypSbxJ#59,,True,https://lichess.org/training/eaPzq
FTF4j,r4r1R/8/p2p1pkR/1pp3q1/4Pnb1/P1QP4/BPP5/2K5 b - - 3 31,g6g7 h8h7,1809,82,77,841,mate mateIn1 middlegame oneMove,https://lichess.org/XQiMGBxy/black#62,,True,https://lichess.org/training/FTF4j
uGhzH,2R5/5p2/4pK2/3kPp2/2R5/8/3p1r1p/8 b - - 0 49,d2d1q c8c5,1809,80,66,393,endgame master mate mateIn1 oneMove queenRookEndgame,https://lichess.org/OgpLPcmf/black#98,,True,https://lichess.org/training/uGhzH
8XdEb,8/4K1k1/3r1r1p/1B3ppP/5N2/5P2/6P1/7R w - - 0 39,f4g6 f6e6,1809,76,92,1716,endgame mate mateIn1 oneMove,https://lichess.org/wlNlDzot#77,,True,https://lichess.org/training/8XdEb
NDcT6,7r/p1p2pk1/2p2b2/8/P2P2p1/B1PQPqPr/5P1P/3R2KR w - - 8 28,e3e4 f3h1 g1h1 h3h2 h1g1 h2h1 g1g2 h8h2,1810,75,95,2801,attraction kingsideAttack mate mateIn4 middlegame sacrifice veryLong,https://lichess.org/J1mhLDE1#55,,True,https://lichess.org/training/NDcT6
vUJE9,r5kr/5p1p/2p1pQpR/3pP3/p2P4/2q1PK1R/6P1/8 b - - 1 35,c3d3 f6h8 g8h8 h6h7 h8g8 h7h8 g8g7 h3h7,1811,75,84,138,attraction endgame mate mateIn4 sacrifice veryLong,https://lichess.org/alCijsr1/black#70,,True,https://lichess.org/training/vUJE9
NnuOD,3r2k1/p1q2pb1/4p1p1/2p1Pn1p/N1P2PP1/1P1p3Q/P4K1R/7R b - - 0 30,h5g4 h3h8 g7h8 h2h8 g8g7 h1h7,1812,74,95,5086,kingsideAttack long mate mateIn3 middlegame sacrifice,https://lichess.org/t6RIjjHv/black#60,,True,https://lichess.org/training/NnuOD
W4gkr,r5kr/1bq2p1p/p3pQpR/1p2P3/5P2/2p4R/PPP3PP/7K b - - 5 25,c3b2 f6h8 g8h8 h6h7 h8g8 h7h8 g8g7 h3h7,1813,75,91,2443,attraction kingsideAttack mate mateIn4 middlegame sacrifice veryLong,https://lichess.org/luMmCYRM/black#50,,True,https://lichess.org/training/W4gkr
5iDiV,7r/5pk1/8/3P2r1/p7/N4pP1/P1R2P2/2R3K1 w - - 0 39,c2c3 g5h5 c3f3 h5h1 g1g2 h8h2,1813,76,95,10337,endgame long mate mateIn3,https://lichess.org/fR3bb7Wl#77,,True,https://lichess.org/training/5iDiV
qL77B,3k3r/5pp1/ppqP3r/4R3/1QP3p1/P5P1/5P1P/3R2K1 w - - 1 27,d6d7 c6h1 g1h1 h6h2 h1g1 h2h1 g1g2 h8h2,1813,73,95,9806,attraction endgame mate mateIn4 sacrifice veryLong,https://lichess.org/KwElA7M1#53,,True,https://lichess.org/training/qL77B
RTFpY,r5k1/2q2pb1/6p1/4npP1/p6Q/P2P3R/1Pp2P2/2K4R b - - 2 32,c7b7 h4h8 g7h8 h3h8 g8g7 h1h7,1814,76,71,79,long mate mateIn3 middlegame sacrifice,https://lichess.org/RFARBjU8/black#64,,True,https://lichess.org/training/RTFpY
vEjIW,6rk/5rp1/1n1pN2Q/p1p1pP1b/2P1P2q/1P4RB/P6K/6R1 b - - 10 34,g7h6 g3g8 h8h7 e6f8 f7f8 g1g7,1815,75,95,7385,exposedKing kingsideAttack long mate mateIn3 middlegame,https://lichess.org/Z7LMUmPh/black#68,,True,https://lichess.org/training/vEjIW
W3Rup,8/1P1R1p1p/R2N1p1k/4p2b/8/4KP2/Pr4rP/8 w - - 0 33,d6c4 g2e2 e3d3 h5g6 d3c3 e2c2,1815,75,97,1204,endgame long mate mateIn3,https://lichess.org/LUrNFTu1#65,,True,https://lichess.org/training/W3Rup
bjRl7,r2q2R1/1p2pr1k/7p/3Ppp1p/pp6/3Q1P2/PP3P1P/2K3R1 b - - 3 26,d8a5 d3f5 f7f5 g1g7,1816,77,85,1471,endgame mate mateIn2 sacrifice short,https://lichess.org/1JS3mXMl/black#52,,True,https://lichess.org/training/bjRl7
M8fTD,r5r1/pb1n1p2/1p1ppnkp/8/3PNP2/2P3R1/PP4PP/2R3K1 b - - 3 22,g6f5 e4d6 f5f4 c1f1 b7f3 f1f3,1816,148,88,13,fork long mate mateIn3 middlegame,https://lichess.org/tabUGKlU/black#44,,True,https://lichess.org/training/M8fTD
kL0F3,1k6/bpp5/8/pPP3r1/P2P4/5pPr/2B2P2/R2R2K1 w - - 1 35,d1d3 g5h5 d3f3 h3h1 g1g2 h5h2,1816,75,90,530,endgame long mate mateIn3,https://lichess.org/NJKzcdHi#69,,True,https://lichess.org/training/kL0F3
b49ni,8/1p3kp1/pBpp4/3bp3/6P1/2PPRr1r/PP1Q1P1K/5R2 w - - 0 30,h2g2 f3g3,1817,75,91,2877,doubleCheck mate mateIn1 middlegame oneMove,https://lichess.org/PYv2a38Q#59,,True,https://lichess.org/training/b49ni
xnOwY,r5k1/p4pb1/2q3r1/3pPpNQ/2np4/2P5/5K1R/2B4R b - - 1 37,d4c3 h5h8 g7h8 h2h8 g8g7 h1h7,1818,74,94,208,long mate mateIn3 middlegame sacrifice,https://lichess.org/eZBiilHL/black#74,,True,https://lichess.org/training/xnOwY
JUdzY,1k4r1/pp5p/3Rp3/8/7n/P6P/1B5K/2R1N1r1 w - - 3 27,b2e5 h4f3 e1f3 g8g2,1819,78,87,708,mate mateIn2 middlegame sacrifice short,https://lichess.org/gnfvFNNT#53,,True,https://lichess.org/training/JUdzY
SIweX,3r4/pp3R2/2pqr1kp/6p1/2P1p1P1/2P4P/P3Q3/5R1K b - - 5 30,d6g3 e2e4 e6e4 f1f6,1819,76,88,131,endgame mate mateIn2 sacrifice short,https://lichess.org/qhEq9rpf/black#60,,True,https://lichess.org/training/SIweX
8xVgi,8/1p3kpp/1N2n3/4Pb2/1p6/1K3P2/r1r3PP/3R1B1R w - - 0 26,f1c4 c2b2,1820,76,91,2168,mate mateIn1 middlegame oneMove,https://lichess.org/1qaD3Q6X#51,,True,https://lichess.org/training/8xVgi
KwnDT,1nk4r/1pp1bp2/pP1p3r/P3p1nq/3PP1p1/2PQ2P1/3N1PB1/R1B1R1K1 w - - 0 23,b6c7 h5h1 g2h1 h6h1 g1g2 h8h2,1820,74,97,10233,kingsideAttack long mate mateIn3 middlegame sacrifice,https://lichess.org/1qV5TBRy#45,,True,https://lichess.org/training/KwnDT
0Wk7h,5bk1/p4p2/2qr1Pp1/4p1P1/3pP3/3P2KR/4R3/8 b - - 3 44,f8e7 e2h2 e7f6 g5f6 d6f6 h3h8 g8g7 h2h7,1821,74,96,12220,endgame mate mateIn4 quietMove veryLong,https://lichess.org/nFtt5eXA/black#88,,True,https://lichess.org/training/0Wk7h
SI64s,5rk1/6pp/1p2b3/3p2q1/1P1bN3/PQ1p2P1/5r1P/2R1RBK1 w - - 1 30,e4g5 f2f1 g1g2 f8f2,1822,76,68,251,doubleCheck kingsideAttack mate mateIn2 middlegame short,https://lichess.org/2r7EUS2z#59,,True,https://lichess.org/training/SI64s
ErG6p,8/2p1k2P/1p1p4/1P1Pp3/4K3/2r2r2/7Q/8 w - - 0 56,h7h8q c3e3,1822,77,93,5991,endgame mate mateIn1 oneMove,https://lichess.org/hQF4HqiN#111,,True,https://lichess.org/training/ErG6p
t0sXI,3r2k1/5pp1/1p2p2p/p7/1nP1R3/1PK2PB1/3r2PP/2N1R3 w - - 3 25,e4e2 b4a2 c1a2 d8d3,1823,77,75,210,master mate mateIn2 middlegame sacrifice short,https://lichess.org/25d8rk8O#49,,True,https://lichess.org/training/t0sXI
XLPaZ,3r4/7R/p7/r4p1k/5P2/6P1/3p2K1/3R4 b - - 0 37,h5g6 d1h1 d2d1q h1h6,1825,74,94,9821,endgame mate mateIn2 quietMove rookEndgame short,https://lichess.org/mPJ57brF/black#74,,True,https://lichess.org/training/XLPaZ
aSJuB,5r2/1p1rbp1R/p7/5pk1/2p4R/3p3P/PPP2P2/6K1 b - - 8 31,d3d2 f2f4 g5g6 h4h6,1826,76,86,72,endgame mate mateIn2 short,https://lichess.org/IRQucI3C/black#62,,True,https://lichess.org/training/aSJuB
r7bkP,r3r1k1/2p2p2/5PpR/p3p3/1p2P3/1P1P4/1K6/6R1 b - - 1 42,e8e6 g1h1 e6f6 h6h8 g8g7 h1h7,1826,76,93,1037,endgame long mate mateIn3 quietMove rookEndgame,https://lichess.org/Aspmz8B5/black#84,,True,https://lichess.org/training/r7bkP
PsWbG,r2r2k1/5pb1/3qp1p1/2n1N1P1/1pPN1P1Q/pP6/P1K4R/7R b - - 8 30,d6d4 h4h8 g7h8 h2h8 g8g7 h1h7,1827,78,92,1780,kingsideAttack long mate mateIn3 middlegame sacrifice,https://lichess.org/Q180OZBe/black#60,,True,https://lichess.org/training/PsWbG
7M7T7,2r1r1k1/pp3pb1/6p1/2p1p1P1/3pP1PQ/3P3R/P7/1qBK3R b - - 3 30,c5c4 h4h8 g7h8 h3h8 g8g7 h1h7,1828,75,94,1129,kingsideAttack long mate mateIn3 middlegame sacrifice,https://lichess.org/31rCSdAL/black#60,,True,https://lichess.org/training/7M7T7
qHU9X,7r/1p6/3p1k1r/pPPQnp2/6p1/6P1/4PP2/2RR2K1 w - - 1 37,c5d6 e5f3 d5f3 g4f3 e2f3 h6h1 g1g2 h8h2,1829,76,94,2743,endgame mate mateIn4 veryLong,https://lichess.org/Zr0FN4ZC#73,,True,https://lichess.org/training/qHU9X
0t6BT,8/4R1Rp/5k2/3K4/1p2pPP1/8/Prp2P1P/8 b - - 7 41,c2c1q e7f7,1830,84,89,1802,endgame mate mateIn1 oneMove queenRookEndgame,https://lichess.org/r6N2LJeo/black#82,,True,https://lichess.org/training/0t6BT
Wr9v9,4r1r1/pp1R2pp/1bp1k3/4p3/4P3/B1P4P/P4P2/3R3K b - - 7 33,e8d8 d1d6,1830,93,56,204,endgame mate mateIn1 oneMove,https://lichess.org/6bSThQuI/black#66,,True,https://lichess.org/training/Wr9v9
gf7po,r5kr/1q3p1p/1p1np1p1/1B4P1/P1p2PK1/4P2R/1Q6/7R b - - 1 38,d6e4 b2h8 g8h8 h3h7 h8g8 h7h8 g8g7 h1h7,1831,108,83,37,attraction kingsideAttack mate mateIn4 middlegame sacrifice veryLong,https://lichess.org/icm7X0xI/black#76,,True,https://lichess.org/training/gf7po
yoVn8,1r6/8/p3kp2/n3p1p1/P3P1Np/K1R2P1P/1r1B2P1/2R5 w - - 9 35,c1c2 a5c4 c3c4 b8b3,1833,75,95,12374,mate mateIn2 middlegame sacrifice short,https://lichess.org/ePgO8GcW#69,,True,https://lichess.org/training/yoVn8
p4CpU,4qrk1/1ppr1n2/p5Rp/7R/P3P3/1Q5P/1P4P1/7K b - - 2 26,g8h7 b3f7 e8f7 h5h6,1834,76,85,1559,mate mateIn2 middlegame sacrifice short,https://lichess.org/eJS2ITSf/black#52,,True,https://lichess.org/training/p4CpU
tgtXv,4R3/ppp2kbp/3q2p1/5rP1/2P1Q3/2r5/P4P2/4R1K1 b - - 6 29,c3a3 e4e7 d6e7 e1e7,1835,76,94,11049,mate mateIn2 middlegame short,https://lichess.org/1v5sTyhF/black#58,,True,https://lichess.org/training/tgtXv
bx4Qe,r2q2k1/3n1r1p/4Q1pR/3pP3/8/pP6/P1P5/1K5R b - - 0 31,d7c5 h6h7 c5e6 h7h8 g8g7 h1h7,1835,75,95,3550,long mate mateIn3 middlegame sacrifice,https://lichess.org/MyOxPSX4/black#62,,True,https://lichess.org/training/bx4Qe
1ucQK,6R1/6n1/2k1p3/p1ppP1P1/5P1N/2P2R1K/r6r/8 w - - 0 33,h3g3 g7f5 h4f5 a2g2,1837,76,91,1272,endgame mate mateIn2 sacrifice short,https://lichess.org/zNqGY3Nb#65,,True,https://lichess.org/training/1ucQK
jwqZ3,r5k1/1ppb1p2/p3rPp1/4p1q1/4P1P1/1P1P1Q1R/2P1K3/7R b - - 3 29,g5f6 f3f6 e6f6 h3h8 g8g7 h1h7,1837,75,98,1222,kingsideAttack long mate mateIn3 middlegame,https://lichess.org/zgr4YQU7/black#58,,True,https://lichess.org/training/jwqZ3
GU4TF,8/8/pq1pR2R/1p1r2k1/2p2p2/5K2/PPP4P/8 b - - 0 47,d5d1 h2h4 g5f5 h6f6,1838,77,89,1158,endgame mate mateIn2 queenRookEndgame short,https://lichess.org/XNGS9zHv/black#94,,True,https://lichess.org/training/GU4TF
Tnsds,4rn1k/1p1r1n1Q/6p1/q1p1p1P1/p2pP3/P2P3R/BPP2K2/2B4R b - - 0 36,f8h7 h3h7 h8g8 h7h8 g8g7 h1h7,1839,75,95,3367,exposedKing kingsideAttack long master mate mateIn3 middlegame pin,https://lichess.org/fNe11TdV/black#72,,True,https://lichess.org/training/Tnsds
QmZJH,4r1k1/5p1p/5bp1/p7/3p4/1P1Q1P2/1PqB1KPP/RN2r3 w - - 0 27,d3c2 f6h4 g2g3 e8e2,1839,78,87,1570,mate mateIn2 middlegame short,https://lichess.org/xX6xA5UZ#53,,True,https://lichess.org/training/QmZJH
C1N9C,1r3br1/pp1R4/2n1kp2/2p1pNp1/6P1/2P1B3/PPK4P/3R4 b - - 1 26,g8h8 f5g7 f8g7 d1d6,1840,75,93,1566,master mate mateIn2 middlegame sacrifice short,https://lichess.org/NZ7yA7Rn/black#52,,True,https://lichess.org/training/C1N9C
bzMjk,1R3b1r/p1kN1ppp/2p1b3/2p5/8/2pPB3/r1P2PPP/1R4K1 b - - 0 21,e6d7 e3f4 f8d6 b1b7,1840,76,91,1072,mate mateIn2 middlegame short,https://lichess.org/FNyad4El/black#42,,True,https://lichess.org/training/bzMjk
3P4aK,2k4r/pp1r1ppp/2Q1p3/q1b3B1/8/1Rn5/2P1BPPP/1R4K1 b - - 0 22,b7c6 b3b8 c8c7 g5f4 e6e5 f4e5 c5d6 b1b7,1840,76,100,93,exposedKing mate mateIn4 middlegame queensideAttack veryLong,https://lichess.org/1OAsPoke/black#44,,True,https://lichess.org/training/3P4aK
gCMJq,r7/r6p/6p1/P4p2/KP2p3/3p4/3k2PP/2R1R3 b - - 11 38,a7d7 a4b3 e4e3 c1d1,1841,94,21,24,endgame mate mateIn2 rookEndgame short,https://lichess.org/NskcwQR4/black#76,,True,https://lichess.org/training/gCMJq
nSRGt,r4qB1/ppp4R/3p1pk1/2b3p1/4PpP1/2PP1P2/PP4K1/7R b - - 0 26,a8e8 g8f7 f8f7 h1h6,1843,79,66,357,endgame fork mate mateIn2 sacrifice short,https://lichess.org/foJSFbjb/black#52,,True,https://lichess.org/training/nSRGt
wJcz2,7r/1pq1kpp1/p1b1p1p1/4P2r/P1N3Q1/5NP1/5P2/3RR1K1 w - - 2 27,c4d6 h5h1 g1g2 h8h2,1843,75,85,739,kingsideAttack mate mateIn2 middlegame pin short,https://lichess.org/IRIW7cGj#53,,True,https://lichess.org/training/wJcz2
1Npyw,5rk1/p4qpp/2p1p3/4Q1N1/2PP2PP/8/P4rK1/3R3R w - - 12 32,g2g3 f7f3 g5f3 f8f3,1844,76,88,2009,mate mateIn2 middlegame sacrifice short,https://lichess.org/odKgh7Zo#63,,True,https://lichess.org/training/1Npyw
XggRa,3r1r2/6pk/4q1Rp/p2pP2Q/1p3p2/1PP4R/P5PP/6K1 b - - 1 34,e6f5 h5h6 g7h6 h3h6,1844,76,88,116,endgame mate mateIn2 sacrifice short,https://lichess.org/PT5F8wus/black#68,,True,https://lichess.org/training/XggRa
lHF0c,r1rq2k1/5pb1/4p1p1/pp2P1P1/3p1P1Q/P2p3R/1PP2PK1/7R b - - 1 30,d3c2 h4h8 g7h8 h3h8 g8g7 h1h7,1846,75,98,1435,kingsideAttack long master mate mateIn3 middlegame sacrifice,https://lichess.org/5OXSoi0V/black#60,,True,https://lichess.org/training/lHF0c
Ej6HL,2kr4/1b3p1p/1Q2pp2/2P1p3/4PnPP/1P2KP2/P2r4/R4B1R w - - 1 32,c5c6 f4g2 f1g2 d8d3,1847,74,95,11596,mate mateIn2 middlegame sacrifice short,https://lichess.org/hmp5VoX4#63,,True,https://lichess.org/training/Ej6HL
fkdtI,1r4k1/3R3R/3p2pP/2pPb3/4n2r/8/8/6K1 b - - 0 39,e4f6 d7g7 g8f8 h7h8 f6g8 h8g8,1847,74,93,2462,endgame exposedKing long mate mateIn3,https://lichess.org/KDI9hVlO/black#78,,True,https://lichess.org/training/fkdtI
Wh6b6,1r4k1/3p1p1p/2bQ1bpn/p7/2B1P2P/p7/NrPP1PP1/2KR2NR w - - 4 23,c2c3 b2b1 c1c2 c6e4 d2d3 b8b2,1847,75,95,2558,long mate mateIn3 middlegame queensideAttack,https://lichess.org/aDtsBX43#45,,True,https://lichess.org/training/Wh6b6
EEXPC,8/5pk1/4p1p1/p2pP1br/PPp3K1/2P2N1r/8/1R3R2 w - - 0 50,f3g5 h5h4,1851,89,80,80,endgame master mate mateIn1 oneMove,https://lichess.org/7JblDKvW#99,,True,https://lichess.org/training/EEXPC
vRhPz,5rk1/p2q2p1/1p1p3p/1PpNp3/P1P1P1n1/6PR/2Q1Nr2/2B3KR w - - 3 29,c1e3 f2f1 g1g2 g4e3 d5e3 f8f2,1851,76,93,1319,exposedKing kingsideAttack long mate mateIn3 middlegame,https://lichess.org/WidLwgyc#57,,True,https://lichess.org/training/vRhPz
KbpHb,2k4r/ppp1q2r/2b3p1/5pQ1/8/5NP1/PPP2P2/3RR1K1 w - - 0 24,e1e7 h7h1 g1g2 h8h2,1852,74,96,2635,mate mateIn2 middlegame pin short,https://lichess.org/6iPPoITL#47,,True,https://lichess.org/training/KbpHb
l40if,8/ppp3rr/2p1R3/5k2/5Pp1/8/PPP3K1/4R3 b - - 8 34,g4g3 g2f3 g3g2 e1e5,1853,77,87,78,endgame mate mateIn2 rookEndgame short,https://lichess.org/yr13Khoo/black#68,,True,https://lichess.org/training/l40if
YxpIb,r2k3r/2R1b1pp/pB1pp3/1p1bn3/4P3/1N1q3Q/PP4PP/2R4K b - - 1 23,d3h3 c7c8 d8d7 c1c7,1854,76,95,8498,doubleCheck master mate mateIn2 middlegame short,https://lichess.org/IPWpaEQr/black#46,,True,https://lichess.org/training/YxpIb
XKyAQ,2rRk2r/5ppp/p3p3/1bq3P1/1p3P2/1P1Q3P/PKP5/1N1R4 b k - 4 25,e8e7 d3d7 b5d7 d1d7,1855,77,92,729,mate mateIn2 middlegame sacrifice short,https://lichess.org/aGpVgE0e/black#50,,True,https://lichess.org/training/XKyAQ
5eIha,2r4r/pp3pkp/4pQp1/3pP3/3P3R/2P3KR/P2q2PP/8 b - - 9 26,g7g8 f6h8 g8h8 h4h7 h8g8 h7h8 g8g7 h3h7,1856,73,95,16763,attraction endgame kingsideAttack mate mateIn4 sacrifice veryLong,https://lichess.org/FUBVmhqj/black#52,,True,https://lichess.org/training/5eIha
rIFao,r3kR1r/4n1Q1/pppp4/3P4/4P3/2N4q/P7/5RK1 b - - 3 29,e8d7 g7e7 d7e7 f1f7,1857,75,93,1694,attraction mate mateIn2 middlegame sacrifice short,https://lichess.org/diZnzYN7/black#58,,True,https://lichess.org/training/rIFao
MFWKH,2k4r/pn3p1q/1n2p3/pPp1P3/2Pp2N1/3P1QP1/5PK1/R3RN1r w - - 6 32,f1h2 h7h2 g4h2 h8h2,1859,90,85,40,master mate mateIn2 middlegame sacrifice short,https://lichess.org/IlM3sldA#63,,True,https://lichess.org/training/MFWKH
dTrKw,7r/5k2/2Qq2p1/3Nnpp1/2B5/6P1/PP3P1r/4R1K1 w - - 8 32,c6d6 h2h1 g1g2 h8h2,1859,80,78,193,mate mateIn2 middlegame short,https://lichess.org/l3mFLlFQ#63,,True,https://lichess.org/training/dTrKw
lJku1,1k5r/pp4pr/2p1p1p1/3qR1B1/3P2P1/2P2N2/PP3PP1/R2Q2K1 w - - 1 23,g2g3 h7h1 g1g2 h8h2,1859,77,94,12091,kingsideAttack mate mateIn2 middlegame pin short,https://lichess.org/qq54nHW5#45,,True,https://lichess.org/training/lJku1
PedxT,1RK5/2p5/k2b4/1R6/pp3p2/8/8/3r4 b - - 7 57,a4a3 b5b7 d6c5 b8a8 c5a7 a8a7,1860,76,94,2737,endgame exposedKing long mate mateIn3,https://lichess.org/cpkgOjrX/black#114,,True,https://lichess.org/training/PedxT
VHs40,5r2/ppp3k1/1b4bp/3p3B/3N3P/2P1K1P1/P4r2/3RR3 w - - 4 28,h5g6 f8f3,1861,75,95,5908,mate mateIn1 middlegame oneMove pin,https://lichess.org/xBvbhklR#55,,True,https://lichess.org/training/VHs40
ciM94,1Q4r1/3k3p/2q2p2/2bn4/3N1B2/8/3N1PrP/R1R2K2 w - - 4 33,d4c6 g2f2 f1e1 g8g1 d2f1 g1f1,1864,75,96,7847,long mate mateIn3 middlegame,https://lichess.org/XtEfYY75#65,,True,https://lichess.org/training/ciM94
olufB,1r3Rk1/2Q3p1/3p3p/4p2P/4P3/2KPq3/Pr6/5R2 b - - 6 32,g8h7 c7g7 h7g7 f1f7,1869,81,74,127,attraction endgame mate mateIn2 sacrifice short,https://lichess.org/0pntckZz/black#64,,True,https://lichess.org/training/olufB
lYlWp,r3k2r/pp3p2/4p1p1/2qpPnP1/4NP1p/3Q4/PPPR3P/2KR4 b kq - 5 24,d5e4 d3d8 a8d8 d2d8 e8e7 d1d7,1869,78,93,317,long mate mateIn3 middlegame sacrifice,https://lichess.org/9jIBcvJq/black#48,,True,https://lichess.org/training/lYlWp
LcMfD,1r2b3/p1R3pp/3kp3/3pNp2/P2r1P2/6KP/6P1/2R5 b - - 1 36,g7g5 e5f7 e8f7 c1c6,1871,74,95,14909,endgame mate mateIn2 sacrifice short,https://lichess.org/9JSiETR6/black#72,,True,https://lichess.org/training/LcMfD
2yBJI,2r1k1r1/q4p2/4p3/2Q3P1/P1p1PP2/B5pP/1K1R4/3R4 b - - 0 31,c8c5 d2d8 e8e7 a3c5 a7c5 d1d7,1872,76,95,11646,endgame intermezzo long mate mateIn3,https://lichess.org/FkrDDLOC/black#62,,True,https://lichess.org/training/2yBJI
mSfSZ,1r2Rk2/5Pb1/p2q1n1p/2pP1Pp1/2p5/7P/1P2Q1P1/4R1K1 b - - 1 32,f8f7 e2e7 d6e7 e1e7,1874,78,77,252,mate mateIn2 middlegame short,https://lichess.org/thBBw9c1/black#64,,True,https://lichess.org/training/mSfSZ
5vVzr,7r/pq1p2k1/1p1bp1p1/4Np2/3P1Pp1/2P1Q1Pr/PP4KP/4R2R w - - 5 26,g2g1 b7h1 g1h1 h3h2 h1g1 h2h1 g1g2 h8h2,1876,111,71,18,attraction kingsideAttack mate mateIn4 middlegame sacrifice veryLong,https://lichess.org/JeV8gy3r#51,,True,https://lichess.org/training/5vVzr
PUL8W,2k4r/q2r1p2/B1pbp3/3p2p1/5Pp1/1RP1P2P/PQ5K/1R6 b - - 0 29,a7a6 b3b8 c8c7 b2b7 a6b7 b1b7,1876,76,96,6333,exposedKing long mate mateIn3 middlegame queensideAttack,https://lichess.org/Ho3VmSHQ/black#58,,True,https://lichess.org/training/PUL8W
O652i,r1br4/1p4R1/1p1Np2k/4n1bp/7p/3B4/PPP5/1K4R1 b - - 0 23,e5d3 g1g5 d3e5 d6f7 e5f7 g5g6,1877,74,96,10678,fork long mate mateIn3 middlegame,https://lichess.org/qKjRs07I/black#46,,True,https://lichess.org/training/O652i
AbvdE,r2qr1k1/1b2npb1/2p1p1p1/p2pP1P1/PpnP1PP1/4B2Q/1PP1N1BR/2K4R b - - 8 19,c4e3 h3h8 g7h8 h2h8 g8g7 h1h7,1878,78,88,355,kingsideAttack long mate mateIn3 middlegame sacrifice,https://lichess.org/XKL0ceSA/black#38,French_Defense French_Defense_Queens_Knight,True,https://lichess.org/training/AbvdE
bdFx5,r6r/1R1k2p1/p3pp1p/3p4/R2P4/4P3/5PPP/6K1 b - - 0 25,d7c6 a4b4 a6a5 b4b6,1878,98,38,36,endgame mate mateIn2 quietMove rookEndgame short,https://lichess.org/Yd2hEsVg/black#50,,True,https://lichess.org/training/bdFx5
TEhBD,8/p4p1p/2pk1p1b/4r3/3p1P2/P2Kr1P1/1PP1N2P/3RR3 w - - 2 26,d3d4 e5e4,1879,77,92,2216,endgame mate mateIn1 oneMove,https://lichess.org/JcbQqQDB#51,,True,https://lichess.org/training/TEhBD
3Jkzv,7r/pp1k4/2nb3r/3p1p2/3P2pq/2P1N3/PP3PB1/RN1QR1K1 w - - 4 26,e3f5 h4h1 g2h1 h6h1 g1g2 h8h2,1879,76,96,1493,kingsideAttack long mate mateIn3 middlegame sacrifice,https://lichess.org/XiDY03n4#51,,True,https://lichess.org/training/3Jkzv
GOSdB,5r2/8/p1rp3R/1pb3k1/3pPpp1/3P4/PPP3P1/2K4R b - - 1 27,f4f3 g2g3 f3f2 h1h5,1880,82,54,91,endgame mate mateIn2 quietMove short,https://lichess.org/WtZVRKo4/black#54,,True,https://lichess.org/training/GOSdB
Sbmhu,4r1k1/p2R1ppp/2Q5/2b1rP2/2p5/8/PPP4P/3K4 w - - 2 24,d7d5 e5e1 d1d2 c5b4 c2c3 e8e2,1881,75,87,805,endgame long mate mateIn3,https://lichess.org/dgEHZ9Zh#47,,True,https://lichess.org/training/Sbmhu
n4AAX,2R1bk2/p5pp/5p2/6q1/3n4/3p1B1P/PP1N1PP1/4R1K1 b - - 5 26,g5d2 c8e8 f8f7 f3h5 g7g6 e1e7,1882,74,97,4480,endgame long mate mateIn3,https://lichess.org/izoBR3iM/black#52,,True,https://lichess.org/training/n4AAX
NrlHK,r3r1k1/p4p2/1p1b1Pp1/4p1p1/2bpP3/5NNR/PP3K2/R7 b - - 5 30,e8e6 a1h1 e6f6 h3h8 g8g7 h1h7,1883,73,95,9753,long mate mateIn3 middlegame quietMove,https://lichess.org/QLUobVKS/black#60,,True,https://lichess.org/training/NrlHK
ji1AQ,r5k1/1b1n3R/6p1/p2P2P1/3B1p2/2P5/PP2q3/2K4R b - - 1 32,b7d5 h7g7 g8f8 h1h8 d5g8 h8g8,1884,75,97,964,exposedKing fork long mate mateIn3 middlegame,https://lichess.org/PJJHLWbT/black#64,,True,https://lichess.org/training/ji1AQ
zYtDU,6k1/ppp3p1/r5Pp/3p4/4P3/rPq1P3/P1P1Q3/1K1R3R w - - 1 25,d1d3 a3a2 d3c3 a2a1 b1b2 a6a2,1885,77,96,11856,endgame long mate mateIn3 queensideAttack sacrifice,https://lichess.org/ix9LKTtU#49,,True,https://lichess.org/training/zYtDU
d61Ju,r5rk/4b2p/p2p1pRQ/q2bpP2/P1p5/R7/1P2B1PP/6NK b - - 2 26,e7f8 h6h7 h8h7 a3h3 f8h6 h3h6,1885,75,96,9264,attraction kingsideAttack long mate mateIn3 middlegame sacrifice,https://lichess.org/8vuVWEOK/black#52,,True,https://lichess.org/training/d61Ju
NpMcn,3nr1k1/ppp1qpp1/7p/8/3P4/2PB1RR1/PP1Q1KP1/4r3 w - - 5 24,d2h6 e7e2 d3e2 e8e2,1887,83,71,259,mate mateIn2 middlegame sacrifice short,https://lichess.org/soAd43rj#47,,True,https://lichess.org/training/NpMcn
IrK7U,2k1R1r1/1p4qp/2p5/2Pp4/3P1pr1/5Q2/P5PP/4R1K1 b - - 6 31,c8d7 f3g4 g7g4 e1e7,1887,76,86,372,endgame mate mateIn2 sacrifice short,https://lichess.org/S2hMBjE3/black#62,,True,https://lichess.org/training/IrK7U
cLI1y,6r1/1R2R1p1/2k2p2/2B5/1PPb2rp/8/2K3P1/8 b - - 0 36,d4c5 b4b5 c6d6 b7d7,1887,82,71,205,endgame mate mateIn2 short,https://lichess.org/dcBftCMt/black#72,,True,https://lichess.org/training/cLI1y
5kkrV,1k5r/1q6/2R1Q3/ppB2p2/2p5/P5P1/1P5r/3R2K1 w - - 0 31,c6b6 h2g2 g1f1 h8h1 c5g1 h1g1,1889,77,93,357,exposedKing long mate mateIn3 middlegame,https://lichess.org/YhfuwWdL#61,,True,https://lichess.org/training/5kkrV
EM3lp,7r/4kp1r/p1pp1q2/1p2nn2/3Q2N1/1BP5/PP3P2/3RR1K1 w - - 0 30,g4f6 h7h1 g1g2 h8h2,1889,78,86,907,kingsideAttack master mate mateIn2 middlegame short,https://lichess.org/4peVoZLG#59,,True,https://lichess.org/training/EM3lp
TQFew,4rr2/pp5R/1np1pk2/5n2/2pP2P1/P1N1P3/1P6/2K4R b - - 0 28,f5e3 c3e4 f6g6 h1h6,1890,75,94,2276,mate mateIn2 middlegame short,https://lichess.org/5Rclxbev/black#56,,True,https://lichess.org/training/TQFew
IObM8,1kb4r/2b2R2/pp1p4/2pPp3/2P1P2q/2N1BQrP/PP4PK/5R2 w - - 5 30,e3f2 h4h3 g2h3 h8h3,1891,77,78,533,mate mateIn2 middlegame sacrifice short,https://lichess.org/ojecKKIs#59,,True,https://lichess.org/training/IObM8
3nckG,6k1/1p4r1/p1q1b1pR/6P1/1P1Q4/5r2/PK5R/8 b - - 17 39,c6d5 h6h8 g8f7 d4g7 f7g7 h2h7,1892,76,95,9252,attraction exposedKing long mate mateIn3 middlegame sacrifice,https://lichess.org/9GLswPgs/black#78,,True,https://lichess.org/training/3nckG
aWWy1,r1b1kr2/3p1ppp/3Qp3/pB1pP3/8/5RP1/PPP4q/4KR2 b q - 3 18,h2c2 d6f8 e8f8 f3f7 f8e8 f7f8 e8e7 f1f7,1892,78,95,14907,attraction mate mateIn4 middlegame sacrifice veryLong,https://lichess.org/pEJKjKLa/black#36,Sicilian_Defense Sicilian_Defense_Paulsen-Basman_Defense,True,https://lichess.org/training/aWWy1
1Gy2d,8/1p4r1/p1b1R3/3p1kp1/8/2P2p2/PP3K2/4R3 b - - 3 44,g5g4 f2g3 f3f2 e1e5,1893,75,93,130,endgame mate mateIn2 short,https://lichess.org/AqlPlewM/black#88,,True,https://lichess.org/training/1Gy2d
0AhE3,2r5/6R1/pp2pr1k/2ppN2p/3PnP2/P3P2P/1P2K3/6R1 b - - 1 35,c5d4 e5f7 f6f7 g1g6,1894,85,92,158311,endgame mate mateIn2 sacrifice short,https://lichess.org/4b9oO1CQ/black#70,,True,https://lichess.org/training/0AhE3
3upex,b1k3r1/8/pR2p2p/Np2Pp2/1Pp2P1P/2P1R3/P4KrP/3Q4 w - - 1 33,f2f1 g2g1 f1f2 g8g2,1895,78,54,144,mate mateIn2 middlegame short,https://lichess.org/EDXsWAAH#65,,True,https://lichess.org/training/3upex
Uq41J,r1b1r1k1/1p2pp2/3p2p1/3N2P1/2PbP3/pP3P2/P3K2R/7R b - - 0 22,c8e6 d5f6 d4f6 g5f6 e6h3 h2h3 e7f6 h3h8 g8g7 h1h7,1895,73,94,13962,kingsideAttack master mate mateIn5 middlegame veryLong,https://lichess.org/MVUYYyW5/black#44,,True,https://lichess.org/training/Uq41J
vZ0Fp,8/8/2R1p3/4P1rp/3Pk3/8/r5PK/5R2 w - - 4 40,c6e6 g5g2 h2h3 g2h2 h3g3 a2g2,1895,75,79,74,endgame long mate mateIn3 rookEndgame,https://lichess.org/9eVmetss#79,,True,https://lichess.org/training/vZ0Fp
sbWyq,5rk1/1pp2p2/p1n2np1/2P2r2/8/PP6/1B4KR/7R b - - 3 31,f8e8 h2h8 g8g7 h1h7,1896,76,91,2411,mate mateIn2 middlegame pin short,https://lichess.org/u2ximTWJ/black#62,,True,https://lichess.org/training/sbWyq
822W7,7r/pp2R3/1n1q1pk1/3p2p1/3Q2Pr/1PP5/P5B1/4R1K1 b - - 0 37,d6g3 d4f6 g6f6 e1e6,1897,82,67,205,attraction mate mateIn2 middlegame sacrifice short,https://lichess.org/fOjIt1p4/black#74,,True,https://lichess.org/training/822W7
nAnpT,4r3/7R/p7/1p1p1pkR/1PpP4/P2brP2/5K2/8 b - - 12 45,g5f4 h5h4 f4g5 f3f4 g5g6 h4h6,1897,76,96,1603,endgame long mate mateIn3,https://lichess.org/m476T5sR/black#90,,True,https://lichess.org/training/nAnpT
wmBRd,2k4r/p1pp1pp1/1p5r/3q1p2/3P1Q2/2P2NP1/PP3P2/R1B1R1K1 w - - 6 22,e1e5 h6h1 g1g2 h8h2,1898,99,68,59,kingsideAttack mate mateIn2 middlegame pin short,https://lichess.org/Q1L5J2rB#43,,True,https://lichess.org/training/wmBRd
zkrUF,5R2/5PPK/1r5P/8/8/7r/5k2/8 w - - 1 83,g7g8q h3h6 h7g7 b6g6,1899,78,80,256,endgame mate mateIn2 queenRookEndgame short,https://lichess.org/qh90tJ81#165,,True,https://lichess.org/training/zkrUF
tE6zC,7r/1P4k1/5p2/P3p1p1/4B1P1/5PK1/r4B2/5R2 w - - 1 43,f2b6 a2h2 e4h7 h8h7 f3f4 h7h3,1899,75,93,236,endgame long mate mateIn3 quietMove,https://lichess.org/xMbpigdF#85,,True,https://lichess.org/training/tE6zC
wXlF4,3r2k1/1p2np2/p2p1bp1/3QB2R/2P1P1q1/1P4PR/P4PK1/8 b - - 0 32,e7d5 h5h8 g8g7 h3h7,1900,77,85,889,kingsideAttack mate mateIn2 middlegame short,https://lichess.org/ROX5kRBU/black#64,,True,https://lichess.org/training/wXlF4
qPqz1,4Qkr1/p3bp1p/4pp2/4q3/8/1PR4P/P1P2PP1/3R2K1 b - - 0 22,f8e8 c3c8 e7d8 c8d8 e8e7 d1d7,1900,74,87,378,endgame long mate mateIn3,https://lichess.org/64XtctsM/black#44,,True,https://lichess.org/training/qPqz1
5vCRm,1k5r/pp6/1b6/8/PP4p1/4B1P1/2R2PK1/RN1r4 w - - 0 27,e3b6 d1h1 b6c7 b8a8 f2f3 h8h2,1903,75,98,172,endgame long mate mateIn3,https://lichess.org/Q7wT7mSj#53,,True,https://lichess.org/training/5vCRm
xbKLJ,3r2k1/2p5/p2r1p1p/4p1pP/4P1P1/1q2KP2/2P2B2/R3R3 w - - 0 36,c2b3 d6d2 b3b4 d8d3,1904,73,95,10681,clearance endgame mate mateIn2 short,https://lichess.org/pdD31TYJ#71,,True,https://lichess.org/training/xbKLJ
qXqfW,7r/8/4R3/8/3P2k1/4p3/5r1P/4R2K w - - 4 39,e1e3 f2h2 h1g1 h2h1 g1g2 h8h2,1904,100,41,20,endgame long mate mateIn3 rookEndgame,https://lichess.org/vNAQtAZ5#77,,True,https://lichess.org/training/qXqfW
8mdsg,r2r2k1/pp3p1p/2p1q1p1/6P1/4P3/P1Q4R/1P1p1P2/3K3R b - - 1 28,e6e4 c3h8 g8h8 h3h7 h8g8 h7h8 g8g7 h1h7,1905,73,95,14945,attraction endgame mate mateIn4 sacrifice veryLong,https://lichess.org/NrVQajsC/black#56,,True,https://lichess.org/training/8mdsg
TmAd3,2r1q1k1/5pb1/p3p1p1/3pP1P1/5P1Q/2P4R/4r3/5K1R b - - 1 35,e8b5 h4h8 g7h8 h3h8 g8g7 h1h7,1906,101,70,28,long master mate mateIn3 middlegame sacrifice,https://lichess.org/ZIfldXEP/black#70,,True,https://lichess.org/training/TmAd3
dNw5u,3r2kQ/p4p1p/2pbb1p1/1p2P1P1/4N1P1/4K3/1qP4R/7R b - - 0 30,g8h8 h2h7 h8g8 h7h8 g8g7 h1h7,1906,78,87,60,long master mate mateIn3 middlegame,https://lichess.org/oh4dX81Z/black#60,,True,https://lichess.org/training/dNw5u
CUtYe,3r2k1/pp3pp1/2p5/6p1/4PnP1/4KP1P/PP1r4/2R1RB2 w - - 3 28,h3h4 f4g2 f1g2 d8d3,1909,89,74,66,endgame fork master mate mateIn2 sacrifice short,https://lichess.org/ByGonExr#55,,True,https://lichess.org/training/CUtYe
pyr9C,R7/2r3bk/6p1/3P1pP1/4pK2/2p1P3/1r1B1P2/2R5 b - - 2 39,c3d2 c1h1 g7h6 h1h6 h7g7 a8h8 d2d1q h6h7,1909,75,95,11305,endgame mate mateIn4 quietMove veryLong,https://lichess.org/NJzY14nV/black#78,,True,https://lichess.org/training/pyr9C
4lrGX,7r/pp4k1/1bpp1r2/4p3/3PP3/1BP1RpP1/PP3P2/3R2K1 w - - 3 25,d4e5 f6h6 e3f3 h6h1 g1g2 h8h2,1909,77,88,928,endgame long master mate mateIn3 quietMove,https://lichess.org/qNPuPRlu#49,,True,https://lichess.org/training/4lrGX
CwNsJ,4q3/p6R/1br2kp1/5r2/3n1P2/8/PP4Q1/1K5R b - - 2 41,e8e2 g2g6 f6g6 h1h6,1910,76,95,1356,attraction mate mateIn2 middlegame sacrifice short,https://lichess.org/ZTizBjjS/black#82,,True,https://lichess.org/training/CwNsJ
BlgSg,6R1/r3k1Qp/bp2p3/p2pPr2/3q1P2/8/PPP4P/2K3R1 b - - 4 28,f5f7 g7f7 e7f7 g1g7,1911,75,94,1219,attraction mate mateIn2 middlegame sacrifice short,https://lichess.org/RqOWZhBm/black#56,,True,https://lichess.org/training/BlgSg
byOGp,8/7R/2b3k1/8/1pnB1K2/3rPp2/7R/8 b - - 3 43,d3d4 e3d4 f3f2 h2h6,1912,85,77,154,endgame hangingPiece master mate mateIn2 short,https://lichess.org/Zji6zpQm/black#86,,True,https://lichess.org/training/byOGp
n2ZRS,4r1k1/1R3p2/p5p1/2b2bQ1/2P2KP1/4r3/P6P/3R4 w - - 1 30,d1d8 c5d6 d8d6 e8e4,1912,73,94,13169,master mate mateIn2 middlegame sacrifice short,https://lichess.org/B10XfusR#59,,True,https://lichess.org/training/n2ZRS
8oA9Q,3r1b1r/R5pp/1kpp4/R7/8/6P1/2P2P1P/6K1 b - - 0 31,c6c5 c2c4 d6d5 a5a6,1913,107,69,80,endgame mate mateIn2 quietMove short,https://lichess.org/k5Bxelvz/black#62,,True,https://lichess.org/training/8oA9Q
qnq1w,r2Qn2r/p7/1p4k1/2q1PR2/8/3B2Pp/PPP4P/5R1K b - - 0 25,a8d8 f5f6 g6g7 f6g6 g7h7 f1f7 e8g7 f7g7,1913,99,50,25,doubleCheck exposedKing mate mateIn4 middlegame veryLong,https://lichess.org/7ubD8zZU/black#50,,True,https://lichess.org/training/qnq1w
SjJmR,7k/1p3r2/4N2p/p7/Pb1r4/4K2P/6R1/6R1 b - - 3 37,d4d6 g2g8 h8h7 e6f8 f7f8 g1g7,1914,76,95,14524,endgame exposedKing long mate mateIn3 sacrifice,https://lichess.org/rxAGIRE1/black#74,,True,https://lichess.org/training/SjJmR
vf4cT,4k1r1/p7/3p3p/7n/4P2P/3P1R1K/PPP3r1/5R2 w - - 3 28,f1f2 h5f4 f3f4 g8g3,1915,77,96,16939,endgame mate mateIn2 sacrifice short,https://lichess.org/4Sw4fO55#55,,True,https://lichess.org/training/vf4cT
9vOwe,6kr/ppR3p1/3Q2p1/B7/3Pp3/4PqPr/PP3P1P/4R1K1 w - - 5 26,d6g6 f3h1 g1h1 h3h2 h1g1 h2h1 g1g2 h8h2,1916,75,96,17294,attraction kingsideAttack mate mateIn4 middlegame sacrifice veryLong,https://lichess.org/DCT3zNM9#51,,True,https://lichess.org/training/9vOwe
rHZ2R,2k4r/1p6/1Qq5/5p2/6p1/6Pr/5P1P/3RR1K1 w - - 2 34,b6a7 c6h1 g1h1 h3h2 h1g1 h2h1 g1g2 h8h2,1916,76,80,95,attraction endgame mate mateIn4 sacrifice veryLong,https://lichess.org/7LzQqpAy#67,,True,https://lichess.org/training/rHZ2R
FC1Wf,1r4k1/pq3ppp/2p2n2/Q1Pp4/3Pp3/N1KBP1PP/Pr6/1R5R w - - 1 26,d3a6 b7b3 a2b3 b8b3,1917,75,95,734,mate mateIn2 middlegame sacrifice short,https://lichess.org/AW9DNbS5#51,,True,https://lichess.org/training/FC1Wf
En456,8/p1RR4/kp6/5n1p/2b5/2K5/P4r2/8 b - - 13 43,c4f1 c7a7 a6b5 a2a4 b5c6 a7c7,1918,75,96,1490,endgame long mate mateIn3,https://lichess.org/01po2bjk/black#86,,True,https://lichess.org/training/En456
oTw8v,r3r1k1/1pp1qpb1/p5p1/4p1P1/2Pn3Q/5N2/PP3PPR/2K4R b - - 7 21,e7c5 h4h8 g7h8 h2h8 g8g7 h1h7,1920,123,81,24,kingsideAttack long mate mateIn3 middlegame sacrifice,https://lichess.org/FMShvfOg/black#42,,True,https://lichess.org/training/oTw8v
UrLQW,2k4r/1pp2pb1/p1n1p2q/1PN3p1/P2P2P1/3QP1K1/5P1r/R4RN1 w - - 1 25,b5c6 h6h3 g1h3 h8h3,1923,77,88,157,mate mateIn2 middlegame sacrifice short,https://lichess.org/HWwwkQcg#49,,True,https://lichess.org/training/UrLQW
13VvB,8/p1r5/Kp1p2r1/2p5/P1P2k2/2PR2p1/8/5R2 b - - 1 46,f4e4 f1f3 g3g2 d3e3,1924,75,95,209,endgame mate mateIn2 rookEndgame short,https://lichess.org/mBHWpEef/black#92,,True,https://lichess.org/training/13VvB
By9mf,2r2k2/4R1p1/5pbp/P7/1B6/1p4P1/4RPKP/1r6 b - - 2 35,b3b2 e7e8 f8f7 e2e7,1924,79,80,216,doubleCheck endgame mate mateIn2 short,https://lichess.org/WYGo7wQT/black#70,,True,https://lichess.org/training/By9mf
OwHA0,2r3k1/5p1p/3P2p1/2q5/1p6/1P1Q2P1/PK1R3P/2rR4 w - - 3 30,d6d7 c5e5 d3d4 e5d4 d2d4 c8c2,1925,74,95,4122,endgame long mate mateIn3,https://lichess.org/QpHM6tyI#59,,True,https://lichess.org/training/OwHA0
apvNa,1k1br3/1p3Q2/p1Rpr2p/8/1P1B1Pp1/8/P1P3PP/6K1 w - - 11 36,c6d6 e6e1 g1f2 d8h4 g2g3 e8e2,1926,76,88,306,endgame long mate mateIn3,https://lichess.org/qYYpfPRp#71,,True,https://lichess.org/training/apvNa
vjBVy,R1nr4/1k3pp1/1p1q4/1P1p4/3Pp3/2P5/Q2N1P1r/R4K2 b - - 2 26,d6f4 a2a7 c8a7 a1a7,1926,76,95,1092,mate mateIn2 middlegame sacrifice short,https://lichess.org/yHIzBZ9l/black#52,,True,https://lichess.org/training/vjBVy
G2fny,3rr3/pb4pk/1pp2pRp/3pqP2/2P1P3/P2B3R/1P1Q2PP/6K1 b - - 1 27,d5e4 d2h6 g7h6 h3h6,1927,235,33,4,mate mateIn2 middlegame sacrifice short,https://lichess.org/o6nMs5sL/black#54,,True,https://lichess.org/training/G2fny
Wurww,3r2k1/6pp/p4p2/1p6/1Pb5/P2rPP2/1BR1KP1P/7R w - - 1 25,h1c1 d3d1 c2c4 d8d2,1928,74,98,653,clearance discoveredAttack endgame mate mateIn2 sacrifice short,https://lichess.org/L087Curv#49,,True,https://lichess.org/training/Wurww
zOdnR,8/p1r5/1p2k3/3p2p1/PP1n2P1/3KPP2/1R1R4/2r5 w - - 0 44,d3d4 c1c3 e3e4 c7c4,1930,76,90,1595,endgame mate mateIn2 rookEndgame short,https://lichess.org/YYwQLuBz#87,,True,https://lichess.org/training/zOdnR
ZVAS4,1r4k1/4R2R/p4p1P/3b4/3p4/8/PPr5/6K1 b - - 4 44,b8b2 e7g7 g8f8 h7h8 d5g8 h8g8,1931,92,85,68,endgame exposedKing long mate mateIn3,https://lichess.org/Bw9AQCD9/black#88,,True,https://lichess.org/training/ZVAS4
HsfRU,r6k/r6p/6pQ/1pp1R1P1/3p1P2/1PqP4/P1P5/1K5R w - - 0 30,h1e1 c3a1 b1a1 a7a2 a1b1 a2a1 b1b2 a8a2,1932,75,96,10029,attraction endgame mate mateIn4 queensideAttack sacrifice veryLong,https://lichess.org/TDNbMxaU#59,,True,https://lichess.org/training/HsfRU
6zmZY,3k4/2pb1pp1/p4B2/3P4/2q5/P1P5/2K2P1r/4R1R1 b - - 0 24,g7f6 g1g8 d7e8 e1e8 d8d7 e8d8 d7e7 g8e8,1934,75,95,871,endgame mate mateIn4 veryLong,https://lichess.org/sG8Htr6G/black#48,,True,https://lichess.org/training/6zmZY
8pJHs,5r2/pp5k/3P2p1/4b2p/2B1p1p1/P5r1/4Q2K/3R3R w - - 6 43,e2e4 f8f2 e4g2 f2g2,1934,78,75,125,mate mateIn2 middlegame short,https://lichess.org/VNcid7jD#85,,True,https://lichess.org/training/8pJHs
DuNxe,5r2/4q1bk/3p1rRp/p2b1P2/1p2p3/1P5Q/P1P1B1P1/1K5R b - - 1 34,e7e5 h3h6 g7h6 h1h6,1936,77,87,1484,mate mateIn2 middlegame sacrifice short,https://lichess.org/3hLseuxt/black#68,,True,https://lichess.org/training/DuNxe
xkYsq,r7/6pp/2R1k3/p3r3/R3p3/4P2P/5PP1/6K1 b - - 5 30,e6d5 a4c4 a5a4 c4c5,1941,92,79,46,endgame mate mateIn2 rookEndgame short,https://lichess.org/c3dB2RKo/black#60,,True,https://lichess.org/training/xkYsq
1kbjr,4rRk1/1p2r3/6pp/pq2P1b1/8/2p5/PPB2Q2/1K3R2 b - - 1 36,g8g7 f2f7 e7f7 f1f7,1941,75,100,315,mate mateIn2 middlegame sacrifice short,https://lichess.org/TayIi5I4/black#72,,True,https://lichess.org/training/1kbjr
X6CW3,6r1/p3kp2/1q1p3p/Q2Rp2b/2P1Pp2/5PrP/P3B1PK/5R2 w - - 10 27,f1g1 b6g1 h2g1 g3g2 g1f1 g2g1 f1f2 g8g2,1941,76,86,245,attraction fork mate mateIn4 middlegame sacrifice veryLong,https://lichess.org/eFniaZWK#53,,True,https://lichess.org/training/X6CW3
V7YHF,8/p1r2ppp/2r5/R3k3/2p4P/6P1/P2RK3/8 b - - 1 43,e5e4 a5d5 c4c3 d2d4,1942,76,92,6819,endgame mate mateIn2 quietMove rookEndgame short,https://lichess.org/EAn5Lpv1/black#86,,True,https://lichess.org/training/V7YHF
srd1a,r3r1k1/ppp2p1R/4b1p1/8/4N3/3n4/PPPK1PP1/7R b - - 1 18,d3b2 h7h8 g8g7 h1h7,1942,133,25,16,mate mateIn2 middlegame short,https://lichess.org/BXw1GsV6/black#36,Trompowsky_Attack Trompowsky_Attack_Raptor_Variation,True,https://lichess.org/training/srd1a
JrhOv,5R2/1b2k2r/4p3/1p2P1q1/p1pPp2p/PnP4P/1P3QP1/5RK1 b - - 4 34,e4e3 f2f7 h7f7 f1f7,1943,76,97,215,mate mateIn2 middlegame sacrifice short,https://lichess.org/KfXgz2WW/black#68,,True,https://lichess.org/training/JrhOv
olI02,2nQ1nk1/pr3r1R/1q4p1/3pPp2/BBpP4/P4P2/1P3PK1/7R b - - 0 32,b6d8 h7h8 g8g7 b4f8 f7f8 h1h7,1944,74,92,945,exposedKing kingsideAttack long master masterVsMaster mate mateIn3 middlegame,https://lichess.org/NAUGdStx/black#64,,True,https://lichess.org/training/olI02
Qz77I,1r5r/2Rbk1bp/p2Np1p1/3pP3/3N4/1P6/P5PP/5RK1 b - - 0 23,g7e5 f1f7 e7d6 f7d7,1944,76,92,2685,mate mateIn2 middlegame short,https://lichess.org/IMAC7GZM/black#46,,True,https://lichess.org/training/Qz77I
549YT,3r4/5R2/1k1r4/3p4/3K4/2P5/8/1R6 b - - 0 54,b6c6 f7b7 d6e6 b1b6,1947,87,76,109,endgame mate mateIn2 quietMove rookEndgame short,https://lichess.org/Z1NmTPpb/black#108,,True,https://lichess.org/training/549YT
8ozAT,r4k2/5pRn/2pbbP1p/qp6/3P3P/1PP1B3/1KQ2P2/r1NR4 w - - 1 25,c2h7 a5a2 c1a2 a8a2,1947,77,89,232,mate mateIn2 middlegame sacrifice short,https://lichess.org/i5gbC3jw#49,,True,https://lichess.org/training/8ozAT
CosaQ,2q3rk/1p3prp/p4p1Q/4pP2/P3P1PR/1P5R/7P/7K b - - 0 31,g8d8 h6h7 g7h7 h4h7 h8g8 h7h8 g8g7 h3h7,1948,75,94,7613,endgame kingsideAttack master mate mateIn4 sacrifice veryLong,https://lichess.org/8gkmZ9Fc/black#62,,True,https://lichess.org/training/CosaQ
GR3eE,8/7R/p4rk1/2p3pR/2P2pP1/PP2r3/4p1K1/8 b - - 3 36,f4f3 g2h2 f3f2 h5h6,1948,73,96,12716,defensiveMove endgame mate mateIn2 rookEndgame short,https://lichess.org/bUFfg588/black#72,,True,https://lichess.org/training/GR3eE
JKUvr,1r5r/ppR3pp/3kbp2/N3p3/5n2/5B2/PP3PPP/2R3K1 b - - 7 26,f4d3 a5b7 b8b7 c1c6,1951,75,95,10891,mate mateIn2 middlegame sacrifice short,https://lichess.org/lgHad2PK/black#52,,True,https://lichess.org/training/JKUvr
ySz3d,r7/p6p/R3p3/2r1k3/8/2pK4/4R3/8 b - - 5 42,e5d5 a6e6 c3c2 e2e5,1952,81,72,94,endgame mate mateIn2 rookEndgame short,https://lichess.org/bQYzNGNb/black#84,,True,https://lichess.org/training/ySz3d
4qxAl,8/1R5R/2pk4/3p4/3P4/3BP1pP/Pr4r1/6K1 w - - 0 35,g1f1 b2f2 f1e1 g2g1 d3f1 g1f1,1954,77,78,119,endgame exposedKing long mate mateIn3,https://lichess.org/1uQyAwe0#69,,True,https://lichess.org/training/4qxAl
FZv4T,2r2r2/2pK2kP/n2p2P1/3P4/8/p7/Pp4R1/1B5R w - - 5 47,g2h2 a6b8 d7e7 c8e8,1954,76,94,395,endgame mate mateIn2 short,https://lichess.org/bekZc7CQ#93,,True,https://lichess.org/training/FZv4T
0kqX7,2r3kr/3b1p1p/p3pQpR/2qp2P1/1p3P2/1PN5/PP6/1K5R b - - 1 31,b4c3 f6h8 g8h8 h6h7 h8g8 h7h8 g8g7 h1h7,1954,76,100,124,attraction kingsideAttack mate mateIn4 middlegame sacrifice veryLong,https://lichess.org/5EMCI4R8/black#62,,True,https://lichess.org/training/0kqX7
pirbN,r4rk1/1p1npqb1/2p2p2/5Pp1/3P4/1p1N3Q/P1PB3R/2K4R b - - 1 24,f8e8 h3h8 g7h8 h2h8 g8g7 h1h7,1956,80,88,114,exposedKing kingsideAttack long mate mateIn3 middlegame sacrifice,https://lichess.org/tEVB6sKG/black#48,,True,https://lichess.org/training/pirbN
FrIE6,r1b2r2/1p6/p4pR1/4pn1k/4N2P/8/PP3P1K/6R1 b - - 5 28,f5h4 e4f6 f8f6 g1g5,1956,84,51,48,mate mateIn2 middlegame sacrifice short,https://lichess.org/CWUHV7F1/black#56,,True,https://lichess.org/training/FrIE6
T7QAr,8/8/1p5r/p1rp4/6R1/2P1P2p/P4Pk1/4KR2 b - - 1 37,g2f3 f1g1 h3h2 g1g3,1957,188,-33,5,endgame mate mateIn2 quietMove rookEndgame short,https://lichess.org/IroLYkDy/black#74,,True,https://lichess.org/training/T7QAr
qs04X,7k/6p1/7p/3Ppr2/1P6/3P1pPr/P1PB1P1P/R3R2K w - - 2 31,e1e3 f5h5 h1g1 h3h2 e3f3 h2h1 g1g2 h5h2,1959,76,96,10218,endgame mate mateIn4 quietMove veryLong,https://lichess.org/YOshEJoy#61,,True,https://lichess.org/training/qs04X
1TXEO,6r1/8/p3R2p/4Qq2/5p1k/2PP1P2/P1r3P1/6K1 w - - 0 35,e5f5 c2g2 g1f1 g2g1 f1f2 g8g2,1959,75,90,1079,endgame long mate mateIn3 queenRookEndgame,https://lichess.org/KX9Oqvog#69,,True,https://lichess.org/training/1TXEO
vR8Sx,1n2kbnr/1p3pp1/2p4r/p3P2q/4P1p1/1P1P2P1/PB1NNPB1/R2Q1RK1 w k - 1 16,f1e1 h5h1 g2h1 h6h1 g1g2 h8h2,1960,75,95,14030,kingsideAttack long mate mateIn3 opening sacrifice,https://lichess.org/GhwG1B0V#31,Hungarian_Opening Hungarian_Opening_Other_variations,True,https://lichess.org/training/vR8Sx
Sa8vS,8/6pk/p6p/3Q4/3b4/6P1/PPr1r2P/4R1K1 w - - 3 25,g1f1 e2f2 f1g1 f2g2 g1f1 c2f2,1960,76,88,803,doubleCheck endgame exposedKing long mate mateIn3,https://lichess.org/Xo2VSF8d#49,,True,https://lichess.org/training/Sa8vS
8AEME,1k4r1/ppp3r1/4Rp1p/5Q2/2B2p2/3P1P1P/PPP2qP1/6RK w - - 1 29,f5e4 f2g1 h1g1 g7g2 g1f1 g2g1 f1f2 g8g2,1961,75,96,4482,attraction kingsideAttack mate mateIn4 middlegame sacrifice veryLong,https://lichess.org/GO8o9wQl#57,,True,https://lichess.org/training/8AEME
pGlCd,1k2r1r1/R2n3q/1pP1p3/3p2b1/8/5NP1/2P2P2/R5K1 b - - 0 29,e8e7 a7b7 b8c8 a1a8 d7b8 a8b8,1962,74,95,12688,exposedKing long mate mateIn3 middlegame,https://lichess.org/0muy6Vat/black#58,,True,https://lichess.org/training/pGlCd
bUd2A,rn1q2n1/1bpp2R1/1p2p1R1/4Pr1k/3P3b/p2B4/PPP1NP2/1K6 b - - 8 25,b7f3 e2f4 f5f4 g7h7 g8h6 h7h6,1963,74,89,139,long mate mateIn3 middlegame sacrifice,https://lichess.org/aQgK0SkQ/black#50,,True,https://lichess.org/training/bUd2A
V2sC6,5R2/pp2r1kp/2pN2p1/2n3P1/8/2r1p3/2P4P/5RK1 b - - 0 36,e3e2 d6e8 e7e8 f1f7,1964,72,94,14011,endgame master masterVsMaster mate mateIn2 sacrifice short,https://lichess.org/h8Z48G30/black#72,,True,https://lichess.org/training/V2sC6
fqZNE,b4r2/5qbk/3pN1pp/B1pPp2n/P1P1Q2N/6PP/4R3/1R3rK1 w - - 2 39,g1g2 f7f2 e2f2 f8f2,1965,80,85,365,mate mateIn2 middlegame sacrifice short,https://lichess.org/o6Knwrxc#77,,True,https://lichess.org/training/fqZNE
EMB60,8/6rk/5Kpp/2R5/2pPr3/2P1P1R1/8/8 w - - 4 48,c5c4 e4e7 e3e4 g7f7,1965,78,86,622,endgame mate mateIn2 rookEndgame short,https://lichess.org/5c6TprgG#95,,True,https://lichess.org/training/EMB60
r5xqg,6k1/2p4p/1p1r4/5p1p/1P3P2/2P2RPP/r3K3/2R5 w - - 8 42,e2e3 a2d2 c3c4 d6d3,1965,76,83,285,endgame mate mateIn2 quietMove rookEndgame short,https://lichess.org/wzJBj0Om#83,,True,https://lichess.org/training/r5xqg
g1QfV,8/5R2/p1rpk1r1/4p2N/1pP1P1P1/4b3/PP6/3K1R2 b - - 4 34,c6c4 h5g7 g6g7 f1f6,1965,89,71,104,endgame master mate mateIn2 sacrifice short,https://lichess.org/yFHYfi0l/black#68,,True,https://lichess.org/training/g1QfV
w6VjA,5r2/p2k4/2p5/R2n4/1P6/P2B1K2/1BPP2P1/R6r w - - 5 28,f3e4 f8f4 e4e5 h1h5 d3f5 h5f5,1967,88,86,34,long mate mateIn3 middlegame,https://lichess.org/J5mjujRp#55,,True,https://lichess.org/training/w6VjA
ESjVC,r4qrk/3n1pnp/3p2RQ/1p3P2/p1bpP2R/P1N2B1P/1PP4K/8 b - - 1 28,g7h5 h6h7 h8h7 h4h5 f8h6 h5h6,1967,120,79,20,attraction kingsideAttack long mate mateIn3 middlegame sacrifice,https://lichess.org/UOD9g4Od/black#56,,True,https://lichess.org/training/ESjVC
kh1Lh,8/P7/7r/1R1pk3/1P6/R1P5/8/6Kr w - - 5 53,g1g2 e5f4 c3c4 h6h2,1968,72,94,9798,endgame mate mateIn2 rookEndgame short,https://lichess.org/IFXleF0f#105,,True,https://lichess.org/training/kh1Lh
Ma2hm,2r4k/1p3prp/3q1p1Q/P2b1P2/3pB2R/7R/6PP/7K b - - 4 29,d5e4 h6h7 g7h7 h4h7 h8g8 h7h8 g8g7 h3h7,1971,75,88,612,mate mateIn4 middlegame sacrifice veryLong,https://lichess.org/ofEfoIMf/black#58,,True,https://lichess.org/training/Ma2hm
2yHS5,1r4k1/5pp1/1q4n1/p1p1p2Q/2P1P3/2K1NN2/Pr3P2/3R3R w - - 3 35,e3d5 b6b3 a2b3 b8b3,1972,107,47,29,mate mateIn2 middlegame sacrifice short,https://lichess.org/Iqowp0iO#69,,True,https://lichess.org/training/2yHS5
Vajuu,2k1r3/pp2qp2/5bp1/3p1p2/1P1N1Bp1/P1PQ2P1/3N1KB1/R3r3 w - - 9 25,d4f5 e7e2 d3e2 e8e2,1972,75,87,1100,mate mateIn2 middlegame short,https://lichess.org/ek2iuB5W#49,,True,https://lichess.org/training/Vajuu
stOgI,1rr2k1Q/1q2pp2/p2p2p1/3P4/b1pb2P1/2P1BP2/PP5R/2K4R b - - 1 24,d4h8 h2h8 f8g7 e3d4 e7e5 d5e6 f7f6 h1h7,1973,76,96,12219,discoveredAttack enPassant mate mateIn4 middlegame veryLong,https://lichess.org/1jLvmCni/black#48,,True,https://lichess.org/training/stOgI
nHEHP,r3r1k1/5p1p/2p3p1/p1Pp2P1/P3qP2/2Q1P3/4K1PR/7R b - - 4 24,a8b8 c3h8 g8h8 h2h7 h8g8 h7h8 g8g7 h1h7,1974,75,94,7098,attraction endgame kingsideAttack mate mateIn4 sacrifice veryLong,https://lichess.org/2LFfQYEq/black#48,,True,https://lichess.org/training/nHEHP
Cx2qo,2r5/pp1k1R2/8/3p4/3P4/1Pr1p3/P7/1Kb1R3 b - - 1 32,d7e6 e1f1 c3b3 a2b3 e3e2 f1f6,1975,73,94,10970,endgame long mate mateIn3,https://lichess.org/Z2vf1e9a/black#64,,True,https://lichess.org/training/Cx2qo
C8HQ1,r1bk4/ppppRp1p/8/8/8/2KB4/PP5r/4R3 b - - 0 22,d7d6 e7e8 d8d7 d3b5 c7c6 e1e7,1975,75,95,308,endgame long mate mateIn3,https://lichess.org/bZD7Gorp/black#44,,True,https://lichess.org/training/C8HQ1
uhf1G,rn2RR2/pp4p1/2p3pk/8/3q2PP/8/2P5/2K5 b - - 0 29,g6g5 f8h8 h6g6 h4h5 g6f7 h8f8,1975,75,100,260,endgame long mate mateIn3,https://lichess.org/tFk74EBz/black#58,,True,https://lichess.org/training/uhf1G
SeA22,2r3k1/2r1q1pp/p3N3/3QP3/5pP1/5R2/Pp5P/2KR4 w - - 0 27,c1b1 c7c1 b1b2 e7b4 d5b3 c8c2,1976,76,81,148,long mate mateIn3 middlegame queensideAttack,https://lichess.org/XqwHaFIG#53,,True,https://lichess.org/training/SeA22
Uf5AR,1R5r/1Q1k1pp1/r1p5/N1Pp1b2/5q1p/8/5PPP/1R4K1 b - - 5 33,f4c7 b7c7 d7c7 b1b7,1976,80,36,74,attraction master mate mateIn2 middlegame short,https://lichess.org/filFjMCj/black#66,,True,https://lichess.org/training/Uf5AR
gRTbd,1r4k1/7P/2p1p2p/8/3P4/8/rP4R1/qBK3R1 b - - 0 32,g8f7 g2g7 f7f6 g1g6,1976,76,92,1559,endgame mate mateIn2 short,https://lichess.org/KuPInwZ1/black#64,,True,https://lichess.org/training/gRTbd
bhMVF,r7/8/2pr2pp/p1R1pp2/1P1k4/P2P1P2/3K1P1P/R7 b - - 1 26,a5b4 a1c1 b4b3 c1c4,1977,95,87,81,endgame mate mateIn2 quietMove rookEndgame short,https://lichess.org/lmYe8q2w/black#52,,True,https://lichess.org/training/bhMVF
uNbLI,6k1/1p2Rp1p/pP4p1/1PP3P1/2P5/1KR5/1r5r/8 w - - 1 41,b3a3 b2a2 a3b4 a6a5 b4b3 h2b2,1978,78,88,331,endgame exposedKing long mate mateIn3 rookEndgame,https://lichess.org/yJIEPBxU#81,,True,https://lichess.org/training/uNbLI
GL5Yi,r3R1nr/pp1n1k2/3b2p1/3q2pp/3P4/6P1/PPP1QP1P/4R1K1 b - - 1 19,g8f6 e2e7 d6e7 e1e7,1980,78,94,11902,mate mateIn2 middlegame sacrifice short,https://lichess.org/0y7g6YwS/black#38,Scandinavian_Defense Scandinavian_Defense_Main_Line,True,https://lichess.org/training/GL5Yi
ZxcW0,6r1/3P3p/2B3rk/1P4q1/P4b2/3Q3P/4RPP1/R5K1 w - - 1 37,f2f3 g5g2 e2g2 g6g2 g1f1 g2g1 f1f2 g8g2,1983,137,82,24,mate mateIn4 middlegame sacrifice veryLong,https://lichess.org/sfHjElbP#73,,True,https://lichess.org/training/ZxcW0
qs9kA,k7/B3Rpp1/2p4p/4PP1P/4n1P1/8/1P1r2r1/2R2K2 w - - 13 38,c1c6 e4g3 f1e1 g2e2,1983,77,71,87,endgame mate mateIn2 short,https://lichess.org/5lyUQkIA#75,,True,https://lichess.org/training/qs9kA
5D4iU,6r1/2R4R/4pk1p/5pp1/7P/4K1P1/r4P2/8 b - - 1 40,g8g6 h7f7 f6e5 f2f4 g5f4 g3f4 e5d6 f7d7,1984,78,93,143951,endgame mate mateIn4 rookEndgame veryLong,https://lichess.org/ZKC10Rl8/black#80,,True,https://lichess.org/training/5D4iU
MyE8a,8/p3b1kR/4p1P1/q2pN3/Pn1P4/1r6/2p5/K1R5 b - - 1 35,g7f6 h7f7 f6g5 c1g1 b3g3 g1g3 g5h4 g3g4 h4h3 f7h7 e7h4 h7h4,1988,76,87,418,fork mate mateIn5 middlegame veryLong,https://lichess.org/M3ciRTJO/black#70,,True,https://lichess.org/training/MyE8a
78g4d,6r1/pp3p1k/1p1p2qp/3Bp3/PP2Pp2/2PP1N1K/5Pr1/R2Q2R1 w - - 3 24,f3h4 g6g3 f2g3 g8g3,1992,77,76,167,mate mateIn2 middlegame sacrifice short,https://lichess.org/EySngWdg#47,,True,https://lichess.org/training/78g4d
vMAWv,r1b1r1k1/5p2/p2pp3/1p1Nb1K1/4P1P1/1P5R/1B6/7R b - - 4 28,e6d5 h3h8 g8g7 h1h7,1992,75,94,4129,master mate mateIn2 middlegame short,https://lichess.org/5RLEbs4N/black#56,,True,https://lichess.org/training/vMAWv
Kmr49,5r2/r6p/pR4p1/3kpp2/P2p4/3P3P/6P1/2R3K1 b - - 1 34,f8f7 b6c6 e5e4 c1c5,1993,79,92,3207,endgame mate mateIn2 rookEndgame short,https://lichess.org/ymWPWsFS/black#68,,True,https://lichess.org/training/Kmr49
fdrWn,7R/p6p/5pp1/1p2p1nk/4r3/1P5P/P1r2P2/K1B3R1 b - - 3 43,e4e2 g1g5 h5h6 g5h5 h6g7 h5h7,1994,92,100,48,doubleCheck endgame long mate mateIn3,https://lichess.org/uAwsngxG/black#86,,True,https://lichess.org/training/fdrWn
ffdXj,2r3k1/8/3ppbN1/8/1P2PKb1/p1r5/Bn5R/7R b - - 5 42,g4d1 a2e6 g8g7 h2h7 g7g6 h1h6,1996,78,92,1406,exposedKing fork long mate mateIn3 middlegame sacrifice,https://lichess.org/SiiSkOko/black#84,,True,https://lichess.org/training/ffdXj
BfhyF,7r/pp3k2/8/1b1P1p2/1P3qp1/P5p1/3Q2K1/R5Rr w - - 0 36,d2f4 h1h2 g2g3 h8h3,1997,102,78,28,endgame mate mateIn2 short,https://lichess.org/KYsY2Ymy#71,,True,https://lichess.org/training/BfhyF
8h2wC,8/p7/1b1r1p2/2pP1R2/r1P4k/7R/5PK1/8 b - - 1 42,h4g4 f5h5 f6f5 h3h4,1998,77,91,2682,endgame mate mateIn2 quietMove short,https://lichess.org/WOL3LODa/black#84,,True,https://lichess.org/training/8h2wC
dmeju,5r2/pp1n3k/2pp4/4p2q/3PP2p/2PB1r2/PP2K3/4QR1R w - - 0 36,h1h4 f3f2 e2e3 f8f3,2000,76,92,1640,doubleCheck mate mateIn2 middlegame short,https://lichess.org/GZQwKinL#71,,True,https://lichess.org/training/dmeju
YtGRN,2R1kb1r/1b3ppp/pq2p3/3pP3/3n4/8/PPQP1PPP/2R3K1 b k - 1 19,e8d7 c2c7 b6c7 c1c7,2001,76,93,3919,mate mateIn2 middlegame short,https://lichess.org/2nLGL5KJ/black#38,Sicilian_Defense Sicilian_Defense_Nyezhmetdinov-Rossolimo_Attack,True,https://lichess.org/training/YtGRN
mtSN3,1r5r/3R1p1p/4kpbb/p3p3/B5P1/7P/PPP2P2/1K1R4 b - - 4 20,b8b6 a4b3 b6b3 d1d6,2001,78,95,12235,mate mateIn2 middlegame sacrifice short,https://lichess.org/q4q7uUYA/black#40,,True,https://lichess.org/training/mtSN3
uA1wk,4r1k1/p1r2p1p/1p2pQpR/4P1P1/2Pq4/1P5R/6KP/8 b - - 1 29,d4d1 f6h8 g8h8 h6h7 h8g8 h7h8 g8g7 h3h7,2004,74,95,13551,attraction endgame mate mateIn4 sacrifice veryLong,https://lichess.org/HbOnRP7J/black#58,,True,https://lichess.org/training/uA1wk
1Vd7v,1k6/R2R4/p5n1/7p/8/1BP3PP/P5PK/4rr2 w - - 3 27,g3g4 f1h1 h2g3 h5h4 g3f2 h1f1,2004,76,87,1275,endgame long mate mateIn3,https://lichess.org/RKePXMs8#53,,True,https://lichess.org/training/1Vd7v
FyB5k,8/5pk1/4p1p1/RR2P1p1/1P1KP2P/6r1/2r5/8 w - - 0 38,h4g5 c2c3 b5c5 g3d3,2005,87,69,87,endgame mate mateIn2 quietMove rookEndgame short,https://lichess.org/ODJfhU2a#75,,True,https://lichess.org/training/FyB5k
l8MLV,3rr1k1/ppp2qb1/6p1/3p2B1/3np2Q/2N4R/PPP2PP1/2K4R b - - 1 21,d4f5 h4h8 g7h8 h3h8 g8g7 h1h7,2006,77,94,12375,exposedKing kingsideAttack long mate mateIn3 middlegame sacrifice,https://lichess.org/gGs4X2ah/black#42,,True,https://lichess.org/training/l8MLV
9uBTv,r1b4r/pp2kR1p/2pp4/8/3P4/8/PPP3PP/5RK1 b - - 2 19,e7e6 c2c4 c6c5 f1f6,2008,84,76,86,endgame mate mateIn2 quietMove short,https://lichess.org/BNL5DArB/black#38,,True,https://lichess.org/training/9uBTv
zi2ti,5rk1/6p1/p2Qb2p/7n/2pP3N/2P4P/PR1BNq1K/1R3r2 w - - 3 27,h4g2 f2g2 h2g2 f8f2,2009,77,95,15269,attraction mate mateIn2 middlegame sacrifice short,https://lichess.org/1xP9kX4A#53,,True,https://lichess.org/training/zi2ti
TjTrT,7r/ppQ4r/2P1p1kq/1P1p1pn1/3P4/4P1P1/P4PB1/2R1R1K1 w - - 3 31,c7f4 h6h1 g2h1 h7h1 g1g2 h8h2,2009,76,95,13476,kingsideAttack long mate mateIn3 middlegame sacrifice,https://lichess.org/soDR1Y9R#61,,True,https://lichess.org/training/TjTrT
2O7dc,6k1/6pp/p1p2r1r/N2p1p2/1P1P3n/P3P1P1/5P1K/2R1R3 w - - 0 28,g3h4 f6g6 h2h3 g6g4 f2f3 h6h4,2009,75,96,6951,endgame long mate mateIn3 quietMove,https://lichess.org/OGKJTYV8#55,,True,https://lichess.org/training/2O7dc
1eyq3,B6r/2q5/1k5n/2p2p1p/Rp2P1pP/1P6/5PPb/R6K b - - 0 41,h2e5 a4a6 b6b5 a8c6 c7c6 a1a5,2010,76,95,216,long mate mateIn3 middlegame sacrifice,https://lichess.org/A18PHONB/black#82,,True,https://lichess.org/training/1eyq3
XFHnu,4Rk1r/5p2/2p3p1/1p4P1/r2b1Q2/p4N2/PqPK4/4R3 b - - 2 33,f8g7 f4f7 g7f7 e1e7,2013,80,89,606,attraction master mate mateIn2 middlegame sacrifice short,https://lichess.org/r88PTewH/black#66,,True,https://lichess.org/training/XFHnu
MmTxj,2r5/2Prpp2/4k1pp/8/5P2/2R1K1P1/6P1/2R5 b - - 0 44,e6d6 c3c6 d6d5 c1c5,2015,82,86,49,endgame master mate mateIn2 rookEndgame short,https://lichess.org/hJSLmpFe/black#88,,True,https://lichess.org/training/MmTxj
bi88r,4r1k1/ppp2prp/3p1Q2/6PR/4qP2/1P6/PKP5/7R b - - 2 26,g7g6 f6h8 g8h8 h5h7 h8g8 h7h8 g8g7 h1h7,2017,76,95,14963,attraction endgame mate mateIn4 sacrifice veryLong,https://lichess.org/WNQoHcrE/black#52,,True,https://lichess.org/training/bi88r
JGxLE,8/pp3p2/5Q1p/7k/3B3n/1N3n2/PP2r1rP/5R1K w - - 7 38,f1f3 g2h2 h1g1 e2g2 g1f1 h2h1 d4g1 h1g1,2019,73,94,11130,mate mateIn4 middlegame veryLong,https://lichess.org/G9csKXvp#75,,True,https://lichess.org/training/JGxLE
CBWwR,6k1/5p2/1R6/3r2pp/4K3/PR3P2/6PP/3r4 w - - 2 38,b6b5 f7f5 e4e3 f5f4 e3e4 d1d4,2020,125,54,11,endgame long mate mateIn3 rookEndgame,https://lichess.org/92AHBNJR#75,,True,https://lichess.org/training/CBWwR
ufGBR,4r1k1/2P2pp1/3Pq3/8/3Q3p/4rP2/1P4P1/3R1KN1 w - - 1 36,d6d7 e3e1 f1f2 e6e2 g1e2 e8e2,2020,78,94,11070,endgame long master mate mateIn3 sacrifice,https://lichess.org/awrcBKaP#71,,True,https://lichess.org/training/ufGBR
28QF6,R5k1/1p4bp/2p1r3/6B1/4n3/1r5P/1P4P1/5R1K b - - 2 30,g7f8 f1f8 g8g7 f8g8 g7f7 a8f8,2021,75,94,10425,long mate mateIn3 middlegame,https://lichess.org/tv9zt55C/black#60,,True,https://lichess.org/training/28QF6
JiUAY,3r4/r2P3R/p2R3p/1b3ppk/4p3/B7/5K1P/8 b - - 4 38,a7d7 h7h6 h5g4 h2h3 g4f4 a3c1 e4e3 c1e3 f4e5 h6e6,2022,77,94,12651,endgame mate mateIn5 veryLong,https://lichess.org/xC6snLUG/black#76,,True,https://lichess.org/training/JiUAY
FGuEl,3r2k1/p1p2pp1/6q1/4B2Q/5P2/1PP1n1P1/P2r1PK1/R6R w - - 3 26,g2f3 g6c6 f3e3 d8d3,2025,178,35,19,mate mateIn2 middlegame sacrifice short,https://lichess.org/XW1aT48p#51,,True,https://lichess.org/training/FGuEl
FxBz0,1k1r4/p1pr1p2/RpQ4p/1P1p4/6p1/4P1P1/1q3PP1/R5K1 b - - 1 27,d7d6 c6a8 b8a8 a6a7 a8b8 a7a8 b8b7 a1a7,2025,75,94,1526,attraction endgame mate mateIn4 queensideAttack sacrifice veryLong,https://lichess.org/5JNyl4G4/black#54,,True,https://lichess.org/training/FxBz0
oRKsr,3b2k1/3P3r/8/1p1RPpP1/pB3P2/4R3/2r3K1/8 w - - 5 39,g2g3 c2h2 e5e6 h7h3,2026,75,80,498,endgame mate mateIn2 quietMove short,https://lichess.org/oiGKVA1N#77,,True,https://lichess.org/training/oRKsr
CmPbc,8/3n4/4p3/2p2p2/2P1b3/1PK1kp1r/3R1R2/4N3 b - - 4 46,d7e5 e1g2 f3g2 d2e2,2026,77,92,1442,endgame mate mateIn2 sacrifice short,https://lichess.org/bMPG77cA/black#92,,True,https://lichess.org/training/CmPbc
4I2g9,r7/7p/p1k1p3/2p1r3/2P2p2/4P3/PR4PP/1R4K1 b - - 0 27,f4e3 b2b7 e3e2 b1b6,2028,84,62,69,clearance endgame mate mateIn2 rookEndgame short,https://lichess.org/DgFfzm5x/black#54,,True,https://lichess.org/training/4I2g9
4Dmna,8/8/8/p1r2p2/4p3/2p3P1/Pb2k1K1/1R5R b - - 1 51,a5a4 b1d1 c3c2 h1e1,2030,72,95,9620,endgame mate mateIn2 quietMove short,https://lichess.org/rVArq4qo/black#102,,True,https://lichess.org/training/4Dmna
HngyQ,6r1/8/1R5p/1R2B3/4k3/7P/P1r3P1/6K1 w - - 2 44,e5b8 c2g2 g1f1 g2g1 f1f2 g8g2,2033,96,44,31,endgame long mate mateIn3,https://lichess.org/xHizzPNs#87,,True,https://lichess.org/training/HngyQ
fcbBv,7r/pp3k2/3P4/4R3/1P3p2/3B1n2/r6P/5R1K w - - 1 38,f1f3 a2h2 h1g1 h2h1 g1g2 h8h2,2034,72,95,11726,endgame long mate mateIn3,https://lichess.org/9TVDb229#75,,True,https://lichess.org/training/fcbBv
DBtil,7r/1p2R3/3p1k2/2b5/B7/2P2r1P/PP3P2/5RK1 w - - 4 34,e7e4 f3g3 g1h2 h8h3,2035,77,71,87,endgame mate mateIn2 pin short,https://lichess.org/WxEcDwPY#67,,True,https://lichess.org/training/DBtil
wcl6u,3b2r1/1p3R2/p2pk3/2pNp1r1/2P1P1p1/1P1P2Pp/P6P/5R1K b - - 1 36,g5g7 d5c7 d8c7 f1f6,2038,99,63,55,endgame master mate mateIn2 sacrifice short,https://lichess.org/ht5rpzRU/black#72,,True,https://lichess.org/training/wcl6u
iIktV,2r1k3/8/p3P3/1b1p4/1Q6/4P1N1/PPP4r/2K5 w - - 1 30,b4f4 h2c2 c1d1 c2c1 d1d2 c8c2,2039,84,87,171,endgame long mate mateIn3,https://lichess.org/KVbGd538#59,,True,https://lichess.org/training/iIktV
597RE,7k/1p1n1prB/2p1p3/3pP3/r2b2NR/2p2PP1/4K3/7R b - - 1 27,a4a2 h7c2 g7h7 h4h7 h8g8 h7h8 g8g7 h1h7,2039,74,94,10325,discoveredAttack exposedKing mate mateIn4 middlegame veryLong,https://lichess.org/K1BORyNl/black#54,,True,https://lichess.org/training/597RE
hZBsP,R5R1/p7/5p2/P4k1p/1P3B2/6K1/4r2r/8 w - - 2 40,a8c8 h5h4 g3f3 h2f2,2039,77,88,893,endgame mate mateIn2 short,https://lichess.org/Q47i5Q6k#79,,True,https://lichess.org/training/hZBsP
osAsw,8/r1p1kR2/2p4p/3p4/3Pp1rq/2p1P3/4Q1P1/5RK1 b - - 9 34,e7e6 e2g4 h4g4 f1f6,2040,76,90,2955,endgame mate mateIn2 sacrifice short,https://lichess.org/OIS28wqN/black#68,,True,https://lichess.org/training/osAsw
D1I8D,kr6/1pr2pp1/pQ1N1b1p/3P4/1R2P2P/P1q5/6P1/1R4K1 b - - 0 30,f6d8 b6a6 b7a6 b4b8 a8a7 d6c8 c7c8 b1b7,2041,75,96,14027,discoveredAttack fork mate mateIn4 middlegame sacrifice veryLong,https://lichess.org/FuplLoFj/black#60,,True,https://lichess.org/training/D1I8D
U7aCj,2k4r/ppp5/2p1p2q/8/4P3/3P1QR1/PPP3K1/R4N1r w - - 3 29,a1e1 h6h2 f1h2 h8h2,2043,79,76,146,mate mateIn2 middlegame sacrifice short,https://lichess.org/ApKCRWXT#57,,True,https://lichess.org/training/U7aCj
Au26R,r3k2r/5ppp/2b1p3/1pq5/3RPP1P/bp1Q2PB/1BP5/2KR4 b kq - 2 21,b3c2 d4d8 e8e7 d3d7 c6d7 d1d7,2044,79,66,178,long mate mateIn3 middlegame sacrifice,https://lichess.org/blBUhlO2/black#42,,True,https://lichess.org/training/Au26R
yLLct,1r1r2k1/1Qp2ppp/p3bq2/8/2P5/2P1P3/P3BPPP/2R1K2R w K - 1 18,b7c7 f6c3 c1c3 b8b1 c3c1 b1c1 e2d1 c1d1 e1e2 e6g4 f2f3 d8d2,2046,85,85,70,mate mateIn5 middlegame sacrifice veryLong,https://lichess.org/b5xikr1z#35,Indian_Defense Indian_Defense_Budapest_Defense,True,https://lichess.org/training/yLLct
ZtNYx,8/pb2k3/1p5Q/3p3P/2p2r2/2P5/PP1K1r2/RB6 w - - 2 32,d2e3 d5d4 c3d4 f4f3,2047,103,58,75,endgame mate mateIn2 short,https://lichess.org/Uo1o9Njj#63,,True,https://lichess.org/training/ZtNYx
32CWa,3kb1QR/1p6/p2p2p1/3Np3/4P3/P2PP3/1Kr2r2/8 w - - 0 33,b2b3 c2b2 b3c4 b7b5 c4c3 f2c2,2048,81,100,52,endgame long mate mateIn3,https://lichess.org/Rie6Tyjm#65,,True,https://lichess.org/training/32CWa
oag5p,r4R2/1b2r1kp/p2pp1p1/1pp3q1/4P1n1/P1NP1Q2/BPP3P1/5RK1 b - - 3 26,g5h6 f3f7 e7f7 f1f7,2052,77,89,1988,mate mateIn2 middlegame sacrifice short,https://lichess.org/OK68Otuu/black#52,,True,https://lichess.org/training/oag5p
JNLn9,2r3k1/4n1p1/1qp1pr2/7R/pp1PB3/2P3Q1/PP4P1/1K5R b - - 1 29,b4c3 h5h8 g8f7 g3g7 f7g7 h1h7,2053,74,96,11684,attraction long mate mateIn3 middlegame sacrifice,https://lichess.org/ojwotFR5/black#58,,True,https://lichess.org/training/JNLn9
AeU8N,r1b3r1/p5nk/2p2q1p/1p1p1pR1/3P1P1Q/3B4/PPPK4/R7 b - - 2 31,f6d4 h4h6 h7h6 a1h1 g7h5 h1h5,2054,76,89,1061,attraction long mate mateIn3 middlegame sacrifice,https://lichess.org/m9MbILTt/black#62,,True,https://lichess.org/training/AeU8N
oWtRr,r6r/pR4pp/3kp3/3p3q/3P4/2N1n2P/P5P1/1R5K b - - 2 27,h5g6 c3b5 d6c6 b5a7 a8a7 b1b6,2055,174,78,13,long mate mateIn3 middlegame sacrifice,https://lichess.org/5U6nGpHI/black#54,,True,https://lichess.org/training/oWtRr
3yyEu,5r2/4R3/kNpP3R/Pp6/1P1P2p1/3n2P1/6KP/5r2 w - - 0 34,e7e2 d3e1 e2e1 f8f2,2056,78,70,188,endgame mate mateIn2 sacrifice short,https://lichess.org/T90Opj4s#67,,True,https://lichess.org/training/3yyEu
6Ca3U,3r2k1/2qr1p1p/p3bQp1/1p4P1/3p3R/2P5/1PB3P1/6KR b - - 1 34,d4c3 f6h8 g8h8 h4h7 h8g8 h7h8 g8g7 h1h7,2058,75,97,369,attraction mate mateIn4 middlegame sacrifice veryLong,https://lichess.org/hVRcAxPm/black#68,,True,https://lichess.org/training/6Ca3U
mcwb4,2k5/1p1b1B2/8/8/3BP3/2NKR3/PPr4r/R7 w - - 0 32,f7b3 d7b5 c3b5 h2d2,2060,74,96,5446,mate mateIn2 middlegame sacrifice short,https://lichess.org/cB3RmsbK#63,,True,https://lichess.org/training/mcwb4
5RPf7,4r1k1/7p/3R2pP/p1p2pP1/P4n2/1P6/1BP1rRK1/8 w - - 0 33,g2f3 e2e3 f3f4 e8e4,2066,78,88,1454,endgame mate mateIn2 sacrifice short,https://lichess.org/LGzgbseQ#65,,True,https://lichess.org/training/5RPf7
2DVZ9,8/5pk1/p5r1/1p1P4/1P6/P2RRP1P/2r3PK/8 w - - 7 47,h2g1 c2g2 g1f1 g2g1 f1f2 g6g2,2066,73,95,12851,endgame long mate mateIn3 rookEndgame,https://lichess.org/1HzaQ9eO#93,,True,https://lichess.org/training/2DVZ9
u3p8T,6k1/6p1/3B4/P3Pp1r/5PK1/7r/8/R7 w - f6 0 41,e5f6 g7f6 f4f5 h5h4,2067,74,93,3440,endgame mate mateIn2 short,https://lichess.org/wPNmlSsg#81,,True,https://lichess.org/training/u3p8T
1MnIM,r7/P1p2pp1/R7/1k6/1ppP4/6Pr/1P5p/R6K b - - 5 34,c4c3 b2b3 c3c2 a1a5,2067,79,79,118,endgame mate mateIn2 quietMove rookEndgame short,https://lichess.org/VkeUr7qE/black#68,,True,https://lichess.org/training/1MnIM
rrrRs,2k5/pp1n1pp1/6p1/1Pp3r1/2B1N2r/P6Q/2P2PPq/R4RbK w - - 4 23,h3h2 h4h2 h1g1 g5g2,2068,76,99,292,kingsideAttack mate mateIn2 middlegame short,https://lichess.org/noOLkGZI#45,,True,https://lichess.org/training/rrrRs
RBXig,4r2k/pp2q1p1/2p3Qp/3p4/3P1N1P/3R1PPb/PP1R1K2/4r3 w - - 7 29,f4h3 e7e2 d2e2 e8e2,2068,76,98,208,mate mateIn2 middlegame sacrifice short,https://lichess.org/2jPeoheI#57,,True,https://lichess.org/training/RBXig
1DHU6,r1bb1r2/pp1q1p2/2n1pB2/3pPk1R/2pP4/2P5/PP3PP1/2KR4 b - - 1 23,f5g4 d1h1 d8f6 e5f6 e6e5 h1h4,2069,176,25,16,capturingDefender long mate mateIn3 middlegame quietMove,https://lichess.org/yPFPN7G6/black#46,,True,https://lichess.org/training/1DHU6
VyC1B,1r6/p5p1/2p1kp1p/r1p1p3/4P3/P2R1P2/1P4PP/2KR4 b - - 1 27,a5b5 d3d7 c5c4 d1d6,2069,73,94,9200,clearance endgame mate mateIn2 rookEndgame short,https://lichess.org/u4FkYxfp/black#54,,True,https://lichess.org/training/VyC1B
FtJtk,3k4/6R1/1R6/8/P2ppp2/7r/4B3/6Kr w - - 4 42,g1g2 h3h2,2069,77,93,1372,endgame master mate mateIn1 oneMove,https://lichess.org/qhB8cX99#83,,True,https://lichess.org/training/FtJtk
Tbq5a,7r/p1N2pk1/1p4p1/3p1q1r/PP2p3/2P1P1P1/1B4KP/3RQ2R w - - 3 29,c7d5 f5f3 g2g1 f3h1 g1h1 h5h2 h1g1 h2h1 g1g2 h8h2,2070,76,90,474,attraction fork mate mateIn5 middlegame sacrifice veryLong,https://lichess.org/2M8COCiz#57,,True,https://lichess.org/training/Tbq5a
pvMNG,3rr1k1/p2n1p1p/1p4p1/2p1pqP1/8/1PQP1N1R/P1P2PK1/7R b - - 1 24,e5e4 c3h8 g8h8 h3h7 h8g8 h7h8 g8g7 h1h7,2072,75,83,281,attraction kingsideAttack mate mateIn4 middlegame sacrifice veryLong,https://lichess.org/Aes50Oya/black#48,,True,https://lichess.org/training/pvMNG
jLqwa,4r1k1/p1p2pp1/6b1/2N4p/3P4/1Pn2PQ1/P2R2PP/4rK2 w - - 2 32,f1f2 c3d1 d2d1 e8e2,2073,76,82,261,mate mateIn2 middlegame sacrifice short,https://lichess.org/a6Jw1hC3#63,,True,https://lichess.org/training/jLqwa
CBXln,3r4/8/4pk2/8/1PP1PP2/P2K1P2/7r/R4R2 w - - 1 45,d3e3 h2d2 e4e5 f6f5 a3a4 d8d3,2075,78,89,228,defensiveMove endgame long mate mateIn3 quietMove rookEndgame,https://lichess.org/gGT0oktK#89,,True,https://lichess.org/training/CBXln
cPONe,4r3/7p/1Rk5/2Pr1p2/4p3/3p2P1/3K1P1P/1R6 b - - 3 39,c6c5 d2c3 d3d2 b1b5,2084,77,86,121,endgame mate mateIn2 rookEndgame short,https://lichess.org/evA7ZZOy/black#78,,True,https://lichess.org/training/cPONe
YGmVx,4r2k/2p1q3/p1pp4/5Qp1/3P2Rp/P5KP/1P2r3/3N1R2 w - - 0 37,g3f3 e7e3 d1e3 e8e3,2089,75,94,9708,mate mateIn2 middlegame sacrifice short,https://lichess.org/rcV6KLbP#73,,True,https://lichess.org/training/YGmVx
1fWDZ,2r3k1/1b1n1p2/p3rPpR/1p1p2B1/4p3/2P4R/P5PP/3B2K1 b - - 7 37,d7f6 g5f6 e6f6 h6h8 g8g7 h3h7,2089,75,94,9541,kingsideAttack long mate mateIn3 middlegame,https://lichess.org/qz7wXMPh/black#74,,True,https://lichess.org/training/1fWDZ
d65eW,1k5r/p1p3q1/1pQ5/1P2p3/P1P1Pb2/5R1r/6B1/3R2K1 w - - 0 31,d1d7 h3h1 g1f2 g7g2 f2g2 h8h2,2092,75,94,10536,attraction exposedKing long mate mateIn3 middlegame pin sacrifice,https://lichess.org/Vkc1GeJx#61,,True,https://lichess.org/training/d65eW
QXWbD,2k3r1/p1pp4/1pb2p2/7p/2P3nP/1Q5K/PP2BPr1/R4R2 w - - 8 26,e2f3 g4f2 f1f2 g8g3,2097,76,89,295,mate mateIn2 middlegame sacrifice short,https://lichess.org/IVpcalt8#51,,True,https://lichess.org/training/QXWbD
Iv9xD,5rk1/6pp/5q2/1N1p4/PQpP4/6RP/4R1K1/5r2 w - - 8 36,b4c3 f6f2 e2f2 f8f2,2097,77,93,7403,mate mateIn2 middlegame sacrifice short,https://lichess.org/EHgaEh26#71,,True,https://lichess.org/training/Iv9xD
h5bmI,2k4r/ppp5/8/4Q3/P2p2p1/1P1P1qnr/2P2P1P/4R1KR w - - 0 34,f2g3 f3h1 g1h1 h3h2 h1g1 h2h1 g1g2 h8h2,2098,76,94,11358,attraction endgame mate mateIn4 sacrifice veryLong,https://lichess.org/QMH4Si98#67,,True,https://lichess.org/training/h5bmI
cYlJq,8/R1Rk4/4p3/1p6/3Pn1rp/4Br2/6P1/6K1 b - - 0 44,d7d6 c7d7 d6c6 d4d5 e6d5 a7c7,2102,76,94,1691,endgame long mate mateIn3,https://lichess.org/eKiO9T2S/black#88,,True,https://lichess.org/training/cYlJq
rZN4k,r4r2/p3Rppp/2pk1n2/1p3pN1/3P1P2/8/P4PPP/4R2K b - - 13 23,f6d5 g5f7 f8f7 e1e6,2104,76,93,1766,endgame mate mateIn2 sacrifice short,https://lichess.org/Tl8KSVEJ/black#46,,True,https://lichess.org/training/rZN4k
gf4ae,r6r/p4p2/1p1R2k1/2p5/6pp/2P5/PP4K1/5R2 b - - 3 44,g6g5 d6f6 g4g3 g2h3 g3g2 f1f5,2106,80,75,189,endgame long mate mateIn3 rookEndgame,https://lichess.org/lhuNPw8J/black#88,,True,https://lichess.org/training/gf4ae
HpleQ,3r1rk1/4K3/4P2p/6p1/2R5/2R2P2/8/8 w - - 3 47,f3f4 g8g7 f4f5 f8e8,2106,78,94,76,endgame master mate mateIn2 rookEndgame short,https://lichess.org/F2j5a2FZ#93,,True,https://lichess.org/training/HpleQ
80Sp0,5r1r/6p1/2p1k3/p3p1P1/1p2P2p/3R1P2/PPP5/2KR4 b - - 3 26,h4h3 d3d7 h3h2 d1d6,2107,81,76,85,clearance endgame mate mateIn2 rookEndgame short,https://lichess.org/NTUB0rRN/black#52,,True,https://lichess.org/training/80Sp0
go2UL,r6r/p1R2np1/Q3k1B1/3np1p1/6b1/8/4q1PP/2R3K1 b - - 3 28,f7d6 a6d6 e6d6 c1c6,2112,79,92,2504,attraction mate mateIn2 middlegame sacrifice short,https://lichess.org/mvcY6L6A/black#56,,True,https://lichess.org/training/go2UL
qSBid,8/4RR2/5k1p/4p3/2r3PK/rp6/8/8 b - - 1 46,f6g6 f7g7 g6f6 h4h5 b3b2 g7f7,2113,79,91,2059,endgame long mate mateIn3 rookEndgame,https://lichess.org/RJqjFYis/black#92,,True,https://lichess.org/training/qSBid
ssvZp,4r3/8/p2pP2p/4nPkR/2p1P3/p7/1rB2KP1/7R b - - 1 47,g5f4 g2g3 f4g4 h1h4,2116,80,91,2748,endgame mate mateIn2 short,https://lichess.org/sdn3RzX1/black#94,,True,https://lichess.org/training/ssvZp
02mPu,5rk1/pp4pp/5q2/3P4/3Pp1p1/6P1/PPQ1R1KP/4Rr2 w - - 1 27,c2e4 f6f2 e2f2 f8f2,2118,78,84,175,endgame mate mateIn2 sacrifice short,https://lichess.org/Uegbhw70#53,,True,https://lichess.org/training/02mPu
VNPQK,7r/pp3kp1/1bp3p1/6n1/N5Kr/4P3/PPP1Q3/3RR3 w - - 8 27,g4g5 b6e3 e2e3 h8h5,2122,76,89,1213,mate mateIn2 middlegame sacrifice short,https://lichess.org/eOVagbrm#53,,True,https://lichess.org/training/VNPQK
FulCy,6k1/2p1brpn/pp3r1p/3Pp3/4PpQ1/P1NB3q/1P3PRB/6RK b - - 3 25,h3d3 g4g7 f7g7 g2g7 g8f8 g7g8 f8f7 g1g7,2124,76,95,4599,fork mate mateIn4 middlegame sacrifice veryLong,https://lichess.org/wU74MHJI/black#50,,True,https://lichess.org/training/FulCy
sA4mk,7k/5Bnp/p1b2RpQ/2p1p3/6P1/2PP3P/2r5/1r3R1K w - - 9 33,h1g1 c2g2 g1h1 g2f2 h1g1 b1f1,2125,74,94,9630,discoveredAttack exposedKing long mate mateIn3 middlegame pin,https://lichess.org/8p8dioZ8#65,,True,https://lichess.org/training/sA4mk
KiRqn,4r1k1/5p2/2p3p1/3P3p/4nP2/1BR2KPP/PP2r3/1R6 w - - 4 36,c3d3 e4d2 d3d2 e8e3,2126,76,80,239,clearance endgame fork mate mateIn2 sacrifice short,https://lichess.org/IjU0mNq7#71,,True,https://lichess.org/training/KiRqn
xrtwL,5r2/pb3qpk/1p4Rp/4pP1Q/3pP2R/1P6/P1r4P/7K b - - 1 31,f7f5 h5h6 g7h6 h4h6,2128,99,69,56,mate mateIn2 middlegame sacrifice short,https://lichess.org/dv0khdfh/black#62,,True,https://lichess.org/training/xrtwL
NqlPw,8/1R1R4/1k6/8/2p2K1p/2rbp3/7P/8 b - - 1 48,b6c6 f4e5 e3e2 d7c7,2136,74,93,1652,endgame mate mateIn2 short,https://lichess.org/hrfwcNl0/black#96,,True,https://lichess.org/training/NqlPw
OFx14,8/1p6/1r6/2kP1P2/2P1R3/1K2R3/6r1/8 w - - 11 49,b3c3 g2b2 d5d6 b6b3,2139,77,92,807,endgame mate mateIn2 quietMove rookEndgame short,https://lichess.org/IS1MA37q#97,,True,https://lichess.org/training/OFx14
JhEdV,8/7R/2k2p2/1p1r4/1P1p1r2/1Kp1p3/8/R7 b - - 1 53,c6b6 h7a7 c3c2 a1a6,2139,77,95,10261,endgame mate mateIn2 quietMove rookEndgame short,https://lichess.org/iWC2wnQH/black#106,,True,https://lichess.org/training/JhEdV
lsS5t,2r5/R5p1/6k1/p2p4/r3pK2/4P3/5P2/6R1 b - - 1 38,g6f6 a7g7 d5d4 g1g6,2139,79,79,185,endgame mate mateIn2 rookEndgame short,https://lichess.org/9rWpysjw/black#76,,True,https://lichess.org/training/lsS5t
RFoe8,1rr5/1p1Rk2p/5p2/pN1Rp3/n7/2P5/6PP/6K1 b - - 1 30,e7e6 g2g4 c8c6 b5c7 c6c7 d5d6,2140,77,92,2631,endgame long mate mateIn3 quietMove sacrifice,https://lichess.org/FqgJV5wU/black#60,,True,https://lichess.org/training/RFoe8
BdITA,8/p4p1p/3P2pk/7r/7r/2Q2P2/PP3PRb/4R2K w - - 0 32,e1e4 h2f4 g2h2 h4h2 h1g1 h2h1 g1g2 h5h2,2140,79,90,940,discoveredAttack endgame exposedKing mate mateIn4 veryLong,https://lichess.org/cNhxLakD#63,,True,https://lichess.org/training/BdITA
dcu8Y,4r3/2p1P2p/pr1kRnp1/2N2p2/P4P2/2KP2PP/8/4R3 b - - 2 37,d6c5 d3d4 c5d5 e1e5,2148,81,81,58,endgame mate mateIn2 short,https://lichess.org/NH5Me2qQ/black#74,,True,https://lichess.org/training/dcu8Y
vpFp1,r2qr3/ppp2R1R/4k1p1/2PbNp2/2Np1P2/3Bn1P1/PP6/2K5 b - - 4 28,e3c4 d3f5 g6f5 h7h6 d8f6 h6f6,2149,78,93,7817,long mate mateIn3 middlegame sacrifice,https://lichess.org/UTy6KQOJ/black#56,,True,https://lichess.org/training/vpFp1
5e1s0,6rk/5pqn/1r6/p1b2PP1/p6Q/3p3R/2P3P1/5K1R b - - 1 37,g8e8 h4h7 g7h7 h3h7 h8g8 h7h8 g8g7 h1h7,2150,77,89,1302,exposedKing mate mateIn4 middlegame veryLong,https://lichess.org/urG5H4oY/black#74,,True,https://lichess.org/training/5e1s0
Ibc2W,5rk1/8/2Qpp3/3p1r1p/PP1Pp1pR/2P1P1P1/4qP2/5RK1 w - - 1 34,c6d6 e2f1 g1f1 f5f2 f1e1 f2f1 e1e2 f8f2,2153,79,91,477,attraction endgame kingsideAttack mate mateIn4 sacrifice veryLong,https://lichess.org/CjKV5DZA#67,,True,https://lichess.org/training/Ibc2W
OHvrR,r2r4/pp6/n1pp2kR/4p1P1/2P1P1p1/8/PP2PP2/2K4R b - - 6 27,g6g5 e2e3 g4g3 f2f3 g3g2 h1h5,2160,77,97,2003,endgame long mate mateIn3 quietMove,https://lichess.org/2TQR0a0q/black#54,,True,https://lichess.org/training/OHvrR
jnFCu,6r1/R1P2p2/1p1p2r1/1N1Pk2n/4P3/4RK2/8/8 w - - 1 46,a7b7 g6g2 c7c8q g8g3,2161,74,93,7307,clearance endgame mate mateIn2 quietMove short,https://lichess.org/uNIs56P8#91,,True,https://lichess.org/training/jnFCu
DNopo,6k1/5r1p/3p2p1/1K1P2P1/1b2P2R/5r2/8/7R w - - 0 53,b5b4 f7b7 b4c4 f3b3 e4e5 b7b4,2163,83,85,226,endgame long mate mateIn3 quietMove rookEndgame,https://lichess.org/S5U0ojbh#105,,True,https://lichess.org/training/DNopo
2lbzJ,r5k1/5pp1/7p/2p1N3/rpP1P3/1K6/8/4R2R w - - 0 28,h1f1 a4a2 e5d3 a8a3,2164,81,84,133,clearance endgame mate mateIn2 quietMove short,https://lichess.org/2U4Iixi2#55,,True,https://lichess.org/training/2lbzJ
39TvU,r7/ppqbR1rB/2pn1k1p/3p4/3P1Pp1/P1P3P1/2Q4P/4R2K b - - 11 28,d7f5 c2f5 d6f5 e1e6,2165,76,94,5223,mate mateIn2 middlegame sacrifice short,https://lichess.org/xk8Af0mn/black#56,,True,https://lichess.org/training/39TvU
2zwsN,3r4/p4p1p/2p2RkP/2P1p1P1/8/4pK2/Pb1rN3/5R2 b - - 2 31,g6g5 f3g3 e5e4 f1f5,2169,78,86,105,clearance endgame master mate mateIn2 short,https://lichess.org/GM6iehcE/black#62,,True,https://lichess.org/training/2zwsN
pwaJg,5k1r/pp3pp1/2n1pq2/1N5r/6Q1/4PN2/PP1nBPP1/2R2RK1 w - - 1 19,g2g3 h5h1 g1g2 f6f3 e2f3 h8h2,2176,75,94,2680,kingsideAttack long master mate mateIn3 middlegame sacrifice,https://lichess.org/vMpx3fZG#37,,True,https://lichess.org/training/pwaJg
EY5gw,4r3/1p2q3/p1bR4/P1P2B1k/1P4pP/6Q1/3R4/4r1K1 w - - 1 48,g1f2 e7e2 d2e2 e8e2,2183,77,94,7188,mate mateIn2 middlegame sacrifice short,https://lichess.org/RRQmjCxI#95,,True,https://lichess.org/training/EY5gw
i7eEg,2r1k2r/3Rnp2/Q1p1p3/4q1p1/8/4B2p/PP3P1P/3R2K1 b k - 2 26,e5e4 a6c8 e7c8 d7d8 e8e7 e3g5 f7f6 d1d7,2183,76,94,6788,fork mate mateIn4 middlegame sacrifice veryLong,https://lichess.org/aQXF6dkM/black#52,,True,https://lichess.org/training/i7eEg
qqHRU,R1nr2r1/1k5p/2qp4/1p5n/5P1b/Q3B1p1/1P6/R5K1 b - - 1 32,h5f4 a3a7 c8a7 a1a7,2184,102,58,37,mate mateIn2 middlegame sacrifice short,https://lichess.org/hGsFndK3/black#64,,True,https://lichess.org/training/qqHRU
c0M8n,5k2/p4P2/8/7P/K1r5/P7/2rp4/3R1R2 w - - 1 39,a4b3 a7a5 a3a4 c4c3,2185,83,75,96,endgame mate mateIn2 quietMove rookEndgame short,https://lichess.org/CAjYCoeD#77,,True,https://lichess.org/training/c0M8n
5Lb2o,1k5r/p1p2R2/1p1p2p1/2PBp2r/4Pbq1/P1QP1R2/2P3P1/6K1 w - - 1 28,c5b6 h5h1 g1f2 g4g2 f2g2 h8h2,2187,77,91,673,attraction kingsideAttack long mate mateIn3 middlegame sacrifice,https://lichess.org/bl9XJYVN#55,,True,https://lichess.org/training/5Lb2o
0tzkm,3rk1Rr/1p3p2/p2p4/2pPnP2/3qP2p/P3Q3/1PP5/2K2BR1 b k - 2 32,e8e7 e3g5 f7f6 g5g7 e5f7 g7f7 e7f7 g1g7,2188,79,88,92,attraction mate mateIn4 middlegame sacrifice veryLong,https://lichess.org/zlCkDsi9/black#64,,True,https://lichess.org/training/0tzkm
5YeH9,1rr5/6pp/p3p3/1knbN3/3R4/2P5/P5PP/3R2K1 b - - 2 31,d5a2 d4b4 b5a5 e5c4 a2c4 d1a1 c4a2 a1a2 c5a4 a2a4,2188,91,92,442,mate mateIn5 middlegame sacrifice veryLong,https://lichess.org/nNIVgHde/black#62,,True,https://lichess.org/training/5YeH9
fUbBv,5r1k/ppN3pp/2np1q2/4p3/1P2P3/1QP1K1P1/P2N1r1P/R1B4R w - - 1 18,c7d5 f6f3 d2f3 f8f3,2190,118,33,53,mate mateIn2 middlegame sacrifice short,https://lichess.org/5bxC60bJ#35,Italian_Game Italian_Game_Classical_Variation,True,https://lichess.org/training/fUbBv
4nJP1,8/1R6/p3r1kp/r4p2/4pK2/P5RP/6P1/8 b - - 3 43,g6f6 b7g7 e4e3 g3g6,2193,76,93,3243,endgame mate mateIn2 quietMove rookEndgame short,https://lichess.org/xQGkyoXY/black#86,,True,https://lichess.org/training/4nJP1
Emxkb,5k2/R7/1p1Kp3/6R1/1Pbp4/5r2/8/8 b - - 0 43,d4d3 a7a8 f8f7 g5g8 d3d2 a8f8,2195,384,37,5,endgame long mate mateIn3 quietMove,https://lichess.org/VA4HQ8vF/black#86,,True,https://lichess.org/training/Emxkb
bIFSq,8/7r/P7/1P3kP1/5P1K/3p4/1R1B1r2/8 w - - 3 53,h4g3 f2h2 b5b6 h7h3,2195,80,54,80,endgame mate mateIn2 short,https://lichess.org/XNDGo9zx#105,,True,https://lichess.org/training/bIFSq
j8RB1,4r1k1/1R6/5p1p/5Kp1/6P1/4r2P/PP5R/8 w - - 1 37,f5f6 e8e6 f6f5 e3e5,2198,88,88,69,endgame mate mateIn2 rookEndgame short,https://lichess.org/ohLQIe9o#73,,True,https://lichess.org/training/j8RB1
Kc07I,5r2/8/3kp3/p2pN3/P2P4/1PK1P3/4r1PR/7R w - - 7 48,e5g4 f8c8 c3d3 e2c2 g2g3 c8c3,2200,77,95,206,endgame long mate mateIn3,https://lichess.org/GmOfk0D7#95,,True,https://lichess.org/training/Kc07I
9EdJi,8/8/4kR2/1r1r4/8/3p4/3K1R1P/8 b - - 3 47,e6e5 d2e3 d3d2 f2f5,2202,75,96,2097,endgame mate mateIn2 rookEndgame short,https://lichess.org/ZtMReSXV/black#94,,True,https://lichess.org/training/9EdJi
32kI1,8/6R1/4pP2/R5Pp/1P2k3/6rP/4r1P1/6K1 w - - 5 37,f6f7 e2g2 g1f1 g2g1 f1f2 g3g2,2203,77,95,11001,endgame long master mate mateIn3 rookEndgame,https://lichess.org/pvy6mZxD#73,,True,https://lichess.org/training/32kI1
hN6I3,4r3/p1p4R/1p4k1/3rp2R/7P/P5P1/2P5/6K1 b - - 0 33,d5c5 g3g4 e5e4 h5h6,2203,78,81,162,endgame mate mateIn2 quietMove rookEndgame short,https://lichess.org/XErmyj5D/black#66,,True,https://lichess.org/training/hN6I3
EvJee,Q1kn3r/1pp2r2/1P1p4/3P1b1p/4p1p1/R6P/P2qBPPK/2R5 b - - 1 28,c8d7 c1c7 d7e8 a8d8 e8d8 a3a8 f5c8 a8c8,2204,80,89,83,attraction mate mateIn4 middlegame sacrifice veryLong,https://lichess.org/FdRPvxUF/black#56,,True,https://lichess.org/training/EvJee
iUIdn,r7/r6p/6p1/Pppk4/1P1pR3/3P4/2P3PP/4R1K1 b - - 2 38,c5b4 e4e6 b4b3 e1e5,2210,73,95,9556,clearance endgame mate mateIn2 rookEndgame short,https://lichess.org/4WYEWtL2/black#76,,True,https://lichess.org/training/iUIdn
BKqEe,3rrk2/pp6/2b3Qn/8/5q2/2P5/PPB5/1KR4R w - - 1 38,h1h6 f4c1 b1c1 e8e1 c2d1 e1d1 c1c2 c6a4 b2b3 d8d2,2211,85,94,1276,attraction mate mateIn5 middlegame sacrifice veryLong,https://lichess.org/uTlH4AFf#75,,True,https://lichess.org/training/BKqEe
Yvg2b,8/5p2/6pk/p1p2qRn/1pPr1P1Q/1P1P3R/P3r3/1K6 b - - 3 47,f5f4 h4h5 g6h5 h3h5,2213,77,94,6669,mate mateIn2 middlegame sacrifice short,https://lichess.org/OO1Bpwdr/black#94,,True,https://lichess.org/training/Yvg2b
Nldij,1r2krR1/2q2p1p/4pP2/1b1pP2Q/1p6/pP6/P1P4P/1K4R1 b - - 1 27,c7c3 h5f7 e8f7 g1g7 f7e8 g7e7 e8d8 g8f8 b5e8 f8e8,2214,81,88,2103,attackingF2F7 attraction deflection mate mateIn5 middlegame pin sacrifice veryLong,https://lichess.org/PQlxwNdp/black#54,,True,https://lichess.org/training/Nldij
6SwiS,3r4/2q3k1/Qbp1pppR/8/1P2PPP1/P2r1BK1/8/5R2 w - - 2 35,f1h1 c7f4 g3f4 b6c7 e4e5 c7e5 f4e4 d8d4,2221,80,69,65,attraction mate mateIn4 middlegame sacrifice veryLong,https://lichess.org/g0B6Kiy0#69,,True,https://lichess.org/training/6SwiS
prKeN,1r2nr2/8/1P3b2/2R4p/3pkpb1/8/B4PPP/1R4K1 b - - 0 39,d4d3 b1b4 f6d4 c5d5 d3d2 b4d4,2224,85,89,63,long mate mateIn3 middlegame,https://lichess.org/0HZHH77i/black#78,,True,https://lichess.org/training/prKeN
ez5f1,2kbR3/1R6/2P5/7p/6pP/r1p2pP1/4nP1K/8 b - - 3 47,c3c2 b7d7 c2c1q e8d8,2230,91,60,83,endgame mate mateIn2 short,https://lichess.org/XQHgm8dN/black#94,,True,https://lichess.org/training/ez5f1
uVFVh,2r3kr/2q1np1p/5Qp1/p2pPp2/6P1/P1P2NKR/6P1/7R b - - 5 30,f5g4 f6h8 g8h8 h3h7 h8g8 h7h8 g8g7 h1h7,2231,77,95,1018,attraction kingsideAttack mate mateIn4 middlegame sacrifice veryLong,https://lichess.org/1ABaQA86/black#60,,True,https://lichess.org/training/uVFVh
ltCCj,8/p1p1qrpk/1p1p1rRp/3P1P2/2P2Q2/2P1p2R/P5P1/6K1 b - - 1 39,e3e2 f4h6 g7h6 h3h6,2232,80,88,94,endgame master mate mateIn2 sacrifice short,https://lichess.org/DFGe6X5N/black#78,,True,https://lichess.org/training/ltCCj
GkQI8,2r5/pp4k1/2r2p1R/4pK2/3b2P1/1P6/P7/7R b - - 4 36,c8c7 h6h8 e5e4 h1h7,2239,85,91,932,clearance endgame mate mateIn2 quietMove short,https://lichess.org/SBy7Hk9s/black#72,,True,https://lichess.org/training/GkQI8
ncAWd,r4b1r/p1R1nQpp/1p1kNn2/3p4/8/8/4q1PP/2R4K b - - 13 28,e2e5 f7e7 f8e7 c1c6,2240,76,94,7269,mate mateIn2 middlegame sacrifice short,https://lichess.org/N2c7LURR/black#56,,True,https://lichess.org/training/ncAWd
4D0XD,1r1r1b2/7R/4npk1/p3pNp1/2pp2P1/P2P1PB1/1P4K1/7R b - - 1 32,c4d3 f5e7 f8e7 h1h6,2241,144,71,36,mate mateIn2 middlegame sacrifice short,https://lichess.org/lCzqy8ly/black#64,,True,https://lichess.org/training/4D0XD
5NQaY,2kr3r/R1pp1p2/1p2p2p/4P1p1/1n1P4/R4P1P/2P2P1K/5B2 b - - 1 26,c8b8 f1b5 b4c6 b5c6 d7c6 a7a8 b8b7 a3a7,2251,77,94,3147,endgame mate mateIn4 queensideAttack veryLong,https://lichess.org/greNhpJO/black#52,,True,https://lichess.org/training/5NQaY
siwtW,8/r2N1R2/7P/1p3Bk1/1P4P1/1KP5/3r4/8 w - - 2 40,h6h7 d2a2 f7g7 g5f4 c3c4 a7a3,2253,83,91,634,defensiveMove endgame long mate mateIn3 quietMove,https://lichess.org/ED6VL5uF#79,,True,https://lichess.org/training/siwtW
ehTy7,3r4/p6k/1p2R1p1/3P1P1p/2rbP3/2p1BK2/P6R/8 b - - 0 33,d4e3 e6g6 c3c2 h2h5 e3h6 h5h6,2256,79,93,7711,capturingDefender endgame long mate mateIn3,https://lichess.org/ghWJnIpj/black#66,,True,https://lichess.org/training/ehTy7
L5Y1R,8/2R3k1/8/1p2r1pR/1P2p1K1/6P1/4rp2/8 b - - 1 51,g7g6 c7h7 e4e3 h5h6,2261,78,96,721,endgame mate mateIn2 quietMove rookEndgame short,https://lichess.org/4aMGmvpr/black#102,,True,https://lichess.org/training/L5Y1R
9BeDE,3r4/8/2p2p1p/R1k5/2Pr4/3p2P1/1K5P/3R4 b - - 0 35,c5c4 d1c1 c4b4 c1a1 d3d2 a1a4,2266,77,94,6726,endgame long mate mateIn3 quietMove rookEndgame,https://lichess.org/6qqrWwrl/black#70,,True,https://lichess.org/training/9BeDE
L63xS,8/1p2k3/r1r2p1p/1K1pP3/1P3P1R/p3P3/P6R/8 w - - 0 38,e5f6 e7d6 e3e4 c6b6,2268,77,95,886,defensiveMove endgame mate mateIn2 rookEndgame short,https://lichess.org/UQnSr4M5#75,,True,https://lichess.org/training/L63xS
yCLiY,4rr2/p5pk/1p1p1nRp/2pPq3/2B1p2R/7P/PP1Q1PP1/6K1 b - - 5 28,e5f5 d2h6 g7h6 h4h6,2273,79,70,77,mate mateIn2 middlegame sacrifice short,https://lichess.org/dMs9JAhj/black#56,,True,https://lichess.org/training/yCLiY
KOMvQ,4r2r/2p2pk1/3p1qp1/p2P3P/1p4Q1/8/PPP5/1K3RR1 b - - 1 23,f6e5 g4g6 f7g6 g1g6 g7h7 f1f7 e5g7 f7g7,2276,78,89,845,endgame mate mateIn4 sacrifice veryLong,https://lichess.org/bFwLqe8l/black#46,,True,https://lichess.org/training/KOMvQ
wcYcz,1r6/7R/1p3k2/3r1p2/4pK2/3p3P/1P4R1/8 b - - 0 37,d3d2 h7g7 e4e3 g2g6,2276,77,93,5269,endgame mate mateIn2 quietMove rookEndgame short,https://lichess.org/M6X3BBHS/black#74,,True,https://lichess.org/training/wcYcz
XD0vz,3r4/5rbk/p3p1Rp/1p1bP3/2pP3q/P6R/3Q1PPP/6K1 b - - 8 30,h4e4 d2h6 g7h6 h3h6,2291,81,82,118,mate mateIn2 middlegame sacrifice short,https://lichess.org/e0n5MhHa/black#60,,True,https://lichess.org/training/XD0vz
pUOWh,r6k/1b2Q1p1/1q1Np1Pp/2npP3/3N4/r7/1PP4P/1K1R3R w - - 1 28,c2c3 a3a1 b1c2 b6b2 c2b2 a8a2,2293,80,93,9308,attraction long mate mateIn3 middlegame queensideAttack sacrifice,https://lichess.org/JhfB7M7m#55,,True,https://lichess.org/training/pUOWh
gGyz2,7r/pp4b1/3q2Bp/3ppR2/1PpP3k/2P1P1p1/P5K1/7R b - - 1 30,h4g4 f5h5 d6f6 g6f5 f6f5 h1h4,2295,76,92,7093,clearance endgame long mate mateIn3 sacrifice,https://lichess.org/iuhIBQDu/black#60,,True,https://lichess.org/training/gGyz2
5N88z,1r5n/Qpkb4/pRr1p1p1/2P2p2/8/3B4/3q1PPP/1R4K1 b - - 5 29,d2d3 a7b8 c7b8 b6b7 b8c8 b7b8 c8c7 b1b7,2297,77,95,4677,attraction mate mateIn4 middlegame sacrifice veryLong,https://lichess.org/FGTrSwT4/black#58,,True,https://lichess.org/training/5N88z
NlPsI,2r2k2/p2Qn1Rp/1p2pr2/5q2/8/8/PP3P2/K5R1 b - - 8 27,f5c5 d7e7 c5e7 g7g8 f8f7 g1g7,2303,78,95,3796,exposedKing fork long master mate mateIn3 middlegame sacrifice,https://lichess.org/OoRzKgJh/black#54,,True,https://lichess.org/training/NlPsI
9ppB9,7r/1pr4P/2p2k1R/p1Pp4/3Pp3/1P2Kp2/P7/6R1 b - - 4 42,f6f5 h6g6 f3f2 g1g5,2306,78,91,2414,endgame mate mateIn2 rookEndgame short,https://lichess.org/bsOtIEWO/black#84,,True,https://lichess.org/training/9ppB9
JY2Ik,8/4R3/8/4K1pk/1R2p2p/7b/6r1/8 b - - 7 52,e4e3 e7h7 h5g6 b4b7 h3d7 b7d7 e3e2 d7g7,2306,78,91,564,endgame mate mateIn4 quietMove veryLong,https://lichess.org/voXWN1wK/black#104,,True,https://lichess.org/training/JY2Ik
zKtuI,1r6/pp2R3/5rk1/5pp1/8/2P2K2/PP6/7R b - - 7 37,a7a6 e7h7 f5f4 f3g4 f4f3 h1h6,2317,78,94,4957,endgame long mate mateIn3 rookEndgame,https://lichess.org/E1gEN42x/black#74,,True,https://lichess.org/training/zKtuI
ohyNa,r6r/p4Rpp/1pk5/2p5/2P4P/P5P1/8/3R2K1 b - - 0 29,g7g6 f7d7 b6b5 d1d6,2317,76,93,694,endgame mate mateIn2 rookEndgame short,https://lichess.org/gbaaDiym/black#58,,True,https://lichess.org/training/ohyNa
zLSrU,8/5RR1/5k2/n1K1p1p1/4P1P1/3P4/1Pp4P/r3r3 b - - 1 52,f6e6 f7e7 e6f6 c5d5 c2c1q e7f7,2319,83,81,191,endgame long mate mateIn3,https://lichess.org/BNc6dRoV/black#104,,True,https://lichess.org/training/zLSrU
KmMdA,8/4R3/p4rk1/2pr2p1/3p1pK1/1P6/P1P5/7R b - - 3 46,d4d3 e7h7 d3d2 h1h6,2328,81,91,3296,endgame mate mateIn2 quietMove rookEndgame short,https://lichess.org/xJwOPgnk/black#92,,True,https://lichess.org/training/KmMdA
zBLFK,8/2R1P3/3N3p/2Np2p1/3P2P1/4r1r1/2k1K3/8 w - - 5 70,e2f2 c2d1 e7e8q e3f3,2331,74,92,5524,endgame mate mateIn2 short,https://lichess.org/ZdpJaqgk#139,,True,https://lichess.org/training/zBLFK
gP0oE,2r5/3k4/5p1p/1p1pp3/P7/1R1KPN2/2r3PP/R7 w - - 0 30,a4b5 e5e4 d3d4 c2c4 d4d5 c8c5,2337,78,93,6589,endgame long mate mateIn3,https://lichess.org/Wq5zpmkO#59,,True,https://lichess.org/training/gP0oE
2MR77,8/7k/4Ppr1/pp1r4/2p4K/P1P5/2P1R3/4R3 w - - 0 37,e6e7 d5g5 e7e8q g6h6 e8h5 h6h5,2342,77,97,1010,endgame long mate mateIn3 quietMove rookEndgame,https://lichess.org/TO2h0QUi#73,,True,https://lichess.org/training/2MR77
kBizV,8/p1q2Rk1/1p4p1/7r/1p1nr1QP/8/P7/5RK1 b - - 0 37,g7h6 g4g6 h6g6 f1f6,2347,84,87,536,attraction mate mateIn2 middlegame sacrifice short,https://lichess.org/JtPkzc2E/black#74,,True,https://lichess.org/training/kBizV
jmVHv,6R1/R7/p5k1/3pK1p1/4b1r1/r7/8/8 b - - 6 50,g6h5 g8h8 h5g6 h8h7 d5d4 a7g7,2355,81,86,357,endgame long mate mateIn3 quietMove,https://lichess.org/qbXnLyJX/black#100,,True,https://lichess.org/training/jmVHv
D0gEv,1r3r2/1bR5/3k4/p2pq3/Pp5p/3QP2P/1PR3P1/6K1 b - - 3 28,f8c8 d3a6 b7a6 c2c6,2372,77,92,1694,mate mateIn2 middlegame sacrifice short,https://lichess.org/zO0po8B5/black#56,,True,https://lichess.org/training/D0gEv
he3y4,r4r2/ppqbb1kR/4ppP1/4P3/8/2N2N2/PPP3P1/2K4R b - - 2 23,g7g6 g2g4 f6f5 h1h6,2375,81,99,134,mate mateIn2 middlegame quietMove short,https://lichess.org/6ErJomq1/black#46,,True,https://lichess.org/training/he3y4
7enNG,r5k1/1p3ppp/1q6/2nP4/3N4/r2B4/1PPQ1PPP/1K1R3R w - - 0 22,c2c3 a3a1 b1c2 b6b2 c2b2 a8a2,2377,83,90,1250,attraction long mate mateIn3 middlegame queensideAttack sacrifice,https://lichess.org/KDL126hA#43,,True,https://lichess.org/training/7enNG
kte5z,8/2P3pk/1P5p/P4P2/R5P1/4r1KP/3r4/2R5 w - - 3 50,g3h4 d2h2 g4g5 h2h3 h4g4 h6h5 g4f4 h3f3,2382,83,93,4009,endgame mate mateIn4 rookEndgame veryLong,https://lichess.org/wB7EMJ3c#99,,True,https://lichess.org/training/kte5z
4XBYm,5r2/pp2b2R/2p2r2/3ppbkR/8/2P1P3/PP1K1PP1/8 b - - 3 32,g5g4 h5h4 g4g5 f2f4 e5f4 e3f4 g5g6 h4h6,2387,81,90,1917,endgame mate mateIn4 veryLong,https://lichess.org/3MmfgRHR/black#64,,True,https://lichess.org/training/4XBYm
PTrPp,3r4/3P1r2/p2R3p/3R1pb1/5k2/4p2P/PP2K1P1/8 b - - 1 39,f4e4 d5d4 e4e5 e2f3 e3e2 d4d5,2407,81,78,286,endgame long mate mateIn3,https://lichess.org/PfYTPRHs/black#78,,True,https://lichess.org/training/PTrPp
njp4H,7r/4k1RP/3rp3/5p1R/5P2/1n2PK2/2p5/8 b - - 1 48,e7f6 h5g5 b3d2 f3g2 e6e5 g5g6,2417,80,84,340,defensiveMove endgame long mate mateIn3,https://lichess.org/zfjsZfqH/black#96,,True,https://lichess.org/training/njp4H
a5Qvt,8/7p/2p2p2/2Pk1pr1/1PrP1K2/P4P2/7P/R6R w - - 5 36,h2h4 c4d4 f4e3 g5g2 f3f4 g2d2 a3a4 d4d3,2417,79,95,1372,endgame mate mateIn4 quietMove rookEndgame veryLong,https://lichess.org/QaIg1CAN#71,,True,https://lichess.org/training/a5Qvt
vcbb5,4R3/1r6/5p2/2p2kPp/8/b5PK/1r1BR3/8 b - - 0 43,f6g5 e8e6 g5g4 h3h4 c5c4 e2e5,2420,96,90,1484,defensiveMove endgame long master mate mateIn3 quietMove,https://lichess.org/zw2yGh6C/black#86,,True,https://lichess.org/training/vcbb5
pkSx7,6kr/5p2/4pQ2/p2p2P1/3P2K1/3qPN1r/6Rp/7R w - - 8 42,g2h2 d3e4 f6f4 e4f3 f4f3 h8h4,2420,81,94,5325,long mate mateIn3 middlegame sacrifice,https://lichess.org/Bd5wlmnL#83,,True,https://lichess.org/training/pkSx7
PQecv,1r6/2p1R2R/2p2p2/3p1k2/n2b1P2/6PK/7P/8 b - - 4 33,a4c5 h7h5 f5g6 e7h7 f6f5 h5h6,2431,77,92,1872,clearance endgame long mate mateIn3,https://lichess.org/pZxUMjnv/black#66,,True,https://lichess.org/training/PQecv
ZUFRJ,r5k1/1p2n1bp/r2pPn2/qNp2ppP/2P1p3/1P2P3/1BQ1BPP1/1K1R3R w - - 1 22,h5h6 a5a1 b2a1 a6a1 b1b2 f6d5 h6g7 a8a2,2437,103,88,1703,discoveredAttack exposedKing mate mateIn4 middlegame queensideAttack sacrifice veryLong,https://lichess.org/0o9LTSvM#43,,True,https://lichess.org/training/ZUFRJ
wEmWG,2rr4/pp4R1/4p1R1/2p2k2/P2P4/2P2PK1/8/8 b - - 0 31,c5d4 g6g5 f5f6 g3f4 e6e5 f4e4 d4d3 g5g6,2437,79,94,6112,endgame mate mateIn4 rookEndgame veryLong,https://lichess.org/gmnCpjEP/black#62,,True,https://lichess.org/training/wEmWG
SLIEw,8/K6R/1P3kp1/p7/1r4pP/4R3/2r5/8 b - - 9 56,c2b2 e3e7 g6g5 h4h5 g4g3 h7f7,2438,81,79,715,endgame long mate mateIn3 quietMove rookEndgame,https://lichess.org/E428fAdu/black#112,,True,https://lichess.org/training/SLIEw
zM48v,r7/3r1p2/2kPp1p1/4P3/pRp5/4RP2/3K4/8 b - - 2 46,c4c3 e3c3 c6d5 b4b5 d5d4 b5c5 a4a3 c3c4,2442,83,87,589,endgame exposedKing mate mateIn4 quietMove rookEndgame veryLong,https://lichess.org/fUkx8gQt/black#92,,True,https://lichess.org/training/zM48v
JVIQj,8/8/2r1r1p1/8/5p2/7P/4k1P1/R4RK1 b - - 1 62,g6g5 a1d1 f4f3 f1e1,2448,100,90,583,endgame mate mateIn2 quietMove rookEndgame short,https://lichess.org/am8FqGRZ/black#124,,True,https://lichess.org/training/JVIQj
T3gdd,3r3r/p4pk1/6p1/2p1N1q1/2Pp4/2bQ3P/P5R1/1B3RK1 b - - 0 31,g5e5 d3g6 f7g6 g2g6 g7h7 f1f7 e5g7 f7g7,2463,86,100,106,mate mateIn4 middlegame sacrifice veryLong,https://lichess.org/JzszL95r/black#62,,True,https://lichess.org/training/T3gdd
mL09U,7r/p2r1p1p/2R2p2/7k/6R1/6PP/PP1b1P2/6K1 b - - 0 28,f6f5 g4h4 h5g5 c6h6 f5f4 h4h5,2475,82,81,328,endgame long mate mateIn3,https://lichess.org/If71BKz9/black#56,,True,https://lichess.org/training/mL09U
Ae4me,7R/2R5/p3K1k1/1b4p1/4p3/2P5/2r3r1/8 b - - 1 44,e4e3 h8h7 b5c4 e6e5 c4f7 c7f7 e3e2 f7g7,2478,86,90,3998,defensiveMove endgame mate mateIn4 quietMove veryLong,https://lichess.org/xsb1bBdJ/black#88,,True,https://lichess.org/training/Ae4me
538aI,2r5/p1r2qpk/1p3p1p/3N1P2/3Pn1Q1/6P1/PP5R/1K5R b - - 0 29,f7d5 h2h6 h7g8 h6h8 g8f7 g4g7 f7g7 h1h7,2482,78,94,8877,attraction mate mateIn4 middlegame sacrifice veryLong,https://lichess.org/WPHyOujX/black#58,,True,https://lichess.org/training/538aI
EwNqG,8/7R/1R2k3/8/8/3pKp2/r3b3/8 b - - 1 43,e6d5 h7h5 d5c4 b6b5 d3d2 h5c5,2491,98,90,958,endgame long master mate mateIn3 quietMove,https://lichess.org/V4ngWf2y/black#86,,True,https://lichess.org/training/EwNqG
X89hT,1r6/3r1p2/7p/1pp4P/2PpkRP1/1P4K1/8/3R4 b - - 0 43,e4e3 f4f3 e3e2 f3f1 d4d3 f1e1,2495,83,89,103,endgame long mate mateIn3 rookEndgame,https://lichess.org/8CNBujEF/black#86,,True,https://lichess.org/training/X89hT
LJuyy,6rr/5pk1/1pb1p1p1/p2pP2p/3P4/1PPQ1RR1/2B2PK1/2q5 b - - 3 33,h5h4 d3g6 f7g6 g3g6 g7h7 f3f7 g8g7 f7g7,2501,86,90,3311,mate mateIn4 middlegame sacrifice veryLong,https://lichess.org/nrrNbp7l/black#66,,True,https://lichess.org/training/LJuyy
sEhv9,r4r2/1p3p2/8/6kR/6B1/p3R3/5PPP/6K1 b - - 3 36,g5g4 e3h3 a3a2 h3h4,2510,77,92,4019,endgame mate mateIn2 rookEndgame short,https://lichess.org/p8QpF2Hu/black#72,,True,https://lichess.org/training/sEhv9
mBMdg,2r4r/pp1Rkp1p/1b3p2/8/1P3P2/3R4/1PP3PP/1K6 b - - 2 27,e7e6 d3d5 f6f5 d5d6,2574,95,84,132,endgame mate mateIn2 quietMove short,https://lichess.org/hR5v8SFW/black#54,,True,https://lichess.org/training/mBMdg
zBU0Q,7r/5p2/4p1k1/4P1P1/5R1K/2r4P/R7/8 w - - 3 50,h4g4 f7f5 e5f6 c3h3 f6f7 h8h4,2606,95,92,949,endgame long mate mateIn3 rookEndgame,https://lichess.org/g4jXNHGR#99,,True,https://lichess.org/training/zBU0Q
WCxXb,5rk1/ppp2r1p/3pqPpQ/4p1B1/3n3R/7R/6PP/6K1 b - - 11 26,d4f5 h6g6 f7g7 h4h7 g7g6 f6f7 f8f7 h7h8 g8g7 h3h7,2621,89,94,4498,advancedPawn discoveredAttack kingsideAttack mate mateIn5 middlegame sacrifice veryLong,https://lichess.org/UglnZyGR/black#52,,True,https://lichess.org/training/WCxXb
IyijS,7r/7p/1r5k/8/6R1/5PK1/p1R5/8 b - - 25 53,b6b5 c2c6 h6h5 g4h4 h5g5 c6h6 a2a1q h4h5,2636,92,89,92,endgame exposedKing mate mateIn4 rookEndgame veryLong,https://lichess.org/UAAXpF7B/black#106,,True,https://lichess.org/training/IyijS
kgn7Y,8/8/7r/2R5/1r4pk/1P3p2/5P1K/1R6 b - - 3 48,h6b6 b1h1 g4g3 h2g1 h4g4 c5h5 g3f2 g1f2 b4b3 h1h4,2648,94,87,386,discoveredAttack endgame mate mateIn5 quietMove rookEndgame veryLong,https://lichess.org/885ly50e/black#96,,True,https://lichess.org/training/kgn7Y
MmfF1,4r2r/pR6/8/2bp2N1/P1k2nP1/3n2N1/1P1B2K1/R7 w - - 0 34,g2f3 d3e5 f3f4 e5g6 f4f5 g6h4 f5f6 c5d4 f6f7 h8f8,2661,93,95,2215,master mate mateIn5 middlegame sacrifice veryLong,https://lichess.org/z4OGDDgy#67,,True,https://lichess.org/training/MmfF1
LVIIl,6rk/6N1/7P/pp2p1R1/4P3/2n1KPN1/r7/7R w - - 0 32,g3f5 a2e2 e3d3 g8d8 f5d6 d8d6 d3c3 e2d2 f3f4 d6d3,2683,100,92,5369,mate mateIn5 middlegame quietMove veryLong,https://lichess.org/w1MWkJOb#63,,True,https://lichess.org/training/LVIIl
A89m0,5r2/pp3k2/5p2/3Np2K/8/5Br1/PP3b2/R2RB3 w - - 1 34,h5h4 g3g5 e1f2 f8h8 f3h5 h8h5,2724,88,94,470,discoveredAttack long mate mateIn3 middlegame sacrifice,https://lichess.org/wYUPE4UE#67,,True,https://lichess.org/training/A89m0
