PuzzleId,FEN,Moves,Rating,RatingDeviation,Popularity,NbPlays,Themes,GameUrl,OpeningTags,PatternMatch,RookMoves,puzzle_ref
TzZ7N,6k1/p3bR2/2p1p1p1/2P5/2qPp3/6Pp/P6P/5R1K b - - 0 44,e7g5 f7f8 g8h7 f1f7 h7h6 f8h8,767,156,54,19,endgame exposedKing long mate mateIn3,https://lichess.org/hePrQuA8/black#88,,True,2,https://lichess.org/training/TzZ7N
JAT4M,8/pp3Rk1/4p1p1/7p/1B2P2P/P1N4K/1q1r4/5R2 b - - 5 34,g7g8 f7f8 g8g7 f1f7 g7h6 f8h8,770,93,93,1574,endgame exposedKing long mate mateIn3,https://lichess.org/0zB0wkfQ/black#68,,True,2,https://lichess.org/training/JAT4M
kV4DT,1r4k1/5R2/3p2p1/1BpP3b/4P2K/2r5/8/5R2 b - - 1 36,b8b5 f7f8 g8h7 f1f7 h7h6 f8h8,773,100,96,2269,endgame exposedKing long master mate mateIn3,https://lichess.org/ue0celOX/black#72,,True,2,https://lichess.org/training/kV4DT
rQyG2,8/5Rk1/p5p1/P6p/1P3R1P/6P1/2r2PK1/4q3 b - - 0 42,g7g8 f7f8 g8h7 f4f7 h7h6 f8h8,775,92,83,176,endgame exposedKing long mate mateIn3 queenRookEndgame,https://lichess.org/NPPnbZfl/black#84,,True,2,https://lichess.org/training/rQyG2
79Mgc,5k2/p4R2/4p1p1/3p2bq/7P/8/r5P1/5R1K b - - 0 34,f8g8 f7f8 g8h7 f1f7 h7h6 f8h8,779,79,84,153,endgame exposedKing long mate mateIn3,https://lichess.org/RyMfwRQJ/black#68,,True,2,https://lichess.org/training/79Mgc
GAo6G,6k1/p7/6p1/2q4p/3p1R2/P2P3K/4PR1P/1r6 b - - 0 31,c5g5 f4f8 g8h7 f2f7 h7h6 f8h8,782,82,67,72,endgame exposedKing long mate mateIn3 queenRookEndgame,https://lichess.org/0lvRsWvD/black#62,,True,2,https://lichess.org/training/GAo6G
ISSac,6k1/ppp5/3p2p1/3P3p/5R1P/6q1/P1P2RP1/6K1 b - - 6 26,a7a5 f4f8 g8h7 f2f7 h7h6 f8h8,788,102,95,1580,endgame exposedKing long mate mateIn3 queenRookEndgame,https://lichess.org/mRuFdxad/black#52,,True,2,https://lichess.org/training/ISSac
vnBDN,5rk1/5p2/4p1Q1/p2pP2p/3n3P/6P1/q1r2R2/5RK1 b - - 0 38,f7g6 f2f8 g8h7 f1f7 h7h6 f8h8,791,90,93,449,endgame exposedKing long mate mateIn3,https://lichess.org/Bj7MaG0I/black#76,,True,2,https://lichess.org/training/vnBDN
cnXW9,7k/8/2p2pp1/p6p/2PR2rP/1P3PP1/r7/3R1K2 b - - 0 41,g4g3 d4d8 h8g7 d1d7 g7h6 d8h8,796,90,97,500,endgame exposedKing long mate mateIn3 rookEndgame,https://lichess.org/9CZkE9g2/black#82,,True,2,https://lichess.org/training/cnXW9
UoCGV,3r1k2/2R3pp/1p4p1/p3N3/P7/1PP5/3r4/2K4R w - - 0 39,h1h7 d2d1 c1b2 d8d2 b2a3 d1a1,797,96,85,429,endgame exposedKing long mate mateIn3,https://lichess.org/9W7VmVpr#77,,True,2,https://lichess.org/training/UoCGV
xZ86N,6k1/8/2p1p1p1/1pPp2Nb/3P3p/r3P1qP/2B2RP1/5RK1 b - - 0 31,g3g5 f2f8 g8h7 f1f7 h7h6 f8h8,797,78,88,322,endgame exposedKing long mate mateIn3,https://lichess.org/2bEFnHbz/black#62,,True,2,https://lichess.org/training/xZ86N
AvHKG,5r1k/6p1/p4r1p/8/P1P1R1QP/6P1/8/6K1 w - - 5 39,e4e7 f6f1 g1h2 f8f2 h2h3 f1h1,799,101,95,941,endgame exposedKing long mate mateIn3 queenRookEndgame,https://lichess.org/w4ae03Pb#77,,True,2,https://lichess.org/training/AvHKG
KxIPk,6k1/5R2/p5p1/2pp2P1/P7/1r4r1/7K/5R2 b - - 3 38,g3g5 f7f8 g8h7 f1f7 h7h6 f8h8,802,105,92,931,endgame exposedKing long mate mateIn3 rookEndgame,https://lichess.org/tQvUNMvi/black#76,,True,2,https://lichess.org/training/KxIPk
XT1gs,7k/1p5p/1ppp2p1/4p1q1/4P3/P1PP1R1P/1P5K/5R2 b - - 4 28,h7h5 f3f8 h8g7 f1f7 g7h6 f8h8,804,89,91,173,endgame exposedKing long mate mateIn3 queenRookEndgame,https://lichess.org/J7BXjkFs/black#56,,True,2,https://lichess.org/training/XT1gs
GbATD,1k6/8/1p6/p2Pp3/1q2Pp1p/2R2K1P/1PR5/8 b - - 3 34,b4b5 c3c8 b8a7 c2c7 a7a6 c8a8,807,90,73,169,endgame exposedKing long mate mateIn3 queenRookEndgame,https://lichess.org/bYY4DI1q/black#68,,True,2,https://lichess.org/training/GbATD
5A6Vc,5r2/8/1pp4k/3pR3/3P2R1/pPP3P1/P4r1P/6K1 w - - 7 40,h2h4 f2f1 g1h2 f8f2 h2h3 f1h1,807,96,96,1134,endgame exposedKing long master mate mateIn3 rookEndgame,https://lichess.org/SdFSC810#79,,True,2,https://lichess.org/training/5A6Vc
SgKBW,5k2/4R3/5p1p/2P3p1/1P4P1/5r1P/3q4/4R1K1 b - - 6 40,f3h3 e7e8 f8g7 e1e7 g7g6 e8g8,808,89,95,1083,endgame exposedKing long mate mateIn3 queenRookEndgame,https://lichess.org/Vtuxe8Ch/black#80,,True,2,https://lichess.org/training/SgKBW
2NcnX,6k1/8/5p1p/3p2p1/2pP1BP1/4RP1P/r5r1/4RK2 b - - 0 37,g5f4 e3e8 g8f7 e1e7 f7g6 e8g8,809,93,92,980,endgame exposedKing long mate mateIn3 rookEndgame,https://lichess.org/za3WVF2D/black#74,,True,2,https://lichess.org/training/2NcnX
xD9ou,6k1/2p5/4p1p1/p5bp/1p2P3/5RP1/PPr5/4KR2 b - - 1 32,c2b2 f3f8 g8h7 f1f7 h7h6 f8h8,810,91,96,477,endgame exposedKing long mate mateIn3,https://lichess.org/0tuOFofj/black#64,,True,2,https://lichess.org/training/xD9ou
wJili,6k1/1p1R2pp/p3p1r1/5p2/5P2/7P/P1r3P1/3R3K b - - 1 29,c2g2 d7d8 g8f7 d1d7 f7f6 d8f8,811,92,96,1087,endgame long mate mateIn3 rookEndgame,https://lichess.org/BnHp1nbw/black#58,,True,2,https://lichess.org/training/wJili
XmQdo,6k1/2p3pp/2r1p1r1/1p1n4/p4P2/P1P1B3/3R3K/3R4 b - - 0 30,d5e3 d2d8 g8f7 d1d7 f7f6 d8f8,815,79,76,68,endgame long mate mateIn3,https://lichess.org/EGqt9oDn/black#60,,True,2,https://lichess.org/training/XmQdo
KuRvv,8/5Rk1/6p1/7p/7P/6PK/1r2r3/5R2 b - - 0 40,g7g8 f7f8 g8h7 f1f7 h7h6 f8h8,817,92,95,2342,endgame exposedKing long mate mateIn3 rookEndgame,https://lichess.org/6LbSHXYm/black#80,,True,2,https://lichess.org/training/KuRvv
02jP2,7k/p4r1p/2pR4/8/6R1/6P1/PP3r1P/6K1 w - - 0 27,h2h4 f2f1 g1h2 f7f2 h2h3 f1h1,817,88,89,82,endgame exposedKing long mate mateIn3 rookEndgame,https://lichess.org/ataPzuaP#53,,True,2,https://lichess.org/training/02jP2
3e5Pf,5rk1/1p3p2/p1n1p1Q1/3pP2p/3P3P/2P1q3/PP3RP1/5R1K b - - 0 24,f7g6 f2f8 g8h7 f1f7 h7h6 f8h8,818,81,75,94,endgame exposedKing kingsideAttack long mate mateIn3,https://lichess.org/4ZlOQXZZ/black#48,,True,2,https://lichess.org/training/3e5Pf
6bmsH,5rk1/5r1p/4p1pP/R1p1p3/2P5/1p1PP3/1R4P1/3K4 w - - 0 33,b2b3 f7f1 d1d2 f8f2 d2c3 f1c1,819,78,82,133,endgame exposedKing long master mate mateIn3 rookEndgame,https://lichess.org/4FGD8gEF#65,,True,2,https://lichess.org/training/6bmsH
P3i1Y,5r2/5rk1/2pp2p1/pp2p3/4P1QP/2PPPNP1/PP6/6K1 w - - 2 27,f3g5 f7f1 g1h2 f8f2 h2h3 f1h1,824,95,96,158,endgame exposedKing kingsideAttack long mate mateIn3,https://lichess.org/v1WNZNQQ#53,,True,2,https://lichess.org/training/P3i1Y
0HAqd,4r2k/1b3R2/1qr3p1/1p2Q2p/2p4P/2P5/6PK/1B3R2 b - - 5 39,e8e5 f7f8 h8g7 f1f7 g7h6 f8h8,825,88,91,321,exposedKing long mate mateIn3 middlegame,https://lichess.org/ZhXENGzC/black#78,,True,2,https://lichess.org/training/0HAqd
Sjahg,4r1k1/pp3R2/2p3p1/6q1/7p/7P/PP2Q1P1/5RK1 b - - 0 30,e8e2 f7f8 g8h7 f1f7 h7h6 f8h8,826,117,81,31,endgame exposedKing long mate mateIn3 queenRookEndgame,https://lichess.org/BzkEFNFj/black#60,,True,2,https://lichess.org/training/Sjahg
ekfGz,5r2/2p2r1k/pp2q1Rb/3p1PpP/3P2Q1/2P3P1/PPN5/7K w - - 0 36,f5e6 f7f1 h1h2 f8f2 h2h3 f1h1,826,90,90,68,endgame exposedKing fork long mate mateIn3,https://lichess.org/uX7fFnBK#71,,True,2,https://lichess.org/training/ekfGz
f7CVa,5rk1/5p2/3p2Q1/p3p2p/4P2P/P7/1q2rRP1/5R1K b - - 0 32,f7g6 f2f8 g8h7 f1f7 h7h6 f8h8,829,84,87,579,endgame exposedKing long mate mateIn3 queenRookEndgame,https://lichess.org/ev4quMRG/black#64,,True,2,https://lichess.org/training/f7CVa
P6j0u,6k1/4R2p/1p1r1pp1/p1pr4/5P2/6P1/PP4KP/4R3 b - - 8 33,h7h5 e7e8 g8g7 e1e7 g7h6 e8h8,829,79,84,77,endgame exposedKing long mate mateIn3 rookEndgame,https://lichess.org/BJdhnVcO/black#66,,True,2,https://lichess.org/training/P6j0u
7YW1i,5k2/1p1R4/p1p2p2/2P2Pp1/1P2P1P1/8/6rr/3R1K2 b - - 14 46,g2e2 d7d8 f8g7 d1d7 g7h6 d8h8,830,98,94,643,endgame exposedKing long mate mateIn3 rookEndgame,https://lichess.org/pLMXSn37/black#92,,True,2,https://lichess.org/training/7YW1i
I4zM6,8/5k2/2p1Rpp1/2Pp3p/3P1P2/1r4Pr/5K2/4R3 b - - 1 43,h3g3 e6e7 f7g8 e7e8 g8g7 e1e7 g7h6 e8h8,830,81,88,173,endgame mate mateIn4 rookEndgame veryLong,https://lichess.org/IDNLnTLl/black#86,,True,2,https://lichess.org/training/I4zM6
yMqqr,4r1k1/p7/6p1/2p4p/2p4P/2P2R2/2r5/5R1K b - - 2 42,e8e2 f3f8 g8h7 f1f7 h7h6 f8h8,830,100,78,538,endgame exposedKing long mate mateIn3 rookEndgame,https://lichess.org/yx1EcmmB/black#84,,True,2,https://lichess.org/training/yMqqr
eKSO5,8/5R1k/6p1/p6p/q6P/6P1/5R1K/8 b - - 0 42,h7g8 f7f8 g8h7 f2f7 h7h6 f8h8,832,87,95,602,endgame exposedKing long mate mateIn3 queenRookEndgame,https://lichess.org/qTVMcDOM/black#84,,True,2,https://lichess.org/training/eKSO5
E15kj,5r2/1p5k/p1p3p1/4Q2p/1PP1P2P/3PP1P1/P4rK1/8 w - - 1 33,g2g1 f2f1 g1h2 f8f2 h2h3 f1h1,833,86,91,248,endgame exposedKing long mate mateIn3 queenRookEndgame,https://lichess.org/GTP6Buvy#65,,True,2,https://lichess.org/training/E15kj
GhNyV,5rk1/1p3p2/p3p1Q1/4P1bp/1P6/P4R1P/3q2P1/5RK1 b - - 0 34,f7g6 f3f8 g8h7 f1f7 h7h6 f8h8,834,91,75,37,endgame exposedKing long mate mateIn3,https://lichess.org/xt9uF6Q8/black#68,,True,2,https://lichess.org/training/GhNyV
sXTEY,7k/8/p4Rp1/1p1p2p1/3P2Pb/1P4r1/P3r3/5R1K b - - 3 38,g3g2 f6f8 h8g7 f1f7 g7h6 f8h8,835,79,85,162,endgame exposedKing long mate mateIn3,https://lichess.org/6rygY0Pq/black#76,,True,2,https://lichess.org/training/sXTEY
scU7r,6k1/p6p/6p1/6q1/2PP4/6r1/P4RB1/5RK1 b - - 0 39,h7h5 f2f8 g8h7 f1f7 h7h6 f8h8,836,78,79,141,endgame exposedKing long mate mateIn3,https://lichess.org/M2gX3W6D/black#78,,True,2,https://lichess.org/training/scU7r
AV4ks,5rk1/6p1/2p1R3/p1Rp4/6QP/6P1/PP3r2/6K1 w - - 0 36,c5c6 f2f1 g1h2 f8f2 h2h3 f1h1,836,89,95,840,endgame exposedKing long mate mateIn3 queenRookEndgame,https://lichess.org/pwxKrSIG#71,,True,2,https://lichess.org/training/AV4ks
3081P,7k/p4p2/5RB1/1pp3q1/1n1p4/3P4/PPP4K/5R2 b - - 3 35,f7g6 f6f8 h8g7 f1f7 g7h6 f8h8,838,77,100,157,endgame exposedKing long mate mateIn3,https://lichess.org/uqPZJQuY/black#70,,True,2,https://lichess.org/training/3081P
Uvgam,5k2/pp3r2/8/8/2P1Q1pP/6P1/PP3r2/6K1 w - - 5 44,e4g4 f2f1 g1h2 f7f2 h2h3 f1h1,838,95,96,116,endgame exposedKing long mate mateIn3 queenRookEndgame,https://lichess.org/HnIo8gKt#87,,True,2,https://lichess.org/training/Uvgam
OQChj,3k1r2/5rp1/p1b1R3/1pN3Rp/7P/2P3P1/PP6/6K1 w - - 1 35,e6c6 f7f1 g1h2 f8f2 h2h3 f1h1,838,90,67,85,endgame exposedKing long mate mateIn3,https://lichess.org/KgDBFPas#69,,True,2,https://lichess.org/training/OQChj
MI6WG,8/p2R4/2p1r3/3p4/3P2RP/2Pk2P1/PP2r3/6K1 w - - 1 39,d7a7 e2e1 g1h2 e6e2 h2h3 e1h1,839,78,90,96,endgame exposedKing long mate mateIn3 rookEndgame,https://lichess.org/tVNzqZAa#77,,True,2,https://lichess.org/training/MI6WG
IE5yQ,7r/2R5/p3R3/1p1p1p1r/3k4/1B4p1/PP3P2/6K1 w - - 4 36,f2g3 h5h1 g1g2 h8h2 g2f3 h1f1,839,84,91,368,endgame exposedKing long mate mateIn3,https://lichess.org/cZmsvvpl#71,,True,2,https://lichess.org/training/IE5yQ
cFaNF,6k1/p4R1p/2p3p1/6q1/8/P7/2P3P1/5R1K b - - 1 37,h7h5 f7f8 g8h7 f1f7 h7h6 f8h8,841,76,80,105,endgame exposedKing long mate mateIn3 queenRookEndgame,https://lichess.org/YtdPhU4r/black#74,,True,2,https://lichess.org/training/cFaNF
VbRLk,8/5r1k/6p1/7p/2QP3P/2p3P1/5r2/6K1 w - - 0 42,c4c3 f2f1 g1h2 f7f2 h2h3 f1h1,841,81,59,117,endgame exposedKing long mate mateIn3 queenRookEndgame,https://lichess.org/jYM33qtk#83,,True,2,https://lichess.org/training/VbRLk
Amtmw,8/8/5r2/pR4R1/6pP/P1P3P1/1Pk2r2/6K1 w - - 0 42,g5g4 f2f1 g1h2 f6f2 h2h3 f1h1,841,79,89,171,endgame exposedKing long mate mateIn3 rookEndgame,https://lichess.org/R7IC7sLO#83,,True,2,https://lichess.org/training/Amtmw
kN415,5r2/1pp2r1k/p2p2R1/8/4P1R1/1P1P2P1/1PP5/6K1 w - - 3 29,g6g5 f7f1 g1h2 f8f2 h2h3 f1h1,841,95,96,2036,endgame exposedKing long mate mateIn3 rookEndgame,https://lichess.org/ptUUEDNv#57,,True,2,https://lichess.org/training/kN415
mvfEP,5r2/7k/8/8/2P3QP/4P1P1/P4r2/6K1 w - - 1 39,c4c5 f2f1 g1h2 f8f2 h2h3 f1h1,843,77,79,189,endgame exposedKing long mate mateIn3 queenRookEndgame,https://lichess.org/HYMrgjiL#77,,True,2,https://lichess.org/training/mvfEP
61AQL,5rk1/1p3p2/p3Q1p1/6q1/2P1PRp1/8/PP4PP/5RK1 b - - 0 26,f7e6 f4f8 g8h7 f1f7 h7h6 f8h8,844,99,94,502,endgame exposedKing long mate mateIn3 queenRookEndgame,https://lichess.org/JiVCPShO/black#52,,True,2,https://lichess.org/training/61AQL
FGEVS,5k2/2p2p2/pp1p2P1/3P1p2/2P2P2/bPr1r3/P6R/1K5R b - - 0 35,f7g6 h2h8 f8e7 h1h7 e7f6 h8f8,845,97,94,426,endgame exposedKing long mate mateIn3,https://lichess.org/xLF5GRyi/black#70,,True,2,https://lichess.org/training/FGEVS
zW66d,7k/ppp1pR2/2n3p1/6P1/2p4q/8/P5P1/5RK1 b - - 3 25,h4g5 f7f8 h8g7 f1f7 g7h6 f8h8,847,80,91,446,endgame exposedKing long mate mateIn3,https://lichess.org/AisYDJwc/black#50,,True,2,https://lichess.org/training/zW66d
VMCy8,5r1k/pp4p1/7p/4P3/6QP/2P3P1/PP3r2/3R3K w - - 3 32,d1d7 f2f1 h1h2 f8f2 h2h3 f1h1,848,84,87,139,endgame exposedKing long mate mateIn3 queenRookEndgame,https://lichess.org/xFFtYgVr#63,,True,2,https://lichess.org/training/VMCy8
3EGyE,6k1/5R2/p3r1p1/1p1r3p/2pP4/P1P5/1P4PK/5R2 b - - 0 29,d5g5 f7f8 g8h7 f1f7 h7h6 f8h8,850,98,97,1033,endgame exposedKing long master masterVsMaster mate mateIn3 rookEndgame,https://lichess.org/UIZHLAuS/black#58,,True,2,https://lichess.org/training/3EGyE
ls2WU,5r1k/2p4p/1p1p4/p2P4/P1P3QP/4R1P1/5r2/6K1 w - - 3 35,e3e7 f2f1 g1h2 f8f2 h2h3 f1h1,850,88,95,2193,endgame exposedKing long mate mateIn3 queenRookEndgame,https://lichess.org/GMhN3k9U#69,,True,2,https://lichess.org/training/ls2WU
rknW9,8/3P1k1p/p6r/5p1r/1P3R2/P3R1P1/7P/7K w - - 1 36,d7d8q h5h2 h1g1 h2h1 g1g2 h6h2 g2f3 h1f1,851,82,83,293,endgame mate mateIn4 queenRookEndgame veryLong,https://lichess.org/E6r1cItf#71,,True,2,https://lichess.org/training/rknW9
5xPhZ,6k1/5R2/6pp/p5q1/2r5/P6P/1PP5/1K3R2 b - - 0 38,h6h5 f7f8 g8h7 f1f7 h7h6 f8h8,851,104,89,610,endgame exposedKing long mate mateIn3 queenRookEndgame,https://lichess.org/HfZnNtug/black#76,,True,2,https://lichess.org/training/5xPhZ
zZrQZ,7k/5R2/6p1/p1pB3p/2Pb3K/P5P1/1r2r2P/5R2 b - - 1 34,d4e3 f7f8 h8g7 f1f7 g7h6 f8h8,851,85,96,202,endgame exposedKing long mate mateIn3,https://lichess.org/eK9Vephl/black#68,,True,2,https://lichess.org/training/zZrQZ
kJzaQ,8/2kR4/1pp3p1/pqb5/7r/P2R4/1PP5/1KB5 b - - 2 40,c7c8 d7d8 c8b7 d3d7 b7a6 d8a8,853,78,67,91,endgame exposedKing long mate mateIn3,https://lichess.org/bVcR5kaw/black#80,,True,2,https://lichess.org/training/kJzaQ
Z2hps,6r1/3k4/R7/1p2p3/1P2P3/p1RP1P2/6r1/5K2 w - - 0 45,c3a3 g2g1 f1f2 g8g2 f2e3 g1e1,854,100,96,391,endgame exposedKing long mate mateIn3 rookEndgame,https://lichess.org/AVNQFBPg#89,,True,2,https://lichess.org/training/Z2hps
ntIVw,4Q3/6pk/p4r2/2p1Rr1p/3p3P/P2P2q1/1PP2P2/5RK1 w - - 0 34,f2g3 f5f1 g1h2 f6f2 h2h3 f1h1,855,78,100,455,endgame exposedKing long mate mateIn3 queenRookEndgame,https://lichess.org/umPmeFOy#67,,True,2,https://lichess.org/training/ntIVw
OYC7I,8/5Rk1/4p1p1/7p/7P/5R2/2rr2PK/8 b - - 0 42,g7h8 f7f8 h8g7 f3f7 g7h6 f8h8,856,82,100,103,endgame exposedKing long mate mateIn3 rookEndgame,https://lichess.org/BGnen4kR/black#84,,True,2,https://lichess.org/training/OYC7I
fhqSA,5k2/pp3R2/3p2p1/6qp/4n3/8/P5PP/5RK1 b - - 0 26,f8g8 f7f8 g8h7 f1f7 h7h6 f8h8,856,79,90,220,endgame exposedKing long mate mateIn3,https://lichess.org/5vWkfBqg/black#52,,True,2,https://lichess.org/training/fhqSA
t6qcS,6k1/2r4p/4p3/3p3R/PR6/1P4P1/2r2P2/2K5 w - - 0 35,c1b1 c2c1 b1b2 c7c2 b2a3 c1a1,857,84,96,2565,endgame exposedKing long mate mateIn3 rookEndgame,https://lichess.org/DlZxyJ5V#69,,True,2,https://lichess.org/training/t6qcS
up0GE,6k1/5R1p/p3p1P1/P2qP1b1/3Pp3/2P5/7K/5R2 b - - 0 36,h7g6 f7f8 g8h7 f1f7 h7h6 f8h8,858,89,96,223,endgame exposedKing long mate mateIn3,https://lichess.org/ltciwC7K/black#72,,True,2,https://lichess.org/training/up0GE
YraQ8,2k5/8/p1p1p2p/P2q1p2/3P2nP/4B3/1R6/1R4K1 b - - 5 32,g4e3 b2b8 c8d7 b1b7 d7d6 b8d8,858,85,95,133,endgame exposedKing long mate mateIn3,https://lichess.org/y2LQFO3Y/black#64,,True,2,https://lichess.org/training/YraQ8
w0pj0,6k1/pp3R2/2p3p1/4q2p/7P/6P1/PP3R2/7K b - - 0 34,e5g3 f7f8 g8h7 f2f7 h7h6 f8h8,858,87,88,85,endgame exposedKing long mate mateIn3 queenRookEndgame,https://lichess.org/SfDusvVR/black#68,,True,2,https://lichess.org/training/w0pj0
xSEqQ,2r5/3k1Bp1/b3Rn2/6N1/p4p2/P2P3R/2r5/5K2 w - - 2 42,e6a6 c2c1 f1g2 c8c2 g2f3 c1f1,860,79,83,247,exposedKing long mate mateIn3 middlegame,https://lichess.org/YXv1TQaP#83,,True,2,https://lichess.org/training/xSEqQ
pQCT1,6k1/8/3rp1p1/5p2/2pP1P2/1pq2NK1/p6R/7R b - - 1 43,d6d4 h2h8 g8f7 h1h7 f7f6 h8f8,860,77,88,255,endgame exposedKing long mate mateIn3,https://lichess.org/68z18LOX/black#86,,True,2,https://lichess.org/training/pQCT1
dv5Ne,8/3R4/p3pr1k/1p6/6R1/P5P1/2P2r2/6K1 w - - 0 42,d7d8 f2f1 g1h2 f6f2 h2h3 f1h1,860,77,76,195,endgame exposedKing long mate mateIn3 rookEndgame,https://lichess.org/yjwP1YST#83,,True,2,https://lichess.org/training/dv5Ne
frdNv,r6k/6p1/2p4p/1pP4P/1p1Pp1R1/1P2P1R1/r7/1K6 w - - 0 29,g4e4 a2a1 b1c2 a8a2 c2d3 a1d1,861,77,89,147,endgame exposedKing long mate mateIn3 rookEndgame,https://lichess.org/pGnZ3l1f#57,,True,2,https://lichess.org/training/frdNv
Oxk1S,r4Q1k/1p6/1p3Rp1/2p3q1/8/7P/P3n1B1/5R1K b - - 0 31,a8f8 f6f8 h8g7 f1f7 g7h6 f8h8,862,79,88,97,endgame exposedKing long mate mateIn3,https://lichess.org/uYpAfM0N/black#62,,True,2,https://lichess.org/training/Oxk1S
OhKec,6k1/6p1/2Q5/3p1r1p/1P1P4/P5PP/5r2/6K1 w - - 3 40,h3h4 f2f1 g1h2 f5f2 h2h3 f1h1,862,92,91,63,endgame exposedKing long mate mateIn3 queenRookEndgame,https://lichess.org/ETfz5lPY#79,,True,2,https://lichess.org/training/OhKec
kYFjK,5r2/6k1/p3p1p1/Pp2R2p/1PpP3P/2P1R1P1/5r2/6K1 w - - 0 37,e5e6 f2f1 g1h2 f8f2 h2h3 f1h1,862,84,60,40,endgame exposedKing long mate mateIn3 rookEndgame,https://lichess.org/2pG2LkCh#73,,True,2,https://lichess.org/training/kYFjK
v180H,5r2/5r1k/R7/1p4R1/6pP/1P4P1/P7/6K1 w - - 2 39,g5g4 f7f1 g1h2 f8f2 h2h3 f1h1,863,92,91,1450,endgame exposedKing long mate mateIn3 rookEndgame,https://lichess.org/H2XzKqk1#77,,True,2,https://lichess.org/training/v180H
yzM5l,3r4/Q4Rp1/3r1b1k/7p/4B2P/4P1P1/P4P2/6K1 w - - 1 34,f2f3 d6d1 g1h2 d8d2 h2h3 d1h1,864,98,94,479,endgame exposedKing long mate mateIn3,https://lichess.org/uf2nUkUT#67,,True,2,https://lichess.org/training/yzM5l
dXoXw,5rk1/1bp5/1p1p2p1/p2P1pqp/2P1Q3/2P2R1P/P5P1/5R1K b - - 0 26,f5e4 f3f8 g8h7 f1f7 h7h6 f8h8,865,93,90,277,endgame exposedKing kingsideAttack long mate mateIn3,https://lichess.org/kfXYsbZA/black#52,,True,2,https://lichess.org/training/dXoXw
gItId,6k1/pp6/2p3p1/3p2p1/3q2B1/8/PP3R1P/5R1K b - - 1 33,d4g4 f2f8 g8h7 f1f7 h7h6 f8h8,865,79,84,107,endgame exposedKing long mate mateIn3 queenRookEndgame,https://lichess.org/S1piN9nt/black#66,,True,2,https://lichess.org/training/gItId
BoKvX,8/pk4r1/1p6/2pPQ3/1P2Pp2/3P1P2/P5r1/5K2 w - - 2 34,e5f4 g2g1 f1f2 g7g2 f2e3 g1e1,865,94,92,613,endgame exposedKing long mate mateIn3 queenRookEndgame,https://lichess.org/HspBIYaX#67,,True,2,https://lichess.org/training/BoKvX
9AGTT,6k1/8/3pp1p1/p1p3r1/PpP1PR1p/1P1r4/5RP1/5K2 b - - 1 37,d3b3 f4f8 g8h7 f2f7 h7h6 f8h8,865,94,92,456,endgame exposedKing long mate mateIn3 rookEndgame,https://lichess.org/coQxaG8J/black#74,,True,2,https://lichess.org/training/9AGTT
uxhpm,r4k2/1p6/3p1pp1/2pP3p/2P2PbP/1P2R1P1/8/1rN1R2K b - - 1 30,a8a1 e3e8 f8g7 e1e7 g7h6 e8h8,866,129,60,19,endgame exposedKing long master masterVsMaster mate mateIn3,https://lichess.org/75RUjTzX/black#60,,True,2,https://lichess.org/training/uxhpm
5H28m,5kN1/5R2/1pr1p1p1/4p1bp/P1P5/1P1rP2P/6P1/5RK1 b - - 0 29,f8g8 f7f8 g8h7 f1f7 h7h6 f8h8,866,106,94,1261,endgame exposedKing long mate mateIn3,https://lichess.org/eeS6wx2k/black#58,,True,2,https://lichess.org/training/5H28m
F8Iqt,3r2k1/5R2/3P2p1/ppr4p/7P/8/PP6/K4R2 b - - 0 32,d8d6 f7f8 g8h7 f1f7 h7h6 f8h8,867,82,65,71,endgame exposedKing long mate mateIn3 rookEndgame,https://lichess.org/6UFN6Uao/black#64,,True,2,https://lichess.org/training/F8Iqt
ovqBm,5r2/pp4p1/4p1k1/6P1/2PPR2R/6P1/PP3r2/6K1 w - - 2 30,e4g4 f2f1 g1h2 f8f2 h2h3 f1h1,867,98,96,1972,endgame exposedKing long mate mateIn3 rookEndgame,https://lichess.org/Q3JFUZBk#59,,True,2,https://lichess.org/training/ovqBm
fEqLq,k1r5/8/4p3/8/1Q2P2R/1P6/2r5/1K6 w - - 2 48,h4h7 c2c1 b1b2 c8c2 b2a3 c1a1,867,93,87,267,endgame exposedKing long master mate mateIn3 queenRookEndgame,https://lichess.org/yZn1AtKg#95,,True,2,https://lichess.org/training/fEqLq
z6cbU,6k1/5R2/6p1/2Ppr2p/7P/1r2b3/B5P1/5R1K b - - 1 41,b3b4 f7f8 g8h7 f1f7 h7h6 f8h8,868,97,95,1411,endgame exposedKing long mate mateIn3,https://lichess.org/HTexplyg/black#82,,True,2,https://lichess.org/training/z6cbU
6eHlL,5r2/7p/R1R5/2pP1r1k/2P1p2P/4P1p1/5P2/6K1 w - - 0 32,f2g3 f5f1 g1h2 f8f2 h2h3 f1h1,868,101,94,424,endgame exposedKing long mate mateIn3 rookEndgame,https://lichess.org/xfDz1HNG#63,,True,2,https://lichess.org/training/6eHlL
tfTux,8/2R3R1/5r1p/7k/7P/6P1/5r2/6K1 w - - 1 41,g7h7 f2f1 g1h2 f6f2 h2h3 f1h1,868,83,76,69,endgame exposedKing long mate mateIn3 rookEndgame,https://lichess.org/JYh7CyJo#81,,True,2,https://lichess.org/training/tfTux
hO1D1,2r2k2/R5R1/6p1/8/2r1p1Pp/4P3/P7/6K1 w - - 2 48,g7h7 c4c1 g1h2 c8c2 h2h3 c1h1,868,78,99,692,endgame exposedKing long mate mateIn3 rookEndgame,https://lichess.org/OdPIYdZr#95,,True,2,https://lichess.org/training/hO1D1
1oa3v,3r2k1/pp6/4pRp1/6rp/8/8/PP5K/5R2 b - - 1 31,d8d6 f6f8 g8h7 f1f7 h7h6 f8h8,868,99,94,249,endgame exposedKing long mate mateIn3 rookEndgame,https://lichess.org/GPzHuKmq/black#62,,True,2,https://lichess.org/training/1oa3v
Qbyvg,8/5Rk1/4p1p1/3p3p/1r1r3P/5R2/6PK/8 b - - 0 44,g7g8 f7f8 g8h7 f3f7 h7h6 f8h8,870,87,100,198,endgame exposedKing long master mate mateIn3 rookEndgame,https://lichess.org/BD0F78PS/black#88,,True,2,https://lichess.org/training/Qbyvg
DBvC0,6k1/pp4p1/2b1p3/4P1qp/3p4/8/PP3RPP/1B3R1K b - - 1 33,g7g6 f2f8 g8h7 f1f7 h7h6 f8h8,870,99,95,531,endgame exposedKing long mate mateIn3,https://lichess.org/N7XrcVCk/black#66,,True,2,https://lichess.org/training/DBvC0
S3jbF,6k1/5R2/pp4p1/2p1r2p/3pB1rb/3P1R2/PPP5/5K2 b - - 7 39,e5g5 f7f8 g8h7 f3f7 h7h6 f8h8,871,92,95,273,endgame exposedKing long mate mateIn3,https://lichess.org/mrZuO0oP/black#78,,True,2,https://lichess.org/training/S3jbF
bj20C,5rk1/pp4p1/7p/3R4/6QP/1P4P1/P4r2/6K1 w - - 0 31,d5d7 f2f1 g1h2 f8f2 h2h3 f1h1,871,77,100,128,endgame exposedKing long master mate mateIn3 queenRookEndgame,https://lichess.org/tuzSuyj1#61,,True,2,https://lichess.org/training/bj20C
zagB5,6k1/p1R5/7p/3Pr2B/5pP1/P2P1P2/1P2r3/5K2 w - - 7 41,d5d6 e2e1 f1g2 e5e2 g2h3 e1h1,871,79,84,80,endgame exposedKing long mate mateIn3,https://lichess.org/3CrPEptN#81,,True,2,https://lichess.org/training/zagB5
ss8cd,5r2/2p2r2/1p4k1/p2pQ1p1/3P4/2P1P1P1/P5P1/1R2K3 w - - 2 29,b1b3 f7f1 e1e2 f8f2 e2d3 f1d1,872,102,67,66,endgame exposedKing long mate mateIn3 queenRookEndgame,https://lichess.org/CBasTgYz#57,,True,2,https://lichess.org/training/ss8cd
WoZna,7k/8/5p1p/3R4/2p2rP1/2P1bP2/1r5P/3R3K b - - 3 31,f4f3 d5d8 h8g7 d1d7 g7g6 d8g8,872,129,82,24,endgame exposedKing long mate mateIn3,https://lichess.org/i5yhoZwR/black#62,,True,2,https://lichess.org/training/WoZna
HeCOc,8/1k3r2/1pp1Q3/p2p4/P7/1R2P3/1PP2rP1/2K5 w - - 2 32,b3c3 f2f1 c1d2 f7f2 d2d3 f1d1,872,81,90,541,endgame long mate mateIn3 queenRookEndgame,https://lichess.org/cFcNWdkv#63,,True,2,https://lichess.org/training/HeCOc
vmbwF,8/4kpr1/1p1ppR2/p1pq4/P7/KP6/8/5R2 b - - 6 36,g7g3 f6f7 e7e8 f7f8 e8d7 f1f7 d7c6 f8c8,872,85,92,939,endgame mate mateIn4 queenRookEndgame veryLong,https://lichess.org/Q8QuiNtx/black#72,,True,2,https://lichess.org/training/vmbwF
3jJaS,5k2/1p1R1p2/1rp1P1pp/8/p4P2/P4K2/1r4PP/3R4 b - - 1 30,f7e6 d7d8 f8e7 d1d7 e7f6 d8f8,872,80,68,133,endgame exposedKing long mate mateIn3 rookEndgame,https://lichess.org/Vw9eUokO/black#60,,True,2,https://lichess.org/training/3jJaS
00gNl,6k1/5R2/pp4p1/2p4p/7P/1P1r4/P3r1PK/5R2 b - - 0 38,d3d2 f7f8 g8h7 f1f7 h7h6 f8h8,872,78,97,1401,endgame exposedKing long mate mateIn3 rookEndgame,https://lichess.org/JhG6365X/black#76,,True,2,https://lichess.org/training/00gNl
LaoZr,2r3k1/5R2/4p1p1/p3P2p/7P/1P4P1/r7/5RK1 b - - 0 32,c8c2 f7f8 g8h7 f1f7 h7h6 f8h8,873,77,85,160,endgame exposedKing long mate mateIn3 rookEndgame,https://lichess.org/ROyiC27G/black#64,,True,2,https://lichess.org/training/LaoZr
Kq4oh,r1b3k1/1pp2R2/p1n3pp/6N1/2PrP3/P2B3P/8/5RK1 b - - 1 24,h6g5 f7f8 g8h7 f1f7 h7h6 f8h8,873,92,95,1350,exposedKing long mate mateIn3 middlegame,https://lichess.org/f6L78PdO/black#48,,True,2,https://lichess.org/training/Kq4oh
eTNaw,r1b2k2/1p3R2/p3p1p1/q1n1P1b1/8/2Nr4/PP4PP/5RK1 b - - 0 28,f8g8 f7f8 g8h7 f1f7 h7h6 f8h8,873,84,80,67,exposedKing kingsideAttack long mate mateIn3 middlegame,https://lichess.org/FGxyezs2/black#56,,True,2,https://lichess.org/training/eTNaw
80gA5,1r5k/5Q2/1r2B1p1/5p2/3P1P1p/4P3/6PP/6K1 w - - 0 40,f7g6 b6b1 g1f2 b8b2 f2f3 b1f1,873,87,97,210,endgame long mate mateIn3,https://lichess.org/jGcKAtib#79,,True,2,https://lichess.org/training/80gA5
MqVs6,6k1/7R/3pp1p1/3P1bP1/1r3P1R/2K5/1r6/8 b - - 4 38,e6d5 h7h8 g8f7 h4h7 f7e6 h8e8,874,86,93,692,endgame exposedKing long mate mateIn3,https://lichess.org/l0m82gFW/black#76,,True,2,https://lichess.org/training/MqVs6
CnFKB,4r1k1/1p3R2/p5p1/3P2q1/8/1P3RPp/P3Q2P/6K1 b - - 0 32,e8e2 f7f8 g8h7 f3f7 h7h6 f8h8,874,78,96,1545,endgame exposedKing long mate mateIn3 queenRookEndgame,https://lichess.org/w7XcfBHE/black#64,,True,2,https://lichess.org/training/CnFKB
YiJe1,8/6k1/1p3rp1/p3Nr2/3P2R1/1PP3PP/1P6/6K1 w - - 1 32,h3h4 f5f1 g1h2 f6f2 h2h3 f1h1,874,92,95,217,endgame exposedKing long mate mateIn3,https://lichess.org/WF7d2DLd#63,,True,2,https://lichess.org/training/YiJe1
oVFCG,4r1k1/p4R2/1p4p1/6q1/4Q2p/P7/1P4PP/5RK1 b - - 0 28,e8e4 f7f8 g8h7 f1f7 h7h6 f8h8,875,77,89,532,endgame exposedKing long mate mateIn3 queenRookEndgame,https://lichess.org/UsnAiZxP/black#56,,True,2,https://lichess.org/training/oVFCG
HjI21,6k1/1p1q1R2/2p3p1/2Pp3p/PB1P3P/1P4P1/4r3/5RK1 b - - 1 31,d7h3 f7f8 g8h7 f1f7 h7h6 f8h8,875,93,94,423,endgame exposedKing long mate mateIn3,https://lichess.org/kQsryMMf/black#62,,True,2,https://lichess.org/training/HjI21
t1DIP,3rk3/ppp5/2Q1p3/5pPp/2P5/1P4q1/P2RP3/3R3K b - - 0 22,b7c6 d2d8 e8f7 d1d7 f7g6 d8g8,875,79,91,274,endgame exposedKing long mate mateIn3 queenRookEndgame,https://lichess.org/d6bPi29U/black#44,,True,2,https://lichess.org/training/t1DIP
EZkwe,1k1r4/8/1p2p3/1P3p2/2R5/R3P1p1/3r1P2/5K2 w - - 0 34,f2g3 d2d1 f1g2 d8d2 g2h3 d1h1,876,87,96,345,endgame exposedKing long master mate mateIn3 rookEndgame,https://lichess.org/2mkD9lqD#67,,True,2,https://lichess.org/training/EZkwe
TgOr9,7k/8/5Rp1/p1p4p/Pp1p3P/1P2q1P1/2P5/5R1K b - - 2 39,e3g3 f6f8 h8g7 f1f7 g7h6 f8h8,876,80,100,406,endgame exposedKing long mate mateIn3 queenRookEndgame,https://lichess.org/ZdaIrnfW/black#78,,True,2,https://lichess.org/training/TgOr9
TC8gr,8/5Rk1/p1p3p1/1p5p/P3r2P/1P6/2q3P1/5R1K b - - 0 34,g7g8 f7f8 g8h7 f1f7 h7h6 f8h8,877,98,67,154,endgame exposedKing long mate mateIn3 queenRookEndgame,https://lichess.org/g1Qui0UN/black#68,,True,2,https://lichess.org/training/TC8gr
n4Ea9,1k3r2/1pp5/p7/3Pp3/4P1Q1/2N3P1/PPP2r1P/6K1 w - - 1 26,h2h4 f2f1 g1h2 f8f2 h2h3 f1h1,877,78,99,790,endgame exposedKing long mate mateIn3,https://lichess.org/zwxHAygq#51,,True,2,https://lichess.org/training/n4Ea9
4DmQI,8/p4rk1/3R4/7p/RP5P/6P1/5r2/6K1 w - - 0 37,d6a6 f2f1 g1h2 f7f2 h2h3 f1h1,877,90,60,45,endgame exposedKing long mate mateIn3 rookEndgame,https://lichess.org/Dy4NfpDV#73,,True,2,https://lichess.org/training/4DmQI
4Qr9u,7k/8/5p1p/2P3p1/6P1/4R2P/r1r5/4R1K1 b - - 0 53,c2c5 e3e8 h8g7 e1e7 g7g6 e8g8,878,79,86,164,endgame exposedKing long mate mateIn3 rookEndgame,https://lichess.org/vukY0spE/black#106,,True,2,https://lichess.org/training/4Qr9u
20bky,8/2p5/p2p1kp1/1p2p1PR/4P2R/P2q2PK/8/8 b - - 0 35,f6g7 h5h7 g7g8 h7h8 g8f7 h4h7 f7e6 h8e8,878,88,81,168,endgame mate mateIn4 queenRookEndgame veryLong,https://lichess.org/uuA9ayuq/black#70,,True,2,https://lichess.org/training/20bky
YXYXZ,3r1k2/8/3Q1pp1/7p/7P/1P3q2/1P2R2K/4R3 b - - 0 39,d8d6 e2e8 f8g7 e1e7 g7h6 e8h8,879,77,96,348,endgame exposedKing long mate mateIn3 queenRookEndgame,https://lichess.org/3jENAkch/black#78,,True,2,https://lichess.org/training/YXYXZ
QZ7DJ,7k/p7/1p4pq/8/8/5RP1/PPPr2P1/5RK1 b - - 3 27,h6g5 f3f8 h8g7 f1f7 g7h6 f8h8,879,79,99,1375,endgame exposedKing long mate mateIn3 queenRookEndgame,https://lichess.org/RS1N8ZRc/black#54,,True,2,https://lichess.org/training/QZ7DJ
luRYG,6k1/1p2b3/6p1/p1p1r2p/P4R2/1P3R2/5KP1/8 b - - 7 41,e7g5 f4f8 g8h7 f3f7 h7h6 f8h8,880,77,100,392,endgame exposedKing long mate mateIn3,https://lichess.org/gyACF8YS/black#82,,True,2,https://lichess.org/training/luRYG
kVCcM,3r4/pp3kr1/2pp2p1/8/8/2R5/PP3KPP/4R3 b - - 1 24,d8d7 c3f3 f7g8 e1e8 g8h7 f3h3,881,93,92,1108,endgame long mate mateIn3 rookEndgame,https://lichess.org/bEqamrrX/black#48,,True,2,https://lichess.org/training/kVCcM
xwo4U,8/6Q1/8/3p1r1k/3P4/1PP3P1/P4r2/n5K1 w - - 0 40,c3c4 f2f1 g1h2 f5f2 h2h3 f1h1,881,77,91,794,endgame exposedKing long mate mateIn3,https://lichess.org/wfvOB9BE#79,,True,2,https://lichess.org/training/xwo4U
zA5VG,7k/pp2pR2/3p2p1/6N1/4P3/3P4/P2q4/5R1K b - - 2 27,d2g5 f7f8 h8g7 f1f7 g7h6 f8h8,882,81,91,262,endgame exposedKing long mate mateIn3 queenRookEndgame,https://lichess.org/FK6Vf71X/black#54,,True,2,https://lichess.org/training/zA5VG
PDoiD,8/p7/1p2kr2/2pR2Rp/4P2P/1P4P1/5rK1/8 w - - 0 51,g2g1 f2f1 g1h2 f6f2 h2h3 f1h1,883,81,98,763,endgame exposedKing long mate mateIn3 rookEndgame,https://lichess.org/tD4kEJPX#101,,True,2,https://lichess.org/training/PDoiD
fqMPB,2n2k2/pR4R1/6p1/3pr2p/P7/1P2P3/1r3PBP/6K1 w - - 2 27,g7h7 b2b1 g2f1 e5g5 g1h1 b1f1,883,86,84,187,deflection endgame long mate mateIn3,https://lichess.org/soSSLsTk#53,,True,2,https://lichess.org/training/fqMPB
IXGv7,5rk1/2p3p1/p3R3/1pqp3p/1Q5P/2P1R1P1/PP3r2/6K1 w - - 0 26,b4c5 f2f1 g1h2 f8f2 h2h3 f1h1,883,77,86,225,endgame exposedKing long mate mateIn3 queenRookEndgame,https://lichess.org/tYQl3I1K#51,,True,2,https://lichess.org/training/IXGv7
TUT19,8/4k3/3p1p2/3PpPb1/1pR1Pp1p/5q1P/1P6/2R3K1 b - - 0 45,e7f8 c4c8 f8g7 c1c7 g7h6 c8h8,883,78,88,146,endgame exposedKing long mate mateIn3,https://lichess.org/SWLKqJZG/black#90,,True,2,https://lichess.org/training/TUT19
KeMQs,8/5k2/1p1r1p2/p1p2Pp1/P1Pr3p/1P1PR2P/2K5/4R3 b - - 2 33,d4f4 e3e7 f7g8 e7e8 g8g7 e1e7 g7h6 e8h8,884,79,77,202,endgame mate mateIn4 rookEndgame veryLong,https://lichess.org/Kr3LXqe4/black#66,,True,2,https://lichess.org/training/KeMQs
XtXik,1r6/2p1kp1R/2p1p3/Q1Pp4/3P2p1/P1P1P1P1/1r3PP1/5qK1 w - - 0 26,g1f1 b2b1 f1e2 b8b2 e2d3 b1d1,885,79,97,2846,endgame long mate mateIn3 queenRookEndgame,https://lichess.org/sul3K7SB#51,,True,2,https://lichess.org/training/XtXik
CEYQs,4k3/R4p2/2p1r1p1/1p1p2P1/1r1P1P2/4PK2/R7/8 b - - 1 43,b4b3 a7a8 e8d7 a2a7 d7d6 a8d8,885,79,100,433,endgame long mate mateIn3 rookEndgame,https://lichess.org/7KzXz5dV/black#86,,True,2,https://lichess.org/training/CEYQs
7BbVn,3r1k2/R5Rp/8/2pr1p2/8/4P1P1/8/6K1 w - - 2 31,g7h7 d5d1 g1h2 d8d2 h2h3 d1h1,885,80,97,1461,endgame exposedKing long mate mateIn3 rookEndgame,https://lichess.org/BfAh0hQz#61,,True,2,https://lichess.org/training/7BbVn
EbM0M,8/r7/1pk1PpR1/2p2P2/2PpR3/1P6/r7/1K6 w - - 5 41,g6f6 a2a1 b1c2 a7a2 c2d3 a1d1,886,81,90,232,endgame exposedKing long mate mateIn3 rookEndgame,https://lichess.org/14zBxGQ9#81,,True,2,https://lichess.org/training/EbM0M
wgO7W,5rk1/1p3p2/p3N1p1/4p1b1/r6p/5R1P/6P1/5RK1 b - - 1 31,f7e6 f3f8 g8h7 f1f7 h7h6 f8h8,886,86,79,377,endgame exposedKing long mate mateIn3,https://lichess.org/lSJCrBnX/black#62,,True,2,https://lichess.org/training/wgO7W
AlxIl,8/1R4k1/4p1p1/3pPp1p/7P/6PK/r4r2/1R6 b - - 2 36,g7f8 b7b8 f8g7 b1b7 g7h6 b8h8,886,89,95,735,endgame exposedKing long mate mateIn3 rookEndgame,https://lichess.org/m1vE2Uhr/black#72,,True,2,https://lichess.org/training/AlxIl
nd67D,6k1/p1p2R2/6p1/2K1p1Pp/2P5/1P6/r5r1/5R2 b - - 0 30,g2g5 f7f8 g8h7 f1f7 h7h6 f8h8,887,112,100,59,endgame exposedKing long mate mateIn3 rookEndgame,https://lichess.org/cJrLiCXF/black#60,,True,2,https://lichess.org/training/nd67D
rSxJi,2r4k/2r3p1/5p2/1B5p/PR2PP1P/6P1/1P6/1K6 w - - 1 33,b2b3 c7c1 b1b2 c8c2 b2a3 c1a1,887,83,90,71,endgame exposedKing long mate mateIn3,https://lichess.org/LDhp9m6f#65,,True,2,https://lichess.org/training/rSxJi
kInSC,2kr4/pR4p1/4p1p1/5p2/2P2P1r/1P6/1P3PBP/R5K1 w - - 5 24,a1a7 d8d1 g2f1 h4g4 g1h1 d1f1,887,82,90,382,deflection endgame long mate mateIn3,https://lichess.org/umY1HWt8#47,,True,2,https://lichess.org/training/kInSC
2AeSP,5r2/p2R4/1p3r1k/2p5/6RP/4P3/PP4P1/6K1 w - - 7 30,g2g3 f6f1 g1h2 f8f2 h2h3 f1h1,887,96,93,1754,endgame exposedKing long mate mateIn3 rookEndgame,https://lichess.org/DXNX0ks5#59,,True,2,https://lichess.org/training/2AeSP
5iYi7,3k4/4Rp2/p1rp1p2/1p3P2/1P3P1p/6rP/PKP3P1/4R3 b - - 0 29,g3g2 e7e8 d8c7 e1e7 c7b6 e8b8,888,99,97,1077,endgame exposedKing long mate mateIn3 rookEndgame,https://lichess.org/j2OBUyIK/black#58,,True,2,https://lichess.org/training/5iYi7
h2N2k,2N5/2k5/Rp2p3/1P1p4/1PpP3p/2P3r1/2r5/R6K b - - 2 37,c7c8 a6a8 c8c7 a1a7 c7d6 a8d8,888,81,84,300,endgame exposedKing long mate mateIn3 rookEndgame,https://lichess.org/cDFRrtNU/black#74,,True,2,https://lichess.org/training/h2N2k
OgmAi,7r/5p2/5pk1/6p1/1R6/3R1PP1/PP5r/6K1 w - - 0 39,b4d4 h2h1 g1f2 h8h2 f2e3 h1e1,889,94,94,449,endgame exposedKing long mate mateIn3 rookEndgame,https://lichess.org/Rs6XerFs#77,,True,2,https://lichess.org/training/OgmAi
c0w5o,5rk1/1pp2p2/p2p2Q1/3Pr2p/2P4P/1Pq3P1/P4R2/5RK1 b - - 0 28,f7g6 f2f8 g8h7 f1f7 h7h6 f8h8,889,88,95,2164,endgame exposedKing long mate mateIn3 queenRookEndgame,https://lichess.org/nEB4X40c/black#56,,True,2,https://lichess.org/training/c0w5o
J36nY,4k3/3R4/4p1r1/p1p2p1p/5P2/3R2P1/r6P/6K1 b - - 9 42,h5h4 d7d8 e8f7 d3d7 f7f6 d8f8,890,80,96,465,endgame exposedKing long mate mateIn3 rookEndgame,https://lichess.org/By7R4xAG/black#84,,True,2,https://lichess.org/training/J36nY
z0iwi,8/8/8/R7/R5pk/4K3/p1q2P2/8 b - - 11 71,h4h3 a5h5 h3g2 a4g4 g2f1 h5h1,892,81,91,998,deflection endgame long mate mateIn3 queenRookEndgame,https://lichess.org/CaRVGrR7/black#142,,True,2,https://lichess.org/training/z0iwi
OplYc,1k6/7p/1p1r1pp1/pB2r3/2RP4/5K2/2R3PP/8 b - - 0 34,e5b5 c4c8 b8a7 c2c7 a7a6 c8a8,893,88,93,594,endgame exposedKing long mate mateIn3 rookEndgame,https://lichess.org/s2q9JRYW/black#68,,True,2,https://lichess.org/training/OplYc
CR3lC,2r5/5pkp/6p1/pB6/P2pN3/1P6/2r2PPP/1K1R4 w - - 0 32,d1d4 c2c1 b1b2 c8c2 b2a3 c1a1,894,87,90,183,endgame exposedKing long mate mateIn3,https://lichess.org/rp0o4udP#63,,True,2,https://lichess.org/training/CR3lC
04ULx,6k1/p4R2/3pp1p1/7p/4P1bP/qBr1P1P1/P1P5/1K3R2 b - - 0 26,c3e3 f7f8 g8h7 f1f7 h7h6 f8h8,894,78,100,170,endgame exposedKing long mate mateIn3,https://lichess.org/wA6SFpUD/black#52,,True,2,https://lichess.org/training/04ULx
SrQg3,k7/1p6/p3p2r/5p2/8/1PR3P1/P1P4r/4R1K1 w - - 6 35,e1e3 h2h1 g1g2 h6h2 g2f3 h1f1,895,82,98,646,endgame exposedKing long mate mateIn3 rookEndgame,https://lichess.org/wvNOwIA3#69,,True,2,https://lichess.org/training/SrQg3
p9VQT,8/4k3/2R5/p1Pp4/3P1R2/5P2/r5rK/8 w - - 0 44,h2h3 g2h2 h3g4 a2g2 g4f5 h2h5,895,82,50,91,endgame exposedKing long mate mateIn3 rookEndgame,https://lichess.org/1QC8qsqu#87,,True,2,https://lichess.org/training/p9VQT
rxP5f,5r1k/p5p1/1pPR4/7p/2R5/P3P1P1/1P3r2/6K1 w - - 0 31,c4h4 f2f1 g1h2 f8f2 h2h3 f1h1,895,80,63,85,endgame exposedKing long mate mateIn3 rookEndgame,https://lichess.org/CYLHT9Qj#61,,True,2,https://lichess.org/training/rxP5f
LwGMR,6k1/p4R2/1p4p1/2p4p/P6P/1P3RP1/3r2r1/5K2 b - - 5 42,g2h2 f7f8 g8h7 f3f7 h7h6 f8h8,895,90,88,43,endgame exposedKing long mate mateIn3 rookEndgame,https://lichess.org/tz2bTeUa/black#84,,True,2,https://lichess.org/training/LwGMR
dv449,7k/2p4p/1p1p2p1/3P1rP1/P2r4/2K5/1P5R/7R b - - 1 43,d4d5 h2h7 h8g8 h7h8 g8f7 h1h7 f7e6 h8e8,895,82,71,805,endgame mate mateIn4 rookEndgame veryLong,https://lichess.org/AXfSqRGP/black#86,,True,2,https://lichess.org/training/dv449
k3ZPK,5r1k/R5R1/1p5p/2p1p3/2Q3nP/1PP3P1/1P3r2/6K1 w - - 1 32,c4g4 f2f1 g1h2 f8f2 h2h3 f1h1,895,96,96,296,endgame exposedKing long mate mateIn3 queenRookEndgame,https://lichess.org/h9nbcE0y#63,,True,2,https://lichess.org/training/k3ZPK
HLJxp,6k1/1R6/3p2pp/3Pp3/4Pb1P/3P1K2/r1r1B3/1R6 b - - 3 37,c2e2 b7b8 g8f7 b1b7 f7f6 b8f8,896,79,85,153,endgame exposedKing long mate mateIn3,https://lichess.org/xoFzv3o1/black#74,,True,2,https://lichess.org/training/HLJxp
dmyh8,5r2/1p4k1/4Brp1/p1p3Qp/2P1P2P/3P2P1/PP6/6K1 w - - 9 35,e6d5 f6f1 g1h2 f8f2 h2h3 f1h1,896,82,97,1662,endgame exposedKing long mate mateIn3,https://lichess.org/l9RWsgZ9#69,,True,2,https://lichess.org/training/dmyh8
Bv8P7,5r1k/5r2/p2p2Q1/1p1N3P/3PR3/P5P1/8/7K w - - 3 42,e4g4 f7f1 h1h2 f8f2 h2h3 f1h1,896,80,100,134,endgame exposedKing long mate mateIn3,https://lichess.org/X9NwScUK#83,,True,2,https://lichess.org/training/Bv8P7
IbCxr,6k1/5R2/p5p1/1p4Pp/8/6r1/r7/5R1K b - - 2 44,g3g5 f7f8 g8h7 f1f7 h7h6 f8h8,896,84,94,162,endgame exposedKing long mate mateIn3 rookEndgame,https://lichess.org/1YcISPEF/black#88,,True,2,https://lichess.org/training/IbCxr
nJj3I,3kr3/p5qR/2p1r3/2P2Qp1/P2P1pP1/5P2/8/6K1 w - - 4 42,h7g7 e6e1 g1g2 e8e2 g2h3 e1h1,898,91,94,914,endgame exposedKing long mate mateIn3 queenRookEndgame,https://lichess.org/vPKYCmxe#83,,True,2,https://lichess.org/training/nJj3I
5Ltow,3k4/1p3Rp1/4p3/1rPp2p1/p2P4/P6r/1P3R1P/K7 b - - 5 34,g7g6 f7f8 d8c7 f2f7 c7c6 f8c8,899,78,91,125,endgame exposedKing long mate mateIn3 rookEndgame,https://lichess.org/2GNV0dua/black#68,,True,2,https://lichess.org/training/5Ltow
6T59F,5rk1/p1B3p1/2p2r1p/2p5/2P1Q1q1/1P4P1/P7/5RK1 w - - 3 30,e4g4 f6f1 g1h2 f8f2 h2h3 f1h1,899,78,93,757,endgame exposedKing long mate mateIn3,https://lichess.org/K8sMu5pg#59,,True,2,https://lichess.org/training/6T59F
6akKE,6k1/1p3R2/p2p2p1/2pP2qn/2P1r1P1/6Q1/PP6/5RK1 b - - 0 31,h5g3 f7f8 g8h7 f1f7 h7h6 f8h8,899,126,100,35,endgame exposedKing long mate mateIn3,https://lichess.org/ApWk9n76/black#62,,True,2,https://lichess.org/training/6akKE
xJh4P,2r2k2/5ppp/4b3/pB1p4/P2q4/1P3Q2/2r3PP/1K1R4 w - - 0 27,d1d4 c2c1 b1b2 c8c2 b2a3 c1a1,899,77,100,159,endgame exposedKing long mate mateIn3,https://lichess.org/yqDG3CeN#53,,True,2,https://lichess.org/training/xJh4P
oB1lZ,8/2R2k2/r2p4/3P1pPp/4pP1P/8/2R2K2/r7 b - - 9 43,f7e8 c7c8 e8f7 c2c7 f7g6 c8g8,899,97,95,862,endgame exposedKing long mate mateIn3 rookEndgame,https://lichess.org/PD73JnRc/black#86,,True,2,https://lichess.org/training/oB1lZ
0ajCe,6R1/8/8/1p3r1k/p5R1/P5P1/5rK1/8 w - - 0 42,g2g1 f2f1 g1h2 f5f2 h2h3 f1h1,900,82,91,259,endgame exposedKing long mate mateIn3 rookEndgame,https://lichess.org/UEyaziV5#83,,True,2,https://lichess.org/training/0ajCe
WrALP,1k6/3r4/1p1N4/3Pp1n1/P3P1r1/8/2R3PK/2R5 b - - 0 33,d7d6 c2c8 b8a7 c1c7 a7a6 c8a8,900,76,100,384,endgame exposedKing long mate mateIn3,https://lichess.org/nadfXGUZ/black#66,,True,2,https://lichess.org/training/WrALP
W1T6b,5k2/4R3/5pp1/8/1p3P2/1P4P1/5rr1/4R2K b - - 6 42,g2g3 e7e8 f8g7 e1e7 g7h6 e8h8,900,101,91,207,endgame exposedKing long mate mateIn3 rookEndgame,https://lichess.org/4F4ZCtoP/black#84,,True,2,https://lichess.org/training/W1T6b
exkVp,8/8/7R/1p4p1/pP3k2/P6P/6rr/4RK2 b - - 6 40,g2a2 h6f6 f4g3 e1e3 g3h4 f6h6,901,97,93,802,endgame long mate mateIn3 rookEndgame,https://lichess.org/LXjnuQY5/black#80,,True,2,https://lichess.org/training/exkVp
v8GyK,4r1k1/3R4/2Q1r1pp/5p2/7P/1P3PP1/P1P2K2/8 w - - 5 45,c6c7 e6e2 f2g1 e2e1 g1h2 e8e2 h2h3 e1h1,901,85,87,600,endgame mate mateIn4 queenRookEndgame veryLong,https://lichess.org/gTGCvxVe#89,,True,2,https://lichess.org/training/v8GyK
ejsYh,1kr5/R7/1pP1prn1/3p3p/3P1pp1/6P1/5PN1/R5K1 b - - 0 37,c8c6 a7a8 b8c7 a1a7 c7d6 a8d8,901,84,97,2275,endgame exposedKing long master mate mateIn3,https://lichess.org/oYfbbNND/black#74,,True,2,https://lichess.org/training/ejsYh
o1f1D,5rk1/3R4/pp4p1/2p4p/P6P/1P2p1P1/2P2r2/4R2K w - - 0 35,e1e3 f2f1 h1h2 f8f2 h2h3 f1h1,902,78,83,232,endgame exposedKing long mate mateIn3 rookEndgame,https://lichess.org/XTwJVV8C#69,,True,2,https://lichess.org/training/o1f1D
7NFvq,8/4kR1p/1p2p3/p2pP3/P1pP4/2P5/1q6/5RK1 b - - 9 43,e7e8 f7f8 e8d7 f1f7 d7c6 f8c8,902,79,95,2485,endgame exposedKing long mate mateIn3 queenRookEndgame,https://lichess.org/RebB6EwH/black#86,,True,2,https://lichess.org/training/7NFvq
AfzX4,5rk1/2p2p2/3p2Q1/pp1P4/4rR1P/4q3/P5P1/5R1K b - - 0 34,f7g6 f4f8 g8h7 f1f7 h7h6 f8h8,902,87,79,55,endgame exposedKing long mate mateIn3 queenRookEndgame,https://lichess.org/xfeQtkGB/black#68,,True,2,https://lichess.org/training/AfzX4
gyk11,2r2k2/8/2N2pp1/8/r1P1RPb1/8/P7/4R1K1 b - - 0 36,c8c6 e4e8 f8g7 e1e7 g7h6 e8h8,903,91,93,738,endgame exposedKing long mate mateIn3,https://lichess.org/F0VYsFPh/black#72,,True,2,https://lichess.org/training/gyk11
Njdp1,3r4/3r2kp/p1R3p1/1pR5/1P3bP1/PQP5/5P2/1K6 w - - 7 32,b3e6 d7d1 b1c2 d8d2 c2b3 d1b1,903,96,95,1103,endgame exposedKing long mate mateIn3,https://lichess.org/XOo9i1yt#63,,True,2,https://lichess.org/training/Njdp1
vuyo2,8/7r/2k5/p2RR3/3ppP2/1P4P1/P6r/5K2 w - - 6 42,d5d4 h2h1 f1f2 h7h2 f2e3 h1e1,903,83,92,506,endgame exposedKing long mate mateIn3 rookEndgame,https://lichess.org/YIQBNzDM#83,,True,2,https://lichess.org/training/vuyo2
X72Al,5rk1/p1p2p2/1p4Q1/6p1/2P3q1/1P2PR2/P2r2P1/5RK1 b - - 0 27,f7g6 f3f8 g8h7 f1f7 h7h6 f8h8,903,80,100,438,endgame exposedKing long mate mateIn3 queenRookEndgame,https://lichess.org/sOJginR7/black#54,,True,2,https://lichess.org/training/X72Al
rKjIp,6k1/7R/2n1p1p1/3p4/5P2/1q1B2P1/8/2K4R b - - 1 33,b3d3 h7h8 g8f7 h1h7 f7f6 h8f8,903,79,92,300,endgame exposedKing long mate mateIn3,https://lichess.org/nWHBlHUA/black#66,,True,2,https://lichess.org/training/rKjIp
1yfrG,3R4/5r1p/6p1/7k/3Rp2P/6P1/5r2/6K1 w - - 0 46,d4e4 f2f1 g1h2 f7f2 h2h3 f1h1,903,91,93,237,endgame exposedKing long mate mateIn3 rookEndgame,https://lichess.org/BmgoesWd#91,,True,2,https://lichess.org/training/1yfrG
AZk9i,2r5/5k2/5N2/p3Pp2/6p1/1P3RR1/2r5/1K6 w - - 2 45,f3f5 c2c1 b1b2 c8c2 b2a3 c1a1,904,81,100,1030,endgame exposedKing long mate mateIn3,https://lichess.org/a6g34nJa#89,,True,2,https://lichess.org/training/AZk9i
aJswQ,6k1/ppp1pR2/2n3p1/6Np/4P1q1/1P6/P4R2/5K2 b - - 3 41,g4g5 f7f8 g8h7 f2f7 h7h6 f8h8,904,79,100,189,endgame exposedKing long mate mateIn3,https://lichess.org/iJ5Awsb8/black#82,,True,2,https://lichess.org/training/aJswQ
uK7MN,4r1k1/p2R3p/1p4nQ/2p5/5pP1/1PP2P2/P3rK2/8 w - - 3 32,f2f1 e2e1 f1g2 e8e2 g2h3 e1h1,904,84,77,128,endgame exposedKing long mate mateIn3,https://lichess.org/mLDxttdv#63,,True,2,https://lichess.org/training/uK7MN
6CpRV,2b2r2/7k/pR4R1/3Pp3/2P1P1p1/P5P1/4Br2/6K1 w - - 0 35,e2g4 f2f1 g1h2 f8f2 h2h3 f1h1,904,82,91,1674,endgame exposedKing long mate mateIn3,https://lichess.org/Pf9esnW7#69,,True,2,https://lichess.org/training/6CpRV
aROrr,6k1/2p4p/p1p2Rp1/6q1/4P3/1P1K1R2/P1P5/8 b - - 3 36,h7h5 f6f8 g8h7 f3f7 h7h6 f8h8,905,76,84,157,endgame exposedKing long mate mateIn3 queenRookEndgame,https://lichess.org/ZiNtlWIA/black#72,,True,2,https://lichess.org/training/aROrr
jIhRx,4k3/1p3p1p/4P2p/pP1p4/q2P1R2/8/5R1K/8 b - - 0 36,f7e6 f4f8 e8d7 f2f7 d7d6 f8d8,906,93,94,259,endgame exposedKing long master mate mateIn3 queenRookEndgame,https://lichess.org/ZG6aBoab/black#72,,True,2,https://lichess.org/training/jIhRx
BPPUz,6k1/5p2/p3Q1p1/1p4q1/4P2p/1P2nR1P/P4RPK/1r6 b - - 0 32,f7e6 f3f8 g8h7 f2f7 h7h6 f8h8,906,84,85,50,endgame exposedKing long mate mateIn3,https://lichess.org/rE5MwHA8/black#64,,True,2,https://lichess.org/training/BPPUz
I3LlF,6k1/4pR2/p3P1p1/7p/4r2P/4r3/P2K4/5R2 b - - 5 41,e4e6 f7f8 g8h7 f1f7 h7h6 f8h8,907,92,91,558,endgame exposedKing long mate mateIn3 rookEndgame,https://lichess.org/GJzBC7D8/black#82,,True,2,https://lichess.org/training/I3LlF
VDDvw,r7/6R1/2p4p/2PpBRnk/r2P4/4P3/7P/7K w - - 1 38,e5f4 a4a1 h1g2 a8a2 g2g3 a1g1,907,90,85,190,endgame long mate mateIn3,https://lichess.org/XMYpsnYG#75,,True,2,https://lichess.org/training/VDDvw
gFdUh,1k6/pp6/2p1p2q/4pp2/N2nP3/6P1/PPP3KR/7R b - - 7 30,h6e3 h2h8 b8c7 h1h7 c7d6 h8d8,908,98,96,1788,endgame long mate mateIn3,https://lichess.org/M5qpKGMx/black#60,,True,2,https://lichess.org/training/gFdUh
rnNww,5rk1/p4p2/2p1p1Q1/1p1qP1pr/1P1P4/P3PR2/6P1/5RK1 b - - 0 28,f7g6 f3f8 g8h7 f1f7 h7h6 f8h8,908,80,96,1898,endgame exposedKing long mate mateIn3 queenRookEndgame,https://lichess.org/5pj2DYvW/black#56,,True,2,https://lichess.org/training/rnNww
EnnXx,6k1/8/2p3p1/1b4P1/6qp/5R2/5R1K/8 b - - 1 46,g4g5 f3f8 g8h7 f2f7 h7h6 f8h8,909,80,64,96,endgame exposedKing long mate mateIn3,https://lichess.org/NSqnWKDD/black#92,,True,2,https://lichess.org/training/EnnXx
Ztzih,8/1p5k/3p1r2/3P2Q1/2Pbp1BP/1P4P1/5r2/6K1 w - - 2 34,g1h1 f2f1 h1h2 f6f2 h2h3 f1h1,909,78,94,533,endgame exposedKing long mate mateIn3,https://lichess.org/MP14vcTQ#67,,True,2,https://lichess.org/training/Ztzih
Hsywd,2k5/1p3R1p/3r4/p7/4n3/1PP5/3r1PPP/2K1R3 w - - 4 26,e1e4 d2d1 c1b2 d6d2 b2a3 d1a1,910,77,78,163,endgame exposedKing long mate mateIn3 rookEndgame,https://lichess.org/vFNclK80#51,,True,2,https://lichess.org/training/Hsywd
E3Tl9,1r4k1/6p1/2p3Pp/p2p1R2/P2P4/2P1P1R1/1r6/2K5 w - - 0 31,g3f3 b2b1 c1d2 b8b2 d2d3 b1d1,910,81,95,510,endgame exposedKing long mate mateIn3 rookEndgame,https://lichess.org/ETLoEJAC#61,,True,2,https://lichess.org/training/E3Tl9
9zJob,5rk1/p3pp2/1p4Q1/3r4/5R1P/2P5/PP1q2P1/5R1K b - - 0 26,f7g6 f4f8 g8h7 f1f7 h7h6 f8h8,910,80,96,116,endgame exposedKing long mate mateIn3 queenRookEndgame,https://lichess.org/DrHBAkAr/black#52,,True,2,https://lichess.org/training/9zJob
pbbOX,2r3k1/8/6p1/2ppr2p/5R1P/6K1/8/5R2 b - - 1 34,c8c6 f4f8 g8h7 f1f7 h7h6 f8h8,910,79,100,576,endgame exposedKing long mate mateIn3 rookEndgame,https://lichess.org/sSPpEmE7/black#68,,True,2,https://lichess.org/training/pbbOX
7cL7C,6k1/5R2/4p1p1/p2pP2p/P2P3P/1P6/1rr3P1/5R1K b - - 0 31,c2g2 f7f8 g8h7 f1f7 h7h6 f8h8,911,90,89,325,endgame exposedKing long mate mateIn3 rookEndgame,https://lichess.org/LrEyVfmw/black#62,,True,2,https://lichess.org/training/7cL7C
IUG0Z,8/1k3p2/Rp2p2p/1Pp1p3/2P3rP/3r2P1/5P2/R5K1 b - - 1 30,g4c4 a6a7 b7c8 a7a8 c8d7 a1a7 d7d6 a8d8,911,82,89,450,endgame mate mateIn4 rookEndgame veryLong,https://lichess.org/4vxYmaJX/black#60,,True,2,https://lichess.org/training/IUG0Z
63DIm,8/pp3kp1/6p1/8/8/6R1/Pq6/4RK2 b - - 3 36,b2a2 g3f3 f7g8 e1e8 g8h7 f3h3,911,88,95,2332,endgame long mate mateIn3 queenRookEndgame,https://lichess.org/2d3cxMoX/black#72,,True,2,https://lichess.org/training/63DIm
2X4q3,6k1/8/3p1Rp1/p6r/1p6/1P1P4/2r3P1/5RK1 b - - 0 37,h5g5 f6f8 g8h7 f1f7 h7h6 f8h8,911,95,95,2578,endgame exposedKing long mate mateIn3 rookEndgame,https://lichess.org/8RTTEu3x/black#74,,True,2,https://lichess.org/training/2X4q3
ooBh5,6k1/p1p2R2/6p1/6r1/4p2q/4P2P/PPP3P1/5RK1 b - - 0 23,h4h3 f7f8 g8h7 f1f7 h7h6 f8h8,911,86,94,557,endgame exposedKing long mate mateIn3 queenRookEndgame,https://lichess.org/w0UyIqfZ/black#46,,True,2,https://lichess.org/training/ooBh5
7oYqX,6k1/5R2/1n2p1p1/6rp/4r3/1B5K/P5PP/5R2 b - - 0 35,b6d5 f7f8 g8h7 f1f7 h7h6 f8h8,911,86,95,827,endgame exposedKing long mate mateIn3,https://lichess.org/eSY9DE9Y/black#70,,True,2,https://lichess.org/training/7oYqX
17xEX,6k1/4p2R/1p2p1p1/p1p5/P4PP1/K1P3r1/1P4r1/7R b - - 0 30,g3g4 h7h8 g8f7 h1h7 f7f6 h8f8,911,89,85,303,endgame exposedKing long mate mateIn3 rookEndgame,https://lichess.org/YIdyi7cd/black#60,,True,2,https://lichess.org/training/17xEX
BX9YA,6k1/5p2/p1p3P1/6r1/4KR2/1P1p3r/P2P4/5R2 b - - 6 36,f7g6 f4f8 g8h7 f1f7 h7h6 f8h8,912,91,95,721,endgame exposedKing long mate mateIn3 rookEndgame,https://lichess.org/pjsXAFKx/black#72,,True,2,https://lichess.org/training/BX9YA
88saX,6k1/pb1p1R2/6p1/2p1q2p/7P/1PN3P1/P4R1K/8 b - - 0 30,e5e1 f7f8 g8h7 f2f7 h7h6 f8h8,913,86,96,253,endgame exposedKing long mate mateIn3,https://lichess.org/HNDxHt1Z/black#60,,True,2,https://lichess.org/training/88saX
uU1YR,5rk1/6b1/1p2R1p1/p1p2rP1/2Pp2Q1/1P4P1/P7/6K1 w - - 1 36,e6g6 f5f1 g1h2 f8f2 h2h3 f1h1,913,88,96,877,endgame exposedKing long master mate mateIn3,https://lichess.org/1FPFp1GC#71,,True,2,https://lichess.org/training/uU1YR
QImWG,5k2/p6p/2p2p2/1p1p1P1B/1n1P3r/4r3/P5R1/1K4R1 b - - 1 29,h4h5 g2g8 f8e7 g1g7 e7d6 g8d8,913,79,80,114,endgame exposedKing long mate mateIn3,https://lichess.org/4fS80PjK/black#58,,True,2,https://lichess.org/training/QImWG
LT0sa,6k1/8/4pppp/3p4/KR3P2/P2q2P1/7P/1R6 b - - 1 45,h6h5 b4b8 g8g7 b1b7 g7h6 b8h8,914,76,100,166,endgame exposedKing long mate mateIn3 queenRookEndgame,https://lichess.org/hbxi6bQ6/black#90,,True,2,https://lichess.org/training/LT0sa
NOThR,8/7p/2R2p1k/5r2/6RP/6P1/5r2/6K1 w - - 2 35,c6c7 f2f1 g1h2 f5f2 h2h3 f1h1,914,86,88,375,endgame exposedKing long mate mateIn3 rookEndgame,https://lichess.org/uCkdcQO5#69,,True,2,https://lichess.org/training/NOThR
iD5qH,8/1pk4p/1p4p1/8/1R1R3P/P4PP1/1P3r1r/1K6 b - - 0 33,f2f3 b4c4 c7b8 d4d8 b8a7 c4a4,914,99,96,4489,endgame long mate mateIn3 rookEndgame,https://lichess.org/gjXmRzL0/black#66,,True,2,https://lichess.org/training/iD5qH
SHLv2,6k1/1pp3p1/4pPp1/1p6/4qPK1/3R3P/3R4/8 b - - 0 30,g7f6 d3d8 g8g7 d2d7 g7h6 d8h8,914,101,95,1098,endgame exposedKing long mate mateIn3 queenRookEndgame,https://lichess.org/RHXn5Nb0/black#60,,True,2,https://lichess.org/training/SHLv2
QLO42,3r2k1/pp6/2p2p2/5P1p/1P5P/P3R1PK/5r2/4R3 b - - 0 33,d8d2 e3e8 g8g7 e1e7 g7h6 e8h8,915,78,91,184,endgame exposedKing long mate mateIn3 rookEndgame,https://lichess.org/cH0n2HuX/black#66,,True,2,https://lichess.org/training/QLO42
vgAUG,6k1/p4rp1/1p2Q3/2p1P3/2P4P/2P3P1/P4r2/6K1 w - - 0 38,e6g4 f2f1 g1h2 f7f2 h2h3 f1h1,916,92,96,1006,endgame exposedKing long mate mateIn3 queenRookEndgame,https://lichess.org/sXYSzrpo#75,,True,2,https://lichess.org/training/vgAUG
TVIbP,8/3k4/1p1p2p1/1rpP1pP1/5P2/r2P4/4R1K1/4R3 b - - 3 47,a3d3 e2e7 d7c8 e7e8 c8b7 e1e7 b7a6 e8a8,916,84,91,551,endgame mate mateIn4 rookEndgame veryLong,https://lichess.org/19XyDBu8/black#94,,True,2,https://lichess.org/training/TVIbP
Q1VBO,5QR1/4r2p/4r1p1/p4p1k/7P/2P2PP1/PP6/6K1 w - - 1 48,g8h8 e6e1 g1h2 e7e2 h2h3 e1h1,916,81,91,417,endgame exposedKing long mate mateIn3 queenRookEndgame,https://lichess.org/BM4EERoG#95,,True,2,https://lichess.org/training/Q1VBO
qJGq9,4r2k/pp6/2p3p1/4P1qp/5R2/3B3K/P1P2R2/8 b - - 1 33,e8e5 f4f8 h8g7 f2f7 g7h6 f8h8,917,89,96,941,endgame exposedKing long mate mateIn3,https://lichess.org/KDrUHQxk/black#66,,True,2,https://lichess.org/training/qJGq9
NX4GA,2k5/2r5/1QP5/PP1p4/3Pr3/6P1/5KP1/8 w - - 3 44,a5a6 c7f7 f2g1 e4e1 g1h2 f7h7,917,94,95,3098,endgame long mate mateIn3 queenRookEndgame,https://lichess.org/U7z5SOuP#87,,True,2,https://lichess.org/training/NX4GA
rRl0N,r2q4/p1p2p1k/1p1p1p1p/4rN2/7R/7P/PPP5/1K3R2 b - - 3 27,d8e8 h4h6 h7g8 f1g1 g8f8 h6h8,917,96,94,252,endgame long mate mateIn3,https://lichess.org/WileZ7hY/black#54,,True,2,https://lichess.org/training/rRl0N
VIPXX,5k2/3R4/1pq1p1p1/p1p1P2p/P1p2P1P/2B1b1PK/1P6/3R4 b - - 0 39,c6f3 d7d8 f8g7 d1d7 g7h6 d8h8,917,97,94,1173,endgame exposedKing long mate mateIn3,https://lichess.org/mpyNLXp9/black#78,,True,2,https://lichess.org/training/VIPXX
5MECe,1k6/2R4R/1p2r3/1P2r2p/P7/2P2PP1/5K2/8 w - - 1 52,c7c6 e5e2 f2g1 e2e1 g1g2 e6e2 g2h3 e1h1,917,85,76,419,endgame mate mateIn4 rookEndgame veryLong,https://lichess.org/7q44lH3y#103,,True,2,https://lichess.org/training/5MECe
r8qqw,r3rb1k/1p1n1p2/2p1qP1Q/p1Pp1R2/3B3R/1P2P1P1/P5KP/8 b - - 0 25,f8h6 h4h6 h8g8 f5g5 g8f8 h6h8,917,78,98,2270,exposedKing kingsideAttack long master masterVsMaster mate mateIn3 middlegame,https://lichess.org/X69A7Y6m/black#50,,True,2,https://lichess.org/training/r8qqw
E6Kva,3Q4/1p3r1k/6p1/p1p2r1p/2P4P/1P2q1P1/P4P2/5RK1 w - - 0 38,f2e3 f5f1 g1h2 f7f2 h2h3 f1h1,918,77,80,164,endgame exposedKing long mate mateIn3 queenRookEndgame,https://lichess.org/4gnwA8If#75,,True,2,https://lichess.org/training/E6Kva
lRpDr,1k2r3/1ppR2R1/2p5/1p2rBp1/6P1/5P1P/8/6K1 w - - 3 38,d7c7 e5e1 g1h2 e8e2 h2g3 e1g1,919,77,100,445,endgame exposedKing long mate mateIn3,https://lichess.org/sVV1VX0K#75,,True,2,https://lichess.org/training/lRpDr
rikKb,5r1k/1R2N3/3r2p1/1p2p2p/1P2p2P/2P3P1/1P2bP2/R5K1 w - - 2 33,a1a7 d6d1 g1h2 f8f2 h2h3 d1h1,919,77,100,169,deflection endgame long mate mateIn3,https://lichess.org/Z3wP1Hdo#65,,True,2,https://lichess.org/training/rikKb
8rQwB,4rk2/8/1q1R2p1/p2Q1p2/8/4rPP1/4RK2/8 w - - 2 42,d6b6 e3e2 f2g1 e2e1 g1h2 e8e2 h2h3 e1h1,919,80,86,194,endgame master mate mateIn4 queenRookEndgame veryLong,https://lichess.org/emc3V9NR#83,,True,2,https://lichess.org/training/8rQwB
faUcS,6k1/pp3R1p/2p3P1/6b1/3pr3/6Pq/PPP4P/5RK1 b - - 0 30,h7g6 f7f8 g8h7 f1f7 h7h6 f8h8,920,87,96,2442,endgame exposedKing long mate mateIn3,https://lichess.org/PHmHWZ90/black#60,,True,2,https://lichess.org/training/faUcS
yoYnn,8/4rk1p/8/6r1/1N6/6P1/PP1R2P1/6K1 w - - 3 36,g1f2 g5f5 f2g1 e7e1 g1h2 f5h5,920,77,100,242,endgame long mate mateIn3,https://lichess.org/tdkB4tay#71,,True,2,https://lichess.org/training/yoYnn
X95yv,1r6/5kp1/4pp1p/p2p3P/3P1PP1/P1P1R1Bn/1r6/2K4R w - - 3 39,h1h3 b2b1 c1d2 b8b2 d2d3 b1d1,921,85,95,301,endgame exposedKing long master mate mateIn3 queensideAttack,https://lichess.org/AXU49rWB#77,,True,2,https://lichess.org/training/X95yv
Klb9N,8/p2r4/7R/4kp2/1P2pr1p/P6P/8/2R1K3 b - - 2 31,d7g7 c1c5 e5d4 h6d6 d4e3 c5c3,921,94,95,148,endgame long mate mateIn3 rookEndgame,https://lichess.org/Eig4iDWj/black#62,,True,2,https://lichess.org/training/Klb9N
3bPFg,1k5r/p1p5/Pp2p3/1P2p3/4P3/2PR1pP1/7r/5RK1 w - - 0 32,f1f3 h2h1 g1f2 h8h2 f2e3 h1e1,922,83,97,655,endgame exposedKing long mate mateIn3 rookEndgame,https://lichess.org/80kvGF3q#63,,True,2,https://lichess.org/training/3bPFg
WRqOJ,1k3r2/1p6/p7/2Q1pr1p/3p3P/P1N3P1/8/6K1 w - - 0 40,c3d5 f5f1 g1h2 f8f2 h2h3 f1h1,922,75,99,1030,endgame exposedKing long mate mateIn3,https://lichess.org/DJJJ1La8#79,,True,2,https://lichess.org/training/WRqOJ
xCbeI,r6k/3R4/6p1/4Pp1p/1r2b2P/2p5/B5P1/2KR4 b - - 3 35,a8a2 d7d8 h8g7 d1d7 g7h6 d8h8,922,98,83,73,endgame exposedKing long master mate mateIn3,https://lichess.org/XsK7Unna/black#70,,True,2,https://lichess.org/training/xCbeI
Knd4Z,2R5/5rk1/4p1p1/7p/2R4P/2P3P1/5rK1/8 w - - 0 54,g2g1 f2f1 g1h2 f7f2 h2h3 f1h1,922,78,97,593,endgame exposedKing long mate mateIn3 rookEndgame,https://lichess.org/1kUYnh3F#107,,True,2,https://lichess.org/training/Knd4Z
yQxUU,3r4/8/R3pr2/2R3p1/2p1k3/2P2pP1/P1P2P2/6K1 w - - 3 33,g3g4 d8d1 g1h2 f6h6 h2g3 d1g1,923,82,89,232,endgame long mate mateIn3 rookEndgame,https://lichess.org/9064t1gr#65,,True,2,https://lichess.org/training/yQxUU
Nh8ec,5rk1/5r1p/4p1pQ/ppppP3/6PR/2P3q1/PP3P2/5RK1 w - - 0 28,f2g3 f7f1 g1h2 f8f2 h2h3 f1h1,924,94,96,843,endgame exposedKing kingsideAttack long mate mateIn3 queenRookEndgame,https://lichess.org/4R2zgDRr#55,,True,2,https://lichess.org/training/Nh8ec
1xMAc,1R6/4r2k/R6P/1p2r1n1/6P1/P1Pb4/2P5/1K6 w - - 0 35,c2d3 e5e1 b1c2 e7e2 c2b3 e1b1,924,78,100,209,endgame exposedKing long mate mateIn3,https://lichess.org/clgQHtPM#69,,True,2,https://lichess.org/training/1xMAc
p3kE1,6k1/5R2/2p3p1/1pPpP1P1/1n1P2rp/8/r7/5R1K b - - 3 43,g4g5 f7f8 g8h7 f1f7 h7h6 f8h8,925,86,96,1926,endgame exposedKing long mate mateIn3,https://lichess.org/0clEWRIU/black#86,,True,2,https://lichess.org/training/p3kE1
hY2r2,1r4k1/4p3/2pp2p1/p6p/2PKP2P/1r1P1R2/6P1/5R2 b - - 3 28,b8b7 f3f8 g8h7 f1f7 h7h6 f8h8,926,85,70,77,endgame exposedKing long mate mateIn3 rookEndgame,https://lichess.org/eGZDFSgA/black#56,,True,2,https://lichess.org/training/hY2r2
Aqc2V,r7/4R3/5p2/1p4kR/2b3P1/p1P4P/2r5/6K1 b - - 2 39,g5f4 h5f5 f4g3 e7e3 g3h4 f5h5,926,94,96,3445,endgame long mate mateIn3,https://lichess.org/zsRQFGye/black#78,,True,2,https://lichess.org/training/Aqc2V
lonMX,b3r1k1/p6p/1p4p1/5p2/2P2Q1P/4rPP1/P7/3R2K1 w - - 3 29,d1d7 e3e1 g1h2 e8e2 h2h3 e1h1,926,76,98,379,endgame exposedKing long mate mateIn3,https://lichess.org/6AYbOseS#57,,True,2,https://lichess.org/training/lonMX
b0lp8,4r1k1/pp6/5Rp1/6rp/P7/2P1Q1P1/7P/5RK1 b - - 0 33,e8e3 f6f8 g8h7 f1f7 h7h6 f8h8,926,134,67,37,endgame exposedKing long mate mateIn3 rookEndgame,https://lichess.org/Fk5NvprJ/black#66,,True,2,https://lichess.org/training/b0lp8
hdHLs,6k1/8/3p1p1p/2P1p1p1/R3P1Pb/3qBP1P/1r6/R6K b - - 3 34,d3e3 a4a8 b2b8 a8b8 g8f7 a1a7 f7e6 b8e8,927,84,88,683,endgame exposedKing mate mateIn4 veryLong,https://lichess.org/MiuzawTF/black#68,,True,2,https://lichess.org/training/hdHLs
GjJGR,2k4r/2p3R1/2p4r/2P1p3/4P1p1/3P2P1/2P5/5RK1 w - - 3 27,f1f7 h6h1 g1f2 h8h2 f2e3 h1e1,927,92,89,63,endgame exposedKing long mate mateIn3 rookEndgame,https://lichess.org/b9tRjbiF#53,,True,2,https://lichess.org/training/GjJGR
IVtBR,5rk1/p4p2/4p1Q1/q2r3p/7P/1P6/P4RP1/5R1K b - - 0 26,f7g6 f2f8 g8h7 f1f7 h7h6 f8h8,928,112,33,42,endgame exposedKing long mate mateIn3 queenRookEndgame,https://lichess.org/z9LAUDmr/black#52,,True,2,https://lichess.org/training/IVtBR
BNG6D,5rk1/7p/6p1/Pp2R3/1P2B1P1/2P1P2P/5r2/5K2 w - - 0 34,f1e1 f2f1 e1e2 f8f2 e2d3 f1d1,928,78,100,449,endgame exposedKing long mate mateIn3,https://lichess.org/Eo8wktiK#67,,True,2,https://lichess.org/training/BNG6D
BH3uD,6r1/R7/1p1k2r1/3p1p2/3B2P1/1PP1PP2/P4K2/8 w - - 0 35,g4f5 g6g2 f2e1 g2g1 e1e2 g8g2 e2d3 g1d1,929,89,83,95,endgame mate mateIn4 veryLong,https://lichess.org/ssPf77Iv#69,,True,2,https://lichess.org/training/BH3uD
pPqkT,1q6/3k1p1p/2p3p1/2PbR1P1/8/1P2R1K1/8/8 b - - 11 59,b8b5 e5e7 d7c8 e7e8 c8b7 e3e7 b7a6 e8a8,930,85,94,2272,endgame mate mateIn4 veryLong,https://lichess.org/RwtjfcfW/black#118,,True,2,https://lichess.org/training/pPqkT
TJPjX,5r2/p6k/1p4R1/4R2p/P6P/6P1/5r2/6K1 w - - 1 39,g6d6 f2f1 g1h2 f8f2 h2h3 f1h1,930,85,100,59,endgame exposedKing long mate mateIn3 rookEndgame,https://lichess.org/mLBvPhiK#77,,True,2,https://lichess.org/training/TJPjX
jVgAb,4r3/R7/1p5p/3p2pk/6R1/5P1P/PPP1rK2/8 w - - 1 35,f2f1 e2e1 f1g2 e8e2 g2g3 e1g1,930,83,91,468,endgame exposedKing long mate mateIn3 rookEndgame,https://lichess.org/jhmat7yS#69,,True,2,https://lichess.org/training/jVgAb
08quO,4r3/1R6/3B1pk1/2P3p1/3R4/5P1p/4r1P1/6K1 w - - 0 51,g2h3 e2e1 g1f2 e8e2 f2g3 e1g1,930,82,78,234,endgame exposedKing long mate mateIn3,https://lichess.org/H7OrBlGO#101,,True,2,https://lichess.org/training/08quO
CI2bz,8/p3rp2/2p2b1k/4r1pP/6Q1/1P3PP1/1PPR4/6K1 w - - 0 38,d2d6 e5e1 g1g2 e7e2 g2h3 e1h1,930,88,89,535,endgame exposedKing long mate mateIn3,https://lichess.org/IOelQpb4#75,,True,2,https://lichess.org/training/CI2bz
hRQEy,5r2/1R6/1P1kp3/3p2RP/1P2p1p1/4P1P1/5r2/6K1 w - - 2 38,g5g4 f2f1 g1h2 f8f2 h2h3 f1h1,931,110,100,43,endgame exposedKing long mate mateIn3 rookEndgame,https://lichess.org/DLrwAhhA#75,,True,2,https://lichess.org/training/hRQEy
rfweB,5r2/5rk1/1Q6/pPpPp2p/P1P5/4q1P1/5P2/5RK1 w - - 0 33,f2e3 f7f1 g1h2 f8f2 h2h3 f1h1,932,85,93,523,endgame exposedKing long mate mateIn3 queenRookEndgame,https://lichess.org/R0mpRz5A#65,,True,2,https://lichess.org/training/rfweB
nzwra,2r4k/5pRp/5P2/4P3/PR6/1P3N1P/2r5/2K5 w - - 0 37,c1b1 c2c1 b1b2 c8c2 b2a3 c1a1,932,91,86,109,endgame exposedKing long mate mateIn3,https://lichess.org/acEljjbM#73,,True,2,https://lichess.org/training/nzwra
06tFz,6k1/1pp2R2/p5p1/2Pr2Q1/P7/3q4/6P1/5R1K b - - 0 34,d5g5 f7f8 g8h7 f1f7 h7h6 f8h8,932,81,66,43,endgame exposedKing long mate mateIn3 queenRookEndgame,https://lichess.org/ZsOMvKWg/black#68,,True,2,https://lichess.org/training/06tFz
y4n5W,4r1k1/3R4/7R/1p4p1/8/2P1rb1P/PP4P1/6K1 w - - 1 36,g2f3 e3e1 g1h2 e8e2 h2g3 e1g1,932,99,100,46,endgame exposedKing long mate mateIn3 rookEndgame,https://lichess.org/KM10IjIa#71,,True,2,https://lichess.org/training/y4n5W
cwhsz,6k1/1pp5/p2p2p1/3P1nqp/5R2/4Q1PP/PPP4K/5R2 b - - 0 28,f5e3 f4f8 g8h7 f1f7 h7h6 f8h8,932,80,93,83,endgame exposedKing long mate mateIn3,https://lichess.org/9T5Aj2TU/black#56,,True,2,https://lichess.org/training/cwhsz
W4X7A,1r4k1/1rp1R1pp/8/P3p3/2p1P3/2P2P2/6PP/2KR4 w - - 1 29,d1d7 b7b1 c1d2 b8b2 d2e3 b1e1,932,78,96,224,endgame exposedKing long mate mateIn3 rookEndgame,https://lichess.org/aEWdI7yY#57,,True,2,https://lichess.org/training/W4X7A
gNdFb,2q2k2/4R3/2p2pp1/6b1/8/1P6/P3R1P1/6K1 b - - 4 45,c8f5 e7e8 f8g7 e2e7 g7h6 e8h8,933,97,88,451,endgame exposedKing long mate mateIn3,https://lichess.org/ngXwFwCS/black#90,,True,2,https://lichess.org/training/gNdFb
rqNyO,1k1r4/5ppp/1p6/3Pp1bb/P1R5/5P2/1PR1K2P/8 b - - 0 26,d8d5 c4c8 b8a7 c2c7 a7a6 c8a8,933,80,100,78,endgame exposedKing long mate mateIn3,https://lichess.org/JDiBLW9m/black#52,,True,2,https://lichess.org/training/rqNyO
GzPuS,8/6kp/2p2p2/1p1p1Pp1/3Pn1P1/r3BK1R/2r5/7R b - - 8 50,c2c3 h3h7 g7f8 h7h8 f8e7 h1h7 e7d6 h8d8,933,78,100,597,endgame mate mateIn4 veryLong,https://lichess.org/XwJX75AG/black#100,,True,2,https://lichess.org/training/GzPuS
Ict3j,2r5/5pk1/3Rb2p/pBr1P1p1/P5P1/1P2RP1P/8/1K6 w - - 3 27,d6a6 c5c1 b1b2 c8c2 b2a3 c1a1,933,78,96,418,endgame exposedKing long mate mateIn3 queensideAttack,https://lichess.org/xsfvS53k#53,,True,2,https://lichess.org/training/Ict3j
j812a,4Qrk1/8/p1p2pp1/5b1p/5P2/2qP3P/P1P1R1P1/4R1K1 b - - 0 24,f8e8 e2e8 g8g7 e1e7 g7h6 e8h8,933,115,71,48,endgame exposedKing long mate mateIn3,https://lichess.org/GmNKS6Mu/black#48,,True,2,https://lichess.org/training/j812a
cZvqP,5rk1/1q2pp2/3p2Q1/2p5/2P4P/1r2P3/5RP1/5RK1 b - - 0 26,f7g6 f2f8 g8h7 f1f7 h7h6 f8h8,933,83,95,89,endgame exposedKing long mate mateIn3 queenRookEndgame,https://lichess.org/xG72SNv6/black#52,,True,2,https://lichess.org/training/cZvqP
sh735,6k1/p2R4/2p1p1p1/1b6/5P1p/2p1KB1P/2q3P1/3R4 b - - 1 33,c2b3 d7d8 g8f7 d1d7 f7f6 d8f8,934,83,100,199,endgame exposedKing long mate mateIn3,https://lichess.org/eOgkSRij/black#66,,True,2,https://lichess.org/training/sh735
VVoqB,2Q1R3/5r1k/4prp1/7p/2P1P2P/1P4q1/P4P2/5RK1 w - - 0 39,f2g3 f6f1 g1h2 f7f2 h2h3 f1h1,934,77,89,153,endgame exposedKing long mate mateIn3 queenRookEndgame,https://lichess.org/JAdQDsac#77,,True,2,https://lichess.org/training/VVoqB
mgKg6,2k5/pp4p1/5p2/2P5/2P2P2/P3R3/1r5r/2K1R3 b - - 2 35,b2a2 e3e8 c8c7 e1e7 c7c6 e8c8,934,235,100,20,endgame long mate mateIn3 rookEndgame,https://lichess.org/3QQHAmuO/black#70,,True,2,https://lichess.org/training/mgKg6
JhqeC,8/8/1r2ppR1/3p3p/3P1P2/2P1R1Pk/1r6/2K5 w - - 8 49,g6f6 b2b1 c1d2 b6b2 d2d3 b1d1,934,91,93,733,endgame exposedKing long mate mateIn3 rookEndgame,https://lichess.org/WjQKZHiP#97,,True,2,https://lichess.org/training/JhqeC
FsdNM,4k3/5R2/2p1p3/8/2PP3P/1p6/r1r5/1K3R2 b - - 0 38,c2c4 f7f8 e8d7 f1f7 d7d6 f8d8,934,86,95,3578,endgame exposedKing long mate mateIn3 rookEndgame,https://lichess.org/9hiCbeVv/black#76,,True,2,https://lichess.org/training/FsdNM
UBGDT,5r1k/1p2R3/p2p1r1p/8/3P2nQ/2P3PP/PP1B4/6K1 w - - 1 29,h3g4 f6f1 g1h2 f8f2 h2h3 f1h1,935,102,93,833,endgame exposedKing fork long mate mateIn3,https://lichess.org/nMksHa6j#57,,True,2,https://lichess.org/training/UBGDT
fvKoO,b4rk1/6p1/p6p/1p1p4/2pNp1Q1/2P3PP/PPB2r2/6K1 w - - 0 37,h3h4 f2f1 g1h2 f8f2 h2h3 f1h1,935,85,88,591,endgame exposedKing kingsideAttack long mate mateIn3,https://lichess.org/gXMwQjvi#73,,True,2,https://lichess.org/training/fvKoO
wTqbs,r7/r3kpp1/4p1P1/3p4/3R1P2/1Pq1P3/8/1KR5 w - - 0 33,c1c3 a7a1 b1c2 a8a2 c2d3 a1d1,936,95,100,50,endgame exposedKing long mate mateIn3 rookEndgame,https://lichess.org/HYrzvyaU#65,,True,2,https://lichess.org/training/wTqbs
VmqDZ,6k1/p4R2/6p1/6r1/1p6/7P/r2N4/5R1K b - - 1 37,a2d2 f7f8 g8h7 f1f7 h7h6 f8h8,936,80,99,738,endgame exposedKing long master mate mateIn3 rookEndgame,https://lichess.org/0Pm3W4Ge/black#74,,True,2,https://lichess.org/training/VmqDZ
JlH1o,8/4rk2/p2R3p/1p4P1/2pR1pP1/P1P2P2/1P2rK2/8 w - - 1 34,f2f1 e2e1 f1g2 e7e2 g2h3 e1h1,936,77,98,767,endgame exposedKing long mate mateIn3 rookEndgame,https://lichess.org/4cJiTqKB#67,,True,2,https://lichess.org/training/JlH1o
mPPZF,6k1/p1p2R2/2p3p1/7p/3p4/P7/KPP2R2/6q1 b - - 5 46,g1g5 f7f8 g8h7 f2f7 h7h6 f8h8,937,83,74,118,endgame exposedKing long mate mateIn3 queenRookEndgame,https://lichess.org/jynUQBvM/black#92,,True,2,https://lichess.org/training/mPPZF
knBAC,5rk1/6p1/4R3/5r1p/2p4P/2P1R1P1/8/6K1 w - - 1 37,e6e5 f5f1 g1h2 f8f2 h2h3 f1h1,937,109,50,35,endgame exposedKing long mate mateIn3 rookEndgame,https://lichess.org/3ruJqjrA#73,,True,2,https://lichess.org/training/knBAC
ryTGy,5k1r/4R3/1n3pp1/pN1p2r1/3P4/2P2p2/1P3P1P/4RK2 b - - 5 37,h8h2 e7e8 f8g7 e1e7 g7h6 e8h8,937,76,84,208,endgame exposedKing long mate mateIn3,https://lichess.org/Uhmp53H4/black#74,,True,2,https://lichess.org/training/ryTGy
RZqSz,1R6/1pr3kp/2r3p1/p5P1/P6P/1P6/8/1K2R3 w - - 5 44,e1e8 c6c1 b1b2 c7c2 b2a3 c1a1,938,84,91,74,endgame exposedKing long mate mateIn3 rookEndgame,https://lichess.org/icTL5q3P#87,,True,2,https://lichess.org/training/RZqSz
M77KI,4r2k/4r3/2p2N1p/p7/2pP4/5qR1/PP4P1/2K2R2 w - - 0 36,f1f3 e7e1 c1d2 e8e2 d2c3 e1c1,938,89,95,437,endgame long mate mateIn3,https://lichess.org/G4x45Nlk#71,,True,2,https://lichess.org/training/M77KI
BwQPy,6rk/8/3Q3p/2pPp3/1pP1Pp1P/5P2/PP3Kr1/8 w - - 1 35,f2f1 g2g1 f1e2 g8g2 e2d3 g1d1,938,79,97,1161,endgame exposedKing long mate mateIn3 queenRookEndgame,https://lichess.org/Vf0j14Nj#69,,True,2,https://lichess.org/training/BwQPy
owGLn,r5k1/4p3/3p2p1/2pP1p2/7R/4qNK1/6P1/7R b - - 1 33,a8a3 h4h8 g8f7 h1h7 f7f6 h8f8,938,87,96,703,endgame exposedKing long mate mateIn3,https://lichess.org/Bg2DBUSt/black#66,,True,2,https://lichess.org/training/owGLn
QBMf7,5r1k/1p4p1/p4r1p/4N3/3P2Q1/2P1p1P1/PP6/4R1K1 w - - 6 41,e1e3 f6f1 g1h2 f8f2 h2h3 f1h1,939,106,88,23,endgame exposedKing long mate mateIn3,https://lichess.org/0JQL7gLG#81,,True,2,https://lichess.org/training/QBMf7
ErdVP,8/4k2r/1p2p3/1p1pP3/2p5/P1P3R1/1PPK2R1/1r6 b - - 1 49,h7h1 g3g7 e7d8 g7g8 d8c7 g2g7 c7c6 g8c8,939,82,97,2078,endgame mate mateIn4 rookEndgame veryLong,https://lichess.org/DlQfRS3d/black#98,,True,2,https://lichess.org/training/ErdVP
FIE4F,5k2/5r2/p5R1/1pp4P/6R1/6P1/P4r2/6K1 w - - 1 38,g6a6 f2f1 g1h2 f7f2 h2h3 f1h1,940,92,96,2763,endgame exposedKing long mate mateIn3 rookEndgame,https://lichess.org/2XJye8Uh#75,,True,2,https://lichess.org/training/FIE4F
6dOGD,2b4r/1p5r/PRp2k2/2Pp1p2/3N1Pp1/2R1P1P1/6K1/8 w - - 1 37,g2f1 h7h1 f1e2 h8h2 e2d3 h1d1,940,79,100,238,endgame exposedKing long mate mateIn3,https://lichess.org/6fs2EYIB#73,,True,2,https://lichess.org/training/6dOGD
R0hbU,6k1/4p3/3p1Pp1/8/3pK2R/8/1r3rP1/7R b - - 0 32,e7f6 h4h8 g8f7 h1h7 f7e6 h8e8,940,81,94,207,endgame exposedKing long mate mateIn3 rookEndgame,https://lichess.org/1MfcgDnA/black#64,,True,2,https://lichess.org/training/R0hbU
DPoyx,2r2k2/8/p7/7B/1p1R4/1P6/2r3PP/1K6 w - - 2 35,d4b4 c2c1 b1b2 c8c2 b2a3 c1a1,941,84,95,1557,endgame exposedKing long mate mateIn3,https://lichess.org/W6iyzzF3#69,,True,2,https://lichess.org/training/DPoyx
hwsfP,5r1k/pp3rp1/8/7p/3Rp2P/1Q2P1q1/PP3P2/5RK1 w - - 0 30,f2g3 f7f1 g1h2 f8f2 h2h3 f1h1,941,77,100,220,endgame exposedKing long mate mateIn3 queenRookEndgame,https://lichess.org/16ydPjmm#59,,True,2,https://lichess.org/training/hwsfP
IwtCz,1r4k1/3R4/4p1p1/2p1P2p/2P2PnP/4r3/8/3R1K2 b - - 2 48,b8b2 d7d8 g8g7 d1d7 g7h6 d8h8,941,79,89,311,endgame exposedKing long mate mateIn3,https://lichess.org/je51zfrZ/black#96,,True,2,https://lichess.org/training/IwtCz
wqeV5,6k1/1p3R2/3p2p1/p1bP2p1/P1P3P1/1P5P/2Prr3/1K3R2 b - - 0 32,d2c2 f7f8 g8h7 f1f7 h7h6 f8h8,942,78,91,159,endgame exposedKing long mate mateIn3,https://lichess.org/8LvsW7WA/black#64,,True,2,https://lichess.org/training/wqeV5
ZngpN,5rk1/p4R2/1n1p2p1/3P2Q1/6P1/7P/P2qr1B1/5R1K b - - 0 34,d2g5 f7f8 g8h7 f1f7 h7h6 f8h8,942,82,100,58,exposedKing long mate mateIn3 middlegame,https://lichess.org/yaEdOBW0/black#68,,True,2,https://lichess.org/training/ZngpN
K4izn,3r2k1/pQ6/4p3/5p1p/2P5/P3P1PR/1P1r4/5qK1 w - - 0 33,g1f1 d2d1 f1e2 d8d2 e2f3 d1f1,942,81,88,210,endgame exposedKing long mate mateIn3 queenRookEndgame,https://lichess.org/JB6gqSXg#65,,True,2,https://lichess.org/training/K4izn
yFInG,5r1k/2Q5/p3B1p1/np1P3p/7P/6P1/PP3r2/6K1 w - - 4 27,c7a5 f2f1 g1h2 f8f2 h2h3 f1h1,942,90,94,1129,endgame exposedKing long mate mateIn3,https://lichess.org/lfP1D5xS#53,,True,2,https://lichess.org/training/yFInG
DfmF5,1r3k2/1r3p2/2R4p/p2p4/7P/2P1P1R1/P4PP1/2K5 w - - 3 27,c6h6 b7b1 c1d2 b8b2 d2d3 b1d1,943,83,95,3235,endgame exposedKing long mate mateIn3 rookEndgame,https://lichess.org/AlxQQeqC#53,,True,2,https://lichess.org/training/DfmF5
fhSqX,2r5/8/8/p2pQ3/P2P1P1k/1P6/2r5/1K6 w - - 0 45,e5d5 c2c1 b1b2 c8c2 b2a3 c1a1,943,92,88,725,endgame exposedKing long mate mateIn3 queenRookEndgame,https://lichess.org/YEBuLc3e#89,,True,2,https://lichess.org/training/fhSqX
LXQrO,4R3/p1p1R1pp/2p2r2/7k/8/3P2P1/PPP2r2/6K1 w - - 0 32,e7g7 f2f1 g1h2 f6f2 h2h3 f1h1,944,79,98,1577,endgame exposedKing long mate mateIn3 rookEndgame,https://lichess.org/8RJMSD73#63,,True,2,https://lichess.org/training/LXQrO
BzebC,5k2/pp1r1nr1/5QB1/7p/7P/5p2/PP3P2/7K w - - 0 34,g6h5 d7d1 h1h2 g7g2 h2h3 d1h1,944,89,87,45,endgame exposedKing long mate mateIn3,https://lichess.org/nDo9LlWG#67,,True,2,https://lichess.org/training/BzebC
QQ3xu,5rk1/1p3p2/pp4Q1/4r3/P4R1P/4q1P1/1P3R1K/8 b - - 0 32,f7g6 f4f8 g8h7 f2f7 h7h6 f8h8,944,87,94,709,endgame exposedKing long mate mateIn3 queenRookEndgame,https://lichess.org/OgtRCLOT/black#64,,True,2,https://lichess.org/training/QQ3xu
lhZMt,6k1/p1p5/1p1pr1pR/4p1P1/2P1P1r1/1P2K3/P7/7R b - - 6 38,g4g5 h6h8 g8f7 h1h7 f7f6 h8f8,944,86,93,623,endgame exposedKing long mate mateIn3 rookEndgame,https://lichess.org/w5jSXYXp/black#76,,True,2,https://lichess.org/training/lhZMt
cFSVZ,3r2k1/R6R/p2rnp2/1p3P2/8/P1P2P2/5P1P/2K5 w - - 1 31,f5e6 d6d1 c1c2 d8d2 c2b3 d1b1,944,80,83,65,endgame exposedKing long mate mateIn3 rookEndgame,https://lichess.org/iceAzL1z#61,,True,2,https://lichess.org/training/cFSVZ
IQxum,2k2r2/6R1/4R3/3pP2p/8/1P4PP/P4r2/6K1 w - - 0 35,h3h4 f2f1 g1h2 f8f2 h2h3 f1h1,944,81,88,136,endgame exposedKing long mate mateIn3 rookEndgame,https://lichess.org/6wzsbrrQ#69,,True,2,https://lichess.org/training/IQxum
NwkEM,5rk1/pp4b1/6R1/8/6Q1/6P1/PP3r1K/8 w - - 1 42,h2g1 f2f1 g1h2 f8f2 h2h3 f1h1,944,79,100,608,endgame exposedKing long mate mateIn3,https://lichess.org/v8UKsNDV#83,,True,2,https://lichess.org/training/NwkEM
B39lv,8/2p3kR/3pr1p1/p3p1p1/1p2P3/6r1/PPP5/2K4R b - - 1 32,g7f8 h7h8 f8e7 h1h7 e7f6 h8f8,945,80,88,312,endgame exposedKing long mate mateIn3 rookEndgame,https://lichess.org/Fj5XVPIa/black#64,,True,2,https://lichess.org/training/B39lv
1sV2D,3k3r/1p6/p1p1p3/2P5/1P2RRp1/P3P1P1/7r/6K1 w - - 0 36,f4g4 h2h1 g1g2 h8h2 g2f3 h1f1,945,141,63,21,endgame exposedKing long mate mateIn3 rookEndgame,https://lichess.org/dmccVCrS#71,,True,2,https://lichess.org/training/1sV2D
sMJnX,7k/p4r1p/2pp1QpR/1p2p3/q3P1P1/2PP4/1P1K1P2/7R b - - 0 29,f7f6 h6h7 h8g8 h7h8 g8f7 h1h7 f7e6 h8e8,945,79,78,594,endgame mate mateIn4 queenRookEndgame veryLong,https://lichess.org/ItmpgE1p/black#58,,True,2,https://lichess.org/training/sMJnX
aAFj1,r1r5/6Q1/8/1k6/5PPP/1P4K1/8/8 w - - 1 62,g7f7 c8c3 g3f2 a8a2 f2e1 c3c1,945,85,97,1480,endgame long mate mateIn3 queenRookEndgame,https://lichess.org/yoXM1ks8#123,,True,2,https://lichess.org/training/aAFj1
ZSiax,2k5/1p4pp/B1p2p2/2P1n3/1R2P3/2K2n2/P2r1P1P/1R6 b - - 1 26,b7a6 b4b8 c8d7 b1b7 d7e6 b8e8,946,80,96,419,endgame exposedKing long mate mateIn3,https://lichess.org/3MQhwTFo/black#52,,True,2,https://lichess.org/training/ZSiax
HFORn,5k2/1pp2R2/6p1/p6P/P6P/5R2/1P5K/3q2r1 b - - 0 34,f8g8 f7f8 g8h7 f3f7 h7h6 f8h8,946,80,97,1690,endgame exposedKing long mate mateIn3 queenRookEndgame,https://lichess.org/6K1RvnzH/black#68,,True,2,https://lichess.org/training/HFORn
udYje,6k1/1p6/2p2Rp1/1p1r2P1/7K/1P5P/6r1/5R2 b - - 0 35,d5g5 f6f8 g8h7 f1f7 h7h6 f8h8,946,87,95,1939,endgame exposedKing long master mate mateIn3 rookEndgame,https://lichess.org/u0xZZ5O1/black#70,,True,2,https://lichess.org/training/udYje
i12W2,5rk1/pp3p2/2p3Q1/7p/7P/5RPK/PPP2R2/3rq3 b - - 0 28,f7g6 f3f8 g8h7 f2f7 h7h6 f8h8,946,79,86,84,endgame exposedKing long mate mateIn3 queenRookEndgame,https://lichess.org/Y7ALDIcc/black#56,,True,2,https://lichess.org/training/i12W2
yfLoT,5r1k/ppp3p1/4Q2p/8/6P1/2B2rP1/PPP5/7K w - - 1 25,e6e5 f3f1 h1h2 f8f2 h2h3 f1h1,946,76,99,552,endgame exposedKing long mate mateIn3,https://lichess.org/mmteKZW1#49,,True,2,https://lichess.org/training/yfLoT
ocWKG,6k1/p3pR2/2pp2p1/2p3P1/4P3/2PP2q1/PP6/5R1K b - - 3 30,g3g5 f7f8 g8h7 f1f7 h7h6 f8h8,947,86,96,1289,endgame exposedKing long mate mateIn3 queenRookEndgame,https://lichess.org/ZxGxDUul/black#60,,True,2,https://lichess.org/training/ocWKG
28Yzk,8/p3kp1R/1p4p1/2p5/2B2r2/PP1P1r2/8/1K4R1 w - - 0 39,g1g6 f3f1 b1c2 f4f2 c2c3 f1c1,948,89,100,48,endgame exposedKing long mate mateIn3,https://lichess.org/7a17Da7G#77,,True,2,https://lichess.org/training/28Yzk
EXRCS,5R2/p5pk/1p4rp/3p4/2pP1Q1P/2P2P2/PP4r1/6K1 w - - 0 33,g1f1 g2g1 f1f2 g6g2 f2e3 g1e1,948,85,97,1389,endgame exposedKing long mate mateIn3 queenRookEndgame,https://lichess.org/6QHG7goa#65,,True,2,https://lichess.org/training/EXRCS
DJDCN,3R2R1/p4p1k/1p2pr2/8/2r5/P3K2P/1P3P2/8 b - - 8 41,c4f4 g8h8 h7g6 d8g8 g6f5 h8h5,948,101,70,52,endgame exposedKing long mate mateIn3 rookEndgame,https://lichess.org/E2mA1Qcu/black#82,,True,2,https://lichess.org/training/DJDCN
4o7Vc,6k1/R4R2/6p1/3p3p/2rPp2P/2r1P1P1/8/6K1 w - - 1 39,f7b7 c3c1 g1h2 c4c2 h2h3 c1h1,950,78,100,120,endgame exposedKing long mate mateIn3 rookEndgame,https://lichess.org/AXaphTPm#77,,True,2,https://lichess.org/training/4o7Vc
b47P6,8/pR6/3p2k1/3P4/3q1pP1/6bp/P2Q4/4R2K b - - 0 45,d4d2 e1e6 g6g5 b7g7 g5h4 e6h6,950,92,89,570,endgame exposedKing long mate mateIn3,https://lichess.org/xTeSDt9Z/black#90,,True,2,https://lichess.org/training/b47P6
Kzjep,2r2k2/p2R4/b3p1p1/5p2/1p3P1P/4q3/P1B3P1/1K1R4 b - - 0 30,c8c2 d7d8 f8e7 d1d7 e7f6 d8f8,951,81,92,559,endgame exposedKing long mate mateIn3,https://lichess.org/8J0ze5Oa/black#60,,True,2,https://lichess.org/training/Kzjep
Z8yz9,6k1/2p1r3/1pRp2p1/p2P1p1p/P3rK2/1QP5/1P4PP/8 w - - 4 48,f4g5 e4g4 g5f6 e7f7 f6e6 g4e4,951,84,72,162,endgame long mate mateIn3 queenRookEndgame,https://lichess.org/VX8ml0dx#95,,True,2,https://lichess.org/training/Z8yz9
3W5iy,6Q1/1R1R1p2/5p1k/2b2r1p/3p3P/6P1/5r2/6K1 w - - 6 50,d7f7 f2f1 g1h2 f5f2 h2h3 f1h1,952,78,100,606,endgame exposedKing long master mate mateIn3,https://lichess.org/hmxqrYdn#99,,True,2,https://lichess.org/training/3W5iy
KFsEq,6k1/1p5R/3p2p1/p1p3P1/2PpP1b1/1P1n2r1/P1K5/7R b - - 0 33,d3f4 h7h8 g8f7 h1h7 f7e6 h8e8,952,93,96,930,endgame exposedKing long mate mateIn3,https://lichess.org/6csnQsEe/black#66,,True,2,https://lichess.org/training/KFsEq
KeL4R,8/pp3kp1/1b4p1/3b4/P6R/8/1P3rPP/4R2K b - - 6 38,f2g2 h4f4 f7g8 e1e8 g8h7 f4h4,953,79,96,514,endgame long mate mateIn3,https://lichess.org/hCua3SNA/black#76,,True,2,https://lichess.org/training/KeL4R
bHBKA,2k5/2R5/1p5r/1r4N1/n5K1/8/8/2R5 b - - 0 46,c8b8 c7c8 b8a7 c1c7 a7a6 c8a8,953,81,100,355,endgame exposedKing long mate mateIn3,https://lichess.org/bAWnT4qm/black#92,,True,2,https://lichess.org/training/bHBKA
nczMt,4r3/6pk/p2R3p/1p1P2p1/1P4P1/P2R1P1P/4r3/5K2 w - - 1 34,d6a6 e2e1 f1g2 e8e2 g2g3 e1g1,953,80,89,183,endgame exposedKing long mate mateIn3 rookEndgame,https://lichess.org/93tBSuWw#67,,True,2,https://lichess.org/training/nczMt
SHXlj,5k2/5R2/6pp/2pPb3/P7/6qP/6P1/5R1K b - - 0 32,f8e8 f7f8 e8d7 f1f7 d7d6 f8d8,953,82,95,858,endgame exposedKing long mate mateIn3,https://lichess.org/DI2a5zEs/black#64,,True,2,https://lichess.org/training/SHXlj
hYgMw,5Q1k/3b2b1/4p1p1/2p1P1qp/2B5/2P2R1P/1r4P1/5RK1 b - - 0 32,g7f8 f3f8 h8g7 f1f7 g7h6 f8h8,953,76,100,192,exposedKing fork long mate mateIn3 middlegame,https://lichess.org/duLjusbk/black#64,,True,2,https://lichess.org/training/hYgMw
oj6WA,6k1/8/p4Rp1/4r3/3r4/7P/P4R1K/8 b - - 1 40,e5g5 f6f8 g8h7 f2f7 h7h6 f8h8,953,78,91,434,endgame exposedKing long master mate mateIn3 rookEndgame,https://lichess.org/M28O26gZ/black#80,,True,2,https://lichess.org/training/oj6WA
8pR3S,5rk1/p5b1/2n4p/1p4pN/2pPQ1n1/2P3P1/PP3r2/R1B3K1 w - - 4 29,e4g4 f2f1 g1h2 f8f2 h2h3 f1h1,954,76,96,1486,exposedKing kingsideAttack long master mate mateIn3 middlegame,https://lichess.org/F80DsZCU#57,,True,2,https://lichess.org/training/8pR3S
cIlsB,7k/pp3R2/3pr1pP/6P1/8/3Nb1P1/r2p4/5R1K b - - 0 38,e3g5 f7f8 h8h7 f1f7 h7h6 f8h8,954,75,100,147,endgame exposedKing long mate mateIn3,https://lichess.org/HPep0IKg/black#76,,True,2,https://lichess.org/training/cIlsB
x2KSa,4r1k1/pp1b4/2p3p1/2Pp2qP/1P3R2/4Q3/P3B1P1/5RK1 b - - 0 31,e8e3 f4f8 g8h7 f1f7 h7h6 f8h8,955,96,95,372,endgame exposedKing fork long mate mateIn3,https://lichess.org/6nHzOZHo/black#62,,True,2,https://lichess.org/training/x2KSa
TCPAL,1k6/R5nr/1pp2p2/3p1Pp1/3P2P1/2P1qNK1/8/R7 b - - 0 30,b8c8 a7a8 c8c7 a1a7 c7d6 a8d8,955,82,96,1849,endgame exposedKing long mate mateIn3,https://lichess.org/NP2b5CLr/black#60,,True,2,https://lichess.org/training/TCPAL
6TASY,2r5/1k5p/8/p2RP3/1p1R4/PP5P/2r3P1/1K6 w - - 0 35,a3b4 c2c1 b1b2 c8c2 b2a3 c1a1,955,93,95,646,endgame exposedKing long mate mateIn3 rookEndgame,https://lichess.org/4gtwrryv#69,,True,2,https://lichess.org/training/6TASY
TuKvF,1k2r3/pnpR1p2/Qp5p/5Pp1/1P3P2/P3p1KP/2r2P2/R7 w - - 0 36,f2e3 e8e3 g3g4 c2g2 g4h5 e3h3,955,79,97,3680,deflection endgame long mate mateIn3,https://lichess.org/rqXQ7Aua#71,,True,2,https://lichess.org/training/TuKvF
ut6R8,5r2/pp3r1k/3R2Rp/8/3P2nP/2P3P1/P7/6K1 w - - 3 30,g6g4 f7f1 g1h2 f8f2 h2h3 f1h1,955,90,83,75,endgame exposedKing long mate mateIn3 rookEndgame,https://lichess.org/O3JyQery#59,,True,2,https://lichess.org/training/ut6R8
DuyRw,8/8/3kp1p1/3p2R1/3P2PP/1rP1R3/1r6/2K5 w - - 4 40,h4h5 b2b1 c1d2 b3b2 d2d3 b1d1,956,81,93,123,endgame exposedKing long mate mateIn3 rookEndgame,https://lichess.org/P09wFijM#79,,True,2,https://lichess.org/training/DuyRw
tspc1,r3r3/1p5k/2bBp3/3pPp2/8/P1R3R1/5Pp1/6K1 b - - 1 36,d5d4 g3h3 h7g6 c3g3 g6f7 h3h7,956,80,97,2006,endgame exposedKing long mate mateIn3,https://lichess.org/vyIEPLhj/black#72,,True,2,https://lichess.org/training/tspc1
l67Qg,2k5/p4pp1/2p1pnr1/3p4/1R1P4/P6P/4KPq1/1R6 b - - 1 34,f6e4 b4b8 c8d7 b1b7 d7d6 b8d8,957,77,89,212,endgame exposedKing long mate mateIn3,https://lichess.org/zXamK67X/black#68,,True,2,https://lichess.org/training/l67Qg
Kgiv9,6k1/8/ppb3pp/6q1/1pP1PR2/8/2B2RPP/5K2 b - - 0 38,h6h5 f4f8 g8h7 f2f7 h7h6 f8h8,957,86,100,43,endgame exposedKing long mate mateIn3,https://lichess.org/0AK30LTH/black#76,,True,2,https://lichess.org/training/Kgiv9
aA4L5,3r4/2R4p/3r2k1/4p1p1/1Pp5/2P2P2/2K3PP/R7 w - - 4 38,a1a7 d6d2 c2b1 d2d1 b1a2 d8d2 a2a3 d1a1,958,82,74,99,endgame mate mateIn4 rookEndgame veryLong,https://lichess.org/6tuJBkio#75,,True,2,https://lichess.org/training/aA4L5
N0NVR,R5R1/P4p2/2p2k2/2P5/3P2p1/5rP1/5r2/6K1 w - - 2 40,g8g4 f2f1 g1h2 f3f2 h2h3 f1h1,958,91,93,1413,endgame exposedKing long mate mateIn3 rookEndgame,https://lichess.org/gV2KIqU6#79,,True,2,https://lichess.org/training/N0NVR
RTs7M,8/2Q2p1k/5rp1/1p1p3p/3P3P/P5P1/5r2/3B2K1 w - - 0 39,d1b3 f2f1 g1h2 f6f2 h2h3 f1h1,958,79,100,156,endgame exposedKing long mate mateIn3,https://lichess.org/T4rPRCol#77,,True,2,https://lichess.org/training/RTs7M
VmwR6,6Qk/1p6/2r5/p3P1pP/q2P4/5R2/1P4K1/5R2 b - - 0 35,h8g8 f3f8 g8h7 f1f7 h7h6 f8h8,959,84,93,355,endgame exposedKing long master mate mateIn3 queenRookEndgame,https://lichess.org/OgGgDBlQ/black#70,,True,2,https://lichess.org/training/VmwR6
HE5Ts,1kr5/2p3p1/1p1Qp2p/p7/P1R3P1/KP1P3P/3q4/2R5 b - - 0 38,c7d6 c4c8 b8a7 c1c7 a7a6 c8a8,959,96,84,53,endgame exposedKing long mate mateIn3 queenRookEndgame,https://lichess.org/EoZsAoVq/black#76,,True,2,https://lichess.org/training/HE5Ts
RfE7o,5r2/p7/P3p3/1kpq4/1pp1R1QP/6P1/1P3r2/3R2K1 w - - 0 32,d1d5 f2f1 g1h2 f8f2 h2h3 f1h1,959,93,95,2321,endgame exposedKing long mate mateIn3 queenRookEndgame,https://lichess.org/uW5bSunn#63,,True,2,https://lichess.org/training/RfE7o
442a3,5r1k/p2R4/5rp1/4Q1p1/2P3B1/1P4P1/P7/6K1 w - - 0 39,e5g5 f6f1 g1h2 f8f2 h2h3 f1h1,960,78,78,68,endgame exposedKing long mate mateIn3,https://lichess.org/7jA0V8aN#77,,True,2,https://lichess.org/training/442a3
YUrT9,6k1/8/7p/3R2p1/5KP1/5P2/PPPR4/4rr2 w - - 0 38,f4f5 f1f3 f5g6 e1e6 g6h5 f3h3,960,83,100,260,endgame long mate mateIn3 rookEndgame,https://lichess.org/wxGXFQEh#75,,True,2,https://lichess.org/training/YUrT9
G7EAt,8/p4ppk/5r1p/2P1p2P/3R2Q1/P2P2P1/5rK1/8 w - - 0 33,g2g1 f2f1 g1h2 f6f2 h2h3 f1h1,961,95,93,323,endgame exposedKing long mate mateIn3 queenRookEndgame,https://lichess.org/OtAg8uz0#65,,True,2,https://lichess.org/training/G7EAt
AnbSb,5rk1/pp4pp/4R3/3p3Q/R6P/2Pn2P1/5r2/6K1 w - - 0 27,a4g4 f2f1 g1h2 f8f2 h2h3 f1h1,961,98,92,1037,endgame exposedKing long mate mateIn3,https://lichess.org/EdvEbBAr#53,,True,2,https://lichess.org/training/AnbSb
mJAW3,k1r5/1R4p1/4p3/P1r2p2/1R4Pp/4P2P/8/6K1 w - - 0 38,g4g5 c5c1 g1f2 c8c2 f2f3 c1f1,961,113,88,21,endgame exposedKing long mate mateIn3 rookEndgame,https://lichess.org/sVuWXWIy#75,,True,2,https://lichess.org/training/mJAW3
ep36e,4r1k1/p2R4/5p1p/2p3n1/6RP/1P3PP1/PBP1r3/5K2 w - - 3 36,h4g5 e2e1 f1g2 e8e2 g2h3 e1h1,962,76,88,240,endgame exposedKing long mate mateIn3,https://lichess.org/gXnxWt1P#71,,True,2,https://lichess.org/training/ep36e
FDI7q,3r2k1/p4R2/3Bp1p1/7p/3P3P/2q3r1/P4RP1/6K1 b - - 0 31,d8d6 f7f8 g8h7 f2f7 h7h6 f8h8,962,96,83,53,endgame exposedKing long mate mateIn3 queenRookEndgame,https://lichess.org/qZTEEVs2/black#62,,True,2,https://lichess.org/training/FDI7q
KGoUj,1k5r/8/Rp6/2pPp3/1r4pP/6P1/5P2/R5K1 b - - 1 32,h8h6 a6a8 b8c7 a1a7 c7d6 a8d8,962,79,77,103,endgame exposedKing long mate mateIn3 rookEndgame,https://lichess.org/RufwtL8Q/black#64,,True,2,https://lichess.org/training/KGoUj
1umMG,6k1/p4R2/1p1r2p1/2pBr1qp/4P3/1NPP4/P5PP/5RK1 b - - 0 29,g8h8 f7f8 h8g7 f1f7 g7h6 f8h8,962,88,90,679,exposedKing kingsideAttack long mate mateIn3 middlegame,https://lichess.org/7ZQMJqbv/black#58,,True,2,https://lichess.org/training/1umMG
goZHz,6k1/2p2R2/2p1r1p1/p1n1p2p/P1P4K/2Pr4/1P6/5R2 b - - 2 33,c5a4 f7f8 g8h7 f1f7 h7h6 f8h8,962,76,79,99,endgame exposedKing long mate mateIn3,https://lichess.org/GHb9xZuL/black#66,,True,2,https://lichess.org/training/goZHz
bg77v,2k1r3/p7/2p2Q2/2Pp1p2/3P2R1/1N3PP1/P3r3/1b3K2 w - - 5 48,g4g7 e2e1 f1g2 e8e2 g2h3 e1h1,963,79,85,537,endgame exposedKing long mate mateIn3,https://lichess.org/gUV4AoCF#95,,True,2,https://lichess.org/training/bg77v
V0n2V,8/4r3/1R6/1pr1p1p1/4k1P1/2P4P/8/4R1K1 b - - 2 38,e4f3 b6f6 f3g3 e1e3 g3h4 f6h6,963,75,100,333,endgame long mate mateIn3 rookEndgame,https://lichess.org/RXK6GkaN/black#76,,True,2,https://lichess.org/training/V0n2V
3egYS,6k1/pp6/2np2p1/4p1r1/8/3P3r/PP3RP1/5RK1 b - - 1 27,h3d3 f2f8 g8h7 f1f7 h7h6 f8h8,963,82,98,1053,endgame exposedKing long mate mateIn3,https://lichess.org/IMRft5jy/black#54,,True,2,https://lichess.org/training/3egYS
WGv0u,4rrk1/p4R2/1p4p1/6qp/4Q3/8/PPP3PP/5RK1 b - - 0 22,e8e4 f7f8 g8h7 f1f7 h7h6 f8h8,964,94,94,1597,endgame exposedKing long mate mateIn3 queenRookEndgame,https://lichess.org/imuRo0YU/black#44,,True,2,https://lichess.org/training/WGv0u
RTygF,2r5/8/1R6/3k1p2/1R6/3P1P2/1Kr5/8 w - - 0 48,b2b3 c8c3 b3a4 c2a2 a4b5 c3c5,964,80,91,1155,endgame exposedKing long mate mateIn3 rookEndgame,https://lichess.org/mz5fw0vq#95,,True,2,https://lichess.org/training/RTygF
JTNLc,5r2/2pR4/1kp5/p7/P1PP2RP/6P1/1P3r2/6K1 w - - 0 46,h4h5 f2f1 g1h2 f8f2 h2h3 f1h1,964,82,88,92,endgame exposedKing long mate mateIn3 rookEndgame,https://lichess.org/rGjK5i2P#91,,True,2,https://lichess.org/training/JTNLc
t7Tdd,6k1/pp5R/3K2p1/4r1N1/5rn1/8/P1P5/7R b - - 0 28,e5g5 h7h8 g8f7 h1h7 f7f6 h8f8,965,87,88,559,endgame exposedKing long mate mateIn3,https://lichess.org/7MH1Fo2p/black#56,,True,2,https://lichess.org/training/t7Tdd
shkdR,5r2/p3R3/1k6/1B5p/P2P3P/2P3P1/5r2/6K1 w - - 5 38,c3c4 f2f1 g1h2 f8f2 h2h3 f1h1,965,88,97,2790,endgame exposedKing long mate mateIn3,https://lichess.org/vrxJFQPv#75,,True,2,https://lichess.org/training/shkdR
A4b10,7k/6p1/8/5Rpp/8/4q1PP/5RK1/8 b - - 5 40,g7g6 f5f8 h8g7 f2f7 g7h6 f8h8,965,85,90,86,endgame exposedKing long mate mateIn3 queenRookEndgame,https://lichess.org/tM6uX41A/black#80,,True,2,https://lichess.org/training/A4b10
1gRzA,8/p1p3k1/2p2p2/3p1Pp1/3P1r2/2P1K2R/Pr3P2/7R b - - 9 30,b2f2 h3h7 g7f8 h7h8 f8e7 h1h7 e7d6 h8d8,965,77,100,229,endgame mate mateIn4 rookEndgame veryLong,https://lichess.org/NWdXvwJ1/black#60,,True,2,https://lichess.org/training/1gRzA
gzSug,2k4r/ppp1bp2/3p4/P2P4/3pP1R1/1Q1P2P1/1P5r/R5K1 w - - 0 22,a1a3 h2h1 g1g2 h8h2 g2f3 h1f1,965,82,78,122,endgame exposedKing kingsideAttack long mate mateIn3,https://lichess.org/f38UnKkY#43,,True,2,https://lichess.org/training/gzSug
zBwwK,5k1r/1pR1R1p1/8/pb1p1Bp1/3P4/P4PP1/1P5r/6K1 w - - 0 33,c7b7 h2h1 g1f2 h8h2 f2e3 h1e1,965,76,100,392,endgame exposedKing long mate mateIn3,https://lichess.org/D8cqA8Tp#65,,True,2,https://lichess.org/training/zBwwK
2vmKm,2r1k3/3R3p/5p1P/p4P2/P5R1/1Pr5/8/1K6 w - - 2 40,d7h7 c3c1 b1b2 c8c2 b2a3 c1a1,966,78,88,460,endgame exposedKing long mate mateIn3 rookEndgame,https://lichess.org/XF21x5jk#79,,True,2,https://lichess.org/training/2vmKm
b2u9J,2kr4/ppp3pp/5p2/2N1P3/PPn1RP2/1RP3P1/3r3P/2K5 w - - 4 25,e4c4 d2d1 c1b2 d8d2 b2a3 d1a1,966,93,100,61,endgame exposedKing long mate mateIn3 queensideAttack,https://lichess.org/P4b3xXCe#49,,True,2,https://lichess.org/training/b2u9J
vxZTH,6k1/p4rpp/8/3b2B1/6BP/1P4P1/P4r2/3R2K1 w - - 0 37,d1d5 f2f1 g1h2 f7f2 h2h3 f1h1,967,93,94,895,endgame exposedKing long master mate mateIn3,https://lichess.org/bPTyg0Sm#73,,True,2,https://lichess.org/training/vxZTH
hBugf,2r5/p5Q1/2r5/P4p1P/4k3/4p1P1/5P2/6K1 w - - 4 45,f2e3 c6c1 g1h2 c8c2 h2h3 c1h1,967,76,100,695,endgame exposedKing long mate mateIn3 queenRookEndgame,https://lichess.org/YYpis4RZ#89,,True,2,https://lichess.org/training/hBugf
IuR5q,7k/R7/5p1p/8/4K1P1/R7/5r1r/8 b - - 5 47,h2g2 a7a8 h8g7 a3a7 g7g6 a8g8,967,83,92,509,endgame exposedKing long master mate mateIn3 rookEndgame,https://lichess.org/MP3vftON/black#94,,True,2,https://lichess.org/training/IuR5q
3f5p8,6k1/8/3p2p1/p1p1brN1/2P3QP/P1N3P1/1Pn2r2/4R1K1 w - - 3 31,e1e5 f2f1 g1h2 f5f2 h2h3 f1h1,968,93,79,207,exposedKing long mate mateIn3 middlegame,https://lichess.org/T5ZYXiY0#61,,True,2,https://lichess.org/training/3f5p8
Nct0g,5r2/pkn2r2/3Q2p1/7p/7P/6P1/1P6/2R3K1 w - - 0 32,c1c3 f7f1 g1h2 f8f2 h2h3 f1h1,968,97,94,464,endgame exposedKing long mate mateIn3,https://lichess.org/50xytWKX#63,,True,2,https://lichess.org/training/Nct0g
XkQuS,6k1/5R2/6p1/7p/6rP/8/1P4r1/5R1K b - - 3 45,g2g3 f7f8 g8h7 f1f7 h7h6 f8h8,968,92,63,50,endgame exposedKing long master mate mateIn3 rookEndgame,https://lichess.org/L1PI1MBF/black#90,,True,2,https://lichess.org/training/XkQuS
5t0SL,5rk1/pp4p1/2pQP2p/3p4/6P1/PRP1P2P/5r2/5K2 w - - 0 26,f1e1 f2f1 e1e2 f8f2 e2d3 f1d1,969,77,93,150,endgame exposedKing long mate mateIn3 queenRookEndgame,https://lichess.org/kgPcY9p6#51,,True,2,https://lichess.org/training/5t0SL
VCklO,r2k4/2R5/3p2p1/3Pp2p/3qP2P/P1R2KP1/8/8 b - - 0 37,a8a4 c7c8 d8e7 c3c7 e7f6 c8f8,969,78,100,100,endgame exposedKing long mate mateIn3 queenRookEndgame,https://lichess.org/CUR31TCB/black#74,,True,2,https://lichess.org/training/VCklO
wznNA,5rk1/3RQ1p1/4pr2/3p3p/2pPp2P/2P1P1q1/P4P2/5RK1 w - - 0 33,f2g3 f6f1 g1h2 f8f2 h2h3 f1h1,969,194,43,8,endgame exposedKing long master masterVsMaster mate mateIn3 queenRookEndgame,https://lichess.org/zYiQ4jNz#65,,True,2,https://lichess.org/training/wznNA
RDXPl,4r1k1/5R2/4Q1p1/ppp1p2q/7P/3P4/1P6/1K3R2 b - - 0 34,e8e6 f7f8 g8h7 f1f7 h7h6 f8h8,969,77,100,413,endgame exposedKing long mate mateIn3 queenRookEndgame,https://lichess.org/7CmXsXBz/black#68,,True,2,https://lichess.org/training/RDXPl
Fd6ge,6k1/p3R3/1p1p1pqp/3P2b1/2P3P1/8/PP4P1/K3R3 b - - 2 36,g6d3 e7e8 g8f7 e1e7 f7g6 e8g8,969,79,99,640,endgame exposedKing long mate mateIn3,https://lichess.org/kxECsXiU/black#72,,True,2,https://lichess.org/training/Fd6ge
lERfx,5rk1/5p2/4p1Q1/3p4/1PpP1R1K/2r4P/5RP1/7q b - - 0 41,f7g6 f4f8 g8h7 f2f7 h7h6 f8h8,970,77,100,229,endgame exposedKing long mate mateIn3 queenRookEndgame,https://lichess.org/dBWA63SV/black#82,,True,2,https://lichess.org/training/lERfx
Dxeo8,8/pp2pk2/3p1pp1/2r5/4r2P/6R1/PBP3R1/1K6 w - - 0 34,g3g6 e4e1 b2c1 c5b5 b1a1 e1c1,970,76,85,164,deflection endgame long mate mateIn3,https://lichess.org/2p7n3RJP#67,,True,2,https://lichess.org/training/Dxeo8
Msndn,b4rk1/5p2/4p1Q1/1p1qP2p/p2P3P/P1P5/1P3R1K/5R2 b - - 0 32,f7g6 f2f8 g8h7 f1f7 h7h6 f8h8,970,95,92,2842,endgame exposedKing long mate mateIn3,https://lichess.org/PhDAyT5u/black#64,,True,2,https://lichess.org/training/Msndn
DSMY9,6k1/1pp4R/1p2Prp1/r7/2n2P2/P1P3K1/1P6/7R b - - 0 44,f6e6 h7h8 g8f7 h1h7 f7f6 h8f8,970,85,95,1631,endgame exposedKing long mate mateIn3,https://lichess.org/IVWKbVfJ/black#88,,True,2,https://lichess.org/training/DSMY9
BxBRj,8/5k2/3p1pp1/p2P3p/P1R1P2P/1q6/5nP1/K1R5 b - - 1 31,f2d3 c4c7 f7g8 c7c8 g8h7 c1c7 h7h6 c8h8,970,86,92,849,endgame mate mateIn4 veryLong,https://lichess.org/1Jd7Ik0d/black#62,,True,2,https://lichess.org/training/BxBRj
nkEm4,5rk1/R7/5rp1/1P2p2p/P3P1B1/3R2P1/8/3Q1q1K w - - 2 34,d1f1 f6f1 h1h2 f8f2 h2h3 f1h1,971,81,92,650,endgame exposedKing long master mate mateIn3,https://lichess.org/DbtMhF0C#67,,True,2,https://lichess.org/training/nkEm4
ICXlZ,4rkr1/3R1p1Q/8/8/8/5p1p/P4P2/3Rq2K w - - 8 36,d1e1 e8e1 h1h2 g8g2 h2h3 e1h1,971,82,87,542,endgame exposedKing long mate mateIn3 queenRookEndgame,https://lichess.org/maY03Yl1#71,,True,2,https://lichess.org/training/ICXlZ
hd4UL,3r4/8/1p1r4/4Rpp1/PR6/1PP2P2/2K3k1/8 w - - 0 38,e5f5 d6d2 c2b1 d2d1 b1a2 d8d2 a2a3 d1a1,971,86,94,706,endgame mate mateIn4 rookEndgame veryLong,https://lichess.org/mYjFgbm1#75,,True,2,https://lichess.org/training/hd4UL
28PCG,6k1/pp3pbp/8/7R/6r1/5N2/P1r5/3R1K2 b - - 2 27,g4f4 d1d8 g7f8 h5g5 g8h8 d8f8,971,100,89,522,deflection endgame long mate mateIn3,https://lichess.org/pzdipRAo/black#54,,True,2,https://lichess.org/training/28PCG
QoVWm,5rk1/3N1rpp/p3p3/3p4/4p1QP/P5P1/1P6/3R1q1K w - - 2 30,d1f1 f7f1 h1h2 f8f2 h2h3 f1h1,971,87,94,1767,endgame exposedKing long mate mateIn3,https://lichess.org/aXjmJgrm#59,,True,2,https://lichess.org/training/QoVWm
Sb55U,5r2/p4rpk/1p4p1/2p1R2p/2Q4P/2PP2q1/P1P2P2/5RK1 w - - 0 32,f2g3 f7f1 g1h2 f8f2 h2h3 f1h1,971,78,100,218,endgame exposedKing long mate mateIn3 queenRookEndgame,https://lichess.org/hJ9nMMIA#63,,True,2,https://lichess.org/training/Sb55U
9w6zP,8/5rk1/4prp1/3p3p/1Q1P3P/6q1/5P2/1B3RK1 w - - 0 35,f2g3 f6f1 g1h2 f7f2 h2h3 f1h1,972,78,89,100,endgame exposedKing long mate mateIn3,https://lichess.org/9bDpWC3V#69,,True,2,https://lichess.org/training/9w6zP
aeVZn,5rk1/5rb1/4p1Qp/B2p4/3P3P/2P1P3/PP4P1/4qK2 w - - 0 31,f1e1 f7f1 e1e2 f8f2 e2d3 f1d1,973,75,100,380,endgame exposedKing long mate mateIn3,https://lichess.org/sIvjHRPI#61,,True,2,https://lichess.org/training/aeVZn
DG5aP,rn1q2k1/p1p4R/1p2p3/4p1p1/3P4/3B1r2/PPP2P2/2K4R b - - 3 21,d8d4 h7h8 g8f7 h1h7 f7f6 h8f8,973,77,90,187,exposedKing long mate mateIn3 middlegame,https://lichess.org/pEnbqYR5/black#42,,True,2,https://lichess.org/training/DG5aP
5CDNb,6k1/1pR4p/1P4p1/3Pp2r/5r1q/1N2QpR1/5P1P/7K w - - 2 36,h2h3 h4h3 g3h3 h5h3 h1g1 f4g4 g1f1 h3h1,973,85,92,1115,exposedKing master masterVsMaster mate mateIn4 middlegame sacrifice veryLong,https://lichess.org/7CzqtHWi#71,,True,2,https://lichess.org/training/5CDNb
exS85,5rk1/8/1p1p2p1/pPpPp3/P1P4P/4R1P1/4Qr2/7K w - - 0 39,e2g4 f2f1 h1h2 f8f2 h2h3 f1h1,974,79,90,102,endgame exposedKing long mate mateIn3 queenRookEndgame,https://lichess.org/xaRAQUjW#77,,True,2,https://lichess.org/training/exS85
RTH3I,5k2/p4r2/3R4/6R1/P5pP/6P1/5r2/6K1 w - - 4 39,g5g4 f2f1 g1h2 f7f2 h2h3 f1h1,974,122,56,17,endgame exposedKing long mate mateIn3 rookEndgame,https://lichess.org/LuBFMtAU#77,,True,2,https://lichess.org/training/RTH3I
dSu94,8/1Q6/2r2k1p/5P2/8/2rP3K/7P/8 w - - 5 50,b7h7 c3d3 h3g2 c6c2 g2f1 d3d1,974,88,90,121,endgame exposedKing long mate mateIn3 queenRookEndgame,https://lichess.org/Vu5lze57#99,,True,2,https://lichess.org/training/dSu94
kOeco,8/4rk2/2pR4/1b2rpp1/1P6/2R1BPP1/4PK2/8 w - - 0 40,e3g5 e5e2 f2g1 e2e1 g1h2 e7e2 h2h3 e1h1,974,79,93,425,endgame mate mateIn4 veryLong,https://lichess.org/VVRKAir3#79,,True,2,https://lichess.org/training/kOeco
QRN2G,8/2p2rk1/1pQpBr1b/p2Pp2p/7R/2P3q1/PP3P2/5RK1 w - - 0 33,f2g3 f6f1 g1h2 f7f2 h2h3 f1h1,974,89,100,48,exposedKing kingsideAttack long mate mateIn3 middlegame,https://lichess.org/FiRvnuhu#65,,True,2,https://lichess.org/training/QRN2G
Mo7bb,4r1k1/2p5/p4Rp1/3P2qp/1p2P3/6N1/PP3RK1/8 b - - 5 35,e8e4 f6f8 g8h7 f2f7 h7h6 f8h8,974,79,71,111,endgame exposedKing long mate mateIn3,https://lichess.org/6QuMsQm6/black#70,,True,2,https://lichess.org/training/Mo7bb
Z86U7,5rk1/6p1/1b6/1R1P4/6RP/6P1/5r2/6K1 w - - 0 43,b5b6 f2f1 g1h2 f8f2 h2h3 f1h1,974,83,91,132,endgame exposedKing long mate mateIn3 rookEndgame,https://lichess.org/PwA3UQ5W#85,,True,2,https://lichess.org/training/Z86U7
DGwtq,rr6/5pp1/4bk2/7p/1Q1Pp3/1P5P/5PP1/1KR1R3 w - - 1 30,b4c5 b8b3 b1c2 a8a2 c2d1 b3d3,975,80,79,223,endgame exposedKing long mate mateIn3,https://lichess.org/IkzQa6IM#59,,True,2,https://lichess.org/training/DGwtq
ekWTG,1k6/8/Pp6/3P4/P3Pp2/q1RK1P2/7r/6R1 b - - 2 43,a3b2 g1g8 b8a7 c3c7 a7a6 g8a8,975,86,90,1045,endgame exposedKing long mate mateIn3 queenRookEndgame,https://lichess.org/0nH9LmtT/black#86,,True,2,https://lichess.org/training/ekWTG
5mER7,4R3/5p2/7R/4k1p1/6P1/7P/1r1r4/6K1 b - - 2 41,e5f4 h6f6 f4g3 e8e3 g3h4 f6h6,976,78,93,170,endgame long mate mateIn3 rookEndgame,https://lichess.org/d2npkQP5/black#82,,True,2,https://lichess.org/training/5mER7
q7Ghy,6k1/p6R/1p2r1p1/5p2/P1p2P2/1n1rB2R/5K2/8 b - - 8 37,d3e3 h7h8 g8f7 h3h7 f7f6 h8f8,976,79,97,1998,endgame exposedKing long mate mateIn3,https://lichess.org/ODfXizAg/black#74,,True,2,https://lichess.org/training/q7Ghy
gBy0k,8/3p1Rk1/p5p1/1p1P4/3nr1PK/4r3/8/5R2 b - - 7 36,g7g8 f7f8 g8h7 f1f7 h7h6 f8h8,976,86,94,641,endgame exposedKing long mate mateIn3,https://lichess.org/uRFleBmj/black#72,,True,2,https://lichess.org/training/gBy0k
mRCqs,2k2b1r/1R5p/2p1pPp1/3p1n2/3P1P2/2P1B3/4r1PP/1R4K1 b - - 1 21,f5e3 b7b8 c8d7 b1b7 d7d6 b8d8,976,76,100,94,endgame exposedKing long mate mateIn3 queensideAttack,https://lichess.org/ib2Mi91a/black#42,,True,2,https://lichess.org/training/mRCqs
3W8OE,r5k1/6pb/2Rp1p1p/4p2P/4P1P1/3PK3/1r3P2/2R5 b - - 1 32,a8a2 c6c8 g8f7 c1c7 f7e6 c8e8,976,81,89,94,endgame long mate mateIn3,https://lichess.org/pKvRsdG6/black#64,,True,2,https://lichess.org/training/3W8OE
sjLky,2k1r3/8/1pp1N3/5pK1/P1PR2p1/8/5r1P/3R4 b - - 3 43,e8e6 d4d8 c8b7 d1d7 b7a6 d8a8,977,89,90,861,endgame exposedKing long mate mateIn3 rookEndgame,https://lichess.org/y1RtRha3/black#86,,True,2,https://lichess.org/training/sjLky
UwCQN,6k1/5R2/4p1pp/1p2P1q1/3p4/3P2P1/2b4P/5RK1 b - - 2 42,h6h5 f7f8 g8h7 f1f7 h7h6 f8h8,977,88,90,67,endgame exposedKing long mate mateIn3,https://lichess.org/HuIz1VJW/black#84,,True,2,https://lichess.org/training/UwCQN
cYVCm,3k4/1p4pp/2P2p2/2P5/1R1n4/1R2NP1P/r2r2PK/8 b - - 0 38,b7c6 b4b8 d8d7 b3b7 d7e6 b8e8,978,91,94,561,endgame exposedKing long mate mateIn3,https://lichess.org/5tqn0GvC/black#76,,True,2,https://lichess.org/training/cYVCm
Dy4Dt,8/5R1k/p5p1/1pp3qp/4r3/1PP2RPn/P5K1/3N4 b - - 0 43,h7g8 f7f8 g8h7 f3f7 h7h6 f8h8,978,90,86,331,endgame exposedKing long mate mateIn3,https://lichess.org/Br7RlG0W/black#86,,True,2,https://lichess.org/training/Dy4Dt
z2fUH,5r2/1R6/p5pk/7p/3p3P/6P1/PP3r2/4R1K1 w - - 0 38,e1e7 f2f1 g1h2 f8f2 h2h3 f1h1,978,88,75,91,endgame exposedKing long mate mateIn3 rookEndgame,https://lichess.org/kX0JGAOm#75,,True,2,https://lichess.org/training/z2fUH
EJxDT,1r6/5p1p/6p1/4k3/R1R4P/2P1P3/1r1K4/8 w - - 1 38,d2c1 b2b1 c1d2 b8b2 d2d3 b1d1,979,76,86,214,endgame exposedKing long mate mateIn3 rookEndgame,https://lichess.org/LOalIujU#75,,True,2,https://lichess.org/training/EJxDT
LHAjk,6k1/p5pp/2R1p1p1/8/3PnP2/P2qP2P/K5P1/2R5 b - - 0 31,d3e3 c6c8 g8f7 c1c7 f7f6 c8f8,979,85,100,70,endgame long mate mateIn3,https://lichess.org/eeCjayAN/black#62,,True,2,https://lichess.org/training/LHAjk
UH5eY,5rk1/pp3p2/1b1p2Q1/2p5/2Ppr2P/1N1q2P1/PP3RK1/5R2 b - - 0 30,f7g6 f2f8 g8h7 f1f7 h7h6 f8h8,979,77,100,158,exposedKing kingsideAttack long mate mateIn3 middlegame,https://lichess.org/rqcpo6Cr/black#60,,True,2,https://lichess.org/training/UH5eY
4Agm9,5k2/R5pp/2p1p1r1/1pP2p2/3PpP1K/R3P2P/P1r5/8 b - - 12 39,c2g2 a7a8 f8e7 a3a7 e7f6 a8f8,979,78,88,503,endgame long mate mateIn3 rookEndgame,https://lichess.org/YzkxFrP2/black#78,,True,2,https://lichess.org/training/4Agm9
4ju8B,3B2kr/3Q2p1/p3p3/5p2/7r/1P2P1q1/P1PP3P/RN4K1 w - - 0 26,h2g3 h4h1 g1g2 h8h2 g2f3 h1f1,980,87,93,891,endgame exposedKing long mate mateIn3,https://lichess.org/XW7may09#51,,True,2,https://lichess.org/training/4ju8B
k2VvY,4rr1k/pnp2p2/1p6/3P2R1/1P3K2/P7/7P/R7 b - - 0 33,f7f6 g5h5 h8g7 a1g1 g7f7 h5h7,980,80,85,640,endgame exposedKing long mate mateIn3,https://lichess.org/MhWXCGDX/black#66,,True,2,https://lichess.org/training/k2VvY
MXhYV,5r1k/2R4p/p3p3/1p1p4/3r4/P7/1PR2PBP/6K1 w - - 0 32,c7c6 d4d1 g2f1 f8g8 g1h1 d1f1,980,88,93,2694,deflection endgame long mate mateIn3,https://lichess.org/zqfKY2Sc#63,,True,2,https://lichess.org/training/MXhYV
702Zt,3r4/R4Rp1/4p3/3rk1pP/p4pP1/P4P2/5K2/8 w - - 8 47,f7g7 d5d2 f2g1 d2d1 g1h2 d8d2 h2h3 d1h1,981,77,100,482,endgame mate mateIn4 rookEndgame veryLong,https://lichess.org/AgYEC5kv#93,,True,2,https://lichess.org/training/702Zt
C1Sw8,3rk3/8/R1p5/1pR1p2p/1P3p1P/P2r1P2/4K3/8 w - - 0 40,a6c6 d3d2 e2f1 d2d1 f1g2 d8d2 g2h3 d1h1,981,79,80,145,endgame mate mateIn4 rookEndgame veryLong,https://lichess.org/9wytPANC#79,,True,2,https://lichess.org/training/C1Sw8
j6YbD,5r2/5r2/4p3/1p4k1/pP1P3R/P1P1R1P1/8/7K w - - 0 52,e3e6 f7f1 h1h2 f8f2 h2h3 f1h1,981,95,100,49,endgame exposedKing long mate mateIn3 rookEndgame,https://lichess.org/Wewd3lJx#103,,True,2,https://lichess.org/training/j6YbD
zfuTN,3r2k1/p3p3/1p4p1/2r4b/1KN4P/P7/5R2/5R2 b - - 3 36,d8d4 f2f8 g8h7 f1f7 h7h6 f8h8,981,95,100,72,endgame exposedKing long mate mateIn3,https://lichess.org/Yxz62DdO/black#72,,True,2,https://lichess.org/training/zfuTN
d4Ml2,6k1/5p2/3R1RpB/3p3p/1n5P/8/1rr3P1/7K b - - 0 30,c2g2 d6d8 g8h7 f6f7 h7h6 d8h8,981,75,90,115,deflection endgame long mate mateIn3 sacrifice,https://lichess.org/oTyWqeEn/black#60,,True,2,https://lichess.org/training/d4Ml2
Ms0Ol,5k2/p4p1p/8/2pPrPR1/8/5K2/Pr5P/6R1 b - - 2 31,f7f6 g5g8 f8e7 g1g7 e7d6 g8d8,982,80,96,379,endgame exposedKing long mate mateIn3 rookEndgame,https://lichess.org/SkTjWS1u/black#62,,True,2,https://lichess.org/training/Ms0Ol
xA9C3,2r2k2/6RR/7p/p3p3/4P3/1P3P2/2r3PP/1K6 w - - 5 33,g7d7 c2c1 b1b2 c8c2 b2a3 c1a1,982,76,73,97,endgame exposedKing long mate mateIn3 rookEndgame,https://lichess.org/0Q9waHT2#65,,True,2,https://lichess.org/training/xA9C3
S0HXk,1k4r1/ppp2p2/8/7p/3PPB2/3P1P2/P5rP/2R2K2 w - - 3 29,c1c7 g2g1 f1f2 g8g2 f2e3 g1e1,982,84,95,662,endgame exposedKing long mate mateIn3,https://lichess.org/0OfXbKBN#57,,True,2,https://lichess.org/training/S0HXk
zrogi,6k1/5R2/6p1/1P4q1/8/PP1r3P/6P1/5RK1 b - - 0 40,d3h3 f7f8 g8h7 f1f7 h7h6 f8h8,982,84,85,459,endgame exposedKing long mate mateIn3 queenRookEndgame,https://lichess.org/AzbAtyJv/black#80,,True,2,https://lichess.org/training/zrogi
XCivx,2k3r1/1R6/p1p1p3/P7/3Pq2p/2P4P/2PK1P2/1R6 b - - 3 37,g8g2 b7b8 c8d7 b1b7 d7d6 b8d8,983,80,90,104,endgame exposedKing long mate mateIn3 queenRookEndgame,https://lichess.org/cRphNa5G/black#74,,True,2,https://lichess.org/training/XCivx
Xp1ew,6k1/pp5R/1nqp1rp1/2p5/2P1PPP1/8/PP3KP1/7R b - - 0 30,c6e4 h7h8 g8f7 h1h7 f7e6 h8e8,983,88,93,986,endgame exposedKing long mate mateIn3,https://lichess.org/r3XFd6e5/black#60,,True,2,https://lichess.org/training/Xp1ew
JGaJr,6k1/R7/1p3p2/1Pp1pPp1/3r1qPp/3PQP1P/6K1/R7 b - - 0 41,f4e3 a7a8 d4d8 a8d8 g8g7 a1a7 g7h6 d8h8,983,82,88,209,endgame exposedKing mate mateIn4 queenRookEndgame veryLong,https://lichess.org/dAgfib1w/black#82,,True,2,https://lichess.org/training/JGaJr
pXqTL,5rk1/p2Q2p1/2R2r2/7p/P6P/6q1/5P2/5RK1 w - - 0 31,f2g3 f6f1 g1h2 f8f2 h2h3 f1h1,983,81,86,154,endgame exposedKing long mate mateIn3 queenRookEndgame,https://lichess.org/GmtqlhDF#61,,True,2,https://lichess.org/training/pXqTL
PTmgY,4N3/4k2r/p1P1p3/1p2Rp2/3R1Pp1/P2P2Pr/2P3K1/8 w - - 5 33,e8d6 h3h2 g2f1 h2h1 f1e2 h7h2 e2e3 h1e1,983,82,83,323,endgame mate mateIn4 veryLong,https://lichess.org/5ocxlYFd#65,,True,2,https://lichess.org/training/PTmgY
j6hmS,5R2/pk6/8/2p3p1/2Pp3q/P3b3/1R6/5K2 b - - 5 47,b7a6 f8f6 a6a5 b2b5 a5a4 f6a6,984,84,95,6016,endgame exposedKing long mate mateIn3,https://lichess.org/ktkiu7v2/black#94,,True,2,https://lichess.org/training/j6hmS
H0u8J,6k1/7R/p2p2p1/2p1p1P1/4P1K1/P1pq2N1/1r6/7R b - - 1 31,b2g2 h7h8 g8f7 h1h7 f7e6 h8e8,984,77,98,1935,endgame exposedKing long mate mateIn3,https://lichess.org/rxQDqvhH/black#62,,True,2,https://lichess.org/training/H0u8J
hNWUx,6k1/1p3R2/p5p1/2p3r1/3p4/P7/1P5r/4KR2 b - - 4 44,d4d3 f7f8 g8h7 f1f7 h7h6 f8h8,984,80,90,100,endgame exposedKing long mate mateIn3 rookEndgame,https://lichess.org/AR7OPohM/black#88,,True,2,https://lichess.org/training/hNWUx
2M5zl,2r3k1/p5p1/7p/3P1P2/3pP1R1/P1rP2P1/8/1R5K w - - 1 39,b1b7 c3c1 h1h2 c8c2 h2h3 c1h1,984,79,93,173,endgame exposedKing long mate mateIn3 rookEndgame,https://lichess.org/WDFCpwAL#77,,True,2,https://lichess.org/training/2M5zl
6U0Re,5k2/5p2/1p2P1p1/7p/P2R1PrP/5r2/2PR3K/8 b - - 0 37,f7e6 d4d8 f8e7 d2d7 e7f6 d8f8,984,87,78,83,endgame exposedKing long mate mateIn3 rookEndgame,https://lichess.org/1IC6haJp/black#74,,True,2,https://lichess.org/training/6U0Re
00QW1,8/3r1ppp/4p3/k3P3/pR2R2P/2P5/2Kr1PP1/8 w - - 4 31,c2c1 d2d1 c1b2 d7d2 b2a3 d1a1,984,96,95,240,endgame exposedKing long mate mateIn3 rookEndgame,https://lichess.org/I3LnvYRW#61,,True,2,https://lichess.org/training/00QW1
8fMp3,3r2k1/R1R2p1p/6p1/1p3p2/8/4P1P1/P2r3P/4K3 w - - 0 32,c7f7 d2d1 e1f2 d8d2 f2f3 d1f1,984,78,100,94,endgame exposedKing long master mate mateIn3 rookEndgame,https://lichess.org/5U3iprd5#63,,True,2,https://lichess.org/training/8fMp3
YE3RG,r1b3k1/pp2pR2/2n3pp/2pp2N1/8/1P1P2P1/2q1P1BP/5RK1 b - - 2 17,h6g5 f7f8 g8h7 f1f7 h7h6 f8h8,984,87,93,1032,exposedKing kingsideAttack long mate mateIn3 middlegame,https://lichess.org/jlu9Tsye/black#34,Nimzo-Larsen_Attack Nimzo-Larsen_Attack_English_Variation,True,2,https://lichess.org/training/YE3RG
2VZ6u,5rk1/ppb3p1/7p/3p4/6QP/6P1/PP3r2/2R4K w - - 1 37,c1c7 f2f1 h1h2 f8f2 h2h3 f1h1,985,126,76,35,endgame exposedKing long mate mateIn3 queenRookEndgame,https://lichess.org/myXqdfwh#73,,True,2,https://lichess.org/training/2VZ6u
J5ngu,8/1R2R1P1/2p5/p3p1r1/2k1B3/5Pr1/PPP5/2K5 w - - 1 37,b7c7 g3g1 c1d2 g5g2 d2e3 g1e1,986,79,95,615,endgame long mate mateIn3,https://lichess.org/K4g7cv6k#73,,True,2,https://lichess.org/training/J5ngu
awCKN,8/pp4kp/3p2pR/2pr1bP1/5P2/4rN2/PKP5/7R b - - 7 26,e3f3 h6h7 g7g8 h7h8 g8f7 h1h7 f7e6 h8e8,986,109,89,49,endgame mate mateIn4 veryLong,https://lichess.org/dAvguz3Z/black#52,,True,2,https://lichess.org/training/awCKN
loWqB,5rk1/1Rp3p1/2np3p/p3p3/6q1/P1PP2PB/2P2r2/2B3KR w - - 0 24,h3g4 f2f1 g1h2 f8f2 h2h3 f1h1,986,82,91,798,deflection exposedKing fork long mate mateIn3 middlegame,https://lichess.org/eUSA2XgH#47,,True,2,https://lichess.org/training/loWqB
csoN9,2r4k/6p1/4Q2p/p3P3/Pn2RP2/1P5R/2r3PP/1K6 w - - 1 37,e4b4 c2c1 b1b2 c8c2 b2a3 c1a1,986,79,69,129,endgame exposedKing long mate mateIn3 queenRookEndgame,https://lichess.org/Ra4GGR4K#73,,True,2,https://lichess.org/training/csoN9
fzxn1,r7/1kp5/1p1p3R/3PpNp1/1pP5/rP1R1P2/1K5P/8 w - - 0 35,b2c1 a3a1 c1d2 a8a2 d2e3 a1e1,987,124,83,13,endgame exposedKing long mate mateIn3 queensideAttack,https://lichess.org/sBjFeX5J#69,,True,2,https://lichess.org/training/fzxn1
qmy6j,4r3/2k5/R2R3p/1pP3pP/1P3pP1/P3rPK1/8/8 w - - 0 39,g3f2 e3e2 f2g1 e2e1 g1h2 e8e2 h2h3 e1h1,987,82,78,196,endgame mate mateIn4 rookEndgame veryLong,https://lichess.org/Dgcs53u5#77,,True,2,https://lichess.org/training/qmy6j
O7hg1,5k2/6Rp/1K3p2/3PrP2/1p2n3/rB6/7P/6R1 b - - 0 45,a3b3 g7g8 f8e7 g1g7 e7d6 g8d8,987,81,100,527,endgame exposedKing long mate mateIn3,https://lichess.org/uPE5XM5k/black#90,,True,2,https://lichess.org/training/O7hg1
D5chv,1r6/p7/P2kb2R/3Np1P1/2PpP3/R4P2/1rK5/8 w - - 1 46,c2c1 b2b1 c1d2 b8b2 d2d3 b1d1,987,82,91,1076,endgame exposedKing long mate mateIn3,https://lichess.org/7xj5KCqo#91,,True,2,https://lichess.org/training/D5chv
oe9Yj,8/p4k1p/5p2/3Pb3/KPr5/P2r4/6R1/6R1 b - - 3 52,d3d4 g2g7 f7f8 g7g8 f8e7 g1g7 e7d6 g8d8,987,87,59,91,endgame mate mateIn4 veryLong,https://lichess.org/WErt3aI5/black#104,,True,2,https://lichess.org/training/oe9Yj
ZtWpA,8/1p3k2/5p2/3r1Ppp/1Pr1n3/4R2P/6P1/4R1K1 b - - 1 38,e4d2 e3e7 f7g8 e7e8 g8g7 e1e7 g7h6 e8h8,987,104,53,83,endgame mate mateIn4 veryLong,https://lichess.org/PME5z8Q9/black#76,,True,2,https://lichess.org/training/ZtWpA
VYtC5,8/8/1R2prk1/3pR3/3P2P1/6P1/5rK1/8 w - - 5 40,g2g1 f2f1 g1h2 f6f2 h2h3 f1h1,987,81,90,74,endgame exposedKing long mate mateIn3 rookEndgame,https://lichess.org/xAuXlu0M#79,,True,2,https://lichess.org/training/VYtC5
jS5FX,8/p3rk1p/3K2p1/3P4/Pr2P1P1/1P1RRP2/7P/8 w - - 11 40,e4e5 b4b6 d6c5 e7c7 c5d4 b6b4,987,77,84,850,endgame long mate mateIn3 rookEndgame,https://lichess.org/PHnxzLvS#79,,True,2,https://lichess.org/training/jS5FX
ShXt1,5r1k/1Q4p1/pP4P1/8/3Pp2P/R3P1K1/2r5/8 w - - 1 36,a3a6 f8f3 g3g4 c2g2 g4h5 f3f5,988,77,97,1051,endgame long mate mateIn3 queenRookEndgame,https://lichess.org/qSTqJGYp#71,,True,2,https://lichess.org/training/ShXt1
FbNil,3Q1rk1/4ppbp/p1p5/5R2/2q5/8/P1P3PP/3R3K b - - 0 27,f8d8 d1d8 g7f8 f5g5 g8h8 d8f8,988,89,95,284,deflection endgame long mate mateIn3,https://lichess.org/068VrwKf/black#54,,True,2,https://lichess.org/training/FbNil
uTZ74,4r1k1/1R4R1/6K1/6P1/8/1p3r2/8/8 b - - 6 56,g8h8 g7h7 h8g8 b7g7 g8f8 h7h8,988,90,92,2213,endgame exposedKing long mate mateIn3 rookEndgame,https://lichess.org/R74pvdnq/black#112,,True,2,https://lichess.org/training/uTZ74
iEIFb,6k1/p7/P3Rpp1/8/4RP1r/2P5/1r6/6K1 b - - 1 36,h4h2 e6e8 g8h7 e4e7 h7h6 e8h8,988,84,88,482,endgame exposedKing long mate mateIn3 rookEndgame,https://lichess.org/DSGUzVCH/black#72,,True,2,https://lichess.org/training/iEIFb
vmgiD,2Q5/pp3rkp/2p5/2P3B1/3P2P1/6P1/PP3r1K/8 w - - 1 31,h2g1 f2f1 g1h2 f7f2 h2h3 f1h1,988,76,100,437,endgame exposedKing long mate mateIn3,https://lichess.org/ukjZR4NK#61,,True,2,https://lichess.org/training/vmgiD
1DI93,8/4R2k/5pp1/2Nr4/1P5K/2P4P/4R3/7q b - - 3 49,h7g8 e7e8 g8h7 e2e7 h7h6 e8h8,988,85,90,49,endgame exposedKing long mate mateIn3,https://lichess.org/tERRDyPn/black#98,,True,2,https://lichess.org/training/1DI93
4LJNY,1k3r2/pp5p/8/8/1PP1p1R1/4R1P1/P4r2/6K1 w - - 0 34,e3e4 f2f1 g1h2 f8f2 h2h3 f1h1,988,76,74,67,endgame exposedKing long mate mateIn3 rookEndgame,https://lichess.org/X4rAe4ci#67,,True,2,https://lichess.org/training/4LJNY
Antf9,k2r4/2p5/2P1R3/1R1r2p1/P3p1p1/4P3/7P/6K1 w - - 0 36,e6e4 d5d1 g1g2 d8d2 g2g3 d1g1,988,76,67,107,endgame long mate mateIn3 rookEndgame,https://lichess.org/5qThiyPv#71,,True,2,https://lichess.org/training/Antf9
bXr04,5rk1/5p2/1qp1Q1p1/4p2p/2P1P2P/5R2/4r1P1/5R1K b - - 0 25,f7e6 f3f8 g8h7 f1f7 h7h6 f8h8,989,96,94,375,endgame exposedKing long master mate mateIn3 queenRookEndgame,https://lichess.org/8gttZBkN/black#50,,True,2,https://lichess.org/training/bXr04
o0RPA,8/5Rk1/6p1/7p/7P/5R1K/1r4r1/8 b - - 0 51,g7g8 f7f8 g8h7 f3f7 h7h6 f8h8,989,169,54,8,endgame exposedKing long mate mateIn3 rookEndgame,https://lichess.org/C8YgcbZI/black#102,,True,2,https://lichess.org/training/o0RPA
n6YKL,4rn2/4r1k1/R1R5/p1pB4/PpPp1pP1/1P1P1P2/5K2/8 w - - 3 46,a6a5 e7e2 f2f1 e2e1 f1g2 e8e2 g2h3 e1h1,990,86,91,1704,endgame master mate mateIn4 veryLong,https://lichess.org/K0Y6rRHI#91,,True,2,https://lichess.org/training/n6YKL
9HJma,5r1k/5p1p/pbr5/1p1NpP2/4P3/1P6/1PP1R3/5RK1 w - - 4 28,g1h2 c6h6 h2g3 f8g8 g3f3 h6h3,990,90,95,2117,endgame exposedKing long mate mateIn3,https://lichess.org/LHRFAdMd#55,,True,2,https://lichess.org/training/9HJma
1z2oN,3r1r1R/p4kn1/2p2ppR/8/4P3/5P2/PBP5/1K6 w - - 3 29,h8h7 d8d1 b2c1 f8b8 b1a1 d1c1,991,77,86,369,clearance deflection endgame long mate mateIn3,https://lichess.org/5XRcFhbi#57,,True,2,https://lichess.org/training/1z2oN
GClzA,6k1/1b6/3p2p1/p1pP2q1/NpB2R2/1P5r/P1P3P1/5RK1 b - - 1 30,h3g3 f4f8 g8h7 f1f7 h7h6 f8h8,991,77,94,753,exposedKing fork long mate mateIn3 middlegame,https://lichess.org/DEgXY8Gr/black#60,,True,2,https://lichess.org/training/GClzA
fKO5Y,8/R5R1/5r1p/6pk/7P/6P1/5r2/6K1 w - - 0 35,h4g5 f2f1 g1h2 f6f2 h2h3 f1h1,991,96,93,860,endgame exposedKing long mate mateIn3 rookEndgame,https://lichess.org/pYXyU1h8#69,,True,2,https://lichess.org/training/fKO5Y
isT0e,2r3k1/7R/3p1pp1/p7/2P1P3/5p2/PB3q2/1K5R b - - 1 33,c8c4 h7h8 g8f7 h1h7 f7e6 h8e8,991,78,78,139,endgame exposedKing long mate mateIn3,https://lichess.org/7fL6kp8j/black#66,,True,2,https://lichess.org/training/isT0e
UmLaG,6k1/8/p2p2p1/8/2P4P/5R2/Pr2rR2/6K1 b - - 0 42,b2a2 f3f8 g8h7 f2f7 h7h6 f8h8,992,78,89,264,endgame exposedKing long mate mateIn3 rookEndgame,https://lichess.org/3MFIH6VD/black#84,,True,2,https://lichess.org/training/UmLaG
WZdYn,5rk1/6p1/pR1p4/2pPp1P1/2P3R1/P5P1/5r2/6K1 w - - 0 39,b6a6 f2f1 g1h2 f8f2 h2h3 f1h1,992,118,33,28,endgame exposedKing long mate mateIn3 rookEndgame,https://lichess.org/Iuj7gnON#77,,True,2,https://lichess.org/training/WZdYn
Dec3D,8/5kR1/1p3p2/p1qPp3/PbP5/1P5r/7B/6RK b - - 5 42,f7f8 g7g8 f8e7 g1g7 e7d6 g8d8,992,77,100,108,endgame exposedKing long mate mateIn3,https://lichess.org/UTndTz0E/black#84,,True,2,https://lichess.org/training/Dec3D
OZ9Qf,8/p3kp2/1p6/7p/4PP1K/1Pr1r3/P3RR2/8 w - - 4 42,h4h5 e3h3 h5g4 c3g3 g4f5 h3h5,992,78,91,328,endgame long mate mateIn3 rookEndgame,https://lichess.org/DzVOtihB#83,,True,2,https://lichess.org/training/OZ9Qf
un2Lg,R1Q5/p2r4/1p6/1k6/3r2p1/P7/2P4P/2K5 w - - 4 53,c2c3 d4d1 c1c2 d7d2 c2b3 d1b1,992,113,91,33,endgame exposedKing long mate mateIn3 queenRookEndgame,https://lichess.org/G0TWSeqi#105,,True,2,https://lichess.org/training/un2Lg
C49QR,8/pp2pk2/2p2p2/2Pp1Pp1/1r3q2/K7/P3R1P1/4R3 b - - 17 45,f4c4 e2e7 f7g8 e7e8 g8g7 e1e7 g7h6 e8h8,993,79,98,883,endgame mate mateIn4 queenRookEndgame veryLong,https://lichess.org/DtJ5juI0/black#90,,True,2,https://lichess.org/training/C49QR
AQsZ8,8/2p3k1/5rp1/1p3r1P/3P2Q1/2P3P1/P7/6K1 w - - 0 43,h5g6 f5f1 g1h2 f6f2 h2h3 f1h1,993,77,100,354,endgame exposedKing long mate mateIn3 queenRookEndgame,https://lichess.org/exjw5aMk#85,,True,2,https://lichess.org/training/AQsZ8
VmrpX,8/rp4k1/2p1r1pR/5pK1/1P1Pp3/8/8/7R b - - 3 40,g7f8 h6h8 f8e7 h1h7 e7d6 h8d8,994,75,100,370,endgame exposedKing long mate mateIn3 rookEndgame,https://lichess.org/aLMbX6fq/black#80,,True,2,https://lichess.org/training/VmrpX
aoOuQ,r7/5kp1/6p1/4R3/Pp1rP3/8/1P6/1K5R b - - 0 32,a8a4 h1f1 f7g8 e5e8 g8h7 f1h1,994,75,99,412,endgame long mate mateIn3 rookEndgame,https://lichess.org/KFdavG9O/black#64,,True,2,https://lichess.org/training/aoOuQ
K2IOb,6k1/8/p3p1p1/3p4/3n2r1/PB2b2K/2P2R2/5R2 b - - 1 33,g4g5 f2f8 g8h7 f1f7 h7h6 f8h8,994,78,100,155,endgame exposedKing long mate mateIn3,https://lichess.org/RWqMVDxU/black#66,,True,2,https://lichess.org/training/K2IOb
IBUfB,5R2/6k1/3Bp1b1/1p1p4/4rP2/P1P5/2P3r1/2K4R w - - 12 59,h1h8 e4e1 c1b2 g2c2 b2b3 e1b1,994,87,92,1729,endgame long mate mateIn3,https://lichess.org/lcBsfzcT#117,,True,2,https://lichess.org/training/IBUfB
RdxnG,r1bq2k1/p1p4R/np1p2p1/3Pp1N1/2P3P1/P3P3/1P2Br2/2K4R b - - 3 24,d8g5 h7h8 g8f7 h1h7 f7f6 h8f8,994,106,90,54,exposedKing kingsideAttack long mate mateIn3 middlegame,https://lichess.org/I9RyYXcX/black#48,,True,2,https://lichess.org/training/RdxnG
5yJnt,6k1/pp2p3/2np2p1/7p/4P2P/6r1/PK3RP1/5R2 b - - 7 29,g3g4 f2f8 g8h7 f1f7 h7h6 f8h8,995,84,85,136,endgame exposedKing long mate mateIn3,https://lichess.org/dDdqLpHb/black#58,,True,2,https://lichess.org/training/5yJnt
Xy5OU,r1bq2k1/2n5/1pp1p1p1/p3P1Qp/2PP4/P7/1P2BRPP/5RK1 b - - 0 24,d8g5 f2f8 g8h7 f1f7 h7h6 f8h8,995,84,87,63,exposedKing fork long mate mateIn3 middlegame,https://lichess.org/pcDxkvav/black#48,,True,2,https://lichess.org/training/Xy5OU
7fbT6,6k1/p7/q3p1p1/4P3/r4PK1/3R4/P2R4/8 b - - 0 37,a4a2 d3d8 g8g7 d2d7 g7h6 d8h8,996,84,100,66,endgame exposedKing long mate mateIn3 queenRookEndgame,https://lichess.org/Zsp6JUkT/black#74,,True,2,https://lichess.org/training/7fbT6
WgAX8,8/1pp2Rk1/6p1/6b1/8/1P2PR2/1r3PK1/2r5 b - - 0 32,g7g8 f7f8 g8h7 f3f7 h7h6 f8h8,997,88,91,673,endgame exposedKing long mate mateIn3,https://lichess.org/JzzEWGte/black#64,,True,2,https://lichess.org/training/WgAX8
9lnNP,5rk1/5rpp/p7/1P6/6Q1/1RP1P1q1/1p5P/6K1 w - - 0 35,h2g3 f7f1 g1h2 f8f2 h2h3 f1h1,997,78,97,6321,endgame exposedKing long mate mateIn3 queenRookEndgame,https://lichess.org/Qh1UivBp#69,,True,2,https://lichess.org/training/9lnNP
u6BwW,5rk1/5p2/4p1Q1/4P2p/3P3P/1qP5/r4R2/5RK1 b - - 0 31,f7g6 f2f8 g8h7 f1f7 h7h6 f8h8,997,86,88,112,endgame exposedKing long mate mateIn3 queenRookEndgame,https://lichess.org/YFoTIUCI/black#62,,True,2,https://lichess.org/training/u6BwW
OHwYs,6k1/pprqBR2/6p1/3pP3/3P2Q1/2P1n3/PP4P1/5RK1 b - - 0 27,d7g4 f7f8 g8h7 f1f7 h7h6 f8h8,997,87,93,1138,endgame exposedKing long mate mateIn3,https://lichess.org/LdJtF4kb/black#54,,True,2,https://lichess.org/training/OHwYs
l4enm,5Qk1/4p1b1/p5p1/1p1pP3/2rP3P/Pq6/1P3RP1/5RK1 b - - 0 26,g7f8 f2f8 g8h7 f1f7 h7h6 f8h8,998,78,91,302,endgame exposedKing long mate mateIn3,https://lichess.org/loloFJo5/black#52,,True,2,https://lichess.org/training/l4enm
evvHJ,2k2r2/2p5/2Q5/P2P3p/8/6P1/5r2/6K1 w - - 0 38,a5a6 f2f1 g1h2 f8f2 h2h3 f1h1,998,77,98,485,endgame exposedKing long mate mateIn3 queenRookEndgame,https://lichess.org/0E9ZycTU#75,,True,2,https://lichess.org/training/evvHJ
FSzEn,8/1p1qpk2/5pp1/8/2PP1PQ1/1P2R1Pr/P5K1/4R3 b - - 0 38,d7g4 e3e7 f7g8 e7e8 g8h7 e1e7 h7h6 e8h8,998,79,77,280,endgame mate mateIn4 queenRookEndgame veryLong,https://lichess.org/uegEWGfz/black#76,,True,2,https://lichess.org/training/FSzEn
Kwe1W,8/5Rkp/8/6r1/8/5RP1/6K1/r7 b - - 0 39,g7g6 f3f6 g6h5 f7h7 h5g4 f6f4,998,79,91,735,deflection endgame exposedKing long mate mateIn3 rookEndgame,https://lichess.org/GabfD71B/black#78,,True,2,https://lichess.org/training/Kwe1W
DcwtL,7k/5r2/2p1p2P/1pPpPr2/pP1Pp3/P3P3/4K1Q1/8 w - - 1 40,g2g6 f5f2 e2d1 f2f1 d1d2 f7f2 d2c3 f1c1,998,82,85,191,endgame mate mateIn4 queenRookEndgame veryLong,https://lichess.org/lBvTfUSZ#79,,True,2,https://lichess.org/training/DcwtL
SVVQT,1k6/R2q1p2/1p1p1b1p/1P2pP2/4P3/3P4/2P3KP/R7 b - - 0 24,d7b5 a7a8 b8c7 a1a7 c7c6 a8c8,999,79,91,378,endgame exposedKing long mate mateIn3,https://lichess.org/WKDv20OE/black#48,,True,2,https://lichess.org/training/SVVQT
nx4KS,6k1/p4R2/6p1/8/7K/P4R1P/r5r1/8 b - - 1 39,a2e2 f7f8 g8h7 f3f7 h7h6 f8h8,999,86,95,1307,endgame exposedKing long master mate mateIn3 rookEndgame,https://lichess.org/W27wXLFc/black#78,,True,2,https://lichess.org/training/nx4KS
1wg2H,2k2b1r/1pp1p1p1/1B5p/6p1/4RnP1/p4K2/P1P2P2/3R4 b - - 0 32,c7b6 e4c4 c8b8 d1d8 b8a7 c4a4,999,76,94,123,endgame long mate mateIn3 queensideAttack,https://lichess.org/fCQ9ADXU/black#64,,True,2,https://lichess.org/training/1wg2H
EmJuv,5r2/2p5/1p4pk/p1p1Q2p/P7/1P1P1rP1/2P1R3/7K w - - 1 43,e2e3 f3f1 h1h2 f8f2 h2h3 f1h1,1000,120,86,15,endgame exposedKing long mate mateIn3 queenRookEndgame,https://lichess.org/WYjNvWQI#85,,True,2,https://lichess.org/training/EmJuv
Yj2tB,5r1k/2p4p/p2p1r2/Np4R1/1P2p1B1/P1P3P1/8/4R1K1 w - - 0 37,e1e4 f6f1 g1h2 f8f2 h2h3 f1h1,1000,80,89,237,endgame exposedKing long mate mateIn3,https://lichess.org/ZhVyZKes#73,,True,2,https://lichess.org/training/Yj2tB
3ZLHP,8/R5R1/2p1rp1k/3pr3/1P4p1/1KP1PbP1/5P2/8 b - - 0 49,e5e4 g7h7 h6g5 a7g7 g5f5 h7h5,1001,79,76,95,endgame exposedKing long mate mateIn3,https://lichess.org/SL1vY73v/black#98,,True,2,https://lichess.org/training/3ZLHP
LjQn9,6r1/2p5/2np3R/1p2p1p1/4RkP1/2PP3P/1r6/6K1 b - - 4 33,f4f3 h6f6 f3g3 e4e3 g3h4 f6h6,1001,90,95,869,endgame long mate mateIn3,https://lichess.org/c2784kAu/black#66,,True,2,https://lichess.org/training/LjQn9
hhQwq,5bk1/5p2/1pr2P2/2p2PR1/P2p4/1P6/2P1r2P/6RK b - - 0 32,g8h7 g5h5 f8h6 g1g7 h7h8 h5h6,1001,81,91,719,clearance deflection endgame exposedKing long mate mateIn3 pin,https://lichess.org/FTByxfLC/black#64,,True,2,https://lichess.org/training/hhQwq
vkINF,5k2/4R3/p2r1pp1/1p1r3p/1P4N1/2n2N2/P4PPP/4R1K1 b - - 3 37,h5g4 e7e8 f8g7 e1e7 g7h6 e8h8,1001,75,80,162,endgame exposedKing long mate mateIn3,https://lichess.org/q7exiZGA/black#74,,True,2,https://lichess.org/training/vkINF
W7ddR,8/1R3p2/2P1p2p/1P2p3/r3Pk2/p1K2P1P/P1R3P1/4r3 w - - 5 45,c6c7 e1e3 c3d2 a4d4 d2c1 e3e1,1001,83,100,119,endgame exposedKing long mate mateIn3 rookEndgame,https://lichess.org/p8UjuOz9#89,,True,2,https://lichess.org/training/W7ddR
RAe9r,k7/P4pp1/1p1R3p/1p2p3/1P2q3/7P/2r5/K2R4 b - - 17 47,e4b4 d6d8 c2c8 d8c8 a8a7 d1d7 a7a6 c8a8,1002,79,20,106,endgame exposedKing mate mateIn4 queenRookEndgame veryLong,https://lichess.org/Z8kzyDbw/black#94,,True,2,https://lichess.org/training/RAe9r
bVx2f,8/3b2rk/4p1rp/1p2Q3/p1pP3R/2P2PB1/6PP/6K1 w - - 0 36,g3f4 g6g2 g1f1 g2g1 f1f2 g7g2 f2e3 g1e1,1002,88,90,262,endgame mate mateIn4 veryLong,https://lichess.org/19rt1hwJ#71,,True,2,https://lichess.org/training/bVx2f
cQM7j,2r5/2r1kp1p/b2qp1p1/3p4/Q7/1PB1R1R1/2P2PPP/2K5 w - - 12 28,c3b4 c7c2 c1b1 c2c1 b1b2 c8c2 b2a3 c1a1,1002,90,88,131,mate mateIn4 middlegame queensideAttack veryLong,https://lichess.org/DAmdNMfR#55,,True,2,https://lichess.org/training/cQM7j
pbgTJ,2rr2k1/ppR1Rpp1/1n5p/8/2P4P/5NN1/PP3nP1/1K6 w - - 2 23,c7b7 d8d1 b1c2 c8c4 c2b3 d1d3,1002,101,94,601,long mate mateIn3 middlegame queensideAttack,https://lichess.org/wWDGbOZf#45,,True,2,https://lichess.org/training/pbgTJ
filNB,2r4k/8/p2R1pp1/2r3p1/3R4/7P/5PP1/6K1 b - - 0 46,c8c6 d6d8 h8g7 d4d7 g7h6 d8h8,1002,75,100,101,endgame exposedKing long mate mateIn3 rookEndgame,https://lichess.org/R8EjHjRj/black#92,,True,2,https://lichess.org/training/filNB
mVvhn,8/R4p2/6k1/7p/P4rr1/8/4RP1K/8 w - - 2 40,a4a5 g4h4 h2g1 f4g4 g1f1 h4h1,1002,78,100,376,endgame exposedKing long master mate mateIn3 rookEndgame,https://lichess.org/THjAUnEo#79,,True,2,https://lichess.org/training/mVvhn
FqP4C,4r1k1/p1p5/2bp2p1/p5qp/2P2R2/4Q1N1/PP4PP/5RK1 b - - 0 30,e8e3 f4f8 g8h7 f1f7 h7h6 f8h8,1002,92,100,74,endgame exposedKing long mate mateIn3,https://lichess.org/m3w6nBmh/black#60,,True,2,https://lichess.org/training/FqP4C
xIhYz,8/1k6/2p5/2Pp4/1p1Bp1K1/1P1nP2r/R4P1r/R7 b - - 0 61,h3f3 a2a7 b7c8 a7a8 c8d7 a1a7 d7e6 a8e8,1003,79,96,1538,endgame mate mateIn4 veryLong,https://lichess.org/ATMOsTYG/black#122,,True,2,https://lichess.org/training/xIhYz
f4utU,r1b2rk1/3p1R2/2pP2p1/1pP1p1qp/p3B3/1Q2P2P/PP4P1/5RK1 b - - 0 24,a4b3 f7f8 g8h7 f1f7 h7h6 f8h8,1004,86,94,1946,exposedKing kingsideAttack long mate mateIn3 middlegame,https://lichess.org/waWQBsmw/black#48,,True,2,https://lichess.org/training/f4utU
IoVzH,6k1/1p3R2/1p4p1/4p2p/2P1P2P/r3b1P1/P2r4/4KR2 b - - 2 30,a3a2 f7f8 g8h7 f1f7 h7h6 f8h8,1004,97,58,36,endgame exposedKing long mate mateIn3,https://lichess.org/ExC1xT4J/black#60,,True,2,https://lichess.org/training/IoVzH
7HTcy,6k1/5R2/p5pp/1p4b1/3Pr3/2P3PK/PP2r3/5R2 b - - 2 40,h6h5 f7f8 g8h7 f1f7 h7h6 f8h8,1004,104,60,60,endgame exposedKing long mate mateIn3,https://lichess.org/CeQreFTm/black#80,,True,2,https://lichess.org/training/7HTcy
ynmbK,5r1k/4R3/1bP3p1/p6p/P1Qp3P/6P1/1P3r2/7K w - - 4 43,c4e6 f2f1 h1g2 f8f2 g2h3 f1h1,1005,95,88,573,endgame exposedKing long mate mateIn3,https://lichess.org/dKQE6x4Y#85,,True,2,https://lichess.org/training/ynmbK
pmvlO,4k3/3R3p/p3p1p1/1p2B2r/2p1P1K1/P1P5/5r2/3R4 b - - 9 38,h5e5 d7d8 e8f7 d1d7 f7f6 d8f8,1006,84,81,40,endgame exposedKing long mate mateIn3 rookEndgame,https://lichess.org/oxtyAqoL/black#76,,True,2,https://lichess.org/training/pmvlO
uOJMd,4r3/2k1r1p1/p1p3p1/2Qn1p2/P1BP1P1P/5PP1/5K2/8 w - - 5 42,c4d5 e7e2 f2g1 e2e1 g1g2 e8e2 g2h3 e1h1,1006,80,65,123,endgame mate mateIn4 veryLong,https://lichess.org/bFpbNxbQ#83,,True,2,https://lichess.org/training/uOJMd
dS1In,5R2/7p/5pp1/4p3/r1r4q/4BkP1/5P1K/1Q6 w - - 0 47,g3h4 c4h4 h2g1 a4g4 g1f1 h4h1,1006,77,99,552,endgame exposedKing long mate mateIn3,https://lichess.org/wVu4YZdN#93,,True,2,https://lichess.org/training/dS1In
vdW6i,6k1/2R5/3p2p1/3Pp2p/7P/1P2qN2/r5P1/2R4K b - - 2 36,a2f2 c7c8 g8f7 c1c7 f7f6 c8f8,1006,81,94,4660,endgame exposedKing long mate mateIn3,https://lichess.org/APiDLZJb/black#72,,True,2,https://lichess.org/training/vdW6i
XgXgS,1r6/3r1kp1/6p1/2p5/2Pp2R1/p2P2P1/P3RPK1/8 b - - 2 41,b8b2 g4f4 f7g8 e2e8 g8h7 f4h4,1006,87,38,56,endgame long mate mateIn3 rookEndgame,https://lichess.org/3kMGeqLA/black#82,,True,2,https://lichess.org/training/XgXgS
Z2X8x,1r5k/1r4p1/R3BnPp/4p2P/3pP3/q2P2P1/R7/6K1 w - - 0 35,a2a3 b7b1 g1h2 b8b2 h2h3 b1h1,1006,84,92,250,endgame exposedKing long mate mateIn3,https://lichess.org/nRA2wr5h#69,,True,2,https://lichess.org/training/Z2X8x
qj4y1,r4b1k/1pp2p2/p1np1P1Q/2n1p3/2q1P2R/2N4P/PP6/1BKR4 b - - 0 26,f8h6 h4h6 h8g8 d1g1 g8f8 h6h8,1006,76,88,368,exposedKing kingsideAttack long mate mateIn3 middlegame,https://lichess.org/jHOqoUm5/black#52,,True,2,https://lichess.org/training/qj4y1
TnIvH,7r/2p2ppp/R2bpn2/1Pk5/2P5/3K1P1P/8/3R4 b - - 4 25,f6d7 a6c6 c5b4 d1b1 b4a3 c6a6,1006,77,96,5564,endgame long mate mateIn3,https://lichess.org/1mtfM6t2/black#50,,True,2,https://lichess.org/training/TnIvH
k0tUH,8/8/R7/p1p3kp/2Pr4/r5P1/4RK2/8 b - - 3 53,d4d3 e2e5 g5g4 a6g6 g4h3 e5h5,1007,76,100,310,deflection endgame long mate mateIn3 rookEndgame,https://lichess.org/N8TdYRzW/black#106,,True,2,https://lichess.org/training/k0tUH
kzjoK,3r4/5k2/4Rp2/2R1pPp1/1P2P3/7P/3r2K1/8 w - - 1 43,g2f3 d8d3 f3g4 d2g2 g4h5 d3h3,1007,88,95,1807,deflection endgame long mate mateIn3 rookEndgame,https://lichess.org/v2VxsL6w#85,,True,2,https://lichess.org/training/kzjoK
Uup5l,4Q3/p4k2/3Rp1pp/4q3/4P2P/2P2p2/Pr3PP1/3R2K1 b - - 0 26,f7e8 d6d8 e8f7 d1d7 f7f6 d8f8,1007,82,67,89,endgame exposedKing long mate mateIn3 queenRookEndgame,https://lichess.org/xHRxr0bS/black#52,,True,2,https://lichess.org/training/Uup5l
VIYLB,5rk1/1p1qp3/p2p1pp1/6Qp/8/5R2/PP4P1/5R1K b - - 0 28,f6g5 f3f8 g8h7 f1f7 h7h6 f8h8,1008,79,87,399,endgame exposedKing long mate mateIn3 queenRookEndgame,https://lichess.org/opX8B4TD/black#56,,True,2,https://lichess.org/training/VIYLB
eVH4L,8/r1p2p1p/2pk4/2Rp1p2/3P1P2/1PR1P1PP/rK6/8 w - - 1 26,b2b1 a2a1 b1c2 a7a2 c2d3 a1d1,1008,80,76,157,endgame exposedKing long mate mateIn3 queensideAttack rookEndgame,https://lichess.org/C8azpRN7#51,,True,2,https://lichess.org/training/eVH4L
pxy5u,6k1/p2p2pp/1p1P2r1/1Pp1p1rq/P1P2Q2/8/4R1PP/4R2K b - - 0 33,e5f4 e2e8 g8f7 e1e7 f7f6 e8f8,1009,83,92,1029,endgame kingsideAttack long mate mateIn3 queenRookEndgame,https://lichess.org/PFJ5KP3K/black#66,,True,2,https://lichess.org/training/pxy5u
f9vy3,6k1/R6p/1p2b1p1/3r3r/3P1p2/2P2P1P/PP3P1K/R4Q2 w - - 7 28,f1e2 h5h3 h2g1 d5g5 g1f1 h3h1,1009,77,80,135,endgame long mate mateIn3,https://lichess.org/gjJ5o3Kr#55,,True,2,https://lichess.org/training/f9vy3
fK5hC,3r4/8/8/6R1/4pPP1/2rpk2P/8/4R1K1 b - - 1 40,e3f4 g5f5 f4g3 e1e3 g3h4 f5h5,1009,76,72,80,endgame long mate mateIn3 rookEndgame,https://lichess.org/ACEgtqNu/black#80,,True,2,https://lichess.org/training/fK5hC
VCmm3,6k1/7R/bqp3p1/3pPp2/pp6/4PP2/PP3KP1/7R b - - 0 32,b6b5 h7h8 g8f7 h1h7 f7e6 h8e8,1009,79,89,178,endgame exposedKing long mate mateIn3,https://lichess.org/1jNF7f4A/black#64,,True,2,https://lichess.org/training/VCmm3
0OsKl,6k1/1p3ppp/4r3/3p2B1/r1nP2PP/5P2/2PK1Q2/7R w - - 2 26,d2c3 a4a3 c3b4 e6b6 b4c5 a3a5,1009,81,93,1152,endgame long mate mateIn3,https://lichess.org/PtxiRkqt#51,,True,2,https://lichess.org/training/0OsKl
v3Woz,8/ppk2r2/2p2r2/3p1B2/6QP/2P3P1/PP6/6K1 w - - 4 27,f5g6 f6f1 g1h2 f7f2 h2h3 f1h1,1010,114,57,20,endgame exposedKing long mate mateIn3,https://lichess.org/OoeiTcdv#53,,True,2,https://lichess.org/training/v3Woz
6LN9C,6Q1/5rp1/pp1R4/4p1k1/2P3P1/6P1/PP3r2/6K1 w - - 2 31,g8h7 f2f1 g1h2 f7f2 h2h3 f1h1,1010,90,93,552,endgame exposedKing long mate mateIn3 queenRookEndgame,https://lichess.org/CDG6Q95q#61,,True,2,https://lichess.org/training/6LN9C
B5mP1,5k2/5p1p/3p2p1/8/r2BP3/5r1P/2R1K3/2R5 b - - 3 33,f3h3 c2c8 f8e7 c1c7 e7e6 c8e8,1011,90,85,41,endgame long mate mateIn3,https://lichess.org/67rQNzJL/black#66,,True,2,https://lichess.org/training/B5mP1
uGdJn,r5k1/6pp/2R5/3p1P2/3PbK1P/4P3/6r1/2R5 b - - 2 40,a8a2 c6c8 g8f7 c1c7 f7f6 c8f8,1012,85,88,330,endgame long mate mateIn3,https://lichess.org/5WIZyDvU/black#80,,True,2,https://lichess.org/training/uGdJn
ms97N,4r3/6kp/6p1/8/1PRp1PP1/PR1P3P/4r3/2K5 w - - 8 41,c4d4 e2e1 c1b2 e8e2 b2c3 e1c1,1012,91,95,954,endgame exposedKing long mate mateIn3 rookEndgame,https://lichess.org/JA8Il4yS#81,,True,2,https://lichess.org/training/ms97N
KeCbK,8/pp5p/8/5R2/3P2P1/1P5k/P1r3r1/4R1K1 w - - 2 36,g1h1 g2h2 h1g1 c2g2 g1f1 h2h1,1012,85,94,109,endgame exposedKing long mate mateIn3 rookEndgame,https://lichess.org/wodndtfc#71,,True,2,https://lichess.org/training/KeCbK
v0Ai7,8/5Rk1/4p1p1/2Kp2r1/6P1/p3P3/Pr3R2/8 b - - 0 49,g7g8 f7f8 g8h7 f2f7 h7h6 f8h8,1012,84,96,910,endgame exposedKing long mate mateIn3 rookEndgame,https://lichess.org/pdcfNLGn/black#98,,True,2,https://lichess.org/training/v0Ai7
GV2DG,6k1/1p6/3ppRpq/2p5/2PnPR2/1P1Pr2P/6P1/6K1 b - - 3 26,h6g5 f6f8 g8h7 f4f7 h7h6 f8h8,1013,84,92,147,endgame exposedKing long mate mateIn3,https://lichess.org/GL20LVUZ/black#52,,True,2,https://lichess.org/training/GV2DG
eZFv0,2Rr2k1/pp6/1q3p2/5Ppp/P3P3/1P5K/5QB1/2R5 b - - 0 37,b6f2 c8d8 g8h7 c1c7 h7h6 d8h8,1013,76,99,691,endgame exposedKing hangingPiece long mate mateIn3,https://lichess.org/gf4jHnMf/black#74,,True,2,https://lichess.org/training/eZFv0
DjDFa,4r3/1R6/2p1rkp1/R4p1p/P6P/1P1P1PP1/2P2K2/8 w - - 3 43,a5a7 e6e2 f2g1 e2e1 g1g2 e8e2 g2h3 e1h1,1013,79,78,152,endgame mate mateIn4 rookEndgame veryLong,https://lichess.org/3cHq9dn1#85,,True,2,https://lichess.org/training/DjDFa
XjUy5,4r3/1pp5/p7/7k/1P1p2rP/P2P3K/4PP2/4RR2 w - - 7 32,f2f3 g4h4 h3g2 e8g8 g2f2 h4h2,1014,77,100,720,endgame long mate mateIn3 rookEndgame,https://lichess.org/HC6EKCdL#63,,True,2,https://lichess.org/training/XjUy5
2PZpB,6k1/4p2R/1p1pr1p1/3p4/5P2/2PK4/rb6/7R b - - 0 26,a2a3 h7h8 g8f7 h1h7 f7f6 h8f8,1015,78,80,149,endgame exposedKing long mate mateIn3,https://lichess.org/Cqo9BHPr/black#52,,True,2,https://lichess.org/training/2PZpB
tGY5u,6k1/pp3R2/2p3p1/2Pp2P1/3P2q1/8/PP3R1K/8 b - - 2 35,g4g5 f7f8 g8h7 f2f7 h7h6 f8h8,1015,90,82,45,endgame exposedKing long mate mateIn3 queenRookEndgame,https://lichess.org/LG7A2ycc/black#70,,True,2,https://lichess.org/training/tGY5u
r2pBT,3r3k/5Qp1/5n2/2R5/6Pp/r4P2/6K1/8 w - - 2 35,c5g5 d8d2 g2h3 a3f3 h3h4 d2h2,1015,75,97,1166,deflection endgame long mate mateIn3,https://lichess.org/KOU0OHum#69,,True,2,https://lichess.org/training/r2pBT
ObwlT,1k6/4p3/Rp3rp1/2pPp3/4P3/1q3P2/3KN3/R7 b - - 2 45,f6f3 a6a8 b8c7 a1a7 c7d6 a8d8,1015,86,94,635,endgame exposedKing long mate mateIn3,https://lichess.org/PoY6hjX3/black#90,,True,2,https://lichess.org/training/ObwlT
zi25j,6k1/q2bb2R/r2p2p1/2pPp1P1/1pP1P3/1P6/1nKN1P2/7R b - - 0 31,e7g5 h7h8 g8f7 h1h7 f7f6 h8f8,1015,90,93,2579,exposedKing kingsideAttack long mate mateIn3 middlegame,https://lichess.org/XUy07kfK/black#62,,True,2,https://lichess.org/training/zi25j
DUOd8,2k5/3Rb3/1pp4p/1r2r1p1/4Pp2/5P1P/5BP1/3R1K2 b - - 1 41,e7c5 d7d8 c8b7 d1d7 b7a6 d8a8,1016,83,95,351,endgame exposedKing long mate mateIn3,https://lichess.org/LA7zpTSB/black#82,,True,2,https://lichess.org/training/DUOd8
uHAHq,7k/p7/3p2p1/4b1q1/7p/5RN1/P1P3K1/5R2 b - - 3 35,e5g3 f3f8 h8g7 f1f7 g7h6 f8h8,1017,107,100,51,endgame exposedKing long mate mateIn3,https://lichess.org/YHSxKwxm/black#70,,True,2,https://lichess.org/training/uHAHq
rHXnV,6k1/7R/4r1p1/1pp5/p4P2/P4PK1/1P1r4/7R b - - 3 37,d2b2 h7h8 g8f7 h1h7 f7f6 h8f8,1018,78,85,57,endgame exposedKing long mate mateIn3 rookEndgame,https://lichess.org/6tl8jjd0/black#74,,True,2,https://lichess.org/training/rHXnV
69XWF,r5r1/ppp2k2/8/5RP1/3p2nP/1P6/P2q2P1/4R1K1 b - - 0 31,g4f6 f5f6 f7g7 e1e7 g7h8 f6h6,1018,89,92,2095,endgame exposedKing long mate mateIn3,https://lichess.org/TQgbYLdt/black#62,,True,2,https://lichess.org/training/69XWF
a7M0F,8/3r2k1/8/7Q/3r1pPP/5PK1/8/8 w - - 0 71,g3f2 d4d2 f2g1 d2d1 g1g2 d7d2 g2h3 d1h1,1019,95,92,1114,endgame mate mateIn4 queenRookEndgame veryLong,https://lichess.org/Ltirgcod#141,,True,2,https://lichess.org/training/a7M0F
P9fd7,8/6k1/R6R/2p1p3/2P1P3/5P1K/1r4rP/8 w - - 1 39,h6e6 g2h2 h3g4 b2g2 g4f5 h2h5,1019,80,76,80,endgame exposedKing long mate mateIn3 rookEndgame,https://lichess.org/UfCrvkCq#77,,True,2,https://lichess.org/training/P9fd7
cIMeh,5rk1/p5b1/1p2q3/1Pp5/2Np2R1/1P1P2P1/P4r2/4R1K1 w - - 0 37,e1e6 f2f1 g1h2 f8f2 h2h3 f1h1,1020,82,100,210,endgame exposedKing long mate mateIn3,https://lichess.org/eoAhvqnE#73,,True,2,https://lichess.org/training/cIMeh
4prVK,5k2/5R2/p5p1/4p1qp/4P3/3b4/5RP1/6K1 b - - 0 35,f8g8 f7f8 g8h7 f2f7 h7h6 f8h8,1020,77,100,108,endgame exposedKing long mate mateIn3,https://lichess.org/1jVjDB1J/black#70,,True,2,https://lichess.org/training/4prVK
P0N7f,8/1R6/5p1p/4pk2/p7/5R1P/r3nPK1/8 b - - 3 34,f5g5 b7g7 g5h5 f3f5 h5h4 g7g4,1020,88,96,111,endgame long mate mateIn3,https://lichess.org/Ju8vU6vE/black#68,,True,2,https://lichess.org/training/P0N7f
Km1kR,1r6/2p4R/p2pknp1/2p1p1Q1/2P1P3/P1PP1P2/1r6/2K5 w - - 1 33,g5g6 b2b1 c1d2 b8b2 d2e3 b1e1,1020,93,93,1008,endgame exposedKing long mate mateIn3 queensideAttack,https://lichess.org/4ZUZNP1y#65,,True,2,https://lichess.org/training/Km1kR
mG6mN,3r4/3r2kp/R4p2/P3pR2/1Pp1P3/2P2P2/2K3PP/8 w - - 1 30,f5f6 d7d2 c2b1 d2d1 b1b2 d8d2 b2a3 d1a1,1020,86,84,118,endgame mate mateIn4 rookEndgame veryLong,https://lichess.org/4uD9flUc#59,,True,2,https://lichess.org/training/mG6mN
Ng4Wq,3k4/4Rp2/ppbp1p2/5Prp/8/2rB4/P1P2K1P/4R3 b - - 1 24,c6d5 e7e8 d8c7 e1e7 c7c6 e8c8,1020,79,93,256,endgame exposedKing long mate mateIn3,https://lichess.org/rx55ELb4/black#48,,True,2,https://lichess.org/training/Ng4Wq
Cf6E0,5bk1/pp2Bp2/4p1Q1/3pP3/1P1P2P1/1qr5/5R2/5RK1 b - - 0 29,f7g6 f2f8 g8h7 f1f7 h7h6 f8h8,1021,75,96,971,endgame exposedKing long mate mateIn3,https://lichess.org/LKa3Ei76/black#58,,True,2,https://lichess.org/training/Cf6E0
iEH1p,2r5/1pr3p1/4p3/p2pP2p/Pb1P1R1P/1P1K2P1/2p1N1k1/6R1 b - - 3 36,g2h2 f4f2 h2h3 g1h1 h3g4 f2f4,1021,121,43,18,endgame long master mate mateIn3,https://lichess.org/edzUUEw5/black#72,,True,2,https://lichess.org/training/iEH1p
v0xS5,5rk1/5p2/4p1Q1/1p1pP1bp/2qP4/6P1/5R1P/5RK1 b - - 0 28,f7g6 f2f8 g8h7 f1f7 h7h6 f8h8,1023,83,74,77,endgame exposedKing long mate mateIn3,https://lichess.org/PaKI4nBP/black#56,,True,2,https://lichess.org/training/v0xS5
c0hqh,4r1k1/7R/1p4p1/3pP3/1P1pb1PR/P6K/6r1/8 b - - 8 39,d4d3 h7h8 g8f7 h4h7 f7e6 h8e8,1023,79,97,3982,deflection endgame exposedKing long mate mateIn3,https://lichess.org/AGce3kQ1/black#78,,True,2,https://lichess.org/training/c0hqh
gQCYL,6k1/p7/2p3p1/3p1nq1/7p/1P3R1B/P6K/5R2 b - - 1 40,f5d4 f3f8 g8h7 f1f7 h7h6 f8h8,1024,76,99,629,endgame exposedKing long mate mateIn3,https://lichess.org/71vjb3nl/black#80,,True,2,https://lichess.org/training/gQCYL
YrhSO,r5k1/1p3ppp/8/1Np5/4P3/1P1R1P2/r7/1K5R w - - 2 25,h1h5 a2a1 b1c2 a8a2 c2c3 a1c1,1024,75,100,284,endgame exposedKing long mate mateIn3,https://lichess.org/9y1m9h6e#49,,True,2,https://lichess.org/training/YrhSO
8CqSe,1k6/2R5/1p3pr1/pP1p4/1q4p1/6Pp/2R4P/2K1N3 b - - 11 45,b4b5 c7c8 b8a7 c2c7 a7a6 c8a8,1024,80,89,165,endgame exposedKing long mate mateIn3,https://lichess.org/RwdYZYI6/black#90,,True,2,https://lichess.org/training/8CqSe
oCbUM,6k1/1Rp2pbp/3p4/2rPpR2/2P1P3/4r1P1/7P/6K1 b - - 1 31,c5c4 b7b8 g7f8 f5g5 g8h8 b8f8,1025,96,96,802,deflection endgame long mate mateIn3,https://lichess.org/Lmmygnjd/black#62,,True,2,https://lichess.org/training/oCbUM
aRXMx,3r3k/2p5/5p1p/p7/3bR1P1/1P6/P2RK3/6q1 b - - 7 48,d4c3 d2d8 h8g7 e4e7 g7g6 d8g8,1025,88,91,246,endgame exposedKing hangingPiece long mate mateIn3,https://lichess.org/QCMZPIub/black#96,,True,2,https://lichess.org/training/aRXMx
qbaWG,4k3/p4p2/2p1pRNr/3p4/3P2p1/2P5/Pq4P1/5RK1 b - - 0 27,f7g6 f6f8 e8d7 f1f7 d7d6 f8d8,1025,82,87,105,endgame exposedKing long mate mateIn3 queenRookEndgame,https://lichess.org/pjBFHnPV/black#54,,True,2,https://lichess.org/training/qbaWG
s754U,6rk/7p/8/P3p3/8/3R1P2/1P4rP/R4K2 w - - 0 35,a1a2 g2g1 f1f2 g8g2 f2e3 g1e1,1025,94,95,1042,endgame exposedKing long mate mateIn3 rookEndgame,https://lichess.org/hztkkVLV#69,,True,2,https://lichess.org/training/s754U
JVLEQ,5r1k/1pp3p1/1p5p/3Pp3/4P1qP/P1N3P1/1P2Qr2/6KR w - - 0 36,e2g4 f2f1 g1h2 f8f2 h2h3 f1h1,1026,77,90,288,deflection endgame exposedKing long mate mateIn3,https://lichess.org/sM9qMHGg#71,,True,2,https://lichess.org/training/JVLEQ
aqomC,5r2/p3k1pp/8/1b1p4/3Rp1BP/4P1P1/5r2/1R4K1 w - - 0 31,b1b5 f2f1 g1h2 f8f2 h2h3 f1h1,1027,101,63,41,endgame exposedKing long mate mateIn3,https://lichess.org/qnFO93ik#61,,True,2,https://lichess.org/training/aqomC
kvQ40,6k1/8/2r1Rpp1/p7/1r3P2/2N5/6PP/4R1K1 b - - 0 36,c6c3 e6e8 g8g7 e1e7 g7h6 e8h8,1027,77,99,817,endgame exposedKing long mate mateIn3 rookEndgame,https://lichess.org/omeg5snj/black#72,,True,2,https://lichess.org/training/kvQ40
TveVQ,2r3k1/8/4pRp1/p2p3p/1p1P3P/1P4P1/1r6/5R1K b - - 1 33,c8c2 f6f8 g8h7 f1f7 h7h6 f8h8,1027,86,100,383,endgame exposedKing long mate mateIn3 rookEndgame,https://lichess.org/MNpAmJAh/black#66,,True,2,https://lichess.org/training/TveVQ
viTOx,5rk1/1p3R2/p2p2p1/3P2Qp/P7/1r2q2P/6P1/5R1K b - - 0 32,e3g5 f7f8 g8h7 f1f7 h7h6 f8h8,1028,84,96,1932,endgame exposedKing long mate mateIn3 queenRookEndgame,https://lichess.org/qQysifc7/black#64,,True,2,https://lichess.org/training/viTOx
biBg0,r5k1/r5p1/4p2p/3pP2P/1p1P4/1P2P1R1/2Q3P1/1K6 w - - 1 35,c2g6 a7a1 b1c2 a8a2 c2d3 a1d1,1029,81,85,118,endgame exposedKing long mate mateIn3 queenRookEndgame,https://lichess.org/6B9qckqp#69,,True,2,https://lichess.org/training/biBg0
KKBiX,5rk1/pp3r2/2p1Q3/6p1/3P2q1/2P3P1/PP6/6K1 w - - 0 35,e6g4 f7f1 g1h2 f8f2 h2h3 f1h1,1029,76,99,1068,endgame exposedKing long mate mateIn3 queenRookEndgame,https://lichess.org/fj1LjgUb#69,,True,2,https://lichess.org/training/KKBiX
dlijm,6k1/Npp5/4Pb1p/2PP1Kr1/8/Pr6/7P/4R3 w - - 3 40,f5f6 b3f3 f6e7 g5g7 e7e8 f3f8,1029,81,94,616,endgame long mate mateIn3,https://lichess.org/KoMITtkd#79,,True,2,https://lichess.org/training/dlijm
qZbdK,5Q1k/pp4b1/2n3p1/2P1p1q1/1P1p3r/B2P4/P2N1R2/2K2R2 b - - 0 24,g7f8 f2f8 h8g7 f1f7 g7h6 f8h8,1029,80,47,89,exposedKing long mate mateIn3 middlegame,https://lichess.org/zDpiXXBI/black#48,,True,2,https://lichess.org/training/qZbdK
yfn0n,8/4r3/R2pr1k1/2R4p/2P5/5PP1/5K2/8 w - - 1 36,c5d5 e6e2 f2g1 e2e1 g1h2 e7e2 h2h3 e1h1,1030,93,92,530,endgame mate mateIn4 rookEndgame veryLong,https://lichess.org/MCqUTEUm#71,,True,2,https://lichess.org/training/yfn0n
q4Kih,8/8/2Q3p1/2pr4/P4P1P/5kP1/1P1r4/7K w - - 3 56,c6g6 d2d1 h1h2 d5d2 h2h3 d1h1,1030,82,73,65,endgame exposedKing long mate mateIn3 queenRookEndgame,https://lichess.org/jit0aYUK#111,,True,2,https://lichess.org/training/q4Kih
QwSBm,r5k1/5ppp/1R2p3/3pP3/5P2/rbP1R3/2P3PP/1K6 w - - 0 24,c2b3 a3a1 b1c2 a8a2 c2d3 a1d1,1030,93,94,689,endgame exposedKing long master mate mateIn3 rookEndgame,https://lichess.org/QOY5mqc3#47,,True,2,https://lichess.org/training/QwSBm
zAk77,3k4/p3R2R/1p2p3/4P3/P2r4/7K/2r5/8 w - - 3 51,e7a7 c2c3 h3g2 d4d2 g2f1 c3c1,1031,81,95,2040,endgame exposedKing long mate mateIn3 rookEndgame,https://lichess.org/E0Kd8voP#101,,True,2,https://lichess.org/training/zAk77
ASg7u,5r2/1k6/8/p1Q4p/8/P5P1/4Pr2/6K1 w - - 6 39,c5a5 f2f1 g1h2 f8f2 h2h3 f1h1,1031,77,80,362,endgame exposedKing long mate mateIn3 queenRookEndgame,https://lichess.org/6HC8NK8w#77,,True,2,https://lichess.org/training/ASg7u
mSq33,6k1/7R/3p1rp1/pp6/3pP3/q4P2/P5P1/1K5R b - - 6 37,a3c3 h7h8 g8f7 h1h7 f7e6 h8e8,1031,78,88,385,endgame exposedKing long mate mateIn3 queenRookEndgame,https://lichess.org/GOBprwI7/black#74,,True,2,https://lichess.org/training/mSq33
vdllb,2r5/p6p/n3k3/p4R2/P2P4/1P3Q2/1Kr3PP/R7 w - - 3 42,b2b1 c2c1 b1b2 c8c2 b2a3 c1a1,1031,79,95,2382,deflection endgame exposedKing long mate mateIn3,https://lichess.org/L7eVKGkh#83,,True,2,https://lichess.org/training/vdllb
H1XYi,3r2k1/2p2R2/1pb1p1p1/p5r1/2P5/P2B4/2P2R1K/8 b - - 1 29,d8d4 f7f8 g8h7 f2f7 h7h6 f8h8,1032,75,100,254,endgame exposedKing long mate mateIn3,https://lichess.org/T5GZAqgB/black#58,,True,2,https://lichess.org/training/H1XYi
WosRQ,8/p3k3/1p2pp1r/2p3r1/8/2PR2P1/PP4K1/3R4 b - - 1 34,h6g6 d3d7 e7f8 d7d8 f8g7 d1d7 g7h6 d8h8,1032,82,80,153,endgame master mate mateIn4 rookEndgame veryLong,https://lichess.org/12ijsJ97/black#68,,True,2,https://lichess.org/training/WosRQ
fizOH,6k1/3p1R2/4p1p1/p3r2p/B6K/P4R1P/6r1/8 b - - 0 36,d7d5 f7f8 g8h7 f3f7 h7h6 f8h8,1033,77,88,107,endgame exposedKing long mate mateIn3,https://lichess.org/23zkLYAo/black#72,,True,2,https://lichess.org/training/fizOH
8fvKq,8/2k2p1p/b1p3p1/3pPp2/1R6/3N3P/r3rPP1/1R4K1 b - - 0 35,a6d3 b4b7 c7d8 b7b8 d8e7 b1b7 e7e6 b8e8,1034,87,94,245,endgame mate mateIn4 veryLong,https://lichess.org/XeC0mkzt/black#70,,True,2,https://lichess.org/training/8fvKq
Nd1MX,5k2/p7/1p1p2p1/2pPp1qp/2P1PpB1/P4Pr1/1P2K2R/7R b - - 1 40,h5g4 h2h8 f8e7 h1h7 e7f6 h8f8,1034,134,67,42,endgame exposedKing long mate mateIn3 queenRookEndgame,https://lichess.org/g8doGDSH/black#80,,True,2,https://lichess.org/training/Nd1MX
Aqfuh,5rk1/pp4pp/2p1pr2/8/1P1P2QP/P3q1P1/5P2/5RK1 w - - 0 28,f2e3 f6f1 g1h2 f8f2 h2h3 f1h1,1035,90,74,152,endgame exposedKing long mate mateIn3 queenRookEndgame,https://lichess.org/QYRwoaEi#55,,True,2,https://lichess.org/training/Aqfuh
RRD6y,2r3k1/2r5/4p1p1/3pPpB1/1q1P4/R1P1P1R1/6PP/2Q3K1 w - - 0 45,c3b4 c7c1 g1f2 c8c2 f2f3 c1f1,1035,81,88,433,endgame hangingPiece long mate mateIn3,https://lichess.org/RdKxSVgr#89,,True,2,https://lichess.org/training/RRD6y
fYnwd,1r1k4/6R1/R7/3p2pP/2p3P1/2P3K1/P1r5/8 w - - 3 45,a6a7 c2c3 g3f2 b8b2 f2e1 c3c1,1035,91,93,1344,endgame long mate mateIn3 rookEndgame,https://lichess.org/W0t45n5h#89,,True,2,https://lichess.org/training/fYnwd
pbjb5,4r3/kp5R/p1b1r2P/5p2/3R1B2/P2P1PP1/1PP2K2/8 w - - 1 36,h7f7 e6e2 f2g1 e2e1 g1g2 e8e2 g2h3 e1h1,1037,80,71,655,endgame mate mateIn4 veryLong,https://lichess.org/uiOkvroq#71,,True,2,https://lichess.org/training/pbjb5
wd7G3,8/1k6/Rp3p2/1PprpP2/6rp/8/5PP1/R5K1 b - - 1 32,h4h3 a6a7 b7c8 a7a8 c8d7 a1a7 d7d6 a8d8,1037,77,100,137,endgame mate mateIn4 rookEndgame veryLong,https://lichess.org/oJk1x63c/black#64,,True,2,https://lichess.org/training/wd7G3
IMzZR,8/1p6/p7/7P/8/PQ2PPB1/3rk3/2r3K1 w - - 4 43,g1h2 e2f3 g3f2 d2f2 h2h3 c1h1,1037,77,95,135,discoveredAttack endgame exposedKing long mate mateIn3,https://lichess.org/CCq2vOgx#85,,True,2,https://lichess.org/training/IMzZR
TqUkK,7r/1RR4p/8/p3p3/k2bn2B/8/P1P4r/3K4 b - - 7 30,h2h4 c7c4 a4a3 b7b3 a3a2 c4a4,1037,89,89,29,endgame long mate mateIn3,https://lichess.org/MWOEE3kM/black#60,,True,2,https://lichess.org/training/TqUkK
ulGIc,8/8/k7/p4R2/5P2/6r1/r7/4RK2 b - - 1 44,g3h3 e1e6 a6b7 f5f7 b7c8 e6e8,1038,93,95,786,endgame long mate mateIn3 rookEndgame,https://lichess.org/KXHRySid/black#88,,True,2,https://lichess.org/training/ulGIc
DG3gR,8/p7/4R3/1ppB1r1k/3p2R1/P2P1rP1/1PP5/6K1 w - - 5 33,e6e4 f3f1 g1h2 f5f2 h2h3 f1h1,1038,78,86,658,endgame exposedKing long mate mateIn3,https://lichess.org/ooCUlJnX#65,,True,2,https://lichess.org/training/DG3gR
JQo7H,1k6/1p5R/4r3/pP6/P1R3pP/5pP1/r4P2/6K1 w - - 3 39,c4g4 e6e1 g1h2 a2f2 h2h3 e1h1,1039,81,90,461,deflection endgame long mate mateIn3 rookEndgame,https://lichess.org/88wuP20t#77,,True,2,https://lichess.org/training/JQo7H
UOeFO,2r4k/p5pp/2r5/6P1/3PpBQb/4P2P/PP1K4/6R1 w - - 5 28,g4h4 c6c2 d2e1 c2c1 e1f2 c8c2 f2g3 c1g1,1039,79,86,268,deflection endgame mate mateIn4 veryLong,https://lichess.org/HxAdBFWc#55,,True,2,https://lichess.org/training/UOeFO
IBjvu,5kr1/6r1/p3q2p/1p5Q/2pP3P/P1P2p2/1P3P2/4R2K w - - 0 36,e1e6 g7g1 h1h2 g8g2 h2h3 g1h1,1040,81,86,524,endgame exposedKing long mate mateIn3 queenRookEndgame,https://lichess.org/LIkaCeXp#71,,True,2,https://lichess.org/training/IBjvu
iKu93,1r2b2k/1r5P/6pR/p4p2/2pPpP2/2P3QN/P4P2/2K5 w - - 4 34,g3g5 b7b1 c1d2 b8b2 d2e3 b1e1,1041,82,85,84,endgame exposedKing long mate mateIn3 queensideAttack,https://lichess.org/k8LQSccU#67,,True,2,https://lichess.org/training/iKu93
wHWVY,6k1/6p1/pq3B2/1p3P1p/2P1RP2/1P1r3P/P7/2K1R3 b - - 0 28,g7f6 e4e8 g8h7 e1e7 h7h6 e8h8,1041,77,72,91,endgame exposedKing long mate mateIn3 queenRookEndgame,https://lichess.org/Jj0q9PIW/black#56,,True,2,https://lichess.org/training/wHWVY
VrTz8,2R5/pp6/k1B5/7P/2P5/3n2P1/r2r4/1R4K1 b - - 0 45,b7c6 c8c6 a6a5 b1b5 a5a4 c6a6,1041,79,96,4539,endgame exposedKing long mate mateIn3,https://lichess.org/jnlwIN1m/black#90,,True,2,https://lichess.org/training/VrTz8
97OSM,5rk1/1p1B1p2/p1p3Q1/3p2pp/P2P1Rbq/2N1r3/1P4P1/5RK1 b - - 1 25,f7g6 f4f8 g8h7 f1f7 h7h6 f8h8,1041,86,94,6209,exposedKing kingsideAttack long mate mateIn3 middlegame,https://lichess.org/OgICrHVJ/black#50,,True,2,https://lichess.org/training/97OSM
YexsQ,r1b3k1/1pp5/4p1p1/5p2/1n3P2/3P3R/nKP3P1/7R b - - 0 26,b7b6 h3h8 g8f7 h1h7 f7f6 h8f8,1042,116,11,42,endgame exposedKing long mate mateIn3,https://lichess.org/aa9xVh1I/black#52,,True,2,https://lichess.org/training/YexsQ
kwqtv,6k1/5R2/p5p1/1p1pP1Q1/8/8/PPrq2P1/5R1K b - - 0 35,d2g5 f7f8 g8h7 f1f7 h7h6 f8h8,1042,79,100,164,endgame exposedKing long mate mateIn3 queenRookEndgame,https://lichess.org/5zL7oePH/black#70,,True,2,https://lichess.org/training/kwqtv
pulLW,5rk1/p7/2r3p1/5Rq1/2B5/2P3Pp/PP5P/1K3R2 b - - 0 24,c6c4 f5f8 g8h7 f1f7 h7h6 f8h8,1042,87,94,3095,endgame exposedKing long mate mateIn3 queenRookEndgame,https://lichess.org/RIiGIgDJ/black#48,,True,2,https://lichess.org/training/pulLW
OoMO1,5rk1/1b3p2/p3p1Q1/1p4p1/8/P1r3qP/5RP1/5R1K b - - 2 31,f7g6 f2f8 g8h7 f1f7 h7h6 f8h8,1042,88,95,275,endgame exposedKing fork long mate mateIn3,https://lichess.org/Q0tJdccv/black#62,,True,2,https://lichess.org/training/OoMO1
4CJ8s,8/p1k4p/2p1p1p1/2P2pb1/3P4/1RPq4/P4P2/1R4K1 b - - 15 35,d3h3 b3b7 c7d8 b7b8 d8e7 b1b7 e7f6 b8f8,1043,77,99,1101,endgame mate mateIn4 veryLong,https://lichess.org/V8lolcZQ/black#70,,True,2,https://lichess.org/training/4CJ8s
oe3Lp,6k1/R4p2/5Pp1/4p2p/7P/p5r1/r7/2R4K b - - 4 40,g3f3 c1c8 g8h7 a7f7 h7h6 c8h8,1043,81,81,152,deflection endgame long mate mateIn3 rookEndgame,https://lichess.org/af2QbAD7/black#80,,True,2,https://lichess.org/training/oe3Lp
MjZQ8,8/8/2N5/4pk2/r3r2p/4B1PK/4RP2/8 w - - 0 54,g3h4 e4h4 h3g2 a4g4 g2f1 h4h1,1043,84,93,233,endgame long mate mateIn3,https://lichess.org/HlXtuKM6#107,,True,2,https://lichess.org/training/MjZQ8
DbIsx,5rk1/ppp2rp1/3p1q1p/3Pp3/1PP3QP/4n1P1/P4P2/3R1RK1 w - - 0 22,f2e3 f6f1 d1f1 f7f1 g1h2 f8f2 h2h3 f1h1,1044,82,90,516,endgame exposedKing kingsideAttack mate mateIn4 veryLong,https://lichess.org/JdNnbCv8#43,,True,2,https://lichess.org/training/DbIsx
vwXs4,8/4Rk2/p5r1/1p5p/7B/1Pn3PP/P1q2PK1/4R3 b - - 3 41,f7f8 e7e8 f8g7 e1e7 g7h6 e8h8,1044,77,98,3955,endgame exposedKing long mate mateIn3,https://lichess.org/JnsXbQvW/black#82,,True,2,https://lichess.org/training/vwXs4
JN2Kt,5rk1/p5pp/8/1p2pr2/4R1Q1/1P1P2P1/P7/4Rq1K w - - 2 29,e1f1 f5f1 h1g2 f8f2 g2h3 f1h1,1044,79,86,155,endgame exposedKing long mate mateIn3 queenRookEndgame,https://lichess.org/YxB8Bp8w#57,,True,2,https://lichess.org/training/JN2Kt
8k0eU,6rk/1p4rp/2p5/4R1RN/3P4/P4p2/3Q1Pq1/6K1 w - - 3 36,g5g2 g7g2 g1h1 g2g1 h1h2 g8g2 h2h3 g1h1,1044,92,91,2002,endgame mate mateIn4 veryLong,https://lichess.org/aNi8qLZD#71,,True,2,https://lichess.org/training/8k0eU
7lfv6,r3r3/2p2p1p/pp3qp1/1k2p3/8/2R2PB1/P1P3PP/1R4K1 b - - 3 26,b5a4 c3c4 a4a3 b1b3 a3a2 c4a4,1045,84,93,1319,endgame long mate mateIn3,https://lichess.org/eodi3rGL/black#52,,True,2,https://lichess.org/training/7lfv6
BfwlW,6k1/2p1n2R/3p2p1/1b1Pp1P1/1rB1P3/1P2qP2/2K5/7R b - - 0 28,e3g5 h7h8 g8f7 h1h7 f7f6 h8f8,1045,76,90,485,exposedKing long mate mateIn3 middlegame,https://lichess.org/md7KvqSX/black#56,,True,2,https://lichess.org/training/BfwlW
wOAwp,4r1k1/ppp5/3p2pR/3P4/3P2q1/2K5/PP1B2P1/7R b - - 4 28,e8e2 h6h8 g8f7 h1h7 f7f6 h8f8,1045,78,89,359,endgame exposedKing long mate mateIn3,https://lichess.org/iYLwCozx/black#56,,True,2,https://lichess.org/training/wOAwp
EKKCt,8/1rk5/1p5p/3R2p1/R2p2r1/8/2P2P1P/5K2 b - - 1 32,g4h4 a4c4 c7b8 d5d8 b8a7 c4a4,1045,76,100,734,endgame long mate mateIn3 rookEndgame,https://lichess.org/V1iTFCRX/black#64,,True,2,https://lichess.org/training/EKKCt
69JrI,5r1k/2p3p1/3p3n/1Pb1p2Q/2NpP2P/3P1rq1/2P2P2/R1B2RK1 w - - 0 30,f2g3 f3f1 g1h2 f8f2 h2h3 f1h1,1046,76,100,250,exposedKing kingsideAttack long mate mateIn3 middlegame,https://lichess.org/vm0qStnb#59,,True,2,https://lichess.org/training/69JrI
vkUHD,5rk1/6p1/pR1b2p1/1p1R2N1/6P1/6P1/5r2/6K1 w - - 0 37,d5d6 f2f1 g1h2 f8f2 h2h3 f1h1,1046,81,68,79,endgame exposedKing long mate mateIn3,https://lichess.org/CD5KgJID#73,,True,2,https://lichess.org/training/vkUHD
7Dwvy,6k1/1pR5/p2p2pp/3P1p2/1r1PpP2/8/PP1r2PP/2R3K1 b - - 12 33,b4d4 c7c8 g8f7 c1c7 f7f6 c8f8,1046,82,89,72,endgame exposedKing long mate mateIn3 rookEndgame,https://lichess.org/4JMK6TEb/black#66,,True,2,https://lichess.org/training/7Dwvy
Cmkvp,8/1p4k1/6pb/p2rPp2/4bP1R/P1K4R/1P6/8 b - - 1 36,h6f4 h4h7 g7g8 h7h8 g8f7 h3h7 f7e6 h8e8,1046,81,89,741,endgame mate mateIn4 veryLong,https://lichess.org/haqirbYl/black#72,,True,2,https://lichess.org/training/Cmkvp
ceo2G,6k1/p4R2/1p4p1/3n4/2PQ3P/8/PPqr4/K4R2 b - - 0 34,d2d4 f7f8 g8h7 f1f7 h7h6 f8h8,1047,77,84,201,endgame exposedKing long mate mateIn3,https://lichess.org/K47u0UXh/black#68,,True,2,https://lichess.org/training/ceo2G
tD3Ls,5rk1/p3p3/1p2P1q1/2pP2Pp/2P1Q3/5RK1/P7/5R2 b - - 0 40,g6e4 f3f8 g8h7 f1f7 h7g6 f8g8,1047,75,98,2322,endgame exposedKing long mate mateIn3 queenRookEndgame,https://lichess.org/TgX1SelB/black#80,,True,2,https://lichess.org/training/tD3Ls
cgxU8,2k5/pp6/1rp1p3/1r3p2/2nP4/2B4R/P1P2P2/K6R b - - 2 37,c4a3 h3h8 c8c7 h1h7 c7d6 h8d8,1048,84,93,251,endgame long mate mateIn3,https://lichess.org/amPvf6uT/black#74,,True,2,https://lichess.org/training/cgxU8
EbUQ9,5rk1/pp4bp/1q4p1/3Rp2P/P1N3Q1/1P4P1/2P2r2/5RK1 w - - 0 29,c4b6 f2f1 g1h2 f8f2 h2h3 f1h1,1048,76,100,728,exposedKing long mate mateIn3 middlegame,https://lichess.org/KAJEL4Bg#57,,True,2,https://lichess.org/training/EbUQ9
72vbb,5k2/5R2/2r1p3/p1p1r2p/2Pp4/1P6/P5PP/5RK1 b - - 0 30,f8e8 f7f8 e8d7 f1f7 d7d6 f8d8,1049,81,73,55,endgame exposedKing long mate mateIn3 rookEndgame,https://lichess.org/nv17nRmf/black#60,,True,2,https://lichess.org/training/72vbb
39qAZ,5r1k/4R2P/4p1B1/p2p3P/Pp4n1/4P3/1RP2r2/4K3 w - - 3 35,e7e6 f2f1 e1e2 f8f2 e2d3 f1d1,1049,115,86,23,endgame exposedKing long mate mateIn3,https://lichess.org/0Gz39y7O#69,,True,2,https://lichess.org/training/39qAZ
9WMnF,8/p4kp1/1p4p1/8/2P1R2R/1P3P1P/r6r/6K1 b - - 5 37,h2b2 h4f4 f7g8 e4e8 g8h7 f4h4,1049,84,93,533,endgame long mate mateIn3 rookEndgame,https://lichess.org/TQ2thchw/black#74,,True,2,https://lichess.org/training/9WMnF
w2pB8,6k1/6pp/1p2p3/1r1b3P/2NRpP2/2P3P1/r4P2/2KR4 b - - 5 36,d5c4 d4d8 g8f7 d1d7 f7f6 d8f8,1050,137,47,20,endgame long mate mateIn3,https://lichess.org/ooTCpN3B/black#72,,True,2,https://lichess.org/training/w2pB8
N9vmL,2k2b2/p1q2R1p/Ppp1p3/4P3/1P6/2r4P/2P5/5R1K b - - 0 25,c7e5 f7f8 c8d7 f1f7 d7d6 f8d8,1050,77,96,551,endgame exposedKing hangingPiece long mate mateIn3,https://lichess.org/jNlFnBK1/black#50,,True,2,https://lichess.org/training/N9vmL
pSV18,8/1k1R3p/6p1/2KR4/p1P5/7P/1r3r2/8 b - - 3 40,b7c8 d7d8 c8b7 d5d7 b7a6 d8a8,1050,77,95,151,endgame exposedKing long mate mateIn3 rookEndgame,https://lichess.org/YXBILTVQ/black#80,,True,2,https://lichess.org/training/pSV18
5mUUe,2R3R1/4rp1k/3K4/5rp1/7p/8/8/8 b - - 7 57,e7a7 g8h8 h7g6 c8g8 g6f6 h8h6,1050,80,92,1712,endgame exposedKing long mate mateIn3 rookEndgame,https://lichess.org/wwWAytEI/black#114,,True,2,https://lichess.org/training/5mUUe
mOUPc,5r2/3p2p1/2bRnrk1/4Q2p/P3P2P/1P4PB/2P5/6K1 w - - 5 34,h3e6 f6f1 g1h2 f8f2 h2h3 f1h1,1050,88,94,2178,endgame exposedKing long mate mateIn3,https://lichess.org/Q9tlq0zS#67,,True,2,https://lichess.org/training/mOUPc
pV4Ud,5r1k/6p1/7p/3Pp3/3b2Q1/1R4PP/5r2/7K w - - 5 40,h3h4 f2f1 h1h2 f8f2 h2h3 f1h1,1051,77,100,457,endgame exposedKing long mate mateIn3,https://lichess.org/rUyyqgBv#79,,True,2,https://lichess.org/training/pV4Ud
dknz2,1r4k1/2p3p1/3p3p/p1pP1PN1/2P5/K1q1r3/PP4QR/5R2 w - - 0 30,b2c3 e3c3 a3a4 b8b4 a4a5 c3a3,1051,81,96,736,endgame exposedKing long mate mateIn3,https://lichess.org/H96mUadB#59,,True,2,https://lichess.org/training/dknz2
tUkg8,6k1/5R2/6p1/1Pp4p/2q4P/6P1/5RK1/8 b - - 0 39,c4b5 f7f8 g8h7 f2f7 h7h6 f8h8,1051,90,74,55,endgame exposedKing long master masterVsMaster mate mateIn3 queenRookEndgame,https://lichess.org/ploX1m7u/black#78,,True,2,https://lichess.org/training/tUkg8
wwRAf,7r/pp2kp2/8/2p1p3/1P2P3/P2P1RPr/R1P5/6K1 w - - 1 24,b4c5 h3h1 g1f2 h8h2 f2e3 h1e1,1052,78,94,186,endgame exposedKing long mate mateIn3 rookEndgame,https://lichess.org/GdIxb4WO#47,,True,2,https://lichess.org/training/wwRAf
14xmy,5r1k/6pp/6p1/2R2r2/3P2QP/P3q1P1/1P3P2/5RK1 w - - 0 35,f2e3 f5f1 g1h2 f8f2 h2h3 f1h1,1052,76,84,152,endgame exposedKing long mate mateIn3 queenRookEndgame,https://lichess.org/k77QCZwP#69,,True,2,https://lichess.org/training/14xmy
xeBvm,6Q1/p1r5/1p5p/6p1/3Bk1P1/7P/P1r5/6K1 w - - 1 41,d4f6 c2c1 g1f2 c7c2 f2g3 c1g1,1052,85,92,3372,endgame exposedKing long mate mateIn3,https://lichess.org/gfF1viIP#81,,True,2,https://lichess.org/training/xeBvm
H1A6e,5r2/8/p7/7P/6R1/2Bk1rP1/PP6/6K1 w - - 1 41,h5h6 f3f1 g1h2 f8f2 h2h3 f1h1,1052,89,95,3929,endgame exposedKing long mate mateIn3,https://lichess.org/3QRAq3Gs#81,,True,2,https://lichess.org/training/H1A6e
lYCDO,1r5k/8/7p/p3p1p1/2P1B3/R2P1PPP/1r6/6K1 w - - 1 38,a3a5 b2b1 g1f2 b8b2 f2e3 b1e1,1053,79,87,117,endgame exposedKing long mate mateIn3,https://lichess.org/gFoZt1e1#75,,True,2,https://lichess.org/training/lYCDO
BlGhp,2R5/6kp/4p3/3p1pP1/1R1PBP2/6K1/r6r/8 b - - 0 34,d5e4 b4b7 g7g6 c8g8 g6h5 b7h7,1053,79,93,322,deflection endgame interference long mate mateIn3 rookEndgame,https://lichess.org/FgapGxRl/black#68,,True,2,https://lichess.org/training/BlGhp
QyMwL,1r5r/5k2/p2R1p2/4pPb1/8/PP6/1P4KP/3R4 b - - 0 36,b8b3 d6d7 f7g8 d7d8 g8h7 d1d7 h7h6 d8h8,1053,78,84,790,deflection endgame mate mateIn4 veryLong,https://lichess.org/M8Nresyb/black#72,,True,2,https://lichess.org/training/QyMwL
hjrjd,8/pR3Rkp/1p3p2/4p3/4P3/r1r5/2P1K3/8 b - - 0 34,g7g6 f7g7 g6h6 g7h7 h6g5 b7g7 g5f4 h7h4,1053,118,87,66,endgame mate mateIn4 rookEndgame veryLong,https://lichess.org/Mzel88To/black#68,,True,2,https://lichess.org/training/hjrjd
94mn3,1r2r3/5p1k/3R3P/p4b2/3B4/2p5/2P5/K4R2 w - - 0 38,f1f5 e8e1 a1a2 b8b2 a2a3 e1a1,1053,78,100,155,endgame exposedKing long mate mateIn3,https://lichess.org/1oF9QMIs#75,,True,2,https://lichess.org/training/94mn3
F7wqj,4r3/1p6/2pQ3p/p2p2k1/P5p1/6R1/1PP1r2P/5K2 w - - 4 33,g3d3 e2e1 f1g2 e8e2 g2g3 e1g1,1053,83,86,729,endgame exposedKing long mate mateIn3 queenRookEndgame,https://lichess.org/hsYZOUHl#65,,True,2,https://lichess.org/training/F7wqj
EmxAq,4r3/p3r1pp/2Pk4/8/5Pnb/1B5P/1PPP4/R1B2K1R w - - 1 23,h3g4 e7e1 f1g2 e8e2 g2h3 e1h1,1053,77,91,289,deflection exposedKing long mate mateIn3 middlegame,https://lichess.org/PoiFZh6W#45,,True,2,https://lichess.org/training/EmxAq
Y3hph,2r3k1/5pbp/p7/1p3p1R/8/2NRP1P1/Pr4P1/3K4 b - - 5 27,c8c3 d3d8 g7f8 h5g5 g8h8 d8f8,1054,85,93,499,deflection endgame long mate mateIn3,https://lichess.org/7ulRpswR/black#54,,True,2,https://lichess.org/training/Y3hph
UkWng,4rk2/7R/2B5/4rp2/1Pp5/2Pp4/8/1K4R1 w - - 2 48,g1g7 e5e1 b1b2 e8e2 b2a3 e1a1,1054,75,57,77,endgame exposedKing long master mate mateIn3,https://lichess.org/lqkoikAE#95,,True,2,https://lichess.org/training/UkWng
sscDE,5r1k/6p1/5r1p/p3b3/6QP/2P3P1/P7/3R3K w - - 5 34,d1d5 f6f1 h1h2 f8f2 h2h3 f1h1,1054,76,98,496,endgame exposedKing long mate mateIn3,https://lichess.org/7uqzLfVq#67,,True,2,https://lichess.org/training/sscDE
bKapU,8/p6p/3p3k/2pB1R2/2P4P/8/PK3R2/1r2r3 w - - 1 40,b2a3 e1e3 a3a4 b1b4 a4a5 e3a3,1054,91,94,1479,endgame exposedKing long mate mateIn3,https://lichess.org/VsSjuJTP#79,,True,2,https://lichess.org/training/bKapU
zV356,8/5r2/2P2r1k/8/6p1/2RR1BP1/8/6K1 w - - 0 41,f3g4 f6f1 g1h2 f7f2 h2h3 f1h1,1054,110,82,41,endgame exposedKing long mate mateIn3,https://lichess.org/Yw7sexNn#81,,True,2,https://lichess.org/training/zV356
aFnA9,6k1/p2R2pp/1p2p3/5p2/1P2bP1N/4P2P/r1r5/3R2K1 b - - 5 33,c2h2 d7d8 g8f7 d1d7 f7f6 d8f8,1055,77,100,190,endgame long mate mateIn3,https://lichess.org/8x73pDqB/black#66,,True,2,https://lichess.org/training/aFnA9
oVqfi,5kr1/1p6/p2PRp2/P4P1p/7P/4R3/7K/3r4 b - - 6 37,g8g4 e6e8 f8g7 e3e7 g7h6 e8h8,1056,81,96,21718,endgame exposedKing long mate mateIn3 rookEndgame,https://lichess.org/CEFSkfJy/black#74,,True,2,https://lichess.org/training/oVqfi
IHl88,1R6/1pK3pk/8/1r5p/5P2/2r2P2/6P1/7R w - - 12 43,c7d8 b5d5 d8e8 c3e3 e8f8 d5f5,1056,102,89,28,endgame long mate mateIn3 rookEndgame,https://lichess.org/yPu2xMUy#85,,True,2,https://lichess.org/training/IHl88
xN6kS,k6r/8/P3p3/1PB2p2/2pP1Qp1/6P1/7r/4R1K1 w - - 1 38,e1e6 h2h1 g1f2 h8h2 f2e3 h1e1,1056,78,98,1507,endgame exposedKing long mate mateIn3,https://lichess.org/AzrOU5uX#75,,True,2,https://lichess.org/training/xN6kS
ZBIke,5r2/pp6/5bQP/2pkr3/8/6P1/PPB3P1/7K w - - 0 36,g3g4 e5e1 h1h2 f6e5 g2g3 f8f2 h2h3 e1h1,1056,77,99,1132,clearance endgame mate mateIn4 veryLong,https://lichess.org/SA2nGtq3#71,,True,2,https://lichess.org/training/ZBIke
X6qjw,6k1/8/1p1p1Rp1/1r1Pr3/2p1P2P/5R2/5P2/6K1 b - - 0 36,e5e4 f6f8 g8h7 f3f7 h7h6 f8h8,1056,75,98,3157,endgame exposedKing long mate mateIn3 rookEndgame,https://lichess.org/FZTLvaPW/black#72,,True,2,https://lichess.org/training/X6qjw
kxBup,5RR1/p3r3/1p4kp/2pp4/8/2PK1P2/5r2/8 b - - 5 50,g6h5 f8f5 h5h4 g8g4 h4h3 f5h5,1057,78,89,69,endgame long mate mateIn3 rookEndgame,https://lichess.org/5g0bB47x/black#100,,True,2,https://lichess.org/training/kxBup
eBaDY,8/2kR1p2/4r3/p1K4p/1r4pN/6P1/1b4P1/3R4 b - - 1 38,c7c8 d7d8 c8b7 d1d7 b7a6 d8a8,1057,82,95,3898,endgame exposedKing long mate mateIn3,https://lichess.org/edb2guOD/black#76,,True,2,https://lichess.org/training/eBaDY
vSqDf,5k2/7R/6Rp/r7/1r6/6K1/8/8 w - - 7 45,g6h6 a5a3 g3f2 b4b2 f2e1 a3a1,1058,82,95,3695,endgame exposedKing long mate mateIn3 rookEndgame,https://lichess.org/74FCXAvV#89,,True,2,https://lichess.org/training/vSqDf
oePAt,4r2k/5R2/1q4p1/2p1Q3/7P/2P3P1/rP4P1/5RK1 b - - 0 28,e8e5 f7f8 h8g7 f1f7 g7h6 f8h8,1059,86,88,51,endgame exposedKing long mate mateIn3 queenRookEndgame,https://lichess.org/UBnDOfBD/black#56,,True,2,https://lichess.org/training/oePAt
Oxko4,k2br3/1R5R/p1K1P3/1p3P2/8/r1p5/7P/8 b - - 1 42,c3c2 b7a7 a8b8 h7b7 b8c8 a7a8,1060,79,89,657,endgame exposedKing long master mate mateIn3,https://lichess.org/HOwQmHq6/black#84,,True,2,https://lichess.org/training/Oxko4
rL0nC,r1b5/2p2Rk1/p2p4/1p1Pp1qr/1P4p1/2P4P/P1B4N/5R1K b - - 1 28,g7g8 f7f8 g8g7 f1f7 g7h6 f8h8,1060,79,83,86,exposedKing kingsideAttack long mate mateIn3 middlegame,https://lichess.org/nJKHADgI/black#56,,True,2,https://lichess.org/training/rL0nC
FNrHU,4r1k1/1p6/1p1pP1p1/1p4qp/2n1PR2/r1P4P/P3Q1P1/5RK1 b - - 0 28,e8e6 f4f8 g8h7 f1f7 h7h6 f8h8,1061,79,87,250,exposedKing kingsideAttack long mate mateIn3 middlegame,https://lichess.org/oaY5FxJD/black#56,,True,2,https://lichess.org/training/FNrHU
e4ZmF,6rk/1p3br1/p2p3p/3P4/1PQ1Rp2/P1R2P1q/6PP/5K2 w - - 0 39,g2h3 g7g1 f1e2 g8g2 e2d3 g1d1,1062,84,76,104,endgame exposedKing long mate mateIn3,https://lichess.org/0zqrGZgL#77,,True,2,https://lichess.org/training/e4ZmF
IoUWT,2k5/5Q2/4pB2/2PpPp2/2pP3P/2P3r1/1K4r1/8 w - - 19 49,b2a3 g3c3 a3a4 g2a2 a4b5 c3b3 b5c6 a2a6,1062,79,93,304,endgame exposedKing mate mateIn4 veryLong,https://lichess.org/n1qtmeMV#97,,True,3,https://lichess.org/training/IoUWT
bLUmC,3rr3/p5R1/5R2/7p/3n2k1/1P6/P1P2P1P/2K5 b - - 1 32,g4h4 f6f4 h4h3 g7g3 h3h2 f4h4,1062,74,98,4442,endgame long mate mateIn3,https://lichess.org/U5dpv6Pl/black#64,,True,2,https://lichess.org/training/bLUmC
lkFrK,5rk1/5p2/2p1p1Q1/1p1qP2p/3P3P/2r5/5RP1/5RK1 b - - 0 28,f7g6 f2f8 g8h7 f1f7 h7h6 f8h8,1062,155,54,13,endgame exposedKing long mate mateIn3 queenRookEndgame,https://lichess.org/eBdjlXKj/black#56,,True,2,https://lichess.org/training/lkFrK
80wpw,5rkr/5p2/6Q1/3pP1pp/3P2P1/2P2R1K/PP2q3/5R2 b - - 1 38,f7g6 f3f8 g8h7 f1f7 h7h6 f8h8,1062,75,96,309,deflection endgame exposedKing long mate mateIn3 queenRookEndgame,https://lichess.org/WkfxC12E/black#76,,True,2,https://lichess.org/training/80wpw
25nl9,4r2k/1R4p1/7p/6r1/3B4/2P3P1/6R1/6K1 w - - 5 37,g1f2 g5f5 f2g1 e8e1 g1h2 f5h5,1064,75,100,371,endgame long mate mateIn3,https://lichess.org/MYhQFiys#73,,True,2,https://lichess.org/training/25nl9
v4pY9,5r2/p1p4k/2pp2p1/4pN1r/4P1K1/3P3P/PPP5/R6R w - - 2 27,f5e7 f8f4 g4g3 h5g5 g3h2 f4f2,1064,93,94,2134,endgame long mate mateIn3,https://lichess.org/YbSbY0gv#53,,True,2,https://lichess.org/training/v4pY9
4PrxF,4r1k1/5p2/2p4p/P1P5/1P3rpP/5P2/5K2/1R5R w - - 0 32,h1g1 f4f3 f2g2 e8e2 g2h1 f3h3,1064,77,97,3591,endgame long mate mateIn3 rookEndgame,https://lichess.org/yKf8GQh4#63,,True,2,https://lichess.org/training/4PrxF
9SM1O,6k1/6p1/3p4/2p4p/1p5K/5R1P/PP3RP1/2q4r b - - 2 33,g7g6 f3f8 g8h7 f2f7 h7h6 f8h8,1064,80,87,86,endgame exposedKing long mate mateIn3 queenRookEndgame,https://lichess.org/kYfKS9Ls/black#66,,True,2,https://lichess.org/training/9SM1O
9TSDB,6k1/1R3p2/2R2Kp1/1p6/1P3P2/r5r1/8/8 b - - 1 38,a3f3 c6c8 g8h7 b7f7 h7h6 c8h8,1065,84,95,3311,deflection endgame long mate mateIn3 rookEndgame,https://lichess.org/vXIdcB81/black#76,,True,2,https://lichess.org/training/9TSDB
QDFZA,2r3k1/p2R1pbp/4p3/4P3/2r2P2/2P4P/PP6/2K2R2 b - - 2 26,c8c7 d7d8 g7f8 f1g1 g8h8 d8f8,1066,87,94,635,deflection endgame long mate mateIn3,https://lichess.org/nmuLiRBO/black#52,,True,2,https://lichess.org/training/QDFZA
i786k,4R3/p5pp/pn6/3PRk2/8/P6r/1r6/6K1 b - - 7 36,f5g6 e8e6 g6f7 e5f5 f7g8 e6e8,1066,82,92,1336,endgame exposedKing long mate mateIn3,https://lichess.org/OfFWORis/black#72,,True,2,https://lichess.org/training/i786k
Rg08r,r7/1pR2k1p/8/p2R1p2/3P1P2/5qP1/PP3P2/1K6 b - - 4 35,f7g6 d5d6 g6h5 c7h7 h5g4 d6g6,1066,88,94,550,deflection endgame long mate mateIn3 queenRookEndgame,https://lichess.org/gsSFyUwX/black#70,,True,2,https://lichess.org/training/Rg08r
Y4gwO,4rk2/2P3RR/7P/8/2r5/P2n4/5KP1/8 w - - 2 53,f2g3 e8e3 g3h2 c4h4 h2g1 e3e1,1066,77,100,370,endgame exposedKing long mate mateIn3,https://lichess.org/b6fa5NbO#105,,True,2,https://lichess.org/training/Y4gwO
9D8M9,3r1k2/2p2p2/4pQ2/1p1rP3/5pP1/P4P2/1P3K2/5R2 w - - 9 41,f1h1 d5d2 f2g1 d2d1 g1g2 d8d2 g2h3 d1h1,1067,85,94,440,deflection endgame mate mateIn4 queenRookEndgame veryLong,https://lichess.org/0hrCcx4N#81,,True,2,https://lichess.org/training/9D8M9
KSlXp,7r/1k6/pp2N3/2p1pP2/P7/3P2P1/1PP4r/5RK1 w - - 0 27,f1f3 h2h1 g1f2 h8h2 f2e3 h1e1,1067,97,89,38,endgame exposedKing long mate mateIn3,https://lichess.org/EWcHqLxq#53,,True,2,https://lichess.org/training/KSlXp
7uJcZ,4rn1k/1pR4p/1R6/6p1/P7/1B3p1P/P3r1P1/6K1 w - - 0 31,g2f3 e2e1 g1f2 e8e2 f2g3 e1g1,1067,78,78,127,endgame exposedKing long mate mateIn3,https://lichess.org/I8yTclgV#61,,True,2,https://lichess.org/training/7uJcZ
GCnHD,3k1r2/p7/1pQ3p1/2pP4/4p3/1PB1Pr2/P7/4K3 w - - 6 42,c3e5 f3f1 e1d2 f8f2 d2c3 f1c1,1068,81,84,467,endgame exposedKing long mate mateIn3,https://lichess.org/Dp2VcNMn#83,,True,2,https://lichess.org/training/GCnHD
WJZEk,6k1/8/3p1pp1/p2P3p/Pq5P/1rn2P2/Q1R3P1/K1R5 b - - 3 30,c3a2 c2c8 g8g7 c1c7 g7h6 c8h8,1068,77,100,108,endgame exposedKing long mate mateIn3,https://lichess.org/ycyOIXBD/black#60,,True,2,https://lichess.org/training/WJZEk
kEE15,1k1r2r1/nb5p/1Q6/8/2P5/6N1/5PPP/R5K1 w - - 1 27,a1a7 d8d1 g3f1 g8g2 g1h1 d1f1,1069,75,100,722,deflection endgame long mate mateIn3,https://lichess.org/zuiQzotE#53,,True,2,https://lichess.org/training/kEE15
AC9gs,6k1/8/5pp1/4p3/2R1PnBP/r6P/6r1/2R2K2 b - - 3 45,a3a2 c4c8 g8g7 c1c7 g7h6 c8h8,1069,87,89,521,endgame exposedKing long mate mateIn3,https://lichess.org/QtqyMTEw/black#90,,True,2,https://lichess.org/training/AC9gs
6jVHk,r7/ppk1rp1p/1P2p1p1/8/2pR4/2P5/1PP2PPP/3R2K1 b - - 0 24,a7b6 d4c4 c7b8 d1d8 b8a7 c4a4,1070,77,89,315,endgame long mate mateIn3 rookEndgame,https://lichess.org/kIr5FeIy/black#48,,True,2,https://lichess.org/training/6jVHk
eBVR6,5rk1/pp3p2/6Q1/3P4/3n1R1P/6P1/PP1rq1BK/5R2 b - - 0 29,f7g6 f4f8 g8h7 f1f7 h7h6 f8h8,1070,79,59,109,exposedKing long mate mateIn3 middlegame,https://lichess.org/SQjXLxWF/black#58,,True,2,https://lichess.org/training/eBVR6
RahFp,8/1p2k1rQ/p7/4p3/P4n1R/5R2/1P4rP/5K2 w - - 7 40,h7e4 g2g1 f1f2 g7g2 f2e3 g1e1,1071,81,86,234,endgame exposedKing long mate mateIn3,https://lichess.org/2Ud7P3Ct#79,,True,2,https://lichess.org/training/RahFp
VkKAz,8/3R4/p1p1p1kp/2qpP3/6P1/8/P3n1KP/5R2 b - - 0 31,d5d4 f1f6 g6g5 d7g7 g5h4 f6h6,1071,74,96,6611,deflection endgame long mate mateIn3,https://lichess.org/MHyMPdon/black#62,,True,2,https://lichess.org/training/VkKAz
5Ayi1,6k1/pp3pbp/8/5R2/8/1P6/P1r1rN1P/3R3K b - - 2 33,e2f2 d1d8 g7f8 f5g5 g8h8 d8f8,1071,89,95,1144,deflection endgame long mate mateIn3,https://lichess.org/3ENY4icl/black#66,,True,2,https://lichess.org/training/5Ayi1
gq4kD,5rk1/np3rp1/pN1p4/P1pPp1R1/4P1RP/2P3P1/1P6/6K1 w - - 3 33,b6c4 f7f1 g1h2 f8f2 h2h3 f1h1,1072,130,88,30,endgame exposedKing kingsideAttack long mate mateIn3,https://lichess.org/8UriBM69#65,,True,2,https://lichess.org/training/gq4kD
ABkvz,1rb3k1/7R/2p1p1p1/3Q1rP1/2NP4/P1qBK3/2P2P2/7R b - - 0 31,e6d5 h7h8 g8f7 h1h7 f7e6 h8e8,1072,77,89,399,exposedKing long mate mateIn3 middlegame,https://lichess.org/bFhNixfa/black#62,,True,2,https://lichess.org/training/ABkvz
OqLSr,5rk1/3R3p/R3pppP/8/6PK/3p1r2/8/8 b - - 1 42,f8f7 a6a8 f7f8 d7g7 g8h8 a8f8,1072,90,91,2483,deflection endgame long mate mateIn3 rookEndgame,https://lichess.org/RqDFPA1c/black#84,,True,2,https://lichess.org/training/OqLSr
aLW5n,5r2/pp3rpk/8/3p2BP/6Q1/8/PP4P1/6K1 w - - 1 32,g2g3 f7f1 g1h2 f8f2 h2h3 f1h1,1072,88,67,46,endgame exposedKing long mate mateIn3,https://lichess.org/DnLAH3FW#63,,True,2,https://lichess.org/training/aLW5n
mEJwW,6k1/1p6/p1bRK1pP/2P5/r7/6r1/8/5R2 b - - 1 52,g3g5 d6d8 c6e8 d8e8 g8h7 f1f7 h7h6 e8h8,1072,85,94,1899,endgame exposedKing mate mateIn4 veryLong,https://lichess.org/eM7gWMWQ/black#104,,True,2,https://lichess.org/training/mEJwW
3Yb6Q,6k1/7R/3p1pp1/4n3/4P3/5P2/P3B1K1/q6R b - - 2 32,a1a2 h7h8 g8f7 h1h7 f7e6 h8e8,1073,76,82,161,endgame exposedKing long mate mateIn3,https://lichess.org/241q3sEI/black#64,,True,2,https://lichess.org/training/3Yb6Q
VlOZn,1k3r2/pp6/3p4/5r2/6R1/1P1P2P1/P3R3/6K1 w - - 3 34,e2e4 f5f1 g1h2 f8f2 h2h3 f1h1,1073,86,92,1430,endgame exposedKing long mate mateIn3 rookEndgame,https://lichess.org/lMQcScyQ#67,,True,2,https://lichess.org/training/VlOZn
pCby2,2q3k1/ppp2RR1/3p1P2/8/8/P1P1pr2/1P6/K7 b - - 2 42,g8h8 g7h7 h8g8 f7g7 g8f8 h7h8,1073,79,92,178,endgame exposedKing long mate mateIn3 queenRookEndgame,https://lichess.org/5nE7ARJO/black#84,,True,2,https://lichess.org/training/pCby2
xFN7S,2r5/1b3kp1/6p1/1r1p4/3P3R/5PK1/4R1PP/2B5 b - - 0 41,c8c1 h4f4 f7g8 e2e8 g8h7 f4h4,1073,75,100,229,endgame long mate mateIn3,https://lichess.org/X0N3Cpiw/black#82,,True,2,https://lichess.org/training/xFN7S
bzbD0,7r/p4Rk1/1p4p1/2pp2r1/6b1/3P4/PPP1NR2/4K3 b - - 0 36,g7g8 f7f8 g8h7 f2f7 h7h6 f8h8,1073,86,94,1199,deflection endgame exposedKing long mate mateIn3,https://lichess.org/leG5C2oM/black#72,,True,2,https://lichess.org/training/bzbD0
dFDlL,QQ6/3bk3/4p3/3p3p/2p3r1/6K1/5RP1/3r4 w - - 3 44,g3f3 d1d3 f3e2 g4e4 e2f1 d3d1,1074,99,100,45,endgame exposedKing long mate mateIn3,https://lichess.org/yl6fY0DO#87,,True,2,https://lichess.org/training/dFDlL
G6ddw,2r3k1/p4p2/6bp/3p2P1/3Br1P1/8/PPPR1P2/2K4R w - - 1 24,h1h6 e4e1 d2d1 c8c2 c1b1 e1d1,1074,86,80,265,deflection endgame long mate mateIn3,https://lichess.org/MLYC8VIW#47,,True,2,https://lichess.org/training/G6ddw
eH3Lf,3r4/3r2k1/6Np/R5p1/4p3/2R4P/8/7K w - - 2 41,a5a6 d7d1 h1h2 d8d2 h2g3 d1g1,1074,84,94,189,endgame exposedKing long mate mateIn3,https://lichess.org/M5AFtL9I#81,,True,2,https://lichess.org/training/eH3Lf
5JjPw,5r1k/7p/p7/2p4R/Pp1pP1Q1/3Pq1P1/1PP2r2/4R1K1 w - - 5 35,e1e3 f2f1 g1h2 f8f2 h2h3 f1h1,1074,98,84,45,endgame exposedKing long master mate mateIn3 queenRookEndgame,https://lichess.org/jE5Zj7CG#69,,True,2,https://lichess.org/training/5JjPw
T3ged,6k1/R4p2/p4Pp1/1p5p/1Pp2P1K/r5P1/6r1/3R4 b - - 5 40,g2g3 d1d8 g8h7 a7f7 h7h6 d8h8,1074,108,71,23,deflection endgame long mate mateIn3 rookEndgame,https://lichess.org/DhHiolMw/black#80,,True,2,https://lichess.org/training/T3ged
GVpkX,5r2/1p6/p3Pr1k/2PpB1Rp/P2P3P/4P1P1/8/6K1 w - - 3 41,e6e7 f6f1 g1h2 f8f2 h2h3 f1h1,1075,77,88,260,endgame exposedKing long mate mateIn3,https://lichess.org/qoUAAWUd#81,,True,2,https://lichess.org/training/GVpkX
GZgb7,2k5/pR3p2/2p1p2p/8/3P4/2P3q1/P7/1R5K b - - 1 27,g3c3 b7b8 c8d7 b1b7 d7d6 b8d8,1075,76,100,223,endgame exposedKing long mate mateIn3 queenRookEndgame,https://lichess.org/2Qafyxj3/black#54,,True,2,https://lichess.org/training/GZgb7
8YGbh,1r6/5k2/Rpr5/1R2p2p/2PpP2K/3P1P2/6P1/8 w - - 1 40,h4h5 b8h8 h5g4 c6g6 g4f5 h8h5,1076,80,95,1135,endgame long mate mateIn3 rookEndgame,https://lichess.org/zlVPJwcg#79,,True,2,https://lichess.org/training/8YGbh
N6cb0,r7/6k1/3p2p1/4p3/1p4RP/1P1R1P2/r7/1K6 w - - 0 32,g4b4 a2a1 b1c2 a8a2 c2c3 a1c1,1076,76,96,4374,endgame exposedKing long master mate mateIn3 rookEndgame,https://lichess.org/mblCWuMp#63,,True,2,https://lichess.org/training/N6cb0
rRXtX,3R4/p4ppk/r5r1/4p2K/4P3/5P2/6PP/6R1 w - - 5 36,d8d7 g6h6 h5g4 a6g6 g4f5 h6h5,1076,84,93,1605,endgame long master masterVsMaster mate mateIn3 rookEndgame,https://lichess.org/TfGXPkIu#71,,True,2,https://lichess.org/training/rRXtX
TuCFi,5r2/1pp5/1k1p4/1N1Pp3/4P1Q1/5rP1/PPP5/6K1 w - - 4 35,a2a4 f3f1 g1h2 f8f2 h2h3 f1h1,1076,82,93,4931,endgame exposedKing long mate mateIn3,https://lichess.org/Ml4Y3Wsj#69,,True,2,https://lichess.org/training/TuCFi
1QKok,8/2R2R1p/4rpkP/p3p3/5p2/1n3P2/r5P1/6K1 b - - 4 48,g6h6 f7h7 h6g5 c7g7 g5f5 h7h5,1076,83,95,480,endgame exposedKing long mate mateIn3,https://lichess.org/c1Rb73QC/black#96,,True,2,https://lichess.org/training/1QKok
A4CZ1,7r/p5p1/4R1P1/3p1p1r/2kPPRp1/6P1/8/6K1 w - - 1 49,e4d5 h5h1 g1f2 h8h2 f2e3 h1e1,1077,79,82,122,endgame exposedKing long mate mateIn3 rookEndgame,https://lichess.org/LMldew94#97,,True,2,https://lichess.org/training/A4CZ1
yv8th,1k2r3/1p6/p4R2/P1Rp2Np/1P1P3P/4r1P1/5P2/6K1 w - - 0 37,f2f3 e3e1 g1h2 e8e2 h2h3 e1h1,1078,108,100,24,endgame exposedKing long mate mateIn3,https://lichess.org/5sJjnEel#73,,True,2,https://lichess.org/training/yv8th
NqouX,8/1p2pRk1/3p4/3P2pP/6P1/1P6/7K/r2r1R2 b - - 0 36,g7g8 f7f8 g8h7 f1f7 h7h6 f8h8,1078,76,86,370,endgame exposedKing long mate mateIn3 rookEndgame,https://lichess.org/yzOKYfl0/black#72,,True,2,https://lichess.org/training/NqouX
GTD7T,r2r4/2pk1p2/2p5/8/3p4/1K1P4/2PN1PP1/3R2NR w - - 1 26,g1f3 d8b8 b3c4 a8a4 c4c5 b8b5,1079,80,92,1237,endgame exposedKing long mate mateIn3,https://lichess.org/N0FIbddP#51,,True,2,https://lichess.org/training/GTD7T
bYd3R,8/8/1p1p2k1/pP1P2p1/P1P1P1Pp/1B1r1r1P/3p1p1K/1R3R2 w - - 6 49,b3d1 f3h3 h2g2 d3g3 g2f2 h3h2,1079,87,93,7652,endgame long mate mateIn3,https://lichess.org/mr4GNYCi#97,,True,2,https://lichess.org/training/bYd3R
AjFpQ,8/3R2k1/8/3R1K2/2r2p2/5Pr1/8/8 b - - 5 59,g7f8 d7d8 f8g7 d5d7 g7h6 d8h8,1079,79,83,98,endgame exposedKing long mate mateIn3 rookEndgame,https://lichess.org/bAw7LdX0/black#118,,True,2,https://lichess.org/training/AjFpQ
3Ij7P,5rk1/p6R/1np3P1/1p1p1PQ1/3P2r1/2P5/PP6/2K4R b - - 0 32,g4g5 h7h8 g8g7 h1h7 g7f6 h8f8,1079,81,89,1283,deflection endgame exposedKing long mate mateIn3,https://lichess.org/UhVJZObZ/black#64,,True,2,https://lichess.org/training/3Ij7P
4OY46,r4r1k/5p2/p2pp3/n5R1/Bp2P2P/2qP1N2/P1P1KP2/7R b - - 3 24,f7f6 g5h5 h8g7 h1g1 g7f7 h5h7,1080,78,89,423,exposedKing fork long mate mateIn3 middlegame,https://lichess.org/o1pft3o5/black#48,,True,2,https://lichess.org/training/4OY46
DKdI3,5br1/2kR1p2/1pp3rp/p3pN2/2P1n3/1P4PP/P6B/3R2K1 b - - 1 29,c7b8 d7d8 b8a7 d1d7 a7a6 d8a8,1080,81,88,49,exposedKing long mate mateIn3 middlegame queensideAttack,https://lichess.org/9wAhTZTU/black#58,,True,2,https://lichess.org/training/DKdI3
EMGMa,8/p3R1k1/1p5p/8/P1rr1pP1/8/5P1P/4R1K1 b - - 3 33,g7g6 e1e6 g6g5 e7g7 g5h4 e6h6,1080,79,89,367,deflection endgame long mate mateIn3 rookEndgame,https://lichess.org/MdPMuPb1/black#66,,True,2,https://lichess.org/training/EMGMa
kdIql,3R4/pq2p1k1/1p2P3/5pP1/4n1Q1/P1P5/1P6/5RK1 b - - 0 35,f5g4 f1f7 g7g6 d8g8 g6h5 f7h7,1080,77,95,1102,endgame exposedKing long mate mateIn3,https://lichess.org/cTZdSEU8/black#70,,True,2,https://lichess.org/training/kdIql
7Z0Xa,5r2/kq3r2/B1Qp4/3Pp3/4P1Pp/8/8/7K w - - 0 39,a6b7 f7f1 h1h2 f8f2 h2h3 f1h1,1080,85,91,341,endgame exposedKing long mate mateIn3,https://lichess.org/cUpZ51Y1#77,,True,2,https://lichess.org/training/7Z0Xa
vFAnw,8/1br1r1k1/pR4Rp/1pPp4/8/P1P4P/5PP1/6K1 b - - 0 37,g7f7 b6f6 f7e8 g6g8 e8d7 f6d6,1080,77,91,2340,endgame exposedKing long mate mateIn3,https://lichess.org/0FR4DSs3/black#74,,True,2,https://lichess.org/training/vFAnw
2XnhY,4N3/7r/pP1R1p2/4p3/4P3/2k2PPr/7P/7K w - - 1 45,e8f6 h3h2 h1g1 h2h1 g1f2 h7h2 f2e3 h1e1,1081,76,80,217,endgame mate mateIn4 veryLong,https://lichess.org/2KDpKMz8#89,,True,2,https://lichess.org/training/2XnhY
VsiXa,rk6/5p2/1p2p1n1/1r2Pn2/P1RP4/6P1/1P3P1P/2R3K1 b - - 1 27,b5a5 c4c8 b8a7 c1c7 a7a6 c8a8,1081,78,64,85,deflection endgame exposedKing long mate mateIn3 queensideAttack,https://lichess.org/WKE8us1a/black#54,,True,2,https://lichess.org/training/VsiXa
8wt3B,8/p5k1/2p4R/5p2/1r4rP/1P5K/P1P1RP2/8 w - - 5 37,h6c6 g4h4 h3g2 b4g4 g2f1 h4h1,1081,86,94,2046,endgame long mate mateIn3 rookEndgame,https://lichess.org/LxlD3oL3#73,,True,2,https://lichess.org/training/8wt3B
KTMFU,4r1k1/R1P5/7p/3R2p1/2P1K1P1/1r6/5P2/8 w - - 1 40,e4f5 b3f3 f5g6 e8e6 g6h5 f3h3,1082,92,95,2130,endgame long mate mateIn3 rookEndgame,https://lichess.org/h8WCjatN#79,,True,2,https://lichess.org/training/KTMFU
h9aPD,6k1/pp2q2R/4p1p1/2p1p1N1/2Pn4/1B1K2P1/PP2r3/7R b - - 2 26,e7g5 h7h8 g8f7 h1h7 f7f6 h8f8,1082,77,100,376,endgame exposedKing long master mate mateIn3,https://lichess.org/IlK7qxQN/black#52,,True,2,https://lichess.org/training/h9aPD
Mo8B4,4r1k1/1p4r1/3p1Q2/P2P3P/1P6/5p2/5P2/7K w - - 5 43,h5h6 e8e1 h1h2 g7g2 h2h3 e1h1,1082,85,91,320,endgame exposedKing long mate mateIn3 queenRookEndgame,https://lichess.org/Qea74zWg#85,,True,2,https://lichess.org/training/Mo8B4
3CFvB,8/1R4R1/5pkp/8/8/5P1P/r4r2/7K b - - 0 43,g6h5 b7b5 f6f5 b5f5 h5h4 g7g4 h4h3 f5h5,1082,79,94,3247,endgame mate mateIn4 rookEndgame veryLong,https://lichess.org/0VXkhLr6/black#86,,True,2,https://lichess.org/training/3CFvB
E69pX,2r3k1/1R5p/b3p1p1/8/3p1r2/8/5PBP/R5K1 w - - 0 30,a1a6 c8c1 g2f1 f4g4 g1h1 c1f1,1084,81,88,431,deflection endgame long mate mateIn3,https://lichess.org/SE1wJYw4#59,,True,2,https://lichess.org/training/E69pX
3TFFx,2b2rk1/p3pp2/6Q1/2pPp3/2P4P/8/qr1N1RP1/5RK1 b - - 0 26,f7g6 f2f8 g8h7 f1f7 h7h6 f8h8,1084,77,90,642,exposedKing fork long mate mateIn3 middlegame,https://lichess.org/RL60XQel/black#52,,True,2,https://lichess.org/training/3TFFx
9UbMq,R7/1pr3pk/4Q2p/2r2p2/8/4P1P1/7P/6K1 w - - 3 33,h2h4 c5c1 g1h2 c7c2 h2h3 c1h1,1084,155,81,36,endgame exposedKing long mate mateIn3 queenRookEndgame,https://lichess.org/gfP98dPY#65,,True,2,https://lichess.org/training/9UbMq
U2hmT,3R4/7r/p1r3k1/3p2p1/3B2n1/3P1R2/5P2/6K1 w - - 0 42,d8d5 c6c1 g1g2 h7h2 g2g3 c1g1,1084,79,89,462,endgame long mate mateIn3,https://lichess.org/MnrX7TWy#83,,True,2,https://lichess.org/training/U2hmT
jfdkY,6k1/4Rp2/1R3Pp1/5r1p/7P/3r4/6K1/8 b - - 9 40,d3f3 b6b8 g8h7 e7f7 h7h6 b8h8,1084,78,88,154,deflection endgame long mate mateIn3 rookEndgame,https://lichess.org/QpiJKSHE/black#80,,True,2,https://lichess.org/training/jfdkY
ok1Vi,5k1r/ppQ5/5p2/4bPp1/3rR2p/7P/PPPq1PP1/4R1K1 b - - 0 22,e5c7 e4e8 f8g7 e1e7 g7h6 e8h8,1085,83,94,659,deflection endgame exposedKing fork long mate mateIn3,https://lichess.org/Btmrav7p/black#44,,True,2,https://lichess.org/training/ok1Vi
7DdHM,8/5pp1/1p1k3p/1ppPr3/4r3/PR4P1/1P1R1KP1/8 w - - 6 27,b3b5 e5f5 f2g1 e4e1 g1h2 f5h5,1086,78,94,4018,endgame long mate mateIn3 rookEndgame,https://lichess.org/KYA85P30#53,,True,2,https://lichess.org/training/7DdHM
tCo5S,8/P4p2/5R2/4P3/5P1K/4Bk2/5P2/r5r1 w - - 3 47,h4h5 g1h1 h5g5 a1g1 g5f5 h1h5,1086,79,90,292,endgame long mate mateIn3,https://lichess.org/vxK6GhTI#93,,True,2,https://lichess.org/training/tCo5S
rc8V9,6k1/8/3rp1p1/p1r3P1/P6R/1p1N4/1Pn5/1K5R b - - 3 34,c5g5 h4h8 g8f7 h1h7 f7f6 h8f8,1086,78,89,905,endgame exposedKing long mate mateIn3,https://lichess.org/SeWEhpSo/black#68,,True,2,https://lichess.org/training/rc8V9
OmThi,r1Q3k1/p6p/1p1p2p1/3Pb3/4p1P1/2R1Bp1q/PP3P2/2R3K1 b - - 0 26,a8c8 c3c8 g8f7 c1c7 f7f6 c8f8,1086,82,91,708,endgame long mate mateIn3,https://lichess.org/mOO8mUlv/black#52,,True,2,https://lichess.org/training/OmThi
LrFrZ,r1b3k1/ppp4R/3p2p1/3Pp1N1/6r1/8/PPP3P1/2K4R b - - 5 23,g4g5 h7h8 g8f7 h1h7 f7f6 h8f8,1086,86,93,120,endgame exposedKing long mate mateIn3,https://lichess.org/ABZ3LlOI/black#46,,True,2,https://lichess.org/training/LrFrZ
b9Fr3,4r1k1/R7/8/5p1p/P4p2/1PP3PK/3R3P/6r1 w - - 0 34,g3f4 e8e3 h3h4 g1g4 h4h5 e3h3,1087,77,79,92,endgame exposedKing long mate mateIn3 rookEndgame,https://lichess.org/VerbXPBP#67,,True,2,https://lichess.org/training/b9Fr3
de4DG,3r3k/2R3R1/7P/P3p3/4P3/4r3/3p2PK/8 b - - 1 40,d2d1q g7h7 h8g8 c7g7 g8f8 h7h8,1087,80,89,272,endgame exposedKing long mate mateIn3 queenRookEndgame,https://lichess.org/dYTdoxzk/black#80,,True,2,https://lichess.org/training/de4DG
nZ5BW,r1b5/1p3Rk1/p2pp1p1/2p3r1/4P3/P1NP4/1Pn3P1/5RK1 b - - 1 25,g7g8 f7f8 g8h7 f1f7 h7h6 f8h8,1087,91,89,80,exposedKing kingsideAttack long mate mateIn3 middlegame,https://lichess.org/S2geSk3Y/black#50,,True,2,https://lichess.org/training/nZ5BW
CO1gv,1k6/1R6/2p5/p3Pb2/8/2N5/P1r4r/KR6 b - - 0 35,b8c8 b7b8 c8d7 b1b7 d7e6 b8e8,1087,78,90,775,endgame exposedKing long master masterVsMaster mate mateIn3,https://lichess.org/duVab8I3/black#70,,True,2,https://lichess.org/training/CO1gv
oyC8r,8/4k2p/3Rp1p1/4p1PP/p3P3/P4P2/rr6/2KR4 b - - 5 34,g6h5 d6d7 e7f8 d7d8 f8f7 d1d7 f7g6 d8g8,1088,84,93,351,endgame mate mateIn4 rookEndgame veryLong,https://lichess.org/zyASCIF7/black#68,,True,2,https://lichess.org/training/oyC8r
mdbZM,6k1/7R/2pp2p1/q3p1P1/pr1nP3/3P4/1PPQr3/2K4R b - - 0 27,e2d2 h7h8 g8f7 h1h7 f7e6 h8e8,1088,78,89,83,endgame exposedKing long mate mateIn3,https://lichess.org/mgBFfXwr/black#54,,True,2,https://lichess.org/training/mdbZM
AFQeL,4R3/1p4pk/5p1p/8/1r1N2PP/5K2/r4PB1/8 w - - 0 45,d4e6 a2a3 f3e2 b4b2 e2d1 a3a1,1089,79,96,3559,endgame long mate mateIn3,https://lichess.org/a2gh5feA#89,,True,2,https://lichess.org/training/AFQeL
Dyfog,4rk2/p5R1/2p2p1p/1p1p1P1P/3P1q2/2PBn2P/PP5N/6RK b - - 2 29,e8e4 g7g8 f8e7 g1g7 e7d6 g8d8,1089,81,95,466,exposedKing long mate mateIn3 middlegame,https://lichess.org/yG9QnPAu/black#58,,True,2,https://lichess.org/training/Dyfog
tnOFt,8/5R2/k7/p5RP/2p4r/r6P/P5K1/8 b - - 5 47,a3h3 f7f6 a6b7 g5g7 b7c8 f6f8,1090,77,96,6712,endgame long master mate mateIn3 rookEndgame,https://lichess.org/vUmyk5i8/black#94,,True,2,https://lichess.org/training/tnOFt
ld6Iq,1n4k1/5R2/2p3p1/3p4/3P3q/4P3/Pr4P1/5RK1 b - - 0 34,h4g5 f7f8 g8h7 f1f7 h7h6 f8h8,1090,80,79,167,endgame exposedKing long mate mateIn3,https://lichess.org/YIT7n9On/black#68,,True,2,https://lichess.org/training/ld6Iq
echT0,2k5/1pp3p1/1p3p2/3Pp3/1PP1q3/8/P5RR/7K b - - 3 35,e4c4 h2h8 c8d7 g2g7 d7d6 h8d8,1090,147,63,18,endgame long mate mateIn3 queenRookEndgame,https://lichess.org/2ufjVWfE/black#70,,True,2,https://lichess.org/training/echT0
GfhoR,8/8/4pk1p/1R2p3/1P6/P3RP1K/r5rP/8 w - - 1 35,b5e5 g2h2 h3g4 a2g2 g4f4 h2h4,1090,79,90,1594,endgame exposedKing long mate mateIn3 rookEndgame,https://lichess.org/Dh12ts8o#69,,True,2,https://lichess.org/training/GfhoR
ADgyG,4r1k1/5RR1/6pK/5p2/3r4/8/8/8 b - - 1 43,g8h8 g7h7 h8g8 f7g7 g8f8 h7h8,1090,78,89,184,endgame exposedKing long mate mateIn3 rookEndgame,https://lichess.org/LVBJgHRm/black#86,,True,2,https://lichess.org/training/ADgyG
DpJTe,8/3P3k/1N3p2/2p1p3/8/P6p/P1r3r1/3R3K w - - 3 44,d7d8q g2h2 h1g1 c2g2 g1f1 h2h1,1091,82,90,2187,endgame exposedKing long mate mateIn3,https://lichess.org/eWqLMaZr#87,,True,2,https://lichess.org/training/DpJTe
veEwk,2r3k1/p2RR3/1p4K1/6p1/8/4pr2/7P/8 b - - 1 52,g8h8 e7h7 h8g8 d7g7 g8f8 h7h8,1091,76,100,221,endgame exposedKing long master mate mateIn3 rookEndgame,https://lichess.org/y28B4RiH/black#104,,True,2,https://lichess.org/training/veEwk
mmIEw,5Qk1/2R2p1p/3p2pP/p3p1P1/4P3/2R2P2/1p3K2/q7 b - - 0 39,g8f8 c7c8 f8e7 c3c7 e7e6 c8e8,1091,105,76,33,endgame long mate mateIn3 queenRookEndgame,https://lichess.org/5AwuAdK4/black#78,,True,2,https://lichess.org/training/mmIEw
l23JI,2r5/3R2p1/4R3/1Pp1Pp1k/2P1bP2/p3P3/Pr6/5K2 b - - 1 44,g7g6 d7h7 h5g4 e6g6 g4f3 h7h3,1091,82,86,42,deflection endgame long mate mateIn3,https://lichess.org/8Y8PWgHp/black#88,,True,2,https://lichess.org/training/l23JI
fY1qM,5rk1/2p4p/3p4/3P4/2P1R1Pp/3R2p1/PPP2r1P/6K1 w - - 0 26,h2g3 f2f1 g1h2 f8f2 h2h3 f1h1,1091,75,89,135,endgame exposedKing long mate mateIn3 rookEndgame,https://lichess.org/dsYRLflh#51,,True,2,https://lichess.org/training/fY1qM
YJ5ch,2k5/2R5/1p1p4/8/P5P1/6P1/1r4rp/2R2K2 b - - 0 39,c8b8 c7c8 b8a7 c1c7 a7a6 c8a8,1092,80,89,70,endgame exposedKing long mate mateIn3 rookEndgame,https://lichess.org/KlSxiQNa/black#78,,True,2,https://lichess.org/training/YJ5ch
WsZJG,1r4k1/p1p2ppp/8/Q4P2/3q4/2p2P2/1rP3PP/K2R4 w - - 0 27,d1d4 b2b1 a1a2 b8b2 a2a3 b1a1,1092,77,95,616,endgame exposedKing long mate mateIn3 queenRookEndgame,https://lichess.org/TLHFnC4R#53,,True,2,https://lichess.org/training/WsZJG
Dv7mn,6k1/ppp1p2R/1n4p1/P1b5/5K2/4r3/1P6/7R b - - 2 31,e3e6 h7h8 g8f7 h1h7 f7f6 h8f8,1092,79,89,174,endgame exposedKing long mate mateIn3,https://lichess.org/c4KbAukz/black#62,,True,2,https://lichess.org/training/Dv7mn
XOMyP,3k4/1bR2p2/p5p1/1p2Pp2/6r1/6P1/P6K/2R5 b - - 2 46,b7d5 c7c8 d8e7 c1c7 e7e6 c8e8,1092,80,93,1108,endgame exposedKing long mate mateIn3,https://lichess.org/CItV9kNT/black#92,,True,2,https://lichess.org/training/XOMyP
INluJ,5r2/R2Q4/1p4pk/2p1p2p/3pPr1P/3P2q1/2P2P2/5RK1 w - - 0 33,f2g3 f4f1 g1h2 f8f2 h2h3 f1h1,1092,174,82,18,endgame exposedKing long mate mateIn3 queenRookEndgame,https://lichess.org/AjgKJotm#65,,True,2,https://lichess.org/training/INluJ
IOHkN,3r4/k1N2R2/1R6/n1p1p3/r3P1p1/6P1/2K4P/8 w - - 3 53,b6b2 a4c4 c2b1 d8d1 b1a2 c4a4,1092,81,83,124,endgame exposedKing long master masterVsMaster mate mateIn3,https://lichess.org/Do4KYFra#105,,True,2,https://lichess.org/training/IOHkN
7Kywq,6k1/p3p3/2ppp1pR/8/1q2PP2/1P6/1KP3P1/7R b - - 3 22,b4e4 h6h8 g8f7 h1h7 f7f6 h8f8,1093,83,80,102,endgame exposedKing long mate mateIn3 queenRookEndgame,https://lichess.org/ZAOfnhBW/black#44,,True,2,https://lichess.org/training/7Kywq
nxbjD,5rk1/p1p3pp/2p2p1B/4b3/6RP/5P2/PrP3P1/3R3K b - - 1 24,f8f7 d1d8 f7f8 g4g7 g8h8 d8f8,1093,74,96,8770,deflection endgame long mate mateIn3 pin,https://lichess.org/cZ1L6Qbo/black#48,,True,2,https://lichess.org/training/nxbjD
lu2VV,1r4k1/1r3p2/6p1/R3p3/4P3/2Pp1PP1/P7/2KR4 w - - 0 37,d1d3 b7b1 c1d2 b8b2 d2e3 b1e1,1095,77,89,66,endgame exposedKing long mate mateIn3 rookEndgame,https://lichess.org/NotWh0Q8#73,,True,2,https://lichess.org/training/lu2VV
0QS0r,8/ppp3R1/2k5/7R/2P2rP1/7P/r7/6K1 b - - 0 25,f4c4 g7g6 c6d7 h5h7 d7e8 g6g8,1096,76,99,776,endgame exposedKing long mate mateIn3 rookEndgame,https://lichess.org/GB7t3vog/black#50,,True,2,https://lichess.org/training/0QS0r
SLoo1,6k1/2R4p/4p1p1/3b4/P2P3P/5P2/1q4P1/2R4K b - - 0 32,h7h5 c7c8 g8f7 c1c7 f7f6 c8f8,1096,78,77,113,endgame exposedKing long mate mateIn3,https://lichess.org/qxoHW7hb/black#64,,True,2,https://lichess.org/training/SLoo1
VFLoH,4r1k1/p2p1R2/1p1p2p1/8/7P/4Q3/2r3P1/5RK1 b - - 0 31,e8e3 f7f8 g8h7 f1f7 h7h6 f8h8,1097,76,87,171,endgame exposedKing long master mate mateIn3 rookEndgame,https://lichess.org/iQ8w1QwQ/black#62,,True,2,https://lichess.org/training/VFLoH
9IRWi,5r2/8/6pk/7p/3Q4/4R1p1/P4r1P/6K1 w - - 2 42,h2g3 f2f1 g1h2 f8f2 h2h3 f1h1,1097,80,90,141,endgame exposedKing long mate mateIn3 queenRookEndgame,https://lichess.org/gZZ24plO#83,,True,2,https://lichess.org/training/9IRWi
kPDKG,3r2k1/1R6/1p6/pP5R/2r5/P6K/7P/8 w - - 1 38,b7b6 d8d3 h3g2 c4c2 g2f1 d3d1,1097,76,100,1130,endgame exposedKing long mate mateIn3 rookEndgame,https://lichess.org/4Fl3Et8p#75,,True,2,https://lichess.org/training/kPDKG
jnwNF,2Q5/8/6p1/8/8/5k2/5rr1/4R1K1 w - - 5 44,g1h1 g2h2 h1g1 f2g2 g1f1 h2h1,1097,80,88,158,endgame exposedKing long mate mateIn3 queenRookEndgame,https://lichess.org/is1gbVsS#87,,True,2,https://lichess.org/training/jnwNF
X7JGE,5R2/3r3p/6k1/1p1r1p2/1P1p1K2/6RP/1P6/8 b - - 5 46,g6h6 f8f6 h6h5 g3g5 h5h4 f6h6,1098,79,95,5901,endgame exposedKing long mate mateIn3 rookEndgame,https://lichess.org/vAt53WOH/black#92,,True,2,https://lichess.org/training/X7JGE
2CbxM,8/1pp1kr2/p3R3/4K2p/r3b3/8/8/7R b - - 0 38,e7d7 h1d1 e4d3 d1d3 a4d4 d3d4 d7c8 e6e8,1098,77,80,150,endgame mate mateIn4 veryLong,https://lichess.org/gEn8cove/black#76,,True,2,https://lichess.org/training/2CbxM
VxpjT,6k1/2p2pp1/B2b2p1/8/3P2P1/PP2r1r1/1BP1n3/4RR1K w - - 15 32,a6e2 g3h3 h1g1 e3g3 g1f2 h3h2,1098,83,95,241,exposedKing long mate mateIn3 middlegame,https://lichess.org/JCxxbbcW#63,,True,2,https://lichess.org/training/VxpjT
IAug7,8/6p1/2R1npk1/p6p/P6P/4BP2/2R2P1K/1r1r4 w - - 2 30,c6e6 d1h1 h2g3 b1g1 g3f4 h1h4,1098,75,98,625,deflection endgame exposedKing long mate mateIn3,https://lichess.org/HWQ6Tpou#59,,True,2,https://lichess.org/training/IAug7
IhMmI,3r1k2/6R1/2p2p2/p1prbP2/N7/1P6/P6P/6RK b - - 6 33,d5d2 g7g8 f8e7 g1g7 e7d6 g8d8,1098,83,86,1371,deflection endgame exposedKing interference long mate mateIn3,https://lichess.org/tDL7kQEL/black#66,,True,2,https://lichess.org/training/IhMmI
6HGb7,5rk1/p1Q2R2/4p1p1/3qb2p/3p3P/1P1P2P1/P6K/5R2 b - - 0 37,e5c7 f7f8 g8h7 f1f7 h7h6 f8h8,1099,79,80,65,endgame exposedKing fork long mate mateIn3,https://lichess.org/w2BNYe9X/black#74,,True,2,https://lichess.org/training/6HGb7
a04OL,1r5k/5p1p/p1Q2P2/3p3N/P7/2P1P3/1r3P1P/2K3R1 w - - 0 28,g1g7 b2b1 c1d2 b8b2 d2d3 b1d1,1100,80,83,110,endgame exposedKing long mate mateIn3,https://lichess.org/lk8CRaJa#55,,True,2,https://lichess.org/training/a04OL
lA0ga,6k1/p4R2/3rp1p1/7p/2rP3P/8/P5P1/5RK1 b - - 0 29,c4d4 f7f8 g8h7 f1f7 h7h6 f8h8,1101,243,57,3,endgame exposedKing long mate mateIn3 rookEndgame,https://lichess.org/z71blKS6/black#58,,True,2,https://lichess.org/training/lA0ga
FWkKx,1r6/4k3/R4R2/1r2p2p/2p1P1pP/P1P3P1/1PK2P2/8 w - - 3 37,f6h6 b5b2 c2d1 b2b1 d1e2 b8b2 e2e3 b1e1,1101,80,93,1972,endgame mate mateIn4 rookEndgame veryLong,https://lichess.org/zcAXRCfJ#73,,True,2,https://lichess.org/training/FWkKx
tw3BE,2r3k1/1p3R2/6p1/4P2p/2P4P/8/2B3q1/1K3R2 b - - 0 31,c8c4 f7f8 g8h7 f1f7 h7h6 f8h8,1102,76,100,183,endgame exposedKing long mate mateIn3,https://lichess.org/05e4tzmK/black#62,,True,2,https://lichess.org/training/tw3BE
o7nBj,r1b3k1/2p4R/p2p2p1/3Pp1q1/2B1P1n1/2N3P1/PP3rQ1/1K5R b - - 2 23,f2g2 h7h8 g8f7 h1h7 f7f6 h8f8,1102,77,91,281,exposedKing kingsideAttack long mate mateIn3 middlegame,https://lichess.org/uYcer0YB/black#46,,True,2,https://lichess.org/training/o7nBj
eCWIP,8/8/8/R7/7P/5k2/5rr1/4R1K1 w - - 1 45,g1h1 g2h2 h1g1 f2g2 g1f1 h2h1,1102,80,94,2973,endgame exposedKing long mate mateIn3 rookEndgame,https://lichess.org/gBNXSRRY#89,,True,2,https://lichess.org/training/eCWIP
7vBN2,1k2q1nr/2R3p1/1p1r3p/1Q2pp2/4P3/8/PP3PPP/2R3K1 b - - 1 21,e8b5 c7c8 b8a7 c1c7 a7a6 c8a8,1103,151,21,40,endgame exposedKing long mate mateIn3 queensideAttack,https://lichess.org/auihNiZZ/black#42,,True,2,https://lichess.org/training/7vBN2
Xo27i,2r3r1/5p2/8/p3pk2/3R3Q/bP3P2/2P2P1P/1K6 w - - 0 29,d4d5 g8g1 d5d1 g1d1 b1a2 c8c2 a2a3 d1a1,1103,77,79,307,endgame mate mateIn4 veryLong,https://lichess.org/tLsy0iIC#57,,True,2,https://lichess.org/training/Xo27i
e8Scp,4r1kr/p1p2R2/4N1p1/1p6/4p1PP/2Pq4/PP6/2K2R2 b - - 1 27,e8e6 f7f8 g8h7 f1f7 h7h6 f8h8,1103,83,92,2163,deflection endgame exposedKing long mate mateIn3 queenRookEndgame,https://lichess.org/uWdcH9zA/black#54,,True,2,https://lichess.org/training/e8Scp
sKix6,1r6/R7/2p4R/4k3/1K6/P7/8/2r5 w - - 5 50,b4a4 c1c4 a4a5 b8b5 a5a6 c4a4,1104,83,95,5328,endgame long mate mateIn3 rookEndgame,https://lichess.org/tumFuL8f#99,,True,2,https://lichess.org/training/sKix6
s3zXf,2k5/R6R/2p5/8/8/PK6/1r3r2/8 w - - 0 43,b3a4 f2f4 a4a5 b2b5 a5a6 f4a4,1104,74,98,1014,endgame long master mate mateIn3 rookEndgame,https://lichess.org/36J9qK7V#85,,True,2,https://lichess.org/training/s3zXf
x9L9V,5rk1/5p2/4Q1p1/p1rpP2p/6qP/2P2R2/P4RPK/8 b - - 0 34,f7e6 f3f8 g8h7 f2f7 h7h6 f8h8,1104,83,76,56,endgame exposedKing long mate mateIn3 queenRookEndgame,https://lichess.org/oNfqJdYf/black#68,,True,2,https://lichess.org/training/x9L9V
0QpCx,6k1/6p1/1R5p/PR6/1P1r4/7K/2r5/8 w - - 5 43,a5a6 c2c3 h3g2 d4d2 g2f1 c3c1,1106,77,91,393,endgame exposedKing long mate mateIn3 rookEndgame,https://lichess.org/gwRZz8If#85,,True,2,https://lichess.org/training/0QpCx
xsIbA,6k1/p6p/3r4/6P1/1P2RbK1/P2r4/8/4R3 b - - 0 41,f4h2 e4e8 g8f7 e1e7 f7g6 e8g8,1106,79,94,153,endgame long mate mateIn3,https://lichess.org/Rn6zsKjQ/black#82,,True,2,https://lichess.org/training/xsIbA
CE9iI,8/3R3p/6p1/4p2r/5pK1/2r5/R3kP2/8 b - - 9 50,e2f1 d7d1 f1g2 f2f3 c3c2 a2c2,1107,75,100,818,discoveredAttack endgame long mate mateIn3 rookEndgame,https://lichess.org/Vq4LDVvE/black#100,,True,2,https://lichess.org/training/CE9iI
sK874,r4rk1/1pp5/p4p2/3P3R/5R1p/8/PP3P2/2K5 b - - 0 27,a8d8 f4g4 g8f7 h5h7 f7e8 g4e4,1107,76,96,7702,endgame exposedKing long mate mateIn3 rookEndgame,https://lichess.org/O6PK2eRR/black#54,,True,2,https://lichess.org/training/sK874
pa7mM,r6k/3R3p/6p1/4p3/1pBbP3/1P2r1P1/P6P/1K3R2 w - - 2 38,f1f7 e3e1 b1c2 a8a2 c2d3 e1d1,1107,75,88,193,deflection endgame long mate mateIn3,https://lichess.org/dKxiY4su#75,,True,2,https://lichess.org/training/pa7mM
gmubY,6k1/5p2/4p1p1/4R2P/2pQ1P2/2Pb4/5P1K/r5r1 w - - 3 45,h5g6 g1h1 h2g3 a1g1 g3f3 h1h3,1107,94,100,40,endgame exposedKing long mate mateIn3,https://lichess.org/04Jmu44C#89,,True,2,https://lichess.org/training/gmubY
I3hMV,8/8/8/3pPp2/3k1P2/8/2Q3KP/4r1r1 w - - 5 64,g2h3 e1e3 h3h4 g1g4 h4h5 e3h3,1107,85,94,250,endgame exposedKing long mate mateIn3 queenRookEndgame,https://lichess.org/0M7NSSY0#127,,True,2,https://lichess.org/training/I3hMV
gN784,6rk/2R4p/1p1pPb2/1P1Pp3/6r1/3R1p2/1B3P2/5BK1 w - - 0 34,g1h2 g4h4 f1h3 g8g2 h2h1 h4h3,1108,82,94,16653,clearance deflection exposedKing long mate mateIn3 middlegame pin,https://lichess.org/5XxptHRX#67,,True,2,https://lichess.org/training/gN784
zwF7T,8/R5Rk/2p2p2/P3pr2/P7/1r6/4K3/8 b - - 0 40,h7h6 g7h7 h6g5 a7g7 g5f4 h7h4,1108,91,100,54,endgame exposedKing long mate mateIn3 rookEndgame,https://lichess.org/3KJtBZsQ/black#80,,True,2,https://lichess.org/training/zwF7T
xbkuB,2Q5/p3R3/8/5P2/6Pp/1P4kP/P4rr1/4R1K1 w - - 7 55,g1h1 g2h2 h1g1 f2g2 g1f1 h2h1,1108,82,94,395,endgame exposedKing long mate mateIn3 queenRookEndgame,https://lichess.org/PEcGavgE#109,,True,2,https://lichess.org/training/xbkuB
TL6kB,3r4/pk3ppp/4p3/8/P1R5/1P3P2/2R2PKP/3r4 b - - 2 28,d8d7 c4b4 b7a6 c2c6 a6a5 b4b5,1108,104,85,25,endgame long master mate mateIn3 rookEndgame,https://lichess.org/fU0Tknqy/black#56,,True,2,https://lichess.org/training/TL6kB
SdPET,4n1k1/6P1/1r2p3/p2p1PRN/2nP3P/2P5/1r6/2K1R3 w - - 3 42,e1e6 b2b1 c1c2 b6b2 c2d3 b1d1,1109,87,91,804,exposedKing long mate mateIn3 middlegame,https://lichess.org/GkDns54f#83,,True,2,https://lichess.org/training/SdPET
ukaQG,8/5p1r/5R2/3R4/3P2P1/3P1Pkr/P7/5K2 w - - 2 37,d5a5 h3h1 f1e2 h7h2 e2e3 h1e1,1109,79,76,79,endgame exposedKing long mate mateIn3 rookEndgame,https://lichess.org/NTE3SwBy#73,,True,2,https://lichess.org/training/ukaQG
pDWY5,r2Q2k1/ppp2rpp/1b3p1B/8/8/2N5/PP3q1P/1K1R2R1 b - - 1 24,a8d8 d1d8 f7f8 g1g7 g8h8 d8f8,1110,77,95,11044,deflection long mate mateIn3 middlegame pin,https://lichess.org/nLoVGCR3/black#48,,True,2,https://lichess.org/training/pDWY5
uTS2c,r3r1k1/5RR1/1p4K1/p3p1P1/8/1P6/Pb6/8 b - - 9 36,g8h8 g7h7 h8g8 f7g7 g8f8 h7h8,1110,81,92,524,endgame exposedKing long mate mateIn3,https://lichess.org/jv3CQkJM/black#72,,True,2,https://lichess.org/training/uTS2c
n3Jtq,r4Q1k/1b6/1q2r1p1/2p1p1b1/ppP1P2N/3P1R1P/PP4P1/5R1K b - - 4 34,a8f8 f3f8 h8g7 f1f7 g7h6 f8h8,1111,77,92,3426,exposedKing kingsideAttack long mate mateIn3 middlegame,https://lichess.org/HTAcXmIb/black#68,,True,2,https://lichess.org/training/n3Jtq
Yr1Ug,8/1KR1Pk2/6p1/r1P2rBp/5P2/8/8/4R3 w - - 9 53,c5c6 f5b5 b7c8 a5a8 c8d7 b5d5,1111,76,96,3026,endgame long mate mateIn3,https://lichess.org/E5o3mcKo#105,,True,2,https://lichess.org/training/Yr1Ug
qk3nu,5rk1/1p4p1/p6p/2Q5/1P4qR/P3P1P1/5r2/5RK1 w - - 0 32,h4g4 f2f1 g1h2 f8f2 h2h3 f1h1,1111,77,80,142,endgame exposedKing long mate mateIn3 queenRookEndgame,https://lichess.org/CFTNvBMS#63,,True,2,https://lichess.org/training/qk3nu
KYeMM,4r2k/p4R2/3p1PR1/8/3p4/2P5/P3r3/5K2 b - - 4 41,d4c3 g6h6 h8g8 f7g7 g8f8 h6h8,1112,78,95,6896,endgame exposedKing long master mate mateIn3 rookEndgame,https://lichess.org/kZFe5yRz/black#82,,True,2,https://lichess.org/training/KYeMM
kVrAT,7k/3r1p1p/1pq2Pr1/p1p1p2Q/2P1P3/2P4R/5R1P/5K2 b - - 5 32,h7h6 h5h6 g6h6 h3h6 h8g8 f2g2 g8f8 h6h8,1112,78,100,969,endgame exposedKing mate mateIn4 sacrifice veryLong,https://lichess.org/2bq0gSA3/black#64,,True,2,https://lichess.org/training/kVrAT
sgite,2br2k1/p4R2/1p2p1p1/6qr/2PQP3/P2P3P/2P3P1/5R1K b - - 0 32,d8d4 f7f8 g8h7 f1f7 h7h6 f8h8,1112,77,100,185,endgame exposedKing fork long mate mateIn3,https://lichess.org/UiiEUIE4/black#64,,True,2,https://lichess.org/training/sgite
md1B0,1R6/7R/1k4rp/2p5/2Pb1K2/8/3p4/8 b - - 5 52,b6a5 h7a7 g6a6 b8b5 a5a4 a7a6,1113,77,84,228,deflection endgame long master mate mateIn3,https://lichess.org/h66VILn4/black#104,,True,2,https://lichess.org/training/md1B0
UtZyK,1kr2br1/p4Rp1/Pp2p3/1b2P3/8/4q3/1P4PP/3R3K b - - 3 24,c8c7 d1d8 c7c8 f7b7 b8a8 d8c8,1113,80,94,1375,deflection long mate mateIn3 middlegame queensideAttack,https://lichess.org/gTgWDLaG/black#48,,True,2,https://lichess.org/training/UtZyK
bSJ3L,8/5rk1/2n1p3/pR3rpQ/Pp1Pp1P1/4P1q1/1P3P2/5RK1 w - - 1 36,f2g3 f5f1 g1h2 f7f2 h2h3 f1h1,1113,80,81,122,endgame exposedKing long mate mateIn3,https://lichess.org/To7lMZlx#71,,True,2,https://lichess.org/training/bSJ3L
N47gK,3k1r2/p3R2p/1p1p3q/2p5/2P5/P4Q2/5PPP/4R1K1 b - - 7 27,f8f3 e7e8 d8c7 e1e7 c7c6 e8c8,1113,77,87,252,endgame exposedKing long mate mateIn3 queenRookEndgame,https://lichess.org/1NJUo2uN/black#54,,True,2,https://lichess.org/training/N47gK
AXka1,3r2k1/2R3R1/q6P/8/8/3r4/5P1K/8 b - - 8 63,g8h8 g7h7 h8g8 c7g7 g8f8 h7h8,1114,81,93,921,endgame exposedKing long mate mateIn3 queenRookEndgame,https://lichess.org/W5nybqC6/black#126,,True,2,https://lichess.org/training/AXka1
vXma4,8/R4Rpp/4p3/2p1k3/2r5/K7/P1P2PPP/1r6 w - - 1 27,f7g7 c4c3 a3a4 b1b4 a4a5 c3a3,1114,81,92,1474,endgame exposedKing long mate mateIn3 rookEndgame,https://lichess.org/XJLppUsv#53,,True,2,https://lichess.org/training/vXma4
AYXLS,2r2Q1k/1pp5/p2p2p1/P3p2p/1P2n1qP/4PRP1/6K1/5R2 b - - 1 34,c8f8 f3f8 h8g7 f1f7 g7h6 f8h8,1114,80,88,53,endgame exposedKing long mate mateIn3,https://lichess.org/7eesv5Yc/black#68,,True,2,https://lichess.org/training/AYXLS
nfqFO,2k5/p4p2/2p1p1p1/2P5/5P2/pR6/r1r3PK/1R6 b - - 3 32,c2c5 b3b8 c8d7 b1b7 d7d6 b8d8,1114,83,95,634,endgame exposedKing long mate mateIn3 rookEndgame,https://lichess.org/ywIszWsd/black#64,,True,2,https://lichess.org/training/nfqFO
KdwJb,8/8/8/8/1R3R1p/1pK2p1k/8/3b1r2 b - - 1 87,f1f2 f4h4 h3g2 b4g4 g2f1 h4h1 f1e2 g4e4,1115,84,91,2394,endgame mate mateIn4 veryLong,https://lichess.org/5ZKrB738/black#174,,True,3,https://lichess.org/training/KdwJb
aQg2N,6k1/p1pp3p/1p2p1N1/6pP/2nP2q1/2P2R2/P7/2K2R2 b - - 1 26,h7g6 f3f8 g8h7 f1f7 h7h6 f8h8,1115,76,100,167,endgame exposedKing long mate mateIn3,https://lichess.org/cErgzTAN/black#52,,True,2,https://lichess.org/training/aQg2N
txe4e,r6k/1p3p2/1qn2Prp/p3p2Q/3pR3/1Pp4R/P4PPP/6K1 b - - 1 26,c3c2 h5h6 g6h6 h3h6 h8g8 e4g4 g8f8 h6h8,1115,78,69,287,exposedKing kingsideAttack mate mateIn4 middlegame sacrifice veryLong,https://lichess.org/gmyt317Q/black#52,,True,2,https://lichess.org/training/txe4e
MC0bB,6k1/p1p5/7p/5Kp1/PP4P1/2P2P2/2R5/R1B1rr2 w - - 2 35,c2d2 f1f3 f5g6 e1e6 g6h5 f3h3,1115,76,74,87,endgame long mate mateIn3,https://lichess.org/B3bQvqTw#69,,True,2,https://lichess.org/training/MC0bB
Ycg7F,8/1r1k3p/3b4/3P2Pp/p1B1Rp2/P1P4R/1r6/2K5 w - - 0 46,h3h5 b2b1 c1d2 b7b2 d2d3 b1d1,1116,76,98,521,endgame exposedKing long mate mateIn3,https://lichess.org/tVhp33L2#91,,True,2,https://lichess.org/training/Ycg7F
L71Ac,r1b3k1/ppp2rpp/1b5B/4p3/4p3/1NP2P1P/PP3P2/2KR2R1 b - - 3 18,e4f3 d1d8 f7f8 g1g7 g8h8 d8f8,1116,78,88,1045,deflection kingsideAttack long mate mateIn3 middlegame pin,https://lichess.org/SCnYPchy/black#36,Bishops_Opening Bishops_Opening_Boi_Variation,True,2,https://lichess.org/training/L71Ac
32t64,7k/pp1b1pR1/3p1P2/4p2P/4P3/3r4/P1r4B/6RK b - - 4 28,d3h3 g7g8 h8h7 g1g7 h7h6 g8h8,1117,76,100,270,endgame exposedKing long mate mateIn3,https://lichess.org/p2iF0mdp/black#56,,True,2,https://lichess.org/training/32t64
eYkMb,6k1/8/3q1R2/pp4r1/2p1B3/2P4P/P2r2P1/5RK1 b - - 0 36,d6g3 f6f8 g8g7 f1f7 g7h6 f8h8,1118,76,79,137,endgame exposedKing long mate mateIn3,https://lichess.org/cjnzN0Th/black#72,,True,2,https://lichess.org/training/eYkMb
qaUBd,4k3/pp1R3p/2p2prN/4p3/4q1B1/2PR2KP/PP6/8 b - - 7 35,g6h6 d7d8 e8f7 d3d7 f7g6 d8g8,1118,76,99,387,endgame exposedKing long mate mateIn3,https://lichess.org/u22utIvt/black#70,,True,2,https://lichess.org/training/qaUBd
f2DXO,4r3/3R4/5pkp/1p1p4/5pPP/2P2P2/PP2r3/3R2K1 w - - 1 37,d1d5 e2e1 g1h2 e8e2 h2h3 e1h1,1118,97,100,49,endgame exposedKing long mate mateIn3 rookEndgame,https://lichess.org/MXCanYZc#73,,True,2,https://lichess.org/training/f2DXO
fN9Q3,6k1/p4p1p/2p3p1/KP1r2B1/1R3PP1/7P/4r3/7R w - - 2 35,h1c1 e2a2 b4a4 d5b5 a5a6 a2a4,1119,77,75,163,deflection endgame long mate mateIn3 pin,https://lichess.org/ImMMIu1u#69,,True,2,https://lichess.org/training/fN9Q3
ThsGc,3k1r2/1pp2rp1/p2p3p/P2P4/4P1Q1/6P1/2B5/6K1 w - - 1 41,c2a4 f7f1 g1h2 f8f2 h2h3 f1h1,1119,185,67,20,endgame exposedKing long mate mateIn3,https://lichess.org/HPqZjfgW#81,,True,2,https://lichess.org/training/ThsGc
BqJkB,7r/8/2P1R3/PR2p1r1/4k3/5pP1/7K/8 w - - 1 38,h2g1 g5g3 g1f1 h8h1 f1f2 g3g2,1120,76,99,832,endgame exposedKing long mate mateIn3 rookEndgame,https://lichess.org/7basiWeJ#75,,True,2,https://lichess.org/training/BqJkB
JNFwb,4r2r/p1R5/1p1P4/6k1/8/6P1/PP1R1KP1/8 w - - 5 42,d6d7 h8f8 f2g1 e8e1 g1h2 f8h8,1121,84,92,2739,endgame long mate mateIn3 rookEndgame,https://lichess.org/ZIyocSqW#83,,True,2,https://lichess.org/training/JNFwb
eOq3P,8/ppp5/8/P7/2R3R1/3k2Pr/7r/6K1 w - - 2 38,c4c7 h2h1 g1g2 h3h2 g2f3 h1f1,1121,79,84,208,endgame exposedKing long mate mateIn3 rookEndgame,https://lichess.org/gk3A55GO#75,,True,2,https://lichess.org/training/eOq3P
0eTy1,4r1k1/1R6/P6p/5Kp1/7r/3B2R1/2P3PP/8 w - - 9 47,a6a7 h4f4 f5g6 e8e6 g6h5 f4h4,1121,76,97,6592,endgame long mate mateIn3,https://lichess.org/PrN6uTIH#93,,True,2,https://lichess.org/training/0eTy1
EbGNS,5bk1/p2R1rp1/2n1p2P/3pP3/3P2Q1/2N1B1P1/P4r2/2q3K1 w - - 0 26,e3c1 f2f1 g1h2 f7f2 h2h3 f1h1,1121,83,94,1328,exposedKing fork long mate mateIn3 middlegame,https://lichess.org/jcevcTP9#51,,True,2,https://lichess.org/training/EbGNS
ZiX84,7r/4Bppp/2k1p3/1R1p4/2nPn3/4P3/r4PPP/1R4K1 b - - 9 30,e4c3 b5c5 c6d7 b1b7 d7e8 c5c8,1121,76,94,875,long mate mateIn3 middlegame,https://lichess.org/opDPHOHR/black#60,,True,2,https://lichess.org/training/ZiX84
lzpSn,5R2/8/4N1b1/p6k/P5pp/1PPp2q1/3K4/5R2 b - - 3 44,h5h6 f8h8 g6h7 f1f6 h6h5 h8h7,1122,77,100,199,deflection endgame exposedKing long mate mateIn3,https://lichess.org/HRg7I4mW/black#88,,True,2,https://lichess.org/training/lzpSn
Tqwtd,r1bq4/ppp1R1k1/3p2Pn/3N4/6P1/8/PP5P/5R1K b - - 2 25,g7g6 f1f6 g6g5 e7g7 g5h4 f6h6,1122,80,92,1445,deflection exposedKing long mate mateIn3 middlegame,https://lichess.org/5dYh2bkh/black#50,,True,2,https://lichess.org/training/Tqwtd
UCghI,1r6/4Q3/p2p2pk/2pB1p1p/2Pp3R/5P2/Pr6/2K5 w - - 2 35,e7d6 b2b1 c1d2 b8b2 d2d3 b1d1,1122,77,100,926,endgame exposedKing long mate mateIn3,https://lichess.org/iUQZWrbu#69,,True,2,https://lichess.org/training/UCghI
WDzEE,6k1/p7/1p1pr1pR/2nKp1P1/4P3/3Pb1P1/PPr5/7R b - - 11 29,e3g5 h6h8 g8f7 h1h7 f7f6 h8f8,1122,84,93,1928,endgame exposedKing long mate mateIn3,https://lichess.org/vBFBxgcb/black#58,,True,2,https://lichess.org/training/WDzEE
2PiHB,2r5/5R2/4B1k1/1p2pR2/p3p3/8/PPr2PPP/2K5 w - - 0 32,c1d1 c2c1 d1e2 c8c2 e2e3 c1e1,1122,76,96,1668,endgame exposedKing long mate mateIn3,https://lichess.org/6A9let3K#63,,True,2,https://lichess.org/training/2PiHB
3UevD,5k2/p1R5/4p3/1N1p3p/P4rr1/3P4/1PP1RP1K/8 w - - 6 36,b5d6 g4h4 h2g1 f4g4 g1f1 h4h1,1123,79,100,90,endgame exposedKing long mate mateIn3,https://lichess.org/x2xY7LUS#71,,True,2,https://lichess.org/training/3UevD
grKc1,2r5/5p2/6p1/8/R7/1pk3P1/2r2P1P/4R1K1 b - - 0 47,b3b2 e1e3 c3d2 a4d4 d2c1 e3e1,1123,79,93,9390,endgame long mate mateIn3 rookEndgame,https://lichess.org/DY8MMSwa/black#94,,True,2,https://lichess.org/training/grKc1
uGM1P,8/1RR5/p5Kp/k7/6P1/2P5/2r4r/8 b - - 2 52,h2g2 c7c5 a5a4 b7b4 a4a3 c5a5,1124,76,100,100,endgame long mate mateIn3 rookEndgame,https://lichess.org/XoOtUlal/black#104,,True,2,https://lichess.org/training/uGM1P
maydW,6k1/7R/ppr1p1p1/1b3p2/1P1PpP2/8/2r5/1K5R b - - 3 37,b5d3 h7h8 g8f7 h1h7 f7f6 h8f8,1125,109,88,50,endgame exposedKing long mate mateIn3,https://lichess.org/jldReprf/black#74,,True,2,https://lichess.org/training/maydW
agyag,8/1R3pp1/6k1/4p3/2B1P2p/1P4PP/4RP1K/3r1r2 w - - 1 35,g3h4 f1h1 h2g3 d1g1 g3f3 h1h3,1125,75,98,1681,deflection endgame long mate mateIn3,https://lichess.org/fGii58XX#69,,True,2,https://lichess.org/training/agyag
1vAUj,2b3k1/ppR5/4p1p1/1P2P3/2R2P2/P4K2/4r2r/8 b - - 4 40,e2a2 c7c8 g8g7 c4c7 g7h6 c8h8,1125,196,38,15,endgame exposedKing hangingPiece long mate mateIn3,https://lichess.org/8IRqCsuN/black#80,,True,2,https://lichess.org/training/1vAUj
V4Vjc,r1bq2k1/pp5R/2p1p1p1/3p2P1/2PP2p1/PP1KP3/1Br5/7R b - - 1 19,d8g5 h7h8 g8f7 h1h7 f7f6 h8f8,1125,79,96,5656,exposedKing kingsideAttack long mate mateIn3 middlegame,https://lichess.org/1DLvU6Xm/black#38,English_Opening English_Opening_Agincourt_Defense,True,2,https://lichess.org/training/V4Vjc
dWeBK,3Q4/5rpk/2p5/7p/2P4P/P1N3P1/1P2qr2/5RK1 w - - 0 31,c3e2 f2f1 g1h2 f7f2 h2h3 f1h1,1127,79,91,797,endgame exposedKing fork long master mate mateIn3,https://lichess.org/q3chS6sA#61,,True,2,https://lichess.org/training/dWeBK
DKFg9,2r3k1/Rp1R2pp/4P3/3p1pP1/5P1P/6nK/P7/1r6 w - - 0 36,h3g3 c8c3 g3f2 b1b2 f2e1 c3c1,1127,75,100,273,endgame long mate mateIn3 rookEndgame,https://lichess.org/Rw4jtJaE#71,,True,2,https://lichess.org/training/DKFg9
TVNKF,1k6/R7/1pr4p/1p1pK1p1/8/1P5P/R1P2r2/8 b - - 1 39,c6c2 a7a8 b8c7 a2a7 c7c6 a8c8,1128,76,99,3120,endgame exposedKing long mate mateIn3 rookEndgame,https://lichess.org/q7724PBZ/black#78,,True,2,https://lichess.org/training/TVNKF
Uduxk,4r1k1/p6p/8/6p1/3P4/1P2rP1R/1P5P/R5K1 w - - 0 31,a1a7 e3e1 g1g2 e8e2 g2g3 e1g1,1128,196,43,13,endgame long mate mateIn3 rookEndgame,https://lichess.org/3nsrTXPL#61,,True,2,https://lichess.org/training/Uduxk
FKWaD,2r5/p4p1k/Pp4pP/1R1n2Q1/R2PpP2/8/2r5/3K4 w - - 4 37,b5d5 c2c1 d1e2 c8c2 e2e3 c1e1,1128,76,96,4760,endgame exposedKing long mate mateIn3 queenRookEndgame,https://lichess.org/Iw8ONCUq#73,,True,2,https://lichess.org/training/FKWaD
77Yfh,3r4/p1R5/4p1k1/1p2P3/2pn2P1/1rN5/7B/5RK1 b - - 1 38,b3c3 f1f6 g6g5 c7g7 g5h4 f6h6,1128,74,88,1352,endgame exposedKing long mate mateIn3,https://lichess.org/yGVL0YGz/black#76,,True,2,https://lichess.org/training/77Yfh
xsDoD,4r2k/3R2R1/6K1/4p1P1/3p4/7r/8/8 b - - 0 59,h3f3 g7h7 h8g8 d7g7 g8f8 h7h8,1128,76,97,3752,endgame exposedKing long mate mateIn3 rookEndgame,https://lichess.org/gY6oQpyw/black#118,,True,2,https://lichess.org/training/xsDoD
CPIKI,2k5/1p3r2/p1p5/2P5/P2RR1p1/3P2P1/5r2/6K1 w - - 0 37,e4g4 f2f1 g1h2 f7f2 h2h3 f1h1,1128,84,94,1741,endgame exposedKing long mate mateIn3 rookEndgame,https://lichess.org/wAFLlIV8#73,,True,2,https://lichess.org/training/CPIKI
JaCLM,5rk1/1R5p/6pP/4RpP1/2rp4/8/P7/1K6 b - - 2 39,f8f7 e5e8 f7f8 b7g7 g8h8 e8f8,1129,81,92,607,deflection endgame long mate mateIn3 rookEndgame,https://lichess.org/pvDnO5Df/black#78,,True,2,https://lichess.org/training/JaCLM
fkiFt,5r2/p4r2/6k1/4P2p/1P5R/P2q2P1/2P1N3/3R2K1 w - - 0 38,d1d3 f7f1 g1h2 f8f2 h2h3 f1h1,1130,91,54,52,endgame exposedKing fork long mate mateIn3,https://lichess.org/w83YyFM5#75,,True,2,https://lichess.org/training/fkiFt
a10sM,8/5kp1/1pR2p2/1P2p3/4P2p/B6P/4RPPK/1r1r4 w - - 0 35,g2g4 d1h1 h2g2 b1g1 g2f3 h1h3,1130,76,78,146,deflection endgame long mate mateIn3,https://lichess.org/JBNpn1vU#69,,True,2,https://lichess.org/training/a10sM
qlXbD,RR6/5pk1/1Pr1bp2/8/1r5p/4K3/8/8 b - - 3 49,c6b6 b8g8 g7h7 g8h8 h7g6 a8g8 g6f5 h8h5,1131,81,98,2562,endgame master mate mateIn4 veryLong,https://lichess.org/PejJLoOx/black#98,,True,2,https://lichess.org/training/qlXbD
7PT6J,8/1p4kp/p7/P2p1R2/1P1PpP2/5r2/2r5/6RK b - - 5 39,g7h6 f5f6 h6h5 g1g5 h5h4 f6h6,1131,76,100,597,endgame exposedKing long mate mateIn3 rookEndgame,https://lichess.org/PoIQSNDt/black#78,,True,2,https://lichess.org/training/7PT6J
GuttD,1k4r1/6r1/q1Q1p3/1N2p3/2P5/3P1P1P/R5P1/6K1 w - - 1 37,a2a6 g7g2 g1f1 g2g1 f1f2 g8g2 f2e3 g1e1,1132,96,44,37,endgame mate mateIn4 veryLong,https://lichess.org/U6OQOwDN#73,,True,2,https://lichess.org/training/GuttD
FFXUr,2r3k1/1p5R/p2p2p1/3Pp1q1/6P1/5P2/PPQ5/1K5R b - - 0 26,c8c2 h7h8 g8f7 h1h7 f7f6 h8f8,1132,95,94,3161,endgame exposedKing long mate mateIn3 queenRookEndgame,https://lichess.org/EmyxORbl/black#52,,True,2,https://lichess.org/training/FFXUr
Qj7Jh,r2q1bk1/5p2/p2prP2/1p1Np2p/4P3/1P4RR/1PP3PP/6K1 b - - 1 24,g8h7 h3h5 f8h6 g3g7 h7h8 h5h6,1132,78,60,69,deflection exposedKing long mate mateIn3 middlegame pin,https://lichess.org/aknY9u9o/black#48,,True,2,https://lichess.org/training/Qj7Jh
QzppX,5r2/1RPP4/p3p1k1/r3K2p/4P2P/6p1/8/3R4 w - - 0 47,e5e6 f8f6 e6e7 a5e5 e7d8 f6f8,1133,76,97,359,endgame long master mate mateIn3 rookEndgame,https://lichess.org/YE5XPZ14#93,,True,2,https://lichess.org/training/QzppX
3LmTw,7k/8/p3p2r/1p1pR3/5Pp1/2P1R1P1/PP4Kr/8 w - - 8 40,g2f1 h2h1 f1e2 h6h2 e2d3 h1d1,1133,78,66,220,endgame exposedKing long mate mateIn3 rookEndgame,https://lichess.org/wKpKhe4z#79,,True,2,https://lichess.org/training/3LmTw
mUmmw,2k5/1p4pp/1p6/8/6R1/7P/1Pr2rP1/3R2K1 b - - 2 35,c2b2 g4c4 c8b8 d1d8 b8a7 c4a4,1133,77,95,8242,endgame long mate mateIn3 rookEndgame,https://lichess.org/COHcoswE/black#70,,True,2,https://lichess.org/training/mUmmw
Nz0ef,6kr/pr1pR1p1/b1p2Pp1/8/2P2q1P/1B6/P1K1R3/8 b - - 0 33,g7f6 e7e8 g8g7 e2e7 g7h6 e8h8,1133,75,96,1977,deflection exposedKing long mate mateIn3 middlegame,https://lichess.org/faI75SNQ/black#66,,True,2,https://lichess.org/training/Nz0ef
x7sqW,5k2/p1b2r2/2p5/8/6QP/5rP1/P7/3R3K w - - 1 37,d1d7 f3f1 h1h2 f7f2 h2h3 f1h1,1134,77,55,81,endgame exposedKing long master mate mateIn3,https://lichess.org/hyAe6OOE#73,,True,2,https://lichess.org/training/x7sqW
c0pQ1,6k1/p7/1p3p2/3R1K2/2P1r3/3Rp1P1/PP2P2q/8 b - - 2 34,e4c4 d5d8 g8g7 d3d7 g7h6 d8h8,1134,81,71,145,endgame exposedKing long mate mateIn3 queenRookEndgame,https://lichess.org/ew9Vr3iT/black#68,,True,2,https://lichess.org/training/c0pQ1
9ShY4,8/5RRp/8/1p1rpk2/1P6/P6P/2rp2P1/7K b - - 4 32,f5e4 g7g4 e4d3 f7f3 d3e2 g4e4 e2d1 f3f1,1134,78,82,769,endgame mate mateIn4 rookEndgame veryLong,https://lichess.org/nig69H06/black#64,,True,3,https://lichess.org/training/9ShY4
SkPyF,5k2/1Q6/5p2/2Pp1P2/1P1Pp1Kp/1R5P/5r2/6r1 w - - 2 41,g4h4 f2f4 h4h5 g1g5 h5h6 f4h4,1134,75,97,1749,endgame long mate mateIn3 queenRookEndgame,https://lichess.org/P051AuD5#81,,True,2,https://lichess.org/training/SkPyF
M0ftf,r6k/5R2/P4Rp1/1p3b2/1np2P1P/8/6P1/6K1 b - - 0 31,a8a6 f7f8 h8g7 f6f7 g7h6 f8h8,1135,75,100,561,endgame exposedKing long mate mateIn3,https://lichess.org/IboNqVWk/black#62,,True,2,https://lichess.org/training/M0ftf
7t8u8,1r6/3Q2p1/4pk2/p2p4/P2PpP2/2P5/1r3P1R/2K5 w - - 7 44,h2g2 b2b1 c1d2 b8b2 d2e3 b1e1,1135,78,81,333,endgame exposedKing long mate mateIn3 queenRookEndgame,https://lichess.org/wQKADsTx#87,,True,2,https://lichess.org/training/7t8u8
8K2lx,3R2k1/7p/p3p3/Bpr2rP1/4b1p1/1P6/P6P/3RK3 b - - 1 33,g8f7 d1d7 f7g6 d8g8 g6h5 d7h7,1135,81,100,45,deflection endgame long mate mateIn3,https://lichess.org/RbbWGJQw/black#66,,True,2,https://lichess.org/training/8K2lx
tjC2Z,6k1/ppp2R2/6p1/r1r3PP/2Pp2P1/3P4/8/5RK1 b - - 0 32,c5g5 f7f8 g8h7 f1f7 h7h6 f8h8,1135,78,87,245,endgame exposedKing long mate mateIn3 rookEndgame,https://lichess.org/flE7Iglq/black#64,,True,2,https://lichess.org/training/tjC2Z
kVO6S,1r6/p7/2k5/7R/1rp5/K5R1/P7/8 b - - 1 43,a7a5 g3g6 c6d7 h5h7 d7e8 g6g8,1135,86,93,1035,endgame exposedKing long mate mateIn3 rookEndgame,https://lichess.org/jYJjJYlc/black#86,,True,2,https://lichess.org/training/kVO6S
CjNdY,6k1/3R4/p3p3/2r1P1p1/4BbP1/1PP5/7r/1K1R4 b - - 9 37,c5e5 d7d8 g8f7 d1d7 f7f6 d8f8,1136,77,98,13257,endgame exposedKing long mate mateIn3,https://lichess.org/HuBfIeF5/black#74,,True,2,https://lichess.org/training/CjNdY
XjLP4,5rk1/1p3R2/p2p2p1/P2P2QB/2r5/4q3/1Pb3PP/5R1K b - - 0 25,e3g5 f7f8 g8h7 f1f7 h7h6 f8h8,1136,78,100,85,exposedKing long mate mateIn3 middlegame,https://lichess.org/41PLrRYH/black#50,,True,2,https://lichess.org/training/XjLP4
xc53n,2k5/2p2pr1/1p6/1P2P1K1/P1R4P/2R3P1/8/5r2 w - - 9 44,g5h5 f1f5 h5h6 g7g6 h6h7 f5h5,1136,77,88,683,endgame long mate mateIn3 rookEndgame,https://lichess.org/OkJw55Tt#87,,True,2,https://lichess.org/training/xc53n
BX0QT,6k1/pp4p1/1b6/4p2p/6nK/5RP1/PPPr4/5R2 b - - 1 25,g7g6 f3f8 g8h7 f1f7 h7h6 f8h8,1137,78,84,255,endgame exposedKing long mate mateIn3,https://lichess.org/KsUoDdXs/black#50,,True,2,https://lichess.org/training/BX0QT
WFFpk,4r1k1/5R2/p3P1p1/2pn2qp/1p6/8/PPP5/1K3R2 b - - 1 33,e8e6 f7f8 g8h7 f1f7 h7h6 f8h8,1138,81,54,57,endgame exposedKing long mate mateIn3,https://lichess.org/KyyRuiav/black#66,,True,2,https://lichess.org/training/WFFpk
PUkZ3,r1b3k1/ppp4R/3p1qp1/3Pp1N1/5rP1/8/PPPQ4/2K4R b - - 4 23,f6g5 h7h8 g8f7 h1h7 f7f6 h8f8,1138,75,99,589,exposedKing kingsideAttack long mate mateIn3 middlegame,https://lichess.org/1d5QWj79/black#46,,True,2,https://lichess.org/training/PUkZ3
YKQWs,2br1k2/4R3/qP6/2pP1pPp/2N5/2K5/5P2/4R3 b - - 2 40,d8d5 e7e8 f8g7 e1e7 g7g6 e8g8,1139,76,92,1608,endgame exposedKing long mate mateIn3,https://lichess.org/xphCUHSI/black#80,,True,2,https://lichess.org/training/YKQWs
6shHu,7r/5pkp/8/ppr2p2/5P2/1K5P/PP6/3R2R1 b - - 1 28,g7h6 d1d6 f7f6 d6f6 h6h5 g1g5 h5h4 f6h6,1140,79,88,3862,endgame exposedKing mate mateIn4 rookEndgame veryLong,https://lichess.org/ZTAjj5Nh/black#56,,True,2,https://lichess.org/training/6shHu
KXsjU,8/8/p1p1r1k1/1p4p1/1P1P1pQ1/5P2/1P2rK2/7R w - - 7 47,f2f1 e2e1 f1g2 e6e2 g2h3 e1h1,1141,75,98,1848,deflection endgame exposedKing long mate mateIn3 queenRookEndgame,https://lichess.org/ZCH4aLfm#93,,True,2,https://lichess.org/training/KXsjU
o47xy,r6r/P7/8/4R3/k5R1/2PK4/8/7q b - - 5 57,a4a3 e5a5 a3b2 g4b4 b2c1 a5a1,1141,76,97,4221,endgame long master mate mateIn3 queenRookEndgame,https://lichess.org/cNSsL9qH/black#114,,True,2,https://lichess.org/training/o47xy
WqBVn,3r4/6kp/2R2R2/8/2p2P2/5KP1/2r5/8 w - - 1 43,g3g4 d8d3 f3e4 c2e2 e4f5 d3d5,1141,75,100,212,endgame long mate mateIn3 rookEndgame,https://lichess.org/N6Ua8w0L#85,,True,2,https://lichess.org/training/WqBVn
xOXGS,6k1/R4R2/5p2/8/1P6/6KP/4r1r1/8 w - - 0 31,g3h4 e2e4 h4h5 g2g5 h5h6 e4h4,1142,86,56,38,endgame long mate mateIn3 rookEndgame,https://lichess.org/3fhwdxsF#61,,True,2,https://lichess.org/training/xOXGS
DiToj,2k4r/1p3p2/2p4p/2b3r1/BP3p2/P4P2/4QP1q/3RR2K w - - 0 28,h1h2 g5h5 h2g1 h8g8 g1f1 h5h1,1142,76,100,398,exposedKing long mate mateIn3 middlegame,https://lichess.org/vPR5dQRC#55,,True,2,https://lichess.org/training/DiToj
iFCdq,8/1pR4p/8/1p3k2/8/5P1K/r4r1P/7R w - - 2 31,c7b7 f2f3 h3h4 a2a4 h4h5 f3h3,1142,79,94,856,endgame exposedKing long mate mateIn3 rookEndgame,https://lichess.org/njMTUGpb#61,,True,2,https://lichess.org/training/iFCdq
4Sqj6,5k1r/pppR4/5p2/4bPp1/4p3/1P2P3/Pq1RKQPr/8 b - - 13 37,b2c3 d7d8 f8g7 d2d7 g7h6 d8h8,1143,75,96,2338,deflection exposedKing interference long mate mateIn3 middlegame,https://lichess.org/VN87anax/black#74,,True,2,https://lichess.org/training/4Sqj6
WAG6J,3r4/pp3kR1/2p1rp2/8/3P1P2/2P1n3/1K5P/6R1 b - - 1 31,f7f8 g7g8 f8e7 g1g7 e7d6 g8d8,1144,75,92,278,deflection endgame exposedKing long mate mateIn3,https://lichess.org/93T3Rv8V/black#62,,True,2,https://lichess.org/training/WAG6J
hxlHs,8/5Rk1/6p1/pb2r3/1p3R1K/6NP/5P2/6r1 b - - 0 50,g7g8 f7f8 g8h7 f4f7 h7h6 f8h8,1144,76,87,363,endgame exposedKing long mate mateIn3,https://lichess.org/o9RSPZA5/black#100,,True,2,https://lichess.org/training/hxlHs
fIYrm,6k1/p4R2/2r1p1p1/4P1N1/1P5P/P1pp2PK/2bq4/5R2 b - - 8 36,d2g5 f7f8 g8h7 f1f7 h7h6 f8h8,1144,76,100,1390,endgame exposedKing long mate mateIn3,https://lichess.org/ALgZZkAm/black#72,,True,2,https://lichess.org/training/fIYrm
nDrOE,5k2/1R4R1/7p/8/rPr4P/6K1/8/8 w - - 1 43,g7h7 a4a3 g3f2 c4c2 f2e1 a3a1,1144,84,93,5813,endgame long mate mateIn3 rookEndgame,https://lichess.org/rbV5BCkE#85,,True,2,https://lichess.org/training/nDrOE
sxDH4,3r4/p1r1b1k1/1p1PQpp1/7p/P3P2P/5PP1/1B6/3R3K w - - 1 40,d6e7 d8d1 h1g2 c7c2 g2h3 d1h1,1145,78,96,5874,endgame exposedKing fork hangingPiece long mate mateIn3,https://lichess.org/08qQevNp#79,,True,2,https://lichess.org/training/sxDH4
Lfhvt,rnn4r/1p3k1p/p2N4/2b3p1/5R2/2N3P1/PPP4P/2K1R3 b - - 1 23,f7g6 e1e6 g6g7 f4f7 g7g8 e6e8,1145,76,100,319,long mate mateIn3 middlegame,https://lichess.org/Jyhnygex/black#46,,True,2,https://lichess.org/training/Lfhvt
MN2ZK,5rk1/1R3Q1p/5ppP/8/p1P5/6P1/2q2PK1/3R4 b - - 0 32,f8f7 d1d8 f7f8 b7g7 g8h8 d8f8,1146,78,94,716,deflection endgame long mate mateIn3 queenRookEndgame,https://lichess.org/eJsK3hVg/black#64,,True,2,https://lichess.org/training/MN2ZK
KYN7s,6k1/8/p4Rp1/1p2rbp1/3p2P1/Pr1P4/8/5RK1 b - - 0 40,f5d3 f6f8 g8h7 f1f7 h7h6 f8h8,1146,94,77,74,endgame exposedKing long mate mateIn3,https://lichess.org/nOt1jGwF/black#80,,True,2,https://lichess.org/training/KYN7s
JCEex,4rb2/p4p1k/1pp2P2/3p1R1p/8/6R1/PPr1N1PP/3K4 b - - 0 31,e8e2 f5h5 f8h6 g3g7 h7h8 h5h6,1147,75,86,312,deflection endgame exposedKing long mate mateIn3 pin,https://lichess.org/yFz1pkgQ/black#62,,True,2,https://lichess.org/training/JCEex
OEKtq,3r3k/2R3R1/7P/8/1rp5/6P1/3p1PK1/8 b - - 3 43,d2d1q g7h7 h8g8 c7g7 g8f8 h7h8,1147,77,95,13144,endgame exposedKing long mate mateIn3 queenRookEndgame,https://lichess.org/vYhvcRsh/black#86,,True,2,https://lichess.org/training/OEKtq
iD7Ph,rn4k1/p1p4R/1p1pp1p1/6N1/3P4/3P4/PP4r1/2K4R b - - 1 21,g2g5 h7h8 g8f7 h1h7 f7f6 h8f8,1148,77,98,361,endgame exposedKing long mate mateIn3,https://lichess.org/hyJREBUi/black#42,,True,2,https://lichess.org/training/iD7Ph
jI80F,2r5/3Q4/4P3/3Pk3/4p3/1p5P/1Pr5/3K4 w - - 3 37,e6e7 c2c1 d1e2 c8c2 e2e3 c1e1,1148,77,100,90,endgame exposedKing long mate mateIn3 queenRookEndgame,https://lichess.org/dKBR8t68#73,,True,2,https://lichess.org/training/jI80F
rlmMv,6k1/1bp5/p1p2Rp1/3p4/3P2r1/2P4K/PP2q3/5R2 b - - 2 31,g4g5 f6f8 g8h7 f1f7 h7h6 f8h8,1149,75,85,100,endgame exposedKing long mate mateIn3,https://lichess.org/dvgYDDU9/black#62,,True,2,https://lichess.org/training/rlmMv
SNSct,6R1/1p1R3p/p5k1/2p2p2/4pP2/2P1n2q/1P5B/7K b - - 5 41,g6h6 d7d6 h6h5 g8g5 h5h4 d6h6,1149,75,97,1102,endgame exposedKing long mate mateIn3,https://lichess.org/ohGUjBeA/black#82,,True,2,https://lichess.org/training/SNSct
EEUEE,5rk1/bp3r1B/p1p1R3/7R/2Pp2p1/8/PP4PP/7K b - - 2 34,g8g7 e6g6 g7h8 h7g8 f7h7 h5h7,1149,77,86,79,discoveredAttack endgame exposedKing long mate mateIn3,https://lichess.org/Yzj0UtTw/black#68,,True,2,https://lichess.org/training/EEUEE
G0GoX,5r1k/3R2R1/1p2p1pK/2b1P2p/p4P1P/6Pq/8/8 b - - 3 40,f8a8 g7h7 h8g8 d7g7 g8f8 h7h8,1149,82,91,368,endgame exposedKing long mate mateIn3,https://lichess.org/gMI369yA/black#80,,True,2,https://lichess.org/training/G0GoX
DnhfO,8/p3R1k1/1bp2p2/5Pp1/1P6/q7/6K1/4R3 b - - 3 48,g7f8 e7e8 f8g7 e1e7 g7h6 e8h8,1149,149,68,14,endgame exposedKing long mate mateIn3,https://lichess.org/4aifYg5G/black#96,,True,2,https://lichess.org/training/DnhfO
bKZTF,2R4R/k1p5/p2r4/K2p1p2/3P4/2P5/1P3r2/8 b - - 1 39,d6d7 c8a8 a7b7 h8b8 b7c6 a8a6,1150,81,94,160,deflection endgame long mate mateIn3 rookEndgame,https://lichess.org/Cz16OMtN/black#78,,True,2,https://lichess.org/training/bKZTF
2awmY,k3r3/Q1pq1p2/2p2Br1/2p1P2p/7P/1R1P1Pp1/P1P3P1/5RK1 b - - 0 27,a8a7 b3a3 a7b8 f1b1 b8c8 a3a8,1150,77,89,435,endgame exposedKing long mate mateIn3,https://lichess.org/hZm1fUNM/black#54,,True,2,https://lichess.org/training/2awmY
SQdvE,3r4/3r4/1R3pk1/p1p1pNPp/PnP4P/8/1P3P2/4R1K1 b - - 0 33,g6f5 b6f6 f5g4 e1e4 g4h3 f6f3,1150,75,100,580,endgame long master masterVsMaster mate mateIn3,https://lichess.org/rWbJK7m5/black#66,,True,2,https://lichess.org/training/SQdvE
hgG75,3r3r/1pp2ppp/1q3k2/1P6/8/R7/1P3P1K/4R3 b - - 7 29,d8d6 a3f3 f6g6 e1g1 g6h6 f3h3,1151,79,78,274,endgame exposedKing long mate mateIn3 queenRookEndgame,https://lichess.org/k5NF3xdc/black#58,,True,2,https://lichess.org/training/hgG75
pN884,8/1p1R1R2/1P4k1/8/4r3/6Pp/2r4P/6K1 w - - 1 47,f7f2 e4e1 f2f1 c2g2 g1h1 e1f1,1151,76,93,3254,deflection endgame long master mate mateIn3 rookEndgame,https://lichess.org/GEblmxVR#93,,True,2,https://lichess.org/training/pN884
7nj4I,3r1k2/R3R1p1/p4p1p/1p6/5P2/P1Pr2P1/7P/2K5 w - - 0 29,e7g7 d3d1 c1c2 d8d2 c2b3 d1b1,1151,78,93,578,endgame exposedKing long mate mateIn3 rookEndgame,https://lichess.org/P1XYi501#57,,True,2,https://lichess.org/training/7nj4I
RyTx8,1r6/5k2/p3Rp2/3p1Pp1/2pP3r/P1P3K1/1P2R3/8 b - - 8 41,b8h8 e6e7 f7g8 e7e8 g8h7 e2e7 h7h6 e8h8,1151,77,96,4108,deflection endgame mate mateIn4 rookEndgame veryLong,https://lichess.org/yC92BVCx/black#82,,True,2,https://lichess.org/training/RyTx8
0Z1Kr,5rk1/8/p4bpP/q3p1Q1/Pp1pP3/1P1P4/5RK1/5R2 b - - 0 37,f6g5 f2f8 g8h7 f1f7 h7h6 f8h8,1151,77,78,97,endgame exposedKing long mate mateIn3,https://lichess.org/wWeRfJgT/black#74,,True,2,https://lichess.org/training/0Z1Kr
ERLT7,6k1/5r2/1P4p1/P7/2Q3p1/5rP1/8/6KR w - - 2 44,c4g4 f3f1 g1h2 f7f2 h2h3 f1h1,1152,81,80,257,deflection endgame exposedKing long mate mateIn3 queenRookEndgame,https://lichess.org/JWivgg0D#87,,True,2,https://lichess.org/training/ERLT7
6QtLJ,1R4R1/4r2p/7k/4Pp2/2p2P1P/1pr5/5K2/8 b - - 3 50,e7a7 b8b6 h6h5 g8g5 h5h4 b6h6,1152,78,100,111,endgame exposedKing long mate mateIn3 rookEndgame,https://lichess.org/OAxrPvtn/black#100,,True,2,https://lichess.org/training/6QtLJ
aSktO,5rk1/p2b1p2/3p2Q1/1pqPr3/2P2R1P/8/PP4P1/5R1K b - - 0 28,f7g6 f4f8 g8h7 f1f7 h7h6 f8h8,1152,77,95,80,endgame exposedKing fork long mate mateIn3,https://lichess.org/EJyX8wX8/black#56,,True,2,https://lichess.org/training/aSktO
f4cZA,8/3r1p1p/4p1p1/6k1/3r4/1P4N1/R1K2R1P/8 w - - 1 44,a2b2 d7c7 c2b1 d4d1 b1a2 c7a7,1153,80,87,502,endgame long mate mateIn3,https://lichess.org/T9PwR3sc#87,,True,2,https://lichess.org/training/f4cZA
8mkZe,5k2/pp2p2R/4B1p1/6r1/3K4/2P5/4r3/7R b - - 1 37,e2e6 h7h8 f8f7 h1h7 f7f6 h8f8,1154,77,96,3852,endgame long mate mateIn3 rookEndgame,https://lichess.org/HWbrBegW/black#74,,True,2,https://lichess.org/training/8mkZe
Td13k,6k1/6R1/2p2p2/2p1qP1P/2PpP3/1r1P1K2/8/6R1 b - - 0 38,g8f8 g7g8 f8e7 g1g7 e7d6 g8d8,1154,75,100,217,endgame exposedKing long mate mateIn3 queenRookEndgame,https://lichess.org/HIOhzJA3/black#76,,True,2,https://lichess.org/training/Td13k
BgBTN,1r6/5p2/3p1N1k/8/p2pP3/2pP4/1rP3Q1/K7 w - - 2 43,g2g4 b2b1 a1a2 b8b2 a2a3 b1a1,1155,78,89,334,endgame exposedKing long mate mateIn3,https://lichess.org/Bi0kMdti#85,,True,2,https://lichess.org/training/BgBTN
8QSuo,8/4R2R/6p1/1p4k1/p1p4P/P1r5/3r1PK1/8 b - - 0 39,g5f5 h7f7 f5g4 e7e4 g4h5 f7h7,1156,87,93,2382,endgame long mate mateIn3 rookEndgame,https://lichess.org/DeT3fDYJ/black#78,,True,2,https://lichess.org/training/8QSuo
z2UCx,8/p3nRk1/1p2p1p1/3pP1r1/3P4/r7/7K/5R2 b - - 1 40,g7g8 f7f8 g8h7 f1f7 h7h6 f8h8,1156,78,92,541,endgame exposedKing fork long mate mateIn3,https://lichess.org/YpPwUcKe/black#80,,True,2,https://lichess.org/training/z2UCx
ql6ky,6rk/5p2/p4P2/1p2R2p/8/P4R1P/1r6/5K2 b - - 0 33,g8c8 e5h5 h8g8 f3g3 g8f8 h5h8,1156,77,93,1033,endgame exposedKing long mate mateIn3 rookEndgame,https://lichess.org/I8XhaSDr/black#66,,True,2,https://lichess.org/training/ql6ky
y7YD3,1R1r2k1/p5pp/4pr2/7q/3P4/2P1P1Qb/5P1P/R5K1 b - - 1 25,f6g6 b8d8 g8f7 a1a7 f7f6 d8f8,1157,75,79,128,hangingPiece long mate mateIn3 middlegame,https://lichess.org/pZFrWY1n/black#50,,True,2,https://lichess.org/training/y7YD3
s2P2Z,r1b3k1/pp6/4pRp1/3pP3/8/4q3/P5PP/5R1K b - - 1 25,e3g5 f6f8 g8h7 f1f7 h7h6 f8h8,1157,78,82,266,endgame exposedKing long mate mateIn3,https://lichess.org/GfJtB944/black#50,,True,2,https://lichess.org/training/s2P2Z
7IHzM,6r1/p1N2p1p/2bR4/1R6/2p2P2/N1k5/P4KrP/8 w - - 3 34,f2f1 g2g1 f1f2 g8g2 f2e3 g1e1,1157,79,91,664,exposedKing long mate mateIn3 middlegame,https://lichess.org/dxEFPmkp#67,,True,2,https://lichess.org/training/7IHzM
dvkHG,5Rk1/1pp5/p2p2r1/4p3/4P1r1/1P1P4/1PP4K/5R2 b - - 1 34,g8g7 f1f7 g7h6 f8h8 h6g5 f7f5,1158,77,95,6889,endgame exposedKing long mate mateIn3 rookEndgame,https://lichess.org/OEh0QbA9/black#68,,True,2,https://lichess.org/training/dvkHG
ujcXm,7k/5p2/5P2/3bP2p/2r5/3K2R1/r7/6R1 b - - 5 52,c4h4 g3g8 h8h7 g1g7 h7h6 g8h8,1158,79,100,779,endgame exposedKing long mate mateIn3,https://lichess.org/gtxQvqHb/black#104,,True,2,https://lichess.org/training/ujcXm
8kNNz,5r2/3P3k/p3p1p1/1p3r1p/3R3P/PP4P1/2P5/6K1 w - - 0 36,d7d8q f5f1 g1h2 f8f2 h2h3 f1h1,1158,75,100,178,endgame exposedKing long master masterVsMaster mate mateIn3 queenRookEndgame,https://lichess.org/jMb4460m#71,,True,2,https://lichess.org/training/8kNNz
w64Ej,2r5/pR4pk/4p2p/3pP3/3P1pP1/q4Q1P/8/2rR2K1 w - - 0 28,f3a3 c1d1 g1f2 c8c2 f2f3 d1f1,1159,78,86,165,endgame exposedKing hangingPiece long mate mateIn3 queenRookEndgame,https://lichess.org/UyS2HcRo#55,,True,2,https://lichess.org/training/w64Ej
s8POt,6k1/p1r2pbp/8/8/R2p4/P1N3PP/r4P2/3RN1K1 b - - 0 38,d4c3 d1d8 g7f8 a4g4 g8h8 d8f8,1160,77,73,91,deflection endgame long mate mateIn3 pin,https://lichess.org/VrKDwpkm/black#76,,True,2,https://lichess.org/training/s8POt
NfGoo,2r4k/R5R1/2r1p2P/5p2/8/4p3/1K6/8 b - - 1 45,e3e2 g7h7 h8g8 a7g7 g8f8 h7h8,1160,78,93,1190,endgame exposedKing long mate mateIn3 rookEndgame,https://lichess.org/F4XzN4XT/black#90,,True,2,https://lichess.org/training/NfGoo
dbP7T,6k1/4b1p1/p2B3p/1p1P3r/r7/3Q1p1P/PP3P2/3R3K w - - 5 30,d6e7 h5h3 h1g1 a4g4 g1f1 h3h1,1160,83,41,40,endgame exposedKing long mate mateIn3,https://lichess.org/ZmjkrdaG#59,,True,2,https://lichess.org/training/dbP7T
A0Kfy,7r/2p5/1p6/p1b1p1R1/P6p/1P3k1P/4R3/5K2 b - - 7 41,c5d4 g5f5 f3g3 e2g2 g3h3 f5f3,1161,76,88,2231,endgame long mate mateIn3,https://lichess.org/p59zZhCz/black#82,,True,2,https://lichess.org/training/A0Kfy
fL8Hf,6k1/2R2p1p/p2p2p1/3P3P/1pPp4/1P1B1P2/P1Q2PK1/r3r3 w - - 1 29,h5h6 e1g1 g2h3 g1h1 h3g4 a1g1 g4f4 h1h4,1161,75,0,211,endgame mate mateIn4 veryLong,https://lichess.org/J1IB8uRO#57,,True,2,https://lichess.org/training/fL8Hf
Xfi1O,7k/pp3pRp/2p2P2/2n1rP2/8/PPr4P/5K2/6R1 b - - 3 27,h7h5 g7g8 h8h7 g1g7 h7h6 g8h8,1161,76,100,93,endgame exposedKing long mate mateIn3,https://lichess.org/23NVo6pf/black#54,,True,2,https://lichess.org/training/Xfi1O
ifIT9,6k1/p6p/3p2P1/2pP4/4n2P/5R1K/Pr2r3/5R2 b - - 0 33,h7g6 f3f8 g8h7 f1f7 h7h6 f8h8,1162,105,88,28,endgame exposedKing long mate mateIn3,https://lichess.org/mMVcmfui/black#66,,True,2,https://lichess.org/training/ifIT9
nlLe9,8/7p/8/1k2R3/5R2/6P1/r6r/4K3 b - - 11 45,b5a6 f4f6 a6b7 e5e7 b7c8 f6f8,1162,80,82,340,endgame exposedKing long mate mateIn3 rookEndgame,https://lichess.org/MRvW6XT8/black#90,,True,2,https://lichess.org/training/nlLe9
TazCa,8/kPprb3/2p1q3/2n4p/2PB1pp1/8/6PP/R2R2K1 b - - 0 32,a7b7 d1b1 c5b3 b1b3 e7b4 b3b4 b7c8 a1a8,1163,81,94,748,mate mateIn4 middlegame veryLong,https://lichess.org/cYIIZ5qh/black#64,,True,2,https://lichess.org/training/TazCa
27WrL,6k1/1R6/P6R/8/1pr5/6K1/r7/8 w - - 11 57,a6a7 a2a3 g3f2 c4c2 f2e1 a3a1,1163,80,94,8562,endgame exposedKing long mate mateIn3 rookEndgame,https://lichess.org/z2M1op34#113,,True,2,https://lichess.org/training/27WrL
FuYGe,2k5/1pR5/p4p2/4p1pp/4P3/Br5P/P2r1qP1/2R1N2K b - - 0 31,c8d8 c7c8 d8d7 c1c7 d7e6 c8e8,1164,78,87,540,exposedKing long mate mateIn3 middlegame,https://lichess.org/YQYuij5i/black#62,,True,2,https://lichess.org/training/FuYGe
vrjgX,r7/pp6/n2p1R1p/2pP2k1/4r1P1/b7/6P1/5R1K b - - 0 31,e4g4 f1f5 g5h4 f6h6 h4g3 f5f3,1165,82,94,19914,deflection endgame long mate mateIn3,https://lichess.org/88RJOGV2/black#62,,True,2,https://lichess.org/training/vrjgX
RunHo,5r1k/8/p7/3P4/2Q3p1/P1P2rP1/1P6/6K1 w - - 3 42,c4g4 f3f1 g1h2 f8f2 h2h3 f1h1,1166,81,95,469,endgame exposedKing long mate mateIn3 queenRookEndgame,https://lichess.org/w8w4reiO#83,,True,2,https://lichess.org/training/RunHo
IguMn,8/p5k1/2Q1p2p/1P1p4/3PpP2/4P2K/r5rP/8 w - - 0 35,c6e6 g2h2 h3g4 a2g2 g4f5 h2h5,1166,82,94,5236,endgame exposedKing long mate mateIn3 queenRookEndgame,https://lichess.org/MRyaCke1#69,,True,2,https://lichess.org/training/IguMn
sZL6a,1r6/1r4pR/2p1RP2/2kp2P1/p1nN4/8/P1P5/2K5 w - - 5 43,c2c3 b7b1 c1c2 b8b2 c2d3 b1d1,1166,85,92,3060,endgame exposedKing long mate mateIn3,https://lichess.org/ORwMUKMN#85,,True,2,https://lichess.org/training/sZL6a
fGeRQ,4r1k1/R7/2p4p/6p1/6Kr/2N5/PP6/6R1 w - - 3 39,g4f5 h4f4 f5g6 e8e6 g6h5 f4h4,1166,172,82,4,endgame long mate mateIn3,https://lichess.org/oZHsk8B7#77,,True,2,https://lichess.org/training/fGeRQ
ChNXn,3q3k/pp3r1p/3P2nb/1P1Np3/4P1B1/BQ1R2P1/P4r2/2R3K1 w - - 1 33,c1c8 f2f1 g1h2 f7f2 h2h3 f1h1,1166,77,94,4230,exposedKing kingsideAttack long master mate mateIn3 middlegame,https://lichess.org/M32itDAB#65,,True,2,https://lichess.org/training/ChNXn
IEu2Q,8/4P3/7p/6p1/1P6/k7/2rr2PP/K3R3 w - - 0 46,e7e8q c2a2 a1b1 d2b2 b1c1 a2a1,1167,77,95,18069,endgame exposedKing long mate mateIn3 queenRookEndgame,https://lichess.org/dOkzcfQc#91,,True,2,https://lichess.org/training/IEu2Q
42Ood,8/8/8/K3rk2/R7/8/R7/6r1 w - - 7 78,a5a6 g1g6 a6b7 e5e7 b7c8 g6g8,1167,80,90,75,endgame long master masterVsMaster mate mateIn3 rookEndgame,https://lichess.org/dXhhEkNX#155,,True,2,https://lichess.org/training/42Ood
j3OOf,6k1/p5p1/5r1r/2Q5/2P2p2/5P2/P1P5/R4RK1 w - - 1 34,a1d1 f6g6 c5g5 g6g5 g1f2 h6h2 f2e1 g5e5,1167,77,88,316,endgame exposedKing mate mateIn4 queenRookEndgame veryLong,https://lichess.org/2q3QjspK#67,,True,2,https://lichess.org/training/j3OOf
cwbRR,6k1/p1p2p1p/1r1r4/K2pBBP1/3P1n2/2P5/P7/R7 w - - 10 36,e5f4 b6a6 a5b4 d6b6 b4c5 a6a5,1168,78,92,2862,endgame long mate mateIn3,https://lichess.org/FfaOBBRe#71,,True,2,https://lichess.org/training/cwbRR
cID4a,r5r1/p2R4/8/4p3/4p3/2P1k3/2b4P/4R2K b - - 1 43,e3f3 d7f7 f3g4 e1g1 g4h5 f7h7,1168,75,97,12729,endgame long mate mateIn3,https://lichess.org/Zc4eO6kI/black#86,,True,2,https://lichess.org/training/cID4a
hxHMF,8/4Q2p/4P2k/6p1/2B5/7p/5rr1/4R1K1 w - - 7 48,g1h1 g2h2 h1g1 f2g2 g1f1 h2h1,1169,76,92,740,endgame exposedKing long master masterVsMaster mate mateIn3,https://lichess.org/o2nhvFUF#95,,True,2,https://lichess.org/training/hxHMF
ipYoo,r6k/1R6/4R3/1p2P3/1r3P2/6K1/8/8 w - - 1 44,f4f5 a8a3 g3f2 b4b2 f2e1 a3a1,1169,78,91,1473,endgame exposedKing long mate mateIn3 rookEndgame,https://lichess.org/5NcjITw1#87,,True,2,https://lichess.org/training/ipYoo
k0VXT,8/8/1r5p/1r1p1pP1/1P1R4/1K5k/2R5/8 b - - 0 42,h6g5 c2c3 h3g2 d4d2 g2f1 c3c1,1169,76,89,537,endgame long mate mateIn3 rookEndgame,https://lichess.org/5tbllT0E/black#84,,True,2,https://lichess.org/training/k0VXT
UGg46,3Q2k1/1p3ppp/2p1p1n1/p3P2N/P2rR3/5P2/1q3P2/3R1K2 b - - 0 31,d4d8 d1d8 g6f8 h5f6 g7f6 e4g4 g8h8 d8f8,1170,78,91,404,deflection endgame mate mateIn4 veryLong,https://lichess.org/poltjDca/black#62,,True,2,https://lichess.org/training/UGg46
q8sG9,5rk1/1R3N1p/p3R1pP/8/7q/8/P4PP1/6K1 b - - 0 29,f8f7 e6e8 f7f8 b7g7 g8h8 e8f8,1170,77,98,1046,deflection endgame long mate mateIn3 queenRookEndgame,https://lichess.org/OJ6bJ7nf/black#58,,True,2,https://lichess.org/training/q8sG9
tKenu,rr4k1/5ppp/4b3/B5P1/1b5P/5P2/P1PR4/K4B1R w - - 0 27,a5b4 a8a2 a1b1 b8b4 b1c1 a2a1,1170,74,97,1274,intermezzo long mate mateIn3 middlegame,https://lichess.org/AkK7CqT1#53,,True,2,https://lichess.org/training/tKenu
rZAEk,8/6R1/4rp2/8/5k1R/2K5/4r2P/8 b - - 8 57,f4f3 g7g3 f3f2 h4f4 f2e1 g3g1,1170,148,33,28,endgame long mate mateIn3 rookEndgame,https://lichess.org/zSGSoXXa/black#114,,True,2,https://lichess.org/training/rZAEk
GMjtp,5rk1/1b3p2/p2r1RQ1/1p1P3p/7P/qB6/6P1/5R1K b - - 0 33,f7g6 f6f8 g8h7 f1f7 h7h6 f8h8,1171,81,95,4710,exposedKing fork long mate mateIn3 middlegame,https://lichess.org/jRBgebEj/black#66,,True,2,https://lichess.org/training/GMjtp
2Fh2k,6k1/6p1/5r2/4p3/P5R1/2P3P1/2QP1rK1/2B5 w - - 5 41,g2g1 f2f1 g1h2 f6f2 h2h3 f1h1,1171,81,93,779,endgame exposedKing long mate mateIn3,https://lichess.org/GCkgTmVg#81,,True,2,https://lichess.org/training/2Fh2k
14UId,3r2rk/1pp2p1p/1p3p2/4pN2/4P3/2P2P1b/P5PP/RN3RK1 w - - 1 18,f1f2 d8d1 f2f1 g8g2 g1h1 d1f1,1172,76,64,256,deflection kingsideAttack long mate mateIn3 middlegame pin,https://lichess.org/BHCmB9x8#35,Italian_Game Italian_Game_Classical_Variation,True,2,https://lichess.org/training/14UId
A0Svm,3R1bk1/2rNp3/5pp1/6r1/1p6/1P6/1K2R3/8 b - - 1 35,g8f7 d8f8 f7g7 e2e7 g7h6 f8h8,1172,75,81,137,deflection endgame long mate mateIn3,https://lichess.org/Wt5xh1VK/black#70,,True,2,https://lichess.org/training/A0Svm
nUqso,2r3r1/2p1R3/1p1p2kp/3P2p1/p1P1R3/8/P5K1/8 b - - 9 44,h6h5 e4e6 g6f5 e7f7 f5g4 e6e4,1172,76,89,230,endgame long mate mateIn3 rookEndgame,https://lichess.org/5FLR4DWV/black#88,,True,2,https://lichess.org/training/nUqso
PMES0,1r6/2kb4/3p1QP1/3PpPp1/p3P3/p1p5/1rP5/K2B2R1 w - - 0 44,f6g5 b2b1 a1a2 b8b2 a2a3 b1a1,1172,74,100,165,endgame exposedKing long mate mateIn3,https://lichess.org/ofobYUoL#87,,True,2,https://lichess.org/training/PMES0
JwHMn,1r2k3/1r2q3/3p1B1Q/p3p2P/2p1P3/2P2P2/PP6/1K6 w - - 0 33,f6e7 b7b2 b1c1 b2b1 c1d2 b8b2 d2e3 b1e1,1172,77,94,697,endgame mate mateIn4 veryLong,https://lichess.org/0vFCXjiW#65,,True,2,https://lichess.org/training/JwHMn
S7Ea2,6kr/pp1b4/4r1p1/3p2p1/6P1/1P6/P2N1R1P/5R1K b - - 1 27,d7c6 f2f8 g8h7 f1f7 h7h6 f8h8,1173,116,67,19,deflection endgame exposedKing long mate mateIn3,https://lichess.org/0cbTNXhh/black#54,,True,2,https://lichess.org/training/S7Ea2
KrWq2,8/7p/2R1b2k/4Pp2/5P2/1r6/1p3K1P/6R1 b - - 13 43,b2b1q c6e6 h6h5 g1g5 h5h4 e6h6,1173,81,78,318,endgame exposedKing hangingPiece long mate mateIn3,https://lichess.org/DLLyOGcT/black#86,,True,2,https://lichess.org/training/KrWq2
xP99G,8/1r6/3p1r2/3P1b2/p1P2p1k/N4P2/1Pp1R3/K5R1 b - - 14 42,b7b3 e2h2 f5h3 g1g4 h4h5 h2h3,1174,77,95,4317,deflection endgame long master mate mateIn3 pin,https://lichess.org/ulBEKewl/black#84,,True,2,https://lichess.org/training/xP99G
80mq5,2k5/p5p1/5p2/1PpN2p1/3bR1P1/6r1/P1P2r2/4R2K b - - 7 38,f2c2 e4e8 c8d7 e1e7 d7d6 e8d8,1174,76,87,1527,endgame exposedKing long master mate mateIn3,https://lichess.org/3FjoeLRl/black#76,,True,2,https://lichess.org/training/80mq5
bsHnq,6r1/pp1R2rk/2n2Q1p/5p2/4pP2/8/PP4PP/6K1 w - - 2 29,d7d6 g7g2 g1f1 g2g1 f1f2 g8g2 f2e3 g1e1,1174,78,95,10253,endgame mate mateIn4 veryLong,https://lichess.org/JEMpkLmI#57,,True,2,https://lichess.org/training/bsHnq
vXQ01,2r1r3/8/1p1R3p/p5p1/k2p4/7P/P1P3P1/1R4K1 b - - 0 35,c8b8 d6d4 a4a3 b1b3 a3a2 d4a4,1174,78,86,318,endgame long mate mateIn3 rookEndgame,https://lichess.org/hgy53Cdc/black#70,,True,2,https://lichess.org/training/vXQ01
qxSkk,6Q1/1p3R2/2pkp3/3p4/3P4/p3P3/1rr5/1K1R4 w - - 1 40,b1a1 b2a2 a1b1 c2b2 b1c1 a2a1,1175,79,91,866,endgame exposedKing long mate mateIn3 queenRookEndgame,https://lichess.org/wHd2Jgvc#79,,True,2,https://lichess.org/training/qxSkk
LZj2G,5r2/1b5r/8/1R3p1p/R3k1pK/6P1/8/8 b - - 3 46,e4f3 b5b3 f3e2 a4a2 e2d1 b3b1,1175,74,90,198,endgame long mate mateIn3,https://lichess.org/EGmRaPX3/black#92,,True,2,https://lichess.org/training/LZj2G
ue4FU,8/p1k4p/2p1pp2/2Pp1p2/3P4/1R1QPP1K/r5rP/8 w - - 1 29,d3b1 g2h2 h3g3 a2g2 g3f4 h2h4,1175,81,90,664,endgame exposedKing long mate mateIn3 queenRookEndgame,https://lichess.org/rneREQIj#57,,True,2,https://lichess.org/training/ue4FU
WY69q,3r1n2/4R1R1/pp1P4/6kp/PP6/5K1P/2r5/8 b - - 3 32,g5h4 e7e4 h4h3 g7g3 h3h2 e4h4,1175,76,93,3390,endgame long mate mateIn3,https://lichess.org/PdFgbzh4/black#64,,True,2,https://lichess.org/training/WY69q
0cjor,5rk1/pR5p/2n3pP/3p4/5P2/2P1R3/6PK/3r4 b - - 2 31,f8f4 e3e8 f4f8 b7g7 g8h8 e8f8,1176,76,91,269,deflection endgame long mate mateIn3,https://lichess.org/xBvGT8bT/black#62,,True,2,https://lichess.org/training/0cjor
vYkfE,3rk1r1/pQp2p2/5p1p/2p5/2P1PP2/2P4b/PP3RPP/R2q2K1 w - - 3 19,a1d1 d8d1 f2f1 g8g2 g1h1 d1f1,1176,74,96,1173,deflection endgame kingsideAttack long mate mateIn3 pin,https://lichess.org/Wfz182lG#37,,True,2,https://lichess.org/training/vYkfE
9Vigz,4k3/pp1b1p2/4p2p/P2pP1pq/1Q4P1/P2B3P/R2NRP1K/2rr4 w - - 1 25,g4h5 d1h1 h2g3 c1g1 g3f3 h1h3,1176,75,88,119,deflection long mate mateIn3 middlegame,https://lichess.org/QukwRuUx#49,,True,2,https://lichess.org/training/9Vigz
MM7aR,7r/8/6R1/1R4p1/1P1P4/1Kr5/P2k4/8 w - - 0 38,b3b2 c3c2 b2b3 h8h3 b3a4 c2a2,1176,79,96,17364,deflection endgame long mate mateIn3 rookEndgame,https://lichess.org/mzJaiIs9#75,,True,2,https://lichess.org/training/MM7aR
UNOVd,2r1k3/5R2/8/1pNBb3/1P4np/4r3/8/3K1R2 b - - 3 42,c8c5 f7f8 e8d7 f1f7 d7d6 f8d8,1176,76,100,427,exposedKing long mate mateIn3 middlegame,https://lichess.org/cqMKU667/black#84,,True,2,https://lichess.org/training/UNOVd
iLPHc,8/p3pRk1/6p1/6b1/8/2P5/PP2q3/1K3R2 b - - 1 29,g7g8 f7f8 g8h7 f1f7 h7h6 f8h8,1177,75,98,4413,endgame exposedKing long mate mateIn3,https://lichess.org/oAvkrVEe/black#58,,True,2,https://lichess.org/training/iLPHc
8E2uP,6k1/p1p3R1/1p1r1p2/2p1p2p/4Pq2/P1P2P2/5P1P/6RK b - - 0 26,g8f8 g7g8 f8e7 g1g7 e7e6 g8e8,1177,238,43,4,endgame exposedKing long master mate mateIn3 queenRookEndgame,https://lichess.org/TfXb7wTi/black#52,,True,2,https://lichess.org/training/8E2uP
ZHySj,5r2/1R4pk/2p1Q3/P1Pp1r1p/4p2P/4P1q1/5P2/5RK1 w - - 0 30,f2g3 f5f1 g1h2 f8f2 h2h3 f1h1,1177,112,69,30,endgame exposedKing long master mate mateIn3 queenRookEndgame,https://lichess.org/ktTmLFzL#59,,True,2,https://lichess.org/training/ZHySj
WHviN,1R6/pb2rk1p/6r1/3R4/2pB4/2P5/P4PP1/6K1 w - - 8 32,d5h5 e7e1 g1h2 g6g2 h2h3 e1h1,1177,83,83,33,endgame long mate mateIn3,https://lichess.org/VudapVBc#63,,True,2,https://lichess.org/training/WHviN
3b1ff,6kr/5R2/1p6/p2pN1p1/3Pn3/2P5/PP2r3/5RK1 b - - 9 34,h8h3 f7f8 g8h7 f1f7 h7h6 f8h8,1178,106,100,32,endgame exposedKing long mate mateIn3,https://lichess.org/LAEkHSKA/black#68,,True,2,https://lichess.org/training/3b1ff
unb9o,2r5/2p2p2/3r3p/2p1pP2/2k1P1p1/R1P5/PR2K1PP/8 b - - 12 40,c8d8 a3a4 c4c3 b2b3 c3c2 a4c4,1178,75,98,1806,endgame long mate mateIn3 rookEndgame,https://lichess.org/3WjHFLv0/black#80,,True,2,https://lichess.org/training/unb9o
8Cycs,2k1r1r1/pp3p2/8/3p4/2pP1P2/1PP2P2/P6K/R4R2 w - - 1 30,a1e1 g8h8 h2g1 e8g8 g1f2 h8h2 f2e3 g8e8,1178,76,96,664,endgame exposedKing mate mateIn4 rookEndgame veryLong,https://lichess.org/vV6PLPQz#59,,True,3,https://lichess.org/training/8Cycs
1gKsc,7r/p3bk1r/1pR1p3/6p1/3PN3/P2P1PP1/1P6/4R1K1 w - - 1 26,c6c7 h7h1 g1f2 h8h2 f2e3 h1e1,1179,97,70,38,deflection endgame exposedKing long mate mateIn3,https://lichess.org/38J9Mu0F#51,,True,2,https://lichess.org/training/1gKsc
zUyCl,1r6/4R3/4ppk1/3p2p1/3P2Pp/4P2P/RPr5/6K1 w - - 0 36,a2a7 c2c1 g1f2 b8b2 f2f3 c1f1,1179,92,88,34,endgame exposedKing long mate mateIn3 rookEndgame,https://lichess.org/LEBfy0ey#71,,True,2,https://lichess.org/training/zUyCl
sKNmJ,8/3RR3/p1p5/1k3r2/1P4pp/P6P/5r2/6K1 w - - 2 45,h3g4 f2f1 g1h2 f5f2 h2h3 f1h1,1179,86,88,424,endgame exposedKing long mate mateIn3 rookEndgame,https://lichess.org/THpF8mnO#89,,True,2,https://lichess.org/training/sKNmJ
FF7m7,3rr3/p1R2pp1/k2pb3/2p4p/2P4P/6P1/PR3P2/2K5 b - - 7 30,d8d7 c7c6 a6a5 b2b5 a5a4 c6a6,1179,78,100,557,endgame exposedKing long mate mateIn3,https://lichess.org/zNh1RMjj/black#60,,True,2,https://lichess.org/training/FF7m7
Wt9o7,2r4r/p2k1ppp/8/8/4K3/5P2/Pb3P1P/3RR3 b - - 3 21,d7e6 e4f4 b2e5 e1e5 e6f6 d1d6,1180,75,97,964,discoveredAttack endgame exposedKing long mate mateIn3,https://lichess.org/kZwek57U/black#42,,True,2,https://lichess.org/training/Wt9o7
aDzu6,4r1k1/R6R/5p1p/5Kp1/1P2P1P1/5P2/5r2/8 w - - 4 40,f5f6 f2f3 f6g6 e8e6 g6h5 f3h3,1180,76,98,1266,endgame long mate mateIn3 rookEndgame,https://lichess.org/sieVl8lS#79,,True,2,https://lichess.org/training/aDzu6
h1P5S,1r6/4k3/8/p1R1P3/3N4/2pP4/P1P2r2/K7 w - - 2 37,a2a4 f2f1 a1a2 b8b2 a2a3 f1a1,1180,79,88,385,endgame exposedKing long mate mateIn3,https://lichess.org/A0GhKSdb#73,,True,2,https://lichess.org/training/h1P5S
ZSssu,5r2/3RR3/5p1k/1q1P2pp/5B2/5P1P/5PK1/8 b - - 1 41,g5f4 e7h7 h6g5 d7g7 g5f5 h7h5,1180,86,94,1852,deflection endgame long mate mateIn3 queenRookEndgame,https://lichess.org/r6ARS51X/black#82,,True,2,https://lichess.org/training/ZSssu
WOktH,3r4/1RR5/p2p4/k1PP1b1p/2K5/3r2P1/7P/8 b - - 2 51,d6c5 c7c5 a5a4 b7b4 a4a3 c5a5,1181,77,87,1417,endgame long mate mateIn3,https://lichess.org/tnH1gHHU/black#102,,True,2,https://lichess.org/training/WOktH
7ko16,4r3/p1R1r3/2R4p/6pk/1P6/5Pp1/5K1P/8 w - - 0 37,h2g3 e7e2 f2g1 e2e1 g1h2 e8e2 h2h3 e1h1,1182,76,100,467,endgame master mate mateIn4 rookEndgame veryLong,https://lichess.org/K7bj9rPM#73,,True,2,https://lichess.org/training/7ko16
CKWM0,8/R6R/p3ppk1/3p4/3P3P/1p3P2/4K3/q7 b - - 0 36,b3b2 a7g7 g6f5 h7h5 f5f4 g7g4,1183,80,92,599,endgame long mate mateIn3 queenRookEndgame,https://lichess.org/HGLy6EIf/black#72,,True,2,https://lichess.org/training/CKWM0
lcn7W,4k3/1p6/1p1p4/r1p1p3/P3PpRB/2PP3P/6RK/3q4 b - - 3 42,f4f3 g4g8 e8d7 g2g7 d7c6 g8c8,1183,95,73,44,endgame exposedKing long mate mateIn3,https://lichess.org/LpYRIodJ/black#84,,True,2,https://lichess.org/training/lcn7W
72MKk,6k1/p5p1/2p2pRp/n1PrrP1P/8/P5R1/1P6/1K6 b - - 3 30,e5f5 g6g7 g8f8 g7g8 f8e7 g3g7 e7e6 g8e8,1183,80,95,579,endgame mate mateIn4 veryLong,https://lichess.org/tAeJplki/black#60,,True,2,https://lichess.org/training/72MKk
LznbB,2R2bk1/1R5p/6p1/1N3p2/5B1P/3r1pP1/r4P2/6K1 w - - 3 30,b7b8 d3d1 g1h2 a2f2 h2h3 d1h1,1184,78,88,143,deflection long mate mateIn3 middlegame,https://lichess.org/G5BvjyY3#59,,True,2,https://lichess.org/training/LznbB
tCtSo,6k1/p4R2/6p1/1P5p/r6P/6PK/1r6/5R2 b - - 2 45,a4a2 f7f8 g8h7 f1f7 h7h6 f8h8,1184,96,50,36,endgame exposedKing long mate mateIn3 rookEndgame,https://lichess.org/MjWreh3j/black#90,,True,2,https://lichess.org/training/tCtSo
waFRP,6r1/2RRnk1p/2N5/5p2/2p2r2/7K/7P/8 w - - 0 37,c6e7 f4f3 h3h4 g8g4 h4h5 f3h3,1184,80,91,202,endgame exposedKing long mate mateIn3,https://lichess.org/94i1Qrlu#73,,True,2,https://lichess.org/training/waFRP
fb3bu,8/1rk3p1/R3pp2/1Pp2r2/2P5/3R2P1/6K1/8 b - - 8 40,f5e5 a6c6 c7b8 d3d8 b8a7 c6a6,1185,75,89,1281,endgame exposedKing long mate mateIn3 rookEndgame,https://lichess.org/p4bnnpMo/black#80,,True,2,https://lichess.org/training/fb3bu
fn56W,2r5/3R3p/3R1pk1/4P2p/p4p2/Pp6/1Pr2PK1/8 b - - 0 39,c2b2 d6f6 g6g5 d7g7 g5h4 f6f4,1185,75,100,947,deflection endgame long mate mateIn3 rookEndgame,https://lichess.org/8g3sFfBn/black#78,,True,2,https://lichess.org/training/fn56W
yuTvS,1k1r2r1/1RR3Q1/p3p2q/3pP3/P2P4/2P4P/3b2K1/8 b - - 2 36,b8a8 b7a7 a8b8 c7b7 b8c8 a7a8,1185,87,91,4592,exposedKing long mate mateIn3 middlegame,https://lichess.org/cuKQGqqL/black#72,,True,2,https://lichess.org/training/yuTvS
oXW7R,6k1/R6R/8/p3P2p/7P/5rP1/5rK1/8 w - - 0 35,g2g1 f2f1 g1h2 f3f2 h2h3 f1h1,1185,76,79,108,endgame exposedKing long mate mateIn3 rookEndgame,https://lichess.org/WWZJ0EP9#69,,True,2,https://lichess.org/training/oXW7R
Rvuk5,1r3r1k/4R1Rp/p2p3P/2pPn2q/1pP1pQ2/1P6/P7/6K1 b - - 1 41,f8f4 g7h7 h8g8 e7g7 g8f8 h7h8,1185,74,88,344,endgame long mate mateIn3,https://lichess.org/Vkwkj7pH/black#82,,True,2,https://lichess.org/training/Rvuk5
fiq9d,2r4k/4pprQ/3p4/p1nq1B2/1n5R/1PR4P/P4PP1/6K1 b - - 0 29,g7h7 h4h7 h8g8 c3g3 g8f8 h7h8,1185,77,92,225,exposedKing long master mate mateIn3 middlegame,https://lichess.org/cpG0GjwK/black#58,,True,2,https://lichess.org/training/fiq9d
sUPbg,5r2/1p1kR1pp/p7/3p3P/1P5r/2PK1P2/2P5/4R3 b - - 2 30,d7c6 e1e6 c6b5 e7b7 b5a4 e6a6,1185,75,97,2758,deflection endgame long mate mateIn3 rookEndgame,https://lichess.org/kjJBM0k6/black#60,,True,2,https://lichess.org/training/sUPbg
2gdzI,3r4/2R5/p3r1p1/k1p4p/4P1n1/2PP4/P5PP/1R4K1 b - - 2 33,d8d3 c7c5 a5a4 b1b4 a4a3 c5a5,1185,78,98,442,endgame long mate mateIn3,https://lichess.org/buzh53m0/black#66,,True,2,https://lichess.org/training/2gdzI
Sapf1,2r1k1r1/5p1p/Q2p4/1N2p3/8/5P1b/PP3RPP/R1q3K1 w - - 5 24,a1c1 c8c1 f2f1 g8g2 g1h1 c1f1,1185,78,94,644,deflection long mate mateIn3 middlegame pin,https://lichess.org/o05dxVzZ#47,,True,2,https://lichess.org/training/Sapf1
L0SfQ,6k1/p1p1R3/1p6/3p2P1/3P2P1/8/P1rr4/4R1K1 b - - 12 33,d2d4 e7e8 g8f7 e1e7 f7g6 e8g8,1186,76,100,349,endgame exposedKing long mate mateIn3 rookEndgame,https://lichess.org/KZXBBceJ/black#66,,True,2,https://lichess.org/training/L0SfQ
Slb7C,8/1K2r3/p5k1/5rp1/PP4R1/6R1/6P1/8 w - - 3 54,b7a6 e7e6 a6b7 f5f7 b7c8 e6e8,1186,82,87,56,endgame long mate mateIn3 rookEndgame,https://lichess.org/HsG8HG8A#107,,True,2,https://lichess.org/training/Slb7C
qTTj6,r1b2rk1/pp3R2/2n1p1p1/6Q1/8/1B6/PPPq2PP/5R1K b - - 0 22,d2g5 f7f8 g8h7 f1f7 h7h6 f8h8,1186,78,84,100,exposedKing long mate mateIn3 middlegame,https://lichess.org/gB2gBdLm/black#44,,True,2,https://lichess.org/training/qTTj6
6IYuG,7r/p5R1/1p2pk1r/1P6/1PpP1Pp1/2P3P1/8/4R1K1 w - - 3 31,g7a7 h6h1 g1f2 h8h2 f2e3 h1e1,1186,75,99,2556,deflection endgame exposedKing long mate mateIn3 rookEndgame,https://lichess.org/iSpwvtVp#61,,True,2,https://lichess.org/training/6IYuG
QYdmQ,4r3/p5kp/5R2/2p2Pp1/n1P5/1N3K1P/P3r3/2R5 w - - 3 35,f6a6 e8e3 f3g4 e2g2 g4h5 e3h3,1186,77,93,15792,deflection endgame exposedKing long mate mateIn3,https://lichess.org/ic51XITL#69,,True,2,https://lichess.org/training/QYdmQ
ZQZXG,3r1r2/pp3bk1/2p3B1/5PR1/3P4/7R/n6P/6K1 b - - 0 31,f7g6 g5g6 g7f7 h3h7 f7e8 g6e6,1187,79,94,5346,endgame exposedKing long mate mateIn3,https://lichess.org/S4NKtD3u/black#62,,True,2,https://lichess.org/training/ZQZXG
tVh54,r6r/3R2p1/p1p3p1/2b1k1Pp/7P/8/PPP2P2/4R1K1 b - - 1 22,e5f5 d7f7 f5g4 e1e4 g4h3 f7f3,1187,86,38,32,endgame long mate mateIn3,https://lichess.org/vvKpdkZu/black#44,,True,2,https://lichess.org/training/tVh54
0uG7u,2r4k/4R1R1/2p4P/p3p3/2K1pb2/pP1r4/P4P2/8 b - - 2 43,d3d2 g7h7 h8g8 e7g7 g8f8 h7h8,1187,81,91,403,endgame exposedKing long mate mateIn3,https://lichess.org/9M3sUDdm/black#86,,True,2,https://lichess.org/training/0uG7u
augvt,8/7R/r6p/1p1pBpp1/3P2P1/5P1k/2r5/5RK1 w - - 0 40,f1f2 a6a1 f2f1 c2g2 g1h1 a1f1,1188,77,100,2050,deflection endgame exposedKing long mate mateIn3,https://lichess.org/WoHWrDJA#79,,True,2,https://lichess.org/training/augvt
Howc8,4r3/5pk1/3R4/6pp/1R3p2/1B3P2/4r3/5K2 w - - 1 43,b4b7 e2e1 f1g2 e8e2 g2h3 e1h1,1188,150,82,14,endgame exposedKing long mate mateIn3,https://lichess.org/oxZnCkQh#85,,True,2,https://lichess.org/training/Howc8
ELHwa,5k2/R7/4p1p1/3pP1r1/3Pb3/2P1n3/4K2P/R7 b - - 4 34,e3c2 a7a8 f8g7 a1a7 g7h6 a8h8,1189,127,71,36,endgame exposedKing long mate mateIn3,https://lichess.org/bLEmX6mL/black#68,,True,2,https://lichess.org/training/ELHwa
oxdbg,6r1/R1pk3p/1p1p1p2/5Nr1/3PPp2/1PP2P2/1P3R1K/8 w - - 1 31,h2h3 g5h5 f5h4 g8g3 h3h2 h5h4,1189,75,100,413,clearance deflection endgame exposedKing long mate mateIn3,https://lichess.org/5QvNWwiZ#61,,True,2,https://lichess.org/training/oxdbg
ozVrS,8/R5Rk/4pp2/3p3p/3P4/3rrPK1/7P/8 b - - 0 60,h7h6 g7h7 h6g5 a7g7 g5f5 h7h5,1189,83,81,475,deflection endgame long mate mateIn3 rookEndgame,https://lichess.org/kijWZQ1D/black#120,,True,2,https://lichess.org/training/ozVrS
qDfl8,3r1k2/R5Rp/1Np3p1/2p2p2/5b2/2Pr3P/1P4P1/6K1 w - - 4 26,g7h7 d3d1 g1f2 d8d2 f2f3 d1f1,1189,76,86,104,endgame long master masterVsMaster mate mateIn3,https://lichess.org/vZ1akZVZ#51,,True,2,https://lichess.org/training/qDfl8
6gtpl,r1b1r1kb/4pp2/1q3N2/3p2P1/p2P4/P4P2/1PB5/2K3RR b - - 2 27,h8f6 g5f6 c8g4 g1g4 g8f8 h1h8,1190,76,66,156,discoveredAttack long mate mateIn3 middlegame,https://lichess.org/clLXASFI/black#54,,True,2,https://lichess.org/training/6gtpl
bcQze,r6r/1pp2p2/p1p1k1p1/4p1P1/5P2/8/PPP5/2K1R1R1 b - - 0 24,h8h4 e1e5 e6d7 g1d1 d7c8 e5e8,1190,75,85,153,endgame long mate mateIn3 rookEndgame,https://lichess.org/BJgXkEw8/black#48,,True,2,https://lichess.org/training/bcQze
doWls,8/6P1/2k5/p2R4/4p3/K1P1R3/Pr3r2/8 w - - 1 41,g7g8q b2a2 a3b3 f2b2 b3c4 a2a4,1190,81,95,14695,endgame exposedKing long mate mateIn3 queenRookEndgame,https://lichess.org/j1EUoKCy#81,,True,2,https://lichess.org/training/doWls
2KdMZ,1r4k1/8/3p1ppR/pB3b2/2P2P2/8/P5q1/K6R b - - 3 31,b8b5 h6h8 g8f7 h1h7 f7e6 h8e8,1190,83,94,411,endgame exposedKing long mate mateIn3,https://lichess.org/WBfo3YUh/black#62,,True,2,https://lichess.org/training/2KdMZ
DPDZC,3r2k1/R1R4p/p3p3/6p1/1P2Pp2/P6P/3r1KP1/8 w - - 4 31,f2f3 d8d3 f3g4 d2g2 g4h5 d3h3,1190,78,96,12528,deflection endgame long mate mateIn3 rookEndgame,https://lichess.org/jvwddda0#61,,True,2,https://lichess.org/training/DPDZC
Q4uEx,r6r/p1k3p1/5p2/4pP2/5nP1/R7/P2R4/6K1 b - - 0 34,h8d8 a3c3 c7b6 d2b2 b6a5 c3a3,1190,79,94,1647,endgame exposedKing long mate mateIn3,https://lichess.org/Z31cRbTM/black#68,,True,2,https://lichess.org/training/Q4uEx
07dJc,r7/rp6/2p3R1/3p1R1p/5p1k/1PKP4/2P2P2/8 b - - 1 32,a8h8 f5f4 h4h3 g6g3 h3h2 f4h4,1190,77,83,71,endgame long mate mateIn3 rookEndgame,https://lichess.org/7MfzwQpx/black#64,,True,2,https://lichess.org/training/07dJc
K5vhW,4Q1R1/pkpp4/1p6/8/1PP3P1/P6p/5rr1/4R1K1 w - - 2 35,g1h1 g2h2 h1g1 f2g2 g1f1 h2h1,1190,83,94,2004,endgame exposedKing long mate mateIn3 queenRookEndgame,https://lichess.org/zcEf152c#69,,True,2,https://lichess.org/training/K5vhW
m331Z,6rk/1R5p/p1p5/2P2p2/1P3r2/P4P2/5PKP/3R4 w - - 5 32,g2h3 f4f3 h3h4 g8g4 h4h5 f3h3,1191,77,96,10380,endgame exposedKing long mate mateIn3 rookEndgame,https://lichess.org/BBxXyFUp#63,,True,2,https://lichess.org/training/m331Z
V3Gfs,3r2k1/2R5/7B/p3p3/8/6Pp/r4n1P/5RK1 w - - 0 41,f1f2 d8d1 f2f1 a2g2 g1h1 d1f1,1191,84,94,634,deflection endgame long master mate mateIn3,https://lichess.org/CUPZFJpf#81,,True,2,https://lichess.org/training/V3Gfs
BwaFs,8/2P1k2p/5p2/4p2P/4P3/p7/Pr5r/K2R4 w - - 3 42,c7c8q b2a2 a1b1 h2b2 b1c1 a2a1,1191,80,91,382,endgame long mate mateIn3 queenRookEndgame,https://lichess.org/iHugHNoU#83,,True,2,https://lichess.org/training/BwaFs
RX5xH,6k1/p7/8/3P2p1/3Pr1r1/N1P3K1/PP2b1P1/4R1R1 w - - 1 30,g3f2 g4f4 f2g3 e4e3 g3h2 f4h4,1192,76,94,18924,endgame long mate mateIn3,https://lichess.org/p4I2JIdH#59,,True,2,https://lichess.org/training/RX5xH
zw6Q3,1k4n1/R7/1pr2pp1/2pPp3/2K1P3/5rq1/1PP5/R7 b - - 4 34,g8e7 a7a8 b8c7 a1a7 c7d6 a8d8,1192,77,95,532,endgame exposedKing long mate mateIn3,https://lichess.org/tSKceEN0/black#68,,True,2,https://lichess.org/training/zw6Q3
f9x1p,4r2k/p2R2R1/7P/2pP4/8/2K5/PPP2p2/4r3 b - - 5 35,f2f1q g7h7 h8g8 d7g7 g8f8 h7h8,1193,75,92,606,endgame exposedKing long mate mateIn3 queenRookEndgame,https://lichess.org/04HL8nJu/black#70,,True,2,https://lichess.org/training/f9x1p
upBK4,8/3R4/R7/1p1k4/8/P3p3/4r1r1/K7 b - - 9 45,d5c4 a6c6 c4b3 d7d3 b3a4 c6a6,1193,77,94,587,endgame long mate mateIn3 rookEndgame,https://lichess.org/qmTnZKI5/black#90,,True,2,https://lichess.org/training/upBK4
LmivY,r6k/p2R2Rp/6pP/2Q1p1P1/6K1/2q5/5r2/8 b - - 0 38,c3c5 g7h7 h8g8 d7g7 g8f8 h7h8,1194,76,87,384,endgame long mate mateIn3 queenRookEndgame,https://lichess.org/eyLVM860/black#76,,True,2,https://lichess.org/training/LmivY
wR5fq,8/8/2R1pk2/1Pp1r1r1/2Q1p1K1/4Pp2/5P1P/8 w - - 19 51,g4h4 g5h5 h4g3 e5g5 g3f4 h5h4,1194,80,85,90,endgame long mate mateIn3 queenRookEndgame,https://lichess.org/1wQH0A0h#101,,True,2,https://lichess.org/training/wR5fq
I5gN0,1r5k/R5R1/7P/K7/8/1p6/2r5/8 b - - 4 45,b3b2 g7h7 h8g8 a7g7 g8f8 h7h8,1194,76,88,1151,endgame exposedKing long mate mateIn3 rookEndgame,https://lichess.org/tN5gVtzH/black#90,,True,2,https://lichess.org/training/I5gN0
YQJ9j,3r4/7p/1R6/5PR1/5kP1/8/6KP/4r3 w - - 1 40,g5g7 d8d2 g2h3 e1e3 h3h4 d2h2,1194,76,95,13864,deflection endgame long mate mateIn3 rookEndgame,https://lichess.org/0RXEhWzo#79,,True,2,https://lichess.org/training/YQJ9j
vKXoq,5r2/1p2q1pk/p3p1N1/3p1r2/3P2QP/P3P1P1/1P6/6K1 w - - 1 31,g6e7 f5f1 g1h2 f8f2 h2h3 f1h1,1194,80,74,72,endgame exposedKing long mate mateIn3,https://lichess.org/wdqp0UTu#61,,True,2,https://lichess.org/training/vKXoq
DcTbD,5rk1/2R2N1p/6pP/1R6/8/1P2P1K1/r5b1/8 b - - 0 28,f8f7 b5b8 f7f8 c7g7 g8h8 b8f8,1195,77,91,980,deflection endgame long mate mateIn3,https://lichess.org/NIcINw91/black#56,,True,2,https://lichess.org/training/DcTbD
5fTvn,2k5/ppp5/5n2/6N1/P3r3/6Pp/1r3b1P/R2B1RK1 w - - 0 25,f1f2 e4e1 f2f1 b2g2 g1h1 e1f1,1195,74,95,9986,deflection long mate mateIn3 middlegame pin,https://lichess.org/BSLxogLo#49,,True,2,https://lichess.org/training/5fTvn
yiFJi,4k3/pR3p2/1b2pP2/7r/3P4/8/r4PPP/2R3K1 b - - 0 23,a2d2 c1c8 b6d8 b7e7 e8f8 c8d8,1196,75,85,631,deflection endgame long mate mateIn3 pin,https://lichess.org/C4GWm3QD/black#46,,True,2,https://lichess.org/training/yiFJi
VBh4V,7k/4R3/5p2/5r1p/2PP3K/R6P/6r1/8 w - - 3 43,d4d5 f5f4 h4h5 g2g5 h5h6 f4h4,1196,76,57,70,endgame long mate mateIn3 rookEndgame,https://lichess.org/wKQgmRtu#85,,True,2,https://lichess.org/training/VBh4V
G2hWv,1k6/R4pp1/3p4/1p1P1r1q/1Pp2P2/4B3/R5P1/6K1 b - - 5 43,f5d5 a7a8 b8c7 a2a7 c7c6 a8c8,1196,80,91,189,endgame exposedKing long mate mateIn3,https://lichess.org/3Y9YpPII/black#86,,True,2,https://lichess.org/training/G2hWv
tMPeD,r6k/p4p2/2p1pPrp/1p1nPRpQ/3P2P1/2PN3R/P2q3P/6K1 b - - 5 30,d5e3 h5h6 g6h6 h3h6 h8g8 f5g5 g8f8 h6h8,1197,79,91,1411,exposedKing kingsideAttack master mate mateIn4 middlegame sacrifice veryLong,https://lichess.org/bbDgQQ5L/black#60,,True,2,https://lichess.org/training/tMPeD
HR179,4r1k1/2p2RR1/7P/8/5p2/2P5/2PK1PP1/q7 b - - 6 36,g8h8 g7h7 h8g8 f7g7 g8f8 h7h8,1198,78,90,908,endgame exposedKing long mate mateIn3 queenRookEndgame,https://lichess.org/sD8kiiaY/black#72,,True,2,https://lichess.org/training/HR179
fsZiu,7k/3RP1pp/p7/1p5Q/1P6/P4r1K/r4b1n/4R3 w - - 3 34,h3g2 f2e1 d7d2 a2d2 g2h1 f3f1,1198,76,88,212,discoveredAttack exposedKing hangingPiece long mate mateIn3 middlegame,https://lichess.org/bVoXzalw#67,,True,2,https://lichess.org/training/fsZiu
9W6iZ,5r1k/p1p2rpp/3bQ3/4p1N1/6R1/4R1q1/PPP2P2/6K1 w - - 0 29,f2g3 f7f1 g1h2 f8f2 h2h3 f1h1,1199,79,76,78,exposedKing long mate mateIn3 middlegame,https://lichess.org/nTGm31u4#57,,True,2,https://lichess.org/training/9W6iZ
CEyjo,4r1k1/p4R2/2p3p1/3n2r1/2BP4/P1P5/5R1K/8 b - - 2 35,e8e3 f7f8 g8h7 f2f7 h7h6 f8h8,1199,76,88,189,endgame exposedKing long mate mateIn3 pin,https://lichess.org/dxrHSovE/black#70,,True,2,https://lichess.org/training/CEyjo
dk5Vf,6k1/3R1ppp/4p1n1/8/4N3/4PR2/6rr/5K2 b - - 2 29,g2a2 d7d8 g6f8 e4f6 g7f6 f3g3 g8h8 d8f8,1201,160,43,11,deflection endgame mate mateIn4 sacrifice veryLong,https://lichess.org/XyC0Woad/black#58,,True,2,https://lichess.org/training/dk5Vf
eHhsr,2r3k1/pR2RNbp/8/5p1P/4p3/2r1P1P1/P7/5K2 w - - 1 34,f7d6 c3c1 f1g2 c8c2 g2h3 c1h1,1201,77,52,71,endgame exposedKing long mate mateIn3,https://lichess.org/JlBMApOJ#67,,True,2,https://lichess.org/training/eHhsr
k6rUi,2r3k1/1p4p1/p4p2/5Pp1/2B2qN1/1Pr1R2P/P5K1/4R3 b - - 2 34,c8c4 e3e8 g8h7 g4f6 g7f6 e1e7 h7h6 e8h8,1201,81,93,3561,endgame mate mateIn4 sacrifice veryLong,https://lichess.org/Q0tCR91j/black#68,,True,2,https://lichess.org/training/k6rUi
01a8M,8/p2R1pkp/1p1R4/8/4PP1K/2r3rP/P7/8 w - - 13 34,d7a7 g3h3 h4g5 c3g3 g5f5 h3h5,1202,85,90,1307,endgame long mate mateIn3 rookEndgame,https://lichess.org/JuRsjYiE#67,,True,2,https://lichess.org/training/01a8M
vGmpz,8/R5R1/4pp1k/3b3p/8/p2K2P1/1r6/8 b - - 7 48,a3a2 g7h7 h6g5 a7g7 g5f5 h7h5,1202,75,86,446,deflection endgame long mate mateIn3,https://lichess.org/UWByweAi/black#96,,True,2,https://lichess.org/training/vGmpz
s82LK,8/5pk1/4p3/1p2P1p1/1PrP2Pp/P2R1R1P/3K4/2r5 w - - 8 49,d4d5 c4c2 d2e3 c1e1 e3d4 c2c4,1202,76,100,744,endgame exposedKing long mate mateIn3 rookEndgame,https://lichess.org/jfWKMitj#97,,True,2,https://lichess.org/training/s82LK
2s73Z,6k1/1b3R2/4pRp1/p3q1P1/Pp1p4/1Pr2N1K/8/8 b - - 3 36,e5g5 f7f8 g8h7 f6f7 h7h6 f8h8,1202,78,87,1012,endgame exposedKing fork long mate mateIn3,https://lichess.org/FmK2qJKO/black#72,,True,2,https://lichess.org/training/2s73Z
5RKB9,8/7R/6p1/8/P6P/7k/2rr4/R6K w - - 1 38,h7f7 d2h2 h1g1 c2g2 g1f1 h2h1,1203,75,100,475,endgame exposedKing long mate mateIn3 rookEndgame,https://lichess.org/qgwF8m4k#75,,True,2,https://lichess.org/training/5RKB9
00Kyy,8/P7/8/5k2/8/5pr1/5r2/R6K w - - 0 50,a7a8q g3h3 h1g1 f2g2 g1f1 h3h1,1204,75,83,253,endgame exposedKing long master mate mateIn3 queenRookEndgame,https://lichess.org/VrBw9rnh#99,,True,2,https://lichess.org/training/00Kyy
VKOep,1r4k1/5p2/3Q2p1/4p1P1/PrPpP3/8/P4P2/2K5 w - - 1 41,d6e5 b4b1 c1d2 b8b2 d2d3 b1d1,1204,79,78,136,endgame exposedKing long mate mateIn3 queenRookEndgame,https://lichess.org/uAu0liFF#81,,True,2,https://lichess.org/training/VKOep
1LaoV,5r2/1p6/p7/P1p1k3/2B1P1Q1/3P2P1/1PP2rK1/7R w - - 1 35,g2g1 f2f1 g1h2 f8f2 h2h3 f1h1,1204,86,93,7357,deflection endgame exposedKing long mate mateIn3,https://lichess.org/vvqq4adK#69,,True,2,https://lichess.org/training/1LaoV
JTAu6,6k1/1R4p1/1P1K1p1p/6r1/8/3r2P1/7P/1R6 w - - 5 38,d6c7 g5c5 c7b8 d3d8 b8a7 c5a5,1204,75,98,1204,endgame long mate mateIn3 rookEndgame,https://lichess.org/BVURpOfx#75,,True,2,https://lichess.org/training/JTAu6
OyYQx,3r3k/p1R3Rp/7P/Pr3p2/5p2/5P2/4p2K/8 b - - 1 38,e2e1q g7h7 h8g8 c7g7 g8f8 h7h8,1204,75,90,316,endgame long master mate mateIn3 queenRookEndgame,https://lichess.org/xGvUbtOg/black#76,,True,2,https://lichess.org/training/OyYQx
nOPpG,3r1r2/4kBR1/2p1P2p/p7/2b5/2P5/2P4P/1K4R1 w - - 1 31,g1g6 d8d1 b1b2 f8b8 b2a3 d1a1,1205,75,98,3614,endgame long master mate mateIn3,https://lichess.org/at7w2kaS#61,,True,2,https://lichess.org/training/nOPpG
BQf8g,3r3k/ppR1R2p/6pP/5bPq/3p4/8/PP4B1/6K1 b - - 6 35,h5g5 e7h7 h8g8 c7g7 g8f8 h7h8,1205,75,98,5788,endgame long mate mateIn3,https://lichess.org/Hqvmacof/black#70,,True,2,https://lichess.org/training/BQf8g
Rvelp,r1bq2k1/1p3R2/p2p2p1/2pPr1Nn/P1B4Q/2P5/6PP/5RK1 b - - 2 23,d8g5 f7f8 g8h7 f1f7 h7h6 f8h8,1205,76,100,230,exposedKing kingsideAttack long mate mateIn3 middlegame,https://lichess.org/fZiEiAmh/black#46,,True,2,https://lichess.org/training/Rvelp
O9SAw,8/7p/p2k3P/1p1p1P2/3R4/P3P3/K1P4R/1r3r2 w - - 5 40,h2d2 b1a1 a2b3 f1b1 b3c3 a1a3,1206,75,97,302,deflection endgame long mate mateIn3 rookEndgame,https://lichess.org/TpLAT7lZ#79,,True,2,https://lichess.org/training/O9SAw
6DFWg,2k3r1/1bp2R2/p2r4/2p4p/5q1P/1P6/PBP2PP1/RN1Q2K1 w - - 0 21,f7f4 d6d1 g1h2 g8g2 h2h3 d1h1,1206,76,84,120,hangingPiece kingsideAttack long mate mateIn3 middlegame,https://lichess.org/co6KIRwU#41,,True,2,https://lichess.org/training/6DFWg
1sO0s,5r1k/p4rpp/1p6/1PpQ4/2Pp2R1/4P3/7P/4K3 w - - 1 33,e3e4 f7f1 e1e2 f8f2 e2d3 f1d1,1207,76,96,11611,endgame exposedKing long mate mateIn3 queenRookEndgame,https://lichess.org/FobH7aC7#65,,True,2,https://lichess.org/training/1sO0s
1QPXh,1k6/3p1p1p/p2P4/2RKp3/1P6/5p2/4q2P/2R5 b - - 1 43,f3f2 c5c8 b8a7 c1c7 a7b6 c8b8,1208,75,98,1522,endgame exposedKing long mate mateIn3 queenRookEndgame,https://lichess.org/7AwDdBzB/black#86,,True,2,https://lichess.org/training/1QPXh
ZUoVy,8/R7/1p6/1r2r3/1K6/3P2k1/P2R4/8 w - - 16 54,b4c3 e5c5 c3d4 b5b4 d4e3 c5e5,1208,82,93,840,endgame long mate mateIn3 rookEndgame,https://lichess.org/dzDBZaN0#107,,True,2,https://lichess.org/training/ZUoVy
Gnr6z,5rk1/p3RP1p/6pP/2p5/1p6/2P5/PP5r/2KR4 b - - 0 35,f8f7 d1d8 f7f8 e7g7 g8h8 d8f8,1208,77,87,350,deflection endgame long mate mateIn3 rookEndgame,https://lichess.org/E55TVru0/black#70,,True,2,https://lichess.org/training/Gnr6z
koAKk,2k3r1/pp3R2/2p1p3/3p4/3P4/2P1PP1R/PP3Kr1/8 w - - 1 32,f2f1 g2g1 f1e2 g8g2 e2d3 g1d1,1209,104,44,49,endgame exposedKing long mate mateIn3 rookEndgame,https://lichess.org/TOfRwwdz#63,,True,2,https://lichess.org/training/koAKk
UU2GP,k4r2/1R2Rp2/P1p5/2r4p/3p4/5p2/2P2P1P/7K b - - 3 30,c5a5 b7a7 a8b8 e7b7 b8c8 a7a8,1209,80,92,2505,endgame exposedKing long mate mateIn3 rookEndgame,https://lichess.org/bMoHIE9B/black#60,,True,2,https://lichess.org/training/UU2GP
LfaCF,2k2r2/RR6/3P2p1/1N2p1Pp/4P3/3n2P1/P1r5/5K2 w - - 1 38,f1g1 c2c1 g1h2 f8f2 h2h3 c1h1,1209,75,84,193,endgame exposedKing long master mate mateIn3,https://lichess.org/sXlVGbVd#75,,True,2,https://lichess.org/training/LfaCF
wEwZA,5r1k/6rp/p3P1Q1/3p1P2/4pK2/2Pq4/P4P1R/7R b - - 4 37,g7g6 h2h7 h8g8 h7h8 g8g7 h1h7 g7f6 h8f8,1209,77,98,2834,deflection endgame mate mateIn4 queenRookEndgame veryLong,https://lichess.org/HCkRZ6V5/black#74,,True,2,https://lichess.org/training/wEwZA
nYlWI,4k1r1/pp2r3/3Q4/2pP4/2P5/3P4/PP3KPP/8 w - - 3 26,d6c5 g8f8 f2g3 e7g7 g3h4 f8h8,1209,82,92,1648,endgame long mate mateIn3 queenRookEndgame,https://lichess.org/QZGMfnUd#51,,True,2,https://lichess.org/training/nYlWI
QrQ4W,8/4k3/4p3/p2PPp2/Pp3Np1/2r2rPp/1R1RK2P/8 w - - 3 45,d5e6 c3e3 e2d1 f3f1 d1c2 e3c3,1209,77,93,2400,endgame exposedKing long mate mateIn3,https://lichess.org/4bMba9JM#89,,True,2,https://lichess.org/training/QrQ4W
SiVXb,6k1/1pp3p1/5p1p/r3N1r1/2bP3K/2P1RP2/5R2/8 w - - 0 45,e5c4 g5h5 h4g3 a5g5 g3f4 h5h4,1209,76,100,1094,endgame long mate mateIn3,https://lichess.org/CUzZWaZn#89,,True,2,https://lichess.org/training/SiVXb
0rre5,5rk1/3R2p1/p3p3/1p2N2p/3NP3/2P1R1Pn/PP3r2/6K1 w - - 4 35,g1h1 f2f1 h1g2 f8f2 g2h3 f1h1,1211,87,92,326,exposedKing long mate mateIn3 middlegame sacrifice,https://lichess.org/ibgxV3EO#69,,True,2,https://lichess.org/training/0rre5
DN8XU,3q3k/pp1nR1R1/7P/8/8/P3p3/1P6/K7 b - - 1 41,d7c5 g7h7 h8g8 e7g7 g8f8 h7h8,1211,78,91,113,endgame exposedKing long mate mateIn3,https://lichess.org/pLs9pku4/black#82,,True,2,https://lichess.org/training/DN8XU
LciGk,5r2/1p4pk/p1b5/8/6QP/2P1R1P1/PP3r2/6K1 w - - 0 42,e3e4 f2f1 g1h2 f8f2 h2h3 f1h1,1211,75,97,768,endgame exposedKing long mate mateIn3,https://lichess.org/XJdKRe2G#83,,True,2,https://lichess.org/training/LciGk
ziQ2O,1k4r1/5R2/3R4/3p1p1p/3P1P2/r4P1K/7P/8 w - - 11 34,d6d5 a3f3 h3h4 g8g4 h4h5 f3h3,1212,101,78,30,endgame exposedKing long mate mateIn3 rookEndgame,https://lichess.org/GTsSil06#67,,True,2,https://lichess.org/training/ziQ2O
3zyWK,6k1/8/3p1Kp1/2p1p1n1/2P5/1q2P3/7R/7R b - - 0 40,g5e4 f6g6 g8f8 h2h8 f8e7 h1h7 e7e6 h8e8,1213,79,90,324,endgame exposedKing mate mateIn4 veryLong,https://lichess.org/kno15uxi/black#80,,True,2,https://lichess.org/training/3zyWK
RQchF,5rk1/1b3p2/1q2p1Q1/4P2P/1ppPPR1P/2r5/8/1B3RK1 b - - 0 31,f7g6 f4f8 g8h7 f1f7 h7h6 f8h8,1214,75,77,100,exposedKing long mate mateIn3 middlegame,https://lichess.org/Sx44hvee/black#62,,True,2,https://lichess.org/training/RQchF
1npTx,2r5/1pBk3p/p1pP1p2/8/PP2P1r1/5n2/4RPP1/3R3K w - - 3 33,g2f3 g4h4 h1g1 c8g8 g1f1 h4h1,1214,260,86,3,endgame exposedKing long mate mateIn3,https://lichess.org/K1NTy1Jr#65,,True,2,https://lichess.org/training/1npTx
idjYd,8/3k4/4p3/1R4r1/2pPPp1p/2P4P/r4KP1/1R6 w - - 1 43,f2f3 g5g3 f3f4 a2f2 f4e5 g3g5,1214,77,86,1172,endgame long mate mateIn3 rookEndgame,https://lichess.org/eghgaret#85,,True,2,https://lichess.org/training/idjYd
7Vr5E,6rk/2R5/p3Nb1p/Pp6/7n/8/1PP3r1/5R1K w - - 0 32,f1f6 g2g1 h1h2 g8g2 h2h3 g1h1,1214,76,96,1619,endgame exposedKing long master mate mateIn3,https://lichess.org/PftVpAC9#63,,True,2,https://lichess.org/training/7Vr5E
E3nDf,6r1/r3k1p1/8/6R1/4RK2/5P2/8/8 b - - 1 58,e7f7 g5f5 f7g6 e4e6 g6h7 f5h5,1215,75,100,190,endgame long mate mateIn3 rookEndgame,https://lichess.org/kuU68oDI/black#116,,True,2,https://lichess.org/training/E3nDf
DFend,8/7r/8/p3p3/2Kr1kPR/5P2/P6R/8 w - - 2 46,c4c3 h7c7 c3b2 d4b4 b2a1 c7c1,1215,78,97,21353,endgame exposedKing long mate mateIn3 rookEndgame,https://lichess.org/dvB1KdTp#91,,True,2,https://lichess.org/training/DFend
Oy5F6,r1b3k1/1p5R/3p1b2/2pPpPQ1/3nP1P1/3P4/p4KB1/7R b - - 1 30,f6g5 h7h8 g8f7 h1h7 f7f6 h8f8,1216,76,78,263,exposedKing long mate mateIn3 middlegame,https://lichess.org/yWPvPAVr/black#60,,True,2,https://lichess.org/training/Oy5F6
NpsFc,8/ppR3Rp/5p1k/2n1p3/P3P3/1P2bP2/2P2r2/1K6 b - - 7 31,f2f3 g7h7 h6g5 c7g7 g5f4 h7h4,1216,88,38,81,endgame exposedKing long mate mateIn3,https://lichess.org/K3yyw2bb/black#62,,True,2,https://lichess.org/training/NpsFc
1XFvS,5r2/3RN3/p7/1p2p1k1/3n2B1/P5P1/5r2/3R2K1 w - - 0 39,d1d4 f2f1 g1h2 f8f2 h2h3 f1h1,1216,77,100,116,endgame exposedKing long master mate mateIn3,https://lichess.org/LvuWuq6a#77,,True,2,https://lichess.org/training/1XFvS
Vttb5,3r2k1/3P1ppp/8/1Pp5/2r1P3/8/p1PR3P/K3R3 w - - 1 31,a1a2 d8a8 a2b3 c4b4 b3c3 a8a3,1217,84,93,1664,endgame exposedKing long mate mateIn3 rookEndgame,https://lichess.org/m99qoCVB#61,,True,2,https://lichess.org/training/Vttb5
P7ik4,k7/p4p2/Qq3p2/P2p3p/4p2P/2rnP1P1/r4P2/1R4K1 w - - 0 40,b1b6 c3c1 g1h2 a2f2 h2h3 c1h1,1218,84,55,65,deflection endgame long mate mateIn3,https://lichess.org/H8CyMKWs#79,,True,2,https://lichess.org/training/P7ik4
ouHya,3r4/pp3p1p/8/7K/5k1P/B2p1P2/PP4r1/5R1R w - - 1 31,b2b3 d8d5 h5h6 g2g6 h6h7 d5h5,1218,75,98,6466,endgame long mate mateIn3,https://lichess.org/D12r01Zf#61,,True,2,https://lichess.org/training/ouHya
yWHfK,r1b2rk1/2R4p/4p1pP/8/pp2P3/1P6/P1P3P1/2KR4 b - - 1 34,f8f7 d1d8 f7f8 c7g7 g8h8 d8f8,1218,75,98,15515,deflection endgame long mate mateIn3,https://lichess.org/tCUP5Ap2/black#68,,True,2,https://lichess.org/training/yWHfK
UtUrF,R7/2p2k1r/1q2p2r/2Rp4/1P1P1pP1/2P2P2/4Q1K1/8 w - - 19 40,e2e5 h6h2 g2f1 h2h1 f1e2 h7h2 e2d3 h1d1,1219,77,81,326,endgame mate mateIn4 veryLong,https://lichess.org/8gFLZFuE#79,,True,2,https://lichess.org/training/UtUrF
FP2LL,6r1/ppp5/7p/7R/2r2kP1/7P/8/4R1K1 b - - 11 36,g8g6 h5f5 f4g3 e1e3 g3h4 f5h5,1219,79,93,669,endgame long mate mateIn3 rookEndgame,https://lichess.org/R0drAbAR/black#72,,True,2,https://lichess.org/training/FP2LL
dyYi6,r1bq2kr/pp3R2/2p3p1/2n1P1N1/2Pp2P1/3Pn3/PP1QP1BP/5RK1 b - - 4 19,d8g5 f7f8 g8h7 f1f7 h7h6 f8h8,1219,82,74,62,deflection exposedKing kingsideAttack long mate mateIn3 middlegame,https://lichess.org/SRkY0HPQ/black#38,Kings_Indian_Attack Kings_Indian_Attack_Other_variations,True,2,https://lichess.org/training/dyYi6
dwsFd,5rk1/7p/6p1/2p5/2PpP1P1/pPr5/P2RK2Q/8 w - - 10 40,h2d6 c3e3 e2d1 f8f1 d1c2 e3c3,1219,79,95,1148,endgame exposedKing long mate mateIn3 queenRookEndgame,https://lichess.org/ko75EyVf#79,,True,2,https://lichess.org/training/dwsFd
0dqCy,8/6rk/p5r1/1p1R1p2/4pP1b/2P3PK/PP2B1R1/8 w - - 0 36,h3h4 g6h6 e2h5 g7g4 h4h3 h6h5,1219,77,94,1948,clearance deflection endgame long mate mateIn3 pin,https://lichess.org/zNUs9TxU#71,,True,2,https://lichess.org/training/0dqCy
qbUrn,2r1r1k1/2p2RR1/3p2pK/1P1P4/p1P5/P6P/6P1/4q3 b - - 2 47,g8h8 g7h7 h8g8 f7g7 g8f8 h7h8,1219,79,90,1794,endgame exposedKing long mate mateIn3 queenRookEndgame,https://lichess.org/aiJtIkoF/black#94,,True,2,https://lichess.org/training/qbUrn
8CaEO,4r2k/R1R3p1/6pp/P6r/8/6P1/6P1/6K1 w - - 4 39,g1f2 h5f5 f2g1 e8e1 g1h2 f5h5,1220,87,60,65,endgame long mate mateIn3 rookEndgame,https://lichess.org/EZSdFj3X#77,,True,2,https://lichess.org/training/8CaEO
a1cHv,3r2k1/ppR5/4ppp1/5pq1/4p3/8/1R4PK/8 b - - 6 47,d8d2 c7c8 d2d8 c8d8 g8h7 b2b7 h7h6 d8h8,1220,76,91,1352,endgame exposedKing mate mateIn4 queenRookEndgame veryLong,https://lichess.org/T5TVjSO6/black#94,,True,2,https://lichess.org/training/a1cHv
IgfT0,4r1k1/R5pp/6r1/1pQ5/1P1P4/2P2P1b/6PP/5RK1 w - - 1 32,f1f2 e8e1 f2f1 g6g2 g1h1 e1f1,1220,76,85,90,deflection endgame long mate mateIn3 pin,https://lichess.org/QsGaogqZ#63,,True,2,https://lichess.org/training/IgfT0
NBuZR,8/R7/5k2/1p1p3K/3P3P/1P4r1/1B3r2/1R6 w - - 3 46,b1e1 f2f5 h5h6 g3g6 h6h7 f5h5,1220,77,99,1254,endgame long mate mateIn3,https://lichess.org/yMbVBPlA#91,,True,2,https://lichess.org/training/NBuZR
jTVzc,6R1/R7/2p1r1k1/3p1p2/3P1Pp1/3KP1r1/8/8 b - - 1 38,g6h5 a7h7 e6h6 g8g5 h5h4 h7h6,1220,75,97,2003,deflection endgame long master mate mateIn3 rookEndgame,https://lichess.org/9k2Vrttz/black#76,,True,2,https://lichess.org/training/jTVzc
0RIHa,3k1r2/p1rp2R1/1p1Np3/4P2p/7P/Pb6/1PP5/2KR4 w - - 3 42,d1d2 f8f1 d2d1 c7c2 c1b1 f1d1,1220,75,84,141,deflection endgame long mate mateIn3 pin queensideAttack,https://lichess.org/JYDx9anH#83,,True,2,https://lichess.org/training/0RIHa
lNR7I,r1b4k/1ppp1R1p/p1n3p1/4P1q1/2BP4/N1P1b3/PP4PP/5R1K b - - 1 19,h7h5 f7f8 h8g7 f1f7 g7h6 f8h8,1220,203,33,19,exposedKing kingsideAttack long mate mateIn3 middlegame,https://lichess.org/rrKlF0Bp/black#38,,True,2,https://lichess.org/training/lNR7I
TVchg,7r/p7/N1R5/4kp1b/1P2pp2/P7/4r1P1/2R2K2 b - - 5 35,h5g4 c1c5 e5d4 c6d6 d4e3 c5c3,1220,75,95,12887,endgame long mate mateIn3,https://lichess.org/nV7qphi7/black#70,,True,2,https://lichess.org/training/TVchg
XAeEt,8/kR6/2K1p3/p2r1p2/n1N2P1p/P6P/1R3P2/2r5 b - - 4 44,a7a8 b7b8 a8a7 b2b7 a7a6 b8a8,1221,73,95,14589,endgame exposedKing long mate mateIn3,https://lichess.org/5iE11OGZ/black#88,,True,2,https://lichess.org/training/XAeEt
oEuQ7,2r3k1/1p1R2Rp/6pP/8/8/p3P3/Pr6/K7 b - - 3 33,g8h8 g7h7 h8g8 d7g7 g8f8 h7h8,1222,76,93,782,endgame long mate mateIn3 rookEndgame,https://lichess.org/PPdacmKY/black#66,,True,2,https://lichess.org/training/oEuQ7
ykjAJ,8/5R2/1R6/5kpr/8/4P3/4KP1p/7r b - - 3 45,f5g4 b6b4 g4h3 f7f3 h3g2 b4g4,1222,93,88,51,endgame long master mate mateIn3 rookEndgame,https://lichess.org/fncs8ZBX/black#90,,True,2,https://lichess.org/training/ykjAJ
69Zlg,8/3R3R/p3pp1k/8/1p6/r1r2P1P/5K2/8 b - - 0 33,h6g6 d7g7 g6f5 h7h5 f5f4 g7g4,1222,80,94,5832,endgame long mate mateIn3 rookEndgame,https://lichess.org/ctxjUWY7/black#66,,True,2,https://lichess.org/training/69Zlg
mN4hq,4r1k1/1p6/p7/2pP2q1/2P2Rb1/3B2P1/PP6/5RK1 b - - 0 28,e8e3 f4f8 g8g7 f1f7 g7h6 f8h8,1222,92,60,29,endgame exposedKing long mate mateIn3,https://lichess.org/FrHQvfli/black#56,,True,2,https://lichess.org/training/mN4hq
5vOt0,7r/kp6/p5p1/2PN1p2/3Q4/1P2P1P1/P2p3r/5RK1 w - - 0 33,d5c3 h2h1 g1g2 h8h2 g2f3 h1f1,1223,124,100,25,deflection endgame exposedKing long mate mateIn3,https://lichess.org/riAsWNbV#65,,True,2,https://lichess.org/training/5vOt0
bGvPK,8/2kn1Q2/1p3pP1/4pP2/2PpPr2/6R1/6K1/5r2 w - - 9 60,g6g7 f4f2 g2h3 f1h1 h3g4 f2f4,1223,75,92,875,endgame exposedKing long master mate mateIn3,https://lichess.org/NYffNyjS#119,,True,2,https://lichess.org/training/bGvPK
Xpwf3,r3b2k/1R2R2p/1p3P2/p5r1/3P4/2P5/P4P2/5K2 b - - 2 39,g5f5 e7h7 h8g8 b7g7 g8f8 h7h8,1223,78,93,957,endgame long mate mateIn3,https://lichess.org/iO4c3dO0/black#78,,True,2,https://lichess.org/training/Xpwf3
qASIz,3rr1k1/p1p2RR1/1p4pP/3P2P1/1PK5/8/P5P1/4q3 b - - 2 36,g8h8 g7h7 h8g8 f7g7 g8f8 h7h8,1223,75,99,3982,endgame exposedKing long mate mateIn3 queenRookEndgame,https://lichess.org/pWdAevYT/black#72,,True,2,https://lichess.org/training/qASIz
Ek7ES,4r2k/R7/p5R1/1p6/2p2KP1/2P5/r5P1/8 w - - 0 42,g2g3 a2f2 f4g5 e8e5 g5h6 f2h2,1223,80,64,315,endgame long mate mateIn3 rookEndgame,https://lichess.org/0ANnCIhe#83,,True,2,https://lichess.org/training/Ek7ES
gXj10,1b5r/5R2/2N5/8/8/P2PkN2/1PP3r1/R2K4 w - - 2 38,c6b8 h8h1 f3e1 g2d2 d1c1 h1e1,1223,74,91,727,deflection endgame long mate mateIn3,https://lichess.org/gdhhaKGm#75,,True,2,https://lichess.org/training/gXj10
BhAvx,1k6/3R1pq1/p1p3p1/1P5p/N7/bP6/7P/1K1R4 b - - 0 36,a6b5 d7d8 b8a7 d1d7 a7a6 d8a8,1223,78,98,624,endgame exposedKing long mate mateIn3,https://lichess.org/msCKOa1x/black#72,,True,2,https://lichess.org/training/BhAvx
rODbF,6rk/pp5p/7r/7q/4p2P/4QpP1/PPP2P2/3RRBK1 w - - 1 34,g1h2 h5h4 g3h4 h6h4 f1h3 g8g2 h2h1 h4h3,1225,77,100,258,deflection mate mateIn4 middlegame pin sacrifice veryLong,https://lichess.org/piDjm4a3#67,,True,2,https://lichess.org/training/rODbF
iTpBs,4r1k1/5RR1/7P/3p4/6P1/7K/pr3P2/2q5 b - - 7 47,g8h8 g7h7 h8g8 f7g7 g8f8 h7h8,1225,77,86,303,endgame exposedKing long mate mateIn3 queenRookEndgame,https://lichess.org/Pa299Qrq/black#94,,True,2,https://lichess.org/training/iTpBs
UrIi6,8/5p2/2r2k1p/RRPr1p2/8/7P/5PP1/5K2 w - - 6 38,f1e2 c6e6 e2f3 d5d3 f3f4 e6e4,1225,76,95,6621,endgame long mate mateIn3 rookEndgame,https://lichess.org/rOl7ePg6#75,,True,2,https://lichess.org/training/UrIi6
halLN,5rk1/5p2/2qp2Q1/p3p3/1p4bP/8/PPP2R1K/5R2 b - - 0 28,f7g6 f2f8 g8h7 f1f7 h7h6 f8h8,1226,98,82,19,endgame exposedKing long mate mateIn3,https://lichess.org/XBcaAkf4/black#56,,True,2,https://lichess.org/training/halLN
iVuHc,4r1k1/2R5/7p/5K2/6P1/1P5r/P2R4/8 w - - 5 50,d2d7 h3f3 f5g6 e8e6 g6h5 f3h3,1226,77,94,516,endgame long mate mateIn3 rookEndgame,https://lichess.org/mMc74iVm#99,,True,2,https://lichess.org/training/iVuHc
bpxw9,3Q4/1R6/6pp/8/1P6/6kP/5rr1/3R2K1 w - - 1 41,g1h1 g2h2 h1g1 f2g2 g1f1 h2h1,1226,75,95,2625,endgame exposedKing long mate mateIn3 queenRookEndgame,https://lichess.org/rsiZcCRX#81,,True,2,https://lichess.org/training/bpxw9
Zehae,r1b5/1p1pR2R/2pP2p1/2r2k2/p6P/8/P6K/8 b - - 4 38,c5d5 h7f7 f5g4 e7e4 g4h5 f7h7,1226,80,81,101,endgame long mate mateIn3,https://lichess.org/CEGVh5eM/black#76,,True,2,https://lichess.org/training/Zehae
C9t9Q,5r2/p3kpp1/1p2p2p/3pP3/Pq1P4/1Pr1PQ2/5RPP/5RK1 b - - 10 26,b4b3 f3f7 f8f7 f2f7 e7e8 f7f8 e8d7 f1f7 d7c6 f8c8,1227,78,89,1511,endgame mate mateIn5 sacrifice veryLong,https://lichess.org/YRLQmJuP/black#52,,True,2,https://lichess.org/training/C9t9Q
FV4ox,8/p2n1p2/3Pq2k/4RR2/5P1p/8/P4PK1/8 b - - 6 50,e6a2 f5h5 h6g7 e5g5 g7f6 h5h6,1227,76,87,1109,endgame exposedKing long master mate mateIn3,https://lichess.org/15zKUVfP/black#100,,True,2,https://lichess.org/training/FV4ox
W8kZf,5R2/2p1P3/2P5/pPkP1p2/P1p2Pp1/6Pr/7r/4R1K1 w - - 2 46,e7e8q h2h1 g1f2 h3h2 f2e3 h1e1,1228,76,86,149,deflection endgame exposedKing long mate mateIn3 queenRookEndgame,https://lichess.org/LKvyeRQL#91,,True,2,https://lichess.org/training/W8kZf
vOWVy,8/4R2R/2pk1p2/3r1r1p/1P1P3P/1K3p2/5P2/8 b - - 3 45,d5d4 e7d7 d6e5 h7e7 e5f4 d7d4,1228,81,70,97,deflection endgame long mate mateIn3 rookEndgame,https://lichess.org/Kr86H0cK/black#90,,True,2,https://lichess.org/training/vOWVy
ukK4s,8/pR6/5k2/8/8/4PP1n/r5rK/5R2 w - - 0 35,h2h3 g2h2 h3g4 a2g2 g4f4 h2h4,1228,78,100,120,endgame exposedKing long mate mateIn3 rookEndgame,https://lichess.org/QWQEquK8#69,,True,2,https://lichess.org/training/ukK4s
rZoHF,5b1r/Qp1k2p1/3pr3/8/4p3/4Pnp1/PP3PKP/R1BR4 w - - 0 25,g2g3 e6g6 g3f4 h8h4 f4f5 g6g5,1229,82,92,60,exposedKing long mate mateIn3 middlegame,https://lichess.org/cwbm40qM#49,,True,2,https://lichess.org/training/rZoHF
HnHnv,6k1/1pq2rpp/2p2p2/5P1P/p2PrP2/6Q1/PP4R1/6RK b - - 0 29,c7f4 g3g7 f7g7 g2g7 g8f8 g7g8 f8e7 g1g7 e7d6 g8d8,1231,79,87,1831,endgame mate mateIn5 sacrifice veryLong,https://lichess.org/7sDYlWav/black#58,,True,2,https://lichess.org/training/HnHnv
wNsHg,8/4R1kp/7p/1Pp5/5pP1/5q2/4R2K/8 b - - 2 38,g7g6 e2e6 g6g5 e7g7 g5h4 e6h6,1231,75,95,14235,deflection endgame long mate mateIn3 queenRookEndgame,https://lichess.org/roYOOTH3/black#76,,True,2,https://lichess.org/training/wNsHg
kZ19M,6k1/p4R2/3p2p1/4r1Nq/8/1P2b1p1/P2p2K1/5R2 b - - 5 39,h5g5 f7f8 g8h7 f1f7 h7h6 f8h8,1231,76,92,652,endgame exposedKing long mate mateIn3,https://lichess.org/kGjnWmiY/black#78,,True,2,https://lichess.org/training/kZ19M
wuQaU,7Q/pppk4/8/4p3/5n2/P2P2r1/1PP2r2/4R2K w - - 5 35,h8e5 g3h3 h1g1 f2g2 g1f1 h3h1,1231,75,98,2033,endgame exposedKing long mate mateIn3,https://lichess.org/SeNBhdOB#69,,True,2,https://lichess.org/training/wuQaU
Htsej,8/4Rpk1/p6p/5Pp1/3qR3/5N1P/P3QP1K/1rr5 w - - 0 32,f3d4 c1h1 h2g3 b1g1 g3f3 h1h3,1232,279,79,3,deflection endgame long mate mateIn3,https://lichess.org/yJ0DvxxW#63,,True,2,https://lichess.org/training/Htsej
JdUM6,8/8/R7/P1P4p/3P4/7k/r2r4/1R5K w - - 1 61,a6h6 d2h2 h1g1 a2g2 g1f1 h2h1,1232,75,91,674,endgame exposedKing long mate mateIn3 rookEndgame,https://lichess.org/1rFFN2Hx#121,,True,2,https://lichess.org/training/JdUM6
XP9yc,7k/q4p1p/p3rPr1/1pPp3Q/2nP4/P1R4R/6PP/6K1 b - - 8 31,h7h6 h5h6 g6h6 h3h6 h8g8 c3g3 g8f8 h6h8,1232,85,69,48,exposedKing kingsideAttack mate mateIn4 middlegame sacrifice veryLong,https://lichess.org/6wYmpwG3/black#62,,True,2,https://lichess.org/training/XP9yc
z2sQp,6k1/1p4p1/p1p3p1/8/P7/7R/1r1r3P/4R2K b - - 8 35,g8f7 h3f3 f7g8 e1e8 g8h7 f3h3,1232,114,88,57,endgame long mate mateIn3 rookEndgame,https://lichess.org/KSMNNjcL/black#70,,True,2,https://lichess.org/training/z2sQp
0IYSN,4k3/pppR2bp/1q4p1/n4p2/5N1P/5P2/PPr3PK/3R4 b - - 2 26,g7e5 d7d8 e8f7 d1d7 f7f6 d8f8,1233,111,47,52,exposedKing long mate mateIn3 middlegame,https://lichess.org/h2LIk7zO/black#52,,True,2,https://lichess.org/training/0IYSN
Z9XZB,6rk/8/p4b1p/P1B1p3/2PpQp2/1P3P2/6r1/3R2K1 w - - 0 38,g1f1 g2g1 f1e2 g8g2 e2d3 g1d1,1233,76,96,5543,deflection endgame exposedKing long master mate mateIn3,https://lichess.org/9sb62UQs#75,,True,2,https://lichess.org/training/Z9XZB
8SG8i,r2r3k/ppR2R2/7P/1q2p1p1/4P3/8/PPP1Q3/2K5 b - - 0 28,b5e2 f7h7 h8g8 c7g7 g8f8 h7h8,1233,78,94,19172,endgame exposedKing long mate mateIn3 queenRookEndgame,https://lichess.org/nlepqs1r/black#56,,True,2,https://lichess.org/training/8SG8i
qOx4x,6k1/pp3R1p/3p2Q1/2pP2b1/2P3q1/1P2r1P1/P3P1K1/5R2 b - - 0 30,h7g6 f7f8 g8h7 f1f7 h7h6 f8h8,1234,123,19,16,endgame exposedKing long master mate mateIn3,https://lichess.org/RvTVEjM3/black#60,,True,2,https://lichess.org/training/qOx4x
7YJe7,8/2k4p/1pp2np1/2b2p2/2P2P2/r4r2/3R2KP/2NR4 b - - 3 34,f6g4 d2d7 c7c8 d7d8 c8b7 d1d7 b7a6 d8a8,1235,122,43,31,master mate mateIn4 middlegame veryLong,https://lichess.org/2nyWL6tH/black#68,,True,2,https://lichess.org/training/7YJe7
czMcw,6R1/kp6/p1n2Q2/5BP1/2NP4/2P3Pp/PP2rr2/R6K w - - 4 30,f6d6 f2h2 h1g1 e2g2 g1f1 h2h1,1236,76,94,1192,exposedKing long mate mateIn3 middlegame,https://lichess.org/LefkUkQI#59,,True,2,https://lichess.org/training/czMcw
3g5OZ,8/R7/pr6/2k5/2PR4/K7/P7/2r5 w - - 3 36,d4h4 c1c3 a3a4 b6b4 a4a5 c3a3,1236,76,90,411,endgame exposedKing long mate mateIn3 rookEndgame,https://lichess.org/0s6Tck6T#71,,True,2,https://lichess.org/training/3g5OZ
GZEXU,rn2kb1r/1p3R2/p3p1p1/3pP1N1/6PQ/N3B3/Pqp5/5RK1 b kq - 0 19,h8h4 f7f8 e8d7 f1f7 d7c6 f8c8,1236,77,94,173,exposedKing long mate mateIn3 middlegame,https://lichess.org/XDtEs3rn/black#38,,True,2,https://lichess.org/training/GZEXU
BdOKQ,5k2/pR4R1/7p/5K2/2pP2P1/2P5/4r2r/8 w - - 5 40,g7h7 h2f2 f5g6 e2e6 g6h5 f2h2,1236,80,93,320,endgame long mate mateIn3 rookEndgame,https://lichess.org/a3L9Wqeh#79,,True,2,https://lichess.org/training/BdOKQ
jcNwN,5r2/3R2nk/p7/8/2N3R1/1P2P3/P4rKP/8 w - - 7 38,g2g3 f8f3 g3h4 f2h2 h4g5 f3f5,1236,75,87,459,deflection endgame exposedKing long mate mateIn3,https://lichess.org/NGJvmriA#75,,True,2,https://lichess.org/training/jcNwN
6ehnF,8/r4K1p/1R3Rpk/4r3/4P3/5P2/7P/8 w - - 3 42,f7g8 e5e8 f6f8 a7g7 g8h8 e8f8,1237,75,95,7226,deflection endgame long mate mateIn3 rookEndgame,https://lichess.org/07BDtIWr#83,,True,2,https://lichess.org/training/6ehnF
rmct1,7R/4R3/8/6p1/5k2/7P/1r4r1/7K b - - 3 44,g2c2 h8f8 f4g3 e7e3 g3h4 f8h8,1237,76,94,83,endgame long mate mateIn3 rookEndgame,https://lichess.org/2CIMLyp0/black#88,,True,2,https://lichess.org/training/rmct1
7xgIR,1r6/1P4R1/7p/7k/5p2/5P2/1r6/2R3K1 b - - 3 44,b8b7 c1c5 h5h4 g7g4 h4h3 c5h5,1237,80,92,171,endgame long mate mateIn3 rookEndgame,https://lichess.org/TxPLBq3U/black#88,,True,2,https://lichess.org/training/7xgIR
AhDNw,4rk2/p5RR/8/2P3pp/8/P4PP1/4r3/6K1 w - - 6 39,g7a7 e2e1 g1g2 e8e2 g2h3 e1h1,1238,76,98,4256,endgame exposedKing long mate mateIn3 rookEndgame,https://lichess.org/8hB2zTb7#77,,True,2,https://lichess.org/training/AhDNw
k28wz,6k1/8/4p1p1/r3P3/2r2Pp1/6P1/3R4/3R2K1 b - - 0 37,a5a3 d2d8 g8g7 d1d7 g7h6 d8h8,1239,300,47,5,endgame exposedKing long mate mateIn3 rookEndgame,https://lichess.org/YvRqcPB7/black#74,,True,2,https://lichess.org/training/k28wz
Mx9dm,r5k1/1R4Rp/2p1p1pP/1p6/1n6/pP6/P1r5/1K6 b - - 2 36,g8h8 g7h7 h8g8 b7g7 g8f8 h7h8,1239,79,91,3724,endgame long mate mateIn3,https://lichess.org/ybYEk8Sd/black#72,,True,2,https://lichess.org/training/Mx9dm
fBauz,8/8/1p5R/2r1pkp1/6P1/P6P/1Pr2n2/4R1K1 b - - 0 30,f5f4 h6f6 f4g3 e1e3 g3h4 f6h6,1239,201,82,17,endgame long mate mateIn3,https://lichess.org/oEgzJVaQ/black#60,,True,2,https://lichess.org/training/fBauz
nrIZH,2r1k3/p4p2/1p2p3/1b1pK3/1P5B/5R2/P1r4P/6R1 b - - 6 31,c2a2 g1g8 e8d7 f3f7 d7c6 g8c8,1239,83,86,693,deflection endgame long mate mateIn3,https://lichess.org/5fulg0c9/black#62,,True,2,https://lichess.org/training/nrIZH
YoRKv,1r5k/2R1R2p/2p2p2/p2p1NnP/2pP4/2P2P2/Pr4P1/2K5 w - - 0 32,f3f4 b2b1 c1d2 b8b2 d2e3 b1e1,1240,75,100,774,endgame exposedKing long mate mateIn3 queensideAttack,https://lichess.org/t0qriiKz#63,,True,2,https://lichess.org/training/YoRKv
smQSu,7r/R2N1bk1/4p3/1p1p1p2/1P1P2p1/2P1R1Pr/1P4KP/8 w - - 5 35,d7e5 h3h2 g2f1 h2h1 f1e2 h8h2 e2d3 h1d1,1241,101,70,35,endgame mate mateIn4 veryLong,https://lichess.org/I0kPyumX#69,,True,2,https://lichess.org/training/smQSu
5kO9Y,7r/1p3pk1/p2R4/5p2/PP3P2/2P1R1P1/7r/6K1 w - - 2 39,d6d7 h2h1 g1g2 h8h2 g2f3 h1f1,1242,116,71,17,endgame exposedKing long mate mateIn3 rookEndgame,https://lichess.org/zbpKUpz2#77,,True,2,https://lichess.org/training/5kO9Y
PwOHz,r1b4r/5Rk1/p5p1/1p4p1/8/1P3R2/P2p1PPP/6K1 b - - 0 33,g7g8 f7f8 g8h7 f3f7 h7h6 f8h8,1242,78,85,360,deflection endgame exposedKing long mate mateIn3,https://lichess.org/nk26MH8M/black#66,,True,2,https://lichess.org/training/PwOHz
QX01a,4R3/8/8/8/P7/6pk/5rr1/4R1K1 w - - 4 63,g1h1 g2h2 h1g1 f2g2 g1f1 h2h1,1242,78,85,1029,endgame exposedKing long mate mateIn3 rookEndgame,https://lichess.org/5aKbKID5#125,,True,2,https://lichess.org/training/QX01a
zFVqn,r4r2/3k2pp/p2Rp3/P2pK3/1P1P4/5p2/8/5R2 b - - 5 37,d7c7 f1c1 c7b8 d6b6 b8a7 c1c7,1244,115,53,23,endgame exposedKing long mate mateIn3 rookEndgame,https://lichess.org/CtevMqox/black#74,,True,2,https://lichess.org/training/zFVqn
kd0Ki,5r1k/3QR1pp/2p5/8/P2P2q1/6P1/5r2/5BK1 w - - 0 37,d7g4 f2f1 g1h2 f8f2 h2h3 f1h1,1244,77,85,217,endgame exposedKing long mate mateIn3,https://lichess.org/jnCbfIfX#73,,True,2,https://lichess.org/training/kd0Ki
8Sb7L,1K6/r4p1p/r1Pkp3/p4p2/8/5P1P/R5P1/3R4 b - - 14 41,d6c6 a2c2 c6b5 d1b1 b5a4 c2a2,1245,76,100,325,endgame exposedKing long mate mateIn3 rookEndgame,https://lichess.org/3mFqcDQz/black#82,,True,2,https://lichess.org/training/8Sb7L
o5wEf,8/5pkp/p7/5p2/5P2/3p4/1r5r/2RK2R1 b - - 3 41,g7h6 c1c6 f7f6 c6f6 h6h5 g1g5 h5h4 f6h6,1245,76,97,4056,endgame exposedKing mate mateIn4 rookEndgame veryLong,https://lichess.org/ft8HdDVQ/black#82,,True,2,https://lichess.org/training/o5wEf
tqXH0,2B5/3P3p/2k5/1pP2p2/1P6/5p2/5rr1/3RR1K1 w - - 3 31,g1h1 g2h2 h1g1 f2g2 g1f1 h2h1,1245,76,96,11795,endgame exposedKing long mate mateIn3,https://lichess.org/bLdT4jxW#61,,True,2,https://lichess.org/training/tqXH0
Hn0kY,7r/2pr1k2/2p2pp1/2P2b2/pPP2P1p/3PQ2P/q3R1P1/4R1K1 b - - 0 40,a2a3 e3e7 d7e7 e2e7 f7g8 e7e8 g8h7 e1e7 h7h6 e8h8,1247,81,94,4930,deflection mate mateIn5 middlegame sacrifice veryLong,https://lichess.org/XWqDJD7g/black#80,,True,2,https://lichess.org/training/Hn0kY
20Ly1,4rk2/1R6/3R4/2p5/p7/PpP5/1P4r1/2K5 w - - 2 38,b7a7 e8e1 d6d1 g2c2 c1b1 e1d1,1247,80,92,805,deflection endgame long mate mateIn3 rookEndgame,https://lichess.org/8sbQqLZy#75,,True,2,https://lichess.org/training/20Ly1
N6rqS,1r4k1/1r3p2/6p1/3p2P1/B2PpN1P/P1P1RbB1/1P6/1K6 w - - 5 37,f4d5 b7b2 b1c1 b2b1 c1d2 b8b2 a4c2 b1d1,1247,79,87,355,mate mateIn4 middlegame pin queensideAttack veryLong,https://lichess.org/8vNOgeGI#73,,True,2,https://lichess.org/training/N6rqS
G9Ig3,6k1/8/2RP4/P6p/7B/3r1Np1/1r4P1/5K2 w - - 1 42,a5a6 d3d1 f3e1 b2f2 f1g1 d1e1,1248,78,88,2123,deflection endgame long mate mateIn3,https://lichess.org/NFJ4tBIh#83,,True,2,https://lichess.org/training/G9Ig3
sMTzS,3r2k1/1p3ppp/p1p3r1/8/PPP1PQ2/5P1b/5RPP/6K1 w - - 2 26,f4h4 d8d1 f2f1 g6g2 g1h1 d1f1,1248,85,71,44,deflection endgame kingsideAttack long mate mateIn3 pin,https://lichess.org/5CCghBhs#51,,True,2,https://lichess.org/training/sMTzS
tU20H,6r1/1ppk4/3pp1r1/1P4qp/4Pp2/2R2P1P/2PR2P1/5QK1 w - - 0 30,f1c4 g5g2 d2g2 g6g2 g1f1 g2g1 f1e2 g8g2 e2d3 g1d1,1248,94,55,91,endgame kingsideAttack mate mateIn5 sacrifice veryLong,https://lichess.org/fKwnfPVQ#59,,True,2,https://lichess.org/training/tU20H
KNty7,5k2/7p/7P/3P1pp1/2p5/1pP5/1P1RRP1K/rr6 w - - 0 39,d5d6 b1h1 h2g3 a1g1 g3f3 h1h3,1248,75,94,262,endgame exposedKing long mate mateIn3 rookEndgame,https://lichess.org/yuB5XTDi#77,,True,2,https://lichess.org/training/KNty7
9L0VJ,3R2R1/p3rp1k/1p6/r3Pp1p/8/2P4P/P1P5/6K1 b - - 3 33,a5e5 g8h8 h7g6 d8g8 g6f6 h8h6,1248,85,100,112,endgame exposedKing long mate mateIn3 rookEndgame,https://lichess.org/f3WvoMVp/black#66,,True,2,https://lichess.org/training/9L0VJ
EVaLO,r1b1R3/ppp2k1p/3p4/3P1pP1/2q2B2/7P/PP3P2/1K2R3 b - - 1 22,c4f4 e1e7 f7g6 e8g8 g6h5 e7h7,1249,76,93,368,deflection endgame exposedKing long mate mateIn3,https://lichess.org/1w3ZiZ5t/black#44,,True,2,https://lichess.org/training/EVaLO
jaeQd,3r3k/pR4R1/2p4p/7N/3p1r2/P3p3/1Pb5/4K3 b - - 1 34,f4f5 g7h7 h8g8 b7g7 g8f8 h7h8,1249,82,76,68,endgame exposedKing long mate mateIn3,https://lichess.org/R6iTl0Yj/black#68,,True,2,https://lichess.org/training/jaeQd
Vu2z8,1k6/2R5/5p2/7p/2RP4/4rPP1/4r3/5K2 w - - 3 35,c4c3 e2e1 f1g2 e3e2 g2h3 e1h1,1249,79,93,743,endgame exposedKing long mate mateIn3 rookEndgame,https://lichess.org/gGgfX4Zc#69,,True,2,https://lichess.org/training/Vu2z8
EmJVq,r7/2k3b1/2pR1p2/1pP1p1p1/2b1P3/2N3P1/2P4P/r1NR2K1 b - - 5 29,g7f8 d6d7 c7c8 d7d8 c8b7 d1d7 b7a6 d8a8,1250,76,90,3534,deflection fork mate mateIn4 middlegame veryLong,https://lichess.org/Ej0XEZUC/black#58,,True,2,https://lichess.org/training/EmJVq
MI8AE,6k1/7p/r1R3p1/3pPpP1/P2r4/8/6P1/2R3K1 b - - 0 36,d4a4 c6c8 g8f7 c1c7 f7e6 c8e8,1250,80,75,286,endgame long mate mateIn3 rookEndgame,https://lichess.org/4H0368SV/black#72,,True,2,https://lichess.org/training/MI8AE
LIi0S,2R5/8/3R4/8/3k2K1/p5P1/r5r1/8 b - - 4 55,d4e3 c8e8 e3f2 d6f6 f2g1 e8e1 g1h2 f6h6,1250,75,95,8920,endgame mate mateIn4 rookEndgame veryLong,https://lichess.org/C0kJ4ARz/black#110,,True,3,https://lichess.org/training/LIi0S
0Ct7N,5k2/1p3b2/p4R1P/r2rP1R1/8/1P4P1/1PK5/8 w - - 5 41,h6h7 a5c5 c2b1 d5d1 b1a2 c5a5,1251,79,76,96,endgame long mate mateIn3,https://lichess.org/hfX21Zsn#81,,True,2,https://lichess.org/training/0Ct7N
sppg0,R5k1/7p/6p1/3p1pr1/4p3/3pK3/8/7R b - - 1 46,g8f7 h1h7 f7e6 a8a6 e6e5 h7e7,1251,82,93,1415,endgame long mate mateIn3 rookEndgame,https://lichess.org/tPjMoJIj/black#92,,True,2,https://lichess.org/training/sppg0
jXgwU,5r2/7R/p2pQ2p/1p1Pbr1k/1P6/6q1/P4P2/5RK1 w - - 0 37,f2g3 f5f1 g1h2 f8f2 h2h3 f1h1,1251,81,91,1062,endgame exposedKing long mate mateIn3,https://lichess.org/Az8llnlk#73,,True,2,https://lichess.org/training/jXgwU
WcKSI,7k/1pp3pp/p2p1rr1/2b5/4P2K/2P2P1P/PP2R2P/3B1R2 w - - 5 25,f3f4 g6h6 h4g3 f6g6 g3f3 h6h3,1251,77,79,165,deflection endgame long mate mateIn3,https://lichess.org/c8P0pwV2#49,,True,2,https://lichess.org/training/WcKSI
4JqRu,6k1/5R2/6p1/3pP3/1rrNb2P/4K3/1P6/5R2 b - - 0 37,c4d4 f7f8 g8h7 f1f7 h7h6 f8h8,1251,134,43,21,endgame exposedKing long mate mateIn3,https://lichess.org/Dg0kvPCE/black#74,,True,2,https://lichess.org/training/4JqRu
dsrA2,2B2r1k/1R2R3/6pP/6P1/p4n1r/8/5P2/6K1 b - - 1 39,f8c8 e7h7 h8g8 b7g7 g8f8 h7h8,1251,78,95,2008,endgame exposedKing long master mate mateIn3,https://lichess.org/wywdXnSQ/black#78,,True,2,https://lichess.org/training/dsrA2
Pu5pu,5r1k/p4r1p/1p4pP/4R3/2Pp2Q1/1P1P2P1/P4q2/4R1K1 w - - 1 35,g1h1 f2f1 e1f1 f7f1 h1g2 f8f2 g2h3 f1h1,1252,81,91,2130,endgame exposedKing mate mateIn4 sacrifice veryLong,https://lichess.org/iIX3TX1h#69,,True,2,https://lichess.org/training/Pu5pu
5IsxV,r1b4k/ppp2r1p/1q1p1NpR/8/4P3/5PK1/4N1P1/7R b - - 5 27,f7f6 h6h7 h8g8 h7h8 g8f7 h1h7 f7e6 h8e8,1253,82,94,4002,mate mateIn4 middlegame veryLong,https://lichess.org/7E20Vaxa/black#54,,True,2,https://lichess.org/training/5IsxV
wOBZ6,8/1p2k2p/p2pp1r1/P7/1PPbP2r/5R2/7P/5R1K b - - 2 31,h4e4 f3f7 e7e8 f7f8 e8d7 f1f7 d7c6 f8c8,1253,76,89,297,endgame mate mateIn4 veryLong,https://lichess.org/6ilMXuqd/black#62,,True,2,https://lichess.org/training/wOBZ6
FFOJW,6k1/1N3ppp/8/4P3/R4PP1/p6P/1r4r1/1K2R3 w - - 2 34,b1a1 b2a2 a1b1 g2b2 b1c1 a2a1,1253,78,91,2787,endgame exposedKing fork long mate mateIn3,https://lichess.org/DujeOa69#67,,True,2,https://lichess.org/training/FFOJW
hBjwJ,4r1k1/p4RR1/7P/2K3P1/7r/1P6/P1P5/4q3 b - - 2 46,g8h8 g7h7 h8g8 f7g7 g8f8 h7h8,1253,78,90,3036,endgame exposedKing long mate mateIn3 queenRookEndgame,https://lichess.org/8EnpMWH7/black#92,,True,2,https://lichess.org/training/hBjwJ
vY8o7,8/1b4nQ/1p2k1P1/8/8/4P2K/1r4r1/5R2 w - - 1 38,h7g7 g2h2 h3g4 b2g2 g4f4 h2h4,1253,76,97,2681,endgame exposedKing long mate mateIn3,https://lichess.org/3fR0jiA0#75,,True,2,https://lichess.org/training/vY8o7
rqqGy,r6k/1R4Rp/6pP/3rpp2/8/8/p1P4K/8 b - - 3 39,a2a1q g7h7 h8g8 b7g7 g8f8 h7h8,1254,82,90,939,endgame long mate mateIn3 queenRookEndgame,https://lichess.org/8tgwTn1U/black#78,,True,2,https://lichess.org/training/rqqGy
y1Wqx,k1r5/p5p1/5p1p/R7/3QpP2/3b2P1/1PrK2P1/8 w - - 9 35,d2e1 c2c1 e1d2 c8c2 d2e3 c1e1,1254,81,93,9066,endgame exposedKing long mate mateIn3,https://lichess.org/SIZ6XUOJ#69,,True,2,https://lichess.org/training/y1Wqx
kisEN,1r6/5p2/4p3/pr2P1pk/1PR1R2P/P5K1/8/8 b - - 0 35,g5h4 e4h4 h5g6 c4g4 g6f5 h4h5,1254,79,93,926,endgame long mate mateIn3 rookEndgame,https://lichess.org/OCDR0h3J/black#70,,True,2,https://lichess.org/training/kisEN
Np0i8,4Q3/pp4k1/8/3p4/6P1/2P4p/PP3rr1/4R1K1 w - - 2 41,g1h1 g2h2 h1g1 f2g2 g1f1 h2h1,1255,78,88,562,endgame exposedKing long mate mateIn3 queenRookEndgame,https://lichess.org/snwbQISU#81,,True,2,https://lichess.org/training/Np0i8
ghCoJ,7r/p7/1p6/1BkP2p1/P1P3n1/5R2/1P3P1r/R5K1 w - - 1 28,a1a3 h2h1 g1g2 h8h2 g2g3 h1g1,1255,84,72,95,endgame long mate mateIn3,https://lichess.org/O0zm2Bff#55,,True,2,https://lichess.org/training/ghCoJ
TCaQV,3k4/p1R5/1P6/1N2p3/8/6Pp/PP2rr1P/1R5K w - - 1 27,b6b7 f2h2 h1g1 e2g2 g1f1 h2h1,1255,76,77,129,endgame long mate mateIn3,https://lichess.org/LguCRJcu#53,,True,2,https://lichess.org/training/TCaQV
7bYoz,3R4/5p1p/p1Np1k2/7R/1P3p2/3q1P1P/6PK/r7 b - - 2 41,d3f1 d8d6 f6g7 h5g5 g7h8 d6d8,1256,80,89,635,endgame exposedKing long mate mateIn3,https://lichess.org/Bq3JvvGI/black#82,,True,2,https://lichess.org/training/7bYoz
1ghRY,8/Qp1k1pp1/3p4/1p1P3b/7P/1K1P4/Pr2rP2/R7 w - - 0 27,b3c3 e2c2 c3d4 b2b4 d4e3 c2e2,1256,76,91,887,endgame long mate mateIn3,https://lichess.org/YyldmLcY#53,,True,2,https://lichess.org/training/1ghRY
K2UC7,8/4rk2/3r4/1R1P2p1/PR2KpP1/5P2/8/8 w - - 4 44,e4f5 d6f6 f5g5 e7e5 g5h4 f6h6,1256,75,94,253,endgame long mate mateIn3 rookEndgame,https://lichess.org/Qk1snWOd#87,,True,2,https://lichess.org/training/K2UC7
DY6dU,5rk1/pp3r2/8/2PR3p/1P2R3/P5n1/1B3P2/7K w - - 0 34,f2g3 f7f1 h1g2 f8f2 g2h3 f1h1,1257,77,73,246,endgame exposedKing fork long mate mateIn3,https://lichess.org/Mq5VLDYr#67,,True,2,https://lichess.org/training/DY6dU
GuaNY,8/2p4Q/2P5/3pp3/3kP3/1P5p/P2r2r1/2R4K w - - 2 52,e4d5 g2h2 h1g1 d2g2 g1f1 h2h1,1257,79,94,3691,endgame exposedKing long mate mateIn3 queenRookEndgame,https://lichess.org/wW1reMo0#103,,True,2,https://lichess.org/training/GuaNY
Vj3Lh,8/r7/r7/PKR3pp/R5k1/8/8/8 b - - 5 59,g4h3 c5c3 h3g2 a4a2 g2f1 c3c1,1257,80,77,49,endgame long mate mateIn3 rookEndgame,https://lichess.org/1ivxasyB/black#118,,True,2,https://lichess.org/training/Vj3Lh
WGFua,4r3/1p5R/p2P3R/8/1PPk1pP1/P1n1rP2/2B5/5K2 w - - 1 41,d6d7 e3e1 f1g2 e8e2 g2h3 e1h1,1257,79,90,1440,endgame exposedKing fork long mate mateIn3,https://lichess.org/u1djonoD#81,,True,2,https://lichess.org/training/WGFua
qBOQA,5k2/7R/2Pp2R1/3r4/1Pp3P1/p3pr2/P7/2K5 w - - 0 36,c6c7 f3f1 c1c2 d5d2 c2c3 f1c1,1258,76,99,2050,endgame exposedKing long mate mateIn3 rookEndgame,https://lichess.org/G5kn0zuE#71,,True,2,https://lichess.org/training/qBOQA
O1Opw,r2b1rk1/ppp3pp/3p1p1B/5b2/8/3P4/PPPN3P/2K1R1R1 b - - 4 22,f8f7 e1e8 f7f8 g1g7 g8h8 e8f8,1258,77,94,15578,deflection kingsideAttack long mate mateIn3 middlegame pin,https://lichess.org/BAXQgfZd/black#44,,True,2,https://lichess.org/training/O1Opw
HPNq0,1rb3k1/p6R/2p1p1p1/2pp2b1/3P2B1/K7/PP3r2/7R b - - 5 36,f2b2 h7h8 g8f7 h1h7 f7f6 h8f8,1258,78,96,22144,exposedKing long mate mateIn3 middlegame,https://lichess.org/lxSPbiTF/black#72,,True,2,https://lichess.org/training/HPNq0
lqQ8X,r5k1/p4RR1/3r3P/2p5/8/KP6/P5P1/3n4 b - - 1 31,g8h8 g7h7 h8g8 f7g7 g8f8 h7h8,1258,120,33,24,endgame exposedKing long mate mateIn3,https://lichess.org/bEJU7wOH/black#62,,True,2,https://lichess.org/training/lqQ8X
6seo7,3r2k1/5p1p/4p1pP/R3P1P1/6R1/pP6/P3r3/1K6 w - - 7 37,g4c4 d8d1 c4c1 e2b2 b1a1 d1c1,1258,77,94,184,deflection endgame long mate mateIn3 rookEndgame,https://lichess.org/XNQUqI9v#73,,True,2,https://lichess.org/training/6seo7
DYhbj,3r2k1/4R1R1/3r2pP/8/1p6/pP6/K7/8 b - - 1 42,g8h8 g7h7 h8g8 e7g7 g8f8 h7h8,1258,77,94,568,endgame exposedKing long mate mateIn3 rookEndgame,https://lichess.org/EbNk5Pfn/black#84,,True,2,https://lichess.org/training/DYhbj
M5zhA,3r4/R3pk2/6p1/8/2P1N3/4PP1p/4r2P/5RK1 w - - 3 29,f1f2 d8d1 f2f1 e2g2 g1h1 d1f1,1259,75,100,917,deflection endgame long mate mateIn3,https://lichess.org/DyllJ545#57,,True,2,https://lichess.org/training/M5zhA
twnIE,8/2R3pp/8/2P5/5k2/7P/r1r5/4R1K1 b - - 1 41,g7g5 c7f7 f4g3 e1e3 g3h4 f7h7,1259,74,97,2563,endgame long master mate mateIn3 rookEndgame,https://lichess.org/JVtwmGKi/black#82,,True,2,https://lichess.org/training/twnIE
XCsBy,8/5k2/2q1ppp1/pp6/4QPK1/P2R3r/8/3R4 b - - 1 38,c6e4 d3d7 f7g8 d7d8 g8g7 d1d7 g7h6 d8h8,1259,85,93,655,endgame mate mateIn4 queenRookEndgame veryLong,https://lichess.org/AYeLeZDV/black#76,,True,2,https://lichess.org/training/XCsBy
3MRkl,5k2/pR2n3/4r3/6R1/8/2P2KP1/PP4P1/7r w - - 5 35,b7a7 h1f1 f3g4 e6e4 g4h5 f1h1,1259,75,87,1041,endgame long master masterVsMaster mate mateIn3,https://lichess.org/CRetDq9q#69,,True,2,https://lichess.org/training/3MRkl
CcEWZ,8/6pk/3K2p1/1R6/1R6/7P/4q1P1/8 b - - 16 42,e2g2 b4h4 h7g8 b5b8 g8f7 h4f4,1260,76,100,354,endgame long mate mateIn3 queenRookEndgame,https://lichess.org/KzoyKwJN/black#84,,True,2,https://lichess.org/training/CcEWZ
05HEv,5rk1/ppR5/6p1/2p1p3/2P1P3/3P1rK1/PP6/3R4 w - - 1 39,g3g4 f8f4 g4g5 f3g3 g5h6 f4h4,1260,74,97,11167,endgame long mate mateIn3 rookEndgame,https://lichess.org/S8lveYGp#77,,True,2,https://lichess.org/training/05HEv
QLSpx,2rk2r1/R3p3/2NpP1p1/1R5p/1pP5/6PP/5n1K/8 b - - 3 39,c8c6 b5b8 c6c8 a7d7 d8e8 b8c8,1261,75,100,434,deflection endgame long mate mateIn3 pin,https://lichess.org/RUepqwLd/black#78,,True,2,https://lichess.org/training/QLSpx
a76Qb,5r1k/R4R1p/2p4P/1pp5/1n2n3/1P6/P1P4r/1K6 b - - 0 33,f8d8 f7h7 h8g8 a7g7 g8f8 h7h8,1261,76,92,1685,endgame long mate mateIn3,https://lichess.org/DXEJQNRz/black#66,,True,2,https://lichess.org/training/a76Qb
XObol,4rk2/6RR/7p/5Kp1/1p2n1P1/1P3P2/P3r2P/8 w - - 5 38,f3e4 e2f2 f5g6 e8e6 g6h5 f2h2,1262,81,88,70,endgame long mate mateIn3 rookEndgame,https://lichess.org/wyIqUSRl#75,,True,2,https://lichess.org/training/XObol
jf0Ox,8/2pq1p1k/6pp/6r1/6P1/2P5/PP2rPQP/3R2K1 w - - 0 30,d1d7 e2e1 g2f1 g5g4 g1h1 e1f1,1262,83,94,1390,deflection endgame long mate mateIn3 pin queenRookEndgame,https://lichess.org/sr8RqXQw#59,,True,2,https://lichess.org/training/jf0Ox
NuAvZ,5r2/8/1k6/R5R1/1P6/P5P1/5r2/6K1 w - - 0 41,g5g4 f2f1 g1h2 f8f2 h2h3 f1h1,1262,77,97,3778,endgame exposedKing long mate mateIn3 rookEndgame,https://lichess.org/aahQ4d2V#81,,True,2,https://lichess.org/training/NuAvZ
Btz9v,3r4/5p2/4p1r1/p1p3b1/P3R1R1/1PN2k1P/2p4K/8 b - - 1 40,c2c1q g4g3 f3f2 e4e2 f2f1 g3g1,1263,74,96,20410,long mate mateIn3 middlegame,https://lichess.org/evSLnqcP/black#80,,True,2,https://lichess.org/training/Btz9v
qCDzQ,2Q5/5p1k/p3p3/p4p2/5P2/1P1P1P1p/3r2rP/2R4K w - - 1 35,c8f8 g2h2 h1g1 d2g2 g1f1 h2h1,1264,79,94,360,endgame long mate mateIn3 queenRookEndgame,https://lichess.org/cDLI8jib#69,,True,2,https://lichess.org/training/qCDzQ
bw1Db,1R6/7p/3p4/4p3/Bk2P3/3Pq2P/1rP4K/6R1 b - - 6 31,b4a3 g1a1 b2a2 b8b3 a3a4 a1a2,1264,77,96,9644,deflection endgame long mate mateIn3 pin,https://lichess.org/d8byA1wl/black#62,,True,2,https://lichess.org/training/bw1Db
PpVJN,5rk1/p1R2N1p/2p1p1pP/2K1P3/2P2P2/3R4/8/4q3 b - - 2 33,f8f7 d3d8 f7f8 c7g7 g8h8 d8f8,1265,78,89,1367,deflection endgame long mate mateIn3 pin queenRookEndgame,https://lichess.org/PnYr6JKX/black#66,,True,2,https://lichess.org/training/PpVJN
Wkszt,4r1k1/1n4Q1/3p2p1/3p2B1/2pPq1P1/5p1R/5P2/5K1R b - - 0 35,g8g7 h3h7 g7g8 h7h8 g8f7 h1h7 f7e6 h8e8,1265,76,95,5063,deflection endgame interference mate mateIn4 veryLong,https://lichess.org/sNA1f2ws/black#70,,True,2,https://lichess.org/training/Wkszt
Yjojt,8/6rk/p2p1r2/2pP1p2/1pP3p1/1P5P/P3RP1K/4R3 w - - 0 32,h3g4 f6h6 h2g1 g7g4 g1f1 h6h1,1265,79,78,131,endgame exposedKing intermezzo long mate mateIn3 rookEndgame,https://lichess.org/b3I8bUTd#63,,True,2,https://lichess.org/training/Yjojt
3c4aC,8/Q7/p1pk1P2/1p2r3/1Pn5/4r1P1/P1R2KP1/8 w - - 5 42,f6f7 e5f5 f2g1 e3e1 g1h2 f5h5,1266,75,89,216,endgame long mate mateIn3,https://lichess.org/1btYcC0w#83,,True,2,https://lichess.org/training/3c4aC
oGY8P,8/pp5k/6pp/3B4/P3prr1/2P4K/1P2RP2/3R4 w - - 3 28,d5b7 g4h4 h3g2 f4g4 g2f1 h4h1,1266,75,100,486,endgame exposedKing long mate mateIn3,https://lichess.org/X6dLFBk6#55,,True,2,https://lichess.org/training/oGY8P
i5bR6,2R5/1p6/1k1p4/2PB2p1/3bPq2/P4P1r/7P/5R1K b - - 0 34,d6c5 f1b1 d4b2 b1b2 b6a7 b2b7 a7a6 c8a8,1266,78,93,2736,endgame mate mateIn4 veryLong,https://lichess.org/PnmSgQjc/black#68,,True,2,https://lichess.org/training/i5bR6
wpVP3,8/pppk1rpp/8/6b1/8/5P2/5R2/4RK2 b - - 2 42,g5h4 f2d2 d7c6 e1c1 c6b5 d2b2 b5a4 c1a1,1266,76,93,2630,endgame mate mateIn4 veryLong,https://lichess.org/kdy3sWsm/black#84,,True,3,https://lichess.org/training/wpVP3
7hB5v,R7/P1K2pk1/8/6pp/8/1r3PPP/2r5/5R2 w - - 3 46,c7d6 b3d3 d6e5 c2e2 e5f5 d3d5,1269,79,88,1264,endgame long mate mateIn3 rookEndgame,https://lichess.org/Mr9LJ3Lw#91,,True,2,https://lichess.org/training/7hB5v
JDXqI,r6k/p2R2R1/2p4K/1b5P/8/3p4/4p3/8 b - - 0 43,e2e1q g7h7 h8g8 d7g7 g8f8 h7h8,1269,290,54,2,endgame exposedKing long mate mateIn3,https://lichess.org/Yw80oYpq/black#86,,True,2,https://lichess.org/training/JDXqI
XZH9v,1n3R2/1pk1P3/1bp5/5P2/7p/Pr3r1P/1B2R2K/8 w - - 1 36,e7e8q f3h3 h2g2 b3g3 g2f1 h3h1,1269,78,93,786,long mate mateIn3 middlegame,https://lichess.org/3rzs9xHd#71,,True,2,https://lichess.org/training/XZH9v
QXPTC,1r6/pp1nrp2/3b3k/5pR1/3PpP1P/2P5/PP2B3/2KR4 b - - 2 26,b7b5 g5h5 h6g7 d1g1 g7f6 h5h6,1269,76,83,789,exposedKing long mate mateIn3 middlegame,https://lichess.org/dDdMOYrq/black#52,,True,2,https://lichess.org/training/QXPTC
fMA3g,6k1/p7/1p4pp/2r5/2PRp1r1/1P3p2/P4P2/3R1BK1 w - - 0 32,g1h2 c5h5 f1h3 g4g2 h2h1 h5h3,1269,74,100,1603,deflection endgame exposedKing long mate mateIn3 pin,https://lichess.org/2LhVhDPC#63,,True,2,https://lichess.org/training/fMA3g
ofMTs,k7/pp4p1/1BpQ4/3p2r1/8/1P1PP2r/P1P5/RN2n1K1 w - - 1 28,g1f1 h3h1 f1e2 g5g2 e2d1 e1c2,1270,76,89,1382,discoveredAttack exposedKing long mate mateIn3 middlegame,https://lichess.org/pjrU39kM#55,,True,2,https://lichess.org/training/ofMTs
i8pP7,6k1/6p1/p3r3/2P4p/2Pp1K2/P2R2P1/7r/3R4 w - - 8 41,d3d4 h2f2 f4g5 e6e5 g5g6 f2f6,1270,75,95,4360,endgame long mate mateIn3 rookEndgame,https://lichess.org/6szUYtsA#81,,True,2,https://lichess.org/training/i8pP7
6BQ6A,2r3rk/8/3p4/3PpQ2/p2p3P/Pp1P4/1PPR1P2/2K5 w - - 4 32,f2f4 g8g1 d2d1 c8c2 c1b1 g1d1,1270,78,92,1278,deflection endgame long mate mateIn3 queenRookEndgame queensideAttack,https://lichess.org/tdzRnIKn#63,,True,2,https://lichess.org/training/6BQ6A
WOUlG,5r1k/pp4p1/2p4p/3pR3/8/1B3rKP/PPP5/R5Q1 w - - 2 25,g3g4 f8f4 g4h5 f3h3 h5g6 f4f6,1270,76,90,1600,deflection endgame long mate mateIn3,https://lichess.org/KkyDvWoy#49,,True,2,https://lichess.org/training/WOUlG
eSOt9,3r2r1/ppp3p1/6k1/4R2R/b4PP1/8/2P5/2K5 b - - 1 31,g6f7 h5f5 f7g6 e5e6 g6h7 f5h5,1272,75,92,1969,endgame long mate mateIn3,https://lichess.org/9efBnjRQ/black#62,,True,2,https://lichess.org/training/eSOt9
TFgLh,8/5R1p/p7/7k/8/4KPR1/r7/7r b - - 1 42,h7h6 f7f5 h5h4 g3g4 h4h3 f5h5,1272,80,90,337,endgame long mate mateIn3 rookEndgame,https://lichess.org/cYZJuKBi/black#84,,True,2,https://lichess.org/training/TFgLh
lJAmm,7r/ppp2pk1/3b2p1/3p2Q1/1P1Pp3/1N6/PP1N3r/R1B3K1 w - - 7 29,g5d5 h2h1 g1f2 h8h2 f2e3 h1e1,1272,86,83,68,exposedKing kingsideAttack long mate mateIn3 middlegame,https://lichess.org/cw5Qy5Yi#57,,True,2,https://lichess.org/training/lJAmm
8xqP2,8/8/2pR2p1/4p1k1/2N1r1p1/1P5r/P1P2KR1/8 w - - 11 35,d6c6 h3f3 f2g1 e4e1 g1h2 f3h3,1273,76,91,355,endgame exposedKing long mate mateIn3,https://lichess.org/zxzlsbnC#69,,True,2,https://lichess.org/training/8xqP2
lExrg,5rk1/R5p1/1p2n3/2p2r2/2P1p1QP/P3q1P1/4PP2/5RK1 w - - 0 32,f2e3 f5f1 g1h2 f8f2 h2h3 f1h1,1274,75,63,214,endgame exposedKing long mate mateIn3,https://lichess.org/Eo8Q2mra#63,,True,2,https://lichess.org/training/lExrg
GCKvT,r7/5p1p/1R3p1k/2p5/2P2P2/P5R1/7r/2K5 b - - 0 31,a8e8 b6f6 h6h5 g3g5 h5h4 f6h6,1274,76,85,519,endgame exposedKing long mate mateIn3 rookEndgame,https://lichess.org/LAlVksqp/black#62,,True,2,https://lichess.org/training/GCKvT
LduSX,8/4r3/4P2k/2R1R2p/p2r2pP/1p4K1/8/8 b - - 1 52,b3b2 e5h5 h6g7 c5g5 g7f6 h5h6,1274,105,79,48,endgame long mate mateIn3 rookEndgame,https://lichess.org/d22ebfhz/black#104,,True,2,https://lichess.org/training/LduSX
RgaOJ,6k1/5p1p/2p3pP/p1N1p1P1/1r1rP1B1/K7/2PP1P2/3R4 w - - 5 31,c5d7 b4a4 a3b3 d4b4 b3c3 a4a3,1275,76,97,3116,endgame exposedKing long mate mateIn3,https://lichess.org/PgIjwtaB#61,,True,2,https://lichess.org/training/RgaOJ
PxbnS,4r1k1/p4Q2/p2p2p1/2p3q1/P3r3/5R1P/6P1/5RK1 b - - 5 32,g8h8 f7f8 e8f8 f3f8 h8g7 f1f7 g7h6 f8h8,1276,76,97,7530,endgame exposedKing mate mateIn4 sacrifice veryLong,https://lichess.org/51Ayagh2/black#64,,True,2,https://lichess.org/training/PxbnS
ymtGO,8/4N1R1/1p2R3/3p4/3P4/1P1kP2P/4nPPK/rr6 w - - 1 38,g2g4 b1h1 h2g2 a1g1 g2f3 h1h3,1276,82,82,664,deflection endgame long mate mateIn3,https://lichess.org/hk8NYeDR#75,,True,2,https://lichess.org/training/ymtGO
TzBdq,6k1/p4R2/1p1p2p1/2p3r1/3pP1B1/3q1RK1/PP6/8 b - - 1 35,d3e4 f7f8 g8h7 f3f7 h7h6 f8h8,1279,376,100,8,endgame exposedKing long mate mateIn3,https://lichess.org/wUhx8PQU/black#70,,True,2,https://lichess.org/training/TzBdq
JU2k8,1r6/7R/6p1/pp1r1k2/7P/8/P3R1K1/8 b - - 4 44,a5a4 h7f7 f5g4 e2e4 g4h5 f7h7,1279,153,50,25,endgame long mate mateIn3 rookEndgame,https://lichess.org/Qs4uXHaq/black#88,,True,2,https://lichess.org/training/JU2k8
KoxPS,5r2/1p4pk/p1p3Rp/2n1p2P/4P3/P1NP2R1/BPP5/5rK1 w - - 3 38,g1g2 f8f2 g2h3 f1h1 h3g4 f2f4,1279,77,87,1093,exposedKing long mate mateIn3 middlegame,https://lichess.org/1HpXq1qO#75,,True,2,https://lichess.org/training/KoxPS
pbVZj,r2r3k/p4R1p/5PQ1/2b1P3/3P4/q3B1P1/2n2K2/4R3 b - - 0 33,h7g6 e1h1 h8g8 f7g7 g8f8 h1h8,1280,75,100,497,exposedKing long mate mateIn3 middlegame,https://lichess.org/BEi5n70U/black#66,,True,2,https://lichess.org/training/pbVZj
ecYA5,8/3r4/p1p2k2/3r1pN1/8/P1P5/1P2KRP1/6R1 w - - 2 35,g5f3 d7e7 f3e5 e7e5 e2f3 d5d3 f3f4 e5e4,1280,75,93,1433,endgame exposedKing mate mateIn4 veryLong,https://lichess.org/zMsBrQyc#69,,True,2,https://lichess.org/training/ecYA5
JVviW,r4r2/1pp2k2/1b1p4/p2Pp3/5p2/2PP1P2/PP3B2/4RR1K w - - 2 25,f2b6 f8h8 h1g1 a8g8 g1f2 h8h2,1280,76,88,218,endgame exposedKing long mate mateIn3,https://lichess.org/xrPTmCJ2#49,,True,2,https://lichess.org/training/JVviW
fbMRN,6k1/5p1p/2R3pB/p2pPp2/4n3/P5P1/r4r1P/2R3K1 b - - 1 30,f7f6 c6c8 g8f7 c1c7 f7e6 c8e8,1280,78,97,26071,endgame long mate mateIn3,https://lichess.org/hxdLbN6B/black#60,,True,2,https://lichess.org/training/fbMRN
LpI5S,8/2p4R/1p1p2p1/p2r1k2/7P/8/4R1K1/2r5 b - - 4 44,a5a4 h7f7 f5g4 e2e4 g4h5 f7h7,1280,103,46,40,endgame long mate mateIn3 rookEndgame,https://lichess.org/kq9w4yh0/black#88,,True,2,https://lichess.org/training/LpI5S
DsiMy,8/k4p2/8/3r4/4Rp2/1R3Pp1/PPr1K1P1/8 w - - 14 39,e2f1 d5d1 e4e1 c2f2 f1g1 d1e1,1280,74,100,849,deflection endgame long mate mateIn3 rookEndgame,https://lichess.org/OONuMpZd#77,,True,2,https://lichess.org/training/DsiMy
nsqTF,1kq3r1/5p1p/p2p1Q2/3P1B2/1p5P/5p2/PP3Pr1/7K w - - 0 32,f5c8 g2g1 h1h2 g8g2 h2h3 g1h1,1281,76,94,8011,endgame exposedKing long mate mateIn3,https://lichess.org/FYf7p6lY#63,,True,2,https://lichess.org/training/nsqTF
H1ocS,3r2k1/5pb1/7p/p4B1K/8/8/r2pRP2/3R4 b - - 0 34,d8d5 e2e8 g7f8 d1g1 g8h8 e8f8,1282,76,100,339,deflection endgame long mate mateIn3,https://lichess.org/lC10I7pN/black#68,,True,2,https://lichess.org/training/H1ocS
zegFt,2r5/4R2R/2rp2p1/pp3k2/7P/8/6P1/7K b - - 4 38,b5b4 h7f7 f5g4 e7e4 g4h5 f7h7,1282,75,95,9022,endgame long mate mateIn3 rookEndgame,https://lichess.org/R2H8CmWa/black#76,,True,2,https://lichess.org/training/zegFt
Aw3P6,5rk1/5p2/p5Q1/1r6/2p2RK1/P1Pq2PN/5R1P/8 b - - 0 40,f7g6 f4f8 g8h7 f2f7 h7h6 f8h8,1283,92,81,82,endgame exposedKing long mate mateIn3,https://lichess.org/572Bz2VK/black#80,,True,2,https://lichess.org/training/Aw3P6
UxzEg,5r2/R3Rp2/5k1p/1r3P1K/1p5P/8/1P5P/8 w - - 3 37,e7d7 b5f5 h5g4 f8g8 g4h3 f5f3,1283,76,97,17702,endgame long mate mateIn3 rookEndgame,https://lichess.org/aHvAH4DR#73,,True,2,https://lichess.org/training/UxzEg
FQsYC,8/8/5p1R/4k1p1/8/6PP/r1r5/4R1K1 b - - 5 44,e5f5 g3g4 f5f4 h6f6 f4g3 e1e3 g3h4 f6h6,1283,75,97,2551,deflection endgame mate mateIn4 rookEndgame veryLong,https://lichess.org/ENTWo1Fo/black#88,,True,2,https://lichess.org/training/FQsYC
EMdWB,3r4/P7/2R5/2P1p1k1/RP1r1p2/5P2/4K3/8 w - - 2 59,a7a8q d4d2 e2f1 d2d1 f1g2 d8d2 g2h3 d1h1,1284,105,58,39,endgame mate mateIn4 queenRookEndgame veryLong,https://lichess.org/YO8dVA6Q#117,,True,2,https://lichess.org/training/EMdWB
nwKLo,4r1k1/pp6/3p1Rp1/1P1P2q1/P3P3/5R2/6p1/6K1 b - - 1 40,e8e4 f6f8 g8h7 f3f7 h7h6 f8h8,1285,77,82,189,endgame exposedKing long mate mateIn3 queenRookEndgame,https://lichess.org/qbyBA35d/black#80,,True,2,https://lichess.org/training/nwKLo
H16Xz,6k1/1p3pp1/p6p/8/N3PP2/2R1nP1K/PP1r2rP/2R5 w - - 6 29,c3e3 g2h2 h3g4 d2g2 g4f5 h2h5,1285,75,96,5242,endgame exposedKing long mate mateIn3,https://lichess.org/UyrzgECn#57,,True,2,https://lichess.org/training/H16Xz
CFMQu,4Q3/8/3k4/6R1/3p4/p2P2p1/1rr5/1K2R3 w - - 2 56,b1a1 b2a2 a1b1 c2b2 b1c1 a2a1,1286,77,83,502,endgame exposedKing long mate mateIn3 queenRookEndgame,https://lichess.org/5CSGzIIA#111,,True,2,https://lichess.org/training/CFMQu
fzgjc,2r1r1k1/pp4pp/8/5N2/8/1b1P1P2/1PP3PP/2KR1B1R w - - 1 21,d1d2 e8e1 d2d1 c8c2 c1b1 e1d1,1286,77,92,434,deflection long mate mateIn3 middlegame pin queensideAttack,https://lichess.org/bXfjxkeT#41,,True,2,https://lichess.org/training/fzgjc
iIggt,r6k/2R3Rp/4pppP/3b4/3r4/8/5K2/8 b - - 5 36,d4b4 g7h7 h8g8 c7g7 g8f8 h7h8,1286,76,98,3500,endgame long mate mateIn3,https://lichess.org/XSIIuYEn/black#72,,True,2,https://lichess.org/training/iIggt
vbqAd,Q1kr4/1b6/1p2pr1p/2ppN1p1/3Pq3/2P5/R4PPP/R5K1 b - - 1 30,b7a8 a2a8 c8c7 a1a7 c7d6 a8d8,1287,75,86,494,deflection exposedKing long mate mateIn3 middlegame queensideAttack,https://lichess.org/8EI6Sf1x/black#60,,True,2,https://lichess.org/training/vbqAd
DWR38,8/5k1p/p5p1/1p1p1pN1/5PnR/1P6/r1r3PP/4R1K1 b - - 2 33,f7g8 e1e8 g8g7 h4h7 g7f6 e8e6,1287,75,97,2569,endgame hookMate long mate mateIn3,https://lichess.org/WU9G9LNt/black#66,,True,2,https://lichess.org/training/DWR38
RUiz6,8/6k1/8/5Q2/P2PpPp1/4P1Pp/5rr1/4R1K1 w - - 7 50,g1h1 g2h2 h1g1 f2g2 g1f1 h2h1,1289,80,90,1347,endgame exposedKing long mate mateIn3 queenRookEndgame,https://lichess.org/ZMwFoYRs#99,,True,2,https://lichess.org/training/RUiz6
rH1FI,2r5/2r1k3/1R1R4/B2pP2p/1p1P1p2/8/6PP/6K1 w - - 0 44,b6b4 c7c1 g1f2 c8c2 f2f3 c1f1,1289,75,80,176,endgame long mate mateIn3,https://lichess.org/RbolyZ0I#87,,True,2,https://lichess.org/training/rH1FI
Acz3w,6kr/p4R2/2pp2pb/1p1n2Np/4B2P/2P1q3/PP4P1/1K3R2 b - - 2 32,h6g5 f7f8 g8h7 f1f7 h7h6 f8h8,1289,75,90,5061,deflection exposedKing kingsideAttack long mate mateIn3 middlegame,https://lichess.org/wTrFh5Et/black#64,,True,2,https://lichess.org/training/Acz3w
HyhzE,3r3r/k1p1qp2/2p1p2p/2P3p1/2RP4/P3P1P1/5PP1/R5K1 b - - 0 23,e7d7 c4a4 a7b8 a1b1 b8c8 a4a8,1289,124,88,20,endgame exposedKing long mate mateIn3 queenRookEndgame,https://lichess.org/HNIt6Tn6/black#46,,True,2,https://lichess.org/training/HyhzE
Av1RI,8/pr3r2/3k4/8/8/6R1/6P1/3R2K1 b - - 12 56,d6c7 g3c3 c7b6 d1b1 b6a5 c3a3,1290,75,85,1904,endgame exposedKing long mate mateIn3 rookEndgame,https://lichess.org/eyiNHtD9/black#112,,True,2,https://lichess.org/training/Av1RI
AbIj4,6k1/5pb1/8/pp6/4BP2/4KR2/P6q/2R5 b - - 3 39,h2a2 c1c8 g7f8 f3g3 g8h8 c8f8,1290,76,74,174,deflection endgame long mate mateIn3,https://lichess.org/6dWPVouD/black#78,,True,2,https://lichess.org/training/AbIj4
gcIRY,3R4/2P5/pk1P3p/6r1/2r5/5p2/3R1P1K/8 w - - 2 44,c7c8q c4h4 c8h3 g5g2 h2h1 h4h3,1290,75,82,137,endgame exposedKing long master mate mateIn3 pin queenRookEndgame,https://lichess.org/Oz8ZqI5x#87,,True,2,https://lichess.org/training/gcIRY
VtrPe,2r4k/3R1R2/p5pP/1pq5/2n1B3/8/1Pb2PP1/2K5 b - - 1 28,c2e4 f7h7 h8g8 d7g7 g8f8 h7h8,1291,75,88,706,endgame exposedKing long mate mateIn3,https://lichess.org/mN5tMKWl/black#56,,True,2,https://lichess.org/training/VtrPe
XuH6O,8/7r/5k2/p1p5/P2pR3/1P1P2K1/2r5/6R1 b - - 5 42,c2c3 g1f1 f6g7 e4g4 g7h8 f1f8,1291,75,98,1863,endgame exposedKing long mate mateIn3 rookEndgame,https://lichess.org/5f5mFKiZ/black#84,,True,2,https://lichess.org/training/XuH6O
cw0gy,r3r2k/2R2R2/2p3pP/pp6/3p4/8/PPPN4/2KN3q b - - 3 30,e8e1 f7h7 h8g8 c7g7 g8f8 h7h8,1292,76,95,10158,exposedKing long mate mateIn3 middlegame,https://lichess.org/7PLfYntq/black#60,,True,2,https://lichess.org/training/cw0gy
hsqr2,2r3r1/3k2pp/5p2/8/8/3R4/6PP/4R2K b - - 7 41,d7c7 e1c1 c7b6 d3b3 b6a5 c1a1,1292,86,92,1457,endgame exposedKing long mate mateIn3 rookEndgame,https://lichess.org/8liqsvNv/black#82,,True,2,https://lichess.org/training/hsqr2
AKu4V,r7/2k1R1pp/2p5/1bP5/8/p3R2P/Pb3PP1/6K1 b - - 2 29,c7b8 e7e8 b8a7 e3e7 a7a6 e8a8,1292,75,98,537,deflection endgame exposedKing long mate mateIn3,https://lichess.org/1m8ndoli/black#58,,True,2,https://lichess.org/training/AKu4V
HMYG1,r5k1/pp3Npp/8/3q2P1/6R1/8/PP2r1P1/5RK1 b - - 2 34,a8f8 f7h6 g7h6 g5h6 d5g5 g4g5 g8h8 f1f8,1293,79,93,5005,discoveredAttack endgame master mate mateIn4 sacrifice veryLong,https://lichess.org/v28vSktl/black#68,,True,2,https://lichess.org/training/HMYG1
nnKE0,6k1/pb3R2/4p1p1/1p1pN1P1/2pP4/2P3q1/P6r/3K1R2 b - - 3 36,g3g5 f7f8 g8h7 f1f7 h7h6 f8h8,1294,76,100,741,endgame exposedKing fork long mate mateIn3,https://lichess.org/k1ymGOMF/black#72,,True,2,https://lichess.org/training/nnKE0
V1b89,3r3k/2R3Rp/5p1P/4nP2/1p6/1P6/PK1p4/8 b - - 1 40,d2d1q g7h7 h8g8 c7g7 g8f8 h7h8,1294,75,93,1293,endgame long mate mateIn3,https://lichess.org/nde0VzNQ/black#80,,True,2,https://lichess.org/training/V1b89
DlIUj,6k1/5R2/6p1/r5P1/r2p4/2pK1R2/2P2P2/8 b - - 4 35,a5g5 f7f8 g8h7 f3f7 h7h6 f8h8,1295,77,98,4377,endgame exposedKing long mate mateIn3 rookEndgame,https://lichess.org/r8FyUodG/black#70,,True,2,https://lichess.org/training/DlIUj
kX3O5,2k2r2/p2p4/1p2pK2/2p1Pn2/2PPBp1r/2P5/P6P/2BR1R2 w - - 3 29,f6g5 f8g8 g5f6 h4h6 f6f7 g8g7 f7f8 h6h8,1295,75,98,2296,mate mateIn4 middlegame veryLong,https://lichess.org/pntYmLHo#57,,True,3,https://lichess.org/training/kX3O5
q2trz,8/5kRp/3p3P/3Pp3/4PpR1/2nq1P2/r4P2/2K5 b - - 2 46,f7e8 g7g8 e8f7 g4g7 f7f6 g8f8,1296,84,93,48,endgame exposedKing long mate mateIn3,https://lichess.org/zH6uQ8hI/black#92,,True,2,https://lichess.org/training/q2trz
PaCH4,1kr5/pp2RR2/4p3/1r2K3/8/P3P3/8/8 w - - 8 35,e5e6 c8c6 e6d7 b5d5 d7e8 c6c8,1296,75,96,13938,endgame long mate mateIn3 rookEndgame,https://lichess.org/fIx69Raw#69,,True,2,https://lichess.org/training/PaCH4
kivBE,7k/p7/3P4/7p/8/1P1R1prP/P4r2/R6K w - - 1 40,d6d7 g3h3 h1g1 f2g2 g1f1 h3h1,1297,76,92,1479,endgame exposedKing long mate mateIn3 rookEndgame,https://lichess.org/7Q0SOAwP#79,,True,2,https://lichess.org/training/kivBE
hAwWD,2r5/8/R4pp1/2p2k1p/2P2P2/6PP/1r6/3R2K1 b - - 0 40,h5h4 d1d5 f5e4 a6e6 e4f3 d5d3,1298,79,94,12262,endgame long mate mateIn3 rookEndgame,https://lichess.org/KQjoljGu/black#80,,True,2,https://lichess.org/training/hAwWD
5Kps7,3R4/q4k1p/5N2/1p2Pp2/p6P/1Pr5/P2R3K/8 b - - 0 35,a7e3 d2d7 f7g6 d8g8 g6h6 d7h7,1298,75,92,1334,endgame exposedKing long master mate mateIn3,https://lichess.org/CoWB2Arc/black#70,,True,2,https://lichess.org/training/5Kps7
M8tZm,8/3PP2k/5p1p/2R5/8/6Pp/r5rP/1R5K w - - 1 38,e7e8q g2h2 h1g1 a2g2 g1f1 h2h1,1299,82,94,20535,endgame long mate mateIn3 queenRookEndgame,https://lichess.org/3DxIfQfG#75,,True,2,https://lichess.org/training/M8tZm
L36Li,6k1/2p2R2/pp4p1/6b1/7r/P1P3KP/1r6/5R2 b - - 0 36,b2b3 f7f8 g8h7 f1f7 h7h6 f8h8,1299,101,86,47,endgame exposedKing long mate mateIn3,https://lichess.org/pZL6MGHl/black#72,,True,2,https://lichess.org/training/L36Li
Gj5aR,6k1/2p2rpp/4bp1B/4p2P/8/2q2P2/1R3P2/1K4R1 b - - 2 32,c7c5 b2b8 e6c8 b8c8 f7f8 g1g7 g8h8 c8f8,1299,80,94,7195,deflection endgame mate mateIn4 pin veryLong,https://lichess.org/I5kvuqxB/black#64,,True,2,https://lichess.org/training/Gj5aR
OPIpK,8/5Qpk/1B5p/5Rp1/8/5PK1/2r1r1PP/8 w - - 5 41,h2h4 e2g2 g3h3 g2h2 h3g4 c2g2 g4h5 h2h4,1299,77,91,320,endgame mate mateIn4 veryLong,https://lichess.org/p21LoqO1#81,,True,2,https://lichess.org/training/OPIpK
2pTAq,3r1k2/5p2/2p1P1p1/1p4P1/p1nP4/7R/6K1/7R b - - 0 38,f7e6 h3h8 f8e7 h1h7 e7d6 h8d8,1299,75,100,1268,deflection endgame exposedKing long mate mateIn3,https://lichess.org/Yi03gSGi/black#76,,True,2,https://lichess.org/training/2pTAq
bZ1i7,8/5Rkp/p3p2p/1p2P3/P2q2P1/3Pn3/7P/5R1K b - - 2 31,g7g6 f1f6 g6g5 f7g7 g5h4 f6h6,1299,74,96,27392,deflection endgame long mate mateIn3,https://lichess.org/k5l18YBb/black#62,,True,2,https://lichess.org/training/bZ1i7
Z1oFQ,3k2r1/RR5p/8/8/1P6/P3K2r/7P/8 w - - 5 36,e3d4 g8g4 d4e5 h3h5 e5f6 g4g6 f6f7 h5f5,1299,75,97,3293,endgame mate mateIn4 rookEndgame veryLong,https://lichess.org/bRSqyp4K#71,,True,3,https://lichess.org/training/Z1oFQ
vLAl3,6r1/1R3prp/p3qk2/8/3pQ3/5P2/P5PP/2R3K1 w - - 9 31,c1c6 g7g2 g1f1 g2g1 f1e2 g8g2 e2d3 g1d1,1300,75,90,2324,endgame mate mateIn4 pin veryLong,https://lichess.org/cKiYridH#61,,True,2,https://lichess.org/training/vLAl3
vBvVl,1R6/4R3/8/3p4/1Kb5/1p6/r4k2/8 b - - 15 68,b3b2 b8f8 f2g3 e7g7 g3h4 f8h8,1300,78,87,803,endgame long mate mateIn3,https://lichess.org/pImOJama/black#136,,True,2,https://lichess.org/training/vBvVl
tKzp2,4r1k1/5RR1/5K2/8/p3r3/8/P7/8 b - - 6 52,g8h8 g7h7 h8g8 f7g7 g8f8 h7h8,1301,74,96,5956,endgame exposedKing long mate mateIn3 rookEndgame,https://lichess.org/I0mD9NUg/black#104,,True,2,https://lichess.org/training/tKzp2
AtWI4,8/8/1R1R4/1p1k4/1r6/8/r7/2K5 b - - 11 46,d5c4 b6c6 c4b3 d6d3 b3a4 c6a6,1301,76,96,6053,endgame long mate mateIn3 rookEndgame,https://lichess.org/3x1HT2CU/black#92,,True,2,https://lichess.org/training/AtWI4
rVqK5,8/3QP2p/6pk/8/1p2P1P1/pP5P/1rr5/1K5R w - - 2 38,b1a1 b2a2 a1b1 c2b2 b1c1 a2a1,1301,79,94,577,endgame exposedKing long mate mateIn3 queenRookEndgame,https://lichess.org/6FcVk5uX#75,,True,2,https://lichess.org/training/rVqK5
fgupb,5r1k/R5Rp/2p5/4N3/1p1P1r1P/4K3/1Pb5/8 w - - 1 42,h4h5 f4e4 e3d2 f8f2 d2c1 e4e1,1302,77,93,235,endgame long mate mateIn3,https://lichess.org/CKYkxNWl#83,,True,2,https://lichess.org/training/fgupb
9eN08,r6r/ppp5/5k1p/8/8/8/P3R3/2KR4 b - - 0 28,a8e8 d1f1 f6g7 e2g2 g7h7 f1f7,1302,75,95,14714,endgame exposedKing long mate mateIn3 rookEndgame,https://lichess.org/VGGw7TMC/black#56,,True,2,https://lichess.org/training/9eN08
QVIZV,5rk1/2pq1R2/1p1p2p1/p2Pr1p1/2P5/2P4Q/P1B5/5RK1 b - - 0 30,d7h3 f7f8 g8h7 f1f7 h7h6 f8h8,1304,98,63,68,endgame exposedKing long mate mateIn3,https://lichess.org/S0E0UxVu/black#60,,True,2,https://lichess.org/training/QVIZV
3xd7i,5rk1/pb3p2/4Q1p1/4P1qp/8/8/PP3RPP/5R1K b - - 0 26,f7e6 f2f8 g8h7 f1f7 h7h6 f8h8,1304,90,71,54,endgame exposedKing fork long mate mateIn3,https://lichess.org/e4dekYVR/black#52,,True,2,https://lichess.org/training/3xd7i
ejLQz,3r2k1/p4RR1/6pP/1p6/2p5/P1P5/7r/2K5 b - - 2 39,g8h8 g7h7 h8g8 f7g7 g8f8 h7h8,1305,77,87,948,endgame exposedKing long mate mateIn3 rookEndgame,https://lichess.org/qDdsvmde/black#78,,True,2,https://lichess.org/training/ejLQz
bt5j8,8/8/1p6/8/1P1k4/P1r3r1/2R1R1K1/8 w - - 0 54,g2f2 c3f3 f2e1 g3g1 e1d2 f3d3,1305,82,94,17721,endgame exposedKing long mate mateIn3 rookEndgame,https://lichess.org/CpWjvo08#107,,True,2,https://lichess.org/training/bt5j8
Zcpkr,r4k1r/pp5p/8/4R3/7P/3R2n1/PP3P2/1K6 b - - 0 27,g3f1 d3f3 f8g7 e5g5 g7h6 f3f6,1305,74,99,761,endgame exposedKing long mate mateIn3,https://lichess.org/eJ9RvMvy/black#54,,True,2,https://lichess.org/training/Zcpkr
j98Fl,8/2r4p/1p6/2b1R2k/5P2/r1PK3P/6R1/8 b - - 1 43,h5h6 e5e6 h6h5 g2g5 h5h4 e6h6,1306,81,69,120,endgame exposedKing long mate mateIn3,https://lichess.org/jm8dGse8/black#86,,True,2,https://lichess.org/training/j98Fl
c48Ug,r2r3k/2R3Rp/6pP/p3PqP1/1p1P1p1K/3n1N2/8/8 b - - 9 43,d3f2 g7h7 h8g8 c7g7 g8f8 h7h8,1307,78,95,24774,long mate mateIn3 middlegame,https://lichess.org/SYwBYOzB/black#86,,True,2,https://lichess.org/training/c48Ug
RkQRE,3r4/pp3R2/3pr3/2n4k/5P1P/1P6/1PP5/2K3R1 b - - 8 37,d8e8 f7h7 e6h6 g1g5 h5h4 h7h6,1307,75,93,1674,deflection endgame long mate mateIn3,https://lichess.org/gCBlKdlg/black#74,,True,2,https://lichess.org/training/RkQRE
9R1J5,8/1k6/R2p4/8/1PP5/2BP2Pp/4r1rP/5R1K w - - 9 40,f1a1 g2h2 h1g1 e2g2 g1f1 h2h1,1307,79,91,181,endgame long mate mateIn3,https://lichess.org/O1T40cBQ#79,,True,2,https://lichess.org/training/9R1J5
xpw9c,4r3/1k2PR2/5P2/3r3p/p6P/Pn1K2P1/1P6/3BR3 w - - 1 46,d3c3 e8c8 c3b4 d5d4 b4b5 c8c5,1307,77,90,1029,endgame exposedKing long master mate mateIn3,https://lichess.org/5Wf2BYrl#91,,True,2,https://lichess.org/training/xpw9c
D5At9,1B6/1Rp2r1p/2kp4/2p2K2/2Pb1PPP/r7/8/1R6 w - - 1 37,f5e6 f7f6 e6e7 a3e3 e7d8 f6f8,1309,75,93,2888,endgame long master mate mateIn3,https://lichess.org/Tg5KgYqr#73,,True,2,https://lichess.org/training/D5At9
4WPxX,3r4/4R1pp/8/2k5/1p6/r7/1RK2PPP/8 w - - 0 39,e7g7 a3c3 c2b1 d8d1 b1a2 c3a3,1309,76,99,2454,endgame exposedKing long mate mateIn3 rookEndgame,https://lichess.org/ByUT43hf#77,,True,2,https://lichess.org/training/4WPxX
UeRl7,5r2/3k4/R3p3/8/p2P2R1/P1P3P1/1P3rK1/8 w - - 15 55,g2g1 f2f1 g1h2 f8f2 h2h3 f1h1,1310,78,94,2140,endgame exposedKing long mate mateIn3 rookEndgame,https://lichess.org/ZNGrYXFn#109,,True,2,https://lichess.org/training/UeRl7
w122x,1k6/2p2Rp1/1p5p/1N2r3/P3n2r/8/6P1/3R2K1 b - - 5 31,e5h5 d1d8 b8b7 f7c7 b7a6 d8a8,1310,77,91,669,endgame long mate mateIn3,https://lichess.org/pu8NMTUU/black#62,,True,2,https://lichess.org/training/w122x
nt37Z,5rk1/RR6/8/3K2r1/8/8/8/8 w - - 15 43,d5c6 f8f6 c6d7 g5g7 d7e8 f6f8,1310,76,98,5004,endgame long master mate mateIn3 rookEndgame,https://lichess.org/bFj0xJlk#85,,True,2,https://lichess.org/training/nt37Z
fmrmR,2r5/7R/6p1/p1r3k1/3Rp3/1p2P3/P4PP1/1K6 w - - 0 36,a2b3 c5c1 b1b2 c8c2 b2a3 c1a1,1312,168,33,5,endgame exposedKing long mate mateIn3 rookEndgame,https://lichess.org/k3eIS6XD#71,,True,2,https://lichess.org/training/fmrmR
xg99X,8/p5k1/3r3p/1pp3p1/2P1pr2/1P2K1pP/P2N2P1/3R2R1 w - - 1 37,c4b5 d6d3 e3e2 f4f2 e2e1 d3e3,1312,93,87,75,endgame exposedKing long mate mateIn3,https://lichess.org/uW5V5ROt#73,,True,2,https://lichess.org/training/xg99X
8yRjj,8/2R5/5R2/1k2p3/1N2p3/2P2pr1/2Pr4/5K2 w - - 0 38,f6f5 d2d1 f1f2 g3g2 f2e3 d1e1,1313,76,91,242,endgame exposedKing long mate mateIn3,https://lichess.org/sv6zRhnb#75,,True,2,https://lichess.org/training/8yRjj
81Wbz,6k1/p4p1p/2b1pnp1/8/1r1N1r1P/1P1P3K/PB2PP2/R4R2 w - - 0 26,d4c6 f4h4 h3g2 b4g4 g2f3 h4h3,1314,103,100,138,long mate mateIn3 middlegame,https://lichess.org/1hUg7WEW#51,,True,2,https://lichess.org/training/81Wbz
rojq4,5k2/6R1/8/1p1pPp2/p2P4/1PP1q3/1P5r/1K4R1 b - - 10 49,a4b3 g7g8 f8e7 g1g7 e7e6 g8e8,1315,75,83,366,endgame exposedKing long mate mateIn3 queenRookEndgame,https://lichess.org/a6LGc5fw/black#98,,True,2,https://lichess.org/training/rojq4
g3UBw,5N2/4pk1P/p1p2p2/8/K7/P3r3/1rP2R2/8 w - - 0 47,h7h8q e3e4 c2c4 e4c4 a4a5 b2b5 a5a6 c4a4,1315,80,88,276,endgame mate mateIn4 veryLong,https://lichess.org/ci5sd0Wt#93,,True,2,https://lichess.org/training/g3UBw
Q0l0e,5Rqk/7b/2p1p2Q/1p1p4/pP1P3R/P3P1r1/B1P3rK/8 w - - 10 43,h2h1 g2g1 h1h2 g3g2 h2h3 g1h1,1315,75,95,4926,exposedKing kingsideAttack long mate mateIn3 middlegame,https://lichess.org/pDsKWQtI#85,,True,2,https://lichess.org/training/Q0l0e
8PE8j,5rk1/2p3p1/p2p4/1p1P1B2/6b1/1PN3P1/P3Nr2/6KR w - - 3 29,f5g4 f2f1 g1h2 f8f2 h2h3 f1h1,1315,76,79,415,deflection endgame exposedKing long mate mateIn3,https://lichess.org/4j9CYMge#57,,True,2,https://lichess.org/training/8PE8j
U3GDd,r4kr1/2p2p2/1p3Q2/3p3p/1p1P4/3bP3/P4P2/4K2R w - - 2 32,h1h5 g8g1 e1d2 a8a2 d2d3 g1d1,1315,79,80,91,endgame long master mate mateIn3 sacrifice,https://lichess.org/q4pGAn5B#63,,True,2,https://lichess.org/training/U3GDd
TJBHf,8/p7/5R1p/1k6/1Pq5/P2p4/1B5r/1KR5 b - - 17 44,c4e4 c1c5 b5a4 f6a6 a4b3 c5c3,1316,353,43,6,endgame long mate mateIn3,https://lichess.org/kgQSXEKD/black#88,,True,2,https://lichess.org/training/TJBHf
WogEG,6k1/6P1/2n1p2n/3pP1NP/2pP4/p1P1q3/Pr6/5RRK b - - 1 35,e3d2 f1f8 g8g7 g5e6 g7h7 g1g7,1317,75,100,313,doubleCheck exposedKing long mate mateIn3 middlegame,https://lichess.org/UZ2iOfjj/black#70,,True,2,https://lichess.org/training/WogEG
Yh1mA,8/5Rk1/8/6r1/4KR2/6r1/8/8 b - - 0 43,g7g6 f4f6 g6h5 f7h7 h5g4 f6f4,1317,75,94,2413,endgame exposedKing long master mate mateIn3 rookEndgame,https://lichess.org/RMcn5n3o/black#86,,True,2,https://lichess.org/training/Yh1mA
fyyz9,2r3k1/5RR1/7P/1p2p1p1/8/5P1K/1r6/2q5 b - - 2 41,g8h8 g7h7 h8g8 f7g7 g8f8 h7h8,1318,77,94,845,endgame exposedKing long mate mateIn3 queenRookEndgame,https://lichess.org/jeo4vhPV/black#82,,True,2,https://lichess.org/training/fyyz9
SHWh1,6R1/p2P1p1k/1p4p1/8/P7/1P5p/2r3r1/3R3K w - - 3 36,d7d8q g2h2 h1g1 c2g2 g1f1 h2h1,1318,75,79,334,endgame exposedKing long mate mateIn3 queenRookEndgame,https://lichess.org/51MXfrLr#71,,True,2,https://lichess.org/training/SHWh1
1UBIb,4kQ2/1p1b1p2/p1p1p1p1/3pP1q1/3P4/2P3r1/PP3R2/1K3RN1 b - - 0 30,e8f8 f2f7 f8g8 f7f8 g8h7 f1f7 h7h6 f8h8,1320,78,96,26180,endgame fork mate mateIn4 veryLong,https://lichess.org/HStaSVOH/black#60,,True,2,https://lichess.org/training/1UBIb
wtEhR,2k1r3/p6R/2p5/1p3RP1/5Pp1/3P4/P3r3/5K2 w - - 0 32,f5f7 e2e1 f1g2 e8e2 g2g3 e1g1 g3h4 e2h2,1320,75,86,864,endgame exposedKing mate mateIn4 rookEndgame veryLong,https://lichess.org/A7WEw2ag#63,,True,3,https://lichess.org/training/wtEhR
ZAEUb,6k1/p5p1/8/7p/2R3K1/6P1/PPP1r2r/2R5 w - - 0 33,g4f4 h2f2 f4g5 e2e5 g5g6 f2f6,1321,76,96,16699,endgame long mate mateIn3 rookEndgame,https://lichess.org/q5DcEuKe#65,,True,2,https://lichess.org/training/ZAEUb
fGnlX,1k3bnr/R5pp/1p2p3/1q1pPpN1/1n6/4B3/1PP2PPP/R5K1 b - - 1 22,f8c5 a7a8 b8c7 a1a7 c7c6 a8c8,1321,77,95,11296,exposedKing long mate mateIn3 middlegame queensideAttack,https://lichess.org/jZwAPwAB/black#44,,True,2,https://lichess.org/training/fGnlX
AvcYM,1r5k/ppR3R1/5p1P/3p4/4b1p1/8/P2p2r1/3K4 b - - 1 36,f6f5 g7h7 h8g8 c7g7 g8f8 h7h8,1322,76,100,2309,endgame exposedKing long mate mateIn3,https://lichess.org/JFwz90xC/black#72,,True,2,https://lichess.org/training/AvcYM
mWhsr,3k1b2/2p3P1/3p1N2/3P3Q/5q2/7p/Pr4r1/2R2R1K w - - 0 45,f1f4 g2h2 h1g1 b2g2 g1f1 h2h1,1322,81,82,100,exposedKing long master mate mateIn3 middlegame,https://lichess.org/6zUf216H#89,,True,2,https://lichess.org/training/mWhsr
EDWEB,8/5k2/1R6/4Bp2/5P2/8/PP3RKP/3r2r1 w - - 1 45,g2h3 d1d3 f2f3 d3f3 h3h4 g1g4 h4h5 f3h3,1322,105,44,36,endgame exposedKing mate mateIn4 veryLong,https://lichess.org/PznQd9oO#89,,True,2,https://lichess.org/training/EDWEB
d2DPP,4k2r/1R3p2/4pPp1/3r4/7p/1K6/P6P/2R5 b - - 1 35,h8h5 c1c8 d5d8 b7e7 e8f8 c8d8,1323,77,96,23897,deflection endgame long mate mateIn3 rookEndgame,https://lichess.org/43mtzzC2/black#70,,True,2,https://lichess.org/training/d2DPP
1ziSl,8/3r1k2/1p1P1pp1/pr5p/4RP2/8/PP3K1P/4R3 b - - 4 34,d7d6 e4e7 f7g8 e7e8 g8h7 e1e7 h7h6 e8h8,1325,99,41,23,endgame mate mateIn4 rookEndgame veryLong,https://lichess.org/I3cnHQ9u/black#68,,True,2,https://lichess.org/training/1ziSl
bv4La,8/8/8/P1p3p1/2B1R3/4Pk2/1r4r1/2R1K3 w - - 1 46,e4e8 g2g1 c4f1 b2e2 e1d1 g1f1,1325,76,95,15612,deflection endgame exposedKing long master mate mateIn3 pin,https://lichess.org/6o1xPcRu#91,,True,2,https://lichess.org/training/bv4La
t1Q5V,7r/6pp/4b3/2b5/1pp1Pp1k/5P2/r2NK1R1/3R4 b - - 3 29,c4c3 d1h1 e6h3 g2g4 h4h5 h1h3,1325,75,95,12441,deflection long mate mateIn3 middlegame pin,https://lichess.org/r16exB7q/black#58,,True,2,https://lichess.org/training/t1Q5V
thbGM,8/1k5p/8/8/1p2N3/pP1R4/1rr2PPP/1K1R4 w - - 2 42,b1a1 b2a2 a1b1 c2b2 b1c1 a2a1,1326,76,96,19689,endgame exposedKing long mate mateIn3,https://lichess.org/bulsmB4j#83,,True,2,https://lichess.org/training/thbGM
xSLwV,8/p7/1kp5/8/P3NR2/3P3p/r5r1/4R2K w - - 4 43,f4f3 g2h2 h1g1 a2g2 g1f1 h2h1,1326,75,89,432,endgame exposedKing long mate mateIn3,https://lichess.org/wkXv4mJC#85,,True,2,https://lichess.org/training/xSLwV
osoPe,4rk2/3q1pRn/p6p/8/5P1Q/P1B1r3/1P3K1P/RB6 w - - 2 28,h4h6 e3e2 f2g3 e8e3 g3h4 e2h2,1327,75,90,437,deflection exposedKing long mate mateIn3 middlegame,https://lichess.org/ueihDKD8#55,,True,2,https://lichess.org/training/osoPe
QdTTy,1r6/6p1/6p1/2Nk4/1P1p3P/r5P1/8/1K1RR3 w - - 0 37,c5e6 b8b4 b1c2 a3c3 c2d2 b4b2,1327,76,88,992,endgame exposedKing long mate mateIn3,https://lichess.org/jPw09s4f#73,,True,2,https://lichess.org/training/QdTTy
lDYPo,8/pRR5/k1p3r1/2P1K2p/r7/5P2/8/8 b - - 1 37,a4c4 b7a7 a6b5 c7b7 b5c5 a7a5,1327,78,69,66,endgame exposedKing long mate mateIn3 rookEndgame,https://lichess.org/TtX2NBmD/black#74,,True,2,https://lichess.org/training/lDYPo
MlJeE,8/pp4pk/8/5p2/6p1/Pr4P1/1PRR2K1/1r6 b - - 1 33,g7g5 c2c7 h7g6 d2d6 g6h5 c7h7,1327,75,88,1561,endgame exposedKing long mate mateIn3 rookEndgame,https://lichess.org/uS0xtp6N/black#66,,True,2,https://lichess.org/training/MlJeE
zSyM5,3r3k/p3R1R1/1p1q1p1P/8/8/P1P4P/1P4P1/7K b - - 5 38,d6f4 g7h7 h8g8 e7g7 g8f8 h7h8,1327,76,94,981,endgame exposedKing long mate mateIn3 queenRookEndgame,https://lichess.org/BNEUDgxt/black#76,,True,2,https://lichess.org/training/zSyM5
W95CJ,r3r3/3R1p1p/4p1p1/p1k5/P6P/6P1/5PK1/3R4 b - - 1 30,e8f8 d1c1 c5b4 d7b7 b4a3 c1a1,1328,85,84,385,endgame long mate mateIn3 rookEndgame,https://lichess.org/HbHxZIN6/black#60,,True,2,https://lichess.org/training/W95CJ
WDcQj,6k1/p4pp1/2n5/4r3/3r4/2K5/PP3PPP/RN4NR w - - 3 31,g1f3 e5c5 c3b3 d4b4 b3a3 c5a5,1328,75,87,1191,exposedKing long mate mateIn3 middlegame,https://lichess.org/XrdHlRRQ#61,,True,2,https://lichess.org/training/WDcQj
D5pba,2r4k/p3R1R1/7P/1pr1p3/5p2/1P6/P4P2/1K6 b - - 1 36,b5b4 g7h7 h8g8 e7g7 g8f8 h7h8,1329,75,82,153,endgame exposedKing long mate mateIn3 rookEndgame,https://lichess.org/FWAoFzc7/black#72,,True,2,https://lichess.org/training/D5pba
sZKA1,3r4/5p1p/p1r5/1pPp4/1P1k2P1/R6P/1P3K2/3R4 b - - 3 36,d4c4 a3c3 c4b4 d1d4 b4a5 c3a3,1330,74,79,412,endgame long mate mateIn3 rookEndgame,https://lichess.org/TBGkQ1Fl/black#72,,True,2,https://lichess.org/training/sZKA1
OxCu3,3r2k1/1pR3R1/4p2P/8/p7/4n3/PPP2r2/2K5 b - - 0 25,g8h8 g7h7 h8g8 c7g7 g8f8 h7h8,1330,125,14,20,endgame exposedKing long mate mateIn3,https://lichess.org/mqjg2sPo/black#50,,True,2,https://lichess.org/training/OxCu3
0STaJ,8/b4kp1/p1p3p1/3p4/6K1/P6R/r7/4R3 b - - 11 51,a6a5 h3f3 f7g8 e1e8 g8h7 f3h3,1331,75,55,159,endgame long mate mateIn3,https://lichess.org/DCECixno/black#102,,True,2,https://lichess.org/training/0STaJ
HDLcR,3Q4/1p3pk1/2p2Np1/6Pp/2P4P/pP6/1rr5/1K1R4 w - - 3 41,b1a1 b2a2 a1b1 c2b2 b1c1 a2a1,1331,76,95,21696,endgame exposedKing long mate mateIn3,https://lichess.org/dd2S6aFU#81,,True,2,https://lichess.org/training/HDLcR
1ve55,4r1k1/5p2/p2r2p1/1p1p2P1/3Pp2R/7R/PP6/6K1 b - - 0 41,f7f5 h4h8 g8f7 h3h7 f7e6 h8e8,1331,79,82,81,deflection endgame exposedKing long mate mateIn3 rookEndgame,https://lichess.org/TmFQmtoe/black#82,,True,2,https://lichess.org/training/1ve55
AjtoP,3rk1r1/4bp1p/pp3B2/6nb/3P4/8/qP3PPP/2R1R1K1 b - - 2 23,d8d7 c1c8 d7d8 e1e7 e8f8 c8d8,1331,80,93,4385,deflection long mate mateIn3 middlegame pin,https://lichess.org/IoGkMVSZ/black#46,,True,2,https://lichess.org/training/AjtoP
CbsXQ,3r3k/p4R2/1pp3Rp/5N1P/3p4/7P/PPPp2K1/4r3 b - - 5 30,d2d1q g6h6 h8g8 f7g7 g8f8 h6h8,1331,75,93,1271,endgame exposedKing long mate mateIn3,https://lichess.org/YP42lcKg/black#60,,True,2,https://lichess.org/training/CbsXQ
lmcdo,6k1/pR6/2p4p/5Kp1/7r/2P5/P1P1r1PP/R7 w - - 9 28,a1d1 h4f4 f5g6 e2e6 g6h5 f4h4,1331,85,100,103,endgame long mate mateIn3 rookEndgame,https://lichess.org/jsMJZcS1#55,,True,2,https://lichess.org/training/lmcdo
RBRV6,3r3k/4R1Rp/3n2pP/3p4/3P2PK/2r5/p7/8 b - - 1 38,a2a1q g7h7 h8g8 e7g7 g8f8 h7h8,1331,77,96,27580,endgame long mate mateIn3,https://lichess.org/rDAHhgYt/black#76,,True,2,https://lichess.org/training/RBRV6
zCDYb,8/6R1/4kr2/6R1/8/P4rK1/8/8 w - - 0 73,g3g4 f6f4 g4h5 f3h3 h5g6 f4f6,1332,79,95,24437,endgame long mate mateIn3 rookEndgame,https://lichess.org/h7YV4ID8#145,,True,2,https://lichess.org/training/zCDYb
QBa2x,6k1/1Q4bp/P1p2r1r/2Pp1p1q/3Pp2P/2N1PpP1/5P2/3R1B1K w - - 1 35,c3d5 h5h4 g3h4 h6h4 f1h3 h4h3 h1g1 f6g6 g1f1 h3h1,1332,76,95,2169,exposedKing kingsideAttack mate mateIn5 middlegame sacrifice veryLong,https://lichess.org/v7oeyu2q#69,,True,2,https://lichess.org/training/QBa2x
auhPq,5r2/p2R4/6k1/4r3/6p1/1B2n3/PP2RN2/6K1 w - - 0 38,f2d3 f8f1 g1h2 e5h5 h2g3 f1f3,1333,74,95,14178,exposedKing long master mate mateIn3 middlegame,https://lichess.org/OHVniC3p#75,,True,2,https://lichess.org/training/auhPq
eeY9C,7r/pp3P2/3p2k1/2p1bR2/4P3/1BPP1R1r/PP6/6K1 w - - 3 32,f7f8q h3h1 g1f2 h8h2 f2e3 h1e1,1333,75,87,160,exposedKing long mate mateIn3 middlegame,https://lichess.org/ijhaB4PQ#63,,True,2,https://lichess.org/training/eeY9C
bP4Uk,1rb2rk1/4RN1p/4p1pP/p7/1p6/5B2/1PP2bP1/1K1R4 b - - 0 31,f8f7 d1d8 f7f8 e7g7 g8h8 d8f8,1334,74,96,25517,deflection long mate mateIn3 middlegame,https://lichess.org/ulErMj7P/black#62,,True,2,https://lichess.org/training/bP4Uk
Dzaxk,1k6/pPn5/2R5/8/6p1/Q3P1Pp/P2r1r2/6RK w - - 3 36,g1c1 f2h2 h1g1 d2g2 g1f1 h2h1,1335,74,97,26202,endgame exposedKing long mate mateIn3,https://lichess.org/jdSZO9r5#71,,True,2,https://lichess.org/training/Dzaxk
U4Mgl,5r2/8/1ppr1p1p/p1p2Rp1/P2PP3/1P2k1PP/2K2RP1/8 b - - 0 36,c5d4 f5f3 e3e4 f2e2 e4d5 f3f5,1335,80,94,17708,endgame long mate mateIn3 rookEndgame,https://lichess.org/0yPPR1zr/black#72,,True,2,https://lichess.org/training/U4Mgl
kNGOd,1r5k/R5R1/7P/4p1p1/4P3/6P1/1p3K2/8 b - - 1 42,b2b1q g7h7 h8g8 a7g7 g8f8 h7h8,1336,76,89,235,endgame exposedKing long mate mateIn3 queenRookEndgame,https://lichess.org/aCNYIaLj/black#84,,True,2,https://lichess.org/training/kNGOd
hCPIm,1r6/R5R1/1p2pp1k/1Pp5/3q1P1P/2QP2P1/4r3/7K b - - 3 35,d4c3 g7h7 h6g6 a7g7 g6f5 h7h5,1336,75,96,13698,endgame exposedKing long mate mateIn3 queenRookEndgame,https://lichess.org/t4uJ9Wcm/black#70,,True,2,https://lichess.org/training/hCPIm
AmHGw,r1b2k1r/1p1n4/p4p2/3R3B/5P2/8/PPP3PP/4R1K1 b - - 0 19,d7b6 d5d8 f8g7 e1e7 g7h6 d8h8,1336,79,96,15487,deflection exposedKing long mate mateIn3 middlegame,https://lichess.org/65RjtaP6/black#38,French_Defense French_Defense_Classical_Variation,True,2,https://lichess.org/training/AmHGw
cE2Nx,5rk1/p6R/1p1p2p1/2pPp1q1/4P3/6P1/PPP3r1/1K1N1N1R b - - 0 25,f8f1 h7h8 g8f7 h1h7 f7f6 h8f8,1337,76,87,370,endgame exposedKing kingsideAttack long mate mateIn3,https://lichess.org/oiKpaZYP/black#50,,True,2,https://lichess.org/training/cE2Nx
M75Fp,8/pp5p/1n4pk/1PQ5/P7/1KP4B/3r1r2/R7 w - - 1 37,a1h1 d2b2 b3a3 b2a2 a3b4 f2b2 b4a5 a2a4,1337,75,99,4582,endgame hookMate mate mateIn4 veryLong,https://lichess.org/mim3v72t#73,,True,2,https://lichess.org/training/M75Fp
qOsJk,5r2/4k1p1/p1r1p2p/1p6/1P4P1/P3RP2/2PKR3/8 w - - 2 30,d2d3 f8d8 d3e4 c6c4 e4e5 d8d5,1338,76,97,2294,endgame exposedKing long mate mateIn3 rookEndgame,https://lichess.org/P0ffktdV#59,,True,2,https://lichess.org/training/qOsJk
ewvRn,7k/6p1/pp1pB1r1/2pPp2p/4Pr2/2P2pN1/PP2bP1K/R3R3 w - - 2 32,g3e2 f4h4 e6h3 g6g2 h2h1 h4h3,1338,76,96,8550,deflection endgame exposedKing long mate mateIn3 pin,https://lichess.org/qNO0nDxo#63,,True,2,https://lichess.org/training/ewvRn
gBKmz,5r1k/Q1p5/3p3p/pp2p3/4P3/2P3R1/PP4K1/5r2 w - - 14 45,a7c7 f8f2 g2h3 f1h1 h3g4 f2f4,1338,77,96,29084,endgame exposedKing long mate mateIn3 queenRookEndgame,https://lichess.org/HoSHukts#89,,True,2,https://lichess.org/training/gBKmz
1MTtZ,6k1/pp5p/2p5/3P2p1/5r2/2N2r1P/PPP2bK1/R4R2 w - - 0 29,a1d1 f3g3 g2h1 g3h3 h1g2 h3g3 g2h2 f4h4,1338,74,97,765,deflection endgame mate mateIn4 veryLong,https://lichess.org/1f6KflO9#57,,True,2,https://lichess.org/training/1MTtZ
6fnsI,8/6pk/N1R4p/2B1p3/2P1P1P1/pP6/P2rr3/K6R w - - 9 44,g4g5 d2a2 a1b1 e2b2 b1c1 a2a1,1340,76,70,175,endgame long mate mateIn3,https://lichess.org/jnmNpvfJ#87,,True,2,https://lichess.org/training/6fnsI
VKAKa,1r5k/4RR2/3p2pP/2p5/2P1P2P/8/1p2n2K/8 b - - 4 38,b2b1q f7h7 h8g8 e7g7 g8f8 h7h8,1341,75,98,552,endgame exposedKing long mate mateIn3,https://lichess.org/98NPlUKx/black#76,,True,2,https://lichess.org/training/VKAKa
WGuva,8/1p1r1rk1/pp1pR2R/3P2pK/2P5/3P1p2/PP6/8 b - - 1 39,f3f2 e6g6 g7f8 h6h8 f8e7 g6e6,1341,77,76,350,endgame exposedKing long mate mateIn3 rookEndgame,https://lichess.org/kBXlmXZ9/black#78,,True,2,https://lichess.org/training/WGuva
ZghRV,8/6k1/1Q6/2p4p/8/2P2KP1/r6P/4r3 w - - 12 46,f3f4 a2f2 f4g5 e1e5 g5h4 f2h2,1342,75,96,9110,endgame long master mate mateIn3 queenRookEndgame,https://lichess.org/ZUAWM1a2#91,,True,2,https://lichess.org/training/ZghRV
Kffb2,6k1/1b3p2/1p2Q1pp/p7/P2R1P2/1p6/7P/3RKNq1 b - - 0 36,f7e6 d4d8 g8f7 d1d7 f7f6 d8f8,1342,76,81,360,endgame exposedKing fork long mate mateIn3,https://lichess.org/hLFWSATP/black#72,,True,2,https://lichess.org/training/Kffb2
XWevK,8/1K1R1pkp/1r2r3/6P1/1P4PP/8/1R6/8 w - - 17 44,b7c7 e6c6 c7d8 b6b8 d8e7 c6e6,1342,97,83,30,endgame long mate mateIn3 rookEndgame,https://lichess.org/UV5XCOim#87,,True,2,https://lichess.org/training/XWevK
5hDRJ,3r3k/4R1Rp/p5pP/8/4Pp2/5P2/2pr2PK/8 b - - 1 39,c2c1q g7h7 h8g8 e7g7 g8f8 h7h8,1342,76,68,250,endgame long mate mateIn3 queenRookEndgame,https://lichess.org/EMsFQLV0/black#78,,True,2,https://lichess.org/training/5hDRJ
cikcQ,7k/1R4R1/7p/3K4/6P1/P6r/1P1r4/8 w - - 9 46,d5e6 h3e3 e6f7 d2f2 f7g6 e3e6 g6h5 f2h2,1342,75,100,1492,endgame mate mateIn4 rookEndgame veryLong,https://lichess.org/X27O4sER#91,,True,3,https://lichess.org/training/cikcQ
fr1xh,3R4/5p1k/4rnpp/8/6P1/1pPB1R1P/1P5r/2K5 w - - 1 33,d3c4 e6e1 d8d1 h2c2 c1b1 e1d1,1343,77,87,803,deflection endgame long mate mateIn3,https://lichess.org/J1Z4cXYV#65,,True,2,https://lichess.org/training/fr1xh
amPEK,k6r/pR3R2/Pp6/1PpP4/4P1p1/4K3/7p/8 b - - 0 42,h2h1q b7a7 a8b8 f7b7 b8c8 a7a8,1343,75,86,240,endgame long mate mateIn3 queenRookEndgame,https://lichess.org/uwhZqaEe/black#84,,True,2,https://lichess.org/training/amPEK
LFN8U,8/8/R1R3p1/p3rpk1/8/6P1/PP3nK1/3r4 b - - 19 44,f2e4 c6g6 g5h5 g6h6 h5g4 a6g6 e4g5 h6h4,1344,76,97,4822,endgame mate mateIn4 veryLong,https://lichess.org/Szi6dJ7h/black#88,,True,2,https://lichess.org/training/LFN8U
tYAhv,8/p1r5/8/3rp2R/5kP1/2p4P/P7/4R1K1 b - - 9 38,c3c2 h5f5 f4g3 e1e3 g3h4 f5h5,1345,74,96,18992,endgame long mate mateIn3 rookEndgame,https://lichess.org/D0mLeQuA/black#76,,True,2,https://lichess.org/training/tYAhv
GMeDj,3r2k1/2R3Rp/7P/Pp6/8/5P2/2K5/5q2 b - - 1 52,g8h8 g7h7 h8g8 c7g7 g8f8 h7h8,1345,76,96,14165,endgame long mate mateIn3 queenRookEndgame,https://lichess.org/HXS2qV5T/black#104,,True,2,https://lichess.org/training/GMeDj
3VpVN,2r3k1/5R2/4P1p1/p6P/7P/4PRK1/P7/7q b - - 2 37,c8c2 f7f8 g8h7 f3f7 h7h6 f8h8,1345,75,87,902,endgame exposedKing long mate mateIn3 queenRookEndgame,https://lichess.org/zRt4IyyL/black#74,,True,2,https://lichess.org/training/3VpVN
cRLHR,5k2/p1p2rp1/2pb3p/3p4/3P4/1R2Br2/PPP2PKP/4R3 b - - 7 23,f3f5 b3b8 f8e7 e3g5 e7d7 b8d8,1346,79,95,28655,doubleCheck endgame long mate mateIn3,https://lichess.org/tT8wDKW7/black#46,,True,2,https://lichess.org/training/cRLHR
1S5AJ,8/6RN/2p5/8/7P/2p3Pk/5rr1/4R1K1 w - - 9 43,g1h1 g2h2 h1g1 f2g2 g1f1 h2h1,1346,75,99,3459,endgame exposedKing long mate mateIn3,https://lichess.org/g4oc8O8t#85,,True,2,https://lichess.org/training/1S5AJ
kKYn3,4r1k1/5p1p/6p1/1R2r3/8/R4KP1/6PP/8 w - - 1 31,b5b7 e5f5 f3g4 e8e4 g4h3 f5h5,1346,76,96,26294,endgame long mate mateIn3 rookEndgame,https://lichess.org/oDBiGlCE#61,,True,2,https://lichess.org/training/kKYn3
lJ4Lo,8/3R2pp/1p3k2/5P2/5rP1/7r/6K1/3R4 b - - 1 39,h3b3 d1d6 f6g5 d7g7 g5h4 d6h6,1346,77,87,1129,deflection endgame exposedKing long mate mateIn3 rookEndgame,https://lichess.org/obx221BZ/black#78,,True,2,https://lichess.org/training/lJ4Lo
44815,k3r3/2RR4/P7/3p4/7p/7P/2p3PK/3r4 b - - 3 43,c2c1q c7a7 a8b8 d7b7 b8c8 a7a8,1347,76,94,197,endgame exposedKing long mate mateIn3 queenRookEndgame,https://lichess.org/GE3mDYnh/black#86,,True,2,https://lichess.org/training/44815
DYgHR,8/8/5Q2/2p2B2/2P5/1P3krp/4r2K/8 w - - 7 54,h2h1 e2e1 h1h2 g3g2 h2h3 e1h1,1348,75,86,181,endgame exposedKing long mate mateIn3,https://lichess.org/4B9yW7Rj#107,,True,2,https://lichess.org/training/DYgHR
W5rAR,3r2k1/5RR1/p4P2/1p6/4n3/KP6/P2q3P/8 b - - 2 41,g8h8 g7h7 h8g8 f7g7 g8f8 h7h8,1348,81,94,17102,endgame exposedKing long mate mateIn3,https://lichess.org/RQmx6qtg/black#82,,True,2,https://lichess.org/training/W5rAR
keh2s,6k1/p1R2p1p/8/6p1/4pr2/P4PK1/1r2B2P/7R w - - 0 28,e2c4 f4f3 g3g4 b2g2 g4h5 f3h3,1348,76,93,1926,endgame long mate mateIn3,https://lichess.org/vxuu9NwG#55,,True,2,https://lichess.org/training/keh2s
O8crH,8/4k3/p2R1p2/1p2pP2/7P/P3q2B/1r4P1/3R3K b - - 2 35,b2c2 d6d7 e7f8 d7d8 f8g7 d1d7 g7h6 d8h8,1349,160,65,19,endgame mate mateIn4 veryLong,https://lichess.org/P5rqAkHJ/black#70,,True,2,https://lichess.org/training/O8crH
eT5FM,k7/1R3Rp1/1Kp1n3/1pp1P3/2P5/7r/PP4r1/8 b - - 4 39,g2b2 b7a7 a8b8 f7b7 b8c8 a7a8,1349,76,91,1732,endgame exposedKing long mate mateIn3,https://lichess.org/C7y8AOUa/black#78,,True,2,https://lichess.org/training/eT5FM
1Hd0k,8/k2P4/2R5/5p2/8/4PP1p/r5r1/1R5K w - - 3 44,d7d8q g2h2 h1g1 a2g2 g1f1 h2h1,1349,75,87,219,endgame exposedKing long mate mateIn3 queenRookEndgame,https://lichess.org/DXCWzjud#87,,True,2,https://lichess.org/training/1Hd0k
MsUSY,5R2/p7/1b3k2/6pB/4R3/5P2/3r2r1/4K3 b - - 20 50,f6g7 f8f7 g7h6 e4e6 h6h5 f7h7,1349,76,87,414,endgame exposedKing long mate mateIn3 sacrifice,https://lichess.org/ZIXwxXAV/black#100,,True,2,https://lichess.org/training/MsUSY
ISHCa,1r3r2/p6k/b3pp2/3p4/B1p2K2/1P6/P1P2P2/R5R1 b - - 0 26,c4b3 g1h1 h7g6 a1g1 g6f7 h1h7,1350,78,52,85,endgame exposedKing long mate mateIn3,https://lichess.org/k7RofBDL/black#52,,True,2,https://lichess.org/training/ISHCa
91lkE,k4r2/2RR4/P7/8/1P3p2/3p1K2/4p3/8 b - - 1 45,e2e1q c7a7 a8b8 d7b7 b8c8 a7a8,1350,74,99,2925,endgame exposedKing long mate mateIn3 queenRookEndgame,https://lichess.org/Zs6PHp4U/black#90,,True,2,https://lichess.org/training/91lkE
E7lSS,2r4k/R4pR1/1p2p1NP/3pP2P/3PbP2/P2r4/5K2/8 b - - 2 35,f7g6 g7h7 h8g8 a7g7 g8f8 h7h8,1351,77,96,23217,endgame exposedKing long mate mateIn3,https://lichess.org/KLudnjee/black#70,,True,2,https://lichess.org/training/E7lSS
0qTDM,1r5k/3R2R1/7P/p7/K2P4/2rPn3/8/8 b - - 11 48,c3c1 g7h7 h8g8 d7g7 g8f8 h7h8,1352,75,100,232,endgame exposedKing long mate mateIn3,https://lichess.org/WCWbuxyx/black#96,,True,2,https://lichess.org/training/0qTDM
9GmSU,6r1/2p1k3/p1p5/1p2P2K/4Pr2/1N1P4/PPP2n2/R4R2 w - - 0 25,b3d4 g8h8 h5g6 f4g4 g6f5 h8h5,1352,75,85,207,endgame long master mate mateIn3,https://lichess.org/LRASlwuS#49,,True,2,https://lichess.org/training/9GmSU
qtW2F,8/k1p2PB1/pp4Q1/8/8/2P1P1Pp/P2r1r2/1R5K w - - 1 31,f7f8q f2h2 h1g1 d2g2 g1f1 h2h1,1353,75,97,8473,endgame exposedKing long mate mateIn3,https://lichess.org/7SEc42lw#61,,True,2,https://lichess.org/training/qtW2F
EiQza,2r2k2/7R/6p1/1p1pPp2/8/2rK1P1P/6P1/4R3 w - - 0 41,d3d4 c8c4 d4d5 c3d3 d5e6 c4c6,1354,75,100,640,endgame long mate mateIn3 rookEndgame,https://lichess.org/FYVORRLo#81,,True,2,https://lichess.org/training/EiQza
Zo7uS,4r2k/2R3Rp/4p1pP/1p2Pp2/pP3P2/P1K5/3r4/8 b - - 13 39,e8d8 g7h7 h8g8 c7g7 g8f8 h7h8,1354,78,96,27152,endgame long mate mateIn3 rookEndgame,https://lichess.org/xuQTWI5q/black#78,,True,2,https://lichess.org/training/Zo7uS
xGUjN,8/pp6/2pBpNk1/q3P2p/6n1/3Ppr2/PPP2r2/2K3RR b - - 4 26,g6g5 h1h5 g5g6 g1g4 g6f7 h5h7,1354,76,84,212,deflection long mate mateIn3 middlegame,https://lichess.org/cemFFgyy/black#52,,True,2,https://lichess.org/training/xGUjN
zIoxu,8/8/4p1R1/B2rp2k/p1p5/2P1K3/2r2P2/6R1 w - - 0 51,g6e6 d5d3 e3e4 c2e2 e4f5 d3f3,1354,77,95,22237,endgame exposedKing long mate mateIn3,https://lichess.org/mMUFjEcY#101,,True,2,https://lichess.org/training/zIoxu
QrLwP,3r4/p7/5k2/6R1/7r/2b5/P1PNRPP1/3K4 w - - 0 32,g5g3 h4h1 e2e1 d8d2 d1c1 h1e1,1355,77,84,312,deflection endgame long mate mateIn3,https://lichess.org/tEUYSnAF#63,,True,2,https://lichess.org/training/QrLwP
QTotu,6k1/p1p5/7p/PP6/8/3r1p2/4rR1P/2R3K1 w - - 1 39,c1c7 d3d1 f2f1 e2g2 g1h1 d1f1,1355,129,86,14,deflection endgame long mate mateIn3 pin rookEndgame,https://lichess.org/E8mj03uk#77,,True,2,https://lichess.org/training/QTotu
dbx11,6k1/4R3/1R4p1/5pNp/4pPn1/3nP1P1/2r4P/r4BK1 b - - 2 32,c2c8 b6g6 g8f8 e7f7 f8e8 g6g8,1356,75,100,235,exposedKing long mate mateIn3 middlegame,https://lichess.org/QPXFHKuQ/black#64,,True,2,https://lichess.org/training/dbx11
XbwAx,5r1k/1R6/6R1/6p1/3P3p/1PP1nN2/5r2/7K w - - 4 40,f3g5 f2f1 h1h2 f8f2 h2h3 f1h1,1356,77,81,548,endgame exposedKing long mate mateIn3,https://lichess.org/mVOzFyYj#79,,True,2,https://lichess.org/training/XbwAx
n8HxI,5rk1/3R3p/6pP/P4pP1/4r3/4p1PK/3p1q2/1R6 b - - 2 50,f8f7 b1b8 e4e8 b8e8 f7f8 d7g7 g8h8 e8f8,1356,82,94,14941,deflection endgame mate mateIn4 queenRookEndgame veryLong,https://lichess.org/sIkjYP87/black#100,,True,2,https://lichess.org/training/n8HxI
03ZZt,2Q5/6k1/p5p1/1pR2p2/1P3Pr1/8/1P2K1r1/8 w - - 1 41,e2d3 g4g3 d3d4 g2d2 d4e5 g3e3,1356,79,91,2692,endgame exposedKing long mate mateIn3 queenRookEndgame,https://lichess.org/ftcGFNdI#81,,True,2,https://lichess.org/training/03ZZt
pSqkM,8/5kp1/4N3/3B4/1P6/P4p2/5rr1/2R3K1 w - - 2 33,g1h1 g2h2 h1g1 f2g2 g1f1 h2h1,1357,76,72,524,endgame exposedKing long mate mateIn3,https://lichess.org/vLgk7Cif#65,,True,2,https://lichess.org/training/pSqkM
gMBTR,2r2q2/1p3p1k/p4Pp1/5R1Q/7P/1P6/1Pr5/1K4R1 b - - 0 32,g6h5 f5h5 f8h6 g1g7 h7h8 h5h6,1357,77,93,4903,endgame exposedKing long mate mateIn3 pin queenRookEndgame,https://lichess.org/TUd12jPH/black#64,,True,2,https://lichess.org/training/gMBTR
Y0wIR,b2r4/pn1k1r2/1p1P3R/8/1PR5/1KP5/P4p2/8 b - - 1 52,f2f1q c4c7 d7e8 h6h8 f7f8 c7e7,1358,74,95,20054,exposedKing long mate mateIn3 middlegame,https://lichess.org/XnCzatUG/black#104,,True,2,https://lichess.org/training/Y0wIR
cHFmW,8/8/7R/8/P1P5/kP5p/5rr1/4R1K1 w - - 9 52,g1h1 g2h2 h1g1 f2g2 g1f1 h2h1,1358,76,96,26335,endgame exposedKing long mate mateIn3 rookEndgame,https://lichess.org/LDnWa7zz#103,,True,2,https://lichess.org/training/cHFmW
WFXDh,6k1/2R4p/6pP/8/8/6P1/r1p2r2/4R1K1 b - - 1 44,f2f7 e1e8 f7f8 c7g7 g8h8 e8f8,1358,75,87,438,deflection endgame long master mate mateIn3 rookEndgame,https://lichess.org/5tf43L1S/black#88,,True,2,https://lichess.org/training/WFXDh
lIU7x,5rk1/R6p/1p4pP/2p2pn1/5r2/1P4N1/P7/4R1K1 b - - 0 37,f8f7 e1e8 f7f8 a7g7 g8h8 e8f8,1359,74,97,4869,deflection endgame long mate mateIn3,https://lichess.org/c27UtIqU/black#74,,True,2,https://lichess.org/training/lIU7x
f1uZG,6rr/2R2p2/4p3/3p2k1/1P1P4/P5R1/5P1p/5K2 b - - 3 34,g5f4 c7f7 f4e4 g3e3 e4d4 f7f4,1359,77,94,1693,endgame long mate mateIn3 rookEndgame,https://lichess.org/ndb6IoBF/black#68,,True,2,https://lichess.org/training/f1uZG
KuTfD,r1b3kr/4bR2/p1np2p1/3Pp1N1/1p6/4B2P/PPP3P1/5RK1 b - - 0 21,e7g5 f7f8 g8h7 f1f7 h7h6 f8h8,1359,78,91,1704,deflection exposedKing kingsideAttack long mate mateIn3 middlegame,https://lichess.org/wOUDzQ4L/black#42,,True,2,https://lichess.org/training/KuTfD
vQxeh,r3r1k1/3q1pp1/p2p3Q/1ppPp1N1/4P3/2P5/PP3P2/2K3RR b - - 0 25,g7h6 g5e6 g8h7 g1g7 h7h8 h1h6,1360,74,97,8984,deflection discoveredAttack endgame kingsideAttack long mate mateIn3,https://lichess.org/6909ISCR/black#50,,True,2,https://lichess.org/training/vQxeh
PuPIb,7r/p1p2p2/5R2/1pp2R2/4P1k1/3P3r/PPP5/6K1 w - - 6 30,f6f7 h3h1 g1f2 h8h2 f2e3 h1e1,1360,78,93,7026,endgame exposedKing long mate mateIn3 rookEndgame,https://lichess.org/YJijvm2U#59,,True,2,https://lichess.org/training/PuPIb
P6KrY,5rk1/pp3p2/2p2Qp1/7r/3P1R1P/Pq2P1P1/1P3RK1/8 b - - 6 36,b3e3 f6g6 f7g6 f4f8 g8h7 f2f7 h7h6 f8h8,1361,265,33,5,discoveredAttack endgame mate mateIn4 sacrifice veryLong,https://lichess.org/s0JBz3iI/black#72,,True,2,https://lichess.org/training/P6KrY
lp2D4,8/3k2P1/3p1p2/p2P1P2/2P5/pP6/4r2r/K5R1 w - - 1 43,g7g8q e2a2 a1b1 h2b2 b1c1 a2a1,1361,76,98,4467,endgame exposedKing long mate mateIn3 queenRookEndgame,https://lichess.org/pOOxcH5J#85,,True,2,https://lichess.org/training/lp2D4
zSmaX,3R4/4k1r1/8/1ppB1R2/3pPp1p/1P3Pr1/8/5K2 w - - 1 55,d8a8 g3g1 f1e2 g7g2 e2d3 g1d1,1361,75,98,3666,endgame exposedKing long mate mateIn3,https://lichess.org/KKiaCzN9#109,,True,2,https://lichess.org/training/zSmaX
4p7GV,4r1k1/ppp1rppR/3p1qn1/3P4/3P2Q1/3B1PP1/PPP2K2/7R w - - 11 21,d3g6 e7e2 f2g1 e2e1 g1g2 e8e2 g2h3 e1h1,1362,77,96,26955,deflection mate mateIn4 middlegame veryLong,https://lichess.org/S8lID5H4#41,,True,2,https://lichess.org/training/4p7GV
giDcD,8/k4pp1/4P1p1/1pN5/1Pp1R3/p1P4P/P2r1rP1/K3R3 w - - 1 37,e6f7 d2a2 a1b1 f2b2 b1c1 a2a1,1363,76,84,952,endgame long mate mateIn3,https://lichess.org/Nh6nw7r2#73,,True,2,https://lichess.org/training/giDcD
a2pm8,5rk1/3R1N1p/p3p1pP/3bP3/6r1/6P1/P7/1R4K1 b - - 0 33,f8f7 b1b8 f7f8 d7g7 g8h8 b8f8,1363,144,100,26,deflection endgame long mate mateIn3,https://lichess.org/rsLZnot9/black#66,,True,2,https://lichess.org/training/a2pm8
BjCv5,8/8/8/8/5R2/p1k5/1rr2P2/4RK2 b - - 9 81,a3a2 e1e3 c3d2 f4d4 d2c1 e3e1,1364,99,63,55,endgame long mate mateIn3 rookEndgame,https://lichess.org/MdyCKUum/black#162,,True,2,https://lichess.org/training/BjCv5
hvA12,2R5/P4pk1/2p3p1/8/8/1P5p/r5r1/1R5K w - - 3 42,a7a8q g2h2 h1g1 a2g2 g1f1 h2h1,1364,76,96,7643,endgame exposedKing long mate mateIn3 queenRookEndgame,https://lichess.org/9XbRTWGG#83,,True,2,https://lichess.org/training/hvA12
L7tTM,3r1r1k/pb3pp1/1p2pN1Q/1qp1P3/4R3/7R/PPP2PPP/6K1 b - - 0 23,g7h6 h3h6 h8g7 h6h7 g7g6 e4g4 g6f5 h7h5,1364,78,94,14349,exposedKing kingsideAttack mate mateIn4 middlegame veryLong,https://lichess.org/NPNIRmk5/black#46,,True,2,https://lichess.org/training/L7tTM
cCKS6,2r5/1pN1nk2/p2P2p1/1Pp1p3/P3P3/2N3RK/5r2/R7 w - - 1 30,d6e7 c8h8 h3g4 f2f4 g4g5 h8h5,1364,76,96,21709,endgame exposedKing long mate mateIn3,https://lichess.org/605w4BMj#59,,True,2,https://lichess.org/training/cCKS6
W0FOs,3r3k/p1R1R3/5p1P/8/3P1PP1/8/2p2K2/r7 b - - 2 35,c2c1q e7h7 h8g8 c7g7 g8f8 h7h8,1364,77,86,165,endgame exposedKing long mate mateIn3 queenRookEndgame,https://lichess.org/ib74fmEv/black#70,,True,2,https://lichess.org/training/W0FOs
9OFsw,3r3k/R5p1/4RbBp/8/6P1/8/Pr3PP1/6K1 w - - 3 33,e6a6 d8d1 g1h2 f6e5 g2g3 b2f2 h2h3 d1h1,1365,79,94,1438,endgame mate mateIn4 veryLong,https://lichess.org/wDWyT08H#65,,True,2,https://lichess.org/training/9OFsw
RmBRJ,3r3r/5p2/Rk1p1n1p/1P1Pq1p1/4P3/2N4P/5PP1/4R1K1 b - - 3 28,b6c5 a6c6 c5b4 e1b1 b4a3 c6a6,1365,75,96,26068,long mate mateIn3 middlegame,https://lichess.org/UwZWFawV/black#56,,True,2,https://lichess.org/training/RmBRJ
0wziK,7k/6p1/2R2pPp/2P2P2/5R2/4r1K1/8/5r2 w - - 3 50,g3g4 f1g1 g4h5 e3h3 f4h4 g1g5,1366,87,93,882,endgame long master masterVsMaster mate mateIn3 rookEndgame,https://lichess.org/pyNsSd7o#99,,True,2,https://lichess.org/training/0wziK
HvJyO,3rr1k1/1p4pp/5P2/p7/P3P3/1n2K3/1B1p1R2/3R4 b - - 0 36,g7f6 d1g1 g8f7 f2f6 f7e7 g1g7,1367,76,91,466,endgame intermezzo long mate mateIn3,https://lichess.org/OVfdUI8p/black#72,,True,2,https://lichess.org/training/HvJyO
LmJRM,r4r2/pp2bp2/4p3/3p4/k2P1P2/2P3P1/4RPK1/1R6 b - - 1 35,b7b6 e2a2 e7a3 b1b4 a4a5 a2a3,1367,77,89,1440,deflection endgame long mate mateIn3 pin,https://lichess.org/wBkw2ll9/black#70,,True,2,https://lichess.org/training/LmJRM
2uso7,2r4k/R5R1/p4p1P/4p3/3p3p/1P6/P1r2P1P/7K b - - 0 32,h4h3 g7h7 h8g8 a7g7 g8f8 h7h8,1368,74,99,1921,endgame exposedKing long mate mateIn3 rookEndgame,https://lichess.org/aRiH5Kvu/black#64,,True,2,https://lichess.org/training/2uso7
J8bJK,8/r4p1p/4pN1R/4PkP1/p2P4/b6R/1p3PK1/2r5 b - - 5 42,b2b1q h3f3 f5g5 h6h5 g5g6 f3g3,1368,92,88,67,fork long mate mateIn3 middlegame,https://lichess.org/1XJ5iZ3q/black#84,,True,2,https://lichess.org/training/J8bJK
kM5vO,3r4/2k5/1R6/5p2/1P1r4/7K/4RP2/8 w - - 2 58,b6b5 d8h8 h3g2 d4g4 g2f1 h8h1,1368,77,90,758,endgame exposedKing long mate mateIn3 rookEndgame,https://lichess.org/gyuME1PR#115,,True,2,https://lichess.org/training/kM5vO
m0t1K,2r5/p4p1k/5Q1p/8/7P/3RPp2/1r1K1P2/6R1 w - - 0 30,d2e1 c8c1 d3d1 b2e2 e1f1 c1d1,1368,76,95,7566,deflection endgame long master mate mateIn3 queenRookEndgame,https://lichess.org/GCTFPPVn#59,,True,2,https://lichess.org/training/m0t1K
DTTdR,6k1/R5pp/1P1p4/8/P1n1Np2/1r3P2/2r3PP/K3R3 w - - 7 36,b6b7 b3a3 a1b1 c2b2 b1c1 a3a1,1370,74,97,5566,endgame exposedKing long mate mateIn3,https://lichess.org/pk7kAvjm#71,,True,2,https://lichess.org/training/DTTdR
0sVLY,8/1p6/1R6/6p1/4k3/7P/r1r5/4R1K1 b - - 7 55,e4f3 b6f6 f3g3 e1e3 g3h4 f6h6,1370,143,38,7,endgame long mate mateIn3 rookEndgame,https://lichess.org/g5DIdg4v/black#110,,True,2,https://lichess.org/training/0sVLY
HT7zg,k3r3/3R2R1/2K5/2Pn2P1/1p4r1/8/8/8 b - - 0 37,b4b3 d7a7 a8b8 g7b7 b8c8 a7a8,1370,75,82,198,endgame exposedKing long mate mateIn3,https://lichess.org/suXC4Gk2/black#74,,True,2,https://lichess.org/training/HT7zg
qoPbE,4r1k1/2R4R/pp4r1/2p5/6P1/5P2/PPP5/2K5 w - - 1 29,c1d2 g6d6 d2c3 e8e3 c3c4 d6d4,1371,76,82,426,endgame long mate mateIn3 rookEndgame,https://lichess.org/PmMknl1z#57,,True,2,https://lichess.org/training/qoPbE
hQS7K,3k4/2R3p1/1p1P4/1R3p2/3P4/4P1Pp/r5rP/4B2K w - - 1 36,b5f5 g2h2 h1g1 a2g2 g1f1 h2h1,1372,75,97,3011,endgame long mate mateIn3,https://lichess.org/Voe9m9Jy#71,,True,2,https://lichess.org/training/hQS7K
FrHE4,6k1/4R3/1p3nNp/5r2/2K4R/2P5/P1P3PP/3r4 w - - 21 40,h4h6 f5c5 c4b3 d1b1 b3a4 c5a5,1372,75,81,167,endgame long mate mateIn3,https://lichess.org/nde2vOMs#79,,True,2,https://lichess.org/training/FrHE4
BWeFz,1k1r3r/6pp/1R4p1/p1p5/3pPb2/3K3B/8/1R6 b - - 0 31,b8c7 b6b7 c7d6 b1b6 d6e5 b7e7,1373,86,46,36,endgame exposedKing long mate mateIn3,https://lichess.org/CTHfsUNY/black#62,,True,2,https://lichess.org/training/BWeFz
hby1n,3k4/5p2/4p2p/1p1N1p2/5P2/3r4/P2r2nP/2R3RK b - - 0 50,g2h4 g1g8 d8d7 c1c7 d7d6 g8d8,1373,75,93,1050,endgame exposedKing long master mate mateIn3,https://lichess.org/3Nu3Sylk/black#100,,True,2,https://lichess.org/training/hby1n
DfAf2,7k/2n1qr1p/1p1p2pQ/pPpPp1P1/P1P1P1r1/2N4R/2K5/7R b - - 6 33,e7g5 h6h7 f7h7 h3h7 h8g8 h7h8 g8f7 h1h7 f7f6 h8f8,1373,87,94,15833,fork mate mateIn5 middlegame sacrifice veryLong,https://lichess.org/oFE85DAp/black#66,,True,2,https://lichess.org/training/DfAf2
wf5IG,8/1r4pp/4kp2/6P1/6KP/rp1R4/1R6/8 b - - 1 48,f6g5 b2e2 e6f7 d3f3 f7g8 e2e8,1374,75,99,12546,endgame exposedKing long mate mateIn3 rookEndgame,https://lichess.org/oQwGRbDh/black#96,,True,2,https://lichess.org/training/wf5IG
1nfAK,4r3/ppp2p2/8/4rk2/6R1/1P1R1P2/P1P3P1/6K1 w - - 3 39,g2g3 e5e1 g1h2 e8e2 h2h3 e1h1,1374,76,96,8260,endgame exposedKing long mate mateIn3 rookEndgame,https://lichess.org/JKrI8RFO#77,,True,2,https://lichess.org/training/1nfAK
u80rj,r5r1/1pp2p2/p2p4/P4P2/1P6/2P1R2K/5k2/4RB2 w - - 1 35,f1d3 g8h8 h3g4 a8g8 g4f4 h8h4,1375,75,100,1394,endgame exposedKing long mate mateIn3,https://lichess.org/FWYgn5H9#69,,True,2,https://lichess.org/training/u80rj
nFeII,3R4/5pk1/R1P5/1P3Kpp/P7/6P1/4r2r/8 w - - 2 56,c6c7 h2f2 f5g5 e2e5 g5h4 f2h2,1375,75,96,24439,endgame long mate mateIn3 rookEndgame,https://lichess.org/07g8gb02#111,,True,2,https://lichess.org/training/nFeII
S64Ja,r3rq1k/p4p1Q/2p2P2/3bR3/2p5/6RP/P4PP1/6K1 b - - 0 28,h8h7 e5h5 f8h6 g3g7 h7h8 h5h6,1375,75,97,6480,endgame exposedKing long mate mateIn3 pin,https://lichess.org/Yc9Jxt6q/black#56,,True,2,https://lichess.org/training/S64Ja
GtlHx,1r5k/3R2Rp/7P/2K5/p7/8/3pp3/8 b - - 3 44,d2d1q g7h7 h8g8 d7g7 g8f8 h7h8,1376,80,50,117,endgame long mate mateIn3 queenRookEndgame,https://lichess.org/brbz2yax/black#88,,True,2,https://lichess.org/training/GtlHx
J96dW,5rk1/1p3p2/p2p4/3P1Qr1/PP5R/6PK/8/7R b - - 0 33,g5f5 h4g4 g8h7 h3g2 f5h5 h1h5,1376,78,95,17243,discoveredAttack endgame long mate mateIn3 rookEndgame,https://lichess.org/w6ly6Oas/black#66,,True,2,https://lichess.org/training/J96dW
odu0W,6k1/3b2R1/3p4/1p1Ppr1N/p7/P6K/1Pr5/6R1 b - - 0 37,g8h8 g7g8 h8h7 g1g7 h7h6 g8h8,1377,77,93,134,endgame exposedKing fork long master mate mateIn3,https://lichess.org/dLsPUMbJ/black#74,,True,2,https://lichess.org/training/odu0W
8lAM5,7k/pp1r1p2/4bP2/6Rp/P7/KP1p4/2rP4/6R1 b - - 3 33,d7d5 g5g8 h8h7 g1g7 h7h6 g8h8,1377,109,33,17,endgame exposedKing long master mate mateIn3,https://lichess.org/aQrnmx2P/black#66,,True,2,https://lichess.org/training/8lAM5
ERDCu,k2r3r/1R3R2/p7/N3Q2p/P2pP3/2qn3P/2P3P1/6K1 b - - 0 26,d3e5 b7a7 a8b8 f7b7 b8c8 a7a8,1377,75,70,127,exposedKing long master mate mateIn3 middlegame,https://lichess.org/TKQLi7eC/black#52,,True,2,https://lichess.org/training/ERDCu
4OQDv,8/p1r3p1/4Rp1p/1kr5/8/2P4P/P5PK/1R6 b - - 10 36,b5a4 e6a6 c5a5 b1b4 a4a3 a6a5,1378,77,92,4855,deflection endgame long mate mateIn3 rookEndgame,https://lichess.org/GMJl2DBo/black#72,,True,2,https://lichess.org/training/4OQDv
qkr52,7k/p4rN1/1r3nR1/1pp3R1/4p2P/3bP3/PP3P2/2K5 b - - 0 34,f6d7 g5h5 h8g8 g7e6 f7g7 g6g7,1378,79,94,15092,discoveredAttack exposedKing long mate mateIn3 middlegame,https://lichess.org/a8eHAz9X/black#68,,True,2,https://lichess.org/training/qkr52
Ufezq,4k3/2Rr2pp/R2P1p2/5P2/6r1/8/P4K2/8 b - - 2 37,g4d4 a6a8 d7d8 c7e7 e8f8 a8d8,1378,76,93,4407,deflection endgame exposedKing long mate mateIn3 pin rookEndgame,https://lichess.org/GRxXuFHS/black#74,,True,2,https://lichess.org/training/Ufezq
BvNgB,8/3k4/3b3R/1K1P1p2/4p3/1rP1B1P1/2r2P1P/3R4 w - - 1 37,b5a4 b3a3 a4b5 c2b2 b5c4 a3a4,1378,76,93,6903,endgame long master mate mateIn3,https://lichess.org/C3zPeZkQ#73,,True,2,https://lichess.org/training/BvNgB
pXEuw,3r4/1p2RR2/p4n2/8/2B5/2Pb1kPP/Pr6/7K b - - 2 37,d3c4 f7f6 f3g3 e7g7 g3h4 f6h6,1381,96,41,26,endgame long mate mateIn3,https://lichess.org/kxCxISC8/black#74,,True,2,https://lichess.org/training/pXEuw
vCSap,r6k/ppp2R2/2n3R1/4pN1p/6b1/8/PP2r1PP/6K1 b - - 7 23,a8d8 g6h6 h8g8 f7g7 g8f8 h6h8,1382,76,77,142,exposedKing long mate mateIn3 middlegame,https://lichess.org/8G03ChLT/black#46,,True,2,https://lichess.org/training/vCSap
CBu8c,4Q3/3R1p2/5Pk1/6p1/8/pP6/1rr3PP/1K2R3 w - - 2 38,b1a1 b2a2 a1b1 c2b2 b1c1 a2a1,1382,75,95,14586,endgame exposedKing long mate mateIn3 queenRookEndgame,https://lichess.org/ko3Ku1Jj#75,,True,2,https://lichess.org/training/CBu8c
l53x6,8/3P4/2R5/5p1k/5Pp1/P6p/1r4rP/3R3K w - - 1 49,d7d8q g2h2 h1g1 b2g2 g1f1 h2h1,1382,76,82,147,endgame long mate mateIn3 queenRookEndgame,https://lichess.org/YYwZUFRJ#97,,True,2,https://lichess.org/training/l53x6
tF8fY,6rk/p1R1R3/6pP/8/3p4/2nP4/P4r1P/2K5 b - - 1 29,g8b8 e7h7 h8g8 c7g7 g8f8 h7h8,1383,76,99,4556,endgame exposedKing long mate mateIn3,https://lichess.org/86o5ijzy/black#58,,True,2,https://lichess.org/training/tF8fY
5uEbq,1k1r4/1RR5/P4p2/5n2/8/3P4/5K1p/r7 b - - 9 54,b8a8 b7a7 a8b8 c7b7 b8c8 a7a8,1383,78,92,755,endgame exposedKing long mate mateIn3,https://lichess.org/7uvubz5G/black#108,,True,2,https://lichess.org/training/5uEbq
FQCbh,3Rk3/4r2p/bqp1N3/p3R3/1p6/8/PPP2PPP/2K5 b - - 1 27,e8f7 d8f8 f7g6 e5g5 g6h6 f8f6,1384,89,71,58,endgame exposedKing long mate mateIn3,https://lichess.org/m4mXkb7a/black#54,,True,2,https://lichess.org/training/FQCbh
W8jRT,8/5rk1/4R2R/1rNp4/1pnPp2P/5p2/5PP1/4K3 b - - 9 44,b4b3 e6g6 g7f8 h6h8 f8e7 g6e6,1384,80,96,26313,endgame exposedKing long mate mateIn3,https://lichess.org/qBAB1n9n/black#88,,True,2,https://lichess.org/training/W8jRT
srHH5,4rr1k/pp5p/4bpN1/2p5/2Pn1R2/3B2R1/PP4PP/1K6 b - - 8 24,h7g6 f4h4 h8g7 g3g6 g7f7 h4h7,1387,80,71,52,exposedKing intermezzo long mate mateIn3 middlegame,https://lichess.org/GQOQ20kT/black#48,,True,2,https://lichess.org/training/srHH5
V5NTQ,8/p1R3p1/5k1p/3p1P2/3P2P1/4RK2/q7/8 b - - 3 38,a2h2 e3e6 f6g5 c7g7 g5h4 e6h6,1388,75,88,574,deflection endgame exposedKing interference long mate mateIn3 queenRookEndgame,https://lichess.org/nyXGIoJ6/black#76,,True,2,https://lichess.org/training/V5NTQ
UoByx,8/3P1pk1/8/1p1R1p2/1Pp5/4P1Pp/r5rP/3R3K w - - 1 41,d7d8q g2h2 h1g1 a2g2 g1f1 h2h1,1388,78,95,23809,endgame long mate mateIn3 queenRookEndgame,https://lichess.org/WW4PWsQZ#81,,True,2,https://lichess.org/training/UoByx
wpKV8,1r5k/2R3Rp/5p1P/1pP2P2/8/1p6/4r3/6K1 b - - 3 47,b3b2 g7h7 h8g8 c7g7 g8f8 h7h8,1390,75,100,658,endgame long mate mateIn3 rookEndgame,https://lichess.org/DpgxIvwL/black#94,,True,2,https://lichess.org/training/wpKV8
0eeLI,5rk1/ppR4n/4p1q1/3pQ2R/7P/6P1/PPP2r2/6K1 w - - 0 30,c7h7 f2f1 g1h2 f8f2 h2h3 f1h1,1391,79,94,14877,endgame exposedKing long mate mateIn3,https://lichess.org/J8Jn4NFe#59,,True,2,https://lichess.org/training/0eeLI
40KYX,5rk1/8/pB1R3R/1p2p1pP/4P2r/P1N5/1P5K/5b2 w - - 6 43,h2g3 h4h3 g3g4 f8f4 g4g5 h3g3,1391,75,94,513,exposedKing long mate mateIn3 middlegame,https://lichess.org/vxBfMxdK#85,,True,2,https://lichess.org/training/40KYX
NAzfd,4r2k/r7/8/8/8/1P1R1K2/3p1PPP/3R4 w - - 8 40,d3d2 a7f7 f3g4 e8g8 g4h5 f7h7,1391,81,83,58,endgame exposedKing long mate mateIn3 rookEndgame,https://lichess.org/BgpKbAFo#79,,True,2,https://lichess.org/training/NAzfd
Mq5L2,6r1/pp1q1p1k/7p/5p1P/3R3Q/1B1PnR2/PPP3r1/7K w - - 2 30,d4d7 g2g1 h1h2 g8g2 h2h3 g1h1,1391,77,100,2790,exposedKing long mate mateIn3 middlegame,https://lichess.org/1BkhIgUG#59,,True,2,https://lichess.org/training/Mq5L2
No92u,3R4/kp2r2p/p7/1bPp4/8/P4PQ1/1P1Kr3/8 w - - 6 43,d2c3 e7e3 c3b4 e2b2 b4a5 e3a3,1391,77,93,1694,deflection endgame exposedKing long mate mateIn3,https://lichess.org/U93Y3g9W#85,,True,2,https://lichess.org/training/No92u
cWpBp,3r3k/6pp/p3B3/P4p2/1B3P2/1Pn1bN2/r5PP/2R2K2 w - - 0 36,c1c3 d8d1 f3e1 a2f2 f1g1 d1e1,1393,77,95,17515,deflection long master mate mateIn3 middlegame,https://lichess.org/Zxfx1VnQ#71,,True,2,https://lichess.org/training/cWpBp
pEhXX,r7/7Q/3r1kp1/1P3p2/4p3/8/P5KR/8 w - - 2 48,h2h6 a8a2 g2g3 d6d3 g3h4 a2h2,1393,76,71,173,endgame exposedKing long mate mateIn3 queenRookEndgame,https://lichess.org/iYyLxZVH#95,,True,2,https://lichess.org/training/pEhXX
DZ7K8,1r6/p2R2Q1/4k1n1/4rbP1/8/1Pp5/q1P5/1K3R2 w - - 0 32,b1a2 e5a5 a2b1 b8b3 b1c1 a5a1,1395,74,98,10560,deflection long mate mateIn3 middlegame pin,https://lichess.org/sOOhJwPA#63,,True,2,https://lichess.org/training/DZ7K8
3MvZj,4R1k1/p6p/8/1q3pP1/8/7P/r7/4R1K1 b - - 2 45,g8g7 e1e7 g7g6 e8g8 g6h5 e7h7,1395,134,75,17,deflection endgame long mate mateIn3 queenRookEndgame,https://lichess.org/fG0RnrWe/black#90,,True,2,https://lichess.org/training/3MvZj
oAJDl,r3r1k1/ppp2RR1/7P/8/2nP4/1PP1p3/PB1q4/1K6 b - - 7 29,g8h8 g7h7 h8g8 f7g7 g8f8 h7h8,1396,77,96,26138,exposedKing long mate mateIn3 middlegame,https://lichess.org/jFPWIK7l/black#58,,True,2,https://lichess.org/training/oAJDl
wdT33,1rb2r2/5p1k/p3pp2/b1Pp4/8/P3PPR1/4KP1P/R7 b - - 1 25,c8d7 g3h3 h7g6 a1g1 g6f5 h3h5,1397,74,82,219,endgame exposedKing long mate mateIn3,https://lichess.org/lbrkwT0U/black#50,,True,2,https://lichess.org/training/wdT33
55TAD,r4r2/1bp1R2R/1p2ppk1/p3n3/2B5/4P1P1/PPP2PP1/2K5 b - - 0 20,e5c4 e7g7 g6f5 h7h5 f5e4 g7g4,1397,78,96,23685,endgame long mate mateIn3,https://lichess.org/diqP72UL/black#40,,True,2,https://lichess.org/training/55TAD
6LehW,3r2k1/7p/p4ppB/2p4P/4rn2/3N4/P7/R1K3R1 w - - 0 28,d3f4 e4c4 c1b2 d8b8 b2a3 c4c3 a3a4 b8b4 a4a5 c3a3,1397,343,0,5,endgame exposedKing mate mateIn5 veryLong,https://lichess.org/WBEC9zmd#55,,True,4,https://lichess.org/training/6LehW
NCPLa,5br1/1rk5/R6p/1P2p1p1/P4p2/7P/5PP1/3R2K1 b - - 0 30,e5e4 a6c6 c7b8 d1d8 b8a7 c6a6,1398,75,86,557,endgame exposedKing long mate mateIn3,https://lichess.org/oRGcVgoI/black#60,,True,2,https://lichess.org/training/NCPLa
qrYuW,6k1/p5p1/2R4p/1pPr3P/4p3/4P3/PPK2r2/6R1 w - - 0 35,c2b3 d5d3 b3b4 f2b2 b4a5 d3a3,1399,75,87,178,deflection endgame exposedKing long mate mateIn3 rookEndgame,https://lichess.org/0YriDZiX#69,,True,2,https://lichess.org/training/qrYuW
q5oha,6k1/5rpp/3R4/2p4N/1p2pP1P/1n2r3/7K/6R1 b - - 1 37,b3d4 d6d8 f7f8 g1g7 g8h8 d8f8,1399,77,95,18519,deflection endgame long mate mateIn3,https://lichess.org/UoU1dz2D/black#74,,True,2,https://lichess.org/training/q5oha
m5MS7,4r3/8/p2R4/1p2p1p1/5kP1/7P/P1r5/4R1K1 b - - 1 29,c2a2 d6f6 f4g3 e1e3 g3h4 f6h6,1400,224,50,6,endgame long mate mateIn3 rookEndgame,https://lichess.org/2O3Cxpsv/black#58,,True,2,https://lichess.org/training/m5MS7
o0sMO,3r4/pp2rq1k/5p1p/3p1Pp1/4pP2/2P1R2Q/PP5P/6RK b - - 3 32,g5f4 h3h6 h7h6 e3h3 f7h5 g1g6 h6h7 h3h5,1401,76,91,3447,attraction endgame mate mateIn4 pin sacrifice veryLong,https://lichess.org/TEqjPDjK/black#64,,True,2,https://lichess.org/training/o0sMO
4VC6w,3k4/R7/4pp2/8/4PP2/P5Pp/1r4rP/2R4K w - - 1 41,a7c7 g2h2 h1g1 b2g2 g1f1 h2h1,1401,76,94,1009,endgame long mate mateIn3 rookEndgame,https://lichess.org/GVK5sl8G#81,,True,2,https://lichess.org/training/4VC6w
iJtY8,r6k/2R1R2p/6pP/p3n3/4p3/1P2r3/P5P1/7K b - - 1 31,e5g4 e7h7 h8g8 c7g7 g8f8 h7h8,1402,78,85,92,endgame long mate mateIn3,https://lichess.org/3t1v2I1N/black#62,,True,2,https://lichess.org/training/iJtY8
gzWT0,r4r1k/2p4p/3p2B1/1p2pP2/p4q2/P1PPn3/1P1N3R/6RK b - - 6 27,e3f5 h2h7 h8g8 g6f5 f4g5 g1g5,1402,76,64,103,discoveredAttack intermezzo kingsideAttack long mate mateIn3 middlegame,https://lichess.org/NLopq1r8/black#54,,True,2,https://lichess.org/training/gzWT0
pzH9H,1r3r2/3qpp2/7k/2pPpP1n/4P3/pp6/B1P4R/2K4R b - - 4 31,b3a2 h2h5 h6g7 h1g1 g7f6 h5h6,1402,76,93,2299,endgame exposedKing long mate mateIn3,https://lichess.org/tffsucpo/black#62,,True,2,https://lichess.org/training/pzH9H
JwNSP,6k1/8/7R/4pPp1/1p1pP1P1/1PpP1K2/2r5/r1B4R b - - 1 50,a1c1 h6h8 g8f7 h1h7 f7f6 h8f8,1402,79,96,21485,endgame exposedKing long mate mateIn3 rookEndgame,https://lichess.org/jAlmVGsr/black#100,,True,2,https://lichess.org/training/JwNSP
nf8Ls,7Q/1p4R1/1kp5/8/8/p7/1r1r2P1/1K5R w - - 9 40,b1a1 b2a2 a1b1 d2b2 b1c1 a2a1,1403,75,96,16795,endgame exposedKing long mate mateIn3 queenRookEndgame,https://lichess.org/ahDzbvwv#79,,True,2,https://lichess.org/training/nf8Ls
m740x,1k1r2nr/2p1n3/1p3p2/1P2b1pp/1PB1P3/2P3P1/R4PK1/R7 b - - 1 24,c7c5 a2a8 b8c7 a1a7 c7d6 a8d8,1403,77,74,59,deflection exposedKing long mate mateIn3 middlegame queensideAttack,https://lichess.org/6TFAr1IP/black#48,,True,2,https://lichess.org/training/m740x
RpWro,6rr/1Rp3Q1/p3kp2/4p3/2P2n1P/3P4/5PP1/3R3K w - - 3 31,g7c7 h8h4 h1g1 g8g2 g1f1 h4h1,1404,75,94,21214,endgame long mate mateIn3,https://lichess.org/ZApdwVKP#61,,True,2,https://lichess.org/training/RpWro
8Gl44,8/k2r1p2/1R2p3/5pPp/3r3P/1R2KP2/1P6/8 w - - 0 55,b6b5 f5f4 e3f2 d4d2 f2f1 d2d1 f1g2 d7d2 g2h3 d1h1,1404,76,96,34846,endgame master mate mateIn5 rookEndgame veryLong,https://lichess.org/hLLrDiQh#109,,True,2,https://lichess.org/training/8Gl44
ae7BX,4k3/1pB5/r1p5/P4R2/1p2bP1p/2r5/1K4p1/4R3 b - - 0 44,g2g1q e1e4 e8d7 f5f7 d7c8 e4e8,1405,77,93,1526,exposedKing hangingPiece long mate mateIn3 middlegame,https://lichess.org/NjfyZZFB/black#88,,True,2,https://lichess.org/training/ae7BX
iJKnG,5r2/1Qpkb1pp/p2p4/3Pp2R/2P5/1P4R1/P7/5rK1 w - - 1 31,g1g2 f8f2 g2h3 f1h1 h3g4 f2f4,1405,79,93,5010,endgame exposedKing long mate mateIn3,https://lichess.org/0PLf17kl#61,,True,2,https://lichess.org/training/iJKnG
ebPn0,2b2k1r/2q1rppp/p3p3/1pp1Q1N1/8/7P/PPP3P1/3R1RK1 b - - 9 22,c7e5 d1d8 e7e8 f1f7 f8g8 d8e8,1406,74,96,29448,deflection fork long mate mateIn3 middlegame,https://lichess.org/j028EpjB/black#44,,True,2,https://lichess.org/training/ebPn0
AidOV,1r6/5p2/4p1p1/1p1kRnP1/3P2Kb/r1B4P/1R6/8 b - - 3 56,d5c4 e5c5 c4d3 b2d2 d3e4 c5e5,1407,74,95,26837,long mate mateIn3 middlegame,https://lichess.org/jdEdRK3v/black#112,,True,2,https://lichess.org/training/AidOV
jbz91,4K3/4R1pk/1pr4r/8/6P1/7P/1R6/8 w - - 9 87,e8d7 h6d6 d7e8 c6c8 e8f7 d6f6,1407,76,87,254,endgame long mate mateIn3 rookEndgame,https://lichess.org/ctwdojVQ#173,,True,2,https://lichess.org/training/jbz91
plt3V,1k3rr1/1p5p/pP6/4N3/BR1P4/4P1Nb/P3nP2/R5K1 w - - 5 28,g1h2 f8f2 h2h3 g8g3 h3h4 f2h2,1409,75,95,14906,exposedKing long mate mateIn3 middlegame,https://lichess.org/k508Wq6P#55,,True,2,https://lichess.org/training/plt3V
GZ214,8/RQ6/1P2pk2/3p4/3P4/2P3Pp/5rr1/1R4K1 w - - 2 47,g1h1 g2h2 h1g1 f2g2 g1f1 h2h1,1409,75,86,906,endgame exposedKing long mate mateIn3 queenRookEndgame,https://lichess.org/ywYCsdbw#93,,True,2,https://lichess.org/training/GZ214
AChRc,8/ppr2rk1/2p1R2R/5P1p/2P4P/1P3b2/P5p1/1K6 b - - 3 36,c7d7 e6g6 g7f8 h6h8 f8e7 g6e6,1410,76,94,302,endgame exposedKing long mate mateIn3,https://lichess.org/erIPT2Nh/black#72,,True,2,https://lichess.org/training/AChRc
9KZRQ,1r5k/3R2Rp/4prpP/8/1p3P2/p3PN2/Pp2b3/1K6 b - - 3 34,e2f3 g7h7 h8g8 d7g7 g8f8 h7h8,1410,74,98,2474,endgame long mate mateIn3,https://lichess.org/QrobR3gb/black#68,,True,2,https://lichess.org/training/9KZRQ
P8szt,1k1r4/1RR5/P1p5/4p2p/P7/2P1K3/6r1/3q4 b - - 1 38,b8a8 b7a7 a8b8 c7b7 b8c8 a7a8,1410,76,95,20548,endgame exposedKing long mate mateIn3 queenRookEndgame,https://lichess.org/6aqXOB0O/black#76,,True,2,https://lichess.org/training/P8szt
ZHXpT,3r3k/ppR3R1/2n4P/2b1p3/4P3/2P5/P1PB1r2/2K5 b - - 1 24,f2d2 g7h7 h8g8 c7g7 g8f8 h7h8,1411,100,71,53,endgame exposedKing long mate mateIn3,https://lichess.org/dfJ7KjxF/black#48,,True,2,https://lichess.org/training/ZHXpT
onIjC,2r3k1/8/p5p1/1p2r3/4q3/P4R1P/1P2n1Q1/5R1K b - - 4 34,c8c2 f3f8 g8h7 f1f7 h7h6 f8h8,1411,76,92,5716,exposedKing long mate mateIn3 middlegame,https://lichess.org/5ysnQVhS/black#68,,True,2,https://lichess.org/training/onIjC
1xtq3,2B2r2/2kP2p1/1p6/p1p1K3/4P1pr/6R1/3R4/8 w - - 1 40,d2g2 h4h5 e5e6 f8f6 e6e7 h5e5,1411,75,97,3914,endgame long mate mateIn3,https://lichess.org/FBQjQEjy#79,,True,2,https://lichess.org/training/1xtq3
041in,2r4k/8/8/p6N/np5P/6R1/P4r2/K5R1 b - - 3 38,c8c2 g3g8 h8h7 g1g7 h7h6 g8h8,1412,78,96,24867,endgame exposedKing long mate mateIn3,https://lichess.org/BTAVTY56/black#76,,True,2,https://lichess.org/training/041in
ATbJJ,7k/5R2/p2p1P2/2p4P/2p5/P1P5/1r2r3/2K3R1 b - - 0 32,b2a2 f7f8 h8h7 g1g7 h7h6 f8h8,1412,103,70,22,endgame exposedKing long mate mateIn3 rookEndgame,https://lichess.org/q8wKZ91A/black#64,,True,2,https://lichess.org/training/ATbJJ
E4Jpa,rn1b4/pp3rp1/2p4p/2Pp3P/k2P3N/3R2R1/P3K3/8 b - - 5 36,d8h4 d3a3 a4b5 g3b3 b5c4 a3a4,1413,74,100,372,endgame long mate mateIn3,https://lichess.org/2sQ68LRB/black#72,,True,2,https://lichess.org/training/E4Jpa
SnpYw,5r2/pR2R3/4p2k/4P3/r7/3KP3/8/8 b - - 6 40,a4a6 e7h7 h6g5 b7g7 g5f5 h7h5,1413,78,94,1649,endgame exposedKing long mate mateIn3 rookEndgame,https://lichess.org/yC7ebJvV/black#80,,True,2,https://lichess.org/training/SnpYw
0isyF,r4k2/1R5R/5pK1/8/r1b5/5P2/3p2PP/8 b - - 1 45,d2d1q h7h8 c4g8 b7f7 f8e8 h8g8,1414,75,99,970,deflection endgame exposedKing long mate mateIn3 pin,https://lichess.org/J1KHwRSn/black#90,,True,2,https://lichess.org/training/0isyF
UEjrF,rn2r2k/ppp2p2/3b4/3N4/5P2/3R4/PPP2K1P/7R b - - 0 21,b8c6 d3h3 h8g7 h1g1 g7f8 h3h8,1414,78,89,290,exposedKing long mate mateIn3 middlegame,https://lichess.org/vUNXH1ln/black#42,,True,2,https://lichess.org/training/UEjrF
ScBLY,Q7/1R6/4kp2/3pp3/8/1PP4p/5rr1/2R3K1 w - - 2 45,g1h1 g2h2 h1g1 f2g2 g1f1 h2h1,1414,77,91,1084,endgame exposedKing long mate mateIn3 queenRookEndgame,https://lichess.org/IVjn3pDL#89,,True,2,https://lichess.org/training/ScBLY
p6lTD,3r3r/pp5p/2p2k2/7p/3R3P/1PP1Rb2/P4K1P/8 b - - 1 29,f3d5 d4f4 f6g7 e3g3 g7h6 f4f6,1416,77,92,413,endgame exposedKing long mate mateIn3,https://lichess.org/amEtsP9G/black#58,,True,2,https://lichess.org/training/p6lTD
HXAFP,4R3/p1kr1p2/6p1/rP1P1bPp/8/1K6/8/2R5 b - - 0 34,c7b6 e8b8 d7b7 c1c6 b6b5 b8b7,1416,130,75,21,deflection endgame exposedKing long mate mateIn3,https://lichess.org/8e86b7xg/black#68,,True,2,https://lichess.org/training/HXAFP
hL7qQ,6k1/p1R5/1rR1ppp1/3p1n2/1P1P1P1P/1P1K4/r2B4/8 b - - 5 39,f5h4 c7c8 g8h7 c6c7 h7h6 c8h8,1416,75,98,2063,endgame exposedKing long mate mateIn3,https://lichess.org/JjwkGmFm/black#78,,True,2,https://lichess.org/training/hL7qQ
eqVAB,3r2k1/5RR1/7P/4p3/8/5K2/1r3P2/q7 b - - 2 42,g8h8 g7h7 h8g8 f7g7 g8f8 h7h8,1416,75,100,454,endgame exposedKing long mate mateIn3 queenRookEndgame,https://lichess.org/jiF9EUAs/black#84,,True,2,https://lichess.org/training/eqVAB
lgUjg,8/5p2/1p4kp/p4p2/5R1N/PbP4P/1r1r1P2/4R1K1 b - - 1 38,g6g5 f4f5 g5h4 e1e4 h4h3 f5h5,1416,194,69,5,endgame long mate mateIn3 sacrifice,https://lichess.org/ru2fER1X/black#76,,True,2,https://lichess.org/training/lgUjg
oGweG,1r4k1/2p3p1/2Bp3p/R2Pp1p1/2P1Pr2/6Q1/5P1P/6K1 w - - 0 30,g3g2 b8b1 g2f1 f4g4 g1h1 b1f1,1417,97,86,62,endgame long mate mateIn3 pin,https://lichess.org/yUrKbaD4#59,,True,2,https://lichess.org/training/oGweG
ZrmLy,5k2/4b3/2r1p1R1/3p1p1B/3P1P2/1rP3RK/8/8 b - - 9 48,e7a3 g6g8 f8e7 g3g7 e7d6 g8d8,1417,75,95,4495,endgame exposedKing long mate mateIn3,https://lichess.org/jmTxDQfR/black#96,,True,2,https://lichess.org/training/ZrmLy
Nj2GH,1k3r2/ppp5/5r2/4p1Np/2Qn3P/3PR1P1/PPP5/6K1 w - - 3 29,e3e5 f6f1 g1h2 f8f2 h2h3 f1h1,1417,76,96,28110,endgame exposedKing long mate mateIn3,https://lichess.org/PDxq9rtZ#57,,True,2,https://lichess.org/training/Nj2GH
6rgAi,3r4/2k5/p4b2/3KNP1p/P5rP/8/5R2/4R3 w - - 1 37,d5e6 d8d6 e6f7 g4g7 f7f8 d6d8,1417,77,97,17687,endgame long mate mateIn3,https://lichess.org/22jv2qvH#73,,True,2,https://lichess.org/training/6rgAi
GMxqB,7k/3P2p1/2B5/3P4/P1Q1p1p1/6Pp/5rr1/4R1K1 w - - 2 49,g1h1 g2h2 h1g1 f2g2 g1f1 h2h1,1418,76,96,6443,endgame exposedKing long mate mateIn3,https://lichess.org/5lrDAoom#97,,True,2,https://lichess.org/training/GMxqB
yL2Aq,8/pk4r1/2R2R2/5p1p/2P5/2B2P1K/7P/5r2 w - - 1 36,c6e6 f1f3 h3h4 g7g4 h4h5 f3h3,1418,77,96,13427,endgame exposedKing fork long mate mateIn3,https://lichess.org/3IY7Up1w#71,,True,2,https://lichess.org/training/yL2Aq
7AcI0,8/p3r3/1p2P2k/2p1R1Rp/6pP/5r2/P5K1/8 b - - 7 44,f3a3 g5h5 h6g7 e5g5 g7f6 h5h6,1418,74,96,721,endgame long mate mateIn3 rookEndgame,https://lichess.org/j2C38sbM/black#88,,True,2,https://lichess.org/training/7AcI0
QUzAu,6k1/6p1/2p1R1P1/8/3P4/p1P5/Pr3r2/K3R3 w - - 2 39,e6c6 b2a2 a1b1 f2b2 b1c1 a2a1,1419,76,54,130,endgame long mate mateIn3 rookEndgame,https://lichess.org/emkDkTX6#77,,True,2,https://lichess.org/training/QUzAu
AgKWn,4R3/1P3pk1/4p1p1/3pP3/3P4/7p/1r4r1/3R3K w - - 0 40,b7b8q g2h2 h1g1 b2g2 g1f1 h2h1,1419,77,95,26894,endgame exposedKing long mate mateIn3 queenRookEndgame,https://lichess.org/sips8R0C#79,,True,2,https://lichess.org/training/AgKWn
sTLaq,8/R5R1/4pp1k/7p/2r5/4KPP1/P6r/8 b - - 2 45,h2c2 g7h7 h6g5 a7g7 g5f5 h7h5,1419,76,94,19935,deflection endgame long mate mateIn3 rookEndgame,https://lichess.org/9ZTfJAxf/black#90,,True,2,https://lichess.org/training/sTLaq
P7Kf6,6r1/p4k2/2bR4/4RK2/1r6/7P/8/8 b - - 7 44,c6b5 d6f6 f7g7 e5e7 g7h8 f6h6,1420,75,88,568,endgame exposedKing long mate mateIn3,https://lichess.org/Sxm8a9Vo/black#88,,True,2,https://lichess.org/training/P7Kf6
5FZkh,4r3/p2k1ppp/8/2p1PN2/2r2P2/6P1/P3P2P/R1K4R w - - 0 23,c1b2 e8b8 b2a3 c4c3 a3a4 b8b4 a4a5 c3a3,1420,74,78,232,endgame mate mateIn4 veryLong,https://lichess.org/sKEggbr9#45,,True,3,https://lichess.org/training/5FZkh
6qTca,k7/1b3p1p/pQ3p2/2B5/7P/2pr3K/2r5/1R6 w - - 0 35,h3g4 c2g2 g4h5 d3d5 h5h6 g2g6 h6h7 d5h5,1421,81,94,2118,endgame mate mateIn4 veryLong,https://lichess.org/SbA6qOO5#69,,True,3,https://lichess.org/training/6qTca
DqO9I,8/3r1r1k/1R5R/P4Pp1/4p1P1/4K2P/1P6/3q4 b - - 0 44,h7g7 b6g6 g7f8 h6h8 f8e7 g6e6,1421,74,96,4714,endgame exposedKing long mate mateIn3 queenRookEndgame,https://lichess.org/2Il82Glg/black#88,,True,2,https://lichess.org/training/DqO9I
YBw9F,r1r5/5ppp/2k1p3/3n4/5B2/5P2/1R4PP/3R2K1 b - - 2 24,d5f4 b2c2 c6b5 d1b1 b5a4 c2a2,1421,76,88,675,endgame exposedKing long master mate mateIn3,https://lichess.org/SBoq0UTs/black#48,,True,2,https://lichess.org/training/YBw9F
IBdel,1r3k2/2p3R1/2Pp4/P2Pp2N/3rPp2/4nP2/8/1NK1R3 w - - 7 40,e1g1 d4c4 b1c3 c4c3 c1d2 c3c2 d2d3 b8b3,1421,75,88,75,exposedKing mate mateIn4 middlegame queensideAttack veryLong,https://lichess.org/lukavBPq#79,,True,2,https://lichess.org/training/IBdel
PeQAe,4r3/6pp/r1p5/P2k4/3Rp3/P2pK2P/6P1/3R4 b - - 5 37,d5c5 d1c1 c5b5 d4b4 b5a5 c1c5,1421,117,0,18,endgame long mate mateIn3 rookEndgame,https://lichess.org/NYKyKvNY/black#74,,True,2,https://lichess.org/training/PeQAe
LFM83,1R1n4/8/p2Rb3/k2p4/3Pp3/2P4p/P1r5/7K b - - 1 34,e6g4 d6d5 a5a4 b8b4 a4a3 d5a5,1422,75,95,12969,endgame fork long mate mateIn3,https://lichess.org/CPsDNAIl/black#68,,True,2,https://lichess.org/training/LFM83
ZfYdn,7r/pR1b1pk1/3p2p1/2pPP1Q1/2P1P1n1/2N5/2B3Pr/5RK1 w - - 0 25,g2g3 h2h1 g1g2 h8h2 g2f3 h1f1,1423,90,55,20,deflection exposedKing kingsideAttack long mate mateIn3 middlegame,https://lichess.org/yDMdsC8m#49,,True,2,https://lichess.org/training/ZfYdn
9XwFj,2r4k/4R1Rp/5ppP/8/5r2/4K3/8/8 b - - 8 43,f4c4 g7h7 h8g8 e7g7 g8f8 h7h8,1423,75,91,1047,endgame long mate mateIn3 rookEndgame,https://lichess.org/htyKpTOL/black#86,,True,2,https://lichess.org/training/9XwFj
L46ee,5k2/4p1bQ/p2pprP1/6N1/2p1P3/q2PK3/1rP2P1R/7R b - - 0 28,b2c2 h7h8 g7h8 h2h8 f8g7 h1h7 g7g6 h8g8,1423,75,98,7639,mate mateIn4 middlegame sacrifice veryLong,https://lichess.org/GvjEkOW5/black#56,,True,2,https://lichess.org/training/L46ee
7p4J9,5r1k/3R2Rp/p5pP/1p6/nP2pPP1/P7/4r3/K7 b - - 1 41,f8c8 g7h7 h8g8 d7g7 g8f8 h7h8,1424,74,87,361,endgame long mate mateIn3,https://lichess.org/OjXZi5U0/black#82,,True,2,https://lichess.org/training/7p4J9
x6AfP,K3R3/2r3p1/3k1p1p/R4P2/8/8/Pr6/8 b - - 0 43,b2c2 e8e6 d6d7 a5d5 d7c8 e6e8,1424,151,46,16,endgame exposedKing long mate mateIn3 rookEndgame,https://lichess.org/xt6hLW8K/black#86,,True,2,https://lichess.org/training/x6AfP
MF0h6,r4r1k/2Q3pp/3p2p1/q7/2nP2P1/P1P2P2/K1P1P2P/3R1B1R w - - 3 22,c7a5 a8a5 e2e3 a5a3 a2b1 f8b8 b1c1 a3a1,1424,75,90,424,mate mateIn4 middlegame veryLong,https://lichess.org/qfKHDT48#43,,True,2,https://lichess.org/training/MF0h6
tNOwl,5r2/7R/P3k2K/3p1r1p/3P4/4P3/8/R7 w - - 1 51,a6a7 f8f6 h6g7 f5g5 g7h8 f6f8,1425,76,93,352,endgame long mate mateIn3 rookEndgame,https://lichess.org/237O03AR#101,,True,2,https://lichess.org/training/tNOwl
NFW4q,8/1P6/3p2R1/1Rn2rp1/2pBk3/2P3KP/3r4/8 w - - 1 44,b7b8q f5f3 g3g4 d2g2 g4h5 f3h3,1425,75,85,1490,deflection long master mate mateIn3 middlegame,https://lichess.org/DUQA82YA#87,,True,2,https://lichess.org/training/NFW4q
kgMTM,2r3k1/5ppp/6b1/p2n2P1/1r5P/3P1N2/1PPR1P2/K4B1R w - - 1 28,f1h3 b4a4 a1b1 d5c3 b2c3 c8b8 b1c1 a4a1,1428,76,94,17883,mate mateIn4 middlegame sacrifice veryLong,https://lichess.org/5T8Ti6ro#55,,True,2,https://lichess.org/training/kgMTM
IQJgW,7r/5p1p/p2p3R/3PpNk1/1p2P3/1P1R4/2n2PK1/r7 b - - 5 37,g5f4 h6h4 f4g5 d3g3 g5f6 h4h6,1428,76,96,12057,endgame long mate mateIn3,https://lichess.org/W8LCOw7I/black#74,,True,2,https://lichess.org/training/IQJgW
Cvtql,3r2k1/2R3R1/7P/8/8/1p4P1/3r1PK1/2q5 b - - 1 51,g8h8 g7h7 h8g8 c7g7 g8f8 h7h8,1429,76,87,783,endgame exposedKing long mate mateIn3 queenRookEndgame,https://lichess.org/nUvtZrPb/black#102,,True,2,https://lichess.org/training/Cvtql
hnhPY,6k1/7r/1QN3p1/1PP2bK1/1P4r1/4P1P1/7P/8 w - - 3 48,g5f6 h7f7 f6e5 g4e4 e5d6 f7d7,1429,78,92,16230,endgame long mate mateIn3,https://lichess.org/7YTr3szv#95,,True,2,https://lichess.org/training/hnhPY
yc5A3,5R2/p7/k7/6Rp/5p2/7P/r4rPK/8 b - - 3 43,f4f3 f8f6 a6b7 g5g7 b7c8 f6f8,1429,127,84,22,endgame exposedKing long mate mateIn3 rookEndgame,https://lichess.org/i3XYAQWG/black#86,,True,2,https://lichess.org/training/yc5A3
XDCyM,r7/p5Rp/4Rp2/3p4/1P1k3r/P4P2/5P1P/1K6 b - - 0 27,h4h2 g7g4 d4c3 e6e3 c3d2 g4d4,1430,77,95,15720,endgame long master masterVsMaster mate mateIn3 rookEndgame,https://lichess.org/FGDDbgiT/black#54,,True,2,https://lichess.org/training/XDCyM
N6by4,5rk1/2RpR2p/p2r2pP/1p3p2/8/1P4P1/P4P1K/8 b - - 5 26,f8f7 c7c8 f7f8 e7g7 g8h8 c8f8,1430,77,86,64,deflection endgame long mate mateIn3 rookEndgame,https://lichess.org/PoqWmvtr/black#52,,True,2,https://lichess.org/training/N6by4
Lihlz,8/p1r3pk/r6p/3Bp3/1p2P3/1P4R1/P4PR1/5K2 w - - 1 34,f2f3 c7c1 f1f2 a6a2 f2e3 c1c3,1431,76,96,12339,endgame exposedKing interference long mate mateIn3,https://lichess.org/dBrKFnaf#67,,True,2,https://lichess.org/training/Lihlz
DxBXG,r4r2/4qpk1/p3pRp1/1p1bP1NQ/3Pp1R1/2P5/PP4PP/6K1 b - - 0 29,g6h5 g5e6 g7h7 g4g7 h7h8 f6h6,1433,77,94,243,doubleCheck long mate mateIn3 middlegame,https://lichess.org/yolY02PA/black#58,,True,2,https://lichess.org/training/DxBXG
g5HJF,5k1r/pp6/2b2pp1/2P5/5PP1/P3RB2/3r4/4R1K1 b - - 2 36,c6f3 e3e8 f8g7 e1e7 g7h6 e8h8,1435,75,82,654,deflection endgame exposedKing long mate mateIn3,https://lichess.org/Hpg2ezCB/black#72,,True,2,https://lichess.org/training/g5HJF
aMFAQ,8/6pp/pkR2p2/8/1P1P3n/1P5P/1r4r1/2R4K b - - 3 43,b6b5 c1c5 b5b4 c6b6 b4a3 c5a5,1435,78,94,1932,endgame long mate mateIn3,https://lichess.org/mItyvoyd/black#86,,True,2,https://lichess.org/training/aMFAQ
jtjvY,rr5k/4N2p/4P3/3p1p2/1QpPb3/4B1R1/P6P/2K3R1 w - - 3 35,b4d6 b8b1 c1d2 a8a2 d2c3 b1b3,1435,78,94,2136,exposedKing long mate mateIn3 middlegame queensideAttack,https://lichess.org/P1IHMMp2#69,,True,2,https://lichess.org/training/jtjvY
Rrm9E,6k1/5R2/4p1p1/3pP3/2r3r1/8/5R2/5K2 b - - 2 42,g4g5 f7f8 g8h7 f2f7 h7h6 f8h8,1436,132,100,23,endgame exposedKing long mate mateIn3 rookEndgame,https://lichess.org/6FpIO0sb/black#84,,True,2,https://lichess.org/training/Rrm9E
MeaXT,6r1/4k3/2R1p2R/1p1p1p2/1P1P3p/2P1P2P/5Kr1/8 w - - 0 35,f2f3 g8g3 f3f4 g2f2 f4e5 g3e3,1436,73,95,27606,deflection endgame long mate mateIn3 rookEndgame,https://lichess.org/DZDaTLHh#69,,True,2,https://lichess.org/training/MeaXT
93TIs,6k1/5R1p/4P3/8/7P/p7/2r3r1/K4R2 w - - 1 34,e6e7 c2a2 a1b1 g2b2 b1c1 a2a1,1436,75,84,541,endgame exposedKing long mate mateIn3 rookEndgame,https://lichess.org/XmbQR8iY#67,,True,2,https://lichess.org/training/93TIs
Vvq5Z,5k2/p3R3/1p2p1r1/5N2/2p5/2P2p2/PP2RPr1/7K w - - 1 34,e2e6 g2g1 h1h2 g6g2 h2h3 g1h1,1436,223,33,17,endgame exposedKing long mate mateIn3,https://lichess.org/bLSoWhv6#67,,True,2,https://lichess.org/training/Vvq5Z
gKzBQ,8/2PR2p1/5pk1/p7/8/5P1p/Pr4r1/2R4K w - - 0 36,c7c8q g2h2 h1g1 b2g2 g1f1 h2h1,1437,76,96,30060,endgame exposedKing long mate mateIn3 queenRookEndgame,https://lichess.org/7PcpthoO#71,,True,2,https://lichess.org/training/gKzBQ
E2iud,1kr5/p3R3/PpP2p2/2r4p/6p1/8/5PPP/3R2K1 b - - 3 37,c8c7 d1d8 c7c8 e7b7 b8a8 d8c8,1438,75,97,26201,deflection endgame long mate mateIn3 pin rookEndgame,https://lichess.org/vmdnfJaX/black#74,,True,2,https://lichess.org/training/E2iud
JgKyc,8/PRR5/2p2k2/7p/3p3P/5P2/r5rK/8 w - - 0 39,h2h3 g2h2 h3g3 a2g2 g3f4 h2h4,1439,76,84,73,deflection endgame long mate mateIn3 rookEndgame,https://lichess.org/JoL7a43l#77,,True,2,https://lichess.org/training/JgKyc
iT7Tw,5rk1/pp3p2/2p1pQp1/3r3P/3P1R1P/1P3R2/q4P2/6K1 b - - 2 34,d5h5 f6g6 f7g6 f4f8 g8h7 f3f7 h7h6 f8h8,1440,74,87,191,discoveredAttack endgame mate mateIn4 sacrifice veryLong,https://lichess.org/Yq4etQDe/black#68,,True,2,https://lichess.org/training/iT7Tw
mYhrS,2kr4/p5R1/8/1pp2p2/1P3P2/1K2P1RP/PP1r4/8 w - - 0 34,b4c5 d8d3 b3b4 d2b2 b4a5 d3a3,1440,76,94,1039,deflection endgame exposedKing long mate mateIn3 rookEndgame,https://lichess.org/KnQrgqu5#67,,True,2,https://lichess.org/training/mYhrS
gpo6b,4r1k1/2pR2p1/6Q1/p4Pp1/P7/B7/4rK2/8 w - - 1 47,f2f3 e8e3 f3g4 e2g2 g4h5 e3h3,1440,76,90,2010,endgame exposedKing fork long mate mateIn3,https://lichess.org/mUblNu16#93,,True,2,https://lichess.org/training/gpo6b
TSV8M,8/pR5R/5k2/3p4/3P2PK/8/2rr1P2/7n b - - 0 39,d2d4 h7h6 f6e5 b7e7 e5f4 h6f6,1441,76,96,21916,endgame exposedKing long mate mateIn3,https://lichess.org/AcLvw3Kz/black#78,,True,2,https://lichess.org/training/TSV8M
lkqL4,1R6/8/1P6/4k3/8/7p/rr6/3R3K w - - 1 41,b6b7 b2h2 h1g1 a2g2 g1f1 h2h1,1442,78,96,29281,endgame exposedKing long mate mateIn3 rookEndgame,https://lichess.org/vEdo1Iou#81,,True,2,https://lichess.org/training/lkqL4
4w6uX,3k4/1R6/r1pp2p1/4p1r1/2P1PnBp/3P2bP/6P1/1R4K1 b - - 0 39,f4d3 b7b8 d8e7 b1b7 e7f6 b8f8,1443,75,63,169,exposedKing long mate mateIn3 middlegame,https://lichess.org/docY98tm/black#78,,True,2,https://lichess.org/training/4w6uX
YZHD1,3R4/2r5/p5b1/P1BR3p/3P1K1P/3kr1P1/8/8 w - - 0 43,d5e5 c7f7 f4g5 e3g3 g5h6 f7h7,1444,458,100,24,deflection endgame long mate mateIn3,https://lichess.org/yiqSrNPq#85,,True,2,https://lichess.org/training/YZHD1
u01Ik,4r2k/1pp2Qpp/p2p4/3P4/1P2nP2/6r1/P1P3K1/6R1 w - - 4 35,g2f1 e4d2 f1f2 g3f3 f2g2 e8e2 g2h1 f3h3,1444,77,96,29340,endgame exposedKing mate mateIn4 veryLong,https://lichess.org/phyWryoK#69,,True,2,https://lichess.org/training/u01Ik
IeRhr,8/R5kp/1R3r2/4p2P/2p5/4r3/P7/6K1 b - - 1 32,f6f7 h5h6 g7g8 b6b8 f7f8 a7g7 g8h8 b8f8,1444,74,96,9964,deflection endgame mate mateIn4 rookEndgame veryLong,https://lichess.org/T1GF9WQ1/black#64,,True,2,https://lichess.org/training/IeRhr
KZNkM,8/p4kp1/6p1/8/3p2P1/1q6/4R3/2KR4 b - - 3 38,d4d3 d1f1 f7g8 e2e8 g8h7 f1h1,1445,75,86,167,endgame long mate mateIn3 queenRookEndgame,https://lichess.org/wVE5I9Ve/black#76,,True,2,https://lichess.org/training/KZNkM
FeEhU,2kr4/Qpp5/3bp3/5p2/8/3P1P1p/PPP2Pr1/R3R2K w - - 1 22,e1e2 g2h2 h1g1 d8g8 g1f1 h2h1,1445,78,96,22715,endgame exposedKing long mate mateIn3,https://lichess.org/2REoQ1TV#43,,True,2,https://lichess.org/training/FeEhU
8Szmu,8/6R1/5p1p/R4k2/P7/2p3P1/2r2PK1/r7 b - - 1 41,f5e4 g7g4 e4d3 a5d5 d3e2 g4e4,1446,78,85,60,endgame long mate mateIn3 rookEndgame,https://lichess.org/gk1KlcC3/black#82,,True,2,https://lichess.org/training/8Szmu
I3bRp,r2k4/2B3Rp/2p5/1b1p4/8/1P5P/r7/4R1K1 b - - 3 35,d8c8 e1e8 c8b7 c7a5 b7a6 e8a8,1447,78,94,15240,deflection discoveredAttack endgame exposedKing interference long mate mateIn3,https://lichess.org/5vc9r7WL/black#70,,True,2,https://lichess.org/training/I3bRp
GBMDD,r6k/1R2R2p/p2p1P2/3P2p1/2P3br/6K1/8/8 b - - 1 39,g4h5 e7h7 h8g8 b7g7 g8f8 h7h8,1447,76,77,251,endgame long mate mateIn3,https://lichess.org/KD0KvBdP/black#78,,True,2,https://lichess.org/training/GBMDD
TiC3I,8/8/3R4/1p6/1K1R4/1P6/r1k4r/8 b - - 0 37,a2b2 d6c6 c2b1 d4d1 b1a2 c6a6,1447,76,77,384,endgame long master mate mateIn3 rookEndgame,https://lichess.org/OfvofpVG/black#74,,True,2,https://lichess.org/training/TiC3I
t8z2s,8/p7/3p1R2/2r5/1R6/2Pk4/PK5r/8 w - - 1 45,b2b3 c5c3 b3a4 h2a2 a4b5 c3c5,1448,76,100,941,deflection endgame long mate mateIn3 rookEndgame,https://lichess.org/bUb7lEbw#89,,True,2,https://lichess.org/training/t8z2s
gkADD,5k2/2r2p1R/p7/1p6/1p1pPR2/1PrK4/P6P/8 w - - 4 41,d3d4 c7d7 d4e5 c3c5 e5f6 d7d6,1448,76,78,185,endgame long master mate mateIn3 rookEndgame,https://lichess.org/tLvSco7I#81,,True,2,https://lichess.org/training/gkADD
zW4G9,5rk1/5p2/4p1p1/1p2P2p/7P/1P3RQ1/4qRPK/r7 b - - 5 33,e2e1 g3g6 f7g6 f3f8 g8h7 f2f7 h7h6 f8h8,1450,77,96,26251,endgame mate mateIn4 sacrifice veryLong,https://lichess.org/3yEy1Z50/black#66,,True,2,https://lichess.org/training/zW4G9
EnHzg,6k1/R4p2/4pPp1/3b1rqp/3B4/2P4P/1R4P1/6K1 b - - 6 38,f5f3 b2b8 g8h7 a7f7 h7h6 b8h8,1450,91,79,72,deflection endgame long mate mateIn3,https://lichess.org/9ExSQHri/black#76,,True,2,https://lichess.org/training/EnHzg
0D7wm,4k3/R5R1/3r1p2/2pP1p2/2r5/6P1/P3PP2/2K5 w - - 0 41,c1b2 d6b6 b2a3 c4c3 a3a4 b6b4 a4a5 c3a3,1450,76,86,222,endgame mate mateIn4 rookEndgame veryLong,https://lichess.org/elD56xOR#81,,True,3,https://lichess.org/training/0D7wm
Y3Wgs,8/1p1b1k2/3p1R1R/p7/3P1Np1/3PP3/3r1r2/K7 b - - 0 34,f7e7 f4d5 e7d8 h6h8 d7e8 f6d6 d8c8 h8e8,1451,77,84,107,deflection endgame mate mateIn4 veryLong,https://lichess.org/813hHagq/black#68,,True,2,https://lichess.org/training/Y3Wgs
ziZYM,1k4rr/pp6/6n1/3p4/1N1b4/1P3b2/P2B1P1N/2R1R1K1 w - - 2 32,h2f3 g6f4 f3g5 g8g5 g1f1 h8h1,1451,76,97,6976,discoveredAttack long mate mateIn3 middlegame,https://lichess.org/wmPpp0Pm#63,,True,2,https://lichess.org/training/ziZYM
9uMr4,3r2k1/RR6/5rp1/8/6PP/2N1n3/PPP3K1/8 w - - 5 29,g2g1 f6f1 g1h2 d8d2 c3e2 d2e2 h2g3 e2g2 g3h3 f1f3,1452,77,96,37692,endgame exposedKing mate mateIn5 veryLong,https://lichess.org/QIZtRDmY#57,,True,2,https://lichess.org/training/9uMr4
ZOLNj,8/8/8/8/3k2R1/1p6/1rr5/5RK1 b - - 3 57,d4c3 f1f3 c3d2 g4g2 d2c1 f3f1,1452,76,94,393,endgame long mate mateIn3 rookEndgame,https://lichess.org/cHdBgFf0/black#114,,True,2,https://lichess.org/training/ZOLNj
EoEad,5r2/R7/2R2p2/4k1p1/2p5/2r2PK1/6P1/8 b - - 0 36,f6f5 a7a5 e5d4 c6d6 d4e3 a5e5,1452,76,98,3554,endgame long mate mateIn3 rookEndgame,https://lichess.org/ynfdQ6Dz/black#72,,True,2,https://lichess.org/training/EoEad
xpBpZ,6k1/p1R5/1p2R2K/3r3P/3Pb1P1/P3Pr2/8/4b3 b - - 6 39,e1h4 e6e8 f3f8 c7g7 g8h8 e8f8,1453,77,97,30922,deflection endgame exposedKing long mate mateIn3,https://lichess.org/ZFuLCQcF/black#78,,True,2,https://lichess.org/training/xpBpZ
XoWlm,2k5/RR2P3/p1p1r3/2Pp3p/4rK2/P7/7P/8 w - - 11 46,f4f3 e6f6 f3g3 e4g4 g3h3 f6f3,1454,75,97,4488,endgame exposedKing long mate mateIn3 rookEndgame,https://lichess.org/C6iuCj3o#91,,True,2,https://lichess.org/training/XoWlm
SYKLX,2k5/pR4pp/2p4r/P3r3/8/3p2P1/1RP2KP1/8 w - - 0 32,c2d3 h6f6 f2g1 e5e1 g1h2 f6h6,1454,458,100,12,endgame long mate mateIn3 rookEndgame,https://lichess.org/cC1lwuf0#63,,True,2,https://lichess.org/training/SYKLX
7zlg2,4knQ1/pp6/q1r5/3pPp1r/3P1P2/2P5/6RP/6RK b - - 5 34,c6h6 g8f8 e8f8 g2g8 f8e7 g1g7 e7e6 g8e8,1455,78,96,32504,attraction exposedKing mate mateIn4 middlegame sacrifice veryLong,https://lichess.org/GmkvTfXo/black#68,,True,2,https://lichess.org/training/7zlg2
G7rU4,8/6pp/4p3/3p2P1/R3nK2/1pk5/2r5/4R3 b - - 5 58,b3b2 e1e3 c3d2 a4d4 d2c1 e3e1,1455,76,93,11785,endgame long mate mateIn3,https://lichess.org/bZnF6bz0/black#116,,True,2,https://lichess.org/training/G7rU4
Bsm9d,5k2/1p6/p1p2p1p/Pb2pP1B/1P2q3/6R1/6RK/3r4 b - - 3 54,b5f1 g3g8 f8e7 g2g7 e7d6 g8d8,1455,75,78,89,endgame exposedKing long mate mateIn3,https://lichess.org/Bkbdb9Fa/black#108,,True,2,https://lichess.org/training/Bsm9d
XpEoz,3r4/1p2k3/p3p2p/4r3/1P6/2N4P/1PP1K3/3R3R w - - 2 30,e2f3 d8f8 f3g4 e5g5 g4h4 f8f4,1455,74,99,3514,endgame exposedKing long mate mateIn3,https://lichess.org/kowVBpop#59,,True,2,https://lichess.org/training/XpEoz
NpXKI,6k1/8/p7/6pp/2pRprr1/2P5/PP2RP1K/8 w - - 4 39,d4c4 g4h4 h2g1 f4g4 g1f1 h4h1,1457,458,33,2,endgame exposedKing long mate mateIn3 rookEndgame,https://lichess.org/Dk1cUY4h#77,,True,2,https://lichess.org/training/NpXKI
8sqTK,2k1r3/1R6/p1p2p2/P1Pp1b1p/3P1PpP/2Pp2P1/4r3/1R3NK1 b - - 0 33,d3d2 b7b8 c8d7 b1b7 d7e6 b8e8,1457,77,88,187,deflection endgame exposedKing interference long mate mateIn3 queensideAttack,https://lichess.org/rTGsNt3m/black#66,,True,2,https://lichess.org/training/8sqTK
Kd3LV,5rk1/pR4pp/8/Q2p4/6rP/8/4n1B1/6K1 w - - 2 29,g1h2 g4h4 g2h3 f8f2 h2h1 h4h3,1457,80,94,13236,deflection endgame exposedKing long mate mateIn3,https://lichess.org/iXltxMqy#57,,True,2,https://lichess.org/training/Kd3LV
tJnt4,5r1k/5p2/p1p1pPp1/2p4p/P1Pr1q2/3P3Q/2P1KPR1/7R b - - 3 34,h8h7 h3h5 g6h5 h1h5 f4h6 g2g7 h7h8 h5h6,1459,80,83,87,endgame mate mateIn4 pin sacrifice veryLong,https://lichess.org/kJ8mO3l5/black#68,,True,2,https://lichess.org/training/tJnt4
GMg5r,1r4k1/p5pp/r7/3p4/q2N3P/1Pp5/K1P2PP1/2QR4 w - - 0 28,b3a4 a6a4 c1a3 b8b2 a2a1 a4a3,1460,77,97,29661,endgame exposedKing long mate mateIn3 pin,https://lichess.org/9UzqZCaT#55,,True,2,https://lichess.org/training/GMg5r
MW22e,3Q4/5pk1/4p1p1/3p1p2/3P4/pP6/P1r1rPP1/K2R4 w - - 8 39,d1h1 c2a2 a1b1 e2b2 b1c1 a2a1,1460,74,90,525,endgame long mate mateIn3 queenRookEndgame,https://lichess.org/buovXtdS#77,,True,2,https://lichess.org/training/MW22e
KcbVC,r1r3k1/pR4pp/4pP2/3nN3/4p3/8/P4K1P/7R b - - 0 24,g7f6 h1g1 g8f8 b7f7 f8e8 g1g8,1461,98,52,68,endgame long mate mateIn3,https://lichess.org/XrxRXgU0/black#48,,True,2,https://lichess.org/training/KcbVC
f5KlC,4rk2/p3pprp/1pQp4/6q1/2P5/1P2R3/P4PPP/4R1K1 b - - 9 30,g5c5 c6e8 f8e8 e3e7 e8d8 e7e8 d8c7 e1e7 c7c6 e8c8,1462,81,94,12062,attraction endgame mate mateIn5 sacrifice veryLong,https://lichess.org/HmHcuLqU/black#60,,True,2,https://lichess.org/training/f5KlC
r6L1a,r5k1/5RR1/6pP/p1p3P1/2P1P3/PP2q3/2r5/1K6 b - - 2 41,g8h8 g7h7 h8g8 f7g7 g8f8 h7h8,1464,77,69,96,endgame exposedKing long mate mateIn3 queenRookEndgame,https://lichess.org/tshZ76Zq/black#82,,True,2,https://lichess.org/training/r6L1a
9i1Kv,1R1b3r/3P1pk1/1B6/8/3PP1Kp/r5P1/8/1R6 w - - 0 46,g3h4 h8h4 g4f5 a3f3 f5e5 h4h5 e5d6 f3f6,1464,74,95,24358,endgame mate mateIn4 veryLong,https://lichess.org/Yg0RT6dp#91,,True,3,https://lichess.org/training/9i1Kv
mDR3T,6k1/pQ5p/8/3p4/3PprK1/BP6/P6P/5r2 w - - 1 34,g4g3 f1f3 g3g2 f4g4 g2h1 f3f1,1465,77,91,190,endgame exposedKing long mate mateIn3,https://lichess.org/tdpqPDwW#67,,True,2,https://lichess.org/training/mDR3T
Szo2n,r7/3k4/1p6/1PpPp3/2P1Pp2/5K1r/8/R2R4 w - - 2 30,f3g4 h3g3 g4f5 a8f8 f5e5 g3g5,1465,75,92,1379,endgame long mate mateIn3 rookEndgame,https://lichess.org/m5w3DkAu#59,,True,2,https://lichess.org/training/Szo2n
rd2nb,3r3k/1R4Rp/p6P/8/1pr5/3p4/PP6/1K6 b - - 1 39,d3d2 g7h7 h8g8 b7g7 g8f8 h7h8,1465,79,66,173,endgame long mate mateIn3 rookEndgame,https://lichess.org/1qlONjAJ/black#78,,True,2,https://lichess.org/training/rd2nb
uhUUL,r6k/ppp2Rp1/3p3p/4pN1R/2P1q3/8/P5PP/6K1 b - - 1 23,g7g6 h5h6 h8g8 f7g7 g8f8 h6h8,1465,78,86,45,endgame exposedKing long mate mateIn3,https://lichess.org/fnfxvhvw/black#46,,True,2,https://lichess.org/training/uhUUL
WlPJG,8/1p2R2R/1k2pr2/6p1/2PP4/r3KP2/8/8 w - - 1 39,e3e4 f6f4 e4e5 a3e3 e5d6 f4d4,1465,75,93,763,deflection endgame long mate mateIn3 rookEndgame,https://lichess.org/NiSpppFl#77,,True,2,https://lichess.org/training/WlPJG
Vr7cD,8/6p1/R4pK1/4p2p/1R2k3/p5P1/6rr/8 b - - 13 49,e4f3 a6a3 f3e2 b4b2 e2d1 a3a1,1466,109,82,35,endgame long mate mateIn3 rookEndgame,https://lichess.org/MbiL9PcF/black#98,,True,2,https://lichess.org/training/Vr7cD
T3IYD,4r1k1/2p1rqp1/ppQ4p/2b5/2P1NPB1/1P3PP1/PB3K2/7R w - - 1 32,e4c5 e7e2 f2g1 e2e1 g1h2 e8e2 h2h3 e1h1,1466,79,94,2196,deflection fork mate mateIn4 middlegame veryLong,https://lichess.org/jhFJQcOi#63,,True,2,https://lichess.org/training/T3IYD
v8z7J,r5k1/5RR1/3p2pP/4p3/3qP3/1P6/3NK3/q7 b - - 2 41,g8h8 g7h7 h8g8 f7g7 g8f8 h7h8,1466,74,98,27750,endgame exposedKing long mate mateIn3,https://lichess.org/DHFTjOi8/black#82,,True,2,https://lichess.org/training/v8z7J
b13Dh,8/1r1rk3/1bR2R2/3P4/2K4p/5P1P/6P1/8 b - - 1 46,b6a5 c6e6 e7d8 f6f8 d8c7 e6c6,1466,76,84,209,endgame exposedKing long mate mateIn3,https://lichess.org/QoHjZfVf/black#92,,True,2,https://lichess.org/training/b13Dh
p1Ygr,5rk1/3R1Q1p/p1R2P2/4b3/8/PP5P/1P2rqP1/1K6 b - - 0 34,f8f7 c6c8 f7f8 d7g7 g8h8 c8f8,1466,74,92,1480,deflection endgame long mate mateIn3 pin,https://lichess.org/b2irGENF/black#68,,True,2,https://lichess.org/training/p1Ygr
irYTP,8/pR6/6Rp/1k1r3P/2p5/P1PpP3/r7/3K4 b - - 0 38,b5a4 g6a6 d5a5 b7b4 a4a3 a6a5,1467,76,92,11872,deflection endgame long master mate mateIn3 pin rookEndgame,https://lichess.org/rTchnKDv/black#76,,True,2,https://lichess.org/training/irYTP
YZH1n,1r3r2/1R5k/6Bp/4bp2/P3p3/3p3P/5PR1/7K b - - 2 39,h7h8 b7h7 h8g8 g6f5 e5g3 g2g3,1468,76,94,6486,discoveredAttack endgame exposedKing long mate mateIn3,https://lichess.org/BY1C5fvr/black#78,,True,2,https://lichess.org/training/YZH1n
Vvq2Q,3r3k/4R1R1/3p3P/5p2/1p4n1/1P1K1pP1/r7/8 b - - 1 44,f3f2 g7h7 h8g8 e7g7 g8f8 h7h8,1469,76,83,132,endgame exposedKing long mate mateIn3,https://lichess.org/G66a85Y4/black#88,,True,2,https://lichess.org/training/Vvq2Q
CD9Jx,8/4npk1/4p2p/3p2pB/3P1q2/R5PP/3RQP1K/1rr5 w - - 1 33,g3f4 c1h1 h2g3 b1g1 g3f3 h1h3,1469,76,94,24078,deflection long master masterVsMaster mate mateIn3 middlegame,https://lichess.org/WjClKDw3#65,,True,2,https://lichess.org/training/CD9Jx
PJjIp,3r3k/R5R1/7P/8/5p2/1PK5/P2pr3/8 b - - 1 49,d2d1q g7h7 h8g8 a7g7 g8f8 h7h8,1469,75,89,324,endgame exposedKing long mate mateIn3 queenRookEndgame,https://lichess.org/3orKioOq/black#98,,True,2,https://lichess.org/training/PJjIp
RfO2f,r5r1/p2RB1p1/bp2pk2/4n3/8/2P3R1/P5K1/8 b - - 4 33,f6f5 g3g5 f5e4 d7d4 e4e3 g5e5,1469,75,97,3737,deflection long mate mateIn3 middlegame,https://lichess.org/dBvFNCes/black#66,,True,2,https://lichess.org/training/RfO2f
7NA9z,3r4/R4R2/6pk/2p4p/1p3P2/3rK1P1/1P5P/8 w - - 1 39,e3e4 d8d4 e4e5 d3e3 e5f6 d4d6,1473,78,93,1053,endgame long mate mateIn3 rookEndgame,https://lichess.org/MSDFl9ti#77,,True,2,https://lichess.org/training/7NA9z
s22f2,r7/p1p4p/2p5/N1P1pk2/1P3br1/2B5/P3RP2/3R3K w - - 0 28,a5c6 g4h4 h1g1 a8g8 g1f1 h4h1,1474,75,87,297,exposedKing long mate mateIn3 middlegame,https://lichess.org/dTaWs52m#55,,True,2,https://lichess.org/training/s22f2
RfXhx,8/2r1Kp2/8/4Pk2/PR6/3r1P2/4R1P1/8 w - - 19 52,e7f8 d3d8 f8g7 f7f6 g7h6 d8h8,1476,75,94,25802,discoveredAttack endgame long mate mateIn3 rookEndgame,https://lichess.org/vAYoHfN4#103,,True,2,https://lichess.org/training/RfXhx
IlHFZ,4r1k1/8/pR4p1/2p3Np/P6P/1P3pP1/2r2b2/5RK1 w - - 0 43,f1f2 e8e1 f2f1 c2g2 g1h1 e1f1,1476,76,94,4949,deflection endgame exposedKing long mate mateIn3 pin,https://lichess.org/ixCdtyE6#85,,True,2,https://lichess.org/training/IlHFZ
ekOOk,8/p1pr2pp/2p5/4PR2/PP5k/2P1R2P/5K2/3r4 b - - 2 33,g7g6 e3e4 h4h3 f5f3 h3h2 e4h4,1476,76,94,1922,endgame long mate mateIn3 rookEndgame,https://lichess.org/xVEmmnGj/black#66,,True,2,https://lichess.org/training/ekOOk
EafFY,2r3k1/p2r3p/1p2pQpP/1R3pB1/5P2/8/6q1/7K w - - 0 37,h1g2 c8c2 g2g3 d7d3 g3h4 c2h2,1477,76,78,154,endgame exposedKing long mate mateIn3,https://lichess.org/J2M5jzJ9#73,,True,2,https://lichess.org/training/EafFY
VvJBo,k2r1n1r/2pq1ppp/2p2n2/2BPp2P/1R2P3/2N3P1/P2K1P2/R7 b - - 3 24,f8e6 b4a4 a8b8 a1b1 b8c8 a4a8,1478,76,97,422,exposedKing long mate mateIn3 middlegame queensideAttack,https://lichess.org/zNgjvVq7/black#48,,True,2,https://lichess.org/training/VvJBo
njUUh,r5r1/2Rn4/3kp3/1B3pK1/P2P3p/4PP2/5P1P/2R5 w - - 1 30,g5h4 g8h8 h4g3 a8g8 g3f4 h8h4,1478,91,88,31,endgame long mate mateIn3,https://lichess.org/KXSLhsMN#59,,True,2,https://lichess.org/training/njUUh
0sS5j,r6k/2R1R3/6PK/5r2/8/1n5P/4p3/8 b - - 1 38,e2e1q e7h7 h8g8 c7g7 g8f8 h7h8,1478,76,95,16290,endgame exposedKing long mate mateIn3,https://lichess.org/tLC4OqCR/black#76,,True,2,https://lichess.org/training/0sS5j
Gx5X0,6k1/3b1pp1/3p3P/1p1P1P2/pP5Q/p2P3P/1rr5/1K4RR w - - 2 31,b1a1 b2a2 a1b1 c2b2 b1c1 a2a1,1479,75,88,240,endgame exposedKing long mate mateIn3,https://lichess.org/5uIWOv69#61,,True,2,https://lichess.org/training/Gx5X0
eK6Mq,3r1r1k/1bp2pp1/1p2pN1Q/p1q1P3/5R2/7R/PPP3PP/2K5 b - - 0 21,g7h6 h3h6 h8g7 h6h7 g7g6 f4g4 g6f5 h7h5,1479,76,91,1615,exposedKing kingsideAttack mate mateIn4 middlegame veryLong,https://lichess.org/8O1sbvdA/black#42,,True,2,https://lichess.org/training/eK6Mq
X3Ehv,4r2k/pQ6/3P3p/5pp1/2Pp4/3PrP1P/P7/5K2 w - - 1 30,d6d7 e3e1 f1g2 e8e2 g2g3 e1g1,1479,77,97,8288,endgame exposedKing long mate mateIn3 queenRookEndgame,https://lichess.org/iT1K60hx#59,,True,2,https://lichess.org/training/X3Ehv
FpLsv,5r2/p3rpb1/1p5k/5RRp/7P/3P1K2/PP6/8 b - - 8 34,g7d4 g5h5 h6g7 f5g5 g7f6 h5h6,1480,77,96,6771,endgame long mate mateIn3,https://lichess.org/RiTrxUEw/black#68,,True,2,https://lichess.org/training/FpLsv
Y4FxZ,r6r/5ppp/p2R4/1pp2k2/6P1/5P2/PPP4P/4R1K1 b - - 0 23,f5g5 e1e5 g5f4 e5f5 f4e3 d6d3 e3e2 f5e5,1480,127,33,25,endgame mate mateIn4 rookEndgame veryLong,https://lichess.org/h49YUijb/black#46,,True,2,https://lichess.org/training/Y4FxZ
9nDML,3r2k1/5p2/2p4p/5Pp1/P3P3/1b4K1/2Pr2PP/R6R w - - 0 27,c2b3 d8d3 g3g4 d2g2 g4h5 d3h3,1481,75,88,191,deflection endgame exposedKing long mate mateIn3 rookEndgame,https://lichess.org/QUaPYoWT#53,,True,2,https://lichess.org/training/9nDML
wsIV4,2r2rk1/5p2/4pQp1/pp2P2p/3P1R1P/1P4PK/Pq6/5R2 b - - 3 31,c8c2 f6g6 f7g6 f4f8 g8h7 f1f7 h7h6 f8h8,1481,75,90,2527,discoveredAttack endgame kingsideAttack mate mateIn4 sacrifice veryLong,https://lichess.org/bUXA3rTR/black#62,,True,2,https://lichess.org/training/wsIV4
SDzkg,8/2PR4/1k6/8/p7/P6p/4r1rP/2R4K w - - 1 46,c7c8q g2h2 h1g1 e2g2 g1f1 h2h1,1481,81,93,2054,endgame long mate mateIn3 queenRookEndgame,https://lichess.org/3NF2i6GI#91,,True,2,https://lichess.org/training/SDzkg
GGm3K,1r4k1/2R3P1/p7/2p4R/2P5/1K1p4/P1r4P/8 w - - 9 47,b3a3 c2c3 a3a4 b8b4 a4a5 c3a3,1483,85,85,28,endgame exposedKing long mate mateIn3 rookEndgame,https://lichess.org/1b5WvLGC#93,,True,2,https://lichess.org/training/GGm3K
CN24L,k5r1/pp6/3N1r2/1P6/7B/4n3/P4PK1/2RR4 w - - 1 36,g2h3 f6f3 h3h2 g8g2 h2h1 f3h3,1483,78,96,26807,exposedKing long mate mateIn3 middlegame,https://lichess.org/lngmec3m#71,,True,2,https://lichess.org/training/CN24L
IgsKo,4rr1k/p2n3Q/2pP1p2/3q1P2/2pPN1R1/7P/P1P4K/4R3 b - - 0 32,h8h7 g4h4 h7g8 e1g1 g8f7 h4h7,1483,76,96,27721,exposedKing long mate mateIn3 middlegame,https://lichess.org/cBnJnMYQ/black#64,,True,2,https://lichess.org/training/IgsKo
SPClD,4r2k/1R6/2p4P/3p4/p7/2P2p2/PP2r3/3K2R1 w - - 0 40,g1g7 e2e1 d1d2 e8e2 d2d3 e1d1,1483,76,97,16280,endgame exposedKing long mate mateIn3 rookEndgame,https://lichess.org/KGDg3USL#79,,True,2,https://lichess.org/training/SPClD
5r61c,8/8/5r2/6K1/6R1/3Pkr2/1P4R1/8 w - - 4 57,d3d4 f3f5 g5h4 f6h6 h4g3 f5f3,1483,76,93,3621,endgame long mate mateIn3 rookEndgame,https://lichess.org/XoPgb0hm#113,,True,2,https://lichess.org/training/5r61c
EmpWx,3r4/7k/1R4p1/1P3p2/3r1K2/2R5/1P6/8 w - - 1 45,f4e5 d4e4 e5f6 d8f8 f6g5 e4g4,1484,78,94,18659,endgame long mate mateIn3 rookEndgame,https://lichess.org/OP7zwf9x#89,,True,2,https://lichess.org/training/EmpWx
oRdfy,4rrk1/1pqb1p2/p5p1/4N2p/4QR1P/2PB4/P1P3P1/5RK1 b - - 0 22,e8e5 e4g6 f7g6 f4f8 g8h7 f1f7 h7h6 f8h8,1484,75,84,616,kingsideAttack mate mateIn4 middlegame sacrifice veryLong,https://lichess.org/iqqwZ5MJ/black#44,,True,2,https://lichess.org/training/oRdfy
znnMO,2rr4/2q1b1kR/p2p2P1/3Pp3/1p6/3B1P2/1PPR4/1K6 b - - 1 26,g7f6 h7f7 f6g5 d2g2 g5h6 f7h7,1485,75,99,1642,long mate mateIn3 middlegame,https://lichess.org/jbMYaDGS/black#52,,True,2,https://lichess.org/training/znnMO
51nNl,1k4r1/pp2b3/3p3p/2P5/2P1P1n1/4Nr1q/P3QPP1/R4RK1 w - - 2 27,g2h3 g4e3 g1h2 g8g2 h2h1 f3h3,1485,77,92,1983,deflection discoveredAttack kingsideAttack long mate mateIn3 middlegame,https://lichess.org/7XT3B9XI#53,,True,2,https://lichess.org/training/51nNl
aRgsM,2r5/1p1kR3/p6p/3p2pB/1Pr5/2n3P1/P4P1P/4R1K1 b - - 2 31,d7c6 e1e6 c6b5 e7b7 b5a4 e6a6,1486,76,94,1747,deflection endgame long mate mateIn3,https://lichess.org/I9aYkbIs/black#62,,True,2,https://lichess.org/training/aRgsM
ONjLA,8/5p2/p2Rp3/Q2p4/3k4/5P2/P4PK1/1r1r4 w - - 0 44,d6a6 d1g1 g2h3 g1h1 h3g4 b1g1 g4f4 h1h4,1486,76,91,773,endgame mate mateIn4 queenRookEndgame veryLong,https://lichess.org/NkN0Nyok#87,,True,2,https://lichess.org/training/ONjLA
Q1Wf5,4r1k1/5RR1/1p4pP/6p1/6n1/1KP5/4r3/8 b - - 7 45,g8h8 g7h7 h8g8 f7g7 g8f8 h7h8,1486,76,63,279,endgame exposedKing long mate mateIn3,https://lichess.org/P1ZVtxAV/black#90,,True,2,https://lichess.org/training/Q1Wf5
vBuM1,8/5p2/B1k1p1p1/P2pP1Pp/4r2P/Rp1R4/1P1K1r2/8 w - - 4 42,d2c1 e4e1 d3d1 f2c2 c1b1 e1d1,1487,82,88,131,deflection endgame long mate mateIn3 queensideAttack,https://lichess.org/9zF5ZhFX#83,,True,2,https://lichess.org/training/vBuM1
UWbDs,4r2k/R5R1/3PKp1p/8/4P1P1/2r2P1P/8/8 w - - 1 42,e6f6 c3f3 f6g6 e8e6 g6h5 f3h3,1487,75,95,26041,endgame long mate mateIn3 rookEndgame,https://lichess.org/pR5SJHMi#83,,True,2,https://lichess.org/training/UWbDs
lNNB8,4r3/5kpp/3R4/8/8/5pP1/PPr2b1P/5RK1 w - - 0 24,f1f2 e8e1 f2f1 c2g2 g1h1 e1f1,1487,79,89,985,deflection endgame long mate mateIn3 pin rookEndgame,https://lichess.org/Yl16K2rt#47,,True,2,https://lichess.org/training/lNNB8
Eb0ss,5r2/5pk1/p4Qp1/1p2p2p/1P5P/P1P2R2/3rq1P1/5R1K b - - 1 30,g7g8 f6g6 f7g6 f3f8 g8h7 f1f7 h7h6 f8h8,1487,77,94,230,discoveredAttack endgame mate mateIn4 sacrifice veryLong,https://lichess.org/Ra1CqZzX/black#60,,True,2,https://lichess.org/training/Eb0ss
wt3lY,8/8/4R3/8/3R4/1p5K/1r1k4/3q4 b - - 2 50,d2c2 e6c6 c2b1 d4d1 b1a2 c6a6,1487,75,89,1298,endgame long mate mateIn3 queenRookEndgame,https://lichess.org/qNr2vq0Y/black#100,,True,2,https://lichess.org/training/wt3lY
uadZ9,8/p1k1Rpp1/1pB3rp/1P6/5rn1/P7/5P1P/4R1K1 b - - 4 33,c7d6 e7d7 d6c5 e1c1 f4c4 d7d5,1488,75,93,504,endgame exposedKing long mate mateIn3,https://lichess.org/5kxcro9e/black#66,,True,2,https://lichess.org/training/uadZ9
Z8BvH,r6k/2R3R1/6p1/1p6/1P1r4/P6K/8/8 w - - 6 38,c7b7 a8a3 h3g2 d4d2 g2f1 a3a1,1489,76,100,452,endgame exposedKing long mate mateIn3 rookEndgame,https://lichess.org/5txAfRIJ#75,,True,2,https://lichess.org/training/Z8BvH
fNa03,5rk1/3R1Q1p/p4Pp1/8/q7/8/6PP/4R2K b - - 0 33,f8f7 e1e8 f7f8 d7g7 g8h8 e8f8,1489,76,95,4003,deflection endgame long mate mateIn3 pin queenRookEndgame,https://lichess.org/0RSP9sDI/black#66,,True,2,https://lichess.org/training/fNa03
wq8i9,1r6/R7/1P1R3p/1r4k1/4Pp2/5Pp1/6P1/5K2 b - - 0 49,b5b6 a7g7 g5h5 d6d5 h5h4 g7g4,1489,74,91,867,endgame long mate mateIn3 rookEndgame,https://lichess.org/VMCxYanX/black#98,,True,2,https://lichess.org/training/wq8i9
ZhNig,5rk1/pp1R1N2/1r3Pp1/7p/5b1P/8/PP3P2/1K2R3 b - - 0 31,f8f7 e1e8 f7f8 d7g7 g8h8 e8f8,1490,76,96,14257,deflection endgame exposedKing long master mate mateIn3 pin,https://lichess.org/17d2ys95/black#62,,True,2,https://lichess.org/training/ZhNig
1Mdhf,6k1/4p3/2Kp2p1/2n1r1P1/p7/1p6/5R2/5R2 b - - 0 45,e5g5 f2f8 g8h7 f1f7 h7h6 f8h8,1490,76,87,333,endgame exposedKing long master mate mateIn3,https://lichess.org/5ndGp6Cc/black#90,,True,2,https://lichess.org/training/1Mdhf
vlclj,2Q5/5p2/3R1Ppk/8/4P3/7p/r5r1/2R3K1 w - - 1 48,g1h1 g2h2 h1g1 a2g2 g1f1 h2h1,1490,76,87,564,endgame exposedKing long mate mateIn3 queenRookEndgame,https://lichess.org/LQlOrSYV#95,,True,2,https://lichess.org/training/vlclj
Vk6xe,6R1/1ppk1p2/p7/3P4/2P4p/PP2P2P/1r5r/5RK1 b - - 9 33,h2h3 f1f7 d7d6 g8g6 d6c5 f7c7,1491,76,94,665,deflection endgame long mate mateIn3 rookEndgame,https://lichess.org/MmEADmlW/black#66,,True,2,https://lichess.org/training/Vk6xe
8rJZb,4rrk1/1b1p4/p7/4QRq1/1pPp2pn/3B4/PP4P1/5RK1 b - - 0 32,e8e5 f5f8 g8g7 f1f7 g7h6 f8h8,1492,77,92,11897,exposedKing long mate mateIn3 middlegame,https://lichess.org/dtS7UVga/black#64,,True,2,https://lichess.org/training/8rJZb
Sw7nf,3r2k1/1p3p2/p5p1/7P/7P/1Pp2PQ1/P1b1r3/1KR2N2 w - - 0 31,c1c2 d8d1 c2c1 e2b2 b1a1 d1c1,1492,76,94,116,deflection endgame fork long mate mateIn3 pin,https://lichess.org/5NONJocy#61,,True,2,https://lichess.org/training/Sw7nf
b29Jp,3N2k1/4R3/5n1r/p6p/1pr5/8/P5PP/5R1K b - - 0 43,f6d5 e7e8 g8h7 f1f7 h7g6 e8g8,1494,76,96,11308,endgame exposedKing long mate mateIn3,https://lichess.org/fksVrwfM/black#86,,True,2,https://lichess.org/training/b29Jp
Xg1U7,8/1P6/P2pk3/4p3/6rp/6nr/5P2/3R1RK1 w - - 0 38,f2g3 g4g3 g1f2 h3h2 f2e1 g3e3,1494,75,86,173,endgame exposedKing long mate mateIn3 rookEndgame,https://lichess.org/Q9ZCyCl4#75,,True,2,https://lichess.org/training/Xg1U7
eNLUB,r7/1p1r4/1R1p1pp1/4P1p1/PR3kP1/5P2/6KP/8 b - - 0 35,f4e5 b4e4 e5d5 b6b5 d5c6 e4c4,1496,76,96,3017,endgame long mate mateIn3 rookEndgame,https://lichess.org/CJhMpe4o/black#70,,True,2,https://lichess.org/training/eNLUB
dyZRC,4r3/4P3/p4Rk1/1p6/2pP2r1/P1P1K3/6pp/5R2 b - - 1 50,g6g5 f1f5 g5h4 f6h6 h4g3 f5f3,1496,81,89,36,endgame long mate mateIn3 rookEndgame,https://lichess.org/rnWbIhpX/black#100,,True,2,https://lichess.org/training/dyZRC
TH8Bi,4R3/1Q3ppk/2p2rq1/2P2r1p/pP2p2P/P3P1P1/5P2/5RK1 w - - 7 33,b7c8 g6g3 f2g3 f5f1 g1h2 f6f2 h2h3 f1h1,1496,78,94,923,endgame kingsideAttack mate mateIn4 sacrifice veryLong,https://lichess.org/IKaBjP2v#65,,True,2,https://lichess.org/training/TH8Bi
6IAnu,r5k1/p1pb1rpp/1bp4B/3p3q/3N4/2P1Q1R1/PP4PP/4R1K1 b - - 5 21,a8e8 e3e8 d7e8 e1e8 f7f8 g3g7 g8h8 e8f8,1496,78,83,370,deflection kingsideAttack mate mateIn4 middlegame pin veryLong,https://lichess.org/v9SkmBc4/black#42,,True,2,https://lichess.org/training/6IAnu
DiJHW,k6r/4RRp1/P7/1p6/2pr4/6Pp/2P5/7K b - - 2 36,h3h2 e7a7 a8b8 f7b7 b8c8 a7a8,1496,75,80,313,endgame exposedKing long mate mateIn3 rookEndgame,https://lichess.org/EwBukBo4/black#72,,True,2,https://lichess.org/training/DiJHW
YsAHa,3r3k/2R3R1/7P/5p2/P5p1/8/2p2PPK/r7 b - - 2 35,c2c1q g7h7 h8g8 c7g7 g8f8 h7h8,1497,90,63,74,endgame exposedKing long mate mateIn3 queenRookEndgame,https://lichess.org/ZVPV8W6X/black#70,,True,2,https://lichess.org/training/YsAHa
Juk26,2k5/pp3p1b/2p4p/5Pp1/1P1R2Pn/P3r2P/4Br1K/1N1Q4 w - - 3 34,h2h1 e3h3 h1g1 f2g2 g1f1 h3h1,1498,75,95,11728,exposedKing kingsideAttack long mate mateIn3 middlegame,https://lichess.org/DRJJbACH#67,,True,2,https://lichess.org/training/Juk26
C7H1y,2r5/3k4/pQ1p4/1p6/4Pn2/P4r1P/1P3P1K/5R2 w - - 4 31,f1d1 f3h3 h2g1 c8g8 g1f1 h3h1,1498,74,94,2426,endgame long mate mateIn3,https://lichess.org/eISM8IB3#61,,True,2,https://lichess.org/training/C7H1y
xJNxo,2r4k/4R1Rp/p5pP/1b6/1P6/P3P3/1K6/2r5 b - - 3 40,b5a4 g7h7 h8g8 e7g7 g8f8 h7h8,1499,75,97,1923,endgame long mate mateIn3,https://lichess.org/ZvYIBLgb/black#80,,True,2,https://lichess.org/training/xJNxo
E7Kt2,8/P1rk4/4p1p1/1R2Pb1p/3p1P1P/R1r3P1/2PK4/8 w - - 0 36,a7a8q c3c2 d2e1 c2c1 e1f2 c7c2 f2f3 c1f1,1499,76,89,111,endgame mate mateIn4 veryLong,https://lichess.org/5EWthnX1#71,,True,2,https://lichess.org/training/E7Kt2
txyYk,5rk1/pp1n4/7p/4p1bR/3p2Q1/BP4P1/P2P1rK1/RN6 w - - 0 27,g2g1 f2f1 g1h2 f8f2 h2h3 f1h1,1500,500,0,0,exposedKing kingsideAttack long mate mateIn3 middlegame,https://lichess.org/IPMa4Tzi#53,,True,2,https://lichess.org/training/txyYk
3Q31H,2r3k1/5RR1/p1r4P/5p2/1p6/5PK1/5P2/8 b - - 1 48,g8h8 g7h7 h8g8 f7g7 g8f8 h7h8,1500,75,95,3508,endgame exposedKing long mate mateIn3 rookEndgame,https://lichess.org/wkAbu2c9/black#96,,True,2,https://lichess.org/training/3Q31H
MfMBE,8/p4R2/1p5p/2p1PRk1/6P1/1P4qP/P2r4/7K b - - 8 38,g5g6 f5f6 g6g5 f7g7 g5h4 f6h6,1502,75,96,3189,deflection endgame long mate mateIn3 queenRookEndgame,https://lichess.org/sJICfI2A/black#76,,True,2,https://lichess.org/training/MfMBE
u4IaO,6k1/7p/1R4p1/rP6/1r6/6K1/5PR1/8 w - - 1 38,g3f3 a5a3 f3e2 b4b2 e2d1 a3a1,1502,130,85,17,endgame exposedKing long mate mateIn3 rookEndgame,https://lichess.org/VCguF3a8#75,,True,2,https://lichess.org/training/u4IaO
HmaUQ,2r4k/1b2R1R1/7p/p6N/1p5P/1P6/KPP2r2/3q4 b - - 5 34,f2f1 g7h7 h8g8 e7g7 g8f8 h7h8,1503,76,97,13192,exposedKing fork long mate mateIn3 middlegame,https://lichess.org/fPlUQbBg/black#68,,True,2,https://lichess.org/training/HmaUQ
o9FPe,8/p1p4R/1pkp1K2/7P/1PP1P1r1/8/P5r1/R7 w - - 0 41,h5h6 g2f2 f6e7 g4e4 e7d8 f2f8,1503,146,88,15,endgame long mate mateIn3 rookEndgame,https://lichess.org/yQVv3TZE#81,,True,2,https://lichess.org/training/o9FPe
zNZ3g,r6k/1R2R2p/6pP/8/p7/p7/K1P5/6q1 b - - 5 42,g1c1 e7h7 h8g8 b7g7 g8f8 h7h8,1503,77,99,712,endgame long mate mateIn3 queenRookEndgame,https://lichess.org/6BOIenZj/black#84,,True,2,https://lichess.org/training/zNZ3g
hYgNw,2B5/8/1p1b1r2/3pk1rp/1P2p3/P4p1P/3R2P1/3R2K1 b - - 1 37,e4e3 d2d5 e5f4 d1d4 f4g3 d5g5,1504,79,95,24675,deflection endgame long master mate mateIn3,https://lichess.org/GiDs3dhZ/black#74,,True,2,https://lichess.org/training/hYgNw
Ive3L,3r1r1k/pp2qpp1/4pN1Q/2p1P3/5R2/7R/PPP3bP/2K5 b - - 0 22,g7h6 h3h6 h8g7 h6h7 g7g6 f4g4 g6f5 h7h5,1504,77,94,907,exposedKing fork mate mateIn4 middlegame veryLong,https://lichess.org/R10QITq7/black#44,,True,2,https://lichess.org/training/Ive3L
divHz,5Q2/k7/8/2P2P2/1P6/P5Pp/4r1rP/R6K w - - 0 45,f8f6 g2h2 h1g1 e2g2 g1f1 h2h1,1504,79,95,26089,endgame long mate mateIn3 queenRookEndgame,https://lichess.org/xYHoTWYo#89,,True,2,https://lichess.org/training/divHz
lVPWy,2R5/5p1p/4p1k1/3pP3/8/2pr2P1/r4PK1/7R b - - 3 36,c3c2 c8g8 g6f5 h1h5 f5e4 g8g4,1505,84,81,73,endgame exposedKing long mate mateIn3 rookEndgame,https://lichess.org/TDSJ2pi8/black#72,,True,2,https://lichess.org/training/lVPWy
09SWu,r1bb1rk1/ppR2Qpp/7B/4p3/2n1P3/6P1/Pq3PBP/3R2K1 b - - 0 21,f8f7 d1d8 f7f8 c7g7 g8h8 d8f8,1507,89,17,47,deflection hangingPiece kingsideAttack long master mate mateIn3 middlegame,https://lichess.org/1LuPvTw8/black#42,,True,2,https://lichess.org/training/09SWu
zIoXa,2k5/1pp1R3/p4p2/2P4p/1P1r1r1P/P6K/5P2/R7 w - - 0 31,e7e2 f4h4 h3g2 d4g4 g2f1 h4h1,1507,76,93,10815,endgame long mate mateIn3 rookEndgame,https://lichess.org/ZBhpP3Jh#61,,True,2,https://lichess.org/training/zIoXa
Ukg4z,4Rnk1/1p6/p5p1/8/3r2pP/8/PPr3P1/5R1K b - - 3 31,g4g3 e8f8 g8h7 f1f7 h7h6 f8h8,1507,75,96,9160,endgame exposedKing long mate mateIn3,https://lichess.org/2DV5ZcP7/black#62,,True,2,https://lichess.org/training/Ukg4z
5KWDB,5r1k/1p1R2Rp/p5pP/1r3p2/K7/8/8/8 b - - 3 35,f8c8 g7h7 h8g8 d7g7 g8f8 h7h8,1508,76,77,1067,endgame long mate mateIn3 rookEndgame,https://lichess.org/R0RUA1YA/black#70,,True,2,https://lichess.org/training/5KWDB
yrzGN,3R4/1p3p1B/p4k2/1r1K4/3P4/P1r5/7P/6R1 w - - 5 37,d5d6 c3c6 d6d7 b5d5 d7e8 c6e6 e8f8 d5d8,1509,76,88,221,deflection endgame mate mateIn4 veryLong,https://lichess.org/0spxxQyb#73,,True,3,https://lichess.org/training/yrzGN
p3Pfr,b3r2k/6p1/7p/1pP2p1B/1P1R3P/PQ2rpP1/8/6K1 w - - 0 42,b3f7 e3e1 g1h2 e8e2 h2h3 e1h1,1510,74,91,138,endgame exposedKing long mate mateIn3,https://lichess.org/nt29xL9H#83,,True,2,https://lichess.org/training/p3Pfr
IfCAO,4r3/6k1/1NP1P3/p2B2p1/P3KpPp/1P1R3P/8/4r3 w - - 3 47,e4f5 e8f8 f5g5 e1e5 g5h4 f8h8,1510,77,93,3855,endgame long mate mateIn3 sacrifice,https://lichess.org/4j5xBgCP#93,,True,2,https://lichess.org/training/IfCAO
84nf8,7k/p5p1/7p/2Prrq2/1PQ1p3/4P2P/P1R2P1K/5R2 w - - 4 31,c5c6 f5h3 h2h3 e5h5 h3g3 d5g5 g3f4 h5h4,1510,76,97,4341,attraction endgame mate mateIn4 sacrifice veryLong,https://lichess.org/eS6WAdFt#61,,True,2,https://lichess.org/training/84nf8
VDWDk,4k3/1p5R/p7/8/1P6/P6p/4r1rP/3R3K w - - 1 42,d1c1 g2h2 h1g1 e2g2 g1f1 h2h1,1511,77,94,12072,endgame long mate mateIn3 rookEndgame,https://lichess.org/XwV8fPAl#83,,True,2,https://lichess.org/training/VDWDk
nYAeI,5rkr/2p2p2/3p1Qp1/1p2p3/4P2P/P1PP1RP1/3q4/5R1K b - - 4 28,d2c3 f6g6 f7g6 f3f8 g8h7 f1f7 h7h6 f8h8,1512,74,96,27478,deflection discoveredAttack endgame mate mateIn4 sacrifice veryLong,https://lichess.org/hJaaD3zM/black#56,,True,2,https://lichess.org/training/nYAeI
GwSJ5,2k5/pppr4/7p/1P3pp1/P7/1b3rB1/7P/2R1R1K1 b - - 1 26,b3a4 e1e8 d7d8 c1c7 c8b8 e8d8,1512,76,89,459,deflection endgame long mate mateIn3,https://lichess.org/nQcVJtdN/black#52,,True,2,https://lichess.org/training/GwSJ5
YbiJh,4r2k/p1R3Rp/1p5r/8/8/3B2P1/PPP2KP1/8 w - - 3 29,d3h7 h6f6 h7f5 f6f5 f2g1 e8e1 g1h2 f5h5,1513,82,89,55,endgame mate mateIn4 veryLong,https://lichess.org/jcsFqefd#57,,True,2,https://lichess.org/training/YbiJh
AHgjy,R3N1k1/5p2/4p1pp/4b3/4r3/7P/P1r3P1/5R1K b - - 2 33,g8h7 f1f7 h7g8 e8d6 c2c8 a8c8,1513,74,96,25478,discoveredAttack endgame long mate mateIn3,https://lichess.org/RqhwINOt/black#66,,True,2,https://lichess.org/training/AHgjy
XDeok,3r4/p7/1k5N/1p6/nP5P/R4P2/P5r1/1KR5 w - - 2 31,c1c2 d8d1 c2c1 g2b2 b1a1 d1c1,1513,74,99,2312,deflection endgame long mate mateIn3,https://lichess.org/KPb01iBc#61,,True,2,https://lichess.org/training/XDeok
fOPA7,5rk1/p4p2/2p1pQp1/4P2p/5R1P/1P2P3/P1qr1RP1/6K1 b - - 2 29,c2a2 f6g6 f7g6 f4f8 g8h7 f2f7 h7h6 f8h8,1513,75,92,163,discoveredAttack endgame mate mateIn4 sacrifice veryLong,https://lichess.org/zwRYQkyc/black#58,,True,2,https://lichess.org/training/fOPA7
lxoZw,2k5/ppp2Rpp/2n4q/1Nb5/2P5/P7/1P4PP/4R2K b - - 0 20,a7a6 e1e8 c6d8 f7c7 c8b8 e8d8,1515,90,83,55,deflection endgame fork long mate mateIn3,https://lichess.org/65cvamgw/black#40,,True,2,https://lichess.org/training/lxoZw
gykEW,r1bR1bk1/pp2p3/6pp/6N1/1P6/2p1q3/P5PP/5R1K b - - 3 22,h6g5 d8f8 g8h7 f1f7 h7h6 f8h8,1516,74,94,4597,endgame exposedKing long mate mateIn3,https://lichess.org/z2zEicUy/black#44,,True,2,https://lichess.org/training/gykEW
N5H8T,r2r1b1k/1p3p1p/p4P2/6RQ/4pR2/4P1P1/q6P/6K1 b - - 3 29,a8c8 h5h7 h8h7 f4h4 f8h6 g5g7 h7h8 h4h6,1516,74,92,291,attraction deflection mate mateIn4 middlegame pin sacrifice veryLong,https://lichess.org/guQH01Tn/black#58,,True,2,https://lichess.org/training/N5H8T
Q9Rcc,3r4/Qnk1r3/8/1p6/8/2N5/P1P3PP/4K3 w - - 6 36,e1f2 d8f8 f2g3 e7g7 g3h4 f8h8,1516,76,83,71,endgame long mate mateIn3,https://lichess.org/IoKYLLeV#71,,True,2,https://lichess.org/training/Q9Rcc
F37YG,8/r5kp/6p1/3RP1P1/2P2Pb1/8/7r/1R2K3 b - - 4 44,a7a2 b1b7 g4d7 d5d7 g7h8 b7b8,1517,76,97,4757,endgame long mate mateIn3,https://lichess.org/EuW6MGJB/black#88,,True,2,https://lichess.org/training/F37YG
Cxpz0,5r1k/2QR2p1/6q1/2p2r1p/7P/2P1P1P1/PP3P2/5RK1 w - - 1 34,d7d6 g6g3 f2g3 f5f1 g1h2 f8f2 h2h3 f1h1,1517,77,93,2222,endgame mate mateIn4 sacrifice veryLong,https://lichess.org/IXBi2eR9#67,,True,2,https://lichess.org/training/Cxpz0
kgXSp,2rQ2k1/p4pbp/4p1p1/4P2P/qpb1NPP1/8/P2R2B1/K6R b - - 6 28,c8d8 d2d8 g7f8 e4f6 g8h8 d8f8 h8g7 f8g8 g7h6 h5g6,1518,84,91,4541,deflection discoveredAttack kingsideAttack mate mateIn5 middlegame veryLong,https://lichess.org/jnmxWzgV/black#56,,True,2,https://lichess.org/training/kgXSp
1yxbY,1R6/1R3pp1/p1k5/7p/4PP1K/2r4P/7r/8 w - - 2 33,h4h5 h2h3 h5g4 c3g3 g4f5 h3h5,1519,76,89,149,endgame long mate mateIn3 rookEndgame,https://lichess.org/88t2v58g#65,,True,2,https://lichess.org/training/1yxbY
1iwAO,7k/5Qp1/p7/P4N2/2p5/4P2p/5rr1/R1R3K1 w - - 7 45,g1h1 g2h2 h1g1 f2g2 g1f1 h2h1,1520,76,88,359,endgame exposedKing long mate mateIn3,https://lichess.org/UE47Yz8H#89,,True,2,https://lichess.org/training/1iwAO
IGyEY,r6r/1p6/p2pp3/2p4p/P3Pk2/1nPP4/1P4K1/5R1R b - - 1 33,f4e3 h1h3 e3d2 f1f2 d2c1 h3h1,1520,77,94,2707,endgame long mate mateIn3,https://lichess.org/5FtlxBif/black#66,,True,2,https://lichess.org/training/IGyEY
hoqQn,1r5b/p3N2R/3RN3/4kP2/4b1P1/1r6/8/2K5 w - - 1 45,d6d8 b3b1 c1d2 b8b2 d2e3 b1e1,1521,75,86,205,exposedKing long mate mateIn3 middlegame,https://lichess.org/QJmskOKX#89,,True,2,https://lichess.org/training/hoqQn
U9lEY,7r/1p3rp1/2p5/p1k5/P1R2PKp/1P5R/8/8 b - - 6 38,c5d5 h3d3 d5e6 c4e4 e6f6 d3d6,1521,80,77,44,endgame long mate mateIn3 rookEndgame,https://lichess.org/GWxArUao/black#76,,True,2,https://lichess.org/training/U9lEY
0rD7x,5rk1/1p3p2/p3pQp1/3q2p1/3P2P1/P4R2/1Pr4P/5RK1 b - - 5 29,c2d2 f6g6 f7g6 f3f8 g8h7 f1f7 h7h6 f8h8,1521,76,93,4461,discoveredAttack endgame mate mateIn4 sacrifice veryLong,https://lichess.org/jbCBrRkB/black#58,,True,2,https://lichess.org/training/0rD7x
WsVFK,4r1k1/1p3RR1/p1b4P/3p4/2p1p3/P1P1P3/1P5r/4K3 b - - 11 38,g8h8 g7h7 h8g8 f7g7 g8f8 h7h8,1522,75,89,253,endgame exposedKing long mate mateIn3,https://lichess.org/52pQlqks/black#76,,True,2,https://lichess.org/training/WsVFK
8emVL,6k1/p1R3pp/5r2/1N6/5nP1/5P2/PPP1r1P1/6RK w - - 7 31,g1d1 f6h6 h1g1 e2g2 g1f1 h6h1,1522,76,87,587,endgame long mate mateIn3,https://lichess.org/l2UpTYIg#61,,True,2,https://lichess.org/training/8emVL
mTqfu,7r/8/1k2p3/3r1p2/3K1Pp1/R5P1/7P/R7 w - - 3 48,d4c4 h8c8 c4b3 d5b5 b3a2 c8c2,1523,78,97,24846,endgame long mate mateIn3 rookEndgame,https://lichess.org/6RIg3RN3#95,,True,2,https://lichess.org/training/mTqfu
QgrMr,5rk1/2R3p1/2p2r2/1pQp3p/2P1p2P/1P2PqP1/5P2/5RK1 w - - 0 34,c4d5 f3g3 f2g3 f6f1 g1h2 f8f2 h2h3 f1h1,1523,76,96,787,discoveredAttack endgame mate mateIn4 sacrifice veryLong,https://lichess.org/MC2tfWSS#67,,True,2,https://lichess.org/training/QgrMr
ReT7Y,2r5/pp6/4p2k/4B2p/3Pp1pP/5r2/PP1K4/R5R1 w - - 0 31,a1e1 f3d3 d2e2 c8c2 e2f1 d3f3,1524,79,97,29891,endgame exposedKing long mate mateIn3,https://lichess.org/1luOvauf#61,,True,2,https://lichess.org/training/ReT7Y
hIJi3,6k1/5p2/5p1p/2r1n3/6K1/1RNr2PP/P7/2R5 w - - 6 35,g4f5 d3f3 f5e4 c5c4 e4d5 f3d3,1524,78,93,2078,endgame long mate mateIn3,https://lichess.org/EHXZVbf5#69,,True,2,https://lichess.org/training/hIJi3
25b2d,4r1k1/pp5R/4Nr2/2p2pN1/3p4/1Pn1n3/1KP3P1/7R b - - 2 28,e8e6 h7h8 g8g7 h1h7 g7g6 h8g8,1525,75,93,528,exposedKing long mate mateIn3 middlegame,https://lichess.org/B8U4yZwf/black#56,,True,2,https://lichess.org/training/25b2d
YYTFR,1r6/R6p/6p1/6k1/2r5/6K1/P6R/8 w - - 2 46,h2h7 c4c3 g3f2 b8b2 f2e1 c3c1,1526,78,95,23019,endgame exposedKing long mate mateIn3 rookEndgame,https://lichess.org/8Exvmo3M#91,,True,2,https://lichess.org/training/YYTFR
le9D6,8/3R4/5kP1/8/1pP5/pP6/Pr2r3/K5R1 w - - 5 40,g6g7 b2a2 a1b1 e2b2 b1c1 a2a1,1526,75,89,163,endgame long master mate mateIn3 rookEndgame,https://lichess.org/9W2U5pYn#79,,True,2,https://lichess.org/training/le9D6
aIj1b,7R/6k1/P5p1/7p/4R2P/5rP1/8/r4NK1 w - - 3 50,h8e8 a1f1 g1h2 f3f2 h2h3 f1h1,1528,77,93,1885,endgame exposedKing long mate mateIn3,https://lichess.org/I5fGQEU0#99,,True,2,https://lichess.org/training/aIj1b
EYSvI,1k6/1pr5/pR5R/P3NP2/3p2r1/3Pn3/8/7K w - - 0 44,f5f6 c7c1 h1h2 g4g2 h2h3 c1h1,1529,75,97,6041,endgame exposedKing long mate mateIn3,https://lichess.org/olqEvvko#87,,True,2,https://lichess.org/training/EYSvI
yVIjq,4r3/5p1k/pQ6/2p5/3p2PP/P2P4/1PP1rK2/8 w - - 1 38,f2f3 e8e3 f3f4 e2f2 f4g5 e3e5,1529,75,96,457,endgame long mate mateIn3 queenRookEndgame,https://lichess.org/W49JV2k9#75,,True,2,https://lichess.org/training/yVIjq
gtvKw,8/8/1r4r1/1p3p2/3kbP2/1R4P1/1P3K2/3R4 b - - 1 42,d4c5 b3c3 c5b4 d1d4 b4a5 c3a3,1530,76,99,3761,endgame long mate mateIn3,https://lichess.org/UDusfWuH/black#84,,True,2,https://lichess.org/training/gtvKw
fGY9k,2r3k1/8/3pp1P1/p4pRQ/7P/1q6/2P3P1/1KN1r3 w - - 0 35,c2b3 e1c1 b1b2 c8c2 b2a3 c1a1,1530,80,100,90,endgame exposedKing long mate mateIn3,https://lichess.org/bTYArvS1#69,,True,2,https://lichess.org/training/fGY9k
W19cm,6R1/8/8/2R3np/2P3k1/4K3/pr6/8 b - - 1 52,a2a1q g8g5 g4h3 g5h5 h3g2 c5g5 g2f1 h5h1,1530,75,87,132,deflection endgame master mate mateIn4 veryLong,https://lichess.org/lS8bu0li/black#104,,True,2,https://lichess.org/training/W19cm
KikKY,8/1R1P1p2/4k3/4P3/6p1/4P1Pp/r5rP/3R3K w - - 1 34,d7d8q g2h2 h1g1 a2g2 g1f1 h2h1,1531,81,91,67,endgame long mate mateIn3 queenRookEndgame,https://lichess.org/wqwut53w#67,,True,2,https://lichess.org/training/KikKY
xegXv,5r1k/4R1Rp/6pP/3pPpP1/2n3r1/7K/8/8 b - - 12 42,f8a8 g7h7 h8g8 e7g7 g8f8 h7h8,1532,77,95,25759,endgame long mate mateIn3,https://lichess.org/CX7wQzg6/black#84,,True,2,https://lichess.org/training/xegXv
HtBRw,8/1R4kp/3R1r2/4p2P/5n1K/8/4b3/8 b - - 1 47,f6f7 h5h6 g7g8 d6d8 f7f8 b7g7 g8h8 d8f8,1532,78,93,907,deflection endgame mate mateIn4 veryLong,https://lichess.org/WubNkkX1/black#94,,True,2,https://lichess.org/training/HtBRw
5WX8J,r2r1bk1/pp3p2/2p2P2/6R1/4p1p1/3P4/Pq1B2K1/R7 b - - 1 30,g8h7 a1h1 f8h6 g5g7 h7h8 h1h6,1532,76,91,1179,deflection exposedKing long master mate mateIn3 middlegame pin,https://lichess.org/R3i6jDPP/black#60,,True,2,https://lichess.org/training/5WX8J
QtPMd,r4r2/pb4pp/1p1R4/2p1p1P1/5B2/2N2k1P/PPP5/2K1R3 b - - 0 22,e5f4 d6d3 f3g2 e1e2 g2f1 d3d1,1533,75,99,2531,endgame long mate mateIn3,https://lichess.org/TCNH6Wk4/black#44,,True,2,https://lichess.org/training/QtPMd
VcOoT,8/5r1p/1p6/2p2k2/7K/P2R3P/1r1pR3/8 b - - 3 54,f7a7 d3f3 f5g6 e2g2 g6h6 f3f6,1534,78,97,18267,endgame long mate mateIn3 rookEndgame,https://lichess.org/G02mIXfy/black#108,,True,2,https://lichess.org/training/VcOoT
YVjuT,2r5/p3pp2/3p3k/1R4Rp/4P2P/1P3P2/1P3r2/1K6 b - - 2 30,c8c2 g5h5 h6g7 b5g5 g7f6 h5h6,1534,75,89,81,endgame long mate mateIn3 rookEndgame,https://lichess.org/knWrEmgL/black#60,,True,2,https://lichess.org/training/YVjuT
o0dkc,3rN2k/pp3p2/8/8/2p4q/3BP1R1/PPPK4/6R1 b - - 0 27,c4d3 g3g8 h8h7 g1g7 h7h6 g8h8,1534,77,93,2250,endgame exposedKing long mate mateIn3,https://lichess.org/qDU2DsW0/black#54,,True,2,https://lichess.org/training/o0dkc
7OTsn,8/6pk/8/3PR3/1R3p1p/5P2/r5r1/5K2 b - - 0 30,g7g5 b4b7 h7g6 e5e6 g6f5 b7f7,1535,77,89,313,endgame exposedKing long mate mateIn3 rookEndgame,https://lichess.org/Wu5zchnK/black#60,,True,2,https://lichess.org/training/7OTsn
jSZLO,Qbk1r3/1p5p/1Pp5/3P4/3r4/4p3/4K2P/4R3 w - - 2 34,d5c6 d4d2 e2f3 d2f2 f3g4 e8g8 g4h5 f2h2,1535,75,89,356,endgame exposedKing mate mateIn4 veryLong,https://lichess.org/V04o1Iwd#67,,True,2,https://lichess.org/training/jSZLO
rBewB,5r2/3k3p/3p1r2/5N2/RpP1R1P1/1Pb4P/3pK3/8 b - - 4 39,h7h5 e4e7 d7c6 a4a6 c6c5 e7c7,1535,76,96,21775,endgame long mate mateIn3,https://lichess.org/uUPnHGrw/black#78,,True,2,https://lichess.org/training/rBewB
Xgran,5R1R/3k4/2p5/1p1p2PK/1P1Nr3/2r5/8/8 b - - 2 39,e4d4 h8h7 d7d6 f8f6 d6e5 h7e7,1536,75,96,19055,endgame long mate mateIn3 rookEndgame,https://lichess.org/43ZzDDBX/black#78,,True,2,https://lichess.org/training/Xgran
7pQBP,1r4k1/p2RR2p/2p3p1/1pK2rN1/5p2/2P4P/PP4P1/8 w - - 2 30,c5c6 b8b6 c6c7 f5c5 c7d8 b6b8,1536,75,94,4258,endgame fork long mate mateIn3,https://lichess.org/RNkHYVxu#59,,True,2,https://lichess.org/training/7pQBP
EtK3y,1R5k/5pbP/4p1p1/3b2q1/4p1P1/1Pp1P3/2P2RK1/8 b - - 1 43,g7f8 b8f8 h8h7 f2f7 h7h6 f8h8,1536,76,95,4437,endgame exposedKing hangingPiece long master mate mateIn3,https://lichess.org/JlMFnNyS/black#86,,True,2,https://lichess.org/training/EtK3y
7yqTK,2r4k/3R1R1p/p5pP/4K3/6P1/8/2pp4/8 b - - 1 48,d2d1q f7h7 h8g8 d7g7 g8f8 h7h8,1537,76,87,837,endgame long master mate mateIn3 queenRookEndgame,https://lichess.org/U108etde/black#96,,True,2,https://lichess.org/training/7yqTK
IOZ4H,6r1/8/5p2/5P1p/2RBBk2/2P2Pr1/5KP1/8 w - - 3 45,d4f6 g3g2 f2e1 g2g1 e1d2 g8g2 d2d3 g1d1,1537,83,84,92,endgame mate mateIn4 veryLong,https://lichess.org/wmqAZMf9#89,,True,2,https://lichess.org/training/IOZ4H
8UzfX,5rk1/1R3Q1p/3p2pP/3P2P1/2P4q/1P3p2/5P2/4R1K1 b - - 0 48,f8f7 e1e8 f7f8 b7g7 g8h8 e8f8,1538,76,82,100,deflection endgame long mate mateIn3 queenRookEndgame,https://lichess.org/Aj7k06YJ/black#96,,True,2,https://lichess.org/training/8UzfX
Uhapo,r7/P5R1/r1k5/7R/4p2P/4K3/8/8 b - - 0 63,a6a7 g7g6 c6d7 h5h7 d7e8 g6g8,1539,75,87,1673,endgame exposedKing long mate mateIn3 rookEndgame,https://lichess.org/PlmGXmkF/black#126,,True,2,https://lichess.org/training/Uhapo
xSFL2,3r2k1/p3Q2p/6pb/1pP5/8/7P/PPKr1PP1/4R3 w - - 3 27,c2c3 d8d3 c3b4 d2b2 b4a5 d3a3,1539,174,33,6,deflection endgame exposedKing long mate mateIn3,https://lichess.org/xqx13FNy#53,,True,2,https://lichess.org/training/xSFL2
ntaTe,4r3/3Rn3/p1r1Pk1p/1p6/4R2P/5P2/P7/6K1 b - - 2 35,e7f5 d7f7 f6g6 e4g4 g6h5 f7f5,1540,168,100,18,deflection endgame exposedKing long mate mateIn3,https://lichess.org/8m8JHQfR/black#70,,True,2,https://lichess.org/training/ntaTe
Lpt0z,5rk1/R5p1/8/1p1p1r1p/4p2P/P1PQPqP1/5P2/5RK1 w - - 0 31,d3d4 f3g3 f2g3 f5f1 g1h2 f8f2 h2h3 f1h1,1540,75,80,1245,discoveredAttack endgame mate mateIn4 sacrifice veryLong,https://lichess.org/YI16IE5f#61,,True,2,https://lichess.org/training/Lpt0z
c5Gcm,r2q1r1k/1p4p1/p3pN1P/b2pPn2/P7/8/1P3K1Q/1R5R b - - 0 25,f5h6 h2h6 g7h6 h1h6 h8g7 h6h7 g7g6 b1g1 g6f5 h7h5 f5f4 g1g4,1540,81,92,5164,mate mateIn5 middlegame sacrifice veryLong,https://lichess.org/bxm4wHTI/black#50,,True,3,https://lichess.org/training/c5Gcm
9MeoT,3r3k/p1R5/1p4K1/4R3/5p1P/2P3P1/P4r2/8 b - - 1 36,f4g3 e5h5 h8g8 c7g7 g8f8 h5h8,1540,75,86,140,endgame exposedKing long mate mateIn3 rookEndgame,https://lichess.org/c0rKlGYl/black#72,,True,2,https://lichess.org/training/9MeoT
uAbaz,6r1/p1P4p/3R4/1P2kp2/7K/8/P3r2P/5R2 w - - 3 36,d6d3 e2h2 d3h3 g8g4 h4h5 h2h3,1540,75,100,3022,deflection endgame long mate mateIn3 rookEndgame,https://lichess.org/mO3suBmB#71,,True,2,https://lichess.org/training/uAbaz
2Tb6x,1r4k1/q5pp/1QR3p1/3pP3/3Pr1P1/1P3N1P/1P6/1K3R2 b - - 0 28,b8b6 c6c8 g8f7 f3g5 f7e7 f1f7,1540,79,96,29767,doubleCheck endgame fork long mate mateIn3,https://lichess.org/bhlUIFzC/black#56,,True,2,https://lichess.org/training/2Tb6x
A3mPo,r6r/p3R3/7p/5k2/2p2n1p/5P2/PPP4P/2K1R3 b - - 1 31,f4g6 e7f7 f5g5 e1g1 g5h5 f7f5,1540,76,100,142,endgame long mate mateIn3,https://lichess.org/I48jhIIf/black#62,,True,2,https://lichess.org/training/A3mPo
hmn4R,8/8/p3R1P1/1p1p1p1p/1P1k3b/P7/6rr/1K1R4 b - - 2 40,d4c3 e6c6 c3b3 d1d3 b3a4 c6a6,1541,77,92,883,endgame long mate mateIn3,https://lichess.org/n0JxAwsq/black#80,,True,2,https://lichess.org/training/hmn4R
w3l30,3r2k1/p1p3pp/4r3/8/4P3/6P1/PP2RR1P/1K6 w - - 2 28,b1c2 e6c6 c2b3 d8b8 b3a4 c6a6,1542,77,100,122,endgame long mate mateIn3 rookEndgame,https://lichess.org/sCjZoYoz#55,,True,2,https://lichess.org/training/w3l30
lQIiv,1R6/R4ppk/4p2p/8/8/P2KPP2/2r2r1P/8 w - - 2 32,b8b7 f2d2 d3e4 c2c4 e4e5 d2d5,1543,76,90,229,endgame long mate mateIn3 rookEndgame,https://lichess.org/ltF4TKWn#63,,True,2,https://lichess.org/training/lQIiv
MAAIq,2k5/K2r2r1/p1p1p2p/1pP2p2/PR1P1P2/4P3/1R5P/8 w - - 0 39,a7a6 d7a7 a6b6 g7b7 b6c6 a7a6,1543,76,87,368,endgame long mate mateIn3 rookEndgame,https://lichess.org/I0BaQKPd#77,,True,2,https://lichess.org/training/MAAIq
VnZw3,2k3r1/1p2b3/1qbrR2p/4Bp2/P1p5/2P3N1/5PPP/1Q4K1 w - - 0 33,b1b6 d6d1 g3f1 g8g2 g1h1 d1f1,1544,75,99,938,deflection long mate mateIn3 middlegame,https://lichess.org/ps5A60yP#65,,True,2,https://lichess.org/training/VnZw3
LJTpJ,4r2k/p3rq1p/8/2P2p2/2Q2n2/6R1/P6P/4R1K1 w - - 0 32,c4f7 e7e1 g1f2 e8e2 f2f3 e1f1,1546,75,84,743,endgame hangingPiece long mate mateIn3,https://lichess.org/0PzQvDIQ#63,,True,2,https://lichess.org/training/LJTpJ
RyBII,3q3k/5p2/pr3Prp/1pp1R1pQ/3p4/2PP3R/PP4PP/6K1 b - - 1 30,d4c3 h5h6 g6h6 h3h6 h8g8 e5g5 g8f8 h6h8,1546,79,81,97,endgame exposedKing kingsideAttack mate mateIn4 sacrifice veryLong,https://lichess.org/oktqAwx8/black#60,,True,2,https://lichess.org/training/RyBII
Uv6k0,5r1k/4R1Rp/3p2pP/2p3P1/8/1P6/1KP5/5q2 b - - 3 37,f8a8 g7h7 h8g8 e7g7 g8f8 h7h8,1547,75,89,875,endgame long mate mateIn3 queenRookEndgame,https://lichess.org/VWVyiz5A/black#74,,True,2,https://lichess.org/training/Uv6k0
tC6Rs,2Q5/kp5r/p6q/6r1/3P4/2P2pPP/PP3P1K/R4R2 w - - 13 31,h3h4 h6h4 g3h4 h7h4 c8h3 g5g2 h2h1 h4h3,1548,76,95,26137,endgame mate mateIn4 pin sacrifice veryLong,https://lichess.org/kLTKOkrc#61,,True,2,https://lichess.org/training/tC6Rs
V3mvM,7Q/pp2k1p1/4p3/3pN3/3P4/1KP5/PP3rr1/8 w - - 5 33,h8c8 f2b2 b3a4 b2a2 a4b5 g2b2 b5c5 a2a5,1548,75,98,2460,deflection endgame mate mateIn4 veryLong,https://lichess.org/PbFspu3L#65,,True,2,https://lichess.org/training/V3mvM
QBI5l,8/p1R2pk1/3P1N1r/p3r1p1/8/6P1/R4KP1/8 w - - 0 45,d6d7 h6f6 f2g1 e5e1 g1h2 f6h6,1548,80,47,96,endgame hangingPiece long mate mateIn3,https://lichess.org/Bne9l2Od#89,,True,2,https://lichess.org/training/QBI5l
oxDMw,5rk1/p1p2p1p/1p2pQp1/4P3/4PR1P/4q1PK/P3r3/5R2 b - - 1 27,h7h5 f6g6 f7g6 f4f8 g8h7 f1f7 h7h6 f8h8,1548,73,97,27710,discoveredAttack endgame kingsideAttack master mate mateIn4 sacrifice veryLong,https://lichess.org/r2i0Kaqg/black#54,,True,2,https://lichess.org/training/oxDMw
IGtAc,5k2/2Q2p2/2p1r3/4r3/6p1/2Nn2P1/PPP2KP1/8 w - - 0 32,c2d3 e6f6 f2g1 e5e1 g1h2 f6h6,1548,75,93,586,endgame long mate mateIn3,https://lichess.org/hOMLppfQ#63,,True,2,https://lichess.org/training/IGtAc
7DGKS,1r4k1/3RQ3/4p2p/6p1/p7/5pPP/r4q2/5RK1 w - - 0 42,f1f2 b8b1 d7d1 b1d1 f2f1 a2g2 g1h1 d1f1,1549,79,92,193,deflection endgame exposedKing mate mateIn4 pin queenRookEndgame veryLong,https://lichess.org/a8tXd7E3#83,,True,2,https://lichess.org/training/7DGKS
fBWuV,r7/4kpp1/7p/8/5P2/r5PK/p2R3P/R7 b - - 9 34,a8a7 a1e1 a3e3 e1e3 e7f6 d2d6 f6f5 e3e5,1551,77,94,1215,endgame mate mateIn4 rookEndgame veryLong,https://lichess.org/XLtEagdR/black#68,,True,2,https://lichess.org/training/fBWuV
KYWw0,6k1/6pp/3RR1p1/8/1B2KP2/P5q1/1n4r1/8 b - - 5 38,g3f2 d6d8 g8f7 e6e7 f7f6 d8f8,1551,74,98,1756,endgame long mate mateIn3,https://lichess.org/nmWQ0pcP/black#76,,True,2,https://lichess.org/training/KYWw0
DNlRb,2b2r1k/5B2/4PpRp/q2p1P2/2pP2K1/2r5/2Q4P/6R1 b - - 1 34,c3c2 g6h6 h8g7 g4h5 c2g2 g1g2,1554,75,94,108,discoveredAttack exposedKing long mate mateIn3 middlegame,https://lichess.org/BjLTtXKz/black#68,,True,2,https://lichess.org/training/DNlRb
3YmBt,5rk1/R4N1p/5Pp1/2p2b2/8/8/1r4PP/4R1K1 b - - 0 35,f8f7 e1e8 f7f8 a7g7 g8h8 e8f8,1556,76,97,4237,deflection endgame long mate mateIn3 pin,https://lichess.org/QitXZAio/black#70,,True,2,https://lichess.org/training/3YmBt
Izhtg,8/4R1p1/pR5p/3r2k1/2KP2P1/r7/5P2/8 b - - 2 43,d5d8 e7g7 g5f4 b6f6 f4e4 g7e7,1556,76,98,1736,endgame long mate mateIn3 rookEndgame,https://lichess.org/o03bk9WY/black#86,,True,2,https://lichess.org/training/Izhtg
GYr8l,8/ppp2Rk1/6P1/8/3K2Np/7r/Pr5b/6R1 b - - 1 35,g7g6 g4e5 g6h6 g1g6 h6h5 f7f5,1557,74,90,320,doubleCheck endgame exposedKing long mate mateIn3,https://lichess.org/1rpl6WQn/black#70,,True,2,https://lichess.org/training/GYr8l
Gw2XZ,r7/1R6/p5kp/3p2p1/3r2P1/7P/P7/2R3K1 b - - 0 33,g6f6 c1c6 f6e5 b7e7 e5f4 c6f6 f4g3 e7e3 g3h4 f6h6,1557,79,95,28421,endgame mate mateIn5 rookEndgame veryLong,https://lichess.org/JLc6822d/black#66,,True,4,https://lichess.org/training/Gw2XZ
Hi7Vp,1Q6/5p1k/p2p1Ppp/P2P4/5PP1/5K1P/1Pr4r/5R2 w - - 2 34,b8d6 h2h3 f3e4 c2c4 e4e5 h3e3,1557,77,97,26215,endgame long mate mateIn3 queenRookEndgame,https://lichess.org/Dvbe5kmm#67,,True,2,https://lichess.org/training/Hi7Vp
chWB6,8/1Q4pp/4p2k/3p1P2/7n/4r3/1Pr5/R4R1K w - - 0 33,f1f4 e3h3 h1g1 c2g2 g1f1 h3h1,1558,74,85,88,endgame exposedKing long mate mateIn3,https://lichess.org/SbtyMLE9#65,,True,2,https://lichess.org/training/chWB6
ENyxP,5rk1/5p2/1p1p2p1/pP2r3/P1Pp1RQP/4qR1K/8/8 b - - 3 36,e3e1 g4g6 f7g6 f4f8 g8h7 f3f7 h7h6 f8h8,1558,79,96,21368,endgame mate mateIn4 sacrifice veryLong,https://lichess.org/oLFOL0fV/black#72,,True,2,https://lichess.org/training/ENyxP
mFeVz,4r3/5p2/p2R1P2/R4bk1/8/N1P5/PP5r/2K5 w - - 5 34,a3c4 e8e1 d6d1 h2c2 c1b1 e1d1,1559,94,78,20,deflection endgame long master mate mateIn3,https://lichess.org/nSVwRFNN#67,,True,2,https://lichess.org/training/mFeVz
uVNPJ,5rk1/pR6/2p2r2/2Qp3p/4p2P/4PqP1/P4P2/5RK1 w - - 0 27,c5e7 f3g3 f2g3 f6f1 g1h2 f8f2 h2h3 f1h1,1560,74,98,2150,discoveredAttack endgame master mate mateIn4 sacrifice veryLong,https://lichess.org/v3BwNrBW#53,,True,2,https://lichess.org/training/uVNPJ
JLSrH,4kn1R/pp6/2p1p3/3p4/3P2P1/2N5/P1q5/5RK1 b - - 1 29,c2c3 h8f8 e8d7 f1f7 d7d6 f8d8,1561,77,97,27089,endgame exposedKing long mate mateIn3,https://lichess.org/djypJ6Ea/black#58,,True,2,https://lichess.org/training/JLSrH
ZviZp,6r1/p4p2/2B2k2/5p2/2pPp3/7r/PP6/2R1R1K1 w - - 2 33,g1f1 h3f3 f1e2 g8g2 e2d1 f3d3,1565,77,95,581,endgame exposedKing long mate mateIn3,https://lichess.org/ONdJWHmh#65,,True,2,https://lichess.org/training/ZviZp
fxU5M,5rk1/p4p1p/2p1p1p1/4P3/3P2QP/2P2R2/3qr1P1/5RK1 b - - 2 26,h7h5 g4g6 f7g6 f3f8 g8h7 f1f7 h7h6 f8h8,1565,103,83,28,endgame mate mateIn4 sacrifice veryLong,https://lichess.org/rynNWufi/black#52,,True,2,https://lichess.org/training/fxU5M
NQpGp,5N2/R7/7P/8/5Pk1/p7/1r4r1/K6R w - - 3 54,h6h7 b2a2 a1b1 g2b2 b1c1 a2a1,1566,76,93,2671,endgame exposedKing long master mate mateIn3,https://lichess.org/5knbXRWy#107,,True,2,https://lichess.org/training/NQpGp
65QC5,r4rk1/1p3ppp/2p1p3/2Q5/3P2q1/2P1PR2/PP4P1/5RK1 b - - 3 22,a8a2 c5f8 g8f8 f3f7 f8e8 f7f8 e8d7 f1f7 d7d6 f8d8,1567,76,96,14615,attraction endgame mate mateIn5 sacrifice veryLong,https://lichess.org/D9Q08HFo/black#44,,True,2,https://lichess.org/training/65QC5
kr3y3,2b2rk1/5p2/p1p2RQ1/3pr2p/3q3P/1PN3P1/P6K/5R2 b - - 0 28,f7g6 f6f8 g8h7 f1f7 h7h6 f8h8,1567,78,97,20268,exposedKing fork long mate mateIn3 middlegame,https://lichess.org/lZqaIpwZ/black#56,,True,2,https://lichess.org/training/kr3y3
mpUeF,6k1/3n1p1p/2p2p2/R6K/P2P4/2R4P/2p2rP1/2r5 b - - 1 34,c1f1 a5a8 d7f8 c3g3 g8h8 a8f8,1568,76,94,1009,deflection endgame long mate mateIn3,https://lichess.org/ShMJqAu3/black#68,,True,2,https://lichess.org/training/mpUeF
HTeC5,r2r4/2k2p1p/p2np1p1/8/2NR4/2P3P1/P6P/3R3K b - - 3 34,d6c4 d4c4 c7b6 d1b1 b6a5 c4c5 a5a4 b1b4 a4a3 c5a5,1568,76,86,486,endgame exposedKing mate mateIn5 veryLong,https://lichess.org/cxYccUXa/black#68,,True,4,https://lichess.org/training/HTeC5
bPiHq,5r2/5pk1/3p1Qp1/2p2R1p/2P1q2P/1r6/5RPK/8 b - - 12 39,g7g8 f6g6 f7g6 f5f8 g8h7 f2f7 h7h6 f8h8,1569,77,94,19091,discoveredAttack endgame mate mateIn4 sacrifice veryLong,https://lichess.org/G4Deod0d/black#78,,True,2,https://lichess.org/training/bPiHq
KP6PD,1r4k1/5ppp/p2Np3/q1r1P3/8/2p1R1P1/P1P4P/K1QR4 w - - 6 27,d6e4 a5a2 a1a2 c5a5 c1a3 b8b2 a2a1 a5a3,1569,75,100,1216,attraction mate mateIn4 middlegame pin sacrifice veryLong,https://lichess.org/mWxxcDSF#53,,True,2,https://lichess.org/training/KP6PD
7bucn,2kr4/pp1Q1R2/2pP4/2q5/8/1P4PP/P2r2BK/4R3 b - - 0 32,d8d7 e1e8 d7d8 f7c7 c8b8 e8d8,1570,74,71,110,deflection endgame long mate mateIn3 pin,https://lichess.org/NyK0KbBa/black#64,,True,2,https://lichess.org/training/7bucn
pLrga,8/1pR2Rp1/p1k1pr2/8/2P5/5P1r/P4K2/8 b - - 0 36,c6d6 f7d7 d6e5 c7c5 e5f4 d7d4,1570,75,90,1492,endgame long mate mateIn3 rookEndgame,https://lichess.org/vr0C5RiY/black#72,,True,2,https://lichess.org/training/pLrga
G168N,6k1/p5p1/1p1ppr1p/5pr1/2PP1n2/1P2RP2/P4PBq/4Q1RK w - - 0 31,h1h2 g5h5 h2g3 f6g6 g3f4 h5h4,1570,76,95,23801,exposedKing long mate mateIn3 middlegame sacrifice,https://lichess.org/U4p5t4Cn#61,,True,2,https://lichess.org/training/G168N
Qloz2,7k/1R4R1/5p1p/4rP2/8/4r1P1/5KP1/5b2 w - - 1 42,f2f1 e5f5 f1g1 e3e1 g1h2 f5h5,1570,75,95,20433,endgame long mate mateIn3 rookEndgame,https://lichess.org/LmKg2YWh#83,,True,2,https://lichess.org/training/Qloz2
eDGIp,r4r1k/1p3p1p/3p1P2/2p3RQ/p3P3/4q2P/2P5/1K4R1 b - - 1 28,a4a3 h5h7 h8h7 g5h5 e3h6 g1g7 h7h8 h5h6,1571,76,88,131,attraction clearance endgame mate mateIn4 pin sacrifice veryLong,https://lichess.org/ferGLoK6/black#56,,True,2,https://lichess.org/training/eDGIp
gw4Vb,2r2r1k/1p2p2p/4Q1p1/p7/Pn1P2P1/4P3/1PPRB2P/2K2q2 w - - 0 26,e2f1 f8f1 d2d1 c8c2 c1b1 f1d1,1573,76,94,876,deflection endgame long mate mateIn3 queensideAttack,https://lichess.org/Au2dyIbU#51,,True,2,https://lichess.org/training/gw4Vb
LOqNS,1k1r4/1RR4p/P6r/3p4/2p5/2P5/6P1/6K1 b - - 14 35,b8a8 b7a7 a8b8 c7b7 b8c8 a7a8,1575,75,95,6261,endgame exposedKing long mate mateIn3 rookEndgame,https://lichess.org/1AyhQtrZ/black#70,,True,2,https://lichess.org/training/LOqNS
TZXfu,5r1k/7b/3p3Q/2pBn3/4P3/1N4P1/P4r2/7K w - - 1 41,h6d6 f2f1 h1h2 f8f2 h2h3 f1h1,1575,85,85,36,exposedKing long mate mateIn3 middlegame,https://lichess.org/x2FaFl12#81,,True,2,https://lichess.org/training/TZXfu
THVbt,5rk1/1p2K1p1/1prN3p/5p2/5P2/P2Rp1B1/1P4PP/8 w - - 2 37,d3e3 c6c7 e7e6 f8f6 e6d5 c7c5 d5d4 f6d6,1575,76,98,4556,deflection endgame mate mateIn4 veryLong,https://lichess.org/F2dBHgsH#73,,True,3,https://lichess.org/training/THVbt
9XZBo,2k5/2p4p/p5p1/2p2p2/2P1K1P1/1Pr2r1P/P5B1/R6R w - - 0 30,g4f5 c3e3 e4d5 f3f5 d5c6 e3e6,1575,75,96,1583,deflection endgame long mate mateIn3,https://lichess.org/Uov4RzcM#59,,True,2,https://lichess.org/training/9XZBo
IEMfY,r7/P4R2/3k1p2/2p2r2/2B5/1P6/2P5/6RK w - - 1 45,g1e1 a8h8 h1g1 h8g8 f7g7 g8g7 g1h2 f5h5,1576,79,92,3719,endgame exposedKing mate mateIn4 veryLong,https://lichess.org/qscPY8os#89,,True,2,https://lichess.org/training/IEMfY
T9EK5,2r3k1/pp3p2/4p1pB/3nP3/3P3P/P4RQ1/2r1q3/5RK1 b - - 6 30,c8c3 g3g6 f7g6 f3f8 g8h7 f1f7 h7h6 f8h8,1577,77,98,3710,master mate mateIn4 middlegame sacrifice veryLong,https://lichess.org/9p9UJuDS/black#60,,True,2,https://lichess.org/training/T9EK5
9PpvB,8/7R/7R/3p1p2/3PrK1P/1PP3Pk/1P2r3/8 w - - 9 37,f4f5 e2f2 f5g6 e4g4 g6h5 f2f5,1578,75,99,1689,endgame long mate mateIn3 rookEndgame,https://lichess.org/fkscD9iq#73,,True,2,https://lichess.org/training/9PpvB
gFk0h,5rk1/2b5/2pp1ppQ/p3nq2/2P2P2/PP4P1/4R1P1/4R1K1 b - - 0 29,e5g4 h6f8 g8f8 e2e8 f8g7 e1e7 g7h6 e8h8,1579,91,84,66,attraction exposedKing fork mate mateIn4 middlegame sacrifice veryLong,https://lichess.org/XcBGsb2c/black#58,,True,2,https://lichess.org/training/gFk0h
iCkbA,7k/R5R1/7P/8/6PK/8/pr6/6r1 b - - 4 43,a2a1q g7h7 h8g8 a7g7 g8f8 h7h8,1579,75,90,1084,endgame exposedKing long mate mateIn3 queenRookEndgame,https://lichess.org/QkXqPL3R/black#86,,True,2,https://lichess.org/training/iCkbA
MNCYV,2r5/5pkR/p2p4/1p4p1/1n1PPp2/1Br2P2/P2K4/7R b - - 1 39,g7f6 h1h6 f6e7 h7f7 e7e8 h6h8,1580,76,94,2194,endgame long mate mateIn3,https://lichess.org/ZTwZbimW/black#78,,True,2,https://lichess.org/training/MNCYV
CbPrz,8/2PQ3p/6p1/5p2/8/7k/2r3r1/7K w - - 0 49,c7c8q g2h2 h1g1 c2g2 g1f1 h2h1,1580,74,89,176,endgame exposedKing long mate mateIn3,https://lichess.org/M4ZWnHWN#97,,True,2,https://lichess.org/training/CbPrz
HkzxZ,7r/r3knR1/4N1R1/3p4/1p3P2/4P3/1PP5/2K5 w - - 1 38,e6g5 a7a1 c1d2 h8h2 d2d3 a1d1,1580,75,98,383,endgame long mate mateIn3,https://lichess.org/P3NxUJ4o#75,,True,2,https://lichess.org/training/HkzxZ
YVDAd,8/1P4k1/7p/1P1pn1p1/4p1P1/4P3/1r4r1/R1R2N1K b - - 0 33,e5f3 c1c7 g7f6 a1a6 f6e5 c7e7,1580,76,93,16314,endgame long master mate mateIn3,https://lichess.org/tg632jGW/black#66,,True,2,https://lichess.org/training/YVDAd
odsHt,8/1R6/6pp/pp3k2/8/5P2/P3R1KP/q7 b - - 1 36,a1d1 b7f7 f5g5 e2e5 g5h4 f7f4,1581,74,93,250,endgame long mate mateIn3 queenRookEndgame,https://lichess.org/ZRIvpozp/black#72,,True,2,https://lichess.org/training/odsHt
Uhrrd,1k6/5p2/pp4b1/1p1P2p1/1P6/1B2R1P1/1KP3rr/5R2 b - - 0 38,g6c2 e3e8 b8c7 f1f7 c7d6 e8e6,1582,75,97,11170,endgame exposedKing long mate mateIn3,https://lichess.org/feXpuq5u/black#76,,True,2,https://lichess.org/training/Uhrrd
m4Tof,8/3Q4/2p5/1pPp2k1/1P1Pp3/3rP3/7P/r3N2K w - - 20 46,d7c6 a1e1 h1g2 d3d2 g2h3 e1e3,1583,79,95,18166,endgame hangingPiece long mate mateIn3,https://lichess.org/CVHS7JX5#91,,True,2,https://lichess.org/training/m4Tof
qmzzn,8/pbk1Rp2/1p3P2/2p3r1/6r1/P2P4/1P2R1B1/6K1 b - - 7 40,c7c8 e7e8 c8c7 e2e7 c7d6 e8d8,1583,77,100,57,endgame exposedKing long mate mateIn3,https://lichess.org/shXbb2jL/black#80,,True,2,https://lichess.org/training/qmzzn
1Z6CH,r2q3k/1pR1N3/p2p3R/4n1p1/6P1/6B1/PPPr4/1K6 b - - 0 35,h8g7 e7f5 g7g8 c7g7 g8f8 h6h8,1583,75,89,651,doubleCheck exposedKing long mate mateIn3 middlegame,https://lichess.org/qy6GAKtU/black#70,,True,2,https://lichess.org/training/1Z6CH
TP3f2,8/1p3p1p/p1b2p1k/8/r4PR1/8/3R1K1P/8 b - - 9 41,f6f5 d2d6 f7f6 d6f6 h6h5 g4g5 h5h4 f6h6,1584,79,94,2059,endgame exposedKing mate mateIn4 veryLong,https://lichess.org/FUSyxtLM/black#82,,True,2,https://lichess.org/training/TP3f2
DHchp,5R2/8/4r1p1/3r3p/4p1kP/8/3pKP2/6R1 b - - 3 50,g4h4 f8f4 h4h3 g1g3 h3h2 f4h4,1585,76,92,264,endgame long master mate mateIn3 rookEndgame,https://lichess.org/TEp8CeY8/black#100,,True,2,https://lichess.org/training/DHchp
ZqEy1,4k3/1p3p1p/2bb2r1/1p2r3/3N4/2B5/PPP4P/R4K1R w - - 4 20,d4c6 g6f6 f1g2 e5g5 g2h3 f6h6,1585,75,93,6093,exposedKing long mate mateIn3 middlegame,https://lichess.org/KMzbOC82#39,,True,2,https://lichess.org/training/ZqEy1
d4F47,8/2p2ppp/2B2k2/1P6/1p6/1r1r2P1/1K3P1P/1R5R w - - 0 28,b2c2 b3c3 c2b2 d3d2 b2a1 c3a3,1586,76,90,79,endgame exposedKing long mate mateIn3,https://lichess.org/K1Im86k8#55,,True,2,https://lichess.org/training/d4F47
0tkbi,r6r/1p4pp/p5b1/1B2R3/P1Nn4/2RP4/kP3PPP/6K1 b - - 0 25,a6b5 c3a3 a2b1 e5e1 b1c2 a3c3,1587,79,64,90,long mate mateIn3 middlegame,https://lichess.org/EtyayC54/black#50,,True,2,https://lichess.org/training/0tkbi
ex3dC,8/P6k/6p1/7q/1P2Q3/2P2p1P/3r1rP1/R6K w - - 0 41,a7a8q h5h3 g2h3 f2h2 h1g1 d2g2 g1f1 h2h1,1587,89,85,73,endgame master mate mateIn4 sacrifice veryLong,https://lichess.org/IikN8YBi#81,,True,2,https://lichess.org/training/ex3dC
GwFzT,8/4P3/1k6/4R3/5Pp1/4P1Pp/r5r1/3R2K1 w - - 1 43,g1h1 g2h2 h1g1 a2g2 g1f1 h2h1,1587,81,81,34,endgame exposedKing long mate mateIn3 rookEndgame,https://lichess.org/91kLSJPv#85,,True,2,https://lichess.org/training/GwFzT
Qcsc3,2rk3r/8/p3Q3/3p1p1B/P2PnN2/4n2P/7K/R7 w - - 1 44,f4d5 c8c2 h5e2 c2e2 h2g1 e2g2 g1h1 h8h3,1589,74,91,1020,mate mateIn4 middlegame veryLong,https://lichess.org/xKhB8R9r#87,,True,2,https://lichess.org/training/Qcsc3
872ZT,2b3k1/7R/p3p1p1/1p6/3p1PP1/8/PP4q1/2K4R b - - 4 30,c8b7 h7h8 g8f7 h1h7 f7f6 h8f8,1589,78,97,19271,endgame exposedKing long mate mateIn3,https://lichess.org/VRHMxaMv/black#60,,True,2,https://lichess.org/training/872ZT
ak73P,r1b2rk1/4RB1p/2p2Pp1/1p6/p2R4/8/P1P3PP/7K b - - 0 30,f8f7 d4d8 f7f8 e7g7 g8h8 d8f8,1590,75,85,1242,deflection endgame long mate mateIn3 pin,https://lichess.org/C7QRm34S/black#60,,True,2,https://lichess.org/training/ak73P
KrWCR,6k1/1p4pp/p1p3r1/2Rp4/3Pr2q/P3PpP1/1P3P1K/4RQ2 w - - 0 27,g3h4 e4h4 f1h3 g6g2 h2h1 h4h3,1590,75,96,30620,endgame exposedKing long mate mateIn3 pin queenRookEndgame,https://lichess.org/mHd3P28a#53,,True,2,https://lichess.org/training/KrWCR
7Ln0D,8/5kP1/pp6/2p4K/P1P4P/2B5/1P3rr1/5R2 w - - 10 47,f1d1 f2f5 h5h6 g2g6 h6h7 f5h5,1590,108,72,34,endgame long master mate mateIn3,https://lichess.org/7tucJ5Ui#93,,True,2,https://lichess.org/training/7Ln0D
EvDqL,5rk1/1r3p2/2p1p1p1/2p5/2pP1R1P/1P3RQ1/qNK5/8 b - - 1 34,b7b3 g3g6 f7g6 f4f8 g8h7 f3f7 h7h6 f8h8,1590,75,100,1233,mate mateIn4 middlegame sacrifice veryLong,https://lichess.org/Fsy6ZHeU/black#68,,True,2,https://lichess.org/training/EvDqL
AjLlm,2r4r/1K1k2pp/1p1N4/b7/p7/2P2P2/PP4PP/R3R3 b - - 0 25,d7d6 a1d1 d6c5 e1e5 c5c4 d1d4,1591,76,87,398,endgame exposedKing long mate mateIn3,https://lichess.org/MULWGh5H/black#50,,True,2,https://lichess.org/training/AjLlm
EMUFK,5rk1/pp3p2/4pQp1/3qP2p/r6P/5R2/6P1/5RK1 b - - 0 33,a4e4 f6g6 f7g6 f3f8 g8h7 f1f7 h7h6 f8h8,1591,76,96,29156,discoveredAttack endgame mate mateIn4 sacrifice veryLong,https://lichess.org/JIrWdTNG/black#66,,True,2,https://lichess.org/training/EMUFK
k8JJ7,8/8/1p4R1/1r3p1p/2pR3P/P1P2kP1/1r6/3K4 w - - 0 50,d4c4 b2b1 d1d2 b5b2 d2d3 b1d1,1593,76,91,1616,endgame exposedKing long mate mateIn3 rookEndgame,https://lichess.org/OT2gm5TA#99,,True,2,https://lichess.org/training/k8JJ7
CDYcI,2r4k/3R4/2p2PR1/3p4/1Pb4r/2n5/8/6K1 b - - 0 39,h4f4 g6h6 h8g8 d7g7 g8f8 h6h8,1593,76,94,977,endgame exposedKing long mate mateIn3,https://lichess.org/qnZThlqp/black#78,,True,2,https://lichess.org/training/CDYcI
d7URQ,2R1Rn2/p4pk1/1b1rpp2/p6p/7P/1P3PP1/P3P3/5K2 b - - 4 38,f8d7 e8g8 g7h7 g8h8 h7g6 c8g8 g6f5 h8h5,1595,76,92,205,deflection endgame mate mateIn4 veryLong,https://lichess.org/ZQs9IDw3/black#76,,True,2,https://lichess.org/training/d7URQ
qUnz2,1r3r1k/7p/8/3Q1p2/3Pp1p1/R2nP1P1/5P1P/6K1 w - - 0 35,a3a7 b8b1 g1g2 d3e1 g2f1 e1f3 f1e2 b1e1,1595,75,89,971,discoveredAttack endgame hookMate mate mateIn4 veryLong,https://lichess.org/YS9bUxWJ#69,,True,2,https://lichess.org/training/qUnz2
Rhjop,5rk1/1pp1pp2/6p1/p1Pq1R1p/7P/6Q1/P2r2P1/5R1K b - - 2 32,d5d3 g3g6 f7g6 f5f8 g8h7 f1f7 h7h6 f8h8,1595,74,91,405,endgame mate mateIn4 sacrifice veryLong,https://lichess.org/wtZkiLNk/black#64,,True,2,https://lichess.org/training/Rhjop
kOKlI,8/p3p3/5b2/k1p2Kp1/2P1Rp2/1R6/P7/2r5 b - - 7 42,a5a6 e4e6 a6a5 b3b5 a5a4 e6a6,1595,78,93,932,endgame exposedKing long mate mateIn3,https://lichess.org/29ecZKkg/black#84,,True,2,https://lichess.org/training/kOKlI
Piey3,2r4r/2p4p/1p2k3/pP6/P7/8/3R4/3R3K b - - 11 42,c8f8 d1e1 e6f7 d2f2 f7g6 e1g1 g6h6 f2h2,1595,77,96,13870,endgame exposedKing mate mateIn4 rookEndgame veryLong,https://lichess.org/kd1btwHA/black#84,,True,3,https://lichess.org/training/Piey3
yodDi,3r1k2/7R/4p3/1p2N1R1/1p6/2b1P1P1/r1K1BPP1/8 w - - 4 28,c2b1 a2a1 b1c2 d8d2 c2b3 a1b1,1595,76,97,5216,exposedKing fork long master masterVsMaster mate mateIn3 middlegame,https://lichess.org/v6SlENRh#55,,True,2,https://lichess.org/training/yodDi
w2yyi,1r6/p3ppkp/2pp1np1/8/1r1PP1PP/2pB1P2/q3N3/K1QR3R w - - 0 23,a1a2 b4a4 c1a3 b8b2 a2a1 a4a3,1597,75,95,3713,clearance exposedKing long mate mateIn3 middlegame pin,https://lichess.org/jE1oyXWY#45,,True,2,https://lichess.org/training/w2yyi
xVif2,3r1r2/1p2p1R1/p2p4/1PpP1p1k/P2n1P2/3K3P/8/6R1 b - - 1 35,f8f6 g7h7 f6h6 g1g5 h5h4 h7h6,1598,76,97,10768,deflection endgame long mate mateIn3,https://lichess.org/JWBkjbse/black#70,,True,2,https://lichess.org/training/xVif2
VthVJ,8/p1p2p2/1p1prp2/4r2k/1R3R1p/2P4P/P1P2PPK/8 b - - 5 26,e5e2 f4h4 h5g6 b4g4 g6f5 h4h5,1598,75,97,19944,endgame long mate mateIn3 rookEndgame,https://lichess.org/BJ9YDVD4/black#52,,True,2,https://lichess.org/training/VthVJ
x5UDI,6k1/5ppp/P3p3/3r4/5b2/3B1PrP/1PPp4/R4R1K w - - 1 29,a6a7 g3h3 h1g1 d5g5 g1f2 h3h2,1599,74,98,1643,endgame exposedKing long mate mateIn3,https://lichess.org/sZsfi4He#57,,True,2,https://lichess.org/training/x5UDI
OCdtM,8/1ppk4/p7/2p2p2/2PP1Rb1/2K1R1Pr/PP4r1/8 b - - 0 29,c5d4 f4d4 d7c6 e3e6 c6c5 d4d5,1599,80,77,43,endgame long mate mateIn3,https://lichess.org/MI2jLrnu/black#58,,True,2,https://lichess.org/training/OCdtM
3F1j7,1k6/2pp3p/2b5/2Q2p2/5PP1/1P4KP/P2P1R2/R1B1r2r w - - 3 31,c5d4 e1g1 f2g2 g1g2 g3h4 g2g4 h4h5 h1h3,1599,77,84,365,deflection mate mateIn4 middlegame pin veryLong,https://lichess.org/TPX0aZut#61,,True,2,https://lichess.org/training/3F1j7
uICzN,1k2rn2/ppp4K/6r1/8/2P4B/P6B/5P1P/4R2R w - - 1 31,h7h8 f8e6 h8h7 g6g7 h7h6 e8h8,1599,76,84,982,discoveredAttack long master mate mateIn3 middlegame,https://lichess.org/WBDvn8vQ#61,,True,2,https://lichess.org/training/uICzN
PDGXG,4k3/p1R4p/3N4/q1pP4/n1b5/P3PP2/3R3P/2K5 b - - 0 32,e8f8 c7f7 f8g8 d2g2 g8h8 f7f8,1599,75,91,262,endgame exposedKing long mate mateIn3,https://lichess.org/oyIE3E9r/black#64,,True,2,https://lichess.org/training/PDGXG
R63Uy,1k3r2/1RR5/P7/3p4/3P4/5r1p/4K3/8 b - - 2 58,b8a8 b7a7 a8b8 c7b7 b8c8 a7a8,1599,76,86,212,endgame exposedKing long mate mateIn3 rookEndgame,https://lichess.org/Uj0zwSS7/black#116,,True,2,https://lichess.org/training/R63Uy
9P1rn,4rrk1/p4p2/1p4p1/5R1p/5R1P/2P3Q1/6PK/1q6 b - - 0 32,e8e1 g3g6 f7g6 f5f8 g8h7 f4f7 h7h6 f8h8,1599,77,93,318,endgame mate mateIn4 sacrifice veryLong,https://lichess.org/4K4JZSJu/black#64,,True,2,https://lichess.org/training/9P1rn
UV7qa,2k1r3/p1p2p2/8/2RP1p2/1R6/1P2rPP1/P4K2/8 w - - 2 31,d5d6 e3e2 f2g1 e2e1 g1h2 e8e2 h2h3 e1h1,1600,75,99,335,endgame mate mateIn4 rookEndgame veryLong,https://lichess.org/Z0A3o5F0#61,,True,2,https://lichess.org/training/UV7qa
c2nP4,4rr2/1b5k/2p3p1/2p5/4pNR1/1P1P4/2P3K1/5R2 b - - 1 39,e4d3 f1h1 h7g8 g4g6 g8f7 h1h7,1602,76,82,125,deflection endgame long master mate mateIn3,https://lichess.org/ypOTHRfs/black#78,,True,2,https://lichess.org/training/c2nP4
nRrTN,3r2k1/4R2p/6p1/2Q1KbP1/5P2/8/P1P4r/8 w - - 1 39,c5c7 h2e2 e5f6 d8f8 e7f7 e2e6,1602,75,96,7945,endgame long mate mateIn3,https://lichess.org/3UwwWMiM#77,,True,2,https://lichess.org/training/nRrTN
bZTz7,8/1Rk5/8/P2pr3/6r1/4pp2/2P3P1/1R4K1 b - - 3 36,c7c6 b1b6 c6c5 b7c7 c5d4 b6b4,1603,76,85,533,endgame long mate mateIn3 rookEndgame,https://lichess.org/DPGFgjh2/black#72,,True,2,https://lichess.org/training/bZTz7
93zBp,1k1r4/6R1/pp6/8/1PK1P3/7r/5R2/8 w - - 0 47,f2f7 b6b5 c4c5 h3c3 c5b6 d8d6 b6a5 c3a3,1603,75,98,7979,endgame mate mateIn4 rookEndgame veryLong,https://lichess.org/pSo6A4Js#93,,True,2,https://lichess.org/training/93zBp
jdd3X,1k6/RP6/8/2Pp4/3P4/2P4p/2r3r1/R6K w - - 1 36,c5c6 g2h2 h1g1 c2g2 g1f1 h2h1,1605,75,99,2838,endgame exposedKing long mate mateIn3 rookEndgame,https://lichess.org/767S3HVp#71,,True,2,https://lichess.org/training/jdd3X
b5deQ,2k5/ppp2p2/7p/5P1P/8/2Pp1N2/PP1Rrr2/2K4R w - - 6 26,h1h3 f2f1 d2d1 e2c2 c1b1 f1d1,1605,74,87,144,deflection endgame long mate mateIn3 pin queensideAttack,https://lichess.org/vqF7PCmU#51,,True,2,https://lichess.org/training/b5deQ
Kqssi,4r2k/6R1/3p1P2/2p5/ppP5/8/PP5r/1K4R1 b - - 0 36,e8e2 g7g8 h8h7 g1g7 h7h6 g8h8,1606,75,75,182,endgame exposedKing long mate mateIn3 rookEndgame,https://lichess.org/6Fr0kT9o/black#72,,True,2,https://lichess.org/training/Kqssi
6FHa6,1r3q2/5p1k/4pPp1/p2pR2Q/2pP3P/2P2P2/Pr4R1/6K1 b - - 0 34,g6h5 e5h5 f8h6 g2g7 h7h8 h5h6,1606,75,90,1107,endgame exposedKing long mate mateIn3 pin queenRookEndgame,https://lichess.org/5Pz1PaGg/black#68,,True,2,https://lichess.org/training/6FHa6
pLXIz,1r6/1r4p1/ppR3R1/4k3/6P1/1P3K2/8/8 b - - 2 36,a6a5 g6g5 e5d4 c6c4 d4d3 g5d5,1607,75,97,9022,endgame long mate mateIn3 rookEndgame,https://lichess.org/HdcQgqqO/black#72,,True,2,https://lichess.org/training/pLXIz
6qRbi,1Q6/P3r3/8/6pp/2B5/7k/3r1K2/8 w - - 3 48,f2g1 e7e1 c4f1 d2g2 g1h1 e1f1,1607,75,92,2231,deflection endgame exposedKing long master mate mateIn3 pin,https://lichess.org/SAHMhszJ#95,,True,2,https://lichess.org/training/6qRbi
PlabO,6r1/k1q2p2/Q1p1pp2/2Pp2r1/3P3p/1R4P1/P1P2P1P/1R4K1 b - - 0 24,a7a6 b3a3 c7a5 b1b6 a6a7 a3a5,1607,74,96,23759,clearance endgame exposedKing long mate mateIn3 pin queenRookEndgame,https://lichess.org/S27q1k15/black#48,,True,2,https://lichess.org/training/PlabO
Erobq,4Q3/2p2r2/1pP3pk/pP3r1p/P2p3P/5qP1/4RP2/5RK1 w - - 6 38,e2e6 f3g3 f2g3 f5f1 g1h2 f7f2 h2h3 f1h1,1607,75,96,21994,discoveredAttack endgame kingsideAttack mate mateIn4 sacrifice veryLong,https://lichess.org/F6k6dW7o#75,,True,2,https://lichess.org/training/Erobq
LGBdt,2kr1b1r/1p3R1p/p1bPR1p1/2B5/2P5/8/P5PP/6K1 b - - 3 24,d8d7 e6e8 d7d8 f7c7 c8b8 e8d8,1608,77,94,6598,deflection long mate mateIn3 middlegame queensideAttack,https://lichess.org/6LnMQpBL/black#48,,True,2,https://lichess.org/training/LGBdt
1WgWV,8/R5R1/4K1p1/P5k1/4r3/r7/5P2/8 w - - 1 37,e6f7 a3f3 f7g8 e4e8 g8h7 f3h3,1608,74,99,3224,endgame long mate mateIn3 rookEndgame,https://lichess.org/ApPhuA6g#73,,True,2,https://lichess.org/training/1WgWV
aCy7U,6rk/7p/R1p4r/3p3q/1P1P1pP1/5P1K/5Q2/R7 w - - 0 43,g4h5 h6h5 f2h4 g8g3 h3h2 h5h4,1608,75,84,377,endgame exposedKing long mate mateIn3 pin queenRookEndgame,https://lichess.org/SeuYX2mh#85,,True,2,https://lichess.org/training/aCy7U
kDkRi,4Q3/p4r1k/3p1r1p/2pP3p/2P1b1qP/4R1P1/P4P2/5RK1 w - - 0 32,e3e4 g4g3 f2g3 f6f1 g1h2 f7f2 h2h3 f1h1,1609,75,92,334,endgame mate mateIn4 sacrifice veryLong,https://lichess.org/KHg7ndhw#63,,True,2,https://lichess.org/training/kDkRi
wPDey,8/2p5/6k1/2P5/1B3R2/P5Pp/r3r2P/6RK w - - 8 41,g1e1 e2h2 h1g1 a2g2 g1f1 h2h1,1610,76,84,240,endgame long mate mateIn3,https://lichess.org/7C3Hoasb#81,,True,2,https://lichess.org/training/wPDey
ySjAP,5r1k/R5Rp/6b1/8/2B3K1/1P6/8/7r w - - 2 41,g4g5 f8f5 g5g4 h1g1 g4h4 f5h5,1610,77,97,21215,endgame long mate mateIn3,https://lichess.org/8sKjCN0W#81,,True,2,https://lichess.org/training/ySjAP
Wm4hD,8/1p4r1/pnp1R3/6k1/P5B1/1P5P/3r4/5RK1 b - - 0 44,b6d5 f1f5 g5h4 e6h6 h4g3 f5f3,1611,318,100,13,endgame long mate mateIn3,https://lichess.org/VSW6Oi3u/black#88,,True,2,https://lichess.org/training/Wm4hD
5AQYe,3r2k1/1R6/4p2p/P3r3/1P6/5p1P/2R2P2/5K2 w - - 0 38,f1g1 e5g5 g1h1 d8d1 h1h2 g5g2,1611,75,94,3027,endgame long mate mateIn3 rookEndgame,https://lichess.org/tdi9VLGC#75,,True,2,https://lichess.org/training/5AQYe
XEwTD,2r2rk1/5p2/p3pQp1/1p2P2p/5R1P/1P6/P2q2P1/5R1K b - - 3 28,c8c2 f6g6 f7g6 f4f8 g8h7 f1f7 h7h6 f8h8,1612,79,94,5199,discoveredAttack endgame mate mateIn4 sacrifice veryLong,https://lichess.org/HJGg2EkF/black#56,,True,2,https://lichess.org/training/XEwTD
QIFPG,5rk1/p4p1p/1p4p1/3P4/2P2RQP/8/3qr1P1/5RK1 b - - 0 24,h7h5 g4g6 f7g6 f4f8 g8h7 f1f7 h7h6 f8h8,1613,76,96,26090,endgame mate mateIn4 sacrifice veryLong,https://lichess.org/1nsRdxYF/black#48,,True,2,https://lichess.org/training/QIFPG
hYp4N,4r2k/5Bp1/5r1p/2B4n/PP5P/3P1K1P/5P2/1R3R2 w - - 1 35,f3g4 f6f4 g4h5 e8e5 h5g6 f4f6,1614,122,85,17,fork long mate mateIn3 middlegame sacrifice,https://lichess.org/dK2X3uz8#69,,True,2,https://lichess.org/training/hYp4N
6iXX5,5rk1/1R4pp/1p2R3/p2n1N2/8/7P/1r4P1/7K b - - 0 29,f8f7 e6e8 f7f8 b7g7 g8h8 e8f8,1614,75,100,132,deflection endgame long mate mateIn3 pin,https://lichess.org/5uFlhTQp/black#58,,True,2,https://lichess.org/training/6iXX5
RfMAI,4k3/p2R2p1/P1P2p1p/5N1P/2r2r2/4K3/8/3R4 b - - 6 40,f4f5 d7d8 e8f7 d1d7 f7e6 d8e8,1614,77,72,110,endgame exposedKing long mate mateIn3 rookEndgame,https://lichess.org/4W9aVjWk/black#80,,True,2,https://lichess.org/training/RfMAI
yLMdj,3r4/3Pk3/p1r5/1p4Pp/1P1R1K1P/P2R4/8/8 w - - 3 55,f4f5 d8f8 f5e4 c6e6 e4d5 f8f5,1615,75,99,633,endgame long mate mateIn3 rookEndgame,https://lichess.org/fzM1SNGE#109,,True,2,https://lichess.org/training/yLMdj
HVIOQ,1k3r2/ppp2rQ1/2p5/8/2N1P3/3PP1P1/P1P4p/7K w - - 6 28,g7g4 f7f1 h1h2 f8f2 h2h3 f1h1,1616,76,97,20739,endgame exposedKing long mate mateIn3,https://lichess.org/cQhnoa5X#55,,True,2,https://lichess.org/training/HVIOQ
J8W88,8/p1p2Bp1/3b1p2/5k2/6PR/P1rn3P/1r2R3/6K1 b - - 0 35,f5g5 h4h5 g5f4 h5f5 f4g3 e2e3 g3h4 f5h5,1618,75,94,9192,master mate mateIn4 middlegame veryLong,https://lichess.org/My1hI7HN/black#70,,True,2,https://lichess.org/training/J8W88
mdlrL,2kr4/1pp5/4qp1p/1PP1p1r1/2p4Q/2P2P1b/5RPP/R1B3K1 w - - 1 24,c5c6 d8d1 f2f1 g5g2 g1h1 d1f1,1618,75,96,30459,deflection kingsideAttack long mate mateIn3 middlegame pin,https://lichess.org/7nYIlkgB#47,,True,2,https://lichess.org/training/mdlrL
WEePD,7r/8/p3RN1p/8/3R2pk/8/P1q5/5K2 b - - 3 50,h8f8 d4g4 h4h3 e6e3 h3h2 g4h4,1618,76,94,837,endgame long mate mateIn3,https://lichess.org/tQ1acL0H/black#100,,True,2,https://lichess.org/training/WEePD
bKd0d,3Q4/8/8/7k/P1BR4/1P5p/5rr1/6K1 w - - 2 59,g1h1 g2h2 h1g1 f2g2 g1f1 h2h1,1619,75,46,408,endgame exposedKing long master mate mateIn3,https://lichess.org/xzyFDdlb#117,,True,2,https://lichess.org/training/bKd0d
4n3TZ,5r2/1p3k2/p7/Pq1p4/8/6Rp/8/4R2K b - - 0 36,f8e8 g3f3 f7g8 e1g1 g8h8 f3h3,1620,74,97,4008,endgame exposedKing long mate mateIn3 queenRookEndgame,https://lichess.org/ApECRH5C/black#72,,True,2,https://lichess.org/training/4n3TZ
PrSvf,6rk/p2p1Q2/npbN1P1r/2p5/2P5/P6P/1P4P1/R4R1K w - - 1 32,f1f4 h6h3 h1g1 g8g2 g1f1 h3h1,1620,80,83,50,kingsideAttack long mate mateIn3 middlegame pin,https://lichess.org/0ITW50Tq#63,,True,2,https://lichess.org/training/PrSvf
fuKfB,8/p1p2k2/4r2p/6K1/3r3P/8/PPP5/2R4R w - - 0 27,g5h5 e6e5 h5h6 d4d6 h6h7 e5h5,1621,77,96,23726,endgame long mate mateIn3 rookEndgame,https://lichess.org/IOtf4fjn#53,,True,2,https://lichess.org/training/fuKfB
nq3cq,5rk1/p4p1p/1p4p1/6Q1/7P/5R2/P1r1q1P1/5R1K b - - 0 29,h7h5 g5g6 f7g6 f3f8 g8h7 f1f7 h7h6 f8h8,1621,84,50,35,endgame master mate mateIn4 sacrifice veryLong,https://lichess.org/YqUOrk43/black#58,,True,2,https://lichess.org/training/nq3cq
eznzL,8/2p2R2/2pp3k/p7/5pP1/Pr1r3P/5P2/4R1K1 b - - 0 43,d3h3 e1e6 h6g5 f7g7 g5h4 e6h6,1622,142,81,10,endgame exposedKing long mate mateIn3 rookEndgame,https://lichess.org/7eMQgYmj/black#86,,True,2,https://lichess.org/training/eznzL
HDIxG,8/pp4pp/3Q1bk1/2B2p2/2P5/1P4P1/1rr5/1K1R3R w - - 6 41,b1a1 b2a2 a1b1 c2b2 b1c1 a2a1,1622,78,96,20239,doubleCheck exposedKing long mate mateIn3 middlegame,https://lichess.org/XGbSxETE#81,,True,2,https://lichess.org/training/HDIxG
hBqwo,r4r2/ppk4p/5pp1/8/8/3R4/P1P3PP/3R3K b - - 1 27,f8f7 d3c3 c7b6 d1b1 b6a5 c3a3,1623,75,97,2704,endgame long mate mateIn3 rookEndgame,https://lichess.org/2Z7bHNnW/black#54,,True,2,https://lichess.org/training/hBqwo
o3uzD,8/R6R/1p1p1p2/1PpPprk1/6r1/8/5P2/5K2 b - - 2 47,g4b4 a7g7 g5f4 h7h4 f4f3 g7g3,1623,77,100,3279,endgame long mate mateIn3 rookEndgame,https://lichess.org/hKf7A02x/black#94,,True,2,https://lichess.org/training/o3uzD
sP0ZA,3r2r1/pp2R2R/1kp3N1/3p1P2/3Pn3/6n1/PPP5/2K5 b - - 18 36,g3f5 e7b7 b6a5 b7a7 a5b5 h7b7 b5c4 a7a4,1623,75,97,1610,deflection mate mateIn4 middlegame veryLong,https://lichess.org/O0GJLXZh/black#72,,True,2,https://lichess.org/training/sP0ZA
tvwqw,5rk1/8/3p1r2/1Q2p2p/2P5/5qP1/5PK1/5R1R w - - 1 36,g2g1 f3g3 f2g3 f6f1 g1h2 f8f2 h2h3 f1h1,1623,77,88,654,deflection discoveredAttack endgame mate mateIn4 sacrifice veryLong,https://lichess.org/w7mMjk9t#71,,True,2,https://lichess.org/training/tvwqw
bQO0W,1r6/2k3p1/4R1p1/1P1R4/8/7r/2PK2n1/8 b - - 1 35,g2f4 e6c6 c7b7 d5d7 b7a8 c6a6,1624,75,100,297,endgame exposedKing long mate mateIn3,https://lichess.org/7u1jyxhA/black#70,,True,2,https://lichess.org/training/bQO0W
rrQEU,r7/7k/p2pN1R1/3P3P/qp6/8/P7/5RK1 b - - 0 33,a4a2 f1f7 h7h8 g6h6 h8g8 f7g7,1625,77,94,3756,endgame exposedKing long mate mateIn3,https://lichess.org/2Us1n3Ta/black#66,,True,2,https://lichess.org/training/rrQEU
EM5dO,8/B6R/1P1p4/3k4/P7/6Pp/5rr1/4R1K1 w - - 2 40,g1h1 g2h2 h1g1 f2g2 g1f1 h2h1,1625,75,89,277,endgame exposedKing long mate mateIn3,https://lichess.org/W8VnWeuC#79,,True,2,https://lichess.org/training/EM5dO
Dmx11,6r1/p1p4k/2B1p3/3pN3/Q2PpP2/2P3r1/PP4K1/R1B5 w - - 0 35,g2f2 g3g2 f2e1 g2g1 e1d2 g8g2 d2e3 g1e1,1627,75,88,396,exposedKing mate mateIn4 middlegame veryLong,https://lichess.org/UgqLTULb#69,,True,2,https://lichess.org/training/Dmx11
UXfzL,r6k/2R3Rp/p1b4P/1p1p4/3P4/8/2p2P1K/8 b - - 0 39,c2c1q g7h7 h8g8 c7g7 g8f8 h7h8,1628,75,82,120,endgame long mate mateIn3,https://lichess.org/RsnYIhUT/black#78,,True,2,https://lichess.org/training/UXfzL
QGrOc,5rk1/p1R2P1p/5Pp1/8/6P1/8/rp5P/4R1K1 b - - 0 35,f8f7 e1e8 f7f8 c7g7 g8h8 e8f8,1629,77,96,30136,deflection endgame long mate mateIn3 pin rookEndgame,https://lichess.org/3bPY6677/black#70,,True,2,https://lichess.org/training/QGrOc
fBLMs,6r1/8/p7/1p2kp1p/7P/3R3K/P1pP2r1/4R3 b - - 1 43,e5f4 d3d4 f4f3 e1e3 f3f2 d4f4 f2g1 e3e1,1629,74,97,19653,endgame mate mateIn4 rookEndgame veryLong,https://lichess.org/gOS8gqmz/black#86,,True,3,https://lichess.org/training/fBLMs
AyMJq,8/p2r1r2/2k5/1R1PRp2/P3p1p1/6P1/5PK1/8 b - - 0 42,c6d6 e5e6 d6c7 e6c6 c7d8 b5b8 d8e7 c6e6,1631,78,95,13352,endgame exposedKing mate mateIn4 rookEndgame veryLong,https://lichess.org/gx9kMfCt/black#84,,True,2,https://lichess.org/training/AyMJq
fsZTO,3R1nkr/5p2/4pPp1/2r1P1P1/p4P2/Pp3n2/1P6/1K1R4 b - - 3 36,h8h2 d8f8 g8h7 f8f7 h7g8 f7g7 g8h8 d1d8,1632,78,94,5372,deflection endgame mate mateIn4 veryLong,https://lichess.org/3yp1tMPk/black#72,,True,2,https://lichess.org/training/fsZTO
WsURa,5rk1/7R/1p5R/2p2pN1/2P1p3/pPb3K1/P1n2rP1/8 b - - 1 37,f8f6 h7h8 g8g7 h6h7 g7g6 h8g8,1633,75,69,140,exposedKing long master mate mateIn3 middlegame,https://lichess.org/BX2V20JJ/black#74,,True,2,https://lichess.org/training/WsURa
HNJwh,r4bk1/7r/p2p1P1Q/4p1R1/3p4/P4R2/q5P1/6K1 b - - 0 38,g8h8 h6h7 h8h7 f3h3 f8h6 g5g7 h7h8 h3h6,1634,74,96,710,attraction deflection exposedKing mate mateIn4 middlegame pin sacrifice veryLong,https://lichess.org/QhFSye5U/black#76,,True,2,https://lichess.org/training/HNJwh
Hm1dn,5r2/1b4p1/1p1b3p/p7/B1R5/1k1P2P1/2n4P/3R2K1 b - - 7 39,b3b2 c4c2 b2a3 d1a1 a3b4 c2c4,1637,74,87,400,long mate mateIn3 middlegame,https://lichess.org/7UlqTQox/black#78,,True,2,https://lichess.org/training/Hm1dn
X8EPk,2r2r2/4ppk1/p3b1pQ/3pP2P/1p4R1/3B4/qPP1N3/2K4R b - - 1 22,g7h6 h5g6 h6g7 h1h7 g7g8 g6f7,1637,77,94,2031,advancedPawn discoveredAttack doubleCheck long mate mateIn3 middlegame,https://lichess.org/8VY5CalV/black#44,,True,2,https://lichess.org/training/X8EPk
uznTi,6k1/p5pp/b3p1r1/2R5/5P2/8/3R1K1P/4r3 b - - 8 31,e1g1 d2d8 g8f7 c5c7 f7f6 d8f8,1637,78,64,55,endgame long mate mateIn3,https://lichess.org/RyTcQ4ui/black#62,,True,2,https://lichess.org/training/uznTi
ykV1H,6k1/1R3p2/5Pp1/8/1P4Kp/2r5/r4P1P/3R4 b - - 2 33,a2f2 d1d8 g8h7 b7f7 h7h6 d8h8,1638,80,90,47,deflection endgame long mate mateIn3 rookEndgame,https://lichess.org/S8iKXYEf/black#66,,True,2,https://lichess.org/training/ykV1H
LrucA,1r6/3k4/R2R3p/1P4p1/5pP1/4r3/6KP/6b1 b - - 3 58,d7c7 a6c6 c7b7 d6d7 b7a8 c6a6,1638,75,95,12740,endgame exposedKing long mate mateIn3,https://lichess.org/sAY1e0K4/black#116,,True,2,https://lichess.org/training/LrucA
Z05TK,r7/p3R1k1/2p1R1pp/1p3pN1/6n1/8/PPPr2PP/7K b - - 13 31,g7f8 e7f7 f8g8 e6g6 g8h8 f7h7,1638,80,96,18728,endgame exposedKing long mate mateIn3,https://lichess.org/Z0HLnDMX/black#62,,True,2,https://lichess.org/training/Z05TK
slXbc,q1r4k/3R2p1/5B1p/8/1p4P1/4PPK1/2p5/7R b - - 0 38,c2c1q h1h6 h8g8 d7g7 g8f8 h6h8,1639,74,94,179,endgame long master mate mateIn3 pin,https://lichess.org/H3K2UX0B/black#76,,True,2,https://lichess.org/training/slXbc
xaScO,7r/5pk1/1p2p3/pPp1P1b1/P1Pp1pP1/3P1N1r/6K1/3R1R2 w - - 0 42,f3g5 h3g3 g2f2 h8h2 f2e1 g3e3,1639,76,94,1245,endgame exposedKing long mate mateIn3,https://lichess.org/1U1sNun1#83,,True,2,https://lichess.org/training/xaScO
dsVkg,r7/4rpk1/8/pp1P3R/2pK3P/P2n1R2/8/8 b - - 2 37,a8d8 f3g3 g7f6 h5h6 f6f5 g3g5 f5f4 h6f6,1639,74,89,647,endgame mate mateIn4 veryLong,https://lichess.org/FjqwZ8hM/black#74,,True,3,https://lichess.org/training/dsVkg
0xJ8J,4R3/2PR4/5p2/5k2/8/7p/2r3r1/7K w - - 0 50,c7c8q g2h2 h1g1 c2g2 g1f1 h2h1,1640,74,92,477,endgame exposedKing long mate mateIn3 queenRookEndgame,https://lichess.org/KuxQti45#99,,True,2,https://lichess.org/training/0xJ8J
lRY9k,3r2r1/pR2R3/k1p5/4B1pp/8/P1K5/b6P/8 b - - 1 26,g8e8 b7a7 a6b6 e7b7 b6c5 a7a5,1641,76,94,248,endgame exposedKing long mate mateIn3,https://lichess.org/SmkEwEek/black#52,,True,2,https://lichess.org/training/lRY9k
Hj4dn,5rk1/3R1B2/3p1Pp1/2b1p2p/1p2P2P/6PK/2r5/R7 b - - 0 31,f8f7 a1a8 f7f8 d7g7 g8h8 a8f8,1641,76,93,3907,deflection endgame exposedKing long mate mateIn3 pin,https://lichess.org/lMZhG3IA/black#62,,True,2,https://lichess.org/training/Hj4dn
ClnL7,8/8/p1rrk1pp/2p5/1p6/1P1R3P/P1P1RKP1/8 b - - 1 36,e6f5 d3f3 f5g5 e2e5 g5h4 f3f4,1641,138,60,11,endgame long mate mateIn3 rookEndgame,https://lichess.org/nWH27liK/black#72,,True,2,https://lichess.org/training/ClnL7
Vbr3m,4r3/6rk/Q7/p2p4/Pp1P4/5p2/1PP2P2/2K5 w - - 1 40,a6a5 g7g1 c1d2 e8e2 d2d3 g1d1,1642,76,67,134,endgame long mate mateIn3 queenRookEndgame,https://lichess.org/PqJCHWlQ#79,,True,2,https://lichess.org/training/Vbr3m
27OYK,6k1/1R4p1/P6p/4PP2/4p3/4P1K1/5rr1/R7 w - - 1 37,g3h4 g2h2 h4g3 f2g2 g3f4 h2h4,1645,79,95,17125,endgame long mate mateIn3 rookEndgame,https://lichess.org/fAsCcj6Z#73,,True,2,https://lichess.org/training/27OYK
T2xwF,r6k/1p4Rp/p1n2r2/4pP2/2Np1n1q/5P2/PPBQ1P1P/6RK w - - 1 25,g7g4 h4h2 h1h2 f6h6 g4h4 h6h4 h2g3 h4h3 g3g4 a8g8,1645,77,90,242,attraction kingsideAttack mate mateIn5 middlegame sacrifice veryLong,https://lichess.org/efBAbpyh#49,,True,2,https://lichess.org/training/T2xwF
KP7qg,2k5/p2nB3/1p3p2/1P1Pp3/2P1r1r1/8/5KP1/2R3R1 w - - 8 36,f2f3 g4f4 f3g3 e4e3 g3h2 f4h4,1647,77,96,8325,endgame exposedKing long mate mateIn3,https://lichess.org/SH999ozg#71,,True,2,https://lichess.org/training/KP7qg
fNscE,8/R2R4/7p/3k1Np1/6K1/2P3P1/5r2/qr6 b - - 5 62,d5e4 d7d4 e4e5 a7e7 e5f6 d4d6,1648,75,95,2521,endgame long mate mateIn3,https://lichess.org/DMJH6KpG/black#124,,True,2,https://lichess.org/training/fNscE
6w6mC,5b1r/2R5/1r1p3p/4pPp1/4k1P1/P7/1PPR3P/6K1 b - - 0 34,b6b2 c7c4 e4f3 d2d3 f3e2 c4e4,1648,75,82,196,endgame long mate mateIn3,https://lichess.org/k2QRmVLm/black#68,,True,2,https://lichess.org/training/6w6mC
Rmzkt,b7/5kR1/p7/3pPp2/2pP1P1r/2q5/7P/3B2RK b - - 2 45,f7f8 g7g8 f8e7 g1g7 e7e6 g8e8,1649,75,99,1690,endgame exposedKing long mate mateIn3,https://lichess.org/YTCDN35d/black#90,,True,2,https://lichess.org/training/Rmzkt
xfIk8,3Q4/7k/6p1/3Q3p/4Pr1K/2P1n3/8/6r1 w - - 3 53,h4h3 f4f3 h3h2 g1g2 h2h1 f3f1,1650,92,89,29,endgame exposedKing long mate mateIn3,https://lichess.org/h3ccSbSg#105,,True,2,https://lichess.org/training/xfIk8
gz4xw,6R1/1p3p1p/p1pR1k2/2P3p1/1r4P1/7P/r7/6K1 b - - 1 40,f6e5 g8e8 e5f4 d6f6 f4g3 e8e3 g3h4 f6h6,1651,76,89,112,endgame mate mateIn4 rookEndgame veryLong,https://lichess.org/XvuFQOYo/black#80,,True,3,https://lichess.org/training/gz4xw
f6wz1,6k1/1r1N1pp1/bp1Q1n1p/p2p4/8/2P5/PPB4q/1K1RR3 b - - 0 31,h2d6 d7f6 g7f6 e1e8 d6f8 d1g1 g8h8 e8f8,1651,87,88,43,clearance mate mateIn4 middlegame pin veryLong,https://lichess.org/2FxoCjE6/black#62,,True,2,https://lichess.org/training/f6wz1
uQX5P,8/3r3p/3rp3/5p2/3P1P2/3RK2k/8/6R1 b - - 1 47,d6a6 e3f2 h3h4 g1h1 h4g4 d3g3 g4f4 h1h4,1651,77,82,72,discoveredAttack endgame mate mateIn4 rookEndgame veryLong,https://lichess.org/kXA9M4Mg/black#94,,True,3,https://lichess.org/training/uQX5P
i9xJ9,4r3/p4p2/1p2rpk1/2p5/7R/PP1P3P/3K4/6R1 b - - 4 30,g6f5 h4h5 f5f4 g1g4 f4f3 h5f5,1652,151,53,8,endgame long mate mateIn3 rookEndgame,https://lichess.org/QpDS0cpO/black#60,,True,2,https://lichess.org/training/i9xJ9
7fOOi,5r1k/3RR1p1/7p/8/8/p4rK1/P1B2P1P/8 w - - 4 34,g3h4 f8f4 h4h5 f3h3 h5g6 f4f6,1653,75,95,7684,endgame long mate mateIn3,https://lichess.org/9KyKRHGy#67,,True,2,https://lichess.org/training/7fOOi
vGdiZ,6r1/4k3/p6R/4R1P1/8/8/r7/5K2 b - - 6 52,e7f7 h6f6 f7g7 e5e7 g7h8 f6h6,1654,78,94,3787,endgame exposedKing long mate mateIn3 rookEndgame,https://lichess.org/mGjlANJC/black#104,,True,2,https://lichess.org/training/vGdiZ
E4nQs,1R3bk1/8/2rp2p1/6P1/8/2PKP3/1p4r1/5R2 b - - 15 48,g2g5 b8f8 g8h7 f1f7 h7h6 f8h8,1655,76,88,168,endgame exposedKing long mate mateIn3,https://lichess.org/6DLhPR8a/black#96,,True,2,https://lichess.org/training/E4nQs
ImfLj,rn3rk1/p4p2/1p2Q1p1/7p/3PNR2/8/P3q1PP/5R1K b - - 0 23,f7e6 f4f8 g8h7 f1f7 h7h6 f8h8,1657,76,95,3940,exposedKing long mate mateIn3 middlegame,https://lichess.org/eG95lDZ3/black#46,,True,2,https://lichess.org/training/ImfLj
253dw,6k1/R1R5/6p1/5nKp/P7/r7/5r1P/8 b - - 1 37,f2g2 g5f6 f5e7 a7a8 g8h7 c7e7 h7h6 a8h8,1658,75,96,1465,endgame exposedKing mate mateIn4 veryLong,https://lichess.org/vw5eXyA1/black#74,,True,2,https://lichess.org/training/253dw
ZFRIZ,4n1k1/4R1b1/1Q5p/5bp1/4N1P1/1P3P2/1rr4P/1K1R4 w - - 2 24,b1a1 b2a2 a1b1 c2b2 b1c1 a2a1,1659,76,100,280,doubleCheck exposedKing long mate mateIn3 middlegame,https://lichess.org/DRbGR3Ft#47,,True,2,https://lichess.org/training/ZFRIZ
oyIlO,7r/1q3kp1/p3p1pr/2R1Pp2/QP6/P3p1P1/5P1P/6KR w - - 0 30,f2e3 b7h1 g1h1 h6h2 h1g1 h2h1 g1g2 h8h2 g2f3 h1f1,1660,77,95,31444,attraction endgame mate mateIn5 sacrifice veryLong,https://lichess.org/kkj9XNDx#59,,True,2,https://lichess.org/training/oyIlO
qoV3Y,2r3rk/1bq2p1p/p4b2/1p2pN2/1P2PP2/P2B1R1Q/2P4K/2R5 b - - 3 28,e5f4 h3h7 h8h7 f3h3 f6h4 h3h4 h7g6 h4h6 g6g5 c1g1,1661,77,85,774,attraction kingsideAttack mate mateIn5 middlegame sacrifice veryLong,https://lichess.org/w8DwbV5w/black#56,,True,2,https://lichess.org/training/qoV3Y
ZCmy8,8/pp1k4/4p2R/3pR3/3P2P1/1KP5/PP3rr1/8 w - - 1 34,e5e6 f2b2 b3a4 b2a2 a4b5 g2b2 b5c5 a2a5,1662,84,81,91,deflection endgame mate mateIn4 rookEndgame veryLong,https://lichess.org/Y43qwUCe#67,,True,2,https://lichess.org/training/ZCmy8
KUPvW,1r6/rP3pp1/2k4p/8/8/7P/3R2K1/1R6 b - - 6 42,a7b7 b1c1 c6b5 d2b2 b5a4 c1a1,1662,78,96,21211,endgame exposedKing long mate mateIn3 rookEndgame,https://lichess.org/4R1BBHZj/black#84,,True,2,https://lichess.org/training/KUPvW
td4X1,4rrk1/6p1/1p6/2b5/p5QP/6P1/8/3R3K w - - 0 35,d1d7 e8e1 h1g2 f8f2 g2h3 e1h1,1662,75,93,2130,endgame exposedKing long mate mateIn3,https://lichess.org/f9VDWu4x#69,,True,2,https://lichess.org/training/td4X1
BeRsg,5q1k/4p3/p2pQ2B/2pP3B/2P4n/8/Pr4r1/R6K w - - 2 31,h6f8 g2h2 h1g1 b2g2 g1f1 h2h1,1663,75,94,1372,exposedKing long mate mateIn3 middlegame,https://lichess.org/wlCXvd3h#61,,True,2,https://lichess.org/training/BeRsg
ZmNLg,8/p2r1k1K/5P1R/2p5/7P/6r1/P7/1R6 w - - 0 48,h4h5 f7f8 f6f7 d7f7 h7h8 g3g8,1664,74,89,184,discoveredAttack endgame long mate mateIn3 rookEndgame,https://lichess.org/nX4sgWXO#95,,True,2,https://lichess.org/training/ZmNLg
ZHxKf,2k5/1p6/1B1p3b/3P1R1K/R1p1r3/2r5/8/8 b - - 4 43,h6d2 a4a8 c8d7 f5f7 e4e7 a8d8,1665,76,95,4841,endgame long mate mateIn3,https://lichess.org/wy4PiM2L/black#86,,True,2,https://lichess.org/training/ZHxKf
LXPRb,r1b1r3/p6k/1p2Pp2/1P1p1P2/2n2P2/B1P3R1/4K2P/R7 b - - 2 27,c8e6 g3h3 h7g8 a1g1 g8f7 h3h7,1666,75,88,573,exposedKing long mate mateIn3 middlegame,https://lichess.org/QD9No3NY/black#54,,True,2,https://lichess.org/training/LXPRb
4rcoG,2r3k1/3b1p1p/4p1p1/3pN3/1Q3PP1/1P3B2/1Kr4P/8 w - - 1 33,b2a1 c2c1 a1b2 c8c2 b2a3 c1a1,1667,80,76,39,endgame exposedKing long mate mateIn3,https://lichess.org/VPsgm7rH#65,,True,2,https://lichess.org/training/4rcoG
fmo3c,2R2bk1/8/5Kp1/4p2p/4P3/3R1P2/5r1r/8 b - - 5 37,h2h3 c8f8 g8h7 d3d7 h7h6 f8h8,1669,76,92,397,endgame exposedKing long mate mateIn3,https://lichess.org/ozXbFwBC/black#74,,True,2,https://lichess.org/training/fmo3c
kyDCc,5rk1/R7/2pp1p2/4pPbN/2pr4/8/6PP/1R5K b - - 1 39,f8f7 b1b8 f7f8 a7g7 g8h8 b8f8,1670,75,89,1999,deflection endgame exposedKing long mate mateIn3,https://lichess.org/BQ2Okgdd/black#78,,True,2,https://lichess.org/training/kyDCc
jvUGo,3r4/R7/1p2R1p1/p7/5k1P/1r6/3p1PK1/8 b - - 0 37,d2d1q a7f7 f4g4 e6e4 g4h5 f7h7,1670,114,83,18,endgame long mate mateIn3 queenRookEndgame,https://lichess.org/jKMCYUdD/black#74,,True,2,https://lichess.org/training/jvUGo
VCQ5B,6k1/R6p/1P4p1/3b1p2/7r/3p3P/P2Br1P1/3R3K w - - 1 31,d1c1 h4h3 h1g1 e2g2 g1f1 h3h1,1670,75,98,166,endgame fork long mate mateIn3 pin,https://lichess.org/u2PKk3Bz#61,,True,2,https://lichess.org/training/VCQ5B
RK8xD,r2b1rk1/2pR1p1p/p5pP/8/2B2B2/8/PP4b1/2K1R3 b - - 1 21,g2c6 c4f7 f8f7 e1e8 f7f8 d7g7 g8h8 e8f8,1671,122,77,35,deflection master mate mateIn4 middlegame pin sacrifice veryLong,https://lichess.org/csywSFSh/black#42,,True,2,https://lichess.org/training/RK8xD
ETLjT,k7/Pq1n1p2/4p3/1R1pP3/Qp1P2P1/6Pp/2r3rP/R5bK w - - 0 42,b5b7 g2h2 h1g1 c2g2 g1f1 h2h1,1672,78,94,6502,kingsideAttack long mate mateIn3 middlegame sacrifice,https://lichess.org/La4N9RRk#83,,True,2,https://lichess.org/training/ETLjT
TtCQk,1R2R3/6kp/3p4/3P1K2/r5pP/4PpP1/4r3/8 b - - 2 36,f3f2 b8b7 g7h6 e8e6 h6h5 b7h7,1673,75,92,251,deflection endgame long mate mateIn3 rookEndgame,https://lichess.org/3ru0SydN/black#72,,True,2,https://lichess.org/training/TtCQk
UzcuI,6k1/4R3/p2r4/1ppp1K2/5bP1/3P2qP/P1P5/4R3 b - - 3 38,g3f3 e7e8 g8g7 e1e7 g7h6 e8h8,1673,198,60,7,endgame exposedKing long mate mateIn3,https://lichess.org/PhRNoGQu/black#76,,True,2,https://lichess.org/training/UzcuI
O3383,4r3/5pp1/2RR2p1/1P6/p1kP4/5PK1/r5PP/8 b - - 1 39,c4b5 c6c5 b5b4 d6b6 b4a3 c5c3,1674,74,89,150,endgame long mate mateIn3 rookEndgame,https://lichess.org/lHLVUwm9/black#78,,True,2,https://lichess.org/training/O3383
qUIfs,4r3/R7/1p6/2k1rpp1/P6p/3Rp2P/1PP1K3/8 b - - 4 41,e5e4 a7c7 c5b4 d3b3 b4a5 c7a7,1674,75,75,186,endgame long mate mateIn3 rookEndgame,https://lichess.org/S1MgSNc6/black#82,,True,2,https://lichess.org/training/qUIfs
JE36t,6k1/3R1p2/1p4p1/3B4/P2P1P2/4q1Pp/1r5P/2R4K b - - 1 32,e3f2 c1c8 g8g7 d7f7 g7h6 c8h8,1675,78,96,13083,endgame long mate mateIn3,https://lichess.org/pqSNGLvg/black#64,,True,2,https://lichess.org/training/JE36t
fwszF,4r1k1/p4p2/1p3P2/2p3R1/3p4/P2P3q/1PQ1r2P/6RK b - - 0 34,g8h8 c2e2 e8e2 g5g8 h8h7 g1g7 h7h6 g8h8,1675,75,97,1126,endgame exposedKing mate mateIn4 sacrifice veryLong,https://lichess.org/8lAY7aET/black#68,,True,2,https://lichess.org/training/fwszF
YQmX9,2r2b2/p1r4p/2pR2pk/2B1pN2/6R1/1Pn3P1/P4P1P/5K2 b - - 12 32,h6h5 g4h4 h5g5 c5e3 g5f5 g3g4 f5e4 g4g5 e4f5 d6f6,1675,75,90,1191,discoveredAttack mate mateIn5 middlegame sacrifice veryLong,https://lichess.org/1xLHEhV2/black#64,,True,2,https://lichess.org/training/YQmX9
oWcGe,3r1rk1/2p1Q3/1b3pp1/2p2q1p/4R3/pPP2NP1/P3R1K1/8 b - - 10 37,d8d3 e7f8 g8f8 e4e8 f8g7 e2e7 g7h6 e8h8,1676,76,94,2196,attraction exposedKing kingsideAttack mate mateIn4 middlegame sacrifice veryLong,https://lichess.org/kbzQZZ8m/black#74,,True,2,https://lichess.org/training/oWcGe
hZCpq,6k1/3r2p1/brqPp1p1/8/1p1Q1P2/pP6/P1P4R/1KN4R b - - 0 40,d7d6 h2h8 g8f7 d4g7 f7g7 h1h7 g7f6 h8f8,1676,77,87,337,attraction mate mateIn4 middlegame sacrifice veryLong,https://lichess.org/QVcTWYHO/black#80,,True,2,https://lichess.org/training/hZCpq
zsP3v,8/p1p3k1/2P2b1p/1K3Qp1/3rNp2/8/Pr3PPR/7R w - - 7 36,b5a6 d4a4 f5a5 b2b6 a6a7 a4a5,1678,92,63,56,long mate mateIn3 middlegame pin,https://lichess.org/Rh3HFXjQ#71,,True,2,https://lichess.org/training/zsP3v
5qFS4,4r3/1pk2ppp/pNp5/2P5/1P3n2/P4P2/3r1nPP/R2B1RK1 w - - 0 22,f1f2 e8e1 f2f1 d2g2 g1h1 e1f1,1680,75,88,1147,deflection kingsideAttack long mate mateIn3 middlegame,https://lichess.org/gF5usvKg#43,,True,2,https://lichess.org/training/5qFS4
2UDks,4r2k/3R3p/2q1P3/p1p1R1p1/P4p2/2P4Q/2B3bK/8 b - - 0 37,g2h3 d7h7 h8g8 e5g5 g8f8 h7f7,1682,133,67,10,endgame fork long mate mateIn3,https://lichess.org/WhocoeoZ/black#74,,True,2,https://lichess.org/training/2UDks
8KmRh,5r2/1pp5/3p3R/5Pk1/2P1P3/2PK4/prP4R/8 b - - 1 34,a2a1q h6g6 g5f4 h2f2 f4e5 g6e6,1682,76,98,3606,endgame long mate mateIn3 queenRookEndgame,https://lichess.org/Ej1PIG88/black#68,,True,2,https://lichess.org/training/8KmRh
7x1rW,8/1p4R1/1p2R2p/1P3p1k/5K2/2r3P1/r6P/8 b - - 5 40,a2h2 g3g4 f5g4 e6e5 h5h4 g7g4 h4h3 e5h5,1682,76,96,3688,endgame mate mateIn4 rookEndgame veryLong,https://lichess.org/8ziRxIrW/black#80,,True,2,https://lichess.org/training/7x1rW
SyiRR,2r1k3/5p1p/2Np4/1p1P1p2/4pP2/2P2q2/2P3RP/R6K b - - 3 28,f3c3 g2g8 e8d7 a1a7 c8c7 g8d8,1684,75,96,24276,endgame hookMate long mate mateIn3,https://lichess.org/ex6zOCiG/black#56,,True,2,https://lichess.org/training/SyiRR
9KWZu,2R1Nk2/5p2/4p1p1/r2b3p/5K2/r7/8/2R5 b - - 7 41,f8e7 c1c7 e7f8 e8d6 f8g7 c7f7 g7h6 c8h8,1686,74,96,8853,discoveredAttack endgame master mate mateIn4 veryLong,https://lichess.org/eqVuZpZf/black#82,,True,3,https://lichess.org/training/9KWZu
tq4nD,8/8/3B4/2P2P2/5R2/6Pk/P4rr1/6K1 w - - 11 66,g1h1 g2h2 h1g1 f2g2 g1f1 h2h1,1686,77,88,376,endgame exposedKing long mate mateIn3,https://lichess.org/S8M3JvcE#131,,True,2,https://lichess.org/training/tq4nD
gulUn,5R2/pp2r3/8/6p1/3r1k1p/P3p2P/1P2R1P1/4K3 b - - 7 46,f4g3 f8f3 g3h2 g2g4 h2g1 f3f1,1687,77,94,713,discoveredAttack endgame long master mate mateIn3 rookEndgame,https://lichess.org/rreDzusO/black#92,,True,2,https://lichess.org/training/gulUn
vt7mQ,8/1k6/5R2/5p2/P7/5prP/1P1r4/2R4K w - - 0 35,f6f5 g3h3 h1g1 d2g2 g1f1 h3h1,1688,75,94,315,endgame exposedKing long mate mateIn3 rookEndgame,https://lichess.org/HorvCBAu#69,,True,2,https://lichess.org/training/vt7mQ
I23DS,r4rk1/5p2/2p2P2/1p1p2R1/p2Pp3/P1P3RK/BP1q4/8 b - - 0 38,g8h7 g5h5 d2h6 g3g7 h7h8 h5h6,1688,75,97,1190,clearance endgame exposedKing long mate mateIn3 pin,https://lichess.org/ZtZsYG2P/black#76,,True,2,https://lichess.org/training/I23DS
qUi8p,3R4/2pR1ppk/p6p/7r/8/1P2PP1K/P4P1P/2r5 w - - 8 28,h3g3 c1g1 g3f4 h5h4 f4f5 g1g5,1688,75,94,4551,endgame long mate mateIn3 rookEndgame,https://lichess.org/DhlAlJgs#55,,True,2,https://lichess.org/training/qUi8p
3iCEt,1R6/2R3pp/4k1p1/1p6/1P1Pp3/3b2KP/pr3PP1/8 b - - 1 37,a2a1q b8b6 e6d5 c7c5 d5d4 b6d6,1689,76,96,16535,endgame exposedKing long mate mateIn3,https://lichess.org/YdS2t169/black#74,,True,2,https://lichess.org/training/3iCEt
xZfhY,4r3/Rp4pp/8/1Pk2p2/2r5/2K4P/1R3PP1/8 w - - 1 30,c3d3 e8d8 d3e3 c4e4 e3f3 d8d3,1690,75,91,409,endgame exposedKing long mate mateIn3 rookEndgame,https://lichess.org/TvFryRrD#59,,True,2,https://lichess.org/training/xZfhY
C9Fo0,7r/2PP1k2/pR6/1p6/8/3B1p2/P1P3r1/4K3 w - - 1 42,d7d8q h8h1 d3f1 g2e2 e1d1 h1f1,1690,76,94,8517,deflection endgame exposedKing long mate mateIn3 pin,https://lichess.org/mk0EGnW0#83,,True,2,https://lichess.org/training/C9Fo0
MAOQ5,k2r4/p4p2/8/1Q2P1p1/2p5/6r1/PP1n4/4RK2 w - - 9 32,f1e2 g3g2 e2d1 d2b3 b5d5 d8d5,1690,94,90,31,discoveredAttack endgame exposedKing long mate mateIn3,https://lichess.org/di07UBT6#63,,True,2,https://lichess.org/training/MAOQ5
e4Z38,3r4/p4p1k/5K1p/brp1P3/8/8/3p4/3R3R b - - 1 42,c5c4 h1h6 h7g8 d1g1 g8f8 h6h8,1692,87,77,29,endgame long mate mateIn3,https://lichess.org/EqHl6Jdj/black#84,,True,2,https://lichess.org/training/e4Z38
tkjnR,6k1/R4p1p/8/2N4p/1p4K1/1B4P1/PPP1r2r/8 w - - 0 37,g4f4 h2f2 f4g5 e2e5 g5h6 f2f6,1693,81,82,97,endgame fork long mate mateIn3,https://lichess.org/th8OFkW0#73,,True,2,https://lichess.org/training/tkjnR
nC03O,6rk/6rp/p3R3/1pNQ1p1b/1PpP1P1q/2P5/P5PP/4R1K1 w - - 1 30,d5e5 h4e1 e5e1 g7g2 g1f1 g2g1 f1f2 g8g2 f2e3 g1e1,1693,76,96,5149,kingsideAttack mate mateIn5 middlegame sacrifice veryLong,https://lichess.org/BCRnqsTk#59,,True,2,https://lichess.org/training/nC03O
UfVFo,1r2k2N/p7/2p5/3p1R2/1P1PpP2/P3Bb1K/4q3/6R1 b - - 0 36,e2e3 g1g8 e8d7 f5f7 d7d6 g8g6,1694,74,89,130,endgame exposedKing long mate mateIn3,https://lichess.org/SHnf8WQp/black#72,,True,2,https://lichess.org/training/UfVFo
AHbBW,5rk1/R4N1p/1pr2Pp1/4p3/5bPP/2P5/PP6/3R3K b - - 0 30,f8f7 d1d8 f7f8 a7g7 g8h8 d8f8,1694,79,94,762,deflection endgame long mate mateIn3 pin,https://lichess.org/G164NZNG/black#60,,True,2,https://lichess.org/training/AHbBW
SEEzE,6k1/3r2pp/p7/KpP2p2/4b3/P1P1PBR1/r7/6R1 w - - 3 37,a5a6 a2a3 a6b5 d7b7 b5c4 a3a4,1695,74,88,553,endgame long mate mateIn3,https://lichess.org/FLJqpv4b#73,,True,2,https://lichess.org/training/SEEzE
JTOX8,k7/PQrr4/2R2p2/3Pp3/2P5/6Pq/5Pp1/1R4K1 b - - 0 35,c7b7 c6c8 a8a7 b1a1 a7b6 c8c6,1697,75,91,2021,endgame exposedKing long mate mateIn3 queenRookEndgame,https://lichess.org/FOwqCyVv/black#70,,True,2,https://lichess.org/training/JTOX8
zYilf,8/r7/4R2p/3p2p1/6P1/5PkP/r7/4R1K1 b - - 0 48,g3f3 e6f6 f3g3 e1e3 g3h4 f6h6,1698,79,96,14348,endgame long mate mateIn3 rookEndgame,https://lichess.org/SD4AQ50V/black#96,,True,2,https://lichess.org/training/zYilf
if1mK,4k1r1/R6R/3bN3/p7/1p2P2p/1P3P2/P5P1/2r2K2 w - - 3 33,f1e2 g8g2 e2e3 c1c3 e3d4 g2d2,1700,76,92,632,endgame long mate mateIn3,https://lichess.org/AqZipuj2#65,,True,2,https://lichess.org/training/if1mK
10GIL,1r4qk/5p1p/p1p1pP2/3p4/1P2nR2/2P4Q/P3r2P/6RK b - - 1 29,g8f8 h3h7 h8h7 f4h4 f8h6 g1g7 h7h8 h4h6,1700,79,95,21605,attraction kingsideAttack mate mateIn4 middlegame pin sacrifice veryLong,https://lichess.org/Weg4Q9mR/black#58,,True,2,https://lichess.org/training/10GIL
NYTVZ,1r1k3q/pp5p/4B3/6p1/4Rb2/K2R1P2/P1p3PP/8 b - - 3 26,d8c7 e4c4 c7b6 d3b3 b6a5 c4a4,1701,77,83,68,endgame long mate mateIn3,https://lichess.org/eW6kl1xF/black#52,,True,2,https://lichess.org/training/NYTVZ
ps7SV,5rk1/p4p2/1p2pRQ1/3pP3/2qP3B/P1r5/6PP/5RK1 b - - 0 25,f7g6 f6f8 g8h7 f1f7 h7h6 f8h8,1701,77,90,5793,endgame exposedKing long mate mateIn3,https://lichess.org/ABRBkxp7/black#50,,True,2,https://lichess.org/training/ps7SV
oqgp2,5rk1/5p2/p3p1p1/3q2b1/r2P2P1/2PQ1R2/P6P/5RK1 b - - 1 34,a4a2 d3g6 f7g6 f3f8 g8h7 f1f7 h7h6 f8h8,1702,76,96,19222,mate mateIn4 middlegame sacrifice veryLong,https://lichess.org/cxDhCeKQ/black#68,,True,2,https://lichess.org/training/oqgp2
gyAJG,4r3/3Rr3/2p1P3/1p6/P4pK1/P1P1k3/B5P1/3R4 w - - 1 42,d7d6 e7g7 g4f5 e8f8 f5e5 g7g5,1702,74,97,92,endgame long mate mateIn3,https://lichess.org/1vmYXXlM#83,,True,2,https://lichess.org/training/gyAJG
i9gjb,8/4p3/2pp4/4p3/1kr1P2r/4R3/R1P5/2K5 b - - 5 44,h4e4 e3b3 b4c5 a2a5 c5d4 b3d3,1704,75,94,724,endgame long mate mateIn3 rookEndgame,https://lichess.org/Yr3wdXmU/black#88,,True,2,https://lichess.org/training/i9gjb
w4waQ,5r2/2p1k2p/3b1p2/p3p3/2PP4/8/P1r2PQP/RN4K1 w - - 1 22,c4c5 c2c1 g2f1 f8g8 g1h1 c1f1,1704,75,88,416,endgame long mate mateIn3 pin,https://lichess.org/XngAcDnJ#43,,True,2,https://lichess.org/training/w4waQ
LBQFn,8/ppk2p1p/5pq1/8/7P/3R3K/6P1/3R4 b - - 6 47,h7h5 d1c1 c7b6 d3b3 b6a5 c1a1,1705,77,95,16900,endgame long mate mateIn3 queenRookEndgame,https://lichess.org/AlRUAt8M/black#94,,True,2,https://lichess.org/training/LBQFn
YcG3u,3kr3/pp2P2R/b1p1P3/2P5/8/2r2p1P/8/6RK b - - 0 36,e8e7 g1g8 e7e8 h7d7 d8c8 g8e8,1705,74,88,187,deflection endgame exposedKing long mate mateIn3 pin,https://lichess.org/RcLhuLn6/black#72,,True,2,https://lichess.org/training/YcG3u
Q22Tj,8/1p6/4R3/6pp/3p4/5k2/rr5P/4RN1K b - - 5 42,d4d3 e6f6 f3g4 e1e4 g4h3 f6f3,1706,76,96,2573,endgame long mate mateIn3,https://lichess.org/Bas15107/black#84,,True,2,https://lichess.org/training/Q22Tj
P2ThK,5r1k/pp4p1/6Qp/6n1/8/3B1b1P/PPPr2P1/R3R1K1 w - - 0 26,h3h4 d2g2 g1f1 f3e4 g6f5 f8f5,1706,75,95,3967,discoveredAttack long mate mateIn3 middlegame,https://lichess.org/4PrB4R0s#51,,True,2,https://lichess.org/training/P2ThK
4Zqdb,5Q2/4P1pk/7p/1P6/8/P4p1P/4rrPK/8 w - - 4 47,e7e8q f2g2 h2h1 g2h2 h1g1 e2g2 g1f1 h2h1,1706,75,96,3018,endgame mate mateIn4 veryLong,https://lichess.org/NKSzDFVw#93,,True,2,https://lichess.org/training/4Zqdb
WTgjb,4r3/4p2p/p7/P2P3k/2r5/4BR2/1bp1KP2/6R1 b - - 5 40,c2c1q f3h3 c4h4 g1g5 h5h6 h3h4,1707,75,92,61,deflection long mate mateIn3 middlegame,https://lichess.org/opX5VJM9/black#80,,True,2,https://lichess.org/training/WTgjb
eW5fy,6r1/4R3/5p2/k2P1P2/P3B3/1PR3KP/8/5r2 w - - 1 48,g3h4 f1f4 h4h5 g8g5 h5h6 f4h4,1707,74,95,15698,endgame long mate mateIn3,https://lichess.org/HY2umVyC#95,,True,2,https://lichess.org/training/eW5fy
lFalz,2q3r1/5kp1/p3R1RQ/4P3/8/2P5/5PP1/2K5 b - - 6 38,g7h6 g6f6 f7g7 e6e7 g7h8 f6h6,1708,76,85,87,deflection endgame exposedKing long mate mateIn3 queenRookEndgame,https://lichess.org/zIJSG2hl/black#76,,True,2,https://lichess.org/training/lFalz
6RbNH,4r3/1pp2ppk/p6p/2b3r1/8/P4P1Q/1PP1K2P/R7 w - - 6 30,e2d3 e8e3 d3d2 g5d5 d2c1 e3e1,1709,75,86,1961,endgame exposedKing long mate mateIn3,https://lichess.org/hdLB9lrq#59,,True,2,https://lichess.org/training/6RbNH
SwSx4,5k2/3p4/3N1p2/2n2P2/1R3P1p/8/r6r/4R1K1 b - - 1 33,h4h3 b4b8 f8g7 e1e7 g7h6 b8h8,1709,75,93,1840,endgame exposedKing long mate mateIn3,https://lichess.org/3A54p5vW/black#66,,True,2,https://lichess.org/training/SwSx4
hIgGC,4Q3/3q1rk1/1p1r1pp1/p1p4p/2P2P1P/1P4P1/P3R3/4R1K1 b - - 2 33,d7h3 e8f7 g7f7 e2e7 f7g8 e7e8 g8h7 e1e7 h7h6 e8h8,1710,78,91,2066,attraction endgame mate mateIn5 sacrifice veryLong,https://lichess.org/7U42j9E8/black#66,,True,2,https://lichess.org/training/hIgGC
gJkgt,8/p5r1/1p1RRpr1/2p2p1k/P1P2p1p/2P2P1P/5KP1/8 w - - 11 37,e6f6 g6g2 f2e1 g2g1 e1d2 g7g2 d2d3 g1d1,1711,91,55,38,endgame mate mateIn4 rookEndgame veryLong,https://lichess.org/M0VuA7tP#73,,True,2,https://lichess.org/training/gJkgt
oBSv6,5r1k/2p3R1/p2p2Bp/1p2p2p/4P3/2qP4/8/6RK b - - 1 33,c3d3 g7h7 h8g8 g6f5 d3g3 g1g3,1712,74,97,4785,discoveredAttack endgame exposedKing long mate mateIn3,https://lichess.org/RlLVUWsK/black#66,,True,2,https://lichess.org/training/oBSv6
BxqpG,1r5k/p2nR1R1/K6P/2p1p3/1p2P3/1P1P4/1Pr5/8 b - - 3 39,c2b2 g7h7 h8g8 e7g7 g8f8 h7h8,1712,98,78,65,endgame exposedKing fork long mate mateIn3,https://lichess.org/1CbcxdZ0/black#78,,True,2,https://lichess.org/training/BxqpG
HNVuG,3r4/p4R1p/1p6/6Pr/P4k2/8/3p1K2/3R4 b - - 1 37,f4g5 d1g1 g5h4 f7f4 h4h3 g1h1,1713,74,98,6537,endgame long mate mateIn3 rookEndgame,https://lichess.org/0BNZBUY9/black#74,,True,2,https://lichess.org/training/HNVuG
w3lYZ,5r1k/pp4p1/6q1/4Qr1b/P1P1R3/3P2B1/2P2P2/5RK1 w - - 10 26,e5e7 g6g3 f2g3 f5f1 g1h2 f8f2 h2h3 f1h1,1714,77,96,15304,mate mateIn4 middlegame veryLong,https://lichess.org/1QC1Ests#51,,True,2,https://lichess.org/training/w3lYZ
8Tmgs,6R1/pp2r1p1/3k1p2/4rB2/3p2R1/6P1/P1P2KP1/8 w - - 9 36,g4g7 e5f5 f2g1 e7e1 g1h2 f5h5,1714,76,88,171,endgame hangingPiece long mate mateIn3,https://lichess.org/ypS7gm1O#71,,True,2,https://lichess.org/training/8Tmgs
9LGGI,4k3/2PR4/3K2p1/7p/2r4P/4R3/2r5/8 b - - 2 43,e8f8 d7d8 f8g7 e3e7 g7f6 d8f8,1714,75,90,246,endgame exposedKing long mate mateIn3 rookEndgame,https://lichess.org/cW45yRV8/black#86,,True,2,https://lichess.org/training/9LGGI
WRIGs,8/R7/6R1/8/P2r4/2rk2K1/6P1/8 w - - 2 48,a4a5 d3e2 g3h2 d4h4 h2g1 c3c1,1715,75,93,1019,discoveredAttack endgame exposedKing long mate mateIn3 rookEndgame,https://lichess.org/folxMYjC#95,,True,2,https://lichess.org/training/WRIGs
qW7ZV,6qk/2R5/2p2r2/3pQr1p/7P/2P3P1/P1P2P2/5RK1 w - - 3 28,e5e7 g8g3 f2g3 f5f1 g1h2 f6f2 h2h3 f1h1,1716,76,93,280,endgame mate mateIn4 sacrifice veryLong,https://lichess.org/RZkN8dRS#55,,True,2,https://lichess.org/training/qW7ZV
4L56W,7R/5R1p/4pp1k/1r1n1p2/4p3/7P/5PP1/6K1 b - - 7 38,f5f4 h8h7 h6g5 f7g7 g5f5 h7h5,1717,75,97,5340,endgame exposedKing long mate mateIn3,https://lichess.org/A2mneEOi/black#76,,True,2,https://lichess.org/training/4L56W
8HbFj,1r4nr/R7/2k1P1Rp/6p1/2P5/1pP4P/4KPP1/8 b - - 0 31,b3b2 e6e7 g8f6 g6f6 c6c5 a7c7,1717,75,89,500,advancedPawn discoveredAttack endgame exposedKing long mate mateIn3,https://lichess.org/URVI68BS/black#62,,True,2,https://lichess.org/training/8HbFj
OziSI,r7/1p1k1p2/3p1npp/1N2R3/8/5P1P/1r3P2/3R2K1 b - - 2 29,a8a5 d1d6 d7c8 e5c5 c8b8 d6d8,1719,75,92,994,endgame fork long mate mateIn3,https://lichess.org/hkyqRN2o/black#58,,True,2,https://lichess.org/training/OziSI
4zXId,5k2/1K4p1/p4p2/5P1Q/1r4NP/r7/8/8 w - - 0 50,b7c7 a3c3 c7d7 b4d4 d7e6 c3c6,1719,75,97,2605,endgame long mate mateIn3,https://lichess.org/L2lbZJbh#99,,True,2,https://lichess.org/training/4zXId
t86ya,2krr3/pp5p/2b3p1/2Q1Pp2/1Rp5/2p5/q1P1B1PP/1R2K3 b - - 5 25,d8d5 c5c6 b7c6 b4b8 c8d7 b1b7 d7e6 b8e8,1720,74,98,452,deflection mate mateIn4 middlegame queensideAttack sacrifice veryLong,https://lichess.org/smLNPC2O/black#50,,True,2,https://lichess.org/training/t86ya
GokPB,4r1k1/p1p2ppp/P7/3N1b2/3n4/r2PN3/3RBPPP/4K2R w K - 0 23,e3f5 a3a1 d2d1 e8e2 e1f1 a1d1,1721,75,94,1172,deflection long mate mateIn3 middlegame,https://lichess.org/axPiUIbM#45,,True,2,https://lichess.org/training/GokPB
yvTOP,4r3/pp3q1k/2p2p1p/5Pn1/3pNR1Q/3P4/PPr5/6RK b - - 7 30,g5e4 h4h6 h7h6 f4h4 f7h5 g1g6 h6h7 h4h5,1721,76,94,1147,attraction master mate mateIn4 middlegame pin sacrifice veryLong,https://lichess.org/Q1DtwcHg/black#60,,True,2,https://lichess.org/training/yvTOP
pRdrU,8/p1pr1kp1/r5p1/2p5/4R3/1P5P/P5PK/4R3 b - - 3 31,a6a2 e4f4 f7g8 e1e8 g8h7 f4h4,1722,88,67,52,endgame long master mate mateIn3 rookEndgame,https://lichess.org/qJwmkHFQ/black#62,,True,2,https://lichess.org/training/pRdrU
13qH0,5rk1/2R2N2/p3RPpp/1p2p3/8/8/1P3KPP/3r4 b - - 0 36,f8f7 e6e8 f7f8 c7g7 g8h8 e8f8,1722,79,93,429,deflection endgame exposedKing long mate mateIn3 pin rookEndgame,https://lichess.org/S0GP5Uob/black#72,,True,2,https://lichess.org/training/13qH0
pq5Q5,6k1/7p/2pp2pP/p4p2/K2R4/4rB2/Pr4P1/2R5 w - - 0 34,a4a5 e3a3 d4a4 b2b5 a5a6 a3a4,1723,182,0,7,deflection endgame long mate mateIn3,https://lichess.org/Wmiadiuu#67,,True,2,https://lichess.org/training/pq5Q5
RKWW3,1r6/1r2b3/3p4/1P1Pp3/1R2k3/RK5p/8/8 b - - 1 43,e4f3 b3a4 f3e2 b4b2 e2d1 a3a1,1723,76,93,505,discoveredAttack endgame long mate mateIn3,https://lichess.org/Sq2pzq3U/black#86,,True,2,https://lichess.org/training/RKWW3
iYnfM,R1n4r/8/2Pp2p1/1k1Pp3/4Ppp1/4B2r/P4P2/1R3K2 b - - 3 34,b5c4 a8a4 c4d3 b1b3 d3c2 a4c4 c2d1 b3b1,1724,78,84,71,endgame mate mateIn4 veryLong,https://lichess.org/EZVhL88T/black#68,,True,3,https://lichess.org/training/iYnfM
3eeXF,2r2rk1/3R1B2/p4Pp1/4p2p/1n4bP/1PR5/1K3P2/8 b - - 0 32,f8f7 c3c8 f7f8 d7g7 g8h8 c8f8,1724,77,93,1747,deflection endgame exposedKing hangingPiece long mate mateIn3 pin,https://lichess.org/krBh2s3L/black#64,,True,2,https://lichess.org/training/3eeXF
teQmH,5rk1/1b3p2/pnq1p1p1/1p5p/7P/P5Q1/1PP2RP1/5R1K b - - 3 30,b6d5 g3g6 f7g6 f2f8 g8h7 f1f7 h7h6 f8h8,1725,79,96,16058,kingsideAttack mate mateIn4 middlegame sacrifice veryLong,https://lichess.org/sq0JzYUT/black#60,,True,2,https://lichess.org/training/teQmH
WO9D7,5rk1/R1Q2p1p/4pPp1/5n2/3r4/5q1P/5P2/1R4K1 b - - 3 37,f5h4 c7f7 f8f7 b1b8 d4d8 b8d8 f7f8 a7g7 g8h8 d8f8,1727,74,96,12307,deflection mate mateIn5 middlegame pin sacrifice veryLong,https://lichess.org/NeecrdiY/black#74,,True,2,https://lichess.org/training/WO9D7
dLyHG,8/R6p/2pr2p1/2k5/8/P3K3/7r/1R6 b - - 0 35,g6g5 a7a5 c5c4 b1b4 c4c3 a5c5,1727,75,89,1080,endgame long mate mateIn3 rookEndgame,https://lichess.org/RcyJeOok/black#70,,True,2,https://lichess.org/training/dLyHG
LoEsi,8/pR3R2/8/1N1nPPK1/4k3/8/2r2r2/8 w - - 4 47,b7a7 f2g2 g5h6 g2h2 h6g7 c2g2 g7f8 h2h8,1728,74,92,1327,endgame mate mateIn4 veryLong,https://lichess.org/l0T6xtmi#93,,True,2,https://lichess.org/training/LoEsi
ha8Rh,8/2R5/2R3pk/2pr4/8/2r3KP/6P1/8 w - - 7 35,g3f4 d5d4 f4e5 c3e3 e5f6 d4f4,1729,75,94,3958,endgame long mate mateIn3 rookEndgame,https://lichess.org/F3JAHN2Y#69,,True,2,https://lichess.org/training/ha8Rh
AkRvJ,2r2rk1/p4p2/1p4p1/4p1Qp/4P2P/1P1P1R2/KPq5/5R2 b - - 2 27,c8c5 g5g6 f7g6 f3f8 g8h7 f1f7 h7h6 f8h8,1729,75,79,141,endgame mate mateIn4 sacrifice veryLong,https://lichess.org/NqUztaC4/black#54,,True,2,https://lichess.org/training/AkRvJ
iPUe5,r1b3k1/ppp4R/4p2R/4r1p1/2Pq4/1P1B4/PQ4P1/3K4 b - - 0 28,d4b2 h7h8 g8f7 h6h7 f7f6 h8f8,1730,75,96,15043,exposedKing long mate mateIn3 middlegame,https://lichess.org/bQZmeMgi/black#56,,True,2,https://lichess.org/training/iPUe5
gAyzr,3r3k/6R1/Q3p2p/1p1b4/8/P7/1PP2rPP/3K4 w - - 1 31,a6b6 d5f3 d1e1 f2e2 e1f1 d8d1,1732,78,96,15503,doubleCheck endgame long mate mateIn3,https://lichess.org/UMT44LUB#61,,True,2,https://lichess.org/training/gAyzr
Ytsns,2r4k/4Q1p1/7p/4P3/3q4/5pPP/P3rP2/1R3RK1 w - - 7 27,b1b7 d4f2 f1f2 c8c1 f2f1 e2g2 g1h1 c1f1,1733,74,98,2299,deflection endgame mate mateIn4 pin sacrifice veryLong,https://lichess.org/Biuy7sli#53,,True,2,https://lichess.org/training/Ytsns
4uM2j,2b1r1k1/8/p5P1/2B2P2/2PpP2K/5r1B/P7/R7 w - - 0 40,h3g2 e8e4 h4h5 f3f5 h5h6 e4h4,1733,76,60,185,endgame fork long mate mateIn3,https://lichess.org/HP0ELjdp#79,,True,2,https://lichess.org/training/4uM2j
sHmWM,4R3/p3R3/1p3kp1/5rr1/7K/1P3P2/P4P1P/8 w - - 6 37,e7e3 g5h5 h4g3 f5g5 g3f4 h5h4,1734,92,64,31,endgame long mate mateIn3 rookEndgame,https://lichess.org/zDZ8MCR0#73,,True,2,https://lichess.org/training/sHmWM
JrcQ7,4r1k1/2b2RR1/8/pP6/1p3p2/1P3r2/1B2p3/7K b - - 2 36,g8h8 g7h7 h8g8 f7g7 g8f8 h7h8,1735,76,92,460,doubleCheck endgame exposedKing fork long mate mateIn3,https://lichess.org/UVqjVJcW/black#72,,True,2,https://lichess.org/training/JrcQ7
4CO55,4r1k1/1RR5/8/7K/3Pn3/4P1r1/6P1/8 w - - 0 37,h5h6 e8e6 h6h5 g3g5 h5h4 e6h6,1736,76,83,187,endgame long mate mateIn3,https://lichess.org/UDKdhI9f#73,,True,2,https://lichess.org/training/4CO55
MOCIE,8/3r3p/pR4p1/2kP1p2/2r5/3K3P/5PP1/R7 w - - 2 43,a1a6 d7d5 d3e3 c4e4 e3f3 d5d3,1737,76,70,81,endgame exposedKing long mate mateIn3 rookEndgame,https://lichess.org/dq2jhImd#85,,True,2,https://lichess.org/training/MOCIE
sGkvq,3r4/R3R2p/2k5/1p6/2qP4/2Pb2B1/5PPP/6K1 b - - 0 32,c4b3 a7a6 c6d5 e7e5 d5c4 a6c6,1738,78,94,1942,endgame long mate mateIn3,https://lichess.org/2qDZomYs/black#64,,True,2,https://lichess.org/training/sGkvq
1CtcJ,5R2/1pp4p/8/4PRk1/p7/K7/8/3q4 b - - 7 58,g5g6 f8f6 g6g7 f5g5 g7h8 f6f8,1740,75,96,8957,endgame exposedKing long mate mateIn3 queenRookEndgame,https://lichess.org/1SaxZg5A/black#116,,True,2,https://lichess.org/training/1CtcJ
6Br5l,5R2/4PRbk/p6p/3P4/P7/7p/4r1r1/7K w - - 3 39,e7e8q g2h2 h1g1 e2g2 g1f1 h2h1,1740,74,97,960,endgame exposedKing long mate mateIn3,https://lichess.org/kCzymMri#77,,True,2,https://lichess.org/training/6Br5l
NkfhQ,RR6/5p1k/3B2pp/5P2/2r3PP/2P2n2/2r5/5K2 b - - 0 35,g6f5 b8h8 h7g6 a8g8 g6f6 h8h6,1743,76,96,1400,deflection endgame long mate mateIn3,https://lichess.org/BbOOFZxV/black#70,,True,2,https://lichess.org/training/NkfhQ
TzzMa,5k2/r6p/5p2/r1nBpK2/3bPP2/8/P1R3RP/8 b - - 3 43,c5d7 c2c8 f8e7 g2g7 e7d6 c8c6,1743,76,96,8265,exposedKing long mate mateIn3 middlegame,https://lichess.org/13Zctd5k/black#86,,True,2,https://lichess.org/training/TzzMa
vYzNl,5N1k/ppp3p1/7p/3B4/2Pn1P2/r5PP/1rPK3R/4R3 w - - 1 40,e1e2 b2c2 d2e1 a3a1 e1f2 c2e2,1743,76,95,13473,long mate mateIn3 middlegame,https://lichess.org/xLnzsDHQ#79,,True,2,https://lichess.org/training/vYzNl
9Y1wG,r7/1Rp4k/4pBp1/P2pP2p/3b4/7r/3K2R1/8 b - - 2 41,a8a5 b7c7 h7g8 g2g6 g8f8 c7c8 f8f7 g6g7,1745,77,96,13400,deflection endgame mate mateIn4 veryLong,https://lichess.org/LYMMsTXW/black#82,,True,3,https://lichess.org/training/9Y1wG
7brN4,8/6p1/4R3/5k2/1p1r4/6P1/1r3P2/4R1K1 b - - 0 38,d4d2 e1e5 f5g4 e6g6 g4f3 e5e3,1746,75,96,2616,endgame long mate mateIn3 rookEndgame,https://lichess.org/h1Id7HRd/black#76,,True,2,https://lichess.org/training/7brN4
4keNy,3r4/p4pkp/6p1/8/Q6P/2b1BP2/P1r1b1P1/4RK2 w - - 0 28,e1e2 d8d1 f1f2 c3e1 f2g1 e1g3 e2e1 d1e1,1747,73,94,15973,discoveredAttack endgame mate mateIn4 veryLong,https://lichess.org/JjTLZrd6#55,,True,2,https://lichess.org/training/4keNy
pAglc,8/3R1rk1/8/2b5/p3B3/4qP2/2P5/5KR1 b - - 3 45,g7f6 g1g6 f6e5 d7d5 e5f4 g6g4,1749,102,55,16,endgame exposedKing long mate mateIn3,https://lichess.org/XT93cZjQ/black#90,,True,2,https://lichess.org/training/pAglc
5QlXg,2r5/5P2/4N1Pp/p3P3/1bk3P1/8/3r4/R1K2R2 w - - 1 44,g6g7 c4b3 e6c5 c8c5 c1b1 d2b2,1749,75,93,445,discoveredAttack endgame exposedKing long mate mateIn3,https://lichess.org/47NzJaPV#87,,True,2,https://lichess.org/training/5QlXg
mCwVj,5rk1/ppp2p2/6p1/6Qp/3qPR1P/8/P2r4/5R1K b - - 1 28,d4e3 g5g6 f7g6 f4f8 g8h7 f1f7 h7h6 f8h8,1750,76,95,5567,endgame mate mateIn4 sacrifice veryLong,https://lichess.org/Au0zakE9/black#56,,True,2,https://lichess.org/training/mCwVj
VWt3l,8/7k/6r1/5Q2/P5r1/1P3p2/5P2/5RK1 w - - 0 54,g1h2 g4h4 f5h3 g6g2 h2h1 h4h3,1752,77,94,1797,clearance endgame exposedKing long mate mateIn3 pin queenRookEndgame,https://lichess.org/0SCXdZuD#107,,True,2,https://lichess.org/training/VWt3l
GeAZc,r7/7R/4R1p1/8/5k1P/p7/2r3PK/8 b - - 0 40,a3a2 h7f7 f4g4 e6e4 g4h5 f7h7,1752,79,93,769,endgame long mate mateIn3 rookEndgame,https://lichess.org/TQxt0lTc/black#80,,True,2,https://lichess.org/training/GeAZc
KWCtO,3r4/3r4/R4P2/1k6/1p5p/5R2/7P/2K5 w - - 8 59,a6e6 d7d1 c1c2 d8d2 c2b3 d1b1,1752,79,93,4246,endgame exposedKing long mate mateIn3 rookEndgame,https://lichess.org/BaV0AYx9#117,,True,2,https://lichess.org/training/KWCtO
NfYv9,4R3/pp3k2/2p4Q/3p1b2/3P4/PK6/2rr4/7R w - - 3 50,h1f1 c2b2 b3a4 d2d4 a4a5 b2b5,1753,76,97,16845,endgame long mate mateIn3,https://lichess.org/uTFyhOGR#99,,True,2,https://lichess.org/training/NfYv9
zfiRx,8/5R1p/8/r4p1k/4rP2/1K4R1/8/8 b - - 0 55,h5h6 f7f6 h6h5 g3g5 h5h4 f6h6,1753,73,96,12907,endgame exposedKing long mate mateIn3 rookEndgame,https://lichess.org/JvKWNQQa/black#110,,True,2,https://lichess.org/training/zfiRx
aXr6y,r7/1ppr2p1/p1b1R2p/8/1P3k2/P5P1/3n1P1P/4R1K1 b - - 0 23,f4f5 e1e5 f5g4 e6g6 g4f3 e5e3,1753,75,97,2898,endgame long mate mateIn3,https://lichess.org/pP1xDA04/black#46,,True,2,https://lichess.org/training/aXr6y
Gk1XR,8/4Rn1k/2B2Ppp/q1P5/P2r4/6R1/6PP/6K1 b - - 1 42,h7g8 g3g6 g8h8 e7e8 h8h7 g6g7,1753,75,87,99,endgame exposedKing long mate mateIn3,https://lichess.org/tqYlC24G/black#84,,True,2,https://lichess.org/training/Gk1XR
5xdM0,7r/5R1p/p4p1k/2p5/2p2P2/6R1/Pr6/5K2 b - - 1 36,h8d8 f7f6 h6h5 g3g5 h5h4 f6h6,1753,76,84,136,endgame exposedKing long mate mateIn3 rookEndgame,https://lichess.org/JXYxP8i5/black#72,,True,2,https://lichess.org/training/5xdM0
ILhQu,3r2k1/pq3pp1/8/8/7r/1P3PR1/PBP5/4R1K1 b - - 0 27,d8d2 e1e8 g8h7 g3g7 h7h6 e8h8,1754,77,95,4666,endgame long mate mateIn3,https://lichess.org/Yv636jhH/black#54,,True,2,https://lichess.org/training/ILhQu
RCSgy,2r4k/R4P2/4R3/8/P7/3p4/4p1K1/5r2 b - - 2 62,e2e1q e6h6 h8g7 f7f8q g7f8 h6h8,1756,81,93,1297,advancedPawn attraction doubleCheck endgame exposedKing long mate mateIn3 promotion queenRookEndgame,https://lichess.org/hcdRUmhl/black#124,,True,2,https://lichess.org/training/RCSgy
AC4n2,8/7R/3P4/7R/5k2/3r4/3r2K1/8 w - - 3 60,g2f1 d2d1 f1g2 d3d2 g2h3 d1h1,1758,72,96,15287,endgame exposedKing long mate mateIn3 rookEndgame,https://lichess.org/M6xS9jVh#119,,True,2,https://lichess.org/training/AC4n2
wHimt,r2q3k/1p2bp2/2bp1p2/3NpPrp/4P2Q/P1PR3R/B1n3PP/6K1 b - - 4 24,c6d5 h4h5 g5h5 h3h5 h8g7 d3g3 g7f8 h5h8,1758,75,94,867,exposedKing kingsideAttack mate mateIn4 middlegame sacrifice veryLong,https://lichess.org/rkbsnTES/black#48,,True,2,https://lichess.org/training/wHimt
igPgf,8/4R3/3kp2R/4r2p/5K1P/4r1P1/8/8 w - - 3 54,e7e8 e5e4 f4g5 e3g3 g5f6 e4f4,1760,75,88,181,deflection endgame long mate mateIn3 rookEndgame,https://lichess.org/bbWgyv2s#107,,True,2,https://lichess.org/training/igPgf
t3iUT,5Q2/p2r3k/3r3p/5Pp1/4p3/4P2R/Pb5P/6K1 w - - 0 43,f5f6 d6d1 g1g2 d7d2 g2g3 d1g1,1761,75,82,106,endgame long mate mateIn3,https://lichess.org/yrtCFicT#85,,True,2,https://lichess.org/training/t3iUT
2dfoZ,3r1rk1/5p1p/p3b1P1/1p6/2p5/3B2Q1/qPP5/2K3RR b - - 0 23,f7g6 g3g6 h7g6 g1g6 g8f7 h1h7 f7e8 g6e6,1763,92,86,74,deflection fork mate mateIn4 middlegame sacrifice veryLong,https://lichess.org/HjBFaAzA/black#46,,True,2,https://lichess.org/training/2dfoZ
isshz,8/p3r1kp/2QN2p1/2p5/8/P2P1pP1/2r2q1P/5RK1 w - - 0 38,f1f2 e7e1 f2f1 c2g2 g1h1 e1f1,1766,80,65,37,deflection endgame long mate mateIn3 pin,https://lichess.org/N6KSviDZ#75,,True,2,https://lichess.org/training/isshz
nkcoP,6k1/p5r1/3B3p/2P2p2/5P1K/1P3R2/P5r1/4R3 w - - 3 33,c5c6 g2h2 f3h3 g7g4 h4h5 h2h3,1768,76,77,556,deflection endgame long master mate mateIn3,https://lichess.org/1dwHT01o#65,,True,2,https://lichess.org/training/nkcoP
Tqwdr,4r3/2R3pp/pk3n2/1N2N2q/P3PPb1/4K1P1/1P5P/2R5 b - - 1 26,a6b5 c1c6 b6a5 c7a7 a5b4 e5d3 b4b3 c6c3 b3a2 a4b5 a2b1 c3c1,1769,78,94,15680,discoveredAttack mate mateIn5 middlegame veryLong,https://lichess.org/SO5P6E8P/black#52,,True,3,https://lichess.org/training/Tqwdr
Fr6Sv,8/pp3P1p/2p2R2/8/4R2B/6Pk/Pr1r4/7K w - - 9 33,f7f8q d2h2 h1g1 b2g2 g1f1 h2h1,1770,75,96,2418,endgame exposedKing long mate mateIn3,https://lichess.org/m0mODrhw#65,,True,2,https://lichess.org/training/Fr6Sv
Jt0bs,4r3/4r2k/p6P/2p5/P1BbPR2/5K2/1p4P1/5R2 b - - 4 41,h7h6 f1h1 h6g5 f4g4 g5f6 h1h6 f6e5 g4g5,1771,77,70,82,endgame exposedKing mate mateIn4 veryLong,https://lichess.org/vcfEpsWY/black#82,,True,3,https://lichess.org/training/Jt0bs
QlMQj,4R3/6p1/6p1/3p1k2/pp1q4/5P2/1P2R1K1/8 b - - 1 45,d4c4 e8f8 f5g5 e2e5 g5h6 f8h8,1771,80,92,3581,endgame long master mate mateIn3 queenRookEndgame,https://lichess.org/XfgxFl9D/black#90,,True,2,https://lichess.org/training/QlMQj
Tnh2s,8/1p1RR1pp/p4pk1/4p3/4P3/1r4P1/2r2P1P/5K2 b - - 7 35,b3b2 e7g7 g6h5 g7h7 h5g4 h7h4 g4f3 d7d3,1772,157,43,8,deflection endgame mate mateIn4 rookEndgame veryLong,https://lichess.org/vGuxjGHc/black#70,,True,2,https://lichess.org/training/Tnh2s
RL47h,3r4/pR3Qpp/B1k2p2/8/6b1/P3PR2/2Pr3P/4K3 w - - 0 29,f3f4 d2d1 e1f2 d8d2 a6e2 d2e2 f2g3 d1g1 g3h4 e2h2,1775,89,45,48,deflection exposedKing mate mateIn5 middlegame veryLong,https://lichess.org/LIspk0RF#57,,True,2,https://lichess.org/training/RL47h
1U6vc,8/1R6/3p1p1k/3PpB2/2r1P3/1pr3p1/2pK4/2R5 b - - 2 57,h6g5 b7g7 g5f4 c1f1 c3f3 g7g4,1777,76,69,104,endgame long master mate mateIn3,https://lichess.org/fFGtAT1b/black#114,,True,2,https://lichess.org/training/1U6vc
Pf1dx,6R1/4Np1k/4p1pP/3p4/8/7P/1rr2b2/5R1K b - - 1 35,f2c5 f1f7 h7h6 g8g6 h6h5 f7h7,1778,163,33,10,endgame long mate mateIn3,https://lichess.org/TvIomoZ9/black#70,,True,2,https://lichess.org/training/Pf1dx
BrAde,6r1/6rk/p1pQp2p/P2pNp1b/2pP1q2/2P4P/1P3RP1/6K1 w - - 0 37,f2f4 g7g2 g1f1 g2g1 f1f2 g8g2 f2e3 g1e1,1779,77,97,16983,endgame kingsideAttack mate mateIn4 veryLong,https://lichess.org/HRrO9fVS#73,,True,2,https://lichess.org/training/BrAde
fmSLG,1k3K2/1p2RR2/1P6/p1p3qp/8/6P1/P1q5/8 b - - 2 54,b8c8 e7e8 g5d8 f7c7 c8b8 e8d8,1780,76,96,1544,clearance endgame long mate mateIn3 pin,https://lichess.org/XBV13ZdM/black#108,,True,2,https://lichess.org/training/fmSLG
pSlb3,2r4k/1R6/5PR1/1K4p1/6r1/8/8/8 b - - 0 66,g4f4 g6h6 h8g8 b7g7 g8f8 h6h8,1785,78,93,2357,endgame exposedKing long mate mateIn3 rookEndgame,https://lichess.org/Uq508JV6/black#132,,True,2,https://lichess.org/training/pSlb3
0YoaK,5R2/1p3p1R/5k2/2K1p1p1/4P3/1rr2P2/6PP/8 w - - 4 50,c5d6 c3c6 d6d7 b3d3 d7e8 c6e6,1786,74,100,116,endgame long mate mateIn3 rookEndgame,https://lichess.org/RwErjCI8#99,,True,2,https://lichess.org/training/0YoaK
sfyWk,5r1k/p4r1p/3p3P/2p1n1Q1/8/q1P5/P1R3B1/KR6 b - - 3 35,f8g8 g5g8 h8g8 b1b8 f7f8 g2d5 e5f7 c2g2 g8h8 b8f8,1788,76,89,633,attraction clearance deflection master mate mateIn5 middlegame pin sacrifice veryLong,https://lichess.org/SqDUQuyc/black#70,,True,2,https://lichess.org/training/sfyWk
7QJk8,1R6/p3r1p1/k1p5/1P6/2P3pp/5p1r/P4P2/3R2K1 b - - 0 46,c6b5 d1d6 a6a5 b8b5 a5a4 d6a6,1790,88,100,26,endgame long mate mateIn3 rookEndgame,https://lichess.org/y6Xuta62/black#92,,True,2,https://lichess.org/training/7QJk8
e1FNs,1r3rk1/p4p2/6p1/3pPRQp/2pb3P/8/PPq3P1/2N2R1K b - - 0 28,b8b2 g5g6 f7g6 f5f8 g8h7 f1f7 h7h6 f8h8,1791,165,73,12,kingsideAttack mate mateIn4 middlegame sacrifice veryLong,https://lichess.org/5gMew0Qz/black#56,,True,2,https://lichess.org/training/e1FNs
ooNIX,2k1r3/2p3p1/1pP5/pP6/P1Q2p2/4qPPp/3r1R1P/5RK1 w - - 2 31,c4f4 e3f2 f1f2 e8e1 f2f1 d2g2 g1h1 e1f1,1791,76,96,7850,clearance deflection endgame mate mateIn4 sacrifice veryLong,https://lichess.org/sgOV5y7V#61,,True,2,https://lichess.org/training/ooNIX
yu93O,3r4/5p1p/p2rpPp1/1p6/6k1/7R/PPn2N1P/4R1K1 b - - 7 34,g4f5 h3f3 f5g5 e1e5 g5h6 f3h3,1793,76,93,340,endgame long mate mateIn3,https://lichess.org/tAncUrqe/black#68,,True,2,https://lichess.org/training/yu93O
SXTvP,1r2r2k/4R3/2q1R2p/7N/5P1K/6P1/P4n1P/8 b - - 4 50,c6f3 e6h6 h8g8 e7g7 g8f8 h6f6,1795,76,96,2462,exposedKing long mate mateIn3 middlegame,https://lichess.org/RN75zAZy/black#100,,True,2,https://lichess.org/training/SXTvP
TBoEu,8/4kpr1/p6p/3R2p1/P7/7P/1r4P1/4R1K1 b - - 1 29,e7f6 d5d6 f6f5 g2g4 f5f4 d6f6 f4g3 e1e3 g3h4 f6h6,1795,74,94,7198,endgame mate mateIn5 rookEndgame veryLong,https://lichess.org/Jh5BIuh7/black#58,,True,2,https://lichess.org/training/TBoEu
RF5CF,3r3k/p1p1b1p1/2p2nRp/4B3/1PP1Np2/P2r1P2/4KP2/6R1 b - - 0 31,f6e4 g6h6 h8g8 g1g7 g8f8 h6h8,1795,79,72,61,discoveredAttack fork long mate mateIn3 middlegame pin,https://lichess.org/zsSdAeig/black#62,,True,2,https://lichess.org/training/RF5CF
YyOgU,1r3r2/R7/pp1p1Pp1/2k3b1/8/2P5/PP5P/3R2K1 b - - 0 36,f8f6 a7c7 c5b5 d1d5 b5a4 c7c4,1796,76,93,2034,endgame fork long mate mateIn3,https://lichess.org/3896lq2r/black#72,,True,2,https://lichess.org/training/YyOgU
7jDT3,R2R4/2p1rp1k/2p1b2p/8/4PB2/p1P4P/2P4K/r7 b - - 3 27,a3a2 d8h8 h7g6 a8g8 g6f6 h8h6,1796,89,84,33,deflection endgame long mate mateIn3,https://lichess.org/xXHHWMsv/black#54,,True,2,https://lichess.org/training/7jDT3
UMDdX,8/5r2/8/7R/2PR3p/1PK2p1k/4rP2/8 b - - 6 60,e2f2 h5h4 h3g2 d4g4 g2f1 h4h1 f1e2 g4e4,1796,75,89,491,endgame mate mateIn4 rookEndgame veryLong,https://lichess.org/ERlg4BkA/black#120,,True,3,https://lichess.org/training/UMDdX
2RkgY,1r6/1r6/2p1p1p1/2Pp1k1p/1P1R1P1P/1R4P1/6K1/8 b - - 1 42,f5g4 f4f5 g4f5 d4f4 f5e5 b3e3,1796,78,91,949,attraction discoveredAttack endgame long mate mateIn3 rookEndgame,https://lichess.org/RxCSAPol/black#84,,True,2,https://lichess.org/training/2RkgY
KBCrH,8/8/p3kp2/Pp1R4/5P1K/3R2PP/1p5r/2r5 b - - 11 50,b2b1q f4f5 e6f7 d5d7 f7g8 d7d8 g8h7 d3d7 h7h6 d8h8,1798,75,96,3778,endgame mate mateIn5 queenRookEndgame veryLong,https://lichess.org/3A2rzJkD/black#100,,True,2,https://lichess.org/training/KBCrH
aKfdz,8/p5RR/5k2/5p2/8/6KP/PP1rr3/8 w - - 3 38,g7a7 d2d3 g3h4 e2e4 h4h5 d3h3,1799,75,88,109,deflection endgame long mate mateIn3 rookEndgame,https://lichess.org/evsGwiUg#75,,True,2,https://lichess.org/training/aKfdz
gxIKb,8/5ppp/P1k1p3/2r5/2K5/2P1PP2/1r5P/R6R w - - 1 27,c4d4 b2d2 d4e4 c5c4 e4e5 d2d5,1799,75,94,2352,endgame long mate mateIn3 rookEndgame,https://lichess.org/YNNhSs1u#53,,True,2,https://lichess.org/training/gxIKb
s1IIW,8/8/R7/p5R1/k1pp4/P7/2rr2P1/6K1 b - - 1 46,a4a3 a6a5 a3b4 g5b5 b4c3 a5a3,1801,138,81,29,endgame long mate mateIn3 rookEndgame,https://lichess.org/pybePv1b/black#92,,True,2,https://lichess.org/training/s1IIW
s3ROw,5rk1/1p1R1r1p/p4ppP/q3p3/8/PQ6/1P3PP1/1KR5 b - - 5 30,a5b5 b3f7 f8f7 c1c8 f7f8 d7g7 g8h8 c8f8,1802,76,95,12604,deflection endgame mate mateIn4 sacrifice veryLong,https://lichess.org/X2TNrPKy/black#60,,True,2,https://lichess.org/training/s3ROw
zs4y8,6k1/8/p3Ppp1/1p3q1p/7P/P7/1PRr1QP1/2R3K1 b - - 0 35,d2f2 c2c8 g8h7 c1c7 h7h6 c8h8,1803,77,95,6077,endgame exposedKing long mate mateIn3 queenRookEndgame,https://lichess.org/ODHXim94/black#70,,True,2,https://lichess.org/training/zs4y8
iuJ9y,4R3/p7/5pQ1/8/3P1b1P/4Bk2/Pr5r/3R1K2 w - - 1 37,e3f4 h2h1 g6g1 b2f2 f1e1 h1g1,1804,75,96,7290,endgame exposedKing long mate mateIn3 pin,https://lichess.org/9PLxwpAk#73,,True,2,https://lichess.org/training/iuJ9y
lv98k,1r5r/6p1/p7/R7/1P4Rp/4k3/1P5P/6K1 b - - 6 32,b8b5 a5a3 e3d2 g4g2 d2c1 a3a1,1804,75,91,147,endgame long mate mateIn3 rookEndgame,https://lichess.org/8mis4eiY/black#64,,True,2,https://lichess.org/training/lv98k
u4Ctr,6rr/1b3p2/pp2P2k/5Q2/2P5/1NN5/PP5K/8 w - - 0 33,e6f7 g8g2 h2h3 h6g7 f5h5 h8h5,1806,88,72,41,discoveredAttack endgame exposedKing long mate mateIn3,https://lichess.org/5JhkbWYs#65,,True,2,https://lichess.org/training/u4Ctr
pJYfA,r5k1/2pR2P1/4pb1B/1p5n/p1q5/P1N1p3/1P6/K4R2 b - - 3 31,f6c3 f1f8 g8h7 g7g8q h7h6 d7h7,1807,74,95,1028,advancedPawn doubleCheck exposedKing long mate mateIn3 middlegame promotion,https://lichess.org/ATtAUVTE/black#62,,True,2,https://lichess.org/training/pJYfA
HC61H,r4r2/pppb3k/5R1p/5pqN/7Q/8/PPP3PP/4R1K1 b - - 1 22,g5h4 e1e7 f8f7 e7f7 h7h8 f6h6 h8g8 f7g7 g8f8 h6h8,1808,76,92,1882,fork mate mateIn5 middlegame veryLong,https://lichess.org/CQCOoslg/black#44,,True,3,https://lichess.org/training/HC61H
LRfD3,2r3k1/p4R2/3P2p1/7p/1b5P/6P1/Pr6/5RK1 b - - 0 27,c8c2 f7f8 g8h7 f1f7 h7h6 f8h8,1808,239,43,3,endgame exposedKing long mate mateIn3,https://lichess.org/gc9GSwjC/black#54,,True,2,https://lichess.org/training/LRfD3
1or6Q,1r6/3k3P/R4p2/3pb2R/8/3N4/6r1/3K4 w - - 6 51,h7h8q b8b1 d3c1 g2g1 d1e2 b1b2 e2f3 g1g3,1809,75,93,780,exposedKing mate mateIn4 middlegame veryLong,https://lichess.org/pFaKE4cF#101,,True,3,https://lichess.org/training/1or6Q
8NNwa,1b3R2/1P6/8/1K4kr/6r1/3p4/8/3R4 w - - 8 60,f8b8 g5h4 b5c6 g4g6 c6d7 h5h7 d7e8 g6g8,1810,75,76,184,discoveredAttack endgame mate mateIn4 rookEndgame veryLong,https://lichess.org/PD9VHRue#119,,True,3,https://lichess.org/training/8NNwa
lV0yi,5rkr/1p3pp1/p7/2P1pR2/1P1pq2P/P5QK/8/5R2 b - - 3 39,g7g6 g3g6 f7g6 f5f8 g8h7 f1f7 h7h6 f8h8,1810,77,95,18883,deflection endgame mate mateIn4 sacrifice veryLong,https://lichess.org/hWhma1Lg/black#78,,True,2,https://lichess.org/training/lV0yi
Sizvc,r7/q6p/5R2/4p3/1Ppp1N2/8/rBK1kP2/6R1 b - - 5 38,e2f2 f4h3 f2e2 f6f2 e2e3 g1e1,1811,76,95,2464,doubleCheck long mate mateIn3 middlegame,https://lichess.org/B3eGrksz/black#76,,True,2,https://lichess.org/training/Sizvc
8LBXe,5rk1/7p/5r2/1p1p3Q/p2Pp1P1/2P2q2/PP3PK1/5R1R w - - 1 38,g2g1 f3g3 f2g3 f6f1 g1h2 f8f2 h2h3 f1h1,1811,74,95,1811,deflection discoveredAttack endgame mate mateIn4 sacrifice veryLong,https://lichess.org/x6cKUu7V#75,,True,2,https://lichess.org/training/8LBXe
8xaxi,8/7r/8/1kp2R2/6P1/4K3/RPr2P2/8 w - - 3 53,f2f4 h7h3 e3e4 c2e2 e4d5 h3d3,1815,76,98,2393,endgame long mate mateIn3 rookEndgame,https://lichess.org/2C6JNMPB#105,,True,2,https://lichess.org/training/8xaxi
FxNiJ,8/8/2r5/4p3/2pp1pp1/5kp1/R2K4/6R1 b - - 1 52,e5e4 g1f1 f3g2 d2e1 g2h3 f1h1,1816,78,93,1406,discoveredAttack endgame long mate mateIn3 rookEndgame,https://lichess.org/bYkMk6A4/black#104,,True,2,https://lichess.org/training/FxNiJ
Vy6C6,3k3r/3P4/1pp5/2b1pN2/4P1P1/3R1K2/PP3P1r/3R4 w - - 2 34,f5g7 h8h3 f3e2 h2f2 e2e1 h3h1,1818,79,93,209,endgame long mate mateIn3,https://lichess.org/U8KPGLgb#67,,True,2,https://lichess.org/training/Vy6C6
QFlz0,6R1/8/3p4/3rp3/5p2/2rP1PkP/3RK3/8 b - - 4 57,g3h2 e2f1 h2h3 g8h8 h3g3 d2g2 g3f3 h8h3,1818,77,95,6895,discoveredAttack endgame master masterVsMaster mate mateIn4 rookEndgame sacrifice veryLong,https://lichess.org/GiddJfSm/black#114,,True,3,https://lichess.org/training/QFlz0
0EHIa,2R2R2/2p3rk/pr5p/2p1N1p1/3pP1P1/nP1P2K1/2P5/8 b - - 13 42,g7e7 f8h8 h7g7 c8g8 g7f6 h8h6 f6e5 g8g5,1819,76,96,3381,deflection endgame interference mate mateIn4 veryLong,https://lichess.org/dauqkE7M/black#84,,True,3,https://lichess.org/training/0EHIa
xh7Xg,r4k1r/1p6/8/p1qpR1p1/6pP/P2B4/6PK/1R6 b - - 0 29,c5a3 b1f1 f8g7 e5g5 g7h6 f1f6,1820,77,89,545,endgame exposedKing long mate mateIn3,https://lichess.org/6CUj5HyE/black#58,,True,2,https://lichess.org/training/xh7Xg
BIKb6,5r1k/3Q4/5rq1/7p/7R/8/5PP1/5RK1 w - - 2 48,g2g3 g6g3 f2g3 f6f1 g1h2 f8f2 h2h3 f1h1,1822,76,88,254,endgame mate mateIn4 sacrifice veryLong,https://lichess.org/5FQn8BpF#95,,True,2,https://lichess.org/training/BIKb6
YvT97,1r3rk1/5p2/6p1/p3p1Qp/3q3P/1P1p1R2/6P1/5R1K b - - 3 37,b8b3 g5g6 f7g6 f3f8 g8h7 f1f7 h7h6 f8h8,1823,77,93,298,endgame mate mateIn4 sacrifice veryLong,https://lichess.org/U8mfS8TG/black#74,,True,2,https://lichess.org/training/YvT97
N9x2i,8/8/8/1p1R2R1/4k3/2P4P/pq4PK/8 b - - 1 49,a2a1q d5d4 e4e3 g5e5 e3f2 d4f4,1823,75,96,3670,endgame long mate mateIn3,https://lichess.org/dBe7hXLB/black#98,,True,2,https://lichess.org/training/N9x2i
OypTt,2r1r3/5k1N/p5R1/1p3p2/2ppbP2/1P6/P4K1P/6R1 b - - 7 35,d4d3 g6f6 f7e7 g1g7 e7d8 f6d6,1824,77,94,4167,endgame exposedKing long mate mateIn3,https://lichess.org/jTIqgX7Q/black#70,,True,2,https://lichess.org/training/OypTt
QthZl,r3r3/4Bppp/p1R3b1/8/k1R5/8/5PPP/6K1 b - - 2 27,a4b5 c6c5 b5b6 c4b4 b6a7 c5c7,1829,75,96,496,endgame long mate mateIn3,https://lichess.org/lUEnmBCp/black#54,,True,2,https://lichess.org/training/QthZl
eXbmm,4r2k/R3bR2/8/1p1B4/3p4/6P1/1Pr2K1P/4q3 w - - 0 40,f2e1 e7b4 e1d1 c2d2 d1c1 e8e1,1829,76,94,14886,doubleCheck endgame exposedKing long mate mateIn3,https://lichess.org/NaIFXJy7#79,,True,2,https://lichess.org/training/eXbmm
YryH3,8/ppk2rbp/6p1/4p1P1/4n3/3R4/P1P1KP1P/3R4 b - - 5 26,e4g5 d3c3 c7b6 d1b1 b6a5 c3a3,1832,106,86,56,endgame long mate mateIn3,https://lichess.org/xVOE0LGG/black#52,,True,2,https://lichess.org/training/YryH3
f2tPf,5r1k/ppR3p1/6B1/1b1pR1P1/3P1r2/2P5/P6P/6K1 w - - 1 32,g1g2 b5f1 g2g3 f4f3 g3h4 f8f4 h4h5 f3h3,1834,75,93,1295,endgame mate mateIn4 veryLong,https://lichess.org/isgxs0pe#63,,True,2,https://lichess.org/training/f2tPf
M8PaL,R7/4p2k/3pN1p1/3P1pP1/2P2Pn1/6K1/P1R5/3r3r w - - 5 38,a8e8 d1d3 g3g2 h1h2 g2f1 d3d1,1835,175,37,21,endgame long mate mateIn3,https://lichess.org/f90Z1SLj#75,,True,2,https://lichess.org/training/M8PaL
5hqYe,7k/4R1Rp/2p3pP/1b1p4/p7/2p3K1/PP3r2/5r2 b - - 7 40,c3b2 g7h7 h8g8 e7g7 g8f8 h7h8,1836,73,95,14017,endgame long mate mateIn3,https://lichess.org/TIQu2OD4/black#80,,True,2,https://lichess.org/training/5hqYe
QAJ43,8/1Rk3pp/1R3pb1/2pBp3/2PrP3/r7/6KP/8 b - - 13 43,c7d8 b7b8 d8c7 b6b7 c7d6 b8d8,1839,83,89,33,endgame exposedKing long mate mateIn3,https://lichess.org/hHX3nWJZ/black#86,,True,2,https://lichess.org/training/QAJ43
ANKtY,8/1p2k2r/4p3/1p1p1p1r/2pP1K1P/P1P1P2R/1P5R/8 w - - 2 43,f4e5 f5f4 e5f4 h5f5 f4g4 h7g7,1840,76,93,1441,attraction discoveredAttack endgame long mate mateIn3 rookEndgame,https://lichess.org/jkQ9brsP#85,,True,2,https://lichess.org/training/ANKtY
f1gjf,6k1/p2R4/1pn5/5BK1/8/2r5/6R1/5r2 b - - 0 45,c3c5 g5f6 g8f8 d7f7 f8e8 g2g8,1841,75,92,219,discoveredAttack endgame exposedKing long mate mateIn3,https://lichess.org/DSuWDKd2/black#90,,True,2,https://lichess.org/training/f1gjf
xdajg,2r3k1/4Rp1p/5Q2/5p2/8/3R1PP1/q5KP/1r6 w - - 1 44,g2h3 a2h2 h3h2 c8c2 d3d2 c2d2 e7e2 d2e2 h2h3 b1h1,1844,77,80,556,attraction endgame mate mateIn5 sacrifice veryLong,https://lichess.org/HRngb3YE#87,,True,2,https://lichess.org/training/xdajg
ornmo,8/4Nk2/5r2/R1R3pp/8/5rP1/8/6K1 w - - 6 39,a5a7 f3f1 g1h2 f6f2 h2h3 f1h1,1844,75,99,1816,endgame exposedKing long mate mateIn3,https://lichess.org/zD7ceGGI#77,,True,2,https://lichess.org/training/ornmo
u1GVy,8/6pp/1R1B1pq1/P7/3kP1Pb/2r2r1P/4K3/3R4 b - - 13 41,f3d3 b6b4 c3c4 d1d3 d4e4 b4c4,1845,92,87,48,deflection long mate mateIn3 middlegame pin,https://lichess.org/L2QM0OeQ/black#82,,True,2,https://lichess.org/training/u1GVy
CuE3K,7k/4bR1P/3p2p1/3B2p1/1p1qp3/1P4R1/K7/8 b - - 7 40,e7f6 f7f8 h8h7 g3h3 h7g7 f8g8,1845,135,87,13,endgame exposedKing long mate mateIn3,https://lichess.org/Jk92VhKM/black#80,,True,2,https://lichess.org/training/CuE3K
72Na6,4R3/6p1/5kp1/7p/p7/4R3/P1P3PK/3q4 b - - 12 41,d1c2 e8f8 f6g5 e3g3 g5h6 f8h8,1847,76,89,95,endgame long mate mateIn3 queenRookEndgame,https://lichess.org/jvzwjXIg/black#82,,True,2,https://lichess.org/training/72Na6
bebpe,3r3k/1R6/p3P3/7r/4P1R1/1P6/1PK5/8 w - - 3 37,e6e7 h5c5 c2b1 d8d1 b1a2 c5a5,1847,76,95,1499,endgame long mate mateIn3 rookEndgame,https://lichess.org/t834zUei#73,,True,2,https://lichess.org/training/bebpe
TC2BQ,8/6R1/5p2/p7/2P4P/7k/r3rb1N/5R1K b - - 0 31,f2d4 f1f3 h3h4 g7g4 h4h5 f3h3,1847,75,95,1776,endgame fork long master mate mateIn3,https://lichess.org/uoiXSpPc/black#62,,True,2,https://lichess.org/training/TC2BQ
0OSNJ,5R2/8/2r3p1/5P2/2r1p1p1/p1P1Pk1p/PnRK3P/8 b - - 0 44,g6f5 f8f5 f3g2 d2e1 g2h1 f5f1,1848,75,92,601,discoveredAttack endgame long mate mateIn3,https://lichess.org/V7XWKtyA/black#88,,True,2,https://lichess.org/training/0OSNJ
89fr1,7r/2k1b1r1/2Rp1n2/3Bp1p1/1p2P3/3P1P2/1K5p/R7 b - - 3 42,c7b8 c6b6 b8c8 a1a8 c8d7 b6b7,1849,75,95,3082,exposedKing long mate mateIn3 middlegame,https://lichess.org/GdGllBuK/black#84,,True,2,https://lichess.org/training/89fr1
cNqOT,2k5/pppr4/3p3R/1N6/4P3/4n3/PP4r1/2R4K b - - 1 26,g2d2 h6h8 d7d8 c1c7 c8b8 h8d8,1849,76,79,175,deflection endgame long mate mateIn3,https://lichess.org/ammJYjJS/black#52,,True,2,https://lichess.org/training/cNqOT
gT2NZ,r7/8/7p/p1R1pP1P/R3P1r1/5k2/8/7K w - - 1 39,c5e5 g4h4 h1g1 a8g8 g1f1 h4h1,1850,96,86,63,endgame exposedKing long mate mateIn3 rookEndgame,https://lichess.org/RGWdY1T8#77,,True,2,https://lichess.org/training/gT2NZ
PLS9Z,Q2r4/2pk3p/1p2pp1b/1PqB4/5P2/R5rP/1P3P2/3R1K2 b - - 1 27,d8a8 d5c6 d7e7 d1d7 e7f8 a3a8,1851,78,92,668,doubleCheck fork long mate mateIn3 middlegame,https://lichess.org/LVVq8U1P/black#54,,True,2,https://lichess.org/training/PLS9Z
5hcsE,2r5/7R/5Pp1/p3k3/r7/8/1KPR4/8 w - - 0 39,f6f7 c8b8 b2c3 a4a3 c3c4 b8b4 c4c5 a3c3,1854,75,96,16525,endgame mate mateIn4 rookEndgame veryLong,https://lichess.org/newJHPTp#77,,True,3,https://lichess.org/training/5hcsE
7JQfz,8/p1b3k1/2p3pR/2Pr1pP1/3PpP2/P1B2r2/6KR/8 b - - 14 46,f3c3 h6h7 g7g8 h7h8 g8f7 h2h7 f7e6 h8e8,1854,76,83,212,endgame mate mateIn4 veryLong,https://lichess.org/5e5g6oF9/black#92,,True,2,https://lichess.org/training/7JQfz
OX5y1,2r1k3/5R1R/5p2/1p3P2/1P1K1p2/2r4P/5PP1/8 w - - 0 36,d4e4 c8c4 e4d5 c3d3 d5e6 c4c6,1854,76,63,74,endgame long mate mateIn3 rookEndgame,https://lichess.org/wYndNXHx#71,,True,2,https://lichess.org/training/OX5y1
qUPGV,2r3Q1/1p3R1B/1p1k4/4n3/3K4/4P3/P2r4/R7 w - - 1 40,d4e4 c8c4 e4f5 d2f2 f5g5 c4g4 g5h6 f2h2,1856,75,83,106,mate mateIn4 middlegame veryLong,https://lichess.org/Ia0Am5eM#79,,True,3,https://lichess.org/training/qUPGV
a4FOG,1r2r3/5k2/2p4R/1p2P1R1/p7/8/6PP/6K1 b - - 1 38,b8c8 h6f6 f7e7 g5g7 e7d8 f6d6,1857,76,94,13758,endgame exposedKing long mate mateIn3 rookEndgame,https://lichess.org/NJAcyRMM/black#76,,True,2,https://lichess.org/training/a4FOG
L92DX,3r1rk1/1p3p2/p1pp4/5p1R/2P5/7R/PP5K/8 b - - 1 37,f7f6 h3g3 g8f7 h5h7 f7e6 g3e3,1860,75,95,5546,endgame exposedKing long mate mateIn3 rookEndgame,https://lichess.org/SwDKI5IL/black#74,,True,2,https://lichess.org/training/L92DX
8iMb9,8/ppq1R3/2p3pp/5k2/2P5/5P2/r4PKP/4R3 b - - 4 30,c7b6 e7f7 f5g5 e1e5 g5h4 f7f4,1862,75,78,515,endgame long mate mateIn3 queenRookEndgame,https://lichess.org/95IFZreu/black#60,,True,2,https://lichess.org/training/8iMb9
czkjI,6k1/5p2/4pK1p/3p1P2/3Pr3/1pP2R2/1P1R1P2/6r1 w - - 4 40,f5e6 e4e6 f6f5 g1g5 f5f4 e6e4,1862,132,29,11,endgame long mate mateIn3 rookEndgame,https://lichess.org/JWDybssE#79,,True,2,https://lichess.org/training/czkjI
35Um4,1k6/5pp1/B2N4/4N3/8/2P3r1/1P1K2nr/5R2 w - - 1 32,f1f7 g2f4 d2e1 g3g1 a6f1 h2e2 e1d1 g1f1,1866,75,96,3100,deflection discoveredAttack mate mateIn4 middlegame pin veryLong,https://lichess.org/eGF9rNfs#63,,True,3,https://lichess.org/training/35Um4
vXvWC,8/2R5/5R2/4k1p1/4r3/5p1B/r7/4B1K1 w - - 1 58,c7c6 e4e1 h3f1 a2g2 g1h1 e1f1,1866,76,88,474,deflection endgame exposedKing hangingPiece long mate mateIn3 pin,https://lichess.org/yexWQOJT#115,,True,2,https://lichess.org/training/vXvWC
nOHCy,3r4/p4k1p/4p3/2B2pp1/1nP5/KPb2PP1/P2r1P1P/2R4R w - - 0 28,c1c3 d2a2 a3b4 d8b8 c5b6 b8b6 b4c5 a2a5 c5d4 b6d6 d4e3 a5e5,1867,78,93,3773,endgame mate mateIn5 sacrifice veryLong,https://lichess.org/deQ7BpjX#55,,True,3,https://lichess.org/training/nOHCy
42dMm,3Q4/P4pkp/4p1p1/3p4/3n2P1/1r3PKP/1r6/8 w - - 2 41,a7a8q b3f3 g3h4 d4f5 g4f5 b2b4 h4g5 f3f5,1867,73,95,14896,endgame intermezzo mate mateIn4 sacrifice veryLong,https://lichess.org/ILfNHogQ#81,,True,2,https://lichess.org/training/42dMm
c4n9y,8/1p3k2/4p3/3nNpR1/1p3P1P/6K1/3q2P1/2R5 b - - 4 38,f7f6 g5g6 f6e7 g6g7 e7f8 g7f7 f8g8 c1c8,1868,76,84,121,endgame mate mateIn4 veryLong,https://lichess.org/bNCZcZwv/black#76,,True,2,https://lichess.org/training/c4n9y
lqSuF,8/7r/3Kp1rP/1k1p4/pp5R/8/2P5/1R6 b - - 1 42,g6h6 b1b4 b5a6 b4a4 a6b7 h4b4 b7c8 a4a8,1868,75,93,536,deflection endgame mate mateIn4 rookEndgame veryLong,https://lichess.org/EWRjfv2j/black#84,,True,2,https://lichess.org/training/lqSuF
hjuZ5,8/1p2r1kp/1bp5/8/pr6/4p2N/1P4RK/5R2 b - - 1 37,g7h6 f1f6 h6h5 g2g5 h5h4 f6h6,1869,76,86,76,endgame exposedKing long mate mateIn3,https://lichess.org/WZ91N827/black#74,,True,2,https://lichess.org/training/hjuZ5
ihgth,r4k2/2p3R1/p2p2PP/3Pp2R/Kp6/1Pq2P2/P3n3/8 b - - 1 41,c3b2 h5f5 f8e8 g7g8 e8d7 f5f7,1869,76,91,1321,endgame exposedKing long mate mateIn3,https://lichess.org/h5gcn0F6/black#82,,True,2,https://lichess.org/training/ihgth
wJ8Q9,6r1/1R6/8/p2p3p/k2K1R2/8/P5rP/8 b - - 9 38,g2h2 d4c3 d5d4 f4d4 a4a3 b7b3 a3a2 d4a4,1870,74,96,2501,discoveredAttack endgame mate mateIn4 rookEndgame veryLong,https://lichess.org/T66MgPel/black#76,,True,3,https://lichess.org/training/wJ8Q9
Jlaqj,7k/pp3p1p/4p1r1/3pP3/5p2/2P2P1q/PP1NRQ1K/4R1r1 w - - 0 30,h2h3 g6h6 f2h4 g1g3 h3h2 h6h4,1870,76,98,302,endgame exposedKing long mate mateIn3 pin,https://lichess.org/LeEkX2fY#59,,True,2,https://lichess.org/training/Jlaqj
V8Qni,7r/8/1k3R2/3B4/p2P4/2R5/1n2r3/2K5 b - - 2 35,b6b5 c3c5 b5b4 f6b6 b4a3 c5c3,1871,78,96,16569,endgame long mate mateIn3,https://lichess.org/G1iFiZhu/black#70,,True,2,https://lichess.org/training/V8Qni
keSzK,3r2r1/5k2/p2pR3/1ppPb1Pp/3p1B2/5P2/PPP2P2/4R1K1 b - - 0 25,e5f4 e6f6 f7g7 e1e7 g7h8 f6h6,1872,77,84,97,endgame exposedKing fork long mate mateIn3,https://lichess.org/WsQoMQom/black#50,,True,2,https://lichess.org/training/keSzK
TZneV,2r2rk1/1p3p2/p5pQ/3pPR2/6pP/2P5/2q5/5R1K b - - 0 31,c8c3 h6g6 f7g6 f5f8 g8h7 f1f7 h7h6 f8h8,1872,76,97,12237,endgame mate mateIn4 sacrifice veryLong,https://lichess.org/vsosQSRr/black#62,,True,2,https://lichess.org/training/TZneV
jIHSW,3r2k1/p1Q3bp/6p1/4p3/8/2PqpP2/1r2N1PP/R3RK2 w - - 0 26,a1a7 d3e2 e1e2 d8d1 e2e1 b2f2 f1g1 d1e1,1873,75,96,1677,clearance deflection mate mateIn4 middlegame pin sacrifice veryLong,https://lichess.org/VXNoL0MB#51,,True,2,https://lichess.org/training/jIHSW
ImZPi,8/p2p2kp/1p2p1p1/2p5/2P1N3/3P1r1P/Pr2n3/2RQ1RK1 w - - 2 26,g1h1 f3h3 h1g2 e2f4 g2g1 b2g2,1874,76,91,145,doubleCheck exposedKing kingsideAttack long mate mateIn3 middlegame,https://lichess.org/N26VuVi1#51,,True,2,https://lichess.org/training/ImZPi
9ZYOI,r4k2/5ppp/8/3Np1P1/1RP1P2P/1P2R3/rK6/4n3 w - - 1 34,b2c1 a2a1 c1d2 a8a2 d2c3 a1c1,1876,80,92,1507,endgame exposedKing long master mate mateIn3,https://lichess.org/thgNQgu7#67,,True,2,https://lichess.org/training/9ZYOI
D5PBG,8/5p2/1b1R3p/p3pkr1/P4r2/1B5K/4RP2/8 w - - 0 35,d6b6 g5h5 h3g2 f4g4 g2f1 h5h1,1878,79,96,2247,endgame exposedKing long mate mateIn3,https://lichess.org/0ohSGteL#69,,True,2,https://lichess.org/training/D5PBG
Iw3vS,8/7R/1R5p/3K1p1k/2p5/4r3/P4rPP/8 b - - 0 39,c4c3 h7h6 h5g4 b6g6 g4f4 h6h4,1878,76,89,1932,endgame long mate mateIn3 rookEndgame,https://lichess.org/GzZCaMdp/black#78,,True,2,https://lichess.org/training/Iw3vS
HmPof,4r3/6pp/2R1p1n1/4prP1/7P/3k2P1/PPR5/6K1 b - - 1 34,e5e4 c6c3 d3d4 c2d2 d4e5 c3c5,1879,75,95,2149,endgame long mate mateIn3,https://lichess.org/NL1va6jY/black#68,,True,2,https://lichess.org/training/HmPof
Hl64m,2r2k2/R5R1/4r2p/p5p1/Pp1p2P1/1P1P3P/8/7K w - - 4 44,g7h7 e6e1 h1h2 c8c2 h2g3 e1e3,1879,80,87,43,endgame exposedKing long mate mateIn3 rookEndgame,https://lichess.org/ELLLtwQJ#87,,True,2,https://lichess.org/training/Hl64m
xBJjQ,1kr5/p3Rpp1/P7/2pp4/5Pr1/6p1/8/5RK1 b - - 0 36,g3g2 f1b1 b8a8 b1b7 c8h8 b7a7 a8b8 e7b7 b8c8 a7a8,1880,76,88,124,endgame mate mateIn5 rookEndgame veryLong,https://lichess.org/jrG8qOSb/black#72,,True,3,https://lichess.org/training/xBJjQ
F0Qeo,5r2/5pk1/4pQp1/4P2p/2pPN3/r1n2R2/1q4PP/5RK1 b - - 1 33,g7g8 f6g6 f7g6 f3f8 g8h7 f1f7 h7h6 f8h8,1882,99,85,64,discoveredAttack mate mateIn4 middlegame sacrifice veryLong,https://lichess.org/gODf9R3t/black#66,,True,2,https://lichess.org/training/F0Qeo
Ihi6S,R1k4r/1r3p2/3p4/2N1pP2/2P2p2/2PK1P2/6q1/1R6 b - - 1 38,c8c7 b1b7 c7c6 a8a6 c6c5 b7b5,1887,75,77,97,endgame long mate mateIn3,https://lichess.org/x0ubOBhe/black#76,,True,2,https://lichess.org/training/Ihi6S
7aJdr,4k1r1/8/2R1PR2/p2pN2p/3P3n/7p/PP4r1/5K2 b - - 1 34,h3h2 c6c8 e8e7 f6f7 e7d6 c8c6,1888,75,94,12185,endgame exposedKing hookMate long mate mateIn3,https://lichess.org/5KDSlT4j/black#68,,True,2,https://lichess.org/training/7aJdr
DwxnQ,4R3/1r2N1k1/p2p2p1/1p2n3/1P2r2p/8/1PP5/1K3R2 b - - 0 32,e5c4 e8g8 g7h7 f1f7 h7h6 g8g6 h6h5 f7f5,1890,75,95,12494,endgame mate mateIn4 veryLong,https://lichess.org/C51dWlTQ/black#64,,True,3,https://lichess.org/training/DwxnQ
79Upm,2k1r3/p1p5/1p6/8/1P1K4/P1PR4/4r3/2R5 w - - 0 41,c1d1 e2e4 d4d5 e8e5 d5c6 e4c4,1890,76,93,840,endgame long mate mateIn3 rookEndgame,https://lichess.org/MbQU7wea#81,,True,2,https://lichess.org/training/79Upm
QXERW,8/ppp1k3/2P1p3/2P3p1/3P1PK1/P1B1r3/3N3r/R4R2 w - - 0 33,c6b7 h2g2 g4h5 e3h3 h5g6 g5f4,1892,81,95,15901,discoveredAttack endgame fork long mate mateIn3,https://lichess.org/ut5yuLZl#65,,True,2,https://lichess.org/training/QXERW
1FJc8,4b3/1K2k1r1/2r4R/4PpP1/5P2/1B6/P5P1/R7 w - - 9 44,a2a4 e7d8 b3f7 g7f7 b7b8 c6c8,1892,75,79,77,discoveredAttack endgame long mate mateIn3,https://lichess.org/uue4J9Ek#87,,True,2,https://lichess.org/training/1FJc8
Oyg0J,8/p1rpR3/3R4/5kp1/1p6/7P/1r4P1/7K b - - 5 40,a7a5 g2g4 f5f4 d6f6 f4g3 e7e3 g3h4 f6h6,1892,75,100,277,endgame mate mateIn4 rookEndgame veryLong,https://lichess.org/AK4PozXI/black#80,,True,2,https://lichess.org/training/Oyg0J
zyfqZ,2k5/1pp2R2/r7/pNr5/2P1R2P/8/P5PK/3q4 b - - 4 32,c5h5 e4e8 d1d8 f7c7 c8b8 e8d8,1894,76,94,13967,endgame long mate mateIn3 pin,https://lichess.org/eKJgmGB4/black#64,,True,2,https://lichess.org/training/zyfqZ
VdEcc,3rk1r1/ppN3bp/3p4/4P3/3nP1n1/8/PP4PP/2R2RK1 b - - 4 20,e8d7 f1f7 d7c8 c7a6 d4c2 c1c2,1894,75,98,671,discoveredAttack long mate mateIn3 middlegame,https://lichess.org/Gu2bl59e/black#40,,True,2,https://lichess.org/training/VdEcc
mDk8z,8/R3pk2/3p1pp1/2pP3p/2P4P/6r1/2r5/4RK2 b - - 1 41,g3h3 a7e7 f7g8 e7e8 g8g7 e1e7 g7h6 e8h8,1895,76,94,5951,endgame mate mateIn4 rookEndgame veryLong,https://lichess.org/cyqgfwIc/black#82,,True,2,https://lichess.org/training/mDk8z
UeN95,4r3/6kp/p1pb1r2/1p4pq/3P2n1/2P3P1/PP1NQ2P/R1BB2K1 w - - 0 25,e2g4 e8e1 g1g2 h5h2 g2h2 f6f2 h2h3 e1h1,1896,75,94,14436,attraction kingsideAttack mate mateIn4 middlegame sacrifice veryLong,https://lichess.org/Jx7nYyJM#49,,True,2,https://lichess.org/training/UeN95
kuoNG,1r6/6k1/2pR4/p1P2R2/P1r1pB2/3n2N1/1K3P2/8 w - - 1 45,b2a3 c4c3 a3a2 b8b2 a2a1 c3a3,1896,75,87,86,long mate mateIn3 middlegame,https://lichess.org/5ZBJF6rT#89,,True,2,https://lichess.org/training/kuoNG
2DeG4,r5k1/2p2r2/p3p3/1p4p1/8/P1PQK1q1/2P3P1/2BRR3 w - - 2 34,e3d2 f7f2 e1e2 g3f4 d3e3 a8d8 d2e1 f2f1,1897,75,94,5019,mate mateIn4 middlegame pin veryLong,https://lichess.org/8Pu4bp2q#67,,True,2,https://lichess.org/training/2DeG4
ra8zQ,2r4r/pp3p2/5pp1/3k3p/3R4/3K2P1/PP3PP1/R7 b - - 0 22,d5e5 a1e1 e5f5 d4d5 f5g4 e1e4,1898,72,95,14794,endgame long mate mateIn3 rookEndgame,https://lichess.org/KeUzzUk0/black#44,,True,2,https://lichess.org/training/ra8zQ
vzgxO,5rk1/3b1p2/n2p2pQ/2pPr2p/1pP1P2q/pP3R1P/P3B1P1/5RK1 b - - 3 30,h4g5 h6f8 g8f8 f3f7 f8g8 f7f8 g8h7 f1f7 h7h6 f8h8,1899,76,90,518,attraction fork mate mateIn5 middlegame sacrifice veryLong,https://lichess.org/6z7liCSm/black#60,,True,2,https://lichess.org/training/vzgxO
2o46w,8/5Rk1/pp6/3pP2p/PP6/2r4r/3K4/5R2 b - - 0 41,g7g6 f1f6 g6g5 f7g7 g5h4 f6f4,1902,77,87,115,endgame long mate mateIn3 rookEndgame,https://lichess.org/3GI9xeTl/black#82,,True,2,https://lichess.org/training/2o46w
k0Aum,2k1r3/2p4p/p1N3r1/1Pp1PKn1/P7/2P3PP/8/R5R1 w - - 1 29,a1f1 e8f8 f5g4 g5f3 g4h5 f8f5,1903,73,96,17161,discoveredAttack endgame long mate mateIn3,https://lichess.org/cKGDMd9P#57,,True,2,https://lichess.org/training/k0Aum
ctMdW,6r1/B4R1p/b1pk4/7n/P1p1N2n/1p5r/1P5P/4R2K b - - 1 27,d6e6 e4g5 e6d6 e1e6 d6d5 f7d7,1903,109,65,26,doubleCheck exposedKing long mate mateIn3 middlegame,https://lichess.org/NQ7tLmxJ/black#54,,True,2,https://lichess.org/training/ctMdW
byO2h,5R2/pp2r3/2p1r1kp/8/4pp1P/5P2/PPP5/2K3R1 b - - 3 30,g6h5 f8f5 h5h4 g1g4 h4h3 f5h5,1904,74,96,585,endgame long mate mateIn3 rookEndgame,https://lichess.org/s4DkZqM3/black#60,,True,2,https://lichess.org/training/byO2h
YiZFk,1r6/8/4pp2/2Np1k1R/3P2n1/3K4/1r3PRP/8 b - - 2 36,f5f4 c5e6 f4f3 g2g3 f3f2 h5f5 f2e1 g3g1,1906,76,96,3897,endgame mate mateIn4 veryLong,https://lichess.org/Bylkchan/black#72,,True,2,https://lichess.org/training/YiZFk
lTnG8,6k1/3p1R2/5Pp1/2ppP3/5K2/1P1r3r/8/5R2 w - - 1 37,f7d7 d3d4 f4g5 h3g3 g5h6 d4h4,1907,97,89,44,endgame long mate mateIn3 rookEndgame,https://lichess.org/BT47eaG8#73,,True,2,https://lichess.org/training/lTnG8
RWmo3,2r4k/1b3p1p/p4Pp1/1pbp1N2/7Q/1P2R2R/1qP4P/6K1 b - - 2 29,h7h5 h4h5 g6h5 h3h5 h8g8 f5e7 c5e7 e3g3 g8f8 h5h8,1908,75,96,5410,exposedKing fork mate mateIn5 middlegame sacrifice veryLong,https://lichess.org/3lcWXMtX/black#58,,True,2,https://lichess.org/training/RWmo3
t0k2I,5rk1/3B2p1/4pr2/5q1p/3Pn3/1Q4P1/4RP2/4R1K1 w - - 3 33,e2e4 f5f2 g1h1 f2f1 e1f1 f6f1 h1h2 f8f2 h2h3 f1h1,1910,80,90,700,master mate mateIn5 middlegame sacrifice veryLong,https://lichess.org/s7iT9YYV#65,,True,2,https://lichess.org/training/t0k2I
KBuTT,1r6/pk1r4/1p6/2n5/2Q5/2P2P2/P3RP2/7K w - - 19 38,f3f4 b8h8 h1g1 d7g7 g1f1 h8h1,1911,78,93,579,endgame exposedKing long mate mateIn3,https://lichess.org/sadUQJe5#75,,True,2,https://lichess.org/training/KBuTT
KqJ4j,3R4/p5kp/4r3/1N2Pp2/1R2nP2/8/PPr4P/6K1 w - - 3 27,b5d6 e6g6 g1f1 c2f2 f1e1 g6g1,1912,77,86,65,endgame long master mate mateIn3,https://lichess.org/7uu8UIlK#53,,True,2,https://lichess.org/training/KqJ4j
ANsL1,7k/6r1/3QB2p/4nP2/1P4Pq/6RK/2r5/4R3 w - - 0 43,h3h4 c2h2 g3h3 g7g4 h4h5 h2h3,1912,75,92,1830,deflection long mate mateIn3 middlegame,https://lichess.org/otkOoMQ8#85,,True,2,https://lichess.org/training/ANsL1
MrrqP,1r4k1/p4p1p/3p2pQ/2pP2P1/2n1BP2/4P2R/8/r1K5 w - - 2 33,c1c2 b8b2 c2d3 a1a3 d3c4 b2b4,1912,79,93,714,endgame exposedKing long mate mateIn3 sacrifice,https://lichess.org/3BMLvBLQ#65,,True,2,https://lichess.org/training/MrrqP
Huh0z,5rk1/1b3p2/2q1p1pQ/1p2P3/3r3P/P7/1P3RPK/5R2 b - - 2 32,d4g4 h6f8 g8f8 f2f7 f8g8 f7f8 g8h7 f1f7 h7h6 f8h8,1913,79,91,139084,attraction mate mateIn5 middlegame sacrifice veryLong,https://lichess.org/0RD0yro3/black#64,,True,2,https://lichess.org/training/Huh0z
npx7a,7r/2p2k1r/1p1p4/1P1P1p2/3QpPp1/P5Pq/1PB1R1RP/4n2K w - - 5 34,e2e1 h3h2 g2h2 h7h2 h1g1 h2h1 g1f2 h8h2 f2e3 h1e1,1913,78,90,221,deflection fork mate mateIn5 middlegame sacrifice veryLong,https://lichess.org/mlcIchac#67,,True,2,https://lichess.org/training/npx7a
fCGn2,8/2kp3R/1pp2P2/p1b5/2P5/1P6/1r3r2/3R3K b - - 0 37,f2f6 h7d7 c7c8 d7d8 c8b7 d1d7 b7a6 d8a8,1914,76,94,13395,endgame mate mateIn4 veryLong,https://lichess.org/O1tmGoEe/black#74,,True,2,https://lichess.org/training/fCGn2
c6jLM,1r4k1/3p1ppp/p2P4/q3r3/4B1PP/2p1R3/P1P5/K1QR4 w - - 6 27,e4d3 a5a2 a1a2 e5a5 c1a3 b8b2 a2a1 a5a3,1914,76,94,1634,attraction master mate mateIn4 middlegame pin sacrifice veryLong,https://lichess.org/N8e3YxH0#53,,True,2,https://lichess.org/training/c6jLM
gxUi5,8/6p1/1R5p/p2k4/2r3P1/P1P2R1P/r7/3K4 b - - 0 41,a2a3 f3f5 d5e4 b6e6 e4d3 f5f3,1915,76,97,6032,endgame long mate mateIn3 rookEndgame,https://lichess.org/t7O3PFBP/black#82,,True,2,https://lichess.org/training/gxUi5
jCeon,6k1/3R2p1/p4P2/1pr2Q2/8/P1q4P/5PP1/4R1K1 b - - 0 33,c5f5 e1e8 g8h7 d7g7 h7h6 e8h8,1915,76,94,408,endgame long mate mateIn3 queenRookEndgame,https://lichess.org/VXvsiqme/black#66,,True,2,https://lichess.org/training/jCeon
gfcxL,1r5r/2p4p/1q1pR3/7k/3Q2P1/8/P6P/5RK1 b - - 0 26,h5h4 e6h6 h4g5 h6h5 g5g6 f1f6 g6g7 h5g5,1917,76,90,2330,endgame mate mateIn4 veryLong,https://lichess.org/GwHYVKdd/black#52,,True,2,https://lichess.org/training/gfcxL
WjiLM,1k4rr/ppp1Qp2/3p4/4p3/4P3/1PNP2b1/P2N3P/5R1K w - - 2 24,c3d5 h8h2 h1g1 g3f4 e7g5 g8g5,1917,74,92,1480,discoveredAttack fork long mate mateIn3 middlegame,https://lichess.org/zxYa0178#47,,True,2,https://lichess.org/training/WjiLM
dqlYE,7k/p5p1/6rp/4P2n/8/P7/2P2r1K/R2R1B1Q w - - 0 37,h2h3 g6g3 h3h4 f2f4 h4h5 g3g5,1917,75,95,12734,exposedKing long mate mateIn3 middlegame sacrifice,https://lichess.org/5qgPX4O6#73,,True,2,https://lichess.org/training/dqlYE
efye9,8/8/7k/P2p1r1p/2p4K/2P2P2/3R1R2/7r w - - 1 39,h4g3 f5g5 g3f4 h1h4 f4e3 g5e5,1917,77,89,226,endgame long mate mateIn3 rookEndgame,https://lichess.org/SXUWQTcj#77,,True,2,https://lichess.org/training/efye9
BeGgH,5krr/1p3p2/4Q3/p7/3PP2q/4n1P1/P1B4K/3R1R2 w - - 0 32,g3h4 h8h4 e6h3 g8g2 h2h1 h4h3,1918,74,87,100,exposedKing fork long mate mateIn3 middlegame pin,https://lichess.org/ioNlgSUp#63,,True,2,https://lichess.org/training/BeGgH
dixAn,5r2/4krpK/1P6/3p3p/8/8/4R3/1R6 b - - 0 40,e7f6 b1f1 f6g5 e2g2 g5h4 f1h1,1918,75,88,201,endgame exposedKing long mate mateIn3 rookEndgame,https://lichess.org/sO5RtYRq/black#80,,True,2,https://lichess.org/training/dixAn
tLS6k,8/7R/P1k5/2pp1P2/2n3P1/8/2r1r2P/1R5K b - - 0 40,c4e3 h7h6 c6d7 b1b7 d7e8 h6h8,1919,75,96,6652,endgame long mate mateIn3,https://lichess.org/sQV5Fd0c/black#80,,True,2,https://lichess.org/training/tLS6k
iiDkk,6k1/4r1p1/1p1p2p1/1P4P1/3P4/7Q/2q1r1PK/5R1R b - - 3 38,e7e3 h3h8 g8h8 f1f8 h8h7 h2g1 e3h3 h1h3,1919,78,89,73,attraction discoveredAttack endgame mate mateIn4 sacrifice veryLong,https://lichess.org/v4tQLqtV/black#76,,True,2,https://lichess.org/training/iiDkk
Mxgvm,5R2/7p/1ppp1Rkp/4p3/1pP1P3/3n4/r5PP/7K b - - 4 29,g6g5 f6f5 g5h4 g2g3 h4h3 f5h5 h3g4 h5h4 g4g5 f8f5 g5g6 h4g4,1921,78,93,2306,endgame mate mateIn5 veryLong,https://lichess.org/L4badr4v/black#58,,True,3,https://lichess.org/training/Mxgvm
TT1l4,r3rk2/7R/6Rp/5N2/5P2/2P3P1/p4K1P/8 b - - 1 46,a2a1q g6f6 f8g8 h7g7 g8h8 f6h6,1921,148,43,7,endgame exposedKing long mate mateIn3,https://lichess.org/bcz21UeJ/black#92,,True,2,https://lichess.org/training/TT1l4
j9S55,6r1/pp4pp/3RNpb1/1k1R4/8/5P2/Pr4PP/4K3 b - - 1 26,b5c4 d5c5 c4b4 d6d4 b4a3 c5a5,1922,86,76,55,endgame long mate mateIn3,https://lichess.org/6UYiuMFz/black#52,,True,2,https://lichess.org/training/j9S55
XlRgs,2r5/Q4pkp/5qp1/3BR3/3P3n/8/Pr3PPP/5RK1 w - - 3 23,d5f7 f6f2 f1f2 c8c1 e5e1 c1e1 f2f1 b2g2 g1h1 e1f1,1922,80,92,303,deflection mate mateIn5 middlegame sacrifice veryLong,https://lichess.org/qV97anPD#45,,True,2,https://lichess.org/training/XlRgs
Ahqos,2k5/p3R1R1/1pp5/8/2P3n1/1P1r2P1/P2P2Kr/2B5 w - - 6 35,g2g1 d3g3 g1f1 h2f2 f1e1 g3g1,1925,75,86,641,endgame exposedKing long mate mateIn3,https://lichess.org/PBfBZYeX#69,,True,2,https://lichess.org/training/Ahqos
TEmi4,5r1k/6p1/pB3b1p/1p6/4Q3/PP4R1/6PP/2r3K1 w - - 1 34,g1f2 f6d4 f2e2 f8f2 e2d3 c1d1,1927,77,78,203,doubleCheck endgame long mate mateIn3,https://lichess.org/1hKBJ1OE#67,,True,2,https://lichess.org/training/TEmi4
pVghb,2r1r1k1/5ppp/1p6/p5P1/1n5P/1P1P2Q1/1PPR1P2/2K1q1R1 w - - 7 26,g1e1 e8e1 d2d1 c8c2 c1b1 e1d1,1928,76,95,14613,deflection endgame long mate mateIn3 queensideAttack,https://lichess.org/qqAfWSLJ#51,,True,2,https://lichess.org/training/pVghb
VMeQt,8/4Q3/8/3pP3/P1pPb1k1/1pPr2r1/1P2RK2/8 w - - 13 71,e5e6 d3f3 f2e1 g3g1 e1d2 f3d3,1928,80,97,13273,endgame exposedKing long mate mateIn3,https://lichess.org/aNxMKjB6#141,,True,2,https://lichess.org/training/VMeQt
vahyb,7k/p1R4p/5p2/3r4/5n2/5P2/P2NrRPP/6K1 w - - 0 25,d2e4 d5d1 f2f1 e2g2 g1h1 d1f1,1930,75,88,322,deflection endgame long mate mateIn3,https://lichess.org/k4Yf8LAx#49,,True,2,https://lichess.org/training/vahyb
GcNtN,r1r5/4k3/1R6/2P1R2p/8/p7/6P1/7K b - - 0 49,e7d7 b6d6 d7c7 e5e7 c7b8 d6b6,1931,76,84,232,endgame exposedKing long mate mateIn3 rookEndgame,https://lichess.org/Rnd8Rzwe/black#98,,True,2,https://lichess.org/training/GcNtN
tMDtv,r6k/ppq2p2/2pp1Prp/4pRpQ/3bP1P1/7R/P1P3BP/7K b - - 1 28,c7b6 h5h6 g6h6 h3h6 h8g8 f5g5 g8f8 h6h8,1933,76,96,5624,exposedKing kingsideAttack mate mateIn4 middlegame sacrifice veryLong,https://lichess.org/O3SMgWn8/black#56,,True,2,https://lichess.org/training/tMDtv
nwWLr,8/R7/7k/5ppP/8/1P2p1P1/P3RP1K/2rr4 w - - 5 37,g3g4 d1h1 h2g3 c1g1 g3f3 h1h3,1933,76,95,2480,endgame exposedKing long mate mateIn3 rookEndgame,https://lichess.org/s4iDGmPb#73,,True,2,https://lichess.org/training/nwWLr
3J3eb,8/p3rp2/3p3k/1p1npRR1/7P/1P4P1/r5PK/8 b - - 3 37,d5e3 g5h5 h6g7 f5g5 g7f6 h5h6,1933,87,80,45,endgame exposedKing long mate mateIn3,https://lichess.org/DcRBZgkl/black#74,,True,2,https://lichess.org/training/3J3eb
9T2u9,1r3bk1/pr3p1p/2p1bQpP/6P1/1B1pPP2/P7/1Pq5/KR4NR w - - 0 28,b4f8 c2b1 a1b1 b7b2 b1c1 b2b1 c1d2 b8b2 d2d3 b1d1,1934,74,94,15072,attraction mate mateIn5 middlegame sacrifice veryLong,https://lichess.org/JcZArlyY#55,,True,2,https://lichess.org/training/9T2u9
hlXQ9,6k1/6p1/4R3/3B2p1/8/6b1/2r4r/5RK1 b - - 1 32,c2d2 e6e8 g8h7 d5e4 g7g6 f1f7 h7h6 e8h8,1935,75,93,1253,doubleCheck endgame mate mateIn4 veryLong,https://lichess.org/xIpDdc2x/black#64,,True,2,https://lichess.org/training/hlXQ9
Wm0i7,3R4/p4Qbk/6pp/8/2P5/1P4P1/1rr3P1/1K4R1 w - - 8 32,b1a1 b2a2 a1b1 c2b2 b1c1 a2a1,1935,77,91,171,doubleCheck endgame exposedKing long mate mateIn3,https://lichess.org/KihDfdp3#63,,True,2,https://lichess.org/training/Wm0i7
fQ7Um,3r3k/1R5p/p5p1/3r4/8/1P5P/1PK5/4R3 w - - 0 33,e1e7 d5c5 c2b1 d8d1 b1a2 c5a5,1937,77,84,140,endgame long mate mateIn3 rookEndgame,https://lichess.org/b6jhdequ#65,,True,2,https://lichess.org/training/fQ7Um
QPG1L,8/2pk4/5R2/3P1p2/1P3P1p/5K2/3R3P/5r1r w - - 5 37,f3g2 h1g1 g2h3 f1f3 h3h4 g1g4 h4h5 f3h3,1937,77,93,197,endgame mate mateIn4 rookEndgame veryLong,https://lichess.org/atfzko0L#73,,True,3,https://lichess.org/training/QPG1L
sh3eK,8/4R3/1R1p2pk/8/3rP1Pp/5K1P/PP4n1/2r5 w - - 0 40,f3g2 c1c2 g2f3 d4d3 f3f4 c2f2,1938,79,94,1006,endgame long mate mateIn3 rookEndgame,https://lichess.org/Zu4hF4TH#79,,True,2,https://lichess.org/training/sh3eK
qbTUu,8/2P5/1R2pk2/5p2/5Pp1/1P2R3/3r3r/4K3 b - - 0 42,d2b2 b6e6 f6g7 e6e7 g7g6 e3e6 g6h5 e7h7,1938,74,95,13835,endgame mate mateIn4 rookEndgame veryLong,https://lichess.org/AC0842zw/black#84,,True,2,https://lichess.org/training/qbTUu
9355L,2r5/PRpk3p/8/3p2p1/4p1P1/2R1P1KP/4r3/8 b - - 5 43,c8f8 b7c7 d7d6 c3c6 d6e5 c7e7,1940,75,95,4284,endgame long mate mateIn3 rookEndgame,https://lichess.org/o1ac4VBJ/black#86,,True,2,https://lichess.org/training/9355L
9EVmu,8/2p2r2/2p2pkb/B3pR2/P1P1r1P1/7P/1PP1K3/5R2 w - - 0 34,e2d3 e4e3 d3d2 f7d7 d2c1 e3e1,1940,76,87,541,doubleCheck endgame long mate mateIn3,https://lichess.org/SoywgbrQ#67,,True,2,https://lichess.org/training/9EVmu
Emqwc,6rr/8/pPpkpP2/2Np4/P2P2b1/4P3/5R2/R5KN w - - 3 39,f6f7 g4f3 f2g2 g8g2 g1f1 h8h1,1942,79,77,42,discoveredAttack exposedKing long mate mateIn3 middlegame,https://lichess.org/KALDH467#77,,True,2,https://lichess.org/training/Emqwc
a1l9d,4rr2/7k/2bq2pQ/p2pR3/3B4/6R1/P1P3PP/6K1 b - - 0 31,h7h6 g3h3 h6g7 e5e7 g7g8 h3h8,1942,77,93,2268,doubleCheck long mate mateIn3 middlegame,https://lichess.org/IgtQ5TbJ/black#62,,True,2,https://lichess.org/training/a1l9d
kPtcW,8/5R1k/2p1N2p/1b1p2pP/1P1P2P1/6K1/r2r4/4R3 b - - 5 43,h7g8 f7f8 g8h7 e6g5 h6g5 e1e7 h7h6 f8h8,1945,76,93,1451,clearance endgame exposedKing master mate mateIn4 sacrifice veryLong,https://lichess.org/NNwYXhoA/black#86,,True,2,https://lichess.org/training/kPtcW
2JoOZ,8/4R2p/3p1kp1/2pP4/7P/8/1rr3P1/4R2K b - - 0 34,f6f5 e7f7 f5g4 e1e4 g4h5 f7h7,1946,76,95,5681,endgame long mate mateIn3 rookEndgame,https://lichess.org/yyQNVoyO/black#68,,True,2,https://lichess.org/training/2JoOZ
zxuhh,2r5/1pN1RR2/p2p2pk/2p5/q7/3P2K1/PPP5/8 b - - 0 33,a4c2 f7h7 h6g5 c7e6 g5f6 h7f7 f6e5 e6f4 e5d4 e7e4,1948,74,90,1173,discoveredAttack endgame mate mateIn5 veryLong,https://lichess.org/Q4wlryF3/black#66,,True,2,https://lichess.org/training/zxuhh
uvyE3,5r1k/1p4p1/p3Q3/6Pp/5r1q/6R1/PPP2P2/5RK1 w - - 1 28,g5g6 h4g3 f2g3 f4f1 g1h2 f8f2 h2h3 f1h1,1949,75,77,69,endgame mate mateIn4 veryLong,https://lichess.org/5dFBHv8h#55,,True,2,https://lichess.org/training/uvyE3
oIyTF,8/4rp2/p6k/4PRRp/r4P2/2P5/P7/5K2 b - - 8 45,a4a2 g5h5 h6g7 f5g5 g7f8 h5h8,1950,75,100,232,endgame long mate mateIn3 rookEndgame,https://lichess.org/tXmzF5Vf/black#90,,True,2,https://lichess.org/training/oIyTF
09frX,3r4/4R1b1/1R2Bp2/7k/4P1pN/P1r5/2n2P1P/2B3K1 w - - 2 23,e7g7 d8d1 g1g2 c2e1 g2f1 e1f3 f1e2 d1e1,1951,79,90,3830,discoveredAttack hookMate mate mateIn4 middlegame veryLong,https://lichess.org/b8Twjxpo#45,,True,2,https://lichess.org/training/09frX
QkABr,5R1k/8/6pN/p1p1r3/7R/7P/PPq2P1K/8 b - - 5 33,h8g7 f8f7 g7h8 h6f5 h8g8 f7g7 g8f8 h4h8,1952,76,95,7342,discoveredAttack endgame mate mateIn4 veryLong,https://lichess.org/WZ4i6tNz/black#66,,True,3,https://lichess.org/training/QkABr
bDWjH,1r6/3R1Rp1/1r3bkp/4p3/1Np1P3/2P2P2/PP4PP/1K6 w - - 3 30,b4d5 b6b2 b1c1 b2b1 c1d2 b8b2 d2e3 b1e1,1953,75,97,173,endgame mate mateIn4 queensideAttack veryLong,https://lichess.org/hx0nmMuN#59,,True,2,https://lichess.org/training/bDWjH
DecP2,6Q1/kpR5/p1bp4/8/6p1/2P3P1/5rr1/1R4K1 w - - 2 34,g1h1 g2h2 h1g1 f2g2 g1f1 h2h1,1953,75,94,2712,doubleCheck endgame exposedKing long mate mateIn3,https://lichess.org/fIPyGrRd#67,,True,2,https://lichess.org/training/DecP2
eTZCd,5rk1/4pp2/6p1/p1pq1R1p/1r5P/1P2P1Q1/P2P2P1/5RK1 b - - 1 28,d5d2 g3g6 f7g6 f5f8 g8h7 f1f7 h7h6 f8h8,1958,76,86,276,endgame mate mateIn4 sacrifice veryLong,https://lichess.org/eLRq36fN/black#56,,True,2,https://lichess.org/training/eTZCd
CBJQe,5b2/p4R1p/8/4PRk1/P7/6P1/2rr3P/7K b - - 5 39,g5g6 f7f6 g6g7 f5g5 g7h8 f6f8,1959,79,94,11183,deflection endgame exposedKing fork long mate mateIn3,https://lichess.org/XY6jBRuv/black#78,,True,2,https://lichess.org/training/CBJQe
ILbxO,6R1/3R4/4p1k1/2P2n2/1K1p1P2/1Pr5/8/7q b - - 1 59,g6h5 d7h7 f5h6 g8g5 h5h4 h7h6,1960,75,98,861,deflection endgame long mate mateIn3,https://lichess.org/yebOq6sp/black#118,,True,2,https://lichess.org/training/ILbxO
PMeSG,4k2r/1b2ppb1/pq4p1/1p2PN1p/2r5/P1N1Q3/1PP3PP/3R1R1K b k - 4 20,b6e3 f5g7 e8f8 g7e6 f8g8 d1d8 g8h7 f1f7 h7h6 d8h8,1961,82,96,28713,anastasiaMate deflection hangingPiece mate mateIn5 middlegame pin veryLong,https://lichess.org/4sscTcLE/black#40,,True,2,https://lichess.org/training/PMeSG
LVgfS,1r3rk1/p4p1p/2p1pRpQ/3p2P1/3P4/6PP/P3q3/5RK1 b - - 4 25,b8b2 h6f8 g8f8 f6f7 f8e8 f7f8 e8d7 f1f7 d7d6 f8d8,1962,77,89,875,attraction endgame kingsideAttack mate mateIn5 sacrifice veryLong,https://lichess.org/HO2FBHPg/black#50,,True,2,https://lichess.org/training/LVgfS
0kA9y,8/pp3k2/4Rp2/5P1p/3P3K/r1P4P/4R3/7r b - - 2 43,a3c3 e6e7 f7g8 e7e8 g8g7 e2e7 g7h6 e8h8,1962,77,89,1801,endgame mate mateIn4 rookEndgame veryLong,https://lichess.org/IhcoGBFe/black#86,,True,2,https://lichess.org/training/0kA9y
rqMkV,5r2/pp1r1k1R/2p1pN2/4P3/8/1P5R/2q2PP1/5K2 b - - 3 31,f7g6 h3g3 g6f5 h7h5 f5f4 g3f3,1962,79,76,77,endgame exposedKing long mate mateIn3,https://lichess.org/uVy2KrPp/black#62,,True,2,https://lichess.org/training/rqMkV
HQ1fA,6r1/4k2p/P2N4/2p1Ppn1/R6R/7P/1r4PK/8 w - - 0 42,h2g3 g5e4 g3f4 b2f2 f4e3 g8g3,1963,113,93,22,doubleCheck endgame long mate mateIn3,https://lichess.org/n37IxxQU#83,,True,2,https://lichess.org/training/HQ1fA
5Dard,8/R3pk2/3p1pp1/3P3p/7P/1P2R3/P5rr/5K2 b - - 13 45,g2a2 a7e7 f7g8 e7e8 g8g7 e3e7 g7h6 e8h8,1964,75,95,14766,endgame mate mateIn4 rookEndgame veryLong,https://lichess.org/FdcxzyWe/black#90,,True,2,https://lichess.org/training/5Dard
H5E1n,r1b3nr/pp5p/5Nk1/1qppP1B1/7P/8/P5P1/2R2R1K b - - 1 23,g8f6 f1f6 g6h5 g2g4 h5g4 c1g1 g4h5 f6h6,1965,76,88,109,attraction exposedKing mate mateIn4 middlegame veryLong,https://lichess.org/tv85uN26/black#46,,True,2,https://lichess.org/training/H5E1n
rZJzU,5qk1/1RQ3pp/6r1/2prp3/P1N4n/5P2/1PP2RPP/6K1 w - - 0 26,b7b8 d5d1 f2f1 g6g2 g1h1 d1f1,1965,76,93,1671,deflection kingsideAttack long master masterVsMaster mate mateIn3 middlegame,https://lichess.org/O6xHEDS4#51,,True,2,https://lichess.org/training/rZJzU
om0GQ,r2q1rn1/p4p1k/1p2pPp1/2p1R2Q/3p1P2/P2P1N1P/1PP4K/6R1 b - - 0 28,g6h5 e5h5 g8h6 g1g7 h7h8 h5h6,1965,75,83,165,deflection exposedKing long mate mateIn3 middlegame,https://lichess.org/nFq8R2sJ/black#56,,True,2,https://lichess.org/training/om0GQ
bi07V,1r6/8/5pk1/p3nNpR/6P1/7P/r5P1/3R2K1 b - - 0 39,b8b2 h5h6 g6f7 h6h7 f7g8 h7g7 g8h8 d1d8,1966,77,78,99,endgame mate mateIn4 veryLong,https://lichess.org/c7CdmeRJ/black#78,,True,2,https://lichess.org/training/bi07V
hTgx8,1r3r1k/p2p1p1p/1qn1pp2/2p5/2P5/P3PPR1/1PQ1BP1P/2KR4 b - - 3 19,b6b3 c2h7 h8h7 g3h3 h7g6 d1g1 g6f5 h3h5,1966,76,91,1968,attraction kingsideAttack mate mateIn4 middlegame sacrifice veryLong,https://lichess.org/8XksUs1e/black#38,Nimzo-Indian_Defense Nimzo-Indian_Defense_Classical_Variation,True,2,https://lichess.org/training/hTgx8
hxaBE,5k2/pp1R4/1b1p2P1/3b1p1R/P2n4/4r3/1P6/2K5 b - - 0 38,e3g3 h5h8 d5g8 d7f7 f8e8 h8g8,1968,73,95,15336,deflection endgame exposedKing long mate mateIn3 pin,https://lichess.org/rbetXvR1/black#76,,True,2,https://lichess.org/training/hxaBE
Lpw9h,r1krQ3/pp1n1R2/2pP3p/8/P5q1/2P5/1P4PP/4R1K1 b - - 6 33,g4g6 e8d7 d8d7 e1e8 d7d8 f7c7 c8b8 e8d8,1971,75,81,152,clearance deflection mate mateIn4 middlegame pin queensideAttack sacrifice veryLong,https://lichess.org/PPPFTucc/black#66,,True,2,https://lichess.org/training/Lpw9h
SiT3h,6k1/ppp5/3p1rpR/3b4/4rp2/2P2N2/PP3K2/7R b - - 1 29,f6e6 h6h8 g8f7 h1h7 f7f6 h8f8,1972,76,95,4832,endgame exposedKing long mate mateIn3,https://lichess.org/KeIKViCQ/black#58,,True,2,https://lichess.org/training/SiT3h
GQIB3,8/pR1R3p/6k1/5p2/3K1P2/4rP2/2r5/8 b - - 3 34,e3f3 d7d6 g6h5 b7h7 h5g4 d6g6 g4f4 h7h4,1972,78,92,129,deflection discoveredAttack endgame mate mateIn4 rookEndgame veryLong,https://lichess.org/5xtk2woc/black#68,,True,3,https://lichess.org/training/GQIB3
9dHvX,6r1/pp1Q4/1k1p4/1N6/2n5/8/PPq4r/1KR5 w - - 0 31,c1c2 g8g1 c2c1 h2b2 b1a1 g1c1,1973,77,95,2072,deflection endgame long mate mateIn3 pin,https://lichess.org/lFHP8lFM#61,,True,2,https://lichess.org/training/9dHvX
yNZaT,4r3/p7/1pp5/6N1/5k2/2Br4/PP3K2/6R1 w - - 0 33,g5f7 d3f3 f2g2 e8e2 g2h1 f3h3,1974,77,92,2017,endgame exposedKing long mate mateIn3,https://lichess.org/u1Tghf0K#65,,True,2,https://lichess.org/training/yNZaT
dbFY8,7k/ppR3R1/7p/5N2/4P3/Pr6/5PKP/3rn3 w - - 6 32,g2f1 e1f3 f1g2 d1g1 g2h3 f3g5 h3h4 b3h3,1974,76,95,3867,discoveredAttack doubleCheck endgame hookMate mate mateIn4 veryLong,https://lichess.org/1VoqwQaI#63,,True,3,https://lichess.org/training/dbFY8
RGAxg,4rk1r/1R1Qb1pp/p3Pp2/q3P3/8/8/P1P3PP/3R3K b - - 0 26,a5e5 d7e7 e8e7 d1d8 e7e8 b7f7 f8g8 d8e8,1976,77,75,75,clearance deflection mate mateIn4 middlegame pin sacrifice veryLong,https://lichess.org/lwfdqygQ/black#52,,True,2,https://lichess.org/training/RGAxg
o9lBV,1r4k1/p7/4p3/P1P2qp1/R5p1/2P1P1Pp/3r1P1P/3Q1RK1 w - - 2 27,d1g4 f5f2 f1f2 b8b1 f2f1 d2g2 g1h1 b1f1,1976,75,93,1908,deflection endgame mate mateIn4 sacrifice veryLong,https://lichess.org/XSZX9FEd#53,,True,2,https://lichess.org/training/o9lBV
Usy3J,3r4/8/2k3p1/2P4p/r4P2/P1K1B3/4bP2/R4R2 w - - 11 50,f1e1 a4c4 c3b2 d8b8 b2a2 c4c2,1977,78,93,1318,endgame exposedKing long mate mateIn3,https://lichess.org/MG5ZLY8F#99,,True,2,https://lichess.org/training/Usy3J
cd8nz,8/2R3Rp/5p2/3p1k2/3PP3/6BP/5PPK/rq6 b - - 0 33,d5e4 c7c5 f5e6 d4d5 e6f5 d5d6 f5e6 g7e7,1977,88,38,64,discoveredAttack endgame mate mateIn4 veryLong,https://lichess.org/vuchzdpL/black#66,,True,2,https://lichess.org/training/cd8nz
XFiaW,r7/p1pn2K1/1p4Nr/5k1p/8/2NPb1P1/PPP1Q2P/6R1 w - - 1 26,e2e3 h6g6 g7f7 a8f8 f7e7 g6g7,1977,79,66,61,long mate mateIn3 middlegame,https://lichess.org/6RsrC5dM#51,,True,2,https://lichess.org/training/XFiaW
5sgNV,6r1/Q6p/2pkr3/2pnp3/B1P1b3/8/1P4P1/3R3K w - - 1 34,c4d5 e6h6 h1g1 g8g2 g1f1 h6h1,1978,76,93,885,endgame long mate mateIn3,https://lichess.org/LmIgvSVU#67,,True,2,https://lichess.org/training/5sgNV
iaLCt,1n5k/5rp1/2p1pr2/p1R4p/Pp1Pp1q1/4P1P1/1PQB1P1P/5RK1 w - - 0 25,h2h4 g4g3 f2g3 f6f1 g1h2 f7f2 h2h3 f1h1,1979,76,96,3836,kingsideAttack mate mateIn4 middlegame sacrifice veryLong,https://lichess.org/RFYy6bvo#49,,True,2,https://lichess.org/training/iaLCt
EuMc9,3r2k1/pRR4N/3r2pb/5p2/8/1P2p1PP/5P2/6K1 w - - 0 39,f2e3 d6d1 g1g2 d8d2 g2f3 d1f1,1980,78,92,2570,endgame exposedKing long mate mateIn3,https://lichess.org/N3nQz7hG#77,,True,2,https://lichess.org/training/EuMc9
Jmaqi,1r6/8/6p1/2pB1k2/2P5/1K4R1/5r2/6R1 w - - 3 52,b3a4 f2a2 g3a3 b8b4 a4a5 a2a3,1981,85,83,87,deflection endgame long mate mateIn3,https://lichess.org/t1GwbGZf#103,,True,2,https://lichess.org/training/Jmaqi
mqdkl,4R3/1p4pp/pp2Rkr1/8/P2P4/7P/2r3PK/8 b - - 6 37,f6f5 e6e5 f5f4 e5e4 f4g5 e8e5 g5h6 e4h4,1982,80,91,1058,endgame mate mateIn4 rookEndgame veryLong,https://lichess.org/L8s6lIJW/black#74,,True,2,https://lichess.org/training/mqdkl
NOhBL,4R3/p4p2/1p3P1k/2p3p1/3q2P1/P2p2K1/1PP5/5R2 b - - 1 29,d3c2 e8h8 h6g6 h8g8 g6h7 g8g7 h7h8 f1h1,1983,83,92,57,endgame mate mateIn4 queenRookEndgame veryLong,https://lichess.org/FaEfnp0j/black#58,,True,2,https://lichess.org/training/NOhBL
iJJxO,5r2/3k3p/p1bp2p1/qr4P1/2pB1P2/2P5/P1PQ3P/K2RR3 w - - 1 24,d4f6 a5a2 a1a2 b5a5 a2b1 f8b8 b1c1 a5a1,1984,79,95,16038,attraction mate mateIn4 middlegame sacrifice veryLong,https://lichess.org/afFA36hZ#47,,True,2,https://lichess.org/training/iJJxO
chBbr,7k/6r1/8/3p1Q2/1P1PpP2/1P2P3/5KPr/8 w - - 5 59,f5d5 h2g2 f2e1 g2g1 e1d2 g7g2 d2c3 g1c1,1984,77,79,116,endgame mate mateIn4 queenRookEndgame veryLong,https://lichess.org/JVkHEhsY#117,,True,2,https://lichess.org/training/chBbr
tfMjX,3r1rk1/p4p2/1p4p1/5R2/7P/3P1RQ1/4q1PK/8 b - - 4 25,d8d4 g3g6 f7g6 f5f8 g8h7 f3f7 h7h6 f8h8,1985,81,94,12686,endgame mate mateIn4 sacrifice veryLong,https://lichess.org/fG1A1mZo/black#50,,True,2,https://lichess.org/training/tfMjX
LJTHi,6rk/pb5p/1p1pNn1r/5p2/2PP3q/P3PpP1/1PQ2P1K/R3RB2 w - - 0 24,g3h4 h6h4 f1h3 g8g2 h2h1 h4h3,1986,76,91,1772,deflection exposedKing long master mate mateIn3 middlegame pin,https://lichess.org/TqBU0ELZ#47,,True,2,https://lichess.org/training/LJTHi
GuiJR,r5kr/pp1Qnpp1/4p1bp/q7/1b2NNPP/1P3P2/P1P5/2KR1B1R b - - 2 18,a5a2 d7d8 a8d8 d1d8 g8h7 e4g5 h6g5 h4g5 g6h5 h1h5,1987,120,71,35,discoveredAttack kingsideAttack mate mateIn5 middlegame sacrifice veryLong,https://lichess.org/xwjGjPIJ/black#36,Queens_Pawn_Game Queens_Pawn_Game_Other_variations,True,2,https://lichess.org/training/GuiJR
mKOTK,r4rk1/1pp1qpb1/7p/3pn3/p1n1p2R/P1Q1PPB1/1PP1BP2/2K3R1 b - - 1 21,e5f3 c3g7 g8g7 g3e5 g7h7 g1g7 h7h8 h4h6,1991,77,93,273,attraction deflection doubleCheck kingsideAttack mate mateIn4 middlegame sacrifice veryLong,https://lichess.org/COW7nlsW/black#42,,True,2,https://lichess.org/training/mKOTK
9YC10,r4k2/2R4R/p4r1p/5bNp/8/P3n2P/6P1/6K1 b - - 3 33,f6g6 h7h8 g6g8 c7f7 f8e8 h8g8,1991,77,95,2323,deflection exposedKing long mate mateIn3 middlegame pin,https://lichess.org/HMzleqt7/black#66,,True,2,https://lichess.org/training/9YC10
ErMLd,5rk1/1p3p2/p1p1pRpQ/P1P1P2p/6rP/3qP3/1P4P1/5RK1 b - - 3 28,d3e4 h6f8 g8f8 f6f7 f8g8 f7f8 g8h7 f1f7 h7h6 f8h8,1992,80,92,2696,attraction endgame kingsideAttack mate mateIn5 sacrifice veryLong,https://lichess.org/j5T6gXLx/black#56,,True,2,https://lichess.org/training/ErMLd
TTgzH,6k1/1RP2p2/8/r5K1/3r4/5p2/2R3PP/8 w - - 2 48,g5f6 d4d6 f6e7 d6e6 e7d8 a5d5 d8c8 e6e8,1993,77,89,1133,endgame mate mateIn4 rookEndgame veryLong,https://lichess.org/dv2UWzOC#95,,True,2,https://lichess.org/training/TTgzH
Jchkd,r1b2R2/1pR4k/4p2P/3pP3/3n2P1/6r1/p7/K7 b - - 9 48,h7h6 f8f6 h6g5 c7g7 g5h4 f6h6,1994,76,81,135,endgame exposedKing long mate mateIn3,https://lichess.org/lWerewBJ/black#96,,True,2,https://lichess.org/training/Jchkd
8Zj02,8/2R4p/p1k1p1p1/4BpP1/P1p2P2/2Pr1rbK/6R1/8 b - - 7 42,c6b6 g2b2 b6a5 c7c5 a5a4 b2b4 a4a3 c5a5,1995,76,95,14329,endgame mate mateIn4 veryLong,https://lichess.org/wWHUuZVk/black#84,,True,3,https://lichess.org/training/8Zj02
rbHt3,2r5/7R/R3kp2/8/4P3/1pp2K1P/1r4P1/8 b - - 1 45,e6e5 h7h5 f6f5 h5f5 e5d4 f5d5 d4c4 a6a4,1997,78,54,58,endgame mate mateIn4 rookEndgame veryLong,https://lichess.org/PRrhy5aX/black#90,,True,2,https://lichess.org/training/rbHt3
BdYm6,6k1/1R4p1/2p4p/p1Bp2K1/P2Pr1P1/2P1P2r/8/4R3 w - - 0 32,g5f5 h3f3 f5g6 e4e6 g6h5 f3h3,1997,76,88,149,endgame long mate mateIn3,https://lichess.org/3keT01Wd#63,,True,2,https://lichess.org/training/BdYm6
4L2mI,6k1/1bN2ppp/7r/2Q1PPrq/p7/1P1P1R1P/P5P1/3R3K w - - 3 31,c5e7 h5h3 f3h3 h6h3 h1g1 g5g2 g1f1 h3h1,1999,79,92,113,kingsideAttack mate mateIn4 middlegame pin sacrifice veryLong,https://lichess.org/E9vYi1rm#61,,True,2,https://lichess.org/training/4L2mI
Qk1xj,5r2/4k1p1/p2R2Pp/rp2K3/4P3/6P1/8/3R4 b - - 0 42,f8e8 d6e6 e7f8 d1f1 f8g8 e6e8,2000,84,78,43,deflection endgame exposedKing long mate mateIn3 rookEndgame,https://lichess.org/ZvN8m3Mp/black#84,,True,2,https://lichess.org/training/Qk1xj
SK7tl,2r2k2/pR4bR/5Np1/4pBB1/3r4/3n2P1/P4P2/3K4 w - - 0 29,b7g7 d3f4 f5d3 d4d3 d1e1 c8c1,2000,73,95,14913,discoveredAttack exposedKing long mate mateIn3 middlegame,https://lichess.org/8e5jdswp#57,,True,2,https://lichess.org/training/SK7tl
p16h5,7k/8/7r/1p3Pp1/4R1P1/3R4/2r5/6K1 b - - 4 45,h6h2 e4e8 h8g7 d3d7 g7f6 e8e6,2000,77,94,1754,endgame exposedKing long mate mateIn3 rookEndgame,https://lichess.org/1yPyvRzE/black#90,,True,2,https://lichess.org/training/p16h5
WyWJP,r6r/ppp3p1/3P1nkp/8/2B5/qPp2P1P/n1P2P2/1K1R2R1 b - - 2 20,g6h5 c4f7 g7g6 f7g6 h5h4 d1d4 f6e4 d4e4 h4h3 g1g3 h3h2 e4h4,2003,83,93,331,mate mateIn5 middlegame veryLong,https://lichess.org/beATclZK/black#40,,True,2,https://lichess.org/training/WyWJP
DuxOk,7k/p4Q1p/1p3P2/1Pp5/2PprK2/8/P3r1PP/8 w - - 5 30,f4g3 e2e3 g3f2 e4f4 f2g1 e3e1,2006,82,95,16704,endgame exposedKing long mate mateIn3 queenRookEndgame,https://lichess.org/6fjSJCt6#59,,True,2,https://lichess.org/training/DuxOk
L1Cbv,7r/5p1p/pr1k4/1pP2P2/5b2/5R2/PP5P/3R3K b - - 0 28,d6c5 f3c3 c5b4 d1d4 b4a5 c3a3,2008,78,87,76,endgame fork long mate mateIn3,https://lichess.org/0YoR145u/black#56,,True,2,https://lichess.org/training/L1Cbv
CRjA6,7k/p3bQp1/4p1P1/6Np/7P/4PP2/r1r1NK2/8 w - - 5 36,g5e6 e7h4 f2f1 a2a1 f1g2 c2e2 g2h3 a1h1,2008,79,95,11843,deflection endgame mate mateIn4 veryLong,https://lichess.org/iVM11FIf#71,,True,2,https://lichess.org/training/CRjA6
As4PT,1r6/5kR1/2p5/pnq1pN2/4P3/2P2P2/P2r4/K6R b - - 1 31,f7e8 h1h8 c5f8 g7e7 e8d8 h8f8,2009,75,97,892,exposedKing long mate mateIn3 middlegame pin,https://lichess.org/ECJ0vs8C/black#62,,True,2,https://lichess.org/training/As4PT
tw0XF,6r1/3P1R2/7R/4k3/P7/3r1p2/8/7K w - - 0 49,h6f6 d3d1 h1h2 g8g2 h2h3 d1h1,2010,78,79,103,endgame exposedKing long mate mateIn3 rookEndgame,https://lichess.org/XJWZ2QzO#97,,True,2,https://lichess.org/training/tw0XF
LIvtt,3r2r1/1p2Rp2/1p1k4/8/QPP3n1/8/P1RP1P2/6K1 w - - 2 26,e7b7 g4e3 g1h2 g8g2 h2h3 d8h8,2010,82,86,144,discoveredAttack endgame long mate mateIn3,https://lichess.org/DsBGAglq#51,,True,2,https://lichess.org/training/LIvtt
unt6y,8/ppp2r2/8/3PR2p/PrPpP3/6k1/7R/4K3 w - - 3 49,h2h5 b4b1 e1e2 f7f2 e2d3 b1d1,2012,76,81,119,endgame exposedKing long mate mateIn3 rookEndgame,https://lichess.org/6VRcCRc3#97,,True,2,https://lichess.org/training/unt6y
1M6gJ,2n3kr/1pr1pR2/3p2p1/p2P2N1/P1P4Q/1q6/6PP/5RK1 b - - 2 29,h8h4 f7f8 g8g7 g5e6 g7h7 f1f7 h7h6 f8h8,2013,79,95,16621,anastasiaMate exposedKing fork mate mateIn4 middlegame veryLong,https://lichess.org/V8ElcsU1/black#58,,True,2,https://lichess.org/training/1M6gJ
Fp2YS,8/1p3kbR/p3p3/P1p1Pp2/2P2P2/1P1rQ3/2qrNK1P/6R1 b - - 2 37,d3e3 h7g7 f7e8 g7g8 e8d7 g1g7 d7c6 g8c8,2014,77,90,500,mate mateIn4 middlegame veryLong,https://lichess.org/PjK0M773/black#74,,True,2,https://lichess.org/training/Fp2YS
lwolE,1Rr2rk1/5p2/2pQpPp1/2Pp2Pp/p4P2/3q4/7P/1R5K b - - 5 38,a4a3 d6f8 c8f8 b8f8 g8h7 f8f7 h7g8 f7g7 g8h8 b1b8,2019,75,95,11261,endgame kingsideAttack mate mateIn5 veryLong xRayAttack,https://lichess.org/7qXZevMR/black#76,,True,2,https://lichess.org/training/lwolE
c7d1u,2k5/ppp2p2/4b3/3pB3/1P1P1Q2/P1R2p1r/3N1Kr1/8 w - - 1 32,f2e1 h3h1 d2f1 g2e2 e1d1 h1f1,2020,76,95,3247,deflection exposedKing long mate mateIn3 middlegame,https://lichess.org/rov7XHjK#63,,True,2,https://lichess.org/training/c7d1u
6PhRL,8/R3pk2/3p1p2/3P1Ppp/3r4/8/Pr4PP/4R1K1 b - - 9 38,d4d5 a7e7 f7g8 e7e8 g8g7 e1e7 g7h6 e8h8,2020,83,89,63,endgame mate mateIn4 rookEndgame veryLong,https://lichess.org/52DD7WCb/black#76,,True,2,https://lichess.org/training/6PhRL
ycq2G,4rqk1/p2R1p1p/5Pp1/2pQ4/8/3P4/P1r3PP/1R5K b - - 3 28,e8b8 d5f7 f8f7 b1b8 f7f8 d7g7 g8h8 b8f8,2022,73,95,13663,deflection endgame mate mateIn4 pin sacrifice veryLong,https://lichess.org/5fllvrKO/black#56,,True,2,https://lichess.org/training/ycq2G
9uGd2,8/3R1R2/4k3/4p1p1/1P2P1K1/1r4P1/6r1/8 w - - 17 46,g4g5 g2g3 g5h6 g3h3 h6g7 b3g3 g7f8 h3h8,2022,78,95,13413,endgame mate mateIn4 rookEndgame veryLong,https://lichess.org/p5muUh6A#91,,True,2,https://lichess.org/training/9uGd2
L1STc,rn3rk1/2R2ppp/3Q4/p3Nb2/Np6/1q6/5PPP/3R2K1 b - - 4 22,b3a4 d6f8 g8f8 d1d8 a4e8 c7f7 f8g8 d8e8,2024,75,95,10041,attraction fork mate mateIn4 middlegame pin sacrifice veryLong,https://lichess.org/o9QzihHb/black#44,,True,2,https://lichess.org/training/L1STc
IutKk,r1r2k2/4b2p/4p1pN/p2n2P1/3B3Q/P2p3P/1P3P2/K2b3R w - - 4 29,h4g3 c8c1 a1a2 d5b4 a3b4 a5b4 d4a7 a8a7,2026,75,86,220,discoveredAttack mate mateIn4 middlegame sacrifice veryLong,https://lichess.org/MhZHg37G#57,,True,2,https://lichess.org/training/IutKk
etYYx,2r3k1/4Rr1p/p5pP/1p1Q1p2/5q2/1P6/8/1K1R4 b - - 1 34,c8f8 d5f7 f8f7 d1d8 f7f8 e7g7 g8h8 d8f8,2027,76,95,13776,clearance deflection endgame mate mateIn4 sacrifice veryLong,https://lichess.org/voVyszDl/black#68,,True,2,https://lichess.org/training/etYYx
XA44w,8/pkp5/1p3N2/3P4/QB6/P6p/1r4r1/4R2K w - - 5 43,e1e8 g2h2 h1g1 b2g2 g1f1 h2h1,2027,74,95,14464,endgame exposedKing long mate mateIn3,https://lichess.org/Q5ipMryW#85,,True,2,https://lichess.org/training/XA44w
6YHhg,4R3/pp3kp1/2p5/1q1r1pN1/8/1P4P1/P3R1KP/8 b - - 4 41,f7g6 e2e6 g6g5 h2h4 g5g4 e6g6 g4h5 g6g5 h5h6 e8h8,2027,79,89,378,endgame mate mateIn5 sacrifice veryLong,https://lichess.org/6QxPIHQe/black#82,,True,2,https://lichess.org/training/6YHhg
Kj6kb,r7/1R6/4p1qk/3p1p1p/3P1P1P/r3P3/4Q1RK/8 b - - 0 39,g6f6 e2h5 h6h5 b7h7 f6h6 g2g5 h5h4 h7h6,2027,76,95,4199,attraction endgame mate mateIn4 pin sacrifice veryLong,https://lichess.org/M0aqpFEf/black#78,,True,2,https://lichess.org/training/Kj6kb
Ijtgq,5k1r/7r/p1p1Q3/1p2p1p1/P3PpP1/2P2Pq1/1P3R1N/3R2K1 w - - 3 27,f2g2 g3g2 g1g2 h7h2 g2f1 h2h1 f1e2 h8h2 e2d3 h1d1,2028,75,90,623,attraction deflection exposedKing kingsideAttack mate mateIn5 middlegame veryLong,https://lichess.org/mCCEajY1#53,,True,2,https://lichess.org/training/Ijtgq
96L3i,2R2b1k/7p/4N3/p3p2B/R3n3/1P2P2P/3r1rP1/6K1 w - - 5 28,e6f8 f2g2 g1f1 d2f2 f1e1 g2g1,2028,75,94,7129,long mate mateIn3 middlegame,https://lichess.org/DqNGngLw#55,,True,2,https://lichess.org/training/96L3i
u5BI9,8/8/2R2R1p/6nr/1kN3p1/1P4P1/P4r2/7K w - - 4 52,h1g1 g5h3 g1h1 h3f4 h1g1 f2g2 g1f1 h5h1,2029,78,96,1714,discoveredAttack endgame exposedKing master mate mateIn4 veryLong,https://lichess.org/TAeNv9RI#103,,True,2,https://lichess.org/training/u5BI9
gxtQO,2rr4/pp1k1ppp/4q3/4Q3/1N1Kp3/P3PP2/1PPB3P/R6R w - - 6 27,e5e6 d7e6 b4d5 d8d5 d4e4 c8c4,2032,76,85,89,discoveredAttack long mate mateIn3 middlegame,https://lichess.org/r8GTnQ8B#53,,True,2,https://lichess.org/training/gxtQO
7Xamq,4r1k1/2Qb1pp1/7p/5p2/2pP4/2P3P1/3n2P1/1r3BKR w - - 0 29,c7d7 b1f1 g1h2 d2f3 g2f3 e8e2 h2h3 f1h1,2032,77,95,3868,deflection endgame mate mateIn4 veryLong,https://lichess.org/ZgQ6YUzq#57,,True,2,https://lichess.org/training/7Xamq
R2PuE,1r1Q3k/1q4b1/p1r1N1pp/8/1P5R/P5P1/5P2/3R2K1 b - - 9 42,b8d8 d1d8 g7f8 h4h6 h8g8 d8f8,2033,77,95,5177,exposedKing long mate mateIn3 middlegame pin,https://lichess.org/yF3CTLVB/black#84,,True,2,https://lichess.org/training/R2PuE
wp8R4,7k/2p1P1p1/3p1r1p/p2P4/Pp5n/3B1r1K/1P1RR2P/8 w - - 3 38,h3h4 f6f4 h4h5 f3h3 h5g6 f4f6,2034,78,90,1076,endgame long mate mateIn3,https://lichess.org/pOhnafVZ#75,,True,2,https://lichess.org/training/wp8R4
39yy2,8/p4Bk1/2pBP1p1/2P5/Pp2b3/2r4r/8/2K1R1R1 w - - 15 42,c1d2 h3d3 d2e2 c3c2 e2f1 d3f3,2036,82,89,227,exposedKing long mate mateIn3 middlegame,https://lichess.org/q5ojbBIo#83,,True,2,https://lichess.org/training/39yy2
HV5e7,r7/p3qp1k/1p2pp1Q/3rP3/3b4/6R1/PP2PPKP/6R1 b - - 0 24,h7h6 g3h3 h6g5 g2f3 g5f5 h3h5,2038,78,89,1252,discoveredAttack endgame exposedKing long mate mateIn3,https://lichess.org/u1niakb4/black#48,,True,2,https://lichess.org/training/HV5e7
U1ivw,5r2/p7/8/3P4/P2R4/5bB1/1kr4P/4R1K1 w - - 3 43,g3e5 c2g2 g1f1 f3e4 e5f4 f8f4,2040,75,94,4430,discoveredAttack endgame long mate mateIn3,https://lichess.org/3GIBeDbB#85,,True,2,https://lichess.org/training/U1ivw
BZ1J0,r6k/1pp4p/p1n1p1r1/2Pp4/3Pp3/1B2Pq1P/PP1Q1PR1/6RK w - - 4 26,h1h2 f3h3 h2h3 g6h6 h3g3 a8g8 g3f4 h6f6,2041,76,92,1846,attraction mate mateIn4 middlegame sacrifice veryLong,https://lichess.org/1KLp8nQ3#51,,True,2,https://lichess.org/training/BZ1J0
saivD,8/pb1r1k2/1pr2pp1/3N3p/7P/5PP1/PP2R2K/4R3 b - - 4 34,d7d5 e2e7 f7g8 e7e8 g8h7 e1e7 h7h6 e8h8,2042,81,86,147,endgame fork mate mateIn4 veryLong,https://lichess.org/xWOsUVxw/black#68,,True,2,https://lichess.org/training/saivD
SXiO1,6rk/ppp4p/3b1r2/8/4Rp1q/2P2Q2/PPB2P1B/4R2K w - - 7 29,e4e8 h4h2 h1h2 f6h6 f3h3 f4f3 e1e5 d6e5 e8e5 g8g2 h2h1 h6h3,2044,78,91,361,attraction discoveredAttack exposedKing kingsideAttack mate mateIn5 middlegame pin sacrifice veryLong,https://lichess.org/1tCdbSxP#57,,True,2,https://lichess.org/training/SXiO1
IE7vQ,6Qk/ppb2p1p/2p2p1q/3p3N/3r1P2/7R/PPP3PP/4R2K b - - 0 30,h8g8 e1e8 h6f8 h3g3 g8h8 e8f8,2044,77,95,9681,endgame kingsideAttack long mate mateIn3 pin,https://lichess.org/SqFDuI6V/black#60,,True,2,https://lichess.org/training/IE7vQ
Yu4pq,4QR2/p6p/4r1r1/8/3P3K/4k3/P7/8 w - - 1 41,e8b8 g6h6 h4g5 e6g6 g5f5 h6h5,2045,76,92,1665,endgame long master mate mateIn3 queenRookEndgame,https://lichess.org/JaFAk6j4#81,,True,2,https://lichess.org/training/Yu4pq
tTXLG,4k3/3R2R1/p6p/1ppBr3/1n6/2N3P1/PPP2r1P/2K5 w - - 0 28,d7a7 e5e1 c3d1 f2c2 c1b1 e1d1,2047,78,81,273,deflection long mate mateIn3 middlegame queensideAttack,https://lichess.org/0I4HDRiT#55,,True,2,https://lichess.org/training/tTXLG
tesGV,5rk1/ppq1Rppp/r4p2/5N2/nP1R2P1/1QP4P/P7/6K1 b - - 3 24,c7c3 b3f7 f8f7 d4d8 f7f8 e7g7 g8h8 d8f8,2048,76,94,9469,deflection kingsideAttack mate mateIn4 middlegame sacrifice veryLong,https://lichess.org/j0wrWjce/black#48,,True,2,https://lichess.org/training/tesGV
Ilo5e,8/r7/1r6/2K2pp1/p2P3p/3R1PkP/R5P1/8 b - - 9 53,b6a6 f3f4 g3f4 d3f3 f4e4 a2e2,2050,81,91,364,attraction discoveredAttack endgame long mate mateIn3 rookEndgame,https://lichess.org/lwRZQ4bx/black#106,,True,2,https://lichess.org/training/Ilo5e
Fqrpx,2r4r/1n5p/pk3p2/4pP2/1PK1P2P/8/4B3/R5R1 w - - 4 37,c4d5 h8d8 d5e6 d8d6 e6f7 c8c7 f7g8 d6d8,2051,76,95,6565,endgame mate mateIn4 veryLong,https://lichess.org/0vU7FIIj#73,,True,2,https://lichess.org/training/Fqrpx
BnD2p,4r3/7k/RR6/1p5p/8/2P1K1P1/P6r/8 w - - 2 38,e3f4 h2f2 f4g5 e8e5 g5h4 f2h2,2051,76,97,1033,endgame long mate mateIn3 rookEndgame,https://lichess.org/OAOlXiWC#75,,True,2,https://lichess.org/training/BnD2p
LGJn1,8/p4R2/1p6/2b2N2/6kP/P7/1r2r3/2K2R2 b - - 1 33,b2a2 f7g7 g4h3 f1h1 e2h2 g7g3,2051,75,88,723,endgame long mate mateIn3,https://lichess.org/FwJAUaH7/black#66,,True,2,https://lichess.org/training/LGJn1
x4Ks2,3r2k1/5p1p/1pK3p1/r2n4/8/6P1/1N1N3P/1RR5 w - - 0 29,b2c4 a5c5 c6b7 c5c7 b7a6 d8a8 a6b5 c7c5,2051,75,95,11856,mate mateIn4 middlegame veryLong,https://lichess.org/08QwMlPg#57,,True,2,https://lichess.org/training/x4Ks2
AQfHM,6k1/R5pp/2B1p1q1/4P3/3p4/7P/5r2/6RK b - - 0 30,g6h5 a7g7 g8f8 g7g8 f8e7 g1g7 f2f7 g8e8,2051,79,89,130,endgame mate mateIn4 veryLong,https://lichess.org/Vq3dZMEZ/black#60,,True,2,https://lichess.org/training/AQfHM
r8f1F,4k3/5R1R/8/2p3N1/1p1b1PP1/3P1K2/pqP5/8 b - - 2 40,a2a1q f7e7 e8f8 h7f7 f8g8 e7e8,2052,75,95,1428,endgame exposedKing long mate mateIn3,https://lichess.org/3gI8J8Kt/black#80,,True,2,https://lichess.org/training/r8f1F
LHh1D,r7/p1R1pr1p/1p2k1p1/2p1PpB1/1nP5/7P/1P1R2P1/7K b - - 5 30,b4a6 c7c6 e6e5 d2d5 e5e4 c6e6,2052,87,68,109,endgame long master mate mateIn3,https://lichess.org/pL38FhO3/black#60,,True,2,https://lichess.org/training/LHh1D
z8SM9,r4rk1/1b6/p6R/1pp1pP2/4p3/2P1P3/PPp3P1/2K4R b - - 1 27,a8d8 h6g6 g8f7 h1h7 f7e8 g6e6,2053,80,91,1184,endgame exposedKing long mate mateIn3,https://lichess.org/N4enGEBc/black#54,,True,2,https://lichess.org/training/z8SM9
mBs7u,4k3/pp4R1/4pQ2/3p4/8/4K2r/PPr5/8 w - - 2 38,e3d4 c2c4 d4e5 h3e3 e5d6 c4c6,2053,79,83,124,endgame long mate mateIn3 queenRookEndgame,https://lichess.org/RvwCNWII#75,,True,2,https://lichess.org/training/mBs7u
dPZau,6k1/p1p2p2/2q5/3p1RQ1/6PP/2P1r3/P3r3/5R1K b - - 8 34,c6g6 g5g6 f7g6 f5f8 g8h7 f1f7 h7h6 f8h8,2053,77,89,178,endgame mate mateIn4 veryLong,https://lichess.org/0ZQF0Kec/black#68,,True,2,https://lichess.org/training/dPZau
76DCT,1R1Q4/5pkp/6p1/2b5/6P1/6P1/4rr2/3R1K2 w - - 7 41,f1g1 f2g2 g1f1 e2f2 f1e1 g2g1,2054,78,92,258,doubleCheck endgame exposedKing long mate mateIn3,https://lichess.org/M63l0kb8#81,,True,2,https://lichess.org/training/76DCT
m73g3,1r6/6Q1/p2kp1P1/2npR1P1/8/2p5/1PP5/1K1N1r2 w - - 1 36,e5e3 f1d1 b1a2 b8b2 a2a3 d1a1,2056,83,92,1361,endgame hangingPiece long mate mateIn3 pin,https://lichess.org/XdIrQA1e#71,,True,2,https://lichess.org/training/m73g3
z0msP,8/8/1r2k3/3pNp1p/p2R1PbP/P1p5/1PKR4/4r3 w - - 0 62,c2c3 e1c1 d2c2 b6b3 c3d2 c1d1,2056,75,95,2341,endgame exposedKing long master mate mateIn3,https://lichess.org/LsOVlT5n#123,,True,2,https://lichess.org/training/z0msP
PJN0n,3R4/pp3p1p/1k1R4/4P3/1P6/K5P1/1r3r1P/8 b - - 5 30,b6b5 d6d5 b5a6 d5a5 a6b6 d8d6 b6c7 a5c5 c7b8 d6d8,2057,79,94,9048,endgame mate mateIn5 rookEndgame veryLong,https://lichess.org/dU7ZCpMV/black#60,,True,3,https://lichess.org/training/PJN0n
PyxSO,5rk1/1p3p1p/p5p1/3p1R2/1P5P/2P3Q1/q3r1P1/5R1K b - - 0 29,h7h5 g3g6 f7g6 f5f8 g8h7 f1f7 h7h6 f8h8,2057,77,94,10622,endgame mate mateIn4 sacrifice veryLong,https://lichess.org/zEtTEDfA/black#58,,True,2,https://lichess.org/training/PyxSO
ncHk6,8/p5RR/5k2/8/P1r4P/6K1/3r4/8 w - - 7 49,g7a7 c4c3 g3g4 d2d4 g4h5 c3c5 h5h6 d4h4,2059,78,92,252,deflection endgame mate mateIn4 rookEndgame veryLong,https://lichess.org/lLwNYGm5#97,,True,3,https://lichess.org/training/ncHk6
pkvpg,5rk1/5p2/3P1RpQ/2p1q2b/1pPp3P/1P1P4/r5B1/5RK1 b - - 0 28,e5g3 h6f8 g8f8 f6f7 f8g8 f7f8 g8h7 f1f7 h7h6 f8h8,2060,75,99,168,attraction kingsideAttack mate mateIn5 middlegame sacrifice veryLong,https://lichess.org/zGJtCPqQ/black#56,,True,2,https://lichess.org/training/pkvpg
rZDGR,8/1pp2r1k/p6R/6B1/5pRP/P7/6PK/3q1r2 b - - 7 39,h7g8 g5f6 f7g7 g4g7 g8f8 h6h8,2060,87,80,31,discoveredAttack endgame exposedKing long mate mateIn3,https://lichess.org/gL9e6sAv/black#78,,True,2,https://lichess.org/training/rZDGR
dQNF8,7k/7p/ppR1N1p1/3p4/1P1P2P1/5rnP/P3K3/2R2r2 w - - 7 33,e2d2 f1f2 d2d1 f3d3 d1e1 f2f1,2061,77,90,1101,endgame exposedKing long master mate mateIn3,https://lichess.org/ZHqiO4qJ#65,,True,2,https://lichess.org/training/dQNF8
gnaxM,3r2k1/p7/8/4p2R/PP6/2rpn2P/6BK/6R1 b - - 0 39,d3d2 g2d5 g8f8 g1g8 f8e7 h5h7 e7d6 g8d8,2062,78,92,1089,deflection doubleCheck endgame exposedKing mate mateIn4 veryLong,https://lichess.org/aGRMnNUf/black#78,,True,3,https://lichess.org/training/gnaxM
o93UB,6r1/2p3k1/p3Q1p1/1p1nP1q1/1P1Pb2p/P3P2P/5RP1/5R1K b - - 0 32,d5e3 e6g8 g7g8 f2f8 g8h7 f1f7 h7h6 f8h8,2063,77,88,205,attraction mate mateIn4 middlegame sacrifice veryLong,https://lichess.org/D7sbxfmA/black#64,,True,2,https://lichess.org/training/o93UB
jLH7X,r5k1/1pp4p/3pN1b1/3Pp1Q1/1pP5/5P2/r5P1/2K4R w - - 2 32,h1h6 a2a1 c1d2 a8a2 d2e3 a1e1,2066,92,89,1169,endgame exposedKing long mate mateIn3 queensideAttack,https://lichess.org/tAqFx4Gi#63,,True,2,https://lichess.org/training/jLH7X
PzG8w,8/5pk1/1p2p1p1/1b1pPP1p/pB1P3q/P3QR2/r1r3PP/4R2K w - - 1 31,f5e6 h4h2 h1h2 c2g2 h2h3 g2h2 h3g3 a2g2 g3f4 h2h4,2068,85,91,3199,attraction kingsideAttack mate mateIn5 middlegame sacrifice veryLong,https://lichess.org/zQjv8WAu#61,,True,2,https://lichess.org/training/PzG8w
IFpF3,3r2k1/1R3ppp/4p3/4P3/5n1Q/P4P2/1Prq1BPP/5RK1 w - - 5 27,h4e7 d2f2 f1f2 d8d1 f2f1 c2g2 g1h1 d1f1,2069,81,91,911,clearance deflection kingsideAttack master mate mateIn4 middlegame sacrifice veryLong,https://lichess.org/adyWJj1l#53,,True,2,https://lichess.org/training/IFpF3
yGGqR,2k5/5R2/1p3p1p/1N2p3/8/8/Pr5r/2R2K2 b - - 1 38,c8b8 f7f8 b8b7 b5d6 b7a7 c1c7 a7a6 f8a8,2069,85,96,8394,anastasiaMate endgame exposedKing mate mateIn4 veryLong,https://lichess.org/YkO6Wnsu/black#76,,True,2,https://lichess.org/training/yGGqR
Bnpho,8/pp2rp2/7k/2p2RR1/2P4P/1P1n4/P3r1PK/8 b - - 6 32,d3e1 g5h5 h6g7 f5g5 g7f6 h5h6,2070,78,96,4333,endgame exposedKing long mate mateIn3,https://lichess.org/5cKVpJm3/black#64,,True,2,https://lichess.org/training/Bnpho
HM3Ik,8/p3rp2/Pp5k/2p2RRp/3p3P/8/2P2PPK/4r3 b - - 10 45,e1e4 g5h5 h6g7 f5g5 g7f6 h5h6,2071,77,94,11927,endgame long mate mateIn3 rookEndgame,https://lichess.org/hun5D5pM/black#90,,True,2,https://lichess.org/training/HM3Ik
Sm0IM,4r2k/2R5/b7/R7/1np5/B1N5/PPPK1rPP/8 w - - 1 33,d2c1 e8e1 c3d1 f2c2 c1b1 e1d1,2072,79,91,519,deflection long mate mateIn3 middlegame,https://lichess.org/WeFT5mgz#65,,True,2,https://lichess.org/training/Sm0IM
SRCn2,3Q4/p1R2pk1/6r1/3p2K1/3Pp3/P3P1P1/4b2P/1r6 w - - 1 38,g5f5 b1f1 f5e5 g6e6 e5d5 f1f5,2073,75,88,82,endgame long mate mateIn3,https://lichess.org/v0PpVTlQ#75,,True,2,https://lichess.org/training/SRCn2
wxF8E,rnb3kr/pppp3p/4p1p1/4P1B1/4P3/5R2/PPP3PP/R5K1 b - - 0 17,h7h6 a1f1 h6g5 f3f8 g8h7 f1f7 h7h6 f8h8,2075,78,85,340,deflection exposedKing fork mate mateIn4 middlegame quietMove sacrifice veryLong,https://lichess.org/4JeECVGi/black#34,Alekhine_Defense Alekhine_Defense_Krejcik_Variation,True,2,https://lichess.org/training/wxF8E
lnPTe,6r1/p4p1p/Qnk1P1r1/1pp5/5n2/3P4/P3RPPK/5R2 w - - 2 29,e2e3 g6h6 e3h3 g8g2 h2h1 h6h3,2076,76,95,3183,deflection discoveredAttack long mate mateIn3 middlegame,https://lichess.org/eiQnIgiu#57,,True,2,https://lichess.org/training/lnPTe
PXg10,r7/3RB2p/1R2p1p1/2P1p3/1pk1P3/r4P2/1K4PP/8 w - - 8 34,c5c6 a3a2 b2c1 a2a1 c1d2 a8a2 d2e3 a1e1,2076,78,87,105,endgame exposedKing mate mateIn4 veryLong,https://lichess.org/zkhcLVIV#67,,True,2,https://lichess.org/training/PXg10
j2PXN,6r1/1pp5/2b3kR/3rR1B1/p7/5P2/P5P1/6K1 b - - 4 32,g6f7 h6f6 f7g7 e5e7 g7h8 f6h6,2077,76,94,318,endgame exposedKing long mate mateIn3,https://lichess.org/u09GjjlO/black#64,,True,2,https://lichess.org/training/j2PXN
VXEdp,2k3r1/2p5/6K1/2NP1n1p/8/5r2/3R1P1P/R7 w - - 3 37,g6f7 f5h6 f7e7 f3f7 e7e6 g8e8,2080,83,87,191,doubleCheck endgame long mate mateIn3,https://lichess.org/P3eoR1jj#73,,True,2,https://lichess.org/training/VXEdp
6SoOL,5rk1/pp3p1p/4pQP1/1b2P3/3p3R/P2r2P1/3K1P2/8 w - - 1 32,d2c2 f8c8 c2b1 d3d1 b1b2 d1d2 b2b3 c8c3 b3b4 d2b2 b4a5 c3a3,2080,77,95,2753,deflection endgame exposedKing mate mateIn5 veryLong,https://lichess.org/lZqkIi0Q#63,,True,3,https://lichess.org/training/6SoOL
N3INf,3r2rk/pb3q1p/1p3R1P/2p2p2/7Q/2P5/PP3PP1/3R2K1 w - - 0 29,f6f7 d8d1 g1h2 g8g2 h2h3 d1h1,2080,79,99,872,endgame hangingPiece long mate mateIn3,https://lichess.org/JWqd65JN#57,,True,2,https://lichess.org/training/N3INf
UKlCk,2r1r1k1/pp2P3/4R1R1/6Pp/8/P4pp1/1P6/1K6 b - - 0 39,g8f7 e6f6 f7e7 g6g7 e7d8 f6d6,2081,75,95,14197,endgame exposedKing long mate mateIn3 rookEndgame,https://lichess.org/F7kYYLz0/black#78,,True,2,https://lichess.org/training/UKlCk
cmvna,3rr3/1Qpk1ppp/3p4/3P2qP/3nPp2/P2K4/5P2/1R5R b - - 3 25,g5e5 b7c7 d7c7 h1c1 d4c2 c1c2 e5c3 c2c3 c7d7 b1b7,2082,78,74,232,attraction mate mateIn5 middlegame sacrifice veryLong,https://lichess.org/nScxu9le/black#50,,True,2,https://lichess.org/training/cmvna
2GMGn,7r/1bpNk3/pp2p1Q1/4P1P1/2PP2P1/3B2r1/PP6/6K1 w - - 5 38,g1f1 h8h1 f1f2 g3g2 f2e3 h1h3 e3f4 g2f2,2085,77,95,388,endgame exposedKing mate mateIn4 veryLong,https://lichess.org/jhOV0GcB#75,,True,3,https://lichess.org/training/2GMGn
mbHIi,7R/4R3/5kp1/8/6nP/1Pr3P1/r5B1/6K1 w - - 1 43,e7b7 a2a1 g2f1 c3g3 g1h1 a1f1,2085,77,86,84,deflection endgame exposedKing long mate mateIn3,https://lichess.org/30s3K5vG#85,,True,2,https://lichess.org/training/mbHIi
FYVUW,6r1/k1pq1p1p/p1p3r1/3pP3/3P2P1/1RP2P1b/P2NQ2K/6R1 b - - 0 24,h3g4 e2a6 a7a6 b3a3 a6b7 g1b1 b7c8 a3a8,2088,77,95,1107,attraction mate mateIn4 middlegame sacrifice veryLong,https://lichess.org/qY1asQFJ/black#48,,True,2,https://lichess.org/training/FYVUW
OMSW5,7k/R5R1/1B2p2p/4Pp2/1P3n2/r7/2r3PP/5K2 w - - 2 39,g2g3 a3f3 f1e1 c2e2 e1d1 f3f1,2088,78,94,2368,endgame exposedKing long mate mateIn3,https://lichess.org/UEP3afSw#77,,True,2,https://lichess.org/training/OMSW5
OZDgL,1r3k1r/1p5p/p7/8/4R3/2PnR2P/PP3P2/5K2 b - - 1 32,d3b2 e4f4 f8g7 e3g3 g7h6 f4h4,2089,76,93,4417,endgame exposedKing long mate mateIn3,https://lichess.org/kEx1pkgg/black#64,,True,2,https://lichess.org/training/OZDgL
GD7hZ,8/5R2/pp6/3p2kp/2n5/2P1pK2/r7/6R1 b - - 1 48,g5h4 f7f4 h4h3 g1g3 h3h2 f4h4,2089,75,94,11027,endgame long mate mateIn3,https://lichess.org/i0JtkxVO/black#96,,True,2,https://lichess.org/training/GD7hZ
PYimS,r6r/1pp1kp2/3p3R/p2BBq2/2P5/Pn5P/3Q1P2/4R2K b - - 0 38,b3d2 e5f6 e7d7 e1e7 d7d8 h6h8,2090,76,93,309,doubleCheck fork interference long master masterVsMaster mate mateIn3 middlegame,https://lichess.org/jkKLSFOG/black#76,,True,2,https://lichess.org/training/PYimS
kZFoy,1r6/2RR4/6kp/P5p1/8/4P2P/1p3PPK/r7 b - - 2 41,b2b1q d7d6 g6f5 c7c5 f5e4 d6d4,2090,79,93,156,endgame long master mate mateIn3 queenRookEndgame,https://lichess.org/ZHApCBF6/black#82,,True,2,https://lichess.org/training/kZFoy
Hv0eK,5rk1/1p3rpp/2p5/p7/2P3qP/PPQ1P1P1/1B1R1P2/6K1 w - - 5 33,d2d4 f7f2 d4g4 f2f1 g1h2 f8f2 h2h3 f1h1,2091,77,92,1087,endgame kingsideAttack mate mateIn4 sacrifice veryLong,https://lichess.org/49X0DG1f#65,,True,2,https://lichess.org/training/Hv0eK
TSMoi,3r4/5p2/p1rB2kP/2P2p2/p2Kb3/4R3/P4R2/8 b - - 3 48,g6h6 f2h2 h6g5 e3g3 g5f6 h2h6,2092,78,92,318,endgame exposedKing long master mate mateIn3,https://lichess.org/Ixwb9WDP/black#96,,True,2,https://lichess.org/training/TSMoi
fWAvz,6rk/Rp2P1q1/7r/3p4/3P3p/1PP2pPQ/5P1K/4R3 w - - 1 35,g3h4 g7g2 h3g2 h6h4 g2h3 g8g2 h2h1 h4h3,2093,82,92,317,deflection endgame exposedKing mate mateIn4 pin sacrifice veryLong,https://lichess.org/2HWfuLac#69,,True,2,https://lichess.org/training/fWAvz
Hqb8g,r4r2/pp2RB1k/2p2p1p/5q2/8/6R1/PPP2PPP/6K1 b - - 0 22,a8d8 f7g6 h7h8 e7h7 h8g8 g6f5,2093,76,97,651,discoveredAttack doubleCheck endgame fork long mate mateIn3,https://lichess.org/RkSHlZ26/black#44,,True,2,https://lichess.org/training/Hqb8g
6QgfB,r1r5/1b2b1pk/2n2n2/pp1N1R2/8/1P2PP2/P1P5/BK4R1 b - - 0 29,f6d5 f5h5 h7g8 g1g7 g8f8 h5h8,2095,82,64,60,fork long mate mateIn3 middlegame,https://lichess.org/9UK4IOxe/black#58,,True,2,https://lichess.org/training/6QgfB
mIAsg,3r1r1k/pp4p1/2pp3N/2n1p3/2P5/P6R/Bq5P/6RK b - - 0 25,f8f2 h6f5 h8g8 g1g7 g8f8 h3h8,2096,81,86,291,discoveredAttack long master mate mateIn3 middlegame,https://lichess.org/Ykl8jDJe/black#50,,True,2,https://lichess.org/training/mIAsg
D39mt,5rk1/4rp2/p3PRpQ/1p5p/5R1P/2P5/q5PK/8 b - - 0 40,e7e6 h6g6 f7g6 f6f8 g8h7 f4f7 h7h6 f8h8,2100,77,86,375,endgame mate mateIn4 sacrifice veryLong,https://lichess.org/e0QeAgrp/black#80,,True,2,https://lichess.org/training/D39mt
4Frv4,5Qnk/5N2/4p2r/3p3p/5Rb1/6P1/Pr1q2P1/5RK1 b - - 4 27,h8h7 f7g5 h7h8 f8g8 h8g8 f4f8 g8g7 f1f7 g7g6 f8g8,2101,76,95,1115,attraction exposedKing mate mateIn5 middlegame sacrifice veryLong,https://lichess.org/LI0CvJGG/black#54,,True,2,https://lichess.org/training/4Frv4
YWnE9,5k2/5R1R/1n6/2p3N1/8/7P/5PPK/qq6 b - - 1 43,f8e8 f7e7 e8f8 h7f7 f8g8 e7e8,2102,82,94,356,endgame exposedKing long mate mateIn3,https://lichess.org/tkfvhqXW/black#86,,True,2,https://lichess.org/training/YWnE9
auu3u,5rr1/1kp2Q2/1pNp4/8/P3nP2/6P1/1PP3K1/R7 w - - 3 33,f7d5 g8g3 g2f1 f8f4 f1e1 g3e3 e1d1 f4f1,2102,76,99,964,endgame mate mateIn4 veryLong,https://lichess.org/Rbuf4aN3#65,,True,3,https://lichess.org/training/auu3u
GkPqm,1r3k2/2R3p1/4p2p/3b1p1P/3P1B2/6P1/5P1K/1rR5 b - - 1 28,b8b2 c7c8 f8e7 c1c7 e7f6 c8f8,2102,79,94,11404,endgame long mate mateIn3,https://lichess.org/nOJtojvE/black#56,,True,2,https://lichess.org/training/GkPqm
T1O1Y,4r1k1/p1pN1r1p/1pn3p1/6P1/4P1K1/5N2/PPPPb1BP/R1B4R w - - 3 18,g2f1 e8e4 g4g3 f7f3 g3g2 e4g4,2105,147,22,18,long mate mateIn3 middlegame,https://lichess.org/bhBO1ep7#35,Grob_Opening Grob_Opening_Other_variations,True,2,https://lichess.org/training/T1O1Y
n9wY2,6rk/R6p/5R2/p2p3P/3Pb3/r4N2/5PP1/6K1 w - - 1 31,f3e5 a3a1 g1h2 g8g2 h2h3 a1h1,2108,77,96,1097,endgame long mate mateIn3,https://lichess.org/2qevEPHZ#61,,True,2,https://lichess.org/training/n9wY2
LKc6l,8/p5r1/2R3P1/3p3r/4k1Kp/P1P5/1P3p2/3R4 b - - 1 41,h5f5 c6e6 f5e5 d1d4 e4e3 e6e5,2109,109,51,26,deflection endgame long mate mateIn3 rookEndgame,https://lichess.org/jhtqPrnD/black#82,,True,2,https://lichess.org/training/LKc6l
zgjQ0,8/8/1P1k1p2/1PR3p1/3P2p1/4r1r1/6K1/6R1 w - - 3 36,g2f2 g3f3 f2g2 e3e2 g2h1 f3h3,2112,79,94,12395,endgame exposedKing long mate mateIn3 rookEndgame,https://lichess.org/TdeKQ26X#71,,True,2,https://lichess.org/training/zgjQ0
WfX8y,7r/1p3r1k/p1p1p3/2PpPp2/PP1P3q/4P2K/2Q5/2R3B1 w - - 0 35,h3h4 f7g7 c2e2 h7g8 e2h5 g7g4 h4h3 h8h5,2112,75,86,465,discoveredAttack endgame mate mateIn4 pin veryLong,https://lichess.org/XOUMcKTx#69,,True,2,https://lichess.org/training/WfX8y
mHJHc,4r1k1/5p1p/1Q4p1/8/4q2P/PPp5/2Pr1P2/1KR3R1 w - - 3 44,g1g3 e4c2 c1c2 e8e1 c2c1 d2b2 b1a1 e1c1,2115,76,86,173,clearance deflection endgame mate mateIn4 pin sacrifice veryLong,https://lichess.org/80IOj2Cx#87,,True,2,https://lichess.org/training/mHJHc
YXugi,3r4/pb3p1Q/6rp/1B2R3/PkP5/8/2P2PP1/6K1 w - - 1 33,h7f7 d8d1 e5e1 d1e1 g1h2 g6g2 h2h3 e1h1,2116,83,91,134627,endgame mate mateIn4 veryLong,https://lichess.org/8qhxqFxu#65,,True,2,https://lichess.org/training/YXugi
47i2C,2r3k1/7R/1B6/5p2/4p2R/1K1nP3/P7/1r6 w - - 6 34,b3a3 c8c3 a3a4 b1b4 a4a5 c3a3,2118,83,85,862,endgame exposedKing fork long mate mateIn3,https://lichess.org/3ypNFIbo#67,,True,2,https://lichess.org/training/47i2C
09iOu,7r/2kp2R1/p3P3/1ppb4/3pP2r/3P2p1/PPP3P1/RN3K2 w - - 0 23,e4d5 h4f4 f1e1 h8h1 e1e2 f4f2,2119,79,90,247,endgame long mate mateIn3,https://lichess.org/KSorGXsC#45,,True,2,https://lichess.org/training/09iOu
KGQND,5R2/5R1p/p1p1p1pk/1p1qP3/1P1b2P1/P6P/7K/2B5 b - - 3 43,g6g5 c1g5 h6g6 f7f6 g6g5 f8g8 g5h4 f6h6,2120,75,94,1324,endgame mate mateIn4 sacrifice veryLong,https://lichess.org/e8qY9ypU/black#86,,True,2,https://lichess.org/training/KGQND
dBriM,4rk2/2R3R1/5p2/2p5/2N4P/1P1p4/2P2r2/2K5 w - - 0 44,g7h7 e8e1 c1b2 f2c2 b2a3 e1a1,2122,79,93,10466,endgame long mate mateIn3,https://lichess.org/ggLwugZy#87,,True,2,https://lichess.org/training/dBriM
lLGqT,8/R2k1p2/2pP1b2/ppP5/1q6/6Pr/P4P2/4R1K1 b - - 1 30,d7c8 e1e8 f6d8 a7c7 c8b8 e8d8,2123,80,88,175,deflection endgame exposedKing long mate mateIn3 pin,https://lichess.org/rqQFylSj/black#60,,True,2,https://lichess.org/training/lLGqT
H3Jnu,5rk1/1p3p2/p5pQ/3r4/5R1P/1P1pq3/1PP3P1/5R1K b - - 3 33,d5h5 h6g6 f7g6 f4f8 g8h7 f1f7 h7h6 f8h8,2123,75,96,7140,endgame mate mateIn4 sacrifice veryLong,https://lichess.org/6z0nXsIg/black#66,,True,2,https://lichess.org/training/H3Jnu
LtHov,1R1n2r1/5p1k/4pQ2/3p3P/3Pb3/2r5/5PP1/6K1 w - - 7 35,b8d8 c3c1 g1h2 g8g2 h2h3 c1h1,2125,76,93,9879,endgame long mate mateIn3,https://lichess.org/QSfx1q6f#69,,True,2,https://lichess.org/training/LtHov
rCHsX,6k1/pp4pp/2p1r3/3n4/3B4/1P1r3q/P1K3R1/3Q2R1 b - - 5 31,d3d1 g2g7 g8f8 g7g8 f8e7 g1g7 e7d6 g8d8,2125,83,93,847,mate mateIn4 middlegame veryLong,https://lichess.org/EqbI6tQy/black#62,,True,2,https://lichess.org/training/rCHsX
gSPpc,6k1/1b3rp1/p4p1p/1p2pP1N/4P3/P5R1/1Pr3PP/3R3K b - - 4 29,b7e4 d1d8 f7f8 g3g7 g8h8 d8f8,2125,78,95,912,deflection endgame long mate mateIn3,https://lichess.org/K59ZgDRy/black#58,,True,2,https://lichess.org/training/gSPpc
o1GHU,5rk1/pR6/2p5/6NR/P3P1nP/6P1/1P1r4/6K1 w - - 1 33,g5e6 d2d1 g1g2 g4e3 g2h2 f8f2 h2h3 d1h1,2126,86,98,141,anastasiaMate endgame exposedKing mate mateIn4 veryLong,https://lichess.org/yyTAr7Hu#65,,True,2,https://lichess.org/training/o1GHU
s8bZk,6r1/8/3pR2k/p1bP1R2/5p1p/P4N1P/1r6/7K b - - 1 38,h6h7 f5f7 g8g7 f3g5 h7h8 e6e8 g7g8 f7h7,2128,75,90,238,endgame exposedKing mate mateIn4 pin veryLong,https://lichess.org/yVzrEig1/black#76,,True,2,https://lichess.org/training/s8bZk
4M54N,7k/6p1/7p/4Pp2/4nP1N/r3r1P1/PR2K2P/1R6 w - - 11 37,e2d1 a3d3 d1c1 e3e1 c1c2 d3c3,2129,79,88,375,endgame exposedKing long mate mateIn3,https://lichess.org/zPWjOFuE#73,,True,2,https://lichess.org/training/4M54N
XZ21I,8/R3Q1pk/6qp/3r1p2/7P/P2rP1P1/5P2/2R3K1 w - - 1 40,c1c7 g6g3 f2g3 d3d1 g1f2 d5d2 f2f3 d1f1,2136,75,93,9016,endgame mate mateIn4 sacrifice veryLong,https://lichess.org/X1Zx5CS3#79,,True,2,https://lichess.org/training/XZ21I
BAInQ,3K3k/r5p1/1p3r1p/pPnBp3/P1P5/8/3R3P/4R3 w - - 5 51,e1e5 f6f8 e5e8 a7d7 d8c8 f8e8,2138,77,95,12867,deflection endgame long mate mateIn3,https://lichess.org/QtTWAYZS#101,,True,2,https://lichess.org/training/BAInQ
oqhMz,1k4r1/ppp5/5p2/4Pr2/2N5/6KP/PP5P/R2R4 w - - 2 32,g3h4 f5f4 h4h5 g8g5 h5h6 f4h4,2139,79,57,122,endgame fork long mate mateIn3,https://lichess.org/xGSyJudH#63,,True,2,https://lichess.org/training/oqhMz
2Jz7m,5rk1/1b3pbp/pp2p1P1/2p1P3/2B3r1/2NP4/PPP4P/R3QRK1 w - - 1 18,g1f2 g4g2 f2e3 g7h6 f1f4 h6f4 e3f4 f7g6 f4e3 f8f3,2140,77,87,517,discoveredAttack exposedKing mate mateIn5 middlegame veryLong,https://lichess.org/Bf4T13LP#35,Sicilian_Defense Sicilian_Defense_Closed,True,2,https://lichess.org/training/2Jz7m
spTQA,6k1/1p4pp/1q2p1P1/4B3/p2PnR2/P1P4P/4r3/6RK b - - 1 33,b6c6 g6h7 g8h8 f4f8 h8h7 g1g7 h7h6 f8h8,2141,75,85,86,advancedPawn endgame mate mateIn4 veryLong,https://lichess.org/bIDxWap0/black#66,,True,2,https://lichess.org/training/spTQA
UbqAr,1r4k1/4Rpb1/2p3p1/p6p/4PB1P/5PN1/2KR2P1/r7 w - - 4 30,d2d7 b8b2 c2d3 a1a3 d3c4 b2c2,2142,78,91,1531,exposedKing long mate mateIn3 middlegame,https://lichess.org/ppyyqX5R#59,,True,2,https://lichess.org/training/UbqAr
hPncC,4r3/1pp4p/p4k2/3Pr3/2P1Rp2/1P5b/P1B2P2/4RK2 w - - 0 27,f1g1 e8g8 g1h2 e5h5 e4f4 h3f5 f4h4 h5h4,2143,79,91,746,discoveredAttack endgame mate mateIn4 veryLong,https://lichess.org/Ysv2mhlK#53,,True,2,https://lichess.org/training/hPncC
FScfL,4rr1k/p1q4p/b1p2p1Q/2p2P2/4PR2/4R3/PP4PP/7K b - - 6 28,c7e5 h6h7 h8h7 e3h3 h7g8 f4g4 g8f7 h3h7,2143,75,93,1431,attraction kingsideAttack mate mateIn4 middlegame sacrifice veryLong,https://lichess.org/UJiXSjqe/black#56,,True,2,https://lichess.org/training/FScfL
1ka01,5k2/1R3p1p/p5p1/P3p3/4P3/P4PK1/3rr1PP/2R5 w - - 2 33,c1c7 e2g2 g3h4 g2h2 h4g5 h2h5 g5f6 d2d6,2144,77,87,140,deflection endgame mate mateIn4 rookEndgame veryLong,https://lichess.org/rnrBr5X3#65,,True,2,https://lichess.org/training/1ka01
7ghxe,1k6/1p6/3pn1pq/1P2rn2/2R3QP/8/2R2PK1/8 b - - 0 41,e5b5 c4c8 b8a7 g4a4 a7b6 a4b5 b6b5 c2b2 b5a4 c8a8,2145,75,94,377,attraction fork mate mateIn5 middlegame sacrifice veryLong,https://lichess.org/lzmuX30d/black#82,,True,2,https://lichess.org/training/7ghxe
C8hWn,8/p3r1k1/8/4r1pp/3R4/P1R2PP1/2P2K2/8 w - - 1 38,f3f4 e5e2 f2f1 e2e1 f1g2 e7e2 g2h3 e1h1,2149,77,94,7475,endgame mate mateIn4 rookEndgame veryLong,https://lichess.org/m4VmwtqC#75,,True,2,https://lichess.org/training/C8hWn
MHqRp,5rk1/5ppp/p3p2P/1r1p2N1/q5P1/2pN4/PbP5/1K1R1Q1R w - - 1 29,h6g7 a4a2 b1a2 b5a5 a2b3 f8b8 d3b4 a5a3,2151,75,96,3175,attraction mate mateIn4 middlegame queensideAttack sacrifice veryLong,https://lichess.org/j0oO5Q2L#57,,True,2,https://lichess.org/training/MHqRp
7d3ss,3rr1k1/1pQ2p2/2b3p1/p5q1/8/2P4P/P1P2RP1/5RK1 b - - 7 26,d8d2 c7f7 g8h8 f7f8 e8f8 f2f8 h8g7 f1f7 g7h6 f8h8,2152,78,95,1076,mate mateIn5 middlegame sacrifice veryLong,https://lichess.org/9vuWyZQ7/black#52,,True,2,https://lichess.org/training/7d3ss
eWX5l,6k1/K1pb1p2/1p4pQ/4p1N1/1nP1P3/1P3P2/r5PP/3r1B1R w - - 0 26,a7b7 d7c6 b7c8 a2a8 c8c7 d1d7 c7b6 d7b7 b6c5 a8a5 c5d6 b7d7,2153,81,90,2754,mate mateIn5 middlegame sacrifice veryLong,https://lichess.org/0J2yswqi#51,,True,2,https://lichess.org/training/eWX5l
03uRJ,3r1r2/p5k1/2p4R/1pp2pK1/4N3/8/PPP5/7R b - - 1 27,f5e4 h6g6 g7f7 h1h7 f7e8 g6e6,2155,78,93,11425,endgame exposedKing long mate mateIn3 rookEndgame,https://lichess.org/a4P4aO95/black#54,,True,2,https://lichess.org/training/03uRJ
d5bs6,8/5kpR/pp1r1p2/2p2P2/P1P5/8/1PB1r3/6RK b - - 3 36,e2c2 h7g7 f7e8 g7g8 e8d7 g1g7 d7c6 g8c8,2155,75,95,6386,endgame mate mateIn4 rookEndgame veryLong,https://lichess.org/BxgYhTlE/black#72,,True,2,https://lichess.org/training/d5bs6
Aw6jo,1r1r3k/p4p1N/4bPq1/2pp1p2/2nP3Q/PR5R/5PPP/6K1 b - - 1 32,g6g4 h7f8 g4h4 h3h4 h8g8 b3g3 g8f8 h4h8,2158,75,96,7275,discoveredAttack exposedKing kingsideAttack mate mateIn4 middlegame sacrifice veryLong,https://lichess.org/aZuyVMqi/black#64,,True,2,https://lichess.org/training/Aw6jo
vcevM,6k1/p4p1r/1p1pqRr1/3Np3/2P5/1P2Q2n/P5PK/5R2 w - - 0 30,f6e6 h3f4 e3h3 g6g2 h2h1 h7h3,2160,78,83,342,discoveredAttack long mate mateIn3 middlegame pin,https://lichess.org/QCIyMI8a#59,,True,2,https://lichess.org/training/vcevM
BVjet,3k2rr/R4pb1/2R5/p2NpP2/4K3/1P4pp/1P6/8 b - - 9 45,h3h2 a7a8 d8d7 c6c7 d7d6 a8a6,2161,77,93,7215,endgame exposedKing long mate mateIn3,https://lichess.org/J2pXS2Bg/black#90,,True,2,https://lichess.org/training/BVjet
HRzdY,8/1R2bk2/p1n2pp1/P4q2/5P2/6P1/1p3B1P/4R1K1 b - - 1 34,c6b4 b7e7 f7g8 e7e8 g8h7 e1e7 h7h6 e8h8,2161,80,90,209,endgame master mate mateIn4 veryLong,https://lichess.org/wLt7eXf2/black#68,,True,2,https://lichess.org/training/HRzdY
MvglN,2r2k2/3R3R/4P3/1p3r2/1P1p4/2p1n1PK/7P/8 b - - 4 49,f5g5 h7h8 g5g8 d7f7 f8e8 h8g8,2162,81,79,187,deflection endgame exposedKing long master mate mateIn3,https://lichess.org/2oTR7gP4/black#98,,True,2,https://lichess.org/training/MvglN
o2w19,r3qrk1/2pb1p2/p4Rp1/1p2p1NQ/4p2B/1PP4P/PP3P2/2K3R1 b - - 1 21,g6h5 g5e6 g8h7 g1g7 h7h8 f6h6,2164,89,76,183,discoveredAttack kingsideAttack long mate mateIn3 middlegame,https://lichess.org/UFwayBx5/black#42,,True,2,https://lichess.org/training/o2w19
TdJvj,4r2b/5pkP/2Q2p2/5P2/3P4/2Ppq3/PP1N2r1/2KR3R w - - 5 39,h1h6 e3d2 d1d2 e8e1 d2d1 g2c2 c1b1 e1d1,2168,76,95,955,clearance deflection mate mateIn4 middlegame pin queensideAttack sacrifice veryLong,https://lichess.org/n0WIZmBS#77,,True,2,https://lichess.org/training/TdJvj
wJTKR,8/pQ3ppk/2p4p/2Pn4/1Pr1r2p/1K6/P4PR1/8 w - - 3 32,b7f7 c4c3 b3b2 e4b4 b2a1 c3c1,2171,86,82,214,deflection discoveredAttack endgame long mate mateIn3,https://lichess.org/RyomsjMc#63,,True,2,https://lichess.org/training/wJTKR
LNXxP,5rk1/4Rp1p/1q4pP/1p6/5Q2/2p5/1r3PP1/R5K1 b - - 1 31,c3c2 f4f7 f8f7 a1a8 b6b8 a8b8 f7f8 e7g7 g8h8 b8f8,2172,76,97,686,deflection endgame mate mateIn5 sacrifice veryLong,https://lichess.org/y5tfVwCm/black#62,,True,2,https://lichess.org/training/LNXxP
I9Agx,8/1p3k1p/p7/4R3/4R1K1/1P4P1/r6r/8 b - - 3 36,a2b2 e4f4 f7g8 e5g5 g8h8 f4f8,2172,80,91,2135,endgame exposedKing long mate mateIn3 rookEndgame,https://lichess.org/vvAMFC90/black#72,,True,2,https://lichess.org/training/I9Agx
ejTKg,r7/4k3/2p1b2p/ppBp4/7P/1P6/q7/4KRR1 b - - 1 34,e7d7 g1g7 e6f7 g7f7 d7c8 f7f8 c8b7 f1f7 b7a6 f8a8,2174,76,95,1504,deflection endgame mate mateIn5 veryLong,https://lichess.org/LJHBu0lu/black#68,,True,3,https://lichess.org/training/ejTKg
XlQfh,k6r/p1p1b3/2Pq1n2/3p1Brb/P2P4/2P5/2QN2PP/1RB1R1K1 w - - 3 23,c2b3 d6h2 g1h2 h5f3 f5h3 g5g2 h2h1 h8h3,2174,75,94,1138,deflection discoveredAttack kingsideAttack mate mateIn4 middlegame pin sacrifice veryLong,https://lichess.org/Tk6JGuMq#45,,True,2,https://lichess.org/training/XlQfh
qCu1I,8/P2k2r1/3b1p1p/2pB4/4P3/2P3n1/1r3P2/R5K1 w - - 0 35,a7a8q g3e4 g1f1 b2f2 f1e1 g7g1,2175,81,84,340,discoveredAttack long mate mateIn3 middlegame,https://lichess.org/Y9CoJqIJ#69,,True,2,https://lichess.org/training/qCu1I
TVfyO,2r2rk1/pp3p2/4p1p1/4P1Qp/5R1P/4q3/P5P1/5R1K b - - 5 26,c8c5 g5g6 f7g6 f4f8 g8h7 f1f7 h7h6 f8h8,2175,79,95,9631,endgame mate mateIn4 sacrifice veryLong,https://lichess.org/WB81s7iU/black#52,,True,2,https://lichess.org/training/TVfyO
UJuvL,6k1/pp5R/2p2pP1/2b1pPq1/6r1/3P2P1/PP3PK1/7R b - - 3 37,g8f8 h7h8 f8e7 h1h7 e7d6 h8d8,2179,76,92,1128,endgame exposedKing long mate mateIn3,https://lichess.org/3899jD3G/black#74,,True,2,https://lichess.org/training/UJuvL
8t6bN,r1b2k2/ppp5/3N4/6N1/1bn5/8/PP2r2P/2KR1R2 b - - 0 20,f8e7 f1f7 e7d8 d6b7 d8e8 d1d8,2181,75,94,8374,doubleCheck exposedKing long mate mateIn3 middlegame,https://lichess.org/yDqVHKtT/black#40,,True,2,https://lichess.org/training/8t6bN
o5S49,8/8/1P1R4/6K1/r3k3/8/6pr/3R4 b - - 1 38,a4a6 d1e1 e4f3 d6f6 f3g3 e1e3,2182,80,89,416,endgame long mate mateIn3 rookEndgame,https://lichess.org/i38fUh9r/black#76,,True,2,https://lichess.org/training/o5S49
Uwp6V,k7/4Q3/1r1B1p2/pB2p3/4b1P1/2P5/PP4r1/3K4 w - - 9 39,b5e8 g2g1 d1e2 b6b2 e2e3 g1e1,2182,76,94,653,endgame exposedKing long mate mateIn3,https://lichess.org/CgxCDHHz#77,,True,2,https://lichess.org/training/Uwp6V
3MqFQ,5rk1/R5pp/5n2/2ppN3/2Pn3P/3P4/1r2PPB1/4K2R w K - 0 27,e2e3 b2b1 e1d2 f6e4 d3e4 f8f2 d2d3 b1b3,2183,112,88,75,discoveredAttack fork mate mateIn4 middlegame sacrifice veryLong,https://lichess.org/WEvdqAPr#53,,True,2,https://lichess.org/training/3MqFQ
9YqEF,1k6/pbp4r/3n4/2P1p3/4P1p1/4R1N1/5P1r/3R2K1 b - - 0 36,d6e4 d1d8 b7c8 e3b3 b8a8 d8c8,2185,80,94,10574,deflection long master mate mateIn3 middlegame,https://lichess.org/SU27XTtJ/black#72,,True,2,https://lichess.org/training/9YqEF
NxTqy,3k4/1R5p/r3pNpP/3p4/2pn1P2/2r2PP1/P4K2/1R6 b - - 2 38,d8c8 b7b8 c8c7 f6e8 c7c6 b8c8 c6d7 c8c7 d7e8 b1b8,2188,77,96,1220,endgame exposedKing master mate mateIn5 queensideAttack sacrifice veryLong,https://lichess.org/OXV2226v/black#76,,True,2,https://lichess.org/training/NxTqy
YwezP,4r2k/5p1p/R7/5N2/PPR5/5P2/3b1rPP/4K3 w - - 3 40,e1d1 e8e1 d1c2 d2b4 c2d3 f2d2,2189,75,92,3688,discoveredAttack endgame exposedKing long mate mateIn3,https://lichess.org/cqcQEFEw#79,,True,2,https://lichess.org/training/YwezP
AXmoD,2r5/p1P5/3R4/6k1/8/6pp/PP1Kp2r/2R5 b - - 2 36,h2g2 c1c5 g5f4 d6d4 f4f3 c5f5,2191,77,94,2736,endgame long master mate mateIn3 rookEndgame,https://lichess.org/JAUTdKoo/black#72,,True,2,https://lichess.org/training/AXmoD
pf5gI,7r/2p4r/2P1k1p1/pPQbPpP1/P4P1P/3BP2K/8/4R3 w - - 2 45,d3c4 h7h4 h3g3 h4g4 g3f2 g4g2 f2f1 h8h1,2199,84,90,1382,endgame mate mateIn4 veryLong,https://lichess.org/OQMbJob0#89,,True,2,https://lichess.org/training/pf5gI
e58pt,2R5/1p1r2p1/6p1/2P5/2k5/5rP1/2K4P/1R6 w - - 2 40,c5c6 f3c3 c2b2 d7d2 b2a1 c3a3,2200,83,76,145,endgame exposedKing long mate mateIn3 rookEndgame,https://lichess.org/LQsNIlwY#79,,True,2,https://lichess.org/training/e58pt
859rJ,2r5/RNk3pp/1pr1pp2/3p1b2/3P4/R1P1P3/5PPP/6K1 b - - 5 31,c7b8 b7d8 c8d8 a7a8 b8c7 a3a7 c7d6 a8d8,2203,80,88,75,deflection endgame exposedKing mate mateIn4 queensideAttack sacrifice veryLong,https://lichess.org/5fqPljgv/black#62,,True,2,https://lichess.org/training/859rJ
EMc3X,8/1pr5/1R5P/p2k1r2/P3b3/1P6/1BP4R/2K5 w - - 3 42,h6h7 f5f1 c1d2 c7c2 d2e3 f1f3,2204,87,90,1278,endgame fork long mate mateIn3,https://lichess.org/K2VTqZL8#83,,True,2,https://lichess.org/training/EMc3X
WMhvn,N4k1r/pp2n3/3bR2p/3R3B/1P6/P5P1/2q2P2/6K1 b - - 0 32,d6g3 e6f6 f8g8 d5d8 g8h7 f6f7,2204,79,81,131,exposedKing long mate mateIn3 middlegame,https://lichess.org/PBpEUaIU/black#64,,True,2,https://lichess.org/training/WMhvn
98rng,6rk/5QNp/5p1P/4pP2/p2pb3/6r1/P5P1/2R4K w - - 0 40,g7h5 g3h3 h1g1 g8g2 g1f1 h3h1,2205,76,91,1274,endgame long mate mateIn3 pin,https://lichess.org/6uvOjOpf#79,,True,2,https://lichess.org/training/98rng
jo0me,3r2k1/1p3R1p/p5p1/8/2p3bP/2P3q1/P1QBr3/2K2R2 b - - 0 33,d8d2 c2g6 h7g6 f7f8 g8h7 f1f7 h7h6 f8h8,2206,77,93,3440,mate mateIn4 middlegame sacrifice veryLong,https://lichess.org/UDHIXy1W/black#66,,True,2,https://lichess.org/training/jo0me
ui4KK,3r4/k7/1RR1p3/1pP5/2r3p1/6Pp/4K2P/8 w - - 12 44,b6b5 c4e4 e2f2 d8f8 f2g1 e4e1,2207,86,88,165,endgame exposedKing long mate mateIn3 rookEndgame,https://lichess.org/eqLFG26z#87,,True,2,https://lichess.org/training/ui4KK
paiFx,6k1/R5p1/p3r3/P3P1R1/4K3/2r5/4n3/8 b - - 3 36,e6h6 a7g7 g8f8 g7g8 f8e7 g5g7 e7e6 g8e8,2208,76,94,4186,endgame mate mateIn4 veryLong,https://lichess.org/IB3RKC4r/black#72,,True,2,https://lichess.org/training/paiFx
ZjJcQ,5rk1/p3Rp2/1p1p1RpQ/3P3p/7P/5PK1/P1q3P1/7r b - - 2 32,h1g1 h6f8 g8f8 e7f7 f8g8 f7f8 g8h7 f6f7 h7h6 f8h8,2209,81,83,183,attraction endgame mate mateIn5 sacrifice veryLong,https://lichess.org/dBPZ4Jnu/black#64,,True,2,https://lichess.org/training/ZjJcQ
xgVuv,7k/R2R2p1/7p/8/1p4P1/1P2r1KP/2P1r3/8 w - - 5 45,g3f4 g7g5 f4f5 e3f3 f5g6 e2e6 g6h5 f3h3,2213,76,70,82,endgame mate mateIn4 rookEndgame veryLong,https://lichess.org/92ckm2KD#89,,True,2,https://lichess.org/training/xgVuv
319Aa,8/pp6/4Qbk1/1B1Pp1p1/PP2Pp2/8/8/3R1Krr w - - 0 39,f1e2 h1h2 e2d3 g1g3 d3c4 h2c2,2217,77,95,1755,endgame exposedKing long mate mateIn3,https://lichess.org/enWeVWV8#77,,True,2,https://lichess.org/training/319Aa
rAeyJ,2r2r1k/1p3p1p/1q2pp2/p7/Rb1R4/3QP2P/5PP1/6K1 b - - 0 27,b4d6 d3h7 h8h7 d4h4 h7g6 a4g4 g6f5 h4h5,2217,77,27,72,attraction mate mateIn4 middlegame sacrifice veryLong,https://lichess.org/A51EuATC/black#54,,True,2,https://lichess.org/training/rAeyJ
81WYv,8/6RR/6p1/1P6/3r1k2/3r4/4K3/8 w - - 0 46,g7g6 d3d2 e2f1 d2d1 f1g2 d4d2 g2h3 d1h1,2220,78,97,631,endgame exposedKing mate mateIn4 rookEndgame veryLong,https://lichess.org/39ngfPLp#91,,True,2,https://lichess.org/training/81WYv
VeMPc,3RQ3/8/B1p5/2k5/5r1p/NP2n1r1/P1P5/6K1 w - - 2 35,g1h2 f4f2 h2h1 g3h3 h1g1 f2g2,2220,84,90,764,exposedKing long mate mateIn3 middlegame,https://lichess.org/y2md3JZG#69,,True,2,https://lichess.org/training/VeMPc
lafG8,8/p7/R6k/2R3p1/3pp1P1/5pK1/3n1Pb1/7r b - - 1 44,h6g7 a6a7 g7f6 c5c6 f6e5 a7a5,2223,85,90,176,endgame exposedKing long mate mateIn3,https://lichess.org/HxeFrF30/black#88,,True,2,https://lichess.org/training/lafG8
sOMZm,k5r1/ppR2p2/6n1/8/8/6Q1/PP3PK1/3r4 w - - 9 44,g3c3 g6h4 g2h2 g8g2 h2h3 d1h1,2224,79,86,240,doubleCheck endgame long mate mateIn3,https://lichess.org/avXrQwwg#87,,True,2,https://lichess.org/training/sOMZm
ARrdK,4bk1r/1R6/4pPp1/p1Rp2N1/6p1/8/q6P/5K2 b - - 5 41,h8h2 g5e6 f8g8 f6f7 e8f7 c5c8 g8h7 b7f7 h7h6 c8h8,2229,88,96,21877,advancedPawn anastasiaMate deflection endgame exposedKing fork mate mateIn5 veryLong,https://lichess.org/wlwdaDb7/black#82,,True,2,https://lichess.org/training/ARrdK
XL6vW,r7/1pp1qp1k/3p1p1p/p3pP1Q/P3PPR1/2rP3P/3K4/3R4 b - - 1 27,c3a3 h5h6 h7h6 g4h4 h6g7 d1g1 g7f8 h4h8,2230,82,95,11457,attraction endgame mate mateIn4 sacrifice veryLong,https://lichess.org/6Kg3GN60/black#54,,True,2,https://lichess.org/training/XL6vW
V4cPe,3r2k1/1b4r1/p3pRpQ/3qP2p/7P/2P3R1/PP3PP1/6K1 w - - 0 37,g3g6 d5g2 g6g2 d8d1 g1h2 g7g2 h2h3 d1h1,2231,76,94,2169,clearance master mate mateIn4 middlegame sacrifice veryLong,https://lichess.org/ZWjO66d4#73,,True,2,https://lichess.org/training/V4cPe
7L4Ct,r1r3k1/7R/7R/1p3p2/3p4/6P1/P5P1/5K2 w - - 1 39,h7d7 c8c1 f1e2 a8a2 e2f3 c1f1,2231,83,93,8231,endgame long mate mateIn3 rookEndgame,https://lichess.org/PniQ38B3#77,,True,2,https://lichess.org/training/7L4Ct
RpAX9,8/pp6/4k3/2rNb1P1/7P/5r2/P7/1K1RR3 w - - 6 42,d5f6 c5b5 b1c2 f3c3 c2d2 b5b2,2232,76,98,409,endgame long mate mateIn3,https://lichess.org/Zadulewo#83,,True,2,https://lichess.org/training/RpAX9
aaWpl,5rk1/1ppb1p2/3p2pQ/p2Pr1Np/2q5/2P4P/P4RP1/5RK1 b - - 3 27,e5g5 h6f8 g8f8 f2f7 f8g8 f7f8 g8h7 f1f7 h7h6 f8h8,2232,76,92,1160,attraction fork mate mateIn5 middlegame sacrifice veryLong,https://lichess.org/ZpEI2VJ8/black#54,,True,2,https://lichess.org/training/aaWpl
ZQsw3,3r1k2/4R3/2Q2pp1/7p/1q1r2bP/1P6/PKP5/4R3 b - - 0 33,d4d6 c6e8 d8e8 e7e8 f8g7 e1e7 g7h6 e8h8,2235,141,54,16,exposedKing master mate mateIn4 middlegame sacrifice veryLong,https://lichess.org/CMHX7CHV/black#66,,True,2,https://lichess.org/training/ZQsw3
v86MI,8/5k2/p3p1R1/Pp2P3/2p1P3/r7/7r/1K4R1 b - - 1 41,c4c3 g6g7 f7e8 g7g8 e8d7 g1g7 d7c6 g8c8,2238,85,69,64,endgame mate mateIn4 rookEndgame veryLong,https://lichess.org/ujXVUSJC/black#82,,True,2,https://lichess.org/training/v86MI
6Pxyl,8/p1R3Q1/7p/7k/1PN2Pb1/P2r3P/3r1n1K/8 w - - 0 37,h3g4 f2g4 h2g1 d3g3 g1f1 d2f2 f1e1 g3g1,2239,76,90,781,doubleCheck endgame exposedKing mate mateIn4 veryLong,https://lichess.org/WStDWxaR#73,,True,3,https://lichess.org/training/6Pxyl
hYwkI,8/p3rp1k/8/R7/5P2/P2r4/3p1K2/3R4 b - - 9 42,d3d7 d1h1 h7g6 a5g5 g6f6 h1h6,2239,77,96,417,endgame exposedKing long mate mateIn3 rookEndgame,https://lichess.org/BtCeh44m/black#84,,True,2,https://lichess.org/training/hYwkI
FrZyn,1r5k/2p3bp/p1P5/5P2/1P1p1N2/P2Kr3/7R/6R1 w - - 3 34,d3c4 e3c3 c4d5 b8d8 d5e6 c3e3 e6f7 d8f8,2242,77,96,739,endgame mate mateIn4 veryLong,https://lichess.org/CmZUXCxA#67,,True,3,https://lichess.org/training/FrZyn
hIrpX,8/3R1pkp/6p1/5nN1/P7/5P2/2PR2KP/4rr2 w - - 10 35,g5f7 f5h4 g2g3 f1f3 g3h4 e1e4 h4g5 f3f5,2242,79,95,9664,endgame mate mateIn4 sacrifice veryLong,https://lichess.org/7lzxhqI0#69,,True,2,https://lichess.org/training/hIrpX
xjvEx,4r2k/pR5p/1pn3p1/4b1B1/2r5/7P/P5P1/5RK1 b - - 2 25,e5g3 g5f6 h8g8 b7g7 g8f8 f6d4 g3f4 f1f4,2245,73,94,9180,discoveredAttack mate mateIn4 middlegame veryLong,https://lichess.org/X3g231sh/black#50,,True,2,https://lichess.org/training/xjvEx
jg3Zs,r6k/ppR1N1bQ/3p2p1/4n1B1/4R3/5r1P/Pq3PP1/6K1 b - - 0 25,h8h7 e4h4 g7h6 h4h6 h7g7 e7f5 g7g8 c7g7 g8f8 h6h8,2245,77,92,9670,doubleCheck mate mateIn5 middlegame veryLong,https://lichess.org/JIVTscAF/black#50,,True,3,https://lichess.org/training/jg3Zs
AaI3E,5rk1/4pp2/p2q2pQ/8/r2Nb1P1/2P5/P7/K2R1R2 b - - 2 25,d6a3 h6f8 g8f8 d4e6 f8g8 d1d8 g8h7 f1f7 h7h6 d8h8,2249,68,95,181517,anastasiaMate attraction deflection mate mateIn5 middlegame pin sacrifice veryLong,https://lichess.org/O0D0z5fr/black#50,,True,2,https://lichess.org/training/AaI3E
FPQnq,1rb3k1/7R/2n2rB1/3pP1N1/3P4/2P1B3/pKPn3Q/3R4 w - - 1 33,b2a2 c6b4 c3b4 f6a6 a2b2 d2c4 b2b1 b8b4 b1c1 a6a1,2249,77,92,1045,clearance exposedKing fork mate mateIn5 middlegame sacrifice veryLong,https://lichess.org/1Lw0xm8k#65,,True,2,https://lichess.org/training/FPQnq
XjIXD,3N3R/1kpn1p2/pp2p1p1/5n2/1P1P4/r2r4/1K6/2R5 b - - 3 35,b7c8 d8e6 d7f8 c1c7 c8b8 h8f8,2249,76,94,2751,discoveredAttack long mate mateIn3 middlegame pin,https://lichess.org/NwC0inin/black#70,,True,2,https://lichess.org/training/XjIXD
SmDcg,2r1qr1k/1p4p1/p1n1p2p/3pPpN1/3P1P2/b1P4Q/7R/6RK b - - 1 26,c6d8 h3h6 g7h6 h2h6 h8g7 g5f7 g7f7 h6h7,2250,81,66,97,attraction discoveredAttack kingsideAttack master masterVsMaster mate mateIn4 middlegame sacrifice veryLong,https://lichess.org/zhgrRUPR/black#52,,True,2,https://lichess.org/training/SmDcg
a04VG,5rk1/pb3p2/1p2pQ2/4P1Np/3P2r1/5R1K/q4R2/8 b - - 1 31,a2a1 f6g6 f7g6 f3f8 g8g7 g5e6 g7h7 f2f7 h7h6 f8h8,2250,84,95,16178,anastasiaMate discoveredAttack fork mate mateIn5 middlegame sacrifice veryLong,https://lichess.org/5sRX0QFk/black#62,,True,2,https://lichess.org/training/a04VG
QXfCh,7k/1pR5/p5K1/2b5/6R1/8/8/5r2 b - - 0 55,b7b6 g4h4 h8g8 c7g7 g8f8 h4h8,2252,85,88,241,endgame exposedKing long mate mateIn3,https://lichess.org/DzxPIQm5/black#110,,True,2,https://lichess.org/training/QXfCh
JqYEl,1r4k1/p1r2ppp/B7/8/7N/Pb1P3P/1Pn3P1/1KR1R3 w - - 9 29,e1e5 c2a3 b2a3 b3d5 a6b5 b8b5 b1a1 c7c1,2253,85,90,1883,deflection discoveredAttack mate mateIn4 middlegame queensideAttack sacrifice veryLong,https://lichess.org/jMZqPlnj#57,,True,2,https://lichess.org/training/JqYEl
IpkpN,5rk1/2p2rp1/8/pP5p/P2Q4/3pP1Pq/1B1P1P2/2R2RK1 w - - 0 31,c1c6 h3f1 g1f1 f7f2 f1g1 f2f1 g1h2 f8f2 h2h3 f1h1,2253,78,80,625,attraction kingsideAttack mate mateIn5 middlegame sacrifice veryLong,https://lichess.org/Xe3xKNSQ#61,,True,2,https://lichess.org/training/IpkpN
f9vML,1r3r1k/5p2/1qp1b2P/p3pB1Q/4Nb1P/P7/1PP5/1K1RR3 w - - 5 27,b2b4 b6b4 a3b4 b8b4 b1a1 b4a4 a1b2 f8b8 b2c3 a4a3,2254,80,86,778,mate mateIn5 middlegame queensideAttack sacrifice veryLong,https://lichess.org/cnFNxG8r#53,,True,2,https://lichess.org/training/f9vML
uXX9D,4R3/R4pkp/1p4p1/2qpN3/1n6/2p4P/7P/5K2 b - - 1 30,c3c2 a7f7 g7h6 e5g4 h6h5 f7h7 h5g5 e8e5 g5f4 h7f7,2254,77,94,5304,deflection endgame mate mateIn5 veryLong,https://lichess.org/Q3Zpc4Q7/black#60,,True,2,https://lichess.org/training/uXX9D
9HfNP,1kr5/p7/1p1p4/2rBp3/4P3/Q2P1pP1/PPPq3P/1KR2R2 w - - 0 29,f1f3 d2c1 b1c1 c5c2 c1d1 c2c1 d1e2 c8c2 e2e3 c1e1,2255,75,92,575,attraction mate mateIn5 middlegame queensideAttack sacrifice veryLong,https://lichess.org/0V0vXvUX#57,,True,2,https://lichess.org/training/9HfNP
3dFmn,2r1r3/8/p7/1p3p2/1R3P2/P1P1pq1P/kP2R2K/6Q1 w - - 2 36,g1d1 f3h3 h2h3 e8h8 h3g2 c8g8 g2f1 h8h1,2263,80,91,5338,attraction endgame mate mateIn4 sacrifice veryLong,https://lichess.org/HdV4O0SW#71,,True,2,https://lichess.org/training/3dFmn
dUeHx,3r4/4k3/1K3p2/3bp1p1/P5B1/2r2PPP/8/R2R4 w - - 0 60,a1c1 d8b8 b6a5 b8a8 a5b4 c3b3 b4c5 a8a5,2268,84,83,95,endgame mate mateIn4 veryLong,https://lichess.org/HGPzavH4#119,,True,2,https://lichess.org/training/dUeHx
w4bj3,3R4/1b3pk1/p1r1rp1p/2p1pN2/1p6/1P2R3/1P3PPP/6K1 b - - 5 27,g7g6 d8g8 g6f5 e3f3 f5e4 g8g4 e4d5 f3d3,2271,85,91,4288,endgame mate mateIn4 sacrifice veryLong,https://lichess.org/CQhBMYZO/black#54,,True,3,https://lichess.org/training/w4bj3
6sGNW,7R/p1pk4/6Rp/2K3p1/1r2P3/7P/r4P2/8 b - - 0 45,b4b2 g6g7 d7e6 h8h6 e6e5 g7e7 e5f4 h6f6,2275,78,93,1372,endgame mate mateIn4 rookEndgame veryLong,https://lichess.org/CZNvSxX7/black#90,,True,3,https://lichess.org/training/6sGNW
OrnKJ,7r/3R4/1p2P3/1pkpKP1r/7P/8/P5n1/7R b - - 3 34,g2h4 d7c7 c5b4 h1b1 b4a3 c7a7,2277,80,85,387,endgame long mate mateIn3,https://lichess.org/PWrcxAAl/black#68,,True,2,https://lichess.org/training/OrnKJ
4Hlhw,6k1/4Q2p/3p4/2pP4/2R1pr2/8/P4rKP/8 w - - 0 35,g2h3 f2f3 h3g2 f4g4 g2h1 f3f1,2278,82,86,365,endgame exposedKing long mate mateIn3 queenRookEndgame,https://lichess.org/GqXkSsvv#69,,True,2,https://lichess.org/training/4Hlhw
TTj06,5rk1/1R5p/p2pP1p1/3r4/P5P1/4p1P1/5P2/2R3K1 w - - 0 32,c1c7 d5d1 g1h2 f8f2 h2h3 d1h1,2278,79,91,134,endgame long mate mateIn3 rookEndgame,https://lichess.org/bvB4DGln#63,,True,2,https://lichess.org/training/TTj06
Q4IxW,6r1/1b1P1k2/pR3B2/n4B1p/P2p3P/3R4/2r2PP1/6K1 w - - 1 32,d7d8q c2c1 d3d1 c1d1 g1h2 g8g2 h2h3 d1h1,2279,82,100,79,mate mateIn4 middlegame veryLong,https://lichess.org/qS2MF712#63,,True,2,https://lichess.org/training/Q4IxW
PxUwC,5rk1/pp3p2/1qp2R2/3p2p1/6b1/1P2r1P1/P1Q1P1BP/5R1K b - - 4 23,e3e2 c2g6 f7g6 f6f8 g8h7 f1f7 h7h6 f8h8,2281,79,92,6290,kingsideAttack mate mateIn4 middlegame sacrifice veryLong,https://lichess.org/ztBVH2ro/black#46,,True,2,https://lichess.org/training/PxUwC
f6JM5,1Rbk2r1/p5q1/4pp2/2Rp3p/B1pP4/2Q2PP1/4nK1P/8 b - - 3 29,e2c3 c5c8 d8e7 b8b7 e7d6 c8c6,2291,84,91,1489,exposedKing long mate mateIn3 middlegame,https://lichess.org/tIgeayaI/black#58,,True,2,https://lichess.org/training/f6JM5
IPt38,6k1/1pP5/4b1rp/3Pp3/1P2Prnq/8/3Q1PB1/1R1NR1K1 w - - 0 31,d5e6 h4h2 g1f1 h2g2 f1g2 g4e3 g2h3 f4f3 h3h4 g6g4 h4h5 f3h3,2292,78,92,8793,attraction doubleCheck mate mateIn5 middlegame sacrifice veryLong,https://lichess.org/RMZYhtGM#61,,True,3,https://lichess.org/training/IPt38
tv1Mz,6k1/pp4pp/5p2/7r/P5q1/3R2B1/6PP/2R4K b - - 4 37,f6f5 d3d8 g8f7 c1c7 f7g6 d8d6 g6g5 c7g7,2294,77,94,4298,deflection endgame mate mateIn4 veryLong,https://lichess.org/5Mgrm2WH/black#74,,True,3,https://lichess.org/training/tv1Mz
v9API,2r2rkb/1b2q2P/1p2ppp1/8/4p3/p1P4R/PP1QBPP1/1K5R b - - 0 27,g8g7 d2h6 g7f7 h6g6 f7g6 h3g3 g6f5 h1h5 f5f4 g3g4,2294,82,89,110,attraction mate mateIn5 middlegame sacrifice veryLong,https://lichess.org/3WrADXUR/black#54,,True,2,https://lichess.org/training/v9API
FgpMk,6k1/6pp/1p1R2p1/3pP3/6P1/5P1P/1r4r1/2R2K2 b - - 5 26,g2h2 d6d8 g8f7 c1c7 f7e6 d8e8,2294,85,89,272,endgame long mate mateIn3 rookEndgame,https://lichess.org/PNUvvSoF/black#52,,True,2,https://lichess.org/training/FgpMk
kOMnK,5k2/8/1b2P2r/3K1P2/1P4R1/4r1pp/R7/8 b - - 2 53,h3h2 a2a8 f8e7 f5f6 e7f6 a8f8 f6e7 f8f7 e7e8 g4g8,2295,97,44,63,attraction endgame exposedKing mate mateIn5 veryLong,https://lichess.org/I3JWU9DD/black#106,,True,2,https://lichess.org/training/kOMnK
OqgQX,1k4rr/RPpQ1p2/3p4/1B1Pp2n/4P3/2P5/1P3PPq/4R1K1 w - - 0 26,g1h2 h5f4 d7h3 g8g2 h2h1 h8h3,2296,79,88,132,discoveredAttack long mate mateIn3 middlegame pin,https://lichess.org/ZRMXzmhV#51,,True,2,https://lichess.org/training/OqgQX
rQbfs,6r1/ppp4k/3p1q1p/3P4/4b3/3P2rP/PP4P1/4RQ1K w - - 0 31,f1f6 g3h3 h1g1 g8g2 g1f1 h3h1,2299,75,93,9400,discoveredAttack endgame long mate mateIn3 pin,https://lichess.org/Qh8B05Gd#61,,True,2,https://lichess.org/training/rQbfs
1432y,rn1q2k1/pp3Q2/2p3p1/6Pr/3P4/5R2/PP4P1/R5K1 b - - 2 24,g8h8 f7f8 d8f8 f3f8 h8g7 a1f1 h5g5 f1f7 g7h6 f8h8,2301,88,91,878,exposedKing mate mateIn5 middlegame quietMove veryLong,https://lichess.org/SndK0lrk/black#48,,True,2,https://lichess.org/training/1432y
VExbI,7r/k5rp/p2p3p/R1pB4/2P1P3/6P1/3p1n1K/R7 b - - 1 30,d2d1q a5a6 a7b8 a6b6 g7b7 b6b7 b8c8 a1a8,2302,79,93,5745,mate mateIn4 middlegame veryLong,https://lichess.org/5weoWoJX/black#60,,True,2,https://lichess.org/training/VExbI
iug8N,6k1/1R4pp/P3p3/2b5/8/P2p2P1/2rBrPKP/3R4 w - - 1 29,d2b4 e2f2 g2h3 f2h2 h3g4 c2c4 g4f3 h2f2,2307,85,91,2047,endgame mate mateIn4 veryLong,https://lichess.org/AbQ4RoBY#57,,True,2,https://lichess.org/training/iug8N
Zsfyc,6r1/4R3/1qp1R2p/3p1kp1/1p6/2P3PP/P7/7K b - - 0 33,b6b8 g3g4 f5f4 e6f6 f4g3 e7e3 g3h4 f6h6,2309,83,94,11021,endgame mate mateIn4 queenRookEndgame veryLong,https://lichess.org/ylZD9jbq/black#66,,True,2,https://lichess.org/training/Zsfyc
Ou8ha,3r2k1/p1p2p1p/2Q5/5Pp1/4P3/4K2P/PP1r2P1/2Rb4 w - - 0 28,e4e5 d2e2 e3f3 d8d3 f3g4 e2g2,2310,79,94,2379,deflection doubleCheck endgame exposedKing long mate mateIn3,https://lichess.org/eZvQVOA2#55,,True,2,https://lichess.org/training/Ou8ha
e05sD,3r4/4R3/4p2p/p3k1p1/8/6PP/Pr6/4R1K1 b - - 2 35,e5f6 e1e6 f6f5 g3g4 f5f4 e6f6 f4g3 e7e3 g3h4 f6h6,2312,85,91,1371,endgame mate mateIn5 rookEndgame veryLong,https://lichess.org/AAJ5vrFO/black#70,,True,2,https://lichess.org/training/e05sD
XAQKF,2r1k3/5RR1/1p4p1/3p1b2/3N1P2/1P1P3p/P1Pr4/7K w - - 5 36,d4b5 d2d1 h1h2 c8c2 h2g3 c2g2 g3h4 g2g4 h4h3 d1h1,2314,94,91,2740,endgame exposedKing mate mateIn5 veryLong,https://lichess.org/kkyl1Yjj#71,,True,2,https://lichess.org/training/XAQKF
Eo27J,r5k1/5Rp1/4P1Pp/r5p1/1pB1Q3/1Pq5/P3R1P1/1K6 w - - 5 40,e2e3 c3a1 b1a1 a5a2 a1b1 a2a1 b1c2 a8a2 c2d3 a1d1,2314,82,93,10960,attraction mate mateIn5 middlegame queensideAttack sacrifice veryLong,https://lichess.org/gytRYg5C#79,,True,2,https://lichess.org/training/Eo27J
KjNLB,3rkbnr/5ppp/p1pP4/1q1b4/4NP2/8/3Q2PP/3RR2K b k - 4 22,d5e6 d6d7 d8d7 d2d7 e6d7 e4f6 e8d8 d1d7 d8c8 e1e8,2317,79,87,487,advancedPawn doubleCheck mate mateIn5 middlegame sacrifice veryLong,https://lichess.org/SZtuw7iN/black#44,,True,2,https://lichess.org/training/KjNLB
TTHkI,R1k3r1/6b1/1R6/Bp2p3/4Pp2/KP1n1P2/P3q3/8 b - - 4 41,c8d7 b6b7 d7d6 a8a6 d6c5 a5b6 c5c6 b7c7 c6d6 b6a5,2322,102,91,102,discoveredAttack exposedKing mate mateIn5 middlegame veryLong,https://lichess.org/2bs365A8/black#82,,True,2,https://lichess.org/training/TTHkI
qqpNy,4rrk1/ppp2p2/5R2/5Qpp/8/2P1q3/PP4PP/5R1K b - - 5 21,e8e5 f5g6 f7g6 f6f8 g8h7 f1f7 h7h6 f8h8,2326,77,95,2010,endgame mate mateIn4 sacrifice veryLong,https://lichess.org/zhUIb6oO/black#42,,True,2,https://lichess.org/training/qqpNy
Ye8rJ,4r3/2Pr1k2/1pR3p1/pN1nKp1p/7P/P5P1/1P3P2/2R5 w - - 1 48,e5d4 e8e4 d4d3 d5b4 d3c3 d7d3,2329,85,90,172,doubleCheck endgame hookMate long mate mateIn3,https://lichess.org/YVbBSjzY#95,,True,2,https://lichess.org/training/Ye8rJ
ZBlZp,1k6/1R4p1/P7/4K3/r6p/8/P2r4/1R6 b - - 0 39,b8c8 b7b8 c8d7 b1b7 d7c6 b8c8,2330,77,92,3985,endgame exposedKing long mate mateIn3 rookEndgame,https://lichess.org/4he5eGMN/black#78,,True,2,https://lichess.org/training/ZBlZp
GRVEw,1r4k1/p2Qp2p/3pNb2/3P1p2/8/7P/5PP1/2r2K1R w - - 9 30,f1e2 b8b2 e2f3 c1c3 f3f4 b2f2,2330,77,83,278,deflection endgame long mate mateIn3,https://lichess.org/FyazWlLn#59,,True,2,https://lichess.org/training/GRVEw
P6bnu,4r2k/R5p1/2p1N1bp/8/6Pn/1B1P1P2/PPP4K/R1B2r2 w - - 1 31,e6g7 e8e2 h2h3 f1f3 h3h4 e2h2,2331,82,91,659,exposedKing long mate mateIn3 middlegame sacrifice,https://lichess.org/gNnVsuET#61,,True,2,https://lichess.org/training/P6bnu
S2fPd,2k4r/p6p/2P3r1/Q4n2/B2n4/P4P2/3P1P1q/1R5K w - - 0 30,h1h2 g6h6 h2g1 h8g8 g1f1 h6h1,2331,83,90,651,exposedKing long mate mateIn3 middlegame,https://lichess.org/x5hfgBaX#59,,True,2,https://lichess.org/training/S2fPd
lyxVd,1r2r3/p4qbk/2p2p1P/3p1P2/1p1PnQ2/1B2P3/PPP2pR1/1K1R4 b - - 0 31,g7h6 f4h6 h7h6 d1h1 f7h5 g2g6 h6h7 h1h5,2335,78,95,1434,attraction exposedKing master mate mateIn4 middlegame pin sacrifice veryLong,https://lichess.org/aRA2YFzh/black#62,,True,2,https://lichess.org/training/lyxVd
eBGBZ,2r1r2k/p7/7R/8/3PN3/1PPK1P2/qb6/7R b - - 0 36,h8g8 h1g1 g8f7 h6f6 f7e7 g1g7 e7d8 f6d6,2341,100,89,441,exposedKing mate mateIn4 middlegame veryLong,https://lichess.org/AVJZQo0O/black#72,,True,3,https://lichess.org/training/eBGBZ
rCWwm,3r4/1RRb1pkp/6p1/1p1B4/8/6P1/1r3P1P/6K1 b - - 0 27,d7h3 c7f7 g7h6 f7h7 h6g5 f2f4 g5g4 h7h4 g4f5 b7f7,2349,88,90,841,endgame master mate mateIn5 veryLong,https://lichess.org/o8u0baAs/black#54,,True,2,https://lichess.org/training/rCWwm
eSOFz,8/1pR5/p4R2/2k3p1/6Nr/3p3r/PP2p1K1/8 b - - 7 49,c5d4 f6d6 d4e4 c7c4 e4f5 d6f6,2349,185,50,20,endgame long mate mateIn3,https://lichess.org/i94TDkJt/black#98,,True,2,https://lichess.org/training/eSOFz
hhtTn,5rk1/1p3p2/1q2p1pQ/pP1pP3/P3nRK1/8/2r4P/5R2 b - - 1 31,b6e3 h6f8 g8f8 f4f7 f8g8 f7f8 g8h7 f1f7 h7h6 f8h8,2360,90,90,2320,attraction mate mateIn5 middlegame sacrifice veryLong,https://lichess.org/lolYMGap/black#62,,True,2,https://lichess.org/training/hhtTn
mRqSG,1k1r4/p1p3pp/Q1P5/1P1n3P/1P6/2K2p2/4r3/7R w - - 8 38,c3c4 d5e3 c4c3 e2c2 c3b3 d8d3 b3a4 c2a2,2365,80,96,555,endgame mate mateIn4 veryLong,https://lichess.org/CSqyV88I#75,,True,2,https://lichess.org/training/mRqSG
NxRZr,1R3N2/1PR5/5r1p/3p2pk/3P1p2/1r2PK2/6PP/8 w - - 0 44,b8e8 f4e3 f3e2 f6f2 e2d1 b3b1 c7c1 f2d2 d1e1 b1c1,2368,90,91,2181,deflection discoveredAttack endgame mate mateIn5 veryLong,https://lichess.org/xtWayR02#87,,True,4,https://lichess.org/training/NxRZr
IiZ5e,1RRbr3/P2k1p1p/3B4/2P3p1/8/3r1K2/6PP/8 w - - 3 33,f3g4 h7h5 g4h5 e8h8 h5g4 h8h4 g4f5 d3d5 d6e5 h4f4,2370,86,86,257,attraction endgame mate mateIn5 pin veryLong,https://lichess.org/2nGuypwG#65,,True,2,https://lichess.org/training/IiZ5e
1pLNK,1r2r1k1/1q5p/3pN1p1/3P2P1/p1p5/P2n4/1PR4Q/1K3R2 b - - 4 32,b7d5 h2h7 g8h7 f1f7 h7h8 c2h2 h8g8 f7g7,2371,78,93,1913,attraction mate mateIn4 middlegame sacrifice veryLong,https://lichess.org/47mhb9DW/black#64,,True,2,https://lichess.org/training/1pLNK
PaM1S,3qr1k1/2p2ppp/5n2/1Q2B3/8/1p6/r2P2PP/2KR1B1R w - - 0 18,e5f6 d8d2 d1d2 e8e1 d2d1 a2c2 c1b1 e1d1,2378,79,92,141,deflection mate mateIn4 middlegame queensideAttack sacrifice veryLong,https://lichess.org/RVP1GAgQ#35,Zukertort_Opening Zukertort_Opening_Reversed_Mexican_Defense,True,2,https://lichess.org/training/PaM1S
0udPQ,3Q2r1/R3pk2/pB1p4/1p1b4/3P4/N7/P6P/5Kr1 w - - 1 34,f1f2 g8g2 f2e3 g1e1 e3d3 d5e4 d3c3 e1e3 c3b4 g2b2 b4a5 e3a3,2380,84,79,357,deflection exposedKing mate mateIn5 middlegame veryLong,https://lichess.org/usKRLjRA#67,,True,2,https://lichess.org/training/0udPQ
4x6b6,8/pp1R1N1k/2n4p/8/5P2/7P/P5rr/4RK2 b - - 7 32,g2a2 f7h8 c6e7 e1e7 h7h8 d7d8,2386,97,88,749,discoveredAttack endgame long mate mateIn3,https://lichess.org/AtlswQFO/black#64,,True,2,https://lichess.org/training/4x6b6
tVZk1,3k1rr1/p5q1/Q1Pb3p/8/3P4/7P/PP3PP1/RN3RK1 w - - 5 24,g2g4 g7g4 h3g4 g8g4 g1h1 g4h4 h1g2 h4h2 g2g1 f8g8,2388,84,90,2261,mate mateIn5 middlegame sacrifice veryLong,https://lichess.org/RyXy3Ktx#47,,True,2,https://lichess.org/training/tVZk1
NReSN,7r/4k3/pPq1p3/Q1p1Pp2/3p1B2/3P2Pr/2P3N1/5RK1 w - - 6 40,a5a6 h3h1 g1f2 c6g2 f2g2 h8h2 g2f3 h1f1,2393,78,92,1252,attraction deflection exposedKing mate mateIn4 middlegame sacrifice veryLong,https://lichess.org/mOxhIN6M#79,,True,2,https://lichess.org/training/NReSN
wX2PG,1k5r/1pp4r/p4p2/2QN1p2/3Pq3/R3P1P1/PP5P/5RK1 w - - 2 27,f1f4 e4h1 g1h1 h7h2 h1g1 h2h1 g1g2 h8h2 g2f3 h1f1,2419,79,93,8908,attraction kingsideAttack mate mateIn5 middlegame sacrifice veryLong,https://lichess.org/Mvq0rBtw#53,,True,2,https://lichess.org/training/wX2PG
rhggj,6k1/3B2bp/6p1/3P4/2P5/1Pr4r/P1K5/3RR3 w - - 11 36,c2b2 c3b3 b2c2 h3c3 c2d2 b3b2,2425,91,91,2371,doubleCheck endgame long mate mateIn3,https://lichess.org/VfYw7XDF#71,,True,2,https://lichess.org/training/rhggj
QDago,r3r2k/2p2pp1/1pn2n1p/p2q4/3P4/1NP3N1/PP1Q2R1/1K5R b - - 3 27,f6e4 d2h6 g7h6 h1h6 h8g8 g3f5 e4g5 g2g5 g8f8 h6h8,2432,85,77,679,discoveredAttack kingsideAttack mate mateIn5 middlegame sacrifice veryLong,https://lichess.org/cMkB96XY/black#54,,True,3,https://lichess.org/training/QDago
wsvdS,6k1/2R3p1/6Rp/pp1pP3/6PK/1P4r1/P7/6r1 b - - 5 38,g3g2 c7g7 g8f8 g7g8 f8e7 g6g7 e7e6 g8e8,2439,85,95,1129,endgame master mate mateIn4 rookEndgame veryLong,https://lichess.org/X08DpK0D/black#76,,True,2,https://lichess.org/training/wsvdS
Sr6UE,2r2r2/ppq3k1/3p1p2/4pPp1/4Pn1p/P2B1P2/1PP2Q2/2K3RR b - - 1 25,g7h6 f2h4 g5h4 h1h4 f4h5 g1g6 h6h7 h4h5,2460,85,93,5722,deflection mate mateIn4 middlegame sacrifice veryLong,https://lichess.org/7zNPxXyr/black#50,,True,2,https://lichess.org/training/Sr6UE
O6uvQ,r3qbr1/ppp4p/2n1p2p/1k2N2Q/1PNpPP2/3P4/P1P3PP/R4RK1 b - - 2 15,e8h5 a2a4 b5b4 f1b1 b4c3 b1b3 c3c2 b3b2 c2c3 a1c1,2470,84,93,1078,mate mateIn5 middlegame sacrifice veryLong,https://lichess.org/WFzaf3Mf/black#30,Elephant_Gambit Elephant_Gambit_Other_variations,True,2,https://lichess.org/training/O6uvQ
36QZW,3k4/R5R1/4r2K/1r6/8/P4n1P/7P/8 w - - 3 43,h6h7 b5h5 h7g8 e6e8 g8f7 h5f5 f7g6 f3h4 g6h6 e8e6 h6h7 f5h5 h7g8 e6e8 g8f7 h5f5,2473,87,90,119,endgame mate mateIn5 veryLong,https://lichess.org/daUvBOGt#85,,True,4,https://lichess.org/training/36QZW
BxKAI,8/5pkp/6b1/R2N3P/1P6/6R1/6PK/4rr2 w - - 1 40,h2h3 f1h1 h3g4 f7f5 g4g5 h7h6 g5f4 e1e4 f4f3 h1f1,2473,95,47,44,endgame exposedKing mate mateIn5 veryLong,https://lichess.org/QO7amkwV#79,,True,2,https://lichess.org/training/BxKAI
TYswh,3r1r2/2p2p1R/1p1p3R/p2bpk2/P5P1/5N2/1P1K1P2/8 b - - 0 28,f5g4 h7g7 g4f5 f3h4 f5f4 h6f6 f4e4 g7g4,2475,82,92,3950,endgame mate mateIn4 veryLong,https://lichess.org/bVMxOjcn/black#56,,True,2,https://lichess.org/training/TYswh
fEnU9,r1b2rk1/pp4pp/4p3/3pK3/3P1B2/3P1R2/Pq6/R5Q1 b - - 1 24,b7b6 g1g7 g8g7 f4h6 g7h6 a1h1 b2h2 h1h2 h6g7 h2g2 g7h8 f3f8,2493,84,90,2288,attraction deflection mate mateIn5 middlegame sacrifice veryLong,https://lichess.org/G7mB9G9R/black#48,,True,2,https://lichess.org/training/fEnU9
Dzvjj,5r2/8/3N2k1/2pPp3/1r1n4/2K3PB/5P1P/R6R w - - 0 41,a1a6 f8f3 c3d2 f3f2 d2e3 f2e2 e3d3 b4b3 d3c4 e2c2,2494,82,95,2144,exposedKing mate mateIn5 middlegame veryLong,https://lichess.org/PUt5c59M#81,,True,3,https://lichess.org/training/Dzvjj
MhW8h,1rb2rk1/p3bp2/4p1nQ/1pp5/4PR2/P1P1q2N/BP4PP/5R1K b - - 6 20,c5c4 h3g5 e7g5 h6g6 f7g6 f4f8 g8h7 f1f7 h7h6 f8h8,2506,93,92,3358,kingsideAttack mate mateIn5 middlegame sacrifice veryLong,https://lichess.org/5ipV9zrM/black#40,,True,2,https://lichess.org/training/MhW8h
47JJc,2k4r/3q4/5Q2/b1N1pP2/1nP1P3/3P1B2/3BK1nr/1R6 w - - 0 43,c5d7 g2e3 f3g2 h2g2 e2f3 h8h3,2515,80,94,1639,discoveredAttack long mate mateIn3 middlegame,https://lichess.org/elm1HMBN#85,,True,2,https://lichess.org/training/47JJc
S5t5i,3n1r2/2q2pkr/4bR1p/pp2PN1Q/2pp1R1P/1P6/P1P3PK/8 b - - 10 41,g7h8 h5h6 f8e8 h6h7 h8h7 f6h6 h7g8 f4g4 g8f8 h6h8,2520,87,93,2711,attraction exposedKing kingsideAttack mate mateIn5 middlegame sacrifice veryLong,https://lichess.org/eveZQNpd/black#82,,True,2,https://lichess.org/training/S5t5i
SgGI9,r4k2/3br3/P1pK4/R1Pp1pP1/5P1P/3BP3/8/R7 w - - 9 52,a6a7 d7e8 d3f5 a8d8 f5d7 d8d7 d6c6 e7e6 c6b5 d7b7,2529,79,91,5667,doubleCheck endgame mate mateIn5 quietMove veryLong,https://lichess.org/ufAu9OGr#103,,True,2,https://lichess.org/training/SgGI9
QlOvB,1R5Q/p4kp1/3p2r1/5rP1/7P/8/1P3K2/1b6 w - - 7 34,f2e3 g6e6 e3d2 f5d5 d2c3 e6e3 c3c4 d5c5 c4b4 e3e4 b4a3 c5a5 a3b3 b1a2 b3c3 a5c5 c3d3 a2b1 d3d2 c5d5 d2c1 e4e1,2556,98,43,46,endgame exposedKing mate mateIn5 veryLong,https://lichess.org/kA0R4rpZ#67,,True,2,https://lichess.org/training/QlOvB
KcQGK,4r3/5kp1/1q3n2/3bp3/PQpR1N2/4KPP1/1P5r/3R4 w - - 0 30,b4b6 f6g4 f3g4 e5f4 e3f4 h2f2 f4g5 e8e5 g5h4 f2h2,2565,85,91,1091,attraction doubleCheck master mate mateIn5 middlegame veryLong,https://lichess.org/JJftd2PV#59,,True,3,https://lichess.org/training/KcQGK
Fd8zX,5k2/2r2prR/3p4/ppq5/3b4/1B5Q/2P3PP/5R1K b - - 0 34,a5a4 h7h8 g7g8 h3c8 c7c8 f1f7 f8e8 h8g8,2599,103,90,2632,deflection master masterVsMaster mate mateIn4 middlegame sacrifice veryLong,https://lichess.org/Xx1IhIec/black#68,,True,2,https://lichess.org/training/Fd8zX
bB1sv,8/p5pp/bp3k2/3p4/3R4/P5PB/1Pr2r1P/4R1K1 b - - 3 28,f2h2 e1e6 f6f7 d4f4 f7g8 e6e8,2600,84,84,398,endgame exposedKing long mate mateIn3,https://lichess.org/MkbAk6Uo/black#56,,True,2,https://lichess.org/training/bB1sv
9FL8F,6r1/1kpQ4/3b1p2/4p3/P1N1P2p/3P1P2/2P2Kr1/8 w - - 0 30,f2e1 d6b4 c2c3 g2g1 e1f2 g8g2 f2e3 g1e1,2620,94,93,3139,endgame exposedKing mate mateIn4 veryLong,https://lichess.org/ap7A3RTD#59,,True,2,https://lichess.org/training/9FL8F
nKyiK,5rk1/pp3rp1/2p1Qp1p/3p1P1N/3P4/2q1nP2/P6P/4R1RK b - - 7 29,e3c2 e6f7 f8f7 e1e8 f7f8 g1g7 g8h8 e8f8,2643,97,94,2442,clearance deflection kingsideAttack mate mateIn4 middlegame sacrifice veryLong,https://lichess.org/G5d8ELwy/black#58,,True,2,https://lichess.org/training/nKyiK
wnwHv,6k1/3R1p2/2r1p1pp/pq4P1/4QP1b/1pP5/1P6/1K1R4 b - - 0 32,h6g5 e4g6 f7g6 d7d8 g8f7 d1d7 f7f6 d8f8,2672,84,91,2962,endgame master mate mateIn4 sacrifice veryLong,https://lichess.org/wcLIxRsv/black#64,,True,2,https://lichess.org/training/wnwHv
t5nZM,8/3r2p1/2pbn1p1/R3pp2/1Pk5/2P5/4KPPr/R4N2 b - - 3 29,h2h8 f1d2 c4c3 a5a3 c3b4 a3b3 b4c5 a1a5 c5d4 b3d3,2687,85,91,2822,mate mateIn5 middlegame sacrifice veryLong,https://lichess.org/iABl9Zbs/black#58,,True,2,https://lichess.org/training/t5nZM
6jNvN,2r5/1p1k2pp/3bp1p1/p1r5/8/1K3BN1/PP3PP1/R2R4 w - - 0 22,g3e4 a5a4 b3a3 c5c3 a3a4 c3c4 b2b4 c4b4 a4a3 c8a8,2710,94,93,518,doubleCheck exposedKing mate mateIn5 middlegame veryLong,https://lichess.org/YseCDTZT#43,,True,2,https://lichess.org/training/6jNvN
axHqF,r4r2/p3ppk1/2p1N1p1/3nP2p/1p1PB2P/2p5/qP1QP3/2K3RR b - - 0 20,f7e6 d2h6 g7h6 g1g6 h6h7 g6f6 h7h8 f6h6 h8g8 h1g1 g8f7 e4g6 f7g7 h6h7 g7g8 g6d3,2714,111,90,2304,attraction discoveredAttack master mate mateIn5 middlegame sacrifice veryLong,https://lichess.org/q3Z2H4ww/black#40,,True,2,https://lichess.org/training/axHqF
iet1P,r7/pp1bRR1p/1b4pk/2n5/1nPN4/8/2B2PPP/6K1 b - - 2 30,b4c2 f7h7 h6g5 h2h4 g5f4 d4e2 f4f5 h7f7 f5g4 f7f4 g4h5 e7h7,2749,103,94,4804,mate mateIn5 middlegame veryLong,https://lichess.org/LrOkeOFt/black#60,,True,2,https://lichess.org/training/iet1P
7SCzx,3R4/p6R/1ppk2p1/3p2P1/q1PP1K2/b4P2/8/8 b - - 5 41,d6e6 d8e8 e6d6 e8f8 a3c1 f4g4 c1g5 g4g5 d5c4 f8f6 d6d5 h7d7,2782,85,93,5161,endgame mate mateIn5 quietMove veryLong,https://lichess.org/fjhHThsT/black#82,,True,2,https://lichess.org/training/7SCzx
l7u9R,6k1/p1p5/1p2p3/2nr2p1/3B1rQ1/5R2/P1P3P1/5RK1 b - - 0 27,f4g4 f3f8 g8h7 f8f7 h7g6 f1f6 g6h5 f7h7,2795,88,91,2458,endgame exposedKing mate mateIn4 veryLong,https://lichess.org/jQilDF2D/black#54,,True,2,https://lichess.org/training/l7u9R
QeA9f,8/R7/4N1k1/R7/1Pr5/1r5P/1Kb2PP1/8 w - - 4 45,b2c1 c2b1 c1d2 b3d3 d2e2 c4e4 e2f1 d3d1,2853,98,93,3943,discoveredAttack endgame exposedKing fork mate mateIn4 veryLong,https://lichess.org/tg2aOMYv#89,,True,3,https://lichess.org/training/QeA9f
