PuzzleId,puzzle_ref,Rook_Knight,Error,Processed_Comment
02vo8,https://lichess.org/training/02vo8,TRUE,False,"Processing row 0: 2025-11-06 17:49:48.694951 -> Puzzle 02vo8 - URL https://lichess.org/training/02vo8, Reviewed: TRUE -> Status: 200 Text:{""ok"":true}"
05Gmu,https://lichess.org/training/05Gmu,TRUE,False,"Processing row 1: 2025-11-06 17:50:37.654581 -> Puzzle 05Gmu - URL https://lichess.org/training/05Gmu, Reviewed: TRUE -> Status: 200 Text:{""ok"":true}"
070BV,https://lichess.org/training/070BV,TRUE,False,"Processing row 2: 2025-11-06 17:50:38.972741 -> Puzzle 070BV - URL https://lichess.org/training/070BV, Reviewed: TRUE -> Status: 200 Text:{""ok"":true}"
08TXc,https://lichess.org/training/08TXc,TRUE,False,"Processing row 3: 2025-11-06 17:50:40.138332 -> Puzzle 08TXc - URL https://lichess.org/training/08TXc, Reviewed: TRUE -> Status: 200 Text:{""ok"":true}"
0AcOR,https://lichess.org/training/0AcOR,TRUE,False,"Processing row 4: 2025-11-06 17:50:41.311059 -> Puzzle 0AcOR - URL https://lichess.org/training/0AcOR, Reviewed: TRUE -> Status: 200 Text:{""ok"":true}"
0Bd0K,https://lichess.org/training/0Bd0K,TRUE,False,"Processing row 5: 2025-11-06 17:50:42.537266 -> Puzzle 0Bd0K - URL https://lichess.org/training/0Bd0K, Reviewed: TRUE -> Status: 200 Text:{""ok"":true}"
0DCCk,https://lichess.org/training/0DCCk,TRUE,False,"Processing row 6: 2025-11-06 17:50:43.803908 -> Puzzle 0DCCk - URL https://lichess.org/training/0DCCk, Reviewed: TRUE -> Status: 200 Text:{""ok"":true}"
0GSX1,https://lichess.org/training/0GSX1,TRUE,False,"Processing row 7: 2025-11-06 17:50:45.083211 -> Puzzle 0GSX1 - URL https://lichess.org/training/0GSX1, Reviewed: TRUE -> Status: 200 Text:{""ok"":true}"
0IKff,https://lichess.org/training/0IKff,TRUE,False,"Processing row 8: 2025-11-06 17:50:46.489858 -> Puzzle 0IKff - URL https://lichess.org/training/0IKff, Reviewed: TRUE -> Status: 200 Text:{""ok"":true}"
0L1f7,https://lichess.org/training/0L1f7,TRUE,False,"Processing row 9: 2025-11-06 17:50:47.730834 -> Puzzle 0L1f7 - URL https://lichess.org/training/0L1f7, Reviewed: TRUE -> Status: 200 Text:{""ok"":true}"
0LLRR,https://lichess.org/training/0LLRR,FALSE,False,X
0MVRt,https://lichess.org/training/0MVRt,TRUE,False,"Processing row 11: 2025-11-06 17:50:48.902649 -> Puzzle 0MVRt - URL https://lichess.org/training/0MVRt, Reviewed: TRUE -> Status: 200 Text:{""ok"":true}"
0Ow6e,https://lichess.org/training/0Ow6e,TRUE,False,"Processing row 12: 2025-11-06 17:50:50.084863 -> Puzzle 0Ow6e - URL https://lichess.org/training/0Ow6e, Reviewed: TRUE -> Status: 200 Text:{""ok"":true}"
0PAVb,https://lichess.org/training/0PAVb,TRUE,False,"Processing row 13: 2025-11-06 17:50:51.286145 -> Puzzle 0PAVb - URL https://lichess.org/training/0PAVb, Reviewed: TRUE -> Status: 200 Text:{""ok"":true}"
0QlAD,https://lichess.org/training/0QlAD,TRUE,False,"Processing row 14: 2025-11-06 17:50:52.469659 -> Puzzle 0QlAD - URL https://lichess.org/training/0QlAD, Reviewed: TRUE -> Status: 200 Text:{""ok"":true}"
0RNKo,https://lichess.org/training/0RNKo,TRUE,False,"Processing row 15: 2025-11-06 17:50:53.629229 -> Puzzle 0RNKo - URL https://lichess.org/training/0RNKo, Reviewed: TRUE -> Status: 200 Text:{""ok"":true}"
0RpgG,https://lichess.org/training/0RpgG,TRUE,False,"Processing row 16: 2025-11-06 17:50:54.848972 -> Puzzle 0RpgG - URL https://lichess.org/training/0RpgG, Reviewed: TRUE -> Status: 200 Text:{""ok"":true}"
0T23A,https://lichess.org/training/0T23A,TRUE,False,"Processing row 17: 2025-11-06 17:50:56.011517 -> Puzzle 0T23A - URL https://lichess.org/training/0T23A, Reviewed: TRUE -> Status: 200 Text:{""ok"":true}"
0TP4Q,https://lichess.org/training/0TP4Q,TRUE,False,"Processing row 18: 2025-11-06 17:50:57.180498 -> Puzzle 0TP4Q - URL https://lichess.org/training/0TP4Q, Reviewed: TRUE -> Status: 200 Text:{""ok"":true}"
0UQVs,https://lichess.org/training/0UQVs,TRUE,False,"Processing row 19: 2025-11-06 17:50:58.448069 -> Puzzle 0UQVs - URL https://lichess.org/training/0UQVs, Reviewed: TRUE -> Status: 200 Text:{""ok"":true}"
0Wyva,https://lichess.org/training/0Wyva,TRUE,False,"Processing row 20: 2025-11-06 17:50:59.653184 -> Puzzle 0Wyva - URL https://lichess.org/training/0Wyva, Reviewed: TRUE -> Status: 200 Text:{""ok"":true}"
0XqCh,https://lichess.org/training/0XqCh,TRUE,False,"Processing row 21: 2025-11-06 17:51:00.875186 -> Puzzle 0XqCh - URL https://lichess.org/training/0XqCh, Reviewed: TRUE -> Status: 200 Text:{""ok"":true}"
0dVrn,https://lichess.org/training/0dVrn,TRUE,False,"Processing row 22: 2025-11-06 17:51:02.046912 -> Puzzle 0dVrn - URL https://lichess.org/training/0dVrn, Reviewed: TRUE -> Status: 200 Text:{""ok"":true}"
0ek70,https://lichess.org/training/0ek70,TRUE,False,"Processing row 23: 2025-11-06 17:51:03.549949 -> Puzzle 0ek70 - URL https://lichess.org/training/0ek70, Reviewed: TRUE -> Status: 200 Text:{""ok"":true}"
0h6dR,https://lichess.org/training/0h6dR,TRUE,False,"Processing row 24: 2025-11-06 17:51:04.753914 -> Puzzle 0h6dR - URL https://lichess.org/training/0h6dR, Reviewed: TRUE -> Status: 200 Text:{""ok"":true}"
0iBrx,https://lichess.org/training/0iBrx,TRUE,False,"Processing row 25: 2025-11-06 17:51:05.962752 -> Puzzle 0iBrx - URL https://lichess.org/training/0iBrx, Reviewed: TRUE -> Status: 200 Text:{""ok"":true}"
0jX4s,https://lichess.org/training/0jX4s,TRUE,False,"Processing row 26: 2025-11-06 17:51:07.183276 -> Puzzle 0jX4s - URL https://lichess.org/training/0jX4s, Reviewed: TRUE -> Status: 200 Text:{""ok"":true}"
0nSQ6,https://lichess.org/training/0nSQ6,TRUE,False,"Processing row 27: 2025-11-06 17:51:08.424344 -> Puzzle 0nSQ6 - URL https://lichess.org/training/0nSQ6, Reviewed: TRUE -> Status: 200 Text:{""ok"":true}"
0pVKR,https://lichess.org/training/0pVKR,TRUE,False,"Processing row 28: 2025-11-06 17:51:09.641425 -> Puzzle 0pVKR - URL https://lichess.org/training/0pVKR, Reviewed: TRUE -> Status: 200 Text:{""ok"":true}"
0qhEP,https://lichess.org/training/0qhEP,TRUE,False,"Processing row 29: 2025-11-06 17:51:10.844565 -> Puzzle 0qhEP - URL https://lichess.org/training/0qhEP, Reviewed: TRUE -> Status: 200 Text:{""ok"":true}"
0qm6j,https://lichess.org/training/0qm6j,TRUE,False,"Processing row 30: 2025-11-06 17:51:12.020565 -> Puzzle 0qm6j - URL https://lichess.org/training/0qm6j, Reviewed: TRUE -> Status: 200 Text:{""ok"":true}"
0rsPY,https://lichess.org/training/0rsPY,TRUE,False,"Processing row 31: 2025-11-06 17:51:13.201788 -> Puzzle 0rsPY - URL https://lichess.org/training/0rsPY, Reviewed: TRUE -> Status: 200 Text:{""ok"":true}"
0sFFw,https://lichess.org/training/0sFFw,TRUE,False,"Processing row 32: 2025-11-06 17:51:14.411271 -> Puzzle 0sFFw - URL https://lichess.org/training/0sFFw, Reviewed: TRUE -> Status: 200 Text:{""ok"":true}"
0uDlf,https://lichess.org/training/0uDlf,TRUE,False,"Processing row 33: 2025-11-06 17:51:15.616343 -> Puzzle 0uDlf - URL https://lichess.org/training/0uDlf, Reviewed: TRUE -> Status: 200 Text:{""ok"":true}"
0wkgs,https://lichess.org/training/0wkgs,TRUE,False,"Processing row 34: 2025-11-06 17:51:16.831958 -> Puzzle 0wkgs - URL https://lichess.org/training/0wkgs, Reviewed: TRUE -> Status: 200 Text:{""ok"":true}"
0yPrJ,https://lichess.org/training/0yPrJ,TRUE,False,"Processing row 35: 2025-11-06 17:51:18.009710 -> Puzzle 0yPrJ - URL https://lichess.org/training/0yPrJ, Reviewed: TRUE -> Status: 200 Text:{""ok"":true}"
12Nr8,https://lichess.org/training/12Nr8,TRUE,False,"Processing row 36: 2025-11-06 17:51:19.167103 -> Puzzle 12Nr8 - URL https://lichess.org/training/12Nr8, Reviewed: TRUE -> Status: 200 Text:{""ok"":true}"
12lYH,https://lichess.org/training/12lYH,FALSE,False,X
14PPn,https://lichess.org/training/14PPn,TRUE,False,"Processing row 38: 2025-11-06 17:51:20.335573 -> Puzzle 14PPn - URL https://lichess.org/training/14PPn, Reviewed: TRUE -> Status: 200 Text:{""ok"":true}"
15X1K,https://lichess.org/training/15X1K,TRUE,False,"Processing row 39: 2025-11-06 17:51:21.509483 -> Puzzle 15X1K - URL https://lichess.org/training/15X1K, Reviewed: TRUE -> Status: 200 Text:{""ok"":true}"
17t2T,https://lichess.org/training/17t2T,TRUE,False,"Processing row 40: 2025-11-06 17:51:22.679530 -> Puzzle 17t2T - URL https://lichess.org/training/17t2T, Reviewed: TRUE -> Status: 200 Text:{""ok"":true}"
186n1,https://lichess.org/training/186n1,TRUE,False,"Processing row 41: 2025-11-06 17:51:23.888177 -> Puzzle 186n1 - URL https://lichess.org/training/186n1, Reviewed: TRUE -> Status: 200 Text:{""ok"":true}"
18l5B,https://lichess.org/training/18l5B,TRUE,False,"Processing row 42: 2025-11-06 17:51:25.083094 -> Puzzle 18l5B - URL https://lichess.org/training/18l5B, Reviewed: TRUE -> Status: 200 Text:{""ok"":true}"
1AZvC,https://lichess.org/training/1AZvC,TRUE,False,"Processing row 43: 2025-11-06 17:51:26.288727 -> Puzzle 1AZvC - URL https://lichess.org/training/1AZvC, Reviewed: TRUE -> Status: 200 Text:{""ok"":true}"
1B5BQ,https://lichess.org/training/1B5BQ,TRUE,False,"Processing row 44: 2025-11-06 17:51:27.470433 -> Puzzle 1B5BQ - URL https://lichess.org/training/1B5BQ, Reviewed: TRUE -> Status: 200 Text:{""ok"":true}"
1GIT5,https://lichess.org/training/1GIT5,TRUE,False,"Processing row 45: 2025-11-06 17:51:28.673105 -> Puzzle 1GIT5 - URL https://lichess.org/training/1GIT5, Reviewed: TRUE -> Status: 200 Text:{""ok"":true}"
1GeXn,https://lichess.org/training/1GeXn,TRUE,False,"Processing row 46: 2025-11-06 17:51:29.834618 -> Puzzle 1GeXn - URL https://lichess.org/training/1GeXn, Reviewed: TRUE -> Status: 200 Text:{""ok"":true}"
1HTku,https://lichess.org/training/1HTku,TRUE,False,"Processing row 47: 2025-11-06 17:51:31.034968 -> Puzzle 1HTku - URL https://lichess.org/training/1HTku, Reviewed: TRUE -> Status: 200 Text:{""ok"":true}"
1LvAD,https://lichess.org/training/1LvAD,TRUE,False,"Processing row 48: 2025-11-06 17:51:32.242742 -> Puzzle 1LvAD - URL https://lichess.org/training/1LvAD, Reviewed: TRUE -> Status: 200 Text:{""ok"":true}"
1Nug2,https://lichess.org/training/1Nug2,FALSE,False,X
1Olje,https://lichess.org/training/1Olje,FALSE,False,X
1QCoV,https://lichess.org/training/1QCoV,TRUE,False,"Processing row 51: 2025-11-06 17:51:33.417171 -> Puzzle 1QCoV - URL https://lichess.org/training/1QCoV, Reviewed: TRUE -> Status: 200 Text:{""ok"":true}"
1U415,https://lichess.org/training/1U415,TRUE,False,"Processing row 52: 2025-11-06 17:51:34.633858 -> Puzzle 1U415 - URL https://lichess.org/training/1U415, Reviewed: TRUE -> Status: 200 Text:{""ok"":true}"
1V0jj,https://lichess.org/training/1V0jj,TRUE,False,"Processing row 53: 2025-11-06 17:51:35.886140 -> Puzzle 1V0jj - URL https://lichess.org/training/1V0jj, Reviewed: TRUE -> Status: 200 Text:{""ok"":true}"
1W7SL,https://lichess.org/training/1W7SL,TRUE,False,"Processing row 54: 2025-11-06 17:51:37.120929 -> Puzzle 1W7SL - URL https://lichess.org/training/1W7SL, Reviewed: TRUE -> Status: 200 Text:{""ok"":true}"
1buxu,https://lichess.org/training/1buxu,TRUE,False,"Processing row 55: 2025-11-06 17:51:38.372877 -> Puzzle 1buxu - URL https://lichess.org/training/1buxu, Reviewed: TRUE -> Status: 200 Text:{""ok"":true}"
1cGjh,https://lichess.org/training/1cGjh,TRUE,False,"Processing row 56: 2025-11-06 17:51:39.573658 -> Puzzle 1cGjh - URL https://lichess.org/training/1cGjh, Reviewed: TRUE -> Status: 200 Text:{""ok"":true}"
1cKwy,https://lichess.org/training/1cKwy,TRUE,False,"Processing row 57: 2025-11-06 17:51:40.898403 -> Puzzle 1cKwy - URL https://lichess.org/training/1cKwy, Reviewed: TRUE -> Status: 200 Text:{""ok"":true}"
1cTdF,https://lichess.org/training/1cTdF,TRUE,False,"Processing row 58: 2025-11-06 17:51:42.121844 -> Puzzle 1cTdF - URL https://lichess.org/training/1cTdF, Reviewed: TRUE -> Status: 200 Text:{""ok"":true}"
1gsSo,https://lichess.org/training/1gsSo,TRUE,False,"Processing row 59: 2025-11-06 17:51:43.290818 -> Puzzle 1gsSo - URL https://lichess.org/training/1gsSo, Reviewed: TRUE -> Status: 200 Text:{""ok"":true}"
1jEnT,https://lichess.org/training/1jEnT,TRUE,False,"Processing row 60: 2025-11-06 17:51:44.499607 -> Puzzle 1jEnT - URL https://lichess.org/training/1jEnT, Reviewed: TRUE -> Status: 200 Text:{""ok"":true}"
1kozs,https://lichess.org/training/1kozs,TRUE,False,"Processing row 61: 2025-11-06 17:51:45.734028 -> Puzzle 1kozs - URL https://lichess.org/training/1kozs, Reviewed: TRUE -> Status: 200 Text:{""ok"":true}"
1oHp0,https://lichess.org/training/1oHp0,TRUE,False,"Processing row 62: 2025-11-06 17:51:46.966843 -> Puzzle 1oHp0 - URL https://lichess.org/training/1oHp0, Reviewed: TRUE -> Status: 200 Text:{""ok"":true}"
1r5X4,https://lichess.org/training/1r5X4,TRUE,False,"Processing row 63: 2025-11-06 17:51:48.188710 -> Puzzle 1r5X4 - URL https://lichess.org/training/1r5X4, Reviewed: TRUE -> Status: 200 Text:{""ok"":true}"
1rYsy,https://lichess.org/training/1rYsy,TRUE,False,"Processing row 64: 2025-11-06 17:51:49.436009 -> Puzzle 1rYsy - URL https://lichess.org/training/1rYsy, Reviewed: TRUE -> Status: 200 Text:{""ok"":true}"
1uE1q,https://lichess.org/training/1uE1q,TRUE,False,"Processing row 65: 2025-11-06 17:51:50.707682 -> Puzzle 1uE1q - URL https://lichess.org/training/1uE1q, Reviewed: TRUE -> Status: 200 Text:{""ok"":true}"
1vOyH,https://lichess.org/training/1vOyH,TRUE,False,"Processing row 66: 2025-11-06 17:51:51.905252 -> Puzzle 1vOyH - URL https://lichess.org/training/1vOyH, Reviewed: TRUE -> Status: 200 Text:{""ok"":true}"
1wdvZ,https://lichess.org/training/1wdvZ,TRUE,False,"Processing row 67: 2025-11-06 17:51:53.083328 -> Puzzle 1wdvZ - URL https://lichess.org/training/1wdvZ, Reviewed: TRUE -> Status: 200 Text:{""ok"":true}"
1zXP4,https://lichess.org/training/1zXP4,TRUE,False,"Processing row 68: 2025-11-06 17:51:54.307457 -> Puzzle 1zXP4 - URL https://lichess.org/training/1zXP4, Reviewed: TRUE -> Status: 200 Text:{""ok"":true}"
2BuiC,https://lichess.org/training/2BuiC,TRUE,False,"Processing row 69: 2025-11-06 17:51:55.607819 -> Puzzle 2BuiC - URL https://lichess.org/training/2BuiC, Reviewed: TRUE -> Status: 200 Text:{""ok"":true}"
2EMbj,https://lichess.org/training/2EMbj,TRUE,False,"Processing row 70: 2025-11-06 17:51:56.810460 -> Puzzle 2EMbj - URL https://lichess.org/training/2EMbj, Reviewed: TRUE -> Status: 200 Text:{""ok"":true}"
2FbVL,https://lichess.org/training/2FbVL,TRUE,False,"Processing row 71: 2025-11-06 17:51:58.010460 -> Puzzle 2FbVL - URL https://lichess.org/training/2FbVL, Reviewed: TRUE -> Status: 200 Text:{""ok"":true}"
2FtMr,https://lichess.org/training/2FtMr,TRUE,False,"Processing row 72: 2025-11-06 17:51:59.359525 -> Puzzle 2FtMr - URL https://lichess.org/training/2FtMr, Reviewed: TRUE -> Status: 200 Text:{""ok"":true}"
2JabJ,https://lichess.org/training/2JabJ,TRUE,False,"Processing row 73: 2025-11-06 17:52:00.578131 -> Puzzle 2JabJ - URL https://lichess.org/training/2JabJ, Reviewed: TRUE -> Status: 200 Text:{""ok"":true}"
2LLhb,https://lichess.org/training/2LLhb,TRUE,False,"Processing row 74: 2025-11-06 17:52:01.785714 -> Puzzle 2LLhb - URL https://lichess.org/training/2LLhb, Reviewed: TRUE -> Status: 200 Text:{""ok"":true}"
2LyV1,https://lichess.org/training/2LyV1,TRUE,False,"Processing row 75: 2025-11-06 17:52:02.964849 -> Puzzle 2LyV1 - URL https://lichess.org/training/2LyV1, Reviewed: TRUE -> Status: 200 Text:{""ok"":true}"
2McWl,https://lichess.org/training/2McWl,TRUE,False,"Processing row 76: 2025-11-06 17:52:04.176419 -> Puzzle 2McWl - URL https://lichess.org/training/2McWl, Reviewed: TRUE -> Status: 200 Text:{""ok"":true}"
2NRWf,https://lichess.org/training/2NRWf,TRUE,False,"Processing row 77: 2025-11-06 17:52:05.339092 -> Puzzle 2NRWf - URL https://lichess.org/training/2NRWf, Reviewed: TRUE -> Status: 200 Text:{""ok"":true}"
2Rw7e,https://lichess.org/training/2Rw7e,TRUE,False,"Processing row 78: 2025-11-06 17:52:06.524308 -> Puzzle 2Rw7e - URL https://lichess.org/training/2Rw7e, Reviewed: TRUE -> Status: 200 Text:{""ok"":true}"
2T3cl,https://lichess.org/training/2T3cl,TRUE,False,"Processing row 79: 2025-11-06 17:52:07.694210 -> Puzzle 2T3cl - URL https://lichess.org/training/2T3cl, Reviewed: TRUE -> Status: 200 Text:{""ok"":true}"
2XRlC,https://lichess.org/training/2XRlC,TRUE,False,"Processing row 80: 2025-11-06 17:52:08.929225 -> Puzzle 2XRlC - URL https://lichess.org/training/2XRlC, Reviewed: TRUE -> Status: 200 Text:{""ok"":true}"
2Xfst,https://lichess.org/training/2Xfst,TRUE,False,"Processing row 81: 2025-11-06 17:52:10.101988 -> Puzzle 2Xfst - URL https://lichess.org/training/2Xfst, Reviewed: TRUE -> Status: 200 Text:{""ok"":true}"
2XokZ,https://lichess.org/training/2XokZ,TRUE,False,"Processing row 82: 2025-11-06 17:52:11.262539 -> Puzzle 2XokZ - URL https://lichess.org/training/2XokZ, Reviewed: TRUE -> Status: 200 Text:{""ok"":true}"
2YskY,https://lichess.org/training/2YskY,TRUE,False,"Processing row 83: 2025-11-06 17:52:12.437108 -> Puzzle 2YskY - URL https://lichess.org/training/2YskY, Reviewed: TRUE -> Status: 200 Text:{""ok"":true}"
2ZYUL,https://lichess.org/training/2ZYUL,TRUE,False,"Processing row 84: 2025-11-06 17:52:13.596248 -> Puzzle 2ZYUL - URL https://lichess.org/training/2ZYUL, Reviewed: TRUE -> Status: 200 Text:{""ok"":true}"
2ZkLa,https://lichess.org/training/2ZkLa,TRUE,False,"Processing row 85: 2025-11-06 17:52:14.835132 -> Puzzle 2ZkLa - URL https://lichess.org/training/2ZkLa, Reviewed: TRUE -> Status: 200 Text:{""ok"":true}"
2bNjY,https://lichess.org/training/2bNjY,TRUE,False,"Processing row 86: 2025-11-06 17:52:16.069121 -> Puzzle 2bNjY - URL https://lichess.org/training/2bNjY, Reviewed: TRUE -> Status: 200 Text:{""ok"":true}"
2emu1,https://lichess.org/training/2emu1,TRUE,False,"Processing row 87: 2025-11-06 17:52:17.295705 -> Puzzle 2emu1 - URL https://lichess.org/training/2emu1, Reviewed: TRUE -> Status: 200 Text:{""ok"":true}"
2groE,https://lichess.org/training/2groE,TRUE,False,"Processing row 88: 2025-11-06 17:52:18.575677 -> Puzzle 2groE - URL https://lichess.org/training/2groE, Reviewed: TRUE -> Status: 200 Text:{""ok"":true}"
2htZi,https://lichess.org/training/2htZi,TRUE,False,"Processing row 89: 2025-11-06 17:52:19.986107 -> Puzzle 2htZi - URL https://lichess.org/training/2htZi, Reviewed: TRUE -> Status: 200 Text:{""ok"":true}"
2itt9,https://lichess.org/training/2itt9,TRUE,False,"Processing row 90: 2025-11-06 17:52:21.227146 -> Puzzle 2itt9 - URL https://lichess.org/training/2itt9, Reviewed: TRUE -> Status: 200 Text:{""ok"":true}"
2oef9,https://lichess.org/training/2oef9,TRUE,False,"Processing row 91: 2025-11-06 17:52:22.503461 -> Puzzle 2oef9 - URL https://lichess.org/training/2oef9, Reviewed: TRUE -> Status: 200 Text:{""ok"":true}"
2p3M6,https://lichess.org/training/2p3M6,FALSE,False,X
2qAWi,https://lichess.org/training/2qAWi,TRUE,False,"Processing row 93: 2025-11-06 17:52:23.672409 -> Puzzle 2qAWi - URL https://lichess.org/training/2qAWi, Reviewed: TRUE -> Status: 200 Text:{""ok"":true}"
2rqEO,https://lichess.org/training/2rqEO,TRUE,False,"Processing row 94: 2025-11-06 17:52:24.824784 -> Puzzle 2rqEO - URL https://lichess.org/training/2rqEO, Reviewed: TRUE -> Status: 200 Text:{""ok"":true}"
2zbdJ,https://lichess.org/training/2zbdJ,TRUE,False,"Processing row 95: 2025-11-06 17:52:26.064421 -> Puzzle 2zbdJ - URL https://lichess.org/training/2zbdJ, Reviewed: TRUE -> Status: 200 Text:{""ok"":true}"
323B7,https://lichess.org/training/323B7,TRUE,False,"Processing row 96: 2025-11-06 17:52:27.262326 -> Puzzle 323B7 - URL https://lichess.org/training/323B7, Reviewed: TRUE -> Status: 200 Text:{""ok"":true}"
36ahE,https://lichess.org/training/36ahE,TRUE,False,"Processing row 97: 2025-11-06 17:52:28.466343 -> Puzzle 36ahE - URL https://lichess.org/training/36ahE, Reviewed: TRUE -> Status: 200 Text:{""ok"":true}"
39sdb,https://lichess.org/training/39sdb,TRUE,False,"Processing row 98: 2025-11-06 17:52:29.657853 -> Puzzle 39sdb - URL https://lichess.org/training/39sdb, Reviewed: TRUE -> Status: 200 Text:{""ok"":true}"
3CijL,https://lichess.org/training/3CijL,TRUE,False,"Processing row 99: 2025-11-06 17:52:30.988718 -> Puzzle 3CijL - URL https://lichess.org/training/3CijL, Reviewed: TRUE -> Status: 200 Text:{""ok"":true}"
3IVnQ,https://lichess.org/training/3IVnQ,TRUE,False,"Processing row 100: 2025-11-06 17:52:32.291899 -> Puzzle 3IVnQ - URL https://lichess.org/training/3IVnQ, Reviewed: TRUE -> Status: 200 Text:{""ok"":true}"
3ImXc,https://lichess.org/training/3ImXc,TRUE,False,"Processing row 101: 2025-11-06 17:52:33.659998 -> Puzzle 3ImXc - URL https://lichess.org/training/3ImXc, Reviewed: TRUE -> Status: 200 Text:{""ok"":true}"
3LI7H,https://lichess.org/training/3LI7H,TRUE,False,"Processing row 102: 2025-11-06 17:52:34.868541 -> Puzzle 3LI7H - URL https://lichess.org/training/3LI7H, Reviewed: TRUE -> Status: 200 Text:{""ok"":true}"
3M03C,https://lichess.org/training/3M03C,TRUE,False,"Processing row 103: 2025-11-06 17:52:36.110406 -> Puzzle 3M03C - URL https://lichess.org/training/3M03C, Reviewed: TRUE -> Status: 200 Text:{""ok"":true}"
3MurC,https://lichess.org/training/3MurC,TRUE,False,"Processing row 104: 2025-11-06 17:52:37.342464 -> Puzzle 3MurC - URL https://lichess.org/training/3MurC, Reviewed: TRUE -> Status: 200 Text:{""ok"":true}"
3NVu2,https://lichess.org/training/3NVu2,TRUE,False,"Processing row 105: 2025-11-06 17:52:38.655501 -> Puzzle 3NVu2 - URL https://lichess.org/training/3NVu2, Reviewed: TRUE -> Status: 200 Text:{""ok"":true}"
3PRQG,https://lichess.org/training/3PRQG,TRUE,False,"Processing row 106: 2025-11-06 17:52:39.933961 -> Puzzle 3PRQG - URL https://lichess.org/training/3PRQG, Reviewed: TRUE -> Status: 200 Text:{""ok"":true}"
3UTuE,https://lichess.org/training/3UTuE,TRUE,False,"Processing row 107: 2025-11-06 17:52:41.199037 -> Puzzle 3UTuE - URL https://lichess.org/training/3UTuE, Reviewed: TRUE -> Status: 200 Text:{""ok"":true}"
3UetX,https://lichess.org/training/3UetX,TRUE,False,"Processing row 108: 2025-11-06 17:52:42.409929 -> Puzzle 3UetX - URL https://lichess.org/training/3UetX, Reviewed: TRUE -> Status: 200 Text:{""ok"":true}"
3VtyZ,https://lichess.org/training/3VtyZ,TRUE,False,"Processing row 109: 2025-11-06 17:52:43.582134 -> Puzzle 3VtyZ - URL https://lichess.org/training/3VtyZ, Reviewed: TRUE -> Status: 200 Text:{""ok"":true}"
3bwJ3,https://lichess.org/training/3bwJ3,TRUE,False,"Processing row 110: 2025-11-06 17:52:44.893271 -> Puzzle 3bwJ3 - URL https://lichess.org/training/3bwJ3, Reviewed: TRUE -> Status: 200 Text:{""ok"":true}"
3jRWJ,https://lichess.org/training/3jRWJ,TRUE,False,"Processing row 111: 2025-11-06 17:52:46.129882 -> Puzzle 3jRWJ - URL https://lichess.org/training/3jRWJ, Reviewed: TRUE -> Status: 200 Text:{""ok"":true}"
3qGCR,https://lichess.org/training/3qGCR,TRUE,False,"Processing row 112: 2025-11-06 17:52:47.341742 -> Puzzle 3qGCR - URL https://lichess.org/training/3qGCR, Reviewed: TRUE -> Status: 200 Text:{""ok"":true}"
3r02f,https://lichess.org/training/3r02f,TRUE,False,"Processing row 113: 2025-11-06 17:52:48.505215 -> Puzzle 3r02f - URL https://lichess.org/training/3r02f, Reviewed: TRUE -> Status: 200 Text:{""ok"":true}"
3sSD3,https://lichess.org/training/3sSD3,TRUE,False,"Processing row 114: 2025-11-06 17:52:49.662358 -> Puzzle 3sSD3 - URL https://lichess.org/training/3sSD3, Reviewed: TRUE -> Status: 200 Text:{""ok"":true}"
3seGt,https://lichess.org/training/3seGt,TRUE,False,"Processing row 115: 2025-11-06 17:52:50.836591 -> Puzzle 3seGt - URL https://lichess.org/training/3seGt, Reviewed: TRUE -> Status: 200 Text:{""ok"":true}"
3tGwf,https://lichess.org/training/3tGwf,TRUE,False,"Processing row 116: 2025-11-06 17:52:52.060726 -> Puzzle 3tGwf - URL https://lichess.org/training/3tGwf, Reviewed: TRUE -> Status: 200 Text:{""ok"":true}"
3tVOf,https://lichess.org/training/3tVOf,TRUE,False,"Processing row 117: 2025-11-06 17:52:53.287766 -> Puzzle 3tVOf - URL https://lichess.org/training/3tVOf, Reviewed: TRUE -> Status: 200 Text:{""ok"":true}"
3tbsL,https://lichess.org/training/3tbsL,TRUE,False,"Processing row 118: 2025-11-06 17:52:54.504055 -> Puzzle 3tbsL - URL https://lichess.org/training/3tbsL, Reviewed: TRUE -> Status: 200 Text:{""ok"":true}"
3tpwo,https://lichess.org/training/3tpwo,TRUE,False,"Processing row 119: 2025-11-06 17:52:57.774915 -> Puzzle 3tpwo - URL https://lichess.org/training/3tpwo, Reviewed: TRUE -> Status: 200 Text:{""ok"":true}"
3vIYO,https://lichess.org/training/3vIYO,TRUE,False,"Processing row 120: 2025-11-06 17:52:58.971299 -> Puzzle 3vIYO - URL https://lichess.org/training/3vIYO, Reviewed: TRUE -> Status: 200 Text:{""ok"":true}"
3verB,https://lichess.org/training/3verB,TRUE,False,"Processing row 121: 2025-11-06 17:53:00.212295 -> Puzzle 3verB - URL https://lichess.org/training/3verB, Reviewed: TRUE -> Status: 200 Text:{""ok"":true}"
3weiI,https://lichess.org/training/3weiI,TRUE,False,"Processing row 122: 2025-11-06 17:53:01.425636 -> Puzzle 3weiI - URL https://lichess.org/training/3weiI, Reviewed: TRUE -> Status: 200 Text:{""ok"":true}"
3yQ5B,https://lichess.org/training/3yQ5B,TRUE,False,"Processing row 123: 2025-11-06 17:53:02.637862 -> Puzzle 3yQ5B - URL https://lichess.org/training/3yQ5B, Reviewed: TRUE -> Status: 200 Text:{""ok"":true}"
3ySMW,https://lichess.org/training/3ySMW,TRUE,False,"Processing row 124: 2025-11-06 17:53:03.868956 -> Puzzle 3ySMW - URL https://lichess.org/training/3ySMW, Reviewed: TRUE -> Status: 200 Text:{""ok"":true}"
40Jhw,https://lichess.org/training/40Jhw,TRUE,False,"Processing row 125: 2025-11-06 17:53:05.231119 -> Puzzle 40Jhw - URL https://lichess.org/training/40Jhw, Reviewed: TRUE -> Status: 200 Text:{""ok"":true}"
42MLv,https://lichess.org/training/42MLv,TRUE,False,"Processing row 126: 2025-11-06 17:53:06.525305 -> Puzzle 42MLv - URL https://lichess.org/training/42MLv, Reviewed: TRUE -> Status: 200 Text:{""ok"":true}"
45dbp,https://lichess.org/training/45dbp,TRUE,False,"Processing row 127: 2025-11-06 17:53:07.684616 -> Puzzle 45dbp - URL https://lichess.org/training/45dbp, Reviewed: TRUE -> Status: 200 Text:{""ok"":true}"
48W6Y,https://lichess.org/training/48W6Y,TRUE,False,"Processing row 128: 2025-11-06 17:53:08.986582 -> Puzzle 48W6Y - URL https://lichess.org/training/48W6Y, Reviewed: TRUE -> Status: 200 Text:{""ok"":true}"
4AR0G,https://lichess.org/training/4AR0G,TRUE,False,"Processing row 129: 2025-11-06 17:53:10.194631 -> Puzzle 4AR0G - URL https://lichess.org/training/4AR0G, Reviewed: TRUE -> Status: 200 Text:{""ok"":true}"
4Dppj,https://lichess.org/training/4Dppj,TRUE,False,"Processing row 130: 2025-11-06 17:53:11.415781 -> Puzzle 4Dppj - URL https://lichess.org/training/4Dppj, Reviewed: TRUE -> Status: 200 Text:{""ok"":true}"
4FlzV,https://lichess.org/training/4FlzV,TRUE,False,"Processing row 131: 2025-11-06 17:53:12.622798 -> Puzzle 4FlzV - URL https://lichess.org/training/4FlzV, Reviewed: TRUE -> Status: 200 Text:{""ok"":true}"
4Frzx,https://lichess.org/training/4Frzx,TRUE,False,"Processing row 132: 2025-11-06 17:53:13.969379 -> Puzzle 4Frzx - URL https://lichess.org/training/4Frzx, Reviewed: TRUE -> Status: 200 Text:{""ok"":true}"
4GFL0,https://lichess.org/training/4GFL0,TRUE,False,"Processing row 133: 2025-11-06 17:53:15.147821 -> Puzzle 4GFL0 - URL https://lichess.org/training/4GFL0, Reviewed: TRUE -> Status: 200 Text:{""ok"":true}"
4GI8o,https://lichess.org/training/4GI8o,TRUE,False,"Processing row 134: 2025-11-06 17:53:16.357489 -> Puzzle 4GI8o - URL https://lichess.org/training/4GI8o, Reviewed: TRUE -> Status: 200 Text:{""ok"":true}"
4H5IO,https://lichess.org/training/4H5IO,TRUE,False,"Processing row 135: 2025-11-06 17:53:17.524361 -> Puzzle 4H5IO - URL https://lichess.org/training/4H5IO, Reviewed: TRUE -> Status: 200 Text:{""ok"":true}"
4HQSa,https://lichess.org/training/4HQSa,TRUE,False,"Processing row 136: 2025-11-06 17:53:18.789145 -> Puzzle 4HQSa - URL https://lichess.org/training/4HQSa, Reviewed: TRUE -> Status: 200 Text:{""ok"":true}"
4IKfV,https://lichess.org/training/4IKfV,TRUE,False,"Processing row 137: 2025-11-06 17:53:19.950068 -> Puzzle 4IKfV - URL https://lichess.org/training/4IKfV, Reviewed: TRUE -> Status: 200 Text:{""ok"":true}"
4JJpB,https://lichess.org/training/4JJpB,TRUE,False,"Processing row 138: 2025-11-06 17:53:21.147161 -> Puzzle 4JJpB - URL https://lichess.org/training/4JJpB, Reviewed: TRUE -> Status: 200 Text:{""ok"":true}"
4KzGW,https://lichess.org/training/4KzGW,TRUE,False,"Processing row 139: 2025-11-06 17:53:22.325220 -> Puzzle 4KzGW - URL https://lichess.org/training/4KzGW, Reviewed: TRUE -> Status: 200 Text:{""ok"":true}"
4LSKf,https://lichess.org/training/4LSKf,TRUE,False,"Processing row 140: 2025-11-06 17:53:23.504027 -> Puzzle 4LSKf - URL https://lichess.org/training/4LSKf, Reviewed: TRUE -> Status: 200 Text:{""ok"":true}"
4LndD,https://lichess.org/training/4LndD,TRUE,False,"Processing row 141: 2025-11-06 17:53:24.675776 -> Puzzle 4LndD - URL https://lichess.org/training/4LndD, Reviewed: TRUE -> Status: 200 Text:{""ok"":true}"
4MKK0,https://lichess.org/training/4MKK0,TRUE,False,"Processing row 142: 2025-11-06 17:53:25.848050 -> Puzzle 4MKK0 - URL https://lichess.org/training/4MKK0, Reviewed: TRUE -> Status: 200 Text:{""ok"":true}"
4MWiC,https://lichess.org/training/4MWiC,TRUE,False,"Processing row 143: 2025-11-06 17:53:27.022321 -> Puzzle 4MWiC - URL https://lichess.org/training/4MWiC, Reviewed: TRUE -> Status: 200 Text:{""ok"":true}"
4OcOk,https://lichess.org/training/4OcOk,TRUE,False,"Processing row 144: 2025-11-06 17:53:28.209586 -> Puzzle 4OcOk - URL https://lichess.org/training/4OcOk, Reviewed: TRUE -> Status: 200 Text:{""ok"":true}"
4QPlA,https://lichess.org/training/4QPlA,TRUE,False,"Processing row 145: 2025-11-06 17:53:29.460935 -> Puzzle 4QPlA - URL https://lichess.org/training/4QPlA, Reviewed: TRUE -> Status: 200 Text:{""ok"":true}"
4RZIp,https://lichess.org/training/4RZIp,TRUE,False,"Processing row 146: 2025-11-06 17:53:30.672293 -> Puzzle 4RZIp - URL https://lichess.org/training/4RZIp, Reviewed: TRUE -> Status: 200 Text:{""ok"":true}"
4Rw3C,https://lichess.org/training/4Rw3C,TRUE,False,"Processing row 147: 2025-11-06 17:53:31.857563 -> Puzzle 4Rw3C - URL https://lichess.org/training/4Rw3C, Reviewed: TRUE -> Status: 200 Text:{""ok"":true}"
4V7eo,https://lichess.org/training/4V7eo,TRUE,False,"Processing row 148: 2025-11-06 17:53:33.103418 -> Puzzle 4V7eo - URL https://lichess.org/training/4V7eo, Reviewed: TRUE -> Status: 200 Text:{""ok"":true}"
4YuCu,https://lichess.org/training/4YuCu,TRUE,False,"Processing row 149: 2025-11-06 17:53:34.479833 -> Puzzle 4YuCu - URL https://lichess.org/training/4YuCu, Reviewed: TRUE -> Status: 200 Text:{""ok"":true}"
4Zh78,https://lichess.org/training/4Zh78,TRUE,False,"Processing row 150: 2025-11-06 17:53:35.940512 -> Puzzle 4Zh78 - URL https://lichess.org/training/4Zh78, Reviewed: TRUE -> Status: 200 Text:{""ok"":true}"
4ir6g,https://lichess.org/training/4ir6g,FALSE,False,X
4irHS,https://lichess.org/training/4irHS,TRUE,False,"Processing row 152: 2025-11-06 17:53:37.156137 -> Puzzle 4irHS - URL https://lichess.org/training/4irHS, Reviewed: TRUE -> Status: 200 Text:{""ok"":true}"
4kigd,https://lichess.org/training/4kigd,TRUE,False,"Processing row 153: 2025-11-06 17:53:38.358628 -> Puzzle 4kigd - URL https://lichess.org/training/4kigd, Reviewed: TRUE -> Status: 200 Text:{""ok"":true}"
4mh2n,https://lichess.org/training/4mh2n,FALSE,False,X
4oCwY,https://lichess.org/training/4oCwY,TRUE,False,"Processing row 155: 2025-11-06 17:53:39.625785 -> Puzzle 4oCwY - URL https://lichess.org/training/4oCwY, Reviewed: TRUE -> Status: 200 Text:{""ok"":true}"
4s1Ba,https://lichess.org/training/4s1Ba,TRUE,False,"Processing row 156: 2025-11-06 17:53:40.894219 -> Puzzle 4s1Ba - URL https://lichess.org/training/4s1Ba, Reviewed: TRUE -> Status: 200 Text:{""ok"":true}"
4sZ2D,https://lichess.org/training/4sZ2D,TRUE,False,"Processing row 157: 2025-11-06 17:53:42.121856 -> Puzzle 4sZ2D - URL https://lichess.org/training/4sZ2D, Reviewed: TRUE -> Status: 200 Text:{""ok"":true}"
52nrC,https://lichess.org/training/52nrC,TRUE,False,"Processing row 158: 2025-11-06 17:53:43.343643 -> Puzzle 52nrC - URL https://lichess.org/training/52nrC, Reviewed: TRUE -> Status: 200 Text:{""ok"":true}"
52yaG,https://lichess.org/training/52yaG,TRUE,False,"Processing row 159: 2025-11-06 17:53:44.584042 -> Puzzle 52yaG - URL https://lichess.org/training/52yaG, Reviewed: TRUE -> Status: 200 Text:{""ok"":true}"
56uoW,https://lichess.org/training/56uoW,TRUE,False,"Processing row 160: 2025-11-06 17:53:45.852514 -> Puzzle 56uoW - URL https://lichess.org/training/56uoW, Reviewed: TRUE -> Status: 200 Text:{""ok"":true}"
59A3a,https://lichess.org/training/59A3a,TRUE,False,"Processing row 161: 2025-11-06 17:53:47.156145 -> Puzzle 59A3a - URL https://lichess.org/training/59A3a, Reviewed: TRUE -> Status: 200 Text:{""ok"":true}"
5A9PY,https://lichess.org/training/5A9PY,TRUE,False,"Processing row 162: 2025-11-06 17:53:48.381720 -> Puzzle 5A9PY - URL https://lichess.org/training/5A9PY, Reviewed: TRUE -> Status: 200 Text:{""ok"":true}"
5BVnm,https://lichess.org/training/5BVnm,TRUE,False,"Processing row 163: 2025-11-06 17:53:49.604498 -> Puzzle 5BVnm - URL https://lichess.org/training/5BVnm, Reviewed: TRUE -> Status: 200 Text:{""ok"":true}"
5Bg6Z,https://lichess.org/training/5Bg6Z,FALSE,False,X
5EFO0,https://lichess.org/training/5EFO0,TRUE,False,"Processing row 165: 2025-11-06 17:53:50.918870 -> Puzzle 5EFO0 - URL https://lichess.org/training/5EFO0, Reviewed: TRUE -> Status: 200 Text:{""ok"":true}"
5FU0K,https://lichess.org/training/5FU0K,TRUE,False,"Processing row 166: 2025-11-06 17:53:52.363544 -> Puzzle 5FU0K - URL https://lichess.org/training/5FU0K, Reviewed: TRUE -> Status: 200 Text:{""ok"":true}"
5I289,https://lichess.org/training/5I289,TRUE,False,"Processing row 167: 2025-11-06 17:53:53.794609 -> Puzzle 5I289 - URL https://lichess.org/training/5I289, Reviewed: TRUE -> Status: 200 Text:{""ok"":true}"
5JqBV,https://lichess.org/training/5JqBV,TRUE,False,"Processing row 168: 2025-11-06 17:53:54.964500 -> Puzzle 5JqBV - URL https://lichess.org/training/5JqBV, Reviewed: TRUE -> Status: 200 Text:{""ok"":true}"
5Jt9L,https://lichess.org/training/5Jt9L,TRUE,False,"Processing row 169: 2025-11-06 17:53:56.136874 -> Puzzle 5Jt9L - URL https://lichess.org/training/5Jt9L, Reviewed: TRUE -> Status: 200 Text:{""ok"":true}"
5LTvW,https://lichess.org/training/5LTvW,FALSE,False,X
5PmiG,https://lichess.org/training/5PmiG,TRUE,False,"Processing row 171: 2025-11-06 17:53:57.306532 -> Puzzle 5PmiG - URL https://lichess.org/training/5PmiG, Reviewed: TRUE -> Status: 200 Text:{""ok"":true}"
5QwOE,https://lichess.org/training/5QwOE,TRUE,False,"Processing row 172: 2025-11-06 17:53:58.536947 -> Puzzle 5QwOE - URL https://lichess.org/training/5QwOE, Reviewed: TRUE -> Status: 200 Text:{""ok"":true}"
5Rr4j,https://lichess.org/training/5Rr4j,TRUE,False,"Processing row 173: 2025-11-06 17:53:59.703209 -> Puzzle 5Rr4j - URL https://lichess.org/training/5Rr4j, Reviewed: TRUE -> Status: 200 Text:{""ok"":true}"
5TnJ0,https://lichess.org/training/5TnJ0,TRUE,False,"Processing row 174: 2025-11-06 17:54:00.875894 -> Puzzle 5TnJ0 - URL https://lichess.org/training/5TnJ0, Reviewed: TRUE -> Status: 200 Text:{""ok"":true}"
5UrGQ,https://lichess.org/training/5UrGQ,TRUE,False,"Processing row 175: 2025-11-06 17:54:02.030855 -> Puzzle 5UrGQ - URL https://lichess.org/training/5UrGQ, Reviewed: TRUE -> Status: 200 Text:{""ok"":true}"
5VF6F,https://lichess.org/training/5VF6F,TRUE,False,"Processing row 176: 2025-11-06 17:54:03.198627 -> Puzzle 5VF6F - URL https://lichess.org/training/5VF6F, Reviewed: TRUE -> Status: 200 Text:{""ok"":true}"
5YYv1,https://lichess.org/training/5YYv1,TRUE,False,"Processing row 177: 2025-11-06 17:54:04.360082 -> Puzzle 5YYv1 - URL https://lichess.org/training/5YYv1, Reviewed: TRUE -> Status: 200 Text:{""ok"":true}"
5Z78A,https://lichess.org/training/5Z78A,TRUE,False,"Processing row 178: 2025-11-06 17:54:05.527336 -> Puzzle 5Z78A - URL https://lichess.org/training/5Z78A, Reviewed: TRUE -> Status: 200 Text:{""ok"":true}"
5aavr,https://lichess.org/training/5aavr,TRUE,False,"Processing row 179: 2025-11-06 17:54:06.699806 -> Puzzle 5aavr - URL https://lichess.org/training/5aavr, Reviewed: TRUE -> Status: 200 Text:{""ok"":true}"
5eLz1,https://lichess.org/training/5eLz1,TRUE,False,"Processing row 180: 2025-11-06 17:54:07.867977 -> Puzzle 5eLz1 - URL https://lichess.org/training/5eLz1, Reviewed: TRUE -> Status: 200 Text:{""ok"":true}"
5eOeZ,https://lichess.org/training/5eOeZ,TRUE,False,"Processing row 181: 2025-11-06 17:54:09.084788 -> Puzzle 5eOeZ - URL https://lichess.org/training/5eOeZ, Reviewed: TRUE -> Status: 200 Text:{""ok"":true}"
5epTr,https://lichess.org/training/5epTr,TRUE,False,"Processing row 182: 2025-11-06 17:54:10.253825 -> Puzzle 5epTr - URL https://lichess.org/training/5epTr, Reviewed: TRUE -> Status: 200 Text:{""ok"":true}"
5i15v,https://lichess.org/training/5i15v,TRUE,False,"Processing row 183: 2025-11-06 17:54:11.429092 -> Puzzle 5i15v - URL https://lichess.org/training/5i15v, Reviewed: TRUE -> Status: 200 Text:{""ok"":true}"
5kiKx,https://lichess.org/training/5kiKx,TRUE,False,"Processing row 184: 2025-11-06 17:54:12.597356 -> Puzzle 5kiKx - URL https://lichess.org/training/5kiKx, Reviewed: TRUE -> Status: 200 Text:{""ok"":true}"
5mNno,https://lichess.org/training/5mNno,TRUE,False,"Processing row 185: 2025-11-06 17:54:13.762104 -> Puzzle 5mNno - URL https://lichess.org/training/5mNno, Reviewed: TRUE -> Status: 200 Text:{""ok"":true}"
5rVnt,https://lichess.org/training/5rVnt,TRUE,False,"Processing row 186: 2025-11-06 17:54:14.934004 -> Puzzle 5rVnt - URL https://lichess.org/training/5rVnt, Reviewed: TRUE -> Status: 200 Text:{""ok"":true}"
5sJ9r,https://lichess.org/training/5sJ9r,TRUE,False,"Processing row 187: 2025-11-06 17:54:16.095005 -> Puzzle 5sJ9r - URL https://lichess.org/training/5sJ9r, Reviewed: TRUE -> Status: 200 Text:{""ok"":true}"
5u5lc,https://lichess.org/training/5u5lc,TRUE,False,"Processing row 188: 2025-11-06 17:54:17.289245 -> Puzzle 5u5lc - URL https://lichess.org/training/5u5lc, Reviewed: TRUE -> Status: 200 Text:{""ok"":true}"
5vY1N,https://lichess.org/training/5vY1N,TRUE,False,"Processing row 189: 2025-11-06 17:54:18.516215 -> Puzzle 5vY1N - URL https://lichess.org/training/5vY1N, Reviewed: TRUE -> Status: 200 Text:{""ok"":true}"
5zLc1,https://lichess.org/training/5zLc1,TRUE,False,"Processing row 190: 2025-11-06 17:54:19.695842 -> Puzzle 5zLc1 - URL https://lichess.org/training/5zLc1, Reviewed: TRUE -> Status: 200 Text:{""ok"":true}"
5zzCf,https://lichess.org/training/5zzCf,TRUE,False,"Processing row 191: 2025-11-06 17:54:20.863672 -> Puzzle 5zzCf - URL https://lichess.org/training/5zzCf, Reviewed: TRUE -> Status: 200 Text:{""ok"":true}"
61m0m,https://lichess.org/training/61m0m,TRUE,False,"Processing row 192: 2025-11-06 17:54:22.062659 -> Puzzle 61m0m - URL https://lichess.org/training/61m0m, Reviewed: TRUE -> Status: 200 Text:{""ok"":true}"
62CTd,https://lichess.org/training/62CTd,TRUE,False,"Processing row 193: 2025-11-06 17:54:23.287362 -> Puzzle 62CTd - URL https://lichess.org/training/62CTd, Reviewed: TRUE -> Status: 200 Text:{""ok"":true}"
62FlI,https://lichess.org/training/62FlI,TRUE,False,"Processing row 194: 2025-11-06 17:54:24.476197 -> Puzzle 62FlI - URL https://lichess.org/training/62FlI, Reviewed: TRUE -> Status: 200 Text:{""ok"":true}"
64x8m,https://lichess.org/training/64x8m,TRUE,False,"Processing row 195: 2025-11-06 17:54:25.645710 -> Puzzle 64x8m - URL https://lichess.org/training/64x8m, Reviewed: TRUE -> Status: 200 Text:{""ok"":true}"
69YcO,https://lichess.org/training/69YcO,TRUE,False,"Processing row 196: 2025-11-06 17:54:26.799001 -> Puzzle 69YcO - URL https://lichess.org/training/69YcO, Reviewed: TRUE -> Status: 200 Text:{""ok"":true}"
6A53u,https://lichess.org/training/6A53u,TRUE,False,"Processing row 197: 2025-11-06 17:54:27.965002 -> Puzzle 6A53u - URL https://lichess.org/training/6A53u, Reviewed: TRUE -> Status: 200 Text:{""ok"":true}"
6CLlc,https://lichess.org/training/6CLlc,FALSE,False,X
6FpTy,https://lichess.org/training/6FpTy,TRUE,False,"Processing row 199: 2025-11-06 17:54:29.142159 -> Puzzle 6FpTy - URL https://lichess.org/training/6FpTy, Reviewed: TRUE -> Status: 200 Text:{""ok"":true}"
6JQJ2,https://lichess.org/training/6JQJ2,TRUE,False,"Processing row 200: 2025-11-06 17:54:30.314090 -> Puzzle 6JQJ2 - URL https://lichess.org/training/6JQJ2, Reviewed: TRUE -> Status: 200 Text:{""ok"":true}"
6LMOZ,https://lichess.org/training/6LMOZ,TRUE,False,"Processing row 201: 2025-11-06 17:54:31.476917 -> Puzzle 6LMOZ - URL https://lichess.org/training/6LMOZ, Reviewed: TRUE -> Status: 200 Text:{""ok"":true}"
6PUjo,https://lichess.org/training/6PUjo,TRUE,False,"Processing row 202: 2025-11-06 17:54:32.649710 -> Puzzle 6PUjo - URL https://lichess.org/training/6PUjo, Reviewed: TRUE -> Status: 200 Text:{""ok"":true}"
6R7Yg,https://lichess.org/training/6R7Yg,TRUE,False,"Processing row 203: 2025-11-06 17:54:33.814236 -> Puzzle 6R7Yg - URL https://lichess.org/training/6R7Yg, Reviewed: TRUE -> Status: 200 Text:{""ok"":true}"
6SWmq,https://lichess.org/training/6SWmq,FALSE,False,X
6U3x8,https://lichess.org/training/6U3x8,TRUE,False,"Processing row 205: 2025-11-06 17:54:34.965887 -> Puzzle 6U3x8 - URL https://lichess.org/training/6U3x8, Reviewed: TRUE -> Status: 200 Text:{""ok"":true}"
6Wmz1,https://lichess.org/training/6Wmz1,TRUE,False,"Processing row 206: 2025-11-06 17:54:36.153543 -> Puzzle 6Wmz1 - URL https://lichess.org/training/6Wmz1, Reviewed: TRUE -> Status: 200 Text:{""ok"":true}"
6YPLN,https://lichess.org/training/6YPLN,TRUE,False,"Processing row 207: 2025-11-06 17:54:37.354087 -> Puzzle 6YPLN - URL https://lichess.org/training/6YPLN, Reviewed: TRUE -> Status: 200 Text:{""ok"":true}"
6cqO0,https://lichess.org/training/6cqO0,FALSE,False,X
6dfzr,https://lichess.org/training/6dfzr,TRUE,False,"Processing row 209: 2025-11-06 17:54:38.519020 -> Puzzle 6dfzr - URL https://lichess.org/training/6dfzr, Reviewed: TRUE -> Status: 200 Text:{""ok"":true}"
6djuk,https://lichess.org/training/6djuk,FALSE,False,X
6eQrH,https://lichess.org/training/6eQrH,FALSE,False,X
6jAy7,https://lichess.org/training/6jAy7,TRUE,False,"Processing row 212: 2025-11-06 17:54:39.690655 -> Puzzle 6jAy7 - URL https://lichess.org/training/6jAy7, Reviewed: TRUE -> Status: 200 Text:{""ok"":true}"
6mNp0,https://lichess.org/training/6mNp0,TRUE,False,"Processing row 213: 2025-11-06 17:54:40.879943 -> Puzzle 6mNp0 - URL https://lichess.org/training/6mNp0, Reviewed: TRUE -> Status: 200 Text:{""ok"":true}"
6oJKY,https://lichess.org/training/6oJKY,TRUE,False,"Processing row 214: 2025-11-06 17:54:42.038381 -> Puzzle 6oJKY - URL https://lichess.org/training/6oJKY, Reviewed: TRUE -> Status: 200 Text:{""ok"":true}"
6pQio,https://lichess.org/training/6pQio,TRUE,False,"Processing row 215: 2025-11-06 17:54:43.208763 -> Puzzle 6pQio - URL https://lichess.org/training/6pQio, Reviewed: TRUE -> Status: 200 Text:{""ok"":true}"
6qyB9,https://lichess.org/training/6qyB9,TRUE,False,"Processing row 216: 2025-11-06 17:54:44.410652 -> Puzzle 6qyB9 - URL https://lichess.org/training/6qyB9, Reviewed: TRUE -> Status: 200 Text:{""ok"":true}"
6rBrV,https://lichess.org/training/6rBrV,TRUE,False,"Processing row 217: 2025-11-06 17:54:45.580633 -> Puzzle 6rBrV - URL https://lichess.org/training/6rBrV, Reviewed: TRUE -> Status: 200 Text:{""ok"":true}"
6rKng,https://lichess.org/training/6rKng,TRUE,False,"Processing row 218: 2025-11-06 17:54:46.745493 -> Puzzle 6rKng - URL https://lichess.org/training/6rKng, Reviewed: TRUE -> Status: 200 Text:{""ok"":true}"
6sV43,https://lichess.org/training/6sV43,TRUE,False,"Processing row 219: 2025-11-06 17:54:47.950433 -> Puzzle 6sV43 - URL https://lichess.org/training/6sV43, Reviewed: TRUE -> Status: 200 Text:{""ok"":true}"
6vkcS,https://lichess.org/training/6vkcS,TRUE,False,"Processing row 220: 2025-11-06 17:54:49.111753 -> Puzzle 6vkcS - URL https://lichess.org/training/6vkcS, Reviewed: TRUE -> Status: 200 Text:{""ok"":true}"
6wPQd,https://lichess.org/training/6wPQd,TRUE,False,"Processing row 221: 2025-11-06 17:54:50.282790 -> Puzzle 6wPQd - URL https://lichess.org/training/6wPQd, Reviewed: TRUE -> Status: 200 Text:{""ok"":true}"
6wUh1,https://lichess.org/training/6wUh1,TRUE,False,"Processing row 222: 2025-11-06 17:54:51.449928 -> Puzzle 6wUh1 - URL https://lichess.org/training/6wUh1, Reviewed: TRUE -> Status: 200 Text:{""ok"":true}"
70QGr,https://lichess.org/training/70QGr,TRUE,False,"Processing row 223: 2025-11-06 17:54:52.616162 -> Puzzle 70QGr - URL https://lichess.org/training/70QGr, Reviewed: TRUE -> Status: 200 Text:{""ok"":true}"
72xcm,https://lichess.org/training/72xcm,TRUE,False,"Processing row 224: 2025-11-06 17:54:53.770692 -> Puzzle 72xcm - URL https://lichess.org/training/72xcm, Reviewed: TRUE -> Status: 200 Text:{""ok"":true}"
74F3a,https://lichess.org/training/74F3a,TRUE,False,"Processing row 225: 2025-11-06 17:54:54.967198 -> Puzzle 74F3a - URL https://lichess.org/training/74F3a, Reviewed: TRUE -> Status: 200 Text:{""ok"":true}"
75HOp,https://lichess.org/training/75HOp,TRUE,False,"Processing row 226: 2025-11-06 17:54:56.127082 -> Puzzle 75HOp - URL https://lichess.org/training/75HOp, Reviewed: TRUE -> Status: 200 Text:{""ok"":true}"
75gQs,https://lichess.org/training/75gQs,TRUE,False,"Processing row 227: 2025-11-06 17:54:57.288561 -> Puzzle 75gQs - URL https://lichess.org/training/75gQs, Reviewed: TRUE -> Status: 200 Text:{""ok"":true}"
79WLo,https://lichess.org/training/79WLo,TRUE,False,"Processing row 228: 2025-11-06 17:54:58.469455 -> Puzzle 79WLo - URL https://lichess.org/training/79WLo, Reviewed: TRUE -> Status: 200 Text:{""ok"":true}"
79qrZ,https://lichess.org/training/79qrZ,TRUE,False,"Processing row 229: 2025-11-06 17:54:59.637464 -> Puzzle 79qrZ - URL https://lichess.org/training/79qrZ, Reviewed: TRUE -> Status: 200 Text:{""ok"":true}"
7B8GI,https://lichess.org/training/7B8GI,TRUE,False,"Processing row 230: 2025-11-06 17:55:00.809149 -> Puzzle 7B8GI - URL https://lichess.org/training/7B8GI, Reviewed: TRUE -> Status: 200 Text:{""ok"":true}"
7C64u,https://lichess.org/training/7C64u,TRUE,False,"Processing row 231: 2025-11-06 17:55:01.974530 -> Puzzle 7C64u - URL https://lichess.org/training/7C64u, Reviewed: TRUE -> Status: 200 Text:{""ok"":true}"
7D1Mh,https://lichess.org/training/7D1Mh,TRUE,False,"Processing row 232: 2025-11-06 17:55:03.137239 -> Puzzle 7D1Mh - URL https://lichess.org/training/7D1Mh, Reviewed: TRUE -> Status: 200 Text:{""ok"":true}"
7JuMe,https://lichess.org/training/7JuMe,TRUE,False,"Processing row 233: 2025-11-06 17:55:04.304892 -> Puzzle 7JuMe - URL https://lichess.org/training/7JuMe, Reviewed: TRUE -> Status: 200 Text:{""ok"":true}"
7Kmvt,https://lichess.org/training/7Kmvt,TRUE,False,"Processing row 234: 2025-11-06 17:55:05.490521 -> Puzzle 7Kmvt - URL https://lichess.org/training/7Kmvt, Reviewed: TRUE -> Status: 200 Text:{""ok"":true}"
7M0Ul,https://lichess.org/training/7M0Ul,TRUE,False,"Processing row 235: 2025-11-06 17:55:06.656581 -> Puzzle 7M0Ul - URL https://lichess.org/training/7M0Ul, Reviewed: TRUE -> Status: 200 Text:{""ok"":true}"
7OIkD,https://lichess.org/training/7OIkD,TRUE,False,"Processing row 236: 2025-11-06 17:55:07.825408 -> Puzzle 7OIkD - URL https://lichess.org/training/7OIkD, Reviewed: TRUE -> Status: 200 Text:{""ok"":true}"
7Oatt,https://lichess.org/training/7Oatt,TRUE,False,"Processing row 237: 2025-11-06 17:55:09.036726 -> Puzzle 7Oatt - URL https://lichess.org/training/7Oatt, Reviewed: TRUE -> Status: 200 Text:{""ok"":true}"
7RrDz,https://lichess.org/training/7RrDz,TRUE,False,"Processing row 238: 2025-11-06 17:55:10.221835 -> Puzzle 7RrDz - URL https://lichess.org/training/7RrDz, Reviewed: TRUE -> Status: 200 Text:{""ok"":true}"
7SF9s,https://lichess.org/training/7SF9s,TRUE,False,"Processing row 239: 2025-11-06 17:55:11.391666 -> Puzzle 7SF9s - URL https://lichess.org/training/7SF9s, Reviewed: TRUE -> Status: 200 Text:{""ok"":true}"
7W3tC,https://lichess.org/training/7W3tC,TRUE,False,"Processing row 240: 2025-11-06 17:55:12.571665 -> Puzzle 7W3tC - URL https://lichess.org/training/7W3tC, Reviewed: TRUE -> Status: 200 Text:{""ok"":true}"
7X3Yu,https://lichess.org/training/7X3Yu,TRUE,False,"Processing row 241: 2025-11-06 17:55:13.748636 -> Puzzle 7X3Yu - URL https://lichess.org/training/7X3Yu, Reviewed: TRUE -> Status: 200 Text:{""ok"":true}"
7a8oI,https://lichess.org/training/7a8oI,TRUE,False,"Processing row 242: 2025-11-06 17:55:14.904650 -> Puzzle 7a8oI - URL https://lichess.org/training/7a8oI, Reviewed: TRUE -> Status: 200 Text:{""ok"":true}"
7axEK,https://lichess.org/training/7axEK,TRUE,False,"Processing row 243: 2025-11-06 17:55:16.090994 -> Puzzle 7axEK - URL https://lichess.org/training/7axEK, Reviewed: TRUE -> Status: 200 Text:{""ok"":true}"
7cM9F,https://lichess.org/training/7cM9F,TRUE,False,"Processing row 244: 2025-11-06 17:55:17.260951 -> Puzzle 7cM9F - URL https://lichess.org/training/7cM9F, Reviewed: TRUE -> Status: 200 Text:{""ok"":true}"
7e91h,https://lichess.org/training/7e91h,TRUE,False,"Processing row 245: 2025-11-06 17:55:18.420765 -> Puzzle 7e91h - URL https://lichess.org/training/7e91h, Reviewed: TRUE -> Status: 200 Text:{""ok"":true}"
7fRYI,https://lichess.org/training/7fRYI,TRUE,False,"Processing row 246: 2025-11-06 17:55:19.576083 -> Puzzle 7fRYI - URL https://lichess.org/training/7fRYI, Reviewed: TRUE -> Status: 200 Text:{""ok"":true}"
7pSTp,https://lichess.org/training/7pSTp,TRUE,False,"Processing row 247: 2025-11-06 17:55:20.753104 -> Puzzle 7pSTp - URL https://lichess.org/training/7pSTp, Reviewed: TRUE -> Status: 200 Text:{""ok"":true}"
7qTe4,https://lichess.org/training/7qTe4,TRUE,False,"Processing row 248: 2025-11-06 17:55:21.912849 -> Puzzle 7qTe4 - URL https://lichess.org/training/7qTe4, Reviewed: TRUE -> Status: 200 Text:{""ok"":true}"
7sHdd,https://lichess.org/training/7sHdd,TRUE,False,"Processing row 249: 2025-11-06 17:55:23.075824 -> Puzzle 7sHdd - URL https://lichess.org/training/7sHdd, Reviewed: TRUE -> Status: 200 Text:{""ok"":true}"
7sxmh,https://lichess.org/training/7sxmh,TRUE,False,"Processing row 250: 2025-11-06 17:55:24.249407 -> Puzzle 7sxmh - URL https://lichess.org/training/7sxmh, Reviewed: TRUE -> Status: 200 Text:{""ok"":true}"
7v1xM,https://lichess.org/training/7v1xM,TRUE,False,"Processing row 251: 2025-11-06 17:55:25.418425 -> Puzzle 7v1xM - URL https://lichess.org/training/7v1xM, Reviewed: TRUE -> Status: 200 Text:{""ok"":true}"
7wJFt,https://lichess.org/training/7wJFt,TRUE,False,"Processing row 252: 2025-11-06 17:55:26.574587 -> Puzzle 7wJFt - URL https://lichess.org/training/7wJFt, Reviewed: TRUE -> Status: 200 Text:{""ok"":true}"
7wvDl,https://lichess.org/training/7wvDl,TRUE,False,"Processing row 253: 2025-11-06 17:55:27.774765 -> Puzzle 7wvDl - URL https://lichess.org/training/7wvDl, Reviewed: TRUE -> Status: 200 Text:{""ok"":true}"
7xGhp,https://lichess.org/training/7xGhp,TRUE,False,"Processing row 254: 2025-11-06 17:55:28.948614 -> Puzzle 7xGhp - URL https://lichess.org/training/7xGhp, Reviewed: TRUE -> Status: 200 Text:{""ok"":true}"
818q9,https://lichess.org/training/818q9,TRUE,False,"Processing row 255: 2025-11-06 17:55:30.122062 -> Puzzle 818q9 - URL https://lichess.org/training/818q9, Reviewed: TRUE -> Status: 200 Text:{""ok"":true}"
83dKy,https://lichess.org/training/83dKy,TRUE,False,"Processing row 256: 2025-11-06 17:55:31.314168 -> Puzzle 83dKy - URL https://lichess.org/training/83dKy, Reviewed: TRUE -> Status: 200 Text:{""ok"":true}"
87mF1,https://lichess.org/training/87mF1,TRUE,False,"Processing row 257: 2025-11-06 17:55:32.488547 -> Puzzle 87mF1 - URL https://lichess.org/training/87mF1, Reviewed: TRUE -> Status: 200 Text:{""ok"":true}"
89QiC,https://lichess.org/training/89QiC,FALSE,False,X
89g8M,https://lichess.org/training/89g8M,TRUE,False,"Processing row 259: 2025-11-06 17:55:33.652429 -> Puzzle 89g8M - URL https://lichess.org/training/89g8M, Reviewed: TRUE -> Status: 200 Text:{""ok"":true}"
89zog,https://lichess.org/training/89zog,TRUE,False,"Processing row 260: 2025-11-06 17:55:34.825719 -> Puzzle 89zog - URL https://lichess.org/training/89zog, Reviewed: TRUE -> Status: 200 Text:{""ok"":true}"
8DOaf,https://lichess.org/training/8DOaf,TRUE,False,"Processing row 261: 2025-11-06 17:55:36.021874 -> Puzzle 8DOaf - URL https://lichess.org/training/8DOaf, Reviewed: TRUE -> Status: 200 Text:{""ok"":true}"
8EcfO,https://lichess.org/training/8EcfO,TRUE,False,"Processing row 262: 2025-11-06 17:55:37.190647 -> Puzzle 8EcfO - URL https://lichess.org/training/8EcfO, Reviewed: TRUE -> Status: 200 Text:{""ok"":true}"
8GpwE,https://lichess.org/training/8GpwE,TRUE,False,"Processing row 263: 2025-11-06 17:55:38.344396 -> Puzzle 8GpwE - URL https://lichess.org/training/8GpwE, Reviewed: TRUE -> Status: 200 Text:{""ok"":true}"
8HtnR,https://lichess.org/training/8HtnR,TRUE,False,"Processing row 264: 2025-11-06 17:55:39.504799 -> Puzzle 8HtnR - URL https://lichess.org/training/8HtnR, Reviewed: TRUE -> Status: 200 Text:{""ok"":true}"
8J2hT,https://lichess.org/training/8J2hT,FALSE,False,X
8LbLe,https://lichess.org/training/8LbLe,TRUE,False,"Processing row 266: 2025-11-06 17:55:40.694700 -> Puzzle 8LbLe - URL https://lichess.org/training/8LbLe, Reviewed: TRUE -> Status: 200 Text:{""ok"":true}"
8PlkB,https://lichess.org/training/8PlkB,TRUE,False,"Processing row 267: 2025-11-06 17:55:41.853666 -> Puzzle 8PlkB - URL https://lichess.org/training/8PlkB, Reviewed: TRUE -> Status: 200 Text:{""ok"":true}"
8TVMr,https://lichess.org/training/8TVMr,TRUE,False,"Processing row 268: 2025-11-06 17:55:43.012462 -> Puzzle 8TVMr - URL https://lichess.org/training/8TVMr, Reviewed: TRUE -> Status: 200 Text:{""ok"":true}"
8akhH,https://lichess.org/training/8akhH,TRUE,False,"Processing row 269: 2025-11-06 17:55:44.189031 -> Puzzle 8akhH - URL https://lichess.org/training/8akhH, Reviewed: TRUE -> Status: 200 Text:{""ok"":true}"
8cNSu,https://lichess.org/training/8cNSu,TRUE,False,"Processing row 270: 2025-11-06 17:55:45.354593 -> Puzzle 8cNSu - URL https://lichess.org/training/8cNSu, Reviewed: TRUE -> Status: 200 Text:{""ok"":true}"
8eyK1,https://lichess.org/training/8eyK1,TRUE,False,"Processing row 271: 2025-11-06 17:55:46.560260 -> Puzzle 8eyK1 - URL https://lichess.org/training/8eyK1, Reviewed: TRUE -> Status: 200 Text:{""ok"":true}"
8fWK4,https://lichess.org/training/8fWK4,TRUE,False,"Processing row 272: 2025-11-06 17:55:47.716255 -> Puzzle 8fWK4 - URL https://lichess.org/training/8fWK4, Reviewed: TRUE -> Status: 200 Text:{""ok"":true}"
8gRlX,https://lichess.org/training/8gRlX,TRUE,False,"Processing row 273: 2025-11-06 17:55:48.869474 -> Puzzle 8gRlX - URL https://lichess.org/training/8gRlX, Reviewed: TRUE -> Status: 200 Text:{""ok"":true}"
8jBWj,https://lichess.org/training/8jBWj,TRUE,False,"Processing row 274: 2025-11-06 17:55:50.043652 -> Puzzle 8jBWj - URL https://lichess.org/training/8jBWj, Reviewed: TRUE -> Status: 200 Text:{""ok"":true}"
8lsIg,https://lichess.org/training/8lsIg,TRUE,False,"Processing row 275: 2025-11-06 17:55:51.214567 -> Puzzle 8lsIg - URL https://lichess.org/training/8lsIg, Reviewed: TRUE -> Status: 200 Text:{""ok"":true}"
8nFoM,https://lichess.org/training/8nFoM,TRUE,False,"Processing row 276: 2025-11-06 17:55:52.428427 -> Puzzle 8nFoM - URL https://lichess.org/training/8nFoM, Reviewed: TRUE -> Status: 200 Text:{""ok"":true}"
8nKwt,https://lichess.org/training/8nKwt,TRUE,False,"Processing row 277: 2025-11-06 17:55:53.598492 -> Puzzle 8nKwt - URL https://lichess.org/training/8nKwt, Reviewed: TRUE -> Status: 200 Text:{""ok"":true}"
8nbal,https://lichess.org/training/8nbal,TRUE,False,"Processing row 278: 2025-11-06 17:55:54.768319 -> Puzzle 8nbal - URL https://lichess.org/training/8nbal, Reviewed: TRUE -> Status: 200 Text:{""ok"":true}"
8oABa,https://lichess.org/training/8oABa,TRUE,False,"Processing row 279: 2025-11-06 17:55:55.951932 -> Puzzle 8oABa - URL https://lichess.org/training/8oABa, Reviewed: TRUE -> Status: 200 Text:{""ok"":true}"
8rXqX,https://lichess.org/training/8rXqX,TRUE,False,"Processing row 280: 2025-11-06 17:55:57.108236 -> Puzzle 8rXqX - URL https://lichess.org/training/8rXqX, Reviewed: TRUE -> Status: 200 Text:{""ok"":true}"
8ujp5,https://lichess.org/training/8ujp5,TRUE,False,"Processing row 281: 2025-11-06 17:55:58.277922 -> Puzzle 8ujp5 - URL https://lichess.org/training/8ujp5, Reviewed: TRUE -> Status: 200 Text:{""ok"":true}"
8v8Fk,https://lichess.org/training/8v8Fk,TRUE,False,"Processing row 282: 2025-11-06 17:55:59.441298 -> Puzzle 8v8Fk - URL https://lichess.org/training/8v8Fk, Reviewed: TRUE -> Status: 200 Text:{""ok"":true}"
8ya1E,https://lichess.org/training/8ya1E,TRUE,False,"Processing row 283: 2025-11-06 17:56:00.626560 -> Puzzle 8ya1E - URL https://lichess.org/training/8ya1E, Reviewed: TRUE -> Status: 200 Text:{""ok"":true}"
90K4e,https://lichess.org/training/90K4e,TRUE,False,"Processing row 284: 2025-11-06 17:56:01.807654 -> Puzzle 90K4e - URL https://lichess.org/training/90K4e, Reviewed: TRUE -> Status: 200 Text:{""ok"":true}"
90e8V,https://lichess.org/training/90e8V,TRUE,False,"Processing row 285: 2025-11-06 17:56:02.966928 -> Puzzle 90e8V - URL https://lichess.org/training/90e8V, Reviewed: TRUE -> Status: 200 Text:{""ok"":true}"
91qlD,https://lichess.org/training/91qlD,TRUE,False,"Processing row 286: 2025-11-06 17:56:04.125966 -> Puzzle 91qlD - URL https://lichess.org/training/91qlD, Reviewed: TRUE -> Status: 200 Text:{""ok"":true}"
938GT,https://lichess.org/training/938GT,TRUE,False,"Processing row 287: 2025-11-06 17:56:05.279753 -> Puzzle 938GT - URL https://lichess.org/training/938GT, Reviewed: TRUE -> Status: 200 Text:{""ok"":true}"
94AzW,https://lichess.org/training/94AzW,TRUE,False,"Processing row 288: 2025-11-06 17:56:06.463128 -> Puzzle 94AzW - URL https://lichess.org/training/94AzW, Reviewed: TRUE -> Status: 200 Text:{""ok"":true}"
96rln,https://lichess.org/training/96rln,TRUE,False,"Processing row 289: 2025-11-06 17:56:07.620007 -> Puzzle 96rln - URL https://lichess.org/training/96rln, Reviewed: TRUE -> Status: 200 Text:{""ok"":true}"
97iIT,https://lichess.org/training/97iIT,TRUE,False,"Processing row 290: 2025-11-06 17:56:08.786466 -> Puzzle 97iIT - URL https://lichess.org/training/97iIT, Reviewed: TRUE -> Status: 200 Text:{""ok"":true}"
9C6Yx,https://lichess.org/training/9C6Yx,TRUE,False,"Processing row 291: 2025-11-06 17:56:09.954389 -> Puzzle 9C6Yx - URL https://lichess.org/training/9C6Yx, Reviewed: TRUE -> Status: 200 Text:{""ok"":true}"
9Cx6H,https://lichess.org/training/9Cx6H,TRUE,False,"Processing row 292: 2025-11-06 17:56:11.122628 -> Puzzle 9Cx6H - URL https://lichess.org/training/9Cx6H, Reviewed: TRUE -> Status: 200 Text:{""ok"":true}"
9D2x7,https://lichess.org/training/9D2x7,TRUE,False,"Processing row 293: 2025-11-06 17:56:12.279830 -> Puzzle 9D2x7 - URL https://lichess.org/training/9D2x7, Reviewed: TRUE -> Status: 200 Text:{""ok"":true}"
9D9eL,https://lichess.org/training/9D9eL,TRUE,False,"Processing row 294: 2025-11-06 17:56:13.466145 -> Puzzle 9D9eL - URL https://lichess.org/training/9D9eL, Reviewed: TRUE -> Status: 200 Text:{""ok"":true}"
9DtsV,https://lichess.org/training/9DtsV,FALSE,False,X
9HIhc,https://lichess.org/training/9HIhc,TRUE,False,"Processing row 296: 2025-11-06 17:56:14.626591 -> Puzzle 9HIhc - URL https://lichess.org/training/9HIhc, Reviewed: TRUE -> Status: 200 Text:{""ok"":true}"
9Kyq9,https://lichess.org/training/9Kyq9,TRUE,False,"Processing row 297: 2025-11-06 17:56:15.798415 -> Puzzle 9Kyq9 - URL https://lichess.org/training/9Kyq9, Reviewed: TRUE -> Status: 200 Text:{""ok"":true}"
9LJ8N,https://lichess.org/training/9LJ8N,TRUE,False,"Processing row 298: 2025-11-06 17:56:16.965818 -> Puzzle 9LJ8N - URL https://lichess.org/training/9LJ8N, Reviewed: TRUE -> Status: 200 Text:{""ok"":true}"
9OAZI,https://lichess.org/training/9OAZI,TRUE,False,"Processing row 299: 2025-11-06 17:56:18.121014 -> Puzzle 9OAZI - URL https://lichess.org/training/9OAZI, Reviewed: TRUE -> Status: 200 Text:{""ok"":true}"
9R8gl,https://lichess.org/training/9R8gl,TRUE,False,"Processing row 300: 2025-11-06 17:56:19.282635 -> Puzzle 9R8gl - URL https://lichess.org/training/9R8gl, Reviewed: TRUE -> Status: 200 Text:{""ok"":true}"
9RTwV,https://lichess.org/training/9RTwV,TRUE,False,"Processing row 301: 2025-11-06 17:56:20.463722 -> Puzzle 9RTwV - URL https://lichess.org/training/9RTwV, Reviewed: TRUE -> Status: 200 Text:{""ok"":true}"
9S1V5,https://lichess.org/training/9S1V5,TRUE,False,"Processing row 302: 2025-11-06 17:56:21.629038 -> Puzzle 9S1V5 - URL https://lichess.org/training/9S1V5, Reviewed: TRUE -> Status: 200 Text:{""ok"":true}"
9UUis,https://lichess.org/training/9UUis,TRUE,False,"Processing row 303: 2025-11-06 17:56:22.791776 -> Puzzle 9UUis - URL https://lichess.org/training/9UUis, Reviewed: TRUE -> Status: 200 Text:{""ok"":true}"
9V9n8,https://lichess.org/training/9V9n8,TRUE,False,"Processing row 304: 2025-11-06 17:56:23.954187 -> Puzzle 9V9n8 - URL https://lichess.org/training/9V9n8, Reviewed: TRUE -> Status: 200 Text:{""ok"":true}"
9W3Qn,https://lichess.org/training/9W3Qn,TRUE,False,"Processing row 305: 2025-11-06 17:56:25.165694 -> Puzzle 9W3Qn - URL https://lichess.org/training/9W3Qn, Reviewed: TRUE -> Status: 200 Text:{""ok"":true}"
9Xa1Q,https://lichess.org/training/9Xa1Q,TRUE,False,"Processing row 306: 2025-11-06 17:56:26.328151 -> Puzzle 9Xa1Q - URL https://lichess.org/training/9Xa1Q, Reviewed: TRUE -> Status: 200 Text:{""ok"":true}"
9XiEF,https://lichess.org/training/9XiEF,TRUE,False,"Processing row 307: 2025-11-06 17:56:27.527690 -> Puzzle 9XiEF - URL https://lichess.org/training/9XiEF, Reviewed: TRUE -> Status: 200 Text:{""ok"":true}"
9Zn2Y,https://lichess.org/training/9Zn2Y,TRUE,False,"Processing row 308: 2025-11-06 17:56:28.698965 -> Puzzle 9Zn2Y - URL https://lichess.org/training/9Zn2Y, Reviewed: TRUE -> Status: 200 Text:{""ok"":true}"
9a4yU,https://lichess.org/training/9a4yU,TRUE,False,"Processing row 309: 2025-11-06 17:56:29.928423 -> Puzzle 9a4yU - URL https://lichess.org/training/9a4yU, Reviewed: TRUE -> Status: 200 Text:{""ok"":true}"
9cDUX,https://lichess.org/training/9cDUX,TRUE,False,"Processing row 310: 2025-11-06 17:56:31.096083 -> Puzzle 9cDUX - URL https://lichess.org/training/9cDUX, Reviewed: TRUE -> Status: 200 Text:{""ok"":true}"
9cN1T,https://lichess.org/training/9cN1T,TRUE,False,"Processing row 311: 2025-11-06 17:56:32.253480 -> Puzzle 9cN1T - URL https://lichess.org/training/9cN1T, Reviewed: TRUE -> Status: 200 Text:{""ok"":true}"
9dl8D,https://lichess.org/training/9dl8D,TRUE,False,"Processing row 312: 2025-11-06 17:56:33.412895 -> Puzzle 9dl8D - URL https://lichess.org/training/9dl8D, Reviewed: TRUE -> Status: 200 Text:{""ok"":true}"
9exMt,https://lichess.org/training/9exMt,TRUE,False,"Processing row 313: 2025-11-06 17:56:34.572294 -> Puzzle 9exMt - URL https://lichess.org/training/9exMt, Reviewed: TRUE -> Status: 200 Text:{""ok"":true}"
9gqZA,https://lichess.org/training/9gqZA,TRUE,False,"Processing row 314: 2025-11-06 17:56:35.744925 -> Puzzle 9gqZA - URL https://lichess.org/training/9gqZA, Reviewed: TRUE -> Status: 200 Text:{""ok"":true}"
9iRQh,https://lichess.org/training/9iRQh,TRUE,False,"Processing row 315: 2025-11-06 17:56:36.912000 -> Puzzle 9iRQh - URL https://lichess.org/training/9iRQh, Reviewed: TRUE -> Status: 200 Text:{""ok"":true}"
9kPYV,https://lichess.org/training/9kPYV,TRUE,False,"Processing row 316: 2025-11-06 17:56:38.089873 -> Puzzle 9kPYV - URL https://lichess.org/training/9kPYV, Reviewed: TRUE -> Status: 200 Text:{""ok"":true}"
9lt80,https://lichess.org/training/9lt80,TRUE,False,"Processing row 317: 2025-11-06 17:56:39.273298 -> Puzzle 9lt80 - URL https://lichess.org/training/9lt80, Reviewed: TRUE -> Status: 200 Text:{""ok"":true}"
9mKSa,https://lichess.org/training/9mKSa,TRUE,False,"Processing row 318: 2025-11-06 17:56:40.443073 -> Puzzle 9mKSa - URL https://lichess.org/training/9mKSa, Reviewed: TRUE -> Status: 200 Text:{""ok"":true}"
9mPDp,https://lichess.org/training/9mPDp,TRUE,False,"Processing row 319: 2025-11-06 17:56:41.634343 -> Puzzle 9mPDp - URL https://lichess.org/training/9mPDp, Reviewed: TRUE -> Status: 200 Text:{""ok"":true}"
9oupV,https://lichess.org/training/9oupV,TRUE,False,"Processing row 320: 2025-11-06 17:56:42.822129 -> Puzzle 9oupV - URL https://lichess.org/training/9oupV, Reviewed: TRUE -> Status: 200 Text:{""ok"":true}"
9raeN,https://lichess.org/training/9raeN,TRUE,False,"Processing row 321: 2025-11-06 17:56:43.998231 -> Puzzle 9raeN - URL https://lichess.org/training/9raeN, Reviewed: TRUE -> Status: 200 Text:{""ok"":true}"
9yEew,https://lichess.org/training/9yEew,TRUE,False,"Processing row 322: 2025-11-06 17:56:45.156717 -> Puzzle 9yEew - URL https://lichess.org/training/9yEew, Reviewed: TRUE -> Status: 200 Text:{""ok"":true}"
A0PkW,https://lichess.org/training/A0PkW,TRUE,False,"Processing row 323: 2025-11-06 17:56:46.323939 -> Puzzle A0PkW - URL https://lichess.org/training/A0PkW, Reviewed: TRUE -> Status: 200 Text:{""ok"":true}"
A0Trg,https://lichess.org/training/A0Trg,TRUE,False,"Processing row 324: 2025-11-06 17:56:47.495765 -> Puzzle A0Trg - URL https://lichess.org/training/A0Trg, Reviewed: TRUE -> Status: 200 Text:{""ok"":true}"
A16qm,https://lichess.org/training/A16qm,TRUE,False,"Processing row 325: 2025-11-06 17:56:48.659985 -> Puzzle A16qm - URL https://lichess.org/training/A16qm, Reviewed: TRUE -> Status: 200 Text:{""ok"":true}"
A2Rd5,https://lichess.org/training/A2Rd5,TRUE,False,"Processing row 326: 2025-11-06 17:56:49.819257 -> Puzzle A2Rd5 - URL https://lichess.org/training/A2Rd5, Reviewed: TRUE -> Status: 200 Text:{""ok"":true}"
A2UNN,https://lichess.org/training/A2UNN,TRUE,False,"Processing row 327: 2025-11-06 17:56:51.006249 -> Puzzle A2UNN - URL https://lichess.org/training/A2UNN, Reviewed: TRUE -> Status: 200 Text:{""ok"":true}"
A32kM,https://lichess.org/training/A32kM,TRUE,False,"Processing row 328: 2025-11-06 17:56:52.173445 -> Puzzle A32kM - URL https://lichess.org/training/A32kM, Reviewed: TRUE -> Status: 200 Text:{""ok"":true}"
A3xNP,https://lichess.org/training/A3xNP,TRUE,False,"Processing row 329: 2025-11-06 17:56:53.371156 -> Puzzle A3xNP - URL https://lichess.org/training/A3xNP, Reviewed: TRUE -> Status: 200 Text:{""ok"":true}"
A45ol,https://lichess.org/training/A45ol,TRUE,False,"Processing row 330: 2025-11-06 17:56:54.559554 -> Puzzle A45ol - URL https://lichess.org/training/A45ol, Reviewed: TRUE -> Status: 200 Text:{""ok"":true}"
A4dMG,https://lichess.org/training/A4dMG,TRUE,False,"Processing row 331: 2025-11-06 17:56:55.725347 -> Puzzle A4dMG - URL https://lichess.org/training/A4dMG, Reviewed: TRUE -> Status: 200 Text:{""ok"":true}"
A4gBJ,https://lichess.org/training/A4gBJ,TRUE,False,"Processing row 332: 2025-11-06 17:56:56.900656 -> Puzzle A4gBJ - URL https://lichess.org/training/A4gBJ, Reviewed: TRUE -> Status: 200 Text:{""ok"":true}"
A8HWp,https://lichess.org/training/A8HWp,TRUE,False,"Processing row 333: 2025-11-06 17:56:58.258817 -> Puzzle A8HWp - URL https://lichess.org/training/A8HWp, Reviewed: TRUE -> Status: 200 Text:{""ok"":true}"
A8W5i,https://lichess.org/training/A8W5i,TRUE,False,"Processing row 334: 2025-11-06 17:56:59.525475 -> Puzzle A8W5i - URL https://lichess.org/training/A8W5i, Reviewed: TRUE -> Status: 200 Text:{""ok"":true}"
ACaLN,https://lichess.org/training/ACaLN,TRUE,False,"Processing row 335: 2025-11-06 17:57:00.844837 -> Puzzle ACaLN - URL https://lichess.org/training/ACaLN, Reviewed: TRUE -> Status: 200 Text:{""ok"":true}"
ADVrB,https://lichess.org/training/ADVrB,TRUE,False,"Processing row 336: 2025-11-06 17:57:02.121761 -> Puzzle ADVrB - URL https://lichess.org/training/ADVrB, Reviewed: TRUE -> Status: 200 Text:{""ok"":true}"
AEXLL,https://lichess.org/training/AEXLL,TRUE,False,"Processing row 337: 2025-11-06 17:57:03.509117 -> Puzzle AEXLL - URL https://lichess.org/training/AEXLL, Reviewed: TRUE -> Status: 200 Text:{""ok"":true}"
AKJcG,https://lichess.org/training/AKJcG,TRUE,False,"Processing row 338: 2025-11-06 17:57:04.911072 -> Puzzle AKJcG - URL https://lichess.org/training/AKJcG, Reviewed: TRUE -> Status: 200 Text:{""ok"":true}"
ALxPo,https://lichess.org/training/ALxPo,TRUE,False,"Processing row 339: 2025-11-06 17:57:06.584380 -> Puzzle ALxPo - URL https://lichess.org/training/ALxPo, Reviewed: TRUE -> Status: 200 Text:{""ok"":true}"
APjD5,https://lichess.org/training/APjD5,TRUE,False,"Processing row 340: 2025-11-06 17:57:08.025349 -> Puzzle APjD5 - URL https://lichess.org/training/APjD5, Reviewed: TRUE -> Status: 200 Text:{""ok"":true}"
AUCX6,https://lichess.org/training/AUCX6,TRUE,False,"Processing row 341: 2025-11-06 17:57:09.385874 -> Puzzle AUCX6 - URL https://lichess.org/training/AUCX6, Reviewed: TRUE -> Status: 200 Text:{""ok"":true}"
AVvvS,https://lichess.org/training/AVvvS,TRUE,False,"Processing row 342: 2025-11-06 17:57:10.628524 -> Puzzle AVvvS - URL https://lichess.org/training/AVvvS, Reviewed: TRUE -> Status: 200 Text:{""ok"":true}"
AXzST,https://lichess.org/training/AXzST,TRUE,False,"Processing row 343: 2025-11-06 17:57:11.881474 -> Puzzle AXzST - URL https://lichess.org/training/AXzST, Reviewed: TRUE -> Status: 200 Text:{""ok"":true}"
AZJhu,https://lichess.org/training/AZJhu,TRUE,False,"Processing row 344: 2025-11-06 17:57:13.282338 -> Puzzle AZJhu - URL https://lichess.org/training/AZJhu, Reviewed: TRUE -> Status: 200 Text:{""ok"":true}"
AaURh,https://lichess.org/training/AaURh,TRUE,False,"Processing row 345: 2025-11-06 17:57:14.639092 -> Puzzle AaURh - URL https://lichess.org/training/AaURh, Reviewed: TRUE -> Status: 200 Text:{""ok"":true}"
AhAg9,https://lichess.org/training/AhAg9,FALSE,False,X
Aisr2,https://lichess.org/training/Aisr2,TRUE,False,"Processing row 347: 2025-11-06 17:57:15.997749 -> Puzzle Aisr2 - URL https://lichess.org/training/Aisr2, Reviewed: TRUE -> Status: 200 Text:{""ok"":true}"
Aiusi,https://lichess.org/training/Aiusi,TRUE,False,"Processing row 348: 2025-11-06 17:57:17.364248 -> Puzzle Aiusi - URL https://lichess.org/training/Aiusi, Reviewed: TRUE -> Status: 200 Text:{""ok"":true}"
Aj2Bw,https://lichess.org/training/Aj2Bw,TRUE,False,"Processing row 349: 2025-11-06 17:57:18.553957 -> Puzzle Aj2Bw - URL https://lichess.org/training/Aj2Bw, Reviewed: TRUE -> Status: 200 Text:{""ok"":true}"
Al1kl,https://lichess.org/training/Al1kl,TRUE,False,"Processing row 350: 2025-11-06 17:57:20.983654 -> Puzzle Al1kl - URL https://lichess.org/training/Al1kl, Reviewed: TRUE -> Status: 200 Text:{""ok"":true}"
AoSTQ,https://lichess.org/training/AoSTQ,TRUE,False,"Processing row 351: 2025-11-06 17:57:22.267188 -> Puzzle AoSTQ - URL https://lichess.org/training/AoSTQ, Reviewed: TRUE -> Status: 200 Text:{""ok"":true}"
AwsLP,https://lichess.org/training/AwsLP,TRUE,False,"Processing row 352: 2025-11-06 17:57:23.655221 -> Puzzle AwsLP - URL https://lichess.org/training/AwsLP, Reviewed: TRUE -> Status: 200 Text:{""ok"":true}"
B0gJN,https://lichess.org/training/B0gJN,TRUE,False,"Processing row 353: 2025-11-06 17:57:25.009676 -> Puzzle B0gJN - URL https://lichess.org/training/B0gJN, Reviewed: TRUE -> Status: 200 Text:{""ok"":true}"
B4FPY,https://lichess.org/training/B4FPY,TRUE,False,"Processing row 354: 2025-11-06 17:57:26.349709 -> Puzzle B4FPY - URL https://lichess.org/training/B4FPY, Reviewed: TRUE -> Status: 200 Text:{""ok"":true}"
B808J,https://lichess.org/training/B808J,TRUE,False,"Processing row 355: 2025-11-06 17:57:27.739756 -> Puzzle B808J - URL https://lichess.org/training/B808J, Reviewed: TRUE -> Status: 200 Text:{""ok"":true}"
B8XjC,https://lichess.org/training/B8XjC,TRUE,False,"Processing row 356: 2025-11-06 17:57:29.198221 -> Puzzle B8XjC - URL https://lichess.org/training/B8XjC, Reviewed: TRUE -> Status: 200 Text:{""ok"":true}"
B9ytC,https://lichess.org/training/B9ytC,TRUE,False,"Processing row 357: 2025-11-06 17:57:30.608061 -> Puzzle B9ytC - URL https://lichess.org/training/B9ytC, Reviewed: TRUE -> Status: 200 Text:{""ok"":true}"
BBSsv,https://lichess.org/training/BBSsv,TRUE,False,"Processing row 358: 2025-11-06 17:57:32.017265 -> Puzzle BBSsv - URL https://lichess.org/training/BBSsv, Reviewed: TRUE -> Status: 200 Text:{""ok"":true}"
BCenu,https://lichess.org/training/BCenu,FALSE,False,X
BGFVU,https://lichess.org/training/BGFVU,TRUE,False,"Processing row 360: 2025-11-06 17:57:33.561058 -> Puzzle BGFVU - URL https://lichess.org/training/BGFVU, Reviewed: TRUE -> Status: 200 Text:{""ok"":true}"
BHqMq,https://lichess.org/training/BHqMq,TRUE,False,"Processing row 361: 2025-11-06 17:57:34.992329 -> Puzzle BHqMq - URL https://lichess.org/training/BHqMq, Reviewed: TRUE -> Status: 200 Text:{""ok"":true}"
BHwcg,https://lichess.org/training/BHwcg,TRUE,False,"Processing row 362: 2025-11-06 17:57:36.366554 -> Puzzle BHwcg - URL https://lichess.org/training/BHwcg, Reviewed: TRUE -> Status: 200 Text:{""ok"":true}"
BKY9c,https://lichess.org/training/BKY9c,TRUE,False,"Processing row 363: 2025-11-06 17:57:37.802025 -> Puzzle BKY9c - URL https://lichess.org/training/BKY9c, Reviewed: TRUE -> Status: 200 Text:{""ok"":true}"
BLrXa,https://lichess.org/training/BLrXa,FALSE,False,X
BMHmg,https://lichess.org/training/BMHmg,FALSE,False,X
BT6EX,https://lichess.org/training/BT6EX,TRUE,False,"Processing row 366: 2025-11-06 17:57:39.494149 -> Puzzle BT6EX - URL https://lichess.org/training/BT6EX, Reviewed: TRUE -> Status: 200 Text:{""ok"":true}"
BTOK8,https://lichess.org/training/BTOK8,TRUE,False,"Processing row 367: 2025-11-06 17:57:40.762979 -> Puzzle BTOK8 - URL https://lichess.org/training/BTOK8, Reviewed: TRUE -> Status: 200 Text:{""ok"":true}"
BYXep,https://lichess.org/training/BYXep,TRUE,False,"Processing row 368: 2025-11-06 17:57:42.053273 -> Puzzle BYXep - URL https://lichess.org/training/BYXep, Reviewed: TRUE -> Status: 200 Text:{""ok"":true}"
Bb2wC,https://lichess.org/training/Bb2wC,TRUE,False,"Processing row 369: 2025-11-06 17:57:43.454210 -> Puzzle Bb2wC - URL https://lichess.org/training/Bb2wC, Reviewed: TRUE -> Status: 200 Text:{""ok"":true}"
BfQiD,https://lichess.org/training/BfQiD,TRUE,False,"Processing row 370: 2025-11-06 17:57:44.901473 -> Puzzle BfQiD - URL https://lichess.org/training/BfQiD, Reviewed: TRUE -> Status: 200 Text:{""ok"":true}"
BfgMp,https://lichess.org/training/BfgMp,TRUE,False,"Processing row 371: 2025-11-06 17:57:46.245584 -> Puzzle BfgMp - URL https://lichess.org/training/BfgMp, Reviewed: TRUE -> Status: 200 Text:{""ok"":true}"
BhKug,https://lichess.org/training/BhKug,TRUE,False,"Processing row 372: 2025-11-06 17:57:47.505546 -> Puzzle BhKug - URL https://lichess.org/training/BhKug, Reviewed: TRUE -> Status: 200 Text:{""ok"":true}"
Bk3BQ,https://lichess.org/training/Bk3BQ,TRUE,False,"Processing row 373: 2025-11-06 17:57:48.869409 -> Puzzle Bk3BQ - URL https://lichess.org/training/Bk3BQ, Reviewed: TRUE -> Status: 200 Text:{""ok"":true}"
BnHfj,https://lichess.org/training/BnHfj,TRUE,False,"Processing row 374: 2025-11-06 17:57:50.174909 -> Puzzle BnHfj - URL https://lichess.org/training/BnHfj, Reviewed: TRUE -> Status: 200 Text:{""ok"":true}"
BnPBB,https://lichess.org/training/BnPBB,TRUE,False,"Processing row 375: 2025-11-06 17:57:51.428170 -> Puzzle BnPBB - URL https://lichess.org/training/BnPBB, Reviewed: TRUE -> Status: 200 Text:{""ok"":true}"
BneXP,https://lichess.org/training/BneXP,TRUE,False,"Processing row 376: 2025-11-06 17:57:52.647962 -> Puzzle BneXP - URL https://lichess.org/training/BneXP, Reviewed: TRUE -> Status: 200 Text:{""ok"":true}"
BpTtm,https://lichess.org/training/BpTtm,TRUE,False,"Processing row 377: 2025-11-06 17:57:53.885838 -> Puzzle BpTtm - URL https://lichess.org/training/BpTtm, Reviewed: TRUE -> Status: 200 Text:{""ok"":true}"
BrmtZ,https://lichess.org/training/BrmtZ,TRUE,False,"Processing row 378: 2025-11-06 17:57:55.143745 -> Puzzle BrmtZ - URL https://lichess.org/training/BrmtZ, Reviewed: TRUE -> Status: 200 Text:{""ok"":true}"
Bt3nx,https://lichess.org/training/Bt3nx,TRUE,False,"Processing row 379: 2025-11-06 17:57:56.367358 -> Puzzle Bt3nx - URL https://lichess.org/training/Bt3nx, Reviewed: TRUE -> Status: 200 Text:{""ok"":true}"
C2wku,https://lichess.org/training/C2wku,TRUE,False,"Processing row 380: 2025-11-06 17:57:57.621215 -> Puzzle C2wku - URL https://lichess.org/training/C2wku, Reviewed: TRUE -> Status: 200 Text:{""ok"":true}"
C311T,https://lichess.org/training/C311T,TRUE,False,"Processing row 381: 2025-11-06 17:57:58.874092 -> Puzzle C311T - URL https://lichess.org/training/C311T, Reviewed: TRUE -> Status: 200 Text:{""ok"":true}"
C4g01,https://lichess.org/training/C4g01,TRUE,False,"Processing row 382: 2025-11-06 17:58:00.228440 -> Puzzle C4g01 - URL https://lichess.org/training/C4g01, Reviewed: TRUE -> Status: 200 Text:{""ok"":true}"
C5n8C,https://lichess.org/training/C5n8C,TRUE,False,"Processing row 383: 2025-11-06 17:58:01.426384 -> Puzzle C5n8C - URL https://lichess.org/training/C5n8C, Reviewed: TRUE -> Status: 200 Text:{""ok"":true}"
C9GtQ,https://lichess.org/training/C9GtQ,TRUE,False,"Processing row 384: 2025-11-06 17:58:02.709450 -> Puzzle C9GtQ - URL https://lichess.org/training/C9GtQ, Reviewed: TRUE -> Status: 200 Text:{""ok"":true}"
CB0bn,https://lichess.org/training/CB0bn,TRUE,False,"Processing row 385: 2025-11-06 17:58:03.944384 -> Puzzle CB0bn - URL https://lichess.org/training/CB0bn, Reviewed: TRUE -> Status: 200 Text:{""ok"":true}"
CBKh3,https://lichess.org/training/CBKh3,FALSE,False,X
CD36W,https://lichess.org/training/CD36W,TRUE,False,"Processing row 387: 2025-11-06 17:58:05.170182 -> Puzzle CD36W - URL https://lichess.org/training/CD36W, Reviewed: TRUE -> Status: 200 Text:{""ok"":true}"
CDigE,https://lichess.org/training/CDigE,TRUE,False,"Processing row 388: 2025-11-06 17:58:06.437393 -> Puzzle CDigE - URL https://lichess.org/training/CDigE, Reviewed: TRUE -> Status: 200 Text:{""ok"":true}"
CGOtt,https://lichess.org/training/CGOtt,TRUE,False,"Processing row 389: 2025-11-06 17:58:07.651040 -> Puzzle CGOtt - URL https://lichess.org/training/CGOtt, Reviewed: TRUE -> Status: 200 Text:{""ok"":true}"
CH7pk,https://lichess.org/training/CH7pk,TRUE,False,"Processing row 390: 2025-11-06 17:58:08.882854 -> Puzzle CH7pk - URL https://lichess.org/training/CH7pk, Reviewed: TRUE -> Status: 200 Text:{""ok"":true}"
CLq48,https://lichess.org/training/CLq48,TRUE,False,"Processing row 391: 2025-11-06 17:58:10.137163 -> Puzzle CLq48 - URL https://lichess.org/training/CLq48, Reviewed: TRUE -> Status: 200 Text:{""ok"":true}"
CUaMH,https://lichess.org/training/CUaMH,TRUE,False,"Processing row 392: 2025-11-06 17:58:11.359132 -> Puzzle CUaMH - URL https://lichess.org/training/CUaMH, Reviewed: TRUE -> Status: 200 Text:{""ok"":true}"
CXc9W,https://lichess.org/training/CXc9W,TRUE,False,"Processing row 393: 2025-11-06 17:58:12.601470 -> Puzzle CXc9W - URL https://lichess.org/training/CXc9W, Reviewed: TRUE -> Status: 200 Text:{""ok"":true}"
CY1hm,https://lichess.org/training/CY1hm,TRUE,False,"Processing row 394: 2025-11-06 17:58:13.832963 -> Puzzle CY1hm - URL https://lichess.org/training/CY1hm, Reviewed: TRUE -> Status: 200 Text:{""ok"":true}"
CZ61y,https://lichess.org/training/CZ61y,TRUE,False,"Processing row 395: 2025-11-06 17:58:15.033879 -> Puzzle CZ61y - URL https://lichess.org/training/CZ61y, Reviewed: TRUE -> Status: 200 Text:{""ok"":true}"
Cb3ks,https://lichess.org/training/Cb3ks,TRUE,False,"Processing row 396: 2025-11-06 17:58:16.305442 -> Puzzle Cb3ks - URL https://lichess.org/training/Cb3ks, Reviewed: TRUE -> Status: 200 Text:{""ok"":true}"
CbIyV,https://lichess.org/training/CbIyV,TRUE,False,"Processing row 397: 2025-11-06 17:58:17.535018 -> Puzzle CbIyV - URL https://lichess.org/training/CbIyV, Reviewed: TRUE -> Status: 200 Text:{""ok"":true}"
CdEQk,https://lichess.org/training/CdEQk,TRUE,False,"Processing row 398: 2025-11-06 17:58:18.768191 -> Puzzle CdEQk - URL https://lichess.org/training/CdEQk, Reviewed: TRUE -> Status: 200 Text:{""ok"":true}"
CdLIa,https://lichess.org/training/CdLIa,TRUE,False,"Processing row 399: 2025-11-06 17:58:20.006092 -> Puzzle CdLIa - URL https://lichess.org/training/CdLIa, Reviewed: TRUE -> Status: 200 Text:{""ok"":true}"
ChPh2,https://lichess.org/training/ChPh2,TRUE,False,"Processing row 400: 2025-11-06 17:58:21.214618 -> Puzzle ChPh2 - URL https://lichess.org/training/ChPh2, Reviewed: TRUE -> Status: 200 Text:{""ok"":true}"
CjMRA,https://lichess.org/training/CjMRA,TRUE,False,"Processing row 401: 2025-11-06 17:58:22.488090 -> Puzzle CjMRA - URL https://lichess.org/training/CjMRA, Reviewed: TRUE -> Status: 200 Text:{""ok"":true}"
Clk3d,https://lichess.org/training/Clk3d,TRUE,False,"Processing row 402: 2025-11-06 17:58:23.735867 -> Puzzle Clk3d - URL https://lichess.org/training/Clk3d, Reviewed: TRUE -> Status: 200 Text:{""ok"":true}"
CoTkW,https://lichess.org/training/CoTkW,TRUE,False,"Processing row 403: 2025-11-06 17:58:24.963398 -> Puzzle CoTkW - URL https://lichess.org/training/CoTkW, Reviewed: TRUE -> Status: 200 Text:{""ok"":true}"
CoerZ,https://lichess.org/training/CoerZ,TRUE,False,"Processing row 404: 2025-11-06 17:58:26.225569 -> Puzzle CoerZ - URL https://lichess.org/training/CoerZ, Reviewed: TRUE -> Status: 200 Text:{""ok"":true}"
Cq3r5,https://lichess.org/training/Cq3r5,TRUE,False,"Processing row 405: 2025-11-06 17:58:27.431289 -> Puzzle Cq3r5 - URL https://lichess.org/training/Cq3r5, Reviewed: TRUE -> Status: 200 Text:{""ok"":true}"
CrUl6,https://lichess.org/training/CrUl6,TRUE,False,"Processing row 406: 2025-11-06 17:58:28.662197 -> Puzzle CrUl6 - URL https://lichess.org/training/CrUl6, Reviewed: TRUE -> Status: 200 Text:{""ok"":true}"
CuCGI,https://lichess.org/training/CuCGI,TRUE,False,"Processing row 407: 2025-11-06 17:58:29.925918 -> Puzzle CuCGI - URL https://lichess.org/training/CuCGI, Reviewed: TRUE -> Status: 200 Text:{""ok"":true}"
Cw83Q,https://lichess.org/training/Cw83Q,TRUE,False,"Processing row 408: 2025-11-06 17:58:31.140659 -> Puzzle Cw83Q - URL https://lichess.org/training/Cw83Q, Reviewed: TRUE -> Status: 200 Text:{""ok"":true}"
CzyzE,https://lichess.org/training/CzyzE,FALSE,False,X
D06Az,https://lichess.org/training/D06Az,TRUE,False,"Processing row 410: 2025-11-06 17:58:32.465053 -> Puzzle D06Az - URL https://lichess.org/training/D06Az, Reviewed: TRUE -> Status: 200 Text:{""ok"":true}"
D2PC2,https://lichess.org/training/D2PC2,TRUE,False,"Processing row 411: 2025-11-06 17:58:33.659264 -> Puzzle D2PC2 - URL https://lichess.org/training/D2PC2, Reviewed: TRUE -> Status: 200 Text:{""ok"":true}"
D5Ebx,https://lichess.org/training/D5Ebx,TRUE,False,"Processing row 412: 2025-11-06 17:58:34.978085 -> Puzzle D5Ebx - URL https://lichess.org/training/D5Ebx, Reviewed: TRUE -> Status: 200 Text:{""ok"":true}"
D6sWh,https://lichess.org/training/D6sWh,TRUE,False,"Processing row 413: 2025-11-06 17:58:36.198044 -> Puzzle D6sWh - URL https://lichess.org/training/D6sWh, Reviewed: TRUE -> Status: 200 Text:{""ok"":true}"
D6sxe,https://lichess.org/training/D6sxe,TRUE,False,"Processing row 414: 2025-11-06 17:58:37.421796 -> Puzzle D6sxe - URL https://lichess.org/training/D6sxe, Reviewed: TRUE -> Status: 200 Text:{""ok"":true}"
D9tAg,https://lichess.org/training/D9tAg,TRUE,False,"Processing row 415: 2025-11-06 17:58:38.661564 -> Puzzle D9tAg - URL https://lichess.org/training/D9tAg, Reviewed: TRUE -> Status: 200 Text:{""ok"":true}"
DCY9U,https://lichess.org/training/DCY9U,TRUE,False,"Processing row 416: 2025-11-06 17:58:39.897036 -> Puzzle DCY9U - URL https://lichess.org/training/DCY9U, Reviewed: TRUE -> Status: 200 Text:{""ok"":true}"
DCf6R,https://lichess.org/training/DCf6R,TRUE,False,"Processing row 417: 2025-11-06 17:58:41.176389 -> Puzzle DCf6R - URL https://lichess.org/training/DCf6R, Reviewed: TRUE -> Status: 200 Text:{""ok"":true}"
DEftU,https://lichess.org/training/DEftU,TRUE,False,"Processing row 418: 2025-11-06 17:58:42.405781 -> Puzzle DEftU - URL https://lichess.org/training/DEftU, Reviewed: TRUE -> Status: 200 Text:{""ok"":true}"
DItna,https://lichess.org/training/DItna,TRUE,False,"Processing row 419: 2025-11-06 17:58:43.614641 -> Puzzle DItna - URL https://lichess.org/training/DItna, Reviewed: TRUE -> Status: 200 Text:{""ok"":true}"
DK5xE,https://lichess.org/training/DK5xE,TRUE,False,"Processing row 420: 2025-11-06 17:58:44.861434 -> Puzzle DK5xE - URL https://lichess.org/training/DK5xE, Reviewed: TRUE -> Status: 200 Text:{""ok"":true}"
DKySb,https://lichess.org/training/DKySb,TRUE,False,"Processing row 421: 2025-11-06 17:58:46.083451 -> Puzzle DKySb - URL https://lichess.org/training/DKySb, Reviewed: TRUE -> Status: 200 Text:{""ok"":true}"
DMi4G,https://lichess.org/training/DMi4G,TRUE,False,"Processing row 422: 2025-11-06 17:58:47.321072 -> Puzzle DMi4G - URL https://lichess.org/training/DMi4G, Reviewed: TRUE -> Status: 200 Text:{""ok"":true}"
DOoJy,https://lichess.org/training/DOoJy,TRUE,False,"Processing row 423: 2025-11-06 17:58:48.587551 -> Puzzle DOoJy - URL https://lichess.org/training/DOoJy, Reviewed: TRUE -> Status: 200 Text:{""ok"":true}"
DWFD0,https://lichess.org/training/DWFD0,TRUE,False,"Processing row 424: 2025-11-06 17:58:49.803385 -> Puzzle DWFD0 - URL https://lichess.org/training/DWFD0, Reviewed: TRUE -> Status: 200 Text:{""ok"":true}"
DXFEP,https://lichess.org/training/DXFEP,TRUE,False,"Processing row 425: 2025-11-06 17:58:51.883570 -> Puzzle DXFEP - URL https://lichess.org/training/DXFEP, Reviewed: TRUE -> Status: 200 Text:{""ok"":true}"
DXdsi,https://lichess.org/training/DXdsi,TRUE,False,"Processing row 426: 2025-11-06 17:58:53.781217 -> Puzzle DXdsi - URL https://lichess.org/training/DXdsi, Reviewed: TRUE -> Status: 200 Text:{""ok"":true}"
DYj6B,https://lichess.org/training/DYj6B,TRUE,False,"Processing row 427: 2025-11-06 17:58:55.949997 -> Puzzle DYj6B - URL https://lichess.org/training/DYj6B, Reviewed: TRUE -> Status: 200 Text:{""ok"":true}"
DeOE2,https://lichess.org/training/DeOE2,TRUE,False,"Processing row 428: 2025-11-06 17:58:57.190945 -> Puzzle DeOE2 - URL https://lichess.org/training/DeOE2, Reviewed: TRUE -> Status: 200 Text:{""ok"":true}"
Dl0zj,https://lichess.org/training/Dl0zj,TRUE,False,"Processing row 429: 2025-11-06 17:58:58.402923 -> Puzzle Dl0zj - URL https://lichess.org/training/Dl0zj, Reviewed: TRUE -> Status: 200 Text:{""ok"":true}"
DllwL,https://lichess.org/training/DllwL,TRUE,False,"Processing row 430: 2025-11-06 17:58:59.750024 -> Puzzle DllwL - URL https://lichess.org/training/DllwL, Reviewed: TRUE -> Status: 200 Text:{""ok"":true}"
Dnamu,https://lichess.org/training/Dnamu,TRUE,False,"Processing row 431: 2025-11-06 17:59:00.968515 -> Puzzle Dnamu - URL https://lichess.org/training/Dnamu, Reviewed: TRUE -> Status: 200 Text:{""ok"":true}"
DoiOK,https://lichess.org/training/DoiOK,TRUE,False,"Processing row 432: 2025-11-06 17:59:02.249939 -> Puzzle DoiOK - URL https://lichess.org/training/DoiOK, Reviewed: TRUE -> Status: 200 Text:{""ok"":true}"
DqzVf,https://lichess.org/training/DqzVf,TRUE,False,"Processing row 433: 2025-11-06 17:59:03.482224 -> Puzzle DqzVf - URL https://lichess.org/training/DqzVf, Reviewed: TRUE -> Status: 200 Text:{""ok"":true}"
DrTvI,https://lichess.org/training/DrTvI,TRUE,False,"Processing row 434: 2025-11-06 17:59:04.746497 -> Puzzle DrTvI - URL https://lichess.org/training/DrTvI, Reviewed: TRUE -> Status: 200 Text:{""ok"":true}"
DxRv9,https://lichess.org/training/DxRv9,TRUE,False,"Processing row 435: 2025-11-06 17:59:05.976069 -> Puzzle DxRv9 - URL https://lichess.org/training/DxRv9, Reviewed: TRUE -> Status: 200 Text:{""ok"":true}"
DzWg8,https://lichess.org/training/DzWg8,TRUE,False,"Processing row 436: 2025-11-06 17:59:07.217818 -> Puzzle DzWg8 - URL https://lichess.org/training/DzWg8, Reviewed: TRUE -> Status: 200 Text:{""ok"":true}"
E1vSC,https://lichess.org/training/E1vSC,TRUE,False,"Processing row 437: 2025-11-06 17:59:08.528060 -> Puzzle E1vSC - URL https://lichess.org/training/E1vSC, Reviewed: TRUE -> Status: 200 Text:{""ok"":true}"
E20kY,https://lichess.org/training/E20kY,TRUE,False,"Processing row 438: 2025-11-06 17:59:09.743884 -> Puzzle E20kY - URL https://lichess.org/training/E20kY, Reviewed: TRUE -> Status: 200 Text:{""ok"":true}"
E4But,https://lichess.org/training/E4But,TRUE,False,"Processing row 439: 2025-11-06 17:59:10.991106 -> Puzzle E4But - URL https://lichess.org/training/E4But, Reviewed: TRUE -> Status: 200 Text:{""ok"":true}"
E5wW3,https://lichess.org/training/E5wW3,TRUE,False,"Processing row 440: 2025-11-06 17:59:12.237200 -> Puzzle E5wW3 - URL https://lichess.org/training/E5wW3, Reviewed: TRUE -> Status: 200 Text:{""ok"":true}"
E6Xjo,https://lichess.org/training/E6Xjo,TRUE,False,"Processing row 441: 2025-11-06 17:59:13.441937 -> Puzzle E6Xjo - URL https://lichess.org/training/E6Xjo, Reviewed: TRUE -> Status: 200 Text:{""ok"":true}"
E6YPK,https://lichess.org/training/E6YPK,TRUE,False,"Processing row 442: 2025-11-06 17:59:14.690676 -> Puzzle E6YPK - URL https://lichess.org/training/E6YPK, Reviewed: TRUE -> Status: 200 Text:{""ok"":true}"
E8nDE,https://lichess.org/training/E8nDE,TRUE,False,"Processing row 443: 2025-11-06 17:59:15.918395 -> Puzzle E8nDE - URL https://lichess.org/training/E8nDE, Reviewed: TRUE -> Status: 200 Text:{""ok"":true}"
EBaty,https://lichess.org/training/EBaty,TRUE,False,"Processing row 444: 2025-11-06 17:59:17.160870 -> Puzzle EBaty - URL https://lichess.org/training/EBaty, Reviewed: TRUE -> Status: 200 Text:{""ok"":true}"
EF9t1,https://lichess.org/training/EF9t1,TRUE,False,"Processing row 445: 2025-11-06 17:59:18.409096 -> Puzzle EF9t1 - URL https://lichess.org/training/EF9t1, Reviewed: TRUE -> Status: 200 Text:{""ok"":true}"
EGztV,https://lichess.org/training/EGztV,TRUE,False,"Processing row 446: 2025-11-06 17:59:19.659923 -> Puzzle EGztV - URL https://lichess.org/training/EGztV, Reviewed: TRUE -> Status: 200 Text:{""ok"":true}"
EILSw,https://lichess.org/training/EILSw,TRUE,False,"Processing row 447: 2025-11-06 17:59:20.985595 -> Puzzle EILSw - URL https://lichess.org/training/EILSw, Reviewed: TRUE -> Status: 200 Text:{""ok"":true}"
EOYIe,https://lichess.org/training/EOYIe,TRUE,False,"Processing row 448: 2025-11-06 17:59:22.284138 -> Puzzle EOYIe - URL https://lichess.org/training/EOYIe, Reviewed: TRUE -> Status: 200 Text:{""ok"":true}"
EQyFY,https://lichess.org/training/EQyFY,TRUE,False,"Processing row 449: 2025-11-06 17:59:23.489890 -> Puzzle EQyFY - URL https://lichess.org/training/EQyFY, Reviewed: TRUE -> Status: 200 Text:{""ok"":true}"
ES0l5,https://lichess.org/training/ES0l5,TRUE,False,"Processing row 450: 2025-11-06 17:59:24.704122 -> Puzzle ES0l5 - URL https://lichess.org/training/ES0l5, Reviewed: TRUE -> Status: 200 Text:{""ok"":true}"
ETxdR,https://lichess.org/training/ETxdR,FALSE,False,X
EU5dh,https://lichess.org/training/EU5dh,TRUE,False,"Processing row 452: 2025-11-06 17:59:25.901829 -> Puzzle EU5dh - URL https://lichess.org/training/EU5dh, Reviewed: TRUE -> Status: 200 Text:{""ok"":true}"
EYc26,https://lichess.org/training/EYc26,TRUE,False,"Processing row 453: 2025-11-06 17:59:27.088149 -> Puzzle EYc26 - URL https://lichess.org/training/EYc26, Reviewed: TRUE -> Status: 200 Text:{""ok"":true}"
EaPgD,https://lichess.org/training/EaPgD,TRUE,False,"Processing row 454: 2025-11-06 17:59:28.251050 -> Puzzle EaPgD - URL https://lichess.org/training/EaPgD, Reviewed: TRUE -> Status: 200 Text:{""ok"":true}"
EajD6,https://lichess.org/training/EajD6,TRUE,False,"Processing row 455: 2025-11-06 17:59:29.415778 -> Puzzle EajD6 - URL https://lichess.org/training/EajD6, Reviewed: TRUE -> Status: 200 Text:{""ok"":true}"
EeNmt,https://lichess.org/training/EeNmt,TRUE,False,"Processing row 456: 2025-11-06 17:59:30.592760 -> Puzzle EeNmt - URL https://lichess.org/training/EeNmt, Reviewed: TRUE -> Status: 200 Text:{""ok"":true}"
Eehsm,https://lichess.org/training/Eehsm,FALSE,False,X
EneO8,https://lichess.org/training/EneO8,FALSE,False,X
EntF4,https://lichess.org/training/EntF4,TRUE,False,"Processing row 459: 2025-11-06 17:59:31.757936 -> Puzzle EntF4 - URL https://lichess.org/training/EntF4, Reviewed: TRUE -> Status: 200 Text:{""ok"":true}"
EpKdz,https://lichess.org/training/EpKdz,TRUE,False,"Processing row 460: 2025-11-06 17:59:32.933789 -> Puzzle EpKdz - URL https://lichess.org/training/EpKdz, Reviewed: TRUE -> Status: 200 Text:{""ok"":true}"
Esund,https://lichess.org/training/Esund,TRUE,False,"Processing row 461: 2025-11-06 17:59:34.104142 -> Puzzle Esund - URL https://lichess.org/training/Esund, Reviewed: TRUE -> Status: 200 Text:{""ok"":true}"
EtFDL,https://lichess.org/training/EtFDL,TRUE,False,"Processing row 462: 2025-11-06 17:59:35.269239 -> Puzzle EtFDL - URL https://lichess.org/training/EtFDL, Reviewed: TRUE -> Status: 200 Text:{""ok"":true}"
EvaLP,https://lichess.org/training/EvaLP,TRUE,False,"Processing row 463: 2025-11-06 17:59:36.425023 -> Puzzle EvaLP - URL https://lichess.org/training/EvaLP, Reviewed: TRUE -> Status: 200 Text:{""ok"":true}"
EyTWC,https://lichess.org/training/EyTWC,TRUE,False,"Processing row 464: 2025-11-06 17:59:37.639243 -> Puzzle EyTWC - URL https://lichess.org/training/EyTWC, Reviewed: TRUE -> Status: 200 Text:{""ok"":true}"
EzDsE,https://lichess.org/training/EzDsE,TRUE,False,"Processing row 465: 2025-11-06 17:59:38.812999 -> Puzzle EzDsE - URL https://lichess.org/training/EzDsE, Reviewed: TRUE -> Status: 200 Text:{""ok"":true}"
EzsOo,https://lichess.org/training/EzsOo,TRUE,False,"Processing row 466: 2025-11-06 17:59:39.991150 -> Puzzle EzsOo - URL https://lichess.org/training/EzsOo, Reviewed: TRUE -> Status: 200 Text:{""ok"":true}"
F0jmi,https://lichess.org/training/F0jmi,TRUE,False,"Processing row 467: 2025-11-06 17:59:41.218110 -> Puzzle F0jmi - URL https://lichess.org/training/F0jmi, Reviewed: TRUE -> Status: 200 Text:{""ok"":true}"
F1uDf,https://lichess.org/training/F1uDf,TRUE,False,"Processing row 468: 2025-11-06 17:59:42.392843 -> Puzzle F1uDf - URL https://lichess.org/training/F1uDf, Reviewed: TRUE -> Status: 200 Text:{""ok"":true}"
F4RzZ,https://lichess.org/training/F4RzZ,TRUE,False,"Processing row 469: 2025-11-06 17:59:43.659003 -> Puzzle F4RzZ - URL https://lichess.org/training/F4RzZ, Reviewed: TRUE -> Status: 200 Text:{""ok"":true}"
F64sC,https://lichess.org/training/F64sC,TRUE,False,"Processing row 470: 2025-11-06 17:59:44.831658 -> Puzzle F64sC - URL https://lichess.org/training/F64sC, Reviewed: TRUE -> Status: 200 Text:{""ok"":true}"
F7SfD,https://lichess.org/training/F7SfD,TRUE,False,"Processing row 471: 2025-11-06 17:59:46.005042 -> Puzzle F7SfD - URL https://lichess.org/training/F7SfD, Reviewed: TRUE -> Status: 200 Text:{""ok"":true}"
F7enR,https://lichess.org/training/F7enR,TRUE,False,"Processing row 472: 2025-11-06 17:59:47.185011 -> Puzzle F7enR - URL https://lichess.org/training/F7enR, Reviewed: TRUE -> Status: 200 Text:{""ok"":true}"
FBPQp,https://lichess.org/training/FBPQp,TRUE,False,"Processing row 473: 2025-11-06 17:59:48.396760 -> Puzzle FBPQp - URL https://lichess.org/training/FBPQp, Reviewed: TRUE -> Status: 200 Text:{""ok"":true}"
FBSQB,https://lichess.org/training/FBSQB,TRUE,False,"Processing row 474: 2025-11-06 17:59:49.550626 -> Puzzle FBSQB - URL https://lichess.org/training/FBSQB, Reviewed: TRUE -> Status: 200 Text:{""ok"":true}"
FBjcw,https://lichess.org/training/FBjcw,TRUE,False,"Processing row 475: 2025-11-06 17:59:50.781786 -> Puzzle FBjcw - URL https://lichess.org/training/FBjcw, Reviewed: TRUE -> Status: 200 Text:{""ok"":true}"
FDyTZ,https://lichess.org/training/FDyTZ,TRUE,False,"Processing row 476: 2025-11-06 17:59:51.948676 -> Puzzle FDyTZ - URL https://lichess.org/training/FDyTZ, Reviewed: TRUE -> Status: 200 Text:{""ok"":true}"
FF3Ko,https://lichess.org/training/FF3Ko,TRUE,False,"Processing row 477: 2025-11-06 17:59:53.127160 -> Puzzle FF3Ko - URL https://lichess.org/training/FF3Ko, Reviewed: TRUE -> Status: 200 Text:{""ok"":true}"
FFoCu,https://lichess.org/training/FFoCu,TRUE,False,"Processing row 478: 2025-11-06 17:59:54.358079 -> Puzzle FFoCu - URL https://lichess.org/training/FFoCu, Reviewed: TRUE -> Status: 200 Text:{""ok"":true}"
FGUQ8,https://lichess.org/training/FGUQ8,TRUE,False,"Processing row 479: 2025-11-06 17:59:55.530670 -> Puzzle FGUQ8 - URL https://lichess.org/training/FGUQ8, Reviewed: TRUE -> Status: 200 Text:{""ok"":true}"
FH5fW,https://lichess.org/training/FH5fW,TRUE,False,"Processing row 480: 2025-11-06 17:59:56.697273 -> Puzzle FH5fW - URL https://lichess.org/training/FH5fW, Reviewed: TRUE -> Status: 200 Text:{""ok"":true}"
FHdaL,https://lichess.org/training/FHdaL,TRUE,False,"Processing row 481: 2025-11-06 17:59:57.855466 -> Puzzle FHdaL - URL https://lichess.org/training/FHdaL, Reviewed: TRUE -> Status: 200 Text:{""ok"":true}"
FImsM,https://lichess.org/training/FImsM,TRUE,False,"Processing row 482: 2025-11-06 17:59:59.033693 -> Puzzle FImsM - URL https://lichess.org/training/FImsM, Reviewed: TRUE -> Status: 200 Text:{""ok"":true}"
FJHO1,https://lichess.org/training/FJHO1,TRUE,False,"Processing row 483: 2025-11-06 18:00:00.195702 -> Puzzle FJHO1 - URL https://lichess.org/training/FJHO1, Reviewed: TRUE -> Status: 200 Text:{""ok"":true}"
FNxMI,https://lichess.org/training/FNxMI,TRUE,False,"Processing row 484: 2025-11-06 18:00:01.384453 -> Puzzle FNxMI - URL https://lichess.org/training/FNxMI, Reviewed: TRUE -> Status: 200 Text:{""ok"":true}"
FOSg1,https://lichess.org/training/FOSg1,TRUE,False,"Processing row 485: 2025-11-06 18:00:02.539359 -> Puzzle FOSg1 - URL https://lichess.org/training/FOSg1, Reviewed: TRUE -> Status: 200 Text:{""ok"":true}"
FPQOu,https://lichess.org/training/FPQOu,TRUE,False,"Processing row 486: 2025-11-06 18:00:03.720272 -> Puzzle FPQOu - URL https://lichess.org/training/FPQOu, Reviewed: TRUE -> Status: 200 Text:{""ok"":true}"
FSp9J,https://lichess.org/training/FSp9J,TRUE,False,"Processing row 487: 2025-11-06 18:00:04.888873 -> Puzzle FSp9J - URL https://lichess.org/training/FSp9J, Reviewed: TRUE -> Status: 200 Text:{""ok"":true}"
FTFBw,https://lichess.org/training/FTFBw,TRUE,False,"Processing row 488: 2025-11-06 18:00:06.108743 -> Puzzle FTFBw - URL https://lichess.org/training/FTFBw, Reviewed: TRUE -> Status: 200 Text:{""ok"":true}"
FYBgS,https://lichess.org/training/FYBgS,TRUE,False,"Processing row 489: 2025-11-06 18:00:07.282175 -> Puzzle FYBgS - URL https://lichess.org/training/FYBgS, Reviewed: TRUE -> Status: 200 Text:{""ok"":true}"
FcK87,https://lichess.org/training/FcK87,TRUE,False,"Processing row 490: 2025-11-06 18:00:08.447240 -> Puzzle FcK87 - URL https://lichess.org/training/FcK87, Reviewed: TRUE -> Status: 200 Text:{""ok"":true}"
FcqQv,https://lichess.org/training/FcqQv,TRUE,False,"Processing row 491: 2025-11-06 18:00:09.680317 -> Puzzle FcqQv - URL https://lichess.org/training/FcqQv, Reviewed: TRUE -> Status: 200 Text:{""ok"":true}"
Fhnez,https://lichess.org/training/Fhnez,TRUE,False,"Processing row 492: 2025-11-06 18:00:10.853954 -> Puzzle Fhnez - URL https://lichess.org/training/Fhnez, Reviewed: TRUE -> Status: 200 Text:{""ok"":true}"
Fhqpb,https://lichess.org/training/Fhqpb,TRUE,False,"Processing row 493: 2025-11-06 18:00:12.023207 -> Puzzle Fhqpb - URL https://lichess.org/training/Fhqpb, Reviewed: TRUE -> Status: 200 Text:{""ok"":true}"
Fi20w,https://lichess.org/training/Fi20w,TRUE,False,"Processing row 494: 2025-11-06 18:00:13.214213 -> Puzzle Fi20w - URL https://lichess.org/training/Fi20w, Reviewed: TRUE -> Status: 200 Text:{""ok"":true}"
FiQb4,https://lichess.org/training/FiQb4,TRUE,False,"Processing row 495: 2025-11-06 18:00:14.375865 -> Puzzle FiQb4 - URL https://lichess.org/training/FiQb4, Reviewed: TRUE -> Status: 200 Text:{""ok"":true}"
Ficgr,https://lichess.org/training/Ficgr,TRUE,False,"Processing row 496: 2025-11-06 18:00:15.533412 -> Puzzle Ficgr - URL https://lichess.org/training/Ficgr, Reviewed: TRUE -> Status: 200 Text:{""ok"":true}"
FmzBs,https://lichess.org/training/FmzBs,TRUE,False,"Processing row 497: 2025-11-06 18:00:16.723482 -> Puzzle FmzBs - URL https://lichess.org/training/FmzBs, Reviewed: TRUE -> Status: 200 Text:{""ok"":true}"
FnSYZ,https://lichess.org/training/FnSYZ,TRUE,False,"Processing row 498: 2025-11-06 18:00:17.892205 -> Puzzle FnSYZ - URL https://lichess.org/training/FnSYZ, Reviewed: TRUE -> Status: 200 Text:{""ok"":true}"
FoFpn,https://lichess.org/training/FoFpn,TRUE,False,"Processing row 499: 2025-11-06 18:00:19.054835 -> Puzzle FoFpn - URL https://lichess.org/training/FoFpn, Reviewed: TRUE -> Status: 200 Text:{""ok"":true}"
Fqwum,https://lichess.org/training/Fqwum,TRUE,False,"Processing row 500: 2025-11-06 18:00:20.272004 -> Puzzle Fqwum - URL https://lichess.org/training/Fqwum, Reviewed: TRUE -> Status: 200 Text:{""ok"":true}"
Fr2vL,https://lichess.org/training/Fr2vL,TRUE,False,"Processing row 501: 2025-11-06 18:00:21.447468 -> Puzzle Fr2vL - URL https://lichess.org/training/Fr2vL, Reviewed: TRUE -> Status: 200 Text:{""ok"":true}"
Frffd,https://lichess.org/training/Frffd,TRUE,False,"Processing row 502: 2025-11-06 18:00:22.605711 -> Puzzle Frffd - URL https://lichess.org/training/Frffd, Reviewed: TRUE -> Status: 200 Text:{""ok"":true}"
Fuyuu,https://lichess.org/training/Fuyuu,TRUE,False,"Processing row 503: 2025-11-06 18:00:23.770897 -> Puzzle Fuyuu - URL https://lichess.org/training/Fuyuu, Reviewed: TRUE -> Status: 200 Text:{""ok"":true}"
FwaKR,https://lichess.org/training/FwaKR,TRUE,False,"Processing row 504: 2025-11-06 18:00:24.946154 -> Puzzle FwaKR - URL https://lichess.org/training/FwaKR, Reviewed: TRUE -> Status: 200 Text:{""ok"":true}"
Fyr5Q,https://lichess.org/training/Fyr5Q,TRUE,False,"Processing row 505: 2025-11-06 18:00:26.128095 -> Puzzle Fyr5Q - URL https://lichess.org/training/Fyr5Q, Reviewed: TRUE -> Status: 200 Text:{""ok"":true}"
Fznmb,https://lichess.org/training/Fznmb,TRUE,False,"Processing row 506: 2025-11-06 18:00:27.303235 -> Puzzle Fznmb - URL https://lichess.org/training/Fznmb, Reviewed: TRUE -> Status: 200 Text:{""ok"":true}"
G0M3n,https://lichess.org/training/G0M3n,TRUE,False,"Processing row 507: 2025-11-06 18:00:28.475721 -> Puzzle G0M3n - URL https://lichess.org/training/G0M3n, Reviewed: TRUE -> Status: 200 Text:{""ok"":true}"
G0nt6,https://lichess.org/training/G0nt6,TRUE,False,"Processing row 508: 2025-11-06 18:00:29.642575 -> Puzzle G0nt6 - URL https://lichess.org/training/G0nt6, Reviewed: TRUE -> Status: 200 Text:{""ok"":true}"
G1OJs,https://lichess.org/training/G1OJs,TRUE,False,"Processing row 509: 2025-11-06 18:00:30.822915 -> Puzzle G1OJs - URL https://lichess.org/training/G1OJs, Reviewed: TRUE -> Status: 200 Text:{""ok"":true}"
G3Xwq,https://lichess.org/training/G3Xwq,TRUE,False,"Processing row 510: 2025-11-06 18:00:31.993087 -> Puzzle G3Xwq - URL https://lichess.org/training/G3Xwq, Reviewed: TRUE -> Status: 200 Text:{""ok"":true}"
G4AOW,https://lichess.org/training/G4AOW,FALSE,False,X
G4kTs,https://lichess.org/training/G4kTs,TRUE,False,"Processing row 512: 2025-11-06 18:00:33.236427 -> Puzzle G4kTs - URL https://lichess.org/training/G4kTs, Reviewed: TRUE -> Status: 200 Text:{""ok"":true}"
G5T0r,https://lichess.org/training/G5T0r,TRUE,False,"Processing row 513: 2025-11-06 18:00:34.401284 -> Puzzle G5T0r - URL https://lichess.org/training/G5T0r, Reviewed: TRUE -> Status: 200 Text:{""ok"":true}"
G82FZ,https://lichess.org/training/G82FZ,TRUE,False,"Processing row 514: 2025-11-06 18:00:35.571482 -> Puzzle G82FZ - URL https://lichess.org/training/G82FZ, Reviewed: TRUE -> Status: 200 Text:{""ok"":true}"
GAaaD,https://lichess.org/training/GAaaD,TRUE,False,"Processing row 515: 2025-11-06 18:00:36.735552 -> Puzzle GAaaD - URL https://lichess.org/training/GAaaD, Reviewed: TRUE -> Status: 200 Text:{""ok"":true}"
GBMcu,https://lichess.org/training/GBMcu,TRUE,False,"Processing row 516: 2025-11-06 18:00:37.900948 -> Puzzle GBMcu - URL https://lichess.org/training/GBMcu, Reviewed: TRUE -> Status: 200 Text:{""ok"":true}"
GEWBh,https://lichess.org/training/GEWBh,TRUE,False,"Processing row 517: 2025-11-06 18:00:39.101909 -> Puzzle GEWBh - URL https://lichess.org/training/GEWBh, Reviewed: TRUE -> Status: 200 Text:{""ok"":true}"
GGJ3S,https://lichess.org/training/GGJ3S,TRUE,False,"Processing row 518: 2025-11-06 18:00:40.287325 -> Puzzle GGJ3S - URL https://lichess.org/training/GGJ3S, Reviewed: TRUE -> Status: 200 Text:{""ok"":true}"
GHjNW,https://lichess.org/training/GHjNW,TRUE,False,"Processing row 519: 2025-11-06 18:00:41.468776 -> Puzzle GHjNW - URL https://lichess.org/training/GHjNW, Reviewed: TRUE -> Status: 200 Text:{""ok"":true}"
GK72B,https://lichess.org/training/GK72B,TRUE,False,"Processing row 520: 2025-11-06 18:00:42.649047 -> Puzzle GK72B - URL https://lichess.org/training/GK72B, Reviewed: TRUE -> Status: 200 Text:{""ok"":true}"
GNMXZ,https://lichess.org/training/GNMXZ,TRUE,False,"Processing row 521: 2025-11-06 18:00:43.819642 -> Puzzle GNMXZ - URL https://lichess.org/training/GNMXZ, Reviewed: TRUE -> Status: 200 Text:{""ok"":true}"
GNVnW,https://lichess.org/training/GNVnW,TRUE,False,"Processing row 522: 2025-11-06 18:00:44.978503 -> Puzzle GNVnW - URL https://lichess.org/training/GNVnW, Reviewed: TRUE -> Status: 200 Text:{""ok"":true}"
GWZ50,https://lichess.org/training/GWZ50,TRUE,False,"Processing row 523: 2025-11-06 18:00:46.150685 -> Puzzle GWZ50 - URL https://lichess.org/training/GWZ50, Reviewed: TRUE -> Status: 200 Text:{""ok"":true}"
GXXcV,https://lichess.org/training/GXXcV,TRUE,False,"Processing row 524: 2025-11-06 18:00:47.306925 -> Puzzle GXXcV - URL https://lichess.org/training/GXXcV, Reviewed: TRUE -> Status: 200 Text:{""ok"":true}"
GY6VU,https://lichess.org/training/GY6VU,TRUE,False,"Processing row 525: 2025-11-06 18:00:48.483001 -> Puzzle GY6VU - URL https://lichess.org/training/GY6VU, Reviewed: TRUE -> Status: 200 Text:{""ok"":true}"
GYJGq,https://lichess.org/training/GYJGq,FALSE,False,X
GcJwH,https://lichess.org/training/GcJwH,TRUE,False,"Processing row 527: 2025-11-06 18:00:49.652999 -> Puzzle GcJwH - URL https://lichess.org/training/GcJwH, Reviewed: TRUE -> Status: 200 Text:{""ok"":true}"
GeE4Z,https://lichess.org/training/GeE4Z,TRUE,False,"Processing row 528: 2025-11-06 18:00:50.823223 -> Puzzle GeE4Z - URL https://lichess.org/training/GeE4Z, Reviewed: TRUE -> Status: 200 Text:{""ok"":true}"
GeSjz,https://lichess.org/training/GeSjz,TRUE,False,"Processing row 529: 2025-11-06 18:00:51.981096 -> Puzzle GeSjz - URL https://lichess.org/training/GeSjz, Reviewed: TRUE -> Status: 200 Text:{""ok"":true}"
Get0m,https://lichess.org/training/Get0m,TRUE,False,"Processing row 530: 2025-11-06 18:00:53.160293 -> Puzzle Get0m - URL https://lichess.org/training/Get0m, Reviewed: TRUE -> Status: 200 Text:{""ok"":true}"
GgRJT,https://lichess.org/training/GgRJT,TRUE,False,"Processing row 531: 2025-11-06 18:00:54.320990 -> Puzzle GgRJT - URL https://lichess.org/training/GgRJT, Reviewed: TRUE -> Status: 200 Text:{""ok"":true}"
GhTFK,https://lichess.org/training/GhTFK,FALSE,False,X
GiTlm,https://lichess.org/training/GiTlm,TRUE,False,"Processing row 533: 2025-11-06 18:00:55.485548 -> Puzzle GiTlm - URL https://lichess.org/training/GiTlm, Reviewed: TRUE -> Status: 200 Text:{""ok"":true}"
GivYB,https://lichess.org/training/GivYB,TRUE,False,"Processing row 534: 2025-11-06 18:00:56.650207 -> Puzzle GivYB - URL https://lichess.org/training/GivYB, Reviewed: TRUE -> Status: 200 Text:{""ok"":true}"
GmHo1,https://lichess.org/training/GmHo1,TRUE,False,"Processing row 535: 2025-11-06 18:00:57.809808 -> Puzzle GmHo1 - URL https://lichess.org/training/GmHo1, Reviewed: TRUE -> Status: 200 Text:{""ok"":true}"
GmTfg,https://lichess.org/training/GmTfg,TRUE,False,"Processing row 536: 2025-11-06 18:00:58.981752 -> Puzzle GmTfg - URL https://lichess.org/training/GmTfg, Reviewed: TRUE -> Status: 200 Text:{""ok"":true}"
GoWhy,https://lichess.org/training/GoWhy,TRUE,False,"Processing row 537: 2025-11-06 18:01:00.146716 -> Puzzle GoWhy - URL https://lichess.org/training/GoWhy, Reviewed: TRUE -> Status: 200 Text:{""ok"":true}"
GrNk5,https://lichess.org/training/GrNk5,TRUE,False,"Processing row 538: 2025-11-06 18:01:01.396467 -> Puzzle GrNk5 - URL https://lichess.org/training/GrNk5, Reviewed: TRUE -> Status: 200 Text:{""ok"":true}"
Grc1X,https://lichess.org/training/Grc1X,TRUE,False,"Processing row 539: 2025-11-06 18:01:02.563502 -> Puzzle Grc1X - URL https://lichess.org/training/Grc1X, Reviewed: TRUE -> Status: 200 Text:{""ok"":true}"
GrdBJ,https://lichess.org/training/GrdBJ,TRUE,False,"Processing row 540: 2025-11-06 18:01:03.729904 -> Puzzle GrdBJ - URL https://lichess.org/training/GrdBJ, Reviewed: TRUE -> Status: 200 Text:{""ok"":true}"
H3keJ,https://lichess.org/training/H3keJ,TRUE,False,"Processing row 541: 2025-11-06 18:01:04.890283 -> Puzzle H3keJ - URL https://lichess.org/training/H3keJ, Reviewed: TRUE -> Status: 200 Text:{""ok"":true}"
H3te3,https://lichess.org/training/H3te3,TRUE,False,"Processing row 542: 2025-11-06 18:01:06.053780 -> Puzzle H3te3 - URL https://lichess.org/training/H3te3, Reviewed: TRUE -> Status: 200 Text:{""ok"":true}"
H4zC5,https://lichess.org/training/H4zC5,TRUE,False,"Processing row 543: 2025-11-06 18:01:07.219062 -> Puzzle H4zC5 - URL https://lichess.org/training/H4zC5, Reviewed: TRUE -> Status: 200 Text:{""ok"":true}"
H6WNq,https://lichess.org/training/H6WNq,TRUE,False,"Processing row 544: 2025-11-06 18:01:08.382057 -> Puzzle H6WNq - URL https://lichess.org/training/H6WNq, Reviewed: TRUE -> Status: 200 Text:{""ok"":true}"
H73mT,https://lichess.org/training/H73mT,TRUE,False,"Processing row 545: 2025-11-06 18:01:09.566375 -> Puzzle H73mT - URL https://lichess.org/training/H73mT, Reviewed: TRUE -> Status: 200 Text:{""ok"":true}"
H7FFL,https://lichess.org/training/H7FFL,TRUE,False,"Processing row 546: 2025-11-06 18:01:10.732477 -> Puzzle H7FFL - URL https://lichess.org/training/H7FFL, Reviewed: TRUE -> Status: 200 Text:{""ok"":true}"
H8BxZ,https://lichess.org/training/H8BxZ,TRUE,False,"Processing row 547: 2025-11-06 18:01:11.912940 -> Puzzle H8BxZ - URL https://lichess.org/training/H8BxZ, Reviewed: TRUE -> Status: 200 Text:{""ok"":true}"
HEQu9,https://lichess.org/training/HEQu9,TRUE,False,"Processing row 548: 2025-11-06 18:01:13.078513 -> Puzzle HEQu9 - URL https://lichess.org/training/HEQu9, Reviewed: TRUE -> Status: 200 Text:{""ok"":true}"
HHvcb,https://lichess.org/training/HHvcb,TRUE,False,"Processing row 549: 2025-11-06 18:01:14.245312 -> Puzzle HHvcb - URL https://lichess.org/training/HHvcb, Reviewed: TRUE -> Status: 200 Text:{""ok"":true}"
HK5f9,https://lichess.org/training/HK5f9,TRUE,False,"Processing row 550: 2025-11-06 18:01:15.422578 -> Puzzle HK5f9 - URL https://lichess.org/training/HK5f9, Reviewed: TRUE -> Status: 200 Text:{""ok"":true}"
HMs8a,https://lichess.org/training/HMs8a,TRUE,False,"Processing row 551: 2025-11-06 18:01:16.591739 -> Puzzle HMs8a - URL https://lichess.org/training/HMs8a, Reviewed: TRUE -> Status: 200 Text:{""ok"":true}"
HOkac,https://lichess.org/training/HOkac,TRUE,False,"Processing row 552: 2025-11-06 18:01:17.768211 -> Puzzle HOkac - URL https://lichess.org/training/HOkac, Reviewed: TRUE -> Status: 200 Text:{""ok"":true}"
HPl1c,https://lichess.org/training/HPl1c,TRUE,False,"Processing row 553: 2025-11-06 18:01:18.936078 -> Puzzle HPl1c - URL https://lichess.org/training/HPl1c, Reviewed: TRUE -> Status: 200 Text:{""ok"":true}"
HS4GY,https://lichess.org/training/HS4GY,TRUE,False,"Processing row 554: 2025-11-06 18:01:20.124686 -> Puzzle HS4GY - URL https://lichess.org/training/HS4GY, Reviewed: TRUE -> Status: 200 Text:{""ok"":true}"
Hbpjp,https://lichess.org/training/Hbpjp,TRUE,False,"Processing row 555: 2025-11-06 18:01:21.297591 -> Puzzle Hbpjp - URL https://lichess.org/training/Hbpjp, Reviewed: TRUE -> Status: 200 Text:{""ok"":true}"
Hivc0,https://lichess.org/training/Hivc0,TRUE,False,"Processing row 556: 2025-11-06 18:01:22.461801 -> Puzzle Hivc0 - URL https://lichess.org/training/Hivc0, Reviewed: TRUE -> Status: 200 Text:{""ok"":true}"
HkJXT,https://lichess.org/training/HkJXT,TRUE,False,"Processing row 557: 2025-11-06 18:01:23.626541 -> Puzzle HkJXT - URL https://lichess.org/training/HkJXT, Reviewed: TRUE -> Status: 200 Text:{""ok"":true}"
HkfhE,https://lichess.org/training/HkfhE,TRUE,False,"Processing row 558: 2025-11-06 18:01:24.804431 -> Puzzle HkfhE - URL https://lichess.org/training/HkfhE, Reviewed: TRUE -> Status: 200 Text:{""ok"":true}"
HnktO,https://lichess.org/training/HnktO,TRUE,False,"Processing row 559: 2025-11-06 18:01:25.970662 -> Puzzle HnktO - URL https://lichess.org/training/HnktO, Reviewed: TRUE -> Status: 200 Text:{""ok"":true}"
Hnrxb,https://lichess.org/training/Hnrxb,TRUE,False,"Processing row 560: 2025-11-06 18:01:27.164001 -> Puzzle Hnrxb - URL https://lichess.org/training/Hnrxb, Reviewed: TRUE -> Status: 200 Text:{""ok"":true}"
HoYn2,https://lichess.org/training/HoYn2,TRUE,False,"Processing row 561: 2025-11-06 18:01:28.330042 -> Puzzle HoYn2 - URL https://lichess.org/training/HoYn2, Reviewed: TRUE -> Status: 200 Text:{""ok"":true}"
HshNj,https://lichess.org/training/HshNj,TRUE,False,"Processing row 562: 2025-11-06 18:01:29.489213 -> Puzzle HshNj - URL https://lichess.org/training/HshNj, Reviewed: TRUE -> Status: 200 Text:{""ok"":true}"
HsizV,https://lichess.org/training/HsizV,TRUE,False,"Processing row 563: 2025-11-06 18:01:30.705312 -> Puzzle HsizV - URL https://lichess.org/training/HsizV, Reviewed: TRUE -> Status: 200 Text:{""ok"":true}"
HtdmA,https://lichess.org/training/HtdmA,TRUE,False,"Processing row 564: 2025-11-06 18:01:31.872268 -> Puzzle HtdmA - URL https://lichess.org/training/HtdmA, Reviewed: TRUE -> Status: 200 Text:{""ok"":true}"
HtoMG,https://lichess.org/training/HtoMG,TRUE,False,"Processing row 565: 2025-11-06 18:01:33.026148 -> Puzzle HtoMG - URL https://lichess.org/training/HtoMG, Reviewed: TRUE -> Status: 200 Text:{""ok"":true}"
Hv6DR,https://lichess.org/training/Hv6DR,TRUE,False,"Processing row 566: 2025-11-06 18:01:34.201563 -> Puzzle Hv6DR - URL https://lichess.org/training/Hv6DR, Reviewed: TRUE -> Status: 200 Text:{""ok"":true}"
Hy74h,https://lichess.org/training/Hy74h,TRUE,False,"Processing row 567: 2025-11-06 18:01:35.360962 -> Puzzle Hy74h - URL https://lichess.org/training/Hy74h, Reviewed: TRUE -> Status: 200 Text:{""ok"":true}"
I0YXo,https://lichess.org/training/I0YXo,TRUE,False,"Processing row 568: 2025-11-06 18:01:36.518892 -> Puzzle I0YXo - URL https://lichess.org/training/I0YXo, Reviewed: TRUE -> Status: 200 Text:{""ok"":true}"
I3sA2,https://lichess.org/training/I3sA2,TRUE,False,"Processing row 569: 2025-11-06 18:01:37.682484 -> Puzzle I3sA2 - URL https://lichess.org/training/I3sA2, Reviewed: TRUE -> Status: 200 Text:{""ok"":true}"
IAdQa,https://lichess.org/training/IAdQa,TRUE,False,"Processing row 570: 2025-11-06 18:01:38.834934 -> Puzzle IAdQa - URL https://lichess.org/training/IAdQa, Reviewed: TRUE -> Status: 200 Text:{""ok"":true}"
ID6pj,https://lichess.org/training/ID6pj,TRUE,False,"Processing row 571: 2025-11-06 18:01:39.990283 -> Puzzle ID6pj - URL https://lichess.org/training/ID6pj, Reviewed: TRUE -> Status: 200 Text:{""ok"":true}"
IDnz0,https://lichess.org/training/IDnz0,TRUE,False,"Processing row 572: 2025-11-06 18:01:41.160200 -> Puzzle IDnz0 - URL https://lichess.org/training/IDnz0, Reviewed: TRUE -> Status: 200 Text:{""ok"":true}"
IElBH,https://lichess.org/training/IElBH,TRUE,False,"Processing row 573: 2025-11-06 18:01:42.333488 -> Puzzle IElBH - URL https://lichess.org/training/IElBH, Reviewed: TRUE -> Status: 200 Text:{""ok"":true}"
IFkU6,https://lichess.org/training/IFkU6,TRUE,False,"Processing row 574: 2025-11-06 18:01:43.519232 -> Puzzle IFkU6 - URL https://lichess.org/training/IFkU6, Reviewed: TRUE -> Status: 200 Text:{""ok"":true}"
IINSh,https://lichess.org/training/IINSh,TRUE,False,"Processing row 575: 2025-11-06 18:01:44.699519 -> Puzzle IINSh - URL https://lichess.org/training/IINSh, Reviewed: TRUE -> Status: 200 Text:{""ok"":true}"
IJ9d4,https://lichess.org/training/IJ9d4,TRUE,False,"Processing row 576: 2025-11-06 18:01:45.894810 -> Puzzle IJ9d4 - URL https://lichess.org/training/IJ9d4, Reviewed: TRUE -> Status: 200 Text:{""ok"":true}"
IJBR6,https://lichess.org/training/IJBR6,TRUE,False,"Processing row 577: 2025-11-06 18:01:47.048871 -> Puzzle IJBR6 - URL https://lichess.org/training/IJBR6, Reviewed: TRUE -> Status: 200 Text:{""ok"":true}"
IWaq3,https://lichess.org/training/IWaq3,TRUE,False,"Processing row 578: 2025-11-06 18:01:48.213361 -> Puzzle IWaq3 - URL https://lichess.org/training/IWaq3, Reviewed: TRUE -> Status: 200 Text:{""ok"":true}"
IXFeM,https://lichess.org/training/IXFeM,TRUE,False,"Processing row 579: 2025-11-06 18:01:49.397540 -> Puzzle IXFeM - URL https://lichess.org/training/IXFeM, Reviewed: TRUE -> Status: 200 Text:{""ok"":true}"
IYLdw,https://lichess.org/training/IYLdw,TRUE,False,"Processing row 580: 2025-11-06 18:01:50.595127 -> Puzzle IYLdw - URL https://lichess.org/training/IYLdw, Reviewed: TRUE -> Status: 200 Text:{""ok"":true}"
IaXaq,https://lichess.org/training/IaXaq,TRUE,False,"Processing row 581: 2025-11-06 18:01:51.765569 -> Puzzle IaXaq - URL https://lichess.org/training/IaXaq, Reviewed: TRUE -> Status: 200 Text:{""ok"":true}"
IbgVS,https://lichess.org/training/IbgVS,TRUE,False,"Processing row 582: 2025-11-06 18:01:52.933997 -> Puzzle IbgVS - URL https://lichess.org/training/IbgVS, Reviewed: TRUE -> Status: 200 Text:{""ok"":true}"
Icfbt,https://lichess.org/training/Icfbt,TRUE,False,"Processing row 583: 2025-11-06 18:01:54.117790 -> Puzzle Icfbt - URL https://lichess.org/training/Icfbt, Reviewed: TRUE -> Status: 200 Text:{""ok"":true}"
Ict1A,https://lichess.org/training/Ict1A,TRUE,False,"Processing row 584: 2025-11-06 18:01:55.276443 -> Puzzle Ict1A - URL https://lichess.org/training/Ict1A, Reviewed: TRUE -> Status: 200 Text:{""ok"":true}"
IdmI5,https://lichess.org/training/IdmI5,TRUE,False,"Processing row 585: 2025-11-06 18:01:56.437328 -> Puzzle IdmI5 - URL https://lichess.org/training/IdmI5, Reviewed: TRUE -> Status: 200 Text:{""ok"":true}"
Iiaml,https://lichess.org/training/Iiaml,TRUE,False,"Processing row 586: 2025-11-06 18:01:57.612059 -> Puzzle Iiaml - URL https://lichess.org/training/Iiaml, Reviewed: TRUE -> Status: 200 Text:{""ok"":true}"
IjK0N,https://lichess.org/training/IjK0N,TRUE,False,"Processing row 587: 2025-11-06 18:01:58.782164 -> Puzzle IjK0N - URL https://lichess.org/training/IjK0N, Reviewed: TRUE -> Status: 200 Text:{""ok"":true}"
Ikdzh,https://lichess.org/training/Ikdzh,TRUE,False,"Processing row 588: 2025-11-06 18:01:59.935687 -> Puzzle Ikdzh - URL https://lichess.org/training/Ikdzh, Reviewed: TRUE -> Status: 200 Text:{""ok"":true}"
Imm0S,https://lichess.org/training/Imm0S,TRUE,False,"Processing row 589: 2025-11-06 18:02:01.103865 -> Puzzle Imm0S - URL https://lichess.org/training/Imm0S, Reviewed: TRUE -> Status: 200 Text:{""ok"":true}"
In8bq,https://lichess.org/training/In8bq,TRUE,False,"Processing row 590: 2025-11-06 18:02:02.327937 -> Puzzle In8bq - URL https://lichess.org/training/In8bq, Reviewed: TRUE -> Status: 200 Text:{""ok"":true}"
Ip2fR,https://lichess.org/training/Ip2fR,FALSE,False,X
IscI1,https://lichess.org/training/IscI1,TRUE,False,"Processing row 592: 2025-11-06 18:02:03.510170 -> Puzzle IscI1 - URL https://lichess.org/training/IscI1, Reviewed: TRUE -> Status: 200 Text:{""ok"":true}"
It9lJ,https://lichess.org/training/It9lJ,TRUE,False,"Processing row 593: 2025-11-06 18:02:04.671283 -> Puzzle It9lJ - URL https://lichess.org/training/It9lJ, Reviewed: TRUE -> Status: 200 Text:{""ok"":true}"
ItDuZ,https://lichess.org/training/ItDuZ,TRUE,False,"Processing row 594: 2025-11-06 18:02:05.834995 -> Puzzle ItDuZ - URL https://lichess.org/training/ItDuZ, Reviewed: TRUE -> Status: 200 Text:{""ok"":true}"
IwuB2,https://lichess.org/training/IwuB2,TRUE,False,"Processing row 595: 2025-11-06 18:02:06.988838 -> Puzzle IwuB2 - URL https://lichess.org/training/IwuB2, Reviewed: TRUE -> Status: 200 Text:{""ok"":true}"
IxAyh,https://lichess.org/training/IxAyh,TRUE,False,"Processing row 596: 2025-11-06 18:02:08.157903 -> Puzzle IxAyh - URL https://lichess.org/training/IxAyh, Reviewed: TRUE -> Status: 200 Text:{""ok"":true}"
IxSmU,https://lichess.org/training/IxSmU,TRUE,False,"Processing row 597: 2025-11-06 18:02:09.338787 -> Puzzle IxSmU - URL https://lichess.org/training/IxSmU, Reviewed: TRUE -> Status: 200 Text:{""ok"":true}"
J1VtF,https://lichess.org/training/J1VtF,TRUE,False,"Processing row 598: 2025-11-06 18:02:10.524459 -> Puzzle J1VtF - URL https://lichess.org/training/J1VtF, Reviewed: TRUE -> Status: 200 Text:{""ok"":true}"
J1ccN,https://lichess.org/training/J1ccN,TRUE,False,"Processing row 599: 2025-11-06 18:02:11.688461 -> Puzzle J1ccN - URL https://lichess.org/training/J1ccN, Reviewed: TRUE -> Status: 200 Text:{""ok"":true}"
J5Tko,https://lichess.org/training/J5Tko,TRUE,False,"Processing row 600: 2025-11-06 18:02:12.861842 -> Puzzle J5Tko - URL https://lichess.org/training/J5Tko, Reviewed: TRUE -> Status: 200 Text:{""ok"":true}"
J9NSy,https://lichess.org/training/J9NSy,TRUE,False,"Processing row 601: 2025-11-06 18:02:14.022277 -> Puzzle J9NSy - URL https://lichess.org/training/J9NSy, Reviewed: TRUE -> Status: 200 Text:{""ok"":true}"
JD2mj,https://lichess.org/training/JD2mj,TRUE,False,"Processing row 602: 2025-11-06 18:02:15.188372 -> Puzzle JD2mj - URL https://lichess.org/training/JD2mj, Reviewed: TRUE -> Status: 200 Text:{""ok"":true}"
JEAm2,https://lichess.org/training/JEAm2,TRUE,False,"Processing row 603: 2025-11-06 18:02:16.357034 -> Puzzle JEAm2 - URL https://lichess.org/training/JEAm2, Reviewed: TRUE -> Status: 200 Text:{""ok"":true}"
JFcGd,https://lichess.org/training/JFcGd,TRUE,False,"Processing row 604: 2025-11-06 18:02:17.522807 -> Puzzle JFcGd - URL https://lichess.org/training/JFcGd, Reviewed: TRUE -> Status: 200 Text:{""ok"":true}"
JGZkN,https://lichess.org/training/JGZkN,TRUE,False,"Processing row 605: 2025-11-06 18:02:18.707847 -> Puzzle JGZkN - URL https://lichess.org/training/JGZkN, Reviewed: TRUE -> Status: 200 Text:{""ok"":true}"
JMGFc,https://lichess.org/training/JMGFc,TRUE,False,"Processing row 606: 2025-11-06 18:02:19.917111 -> Puzzle JMGFc - URL https://lichess.org/training/JMGFc, Reviewed: TRUE -> Status: 200 Text:{""ok"":true}"
JMeCt,https://lichess.org/training/JMeCt,TRUE,False,"Processing row 607: 2025-11-06 18:02:21.091911 -> Puzzle JMeCt - URL https://lichess.org/training/JMeCt, Reviewed: TRUE -> Status: 200 Text:{""ok"":true}"
JRp06,https://lichess.org/training/JRp06,TRUE,False,"Processing row 608: 2025-11-06 18:02:22.264861 -> Puzzle JRp06 - URL https://lichess.org/training/JRp06, Reviewed: TRUE -> Status: 200 Text:{""ok"":true}"
JTS0a,https://lichess.org/training/JTS0a,TRUE,False,"Processing row 609: 2025-11-06 18:02:23.430205 -> Puzzle JTS0a - URL https://lichess.org/training/JTS0a, Reviewed: TRUE -> Status: 200 Text:{""ok"":true}"
JUJL7,https://lichess.org/training/JUJL7,TRUE,False,"Processing row 610: 2025-11-06 18:02:24.596351 -> Puzzle JUJL7 - URL https://lichess.org/training/JUJL7, Reviewed: TRUE -> Status: 200 Text:{""ok"":true}"
JVNUF,https://lichess.org/training/JVNUF,TRUE,False,"Processing row 611: 2025-11-06 18:02:25.792176 -> Puzzle JVNUF - URL https://lichess.org/training/JVNUF, Reviewed: TRUE -> Status: 200 Text:{""ok"":true}"
JVx0F,https://lichess.org/training/JVx0F,TRUE,False,"Processing row 612: 2025-11-06 18:02:26.955017 -> Puzzle JVx0F - URL https://lichess.org/training/JVx0F, Reviewed: TRUE -> Status: 200 Text:{""ok"":true}"
JZhEE,https://lichess.org/training/JZhEE,TRUE,False,"Processing row 613: 2025-11-06 18:02:28.126863 -> Puzzle JZhEE - URL https://lichess.org/training/JZhEE, Reviewed: TRUE -> Status: 200 Text:{""ok"":true}"
JaPMh,https://lichess.org/training/JaPMh,TRUE,False,"Processing row 614: 2025-11-06 18:02:29.283736 -> Puzzle JaPMh - URL https://lichess.org/training/JaPMh, Reviewed: TRUE -> Status: 200 Text:{""ok"":true}"
Jaxqm,https://lichess.org/training/Jaxqm,TRUE,False,"Processing row 615: 2025-11-06 18:02:30.477859 -> Puzzle Jaxqm - URL https://lichess.org/training/Jaxqm, Reviewed: TRUE -> Status: 200 Text:{""ok"":true}"
JcRsq,https://lichess.org/training/JcRsq,TRUE,False,"Processing row 616: 2025-11-06 18:02:31.656275 -> Puzzle JcRsq - URL https://lichess.org/training/JcRsq, Reviewed: TRUE -> Status: 200 Text:{""ok"":true}"
Jexrd,https://lichess.org/training/Jexrd,TRUE,False,"Processing row 617: 2025-11-06 18:02:32.821331 -> Puzzle Jexrd - URL https://lichess.org/training/Jexrd, Reviewed: TRUE -> Status: 200 Text:{""ok"":true}"
JhRvZ,https://lichess.org/training/JhRvZ,FALSE,False,X
JnO0z,https://lichess.org/training/JnO0z,TRUE,False,"Processing row 619: 2025-11-06 18:02:33.980116 -> Puzzle JnO0z - URL https://lichess.org/training/JnO0z, Reviewed: TRUE -> Status: 200 Text:{""ok"":true}"
Joxyj,https://lichess.org/training/Joxyj,TRUE,False,"Processing row 620: 2025-11-06 18:02:35.139660 -> Puzzle Joxyj - URL https://lichess.org/training/Joxyj, Reviewed: TRUE -> Status: 200 Text:{""ok"":true}"
Jp7Kq,https://lichess.org/training/Jp7Kq,TRUE,False,"Processing row 621: 2025-11-06 18:02:36.296389 -> Puzzle Jp7Kq - URL https://lichess.org/training/Jp7Kq, Reviewed: TRUE -> Status: 200 Text:{""ok"":true}"
JroNm,https://lichess.org/training/JroNm,TRUE,False,"Processing row 622: 2025-11-06 18:02:37.480617 -> Puzzle JroNm - URL https://lichess.org/training/JroNm, Reviewed: TRUE -> Status: 200 Text:{""ok"":true}"
Js8b8,https://lichess.org/training/Js8b8,TRUE,False,"Processing row 623: 2025-11-06 18:02:38.646829 -> Puzzle Js8b8 - URL https://lichess.org/training/Js8b8, Reviewed: TRUE -> Status: 200 Text:{""ok"":true}"
JsHz6,https://lichess.org/training/JsHz6,TRUE,False,"Processing row 624: 2025-11-06 18:02:39.871670 -> Puzzle JsHz6 - URL https://lichess.org/training/JsHz6, Reviewed: TRUE -> Status: 200 Text:{""ok"":true}"
Jvyxq,https://lichess.org/training/Jvyxq,TRUE,False,"Processing row 625: 2025-11-06 18:02:41.093666 -> Puzzle Jvyxq - URL https://lichess.org/training/Jvyxq, Reviewed: TRUE -> Status: 200 Text:{""ok"":true}"
Jy2zG,https://lichess.org/training/Jy2zG,TRUE,False,"Processing row 626: 2025-11-06 18:02:42.292159 -> Puzzle Jy2zG - URL https://lichess.org/training/Jy2zG, Reviewed: TRUE -> Status: 200 Text:{""ok"":true}"
K10zh,https://lichess.org/training/K10zh,TRUE,False,"Processing row 627: 2025-11-06 18:02:43.469546 -> Puzzle K10zh - URL https://lichess.org/training/K10zh, Reviewed: TRUE -> Status: 200 Text:{""ok"":true}"
K1PIF,https://lichess.org/training/K1PIF,TRUE,False,"Processing row 628: 2025-11-06 18:02:44.647906 -> Puzzle K1PIF - URL https://lichess.org/training/K1PIF, Reviewed: TRUE -> Status: 200 Text:{""ok"":true}"
K9Uuc,https://lichess.org/training/K9Uuc,TRUE,False,"Processing row 629: 2025-11-06 18:02:45.823539 -> Puzzle K9Uuc - URL https://lichess.org/training/K9Uuc, Reviewed: TRUE -> Status: 200 Text:{""ok"":true}"
KAvzL,https://lichess.org/training/KAvzL,TRUE,False,"Processing row 630: 2025-11-06 18:02:47.012843 -> Puzzle KAvzL - URL https://lichess.org/training/KAvzL, Reviewed: TRUE -> Status: 200 Text:{""ok"":true}"
KDtdp,https://lichess.org/training/KDtdp,TRUE,False,"Processing row 631: 2025-11-06 18:02:48.178227 -> Puzzle KDtdp - URL https://lichess.org/training/KDtdp, Reviewed: TRUE -> Status: 200 Text:{""ok"":true}"
KEnp9,https://lichess.org/training/KEnp9,TRUE,False,"Processing row 632: 2025-11-06 18:02:49.347195 -> Puzzle KEnp9 - URL https://lichess.org/training/KEnp9, Reviewed: TRUE -> Status: 200 Text:{""ok"":true}"
KIh7f,https://lichess.org/training/KIh7f,TRUE,False,"Processing row 633: 2025-11-06 18:02:50.505533 -> Puzzle KIh7f - URL https://lichess.org/training/KIh7f, Reviewed: TRUE -> Status: 200 Text:{""ok"":true}"
KLvbO,https://lichess.org/training/KLvbO,TRUE,False,"Processing row 634: 2025-11-06 18:02:51.667295 -> Puzzle KLvbO - URL https://lichess.org/training/KLvbO, Reviewed: TRUE -> Status: 200 Text:{""ok"":true}"
KLwVJ,https://lichess.org/training/KLwVJ,TRUE,False,"Processing row 635: 2025-11-06 18:02:52.842253 -> Puzzle KLwVJ - URL https://lichess.org/training/KLwVJ, Reviewed: TRUE -> Status: 200 Text:{""ok"":true}"
KN9qG,https://lichess.org/training/KN9qG,TRUE,False,"Processing row 636: 2025-11-06 18:02:53.994712 -> Puzzle KN9qG - URL https://lichess.org/training/KN9qG, Reviewed: TRUE -> Status: 200 Text:{""ok"":true}"
KPcfJ,https://lichess.org/training/KPcfJ,TRUE,False,"Processing row 637: 2025-11-06 18:02:55.158434 -> Puzzle KPcfJ - URL https://lichess.org/training/KPcfJ, Reviewed: TRUE -> Status: 200 Text:{""ok"":true}"
KSka3,https://lichess.org/training/KSka3,TRUE,False,"Processing row 638: 2025-11-06 18:02:56.334819 -> Puzzle KSka3 - URL https://lichess.org/training/KSka3, Reviewed: TRUE -> Status: 200 Text:{""ok"":true}"
KTrDV,https://lichess.org/training/KTrDV,TRUE,False,"Processing row 639: 2025-11-06 18:02:57.502125 -> Puzzle KTrDV - URL https://lichess.org/training/KTrDV, Reviewed: TRUE -> Status: 200 Text:{""ok"":true}"
KWeXv,https://lichess.org/training/KWeXv,TRUE,False,"Processing row 640: 2025-11-06 18:02:58.670896 -> Puzzle KWeXv - URL https://lichess.org/training/KWeXv, Reviewed: TRUE -> Status: 200 Text:{""ok"":true}"
KaCel,https://lichess.org/training/KaCel,TRUE,False,"Processing row 641: 2025-11-06 18:02:59.832777 -> Puzzle KaCel - URL https://lichess.org/training/KaCel, Reviewed: TRUE -> Status: 200 Text:{""ok"":true}"
KbKjn,https://lichess.org/training/KbKjn,TRUE,False,"Processing row 642: 2025-11-06 18:03:01.006561 -> Puzzle KbKjn - URL https://lichess.org/training/KbKjn, Reviewed: TRUE -> Status: 200 Text:{""ok"":true}"
KeBYe,https://lichess.org/training/KeBYe,TRUE,False,"Processing row 643: 2025-11-06 18:03:02.163296 -> Puzzle KeBYe - URL https://lichess.org/training/KeBYe, Reviewed: TRUE -> Status: 200 Text:{""ok"":true}"
KeZ0J,https://lichess.org/training/KeZ0J,TRUE,False,"Processing row 644: 2025-11-06 18:03:03.329962 -> Puzzle KeZ0J - URL https://lichess.org/training/KeZ0J, Reviewed: TRUE -> Status: 200 Text:{""ok"":true}"
KjExd,https://lichess.org/training/KjExd,TRUE,False,"Processing row 645: 2025-11-06 18:03:04.513447 -> Puzzle KjExd - URL https://lichess.org/training/KjExd, Reviewed: TRUE -> Status: 200 Text:{""ok"":true}"
KjR5c,https://lichess.org/training/KjR5c,TRUE,False,"Processing row 646: 2025-11-06 18:03:05.678482 -> Puzzle KjR5c - URL https://lichess.org/training/KjR5c, Reviewed: TRUE -> Status: 200 Text:{""ok"":true}"
KlHmg,https://lichess.org/training/KlHmg,TRUE,False,"Processing row 647: 2025-11-06 18:03:06.840664 -> Puzzle KlHmg - URL https://lichess.org/training/KlHmg, Reviewed: TRUE -> Status: 200 Text:{""ok"":true}"
KmcJd,https://lichess.org/training/KmcJd,TRUE,False,"Processing row 648: 2025-11-06 18:03:08.055514 -> Puzzle KmcJd - URL https://lichess.org/training/KmcJd, Reviewed: TRUE -> Status: 200 Text:{""ok"":true}"
KoDE5,https://lichess.org/training/KoDE5,TRUE,False,"Processing row 649: 2025-11-06 18:03:09.218053 -> Puzzle KoDE5 - URL https://lichess.org/training/KoDE5, Reviewed: TRUE -> Status: 200 Text:{""ok"":true}"
KobX3,https://lichess.org/training/KobX3,TRUE,False,"Processing row 650: 2025-11-06 18:03:10.396389 -> Puzzle KobX3 - URL https://lichess.org/training/KobX3, Reviewed: TRUE -> Status: 200 Text:{""ok"":true}"
KpBfb,https://lichess.org/training/KpBfb,TRUE,False,"Processing row 651: 2025-11-06 18:03:11.577241 -> Puzzle KpBfb - URL https://lichess.org/training/KpBfb, Reviewed: TRUE -> Status: 200 Text:{""ok"":true}"
Kqbir,https://lichess.org/training/Kqbir,TRUE,False,"Processing row 652: 2025-11-06 18:03:12.752661 -> Puzzle Kqbir - URL https://lichess.org/training/Kqbir, Reviewed: TRUE -> Status: 200 Text:{""ok"":true}"
Krx1X,https://lichess.org/training/Krx1X,TRUE,False,"Processing row 653: 2025-11-06 18:03:13.923267 -> Puzzle Krx1X - URL https://lichess.org/training/Krx1X, Reviewed: TRUE -> Status: 200 Text:{""ok"":true}"
KuIm6,https://lichess.org/training/KuIm6,TRUE,False,"Processing row 654: 2025-11-06 18:03:15.112365 -> Puzzle KuIm6 - URL https://lichess.org/training/KuIm6, Reviewed: TRUE -> Status: 200 Text:{""ok"":true}"
KuIuK,https://lichess.org/training/KuIuK,TRUE,False,"Processing row 655: 2025-11-06 18:03:16.285207 -> Puzzle KuIuK - URL https://lichess.org/training/KuIuK, Reviewed: TRUE -> Status: 200 Text:{""ok"":true}"
KwN7N,https://lichess.org/training/KwN7N,TRUE,False,"Processing row 656: 2025-11-06 18:03:17.439438 -> Puzzle KwN7N - URL https://lichess.org/training/KwN7N, Reviewed: TRUE -> Status: 200 Text:{""ok"":true}"
Kzytk,https://lichess.org/training/Kzytk,TRUE,False,"Processing row 657: 2025-11-06 18:03:18.608062 -> Puzzle Kzytk - URL https://lichess.org/training/Kzytk, Reviewed: TRUE -> Status: 200 Text:{""ok"":true}"
L0gNt,https://lichess.org/training/L0gNt,TRUE,False,"Processing row 658: 2025-11-06 18:03:19.781727 -> Puzzle L0gNt - URL https://lichess.org/training/L0gNt, Reviewed: TRUE -> Status: 200 Text:{""ok"":true}"
L1wva,https://lichess.org/training/L1wva,TRUE,False,"Processing row 659: 2025-11-06 18:03:20.954249 -> Puzzle L1wva - URL https://lichess.org/training/L1wva, Reviewed: TRUE -> Status: 200 Text:{""ok"":true}"
L4cXq,https://lichess.org/training/L4cXq,TRUE,False,"Processing row 660: 2025-11-06 18:03:22.186406 -> Puzzle L4cXq - URL https://lichess.org/training/L4cXq, Reviewed: TRUE -> Status: 200 Text:{""ok"":true}"
L8uaG,https://lichess.org/training/L8uaG,TRUE,False,"Processing row 661: 2025-11-06 18:03:23.351148 -> Puzzle L8uaG - URL https://lichess.org/training/L8uaG, Reviewed: TRUE -> Status: 200 Text:{""ok"":true}"
L9JVz,https://lichess.org/training/L9JVz,TRUE,False,"Processing row 662: 2025-11-06 18:03:24.530536 -> Puzzle L9JVz - URL https://lichess.org/training/L9JVz, Reviewed: TRUE -> Status: 200 Text:{""ok"":true}"
L9xIn,https://lichess.org/training/L9xIn,TRUE,False,"Processing row 663: 2025-11-06 18:03:25.690777 -> Puzzle L9xIn - URL https://lichess.org/training/L9xIn, Reviewed: TRUE -> Status: 200 Text:{""ok"":true}"
LAcmx,https://lichess.org/training/LAcmx,TRUE,False,"Processing row 664: 2025-11-06 18:03:26.859693 -> Puzzle LAcmx - URL https://lichess.org/training/LAcmx, Reviewed: TRUE -> Status: 200 Text:{""ok"":true}"
LDhaP,https://lichess.org/training/LDhaP,TRUE,False,"Processing row 665: 2025-11-06 18:03:28.033424 -> Puzzle LDhaP - URL https://lichess.org/training/LDhaP, Reviewed: TRUE -> Status: 200 Text:{""ok"":true}"
LGBEb,https://lichess.org/training/LGBEb,TRUE,False,"Processing row 666: 2025-11-06 18:03:29.211456 -> Puzzle LGBEb - URL https://lichess.org/training/LGBEb, Reviewed: TRUE -> Status: 200 Text:{""ok"":true}"
LGgrx,https://lichess.org/training/LGgrx,TRUE,False,"Processing row 667: 2025-11-06 18:03:30.377423 -> Puzzle LGgrx - URL https://lichess.org/training/LGgrx, Reviewed: TRUE -> Status: 200 Text:{""ok"":true}"
LHpgW,https://lichess.org/training/LHpgW,TRUE,False,"Processing row 668: 2025-11-06 18:03:31.551710 -> Puzzle LHpgW - URL https://lichess.org/training/LHpgW, Reviewed: TRUE -> Status: 200 Text:{""ok"":true}"
LJ7xK,https://lichess.org/training/LJ7xK,TRUE,False,"Processing row 669: 2025-11-06 18:03:32.710419 -> Puzzle LJ7xK - URL https://lichess.org/training/LJ7xK, Reviewed: TRUE -> Status: 200 Text:{""ok"":true}"
LJ9H2,https://lichess.org/training/LJ9H2,TRUE,False,"Processing row 670: 2025-11-06 18:03:33.878407 -> Puzzle LJ9H2 - URL https://lichess.org/training/LJ9H2, Reviewed: TRUE -> Status: 200 Text:{""ok"":true}"
LKy2P,https://lichess.org/training/LKy2P,TRUE,False,"Processing row 671: 2025-11-06 18:03:35.045231 -> Puzzle LKy2P - URL https://lichess.org/training/LKy2P, Reviewed: TRUE -> Status: 200 Text:{""ok"":true}"
LO509,https://lichess.org/training/LO509,TRUE,False,"Processing row 672: 2025-11-06 18:03:36.379140 -> Puzzle LO509 - URL https://lichess.org/training/LO509, Reviewed: TRUE -> Status: 200 Text:{""ok"":true}"
LOXsm,https://lichess.org/training/LOXsm,TRUE,False,"Processing row 673: 2025-11-06 18:03:37.550141 -> Puzzle LOXsm - URL https://lichess.org/training/LOXsm, Reviewed: TRUE -> Status: 200 Text:{""ok"":true}"
LSBlm,https://lichess.org/training/LSBlm,TRUE,False,"Processing row 674: 2025-11-06 18:03:38.708125 -> Puzzle LSBlm - URL https://lichess.org/training/LSBlm, Reviewed: TRUE -> Status: 200 Text:{""ok"":true}"
LScJG,https://lichess.org/training/LScJG,TRUE,False,"Processing row 675: 2025-11-06 18:03:39.871775 -> Puzzle LScJG - URL https://lichess.org/training/LScJG, Reviewed: TRUE -> Status: 200 Text:{""ok"":true}"
LTtOX,https://lichess.org/training/LTtOX,TRUE,False,"Processing row 676: 2025-11-06 18:03:41.050316 -> Puzzle LTtOX - URL https://lichess.org/training/LTtOX, Reviewed: TRUE -> Status: 200 Text:{""ok"":true}"
LUIxh,https://lichess.org/training/LUIxh,TRUE,False,"Processing row 677: 2025-11-06 18:03:42.247980 -> Puzzle LUIxh - URL https://lichess.org/training/LUIxh, Reviewed: TRUE -> Status: 200 Text:{""ok"":true}"
LZ5fI,https://lichess.org/training/LZ5fI,TRUE,False,"Processing row 678: 2025-11-06 18:03:43.414677 -> Puzzle LZ5fI - URL https://lichess.org/training/LZ5fI, Reviewed: TRUE -> Status: 200 Text:{""ok"":true}"
Lcz6V,https://lichess.org/training/Lcz6V,TRUE,False,"Processing row 679: 2025-11-06 18:03:44.580802 -> Puzzle Lcz6V - URL https://lichess.org/training/Lcz6V, Reviewed: TRUE -> Status: 200 Text:{""ok"":true}"
LduFf,https://lichess.org/training/LduFf,TRUE,False,"Processing row 680: 2025-11-06 18:03:45.772921 -> Puzzle LduFf - URL https://lichess.org/training/LduFf, Reviewed: TRUE -> Status: 200 Text:{""ok"":true}"
LhRI3,https://lichess.org/training/LhRI3,TRUE,False,"Processing row 681: 2025-11-06 18:03:46.938068 -> Puzzle LhRI3 - URL https://lichess.org/training/LhRI3, Reviewed: TRUE -> Status: 200 Text:{""ok"":true}"
LiFA0,https://lichess.org/training/LiFA0,TRUE,False,"Processing row 682: 2025-11-06 18:03:48.090252 -> Puzzle LiFA0 - URL https://lichess.org/training/LiFA0, Reviewed: TRUE -> Status: 200 Text:{""ok"":true}"
LlzDU,https://lichess.org/training/LlzDU,TRUE,False,"Processing row 683: 2025-11-06 18:03:49.269944 -> Puzzle LlzDU - URL https://lichess.org/training/LlzDU, Reviewed: TRUE -> Status: 200 Text:{""ok"":true}"
Lm3Do,https://lichess.org/training/Lm3Do,TRUE,False,"Processing row 684: 2025-11-06 18:03:50.447106 -> Puzzle Lm3Do - URL https://lichess.org/training/Lm3Do, Reviewed: TRUE -> Status: 200 Text:{""ok"":true}"
Ln4WN,https://lichess.org/training/Ln4WN,TRUE,False,"Processing row 685: 2025-11-06 18:03:51.644179 -> Puzzle Ln4WN - URL https://lichess.org/training/Ln4WN, Reviewed: TRUE -> Status: 200 Text:{""ok"":true}"
LnKks,https://lichess.org/training/LnKks,TRUE,False,"Processing row 686: 2025-11-06 18:03:52.820455 -> Puzzle LnKks - URL https://lichess.org/training/LnKks, Reviewed: TRUE -> Status: 200 Text:{""ok"":true}"
LqkwF,https://lichess.org/training/LqkwF,TRUE,False,"Processing row 687: 2025-11-06 18:03:54.306994 -> Puzzle LqkwF - URL https://lichess.org/training/LqkwF, Reviewed: TRUE -> Status: 200 Text:{""ok"":true}"
Lu72H,https://lichess.org/training/Lu72H,TRUE,False,"Processing row 688: 2025-11-06 18:03:55.476272 -> Puzzle Lu72H - URL https://lichess.org/training/Lu72H, Reviewed: TRUE -> Status: 200 Text:{""ok"":true}"
LuSqY,https://lichess.org/training/LuSqY,TRUE,False,"Processing row 689: 2025-11-06 18:03:56.643119 -> Puzzle LuSqY - URL https://lichess.org/training/LuSqY, Reviewed: TRUE -> Status: 200 Text:{""ok"":true}"
LwZpI,https://lichess.org/training/LwZpI,TRUE,False,"Processing row 690: 2025-11-06 18:03:57.798377 -> Puzzle LwZpI - URL https://lichess.org/training/LwZpI, Reviewed: TRUE -> Status: 200 Text:{""ok"":true}"
M06ys,https://lichess.org/training/M06ys,TRUE,False,"Processing row 691: 2025-11-06 18:03:58.967656 -> Puzzle M06ys - URL https://lichess.org/training/M06ys, Reviewed: TRUE -> Status: 200 Text:{""ok"":true}"
M0td4,https://lichess.org/training/M0td4,TRUE,False,"Processing row 692: 2025-11-06 18:04:00.136466 -> Puzzle M0td4 - URL https://lichess.org/training/M0td4, Reviewed: TRUE -> Status: 200 Text:{""ok"":true}"
M3ejH,https://lichess.org/training/M3ejH,TRUE,False,"Processing row 693: 2025-11-06 18:04:01.312442 -> Puzzle M3ejH - URL https://lichess.org/training/M3ejH, Reviewed: TRUE -> Status: 200 Text:{""ok"":true}"
M4CCR,https://lichess.org/training/M4CCR,FALSE,False,X
MAF6N,https://lichess.org/training/MAF6N,TRUE,False,"Processing row 695: 2025-11-06 18:04:02.478372 -> Puzzle MAF6N - URL https://lichess.org/training/MAF6N, Reviewed: TRUE -> Status: 200 Text:{""ok"":true}"
MArDw,https://lichess.org/training/MArDw,FALSE,False,X
MBtLl,https://lichess.org/training/MBtLl,TRUE,False,"Processing row 697: 2025-11-06 18:04:03.635311 -> Puzzle MBtLl - URL https://lichess.org/training/MBtLl, Reviewed: TRUE -> Status: 200 Text:{""ok"":true}"
MCBRe,https://lichess.org/training/MCBRe,TRUE,False,"Processing row 698: 2025-11-06 18:04:04.794577 -> Puzzle MCBRe - URL https://lichess.org/training/MCBRe, Reviewed: TRUE -> Status: 200 Text:{""ok"":true}"
MD3cw,https://lichess.org/training/MD3cw,TRUE,False,"Processing row 699: 2025-11-06 18:04:05.975657 -> Puzzle MD3cw - URL https://lichess.org/training/MD3cw, Reviewed: TRUE -> Status: 200 Text:{""ok"":true}"
MFvGo,https://lichess.org/training/MFvGo,TRUE,False,"Processing row 700: 2025-11-06 18:04:07.154296 -> Puzzle MFvGo - URL https://lichess.org/training/MFvGo, Reviewed: TRUE -> Status: 200 Text:{""ok"":true}"
MH48V,https://lichess.org/training/MH48V,TRUE,False,"Processing row 701: 2025-11-06 18:04:08.330224 -> Puzzle MH48V - URL https://lichess.org/training/MH48V, Reviewed: TRUE -> Status: 200 Text:{""ok"":true}"
MJfwt,https://lichess.org/training/MJfwt,TRUE,False,"Processing row 702: 2025-11-06 18:04:09.500378 -> Puzzle MJfwt - URL https://lichess.org/training/MJfwt, Reviewed: TRUE -> Status: 200 Text:{""ok"":true}"
MLnt0,https://lichess.org/training/MLnt0,TRUE,False,"Processing row 703: 2025-11-06 18:04:10.669507 -> Puzzle MLnt0 - URL https://lichess.org/training/MLnt0, Reviewed: TRUE -> Status: 200 Text:{""ok"":true}"
MMGtN,https://lichess.org/training/MMGtN,TRUE,False,"Processing row 704: 2025-11-06 18:04:11.844366 -> Puzzle MMGtN - URL https://lichess.org/training/MMGtN, Reviewed: TRUE -> Status: 200 Text:{""ok"":true}"
MQ12H,https://lichess.org/training/MQ12H,TRUE,False,"Processing row 705: 2025-11-06 18:04:13.028775 -> Puzzle MQ12H - URL https://lichess.org/training/MQ12H, Reviewed: TRUE -> Status: 200 Text:{""ok"":true}"
MQK7x,https://lichess.org/training/MQK7x,TRUE,False,"Processing row 706: 2025-11-06 18:04:14.206375 -> Puzzle MQK7x - URL https://lichess.org/training/MQK7x, Reviewed: TRUE -> Status: 200 Text:{""ok"":true}"
MRNXo,https://lichess.org/training/MRNXo,TRUE,False,"Processing row 707: 2025-11-06 18:04:15.373795 -> Puzzle MRNXo - URL https://lichess.org/training/MRNXo, Reviewed: TRUE -> Status: 200 Text:{""ok"":true}"
MSYuh,https://lichess.org/training/MSYuh,TRUE,False,"Processing row 708: 2025-11-06 18:04:16.535448 -> Puzzle MSYuh - URL https://lichess.org/training/MSYuh, Reviewed: TRUE -> Status: 200 Text:{""ok"":true}"
MTISH,https://lichess.org/training/MTISH,TRUE,False,"Processing row 709: 2025-11-06 18:04:17.708066 -> Puzzle MTISH - URL https://lichess.org/training/MTISH, Reviewed: TRUE -> Status: 200 Text:{""ok"":true}"
MVVD1,https://lichess.org/training/MVVD1,TRUE,False,"Processing row 710: 2025-11-06 18:04:18.870196 -> Puzzle MVVD1 - URL https://lichess.org/training/MVVD1, Reviewed: TRUE -> Status: 200 Text:{""ok"":true}"
MZHsi,https://lichess.org/training/MZHsi,TRUE,False,"Processing row 711: 2025-11-06 18:04:20.049173 -> Puzzle MZHsi - URL https://lichess.org/training/MZHsi, Reviewed: TRUE -> Status: 200 Text:{""ok"":true}"
MZZdi,https://lichess.org/training/MZZdi,TRUE,False,"Processing row 712: 2025-11-06 18:04:21.205161 -> Puzzle MZZdi - URL https://lichess.org/training/MZZdi, Reviewed: TRUE -> Status: 200 Text:{""ok"":true}"
MZs3I,https://lichess.org/training/MZs3I,FALSE,False,X
Magyg,https://lichess.org/training/Magyg,TRUE,False,"Processing row 714: 2025-11-06 18:04:22.370735 -> Puzzle Magyg - URL https://lichess.org/training/Magyg, Reviewed: TRUE -> Status: 200 Text:{""ok"":true}"
MbXnf,https://lichess.org/training/MbXnf,TRUE,False,"Processing row 715: 2025-11-06 18:04:23.544519 -> Puzzle MbXnf - URL https://lichess.org/training/MbXnf, Reviewed: TRUE -> Status: 200 Text:{""ok"":true}"
Mhs3z,https://lichess.org/training/Mhs3z,TRUE,False,"Processing row 716: 2025-11-06 18:04:24.720547 -> Puzzle Mhs3z - URL https://lichess.org/training/Mhs3z, Reviewed: TRUE -> Status: 200 Text:{""ok"":true}"
Ml2SF,https://lichess.org/training/Ml2SF,TRUE,False,"Processing row 717: 2025-11-06 18:04:25.896247 -> Puzzle Ml2SF - URL https://lichess.org/training/Ml2SF, Reviewed: TRUE -> Status: 200 Text:{""ok"":true}"
Mlb5L,https://lichess.org/training/Mlb5L,FALSE,False,X
MlcHs,https://lichess.org/training/MlcHs,TRUE,False,"Processing row 719: 2025-11-06 18:04:27.059459 -> Puzzle MlcHs - URL https://lichess.org/training/MlcHs, Reviewed: TRUE -> Status: 200 Text:{""ok"":true}"
MpI4K,https://lichess.org/training/MpI4K,TRUE,False,"Processing row 720: 2025-11-06 18:04:28.226507 -> Puzzle MpI4K - URL https://lichess.org/training/MpI4K, Reviewed: TRUE -> Status: 200 Text:{""ok"":true}"
Mql6R,https://lichess.org/training/Mql6R,TRUE,False,"Processing row 721: 2025-11-06 18:04:29.392073 -> Puzzle Mql6R - URL https://lichess.org/training/Mql6R, Reviewed: TRUE -> Status: 200 Text:{""ok"":true}"
Mrlwl,https://lichess.org/training/Mrlwl,TRUE,False,"Processing row 722: 2025-11-06 18:04:30.663217 -> Puzzle Mrlwl - URL https://lichess.org/training/Mrlwl, Reviewed: TRUE -> Status: 200 Text:{""ok"":true}"
MsBzq,https://lichess.org/training/MsBzq,TRUE,False,"Processing row 723: 2025-11-06 18:04:31.852814 -> Puzzle MsBzq - URL https://lichess.org/training/MsBzq, Reviewed: TRUE -> Status: 200 Text:{""ok"":true}"
MsIlg,https://lichess.org/training/MsIlg,TRUE,False,"Processing row 724: 2025-11-06 18:04:33.037099 -> Puzzle MsIlg - URL https://lichess.org/training/MsIlg, Reviewed: TRUE -> Status: 200 Text:{""ok"":true}"
Mvszu,https://lichess.org/training/Mvszu,TRUE,False,"Processing row 725: 2025-11-06 18:04:34.208655 -> Puzzle Mvszu - URL https://lichess.org/training/Mvszu, Reviewed: TRUE -> Status: 200 Text:{""ok"":true}"
Mxa58,https://lichess.org/training/Mxa58,TRUE,False,"Processing row 726: 2025-11-06 18:04:35.387895 -> Puzzle Mxa58 - URL https://lichess.org/training/Mxa58, Reviewed: TRUE -> Status: 200 Text:{""ok"":true}"
MxcpF,https://lichess.org/training/MxcpF,FALSE,False,X
MxrTz,https://lichess.org/training/MxrTz,TRUE,False,"Processing row 728: 2025-11-06 18:04:36.555270 -> Puzzle MxrTz - URL https://lichess.org/training/MxrTz, Reviewed: TRUE -> Status: 200 Text:{""ok"":true}"
MzDNT,https://lichess.org/training/MzDNT,TRUE,False,"Processing row 729: 2025-11-06 18:04:37.718820 -> Puzzle MzDNT - URL https://lichess.org/training/MzDNT, Reviewed: TRUE -> Status: 200 Text:{""ok"":true}"
N0keM,https://lichess.org/training/N0keM,TRUE,False,"Processing row 730: 2025-11-06 18:04:38.872088 -> Puzzle N0keM - URL https://lichess.org/training/N0keM, Reviewed: TRUE -> Status: 200 Text:{""ok"":true}"
N2J7n,https://lichess.org/training/N2J7n,TRUE,False,"Processing row 731: 2025-11-06 18:04:40.031361 -> Puzzle N2J7n - URL https://lichess.org/training/N2J7n, Reviewed: TRUE -> Status: 200 Text:{""ok"":true}"
N4HAF,https://lichess.org/training/N4HAF,TRUE,False,"Processing row 732: 2025-11-06 18:04:41.195985 -> Puzzle N4HAF - URL https://lichess.org/training/N4HAF, Reviewed: TRUE -> Status: 200 Text:{""ok"":true}"
N56q2,https://lichess.org/training/N56q2,TRUE,False,"Processing row 733: 2025-11-06 18:04:42.356680 -> Puzzle N56q2 - URL https://lichess.org/training/N56q2, Reviewed: TRUE -> Status: 200 Text:{""ok"":true}"
N57ja,https://lichess.org/training/N57ja,FALSE,False,X
NBeqk,https://lichess.org/training/NBeqk,FALSE,False,X
NCikm,https://lichess.org/training/NCikm,TRUE,False,"Processing row 736: 2025-11-06 18:04:43.579539 -> Puzzle NCikm - URL https://lichess.org/training/NCikm, Reviewed: TRUE -> Status: 200 Text:{""ok"":true}"
NEbgi,https://lichess.org/training/NEbgi,TRUE,False,"Processing row 737: 2025-11-06 18:04:44.817274 -> Puzzle NEbgi - URL https://lichess.org/training/NEbgi, Reviewed: TRUE -> Status: 200 Text:{""ok"":true}"
NEnIN,https://lichess.org/training/NEnIN,TRUE,False,"Processing row 738: 2025-11-06 18:04:45.988045 -> Puzzle NEnIN - URL https://lichess.org/training/NEnIN, Reviewed: TRUE -> Status: 200 Text:{""ok"":true}"
NJzjJ,https://lichess.org/training/NJzjJ,TRUE,False,"Processing row 739: 2025-11-06 18:04:47.147731 -> Puzzle NJzjJ - URL https://lichess.org/training/NJzjJ, Reviewed: TRUE -> Status: 200 Text:{""ok"":true}"
NKYKx,https://lichess.org/training/NKYKx,TRUE,False,"Processing row 740: 2025-11-06 18:04:48.332467 -> Puzzle NKYKx - URL https://lichess.org/training/NKYKx, Reviewed: TRUE -> Status: 200 Text:{""ok"":true}"
NKiGb,https://lichess.org/training/NKiGb,TRUE,False,"Processing row 741: 2025-11-06 18:04:49.511912 -> Puzzle NKiGb - URL https://lichess.org/training/NKiGb, Reviewed: TRUE -> Status: 200 Text:{""ok"":true}"
NLFW9,https://lichess.org/training/NLFW9,TRUE,False,"Processing row 742: 2025-11-06 18:04:50.693108 -> Puzzle NLFW9 - URL https://lichess.org/training/NLFW9, Reviewed: TRUE -> Status: 200 Text:{""ok"":true}"
NMAjR,https://lichess.org/training/NMAjR,TRUE,False,"Processing row 743: 2025-11-06 18:04:51.878792 -> Puzzle NMAjR - URL https://lichess.org/training/NMAjR, Reviewed: TRUE -> Status: 200 Text:{""ok"":true}"
NMDGE,https://lichess.org/training/NMDGE,TRUE,False,"Processing row 744: 2025-11-06 18:04:53.065163 -> Puzzle NMDGE - URL https://lichess.org/training/NMDGE, Reviewed: TRUE -> Status: 200 Text:{""ok"":true}"
NQScc,https://lichess.org/training/NQScc,TRUE,False,"Processing row 745: 2025-11-06 18:04:54.236228 -> Puzzle NQScc - URL https://lichess.org/training/NQScc, Reviewed: TRUE -> Status: 200 Text:{""ok"":true}"
NR5Of,https://lichess.org/training/NR5Of,TRUE,False,"Processing row 746: 2025-11-06 18:04:55.411999 -> Puzzle NR5Of - URL https://lichess.org/training/NR5Of, Reviewed: TRUE -> Status: 200 Text:{""ok"":true}"
NRdqZ,https://lichess.org/training/NRdqZ,TRUE,False,"Processing row 747: 2025-11-06 18:04:56.569001 -> Puzzle NRdqZ - URL https://lichess.org/training/NRdqZ, Reviewed: TRUE -> Status: 200 Text:{""ok"":true}"
NRvtA,https://lichess.org/training/NRvtA,TRUE,False,"Processing row 748: 2025-11-06 18:04:57.740821 -> Puzzle NRvtA - URL https://lichess.org/training/NRvtA, Reviewed: TRUE -> Status: 200 Text:{""ok"":true}"
NU51C,https://lichess.org/training/NU51C,TRUE,False,"Processing row 749: 2025-11-06 18:04:58.908588 -> Puzzle NU51C - URL https://lichess.org/training/NU51C, Reviewed: TRUE -> Status: 200 Text:{""ok"":true}"
NUX9x,https://lichess.org/training/NUX9x,TRUE,False,"Processing row 750: 2025-11-06 18:05:00.069548 -> Puzzle NUX9x - URL https://lichess.org/training/NUX9x, Reviewed: TRUE -> Status: 200 Text:{""ok"":true}"
NUwWr,https://lichess.org/training/NUwWr,TRUE,False,"Processing row 751: 2025-11-06 18:05:01.234791 -> Puzzle NUwWr - URL https://lichess.org/training/NUwWr, Reviewed: TRUE -> Status: 200 Text:{""ok"":true}"
NZfad,https://lichess.org/training/NZfad,TRUE,False,"Processing row 752: 2025-11-06 18:05:02.391173 -> Puzzle NZfad - URL https://lichess.org/training/NZfad, Reviewed: TRUE -> Status: 200 Text:{""ok"":true}"
NaJ0W,https://lichess.org/training/NaJ0W,TRUE,False,"Processing row 753: 2025-11-06 18:05:03.559377 -> Puzzle NaJ0W - URL https://lichess.org/training/NaJ0W, Reviewed: TRUE -> Status: 200 Text:{""ok"":true}"
NbQwH,https://lichess.org/training/NbQwH,TRUE,False,"Processing row 754: 2025-11-06 18:05:04.725612 -> Puzzle NbQwH - URL https://lichess.org/training/NbQwH, Reviewed: TRUE -> Status: 200 Text:{""ok"":true}"
NdShp,https://lichess.org/training/NdShp,TRUE,False,"Processing row 755: 2025-11-06 18:05:05.896284 -> Puzzle NdShp - URL https://lichess.org/training/NdShp, Reviewed: TRUE -> Status: 200 Text:{""ok"":true}"
NfiFK,https://lichess.org/training/NfiFK,TRUE,False,"Processing row 756: 2025-11-06 18:05:07.073292 -> Puzzle NfiFK - URL https://lichess.org/training/NfiFK, Reviewed: TRUE -> Status: 200 Text:{""ok"":true}"
NhBjI,https://lichess.org/training/NhBjI,TRUE,False,"Processing row 757: 2025-11-06 18:05:08.250953 -> Puzzle NhBjI - URL https://lichess.org/training/NhBjI, Reviewed: TRUE -> Status: 200 Text:{""ok"":true}"
NjBgY,https://lichess.org/training/NjBgY,TRUE,False,"Processing row 758: 2025-11-06 18:05:09.423966 -> Puzzle NjBgY - URL https://lichess.org/training/NjBgY, Reviewed: TRUE -> Status: 200 Text:{""ok"":true}"
NlDZA,https://lichess.org/training/NlDZA,TRUE,False,"Processing row 759: 2025-11-06 18:05:10.646216 -> Puzzle NlDZA - URL https://lichess.org/training/NlDZA, Reviewed: TRUE -> Status: 200 Text:{""ok"":true}"
NqRzn,https://lichess.org/training/NqRzn,TRUE,False,"Processing row 760: 2025-11-06 18:05:11.815676 -> Puzzle NqRzn - URL https://lichess.org/training/NqRzn, Reviewed: TRUE -> Status: 200 Text:{""ok"":true}"
NuYTm,https://lichess.org/training/NuYTm,TRUE,False,"Processing row 761: 2025-11-06 18:05:12.994673 -> Puzzle NuYTm - URL https://lichess.org/training/NuYTm, Reviewed: TRUE -> Status: 200 Text:{""ok"":true}"
NvEs8,https://lichess.org/training/NvEs8,TRUE,False,"Processing row 762: 2025-11-06 18:05:14.163536 -> Puzzle NvEs8 - URL https://lichess.org/training/NvEs8, Reviewed: TRUE -> Status: 200 Text:{""ok"":true}"
NvUAm,https://lichess.org/training/NvUAm,TRUE,False,"Processing row 763: 2025-11-06 18:05:15.324520 -> Puzzle NvUAm - URL https://lichess.org/training/NvUAm, Reviewed: TRUE -> Status: 200 Text:{""ok"":true}"
NwE6J,https://lichess.org/training/NwE6J,TRUE,False,"Processing row 764: 2025-11-06 18:05:16.485535 -> Puzzle NwE6J - URL https://lichess.org/training/NwE6J, Reviewed: TRUE -> Status: 200 Text:{""ok"":true}"
O7p9a,https://lichess.org/training/O7p9a,TRUE,False,"Processing row 765: 2025-11-06 18:05:17.651358 -> Puzzle O7p9a - URL https://lichess.org/training/O7p9a, Reviewed: TRUE -> Status: 200 Text:{""ok"":true}"
O7wyh,https://lichess.org/training/O7wyh,TRUE,False,"Processing row 766: 2025-11-06 18:05:18.816747 -> Puzzle O7wyh - URL https://lichess.org/training/O7wyh, Reviewed: TRUE -> Status: 200 Text:{""ok"":true}"
O8rUo,https://lichess.org/training/O8rUo,TRUE,False,"Processing row 767: 2025-11-06 18:05:20.012820 -> Puzzle O8rUo - URL https://lichess.org/training/O8rUo, Reviewed: TRUE -> Status: 200 Text:{""ok"":true}"
OGEE6,https://lichess.org/training/OGEE6,FALSE,False,X
OKTZ5,https://lichess.org/training/OKTZ5,TRUE,False,"Processing row 769: 2025-11-06 18:05:21.180324 -> Puzzle OKTZ5 - URL https://lichess.org/training/OKTZ5, Reviewed: TRUE -> Status: 200 Text:{""ok"":true}"
OKoV8,https://lichess.org/training/OKoV8,TRUE,False,"Processing row 770: 2025-11-06 18:05:22.338323 -> Puzzle OKoV8 - URL https://lichess.org/training/OKoV8, Reviewed: TRUE -> Status: 200 Text:{""ok"":true}"
OOKnL,https://lichess.org/training/OOKnL,TRUE,False,"Processing row 771: 2025-11-06 18:05:23.514412 -> Puzzle OOKnL - URL https://lichess.org/training/OOKnL, Reviewed: TRUE -> Status: 200 Text:{""ok"":true}"
OQ4kn,https://lichess.org/training/OQ4kn,TRUE,False,"Processing row 772: 2025-11-06 18:05:24.683789 -> Puzzle OQ4kn - URL https://lichess.org/training/OQ4kn, Reviewed: TRUE -> Status: 200 Text:{""ok"":true}"
OTZlS,https://lichess.org/training/OTZlS,TRUE,False,"Processing row 773: 2025-11-06 18:05:25.849399 -> Puzzle OTZlS - URL https://lichess.org/training/OTZlS, Reviewed: TRUE -> Status: 200 Text:{""ok"":true}"
OUxr1,https://lichess.org/training/OUxr1,TRUE,False,"Processing row 774: 2025-11-06 18:05:27.002239 -> Puzzle OUxr1 - URL https://lichess.org/training/OUxr1, Reviewed: TRUE -> Status: 200 Text:{""ok"":true}"
OW6Zl,https://lichess.org/training/OW6Zl,TRUE,False,"Processing row 775: 2025-11-06 18:05:28.178887 -> Puzzle OW6Zl - URL https://lichess.org/training/OW6Zl, Reviewed: TRUE -> Status: 200 Text:{""ok"":true}"
OWAPK,https://lichess.org/training/OWAPK,TRUE,False,"Processing row 776: 2025-11-06 18:05:29.332878 -> Puzzle OWAPK - URL https://lichess.org/training/OWAPK, Reviewed: TRUE -> Status: 200 Text:{""ok"":true}"
OWElC,https://lichess.org/training/OWElC,TRUE,False,"Processing row 777: 2025-11-06 18:05:30.543584 -> Puzzle OWElC - URL https://lichess.org/training/OWElC, Reviewed: TRUE -> Status: 200 Text:{""ok"":true}"
OZ8ph,https://lichess.org/training/OZ8ph,TRUE,False,"Processing row 778: 2025-11-06 18:05:31.702525 -> Puzzle OZ8ph - URL https://lichess.org/training/OZ8ph, Reviewed: TRUE -> Status: 200 Text:{""ok"":true}"
OZgNe,https://lichess.org/training/OZgNe,TRUE,False,"Processing row 779: 2025-11-06 18:05:32.886339 -> Puzzle OZgNe - URL https://lichess.org/training/OZgNe, Reviewed: TRUE -> Status: 200 Text:{""ok"":true}"
ObOj3,https://lichess.org/training/ObOj3,TRUE,False,"Processing row 780: 2025-11-06 18:05:34.047415 -> Puzzle ObOj3 - URL https://lichess.org/training/ObOj3, Reviewed: TRUE -> Status: 200 Text:{""ok"":true}"
Obok6,https://lichess.org/training/Obok6,TRUE,False,"Processing row 781: 2025-11-06 18:05:35.223138 -> Puzzle Obok6 - URL https://lichess.org/training/Obok6, Reviewed: TRUE -> Status: 200 Text:{""ok"":true}"
ObrFg,https://lichess.org/training/ObrFg,TRUE,False,"Processing row 782: 2025-11-06 18:05:36.389702 -> Puzzle ObrFg - URL https://lichess.org/training/ObrFg, Reviewed: TRUE -> Status: 200 Text:{""ok"":true}"
Obsff,https://lichess.org/training/Obsff,TRUE,False,"Processing row 783: 2025-11-06 18:05:37.560973 -> Puzzle Obsff - URL https://lichess.org/training/Obsff, Reviewed: TRUE -> Status: 200 Text:{""ok"":true}"
ObtrZ,https://lichess.org/training/ObtrZ,TRUE,False,"Processing row 784: 2025-11-06 18:05:38.715278 -> Puzzle ObtrZ - URL https://lichess.org/training/ObtrZ, Reviewed: TRUE -> Status: 200 Text:{""ok"":true}"
OeIbe,https://lichess.org/training/OeIbe,TRUE,False,"Processing row 785: 2025-11-06 18:05:39.905121 -> Puzzle OeIbe - URL https://lichess.org/training/OeIbe, Reviewed: TRUE -> Status: 200 Text:{""ok"":true}"
OkZjh,https://lichess.org/training/OkZjh,TRUE,False,"Processing row 786: 2025-11-06 18:05:41.169206 -> Puzzle OkZjh - URL https://lichess.org/training/OkZjh, Reviewed: TRUE -> Status: 200 Text:{""ok"":true}"
OnEeF,https://lichess.org/training/OnEeF,TRUE,False,"Processing row 787: 2025-11-06 18:05:42.348075 -> Puzzle OnEeF - URL https://lichess.org/training/OnEeF, Reviewed: TRUE -> Status: 200 Text:{""ok"":true}"
OneHN,https://lichess.org/training/OneHN,TRUE,False,"Processing row 788: 2025-11-06 18:05:43.527815 -> Puzzle OneHN - URL https://lichess.org/training/OneHN, Reviewed: TRUE -> Status: 200 Text:{""ok"":true}"
OnzMi,https://lichess.org/training/OnzMi,TRUE,False,"Processing row 789: 2025-11-06 18:05:44.697256 -> Puzzle OnzMi - URL https://lichess.org/training/OnzMi, Reviewed: TRUE -> Status: 200 Text:{""ok"":true}"
Ot2r1,https://lichess.org/training/Ot2r1,TRUE,False,"Processing row 790: 2025-11-06 18:05:45.865044 -> Puzzle Ot2r1 - URL https://lichess.org/training/Ot2r1, Reviewed: TRUE -> Status: 200 Text:{""ok"":true}"
OtpYU,https://lichess.org/training/OtpYU,TRUE,False,"Processing row 791: 2025-11-06 18:05:47.043766 -> Puzzle OtpYU - URL https://lichess.org/training/OtpYU, Reviewed: TRUE -> Status: 200 Text:{""ok"":true}"
OvBqJ,https://lichess.org/training/OvBqJ,TRUE,False,"Processing row 792: 2025-11-06 18:05:48.205413 -> Puzzle OvBqJ - URL https://lichess.org/training/OvBqJ, Reviewed: TRUE -> Status: 200 Text:{""ok"":true}"
OwF1K,https://lichess.org/training/OwF1K,TRUE,False,"Processing row 793: 2025-11-06 18:05:49.363826 -> Puzzle OwF1K - URL https://lichess.org/training/OwF1K, Reviewed: TRUE -> Status: 200 Text:{""ok"":true}"
OxcOq,https://lichess.org/training/OxcOq,TRUE,False,"Processing row 794: 2025-11-06 18:05:50.591426 -> Puzzle OxcOq - URL https://lichess.org/training/OxcOq, Reviewed: TRUE -> Status: 200 Text:{""ok"":true}"
Oxlml,https://lichess.org/training/Oxlml,TRUE,False,"Processing row 795: 2025-11-06 18:05:51.822786 -> Puzzle Oxlml - URL https://lichess.org/training/Oxlml, Reviewed: TRUE -> Status: 200 Text:{""ok"":true}"
P1Ams,https://lichess.org/training/P1Ams,TRUE,False,"Processing row 796: 2025-11-06 18:05:53.060609 -> Puzzle P1Ams - URL https://lichess.org/training/P1Ams, Reviewed: TRUE -> Status: 200 Text:{""ok"":true}"
P2Bze,https://lichess.org/training/P2Bze,TRUE,False,"Processing row 797: 2025-11-06 18:05:54.342103 -> Puzzle P2Bze - URL https://lichess.org/training/P2Bze, Reviewed: TRUE -> Status: 200 Text:{""ok"":true}"
P4e8I,https://lichess.org/training/P4e8I,TRUE,False,"Processing row 798: 2025-11-06 18:05:55.510915 -> Puzzle P4e8I - URL https://lichess.org/training/P4e8I, Reviewed: TRUE -> Status: 200 Text:{""ok"":true}"
P6ZQS,https://lichess.org/training/P6ZQS,TRUE,False,"Processing row 799: 2025-11-06 18:05:56.720344 -> Puzzle P6ZQS - URL https://lichess.org/training/P6ZQS, Reviewed: TRUE -> Status: 200 Text:{""ok"":true}"
P6zGv,https://lichess.org/training/P6zGv,TRUE,False,"Processing row 800: 2025-11-06 18:05:57.926598 -> Puzzle P6zGv - URL https://lichess.org/training/P6zGv, Reviewed: TRUE -> Status: 200 Text:{""ok"":true}"
PB7vP,https://lichess.org/training/PB7vP,FALSE,False,X
PB9oC,https://lichess.org/training/PB9oC,TRUE,False,"Processing row 802: 2025-11-06 18:05:59.115569 -> Puzzle PB9oC - URL https://lichess.org/training/PB9oC, Reviewed: TRUE -> Status: 200 Text:{""ok"":true}"
PETKX,https://lichess.org/training/PETKX,TRUE,False,"Processing row 803: 2025-11-06 18:06:00.347816 -> Puzzle PETKX - URL https://lichess.org/training/PETKX, Reviewed: TRUE -> Status: 200 Text:{""ok"":true}"
PGue4,https://lichess.org/training/PGue4,TRUE,False,"Processing row 804: 2025-11-06 18:06:01.526488 -> Puzzle PGue4 - URL https://lichess.org/training/PGue4, Reviewed: TRUE -> Status: 200 Text:{""ok"":true}"
PPseO,https://lichess.org/training/PPseO,TRUE,False,"Processing row 805: 2025-11-06 18:06:02.755556 -> Puzzle PPseO - URL https://lichess.org/training/PPseO, Reviewed: TRUE -> Status: 200 Text:{""ok"":true}"
PQozr,https://lichess.org/training/PQozr,TRUE,False,"Processing row 806: 2025-11-06 18:06:03.932063 -> Puzzle PQozr - URL https://lichess.org/training/PQozr, Reviewed: TRUE -> Status: 200 Text:{""ok"":true}"
PTKap,https://lichess.org/training/PTKap,TRUE,False,"Processing row 807: 2025-11-06 18:06:05.103146 -> Puzzle PTKap - URL https://lichess.org/training/PTKap, Reviewed: TRUE -> Status: 200 Text:{""ok"":true}"
PTv1w,https://lichess.org/training/PTv1w,TRUE,False,"Processing row 808: 2025-11-06 18:06:06.286990 -> Puzzle PTv1w - URL https://lichess.org/training/PTv1w, Reviewed: TRUE -> Status: 200 Text:{""ok"":true}"
PVZ3f,https://lichess.org/training/PVZ3f,TRUE,False,"Processing row 809: 2025-11-06 18:06:07.491048 -> Puzzle PVZ3f - URL https://lichess.org/training/PVZ3f, Reviewed: TRUE -> Status: 200 Text:{""ok"":true}"
PZ087,https://lichess.org/training/PZ087,TRUE,False,"Processing row 810: 2025-11-06 18:06:08.804440 -> Puzzle PZ087 - URL https://lichess.org/training/PZ087, Reviewed: TRUE -> Status: 200 Text:{""ok"":true}"
PZW0a,https://lichess.org/training/PZW0a,TRUE,False,"Processing row 811: 2025-11-06 18:06:09.999426 -> Puzzle PZW0a - URL https://lichess.org/training/PZW0a, Reviewed: TRUE -> Status: 200 Text:{""ok"":true}"
Pc91n,https://lichess.org/training/Pc91n,TRUE,False,"Processing row 812: 2025-11-06 18:06:11.189941 -> Puzzle Pc91n - URL https://lichess.org/training/Pc91n, Reviewed: TRUE -> Status: 200 Text:{""ok"":true}"
PhyLE,https://lichess.org/training/PhyLE,TRUE,False,"Processing row 813: 2025-11-06 18:06:12.408514 -> Puzzle PhyLE - URL https://lichess.org/training/PhyLE, Reviewed: TRUE -> Status: 200 Text:{""ok"":true}"
PmJdE,https://lichess.org/training/PmJdE,TRUE,False,"Processing row 814: 2025-11-06 18:06:13.631414 -> Puzzle PmJdE - URL https://lichess.org/training/PmJdE, Reviewed: TRUE -> Status: 200 Text:{""ok"":true}"
PmTNB,https://lichess.org/training/PmTNB,TRUE,False,"Processing row 815: 2025-11-06 18:06:14.805244 -> Puzzle PmTNB - URL https://lichess.org/training/PmTNB, Reviewed: TRUE -> Status: 200 Text:{""ok"":true}"
Pob8W,https://lichess.org/training/Pob8W,TRUE,False,"Processing row 816: 2025-11-06 18:06:15.980296 -> Puzzle Pob8W - URL https://lichess.org/training/Pob8W, Reviewed: TRUE -> Status: 200 Text:{""ok"":true}"
Pp8pg,https://lichess.org/training/Pp8pg,TRUE,False,"Processing row 817: 2025-11-06 18:06:17.168906 -> Puzzle Pp8pg - URL https://lichess.org/training/Pp8pg, Reviewed: TRUE -> Status: 200 Text:{""ok"":true}"
Q0jyj,https://lichess.org/training/Q0jyj,FALSE,False,X
Q1XsG,https://lichess.org/training/Q1XsG,TRUE,False,"Processing row 819: 2025-11-06 18:06:18.382309 -> Puzzle Q1XsG - URL https://lichess.org/training/Q1XsG, Reviewed: TRUE -> Status: 200 Text:{""ok"":true}"
Q3YdX,https://lichess.org/training/Q3YdX,TRUE,False,"Processing row 820: 2025-11-06 18:06:19.651003 -> Puzzle Q3YdX - URL https://lichess.org/training/Q3YdX, Reviewed: TRUE -> Status: 200 Text:{""ok"":true}"
Q7T8w,https://lichess.org/training/Q7T8w,TRUE,False,"Processing row 821: 2025-11-06 18:06:20.873529 -> Puzzle Q7T8w - URL https://lichess.org/training/Q7T8w, Reviewed: TRUE -> Status: 200 Text:{""ok"":true}"
QFtnw,https://lichess.org/training/QFtnw,TRUE,False,"Processing row 822: 2025-11-06 18:06:22.063338 -> Puzzle QFtnw - URL https://lichess.org/training/QFtnw, Reviewed: TRUE -> Status: 200 Text:{""ok"":true}"
QIBrZ,https://lichess.org/training/QIBrZ,TRUE,False,"Processing row 823: 2025-11-06 18:06:23.236893 -> Puzzle QIBrZ - URL https://lichess.org/training/QIBrZ, Reviewed: TRUE -> Status: 200 Text:{""ok"":true}"
QJiSw,https://lichess.org/training/QJiSw,TRUE,False,"Processing row 824: 2025-11-06 18:06:24.433099 -> Puzzle QJiSw - URL https://lichess.org/training/QJiSw, Reviewed: TRUE -> Status: 200 Text:{""ok"":true}"
QNJMt,https://lichess.org/training/QNJMt,FALSE,False,X
QQPoV,https://lichess.org/training/QQPoV,TRUE,False,"Processing row 826: 2025-11-06 18:06:25.712548 -> Puzzle QQPoV - URL https://lichess.org/training/QQPoV, Reviewed: TRUE -> Status: 200 Text:{""ok"":true}"
QTbr4,https://lichess.org/training/QTbr4,TRUE,False,"Processing row 827: 2025-11-06 18:06:26.925989 -> Puzzle QTbr4 - URL https://lichess.org/training/QTbr4, Reviewed: TRUE -> Status: 200 Text:{""ok"":true}"
QYuny,https://lichess.org/training/QYuny,TRUE,False,"Processing row 828: 2025-11-06 18:06:28.099169 -> Puzzle QYuny - URL https://lichess.org/training/QYuny, Reviewed: TRUE -> Status: 200 Text:{""ok"":true}"
QbGyV,https://lichess.org/training/QbGyV,TRUE,False,"Processing row 829: 2025-11-06 18:06:29.325094 -> Puzzle QbGyV - URL https://lichess.org/training/QbGyV, Reviewed: TRUE -> Status: 200 Text:{""ok"":true}"
QbuKB,https://lichess.org/training/QbuKB,TRUE,False,"Processing row 830: 2025-11-06 18:06:30.595092 -> Puzzle QbuKB - URL https://lichess.org/training/QbuKB, Reviewed: TRUE -> Status: 200 Text:{""ok"":true}"
QfRj4,https://lichess.org/training/QfRj4,TRUE,False,"Processing row 831: 2025-11-06 18:06:31.877061 -> Puzzle QfRj4 - URL https://lichess.org/training/QfRj4, Reviewed: TRUE -> Status: 200 Text:{""ok"":true}"
Qg1HA,https://lichess.org/training/Qg1HA,TRUE,False,"Processing row 832: 2025-11-06 18:06:33.096513 -> Puzzle Qg1HA - URL https://lichess.org/training/Qg1HA, Reviewed: TRUE -> Status: 200 Text:{""ok"":true}"
QgzxK,https://lichess.org/training/QgzxK,TRUE,False,"Processing row 833: 2025-11-06 18:06:34.321523 -> Puzzle QgzxK - URL https://lichess.org/training/QgzxK, Reviewed: TRUE -> Status: 200 Text:{""ok"":true}"
QjKq1,https://lichess.org/training/QjKq1,TRUE,False,"Processing row 834: 2025-11-06 18:06:35.541558 -> Puzzle QjKq1 - URL https://lichess.org/training/QjKq1, Reviewed: TRUE -> Status: 200 Text:{""ok"":true}"
QlBkl,https://lichess.org/training/QlBkl,TRUE,False,"Processing row 835: 2025-11-06 18:06:36.797567 -> Puzzle QlBkl - URL https://lichess.org/training/QlBkl, Reviewed: TRUE -> Status: 200 Text:{""ok"":true}"
QpFxE,https://lichess.org/training/QpFxE,TRUE,False,"Processing row 836: 2025-11-06 18:06:38.005294 -> Puzzle QpFxE - URL https://lichess.org/training/QpFxE, Reviewed: TRUE -> Status: 200 Text:{""ok"":true}"
QuVEn,https://lichess.org/training/QuVEn,TRUE,False,"Processing row 837: 2025-11-06 18:06:39.333729 -> Puzzle QuVEn - URL https://lichess.org/training/QuVEn, Reviewed: TRUE -> Status: 200 Text:{""ok"":true}"
QuZdd,https://lichess.org/training/QuZdd,TRUE,False,"Processing row 838: 2025-11-06 18:06:40.590683 -> Puzzle QuZdd - URL https://lichess.org/training/QuZdd, Reviewed: TRUE -> Status: 200 Text:{""ok"":true}"
QvO0x,https://lichess.org/training/QvO0x,TRUE,False,"Processing row 839: 2025-11-06 18:06:41.768477 -> Puzzle QvO0x - URL https://lichess.org/training/QvO0x, Reviewed: TRUE -> Status: 200 Text:{""ok"":true}"
QzTlN,https://lichess.org/training/QzTlN,TRUE,False,"Processing row 840: 2025-11-06 18:06:42.990536 -> Puzzle QzTlN - URL https://lichess.org/training/QzTlN, Reviewed: TRUE -> Status: 200 Text:{""ok"":true}"
R48Tb,https://lichess.org/training/R48Tb,TRUE,False,"Processing row 841: 2025-11-06 18:06:44.221942 -> Puzzle R48Tb - URL https://lichess.org/training/R48Tb, Reviewed: TRUE -> Status: 200 Text:{""ok"":true}"
R7f9m,https://lichess.org/training/R7f9m,TRUE,False,"Processing row 842: 2025-11-06 18:06:45.424260 -> Puzzle R7f9m - URL https://lichess.org/training/R7f9m, Reviewed: TRUE -> Status: 200 Text:{""ok"":true}"
R9DHo,https://lichess.org/training/R9DHo,TRUE,False,"Processing row 843: 2025-11-06 18:06:46.712270 -> Puzzle R9DHo - URL https://lichess.org/training/R9DHo, Reviewed: TRUE -> Status: 200 Text:{""ok"":true}"
R9UDO,https://lichess.org/training/R9UDO,TRUE,False,"Processing row 844: 2025-11-06 18:06:47.897117 -> Puzzle R9UDO - URL https://lichess.org/training/R9UDO, Reviewed: TRUE -> Status: 200 Text:{""ok"":true}"
RB38e,https://lichess.org/training/RB38e,TRUE,False,"Processing row 845: 2025-11-06 18:06:49.089117 -> Puzzle RB38e - URL https://lichess.org/training/RB38e, Reviewed: TRUE -> Status: 200 Text:{""ok"":true}"
RB3Yn,https://lichess.org/training/RB3Yn,TRUE,False,"Processing row 846: 2025-11-06 18:06:50.318267 -> Puzzle RB3Yn - URL https://lichess.org/training/RB3Yn, Reviewed: TRUE -> Status: 200 Text:{""ok"":true}"
RBeZn,https://lichess.org/training/RBeZn,TRUE,False,"Processing row 847: 2025-11-06 18:06:51.531981 -> Puzzle RBeZn - URL https://lichess.org/training/RBeZn, Reviewed: TRUE -> Status: 200 Text:{""ok"":true}"
RBy8t,https://lichess.org/training/RBy8t,TRUE,False,"Processing row 848: 2025-11-06 18:06:52.868680 -> Puzzle RBy8t - URL https://lichess.org/training/RBy8t, Reviewed: TRUE -> Status: 200 Text:{""ok"":true}"
RFua7,https://lichess.org/training/RFua7,TRUE,False,"Processing row 849: 2025-11-06 18:06:54.174066 -> Puzzle RFua7 - URL https://lichess.org/training/RFua7, Reviewed: TRUE -> Status: 200 Text:{""ok"":true}"
RGRwH,https://lichess.org/training/RGRwH,TRUE,False,"Processing row 850: 2025-11-06 18:06:55.410444 -> Puzzle RGRwH - URL https://lichess.org/training/RGRwH, Reviewed: TRUE -> Status: 200 Text:{""ok"":true}"
RHQ2G,https://lichess.org/training/RHQ2G,TRUE,False,"Processing row 851: 2025-11-06 18:06:56.650914 -> Puzzle RHQ2G - URL https://lichess.org/training/RHQ2G, Reviewed: TRUE -> Status: 200 Text:{""ok"":true}"
RHVfd,https://lichess.org/training/RHVfd,TRUE,False,"Processing row 852: 2025-11-06 18:06:57.952156 -> Puzzle RHVfd - URL https://lichess.org/training/RHVfd, Reviewed: TRUE -> Status: 200 Text:{""ok"":true}"
RM6xj,https://lichess.org/training/RM6xj,TRUE,False,"Processing row 853: 2025-11-06 18:06:59.162618 -> Puzzle RM6xj - URL https://lichess.org/training/RM6xj, Reviewed: TRUE -> Status: 200 Text:{""ok"":true}"
RNgNf,https://lichess.org/training/RNgNf,TRUE,False,"Processing row 854: 2025-11-06 18:07:00.395864 -> Puzzle RNgNf - URL https://lichess.org/training/RNgNf, Reviewed: TRUE -> Status: 200 Text:{""ok"":true}"
RTc0H,https://lichess.org/training/RTc0H,TRUE,False,"Processing row 855: 2025-11-06 18:07:01.570826 -> Puzzle RTc0H - URL https://lichess.org/training/RTc0H, Reviewed: TRUE -> Status: 200 Text:{""ok"":true}"
RUqVK,https://lichess.org/training/RUqVK,TRUE,False,"Processing row 856: 2025-11-06 18:07:02.791095 -> Puzzle RUqVK - URL https://lichess.org/training/RUqVK, Reviewed: TRUE -> Status: 200 Text:{""ok"":true}"
RV5fm,https://lichess.org/training/RV5fm,TRUE,False,"Processing row 857: 2025-11-06 18:07:04.041271 -> Puzzle RV5fm - URL https://lichess.org/training/RV5fm, Reviewed: TRUE -> Status: 200 Text:{""ok"":true}"
RWMHj,https://lichess.org/training/RWMHj,TRUE,False,"Processing row 858: 2025-11-06 18:07:05.260915 -> Puzzle RWMHj - URL https://lichess.org/training/RWMHj, Reviewed: TRUE -> Status: 200 Text:{""ok"":true}"
RX4gs,https://lichess.org/training/RX4gs,TRUE,False,"Processing row 859: 2025-11-06 18:07:06.566283 -> Puzzle RX4gs - URL https://lichess.org/training/RX4gs, Reviewed: TRUE -> Status: 200 Text:{""ok"":true}"
Rast8,https://lichess.org/training/Rast8,TRUE,False,"Processing row 860: 2025-11-06 18:07:07.841506 -> Puzzle Rast8 - URL https://lichess.org/training/Rast8, Reviewed: TRUE -> Status: 200 Text:{""ok"":true}"
Rb9fB,https://lichess.org/training/Rb9fB,TRUE,False,"Processing row 861: 2025-11-06 18:07:09.147212 -> Puzzle Rb9fB - URL https://lichess.org/training/Rb9fB, Reviewed: TRUE -> Status: 200 Text:{""ok"":true}"
RcEWG,https://lichess.org/training/RcEWG,TRUE,False,"Processing row 862: 2025-11-06 18:07:10.394537 -> Puzzle RcEWG - URL https://lichess.org/training/RcEWG, Reviewed: TRUE -> Status: 200 Text:{""ok"":true}"
Rdbwp,https://lichess.org/training/Rdbwp,TRUE,False,"Processing row 863: 2025-11-06 18:07:11.567624 -> Puzzle Rdbwp - URL https://lichess.org/training/Rdbwp, Reviewed: TRUE -> Status: 200 Text:{""ok"":true}"
RgGjX,https://lichess.org/training/RgGjX,TRUE,False,"Processing row 864: 2025-11-06 18:07:12.807777 -> Puzzle RgGjX - URL https://lichess.org/training/RgGjX, Reviewed: TRUE -> Status: 200 Text:{""ok"":true}"
RgLOc,https://lichess.org/training/RgLOc,TRUE,False,"Processing row 865: 2025-11-06 18:07:14.059595 -> Puzzle RgLOc - URL https://lichess.org/training/RgLOc, Reviewed: TRUE -> Status: 200 Text:{""ok"":true}"
RiJjt,https://lichess.org/training/RiJjt,TRUE,False,"Processing row 866: 2025-11-06 18:07:15.326229 -> Puzzle RiJjt - URL https://lichess.org/training/RiJjt, Reviewed: TRUE -> Status: 200 Text:{""ok"":true}"
Rmu5s,https://lichess.org/training/Rmu5s,TRUE,False,"Processing row 867: 2025-11-06 18:07:16.535862 -> Puzzle Rmu5s - URL https://lichess.org/training/Rmu5s, Reviewed: TRUE -> Status: 200 Text:{""ok"":true}"
RqJWG,https://lichess.org/training/RqJWG,TRUE,False,"Processing row 868: 2025-11-06 18:07:17.734309 -> Puzzle RqJWG - URL https://lichess.org/training/RqJWG, Reviewed: TRUE -> Status: 200 Text:{""ok"":true}"
RsrVA,https://lichess.org/training/RsrVA,TRUE,False,"Processing row 869: 2025-11-06 18:07:18.942085 -> Puzzle RsrVA - URL https://lichess.org/training/RsrVA, Reviewed: TRUE -> Status: 200 Text:{""ok"":true}"
RtSM4,https://lichess.org/training/RtSM4,TRUE,False,"Processing row 870: 2025-11-06 18:07:20.124575 -> Puzzle RtSM4 - URL https://lichess.org/training/RtSM4, Reviewed: TRUE -> Status: 200 Text:{""ok"":true}"
RtY9E,https://lichess.org/training/RtY9E,TRUE,False,"Processing row 871: 2025-11-06 18:07:21.348647 -> Puzzle RtY9E - URL https://lichess.org/training/RtY9E, Reviewed: TRUE -> Status: 200 Text:{""ok"":true}"
RtqtN,https://lichess.org/training/RtqtN,TRUE,False,"Processing row 872: 2025-11-06 18:07:22.595978 -> Puzzle RtqtN - URL https://lichess.org/training/RtqtN, Reviewed: TRUE -> Status: 200 Text:{""ok"":true}"
RuOrP,https://lichess.org/training/RuOrP,TRUE,False,"Processing row 873: 2025-11-06 18:07:23.767399 -> Puzzle RuOrP - URL https://lichess.org/training/RuOrP, Reviewed: TRUE -> Status: 200 Text:{""ok"":true}"
RwGSA,https://lichess.org/training/RwGSA,TRUE,False,"Processing row 874: 2025-11-06 18:07:24.960270 -> Puzzle RwGSA - URL https://lichess.org/training/RwGSA, Reviewed: TRUE -> Status: 200 Text:{""ok"":true}"
RzAwN,https://lichess.org/training/RzAwN,TRUE,False,"Processing row 875: 2025-11-06 18:07:26.220577 -> Puzzle RzAwN - URL https://lichess.org/training/RzAwN, Reviewed: TRUE -> Status: 200 Text:{""ok"":true}"
RzVFa,https://lichess.org/training/RzVFa,TRUE,False,"Processing row 876: 2025-11-06 18:07:27.559790 -> Puzzle RzVFa - URL https://lichess.org/training/RzVFa, Reviewed: TRUE -> Status: 200 Text:{""ok"":true}"
Rzcz3,https://lichess.org/training/Rzcz3,TRUE,False,"Processing row 877: 2025-11-06 18:07:28.791779 -> Puzzle Rzcz3 - URL https://lichess.org/training/Rzcz3, Reviewed: TRUE -> Status: 200 Text:{""ok"":true}"
S05cH,https://lichess.org/training/S05cH,TRUE,False,"Processing row 878: 2025-11-06 18:07:29.978269 -> Puzzle S05cH - URL https://lichess.org/training/S05cH, Reviewed: TRUE -> Status: 200 Text:{""ok"":true}"
S15H6,https://lichess.org/training/S15H6,TRUE,False,"Processing row 879: 2025-11-06 18:07:31.157266 -> Puzzle S15H6 - URL https://lichess.org/training/S15H6, Reviewed: TRUE -> Status: 200 Text:{""ok"":true}"
S3pnZ,https://lichess.org/training/S3pnZ,TRUE,False,"Processing row 880: 2025-11-06 18:07:32.411117 -> Puzzle S3pnZ - URL https://lichess.org/training/S3pnZ, Reviewed: TRUE -> Status: 200 Text:{""ok"":true}"
S5QCB,https://lichess.org/training/S5QCB,TRUE,False,"Processing row 881: 2025-11-06 18:07:33.623880 -> Puzzle S5QCB - URL https://lichess.org/training/S5QCB, Reviewed: TRUE -> Status: 200 Text:{""ok"":true}"
SA1EO,https://lichess.org/training/SA1EO,TRUE,False,"Processing row 882: 2025-11-06 18:07:34.861936 -> Puzzle SA1EO - URL https://lichess.org/training/SA1EO, Reviewed: TRUE -> Status: 200 Text:{""ok"":true}"
SA2pr,https://lichess.org/training/SA2pr,TRUE,False,"Processing row 883: 2025-11-06 18:07:36.184094 -> Puzzle SA2pr - URL https://lichess.org/training/SA2pr, Reviewed: TRUE -> Status: 200 Text:{""ok"":true}"
SF28t,https://lichess.org/training/SF28t,TRUE,False,"Processing row 884: 2025-11-06 18:07:37.463499 -> Puzzle SF28t - URL https://lichess.org/training/SF28t, Reviewed: TRUE -> Status: 200 Text:{""ok"":true}"
SFP9c,https://lichess.org/training/SFP9c,TRUE,False,"Processing row 885: 2025-11-06 18:07:38.900321 -> Puzzle SFP9c - URL https://lichess.org/training/SFP9c, Reviewed: TRUE -> Status: 200 Text:{""ok"":true}"
SHn4v,https://lichess.org/training/SHn4v,TRUE,False,"Processing row 886: 2025-11-06 18:07:40.155403 -> Puzzle SHn4v - URL https://lichess.org/training/SHn4v, Reviewed: TRUE -> Status: 200 Text:{""ok"":true}"
SICNU,https://lichess.org/training/SICNU,TRUE,False,"Processing row 887: 2025-11-06 18:07:41.395895 -> Puzzle SICNU - URL https://lichess.org/training/SICNU, Reviewed: TRUE -> Status: 200 Text:{""ok"":true}"
SMcT9,https://lichess.org/training/SMcT9,TRUE,False,"Processing row 888: 2025-11-06 18:07:42.602609 -> Puzzle SMcT9 - URL https://lichess.org/training/SMcT9, Reviewed: TRUE -> Status: 200 Text:{""ok"":true}"
SPPcH,https://lichess.org/training/SPPcH,TRUE,False,"Processing row 889: 2025-11-06 18:07:43.784064 -> Puzzle SPPcH - URL https://lichess.org/training/SPPcH, Reviewed: TRUE -> Status: 200 Text:{""ok"":true}"
SRVxD,https://lichess.org/training/SRVxD,TRUE,False,"Processing row 890: 2025-11-06 18:07:45.026356 -> Puzzle SRVxD - URL https://lichess.org/training/SRVxD, Reviewed: TRUE -> Status: 200 Text:{""ok"":true}"
SVwlQ,https://lichess.org/training/SVwlQ,TRUE,False,"Processing row 891: 2025-11-06 18:07:46.305841 -> Puzzle SVwlQ - URL https://lichess.org/training/SVwlQ, Reviewed: TRUE -> Status: 200 Text:{""ok"":true}"
SWAiC,https://lichess.org/training/SWAiC,TRUE,False,"Processing row 892: 2025-11-06 18:07:47.498628 -> Puzzle SWAiC - URL https://lichess.org/training/SWAiC, Reviewed: TRUE -> Status: 200 Text:{""ok"":true}"
SX1FX,https://lichess.org/training/SX1FX,TRUE,False,"Processing row 893: 2025-11-06 18:07:48.728317 -> Puzzle SX1FX - URL https://lichess.org/training/SX1FX, Reviewed: TRUE -> Status: 200 Text:{""ok"":true}"
SXkph,https://lichess.org/training/SXkph,TRUE,False,"Processing row 894: 2025-11-06 18:07:49.921769 -> Puzzle SXkph - URL https://lichess.org/training/SXkph, Reviewed: TRUE -> Status: 200 Text:{""ok"":true}"
SeU8K,https://lichess.org/training/SeU8K,TRUE,False,"Processing row 895: 2025-11-06 18:07:51.233412 -> Puzzle SeU8K - URL https://lichess.org/training/SeU8K, Reviewed: TRUE -> Status: 200 Text:{""ok"":true}"
Ser5m,https://lichess.org/training/Ser5m,TRUE,False,"Processing row 896: 2025-11-06 18:07:52.444251 -> Puzzle Ser5m - URL https://lichess.org/training/Ser5m, Reviewed: TRUE -> Status: 200 Text:{""ok"":true}"
SfTdb,https://lichess.org/training/SfTdb,TRUE,False,"Processing row 897: 2025-11-06 18:07:53.664152 -> Puzzle SfTdb - URL https://lichess.org/training/SfTdb, Reviewed: TRUE -> Status: 200 Text:{""ok"":true}"
SltAO,https://lichess.org/training/SltAO,TRUE,False,"Processing row 898: 2025-11-06 18:07:54.891699 -> Puzzle SltAO - URL https://lichess.org/training/SltAO, Reviewed: TRUE -> Status: 200 Text:{""ok"":true}"
SstYw,https://lichess.org/training/SstYw,TRUE,False,"Processing row 899: 2025-11-06 18:07:56.153935 -> Puzzle SstYw - URL https://lichess.org/training/SstYw, Reviewed: TRUE -> Status: 200 Text:{""ok"":true}"
StgVZ,https://lichess.org/training/StgVZ,TRUE,False,"Processing row 900: 2025-11-06 18:07:57.354551 -> Puzzle StgVZ - URL https://lichess.org/training/StgVZ, Reviewed: TRUE -> Status: 200 Text:{""ok"":true}"
SuEKj,https://lichess.org/training/SuEKj,TRUE,False,"Processing row 901: 2025-11-06 18:07:58.538770 -> Puzzle SuEKj - URL https://lichess.org/training/SuEKj, Reviewed: TRUE -> Status: 200 Text:{""ok"":true}"
SxoSh,https://lichess.org/training/SxoSh,TRUE,False,"Processing row 902: 2025-11-06 18:07:59.765100 -> Puzzle SxoSh - URL https://lichess.org/training/SxoSh, Reviewed: TRUE -> Status: 200 Text:{""ok"":true}"
T4gi2,https://lichess.org/training/T4gi2,TRUE,False,"Processing row 903: 2025-11-06 18:08:00.948578 -> Puzzle T4gi2 - URL https://lichess.org/training/T4gi2, Reviewed: TRUE -> Status: 200 Text:{""ok"":true}"
T93Sf,https://lichess.org/training/T93Sf,TRUE,False,"Processing row 904: 2025-11-06 18:08:02.155546 -> Puzzle T93Sf - URL https://lichess.org/training/T93Sf, Reviewed: TRUE -> Status: 200 Text:{""ok"":true}"
TB5mV,https://lichess.org/training/TB5mV,TRUE,False,"Processing row 905: 2025-11-06 18:08:03.399280 -> Puzzle TB5mV - URL https://lichess.org/training/TB5mV, Reviewed: TRUE -> Status: 200 Text:{""ok"":true}"
TCGJ4,https://lichess.org/training/TCGJ4,TRUE,False,"Processing row 906: 2025-11-06 18:08:04.708986 -> Puzzle TCGJ4 - URL https://lichess.org/training/TCGJ4, Reviewed: TRUE -> Status: 200 Text:{""ok"":true}"
TDesU,https://lichess.org/training/TDesU,TRUE,False,"Processing row 907: 2025-11-06 18:08:05.908745 -> Puzzle TDesU - URL https://lichess.org/training/TDesU, Reviewed: TRUE -> Status: 200 Text:{""ok"":true}"
TF2qs,https://lichess.org/training/TF2qs,TRUE,False,"Processing row 908: 2025-11-06 18:08:07.087627 -> Puzzle TF2qs - URL https://lichess.org/training/TF2qs, Reviewed: TRUE -> Status: 200 Text:{""ok"":true}"
TGBmw,https://lichess.org/training/TGBmw,TRUE,False,"Processing row 909: 2025-11-06 18:08:08.279039 -> Puzzle TGBmw - URL https://lichess.org/training/TGBmw, Reviewed: TRUE -> Status: 200 Text:{""ok"":true}"
TGjeY,https://lichess.org/training/TGjeY,TRUE,False,"Processing row 910: 2025-11-06 18:08:09.458926 -> Puzzle TGjeY - URL https://lichess.org/training/TGjeY, Reviewed: TRUE -> Status: 200 Text:{""ok"":true}"
TKxF0,https://lichess.org/training/TKxF0,TRUE,False,"Processing row 911: 2025-11-06 18:08:10.670828 -> Puzzle TKxF0 - URL https://lichess.org/training/TKxF0, Reviewed: TRUE -> Status: 200 Text:{""ok"":true}"
TNSXn,https://lichess.org/training/TNSXn,TRUE,False,"Processing row 912: 2025-11-06 18:08:11.858768 -> Puzzle TNSXn - URL https://lichess.org/training/TNSXn, Reviewed: TRUE -> Status: 200 Text:{""ok"":true}"
TOWpW,https://lichess.org/training/TOWpW,TRUE,False,"Processing row 913: 2025-11-06 18:08:13.113539 -> Puzzle TOWpW - URL https://lichess.org/training/TOWpW, Reviewed: TRUE -> Status: 200 Text:{""ok"":true}"
TSEL9,https://lichess.org/training/TSEL9,TRUE,False,"Processing row 914: 2025-11-06 18:08:14.356169 -> Puzzle TSEL9 - URL https://lichess.org/training/TSEL9, Reviewed: TRUE -> Status: 200 Text:{""ok"":true}"
TSXp5,https://lichess.org/training/TSXp5,TRUE,False,"Processing row 915: 2025-11-06 18:08:15.603122 -> Puzzle TSXp5 - URL https://lichess.org/training/TSXp5, Reviewed: TRUE -> Status: 200 Text:{""ok"":true}"
TTFaL,https://lichess.org/training/TTFaL,TRUE,False,"Processing row 916: 2025-11-06 18:08:16.785606 -> Puzzle TTFaL - URL https://lichess.org/training/TTFaL, Reviewed: TRUE -> Status: 200 Text:{""ok"":true}"
TTsGO,https://lichess.org/training/TTsGO,TRUE,False,"Processing row 917: 2025-11-06 18:08:17.969784 -> Puzzle TTsGO - URL https://lichess.org/training/TTsGO, Reviewed: TRUE -> Status: 200 Text:{""ok"":true}"
TU9Pw,https://lichess.org/training/TU9Pw,TRUE,False,"Processing row 918: 2025-11-06 18:08:19.184382 -> Puzzle TU9Pw - URL https://lichess.org/training/TU9Pw, Reviewed: TRUE -> Status: 200 Text:{""ok"":true}"
TUyvf,https://lichess.org/training/TUyvf,TRUE,False,"Processing row 919: 2025-11-06 18:08:20.370989 -> Puzzle TUyvf - URL https://lichess.org/training/TUyvf, Reviewed: TRUE -> Status: 200 Text:{""ok"":true}"
TZ4Dt,https://lichess.org/training/TZ4Dt,TRUE,False,"Processing row 920: 2025-11-06 18:08:21.554000 -> Puzzle TZ4Dt - URL https://lichess.org/training/TZ4Dt, Reviewed: TRUE -> Status: 200 Text:{""ok"":true}"
TZuNx,https://lichess.org/training/TZuNx,TRUE,False,"Processing row 921: 2025-11-06 18:08:22.745996 -> Puzzle TZuNx - URL https://lichess.org/training/TZuNx, Reviewed: TRUE -> Status: 200 Text:{""ok"":true}"
TbK53,https://lichess.org/training/TbK53,TRUE,False,"Processing row 922: 2025-11-06 18:08:23.987071 -> Puzzle TbK53 - URL https://lichess.org/training/TbK53, Reviewed: TRUE -> Status: 200 Text:{""ok"":true}"
TdIN5,https://lichess.org/training/TdIN5,TRUE,False,"Processing row 923: 2025-11-06 18:08:25.257382 -> Puzzle TdIN5 - URL https://lichess.org/training/TdIN5, Reviewed: TRUE -> Status: 200 Text:{""ok"":true}"
ThlW0,https://lichess.org/training/ThlW0,TRUE,False,"Processing row 924: 2025-11-06 18:08:26.611524 -> Puzzle ThlW0 - URL https://lichess.org/training/ThlW0, Reviewed: TRUE -> Status: 200 Text:{""ok"":true}"
Tj8n9,https://lichess.org/training/Tj8n9,TRUE,False,"Processing row 925: 2025-11-06 18:08:27.881508 -> Puzzle Tj8n9 - URL https://lichess.org/training/Tj8n9, Reviewed: TRUE -> Status: 200 Text:{""ok"":true}"
Tk1s0,https://lichess.org/training/Tk1s0,TRUE,False,"Processing row 926: 2025-11-06 18:08:29.115307 -> Puzzle Tk1s0 - URL https://lichess.org/training/Tk1s0, Reviewed: TRUE -> Status: 200 Text:{""ok"":true}"
Tpscx,https://lichess.org/training/Tpscx,TRUE,False,"Processing row 927: 2025-11-06 18:08:30.401912 -> Puzzle Tpscx - URL https://lichess.org/training/Tpscx, Reviewed: TRUE -> Status: 200 Text:{""ok"":true}"
Trt0s,https://lichess.org/training/Trt0s,TRUE,False,"Processing row 928: 2025-11-06 18:08:31.596982 -> Puzzle Trt0s - URL https://lichess.org/training/Trt0s, Reviewed: TRUE -> Status: 200 Text:{""ok"":true}"
TtUNf,https://lichess.org/training/TtUNf,TRUE,False,"Processing row 929: 2025-11-06 18:08:32.796673 -> Puzzle TtUNf - URL https://lichess.org/training/TtUNf, Reviewed: TRUE -> Status: 200 Text:{""ok"":true}"
Tw8oA,https://lichess.org/training/Tw8oA,TRUE,False,"Processing row 930: 2025-11-06 18:08:33.991805 -> Puzzle Tw8oA - URL https://lichess.org/training/Tw8oA, Reviewed: TRUE -> Status: 200 Text:{""ok"":true}"
TwBOK,https://lichess.org/training/TwBOK,TRUE,False,"Processing row 931: 2025-11-06 18:08:35.210957 -> Puzzle TwBOK - URL https://lichess.org/training/TwBOK, Reviewed: TRUE -> Status: 200 Text:{""ok"":true}"
Tz7pw,https://lichess.org/training/Tz7pw,TRUE,False,"Processing row 932: 2025-11-06 18:08:36.469002 -> Puzzle Tz7pw - URL https://lichess.org/training/Tz7pw, Reviewed: TRUE -> Status: 200 Text:{""ok"":true}"
TzHXf,https://lichess.org/training/TzHXf,TRUE,False,"Processing row 933: 2025-11-06 18:08:37.746135 -> Puzzle TzHXf - URL https://lichess.org/training/TzHXf, Reviewed: TRUE -> Status: 200 Text:{""ok"":true}"
U0PNN,https://lichess.org/training/U0PNN,TRUE,False,"Processing row 934: 2025-11-06 18:08:38.942939 -> Puzzle U0PNN - URL https://lichess.org/training/U0PNN, Reviewed: TRUE -> Status: 200 Text:{""ok"":true}"
U0crZ,https://lichess.org/training/U0crZ,TRUE,False,"Processing row 935: 2025-11-06 18:08:40.236059 -> Puzzle U0crZ - URL https://lichess.org/training/U0crZ, Reviewed: TRUE -> Status: 200 Text:{""ok"":true}"
U5wnB,https://lichess.org/training/U5wnB,TRUE,False,"Processing row 936: 2025-11-06 18:08:41.442824 -> Puzzle U5wnB - URL https://lichess.org/training/U5wnB, Reviewed: TRUE -> Status: 200 Text:{""ok"":true}"
U7shd,https://lichess.org/training/U7shd,TRUE,False,"Processing row 937: 2025-11-06 18:08:42.716195 -> Puzzle U7shd - URL https://lichess.org/training/U7shd, Reviewed: TRUE -> Status: 200 Text:{""ok"":true}"
UEOeX,https://lichess.org/training/UEOeX,TRUE,False,"Processing row 938: 2025-11-06 18:08:44.029241 -> Puzzle UEOeX - URL https://lichess.org/training/UEOeX, Reviewed: TRUE -> Status: 200 Text:{""ok"":true}"
UGUzf,https://lichess.org/training/UGUzf,TRUE,False,"Processing row 939: 2025-11-06 18:08:45.220943 -> Puzzle UGUzf - URL https://lichess.org/training/UGUzf, Reviewed: TRUE -> Status: 200 Text:{""ok"":true}"
UH4Lr,https://lichess.org/training/UH4Lr,TRUE,False,"Processing row 940: 2025-11-06 18:08:46.531884 -> Puzzle UH4Lr - URL https://lichess.org/training/UH4Lr, Reviewed: TRUE -> Status: 200 Text:{""ok"":true}"
UHbni,https://lichess.org/training/UHbni,TRUE,False,"Processing row 941: 2025-11-06 18:08:47.757362 -> Puzzle UHbni - URL https://lichess.org/training/UHbni, Reviewed: TRUE -> Status: 200 Text:{""ok"":true}"
UJ8MV,https://lichess.org/training/UJ8MV,TRUE,False,"Processing row 942: 2025-11-06 18:08:48.991280 -> Puzzle UJ8MV - URL https://lichess.org/training/UJ8MV, Reviewed: TRUE -> Status: 200 Text:{""ok"":true}"
UK1ez,https://lichess.org/training/UK1ez,TRUE,False,"Processing row 943: 2025-11-06 18:08:50.234797 -> Puzzle UK1ez - URL https://lichess.org/training/UK1ez, Reviewed: TRUE -> Status: 200 Text:{""ok"":true}"
UN328,https://lichess.org/training/UN328,TRUE,False,"Processing row 944: 2025-11-06 18:08:51.448578 -> Puzzle UN328 - URL https://lichess.org/training/UN328, Reviewed: TRUE -> Status: 200 Text:{""ok"":true}"
UOqBh,https://lichess.org/training/UOqBh,TRUE,False,"Processing row 945: 2025-11-06 18:08:52.721915 -> Puzzle UOqBh - URL https://lichess.org/training/UOqBh, Reviewed: TRUE -> Status: 200 Text:{""ok"":true}"
URqFA,https://lichess.org/training/URqFA,TRUE,False,"Processing row 946: 2025-11-06 18:08:53.966372 -> Puzzle URqFA - URL https://lichess.org/training/URqFA, Reviewed: TRUE -> Status: 200 Text:{""ok"":true}"
UUE07,https://lichess.org/training/UUE07,TRUE,False,"Processing row 947: 2025-11-06 18:08:55.137614 -> Puzzle UUE07 - URL https://lichess.org/training/UUE07, Reviewed: TRUE -> Status: 200 Text:{""ok"":true}"
UUOQ2,https://lichess.org/training/UUOQ2,TRUE,False,"Processing row 948: 2025-11-06 18:08:56.331200 -> Puzzle UUOQ2 - URL https://lichess.org/training/UUOQ2, Reviewed: TRUE -> Status: 200 Text:{""ok"":true}"
UUcvs,https://lichess.org/training/UUcvs,TRUE,False,"Processing row 949: 2025-11-06 18:08:57.542672 -> Puzzle UUcvs - URL https://lichess.org/training/UUcvs, Reviewed: TRUE -> Status: 200 Text:{""ok"":true}"
UXWNz,https://lichess.org/training/UXWNz,TRUE,False,"Processing row 950: 2025-11-06 18:08:58.851332 -> Puzzle UXWNz - URL https://lichess.org/training/UXWNz, Reviewed: TRUE -> Status: 200 Text:{""ok"":true}"
UaLYs,https://lichess.org/training/UaLYs,TRUE,False,"Processing row 951: 2025-11-06 18:09:00.100308 -> Puzzle UaLYs - URL https://lichess.org/training/UaLYs, Reviewed: TRUE -> Status: 200 Text:{""ok"":true}"
UbZtD,https://lichess.org/training/UbZtD,TRUE,False,"Processing row 952: 2025-11-06 18:09:01.312722 -> Puzzle UbZtD - URL https://lichess.org/training/UbZtD, Reviewed: TRUE -> Status: 200 Text:{""ok"":true}"
UcVzo,https://lichess.org/training/UcVzo,TRUE,False,"Processing row 953: 2025-11-06 18:09:02.508165 -> Puzzle UcVzo - URL https://lichess.org/training/UcVzo, Reviewed: TRUE -> Status: 200 Text:{""ok"":true}"
UdXbA,https://lichess.org/training/UdXbA,TRUE,False,"Processing row 954: 2025-11-06 18:09:03.768251 -> Puzzle UdXbA - URL https://lichess.org/training/UdXbA, Reviewed: TRUE -> Status: 200 Text:{""ok"":true}"
UeETk,https://lichess.org/training/UeETk,TRUE,False,"Processing row 955: 2025-11-06 18:09:05.018435 -> Puzzle UeETk - URL https://lichess.org/training/UeETk, Reviewed: TRUE -> Status: 200 Text:{""ok"":true}"
UhAee,https://lichess.org/training/UhAee,TRUE,False,"Processing row 956: 2025-11-06 18:09:06.330428 -> Puzzle UhAee - URL https://lichess.org/training/UhAee, Reviewed: TRUE -> Status: 200 Text:{""ok"":true}"
UiXPO,https://lichess.org/training/UiXPO,TRUE,False,"Processing row 957: 2025-11-06 18:09:07.600742 -> Puzzle UiXPO - URL https://lichess.org/training/UiXPO, Reviewed: TRUE -> Status: 200 Text:{""ok"":true}"
UoM3v,https://lichess.org/training/UoM3v,TRUE,False,"Processing row 958: 2025-11-06 18:09:08.781707 -> Puzzle UoM3v - URL https://lichess.org/training/UoM3v, Reviewed: TRUE -> Status: 200 Text:{""ok"":true}"
Uty9B,https://lichess.org/training/Uty9B,TRUE,False,"Processing row 959: 2025-11-06 18:09:09.963949 -> Puzzle Uty9B - URL https://lichess.org/training/Uty9B, Reviewed: TRUE -> Status: 200 Text:{""ok"":true}"
UuQAR,https://lichess.org/training/UuQAR,TRUE,False,"Processing row 960: 2025-11-06 18:09:11.199674 -> Puzzle UuQAR - URL https://lichess.org/training/UuQAR, Reviewed: TRUE -> Status: 200 Text:{""ok"":true}"
Uwc4N,https://lichess.org/training/Uwc4N,TRUE,False,"Processing row 961: 2025-11-06 18:09:12.484918 -> Puzzle Uwc4N - URL https://lichess.org/training/Uwc4N, Reviewed: TRUE -> Status: 200 Text:{""ok"":true}"
UwfXt,https://lichess.org/training/UwfXt,TRUE,False,"Processing row 962: 2025-11-06 18:09:13.663593 -> Puzzle UwfXt - URL https://lichess.org/training/UwfXt, Reviewed: TRUE -> Status: 200 Text:{""ok"":true}"
UzcRH,https://lichess.org/training/UzcRH,TRUE,False,"Processing row 963: 2025-11-06 18:09:14.850429 -> Puzzle UzcRH - URL https://lichess.org/training/UzcRH, Reviewed: TRUE -> Status: 200 Text:{""ok"":true}"
V2V9d,https://lichess.org/training/V2V9d,TRUE,False,"Processing row 964: 2025-11-06 18:09:16.030837 -> Puzzle V2V9d - URL https://lichess.org/training/V2V9d, Reviewed: TRUE -> Status: 200 Text:{""ok"":true}"
V3E1u,https://lichess.org/training/V3E1u,TRUE,False,"Processing row 965: 2025-11-06 18:09:17.211954 -> Puzzle V3E1u - URL https://lichess.org/training/V3E1u, Reviewed: TRUE -> Status: 200 Text:{""ok"":true}"
V4zV9,https://lichess.org/training/V4zV9,TRUE,False,"Processing row 966: 2025-11-06 18:09:18.402735 -> Puzzle V4zV9 - URL https://lichess.org/training/V4zV9, Reviewed: TRUE -> Status: 200 Text:{""ok"":true}"
V67cw,https://lichess.org/training/V67cw,TRUE,False,"Processing row 967: 2025-11-06 18:09:19.638847 -> Puzzle V67cw - URL https://lichess.org/training/V67cw, Reviewed: TRUE -> Status: 200 Text:{""ok"":true}"
V9MW9,https://lichess.org/training/V9MW9,TRUE,False,"Processing row 968: 2025-11-06 18:09:20.832782 -> Puzzle V9MW9 - URL https://lichess.org/training/V9MW9, Reviewed: TRUE -> Status: 200 Text:{""ok"":true}"
VBYHJ,https://lichess.org/training/VBYHJ,TRUE,False,"Processing row 969: 2025-11-06 18:09:22.009982 -> Puzzle VBYHJ - URL https://lichess.org/training/VBYHJ, Reviewed: TRUE -> Status: 200 Text:{""ok"":true}"
VEIEG,https://lichess.org/training/VEIEG,TRUE,False,"Processing row 970: 2025-11-06 18:09:23.250185 -> Puzzle VEIEG - URL https://lichess.org/training/VEIEG, Reviewed: TRUE -> Status: 200 Text:{""ok"":true}"
VEVMp,https://lichess.org/training/VEVMp,TRUE,False,"Processing row 971: 2025-11-06 18:09:24.451841 -> Puzzle VEVMp - URL https://lichess.org/training/VEVMp, Reviewed: TRUE -> Status: 200 Text:{""ok"":true}"
VGYuF,https://lichess.org/training/VGYuF,TRUE,False,"Processing row 972: 2025-11-06 18:09:25.673982 -> Puzzle VGYuF - URL https://lichess.org/training/VGYuF, Reviewed: TRUE -> Status: 200 Text:{""ok"":true}"
VGyv3,https://lichess.org/training/VGyv3,TRUE,False,"Processing row 973: 2025-11-06 18:09:26.875245 -> Puzzle VGyv3 - URL https://lichess.org/training/VGyv3, Reviewed: TRUE -> Status: 200 Text:{""ok"":true}"
VHFCd,https://lichess.org/training/VHFCd,TRUE,False,"Processing row 974: 2025-11-06 18:09:28.131885 -> Puzzle VHFCd - URL https://lichess.org/training/VHFCd, Reviewed: TRUE -> Status: 200 Text:{""ok"":true}"
VK5sX,https://lichess.org/training/VK5sX,TRUE,False,"Processing row 975: 2025-11-06 18:09:29.405986 -> Puzzle VK5sX - URL https://lichess.org/training/VK5sX, Reviewed: TRUE -> Status: 200 Text:{""ok"":true}"
VKd13,https://lichess.org/training/VKd13,TRUE,False,"Processing row 976: 2025-11-06 18:09:30.688185 -> Puzzle VKd13 - URL https://lichess.org/training/VKd13, Reviewed: TRUE -> Status: 200 Text:{""ok"":true}"
VKxJw,https://lichess.org/training/VKxJw,TRUE,False,"Processing row 977: 2025-11-06 18:09:31.977966 -> Puzzle VKxJw - URL https://lichess.org/training/VKxJw, Reviewed: TRUE -> Status: 200 Text:{""ok"":true}"
VP8zx,https://lichess.org/training/VP8zx,TRUE,False,"Processing row 978: 2025-11-06 18:09:33.170510 -> Puzzle VP8zx - URL https://lichess.org/training/VP8zx, Reviewed: TRUE -> Status: 200 Text:{""ok"":true}"
VU14y,https://lichess.org/training/VU14y,TRUE,False,"Processing row 979: 2025-11-06 18:09:34.357865 -> Puzzle VU14y - URL https://lichess.org/training/VU14y, Reviewed: TRUE -> Status: 200 Text:{""ok"":true}"
VW0hN,https://lichess.org/training/VW0hN,TRUE,False,"Processing row 980: 2025-11-06 18:09:35.556756 -> Puzzle VW0hN - URL https://lichess.org/training/VW0hN, Reviewed: TRUE -> Status: 200 Text:{""ok"":true}"
VX6xO,https://lichess.org/training/VX6xO,TRUE,False,"Processing row 981: 2025-11-06 18:09:36.758599 -> Puzzle VX6xO - URL https://lichess.org/training/VX6xO, Reviewed: TRUE -> Status: 200 Text:{""ok"":true}"
VXhCX,https://lichess.org/training/VXhCX,TRUE,False,"Processing row 982: 2025-11-06 18:09:37.955273 -> Puzzle VXhCX - URL https://lichess.org/training/VXhCX, Reviewed: TRUE -> Status: 200 Text:{""ok"":true}"
VZcQR,https://lichess.org/training/VZcQR,TRUE,False,"Processing row 983: 2025-11-06 18:09:39.205437 -> Puzzle VZcQR - URL https://lichess.org/training/VZcQR, Reviewed: TRUE -> Status: 200 Text:{""ok"":true}"
VeYO2,https://lichess.org/training/VeYO2,TRUE,False,"Processing row 984: 2025-11-06 18:09:40.444530 -> Puzzle VeYO2 - URL https://lichess.org/training/VeYO2, Reviewed: TRUE -> Status: 200 Text:{""ok"":true}"
Vgyx4,https://lichess.org/training/Vgyx4,TRUE,False,"Processing row 985: 2025-11-06 18:09:41.713453 -> Puzzle Vgyx4 - URL https://lichess.org/training/Vgyx4, Reviewed: TRUE -> Status: 200 Text:{""ok"":true}"
Vh244,https://lichess.org/training/Vh244,TRUE,False,"Processing row 986: 2025-11-06 18:09:42.897186 -> Puzzle Vh244 - URL https://lichess.org/training/Vh244, Reviewed: TRUE -> Status: 200 Text:{""ok"":true}"
VlQ8U,https://lichess.org/training/VlQ8U,TRUE,False,"Processing row 987: 2025-11-06 18:09:44.135430 -> Puzzle VlQ8U - URL https://lichess.org/training/VlQ8U, Reviewed: TRUE -> Status: 200 Text:{""ok"":true}"
Vo2G9,https://lichess.org/training/Vo2G9,TRUE,False,"Processing row 988: 2025-11-06 18:09:45.405784 -> Puzzle Vo2G9 - URL https://lichess.org/training/Vo2G9, Reviewed: TRUE -> Status: 200 Text:{""ok"":true}"
Vpk0g,https://lichess.org/training/Vpk0g,TRUE,False,"Processing row 989: 2025-11-06 18:09:46.647724 -> Puzzle Vpk0g - URL https://lichess.org/training/Vpk0g, Reviewed: TRUE -> Status: 200 Text:{""ok"":true}"
Vqsi7,https://lichess.org/training/Vqsi7,TRUE,False,"Processing row 990: 2025-11-06 18:09:47.839581 -> Puzzle Vqsi7 - URL https://lichess.org/training/Vqsi7, Reviewed: TRUE -> Status: 200 Text:{""ok"":true}"
Vu4QM,https://lichess.org/training/Vu4QM,TRUE,False,"Processing row 991: 2025-11-06 18:09:49.088149 -> Puzzle Vu4QM - URL https://lichess.org/training/Vu4QM, Reviewed: TRUE -> Status: 200 Text:{""ok"":true}"
VupcK,https://lichess.org/training/VupcK,FALSE,False,X
VwHxj,https://lichess.org/training/VwHxj,TRUE,False,"Processing row 993: 2025-11-06 18:09:50.323045 -> Puzzle VwHxj - URL https://lichess.org/training/VwHxj, Reviewed: TRUE -> Status: 200 Text:{""ok"":true}"
VwiCY,https://lichess.org/training/VwiCY,TRUE,False,"Processing row 994: 2025-11-06 18:09:51.550696 -> Puzzle VwiCY - URL https://lichess.org/training/VwiCY, Reviewed: TRUE -> Status: 200 Text:{""ok"":true}"
VzEUo,https://lichess.org/training/VzEUo,TRUE,False,"Processing row 995: 2025-11-06 18:09:52.771146 -> Puzzle VzEUo - URL https://lichess.org/training/VzEUo, Reviewed: TRUE -> Status: 200 Text:{""ok"":true}"
VzFKq,https://lichess.org/training/VzFKq,TRUE,False,"Processing row 996: 2025-11-06 18:09:54.157646 -> Puzzle VzFKq - URL https://lichess.org/training/VzFKq, Reviewed: TRUE -> Status: 200 Text:{""ok"":true}"
W1fo8,https://lichess.org/training/W1fo8,TRUE,False,"Processing row 997: 2025-11-06 18:09:55.403540 -> Puzzle W1fo8 - URL https://lichess.org/training/W1fo8, Reviewed: TRUE -> Status: 200 Text:{""ok"":true}"
W1zfY,https://lichess.org/training/W1zfY,TRUE,False,"Processing row 998: 2025-11-06 18:09:56.721053 -> Puzzle W1zfY - URL https://lichess.org/training/W1zfY, Reviewed: TRUE -> Status: 200 Text:{""ok"":true}"
W4BoS,https://lichess.org/training/W4BoS,TRUE,False,"Processing row 999: 2025-11-06 18:09:57.960672 -> Puzzle W4BoS - URL https://lichess.org/training/W4BoS, Reviewed: TRUE -> Status: 200 Text:{""ok"":true}"
W4ks6,https://lichess.org/training/W4ks6,TRUE,False,"Processing row 1000: 2025-11-06 18:09:59.348190 -> Puzzle W4ks6 - URL https://lichess.org/training/W4ks6, Reviewed: TRUE -> Status: 200 Text:{""ok"":true}"
W5vNh,https://lichess.org/training/W5vNh,TRUE,False,"Processing row 1001: 2025-11-06 18:10:00.637094 -> Puzzle W5vNh - URL https://lichess.org/training/W5vNh, Reviewed: TRUE -> Status: 200 Text:{""ok"":true}"
W6sbz,https://lichess.org/training/W6sbz,TRUE,False,"Processing row 1002: 2025-11-06 18:10:01.889834 -> Puzzle W6sbz - URL https://lichess.org/training/W6sbz, Reviewed: TRUE -> Status: 200 Text:{""ok"":true}"
W6vkx,https://lichess.org/training/W6vkx,TRUE,False,"Processing row 1003: 2025-11-06 18:10:03.191385 -> Puzzle W6vkx - URL https://lichess.org/training/W6vkx, Reviewed: TRUE -> Status: 200 Text:{""ok"":true}"
W8VAL,https://lichess.org/training/W8VAL,TRUE,False,"Processing row 1004: 2025-11-06 18:10:04.487130 -> Puzzle W8VAL - URL https://lichess.org/training/W8VAL, Reviewed: TRUE -> Status: 200 Text:{""ok"":true}"
W9FFm,https://lichess.org/training/W9FFm,TRUE,False,"Processing row 1005: 2025-11-06 18:10:05.888067 -> Puzzle W9FFm - URL https://lichess.org/training/W9FFm, Reviewed: TRUE -> Status: 200 Text:{""ok"":true}"
WB3C3,https://lichess.org/training/WB3C3,FALSE,False,X
WGHMq,https://lichess.org/training/WGHMq,TRUE,False,"Processing row 1007: 2025-11-06 18:10:07.230607 -> Puzzle WGHMq - URL https://lichess.org/training/WGHMq, Reviewed: TRUE -> Status: 200 Text:{""ok"":true}"
WHStf,https://lichess.org/training/WHStf,TRUE,False,"Processing row 1008: 2025-11-06 18:10:08.589574 -> Puzzle WHStf - URL https://lichess.org/training/WHStf, Reviewed: TRUE -> Status: 200 Text:{""ok"":true}"
WJ8Rf,https://lichess.org/training/WJ8Rf,TRUE,False,"Processing row 1009: 2025-11-06 18:10:09.834915 -> Puzzle WJ8Rf - URL https://lichess.org/training/WJ8Rf, Reviewed: TRUE -> Status: 200 Text:{""ok"":true}"
WKQ0o,https://lichess.org/training/WKQ0o,TRUE,False,"Processing row 1010: 2025-11-06 18:10:11.062449 -> Puzzle WKQ0o - URL https://lichess.org/training/WKQ0o, Reviewed: TRUE -> Status: 200 Text:{""ok"":true}"
WLYSP,https://lichess.org/training/WLYSP,TRUE,False,"Processing row 1011: 2025-11-06 18:10:12.276148 -> Puzzle WLYSP - URL https://lichess.org/training/WLYSP, Reviewed: TRUE -> Status: 200 Text:{""ok"":true}"
WQaad,https://lichess.org/training/WQaad,TRUE,False,"Processing row 1012: 2025-11-06 18:10:13.501070 -> Puzzle WQaad - URL https://lichess.org/training/WQaad, Reviewed: TRUE -> Status: 200 Text:{""ok"":true}"
WXU4s,https://lichess.org/training/WXU4s,TRUE,False,"Processing row 1013: 2025-11-06 18:10:14.687230 -> Puzzle WXU4s - URL https://lichess.org/training/WXU4s, Reviewed: TRUE -> Status: 200 Text:{""ok"":true}"
WXdgm,https://lichess.org/training/WXdgm,TRUE,False,"Processing row 1014: 2025-11-06 18:10:15.903944 -> Puzzle WXdgm - URL https://lichess.org/training/WXdgm, Reviewed: TRUE -> Status: 200 Text:{""ok"":true}"
WYEJE,https://lichess.org/training/WYEJE,TRUE,False,"Processing row 1015: 2025-11-06 18:10:17.098458 -> Puzzle WYEJE - URL https://lichess.org/training/WYEJE, Reviewed: TRUE -> Status: 200 Text:{""ok"":true}"
WYncI,https://lichess.org/training/WYncI,TRUE,False,"Processing row 1016: 2025-11-06 18:10:18.297833 -> Puzzle WYncI - URL https://lichess.org/training/WYncI, Reviewed: TRUE -> Status: 200 Text:{""ok"":true}"
WagcY,https://lichess.org/training/WagcY,TRUE,False,"Processing row 1017: 2025-11-06 18:10:19.556854 -> Puzzle WagcY - URL https://lichess.org/training/WagcY, Reviewed: TRUE -> Status: 200 Text:{""ok"":true}"
Wb8j8,https://lichess.org/training/Wb8j8,TRUE,False,"Processing row 1018: 2025-11-06 18:10:20.773819 -> Puzzle Wb8j8 - URL https://lichess.org/training/Wb8j8, Reviewed: TRUE -> Status: 200 Text:{""ok"":true}"
Wc4AC,https://lichess.org/training/Wc4AC,TRUE,False,"Processing row 1019: 2025-11-06 18:10:21.973682 -> Puzzle Wc4AC - URL https://lichess.org/training/Wc4AC, Reviewed: TRUE -> Status: 200 Text:{""ok"":true}"
WdljV,https://lichess.org/training/WdljV,TRUE,False,"Processing row 1020: 2025-11-06 18:10:23.208014 -> Puzzle WdljV - URL https://lichess.org/training/WdljV, Reviewed: TRUE -> Status: 200 Text:{""ok"":true}"
WgatL,https://lichess.org/training/WgatL,TRUE,False,"Processing row 1021: 2025-11-06 18:10:24.424366 -> Puzzle WgatL - URL https://lichess.org/training/WgatL, Reviewed: TRUE -> Status: 200 Text:{""ok"":true}"
Wh9qR,https://lichess.org/training/Wh9qR,TRUE,False,"Processing row 1022: 2025-11-06 18:10:25.601030 -> Puzzle Wh9qR - URL https://lichess.org/training/Wh9qR, Reviewed: TRUE -> Status: 200 Text:{""ok"":true}"
WjfeJ,https://lichess.org/training/WjfeJ,TRUE,False,"Processing row 1023: 2025-11-06 18:10:26.859706 -> Puzzle WjfeJ - URL https://lichess.org/training/WjfeJ, Reviewed: TRUE -> Status: 200 Text:{""ok"":true}"
WkmXd,https://lichess.org/training/WkmXd,TRUE,False,"Processing row 1024: 2025-11-06 18:10:28.035223 -> Puzzle WkmXd - URL https://lichess.org/training/WkmXd, Reviewed: TRUE -> Status: 200 Text:{""ok"":true}"
WlJt9,https://lichess.org/training/WlJt9,TRUE,False,"Processing row 1025: 2025-11-06 18:10:29.209077 -> Puzzle WlJt9 - URL https://lichess.org/training/WlJt9, Reviewed: TRUE -> Status: 200 Text:{""ok"":true}"
Wllwe,https://lichess.org/training/Wllwe,TRUE,False,"Processing row 1026: 2025-11-06 18:10:30.392343 -> Puzzle Wllwe - URL https://lichess.org/training/Wllwe, Reviewed: TRUE -> Status: 200 Text:{""ok"":true}"
WmEjn,https://lichess.org/training/WmEjn,TRUE,False,"Processing row 1027: 2025-11-06 18:10:31.593417 -> Puzzle WmEjn - URL https://lichess.org/training/WmEjn, Reviewed: TRUE -> Status: 200 Text:{""ok"":true}"
Wmqfu,https://lichess.org/training/Wmqfu,TRUE,False,"Processing row 1028: 2025-11-06 18:10:32.766451 -> Puzzle Wmqfu - URL https://lichess.org/training/Wmqfu, Reviewed: TRUE -> Status: 200 Text:{""ok"":true}"
WosHS,https://lichess.org/training/WosHS,TRUE,False,"Processing row 1029: 2025-11-06 18:10:33.952943 -> Puzzle WosHS - URL https://lichess.org/training/WosHS, Reviewed: TRUE -> Status: 200 Text:{""ok"":true}"
WpICR,https://lichess.org/training/WpICR,TRUE,False,"Processing row 1030: 2025-11-06 18:10:35.132594 -> Puzzle WpICR - URL https://lichess.org/training/WpICR, Reviewed: TRUE -> Status: 200 Text:{""ok"":true}"
WuuZ1,https://lichess.org/training/WuuZ1,TRUE,False,"Processing row 1031: 2025-11-06 18:10:36.317456 -> Puzzle WuuZ1 - URL https://lichess.org/training/WuuZ1, Reviewed: TRUE -> Status: 200 Text:{""ok"":true}"
WwTi8,https://lichess.org/training/WwTi8,TRUE,False,"Processing row 1032: 2025-11-06 18:10:37.608717 -> Puzzle WwTi8 - URL https://lichess.org/training/WwTi8, Reviewed: TRUE -> Status: 200 Text:{""ok"":true}"
WxgJA,https://lichess.org/training/WxgJA,TRUE,False,"Processing row 1033: 2025-11-06 18:10:38.792897 -> Puzzle WxgJA - URL https://lichess.org/training/WxgJA, Reviewed: TRUE -> Status: 200 Text:{""ok"":true}"
X4URw,https://lichess.org/training/X4URw,TRUE,False,"Processing row 1034: 2025-11-06 18:10:40.044646 -> Puzzle X4URw - URL https://lichess.org/training/X4URw, Reviewed: TRUE -> Status: 200 Text:{""ok"":true}"
X7o59,https://lichess.org/training/X7o59,TRUE,False,"Processing row 1035: 2025-11-06 18:10:41.250305 -> Puzzle X7o59 - URL https://lichess.org/training/X7o59, Reviewed: TRUE -> Status: 200 Text:{""ok"":true}"
X7uDC,https://lichess.org/training/X7uDC,TRUE,False,"Processing row 1036: 2025-11-06 18:10:42.446137 -> Puzzle X7uDC - URL https://lichess.org/training/X7uDC, Reviewed: TRUE -> Status: 200 Text:{""ok"":true}"
XCHlD,https://lichess.org/training/XCHlD,TRUE,False,"Processing row 1037: 2025-11-06 18:10:43.630586 -> Puzzle XCHlD - URL https://lichess.org/training/XCHlD, Reviewed: TRUE -> Status: 200 Text:{""ok"":true}"
XHRuc,https://lichess.org/training/XHRuc,TRUE,False,"Processing row 1038: 2025-11-06 18:10:44.813455 -> Puzzle XHRuc - URL https://lichess.org/training/XHRuc, Reviewed: TRUE -> Status: 200 Text:{""ok"":true}"
XQ8JH,https://lichess.org/training/XQ8JH,TRUE,False,"Processing row 1039: 2025-11-06 18:10:46.078226 -> Puzzle XQ8JH - URL https://lichess.org/training/XQ8JH, Reviewed: TRUE -> Status: 200 Text:{""ok"":true}"
XUADA,https://lichess.org/training/XUADA,TRUE,False,"Processing row 1040: 2025-11-06 18:10:47.348506 -> Puzzle XUADA - URL https://lichess.org/training/XUADA, Reviewed: TRUE -> Status: 200 Text:{""ok"":true}"
XUolX,https://lichess.org/training/XUolX,TRUE,False,"Processing row 1041: 2025-11-06 18:10:48.668518 -> Puzzle XUolX - URL https://lichess.org/training/XUolX, Reviewed: TRUE -> Status: 200 Text:{""ok"":true}"
XViLh,https://lichess.org/training/XViLh,TRUE,False,"Processing row 1042: 2025-11-06 18:10:49.849891 -> Puzzle XViLh - URL https://lichess.org/training/XViLh, Reviewed: TRUE -> Status: 200 Text:{""ok"":true}"
Xa925,https://lichess.org/training/Xa925,TRUE,False,"Processing row 1043: 2025-11-06 18:10:51.040545 -> Puzzle Xa925 - URL https://lichess.org/training/Xa925, Reviewed: TRUE -> Status: 200 Text:{""ok"":true}"
Xa9Pv,https://lichess.org/training/Xa9Pv,TRUE,False,"Processing row 1044: 2025-11-06 18:10:52.286859 -> Puzzle Xa9Pv - URL https://lichess.org/training/Xa9Pv, Reviewed: TRUE -> Status: 200 Text:{""ok"":true}"
XbItQ,https://lichess.org/training/XbItQ,TRUE,False,"Processing row 1045: 2025-11-06 18:10:53.498380 -> Puzzle XbItQ - URL https://lichess.org/training/XbItQ, Reviewed: TRUE -> Status: 200 Text:{""ok"":true}"
XbRvH,https://lichess.org/training/XbRvH,TRUE,False,"Processing row 1046: 2025-11-06 18:10:54.733744 -> Puzzle XbRvH - URL https://lichess.org/training/XbRvH, Reviewed: TRUE -> Status: 200 Text:{""ok"":true}"
XesVw,https://lichess.org/training/XesVw,TRUE,False,"Processing row 1047: 2025-11-06 18:10:55.937327 -> Puzzle XesVw - URL https://lichess.org/training/XesVw, Reviewed: TRUE -> Status: 200 Text:{""ok"":true}"
Xhd88,https://lichess.org/training/Xhd88,TRUE,False,"Processing row 1048: 2025-11-06 18:10:57.146788 -> Puzzle Xhd88 - URL https://lichess.org/training/Xhd88, Reviewed: TRUE -> Status: 200 Text:{""ok"":true}"
XiAPu,https://lichess.org/training/XiAPu,TRUE,False,"Processing row 1049: 2025-11-06 18:10:58.327540 -> Puzzle XiAPu - URL https://lichess.org/training/XiAPu, Reviewed: TRUE -> Status: 200 Text:{""ok"":true}"
XmnUn,https://lichess.org/training/XmnUn,TRUE,False,"Processing row 1050: 2025-11-06 18:10:59.551006 -> Puzzle XmnUn - URL https://lichess.org/training/XmnUn, Reviewed: TRUE -> Status: 200 Text:{""ok"":true}"
Xn3R0,https://lichess.org/training/Xn3R0,FALSE,False,X
XoleC,https://lichess.org/training/XoleC,TRUE,False,"Processing row 1052: 2025-11-06 18:11:00.743016 -> Puzzle XoleC - URL https://lichess.org/training/XoleC, Reviewed: TRUE -> Status: 200 Text:{""ok"":true}"
XtduW,https://lichess.org/training/XtduW,TRUE,False,"Processing row 1053: 2025-11-06 18:11:01.926749 -> Puzzle XtduW - URL https://lichess.org/training/XtduW, Reviewed: TRUE -> Status: 200 Text:{""ok"":true}"
XteNa,https://lichess.org/training/XteNa,FALSE,False,X
Xxmmf,https://lichess.org/training/Xxmmf,TRUE,False,"Processing row 1055: 2025-11-06 18:11:03.130582 -> Puzzle Xxmmf - URL https://lichess.org/training/Xxmmf, Reviewed: TRUE -> Status: 200 Text:{""ok"":true}"
XzEY1,https://lichess.org/training/XzEY1,TRUE,False,"Processing row 1056: 2025-11-06 18:11:04.323924 -> Puzzle XzEY1 - URL https://lichess.org/training/XzEY1, Reviewed: TRUE -> Status: 200 Text:{""ok"":true}"
Y1GhT,https://lichess.org/training/Y1GhT,TRUE,False,"Processing row 1057: 2025-11-06 18:11:05.536999 -> Puzzle Y1GhT - URL https://lichess.org/training/Y1GhT, Reviewed: TRUE -> Status: 200 Text:{""ok"":true}"
Y4IPk,https://lichess.org/training/Y4IPk,TRUE,False,"Processing row 1058: 2025-11-06 18:11:06.723784 -> Puzzle Y4IPk - URL https://lichess.org/training/Y4IPk, Reviewed: TRUE -> Status: 200 Text:{""ok"":true}"
Y5mpW,https://lichess.org/training/Y5mpW,TRUE,False,"Processing row 1059: 2025-11-06 18:11:07.907790 -> Puzzle Y5mpW - URL https://lichess.org/training/Y5mpW, Reviewed: TRUE -> Status: 200 Text:{""ok"":true}"
Y7Ckx,https://lichess.org/training/Y7Ckx,TRUE,False,"Processing row 1060: 2025-11-06 18:11:09.096525 -> Puzzle Y7Ckx - URL https://lichess.org/training/Y7Ckx, Reviewed: TRUE -> Status: 200 Text:{""ok"":true}"
Y7FJh,https://lichess.org/training/Y7FJh,TRUE,False,"Processing row 1061: 2025-11-06 18:11:10.271854 -> Puzzle Y7FJh - URL https://lichess.org/training/Y7FJh, Reviewed: TRUE -> Status: 200 Text:{""ok"":true}"
Y7Ghv,https://lichess.org/training/Y7Ghv,TRUE,False,"Processing row 1062: 2025-11-06 18:11:11.460008 -> Puzzle Y7Ghv - URL https://lichess.org/training/Y7Ghv, Reviewed: TRUE -> Status: 200 Text:{""ok"":true}"
YBj6e,https://lichess.org/training/YBj6e,TRUE,False,"Processing row 1063: 2025-11-06 18:11:12.647573 -> Puzzle YBj6e - URL https://lichess.org/training/YBj6e, Reviewed: TRUE -> Status: 200 Text:{""ok"":true}"
YDi90,https://lichess.org/training/YDi90,TRUE,False,"Processing row 1064: 2025-11-06 18:11:13.870129 -> Puzzle YDi90 - URL https://lichess.org/training/YDi90, Reviewed: TRUE -> Status: 200 Text:{""ok"":true}"
YDsLD,https://lichess.org/training/YDsLD,TRUE,False,"Processing row 1065: 2025-11-06 18:11:15.060437 -> Puzzle YDsLD - URL https://lichess.org/training/YDsLD, Reviewed: TRUE -> Status: 200 Text:{""ok"":true}"
YIULX,https://lichess.org/training/YIULX,TRUE,False,"Processing row 1066: 2025-11-06 18:11:16.248624 -> Puzzle YIULX - URL https://lichess.org/training/YIULX, Reviewed: TRUE -> Status: 200 Text:{""ok"":true}"
YIhLq,https://lichess.org/training/YIhLq,TRUE,False,"Processing row 1067: 2025-11-06 18:11:17.447117 -> Puzzle YIhLq - URL https://lichess.org/training/YIhLq, Reviewed: TRUE -> Status: 200 Text:{""ok"":true}"
YK1sw,https://lichess.org/training/YK1sw,TRUE,False,"Processing row 1068: 2025-11-06 18:11:18.619153 -> Puzzle YK1sw - URL https://lichess.org/training/YK1sw, Reviewed: TRUE -> Status: 200 Text:{""ok"":true}"
YNCQZ,https://lichess.org/training/YNCQZ,TRUE,False,"Processing row 1069: 2025-11-06 18:11:19.949446 -> Puzzle YNCQZ - URL https://lichess.org/training/YNCQZ, Reviewed: TRUE -> Status: 200 Text:{""ok"":true}"
YNEsW,https://lichess.org/training/YNEsW,TRUE,False,"Processing row 1070: 2025-11-06 18:11:21.135230 -> Puzzle YNEsW - URL https://lichess.org/training/YNEsW, Reviewed: TRUE -> Status: 200 Text:{""ok"":true}"
YS133,https://lichess.org/training/YS133,TRUE,False,"Processing row 1071: 2025-11-06 18:11:22.312463 -> Puzzle YS133 - URL https://lichess.org/training/YS133, Reviewed: TRUE -> Status: 200 Text:{""ok"":true}"
YSaPG,https://lichess.org/training/YSaPG,TRUE,False,"Processing row 1072: 2025-11-06 18:11:23.504365 -> Puzzle YSaPG - URL https://lichess.org/training/YSaPG, Reviewed: TRUE -> Status: 200 Text:{""ok"":true}"
YWV4D,https://lichess.org/training/YWV4D,TRUE,False,"Processing row 1073: 2025-11-06 18:11:24.696236 -> Puzzle YWV4D - URL https://lichess.org/training/YWV4D, Reviewed: TRUE -> Status: 200 Text:{""ok"":true}"
YeUfL,https://lichess.org/training/YeUfL,TRUE,False,"Processing row 1074: 2025-11-06 18:11:25.867316 -> Puzzle YeUfL - URL https://lichess.org/training/YeUfL, Reviewed: TRUE -> Status: 200 Text:{""ok"":true}"
YgQ5E,https://lichess.org/training/YgQ5E,TRUE,False,"Processing row 1075: 2025-11-06 18:11:27.056711 -> Puzzle YgQ5E - URL https://lichess.org/training/YgQ5E, Reviewed: TRUE -> Status: 200 Text:{""ok"":true}"
Yi0cY,https://lichess.org/training/Yi0cY,TRUE,False,"Processing row 1076: 2025-11-06 18:11:28.228549 -> Puzzle Yi0cY - URL https://lichess.org/training/Yi0cY, Reviewed: TRUE -> Status: 200 Text:{""ok"":true}"
YmTxJ,https://lichess.org/training/YmTxJ,TRUE,False,"Processing row 1077: 2025-11-06 18:11:29.409841 -> Puzzle YmTxJ - URL https://lichess.org/training/YmTxJ, Reviewed: TRUE -> Status: 200 Text:{""ok"":true}"
Ymv7M,https://lichess.org/training/Ymv7M,TRUE,False,"Processing row 1078: 2025-11-06 18:11:30.588853 -> Puzzle Ymv7M - URL https://lichess.org/training/Ymv7M, Reviewed: TRUE -> Status: 200 Text:{""ok"":true}"
YouAx,https://lichess.org/training/YouAx,TRUE,False,"Processing row 1079: 2025-11-06 18:11:31.788783 -> Puzzle YouAx - URL https://lichess.org/training/YouAx, Reviewed: TRUE -> Status: 200 Text:{""ok"":true}"
Yovnz,https://lichess.org/training/Yovnz,TRUE,False,"Processing row 1080: 2025-11-06 18:11:32.960902 -> Puzzle Yovnz - URL https://lichess.org/training/Yovnz, Reviewed: TRUE -> Status: 200 Text:{""ok"":true}"
YpKQj,https://lichess.org/training/YpKQj,TRUE,False,"Processing row 1081: 2025-11-06 18:11:34.135493 -> Puzzle YpKQj - URL https://lichess.org/training/YpKQj, Reviewed: TRUE -> Status: 200 Text:{""ok"":true}"
YvNbG,https://lichess.org/training/YvNbG,TRUE,False,"Processing row 1082: 2025-11-06 18:11:35.326236 -> Puzzle YvNbG - URL https://lichess.org/training/YvNbG, Reviewed: TRUE -> Status: 200 Text:{""ok"":true}"
YyznT,https://lichess.org/training/YyznT,TRUE,False,"Processing row 1083: 2025-11-06 18:11:36.504965 -> Puzzle YyznT - URL https://lichess.org/training/YyznT, Reviewed: TRUE -> Status: 200 Text:{""ok"":true}"
Z0Jt8,https://lichess.org/training/Z0Jt8,TRUE,False,"Processing row 1084: 2025-11-06 18:11:37.688408 -> Puzzle Z0Jt8 - URL https://lichess.org/training/Z0Jt8, Reviewed: TRUE -> Status: 200 Text:{""ok"":true}"
Z16zo,https://lichess.org/training/Z16zo,TRUE,False,"Processing row 1085: 2025-11-06 18:11:38.873028 -> Puzzle Z16zo - URL https://lichess.org/training/Z16zo, Reviewed: TRUE -> Status: 200 Text:{""ok"":true}"
Z1Ig9,https://lichess.org/training/Z1Ig9,TRUE,False,"Processing row 1086: 2025-11-06 18:11:40.054428 -> Puzzle Z1Ig9 - URL https://lichess.org/training/Z1Ig9, Reviewed: TRUE -> Status: 200 Text:{""ok"":true}"
Z6Pzk,https://lichess.org/training/Z6Pzk,TRUE,False,"Processing row 1087: 2025-11-06 18:11:41.269500 -> Puzzle Z6Pzk - URL https://lichess.org/training/Z6Pzk, Reviewed: TRUE -> Status: 200 Text:{""ok"":true}"
Z7nFp,https://lichess.org/training/Z7nFp,TRUE,False,"Processing row 1088: 2025-11-06 18:11:42.441955 -> Puzzle Z7nFp - URL https://lichess.org/training/Z7nFp, Reviewed: TRUE -> Status: 200 Text:{""ok"":true}"
ZB3RO,https://lichess.org/training/ZB3RO,TRUE,False,"Processing row 1089: 2025-11-06 18:11:43.629153 -> Puzzle ZB3RO - URL https://lichess.org/training/ZB3RO, Reviewed: TRUE -> Status: 200 Text:{""ok"":true}"
ZMIwN,https://lichess.org/training/ZMIwN,TRUE,False,"Processing row 1090: 2025-11-06 18:11:44.815224 -> Puzzle ZMIwN - URL https://lichess.org/training/ZMIwN, Reviewed: TRUE -> Status: 200 Text:{""ok"":true}"
ZQRLq,https://lichess.org/training/ZQRLq,FALSE,False,X
ZRLOT,https://lichess.org/training/ZRLOT,TRUE,False,"Processing row 1092: 2025-11-06 18:11:45.992546 -> Puzzle ZRLOT - URL https://lichess.org/training/ZRLOT, Reviewed: TRUE -> Status: 200 Text:{""ok"":true}"
ZTDAO,https://lichess.org/training/ZTDAO,TRUE,False,"Processing row 1093: 2025-11-06 18:11:47.172205 -> Puzzle ZTDAO - URL https://lichess.org/training/ZTDAO, Reviewed: TRUE -> Status: 200 Text:{""ok"":true}"
ZUko4,https://lichess.org/training/ZUko4,TRUE,False,"Processing row 1094: 2025-11-06 18:11:48.363801 -> Puzzle ZUko4 - URL https://lichess.org/training/ZUko4, Reviewed: TRUE -> Status: 200 Text:{""ok"":true}"
ZVTGA,https://lichess.org/training/ZVTGA,TRUE,False,"Processing row 1095: 2025-11-06 18:11:49.540914 -> Puzzle ZVTGA - URL https://lichess.org/training/ZVTGA, Reviewed: TRUE -> Status: 200 Text:{""ok"":true}"
ZZxma,https://lichess.org/training/ZZxma,TRUE,False,"Processing row 1096: 2025-11-06 18:11:50.735298 -> Puzzle ZZxma - URL https://lichess.org/training/ZZxma, Reviewed: TRUE -> Status: 200 Text:{""ok"":true}"
ZbQza,https://lichess.org/training/ZbQza,TRUE,False,"Processing row 1097: 2025-11-06 18:11:51.929891 -> Puzzle ZbQza - URL https://lichess.org/training/ZbQza, Reviewed: TRUE -> Status: 200 Text:{""ok"":true}"
Zc1DQ,https://lichess.org/training/Zc1DQ,TRUE,False,"Processing row 1098: 2025-11-06 18:11:53.105974 -> Puzzle Zc1DQ - URL https://lichess.org/training/Zc1DQ, Reviewed: TRUE -> Status: 200 Text:{""ok"":true}"
Zcs3Q,https://lichess.org/training/Zcs3Q,TRUE,False,"Processing row 1099: 2025-11-06 18:11:54.291677 -> Puzzle Zcs3Q - URL https://lichess.org/training/Zcs3Q, Reviewed: TRUE -> Status: 200 Text:{""ok"":true}"
Ze0vX,https://lichess.org/training/Ze0vX,TRUE,False,"Processing row 1100: 2025-11-06 18:11:55.473581 -> Puzzle Ze0vX - URL https://lichess.org/training/Ze0vX, Reviewed: TRUE -> Status: 200 Text:{""ok"":true}"
ZfXP9,https://lichess.org/training/ZfXP9,TRUE,False,"Processing row 1101: 2025-11-06 18:11:56.663707 -> Puzzle ZfXP9 - URL https://lichess.org/training/ZfXP9, Reviewed: TRUE -> Status: 200 Text:{""ok"":true}"
ZlevW,https://lichess.org/training/ZlevW,TRUE,False,"Processing row 1102: 2025-11-06 18:11:57.866518 -> Puzzle ZlevW - URL https://lichess.org/training/ZlevW, Reviewed: TRUE -> Status: 200 Text:{""ok"":true}"
ZnP4e,https://lichess.org/training/ZnP4e,TRUE,False,"Processing row 1103: 2025-11-06 18:11:59.059722 -> Puzzle ZnP4e - URL https://lichess.org/training/ZnP4e, Reviewed: TRUE -> Status: 200 Text:{""ok"":true}"
ZneGT,https://lichess.org/training/ZneGT,TRUE,False,"Processing row 1104: 2025-11-06 18:12:00.246744 -> Puzzle ZneGT - URL https://lichess.org/training/ZneGT, Reviewed: TRUE -> Status: 200 Text:{""ok"":true}"
ZrgLV,https://lichess.org/training/ZrgLV,TRUE,False,"Processing row 1105: 2025-11-06 18:12:01.445873 -> Puzzle ZrgLV - URL https://lichess.org/training/ZrgLV, Reviewed: TRUE -> Status: 200 Text:{""ok"":true}"
a2llR,https://lichess.org/training/a2llR,TRUE,False,"Processing row 1106: 2025-11-06 18:12:02.652541 -> Puzzle a2llR - URL https://lichess.org/training/a2llR, Reviewed: TRUE -> Status: 200 Text:{""ok"":true}"
a3Ked,https://lichess.org/training/a3Ked,TRUE,False,"Processing row 1107: 2025-11-06 18:12:03.851730 -> Puzzle a3Ked - URL https://lichess.org/training/a3Ked, Reviewed: TRUE -> Status: 200 Text:{""ok"":true}"
a6naH,https://lichess.org/training/a6naH,TRUE,False,"Processing row 1108: 2025-11-06 18:12:05.059560 -> Puzzle a6naH - URL https://lichess.org/training/a6naH, Reviewed: TRUE -> Status: 200 Text:{""ok"":true}"
a6qNE,https://lichess.org/training/a6qNE,TRUE,False,"Processing row 1109: 2025-11-06 18:12:06.276292 -> Puzzle a6qNE - URL https://lichess.org/training/a6qNE, Reviewed: TRUE -> Status: 200 Text:{""ok"":true}"
a7ykU,https://lichess.org/training/a7ykU,TRUE,False,"Processing row 1110: 2025-11-06 18:12:07.458793 -> Puzzle a7ykU - URL https://lichess.org/training/a7ykU, Reviewed: TRUE -> Status: 200 Text:{""ok"":true}"
a8HMa,https://lichess.org/training/a8HMa,TRUE,False,"Processing row 1111: 2025-11-06 18:12:08.654947 -> Puzzle a8HMa - URL https://lichess.org/training/a8HMa, Reviewed: TRUE -> Status: 200 Text:{""ok"":true}"
a8jG6,https://lichess.org/training/a8jG6,TRUE,False,"Processing row 1112: 2025-11-06 18:12:09.857985 -> Puzzle a8jG6 - URL https://lichess.org/training/a8jG6, Reviewed: TRUE -> Status: 200 Text:{""ok"":true}"
a9Rce,https://lichess.org/training/a9Rce,TRUE,False,"Processing row 1113: 2025-11-06 18:12:11.030229 -> Puzzle a9Rce - URL https://lichess.org/training/a9Rce, Reviewed: TRUE -> Status: 200 Text:{""ok"":true}"
aC45m,https://lichess.org/training/aC45m,TRUE,False,"Processing row 1114: 2025-11-06 18:12:12.230111 -> Puzzle aC45m - URL https://lichess.org/training/aC45m, Reviewed: TRUE -> Status: 200 Text:{""ok"":true}"
aDgIj,https://lichess.org/training/aDgIj,TRUE,False,"Processing row 1115: 2025-11-06 18:12:13.412829 -> Puzzle aDgIj - URL https://lichess.org/training/aDgIj, Reviewed: TRUE -> Status: 200 Text:{""ok"":true}"
aE8va,https://lichess.org/training/aE8va,TRUE,False,"Processing row 1116: 2025-11-06 18:12:14.650507 -> Puzzle aE8va - URL https://lichess.org/training/aE8va, Reviewed: TRUE -> Status: 200 Text:{""ok"":true}"
aHn4r,https://lichess.org/training/aHn4r,TRUE,False,"Processing row 1117: 2025-11-06 18:12:15.834198 -> Puzzle aHn4r - URL https://lichess.org/training/aHn4r, Reviewed: TRUE -> Status: 200 Text:{""ok"":true}"
aKwLM,https://lichess.org/training/aKwLM,TRUE,False,"Processing row 1118: 2025-11-06 18:12:17.033418 -> Puzzle aKwLM - URL https://lichess.org/training/aKwLM, Reviewed: TRUE -> Status: 200 Text:{""ok"":true}"
aNJLF,https://lichess.org/training/aNJLF,TRUE,False,"Processing row 1119: 2025-11-06 18:12:18.226986 -> Puzzle aNJLF - URL https://lichess.org/training/aNJLF, Reviewed: TRUE -> Status: 200 Text:{""ok"":true}"
aPRPI,https://lichess.org/training/aPRPI,TRUE,False,"Processing row 1120: 2025-11-06 18:12:19.407385 -> Puzzle aPRPI - URL https://lichess.org/training/aPRPI, Reviewed: TRUE -> Status: 200 Text:{""ok"":true}"
aPxPu,https://lichess.org/training/aPxPu,TRUE,False,"Processing row 1121: 2025-11-06 18:12:20.712841 -> Puzzle aPxPu - URL https://lichess.org/training/aPxPu, Reviewed: TRUE -> Status: 200 Text:{""ok"":true}"
aQJ1B,https://lichess.org/training/aQJ1B,TRUE,False,"Processing row 1122: 2025-11-06 18:12:21.896260 -> Puzzle aQJ1B - URL https://lichess.org/training/aQJ1B, Reviewed: TRUE -> Status: 200 Text:{""ok"":true}"
aQXoi,https://lichess.org/training/aQXoi,TRUE,False,"Processing row 1123: 2025-11-06 18:12:23.083312 -> Puzzle aQXoi - URL https://lichess.org/training/aQXoi, Reviewed: TRUE -> Status: 200 Text:{""ok"":true}"
aQm6e,https://lichess.org/training/aQm6e,TRUE,False,"Processing row 1124: 2025-11-06 18:12:24.286786 -> Puzzle aQm6e - URL https://lichess.org/training/aQm6e, Reviewed: TRUE -> Status: 200 Text:{""ok"":true}"
aXAl0,https://lichess.org/training/aXAl0,TRUE,False,"Processing row 1125: 2025-11-06 18:12:25.463963 -> Puzzle aXAl0 - URL https://lichess.org/training/aXAl0, Reviewed: TRUE -> Status: 200 Text:{""ok"":true}"
aa03f,https://lichess.org/training/aa03f,TRUE,False,"Processing row 1126: 2025-11-06 18:12:26.653850 -> Puzzle aa03f - URL https://lichess.org/training/aa03f, Reviewed: TRUE -> Status: 200 Text:{""ok"":true}"
aaS52,https://lichess.org/training/aaS52,TRUE,False,"Processing row 1127: 2025-11-06 18:12:27.838904 -> Puzzle aaS52 - URL https://lichess.org/training/aaS52, Reviewed: TRUE -> Status: 200 Text:{""ok"":true}"
aayOp,https://lichess.org/training/aayOp,TRUE,False,"Processing row 1128: 2025-11-06 18:12:29.021198 -> Puzzle aayOp - URL https://lichess.org/training/aayOp, Reviewed: TRUE -> Status: 200 Text:{""ok"":true}"
acIon,https://lichess.org/training/acIon,TRUE,False,"Processing row 1129: 2025-11-06 18:12:30.221147 -> Puzzle acIon - URL https://lichess.org/training/acIon, Reviewed: TRUE -> Status: 200 Text:{""ok"":true}"
ag9S9,https://lichess.org/training/ag9S9,TRUE,False,"Processing row 1130: 2025-11-06 18:12:31.403659 -> Puzzle ag9S9 - URL https://lichess.org/training/ag9S9, Reviewed: TRUE -> Status: 200 Text:{""ok"":true}"
akheU,https://lichess.org/training/akheU,TRUE,False,"Processing row 1131: 2025-11-06 18:12:32.592320 -> Puzzle akheU - URL https://lichess.org/training/akheU, Reviewed: TRUE -> Status: 200 Text:{""ok"":true}"
akon8,https://lichess.org/training/akon8,TRUE,False,"Processing row 1132: 2025-11-06 18:12:33.773728 -> Puzzle akon8 - URL https://lichess.org/training/akon8, Reviewed: TRUE -> Status: 200 Text:{""ok"":true}"
anEfd,https://lichess.org/training/anEfd,TRUE,False,"Processing row 1133: 2025-11-06 18:12:34.997416 -> Puzzle anEfd - URL https://lichess.org/training/anEfd, Reviewed: TRUE -> Status: 200 Text:{""ok"":true}"
ankGw,https://lichess.org/training/ankGw,FALSE,False,X
ao5Ii,https://lichess.org/training/ao5Ii,TRUE,False,"Processing row 1135: 2025-11-06 18:12:36.181212 -> Puzzle ao5Ii - URL https://lichess.org/training/ao5Ii, Reviewed: TRUE -> Status: 200 Text:{""ok"":true}"
atrc6,https://lichess.org/training/atrc6,TRUE,False,"Processing row 1136: 2025-11-06 18:12:37.375558 -> Puzzle atrc6 - URL https://lichess.org/training/atrc6, Reviewed: TRUE -> Status: 200 Text:{""ok"":true}"
azfIi,https://lichess.org/training/azfIi,TRUE,False,"Processing row 1137: 2025-11-06 18:12:38.568178 -> Puzzle azfIi - URL https://lichess.org/training/azfIi, Reviewed: TRUE -> Status: 200 Text:{""ok"":true}"
b223O,https://lichess.org/training/b223O,TRUE,False,"Processing row 1138: 2025-11-06 18:12:39.764745 -> Puzzle b223O - URL https://lichess.org/training/b223O, Reviewed: TRUE -> Status: 200 Text:{""ok"":true}"
b2syA,https://lichess.org/training/b2syA,TRUE,False,"Processing row 1139: 2025-11-06 18:12:40.963307 -> Puzzle b2syA - URL https://lichess.org/training/b2syA, Reviewed: TRUE -> Status: 200 Text:{""ok"":true}"
b4P8y,https://lichess.org/training/b4P8y,TRUE,False,"Processing row 1140: 2025-11-06 18:12:42.148983 -> Puzzle b4P8y - URL https://lichess.org/training/b4P8y, Reviewed: TRUE -> Status: 200 Text:{""ok"":true}"
b5rLX,https://lichess.org/training/b5rLX,TRUE,False,"Processing row 1141: 2025-11-06 18:12:43.364468 -> Puzzle b5rLX - URL https://lichess.org/training/b5rLX, Reviewed: TRUE -> Status: 200 Text:{""ok"":true}"
b7crC,https://lichess.org/training/b7crC,TRUE,False,"Processing row 1142: 2025-11-06 18:12:44.538466 -> Puzzle b7crC - URL https://lichess.org/training/b7crC, Reviewed: TRUE -> Status: 200 Text:{""ok"":true}"
b8n8k,https://lichess.org/training/b8n8k,TRUE,False,"Processing row 1143: 2025-11-06 18:12:45.737722 -> Puzzle b8n8k - URL https://lichess.org/training/b8n8k, Reviewed: TRUE -> Status: 200 Text:{""ok"":true}"
bADoI,https://lichess.org/training/bADoI,TRUE,False,"Processing row 1144: 2025-11-06 18:12:46.921590 -> Puzzle bADoI - URL https://lichess.org/training/bADoI, Reviewed: TRUE -> Status: 200 Text:{""ok"":true}"
bCrmc,https://lichess.org/training/bCrmc,TRUE,False,"Processing row 1145: 2025-11-06 18:12:48.107934 -> Puzzle bCrmc - URL https://lichess.org/training/bCrmc, Reviewed: TRUE -> Status: 200 Text:{""ok"":true}"
bH7aW,https://lichess.org/training/bH7aW,TRUE,False,"Processing row 1146: 2025-11-06 18:12:49.355775 -> Puzzle bH7aW - URL https://lichess.org/training/bH7aW, Reviewed: TRUE -> Status: 200 Text:{""ok"":true}"
bKURw,https://lichess.org/training/bKURw,TRUE,False,"Processing row 1147: 2025-11-06 18:12:50.544971 -> Puzzle bKURw - URL https://lichess.org/training/bKURw, Reviewed: TRUE -> Status: 200 Text:{""ok"":true}"
bRRyy,https://lichess.org/training/bRRyy,TRUE,False,"Processing row 1148: 2025-11-06 18:12:51.735921 -> Puzzle bRRyy - URL https://lichess.org/training/bRRyy, Reviewed: TRUE -> Status: 200 Text:{""ok"":true}"
bS4o8,https://lichess.org/training/bS4o8,TRUE,False,"Processing row 1149: 2025-11-06 18:12:52.915208 -> Puzzle bS4o8 - URL https://lichess.org/training/bS4o8, Reviewed: TRUE -> Status: 200 Text:{""ok"":true}"
bSNQe,https://lichess.org/training/bSNQe,TRUE,False,"Processing row 1150: 2025-11-06 18:12:54.101202 -> Puzzle bSNQe - URL https://lichess.org/training/bSNQe, Reviewed: TRUE -> Status: 200 Text:{""ok"":true}"
bUacR,https://lichess.org/training/bUacR,TRUE,False,"Processing row 1151: 2025-11-06 18:12:55.310946 -> Puzzle bUacR - URL https://lichess.org/training/bUacR, Reviewed: TRUE -> Status: 200 Text:{""ok"":true}"
bZ3WE,https://lichess.org/training/bZ3WE,TRUE,False,"Processing row 1152: 2025-11-06 18:12:56.497311 -> Puzzle bZ3WE - URL https://lichess.org/training/bZ3WE, Reviewed: TRUE -> Status: 200 Text:{""ok"":true}"
bbYgM,https://lichess.org/training/bbYgM,TRUE,False,"Processing row 1153: 2025-11-06 18:12:57.674526 -> Puzzle bbYgM - URL https://lichess.org/training/bbYgM, Reviewed: TRUE -> Status: 200 Text:{""ok"":true}"
bcnfC,https://lichess.org/training/bcnfC,TRUE,False,"Processing row 1154: 2025-11-06 18:12:58.856479 -> Puzzle bcnfC - URL https://lichess.org/training/bcnfC, Reviewed: TRUE -> Status: 200 Text:{""ok"":true}"
bcyYT,https://lichess.org/training/bcyYT,TRUE,False,"Processing row 1155: 2025-11-06 18:13:00.064023 -> Puzzle bcyYT - URL https://lichess.org/training/bcyYT, Reviewed: TRUE -> Status: 200 Text:{""ok"":true}"
bdvwB,https://lichess.org/training/bdvwB,TRUE,False,"Processing row 1156: 2025-11-06 18:13:01.271857 -> Puzzle bdvwB - URL https://lichess.org/training/bdvwB, Reviewed: TRUE -> Status: 200 Text:{""ok"":true}"
bfBqV,https://lichess.org/training/bfBqV,TRUE,False,"Processing row 1157: 2025-11-06 18:13:02.456221 -> Puzzle bfBqV - URL https://lichess.org/training/bfBqV, Reviewed: TRUE -> Status: 200 Text:{""ok"":true}"
biL1R,https://lichess.org/training/biL1R,TRUE,False,"Processing row 1158: 2025-11-06 18:13:03.647900 -> Puzzle biL1R - URL https://lichess.org/training/biL1R, Reviewed: TRUE -> Status: 200 Text:{""ok"":true}"
bkKag,https://lichess.org/training/bkKag,TRUE,False,"Processing row 1159: 2025-11-06 18:13:04.834351 -> Puzzle bkKag - URL https://lichess.org/training/bkKag, Reviewed: TRUE -> Status: 200 Text:{""ok"":true}"
bl7hR,https://lichess.org/training/bl7hR,TRUE,False,"Processing row 1160: 2025-11-06 18:13:06.014918 -> Puzzle bl7hR - URL https://lichess.org/training/bl7hR, Reviewed: TRUE -> Status: 200 Text:{""ok"":true}"
bmCUh,https://lichess.org/training/bmCUh,TRUE,False,"Processing row 1161: 2025-11-06 18:13:07.211977 -> Puzzle bmCUh - URL https://lichess.org/training/bmCUh, Reviewed: TRUE -> Status: 200 Text:{""ok"":true}"
boAZv,https://lichess.org/training/boAZv,TRUE,False,"Processing row 1162: 2025-11-06 18:13:08.391483 -> Puzzle boAZv - URL https://lichess.org/training/boAZv, Reviewed: TRUE -> Status: 200 Text:{""ok"":true}"
boOnK,https://lichess.org/training/boOnK,TRUE,False,"Processing row 1163: 2025-11-06 18:13:09.576911 -> Puzzle boOnK - URL https://lichess.org/training/boOnK, Reviewed: TRUE -> Status: 200 Text:{""ok"":true}"
bpCCd,https://lichess.org/training/bpCCd,TRUE,False,"Processing row 1164: 2025-11-06 18:13:10.753526 -> Puzzle bpCCd - URL https://lichess.org/training/bpCCd, Reviewed: TRUE -> Status: 200 Text:{""ok"":true}"
bq9PI,https://lichess.org/training/bq9PI,TRUE,False,"Processing row 1165: 2025-11-06 18:13:11.924646 -> Puzzle bq9PI - URL https://lichess.org/training/bq9PI, Reviewed: TRUE -> Status: 200 Text:{""ok"":true}"
bqKuk,https://lichess.org/training/bqKuk,TRUE,False,"Processing row 1166: 2025-11-06 18:13:13.184344 -> Puzzle bqKuk - URL https://lichess.org/training/bqKuk, Reviewed: TRUE -> Status: 200 Text:{""ok"":true}"
brwnl,https://lichess.org/training/brwnl,TRUE,False,"Processing row 1167: 2025-11-06 18:13:14.400572 -> Puzzle brwnl - URL https://lichess.org/training/brwnl, Reviewed: TRUE -> Status: 200 Text:{""ok"":true}"
bsSNn,https://lichess.org/training/bsSNn,TRUE,False,"Processing row 1168: 2025-11-06 18:13:15.624184 -> Puzzle bsSNn - URL https://lichess.org/training/bsSNn, Reviewed: TRUE -> Status: 200 Text:{""ok"":true}"
bxpFa,https://lichess.org/training/bxpFa,TRUE,False,"Processing row 1169: 2025-11-06 18:13:16.802799 -> Puzzle bxpFa - URL https://lichess.org/training/bxpFa, Reviewed: TRUE -> Status: 200 Text:{""ok"":true}"
bzdVZ,https://lichess.org/training/bzdVZ,TRUE,False,"Processing row 1170: 2025-11-06 18:13:17.976717 -> Puzzle bzdVZ - URL https://lichess.org/training/bzdVZ, Reviewed: TRUE -> Status: 200 Text:{""ok"":true}"
c0ZVr,https://lichess.org/training/c0ZVr,TRUE,False,"Processing row 1171: 2025-11-06 18:13:19.176255 -> Puzzle c0ZVr - URL https://lichess.org/training/c0ZVr, Reviewed: TRUE -> Status: 200 Text:{""ok"":true}"
c0c9K,https://lichess.org/training/c0c9K,TRUE,False,"Processing row 1172: 2025-11-06 18:13:20.387463 -> Puzzle c0c9K - URL https://lichess.org/training/c0c9K, Reviewed: TRUE -> Status: 200 Text:{""ok"":true}"
c0ksW,https://lichess.org/training/c0ksW,TRUE,False,"Processing row 1173: 2025-11-06 18:13:21.568225 -> Puzzle c0ksW - URL https://lichess.org/training/c0ksW, Reviewed: TRUE -> Status: 200 Text:{""ok"":true}"
c1QJv,https://lichess.org/training/c1QJv,FALSE,False,X
c1R2S,https://lichess.org/training/c1R2S,TRUE,False,"Processing row 1175: 2025-11-06 18:13:22.752015 -> Puzzle c1R2S - URL https://lichess.org/training/c1R2S, Reviewed: TRUE -> Status: 200 Text:{""ok"":true}"
c6u0z,https://lichess.org/training/c6u0z,TRUE,False,"Processing row 1176: 2025-11-06 18:13:23.949339 -> Puzzle c6u0z - URL https://lichess.org/training/c6u0z, Reviewed: TRUE -> Status: 200 Text:{""ok"":true}"
c9gGk,https://lichess.org/training/c9gGk,TRUE,False,"Processing row 1177: 2025-11-06 18:13:25.150053 -> Puzzle c9gGk - URL https://lichess.org/training/c9gGk, Reviewed: TRUE -> Status: 200 Text:{""ok"":true}"
c9pkh,https://lichess.org/training/c9pkh,TRUE,False,"Processing row 1178: 2025-11-06 18:13:26.347859 -> Puzzle c9pkh - URL https://lichess.org/training/c9pkh, Reviewed: TRUE -> Status: 200 Text:{""ok"":true}"
cAeuq,https://lichess.org/training/cAeuq,TRUE,False,"Processing row 1179: 2025-11-06 18:13:27.537643 -> Puzzle cAeuq - URL https://lichess.org/training/cAeuq, Reviewed: TRUE -> Status: 200 Text:{""ok"":true}"
cFjh9,https://lichess.org/training/cFjh9,TRUE,False,"Processing row 1180: 2025-11-06 18:13:28.726225 -> Puzzle cFjh9 - URL https://lichess.org/training/cFjh9, Reviewed: TRUE -> Status: 200 Text:{""ok"":true}"
cG05h,https://lichess.org/training/cG05h,TRUE,False,"Processing row 1181: 2025-11-06 18:13:29.950808 -> Puzzle cG05h - URL https://lichess.org/training/cG05h, Reviewed: TRUE -> Status: 200 Text:{""ok"":true}"
cHQen,https://lichess.org/training/cHQen,TRUE,False,"Processing row 1182: 2025-11-06 18:13:31.146189 -> Puzzle cHQen - URL https://lichess.org/training/cHQen, Reviewed: TRUE -> Status: 200 Text:{""ok"":true}"
cJuur,https://lichess.org/training/cJuur,TRUE,False,"Processing row 1183: 2025-11-06 18:13:32.345220 -> Puzzle cJuur - URL https://lichess.org/training/cJuur, Reviewed: TRUE -> Status: 200 Text:{""ok"":true}"
cQj4M,https://lichess.org/training/cQj4M,TRUE,False,"Processing row 1184: 2025-11-06 18:13:33.536181 -> Puzzle cQj4M - URL https://lichess.org/training/cQj4M, Reviewed: TRUE -> Status: 200 Text:{""ok"":true}"
cRag7,https://lichess.org/training/cRag7,TRUE,False,"Processing row 1185: 2025-11-06 18:13:34.716807 -> Puzzle cRag7 - URL https://lichess.org/training/cRag7, Reviewed: TRUE -> Status: 200 Text:{""ok"":true}"
cRoKP,https://lichess.org/training/cRoKP,TRUE,False,"Processing row 1186: 2025-11-06 18:13:35.899025 -> Puzzle cRoKP - URL https://lichess.org/training/cRoKP, Reviewed: TRUE -> Status: 200 Text:{""ok"":true}"
cS2p4,https://lichess.org/training/cS2p4,FALSE,False,X
cVPMO,https://lichess.org/training/cVPMO,TRUE,False,"Processing row 1188: 2025-11-06 18:13:37.091640 -> Puzzle cVPMO - URL https://lichess.org/training/cVPMO, Reviewed: TRUE -> Status: 200 Text:{""ok"":true}"
cW7zB,https://lichess.org/training/cW7zB,TRUE,False,"Processing row 1189: 2025-11-06 18:13:38.281578 -> Puzzle cW7zB - URL https://lichess.org/training/cW7zB, Reviewed: TRUE -> Status: 200 Text:{""ok"":true}"
cWdfV,https://lichess.org/training/cWdfV,TRUE,False,"Processing row 1190: 2025-11-06 18:13:39.463418 -> Puzzle cWdfV - URL https://lichess.org/training/cWdfV, Reviewed: TRUE -> Status: 200 Text:{""ok"":true}"
cYLFi,https://lichess.org/training/cYLFi,TRUE,False,"Processing row 1191: 2025-11-06 18:13:40.671242 -> Puzzle cYLFi - URL https://lichess.org/training/cYLFi, Reviewed: TRUE -> Status: 200 Text:{""ok"":true}"
cZP02,https://lichess.org/training/cZP02,TRUE,False,"Processing row 1192: 2025-11-06 18:13:41.858246 -> Puzzle cZP02 - URL https://lichess.org/training/cZP02, Reviewed: TRUE -> Status: 200 Text:{""ok"":true}"
cbOUL,https://lichess.org/training/cbOUL,TRUE,False,"Processing row 1193: 2025-11-06 18:13:43.040929 -> Puzzle cbOUL - URL https://lichess.org/training/cbOUL, Reviewed: TRUE -> Status: 200 Text:{""ok"":true}"
cbqf3,https://lichess.org/training/cbqf3,TRUE,False,"Processing row 1194: 2025-11-06 18:13:44.234394 -> Puzzle cbqf3 - URL https://lichess.org/training/cbqf3, Reviewed: TRUE -> Status: 200 Text:{""ok"":true}"
ckZiI,https://lichess.org/training/ckZiI,TRUE,False,"Processing row 1195: 2025-11-06 18:13:45.446774 -> Puzzle ckZiI - URL https://lichess.org/training/ckZiI, Reviewed: TRUE -> Status: 200 Text:{""ok"":true}"
cqQdb,https://lichess.org/training/cqQdb,TRUE,False,"Processing row 1196: 2025-11-06 18:13:46.623018 -> Puzzle cqQdb - URL https://lichess.org/training/cqQdb, Reviewed: TRUE -> Status: 200 Text:{""ok"":true}"
cqj7M,https://lichess.org/training/cqj7M,TRUE,False,"Processing row 1197: 2025-11-06 18:13:47.801273 -> Puzzle cqj7M - URL https://lichess.org/training/cqj7M, Reviewed: TRUE -> Status: 200 Text:{""ok"":true}"
ctHB6,https://lichess.org/training/ctHB6,TRUE,False,"Processing row 1198: 2025-11-06 18:13:48.978669 -> Puzzle ctHB6 - URL https://lichess.org/training/ctHB6, Reviewed: TRUE -> Status: 200 Text:{""ok"":true}"
cwHQT,https://lichess.org/training/cwHQT,TRUE,False,"Processing row 1199: 2025-11-06 18:13:50.147920 -> Puzzle cwHQT - URL https://lichess.org/training/cwHQT, Reviewed: TRUE -> Status: 200 Text:{""ok"":true}"
cypiK,https://lichess.org/training/cypiK,TRUE,False,"Processing row 1200: 2025-11-06 18:13:51.343944 -> Puzzle cypiK - URL https://lichess.org/training/cypiK, Reviewed: TRUE -> Status: 200 Text:{""ok"":true}"
czeLY,https://lichess.org/training/czeLY,TRUE,False,"Processing row 1201: 2025-11-06 18:13:52.517387 -> Puzzle czeLY - URL https://lichess.org/training/czeLY, Reviewed: TRUE -> Status: 200 Text:{""ok"":true}"
d1FjN,https://lichess.org/training/d1FjN,TRUE,False,"Processing row 1202: 2025-11-06 18:13:53.705605 -> Puzzle d1FjN - URL https://lichess.org/training/d1FjN, Reviewed: TRUE -> Status: 200 Text:{""ok"":true}"
d1Zou,https://lichess.org/training/d1Zou,TRUE,False,"Processing row 1203: 2025-11-06 18:13:55.037008 -> Puzzle d1Zou - URL https://lichess.org/training/d1Zou, Reviewed: TRUE -> Status: 200 Text:{""ok"":true}"
d4O1K,https://lichess.org/training/d4O1K,TRUE,False,"Processing row 1204: 2025-11-06 18:13:56.258622 -> Puzzle d4O1K - URL https://lichess.org/training/d4O1K, Reviewed: TRUE -> Status: 200 Text:{""ok"":true}"
d4ftw,https://lichess.org/training/d4ftw,TRUE,False,"Processing row 1205: 2025-11-06 18:13:57.476001 -> Puzzle d4ftw - URL https://lichess.org/training/d4ftw, Reviewed: TRUE -> Status: 200 Text:{""ok"":true}"
d5OVA,https://lichess.org/training/d5OVA,TRUE,False,"Processing row 1206: 2025-11-06 18:13:58.700604 -> Puzzle d5OVA - URL https://lichess.org/training/d5OVA, Reviewed: TRUE -> Status: 200 Text:{""ok"":true}"
d6RE8,https://lichess.org/training/d6RE8,TRUE,False,"Processing row 1207: 2025-11-06 18:13:59.881615 -> Puzzle d6RE8 - URL https://lichess.org/training/d6RE8, Reviewed: TRUE -> Status: 200 Text:{""ok"":true}"
d7jfe,https://lichess.org/training/d7jfe,TRUE,False,"Processing row 1208: 2025-11-06 18:14:01.093569 -> Puzzle d7jfe - URL https://lichess.org/training/d7jfe, Reviewed: TRUE -> Status: 200 Text:{""ok"":true}"
d9BCB,https://lichess.org/training/d9BCB,TRUE,False,"Processing row 1209: 2025-11-06 18:14:02.284560 -> Puzzle d9BCB - URL https://lichess.org/training/d9BCB, Reviewed: TRUE -> Status: 200 Text:{""ok"":true}"
dAzQC,https://lichess.org/training/dAzQC,TRUE,False,"Processing row 1210: 2025-11-06 18:14:03.463368 -> Puzzle dAzQC - URL https://lichess.org/training/dAzQC, Reviewed: TRUE -> Status: 200 Text:{""ok"":true}"
dJkYg,https://lichess.org/training/dJkYg,TRUE,False,"Processing row 1211: 2025-11-06 18:14:04.656995 -> Puzzle dJkYg - URL https://lichess.org/training/dJkYg, Reviewed: TRUE -> Status: 200 Text:{""ok"":true}"
dJvMS,https://lichess.org/training/dJvMS,TRUE,False,"Processing row 1212: 2025-11-06 18:14:05.849851 -> Puzzle dJvMS - URL https://lichess.org/training/dJvMS, Reviewed: TRUE -> Status: 200 Text:{""ok"":true}"
dNDw8,https://lichess.org/training/dNDw8,TRUE,False,"Processing row 1213: 2025-11-06 18:14:07.040050 -> Puzzle dNDw8 - URL https://lichess.org/training/dNDw8, Reviewed: TRUE -> Status: 200 Text:{""ok"":true}"
dR29P,https://lichess.org/training/dR29P,TRUE,False,"Processing row 1214: 2025-11-06 18:14:08.230839 -> Puzzle dR29P - URL https://lichess.org/training/dR29P, Reviewed: TRUE -> Status: 200 Text:{""ok"":true}"
dRjbP,https://lichess.org/training/dRjbP,TRUE,False,"Processing row 1215: 2025-11-06 18:14:09.437777 -> Puzzle dRjbP - URL https://lichess.org/training/dRjbP, Reviewed: TRUE -> Status: 200 Text:{""ok"":true}"
dWK7p,https://lichess.org/training/dWK7p,TRUE,False,"Processing row 1216: 2025-11-06 18:14:10.613899 -> Puzzle dWK7p - URL https://lichess.org/training/dWK7p, Reviewed: TRUE -> Status: 200 Text:{""ok"":true}"
dXn8t,https://lichess.org/training/dXn8t,TRUE,False,"Processing row 1217: 2025-11-06 18:14:11.786593 -> Puzzle dXn8t - URL https://lichess.org/training/dXn8t, Reviewed: TRUE -> Status: 200 Text:{""ok"":true}"
daFYE,https://lichess.org/training/daFYE,TRUE,False,"Processing row 1218: 2025-11-06 18:14:12.961887 -> Puzzle daFYE - URL https://lichess.org/training/daFYE, Reviewed: TRUE -> Status: 200 Text:{""ok"":true}"
dbSmS,https://lichess.org/training/dbSmS,TRUE,False,"Processing row 1219: 2025-11-06 18:14:14.150918 -> Puzzle dbSmS - URL https://lichess.org/training/dbSmS, Reviewed: TRUE -> Status: 200 Text:{""ok"":true}"
dcalZ,https://lichess.org/training/dcalZ,TRUE,False,"Processing row 1220: 2025-11-06 18:14:15.327323 -> Puzzle dcalZ - URL https://lichess.org/training/dcalZ, Reviewed: TRUE -> Status: 200 Text:{""ok"":true}"
dd9Cb,https://lichess.org/training/dd9Cb,TRUE,False,"Processing row 1221: 2025-11-06 18:14:16.517271 -> Puzzle dd9Cb - URL https://lichess.org/training/dd9Cb, Reviewed: TRUE -> Status: 200 Text:{""ok"":true}"
dgd8x,https://lichess.org/training/dgd8x,TRUE,False,"Processing row 1222: 2025-11-06 18:14:17.705470 -> Puzzle dgd8x - URL https://lichess.org/training/dgd8x, Reviewed: TRUE -> Status: 200 Text:{""ok"":true}"
dhX94,https://lichess.org/training/dhX94,TRUE,False,"Processing row 1223: 2025-11-06 18:14:18.871555 -> Puzzle dhX94 - URL https://lichess.org/training/dhX94, Reviewed: TRUE -> Status: 200 Text:{""ok"":true}"
dhle0,https://lichess.org/training/dhle0,TRUE,False,"Processing row 1224: 2025-11-06 18:14:20.054281 -> Puzzle dhle0 - URL https://lichess.org/training/dhle0, Reviewed: TRUE -> Status: 200 Text:{""ok"":true}"
dhz1h,https://lichess.org/training/dhz1h,TRUE,False,"Processing row 1225: 2025-11-06 18:14:21.234632 -> Puzzle dhz1h - URL https://lichess.org/training/dhz1h, Reviewed: TRUE -> Status: 200 Text:{""ok"":true}"
djpRK,https://lichess.org/training/djpRK,TRUE,False,"Processing row 1226: 2025-11-06 18:14:22.453720 -> Puzzle djpRK - URL https://lichess.org/training/djpRK, Reviewed: TRUE -> Status: 200 Text:{""ok"":true}"
dnn83,https://lichess.org/training/dnn83,TRUE,False,"Processing row 1227: 2025-11-06 18:14:23.624630 -> Puzzle dnn83 - URL https://lichess.org/training/dnn83, Reviewed: TRUE -> Status: 200 Text:{""ok"":true}"
drgJ4,https://lichess.org/training/drgJ4,TRUE,False,"Processing row 1228: 2025-11-06 18:14:24.930602 -> Puzzle drgJ4 - URL https://lichess.org/training/drgJ4, Reviewed: TRUE -> Status: 200 Text:{""ok"":true}"
dsLQS,https://lichess.org/training/dsLQS,TRUE,False,"Processing row 1229: 2025-11-06 18:14:26.104979 -> Puzzle dsLQS - URL https://lichess.org/training/dsLQS, Reviewed: TRUE -> Status: 200 Text:{""ok"":true}"
dwIj0,https://lichess.org/training/dwIj0,TRUE,False,"Processing row 1230: 2025-11-06 18:14:27.278972 -> Puzzle dwIj0 - URL https://lichess.org/training/dwIj0, Reviewed: TRUE -> Status: 200 Text:{""ok"":true}"
dxqb7,https://lichess.org/training/dxqb7,TRUE,False,"Processing row 1231: 2025-11-06 18:14:28.455233 -> Puzzle dxqb7 - URL https://lichess.org/training/dxqb7, Reviewed: TRUE -> Status: 200 Text:{""ok"":true}"
e0PJl,https://lichess.org/training/e0PJl,TRUE,False,"Processing row 1232: 2025-11-06 18:14:29.631024 -> Puzzle e0PJl - URL https://lichess.org/training/e0PJl, Reviewed: TRUE -> Status: 200 Text:{""ok"":true}"
e0dnU,https://lichess.org/training/e0dnU,TRUE,False,"Processing row 1233: 2025-11-06 18:14:30.801119 -> Puzzle e0dnU - URL https://lichess.org/training/e0dnU, Reviewed: TRUE -> Status: 200 Text:{""ok"":true}"
e15yW,https://lichess.org/training/e15yW,TRUE,False,"Processing row 1234: 2025-11-06 18:14:31.975868 -> Puzzle e15yW - URL https://lichess.org/training/e15yW, Reviewed: TRUE -> Status: 200 Text:{""ok"":true}"
e3BbT,https://lichess.org/training/e3BbT,TRUE,False,"Processing row 1235: 2025-11-06 18:14:33.160076 -> Puzzle e3BbT - URL https://lichess.org/training/e3BbT, Reviewed: TRUE -> Status: 200 Text:{""ok"":true}"
e5qtP,https://lichess.org/training/e5qtP,TRUE,False,"Processing row 1236: 2025-11-06 18:14:34.353521 -> Puzzle e5qtP - URL https://lichess.org/training/e5qtP, Reviewed: TRUE -> Status: 200 Text:{""ok"":true}"
e6dmO,https://lichess.org/training/e6dmO,TRUE,False,"Processing row 1237: 2025-11-06 18:14:35.618277 -> Puzzle e6dmO - URL https://lichess.org/training/e6dmO, Reviewed: TRUE -> Status: 200 Text:{""ok"":true}"
e6rIp,https://lichess.org/training/e6rIp,TRUE,False,"Processing row 1238: 2025-11-06 18:14:36.816211 -> Puzzle e6rIp - URL https://lichess.org/training/e6rIp, Reviewed: TRUE -> Status: 200 Text:{""ok"":true}"
e8wn5,https://lichess.org/training/e8wn5,TRUE,False,"Processing row 1239: 2025-11-06 18:14:38.031626 -> Puzzle e8wn5 - URL https://lichess.org/training/e8wn5, Reviewed: TRUE -> Status: 200 Text:{""ok"":true}"
eJWCg,https://lichess.org/training/eJWCg,TRUE,False,"Processing row 1240: 2025-11-06 18:14:39.252771 -> Puzzle eJWCg - URL https://lichess.org/training/eJWCg, Reviewed: TRUE -> Status: 200 Text:{""ok"":true}"
eMWCF,https://lichess.org/training/eMWCF,TRUE,False,"Processing row 1241: 2025-11-06 18:14:40.430582 -> Puzzle eMWCF - URL https://lichess.org/training/eMWCF, Reviewed: TRUE -> Status: 200 Text:{""ok"":true}"
eOGHX,https://lichess.org/training/eOGHX,TRUE,False,"Processing row 1242: 2025-11-06 18:14:41.615276 -> Puzzle eOGHX - URL https://lichess.org/training/eOGHX, Reviewed: TRUE -> Status: 200 Text:{""ok"":true}"
ePERk,https://lichess.org/training/ePERk,TRUE,False,"Processing row 1243: 2025-11-06 18:14:42.780955 -> Puzzle ePERk - URL https://lichess.org/training/ePERk, Reviewed: TRUE -> Status: 200 Text:{""ok"":true}"
eQwtE,https://lichess.org/training/eQwtE,TRUE,False,"Processing row 1244: 2025-11-06 18:14:43.954967 -> Puzzle eQwtE - URL https://lichess.org/training/eQwtE, Reviewed: TRUE -> Status: 200 Text:{""ok"":true}"
eW1Pp,https://lichess.org/training/eW1Pp,TRUE,False,"Processing row 1245: 2025-11-06 18:14:45.154526 -> Puzzle eW1Pp - URL https://lichess.org/training/eW1Pp, Reviewed: TRUE -> Status: 200 Text:{""ok"":true}"
eWvcM,https://lichess.org/training/eWvcM,TRUE,False,"Processing row 1246: 2025-11-06 18:14:46.343959 -> Puzzle eWvcM - URL https://lichess.org/training/eWvcM, Reviewed: TRUE -> Status: 200 Text:{""ok"":true}"
eXt3h,https://lichess.org/training/eXt3h,TRUE,False,"Processing row 1247: 2025-11-06 18:14:47.513803 -> Puzzle eXt3h - URL https://lichess.org/training/eXt3h, Reviewed: TRUE -> Status: 200 Text:{""ok"":true}"
eYd0j,https://lichess.org/training/eYd0j,TRUE,False,"Processing row 1248: 2025-11-06 18:14:48.693771 -> Puzzle eYd0j - URL https://lichess.org/training/eYd0j, Reviewed: TRUE -> Status: 200 Text:{""ok"":true}"
eeNfa,https://lichess.org/training/eeNfa,TRUE,False,"Processing row 1249: 2025-11-06 18:14:49.894808 -> Puzzle eeNfa - URL https://lichess.org/training/eeNfa, Reviewed: TRUE -> Status: 200 Text:{""ok"":true}"
egvQ3,https://lichess.org/training/egvQ3,TRUE,False,"Processing row 1250: 2025-11-06 18:14:51.083447 -> Puzzle egvQ3 - URL https://lichess.org/training/egvQ3, Reviewed: TRUE -> Status: 200 Text:{""ok"":true}"
ehaog,https://lichess.org/training/ehaog,TRUE,False,"Processing row 1251: 2025-11-06 18:14:52.269212 -> Puzzle ehaog - URL https://lichess.org/training/ehaog, Reviewed: TRUE -> Status: 200 Text:{""ok"":true}"
eiGTw,https://lichess.org/training/eiGTw,TRUE,False,"Processing row 1252: 2025-11-06 18:14:53.459730 -> Puzzle eiGTw - URL https://lichess.org/training/eiGTw, Reviewed: TRUE -> Status: 200 Text:{""ok"":true}"
en55I,https://lichess.org/training/en55I,TRUE,False,"Processing row 1253: 2025-11-06 18:14:54.651894 -> Puzzle en55I - URL https://lichess.org/training/en55I, Reviewed: TRUE -> Status: 200 Text:{""ok"":true}"
eoGQk,https://lichess.org/training/eoGQk,TRUE,False,"Processing row 1254: 2025-11-06 18:14:55.845620 -> Puzzle eoGQk - URL https://lichess.org/training/eoGQk, Reviewed: TRUE -> Status: 200 Text:{""ok"":true}"
epXO2,https://lichess.org/training/epXO2,TRUE,False,"Processing row 1255: 2025-11-06 18:14:57.024086 -> Puzzle epXO2 - URL https://lichess.org/training/epXO2, Reviewed: TRUE -> Status: 200 Text:{""ok"":true}"
eqCnI,https://lichess.org/training/eqCnI,TRUE,False,"Processing row 1256: 2025-11-06 18:14:58.241214 -> Puzzle eqCnI - URL https://lichess.org/training/eqCnI, Reviewed: TRUE -> Status: 200 Text:{""ok"":true}"
esRPI,https://lichess.org/training/esRPI,TRUE,False,"Processing row 1257: 2025-11-06 18:14:59.439062 -> Puzzle esRPI - URL https://lichess.org/training/esRPI, Reviewed: TRUE -> Status: 200 Text:{""ok"":true}"
eshxM,https://lichess.org/training/eshxM,TRUE,False,"Processing row 1258: 2025-11-06 18:15:00.652732 -> Puzzle eshxM - URL https://lichess.org/training/eshxM, Reviewed: TRUE -> Status: 200 Text:{""ok"":true}"
evWmg,https://lichess.org/training/evWmg,TRUE,False,"Processing row 1259: 2025-11-06 18:15:01.831161 -> Puzzle evWmg - URL https://lichess.org/training/evWmg, Reviewed: TRUE -> Status: 200 Text:{""ok"":true}"
ewlzX,https://lichess.org/training/ewlzX,TRUE,False,"Processing row 1260: 2025-11-06 18:15:03.123409 -> Puzzle ewlzX - URL https://lichess.org/training/ewlzX, Reviewed: TRUE -> Status: 200 Text:{""ok"":true}"
f2S4O,https://lichess.org/training/f2S4O,TRUE,False,"Processing row 1261: 2025-11-06 18:15:04.307774 -> Puzzle f2S4O - URL https://lichess.org/training/f2S4O, Reviewed: TRUE -> Status: 200 Text:{""ok"":true}"
f36T8,https://lichess.org/training/f36T8,TRUE,False,"Processing row 1262: 2025-11-06 18:15:05.491413 -> Puzzle f36T8 - URL https://lichess.org/training/f36T8, Reviewed: TRUE -> Status: 200 Text:{""ok"":true}"
f46RJ,https://lichess.org/training/f46RJ,TRUE,False,"Processing row 1263: 2025-11-06 18:15:06.673405 -> Puzzle f46RJ - URL https://lichess.org/training/f46RJ, Reviewed: TRUE -> Status: 200 Text:{""ok"":true}"
f5f8f,https://lichess.org/training/f5f8f,TRUE,False,"Processing row 1264: 2025-11-06 18:15:07.844866 -> Puzzle f5f8f - URL https://lichess.org/training/f5f8f, Reviewed: TRUE -> Status: 200 Text:{""ok"":true}"
f7liR,https://lichess.org/training/f7liR,TRUE,False,"Processing row 1265: 2025-11-06 18:15:09.021339 -> Puzzle f7liR - URL https://lichess.org/training/f7liR, Reviewed: TRUE -> Status: 200 Text:{""ok"":true}"
fBmLb,https://lichess.org/training/fBmLb,TRUE,False,"Processing row 1266: 2025-11-06 18:15:10.222942 -> Puzzle fBmLb - URL https://lichess.org/training/fBmLb, Reviewed: TRUE -> Status: 200 Text:{""ok"":true}"
fCFRP,https://lichess.org/training/fCFRP,TRUE,False,"Processing row 1267: 2025-11-06 18:15:11.409961 -> Puzzle fCFRP - URL https://lichess.org/training/fCFRP, Reviewed: TRUE -> Status: 200 Text:{""ok"":true}"
fCmCV,https://lichess.org/training/fCmCV,TRUE,False,"Processing row 1268: 2025-11-06 18:15:12.591219 -> Puzzle fCmCV - URL https://lichess.org/training/fCmCV, Reviewed: TRUE -> Status: 200 Text:{""ok"":true}"
fG5KX,https://lichess.org/training/fG5KX,TRUE,False,"Processing row 1269: 2025-11-06 18:15:13.843018 -> Puzzle fG5KX - URL https://lichess.org/training/fG5KX, Reviewed: TRUE -> Status: 200 Text:{""ok"":true}"
fH1Mj,https://lichess.org/training/fH1Mj,TRUE,False,"Processing row 1270: 2025-11-06 18:15:15.034083 -> Puzzle fH1Mj - URL https://lichess.org/training/fH1Mj, Reviewed: TRUE -> Status: 200 Text:{""ok"":true}"
fKGOv,https://lichess.org/training/fKGOv,TRUE,False,"Processing row 1271: 2025-11-06 18:15:16.219767 -> Puzzle fKGOv - URL https://lichess.org/training/fKGOv, Reviewed: TRUE -> Status: 200 Text:{""ok"":true}"
fKvDS,https://lichess.org/training/fKvDS,TRUE,False,"Processing row 1272: 2025-11-06 18:15:17.430941 -> Puzzle fKvDS - URL https://lichess.org/training/fKvDS, Reviewed: TRUE -> Status: 200 Text:{""ok"":true}"
fPyWO,https://lichess.org/training/fPyWO,TRUE,False,"Processing row 1273: 2025-11-06 18:15:18.623865 -> Puzzle fPyWO - URL https://lichess.org/training/fPyWO, Reviewed: TRUE -> Status: 200 Text:{""ok"":true}"
fSEkU,https://lichess.org/training/fSEkU,TRUE,False,"Processing row 1274: 2025-11-06 18:15:19.800527 -> Puzzle fSEkU - URL https://lichess.org/training/fSEkU, Reviewed: TRUE -> Status: 200 Text:{""ok"":true}"
fTCGm,https://lichess.org/training/fTCGm,TRUE,False,"Processing row 1275: 2025-11-06 18:15:20.998434 -> Puzzle fTCGm - URL https://lichess.org/training/fTCGm, Reviewed: TRUE -> Status: 200 Text:{""ok"":true}"
fWMsO,https://lichess.org/training/fWMsO,TRUE,False,"Processing row 1276: 2025-11-06 18:15:22.180104 -> Puzzle fWMsO - URL https://lichess.org/training/fWMsO, Reviewed: TRUE -> Status: 200 Text:{""ok"":true}"
fadrh,https://lichess.org/training/fadrh,TRUE,False,"Processing row 1277: 2025-11-06 18:15:23.368149 -> Puzzle fadrh - URL https://lichess.org/training/fadrh, Reviewed: TRUE -> Status: 200 Text:{""ok"":true}"
fcIIl,https://lichess.org/training/fcIIl,TRUE,False,"Processing row 1278: 2025-11-06 18:15:24.551552 -> Puzzle fcIIl - URL https://lichess.org/training/fcIIl, Reviewed: TRUE -> Status: 200 Text:{""ok"":true}"
fczsz,https://lichess.org/training/fczsz,TRUE,False,"Processing row 1279: 2025-11-06 18:15:25.734147 -> Puzzle fczsz - URL https://lichess.org/training/fczsz, Reviewed: TRUE -> Status: 200 Text:{""ok"":true}"
fgSk3,https://lichess.org/training/fgSk3,TRUE,False,"Processing row 1280: 2025-11-06 18:15:26.910345 -> Puzzle fgSk3 - URL https://lichess.org/training/fgSk3, Reviewed: TRUE -> Status: 200 Text:{""ok"":true}"
fi0gh,https://lichess.org/training/fi0gh,TRUE,False,"Processing row 1281: 2025-11-06 18:15:28.094982 -> Puzzle fi0gh - URL https://lichess.org/training/fi0gh, Reviewed: TRUE -> Status: 200 Text:{""ok"":true}"
fjcvP,https://lichess.org/training/fjcvP,FALSE,False,X
fjp4G,https://lichess.org/training/fjp4G,TRUE,False,"Processing row 1283: 2025-11-06 18:15:29.282254 -> Puzzle fjp4G - URL https://lichess.org/training/fjp4G, Reviewed: TRUE -> Status: 200 Text:{""ok"":true}"
flNrz,https://lichess.org/training/flNrz,TRUE,False,"Processing row 1284: 2025-11-06 18:15:30.461719 -> Puzzle flNrz - URL https://lichess.org/training/flNrz, Reviewed: TRUE -> Status: 200 Text:{""ok"":true}"
fm3g6,https://lichess.org/training/fm3g6,TRUE,False,"Processing row 1285: 2025-11-06 18:15:31.638948 -> Puzzle fm3g6 - URL https://lichess.org/training/fm3g6, Reviewed: TRUE -> Status: 200 Text:{""ok"":true}"
fo55F,https://lichess.org/training/fo55F,TRUE,False,"Processing row 1286: 2025-11-06 18:15:32.819429 -> Puzzle fo55F - URL https://lichess.org/training/fo55F, Reviewed: TRUE -> Status: 200 Text:{""ok"":true}"
fpp5m,https://lichess.org/training/fpp5m,TRUE,False,"Processing row 1287: 2025-11-06 18:15:34.101163 -> Puzzle fpp5m - URL https://lichess.org/training/fpp5m, Reviewed: TRUE -> Status: 200 Text:{""ok"":true}"
fqtt3,https://lichess.org/training/fqtt3,TRUE,False,"Processing row 1288: 2025-11-06 18:15:35.290435 -> Puzzle fqtt3 - URL https://lichess.org/training/fqtt3, Reviewed: TRUE -> Status: 200 Text:{""ok"":true}"
frIpQ,https://lichess.org/training/frIpQ,TRUE,False,"Processing row 1289: 2025-11-06 18:15:36.484153 -> Puzzle frIpQ - URL https://lichess.org/training/frIpQ, Reviewed: TRUE -> Status: 200 Text:{""ok"":true}"
fuP5e,https://lichess.org/training/fuP5e,TRUE,False,"Processing row 1290: 2025-11-06 18:15:37.677818 -> Puzzle fuP5e - URL https://lichess.org/training/fuP5e, Reviewed: TRUE -> Status: 200 Text:{""ok"":true}"
fvBBl,https://lichess.org/training/fvBBl,TRUE,False,"Processing row 1291: 2025-11-06 18:15:38.858298 -> Puzzle fvBBl - URL https://lichess.org/training/fvBBl, Reviewed: TRUE -> Status: 200 Text:{""ok"":true}"
fznSy,https://lichess.org/training/fznSy,TRUE,False,"Processing row 1292: 2025-11-06 18:15:40.043323 -> Puzzle fznSy - URL https://lichess.org/training/fznSy, Reviewed: TRUE -> Status: 200 Text:{""ok"":true}"
g6Kbd,https://lichess.org/training/g6Kbd,TRUE,False,"Processing row 1293: 2025-11-06 18:15:41.249487 -> Puzzle g6Kbd - URL https://lichess.org/training/g6Kbd, Reviewed: TRUE -> Status: 200 Text:{""ok"":true}"
g8uSr,https://lichess.org/training/g8uSr,TRUE,False,"Processing row 1294: 2025-11-06 18:15:42.431687 -> Puzzle g8uSr - URL https://lichess.org/training/g8uSr, Reviewed: TRUE -> Status: 200 Text:{""ok"":true}"
gCcr2,https://lichess.org/training/gCcr2,TRUE,False,"Processing row 1295: 2025-11-06 18:15:43.620253 -> Puzzle gCcr2 - URL https://lichess.org/training/gCcr2, Reviewed: TRUE -> Status: 200 Text:{""ok"":true}"
gFUxo,https://lichess.org/training/gFUxo,TRUE,False,"Processing row 1296: 2025-11-06 18:15:44.802331 -> Puzzle gFUxo - URL https://lichess.org/training/gFUxo, Reviewed: TRUE -> Status: 200 Text:{""ok"":true}"
gGgGz,https://lichess.org/training/gGgGz,TRUE,False,"Processing row 1297: 2025-11-06 18:15:46.008716 -> Puzzle gGgGz - URL https://lichess.org/training/gGgGz, Reviewed: TRUE -> Status: 200 Text:{""ok"":true}"
gKTBF,https://lichess.org/training/gKTBF,TRUE,False,"Processing row 1298: 2025-11-06 18:15:47.218119 -> Puzzle gKTBF - URL https://lichess.org/training/gKTBF, Reviewed: TRUE -> Status: 200 Text:{""ok"":true}"
gKuFi,https://lichess.org/training/gKuFi,TRUE,False,"Processing row 1299: 2025-11-06 18:15:48.413251 -> Puzzle gKuFi - URL https://lichess.org/training/gKuFi, Reviewed: TRUE -> Status: 200 Text:{""ok"":true}"
gNhlD,https://lichess.org/training/gNhlD,TRUE,False,"Processing row 1300: 2025-11-06 18:15:49.600086 -> Puzzle gNhlD - URL https://lichess.org/training/gNhlD, Reviewed: TRUE -> Status: 200 Text:{""ok"":true}"
gUeWM,https://lichess.org/training/gUeWM,TRUE,False,"Processing row 1301: 2025-11-06 18:15:50.797229 -> Puzzle gUeWM - URL https://lichess.org/training/gUeWM, Reviewed: TRUE -> Status: 200 Text:{""ok"":true}"
gW44l,https://lichess.org/training/gW44l,TRUE,False,"Processing row 1302: 2025-11-06 18:15:52.004949 -> Puzzle gW44l - URL https://lichess.org/training/gW44l, Reviewed: TRUE -> Status: 200 Text:{""ok"":true}"
gXBAn,https://lichess.org/training/gXBAn,TRUE,False,"Processing row 1303: 2025-11-06 18:15:53.195693 -> Puzzle gXBAn - URL https://lichess.org/training/gXBAn, Reviewed: TRUE -> Status: 200 Text:{""ok"":true}"
gYQNi,https://lichess.org/training/gYQNi,TRUE,False,"Processing row 1304: 2025-11-06 18:15:54.392762 -> Puzzle gYQNi - URL https://lichess.org/training/gYQNi, Reviewed: TRUE -> Status: 200 Text:{""ok"":true}"
gYnSG,https://lichess.org/training/gYnSG,TRUE,False,"Processing row 1305: 2025-11-06 18:15:55.599341 -> Puzzle gYnSG - URL https://lichess.org/training/gYnSG, Reviewed: TRUE -> Status: 200 Text:{""ok"":true}"
gaPvF,https://lichess.org/training/gaPvF,TRUE,False,"Processing row 1306: 2025-11-06 18:15:56.775814 -> Puzzle gaPvF - URL https://lichess.org/training/gaPvF, Reviewed: TRUE -> Status: 200 Text:{""ok"":true}"
gcurX,https://lichess.org/training/gcurX,TRUE,False,"Processing row 1307: 2025-11-06 18:15:57.956631 -> Puzzle gcurX - URL https://lichess.org/training/gcurX, Reviewed: TRUE -> Status: 200 Text:{""ok"":true}"
gem7T,https://lichess.org/training/gem7T,TRUE,False,"Processing row 1308: 2025-11-06 18:15:59.136965 -> Puzzle gem7T - URL https://lichess.org/training/gem7T, Reviewed: TRUE -> Status: 200 Text:{""ok"":true}"
gldes,https://lichess.org/training/gldes,FALSE,False,X
gm5qN,https://lichess.org/training/gm5qN,TRUE,False,"Processing row 1310: 2025-11-06 18:16:00.320753 -> Puzzle gm5qN - URL https://lichess.org/training/gm5qN, Reviewed: TRUE -> Status: 200 Text:{""ok"":true}"
gn19q,https://lichess.org/training/gn19q,TRUE,False,"Processing row 1311: 2025-11-06 18:16:01.608700 -> Puzzle gn19q - URL https://lichess.org/training/gn19q, Reviewed: TRUE -> Status: 200 Text:{""ok"":true}"
gn4j2,https://lichess.org/training/gn4j2,TRUE,False,"Processing row 1312: 2025-11-06 18:16:02.798709 -> Puzzle gn4j2 - URL https://lichess.org/training/gn4j2, Reviewed: TRUE -> Status: 200 Text:{""ok"":true}"
goUBo,https://lichess.org/training/goUBo,TRUE,False,"Processing row 1313: 2025-11-06 18:16:03.993085 -> Puzzle goUBo - URL https://lichess.org/training/goUBo, Reviewed: TRUE -> Status: 200 Text:{""ok"":true}"
gpzCh,https://lichess.org/training/gpzCh,TRUE,False,"Processing row 1314: 2025-11-06 18:16:05.180736 -> Puzzle gpzCh - URL https://lichess.org/training/gpzCh, Reviewed: TRUE -> Status: 200 Text:{""ok"":true}"
gsMhE,https://lichess.org/training/gsMhE,TRUE,False,"Processing row 1315: 2025-11-06 18:16:06.369375 -> Puzzle gsMhE - URL https://lichess.org/training/gsMhE, Reviewed: TRUE -> Status: 200 Text:{""ok"":true}"
gsqwQ,https://lichess.org/training/gsqwQ,FALSE,False,X
gxSDM,https://lichess.org/training/gxSDM,TRUE,False,"Processing row 1317: 2025-11-06 18:16:07.664157 -> Puzzle gxSDM - URL https://lichess.org/training/gxSDM, Reviewed: TRUE -> Status: 200 Text:{""ok"":true}"
h0oiy,https://lichess.org/training/h0oiy,TRUE,False,"Processing row 1318: 2025-11-06 18:16:08.841424 -> Puzzle h0oiy - URL https://lichess.org/training/h0oiy, Reviewed: TRUE -> Status: 200 Text:{""ok"":true}"
h25bM,https://lichess.org/training/h25bM,TRUE,False,"Processing row 1319: 2025-11-06 18:16:10.023886 -> Puzzle h25bM - URL https://lichess.org/training/h25bM, Reviewed: TRUE -> Status: 200 Text:{""ok"":true}"
h2hp5,https://lichess.org/training/h2hp5,TRUE,False,"Processing row 1320: 2025-11-06 18:16:11.204276 -> Puzzle h2hp5 - URL https://lichess.org/training/h2hp5, Reviewed: TRUE -> Status: 200 Text:{""ok"":true}"
h3jDU,https://lichess.org/training/h3jDU,TRUE,False,"Processing row 1321: 2025-11-06 18:16:12.383612 -> Puzzle h3jDU - URL https://lichess.org/training/h3jDU, Reviewed: TRUE -> Status: 200 Text:{""ok"":true}"
h8cqL,https://lichess.org/training/h8cqL,TRUE,False,"Processing row 1322: 2025-11-06 18:16:13.559531 -> Puzzle h8cqL - URL https://lichess.org/training/h8cqL, Reviewed: TRUE -> Status: 200 Text:{""ok"":true}"
h8lk6,https://lichess.org/training/h8lk6,TRUE,False,"Processing row 1323: 2025-11-06 18:16:14.737212 -> Puzzle h8lk6 - URL https://lichess.org/training/h8lk6, Reviewed: TRUE -> Status: 200 Text:{""ok"":true}"
h9yCn,https://lichess.org/training/h9yCn,TRUE,False,"Processing row 1324: 2025-11-06 18:16:15.918201 -> Puzzle h9yCn - URL https://lichess.org/training/h9yCn, Reviewed: TRUE -> Status: 200 Text:{""ok"":true}"
hACTX,https://lichess.org/training/hACTX,TRUE,False,"Processing row 1325: 2025-11-06 18:16:17.104859 -> Puzzle hACTX - URL https://lichess.org/training/hACTX, Reviewed: TRUE -> Status: 200 Text:{""ok"":true}"
hBxdb,https://lichess.org/training/hBxdb,TRUE,False,"Processing row 1326: 2025-11-06 18:16:18.287309 -> Puzzle hBxdb - URL https://lichess.org/training/hBxdb, Reviewed: TRUE -> Status: 200 Text:{""ok"":true}"
hCGB4,https://lichess.org/training/hCGB4,TRUE,False,"Processing row 1327: 2025-11-06 18:16:19.462261 -> Puzzle hCGB4 - URL https://lichess.org/training/hCGB4, Reviewed: TRUE -> Status: 200 Text:{""ok"":true}"
hEDKH,https://lichess.org/training/hEDKH,TRUE,False,"Processing row 1328: 2025-11-06 18:16:20.644728 -> Puzzle hEDKH - URL https://lichess.org/training/hEDKH, Reviewed: TRUE -> Status: 200 Text:{""ok"":true}"
hGhBD,https://lichess.org/training/hGhBD,TRUE,False,"Processing row 1329: 2025-11-06 18:16:21.834591 -> Puzzle hGhBD - URL https://lichess.org/training/hGhBD, Reviewed: TRUE -> Status: 200 Text:{""ok"":true}"
hK76S,https://lichess.org/training/hK76S,TRUE,False,"Processing row 1330: 2025-11-06 18:16:23.018364 -> Puzzle hK76S - URL https://lichess.org/training/hK76S, Reviewed: TRUE -> Status: 200 Text:{""ok"":true}"
hOcMp,https://lichess.org/training/hOcMp,TRUE,False,"Processing row 1331: 2025-11-06 18:16:24.198121 -> Puzzle hOcMp - URL https://lichess.org/training/hOcMp, Reviewed: TRUE -> Status: 200 Text:{""ok"":true}"
hPeZH,https://lichess.org/training/hPeZH,TRUE,False,"Processing row 1332: 2025-11-06 18:16:25.382187 -> Puzzle hPeZH - URL https://lichess.org/training/hPeZH, Reviewed: TRUE -> Status: 200 Text:{""ok"":true}"
hQtVr,https://lichess.org/training/hQtVr,TRUE,False,"Processing row 1333: 2025-11-06 18:16:26.563881 -> Puzzle hQtVr - URL https://lichess.org/training/hQtVr, Reviewed: TRUE -> Status: 200 Text:{""ok"":true}"
hSmrV,https://lichess.org/training/hSmrV,TRUE,False,"Processing row 1334: 2025-11-06 18:16:27.740936 -> Puzzle hSmrV - URL https://lichess.org/training/hSmrV, Reviewed: TRUE -> Status: 200 Text:{""ok"":true}"
hTEJp,https://lichess.org/training/hTEJp,TRUE,False,"Processing row 1335: 2025-11-06 18:16:28.922023 -> Puzzle hTEJp - URL https://lichess.org/training/hTEJp, Reviewed: TRUE -> Status: 200 Text:{""ok"":true}"
hWEFc,https://lichess.org/training/hWEFc,TRUE,False,"Processing row 1336: 2025-11-06 18:16:30.114874 -> Puzzle hWEFc - URL https://lichess.org/training/hWEFc, Reviewed: TRUE -> Status: 200 Text:{""ok"":true}"
hXrJs,https://lichess.org/training/hXrJs,TRUE,False,"Processing row 1337: 2025-11-06 18:16:31.365837 -> Puzzle hXrJs - URL https://lichess.org/training/hXrJs, Reviewed: TRUE -> Status: 200 Text:{""ok"":true}"
ha2XI,https://lichess.org/training/ha2XI,TRUE,False,"Processing row 1338: 2025-11-06 18:16:32.544923 -> Puzzle ha2XI - URL https://lichess.org/training/ha2XI, Reviewed: TRUE -> Status: 200 Text:{""ok"":true}"
hbhjt,https://lichess.org/training/hbhjt,TRUE,False,"Processing row 1339: 2025-11-06 18:16:33.729551 -> Puzzle hbhjt - URL https://lichess.org/training/hbhjt, Reviewed: TRUE -> Status: 200 Text:{""ok"":true}"
heCq4,https://lichess.org/training/heCq4,TRUE,False,"Processing row 1340: 2025-11-06 18:16:34.914015 -> Puzzle heCq4 - URL https://lichess.org/training/heCq4, Reviewed: TRUE -> Status: 200 Text:{""ok"":true}"
hflqI,https://lichess.org/training/hflqI,TRUE,False,"Processing row 1341: 2025-11-06 18:16:36.098482 -> Puzzle hflqI - URL https://lichess.org/training/hflqI, Reviewed: TRUE -> Status: 200 Text:{""ok"":true}"
hhvKt,https://lichess.org/training/hhvKt,TRUE,False,"Processing row 1342: 2025-11-06 18:16:37.295278 -> Puzzle hhvKt - URL https://lichess.org/training/hhvKt, Reviewed: TRUE -> Status: 200 Text:{""ok"":true}"
hkQIY,https://lichess.org/training/hkQIY,TRUE,False,"Processing row 1343: 2025-11-06 18:16:38.481864 -> Puzzle hkQIY - URL https://lichess.org/training/hkQIY, Reviewed: TRUE -> Status: 200 Text:{""ok"":true}"
hoaQs,https://lichess.org/training/hoaQs,TRUE,False,"Processing row 1344: 2025-11-06 18:16:39.669859 -> Puzzle hoaQs - URL https://lichess.org/training/hoaQs, Reviewed: TRUE -> Status: 200 Text:{""ok"":true}"
hqICH,https://lichess.org/training/hqICH,TRUE,False,"Processing row 1345: 2025-11-06 18:16:40.858218 -> Puzzle hqICH - URL https://lichess.org/training/hqICH, Reviewed: TRUE -> Status: 200 Text:{""ok"":true}"
hqlGu,https://lichess.org/training/hqlGu,TRUE,False,"Processing row 1346: 2025-11-06 18:16:42.055220 -> Puzzle hqlGu - URL https://lichess.org/training/hqlGu, Reviewed: TRUE -> Status: 200 Text:{""ok"":true}"
huRv4,https://lichess.org/training/huRv4,TRUE,False,"Processing row 1347: 2025-11-06 18:16:43.240502 -> Puzzle huRv4 - URL https://lichess.org/training/huRv4, Reviewed: TRUE -> Status: 200 Text:{""ok"":true}"
hv5nu,https://lichess.org/training/hv5nu,TRUE,False,"Processing row 1348: 2025-11-06 18:16:44.423338 -> Puzzle hv5nu - URL https://lichess.org/training/hv5nu, Reviewed: TRUE -> Status: 200 Text:{""ok"":true}"
hvor3,https://lichess.org/training/hvor3,TRUE,False,"Processing row 1349: 2025-11-06 18:16:45.614074 -> Puzzle hvor3 - URL https://lichess.org/training/hvor3, Reviewed: TRUE -> Status: 200 Text:{""ok"":true}"
i0mek,https://lichess.org/training/i0mek,TRUE,False,"Processing row 1350: 2025-11-06 18:16:46.794834 -> Puzzle i0mek - URL https://lichess.org/training/i0mek, Reviewed: TRUE -> Status: 200 Text:{""ok"":true}"
i1AcT,https://lichess.org/training/i1AcT,TRUE,False,"Processing row 1351: 2025-11-06 18:16:47.989687 -> Puzzle i1AcT - URL https://lichess.org/training/i1AcT, Reviewed: TRUE -> Status: 200 Text:{""ok"":true}"
i1lwM,https://lichess.org/training/i1lwM,TRUE,False,"Processing row 1352: 2025-11-06 18:16:49.188474 -> Puzzle i1lwM - URL https://lichess.org/training/i1lwM, Reviewed: TRUE -> Status: 200 Text:{""ok"":true}"
i6TBo,https://lichess.org/training/i6TBo,TRUE,False,"Processing row 1353: 2025-11-06 18:16:50.361851 -> Puzzle i6TBo - URL https://lichess.org/training/i6TBo, Reviewed: TRUE -> Status: 200 Text:{""ok"":true}"
iFhV9,https://lichess.org/training/iFhV9,TRUE,False,"Processing row 1354: 2025-11-06 18:16:51.560273 -> Puzzle iFhV9 - URL https://lichess.org/training/iFhV9, Reviewed: TRUE -> Status: 200 Text:{""ok"":true}"
iG8a3,https://lichess.org/training/iG8a3,TRUE,False,"Processing row 1355: 2025-11-06 18:16:52.732587 -> Puzzle iG8a3 - URL https://lichess.org/training/iG8a3, Reviewed: TRUE -> Status: 200 Text:{""ok"":true}"
iKpXl,https://lichess.org/training/iKpXl,TRUE,False,"Processing row 1356: 2025-11-06 18:16:53.924021 -> Puzzle iKpXl - URL https://lichess.org/training/iKpXl, Reviewed: TRUE -> Status: 200 Text:{""ok"":true}"
iM4RG,https://lichess.org/training/iM4RG,TRUE,False,"Processing row 1357: 2025-11-06 18:16:55.130160 -> Puzzle iM4RG - URL https://lichess.org/training/iM4RG, Reviewed: TRUE -> Status: 200 Text:{""ok"":true}"
iMTkd,https://lichess.org/training/iMTkd,TRUE,False,"Processing row 1358: 2025-11-06 18:16:57.322596 -> Puzzle iMTkd - URL https://lichess.org/training/iMTkd, Reviewed: TRUE -> Status: 200 Text:{""ok"":true}"
iNMXt,https://lichess.org/training/iNMXt,TRUE,False,"Processing row 1359: 2025-11-06 18:16:58.515323 -> Puzzle iNMXt - URL https://lichess.org/training/iNMXt, Reviewed: TRUE -> Status: 200 Text:{""ok"":true}"
iPHIF,https://lichess.org/training/iPHIF,TRUE,False,"Processing row 1360: 2025-11-06 18:16:59.712237 -> Puzzle iPHIF - URL https://lichess.org/training/iPHIF, Reviewed: TRUE -> Status: 200 Text:{""ok"":true}"
iRI1k,https://lichess.org/training/iRI1k,TRUE,False,"Processing row 1361: 2025-11-06 18:17:00.924258 -> Puzzle iRI1k - URL https://lichess.org/training/iRI1k, Reviewed: TRUE -> Status: 200 Text:{""ok"":true}"
iSNIq,https://lichess.org/training/iSNIq,TRUE,False,"Processing row 1362: 2025-11-06 18:17:02.102824 -> Puzzle iSNIq - URL https://lichess.org/training/iSNIq, Reviewed: TRUE -> Status: 200 Text:{""ok"":true}"
iT44x,https://lichess.org/training/iT44x,TRUE,False,"Processing row 1363: 2025-11-06 18:17:03.291628 -> Puzzle iT44x - URL https://lichess.org/training/iT44x, Reviewed: TRUE -> Status: 200 Text:{""ok"":true}"
iTlGV,https://lichess.org/training/iTlGV,TRUE,False,"Processing row 1364: 2025-11-06 18:17:04.474922 -> Puzzle iTlGV - URL https://lichess.org/training/iTlGV, Reviewed: TRUE -> Status: 200 Text:{""ok"":true}"
iWTpI,https://lichess.org/training/iWTpI,TRUE,False,"Processing row 1365: 2025-11-06 18:17:05.700524 -> Puzzle iWTpI - URL https://lichess.org/training/iWTpI, Reviewed: TRUE -> Status: 200 Text:{""ok"":true}"
iWqEo,https://lichess.org/training/iWqEo,TRUE,False,"Processing row 1366: 2025-11-06 18:17:06.939113 -> Puzzle iWqEo - URL https://lichess.org/training/iWqEo, Reviewed: TRUE -> Status: 200 Text:{""ok"":true}"
iZoda,https://lichess.org/training/iZoda,FALSE,False,X
idvMM,https://lichess.org/training/idvMM,TRUE,False,"Processing row 1368: 2025-11-06 18:17:08.138624 -> Puzzle idvMM - URL https://lichess.org/training/idvMM, Reviewed: TRUE -> Status: 200 Text:{""ok"":true}"
ig0CX,https://lichess.org/training/ig0CX,TRUE,False,"Processing row 1369: 2025-11-06 18:17:09.330527 -> Puzzle ig0CX - URL https://lichess.org/training/ig0CX, Reviewed: TRUE -> Status: 200 Text:{""ok"":true}"
ii6K2,https://lichess.org/training/ii6K2,TRUE,False,"Processing row 1370: 2025-11-06 18:17:10.504889 -> Puzzle ii6K2 - URL https://lichess.org/training/ii6K2, Reviewed: TRUE -> Status: 200 Text:{""ok"":true}"
in114,https://lichess.org/training/in114,TRUE,False,"Processing row 1371: 2025-11-06 18:17:11.729468 -> Puzzle in114 - URL https://lichess.org/training/in114, Reviewed: TRUE -> Status: 200 Text:{""ok"":true}"
ioNBZ,https://lichess.org/training/ioNBZ,TRUE,False,"Processing row 1372: 2025-11-06 18:17:12.956078 -> Puzzle ioNBZ - URL https://lichess.org/training/ioNBZ, Reviewed: TRUE -> Status: 200 Text:{""ok"":true}"
irHKu,https://lichess.org/training/irHKu,TRUE,False,"Processing row 1373: 2025-11-06 18:17:14.230743 -> Puzzle irHKu - URL https://lichess.org/training/irHKu, Reviewed: TRUE -> Status: 200 Text:{""ok"":true}"
itpyR,https://lichess.org/training/itpyR,TRUE,False,"Processing row 1374: 2025-11-06 18:17:15.452977 -> Puzzle itpyR - URL https://lichess.org/training/itpyR, Reviewed: TRUE -> Status: 200 Text:{""ok"":true}"
j0wj6,https://lichess.org/training/j0wj6,TRUE,False,"Processing row 1375: 2025-11-06 18:17:16.695710 -> Puzzle j0wj6 - URL https://lichess.org/training/j0wj6, Reviewed: TRUE -> Status: 200 Text:{""ok"":true}"
j3eJY,https://lichess.org/training/j3eJY,TRUE,False,"Processing row 1376: 2025-11-06 18:17:17.986507 -> Puzzle j3eJY - URL https://lichess.org/training/j3eJY, Reviewed: TRUE -> Status: 200 Text:{""ok"":true}"
j7Yjx,https://lichess.org/training/j7Yjx,TRUE,False,"Processing row 1377: 2025-11-06 18:17:19.315248 -> Puzzle j7Yjx - URL https://lichess.org/training/j7Yjx, Reviewed: TRUE -> Status: 200 Text:{""ok"":true}"
j7ldJ,https://lichess.org/training/j7ldJ,TRUE,False,"Processing row 1378: 2025-11-06 18:17:20.562153 -> Puzzle j7ldJ - URL https://lichess.org/training/j7ldJ, Reviewed: TRUE -> Status: 200 Text:{""ok"":true}"
jADJf,https://lichess.org/training/jADJf,TRUE,False,"Processing row 1379: 2025-11-06 18:17:21.749811 -> Puzzle jADJf - URL https://lichess.org/training/jADJf, Reviewed: TRUE -> Status: 200 Text:{""ok"":true}"
jBn4H,https://lichess.org/training/jBn4H,TRUE,False,"Processing row 1380: 2025-11-06 18:17:22.939088 -> Puzzle jBn4H - URL https://lichess.org/training/jBn4H, Reviewed: TRUE -> Status: 200 Text:{""ok"":true}"
jBoyI,https://lichess.org/training/jBoyI,TRUE,False,"Processing row 1381: 2025-11-06 18:17:24.137480 -> Puzzle jBoyI - URL https://lichess.org/training/jBoyI, Reviewed: TRUE -> Status: 200 Text:{""ok"":true}"
jDjhe,https://lichess.org/training/jDjhe,TRUE,False,"Processing row 1382: 2025-11-06 18:17:25.380197 -> Puzzle jDjhe - URL https://lichess.org/training/jDjhe, Reviewed: TRUE -> Status: 200 Text:{""ok"":true}"
jGFlf,https://lichess.org/training/jGFlf,TRUE,False,"Processing row 1383: 2025-11-06 18:17:26.593246 -> Puzzle jGFlf - URL https://lichess.org/training/jGFlf, Reviewed: TRUE -> Status: 200 Text:{""ok"":true}"
jGJsY,https://lichess.org/training/jGJsY,FALSE,False,X
jKITN,https://lichess.org/training/jKITN,TRUE,False,"Processing row 1385: 2025-11-06 18:17:27.873621 -> Puzzle jKITN - URL https://lichess.org/training/jKITN, Reviewed: TRUE -> Status: 200 Text:{""ok"":true}"
jRYxB,https://lichess.org/training/jRYxB,TRUE,False,"Processing row 1386: 2025-11-06 18:17:29.115077 -> Puzzle jRYxB - URL https://lichess.org/training/jRYxB, Reviewed: TRUE -> Status: 200 Text:{""ok"":true}"
jTd1y,https://lichess.org/training/jTd1y,FALSE,False,X
jX73R,https://lichess.org/training/jX73R,FALSE,False,X
jXmgP,https://lichess.org/training/jXmgP,TRUE,False,"Processing row 1389: 2025-11-06 18:17:30.338764 -> Puzzle jXmgP - URL https://lichess.org/training/jXmgP, Reviewed: TRUE -> Status: 200 Text:{""ok"":true}"
jYE8j,https://lichess.org/training/jYE8j,TRUE,False,"Processing row 1390: 2025-11-06 18:17:31.648611 -> Puzzle jYE8j - URL https://lichess.org/training/jYE8j, Reviewed: TRUE -> Status: 200 Text:{""ok"":true}"
jeRxm,https://lichess.org/training/jeRxm,FALSE,False,X
jf8Ql,https://lichess.org/training/jf8Ql,TRUE,False,"Processing row 1392: 2025-11-06 18:17:32.937454 -> Puzzle jf8Ql - URL https://lichess.org/training/jf8Ql, Reviewed: TRUE -> Status: 200 Text:{""ok"":true}"
jfYdz,https://lichess.org/training/jfYdz,TRUE,False,"Processing row 1393: 2025-11-06 18:17:34.156634 -> Puzzle jfYdz - URL https://lichess.org/training/jfYdz, Reviewed: TRUE -> Status: 200 Text:{""ok"":true}"
jg8nn,https://lichess.org/training/jg8nn,TRUE,False,"Processing row 1394: 2025-11-06 18:17:35.326048 -> Puzzle jg8nn - URL https://lichess.org/training/jg8nn, Reviewed: TRUE -> Status: 200 Text:{""ok"":true}"
jh97P,https://lichess.org/training/jh97P,TRUE,False,"Processing row 1395: 2025-11-06 18:17:36.520939 -> Puzzle jh97P - URL https://lichess.org/training/jh97P, Reviewed: TRUE -> Status: 200 Text:{""ok"":true}"
jjEpg,https://lichess.org/training/jjEpg,TRUE,False,"Processing row 1396: 2025-11-06 18:17:37.715896 -> Puzzle jjEpg - URL https://lichess.org/training/jjEpg, Reviewed: TRUE -> Status: 200 Text:{""ok"":true}"
jjSY9,https://lichess.org/training/jjSY9,TRUE,False,"Processing row 1397: 2025-11-06 18:17:38.959478 -> Puzzle jjSY9 - URL https://lichess.org/training/jjSY9, Reviewed: TRUE -> Status: 200 Text:{""ok"":true}"
jkme9,https://lichess.org/training/jkme9,TRUE,False,"Processing row 1398: 2025-11-06 18:17:40.151541 -> Puzzle jkme9 - URL https://lichess.org/training/jkme9, Reviewed: TRUE -> Status: 200 Text:{""ok"":true}"
jqfU7,https://lichess.org/training/jqfU7,TRUE,False,"Processing row 1399: 2025-11-06 18:17:41.398252 -> Puzzle jqfU7 - URL https://lichess.org/training/jqfU7, Reviewed: TRUE -> Status: 200 Text:{""ok"":true}"
jrkFd,https://lichess.org/training/jrkFd,TRUE,False,"Processing row 1400: 2025-11-06 18:17:42.606320 -> Puzzle jrkFd - URL https://lichess.org/training/jrkFd, Reviewed: TRUE -> Status: 200 Text:{""ok"":true}"
ju0GW,https://lichess.org/training/ju0GW,TRUE,False,"Processing row 1401: 2025-11-06 18:17:43.788290 -> Puzzle ju0GW - URL https://lichess.org/training/ju0GW, Reviewed: TRUE -> Status: 200 Text:{""ok"":true}"
jwLge,https://lichess.org/training/jwLge,TRUE,False,"Processing row 1402: 2025-11-06 18:17:44.981516 -> Puzzle jwLge - URL https://lichess.org/training/jwLge, Reviewed: TRUE -> Status: 200 Text:{""ok"":true}"
jxKei,https://lichess.org/training/jxKei,TRUE,False,"Processing row 1403: 2025-11-06 18:17:46.160314 -> Puzzle jxKei - URL https://lichess.org/training/jxKei, Reviewed: TRUE -> Status: 200 Text:{""ok"":true}"
jylI3,https://lichess.org/training/jylI3,TRUE,False,"Processing row 1404: 2025-11-06 18:17:47.356078 -> Puzzle jylI3 - URL https://lichess.org/training/jylI3, Reviewed: TRUE -> Status: 200 Text:{""ok"":true}"
jzRFB,https://lichess.org/training/jzRFB,TRUE,False,"Processing row 1405: 2025-11-06 18:17:48.560248 -> Puzzle jzRFB - URL https://lichess.org/training/jzRFB, Reviewed: TRUE -> Status: 200 Text:{""ok"":true}"
k0d3w,https://lichess.org/training/k0d3w,TRUE,False,"Processing row 1406: 2025-11-06 18:17:49.757781 -> Puzzle k0d3w - URL https://lichess.org/training/k0d3w, Reviewed: TRUE -> Status: 200 Text:{""ok"":true}"
k2lGa,https://lichess.org/training/k2lGa,TRUE,False,"Processing row 1407: 2025-11-06 18:17:50.965528 -> Puzzle k2lGa - URL https://lichess.org/training/k2lGa, Reviewed: TRUE -> Status: 200 Text:{""ok"":true}"
k5vGi,https://lichess.org/training/k5vGi,TRUE,False,"Processing row 1408: 2025-11-06 18:17:52.147619 -> Puzzle k5vGi - URL https://lichess.org/training/k5vGi, Reviewed: TRUE -> Status: 200 Text:{""ok"":true}"
k6cha,https://lichess.org/training/k6cha,TRUE,False,"Processing row 1409: 2025-11-06 18:17:53.341020 -> Puzzle k6cha - URL https://lichess.org/training/k6cha, Reviewed: TRUE -> Status: 200 Text:{""ok"":true}"
k70HT,https://lichess.org/training/k70HT,TRUE,False,"Processing row 1410: 2025-11-06 18:17:54.551582 -> Puzzle k70HT - URL https://lichess.org/training/k70HT, Reviewed: TRUE -> Status: 200 Text:{""ok"":true}"
k7DsZ,https://lichess.org/training/k7DsZ,TRUE,False,"Processing row 1411: 2025-11-06 18:17:55.758639 -> Puzzle k7DsZ - URL https://lichess.org/training/k7DsZ, Reviewed: TRUE -> Status: 200 Text:{""ok"":true}"
k9U7K,https://lichess.org/training/k9U7K,TRUE,False,"Processing row 1412: 2025-11-06 18:17:56.983227 -> Puzzle k9U7K - URL https://lichess.org/training/k9U7K, Reviewed: TRUE -> Status: 200 Text:{""ok"":true}"
kBt91,https://lichess.org/training/kBt91,TRUE,False,"Processing row 1413: 2025-11-06 18:17:58.181607 -> Puzzle kBt91 - URL https://lichess.org/training/kBt91, Reviewed: TRUE -> Status: 200 Text:{""ok"":true}"
kI6wn,https://lichess.org/training/kI6wn,TRUE,False,"Processing row 1414: 2025-11-06 18:17:59.374716 -> Puzzle kI6wn - URL https://lichess.org/training/kI6wn, Reviewed: TRUE -> Status: 200 Text:{""ok"":true}"
kLpXr,https://lichess.org/training/kLpXr,TRUE,False,"Processing row 1415: 2025-11-06 18:18:00.574031 -> Puzzle kLpXr - URL https://lichess.org/training/kLpXr, Reviewed: TRUE -> Status: 200 Text:{""ok"":true}"
kMVJm,https://lichess.org/training/kMVJm,TRUE,False,"Processing row 1416: 2025-11-06 18:18:01.810739 -> Puzzle kMVJm - URL https://lichess.org/training/kMVJm, Reviewed: TRUE -> Status: 200 Text:{""ok"":true}"
kSMUq,https://lichess.org/training/kSMUq,TRUE,False,"Processing row 1417: 2025-11-06 18:18:03.011338 -> Puzzle kSMUq - URL https://lichess.org/training/kSMUq, Reviewed: TRUE -> Status: 200 Text:{""ok"":true}"
kU5Ys,https://lichess.org/training/kU5Ys,TRUE,False,"Processing row 1418: 2025-11-06 18:18:04.224415 -> Puzzle kU5Ys - URL https://lichess.org/training/kU5Ys, Reviewed: TRUE -> Status: 200 Text:{""ok"":true}"
kU7b2,https://lichess.org/training/kU7b2,TRUE,False,"Processing row 1419: 2025-11-06 18:18:05.465765 -> Puzzle kU7b2 - URL https://lichess.org/training/kU7b2, Reviewed: TRUE -> Status: 200 Text:{""ok"":true}"
kXw14,https://lichess.org/training/kXw14,TRUE,False,"Processing row 1420: 2025-11-06 18:18:06.646228 -> Puzzle kXw14 - URL https://lichess.org/training/kXw14, Reviewed: TRUE -> Status: 200 Text:{""ok"":true}"
kZ7Z7,https://lichess.org/training/kZ7Z7,TRUE,False,"Processing row 1421: 2025-11-06 18:18:07.826745 -> Puzzle kZ7Z7 - URL https://lichess.org/training/kZ7Z7, Reviewed: TRUE -> Status: 200 Text:{""ok"":true}"
kdKYO,https://lichess.org/training/kdKYO,TRUE,False,"Processing row 1422: 2025-11-06 18:18:09.048234 -> Puzzle kdKYO - URL https://lichess.org/training/kdKYO, Reviewed: TRUE -> Status: 200 Text:{""ok"":true}"
kfEac,https://lichess.org/training/kfEac,TRUE,False,"Processing row 1423: 2025-11-06 18:18:10.258252 -> Puzzle kfEac - URL https://lichess.org/training/kfEac, Reviewed: TRUE -> Status: 200 Text:{""ok"":true}"
khKNR,https://lichess.org/training/khKNR,TRUE,False,"Processing row 1424: 2025-11-06 18:18:11.444051 -> Puzzle khKNR - URL https://lichess.org/training/khKNR, Reviewed: TRUE -> Status: 200 Text:{""ok"":true}"
kmPHI,https://lichess.org/training/kmPHI,TRUE,False,"Processing row 1425: 2025-11-06 18:18:12.630622 -> Puzzle kmPHI - URL https://lichess.org/training/kmPHI, Reviewed: TRUE -> Status: 200 Text:{""ok"":true}"
kqC3f,https://lichess.org/training/kqC3f,TRUE,False,"Processing row 1426: 2025-11-06 18:18:13.853702 -> Puzzle kqC3f - URL https://lichess.org/training/kqC3f, Reviewed: TRUE -> Status: 200 Text:{""ok"":true}"
krEVS,https://lichess.org/training/krEVS,TRUE,False,"Processing row 1427: 2025-11-06 18:18:15.072115 -> Puzzle krEVS - URL https://lichess.org/training/krEVS, Reviewed: TRUE -> Status: 200 Text:{""ok"":true}"
krO64,https://lichess.org/training/krO64,TRUE,False,"Processing row 1428: 2025-11-06 18:18:16.383385 -> Puzzle krO64 - URL https://lichess.org/training/krO64, Reviewed: TRUE -> Status: 200 Text:{""ok"":true}"
krQEh,https://lichess.org/training/krQEh,TRUE,False,"Processing row 1429: 2025-11-06 18:18:17.693619 -> Puzzle krQEh - URL https://lichess.org/training/krQEh, Reviewed: TRUE -> Status: 200 Text:{""ok"":true}"
kxK4A,https://lichess.org/training/kxK4A,TRUE,False,"Processing row 1430: 2025-11-06 18:18:18.889695 -> Puzzle kxK4A - URL https://lichess.org/training/kxK4A, Reviewed: TRUE -> Status: 200 Text:{""ok"":true}"
kyTZD,https://lichess.org/training/kyTZD,TRUE,False,"Processing row 1431: 2025-11-06 18:18:20.083616 -> Puzzle kyTZD - URL https://lichess.org/training/kyTZD, Reviewed: TRUE -> Status: 200 Text:{""ok"":true}"
kyies,https://lichess.org/training/kyies,TRUE,False,"Processing row 1432: 2025-11-06 18:18:21.324169 -> Puzzle kyies - URL https://lichess.org/training/kyies, Reviewed: TRUE -> Status: 200 Text:{""ok"":true}"
kzvUJ,https://lichess.org/training/kzvUJ,TRUE,False,"Processing row 1433: 2025-11-06 18:18:22.554647 -> Puzzle kzvUJ - URL https://lichess.org/training/kzvUJ, Reviewed: TRUE -> Status: 200 Text:{""ok"":true}"
l0nZx,https://lichess.org/training/l0nZx,TRUE,False,"Processing row 1434: 2025-11-06 18:18:23.813500 -> Puzzle l0nZx - URL https://lichess.org/training/l0nZx, Reviewed: TRUE -> Status: 200 Text:{""ok"":true}"
l5CIj,https://lichess.org/training/l5CIj,TRUE,False,"Processing row 1435: 2025-11-06 18:18:25.054603 -> Puzzle l5CIj - URL https://lichess.org/training/l5CIj, Reviewed: TRUE -> Status: 200 Text:{""ok"":true}"
l75nl,https://lichess.org/training/l75nl,TRUE,False,"Processing row 1436: 2025-11-06 18:18:26.289031 -> Puzzle l75nl - URL https://lichess.org/training/l75nl, Reviewed: TRUE -> Status: 200 Text:{""ok"":true}"
l7mnu,https://lichess.org/training/l7mnu,TRUE,False,"Processing row 1437: 2025-11-06 18:18:27.527249 -> Puzzle l7mnu - URL https://lichess.org/training/l7mnu, Reviewed: TRUE -> Status: 200 Text:{""ok"":true}"
l7n5q,https://lichess.org/training/l7n5q,TRUE,False,"Processing row 1438: 2025-11-06 18:18:28.784059 -> Puzzle l7n5q - URL https://lichess.org/training/l7n5q, Reviewed: TRUE -> Status: 200 Text:{""ok"":true}"
lCGub,https://lichess.org/training/lCGub,TRUE,False,"Processing row 1439: 2025-11-06 18:18:30.049733 -> Puzzle lCGub - URL https://lichess.org/training/lCGub, Reviewed: TRUE -> Status: 200 Text:{""ok"":true}"
lCllE,https://lichess.org/training/lCllE,TRUE,False,"Processing row 1440: 2025-11-06 18:18:31.241389 -> Puzzle lCllE - URL https://lichess.org/training/lCllE, Reviewed: TRUE -> Status: 200 Text:{""ok"":true}"
lDGwN,https://lichess.org/training/lDGwN,TRUE,False,"Processing row 1441: 2025-11-06 18:18:32.480442 -> Puzzle lDGwN - URL https://lichess.org/training/lDGwN, Reviewed: TRUE -> Status: 200 Text:{""ok"":true}"
lF5Nl,https://lichess.org/training/lF5Nl,TRUE,False,"Processing row 1442: 2025-11-06 18:18:33.673324 -> Puzzle lF5Nl - URL https://lichess.org/training/lF5Nl, Reviewed: TRUE -> Status: 200 Text:{""ok"":true}"
lGETj,https://lichess.org/training/lGETj,TRUE,False,"Processing row 1443: 2025-11-06 18:18:34.885035 -> Puzzle lGETj - URL https://lichess.org/training/lGETj, Reviewed: TRUE -> Status: 200 Text:{""ok"":true}"
lMFEm,https://lichess.org/training/lMFEm,TRUE,False,"Processing row 1444: 2025-11-06 18:18:36.108366 -> Puzzle lMFEm - URL https://lichess.org/training/lMFEm, Reviewed: TRUE -> Status: 200 Text:{""ok"":true}"
lMtxw,https://lichess.org/training/lMtxw,TRUE,False,"Processing row 1445: 2025-11-06 18:18:37.385351 -> Puzzle lMtxw - URL https://lichess.org/training/lMtxw, Reviewed: TRUE -> Status: 200 Text:{""ok"":true}"
lP1Qi,https://lichess.org/training/lP1Qi,TRUE,False,"Processing row 1446: 2025-11-06 18:18:38.676534 -> Puzzle lP1Qi - URL https://lichess.org/training/lP1Qi, Reviewed: TRUE -> Status: 200 Text:{""ok"":true}"
lPFvk,https://lichess.org/training/lPFvk,TRUE,False,"Processing row 1447: 2025-11-06 18:18:39.899265 -> Puzzle lPFvk - URL https://lichess.org/training/lPFvk, Reviewed: TRUE -> Status: 200 Text:{""ok"":true}"
lU8zH,https://lichess.org/training/lU8zH,TRUE,False,"Processing row 1448: 2025-11-06 18:18:41.114378 -> Puzzle lU8zH - URL https://lichess.org/training/lU8zH, Reviewed: TRUE -> Status: 200 Text:{""ok"":true}"
lVMVe,https://lichess.org/training/lVMVe,TRUE,False,"Processing row 1449: 2025-11-06 18:18:42.316989 -> Puzzle lVMVe - URL https://lichess.org/training/lVMVe, Reviewed: TRUE -> Status: 200 Text:{""ok"":true}"
lW0PB,https://lichess.org/training/lW0PB,TRUE,False,"Processing row 1450: 2025-11-06 18:18:43.495789 -> Puzzle lW0PB - URL https://lichess.org/training/lW0PB, Reviewed: TRUE -> Status: 200 Text:{""ok"":true}"
lYzXB,https://lichess.org/training/lYzXB,TRUE,False,"Processing row 1451: 2025-11-06 18:18:44.702815 -> Puzzle lYzXB - URL https://lichess.org/training/lYzXB, Reviewed: TRUE -> Status: 200 Text:{""ok"":true}"
laO4Y,https://lichess.org/training/laO4Y,TRUE,False,"Processing row 1452: 2025-11-06 18:18:45.990802 -> Puzzle laO4Y - URL https://lichess.org/training/laO4Y, Reviewed: TRUE -> Status: 200 Text:{""ok"":true}"
lbNeL,https://lichess.org/training/lbNeL,TRUE,False,"Processing row 1453: 2025-11-06 18:18:47.310040 -> Puzzle lbNeL - URL https://lichess.org/training/lbNeL, Reviewed: TRUE -> Status: 200 Text:{""ok"":true}"
lcMtT,https://lichess.org/training/lcMtT,TRUE,False,"Processing row 1454: 2025-11-06 18:18:48.537879 -> Puzzle lcMtT - URL https://lichess.org/training/lcMtT, Reviewed: TRUE -> Status: 200 Text:{""ok"":true}"
li8VL,https://lichess.org/training/li8VL,TRUE,False,"Processing row 1455: 2025-11-06 18:18:49.705427 -> Puzzle li8VL - URL https://lichess.org/training/li8VL, Reviewed: TRUE -> Status: 200 Text:{""ok"":true}"
lk0VE,https://lichess.org/training/lk0VE,TRUE,False,"Processing row 1456: 2025-11-06 18:18:50.963356 -> Puzzle lk0VE - URL https://lichess.org/training/lk0VE, Reviewed: TRUE -> Status: 200 Text:{""ok"":true}"
lmCSI,https://lichess.org/training/lmCSI,TRUE,False,"Processing row 1457: 2025-11-06 18:18:52.262289 -> Puzzle lmCSI - URL https://lichess.org/training/lmCSI, Reviewed: TRUE -> Status: 200 Text:{""ok"":true}"
lpvND,https://lichess.org/training/lpvND,TRUE,False,"Processing row 1458: 2025-11-06 18:18:53.485834 -> Puzzle lpvND - URL https://lichess.org/training/lpvND, Reviewed: TRUE -> Status: 200 Text:{""ok"":true}"
lr0NA,https://lichess.org/training/lr0NA,TRUE,False,"Processing row 1459: 2025-11-06 18:18:54.660310 -> Puzzle lr0NA - URL https://lichess.org/training/lr0NA, Reviewed: TRUE -> Status: 200 Text:{""ok"":true}"
lr6rt,https://lichess.org/training/lr6rt,TRUE,False,"Processing row 1460: 2025-11-06 18:18:55.838333 -> Puzzle lr6rt - URL https://lichess.org/training/lr6rt, Reviewed: TRUE -> Status: 200 Text:{""ok"":true}"
ltws6,https://lichess.org/training/ltws6,TRUE,False,"Processing row 1461: 2025-11-06 18:18:57.022238 -> Puzzle ltws6 - URL https://lichess.org/training/ltws6, Reviewed: TRUE -> Status: 200 Text:{""ok"":true}"
lvHAu,https://lichess.org/training/lvHAu,TRUE,False,"Processing row 1462: 2025-11-06 18:18:58.340110 -> Puzzle lvHAu - URL https://lichess.org/training/lvHAu, Reviewed: TRUE -> Status: 200 Text:{""ok"":true}"
lxELF,https://lichess.org/training/lxELF,TRUE,False,"Processing row 1463: 2025-11-06 18:18:59.520353 -> Puzzle lxELF - URL https://lichess.org/training/lxELF, Reviewed: TRUE -> Status: 200 Text:{""ok"":true}"
ly2dD,https://lichess.org/training/ly2dD,TRUE,False,"Processing row 1464: 2025-11-06 18:19:00.750310 -> Puzzle ly2dD - URL https://lichess.org/training/ly2dD, Reviewed: TRUE -> Status: 200 Text:{""ok"":true}"
lyrSG,https://lichess.org/training/lyrSG,TRUE,False,"Processing row 1465: 2025-11-06 18:19:02.020981 -> Puzzle lyrSG - URL https://lichess.org/training/lyrSG, Reviewed: TRUE -> Status: 200 Text:{""ok"":true}"
lzFU9,https://lichess.org/training/lzFU9,TRUE,False,"Processing row 1466: 2025-11-06 18:19:03.198124 -> Puzzle lzFU9 - URL https://lichess.org/training/lzFU9, Reviewed: TRUE -> Status: 200 Text:{""ok"":true}"
lzr2d,https://lichess.org/training/lzr2d,TRUE,False,"Processing row 1467: 2025-11-06 18:19:04.507970 -> Puzzle lzr2d - URL https://lichess.org/training/lzr2d, Reviewed: TRUE -> Status: 200 Text:{""ok"":true}"
m126D,https://lichess.org/training/m126D,TRUE,False,"Processing row 1468: 2025-11-06 18:19:05.725135 -> Puzzle m126D - URL https://lichess.org/training/m126D, Reviewed: TRUE -> Status: 200 Text:{""ok"":true}"
m1wfw,https://lichess.org/training/m1wfw,TRUE,False,"Processing row 1469: 2025-11-06 18:19:07.007649 -> Puzzle m1wfw - URL https://lichess.org/training/m1wfw, Reviewed: TRUE -> Status: 200 Text:{""ok"":true}"
m2DA2,https://lichess.org/training/m2DA2,TRUE,False,"Processing row 1470: 2025-11-06 18:19:08.385162 -> Puzzle m2DA2 - URL https://lichess.org/training/m2DA2, Reviewed: TRUE -> Status: 200 Text:{""ok"":true}"
m3rOq,https://lichess.org/training/m3rOq,TRUE,False,"Processing row 1471: 2025-11-06 18:19:09.665938 -> Puzzle m3rOq - URL https://lichess.org/training/m3rOq, Reviewed: TRUE -> Status: 200 Text:{""ok"":true}"
m6vU2,https://lichess.org/training/m6vU2,TRUE,False,"Processing row 1472: 2025-11-06 18:19:10.895790 -> Puzzle m6vU2 - URL https://lichess.org/training/m6vU2, Reviewed: TRUE -> Status: 200 Text:{""ok"":true}"
m72u0,https://lichess.org/training/m72u0,TRUE,False,"Processing row 1473: 2025-11-06 18:19:12.122641 -> Puzzle m72u0 - URL https://lichess.org/training/m72u0, Reviewed: TRUE -> Status: 200 Text:{""ok"":true}"
m7UKH,https://lichess.org/training/m7UKH,TRUE,False,"Processing row 1474: 2025-11-06 18:19:13.294019 -> Puzzle m7UKH - URL https://lichess.org/training/m7UKH, Reviewed: TRUE -> Status: 200 Text:{""ok"":true}"
m7u1t,https://lichess.org/training/m7u1t,TRUE,False,"Processing row 1475: 2025-11-06 18:19:14.642057 -> Puzzle m7u1t - URL https://lichess.org/training/m7u1t, Reviewed: TRUE -> Status: 200 Text:{""ok"":true}"
m8I0p,https://lichess.org/training/m8I0p,TRUE,False,"Processing row 1476: 2025-11-06 18:19:15.901800 -> Puzzle m8I0p - URL https://lichess.org/training/m8I0p, Reviewed: TRUE -> Status: 200 Text:{""ok"":true}"
m8iIU,https://lichess.org/training/m8iIU,TRUE,False,"Processing row 1477: 2025-11-06 18:19:17.105596 -> Puzzle m8iIU - URL https://lichess.org/training/m8iIU, Reviewed: TRUE -> Status: 200 Text:{""ok"":true}"
mAn2p,https://lichess.org/training/mAn2p,TRUE,False,"Processing row 1478: 2025-11-06 18:19:18.304136 -> Puzzle mAn2p - URL https://lichess.org/training/mAn2p, Reviewed: TRUE -> Status: 200 Text:{""ok"":true}"
mAq1W,https://lichess.org/training/mAq1W,TRUE,False,"Processing row 1479: 2025-11-06 18:19:19.521539 -> Puzzle mAq1W - URL https://lichess.org/training/mAq1W, Reviewed: TRUE -> Status: 200 Text:{""ok"":true}"
mBsvT,https://lichess.org/training/mBsvT,TRUE,False,"Processing row 1480: 2025-11-06 18:19:20.747134 -> Puzzle mBsvT - URL https://lichess.org/training/mBsvT, Reviewed: TRUE -> Status: 200 Text:{""ok"":true}"
mCim7,https://lichess.org/training/mCim7,TRUE,False,"Processing row 1481: 2025-11-06 18:19:21.985813 -> Puzzle mCim7 - URL https://lichess.org/training/mCim7, Reviewed: TRUE -> Status: 200 Text:{""ok"":true}"
mDruD,https://lichess.org/training/mDruD,TRUE,False,"Processing row 1482: 2025-11-06 18:19:23.228138 -> Puzzle mDruD - URL https://lichess.org/training/mDruD, Reviewed: TRUE -> Status: 200 Text:{""ok"":true}"
mGDgr,https://lichess.org/training/mGDgr,TRUE,False,"Processing row 1483: 2025-11-06 18:19:24.531914 -> Puzzle mGDgr - URL https://lichess.org/training/mGDgr, Reviewed: TRUE -> Status: 200 Text:{""ok"":true}"
mILZG,https://lichess.org/training/mILZG,TRUE,False,"Processing row 1484: 2025-11-06 18:19:25.720928 -> Puzzle mILZG - URL https://lichess.org/training/mILZG, Reviewed: TRUE -> Status: 200 Text:{""ok"":true}"
mIVUX,https://lichess.org/training/mIVUX,TRUE,False,"Processing row 1485: 2025-11-06 18:19:26.916047 -> Puzzle mIVUX - URL https://lichess.org/training/mIVUX, Reviewed: TRUE -> Status: 200 Text:{""ok"":true}"
mJzry,https://lichess.org/training/mJzry,TRUE,False,"Processing row 1486: 2025-11-06 18:19:28.120958 -> Puzzle mJzry - URL https://lichess.org/training/mJzry, Reviewed: TRUE -> Status: 200 Text:{""ok"":true}"
mLSgk,https://lichess.org/training/mLSgk,TRUE,False,"Processing row 1487: 2025-11-06 18:19:29.292859 -> Puzzle mLSgk - URL https://lichess.org/training/mLSgk, Reviewed: TRUE -> Status: 200 Text:{""ok"":true}"
mN9lt,https://lichess.org/training/mN9lt,TRUE,False,"Processing row 1488: 2025-11-06 18:19:30.596790 -> Puzzle mN9lt - URL https://lichess.org/training/mN9lt, Reviewed: TRUE -> Status: 200 Text:{""ok"":true}"
mNgXg,https://lichess.org/training/mNgXg,TRUE,False,"Processing row 1489: 2025-11-06 18:19:31.781606 -> Puzzle mNgXg - URL https://lichess.org/training/mNgXg, Reviewed: TRUE -> Status: 200 Text:{""ok"":true}"
mP3EA,https://lichess.org/training/mP3EA,TRUE,False,"Processing row 1490: 2025-11-06 18:19:32.994067 -> Puzzle mP3EA - URL https://lichess.org/training/mP3EA, Reviewed: TRUE -> Status: 200 Text:{""ok"":true}"
mPgmp,https://lichess.org/training/mPgmp,TRUE,False,"Processing row 1491: 2025-11-06 18:19:34.211817 -> Puzzle mPgmp - URL https://lichess.org/training/mPgmp, Reviewed: TRUE -> Status: 200 Text:{""ok"":true}"
mSL3Z,https://lichess.org/training/mSL3Z,TRUE,False,"Processing row 1492: 2025-11-06 18:19:35.514285 -> Puzzle mSL3Z - URL https://lichess.org/training/mSL3Z, Reviewed: TRUE -> Status: 200 Text:{""ok"":true}"
mT0CK,https://lichess.org/training/mT0CK,TRUE,False,"Processing row 1493: 2025-11-06 18:19:36.757087 -> Puzzle mT0CK - URL https://lichess.org/training/mT0CK, Reviewed: TRUE -> Status: 200 Text:{""ok"":true}"
mTGx7,https://lichess.org/training/mTGx7,FALSE,False,X
mTM42,https://lichess.org/training/mTM42,TRUE,False,"Processing row 1495: 2025-11-06 18:19:37.964673 -> Puzzle mTM42 - URL https://lichess.org/training/mTM42, Reviewed: TRUE -> Status: 200 Text:{""ok"":true}"
mUXEU,https://lichess.org/training/mUXEU,TRUE,False,"Processing row 1496: 2025-11-06 18:19:39.158221 -> Puzzle mUXEU - URL https://lichess.org/training/mUXEU, Reviewed: TRUE -> Status: 200 Text:{""ok"":true}"
mawq7,https://lichess.org/training/mawq7,TRUE,False,"Processing row 1497: 2025-11-06 18:19:40.387429 -> Puzzle mawq7 - URL https://lichess.org/training/mawq7, Reviewed: TRUE -> Status: 200 Text:{""ok"":true}"
mb4FY,https://lichess.org/training/mb4FY,TRUE,False,"Processing row 1498: 2025-11-06 18:19:41.615781 -> Puzzle mb4FY - URL https://lichess.org/training/mb4FY, Reviewed: TRUE -> Status: 200 Text:{""ok"":true}"
mclJf,https://lichess.org/training/mclJf,TRUE,False,"Processing row 1499: 2025-11-06 18:19:42.972714 -> Puzzle mclJf - URL https://lichess.org/training/mclJf, Reviewed: TRUE -> Status: 200 Text:{""ok"":true}"
mcmOT,https://lichess.org/training/mcmOT,TRUE,False,"Processing row 1500: 2025-11-06 18:19:44.171215 -> Puzzle mcmOT - URL https://lichess.org/training/mcmOT, Reviewed: TRUE -> Status: 200 Text:{""ok"":true}"
mfciy,https://lichess.org/training/mfciy,TRUE,False,"Processing row 1501: 2025-11-06 18:19:45.401705 -> Puzzle mfciy - URL https://lichess.org/training/mfciy, Reviewed: TRUE -> Status: 200 Text:{""ok"":true}"
mfzmB,https://lichess.org/training/mfzmB,TRUE,False,"Processing row 1502: 2025-11-06 18:19:46.596169 -> Puzzle mfzmB - URL https://lichess.org/training/mfzmB, Reviewed: TRUE -> Status: 200 Text:{""ok"":true}"
mgz9L,https://lichess.org/training/mgz9L,TRUE,False,"Processing row 1503: 2025-11-06 18:19:47.818030 -> Puzzle mgz9L - URL https://lichess.org/training/mgz9L, Reviewed: TRUE -> Status: 200 Text:{""ok"":true}"
mhYCM,https://lichess.org/training/mhYCM,TRUE,False,"Processing row 1504: 2025-11-06 18:19:49.143847 -> Puzzle mhYCM - URL https://lichess.org/training/mhYCM, Reviewed: TRUE -> Status: 200 Text:{""ok"":true}"
miabo,https://lichess.org/training/miabo,TRUE,False,"Processing row 1505: 2025-11-06 18:19:50.350305 -> Puzzle miabo - URL https://lichess.org/training/miabo, Reviewed: TRUE -> Status: 200 Text:{""ok"":true}"
mlLc5,https://lichess.org/training/mlLc5,TRUE,False,"Processing row 1506: 2025-11-06 18:19:51.559109 -> Puzzle mlLc5 - URL https://lichess.org/training/mlLc5, Reviewed: TRUE -> Status: 200 Text:{""ok"":true}"
mldAB,https://lichess.org/training/mldAB,TRUE,False,"Processing row 1507: 2025-11-06 18:19:52.750772 -> Puzzle mldAB - URL https://lichess.org/training/mldAB, Reviewed: TRUE -> Status: 200 Text:{""ok"":true}"
mlsmb,https://lichess.org/training/mlsmb,TRUE,False,"Processing row 1508: 2025-11-06 18:19:54.131730 -> Puzzle mlsmb - URL https://lichess.org/training/mlsmb, Reviewed: TRUE -> Status: 200 Text:{""ok"":true}"
mm0AM,https://lichess.org/training/mm0AM,TRUE,False,"Processing row 1509: 2025-11-06 18:19:55.358193 -> Puzzle mm0AM - URL https://lichess.org/training/mm0AM, Reviewed: TRUE -> Status: 200 Text:{""ok"":true}"
mmWrF,https://lichess.org/training/mmWrF,TRUE,False,"Processing row 1510: 2025-11-06 18:19:56.559004 -> Puzzle mmWrF - URL https://lichess.org/training/mmWrF, Reviewed: TRUE -> Status: 200 Text:{""ok"":true}"
mn9N7,https://lichess.org/training/mn9N7,TRUE,False,"Processing row 1511: 2025-11-06 18:19:57.753183 -> Puzzle mn9N7 - URL https://lichess.org/training/mn9N7, Reviewed: TRUE -> Status: 200 Text:{""ok"":true}"
mncHO,https://lichess.org/training/mncHO,TRUE,False,"Processing row 1512: 2025-11-06 18:19:58.954059 -> Puzzle mncHO - URL https://lichess.org/training/mncHO, Reviewed: TRUE -> Status: 200 Text:{""ok"":true}"
mnmvU,https://lichess.org/training/mnmvU,TRUE,False,"Processing row 1513: 2025-11-06 18:20:00.140587 -> Puzzle mnmvU - URL https://lichess.org/training/mnmvU, Reviewed: TRUE -> Status: 200 Text:{""ok"":true}"
moNym,https://lichess.org/training/moNym,TRUE,False,"Processing row 1514: 2025-11-06 18:20:01.330082 -> Puzzle moNym - URL https://lichess.org/training/moNym, Reviewed: TRUE -> Status: 200 Text:{""ok"":true}"
mpMwf,https://lichess.org/training/mpMwf,TRUE,False,"Processing row 1515: 2025-11-06 18:20:02.513348 -> Puzzle mpMwf - URL https://lichess.org/training/mpMwf, Reviewed: TRUE -> Status: 200 Text:{""ok"":true}"
mqE12,https://lichess.org/training/mqE12,TRUE,False,"Processing row 1516: 2025-11-06 18:20:03.744922 -> Puzzle mqE12 - URL https://lichess.org/training/mqE12, Reviewed: TRUE -> Status: 200 Text:{""ok"":true}"
mrPoC,https://lichess.org/training/mrPoC,TRUE,False,"Processing row 1517: 2025-11-06 18:20:04.963094 -> Puzzle mrPoC - URL https://lichess.org/training/mrPoC, Reviewed: TRUE -> Status: 200 Text:{""ok"":true}"
mtlXo,https://lichess.org/training/mtlXo,TRUE,False,"Processing row 1518: 2025-11-06 18:20:06.165566 -> Puzzle mtlXo - URL https://lichess.org/training/mtlXo, Reviewed: TRUE -> Status: 200 Text:{""ok"":true}"
mvk8o,https://lichess.org/training/mvk8o,TRUE,False,"Processing row 1519: 2025-11-06 18:20:07.351617 -> Puzzle mvk8o - URL https://lichess.org/training/mvk8o, Reviewed: TRUE -> Status: 200 Text:{""ok"":true}"
mvucl,https://lichess.org/training/mvucl,TRUE,False,"Processing row 1520: 2025-11-06 18:20:08.585105 -> Puzzle mvucl - URL https://lichess.org/training/mvucl, Reviewed: TRUE -> Status: 200 Text:{""ok"":true}"
mxNjt,https://lichess.org/training/mxNjt,TRUE,False,"Processing row 1521: 2025-11-06 18:20:09.783663 -> Puzzle mxNjt - URL https://lichess.org/training/mxNjt, Reviewed: TRUE -> Status: 200 Text:{""ok"":true}"
myshi,https://lichess.org/training/myshi,TRUE,False,"Processing row 1522: 2025-11-06 18:20:11.036541 -> Puzzle myshi - URL https://lichess.org/training/myshi, Reviewed: TRUE -> Status: 200 Text:{""ok"":true}"
mzETt,https://lichess.org/training/mzETt,TRUE,False,"Processing row 1523: 2025-11-06 18:20:12.287930 -> Puzzle mzETt - URL https://lichess.org/training/mzETt, Reviewed: TRUE -> Status: 200 Text:{""ok"":true}"
n05G3,https://lichess.org/training/n05G3,TRUE,False,"Processing row 1524: 2025-11-06 18:20:13.610200 -> Puzzle n05G3 - URL https://lichess.org/training/n05G3, Reviewed: TRUE -> Status: 200 Text:{""ok"":true}"
n38y0,https://lichess.org/training/n38y0,TRUE,False,"Processing row 1525: 2025-11-06 18:20:14.824067 -> Puzzle n38y0 - URL https://lichess.org/training/n38y0, Reviewed: TRUE -> Status: 200 Text:{""ok"":true}"
n3mcr,https://lichess.org/training/n3mcr,TRUE,False,"Processing row 1526: 2025-11-06 18:20:16.035708 -> Puzzle n3mcr - URL https://lichess.org/training/n3mcr, Reviewed: TRUE -> Status: 200 Text:{""ok"":true}"
n6Ipq,https://lichess.org/training/n6Ipq,TRUE,False,"Processing row 1527: 2025-11-06 18:20:17.233696 -> Puzzle n6Ipq - URL https://lichess.org/training/n6Ipq, Reviewed: TRUE -> Status: 200 Text:{""ok"":true}"
nBy8h,https://lichess.org/training/nBy8h,TRUE,False,"Processing row 1528: 2025-11-06 18:20:18.485875 -> Puzzle nBy8h - URL https://lichess.org/training/nBy8h, Reviewed: TRUE -> Status: 200 Text:{""ok"":true}"
nCUa3,https://lichess.org/training/nCUa3,TRUE,False,"Processing row 1529: 2025-11-06 18:20:19.688519 -> Puzzle nCUa3 - URL https://lichess.org/training/nCUa3, Reviewed: TRUE -> Status: 200 Text:{""ok"":true}"
nT1XR,https://lichess.org/training/nT1XR,TRUE,False,"Processing row 1530: 2025-11-06 18:20:20.948290 -> Puzzle nT1XR - URL https://lichess.org/training/nT1XR, Reviewed: TRUE -> Status: 200 Text:{""ok"":true}"
nUZnb,https://lichess.org/training/nUZnb,TRUE,False,"Processing row 1531: 2025-11-06 18:20:22.236250 -> Puzzle nUZnb - URL https://lichess.org/training/nUZnb, Reviewed: TRUE -> Status: 200 Text:{""ok"":true}"
nUg6M,https://lichess.org/training/nUg6M,TRUE,False,"Processing row 1532: 2025-11-06 18:20:23.480983 -> Puzzle nUg6M - URL https://lichess.org/training/nUg6M, Reviewed: TRUE -> Status: 200 Text:{""ok"":true}"
nW5El,https://lichess.org/training/nW5El,TRUE,False,"Processing row 1533: 2025-11-06 18:20:24.707180 -> Puzzle nW5El - URL https://lichess.org/training/nW5El, Reviewed: TRUE -> Status: 200 Text:{""ok"":true}"
nWDcx,https://lichess.org/training/nWDcx,TRUE,False,"Processing row 1534: 2025-11-06 18:20:25.940238 -> Puzzle nWDcx - URL https://lichess.org/training/nWDcx, Reviewed: TRUE -> Status: 200 Text:{""ok"":true}"
nZY6A,https://lichess.org/training/nZY6A,TRUE,False,"Processing row 1535: 2025-11-06 18:20:27.145335 -> Puzzle nZY6A - URL https://lichess.org/training/nZY6A, Reviewed: TRUE -> Status: 200 Text:{""ok"":true}"
nbGVb,https://lichess.org/training/nbGVb,TRUE,False,"Processing row 1536: 2025-11-06 18:20:28.416968 -> Puzzle nbGVb - URL https://lichess.org/training/nbGVb, Reviewed: TRUE -> Status: 200 Text:{""ok"":true}"
nbJLz,https://lichess.org/training/nbJLz,TRUE,False,"Processing row 1537: 2025-11-06 18:20:29.672526 -> Puzzle nbJLz - URL https://lichess.org/training/nbJLz, Reviewed: TRUE -> Status: 200 Text:{""ok"":true}"
nbc4U,https://lichess.org/training/nbc4U,TRUE,False,"Processing row 1538: 2025-11-06 18:20:30.986430 -> Puzzle nbc4U - URL https://lichess.org/training/nbc4U, Reviewed: TRUE -> Status: 200 Text:{""ok"":true}"
nbnXS,https://lichess.org/training/nbnXS,TRUE,False,"Processing row 1539: 2025-11-06 18:20:32.244049 -> Puzzle nbnXS - URL https://lichess.org/training/nbnXS, Reviewed: TRUE -> Status: 200 Text:{""ok"":true}"
ndOIV,https://lichess.org/training/ndOIV,TRUE,False,"Processing row 1540: 2025-11-06 18:20:33.484991 -> Puzzle ndOIV - URL https://lichess.org/training/ndOIV, Reviewed: TRUE -> Status: 200 Text:{""ok"":true}"
neRrN,https://lichess.org/training/neRrN,TRUE,False,"Processing row 1541: 2025-11-06 18:20:34.724505 -> Puzzle neRrN - URL https://lichess.org/training/neRrN, Reviewed: TRUE -> Status: 200 Text:{""ok"":true}"
ngUmy,https://lichess.org/training/ngUmy,TRUE,False,"Processing row 1542: 2025-11-06 18:20:35.947836 -> Puzzle ngUmy - URL https://lichess.org/training/ngUmy, Reviewed: TRUE -> Status: 200 Text:{""ok"":true}"
nij7N,https://lichess.org/training/nij7N,TRUE,False,"Processing row 1543: 2025-11-06 18:20:37.214883 -> Puzzle nij7N - URL https://lichess.org/training/nij7N, Reviewed: TRUE -> Status: 200 Text:{""ok"":true}"
nmDnv,https://lichess.org/training/nmDnv,TRUE,False,"Processing row 1544: 2025-11-06 18:20:38.487932 -> Puzzle nmDnv - URL https://lichess.org/training/nmDnv, Reviewed: TRUE -> Status: 200 Text:{""ok"":true}"
nq3q8,https://lichess.org/training/nq3q8,TRUE,False,"Processing row 1545: 2025-11-06 18:20:39.784541 -> Puzzle nq3q8 - URL https://lichess.org/training/nq3q8, Reviewed: TRUE -> Status: 200 Text:{""ok"":true}"
nthwE,https://lichess.org/training/nthwE,TRUE,False,"Processing row 1546: 2025-11-06 18:20:41.015472 -> Puzzle nthwE - URL https://lichess.org/training/nthwE, Reviewed: TRUE -> Status: 200 Text:{""ok"":true}"
nu6ug,https://lichess.org/training/nu6ug,TRUE,False,"Processing row 1547: 2025-11-06 18:20:42.273171 -> Puzzle nu6ug - URL https://lichess.org/training/nu6ug, Reviewed: TRUE -> Status: 200 Text:{""ok"":true}"
nuldM,https://lichess.org/training/nuldM,TRUE,False,"Processing row 1548: 2025-11-06 18:20:43.536690 -> Puzzle nuldM - URL https://lichess.org/training/nuldM, Reviewed: TRUE -> Status: 200 Text:{""ok"":true}"
nv2Qy,https://lichess.org/training/nv2Qy,FALSE,False,X
nvaqe,https://lichess.org/training/nvaqe,TRUE,False,"Processing row 1550: 2025-11-06 18:20:44.743850 -> Puzzle nvaqe - URL https://lichess.org/training/nvaqe, Reviewed: TRUE -> Status: 200 Text:{""ok"":true}"
nzTgs,https://lichess.org/training/nzTgs,TRUE,False,"Processing row 1551: 2025-11-06 18:20:45.982285 -> Puzzle nzTgs - URL https://lichess.org/training/nzTgs, Reviewed: TRUE -> Status: 200 Text:{""ok"":true}"
o3pDN,https://lichess.org/training/o3pDN,TRUE,False,"Processing row 1552: 2025-11-06 18:20:47.218901 -> Puzzle o3pDN - URL https://lichess.org/training/o3pDN, Reviewed: TRUE -> Status: 200 Text:{""ok"":true}"
o4Tay,https://lichess.org/training/o4Tay,TRUE,False,"Processing row 1553: 2025-11-06 18:20:48.415852 -> Puzzle o4Tay - URL https://lichess.org/training/o4Tay, Reviewed: TRUE -> Status: 200 Text:{""ok"":true}"
o4uY5,https://lichess.org/training/o4uY5,TRUE,False,"Processing row 1554: 2025-11-06 18:20:49.630765 -> Puzzle o4uY5 - URL https://lichess.org/training/o4uY5, Reviewed: TRUE -> Status: 200 Text:{""ok"":true}"
o6n8n,https://lichess.org/training/o6n8n,TRUE,False,"Processing row 1555: 2025-11-06 18:20:50.870316 -> Puzzle o6n8n - URL https://lichess.org/training/o6n8n, Reviewed: TRUE -> Status: 200 Text:{""ok"":true}"
oAO3c,https://lichess.org/training/oAO3c,TRUE,False,"Processing row 1556: 2025-11-06 18:20:52.057028 -> Puzzle oAO3c - URL https://lichess.org/training/oAO3c, Reviewed: TRUE -> Status: 200 Text:{""ok"":true}"
oEm9j,https://lichess.org/training/oEm9j,TRUE,False,"Processing row 1557: 2025-11-06 18:20:53.268137 -> Puzzle oEm9j - URL https://lichess.org/training/oEm9j, Reviewed: TRUE -> Status: 200 Text:{""ok"":true}"
oJOWW,https://lichess.org/training/oJOWW,TRUE,False,"Processing row 1558: 2025-11-06 18:20:54.546143 -> Puzzle oJOWW - URL https://lichess.org/training/oJOWW, Reviewed: TRUE -> Status: 200 Text:{""ok"":true}"
oMxzY,https://lichess.org/training/oMxzY,TRUE,False,"Processing row 1559: 2025-11-06 18:20:55.832755 -> Puzzle oMxzY - URL https://lichess.org/training/oMxzY, Reviewed: TRUE -> Status: 200 Text:{""ok"":true}"
oNokb,https://lichess.org/training/oNokb,TRUE,False,"Processing row 1560: 2025-11-06 18:20:57.057346 -> Puzzle oNokb - URL https://lichess.org/training/oNokb, Reviewed: TRUE -> Status: 200 Text:{""ok"":true}"
oOdLd,https://lichess.org/training/oOdLd,TRUE,False,"Processing row 1561: 2025-11-06 18:20:58.235704 -> Puzzle oOdLd - URL https://lichess.org/training/oOdLd, Reviewed: TRUE -> Status: 200 Text:{""ok"":true}"
oWhRW,https://lichess.org/training/oWhRW,TRUE,False,"Processing row 1562: 2025-11-06 18:20:59.426194 -> Puzzle oWhRW - URL https://lichess.org/training/oWhRW, Reviewed: TRUE -> Status: 200 Text:{""ok"":true}"
oXi5Z,https://lichess.org/training/oXi5Z,TRUE,False,"Processing row 1563: 2025-11-06 18:21:00.631422 -> Puzzle oXi5Z - URL https://lichess.org/training/oXi5Z, Reviewed: TRUE -> Status: 200 Text:{""ok"":true}"
obhEy,https://lichess.org/training/obhEy,TRUE,False,"Processing row 1564: 2025-11-06 18:21:01.868788 -> Puzzle obhEy - URL https://lichess.org/training/obhEy, Reviewed: TRUE -> Status: 200 Text:{""ok"":true}"
oeKkj,https://lichess.org/training/oeKkj,TRUE,False,"Processing row 1565: 2025-11-06 18:21:03.200751 -> Puzzle oeKkj - URL https://lichess.org/training/oeKkj, Reviewed: TRUE -> Status: 200 Text:{""ok"":true}"
oeSsC,https://lichess.org/training/oeSsC,TRUE,False,"Processing row 1566: 2025-11-06 18:21:04.432627 -> Puzzle oeSsC - URL https://lichess.org/training/oeSsC, Reviewed: TRUE -> Status: 200 Text:{""ok"":true}"
ofMpG,https://lichess.org/training/ofMpG,TRUE,False,"Processing row 1567: 2025-11-06 18:21:05.639650 -> Puzzle ofMpG - URL https://lichess.org/training/ofMpG, Reviewed: TRUE -> Status: 200 Text:{""ok"":true}"
ohclB,https://lichess.org/training/ohclB,TRUE,False,"Processing row 1568: 2025-11-06 18:21:06.831462 -> Puzzle ohclB - URL https://lichess.org/training/ohclB, Reviewed: TRUE -> Status: 200 Text:{""ok"":true}"
ohtnl,https://lichess.org/training/ohtnl,TRUE,False,"Processing row 1569: 2025-11-06 18:21:08.024857 -> Puzzle ohtnl - URL https://lichess.org/training/ohtnl, Reviewed: TRUE -> Status: 200 Text:{""ok"":true}"
ooxlM,https://lichess.org/training/ooxlM,TRUE,False,"Processing row 1570: 2025-11-06 18:21:09.222930 -> Puzzle ooxlM - URL https://lichess.org/training/ooxlM, Reviewed: TRUE -> Status: 200 Text:{""ok"":true}"
orwq9,https://lichess.org/training/orwq9,TRUE,False,"Processing row 1571: 2025-11-06 18:21:10.427679 -> Puzzle orwq9 - URL https://lichess.org/training/orwq9, Reviewed: TRUE -> Status: 200 Text:{""ok"":true}"
otMcu,https://lichess.org/training/otMcu,TRUE,False,"Processing row 1572: 2025-11-06 18:21:11.645172 -> Puzzle otMcu - URL https://lichess.org/training/otMcu, Reviewed: TRUE -> Status: 200 Text:{""ok"":true}"
oxpSZ,https://lichess.org/training/oxpSZ,TRUE,False,"Processing row 1573: 2025-11-06 18:21:12.871846 -> Puzzle oxpSZ - URL https://lichess.org/training/oxpSZ, Reviewed: TRUE -> Status: 200 Text:{""ok"":true}"
p7pwt,https://lichess.org/training/p7pwt,TRUE,False,"Processing row 1574: 2025-11-06 18:21:14.084218 -> Puzzle p7pwt - URL https://lichess.org/training/p7pwt, Reviewed: TRUE -> Status: 200 Text:{""ok"":true}"
p9Ic2,https://lichess.org/training/p9Ic2,TRUE,False,"Processing row 1575: 2025-11-06 18:21:15.317293 -> Puzzle p9Ic2 - URL https://lichess.org/training/p9Ic2, Reviewed: TRUE -> Status: 200 Text:{""ok"":true}"
p9YRk,https://lichess.org/training/p9YRk,TRUE,False,"Processing row 1576: 2025-11-06 18:21:16.500375 -> Puzzle p9YRk - URL https://lichess.org/training/p9YRk, Reviewed: TRUE -> Status: 200 Text:{""ok"":true}"
pDfuP,https://lichess.org/training/pDfuP,TRUE,False,"Processing row 1577: 2025-11-06 18:21:17.690782 -> Puzzle pDfuP - URL https://lichess.org/training/pDfuP, Reviewed: TRUE -> Status: 200 Text:{""ok"":true}"
pE1wC,https://lichess.org/training/pE1wC,TRUE,False,"Processing row 1578: 2025-11-06 18:21:18.904535 -> Puzzle pE1wC - URL https://lichess.org/training/pE1wC, Reviewed: TRUE -> Status: 200 Text:{""ok"":true}"
pGSYh,https://lichess.org/training/pGSYh,TRUE,False,"Processing row 1579: 2025-11-06 18:21:20.163638 -> Puzzle pGSYh - URL https://lichess.org/training/pGSYh, Reviewed: TRUE -> Status: 200 Text:{""ok"":true}"
pGnoT,https://lichess.org/training/pGnoT,TRUE,False,"Processing row 1580: 2025-11-06 18:21:21.422688 -> Puzzle pGnoT - URL https://lichess.org/training/pGnoT, Reviewed: TRUE -> Status: 200 Text:{""ok"":true}"
pJ9a8,https://lichess.org/training/pJ9a8,TRUE,False,"Processing row 1581: 2025-11-06 18:21:22.707589 -> Puzzle pJ9a8 - URL https://lichess.org/training/pJ9a8, Reviewed: TRUE -> Status: 200 Text:{""ok"":true}"
pJYP1,https://lichess.org/training/pJYP1,TRUE,False,"Processing row 1582: 2025-11-06 18:21:24.005036 -> Puzzle pJYP1 - URL https://lichess.org/training/pJYP1, Reviewed: TRUE -> Status: 200 Text:{""ok"":true}"
pJfTj,https://lichess.org/training/pJfTj,TRUE,False,"Processing row 1583: 2025-11-06 18:21:25.193350 -> Puzzle pJfTj - URL https://lichess.org/training/pJfTj, Reviewed: TRUE -> Status: 200 Text:{""ok"":true}"
pOSj9,https://lichess.org/training/pOSj9,TRUE,False,"Processing row 1584: 2025-11-06 18:21:26.389365 -> Puzzle pOSj9 - URL https://lichess.org/training/pOSj9, Reviewed: TRUE -> Status: 200 Text:{""ok"":true}"
pP2TC,https://lichess.org/training/pP2TC,TRUE,False,"Processing row 1585: 2025-11-06 18:21:27.570108 -> Puzzle pP2TC - URL https://lichess.org/training/pP2TC, Reviewed: TRUE -> Status: 200 Text:{""ok"":true}"
pSS2c,https://lichess.org/training/pSS2c,TRUE,False,"Processing row 1586: 2025-11-06 18:21:28.750300 -> Puzzle pSS2c - URL https://lichess.org/training/pSS2c, Reviewed: TRUE -> Status: 200 Text:{""ok"":true}"
pWJZc,https://lichess.org/training/pWJZc,TRUE,False,"Processing row 1587: 2025-11-06 18:21:29.949972 -> Puzzle pWJZc - URL https://lichess.org/training/pWJZc, Reviewed: TRUE -> Status: 200 Text:{""ok"":true}"
pXiNy,https://lichess.org/training/pXiNy,TRUE,False,"Processing row 1588: 2025-11-06 18:21:31.231942 -> Puzzle pXiNy - URL https://lichess.org/training/pXiNy, Reviewed: TRUE -> Status: 200 Text:{""ok"":true}"
pc9Wy,https://lichess.org/training/pc9Wy,TRUE,False,"Processing row 1589: 2025-11-06 18:21:32.471759 -> Puzzle pc9Wy - URL https://lichess.org/training/pc9Wy, Reviewed: TRUE -> Status: 200 Text:{""ok"":true}"
pcqgV,https://lichess.org/training/pcqgV,TRUE,False,"Processing row 1590: 2025-11-06 18:21:33.746793 -> Puzzle pcqgV - URL https://lichess.org/training/pcqgV, Reviewed: TRUE -> Status: 200 Text:{""ok"":true}"
pfVJI,https://lichess.org/training/pfVJI,TRUE,False,"Processing row 1591: 2025-11-06 18:21:35.035259 -> Puzzle pfVJI - URL https://lichess.org/training/pfVJI, Reviewed: TRUE -> Status: 200 Text:{""ok"":true}"
piImF,https://lichess.org/training/piImF,TRUE,False,"Processing row 1592: 2025-11-06 18:21:36.223988 -> Puzzle piImF - URL https://lichess.org/training/piImF, Reviewed: TRUE -> Status: 200 Text:{""ok"":true}"
pihFr,https://lichess.org/training/pihFr,TRUE,False,"Processing row 1593: 2025-11-06 18:21:37.531799 -> Puzzle pihFr - URL https://lichess.org/training/pihFr, Reviewed: TRUE -> Status: 200 Text:{""ok"":true}"
prlFr,https://lichess.org/training/prlFr,TRUE,False,"Processing row 1594: 2025-11-06 18:21:38.735551 -> Puzzle prlFr - URL https://lichess.org/training/prlFr, Reviewed: TRUE -> Status: 200 Text:{""ok"":true}"
ptNVt,https://lichess.org/training/ptNVt,TRUE,False,"Processing row 1595: 2025-11-06 18:21:39.921213 -> Puzzle ptNVt - URL https://lichess.org/training/ptNVt, Reviewed: TRUE -> Status: 200 Text:{""ok"":true}"
ptbcG,https://lichess.org/training/ptbcG,TRUE,False,"Processing row 1596: 2025-11-06 18:21:41.133759 -> Puzzle ptbcG - URL https://lichess.org/training/ptbcG, Reviewed: TRUE -> Status: 200 Text:{""ok"":true}"
puoai,https://lichess.org/training/puoai,TRUE,False,"Processing row 1597: 2025-11-06 18:21:42.376947 -> Puzzle puoai - URL https://lichess.org/training/puoai, Reviewed: TRUE -> Status: 200 Text:{""ok"":true}"
pvv3U,https://lichess.org/training/pvv3U,TRUE,False,"Processing row 1598: 2025-11-06 18:21:43.574936 -> Puzzle pvv3U - URL https://lichess.org/training/pvv3U, Reviewed: TRUE -> Status: 200 Text:{""ok"":true}"
py1Nn,https://lichess.org/training/py1Nn,TRUE,False,"Processing row 1599: 2025-11-06 18:21:44.793170 -> Puzzle py1Nn - URL https://lichess.org/training/py1Nn, Reviewed: TRUE -> Status: 200 Text:{""ok"":true}"
q8K3e,https://lichess.org/training/q8K3e,TRUE,False,"Processing row 1600: 2025-11-06 18:21:45.999981 -> Puzzle q8K3e - URL https://lichess.org/training/q8K3e, Reviewed: TRUE -> Status: 200 Text:{""ok"":true}"
q8mW7,https://lichess.org/training/q8mW7,TRUE,False,"Processing row 1601: 2025-11-06 18:21:47.226224 -> Puzzle q8mW7 - URL https://lichess.org/training/q8mW7, Reviewed: TRUE -> Status: 200 Text:{""ok"":true}"
qBAaj,https://lichess.org/training/qBAaj,TRUE,False,"Processing row 1602: 2025-11-06 18:21:48.414748 -> Puzzle qBAaj - URL https://lichess.org/training/qBAaj, Reviewed: TRUE -> Status: 200 Text:{""ok"":true}"
qBXhX,https://lichess.org/training/qBXhX,TRUE,False,"Processing row 1603: 2025-11-06 18:21:49.601209 -> Puzzle qBXhX - URL https://lichess.org/training/qBXhX, Reviewed: TRUE -> Status: 200 Text:{""ok"":true}"
qE4RC,https://lichess.org/training/qE4RC,TRUE,False,"Processing row 1604: 2025-11-06 18:21:50.774775 -> Puzzle qE4RC - URL https://lichess.org/training/qE4RC, Reviewed: TRUE -> Status: 200 Text:{""ok"":true}"
qFZQH,https://lichess.org/training/qFZQH,TRUE,False,"Processing row 1605: 2025-11-06 18:21:52.007468 -> Puzzle qFZQH - URL https://lichess.org/training/qFZQH, Reviewed: TRUE -> Status: 200 Text:{""ok"":true}"
qMVPN,https://lichess.org/training/qMVPN,TRUE,False,"Processing row 1606: 2025-11-06 18:21:53.193424 -> Puzzle qMVPN - URL https://lichess.org/training/qMVPN, Reviewed: TRUE -> Status: 200 Text:{""ok"":true}"
qOQUh,https://lichess.org/training/qOQUh,TRUE,False,"Processing row 1607: 2025-11-06 18:21:54.373978 -> Puzzle qOQUh - URL https://lichess.org/training/qOQUh, Reviewed: TRUE -> Status: 200 Text:{""ok"":true}"
qQJ2g,https://lichess.org/training/qQJ2g,TRUE,False,"Processing row 1608: 2025-11-06 18:21:55.564031 -> Puzzle qQJ2g - URL https://lichess.org/training/qQJ2g, Reviewed: TRUE -> Status: 200 Text:{""ok"":true}"
qRLzh,https://lichess.org/training/qRLzh,TRUE,False,"Processing row 1609: 2025-11-06 18:21:56.773284 -> Puzzle qRLzh - URL https://lichess.org/training/qRLzh, Reviewed: TRUE -> Status: 200 Text:{""ok"":true}"
qRzlJ,https://lichess.org/training/qRzlJ,TRUE,False,"Processing row 1610: 2025-11-06 18:21:58.035566 -> Puzzle qRzlJ - URL https://lichess.org/training/qRzlJ, Reviewed: TRUE -> Status: 200 Text:{""ok"":true}"
qUQDF,https://lichess.org/training/qUQDF,TRUE,False,"Processing row 1611: 2025-11-06 18:21:59.323657 -> Puzzle qUQDF - URL https://lichess.org/training/qUQDF, Reviewed: TRUE -> Status: 200 Text:{""ok"":true}"
qWWws,https://lichess.org/training/qWWws,TRUE,False,"Processing row 1612: 2025-11-06 18:22:00.568211 -> Puzzle qWWws - URL https://lichess.org/training/qWWws, Reviewed: TRUE -> Status: 200 Text:{""ok"":true}"
qX4LG,https://lichess.org/training/qX4LG,TRUE,False,"Processing row 1613: 2025-11-06 18:22:01.747610 -> Puzzle qX4LG - URL https://lichess.org/training/qX4LG, Reviewed: TRUE -> Status: 200 Text:{""ok"":true}"
qZdA6,https://lichess.org/training/qZdA6,TRUE,False,"Processing row 1614: 2025-11-06 18:22:02.953822 -> Puzzle qZdA6 - URL https://lichess.org/training/qZdA6, Reviewed: TRUE -> Status: 200 Text:{""ok"":true}"
qaaG6,https://lichess.org/training/qaaG6,TRUE,False,"Processing row 1615: 2025-11-06 18:22:04.131835 -> Puzzle qaaG6 - URL https://lichess.org/training/qaaG6, Reviewed: TRUE -> Status: 200 Text:{""ok"":true}"
qePHH,https://lichess.org/training/qePHH,TRUE,False,"Processing row 1616: 2025-11-06 18:22:05.319426 -> Puzzle qePHH - URL https://lichess.org/training/qePHH, Reviewed: TRUE -> Status: 200 Text:{""ok"":true}"
qfN3z,https://lichess.org/training/qfN3z,TRUE,False,"Processing row 1617: 2025-11-06 18:22:06.525293 -> Puzzle qfN3z - URL https://lichess.org/training/qfN3z, Reviewed: TRUE -> Status: 200 Text:{""ok"":true}"
qfT8j,https://lichess.org/training/qfT8j,TRUE,False,"Processing row 1618: 2025-11-06 18:22:07.748833 -> Puzzle qfT8j - URL https://lichess.org/training/qfT8j, Reviewed: TRUE -> Status: 200 Text:{""ok"":true}"
qg9IJ,https://lichess.org/training/qg9IJ,TRUE,False,"Processing row 1619: 2025-11-06 18:22:09.064475 -> Puzzle qg9IJ - URL https://lichess.org/training/qg9IJ, Reviewed: TRUE -> Status: 200 Text:{""ok"":true}"
qgad9,https://lichess.org/training/qgad9,TRUE,False,"Processing row 1620: 2025-11-06 18:22:10.304166 -> Puzzle qgad9 - URL https://lichess.org/training/qgad9, Reviewed: TRUE -> Status: 200 Text:{""ok"":true}"
qp7HA,https://lichess.org/training/qp7HA,TRUE,False,"Processing row 1621: 2025-11-06 18:22:11.501423 -> Puzzle qp7HA - URL https://lichess.org/training/qp7HA, Reviewed: TRUE -> Status: 200 Text:{""ok"":true}"
qpSJk,https://lichess.org/training/qpSJk,TRUE,False,"Processing row 1622: 2025-11-06 18:22:12.691813 -> Puzzle qpSJk - URL https://lichess.org/training/qpSJk, Reviewed: TRUE -> Status: 200 Text:{""ok"":true}"
qs4t6,https://lichess.org/training/qs4t6,TRUE,False,"Processing row 1623: 2025-11-06 18:22:13.946749 -> Puzzle qs4t6 - URL https://lichess.org/training/qs4t6, Reviewed: TRUE -> Status: 200 Text:{""ok"":true}"
qsvVa,https://lichess.org/training/qsvVa,TRUE,False,"Processing row 1624: 2025-11-06 18:22:15.278131 -> Puzzle qsvVa - URL https://lichess.org/training/qsvVa, Reviewed: TRUE -> Status: 200 Text:{""ok"":true}"
qszhF,https://lichess.org/training/qszhF,TRUE,False,"Processing row 1625: 2025-11-06 18:22:16.495852 -> Puzzle qszhF - URL https://lichess.org/training/qszhF, Reviewed: TRUE -> Status: 200 Text:{""ok"":true}"
quB9R,https://lichess.org/training/quB9R,TRUE,False,"Processing row 1626: 2025-11-06 18:22:17.733902 -> Puzzle quB9R - URL https://lichess.org/training/quB9R, Reviewed: TRUE -> Status: 200 Text:{""ok"":true}"
quTqV,https://lichess.org/training/quTqV,TRUE,False,"Processing row 1627: 2025-11-06 18:22:19.005818 -> Puzzle quTqV - URL https://lichess.org/training/quTqV, Reviewed: TRUE -> Status: 200 Text:{""ok"":true}"
qyB8P,https://lichess.org/training/qyB8P,TRUE,False,"Processing row 1628: 2025-11-06 18:22:20.254808 -> Puzzle qyB8P - URL https://lichess.org/training/qyB8P, Reviewed: TRUE -> Status: 200 Text:{""ok"":true}"
qzlfN,https://lichess.org/training/qzlfN,TRUE,False,"Processing row 1629: 2025-11-06 18:22:21.441010 -> Puzzle qzlfN - URL https://lichess.org/training/qzlfN, Reviewed: TRUE -> Status: 200 Text:{""ok"":true}"
r03g1,https://lichess.org/training/r03g1,TRUE,False,"Processing row 1630: 2025-11-06 18:22:22.700536 -> Puzzle r03g1 - URL https://lichess.org/training/r03g1, Reviewed: TRUE -> Status: 200 Text:{""ok"":true}"
r6exv,https://lichess.org/training/r6exv,TRUE,False,"Processing row 1631: 2025-11-06 18:22:23.919271 -> Puzzle r6exv - URL https://lichess.org/training/r6exv, Reviewed: TRUE -> Status: 200 Text:{""ok"":true}"
r7ZUU,https://lichess.org/training/r7ZUU,TRUE,False,"Processing row 1632: 2025-11-06 18:22:25.143818 -> Puzzle r7ZUU - URL https://lichess.org/training/r7ZUU, Reviewed: TRUE -> Status: 200 Text:{""ok"":true}"
r7eWg,https://lichess.org/training/r7eWg,TRUE,False,"Processing row 1633: 2025-11-06 18:22:26.323580 -> Puzzle r7eWg - URL https://lichess.org/training/r7eWg, Reviewed: TRUE -> Status: 200 Text:{""ok"":true}"
r91a9,https://lichess.org/training/r91a9,TRUE,False,"Processing row 1634: 2025-11-06 18:22:27.505503 -> Puzzle r91a9 - URL https://lichess.org/training/r91a9, Reviewed: TRUE -> Status: 200 Text:{""ok"":true}"
rEpZI,https://lichess.org/training/rEpZI,TRUE,False,"Processing row 1635: 2025-11-06 18:22:28.704830 -> Puzzle rEpZI - URL https://lichess.org/training/rEpZI, Reviewed: TRUE -> Status: 200 Text:{""ok"":true}"
rFhlp,https://lichess.org/training/rFhlp,TRUE,False,"Processing row 1636: 2025-11-06 18:22:29.912240 -> Puzzle rFhlp - URL https://lichess.org/training/rFhlp, Reviewed: TRUE -> Status: 200 Text:{""ok"":true}"
rHNjF,https://lichess.org/training/rHNjF,TRUE,False,"Processing row 1637: 2025-11-06 18:22:31.085690 -> Puzzle rHNjF - URL https://lichess.org/training/rHNjF, Reviewed: TRUE -> Status: 200 Text:{""ok"":true}"
rIgtW,https://lichess.org/training/rIgtW,TRUE,False,"Processing row 1638: 2025-11-06 18:22:32.262182 -> Puzzle rIgtW - URL https://lichess.org/training/rIgtW, Reviewed: TRUE -> Status: 200 Text:{""ok"":true}"
rJHzs,https://lichess.org/training/rJHzs,TRUE,False,"Processing row 1639: 2025-11-06 18:22:33.502998 -> Puzzle rJHzs - URL https://lichess.org/training/rJHzs, Reviewed: TRUE -> Status: 200 Text:{""ok"":true}"
rK1hT,https://lichess.org/training/rK1hT,TRUE,False,"Processing row 1640: 2025-11-06 18:22:34.737757 -> Puzzle rK1hT - URL https://lichess.org/training/rK1hT, Reviewed: TRUE -> Status: 200 Text:{""ok"":true}"
rN2VG,https://lichess.org/training/rN2VG,TRUE,False,"Processing row 1641: 2025-11-06 18:22:35.918937 -> Puzzle rN2VG - URL https://lichess.org/training/rN2VG, Reviewed: TRUE -> Status: 200 Text:{""ok"":true}"
rObZO,https://lichess.org/training/rObZO,TRUE,False,"Processing row 1642: 2025-11-06 18:22:37.217719 -> Puzzle rObZO - URL https://lichess.org/training/rObZO, Reviewed: TRUE -> Status: 200 Text:{""ok"":true}"
rPHxc,https://lichess.org/training/rPHxc,TRUE,False,"Processing row 1643: 2025-11-06 18:22:38.493265 -> Puzzle rPHxc - URL https://lichess.org/training/rPHxc, Reviewed: TRUE -> Status: 200 Text:{""ok"":true}"
rRZAQ,https://lichess.org/training/rRZAQ,TRUE,False,"Processing row 1644: 2025-11-06 18:22:39.744057 -> Puzzle rRZAQ - URL https://lichess.org/training/rRZAQ, Reviewed: TRUE -> Status: 200 Text:{""ok"":true}"
rTEss,https://lichess.org/training/rTEss,TRUE,False,"Processing row 1645: 2025-11-06 18:22:41.016185 -> Puzzle rTEss - URL https://lichess.org/training/rTEss, Reviewed: TRUE -> Status: 200 Text:{""ok"":true}"
rTzXs,https://lichess.org/training/rTzXs,TRUE,False,"Processing row 1646: 2025-11-06 18:22:42.302437 -> Puzzle rTzXs - URL https://lichess.org/training/rTzXs, Reviewed: TRUE -> Status: 200 Text:{""ok"":true}"
rUXwa,https://lichess.org/training/rUXwa,TRUE,False,"Processing row 1647: 2025-11-06 18:22:43.555365 -> Puzzle rUXwa - URL https://lichess.org/training/rUXwa, Reviewed: TRUE -> Status: 200 Text:{""ok"":true}"
rVPC7,https://lichess.org/training/rVPC7,TRUE,False,"Processing row 1648: 2025-11-06 18:22:44.785415 -> Puzzle rVPC7 - URL https://lichess.org/training/rVPC7, Reviewed: TRUE -> Status: 200 Text:{""ok"":true}"
rX2bi,https://lichess.org/training/rX2bi,TRUE,False,"Processing row 1649: 2025-11-06 18:22:46.000127 -> Puzzle rX2bi - URL https://lichess.org/training/rX2bi, Reviewed: TRUE -> Status: 200 Text:{""ok"":true}"
rbYoh,https://lichess.org/training/rbYoh,TRUE,False,"Processing row 1650: 2025-11-06 18:22:47.266432 -> Puzzle rbYoh - URL https://lichess.org/training/rbYoh, Reviewed: TRUE -> Status: 200 Text:{""ok"":true}"
rcSbG,https://lichess.org/training/rcSbG,TRUE,False,"Processing row 1651: 2025-11-06 18:22:48.482327 -> Puzzle rcSbG - URL https://lichess.org/training/rcSbG, Reviewed: TRUE -> Status: 200 Text:{""ok"":true}"
rdNa3,https://lichess.org/training/rdNa3,TRUE,False,"Processing row 1652: 2025-11-06 18:22:49.671416 -> Puzzle rdNa3 - URL https://lichess.org/training/rdNa3, Reviewed: TRUE -> Status: 200 Text:{""ok"":true}"
re8R7,https://lichess.org/training/re8R7,TRUE,False,"Processing row 1653: 2025-11-06 18:22:50.896167 -> Puzzle re8R7 - URL https://lichess.org/training/re8R7, Reviewed: TRUE -> Status: 200 Text:{""ok"":true}"
reZuQ,https://lichess.org/training/reZuQ,TRUE,False,"Processing row 1654: 2025-11-06 18:22:52.089992 -> Puzzle reZuQ - URL https://lichess.org/training/reZuQ, Reviewed: TRUE -> Status: 200 Text:{""ok"":true}"
rj6bg,https://lichess.org/training/rj6bg,TRUE,False,"Processing row 1655: 2025-11-06 18:22:53.421889 -> Puzzle rj6bg - URL https://lichess.org/training/rj6bg, Reviewed: TRUE -> Status: 200 Text:{""ok"":true}"
rlh97,https://lichess.org/training/rlh97,TRUE,False,"Processing row 1656: 2025-11-06 18:22:54.668383 -> Puzzle rlh97 - URL https://lichess.org/training/rlh97, Reviewed: TRUE -> Status: 200 Text:{""ok"":true}"
rmXCS,https://lichess.org/training/rmXCS,TRUE,False,"Processing row 1657: 2025-11-06 18:22:55.882083 -> Puzzle rmXCS - URL https://lichess.org/training/rmXCS, Reviewed: TRUE -> Status: 200 Text:{""ok"":true}"
rpK7o,https://lichess.org/training/rpK7o,TRUE,False,"Processing row 1658: 2025-11-06 18:22:57.112123 -> Puzzle rpK7o - URL https://lichess.org/training/rpK7o, Reviewed: TRUE -> Status: 200 Text:{""ok"":true}"
rrCpa,https://lichess.org/training/rrCpa,TRUE,False,"Processing row 1659: 2025-11-06 18:22:58.340209 -> Puzzle rrCpa - URL https://lichess.org/training/rrCpa, Reviewed: TRUE -> Status: 200 Text:{""ok"":true}"
rsf0h,https://lichess.org/training/rsf0h,TRUE,False,"Processing row 1660: 2025-11-06 18:22:59.685682 -> Puzzle rsf0h - URL https://lichess.org/training/rsf0h, Reviewed: TRUE -> Status: 200 Text:{""ok"":true}"
rtrY4,https://lichess.org/training/rtrY4,TRUE,False,"Processing row 1661: 2025-11-06 18:23:00.920795 -> Puzzle rtrY4 - URL https://lichess.org/training/rtrY4, Reviewed: TRUE -> Status: 200 Text:{""ok"":true}"
rwReW,https://lichess.org/training/rwReW,TRUE,False,"Processing row 1662: 2025-11-06 18:23:02.193226 -> Puzzle rwReW - URL https://lichess.org/training/rwReW, Reviewed: TRUE -> Status: 200 Text:{""ok"":true}"
s0zEf,https://lichess.org/training/s0zEf,TRUE,False,"Processing row 1663: 2025-11-06 18:23:03.560494 -> Puzzle s0zEf - URL https://lichess.org/training/s0zEf, Reviewed: TRUE -> Status: 200 Text:{""ok"":true}"
s35e4,https://lichess.org/training/s35e4,FALSE,False,X
s5UC3,https://lichess.org/training/s5UC3,TRUE,False,"Processing row 1665: 2025-11-06 18:23:04.797536 -> Puzzle s5UC3 - URL https://lichess.org/training/s5UC3, Reviewed: TRUE -> Status: 200 Text:{""ok"":true}"
s5qe9,https://lichess.org/training/s5qe9,TRUE,False,"Processing row 1666: 2025-11-06 18:23:05.977968 -> Puzzle s5qe9 - URL https://lichess.org/training/s5qe9, Reviewed: TRUE -> Status: 200 Text:{""ok"":true}"
s7DlC,https://lichess.org/training/s7DlC,TRUE,False,"Processing row 1667: 2025-11-06 18:23:07.156377 -> Puzzle s7DlC - URL https://lichess.org/training/s7DlC, Reviewed: TRUE -> Status: 200 Text:{""ok"":true}"
s8wuR,https://lichess.org/training/s8wuR,TRUE,False,"Processing row 1668: 2025-11-06 18:23:08.340746 -> Puzzle s8wuR - URL https://lichess.org/training/s8wuR, Reviewed: TRUE -> Status: 200 Text:{""ok"":true}"
sATdA,https://lichess.org/training/sATdA,TRUE,False,"Processing row 1669: 2025-11-06 18:23:09.510845 -> Puzzle sATdA - URL https://lichess.org/training/sATdA, Reviewed: TRUE -> Status: 200 Text:{""ok"":true}"
sB3o8,https://lichess.org/training/sB3o8,TRUE,False,"Processing row 1670: 2025-11-06 18:23:10.694288 -> Puzzle sB3o8 - URL https://lichess.org/training/sB3o8, Reviewed: TRUE -> Status: 200 Text:{""ok"":true}"
sCU9w,https://lichess.org/training/sCU9w,TRUE,False,"Processing row 1671: 2025-11-06 18:23:11.884146 -> Puzzle sCU9w - URL https://lichess.org/training/sCU9w, Reviewed: TRUE -> Status: 200 Text:{""ok"":true}"
sFyxf,https://lichess.org/training/sFyxf,TRUE,False,"Processing row 1672: 2025-11-06 18:23:13.056290 -> Puzzle sFyxf - URL https://lichess.org/training/sFyxf, Reviewed: TRUE -> Status: 200 Text:{""ok"":true}"
sH2Dz,https://lichess.org/training/sH2Dz,TRUE,False,"Processing row 1673: 2025-11-06 18:23:14.223438 -> Puzzle sH2Dz - URL https://lichess.org/training/sH2Dz, Reviewed: TRUE -> Status: 200 Text:{""ok"":true}"
sHrIj,https://lichess.org/training/sHrIj,TRUE,False,"Processing row 1674: 2025-11-06 18:23:15.427283 -> Puzzle sHrIj - URL https://lichess.org/training/sHrIj, Reviewed: TRUE -> Status: 200 Text:{""ok"":true}"
sJ8YI,https://lichess.org/training/sJ8YI,TRUE,False,"Processing row 1675: 2025-11-06 18:23:16.598923 -> Puzzle sJ8YI - URL https://lichess.org/training/sJ8YI, Reviewed: TRUE -> Status: 200 Text:{""ok"":true}"
sMHb6,https://lichess.org/training/sMHb6,TRUE,False,"Processing row 1676: 2025-11-06 18:23:17.768626 -> Puzzle sMHb6 - URL https://lichess.org/training/sMHb6, Reviewed: TRUE -> Status: 200 Text:{""ok"":true}"
sPOAK,https://lichess.org/training/sPOAK,TRUE,False,"Processing row 1677: 2025-11-06 18:23:18.990726 -> Puzzle sPOAK - URL https://lichess.org/training/sPOAK, Reviewed: TRUE -> Status: 200 Text:{""ok"":true}"
sQrnj,https://lichess.org/training/sQrnj,TRUE,False,"Processing row 1678: 2025-11-06 18:23:20.182547 -> Puzzle sQrnj - URL https://lichess.org/training/sQrnj, Reviewed: TRUE -> Status: 200 Text:{""ok"":true}"
sV23R,https://lichess.org/training/sV23R,TRUE,False,"Processing row 1679: 2025-11-06 18:23:21.374121 -> Puzzle sV23R - URL https://lichess.org/training/sV23R, Reviewed: TRUE -> Status: 200 Text:{""ok"":true}"
sWm6w,https://lichess.org/training/sWm6w,TRUE,False,"Processing row 1680: 2025-11-06 18:23:22.545626 -> Puzzle sWm6w - URL https://lichess.org/training/sWm6w, Reviewed: TRUE -> Status: 200 Text:{""ok"":true}"
sZr9t,https://lichess.org/training/sZr9t,TRUE,False,"Processing row 1681: 2025-11-06 18:23:23.801895 -> Puzzle sZr9t - URL https://lichess.org/training/sZr9t, Reviewed: TRUE -> Status: 200 Text:{""ok"":true}"
scP0i,https://lichess.org/training/scP0i,TRUE,False,"Processing row 1682: 2025-11-06 18:23:24.985724 -> Puzzle scP0i - URL https://lichess.org/training/scP0i, Reviewed: TRUE -> Status: 200 Text:{""ok"":true}"
sdmXX,https://lichess.org/training/sdmXX,TRUE,False,"Processing row 1683: 2025-11-06 18:23:26.189607 -> Puzzle sdmXX - URL https://lichess.org/training/sdmXX, Reviewed: TRUE -> Status: 200 Text:{""ok"":true}"
seDzu,https://lichess.org/training/seDzu,TRUE,False,"Processing row 1684: 2025-11-06 18:23:27.364461 -> Puzzle seDzu - URL https://lichess.org/training/seDzu, Reviewed: TRUE -> Status: 200 Text:{""ok"":true}"
seI0t,https://lichess.org/training/seI0t,FALSE,False,X
sfTm2,https://lichess.org/training/sfTm2,TRUE,False,"Processing row 1686: 2025-11-06 18:23:28.548030 -> Puzzle sfTm2 - URL https://lichess.org/training/sfTm2, Reviewed: TRUE -> Status: 200 Text:{""ok"":true}"
shI7e,https://lichess.org/training/shI7e,TRUE,False,"Processing row 1687: 2025-11-06 18:23:29.734696 -> Puzzle shI7e - URL https://lichess.org/training/shI7e, Reviewed: TRUE -> Status: 200 Text:{""ok"":true}"
smI0U,https://lichess.org/training/smI0U,TRUE,False,"Processing row 1688: 2025-11-06 18:23:30.900547 -> Puzzle smI0U - URL https://lichess.org/training/smI0U, Reviewed: TRUE -> Status: 200 Text:{""ok"":true}"
spjcm,https://lichess.org/training/spjcm,TRUE,False,"Processing row 1689: 2025-11-06 18:23:32.091320 -> Puzzle spjcm - URL https://lichess.org/training/spjcm, Reviewed: TRUE -> Status: 200 Text:{""ok"":true}"
sqHXr,https://lichess.org/training/sqHXr,TRUE,False,"Processing row 1690: 2025-11-06 18:23:33.278280 -> Puzzle sqHXr - URL https://lichess.org/training/sqHXr, Reviewed: TRUE -> Status: 200 Text:{""ok"":true}"
sr1iA,https://lichess.org/training/sr1iA,TRUE,False,"Processing row 1691: 2025-11-06 18:23:34.472091 -> Puzzle sr1iA - URL https://lichess.org/training/sr1iA, Reviewed: TRUE -> Status: 200 Text:{""ok"":true}"
swsC3,https://lichess.org/training/swsC3,TRUE,False,"Processing row 1692: 2025-11-06 18:23:35.658821 -> Puzzle swsC3 - URL https://lichess.org/training/swsC3, Reviewed: TRUE -> Status: 200 Text:{""ok"":true}"
syPl9,https://lichess.org/training/syPl9,TRUE,False,"Processing row 1693: 2025-11-06 18:23:36.857300 -> Puzzle syPl9 - URL https://lichess.org/training/syPl9, Reviewed: TRUE -> Status: 200 Text:{""ok"":true}"
sySQF,https://lichess.org/training/sySQF,FALSE,False,X
syW3X,https://lichess.org/training/syW3X,TRUE,False,"Processing row 1695: 2025-11-06 18:23:38.041233 -> Puzzle syW3X - URL https://lichess.org/training/syW3X, Reviewed: TRUE -> Status: 200 Text:{""ok"":true}"
t1fAv,https://lichess.org/training/t1fAv,TRUE,False,"Processing row 1696: 2025-11-06 18:23:39.231746 -> Puzzle t1fAv - URL https://lichess.org/training/t1fAv, Reviewed: TRUE -> Status: 200 Text:{""ok"":true}"
t3OwC,https://lichess.org/training/t3OwC,TRUE,False,"Processing row 1697: 2025-11-06 18:23:40.408671 -> Puzzle t3OwC - URL https://lichess.org/training/t3OwC, Reviewed: TRUE -> Status: 200 Text:{""ok"":true}"
t3tLP,https://lichess.org/training/t3tLP,TRUE,False,"Processing row 1698: 2025-11-06 18:23:41.583835 -> Puzzle t3tLP - URL https://lichess.org/training/t3tLP, Reviewed: TRUE -> Status: 200 Text:{""ok"":true}"
t4l1n,https://lichess.org/training/t4l1n,TRUE,False,"Processing row 1699: 2025-11-06 18:23:42.764902 -> Puzzle t4l1n - URL https://lichess.org/training/t4l1n, Reviewed: TRUE -> Status: 200 Text:{""ok"":true}"
t64vv,https://lichess.org/training/t64vv,TRUE,False,"Processing row 1700: 2025-11-06 18:23:43.954070 -> Puzzle t64vv - URL https://lichess.org/training/t64vv, Reviewed: TRUE -> Status: 200 Text:{""ok"":true}"
t86cS,https://lichess.org/training/t86cS,TRUE,False,"Processing row 1701: 2025-11-06 18:23:45.155602 -> Puzzle t86cS - URL https://lichess.org/training/t86cS, Reviewed: TRUE -> Status: 200 Text:{""ok"":true}"
t9bJD,https://lichess.org/training/t9bJD,TRUE,False,"Processing row 1702: 2025-11-06 18:23:46.334693 -> Puzzle t9bJD - URL https://lichess.org/training/t9bJD, Reviewed: TRUE -> Status: 200 Text:{""ok"":true}"
t9ojP,https://lichess.org/training/t9ojP,TRUE,False,"Processing row 1703: 2025-11-06 18:23:47.508511 -> Puzzle t9ojP - URL https://lichess.org/training/t9ojP, Reviewed: TRUE -> Status: 200 Text:{""ok"":true}"
tCOf7,https://lichess.org/training/tCOf7,TRUE,False,"Processing row 1704: 2025-11-06 18:23:48.696635 -> Puzzle tCOf7 - URL https://lichess.org/training/tCOf7, Reviewed: TRUE -> Status: 200 Text:{""ok"":true}"
tEhW8,https://lichess.org/training/tEhW8,TRUE,False,"Processing row 1705: 2025-11-06 18:23:49.918710 -> Puzzle tEhW8 - URL https://lichess.org/training/tEhW8, Reviewed: TRUE -> Status: 200 Text:{""ok"":true}"
tEieU,https://lichess.org/training/tEieU,TRUE,False,"Processing row 1706: 2025-11-06 18:23:51.083501 -> Puzzle tEieU - URL https://lichess.org/training/tEieU, Reviewed: TRUE -> Status: 200 Text:{""ok"":true}"
tJq42,https://lichess.org/training/tJq42,TRUE,False,"Processing row 1707: 2025-11-06 18:23:52.289003 -> Puzzle tJq42 - URL https://lichess.org/training/tJq42, Reviewed: TRUE -> Status: 200 Text:{""ok"":true}"
tKJDj,https://lichess.org/training/tKJDj,TRUE,False,"Processing row 1708: 2025-11-06 18:23:53.488400 -> Puzzle tKJDj - URL https://lichess.org/training/tKJDj, Reviewed: TRUE -> Status: 200 Text:{""ok"":true}"
tMD2S,https://lichess.org/training/tMD2S,TRUE,False,"Processing row 1709: 2025-11-06 18:23:54.678979 -> Puzzle tMD2S - URL https://lichess.org/training/tMD2S, Reviewed: TRUE -> Status: 200 Text:{""ok"":true}"
tO8Fv,https://lichess.org/training/tO8Fv,TRUE,False,"Processing row 1710: 2025-11-06 18:23:55.859513 -> Puzzle tO8Fv - URL https://lichess.org/training/tO8Fv, Reviewed: TRUE -> Status: 200 Text:{""ok"":true}"
tRMDJ,https://lichess.org/training/tRMDJ,TRUE,False,"Processing row 1711: 2025-11-06 18:23:57.177746 -> Puzzle tRMDJ - URL https://lichess.org/training/tRMDJ, Reviewed: TRUE -> Status: 200 Text:{""ok"":true}"
tU0rV,https://lichess.org/training/tU0rV,TRUE,False,"Processing row 1712: 2025-11-06 18:23:58.389413 -> Puzzle tU0rV - URL https://lichess.org/training/tU0rV, Reviewed: TRUE -> Status: 200 Text:{""ok"":true}"
tUQZE,https://lichess.org/training/tUQZE,TRUE,False,"Processing row 1713: 2025-11-06 18:23:59.559355 -> Puzzle tUQZE - URL https://lichess.org/training/tUQZE, Reviewed: TRUE -> Status: 200 Text:{""ok"":true}"
tUpNX,https://lichess.org/training/tUpNX,FALSE,False,X
tVbNp,https://lichess.org/training/tVbNp,TRUE,False,"Processing row 1715: 2025-11-06 18:24:00.811785 -> Puzzle tVbNp - URL https://lichess.org/training/tVbNp, Reviewed: TRUE -> Status: 200 Text:{""ok"":true}"
tVdtc,https://lichess.org/training/tVdtc,TRUE,False,"Processing row 1716: 2025-11-06 18:24:01.994908 -> Puzzle tVdtc - URL https://lichess.org/training/tVdtc, Reviewed: TRUE -> Status: 200 Text:{""ok"":true}"
tWsUz,https://lichess.org/training/tWsUz,TRUE,False,"Processing row 1717: 2025-11-06 18:24:03.180696 -> Puzzle tWsUz - URL https://lichess.org/training/tWsUz, Reviewed: TRUE -> Status: 200 Text:{""ok"":true}"
tdUoI,https://lichess.org/training/tdUoI,TRUE,False,"Processing row 1718: 2025-11-06 18:24:04.357719 -> Puzzle tdUoI - URL https://lichess.org/training/tdUoI, Reviewed: TRUE -> Status: 200 Text:{""ok"":true}"
tgBfY,https://lichess.org/training/tgBfY,TRUE,False,"Processing row 1719: 2025-11-06 18:24:05.539345 -> Puzzle tgBfY - URL https://lichess.org/training/tgBfY, Reviewed: TRUE -> Status: 200 Text:{""ok"":true}"
tjQ8J,https://lichess.org/training/tjQ8J,TRUE,False,"Processing row 1720: 2025-11-06 18:24:06.710161 -> Puzzle tjQ8J - URL https://lichess.org/training/tjQ8J, Reviewed: TRUE -> Status: 200 Text:{""ok"":true}"
tkHS7,https://lichess.org/training/tkHS7,TRUE,False,"Processing row 1721: 2025-11-06 18:24:07.885729 -> Puzzle tkHS7 - URL https://lichess.org/training/tkHS7, Reviewed: TRUE -> Status: 200 Text:{""ok"":true}"
tkOv5,https://lichess.org/training/tkOv5,TRUE,False,"Processing row 1722: 2025-11-06 18:24:09.077954 -> Puzzle tkOv5 - URL https://lichess.org/training/tkOv5, Reviewed: TRUE -> Status: 200 Text:{""ok"":true}"
tpcre,https://lichess.org/training/tpcre,TRUE,False,"Processing row 1723: 2025-11-06 18:24:10.252825 -> Puzzle tpcre - URL https://lichess.org/training/tpcre, Reviewed: TRUE -> Status: 200 Text:{""ok"":true}"
tvo2J,https://lichess.org/training/tvo2J,TRUE,False,"Processing row 1724: 2025-11-06 18:24:11.440167 -> Puzzle tvo2J - URL https://lichess.org/training/tvo2J, Reviewed: TRUE -> Status: 200 Text:{""ok"":true}"
txLrQ,https://lichess.org/training/txLrQ,TRUE,False,"Processing row 1725: 2025-11-06 18:24:12.640778 -> Puzzle txLrQ - URL https://lichess.org/training/txLrQ, Reviewed: TRUE -> Status: 200 Text:{""ok"":true}"
tzOh4,https://lichess.org/training/tzOh4,TRUE,False,"Processing row 1726: 2025-11-06 18:24:13.820572 -> Puzzle tzOh4 - URL https://lichess.org/training/tzOh4, Reviewed: TRUE -> Status: 200 Text:{""ok"":true}"
tzyTE,https://lichess.org/training/tzyTE,TRUE,False,"Processing row 1727: 2025-11-06 18:24:15.010159 -> Puzzle tzyTE - URL https://lichess.org/training/tzyTE, Reviewed: TRUE -> Status: 200 Text:{""ok"":true}"
u0mM4,https://lichess.org/training/u0mM4,TRUE,False,"Processing row 1728: 2025-11-06 18:24:16.236573 -> Puzzle u0mM4 - URL https://lichess.org/training/u0mM4, Reviewed: TRUE -> Status: 200 Text:{""ok"":true}"
u2sT9,https://lichess.org/training/u2sT9,TRUE,False,"Processing row 1729: 2025-11-06 18:24:17.457343 -> Puzzle u2sT9 - URL https://lichess.org/training/u2sT9, Reviewed: TRUE -> Status: 200 Text:{""ok"":true}"
u3gnm,https://lichess.org/training/u3gnm,TRUE,False,"Processing row 1730: 2025-11-06 18:24:18.716794 -> Puzzle u3gnm - URL https://lichess.org/training/u3gnm, Reviewed: TRUE -> Status: 200 Text:{""ok"":true}"
u7Per,https://lichess.org/training/u7Per,TRUE,False,"Processing row 1731: 2025-11-06 18:24:20.007650 -> Puzzle u7Per - URL https://lichess.org/training/u7Per, Reviewed: TRUE -> Status: 200 Text:{""ok"":true}"
u8Ddb,https://lichess.org/training/u8Ddb,FALSE,False,X
u8lWy,https://lichess.org/training/u8lWy,TRUE,False,"Processing row 1733: 2025-11-06 18:24:21.199850 -> Puzzle u8lWy - URL https://lichess.org/training/u8lWy, Reviewed: TRUE -> Status: 200 Text:{""ok"":true}"
u8ved,https://lichess.org/training/u8ved,FALSE,False,X
u9E1Y,https://lichess.org/training/u9E1Y,FALSE,False,X
u9MgW,https://lichess.org/training/u9MgW,TRUE,False,"Processing row 1736: 2025-11-06 18:24:22.463234 -> Puzzle u9MgW - URL https://lichess.org/training/u9MgW, Reviewed: TRUE -> Status: 200 Text:{""ok"":true}"
u9qSX,https://lichess.org/training/u9qSX,TRUE,False,"Processing row 1737: 2025-11-06 18:24:23.735057 -> Puzzle u9qSX - URL https://lichess.org/training/u9qSX, Reviewed: TRUE -> Status: 200 Text:{""ok"":true}"
uE8r8,https://lichess.org/training/uE8r8,TRUE,False,"Processing row 1738: 2025-11-06 18:24:25.029012 -> Puzzle uE8r8 - URL https://lichess.org/training/uE8r8, Reviewed: TRUE -> Status: 200 Text:{""ok"":true}"
uEiY1,https://lichess.org/training/uEiY1,TRUE,False,"Processing row 1739: 2025-11-06 18:24:26.210024 -> Puzzle uEiY1 - URL https://lichess.org/training/uEiY1, Reviewed: TRUE -> Status: 200 Text:{""ok"":true}"
uFhNN,https://lichess.org/training/uFhNN,TRUE,False,"Processing row 1740: 2025-11-06 18:24:27.407439 -> Puzzle uFhNN - URL https://lichess.org/training/uFhNN, Reviewed: TRUE -> Status: 200 Text:{""ok"":true}"
uIMGp,https://lichess.org/training/uIMGp,TRUE,False,"Processing row 1741: 2025-11-06 18:24:28.602550 -> Puzzle uIMGp - URL https://lichess.org/training/uIMGp, Reviewed: TRUE -> Status: 200 Text:{""ok"":true}"
uIOfD,https://lichess.org/training/uIOfD,TRUE,False,"Processing row 1742: 2025-11-06 18:24:29.838243 -> Puzzle uIOfD - URL https://lichess.org/training/uIOfD, Reviewed: TRUE -> Status: 200 Text:{""ok"":true}"
uIsmO,https://lichess.org/training/uIsmO,TRUE,False,"Processing row 1743: 2025-11-06 18:24:31.033903 -> Puzzle uIsmO - URL https://lichess.org/training/uIsmO, Reviewed: TRUE -> Status: 200 Text:{""ok"":true}"
uMGlR,https://lichess.org/training/uMGlR,TRUE,False,"Processing row 1744: 2025-11-06 18:24:32.236286 -> Puzzle uMGlR - URL https://lichess.org/training/uMGlR, Reviewed: TRUE -> Status: 200 Text:{""ok"":true}"
uQl7b,https://lichess.org/training/uQl7b,TRUE,False,"Processing row 1745: 2025-11-06 18:24:33.481668 -> Puzzle uQl7b - URL https://lichess.org/training/uQl7b, Reviewed: TRUE -> Status: 200 Text:{""ok"":true}"
uTM9g,https://lichess.org/training/uTM9g,TRUE,False,"Processing row 1746: 2025-11-06 18:24:34.724552 -> Puzzle uTM9g - URL https://lichess.org/training/uTM9g, Reviewed: TRUE -> Status: 200 Text:{""ok"":true}"
uTniG,https://lichess.org/training/uTniG,TRUE,False,"Processing row 1747: 2025-11-06 18:24:36.000489 -> Puzzle uTniG - URL https://lichess.org/training/uTniG, Reviewed: TRUE -> Status: 200 Text:{""ok"":true}"
uUxyP,https://lichess.org/training/uUxyP,TRUE,False,"Processing row 1748: 2025-11-06 18:24:37.231585 -> Puzzle uUxyP - URL https://lichess.org/training/uUxyP, Reviewed: TRUE -> Status: 200 Text:{""ok"":true}"
uW17y,https://lichess.org/training/uW17y,TRUE,False,"Processing row 1749: 2025-11-06 18:24:38.436304 -> Puzzle uW17y - URL https://lichess.org/training/uW17y, Reviewed: TRUE -> Status: 200 Text:{""ok"":true}"
uaoJG,https://lichess.org/training/uaoJG,TRUE,False,"Processing row 1750: 2025-11-06 18:24:39.616650 -> Puzzle uaoJG - URL https://lichess.org/training/uaoJG, Reviewed: TRUE -> Status: 200 Text:{""ok"":true}"
ubExd,https://lichess.org/training/ubExd,TRUE,False,"Processing row 1751: 2025-11-06 18:24:40.792639 -> Puzzle ubExd - URL https://lichess.org/training/ubExd, Reviewed: TRUE -> Status: 200 Text:{""ok"":true}"
uh6SM,https://lichess.org/training/uh6SM,TRUE,False,"Processing row 1752: 2025-11-06 18:24:41.992535 -> Puzzle uh6SM - URL https://lichess.org/training/uh6SM, Reviewed: TRUE -> Status: 200 Text:{""ok"":true}"
uhsCG,https://lichess.org/training/uhsCG,TRUE,False,"Processing row 1753: 2025-11-06 18:24:43.235811 -> Puzzle uhsCG - URL https://lichess.org/training/uhsCG, Reviewed: TRUE -> Status: 200 Text:{""ok"":true}"
upxtj,https://lichess.org/training/upxtj,TRUE,False,"Processing row 1754: 2025-11-06 18:24:44.423293 -> Puzzle upxtj - URL https://lichess.org/training/upxtj, Reviewed: TRUE -> Status: 200 Text:{""ok"":true}"
us3lN,https://lichess.org/training/us3lN,TRUE,False,"Processing row 1755: 2025-11-06 18:24:45.665871 -> Puzzle us3lN - URL https://lichess.org/training/us3lN, Reviewed: TRUE -> Status: 200 Text:{""ok"":true}"
utAHf,https://lichess.org/training/utAHf,TRUE,False,"Processing row 1756: 2025-11-06 18:24:46.874555 -> Puzzle utAHf - URL https://lichess.org/training/utAHf, Reviewed: TRUE -> Status: 200 Text:{""ok"":true}"
utOZu,https://lichess.org/training/utOZu,TRUE,False,"Processing row 1757: 2025-11-06 18:24:48.075404 -> Puzzle utOZu - URL https://lichess.org/training/utOZu, Reviewed: TRUE -> Status: 200 Text:{""ok"":true}"
uvy48,https://lichess.org/training/uvy48,TRUE,False,"Processing row 1758: 2025-11-06 18:24:49.264554 -> Puzzle uvy48 - URL https://lichess.org/training/uvy48, Reviewed: TRUE -> Status: 200 Text:{""ok"":true}"
uwNQk,https://lichess.org/training/uwNQk,TRUE,False,"Processing row 1759: 2025-11-06 18:24:50.524769 -> Puzzle uwNQk - URL https://lichess.org/training/uwNQk, Reviewed: TRUE -> Status: 200 Text:{""ok"":true}"
uxW2x,https://lichess.org/training/uxW2x,TRUE,False,"Processing row 1760: 2025-11-06 18:24:51.715084 -> Puzzle uxW2x - URL https://lichess.org/training/uxW2x, Reviewed: TRUE -> Status: 200 Text:{""ok"":true}"
v3r09,https://lichess.org/training/v3r09,TRUE,False,"Processing row 1761: 2025-11-06 18:24:52.902800 -> Puzzle v3r09 - URL https://lichess.org/training/v3r09, Reviewed: TRUE -> Status: 200 Text:{""ok"":true}"
v3uA9,https://lichess.org/training/v3uA9,TRUE,False,"Processing row 1762: 2025-11-06 18:24:54.083072 -> Puzzle v3uA9 - URL https://lichess.org/training/v3uA9, Reviewed: TRUE -> Status: 200 Text:{""ok"":true}"
v4qRN,https://lichess.org/training/v4qRN,TRUE,False,"Processing row 1763: 2025-11-06 18:24:55.261453 -> Puzzle v4qRN - URL https://lichess.org/training/v4qRN, Reviewed: TRUE -> Status: 200 Text:{""ok"":true}"
v7qng,https://lichess.org/training/v7qng,FALSE,False,X
vBGAX,https://lichess.org/training/vBGAX,TRUE,False,"Processing row 1765: 2025-11-06 18:24:56.510038 -> Puzzle vBGAX - URL https://lichess.org/training/vBGAX, Reviewed: TRUE -> Status: 200 Text:{""ok"":true}"
vCRWQ,https://lichess.org/training/vCRWQ,TRUE,False,"Processing row 1766: 2025-11-06 18:24:57.851433 -> Puzzle vCRWQ - URL https://lichess.org/training/vCRWQ, Reviewed: TRUE -> Status: 200 Text:{""ok"":true}"
vET7t,https://lichess.org/training/vET7t,TRUE,False,"Processing row 1767: 2025-11-06 18:24:59.035140 -> Puzzle vET7t - URL https://lichess.org/training/vET7t, Reviewed: TRUE -> Status: 200 Text:{""ok"":true}"
vJJOw,https://lichess.org/training/vJJOw,TRUE,False,"Processing row 1768: 2025-11-06 18:25:00.287188 -> Puzzle vJJOw - URL https://lichess.org/training/vJJOw, Reviewed: TRUE -> Status: 200 Text:{""ok"":true}"
vQPbl,https://lichess.org/training/vQPbl,FALSE,False,X
vSdMu,https://lichess.org/training/vSdMu,TRUE,False,"Processing row 1770: 2025-11-06 18:25:01.516145 -> Puzzle vSdMu - URL https://lichess.org/training/vSdMu, Reviewed: TRUE -> Status: 200 Text:{""ok"":true}"
vTRxw,https://lichess.org/training/vTRxw,TRUE,False,"Processing row 1771: 2025-11-06 18:25:02.761166 -> Puzzle vTRxw - URL https://lichess.org/training/vTRxw, Reviewed: TRUE -> Status: 200 Text:{""ok"":true}"
vToIU,https://lichess.org/training/vToIU,TRUE,False,"Processing row 1772: 2025-11-06 18:25:03.943303 -> Puzzle vToIU - URL https://lichess.org/training/vToIU, Reviewed: TRUE -> Status: 200 Text:{""ok"":true}"
vU60Y,https://lichess.org/training/vU60Y,TRUE,False,"Processing row 1773: 2025-11-06 18:25:05.187297 -> Puzzle vU60Y - URL https://lichess.org/training/vU60Y, Reviewed: TRUE -> Status: 200 Text:{""ok"":true}"
vZLRp,https://lichess.org/training/vZLRp,TRUE,False,"Processing row 1774: 2025-11-06 18:25:06.411415 -> Puzzle vZLRp - URL https://lichess.org/training/vZLRp, Reviewed: TRUE -> Status: 200 Text:{""ok"":true}"
vZvrb,https://lichess.org/training/vZvrb,TRUE,False,"Processing row 1775: 2025-11-06 18:25:07.643993 -> Puzzle vZvrb - URL https://lichess.org/training/vZvrb, Reviewed: TRUE -> Status: 200 Text:{""ok"":true}"
vclz6,https://lichess.org/training/vclz6,TRUE,False,"Processing row 1776: 2025-11-06 18:25:08.857687 -> Puzzle vclz6 - URL https://lichess.org/training/vclz6, Reviewed: TRUE -> Status: 200 Text:{""ok"":true}"
vedEc,https://lichess.org/training/vedEc,TRUE,False,"Processing row 1777: 2025-11-06 18:25:10.087137 -> Puzzle vedEc - URL https://lichess.org/training/vedEc, Reviewed: TRUE -> Status: 200 Text:{""ok"":true}"
vj6zK,https://lichess.org/training/vj6zK,TRUE,False,"Processing row 1778: 2025-11-06 18:25:11.317807 -> Puzzle vj6zK - URL https://lichess.org/training/vj6zK, Reviewed: TRUE -> Status: 200 Text:{""ok"":true}"
vkAoy,https://lichess.org/training/vkAoy,TRUE,False,"Processing row 1779: 2025-11-06 18:25:12.535970 -> Puzzle vkAoy - URL https://lichess.org/training/vkAoy, Reviewed: TRUE -> Status: 200 Text:{""ok"":true}"
vkVoE,https://lichess.org/training/vkVoE,TRUE,False,"Processing row 1780: 2025-11-06 18:25:13.741734 -> Puzzle vkVoE - URL https://lichess.org/training/vkVoE, Reviewed: TRUE -> Status: 200 Text:{""ok"":true}"
vlzPs,https://lichess.org/training/vlzPs,TRUE,False,"Processing row 1781: 2025-11-06 18:25:14.939364 -> Puzzle vlzPs - URL https://lichess.org/training/vlzPs, Reviewed: TRUE -> Status: 200 Text:{""ok"":true}"
vnIl3,https://lichess.org/training/vnIl3,TRUE,False,"Processing row 1782: 2025-11-06 18:25:16.165424 -> Puzzle vnIl3 - URL https://lichess.org/training/vnIl3, Reviewed: TRUE -> Status: 200 Text:{""ok"":true}"
vnZ2i,https://lichess.org/training/vnZ2i,TRUE,False,"Processing row 1783: 2025-11-06 18:25:17.387413 -> Puzzle vnZ2i - URL https://lichess.org/training/vnZ2i, Reviewed: TRUE -> Status: 200 Text:{""ok"":true}"
vo4Sd,https://lichess.org/training/vo4Sd,TRUE,False,"Processing row 1784: 2025-11-06 18:25:18.602781 -> Puzzle vo4Sd - URL https://lichess.org/training/vo4Sd, Reviewed: TRUE -> Status: 200 Text:{""ok"":true}"
voTiL,https://lichess.org/training/voTiL,TRUE,False,"Processing row 1785: 2025-11-06 18:25:19.810343 -> Puzzle voTiL - URL https://lichess.org/training/voTiL, Reviewed: TRUE -> Status: 200 Text:{""ok"":true}"
vrbZf,https://lichess.org/training/vrbZf,FALSE,False,X
vwxUS,https://lichess.org/training/vwxUS,TRUE,False,"Processing row 1787: 2025-11-06 18:25:21.002698 -> Puzzle vwxUS - URL https://lichess.org/training/vwxUS, Reviewed: TRUE -> Status: 200 Text:{""ok"":true}"
w0RID,https://lichess.org/training/w0RID,TRUE,False,"Processing row 1788: 2025-11-06 18:25:22.237249 -> Puzzle w0RID - URL https://lichess.org/training/w0RID, Reviewed: TRUE -> Status: 200 Text:{""ok"":true}"
w32ln,https://lichess.org/training/w32ln,TRUE,False,"Processing row 1789: 2025-11-06 18:25:23.464304 -> Puzzle w32ln - URL https://lichess.org/training/w32ln, Reviewed: TRUE -> Status: 200 Text:{""ok"":true}"
w6CoQ,https://lichess.org/training/w6CoQ,TRUE,False,"Processing row 1790: 2025-11-06 18:25:24.687445 -> Puzzle w6CoQ - URL https://lichess.org/training/w6CoQ, Reviewed: TRUE -> Status: 200 Text:{""ok"":true}"
w8uay,https://lichess.org/training/w8uay,TRUE,False,"Processing row 1791: 2025-11-06 18:25:25.902729 -> Puzzle w8uay - URL https://lichess.org/training/w8uay, Reviewed: TRUE -> Status: 200 Text:{""ok"":true}"
wCCpt,https://lichess.org/training/wCCpt,TRUE,False,"Processing row 1792: 2025-11-06 18:25:27.134858 -> Puzzle wCCpt - URL https://lichess.org/training/wCCpt, Reviewed: TRUE -> Status: 200 Text:{""ok"":true}"
wCOix,https://lichess.org/training/wCOix,TRUE,False,"Processing row 1793: 2025-11-06 18:25:28.389926 -> Puzzle wCOix - URL https://lichess.org/training/wCOix, Reviewed: TRUE -> Status: 200 Text:{""ok"":true}"
wCy9v,https://lichess.org/training/wCy9v,TRUE,False,"Processing row 1794: 2025-11-06 18:25:29.670026 -> Puzzle wCy9v - URL https://lichess.org/training/wCy9v, Reviewed: TRUE -> Status: 200 Text:{""ok"":true}"
wGnjd,https://lichess.org/training/wGnjd,TRUE,False,"Processing row 1795: 2025-11-06 18:25:30.896251 -> Puzzle wGnjd - URL https://lichess.org/training/wGnjd, Reviewed: TRUE -> Status: 200 Text:{""ok"":true}"
wHY8t,https://lichess.org/training/wHY8t,TRUE,False,"Processing row 1796: 2025-11-06 18:25:32.135255 -> Puzzle wHY8t - URL https://lichess.org/training/wHY8t, Reviewed: TRUE -> Status: 200 Text:{""ok"":true}"
wIwJY,https://lichess.org/training/wIwJY,TRUE,False,"Processing row 1797: 2025-11-06 18:25:33.343555 -> Puzzle wIwJY - URL https://lichess.org/training/wIwJY, Reviewed: TRUE -> Status: 200 Text:{""ok"":true}"
wNL1z,https://lichess.org/training/wNL1z,TRUE,False,"Processing row 1798: 2025-11-06 18:25:34.552151 -> Puzzle wNL1z - URL https://lichess.org/training/wNL1z, Reviewed: TRUE -> Status: 200 Text:{""ok"":true}"
wNzlh,https://lichess.org/training/wNzlh,TRUE,False,"Processing row 1799: 2025-11-06 18:25:35.764927 -> Puzzle wNzlh - URL https://lichess.org/training/wNzlh, Reviewed: TRUE -> Status: 200 Text:{""ok"":true}"
wP5eY,https://lichess.org/training/wP5eY,TRUE,False,"Processing row 1800: 2025-11-06 18:25:36.982262 -> Puzzle wP5eY - URL https://lichess.org/training/wP5eY, Reviewed: TRUE -> Status: 200 Text:{""ok"":true}"
wPPT6,https://lichess.org/training/wPPT6,TRUE,False,"Processing row 1801: 2025-11-06 18:25:38.218444 -> Puzzle wPPT6 - URL https://lichess.org/training/wPPT6, Reviewed: TRUE -> Status: 200 Text:{""ok"":true}"
wPy4l,https://lichess.org/training/wPy4l,TRUE,False,"Processing row 1802: 2025-11-06 18:25:39.497595 -> Puzzle wPy4l - URL https://lichess.org/training/wPy4l, Reviewed: TRUE -> Status: 200 Text:{""ok"":true}"
wTwRS,https://lichess.org/training/wTwRS,TRUE,False,"Processing row 1803: 2025-11-06 18:25:40.830067 -> Puzzle wTwRS - URL https://lichess.org/training/wTwRS, Reviewed: TRUE -> Status: 200 Text:{""ok"":true}"
wV3eV,https://lichess.org/training/wV3eV,TRUE,False,"Processing row 1804: 2025-11-06 18:25:42.066091 -> Puzzle wV3eV - URL https://lichess.org/training/wV3eV, Reviewed: TRUE -> Status: 200 Text:{""ok"":true}"
wYTni,https://lichess.org/training/wYTni,TRUE,False,"Processing row 1805: 2025-11-06 18:25:43.290676 -> Puzzle wYTni - URL https://lichess.org/training/wYTni, Reviewed: TRUE -> Status: 200 Text:{""ok"":true}"
wb4QI,https://lichess.org/training/wb4QI,TRUE,False,"Processing row 1806: 2025-11-06 18:25:44.491381 -> Puzzle wb4QI - URL https://lichess.org/training/wb4QI, Reviewed: TRUE -> Status: 200 Text:{""ok"":true}"
wbdpQ,https://lichess.org/training/wbdpQ,TRUE,False,"Processing row 1807: 2025-11-06 18:25:45.678989 -> Puzzle wbdpQ - URL https://lichess.org/training/wbdpQ, Reviewed: TRUE -> Status: 200 Text:{""ok"":true}"
wcB28,https://lichess.org/training/wcB28,TRUE,False,"Processing row 1808: 2025-11-06 18:25:46.926016 -> Puzzle wcB28 - URL https://lichess.org/training/wcB28, Reviewed: TRUE -> Status: 200 Text:{""ok"":true}"
wdtrl,https://lichess.org/training/wdtrl,TRUE,False,"Processing row 1809: 2025-11-06 18:25:48.148159 -> Puzzle wdtrl - URL https://lichess.org/training/wdtrl, Reviewed: TRUE -> Status: 200 Text:{""ok"":true}"
wgRkJ,https://lichess.org/training/wgRkJ,TRUE,False,"Processing row 1810: 2025-11-06 18:25:49.345377 -> Puzzle wgRkJ - URL https://lichess.org/training/wgRkJ, Reviewed: TRUE -> Status: 200 Text:{""ok"":true}"
wiCJm,https://lichess.org/training/wiCJm,TRUE,False,"Processing row 1811: 2025-11-06 18:25:50.638302 -> Puzzle wiCJm - URL https://lichess.org/training/wiCJm, Reviewed: TRUE -> Status: 200 Text:{""ok"":true}"
wldxJ,https://lichess.org/training/wldxJ,TRUE,False,"Processing row 1812: 2025-11-06 18:25:51.869639 -> Puzzle wldxJ - URL https://lichess.org/training/wldxJ, Reviewed: TRUE -> Status: 200 Text:{""ok"":true}"
wlesu,https://lichess.org/training/wlesu,TRUE,False,"Processing row 1813: 2025-11-06 18:25:53.124666 -> Puzzle wlesu - URL https://lichess.org/training/wlesu, Reviewed: TRUE -> Status: 200 Text:{""ok"":true}"
wmi6w,https://lichess.org/training/wmi6w,TRUE,False,"Processing row 1814: 2025-11-06 18:25:54.420612 -> Puzzle wmi6w - URL https://lichess.org/training/wmi6w, Reviewed: TRUE -> Status: 200 Text:{""ok"":true}"
wnUiD,https://lichess.org/training/wnUiD,TRUE,False,"Processing row 1815: 2025-11-06 18:25:55.725002 -> Puzzle wnUiD - URL https://lichess.org/training/wnUiD, Reviewed: TRUE -> Status: 200 Text:{""ok"":true}"
woXd8,https://lichess.org/training/woXd8,TRUE,False,"Processing row 1816: 2025-11-06 18:25:57.023812 -> Puzzle woXd8 - URL https://lichess.org/training/woXd8, Reviewed: TRUE -> Status: 200 Text:{""ok"":true}"
wtz7n,https://lichess.org/training/wtz7n,TRUE,False,"Processing row 1817: 2025-11-06 18:25:58.254968 -> Puzzle wtz7n - URL https://lichess.org/training/wtz7n, Reviewed: TRUE -> Status: 200 Text:{""ok"":true}"
wwhO0,https://lichess.org/training/wwhO0,TRUE,False,"Processing row 1818: 2025-11-06 18:25:59.509181 -> Puzzle wwhO0 - URL https://lichess.org/training/wwhO0, Reviewed: TRUE -> Status: 200 Text:{""ok"":true}"
wyBQM,https://lichess.org/training/wyBQM,TRUE,False,"Processing row 1819: 2025-11-06 18:26:00.740422 -> Puzzle wyBQM - URL https://lichess.org/training/wyBQM, Reviewed: TRUE -> Status: 200 Text:{""ok"":true}"
x2r82,https://lichess.org/training/x2r82,TRUE,False,"Processing row 1820: 2025-11-06 18:26:02.149318 -> Puzzle x2r82 - URL https://lichess.org/training/x2r82, Reviewed: TRUE -> Status: 200 Text:{""ok"":true}"
x2x9Y,https://lichess.org/training/x2x9Y,TRUE,False,"Processing row 1821: 2025-11-06 18:26:03.382268 -> Puzzle x2x9Y - URL https://lichess.org/training/x2x9Y, Reviewed: TRUE -> Status: 200 Text:{""ok"":true}"
x58aW,https://lichess.org/training/x58aW,TRUE,False,"Processing row 1822: 2025-11-06 18:26:04.589214 -> Puzzle x58aW - URL https://lichess.org/training/x58aW, Reviewed: TRUE -> Status: 200 Text:{""ok"":true}"
x6XkG,https://lichess.org/training/x6XkG,TRUE,False,"Processing row 1823: 2025-11-06 18:26:05.805255 -> Puzzle x6XkG - URL https://lichess.org/training/x6XkG, Reviewed: TRUE -> Status: 200 Text:{""ok"":true}"
x78RI,https://lichess.org/training/x78RI,TRUE,False,"Processing row 1824: 2025-11-06 18:26:07.050051 -> Puzzle x78RI - URL https://lichess.org/training/x78RI, Reviewed: TRUE -> Status: 200 Text:{""ok"":true}"
xAKaO,https://lichess.org/training/xAKaO,TRUE,False,"Processing row 1825: 2025-11-06 18:26:08.238951 -> Puzzle xAKaO - URL https://lichess.org/training/xAKaO, Reviewed: TRUE -> Status: 200 Text:{""ok"":true}"
xDmew,https://lichess.org/training/xDmew,TRUE,False,"Processing row 1826: 2025-11-06 18:26:09.418575 -> Puzzle xDmew - URL https://lichess.org/training/xDmew, Reviewed: TRUE -> Status: 200 Text:{""ok"":true}"
xED5x,https://lichess.org/training/xED5x,TRUE,False,"Processing row 1827: 2025-11-06 18:26:10.606964 -> Puzzle xED5x - URL https://lichess.org/training/xED5x, Reviewed: TRUE -> Status: 200 Text:{""ok"":true}"
xHhyh,https://lichess.org/training/xHhyh,TRUE,False,"Processing row 1828: 2025-11-06 18:26:11.857846 -> Puzzle xHhyh - URL https://lichess.org/training/xHhyh, Reviewed: TRUE -> Status: 200 Text:{""ok"":true}"
xHjUG,https://lichess.org/training/xHjUG,TRUE,False,"Processing row 1829: 2025-11-06 18:26:13.172582 -> Puzzle xHjUG - URL https://lichess.org/training/xHjUG, Reviewed: TRUE -> Status: 200 Text:{""ok"":true}"
xJlg8,https://lichess.org/training/xJlg8,TRUE,False,"Processing row 1830: 2025-11-06 18:26:14.431982 -> Puzzle xJlg8 - URL https://lichess.org/training/xJlg8, Reviewed: TRUE -> Status: 200 Text:{""ok"":true}"
xK9fD,https://lichess.org/training/xK9fD,TRUE,False,"Processing row 1831: 2025-11-06 18:26:15.666094 -> Puzzle xK9fD - URL https://lichess.org/training/xK9fD, Reviewed: TRUE -> Status: 200 Text:{""ok"":true}"
xM90h,https://lichess.org/training/xM90h,TRUE,False,"Processing row 1832: 2025-11-06 18:26:16.967748 -> Puzzle xM90h - URL https://lichess.org/training/xM90h, Reviewed: TRUE -> Status: 200 Text:{""ok"":true}"
xM99b,https://lichess.org/training/xM99b,TRUE,False,"Processing row 1833: 2025-11-06 18:26:18.171638 -> Puzzle xM99b - URL https://lichess.org/training/xM99b, Reviewed: TRUE -> Status: 200 Text:{""ok"":true}"
xNNNo,https://lichess.org/training/xNNNo,FALSE,False,X
xNbYe,https://lichess.org/training/xNbYe,TRUE,False,"Processing row 1835: 2025-11-06 18:26:19.383311 -> Puzzle xNbYe - URL https://lichess.org/training/xNbYe, Reviewed: TRUE -> Status: 200 Text:{""ok"":true}"
xPm3J,https://lichess.org/training/xPm3J,FALSE,False,X
xQux7,https://lichess.org/training/xQux7,FALSE,False,X
xRah3,https://lichess.org/training/xRah3,TRUE,False,"Processing row 1838: 2025-11-06 18:26:20.708351 -> Puzzle xRah3 - URL https://lichess.org/training/xRah3, Reviewed: TRUE -> Status: 200 Text:{""ok"":true}"
xSkym,https://lichess.org/training/xSkym,TRUE,False,"Processing row 1839: 2025-11-06 18:26:21.957434 -> Puzzle xSkym - URL https://lichess.org/training/xSkym, Reviewed: TRUE -> Status: 200 Text:{""ok"":true}"
xTCln,https://lichess.org/training/xTCln,TRUE,False,"Processing row 1840: 2025-11-06 18:26:23.296325 -> Puzzle xTCln - URL https://lichess.org/training/xTCln, Reviewed: TRUE -> Status: 200 Text:{""ok"":true}"
xWEZL,https://lichess.org/training/xWEZL,TRUE,False,"Processing row 1841: 2025-11-06 18:26:24.559451 -> Puzzle xWEZL - URL https://lichess.org/training/xWEZL, Reviewed: TRUE -> Status: 200 Text:{""ok"":true}"
xXBll,https://lichess.org/training/xXBll,TRUE,False,"Processing row 1842: 2025-11-06 18:26:25.965438 -> Puzzle xXBll - URL https://lichess.org/training/xXBll, Reviewed: TRUE -> Status: 200 Text:{""ok"":true}"
xbu9w,https://lichess.org/training/xbu9w,TRUE,False,"Processing row 1843: 2025-11-06 18:26:27.249756 -> Puzzle xbu9w - URL https://lichess.org/training/xbu9w, Reviewed: TRUE -> Status: 200 Text:{""ok"":true}"
xcFx0,https://lichess.org/training/xcFx0,TRUE,False,"Processing row 1844: 2025-11-06 18:26:28.647635 -> Puzzle xcFx0 - URL https://lichess.org/training/xcFx0, Reviewed: TRUE -> Status: 200 Text:{""ok"":true}"
xd7XO,https://lichess.org/training/xd7XO,TRUE,False,"Processing row 1845: 2025-11-06 18:26:29.862887 -> Puzzle xd7XO - URL https://lichess.org/training/xd7XO, Reviewed: TRUE -> Status: 200 Text:{""ok"":true}"
xgC5I,https://lichess.org/training/xgC5I,TRUE,False,"Processing row 1846: 2025-11-06 18:26:31.250090 -> Puzzle xgC5I - URL https://lichess.org/training/xgC5I, Reviewed: TRUE -> Status: 200 Text:{""ok"":true}"
xlEEf,https://lichess.org/training/xlEEf,TRUE,False,"Processing row 1847: 2025-11-06 18:26:32.511116 -> Puzzle xlEEf - URL https://lichess.org/training/xlEEf, Reviewed: TRUE -> Status: 200 Text:{""ok"":true}"
xmorz,https://lichess.org/training/xmorz,TRUE,False,"Processing row 1848: 2025-11-06 18:26:33.831986 -> Puzzle xmorz - URL https://lichess.org/training/xmorz, Reviewed: TRUE -> Status: 200 Text:{""ok"":true}"
xnmzC,https://lichess.org/training/xnmzC,TRUE,False,"Processing row 1849: 2025-11-06 18:26:35.133002 -> Puzzle xnmzC - URL https://lichess.org/training/xnmzC, Reviewed: TRUE -> Status: 200 Text:{""ok"":true}"
xp8Wy,https://lichess.org/training/xp8Wy,TRUE,False,"Processing row 1850: 2025-11-06 18:26:36.369659 -> Puzzle xp8Wy - URL https://lichess.org/training/xp8Wy, Reviewed: TRUE -> Status: 200 Text:{""ok"":true}"
xtMVp,https://lichess.org/training/xtMVp,TRUE,False,"Processing row 1851: 2025-11-06 18:26:37.632112 -> Puzzle xtMVp - URL https://lichess.org/training/xtMVp, Reviewed: TRUE -> Status: 200 Text:{""ok"":true}"
xupnr,https://lichess.org/training/xupnr,TRUE,False,"Processing row 1852: 2025-11-06 18:26:38.877124 -> Puzzle xupnr - URL https://lichess.org/training/xupnr, Reviewed: TRUE -> Status: 200 Text:{""ok"":true}"
xvoqk,https://lichess.org/training/xvoqk,TRUE,False,"Processing row 1853: 2025-11-06 18:26:40.122489 -> Puzzle xvoqk - URL https://lichess.org/training/xvoqk, Reviewed: TRUE -> Status: 200 Text:{""ok"":true}"
y0Qky,https://lichess.org/training/y0Qky,TRUE,False,"Processing row 1854: 2025-11-06 18:26:41.380557 -> Puzzle y0Qky - URL https://lichess.org/training/y0Qky, Reviewed: TRUE -> Status: 200 Text:{""ok"":true}"
y4Yjk,https://lichess.org/training/y4Yjk,TRUE,False,"Processing row 1855: 2025-11-06 18:26:42.628519 -> Puzzle y4Yjk - URL https://lichess.org/training/y4Yjk, Reviewed: TRUE -> Status: 200 Text:{""ok"":true}"
y4txq,https://lichess.org/training/y4txq,TRUE,False,"Processing row 1856: 2025-11-06 18:26:43.888900 -> Puzzle y4txq - URL https://lichess.org/training/y4txq, Reviewed: TRUE -> Status: 200 Text:{""ok"":true}"
y9Q1n,https://lichess.org/training/y9Q1n,TRUE,False,"Processing row 1857: 2025-11-06 18:26:45.123380 -> Puzzle y9Q1n - URL https://lichess.org/training/y9Q1n, Reviewed: TRUE -> Status: 200 Text:{""ok"":true}"
yF53W,https://lichess.org/training/yF53W,TRUE,False,"Processing row 1858: 2025-11-06 18:26:46.411879 -> Puzzle yF53W - URL https://lichess.org/training/yF53W, Reviewed: TRUE -> Status: 200 Text:{""ok"":true}"
yO0Eo,https://lichess.org/training/yO0Eo,TRUE,False,"Processing row 1859: 2025-11-06 18:26:47.675962 -> Puzzle yO0Eo - URL https://lichess.org/training/yO0Eo, Reviewed: TRUE -> Status: 200 Text:{""ok"":true}"
yPk8w,https://lichess.org/training/yPk8w,TRUE,False,"Processing row 1860: 2025-11-06 18:26:48.939426 -> Puzzle yPk8w - URL https://lichess.org/training/yPk8w, Reviewed: TRUE -> Status: 200 Text:{""ok"":true}"
ySa3z,https://lichess.org/training/ySa3z,TRUE,False,"Processing row 1861: 2025-11-06 18:26:50.171020 -> Puzzle ySa3z - URL https://lichess.org/training/ySa3z, Reviewed: TRUE -> Status: 200 Text:{""ok"":true}"
yVHob,https://lichess.org/training/yVHob,TRUE,False,"Processing row 1862: 2025-11-06 18:26:51.461583 -> Puzzle yVHob - URL https://lichess.org/training/yVHob, Reviewed: TRUE -> Status: 200 Text:{""ok"":true}"
yVJlQ,https://lichess.org/training/yVJlQ,TRUE,False,"Processing row 1863: 2025-11-06 18:26:52.731474 -> Puzzle yVJlQ - URL https://lichess.org/training/yVJlQ, Reviewed: TRUE -> Status: 200 Text:{""ok"":true}"
yWiax,https://lichess.org/training/yWiax,TRUE,False,"Processing row 1864: 2025-11-06 18:26:53.974742 -> Puzzle yWiax - URL https://lichess.org/training/yWiax, Reviewed: TRUE -> Status: 200 Text:{""ok"":true}"
yeIv6,https://lichess.org/training/yeIv6,FALSE,False,X
yhgTI,https://lichess.org/training/yhgTI,TRUE,False,"Processing row 1866: 2025-11-06 18:26:57.226967 -> Puzzle yhgTI - URL https://lichess.org/training/yhgTI, Reviewed: TRUE -> Status: 200 Text:{""ok"":true}"
yi7py,https://lichess.org/training/yi7py,TRUE,False,"Processing row 1867: 2025-11-06 18:26:58.503171 -> Puzzle yi7py - URL https://lichess.org/training/yi7py, Reviewed: TRUE -> Status: 200 Text:{""ok"":true}"
ykpLj,https://lichess.org/training/ykpLj,FALSE,False,X
z3IjF,https://lichess.org/training/z3IjF,TRUE,False,"Processing row 1869: 2025-11-06 18:26:59.753312 -> Puzzle z3IjF - URL https://lichess.org/training/z3IjF, Reviewed: TRUE -> Status: 200 Text:{""ok"":true}"
z4YMb,https://lichess.org/training/z4YMb,TRUE,False,"Processing row 1870: 2025-11-06 18:27:01.054013 -> Puzzle z4YMb - URL https://lichess.org/training/z4YMb, Reviewed: TRUE -> Status: 200 Text:{""ok"":true}"
z8CdV,https://lichess.org/training/z8CdV,TRUE,False,"Processing row 1871: 2025-11-06 18:27:02.310210 -> Puzzle z8CdV - URL https://lichess.org/training/z8CdV, Reviewed: TRUE -> Status: 200 Text:{""ok"":true}"
z9som,https://lichess.org/training/z9som,TRUE,False,"Processing row 1872: 2025-11-06 18:27:03.532364 -> Puzzle z9som - URL https://lichess.org/training/z9som, Reviewed: TRUE -> Status: 200 Text:{""ok"":true}"
zADMI,https://lichess.org/training/zADMI,TRUE,False,"Processing row 1873: 2025-11-06 18:27:04.755582 -> Puzzle zADMI - URL https://lichess.org/training/zADMI, Reviewed: TRUE -> Status: 200 Text:{""ok"":true}"
zCiUT,https://lichess.org/training/zCiUT,TRUE,False,"Processing row 1874: 2025-11-06 18:27:05.970281 -> Puzzle zCiUT - URL https://lichess.org/training/zCiUT, Reviewed: TRUE -> Status: 200 Text:{""ok"":true}"
zDckB,https://lichess.org/training/zDckB,TRUE,False,"Processing row 1875: 2025-11-06 18:27:07.196889 -> Puzzle zDckB - URL https://lichess.org/training/zDckB, Reviewed: TRUE -> Status: 200 Text:{""ok"":true}"
zFeJp,https://lichess.org/training/zFeJp,TRUE,False,"Processing row 1876: 2025-11-06 18:27:08.415525 -> Puzzle zFeJp - URL https://lichess.org/training/zFeJp, Reviewed: TRUE -> Status: 200 Text:{""ok"":true}"
zJoq6,https://lichess.org/training/zJoq6,TRUE,False,"Processing row 1877: 2025-11-06 18:27:09.614543 -> Puzzle zJoq6 - URL https://lichess.org/training/zJoq6, Reviewed: TRUE -> Status: 200 Text:{""ok"":true}"
zJxXM,https://lichess.org/training/zJxXM,TRUE,False,"Processing row 1878: 2025-11-06 18:27:10.818392 -> Puzzle zJxXM - URL https://lichess.org/training/zJxXM, Reviewed: TRUE -> Status: 200 Text:{""ok"":true}"
zMah9,https://lichess.org/training/zMah9,TRUE,False,"Processing row 1879: 2025-11-06 18:27:12.038173 -> Puzzle zMah9 - URL https://lichess.org/training/zMah9, Reviewed: TRUE -> Status: 200 Text:{""ok"":true}"
zRXmD,https://lichess.org/training/zRXmD,TRUE,False,"Processing row 1880: 2025-11-06 18:27:13.251178 -> Puzzle zRXmD - URL https://lichess.org/training/zRXmD, Reviewed: TRUE -> Status: 200 Text:{""ok"":true}"
zSEC7,https://lichess.org/training/zSEC7,TRUE,False,"Processing row 1881: 2025-11-06 18:27:14.484794 -> Puzzle zSEC7 - URL https://lichess.org/training/zSEC7, Reviewed: TRUE -> Status: 200 Text:{""ok"":true}"
zTUqX,https://lichess.org/training/zTUqX,TRUE,False,"Processing row 1882: 2025-11-06 18:27:15.705426 -> Puzzle zTUqX - URL https://lichess.org/training/zTUqX, Reviewed: TRUE -> Status: 200 Text:{""ok"":true}"
zXN4M,https://lichess.org/training/zXN4M,TRUE,False,"Processing row 1883: 2025-11-06 18:27:16.907013 -> Puzzle zXN4M - URL https://lichess.org/training/zXN4M, Reviewed: TRUE -> Status: 200 Text:{""ok"":true}"
zeWOb,https://lichess.org/training/zeWOb,TRUE,False,"Processing row 1884: 2025-11-06 18:27:18.155835 -> Puzzle zeWOb - URL https://lichess.org/training/zeWOb, Reviewed: TRUE -> Status: 200 Text:{""ok"":true}"
zmWsb,https://lichess.org/training/zmWsb,TRUE,False,"Processing row 1885: 2025-11-06 18:27:19.387239 -> Puzzle zmWsb - URL https://lichess.org/training/zmWsb, Reviewed: TRUE -> Status: 200 Text:{""ok"":true}"
znCVJ,https://lichess.org/training/znCVJ,TRUE,False,"Processing row 1886: 2025-11-06 18:27:20.597624 -> Puzzle znCVJ - URL https://lichess.org/training/znCVJ, Reviewed: TRUE -> Status: 200 Text:{""ok"":true}"
zobQc,https://lichess.org/training/zobQc,TRUE,False,"Processing row 1887: 2025-11-06 18:27:21.829924 -> Puzzle zobQc - URL https://lichess.org/training/zobQc, Reviewed: TRUE -> Status: 200 Text:{""ok"":true}"
zpLGR,https://lichess.org/training/zpLGR,TRUE,False,"Processing row 1888: 2025-11-06 18:27:23.026620 -> Puzzle zpLGR - URL https://lichess.org/training/zpLGR, Reviewed: TRUE -> Status: 200 Text:{""ok"":true}"
zpiQu,https://lichess.org/training/zpiQu,TRUE,False,"Processing row 1889: 2025-11-06 18:27:24.236033 -> Puzzle zpiQu - URL https://lichess.org/training/zpiQu, Reviewed: TRUE -> Status: 200 Text:{""ok"":true}"
zrXtE,https://lichess.org/training/zrXtE,TRUE,False,"Processing row 1890: 2025-11-06 18:27:25.459730 -> Puzzle zrXtE - URL https://lichess.org/training/zrXtE, Reviewed: TRUE -> Status: 200 Text:{""ok"":true}"
zro74,https://lichess.org/training/zro74,TRUE,False,"Processing row 1891: 2025-11-06 18:27:26.691690 -> Puzzle zro74 - URL https://lichess.org/training/zro74, Reviewed: TRUE -> Status: 200 Text:{""ok"":true}"
ztyLv,https://lichess.org/training/ztyLv,TRUE,False,"Processing row 1892: 2025-11-06 18:27:27.934804 -> Puzzle ztyLv - URL https://lichess.org/training/ztyLv, Reviewed: TRUE -> Status: 200 Text:{""ok"":true}"
zvQ5K,https://lichess.org/training/zvQ5K,TRUE,False,"Processing row 1893: 2025-11-06 18:27:29.158511 -> Puzzle zvQ5K - URL https://lichess.org/training/zvQ5K, Reviewed: TRUE -> Status: 200 Text:{""ok"":true}"
zz4KI,https://lichess.org/training/zz4KI,TRUE,False,"Processing row 1894: 2025-11-06 18:27:30.391264 -> Puzzle zz4KI - URL https://lichess.org/training/zz4KI, Reviewed: TRUE -> Status: 200 Text:{""ok"":true}"
