PuzzleId,FEN,Moves,Rating,RatingDeviation,Popularity,NbPlays,Themes,GameUrl,OpeningTags,Rook_Queen,puzzle_ref
02vo8,2R2bk1/5p1p/3p1p1Q/3P4/7P/q5P1/4R1K1/2n5 b - - 0 43,c1e2 c8f8,586,85,68,66,endgame mate mateIn1 oneMove,https://lichess.org/u4Mt9d1Q/black#86,,TRUE,https://lichess.org/training/02vo8
05Gmu,2r2rkR/2qb1pP1/4p3/pp2P1P1/8/2p1PQ2/PP3P2/2KR4 b - - 2 26,g8g7 f3f6,1171,97,88,79,mate mateIn1 middlegame oneMove,https://lichess.org/6yy0ES9D/black#52,,TRUE,https://lichess.org/training/05Gmu
070BV,2rkRr2/2p3pp/2Qp1p2/3P2b1/3B2q1/8/PPP2PP1/1K2R3 b - - 7 26,f8e8 e1e8,663,103,100,27,mate mateIn1 middlegame oneMove,https://lichess.org/94sX3geW/black#52,,TRUE,https://lichess.org/training/070BV
08TXc,6k1/1b2rp1R/5Q2/p1pPr3/2P3P1/8/P4PK1/1Bq5 b - - 4 39,c1g5 h7h8,1054,77,100,204,mate mateIn1 middlegame oneMove,https://lichess.org/H6n9P8lY/black#78,,TRUE,https://lichess.org/training/08TXc
0AcOR,2R1k1r1/pq1r1p2/4bQ1p/6p1/3P4/1P4b1/P4PPP/2R3K1 b - - 1 26,b7c8 c1c8 d7d8 c8d8,875,84,97,310,hangingPiece mate mateIn2 middlegame short,https://lichess.org/kGgvjYBV/black#52,,TRUE,https://lichess.org/training/0AcOR
0Bd0K,Q1kr4/4bp1p/1p1q4/2nP2r1/8/4PP2/3N3P/RR5K b - - 6 29,d6b8 a8c6 b8c7 a1a8,1350,76,93,276,clearance mate mateIn2 middlegame queensideAttack short,https://lichess.org/cPwUQfC1/black#58,,TRUE,https://lichess.org/training/0Bd0K
0DCCk,4rr1k/p1p3pp/3q4/3Q4/3B4/2N3bP/PPP2P2/5RK1 w - - 4 26,f2g3 d6g3 d5g2 f8f1 g1f1 e8e1,1334,75,99,3133,attraction exposedKing long mate mateIn3 middlegame pin,https://lichess.org/UQmmLW8c#51,,TRUE,https://lichess.org/training/0DCCk
0GSX1,8/1k4pp/1pp1p3/p3P2r/P2Q1P2/6P1/1P6/2R1RK1q w - - 2 32,d4g1 h1f3 g1f2 h5h1,1236,74,98,911,clearance endgame mate mateIn2 short,https://lichess.org/dxWAn8JM#63,,TRUE,https://lichess.org/training/0GSX1
0IKff,2R1k3/5r1p/p2p1n2/3Pp1Q1/8/1P3P2/P3q3/6K1 b - - 6 37,e8d7 g5f5 d7e7 f5e6,1432,75,100,283,endgame mate mateIn2 short,https://lichess.org/oMOC5UUS/black#74,,TRUE,https://lichess.org/training/0IKff
0L1f7,1r5r/2q2pbk/pn2p1pB/1p2P3/3Pb2Q/5PP1/P5K1/7R b - - 0 28,c7c3 h6g7 h7g7 h4f6 g7g8 h1h8,1948,78,92,345,attraction discoveredAttack long mate mateIn3 middlegame,https://lichess.org/KLtLEhhv/black#56,,TRUE,https://lichess.org/training/0L1f7
0LLRR,1r6/6pp/5p2/Q2bk3/1r2pnB1/6P1/7P/2R3K1 b - - 0 33,f4d3 a5c7 e5d4 c7c3 d4e3 c1e1,1720,75,53,121,long mate mateIn3 middlegame pin,https://lichess.org/cwdzlhD1/black#66,,FALSE,https://lichess.org/training/0LLRR
0MVRt,3r4/1Qp2pk1/p6p/P7/8/2P3Pq/4PR1P/6K1 w - - 1 29,b7c7 d8d1 f2f1 d1f1,925,129,67,24,endgame mate mateIn2 short,https://lichess.org/6GTkjf32#57,,TRUE,https://lichess.org/training/0MVRt
0Ow6e,3rR1k1/1bq3b1/p5Q1/2p4n/8/1PN5/PB1r2PP/4R1K1 b - - 2 26,d8e8 e1e8,1137,103,100,44,mate mateIn1 middlegame oneMove,https://lichess.org/eZx6xSie/black#52,,TRUE,https://lichess.org/training/0Ow6e
0PAVb,6k1/pp1r1p1P/4nQp1/8/6R1/2P5/P5PK/3r4 b - - 0 32,g8h7 g4h4 h7g8 h4h8,1719,278,100,17,endgame mate mateIn2 short,https://lichess.org/xlJArwGE/black#64,,TRUE,https://lichess.org/training/0PAVb
0QlAD,6k1/1p3p1p/p1pr1BbQ/2q1p3/4P3/5PK1/8/3R4 b - - 0 38,d6f6 d1d8 c5f8 d8f8,736,80,90,129,endgame mate mateIn2 short,https://lichess.org/Wp0FQX7g/black#76,,TRUE,https://lichess.org/training/0QlAD
0RNKo,1k2R3/2p2r1p/p1Qp2p1/1p4P1/2r2q2/2R5/PPP5/1K6 b - - 7 33,b8a7 e8a8,1595,78,91,1257,endgame mate mateIn1 oneMove,https://lichess.org/6Mdn6YHz/black#66,,TRUE,https://lichess.org/training/0RNKo
0RpgG,r2qr3/pp2bQpk/1np5/3pR3/3P4/2P4P/PP1N1PP1/R5K1 b - - 0 16,e7f6 e5h5,1277,75,97,516,mate mateIn1 middlegame oneMove,https://lichess.org/2oUWbIJw/black#32,French_Defense French_Defense_Exchange_Variation,TRUE,https://lichess.org/training/0RpgG
0T23A,6k1/r2r3q/1p2pQRp/3p4/3P4/2P4P/5PP1/6K1 b - - 0 32,d7g7 f6d8 g8f7 g6f6,1559,92,100,60,endgame mate mateIn2 short,https://lichess.org/0IS2owIu/black#64,,TRUE,https://lichess.org/training/0T23A
0TP4Q,3r3r/1k4p1/2p3pp/RpbqQ3/5B2/P6P/1P3PP1/R5K1 b - - 3 28,g6g5 e5c7,1220,76,79,182,mate mateIn1 middlegame oneMove,https://lichess.org/pQlodQhm/black#56,,TRUE,https://lichess.org/training/0TP4Q
0UQVs,4kb2/pp5r/4Qp2/5r2/4p3/4P1Pq/PP3P1P/2R3KR b - - 13 30,h7e7 c1c8,1220,78,93,289,master mate mateIn1 middlegame oneMove,https://lichess.org/nTyxQjsq/black#60,,TRUE,https://lichess.org/training/0UQVs
0Wyva,r1b2k2/2pnq1B1/p5Q1/1p1n1P2/3P4/8/PPP3PP/4R1K1 b - - 4 29,e7g7 e1e8,877,77,100,210,master mate mateIn1 middlegame oneMove,https://lichess.org/2CPMsCaD/black#58,,TRUE,https://lichess.org/training/0Wyva
0XqCh,1r2qrk1/1pp2p2/p2b1Qp1/8/4p2R/7P/PP2BPP1/5RK1 b - - 1 27,e8e5 h4h8,1279,79,94,114,mate mateIn1 middlegame oneMove,https://lichess.org/BbS8hqhl/black#54,,TRUE,https://lichess.org/training/0XqCh
0dVrn,r5k1/K2b1ppp/8/p1NqPnB1/3p4/5N2/1PQ2PPP/3R1B1R w - - 5 23,a7b6 d5c6,1454,459,100,4,mate mateIn1 middlegame oneMove,https://lichess.org/GdnKdQ29#45,,TRUE,https://lichess.org/training/0dVrn
0ek70,1Q4k1/r2r2pb/2p1pB2/1p3p1q/3P4/5R2/2P3R1/6K1 b - - 5 37,g8f7 g2g7 f7f6 b8e5,1977,75,97,801,mate mateIn2 middlegame sacrifice short,https://lichess.org/4Owgmdrd/black#74,,TRUE,https://lichess.org/training/0ek70
0h6dR,6Q1/1p2k1P1/p7/P2p1r2/3BpP2/1P2P1R1/7K/5q2 w - - 3 44,g3g2 f5h5 h2g3 f1f3,1092,76,100,242,endgame master mate mateIn2 short,https://lichess.org/KP3imL4k#87,,TRUE,https://lichess.org/training/0h6dR
0iBrx,5Q2/8/6kR/8/6p1/4K3/6r1/q7 b - - 3 56,g6g5 f8f4,1758,77,96,2968,endgame mate mateIn1 oneMove,https://lichess.org/rAwPEqqe/black#112,,TRUE,https://lichess.org/training/0iBrx
0jX4s,4qk2/4r1b1/2pQ1P2/7R/3P4/2P5/1P4P1/5K2 b - - 0 34,g7f6 d6f6 e7f7 h5h8,1196,75,95,821,endgame hangingPiece mate mateIn2 short,https://lichess.org/pQr7CH3H/black#68,,TRUE,https://lichess.org/training/0jX4s
0nSQ6,r4k1r/p1p5/2pq1pQ1/3p4/3P1b2/1B5b/PPP1RP2/4R1K1 b - - 3 22,h8h6 e2e8 a8e8 e1e8,1608,75,100,417,mate mateIn2 middlegame short,https://lichess.org/O2okOW2K/black#44,,TRUE,https://lichess.org/training/0nSQ6
0pVKR,r4r1k/4RN1p/6pQ/2p4n/8/8/pq3PPP/4R1K1 b - - 0 33,f8f7 e7e8 a8e8 e1e8 f7f8 e8f8,1032,77,96,208,long mate mateIn3 middlegame,https://lichess.org/xRKvfINM/black#66,,TRUE,https://lichess.org/training/0pVKR
0qhEP,5qkr/2p5/p4pQp/1p2R3/1P6/6PP/5P1K/8 b - - 1 34,f8g7 e5e8,963,77,100,172,endgame mate mateIn1 oneMove,https://lichess.org/9O1miqGT/black#68,,TRUE,https://lichess.org/training/0qhEP
0qm6j,r1r3k1/1b3p2/p3pQp1/8/1p4P1/3P1Bq1/PP3N2/1R2K2R b K - 2 26,b7f3 h1h8,794,81,100,257,mate mateIn1 middlegame oneMove,https://lichess.org/vQzE3Fel/black#52,,TRUE,https://lichess.org/training/0qm6j
0rsPY,7k/3n2p1/p7/4p3/2P1Qp2/P2PqP2/4P1pr/4BKR1 w - - 0 47,g1g2 h2h1 g2g1 h1g1,1078,76,100,290,endgame mate mateIn2 short,https://lichess.org/zePqnUQY#93,,TRUE,https://lichess.org/training/0rsPY
0sFFw,2bR4/4k1p1/1p5p/p1r2p2/P1PQp3/1P3B1P/5PPK/4q3 b - - 5 31,e4f3 d4d6 e7f7 d8f8,1527,76,93,900,endgame mate mateIn2 short,https://lichess.org/uqVuyaCg/black#62,,TRUE,https://lichess.org/training/0sFFw
0uDlf,3r2kR/5pq1/p4Qp1/1p1rP1P1/7R/P2b3P/1PP4K/8 b - - 1 38,g7h8 h4h8,857,136,100,17,endgame master mate mateIn1 oneMove,https://lichess.org/bVCbmhOS/black#76,,TRUE,https://lichess.org/training/0uDlf
0wkgs,8/pR3p1k/4r1pp/2P5/2P5/3Q1P1q/P4P1P/5K2 w - - 2 30,f1g1 e6e1 d3f1 e1f1,912,80,100,60,endgame mate mateIn2 short,https://lichess.org/iMIfmpTf#59,,TRUE,https://lichess.org/training/0wkgs
0yPrJ,3r2k1/p1p2pp1/2p5/8/2Q1P1p1/2PN1q2/PP3P2/5KR1 w - - 4 28,d3e5 d8d1,1074,89,87,47,endgame mate mateIn1 oneMove,https://lichess.org/TbZV23DL#55,,TRUE,https://lichess.org/training/0yPrJ
12Nr8,r4Rk1/1b5p/p3r1pQ/1p1q2B1/6n1/3B4/PPP3PP/5R1K b - - 0 23,a8f8 f1f8,464,89,89,152,kingsideAttack mate mateIn1 middlegame oneMove,https://lichess.org/Je7rfFDr/black#46,,TRUE,https://lichess.org/training/12Nr8
12lYH,r6r/p1R3pp/4p3/P3Q3/2kP4/1pP5/1P4qP/R3K3 b Q - 5 24,c4d3 e1c1 g2d2 d1d2,2361,78,92,1033,castling discoveredAttack endgame mate mateIn2 short,https://lichess.org/F4xUhNGG/black#48,,FALSE,https://lichess.org/training/12lYH
14PPn,8/bp3p1k/2p2Q1p/p3B2P/2qP2r1/P7/1P3P2/3R1K2 w - - 2 34,f1e1 g4e4 e1d2 e4e2,2048,88,75,40,endgame mate mateIn2 short,https://lichess.org/tCbsKbCh#67,,TRUE,https://lichess.org/training/14PPn
15X1K,4r3/1Q5p/p5bk/2p3p1/P1Bp4/1P4Pq/1B1R1P2/6K1 w - - 1 33,b7h1 e8e1 c4f1 e1f1,1074,78,100,78,mate mateIn2 middlegame short,https://lichess.org/x5qkpJhK#65,,TRUE,https://lichess.org/training/15X1K
17t2T,2b3k1/p4r1p/1p4pQ/3pR3/3B2q1/2P1K3/P5PP/8 b - - 0 38,g4g2 e5e8 f7f8 e8f8,753,79,100,280,endgame fork mate mateIn2 short,https://lichess.org/64V0alMH/black#76,,TRUE,https://lichess.org/training/17t2T
186n1,2k5/pp6/3Q1q1p/8/PP3pP1/5P2/6PN/3Rr1K1 w - - 1 33,g1f2 f6h4 g2g3 h4g3,1697,76,100,151,endgame fork mate mateIn2 short,https://lichess.org/Bxsi4n6B#65,,TRUE,https://lichess.org/training/186n1
18l5B,1r6/2k1p3/p2p4/N3P3/2pq4/6Q1/P5P1/1KR5 w - - 4 38,b1c2 b8b2,1494,75,96,3998,endgame master masterVsMaster mate mateIn1 oneMove,https://lichess.org/N82SmjX0#75,,TRUE,https://lichess.org/training/18l5B
1AZvC,r7/pppk1p2/4b2p/7n/3Q2p1/BP3qp1/P1P4P/R3R1K1 b - - 2 22,e6d5 e1e7 d7c6 d4c5,1759,76,93,945,mate mateIn2 middlegame short,https://lichess.org/wFOqPE6m/black#44,,TRUE,https://lichess.org/training/1AZvC
1B5BQ,3r2k1/1pr4p/p4qpQ/3R4/3N1p2/2P5/PP3PP1/4R1K1 b - - 0 29,d8d5 e1e8 f6f8 e8f8,763,81,97,268,endgame mate mateIn2 short,https://lichess.org/XtYoyRaL/black#58,,TRUE,https://lichess.org/training/1B5BQ
1GIT5,4r2k/p1p3R1/4r2P/5p2/2N2Q2/5P1q/PPP5/R5K1 w - - 5 35,f4d4 e6e1 a1e1 e8e1 g1f2 e1f1 f2e3 h3f3 e3d2 f1d1,2305,77,94,920,exposedKing mate mateIn5 middlegame veryLong,https://lichess.org/ZTDsUzZU#69,,TRUE,https://lichess.org/training/1GIT5
1GeXn,8/1kp5/p3Rp1q/1r1n1Pp1/2Q5/8/PP3PnP/5NK1 b - - 2 37,g2f4 c4c6 b7b8 e6e8 b8a7 e8a8,1744,87,89,38,long mate mateIn3 middlegame,https://lichess.org/yCtJ7yBR/black#74,,TRUE,https://lichess.org/training/1GeXn
1HTku,4r3/8/1R3pk1/8/3Q2P1/P4q1P/P4P2/6K1 w - - 0 32,b6b3 e8e1 g1h2 e1h1,1655,76,92,528,endgame mate mateIn2 short,https://lichess.org/dgMGZ6TD#63,,TRUE,https://lichess.org/training/1HTku
1LvAD,2r5/ppr2kp1/1qn1R1Qp/3p4/1P1P3b/2P5/P4PPP/4R1K1 b - - 1 21,f7g8 e6e8 c8e8 e1e8,1143,77,100,85,kingsideAttack mate mateIn2 middlegame short,https://lichess.org/7NkgzWaS/black#42,,TRUE,https://lichess.org/training/1LvAD
1Nug2,4r2R/1pp5/p2pnQR1/4p3/4p1k1/1PPP1rq1/1P2K3/8 b - - 9 38,e6g5 g6g5,874,92,67,85,mate mateIn1 middlegame oneMove,https://lichess.org/2rsCrjt4/black#76,,FALSE,https://lichess.org/training/1Nug2
1Olje,r1bq1b1r/pp1knQ2/2n4p/1B1p4/4PB2/8/PPP2PPP/2KR3R b - - 5 14,d8e8 d1d5,1731,75,91,266,mate mateIn1 middlegame oneMove pin,https://lichess.org/aXWxuLyn/black#28,Vienna_Game Vienna_Game_Other_variations,FALSE,https://lichess.org/training/1Olje
1QCoV,6k1/p4pq1/3p2p1/1P5P/5QP1/3B4/P4R2/bK2r3 w - - 3 31,b1c2 g7c3,939,83,85,62,endgame master masterVsMaster mate mateIn1 oneMove,https://lichess.org/N33HgcUM#61,,TRUE,https://lichess.org/training/1QCoV
1U415,5bk1/p1p3r1/7Q/3pq3/4b3/8/PPP2RPP/7K b - - 1 26,g7g2 f2f8,1730,79,90,507,endgame master mate mateIn1 oneMove,https://lichess.org/dOe3WKGc/black#52,,TRUE,https://lichess.org/training/1U415
1V0jj,r1b3k1/1ppqrp2/3p2RQ/3P3p/p1P1P2p/P2B3P/1P4PK/5R2 b - - 4 26,f7g6 f1f8,1651,81,92,2422,mate mateIn1 middlegame oneMove,https://lichess.org/QaEZm3xQ/black#52,,TRUE,https://lichess.org/training/1V0jj
1W7SL,7k/ppp3p1/4Q2N/1P5K/2P1Pr1q/P7/8/R3R3 w - - 5 32,h5g6 h4h6,1413,78,100,101,endgame mate mateIn1 oneMove,https://lichess.org/DwyW9aqP#63,,TRUE,https://lichess.org/training/1W7SL
1buxu,2k5/p4pp1/1pQ1pq2/8/2Pr4/5P2/4KP1R/r7 b - - 1 40,c8d8 h2h8 d8e7 h8e8,1850,211,59,23,endgame mate mateIn2 short,https://lichess.org/fy898QDZ/black#80,,TRUE,https://lichess.org/training/1buxu
1cGjh,kbR5/1r4pp/QR3n2/5p2/P3p3/4P1P1/5PKP/3qq3 b - - 1 41,b7a7 b6b8,987,83,100,50,mate mateIn1 middlegame oneMove queensideAttack,https://lichess.org/cSWvtkq9/black#82,,TRUE,https://lichess.org/training/1cGjh
1cKwy,4Q2k/p6r/2p4R/2PpP3/3P1qP1/Pr5P/4K3/8 b - - 1 41,h8g7 h6g6,2005,76,98,517,endgame mate mateIn1 oneMove,https://lichess.org/8AhM1RC7/black#82,,TRUE,https://lichess.org/training/1cKwy
1cTdF,3q2k1/p5p1/b3R2p/3B3P/3P2Q1/6P1/r1r2P2/6K1 b - - 0 30,d8d5 e6e8 g8f7 g4g6,1302,74,100,1259,endgame mate mateIn2 short,https://lichess.org/hbK4aPbZ/black#60,,TRUE,https://lichess.org/training/1cTdF
1gsSo,8/3Q2pp/5p1k/4P2n/pPq1P2P/K7/2r2P2/B5R1 w - - 1 34,d7d5 c2a2,1423,77,89,2708,endgame mate mateIn1 oneMove,https://lichess.org/aoet8yEt#67,,TRUE,https://lichess.org/training/1gsSo
1jEnT,4r3/1p4k1/2n5/p4pR1/5Q1K/PP1p1P2/7P/4rq2 b - - 0 45,g7f7 f4f5 f7e7 g5g7 e7d6 g7d7,1984,78,92,156,endgame exposedKing long mate mateIn3,https://lichess.org/oTkKFcG3/black#90,,TRUE,https://lichess.org/training/1jEnT
1kozs,1q6/5pk1/2p3p1/5p2/2QP4/4N2P/PPR1npK1/4r3 w - - 0 36,g2f2 b8g3,1346,101,70,44,endgame master mate mateIn1 oneMove,https://lichess.org/H4Y3epGm#71,,TRUE,https://lichess.org/training/1kozs
1oHp0,5rk1/1R5p/4p1pQ/2Pp4/4p3/2P4P/6PK/r3q3 b - - 1 31,f8f7 b7b8 f7f8 b8f8,980,77,97,267,endgame mate mateIn2 short,https://lichess.org/yIcefieo/black#62,,TRUE,https://lichess.org/training/1oHp0
1r5X4,3rr3/5p1p/p4Qpk/8/p3qR2/2P4P/PP4P1/5R1K b - - 2 34,e4e7 f4h4,1151,79,87,78,endgame mate mateIn1 oneMove,https://lichess.org/Ft9ZkPYK/black#68,,TRUE,https://lichess.org/training/1r5X4
1rYsy,r2qr2k/ppp2Qp1/3b3B/5R2/4n3/8/PP3PPP/R5K1 b - - 0 18,d8e7 h6g7 h8h7 f5h5,1355,79,78,124,kingsideAttack mate mateIn2 middlegame short,https://lichess.org/xlJWw8nX/black#36,Philidor_Defense Philidor_Defense_Other_variations,TRUE,https://lichess.org/training/1rYsy
1uE1q,8/4R3/p1p3k1/2Bb2P1/3p4/1P1P1rKP/P1P1R3/4Qq2 w - - 1 37,g3h2 f3h3,1663,77,70,387,master mate mateIn1 middlegame oneMove,https://lichess.org/yL1tgJnG#73,,TRUE,https://lichess.org/training/1uE1q
1vOyH,3q1r2/p4Bkp/1p3Rp1/4Q3/4N3/8/PP1p1KPP/2r5 b - - 2 34,d2d1q f6g6 g7f7 g6g7,2135,97,61,48,doubleCheck mate mateIn2 middlegame sacrifice short,https://lichess.org/eccqKXnF/black#68,,TRUE,https://lichess.org/training/1vOyH
1wdvZ,6k1/p2Q2pp/7r/6N1/2q3n1/8/PP4r1/R1BR2K1 w - - 0 26,g1g2 c4e2 g2g3 e2f2 g3g4 h6h4,1749,190,83,8,exposedKing long mate mateIn3 middlegame sacrifice,https://lichess.org/Q5GTyUIm#51,,TRUE,https://lichess.org/training/1wdvZ
1zXP4,5rk1/pp4pp/2p5/1PPp2P1/P1PB4/3QRrPq/3n3P/4R1K1 w - - 1 32,d3d2 f3f1 e1f1 f8f1,939,88,78,43,kingsideAttack mate mateIn2 middlegame short,https://lichess.org/jHtVYH8l#63,,TRUE,https://lichess.org/training/1zXP4
2BuiC,5r1k/1pN4p/p7/2P3p1/1P2Q3/P3Prnq/3R1P2/3R2K1 w - - 0 34,f2g3 f3f1 d1f1 f8f1,1897,75,96,1366,mate mateIn2 middlegame short,https://lichess.org/GGW1qSvy#67,,TRUE,https://lichess.org/training/2BuiC
2EMbj,1k5r/p4p2/1nr5/3p4/P2P1qp1/2Q2P2/6K1/1RR2N2 w - - 0 31,c3c6 f4f3 g2g1 h8h1,1570,74,100,1172,mate mateIn2 middlegame short,https://lichess.org/IbOPJ7ru#61,,TRUE,https://lichess.org/training/2EMbj
2FbVL,4Q3/1R1N4/3p3k/8/K1q5/8/3r4/8 w - - 2 54,a4a5 d2a2 a5b6 a2a6,2122,87,89,37,endgame mate mateIn2 short,https://lichess.org/D2r7fVYv#107,,TRUE,https://lichess.org/training/2FbVL
2FtMr,r3r3/nkp5/3p3p/1R1P3q/6p1/2Q2N2/5PP1/R5K1 b - - 0 32,a7b5 c3c6 b7c8 a1a8,1493,89,63,48,deflection fork mate mateIn2 middlegame short,https://lichess.org/yEcXsJ4F/black#64,,TRUE,https://lichess.org/training/2FtMr
2JabJ,2R1kb2/q3pp2/pQ1p1r2/1n1P4/7N/1P6/P4P2/6K1 b - - 6 35,e8d7 c8d8,1087,78,90,894,mate mateIn1 middlegame oneMove,https://lichess.org/aF6tFtwS/black#70,,TRUE,https://lichess.org/training/2JabJ
2LLhb,3r4/1p2R3/p1k4p/P2p1r2/1PN5/1Q6/K1P5/3q4 b - - 1 38,d5c4 b3c4 f5c5 c4c5,1539,75,81,125,endgame mate mateIn2 short,https://lichess.org/33Dc9gIr/black#76,,TRUE,https://lichess.org/training/2LLhb
2LyV1,3R2k1/7p/6b1/5nP1/p1p2q2/P1Q5/1PP5/1K6 b - - 0 36,g8f7 c3f6,1504,194,25,35,endgame mate mateIn1 oneMove,https://lichess.org/h7U3us4d/black#72,,TRUE,https://lichess.org/training/2LyV1
2McWl,3Q4/2p3p1/p3pr2/1p3p2/8/P3k1q1/1PP5/1K3R2 b - - 15 35,e3e2 d8d1 e2e3 d1d3,1441,76,99,885,endgame mate mateIn2 short,https://lichess.org/zNgHw1O6/black#70,,TRUE,https://lichess.org/training/2McWl
2NRWf,8/4R1pp/4k3/1pQ5/1P5P/2b2qP1/5P1K/3r4 b - - 3 30,e6f6 c5g5,1575,75,100,366,endgame mate mateIn1 oneMove,https://lichess.org/4mVLWHWi/black#60,,TRUE,https://lichess.org/training/2NRWf
2Rw7e,2k1r3/p1p3Qp/4r3/8/7B/2N2bPq/PPP4P/3R1RK1 w - - 0 23,f1f3 e6e1 d1e1 e8e1 f3f1 e1f1,787,83,91,63,long mate mateIn3 middlegame,https://lichess.org/1JHR20XO#45,,TRUE,https://lichess.org/training/2Rw7e
2T3cl,3r3r/1p1k1ppp/8/1Q6/1b1B4/8/PP5P/2RKN2q b - - 9 30,d7e6 b5e5 e6d7 c1c7,1498,75,93,1695,mate mateIn2 middlegame short,https://lichess.org/V25IhC0c/black#60,,TRUE,https://lichess.org/training/2T3cl
2XRlC,1k5r/ppp2R2/7q/PP1p1B2/3P4/4PNp1/3n2Q1/2R3K1 w - - 0 28,f3d2 h6e3 g1f1 h8h1 g2g1 h1g1,1744,75,94,357,exposedKing long master mate mateIn3 middlegame,https://lichess.org/HgcCL1ce#55,,TRUE,https://lichess.org/training/2XRlC
2Xfst,5rk1/1r3p2/3ppRpQ/p1p5/3qP3/P2P3P/6P1/5R1K b - - 0 32,d4d3 f6g6 f7g6 f1f8,1803,75,93,1175,discoveredAttack endgame mate mateIn2 short,https://lichess.org/c0Si5ilA/black#64,,TRUE,https://lichess.org/training/2Xfst
2XokZ,4rrk1/7p/p1p2R1Q/7p/P2p4/3q4/1P4PP/5R1K b - - 0 26,d3e3 f6f8 e8f8 f1f8,616,85,100,264,endgame mate mateIn2 short,https://lichess.org/y66kMDIu/black#52,,TRUE,https://lichess.org/training/2XokZ
2YskY,r4r2/pp3p2/5Pk1/7P/6p1/3P2Q1/PPP1q1P1/1K3R2 b - - 0 29,g6g5 g3f4 g5h5 f1h1 h5g6 h1h6,1762,75,97,878,endgame long mate mateIn3,https://lichess.org/B3tvnGSG/black#58,,TRUE,https://lichess.org/training/2YskY
2ZYUL,r2q3r/ppp2b2/3p1QRk/8/5R2/7P/PPP1B3/2K5 b - - 0 31,f7g6 f4h4,1075,76,100,272,mate mateIn1 middlegame oneMove,https://lichess.org/Mt5BpQUw/black#62,,TRUE,https://lichess.org/training/2ZYUL
2ZkLa,k1r5/1p5p/p7/3PQ3/b4R2/qP6/P1r3PP/1K1R4 w - - 3 31,f4a4 c2c1 d1c1 c8c1,1416,76,92,910,endgame mate mateIn2 short,https://lichess.org/bjBYKfQj#61,,TRUE,https://lichess.org/training/2ZkLa
2bNjY,2r4k/Q5R1/5p1p/3p4/4b1P1/1P3q1P/P4P2/4R1K1 w - - 1 32,e1e4 c8c1 e4e1 c1e1 g1h2 e1h1,1574,75,98,1356,endgame long mate mateIn3,https://lichess.org/jSXZzBuX#63,,TRUE,https://lichess.org/training/2bNjY
2emu1,1r5k/2q1p3/3p2Q1/4p3/1p4P1/7P/rpP5/1K1R1R2 w - - 0 33,b1a2 b8a8 a2b2 c7c3 b2c1 a8a1,2002,75,98,816,endgame exposedKing long mate mateIn3,https://lichess.org/87CUEKVe#65,,TRUE,https://lichess.org/training/2emu1
2groE,r1bq2rk/4bp1p/p2p4/2p1pn2/1p6/3PB2R/PPPNQ1PP/4NRK1 b - - 1 20,f5e3 h3h7 h8h7 e2h5 h7g7 f1f7,1921,75,92,942,attraction kingsideAttack long mate mateIn3 middlegame sacrifice,https://lichess.org/jP7Pq5L3/black#40,,TRUE,https://lichess.org/training/2groE
2htZi,6k1/1p3r1p/p6Q/5qp1/8/5pPP/5P2/3R2K1 b - - 0 35,f5g6 d1d8 f7f8 d8f8,915,76,100,70,endgame mate mateIn2 short,https://lichess.org/9jeSApca/black#70,,TRUE,https://lichess.org/training/2htZi
2itt9,5rk1/1bq5/p1p2PpQ/1p6/8/PP4b1/1B6/1K1R4 b - - 1 30,c7h7 f6f7 f8f7 d1d8 f7f8 d8f8,1679,76,92,157,advancedPawn exposedKing long mate mateIn3 middlegame,https://lichess.org/Kxf7ybbU/black#60,,TRUE,https://lichess.org/training/2itt9
2oef9,r4rk1/p1p2p2/1p1qbQ1p/8/7R/3B3P/P1P2PP1/6K1 b - - 5 22,e6h3 d3h7 g8h7 h4h6 h7g8 h6h8,1866,77,84,92,attraction fork long mate mateIn3 middlegame sacrifice,https://lichess.org/rEqafW9c/black#44,,TRUE,https://lichess.org/training/2oef9
2p3M6,2r5/p1p3k1/1p1p1pp1/3P4/1P2P1Q1/q4P2/8/4RKBr w - - 0 39,g4c8 a3f3,672,107,90,545,endgame mate mateIn1 oneMove,https://lichess.org/ftMI60Zq#77,,FALSE,https://lichess.org/training/2p3M6
2qAWi,7r/1p3k2/p2b1Bp1/P1pp2P1/4pP2/1P2Pq2/2PP4/R4KQ1 w - - 4 30,g1f2 h8h1,1290,76,98,860,endgame mate mateIn1 oneMove,https://lichess.org/tuYh8x9T#59,,TRUE,https://lichess.org/training/2qAWi
2rqEO,r7/ppp2kR1/3p1P1B/7P/2q5/2P5/3QrP2/2K5 b - - 2 31,f7f6 d2g5 f6e6 g7e7,1565,74,99,1159,endgame mate mateIn2 short,https://lichess.org/7R0XtIJX/black#62,,TRUE,https://lichess.org/training/2rqEO
2zbdJ,k2r4/pp3p1p/2pr2p1/8/N3P2P/qPQ5/P4PB1/1K5R w - - 8 26,e4e5 d6d1 h1d1 d8d1 c3c1 d1c1,827,82,52,127,long mate mateIn3 middlegame queensideAttack,https://lichess.org/qXlPXUlP#51,,TRUE,https://lichess.org/training/2zbdJ
323B7,1R4Q1/3kr2r/q3pR2/3pP3/2pP4/2P2K2/p7/8 b - - 1 38,a2a1q g8d8 d7c6 d8d6,1436,75,100,483,master mate mateIn2 middlegame short,https://lichess.org/0Z5nBHtA/black#76,,TRUE,https://lichess.org/training/323B7
36ahE,3k3r/1r5p/3Qp2p/3pP3/6P1/1qP5/1b3R1P/1K3R2 b - - 3 30,b7d7 f2f8 h8f8 f1f8,1404,76,78,88,mate mateIn2 middlegame short,https://lichess.org/xgxQGj9B/black#60,,TRUE,https://lichess.org/training/36ahE
39sdb,r1b1r3/p3qp1k/1ppppQp1/8/P2P1P2/3B3R/1PP3PP/R5K1 b - - 3 21,h7g8 h3h8,761,82,100,97,mate mateIn1 middlegame oneMove,https://lichess.org/s6OWIsx5/black#42,,TRUE,https://lichess.org/training/39sdb
3CijL,r2k4/p4rpp/2Qp1q2/2p5/8/8/4RPPP/1R4K1 b - - 6 30,a8c8 e2e8,1472,80,90,1900,endgame mate mateIn1 oneMove,https://lichess.org/wHikXUoa/black#60,,TRUE,https://lichess.org/training/3CijL
3IVnQ,1nkr1b1r/8/1QR4p/4q3/3pP3/8/1PP3PP/R5K1 b - - 2 25,b8c6 b6c6 e5c7 a1a8,1691,76,99,360,mate mateIn2 middlegame short,https://lichess.org/3V9WlNOf/black#50,,TRUE,https://lichess.org/training/3IVnQ
3ImXc,5Q1k/p4pr1/1p4r1/2p5/2PpP1P1/1PqP1P2/P3K1P1/R7 b - - 0 37,g7g8 a1h1 g6h6 h1h6,1021,81,100,78,endgame kingsideAttack mate mateIn2 short,https://lichess.org/8Jp422Tk/black#74,,TRUE,https://lichess.org/training/3ImXc
3LI7H,2R5/pp1n1kpQ/1b6/3p4/5P2/3Bn1P1/P6P/q4N1K b - - 2 25,e3f1 h7g6 f7e7 c8e8,1657,108,89,51,mate mateIn2 middlegame short,https://lichess.org/vKcbv1cN/black#50,,TRUE,https://lichess.org/training/3LI7H
3M03C,r7/1kp2pR1/1pq1p3/8/3P4/2n1P1P1/1P2QPP1/rNKR4 w - - 0 29,b2c3 c6c3 e2c2 a1b1 c1b1 a8a1,1619,75,94,1750,attraction exposedKing long mate mateIn3 middlegame pin queensideAttack,https://lichess.org/hA1CxZ3j#57,,TRUE,https://lichess.org/training/3M03C
3MurC,1r1r1q2/1bn4k/pp2pQp1/2pPR3/P6R/1P5P/6P1/6K1 b - - 7 37,h7g8 h4h8,1517,87,60,50,mate mateIn1 middlegame oneMove,https://lichess.org/tbmcEXDS/black#74,,TRUE,https://lichess.org/training/3MurC
3NVu2,4rn2/pRR5/4bQ1K/2kp1p2/5P2/3q3P/P5P1/2r5 b - - 3 35,c5d6 f6e5,1431,76,96,4070,master mate mateIn1 middlegame oneMove,https://lichess.org/dUbNxlbq/black#70,,TRUE,https://lichess.org/training/3NVu2
3PRQG,r1q4r/p4pk1/1p4p1/2p1p1Pp/2PpP1R1/P2P1Q2/1P1B1PK1/7R b - - 0 27,h5g4 f3f6 g7g8 h1h8,1106,77,94,262,endgame mate mateIn2 short,https://lichess.org/GSAtylGo/black#54,,TRUE,https://lichess.org/training/3PRQG
3UTuE,1r6/1p2nQ1k/p6B/P2pb1R1/8/6PK/1q5P/8 b - - 10 40,h7h6 g5h5,1323,74,100,1164,endgame mate mateIn1 oneMove,https://lichess.org/CyXtZV9N/black#80,,TRUE,https://lichess.org/training/3UTuE
3UetX,6k1/1pp1q2p/p3R1pQ/5rN1/3p2r1/8/PPP2PPP/5RK1 b - - 0 26,e7g5 e6e8 f5f8 e8f8,934,78,100,107,endgame kingsideAttack mate mateIn2 short,https://lichess.org/FOL3KE53/black#52,,TRUE,https://lichess.org/training/3UetX
3VtyZ,R6k/2r4p/3p2p1/P2Bb1q1/4P3/5P1Q/1r3P2/5K2 b - - 10 31,h8g7 a8g8 g7f6 h3e6,1401,83,64,49,mate mateIn2 middlegame short,https://lichess.org/NFB7gB6a/black#62,,TRUE,https://lichess.org/training/3VtyZ
3bwJ3,6k1/1p4p1/3r4/1q2pBPp/p1p2n1P/P1P1QP2/1B5R/1K6 w - - 0 33,e3a7 d6d1 b1c2 b5b3,1091,77,95,188,mate mateIn2 middlegame queensideAttack short,https://lichess.org/uVJT1vsJ#65,,TRUE,https://lichess.org/training/3bwJ3
3jRWJ,r2q1knr/ppp5/3pQb2/4n1N1/7P/8/PPP1P1b1/RNB1K1R1 b Q - 3 17,g2c6 g5h7 h8h7 g1g8,1718,78,90,180,deflection discoveredAttack mate mateIn2 opening short,https://lichess.org/gUTF8G9W/black#34,Grob_Opening Grob_Opening_Other_variations,TRUE,https://lichess.org/training/3jRWJ
3qGCR,5r1k/2p4p/p5p1/1p2Q1R1/7q/1PP2r2/1P3PRP/7K b - - 0 29,h8g8 g5g6 h7g6 g2g6 g8f7 g6g7,1483,75,96,3038,endgame long mate mateIn3 sacrifice,https://lichess.org/klWH38oc/black#58,,TRUE,https://lichess.org/training/3qGCR
3r02f,3rr3/pp4k1/1q2b1p1/4Q1PR/8/2P5/PP3PP1/1R3K2 b - - 2 28,g7f8 e5f6 e6f7 h5h8,1751,76,93,769,mate mateIn2 middlegame pin short,https://lichess.org/lO0jZaDU/black#56,,TRUE,https://lichess.org/training/3r02f
3sSD3,5rk1/pp3rbp/3pN1p1/3Pp1B1/4B3/2P3nq/PP1Q2R1/R5K1 w - - 5 24,g2g3 f7f1 a1f1 f8f1,1776,75,92,653,kingsideAttack mate mateIn2 middlegame short,https://lichess.org/Kxizg2a8#47,,TRUE,https://lichess.org/training/3sSD3
3seGt,8/p5p1/1p4k1/3Q4/7R/1P1Pr2P/P5P1/2B1q1K1 w - - 1 34,g1h2 e1g3 h2g1 e3e1,1275,76,91,743,endgame fork master mate mateIn2 short,https://lichess.org/ruxyloY3#67,,TRUE,https://lichess.org/training/3seGt
3tGwf,5rnk/p1p3pp/3p1q2/3Bp3/2P5/1P6/P4r1P/RN1Q2RK w - - 2 22,b1c3 f2h2 h1h2 f6h4 h2g2 f8f2,1764,75,97,2058,attraction kingsideAttack long mate mateIn3 middlegame sacrifice,https://lichess.org/wGY8invJ#43,,TRUE,https://lichess.org/training/3tGwf
3tVOf,1r4k1/5pP1/p3p3/3pP1p1/2q3P1/5Q2/2PK1P2/7R b - - 6 33,b8b2 h1h8 g8g7 f3f6,954,75,98,408,endgame mate mateIn2 short,https://lichess.org/gfxRpYe6/black#66,,TRUE,https://lichess.org/training/3tVOf
3tbsL,5Q2/Rpkq4/4p3/1pBp1n2/2pP1P2/2P3p1/7r/6K1 b - - 5 47,f5e3 c5b6 c7b6 f8c5,1891,78,93,307,attraction endgame mate mateIn2 sacrifice short,https://lichess.org/CAy2n2PC/black#94,,TRUE,https://lichess.org/training/3tbsL
3tpwo,1r1r4/4k1R1/p2p1b2/1p4Q1/5P2/P7/2q1N1PP/7K b - - 0 29,e7e6 e2d4 f6d4 g7e7,2081,75,97,1055,mate mateIn2 middlegame sacrifice short,https://lichess.org/euJvore8/black#58,,TRUE,https://lichess.org/training/3tpwo
3vIYO,2r5/pp2B1kp/4b1N1/5pQ1/3p1P2/1P1Bq3/P2KN3/8 w - - 1 28,d2e1 c8c1,983,78,100,211,master mate mateIn1 middlegame oneMove pin,https://lichess.org/YTKT6NnP#55,,TRUE,https://lichess.org/training/3vIYO
3verB,1r4k1/2q1rp2/p2p2BQ/1ppPp3/2Pn2P1/1P1P2PP/P4R2/5RK1 b - - 0 31,f7g6 f2f8 b8f8 f1f8,1669,76,91,553,kingsideAttack mate mateIn2 middlegame short,https://lichess.org/jWoFzfyt/black#62,,TRUE,https://lichess.org/training/3verB
3weiI,5rk1/1p5p/3p2p1/3N4/2Pb2P1/pP2B2q/P2QR3/6K1 w - - 0 33,e3d4 f8f1,1499,77,74,125,endgame master mate mateIn1 oneMove,https://lichess.org/ZqCIIPNa#65,,TRUE,https://lichess.org/training/3weiI
3yQ5B,4r1k1/p4ppp/2QBr3/3p2P1/3P3P/P4qN1/1PP5/2KR4 w - - 1 27,d1f1 e6e1 f1e1 e8e1 c1d2 e1d1,1625,76,88,134,long mate mateIn3 middlegame queensideAttack,https://lichess.org/mDRHSFJG#53,,TRUE,https://lichess.org/training/3yQ5B
3ySMW,8/p4pk1/6p1/2R4p/P2p3P/3P1qP1/3QrP2/6K1 w - - 1 31,d2f4 e2e1 g1h2 e1h1,1043,80,96,598,endgame mate mateIn2 short,https://lichess.org/7tmBIUDZ#61,,TRUE,https://lichess.org/training/3ySMW
40Jhw,3r4/1p2kp2/p5p1/1b2Q3/8/5qP1/PP3P2/2R1K3 b - - 5 43,e7d7 c1c7,1884,75,95,2184,endgame mate mateIn1 oneMove,https://lichess.org/wfSw8RVo/black#86,,TRUE,https://lichess.org/training/40Jhw
42MLv,6k1/2QN1pp1/p5rp/1p6/1P2qP2/P6P/8/5RK1 w - - 3 36,g1f2 g6g2,1485,77,94,1886,endgame mate mateIn1 oneMove,https://lichess.org/swNA8LSq#71,,TRUE,https://lichess.org/training/42MLv
45dbp,1kr2b1r/p1pR1p1p/Q5p1/1p6/1qb1p3/4P2P/P4PPB/2R3K1 b - - 1 24,b4a3 h2c7 c8c7 d7d8 c7c8 d8c8,1754,77,93,254,long mate mateIn3 middlegame queensideAttack sacrifice,https://lichess.org/DmT24lQs/black#48,,TRUE,https://lichess.org/training/45dbp
48W6Y,r2q2rk/p1pbb3/2p4B/2n1p2Q/8/5R2/PPP3PP/RN4K1 b - - 4 19,d7g4 h6g7 h8g7 f3f7,2121,100,81,46,attraction doubleCheck kingsideAttack mate mateIn2 middlegame sacrifice short,https://lichess.org/So1YEDBv/black#38,,TRUE,https://lichess.org/training/48W6Y
4AR0G,4kr2/1p3p2/p3R1p1/8/5q2/7Q/P2r1PPP/2R3K1 b - - 0 25,f7e6 h3e6 e8d8 c1c8,1389,74,97,1110,endgame mate mateIn2 short,https://lichess.org/hNPV9yPg/black#50,,TRUE,https://lichess.org/training/4AR0G
4Dppj,5R2/3r2k1/6pp/1p1p4/pPpP4/P1P4P/5Q1K/1q6 b - - 13 44,b1e4 f2f6 g7h7 f8h8,1217,77,100,597,endgame mate mateIn2 short,https://lichess.org/zmPvzE09/black#88,,TRUE,https://lichess.org/training/4Dppj
4FlzV,R1kr2r1/1bp1qp2/1p2p2p/1P1pP3/1P3p2/2Q5/2P3P1/R5K1 b - - 3 24,b7a8 a1a8 c8b7 c3c6,1048,76,77,111,endgame mate mateIn2 queensideAttack short,https://lichess.org/EB5RAu8Z/black#48,,TRUE,https://lichess.org/training/4FlzV
4Frzx,r1b2kr1/pp3p1q/2p1p2p/4P2P/2P5/5QR1/PP3PP1/2KR4 b - - 2 25,g8g3 d1d8 f8e7 f3f6,1318,78,94,2500,endgame mate mateIn2 short,https://lichess.org/k5jVAeZ9/black#50,,TRUE,https://lichess.org/training/4Frzx
4GFL0,2r3k1/4pp2/p5pp/3PQ3/8/qPr3P1/P2R2BP/1K1R4 w - - 5 33,g2h3 c3c1 d1c1 c8c1,1272,83,82,81,mate mateIn2 middlegame queensideAttack short,https://lichess.org/cRC4ihaI#65,,TRUE,https://lichess.org/training/4GFL0
4GI8o,1rkRn2r/1p2q1p1/1Qp2p1p/2P1p3/N1P3P1/1P3b1P/P4P2/2KR4 b - - 1 24,e7d8 d1d8,488,103,93,140,master mate mateIn1 middlegame oneMove queensideAttack,https://lichess.org/HoxMwdsL/black#48,,TRUE,https://lichess.org/training/4GI8o
4H5IO,5rk1/p4p2/2p1bQ1R/2q3r1/8/8/PPP2PPP/R5K1 b - - 2 21,c5e5 h6h8,1546,80,94,1095,mate mateIn1 middlegame oneMove,https://lichess.org/pHf9YO3m/black#42,,TRUE,https://lichess.org/training/4H5IO
4HQSa,1k6/2p4p/1pQ3p1/p7/P4P2/4q3/1b4PP/3R3K b - - 0 27,e3f4 d1d8 b8a7 d8a8,1053,78,100,139,endgame mate mateIn2 short,https://lichess.org/aMSjqium/black#54,,TRUE,https://lichess.org/training/4HQSa
4IKfV,r1b3k1/pp1n3p/4q1pQ/2p1R3/n1P5/P2B4/1P1B2PP/5RK1 b - - 0 26,d7e5 f1f8,862,91,73,44,master mate mateIn1 middlegame oneMove,https://lichess.org/HoF8XoCN/black#52,,TRUE,https://lichess.org/training/4IKfV
4JJpB,R7/r4q2/k2Q3p/1p2p3/p4p2/7P/6P1/7K b - - 7 68,a6b7 a8b8,1796,75,95,928,endgame mate mateIn1 oneMove,https://lichess.org/7a7aUn8L/black#136,,TRUE,https://lichess.org/training/4JJpB
4KzGW,1r1qk3/pb2b2p/4Q1R1/3NP3/2pP4/8/PP4PP/6K1 b - - 0 24,b7d5 g6g8,1099,77,80,167,endgame mate mateIn1 oneMove,https://lichess.org/3508lEET/black#48,,TRUE,https://lichess.org/training/4KzGW
4LSKf,5Q2/p2q2nk/1p2b3/2p1P3/2P4R/3p3p/P6K/8 b - - 7 41,h7g6 f8f6,1076,80,87,165,endgame mate mateIn1 oneMove,https://lichess.org/QWtHeFLk/black#82,,TRUE,https://lichess.org/training/4LSKf
4LndD,2kr3r/1p2qpb1/1QBpbnpp/1p6/4P2P/R3BP2/PPP3P1/2K4R b - - 2 21,b7c6 b6c6 e7c7 a3a8,2173,78,87,81,mate mateIn2 middlegame queensideAttack short,https://lichess.org/aB7rKuuU/black#42,,TRUE,https://lichess.org/training/4LndD
4MKK0,R3b2k/6pp/2BP2q1/1pP5/5P2/4r1PP/1Q6/6K1 w - - 1 41,c6e8 g6g3 b2g2 e3e1,1503,76,96,3478,endgame mate mateIn2 short,https://lichess.org/gxkrCt55#81,,TRUE,https://lichess.org/training/4MKK0
4MWiC,3R4/1p3p1k/p3b1p1/4P3/6r1/5Q2/1r4P1/4K3 b - - 1 51,h7g7 f3f6 g7h7 d8h8,1133,76,100,629,endgame mate mateIn2 short,https://lichess.org/5oGWJl50/black#102,,TRUE,https://lichess.org/training/4MWiC
4OcOk,5Rk1/pp2q2p/2pr2pQ/3b4/3Pp3/P3P2P/1P3RPK/8 b - - 3 31,e7f8 f2f8,914,175,38,5,endgame mate mateIn1 oneMove,https://lichess.org/nac4QuSf/black#62,,TRUE,https://lichess.org/training/4OcOk
4QPlA,r4r2/1p3pk1/p1p1p1p1/3pP3/P1PB3Q/bq1nP2R/6P1/R5K1 b - - 3 24,f8h8 h4f6 g7g8 h3h8,1195,75,100,221,discoveredAttack mate mateIn2 middlegame short,https://lichess.org/2duxlRt0/black#48,,TRUE,https://lichess.org/training/4QPlA
4RZIp,1rb2r2/p4k2/4p3/3p1RQ1/3q2P1/3B4/P1P3P1/4R2K b - - 0 24,e6f5 e1e7,1727,76,97,2935,mate mateIn1 middlegame oneMove,https://lichess.org/wUaEF7om/black#48,,TRUE,https://lichess.org/training/4RZIp
4Rw3C,3rR1k1/6p1/3p2Qp/2pP1p2/3q1r2/7P/6PK/4R3 b - - 1 34,d8e8 e1e8,1202,78,68,141,endgame mate mateIn1 oneMove,https://lichess.org/143Okh5B/black#68,,TRUE,https://lichess.org/training/4Rw3C
4V7eo,3Q4/5p1k/6pp/8/8/1P3qPP/P2R1P1K/4r3 w - - 5 45,d8d5 e1h1,1544,78,96,1275,endgame mate mateIn1 oneMove,https://lichess.org/fABOizsE#89,,TRUE,https://lichess.org/training/4V7eo
4YuCu,4R3/pp3kp1/2p5/5P1Q/8/3q3P/P5K1/3r4 b - - 18 48,g7g6 h5g6,1168,77,100,288,endgame master mate mateIn1 oneMove,https://lichess.org/KzuFyxhm/black#96,,TRUE,https://lichess.org/training/4YuCu
4Zh78,2b1k1r1/1p1pn2p/3RpQ2/pq3p2/8/8/PPP4P/1K2R3 b - - 0 30,e7d5 e1e6 d7e6 d6d8,1976,76,98,866,mate mateIn2 middlegame sacrifice short,https://lichess.org/xEURARjs/black#60,,TRUE,https://lichess.org/training/4Zh78
4ir6g,3rR1k1/1p4pr/2p2pQp/1q1p4/p2P1P2/2P5/PP5P/2K1R3 b - - 7 33,d8e8 e1e8,715,85,100,86,endgame kingsideAttack mate mateIn1 oneMove,https://lichess.org/3emFzkEc/black#66,,FALSE,https://lichess.org/training/4ir6g
4irHS,5r1k/6pp/2Q5/8/PP6/5rPq/2R2P2/5R1K w - - 1 35,h1g1 f3g3 f2g3 f8f1,1730,74,90,296,discoveredAttack endgame mate mateIn2 short,https://lichess.org/buWMEOwU#69,,TRUE,https://lichess.org/training/4irHS
4kigd,1n6/pQ2b3/3p4/2pR4/1k2Pp2/5n1p/PKP4P/6q1 b - - 1 33,b4c4 b7b3,929,76,100,126,endgame mate mateIn1 oneMove,https://lichess.org/RDlrDc4y/black#66,,TRUE,https://lichess.org/training/4kigd
4mh2n,r4k2/p4p2/3R2p1/7q/5Q2/6KR/PPP1r3/8 b - - 6 37,h5c5 h3h8 f8e7 f4f6,1488,75,91,3333,endgame mate mateIn2 short,https://lichess.org/fuk8DUZw/black#74,,FALSE,https://lichess.org/training/4mh2n
4oCwY,6k1/pp3p1p/2n2qpQ/3r1b2/2p5/1P1P1N2/PP3PPP/2K1R3 b - - 1 23,f6g7 e1e8 g7f8 e8f8,892,130,100,23,kingsideAttack mate mateIn2 middlegame short,https://lichess.org/aJSsC9vA/black#46,,TRUE,https://lichess.org/training/4oCwY
4s1Ba,r1b1k2r/1p3p1p/p3pQ2/2q5/8/8/PPP2PPP/3RR1K1 b kq - 0 18,h8g8 d1d8,935,80,100,54,mate mateIn1 middlegame oneMove,https://lichess.org/El6VXe4X/black#36,Caro-Kann_Defense Caro-Kann_Defense_Campomanes_Attack,TRUE,https://lichess.org/training/4s1Ba
4sZ2D,1k5r/pp2QKR1/3N4/8/3p1qP1/1P6/P3n3/8 w - - 1 37,f7g6 h8h6,1594,78,90,467,endgame mate mateIn1 oneMove,https://lichess.org/8WMZXJBv#73,,TRUE,https://lichess.org/training/4sZ2D
52nrC,2R3k1/pp1n2pr/7p/5P2/8/6QP/PP4PK/3qr3 b - - 1 38,g8f7 g3g6 f7e7 c8e8,1641,75,79,72,endgame fork mate mateIn2 short,https://lichess.org/rG61h3DW/black#76,,TRUE,https://lichess.org/training/52nrC
52yaG,3R4/p4p2/1kp1p2p/1p2Pp2/8/Q5P1/qPP2b1P/2K5 b - - 1 26,a2c4 d8b8 b6c7 a3d6,2106,78,98,398,endgame mate mateIn2 short,https://lichess.org/4cfCriYV/black#52,,TRUE,https://lichess.org/training/52yaG
56uoW,3Q4/6pk/p1P1p3/3p1r1p/3Pp2P/4P1rq/PPR1RP2/6K1 w - - 0 32,f2g3 f5f1,1325,261,79,6,endgame mate mateIn1 oneMove,https://lichess.org/Khlu2FlK#63,,TRUE,https://lichess.org/training/56uoW
59A3a,5rk1/2qpR2p/p5pQ/2pb4/8/P1PB4/2P3P1/2K5 b - - 3 27,f8f7 e7e8 f7f8 e8f8,1004,76,100,618,endgame mate mateIn2 short,https://lichess.org/dDjWvSEQ/black#54,,TRUE,https://lichess.org/training/59A3a
5A9PY,1Q3bnr/1p3ppp/2k5/2p3q1/P1b5/4P3/1P3PPP/2KR3R b - - 2 18,g8e7 d1d6,873,76,98,266,mate mateIn1 middlegame oneMove,https://lichess.org/DecZS5oa/black#36,English_Opening English_Opening_Anglo-Scandinavian_Defense,TRUE,https://lichess.org/training/5A9PY
5BVnm,r4r2/p1qb1pk1/4p1p1/1p2P3/7Q/2PB2P1/PP3PP1/2K4R b - - 3 19,f8h8 h4f6 g7g8 h1h8,1215,74,70,136,discoveredAttack mate mateIn2 middlegame short,https://lichess.org/NKui4RAZ/black#38,,TRUE,https://lichess.org/training/5BVnm
5Bg6Z,r1b1R1kr/pppn4/5ppQ/q2P4/1b6/2N5/PPP2PPP/R1B3K1 b - - 1 17,d7f8 h6g6,1509,104,84,26,kingsideAttack mate mateIn1 middlegame oneMove pin,https://lichess.org/cL9pV5rs/black#34,Scotch_Game Scotch_Game_Other_variations,FALSE,https://lichess.org/training/5Bg6Z
5EFO0,4k3/2p2p2/5Q2/pqP5/3pPR2/3K1P2/PPP3r1/8 w - - 9 41,d3d4 g2d2 d4c3 b5b4,1442,77,96,3430,endgame mate mateIn2 short,https://lichess.org/JDj8gZV8#81,,TRUE,https://lichess.org/training/5EFO0
5FU0K,8/pP3pk1/4pqp1/6r1/1P1P4/2PB3r/2Q2PP1/R4RK1 w - - 0 25,b7b8q g5g2 g1g2 f6f3 g2g1 h3h1,1850,74,97,252,attraction long mate mateIn3 middlegame sacrifice,https://lichess.org/jB3jahu6#49,,TRUE,https://lichess.org/training/5FU0K
5I289,5rk1/ppp1R3/5rpp/4Q1p1/8/2N3Bq/PP5P/4R1K1 w - - 12 33,c3e4 f6f1 e1f1 f8f1,844,79,91,91,mate mateIn2 middlegame short,https://lichess.org/BkPU1Ls4#65,,TRUE,https://lichess.org/training/5I289
5JqBV,6k1/p2QP1pp/1p4r1/8/4qP2/1P6/P6P/5RK1 w - - 3 34,g1f2 g6g2,1617,115,70,127,endgame mate mateIn1 oneMove,https://lichess.org/PvadS9Zm#67,,TRUE,https://lichess.org/training/5JqBV
5Jt9L,6k1/4qppp/2r5/Kp6/5PQ1/1N4P1/P2R3P/7R w - - 0 31,g4d7 e7a3 a5b5 a3a6 b5b4 c6c4,1686,80,85,59,endgame long mate mateIn3,https://lichess.org/bZCxUJzb#61,,TRUE,https://lichess.org/training/5Jt9L
5LTvW,r5nQ/pbpp1kpN/1p1n3r/3PRp1P/6q1/2N3R1/PP3P2/6K1 b - - 1 33,g4h5 h8g7,1118,80,93,128,master mate mateIn1 middlegame oneMove,https://lichess.org/xAV6jm5D/black#66,,FALSE,https://lichess.org/training/5LTvW
5PmiG,r1b3k1/pp3NpB/2p4p/3p4/3P2nq/2P5/PPQB1PPb/4RK2 b - - 3 18,g8f7 c2g6 f7f8 e1e8,1185,76,60,71,mate mateIn2 middlegame short,https://lichess.org/l3GWJ5IT/black#36,Alekhine_Defense Alekhine_Defense_Scandinavian_Variation,TRUE,https://lichess.org/training/5PmiG
5QwOE,r5k1/p1p1Rr1p/4RBpQ/3q4/8/8/1PP2PbP/6K1 b - - 0 25,g2h1 e7e8 a8e8 e6e8 f7f8 e8f8,1405,74,100,494,long mate mateIn3 middlegame,https://lichess.org/5vFoPW6i/black#50,,TRUE,https://lichess.org/training/5QwOE
5Rr4j,7k/r3r3/pqp2pQR/5P2/2pPp3/2P4P/PP4P1/6K1 b - - 0 28,e7h7 g6e8 h8g7 h6g6,2094,77,99,549,endgame mate mateIn2 short,https://lichess.org/13t8FjiV/black#56,,TRUE,https://lichess.org/training/5Rr4j
5TnJ0,r5k1/pp3r2/2p1R1Qp/3n4/P5Pq/2P4P/1P3P2/4R1K1 b - - 0 28,f7g7 e6e8 a8e8 e1e8,1250,75,91,604,mate mateIn2 middlegame short,https://lichess.org/gQtx1HCB/black#56,,TRUE,https://lichess.org/training/5TnJ0
5UrGQ,3r3k/pBp3pp/Q7/8/3B4/P1KnN3/1q6/5R2 w - - 2 28,c3d3 d8d4,1597,80,90,1347,master mate mateIn1 middlegame oneMove,https://lichess.org/KqMM6mVr#55,,TRUE,https://lichess.org/training/5UrGQ
5VF6F,1r5r/7k/p4Qp1/3Pp3/1p1pq3/6P1/PP3R2/5K2 b - - 3 30,h8f8 f2h2 e4h4 h2h4 h7g8 h4h8,1630,76,94,582,endgame long mate mateIn3,https://lichess.org/JKebcK9L/black#60,,TRUE,https://lichess.org/training/5VF6F
5YYv1,3kr3/ppR2p1p/5bp1/PN1p4/3P4/3Q1PBq/1P3P1P/6K1 w - - 1 29,c7f7 e8e1 d3f1 e1f1,689,129,82,21,kingsideAttack mate mateIn2 middlegame short,https://lichess.org/bFh6aC9A#57,,TRUE,https://lichess.org/training/5YYv1
5Z78A,r1b5/1p6/2p1p2Q/p7/5RPk/3q4/PP6/7K b - - 2 36,h4g3 h6h2,1185,83,100,63,endgame mate mateIn1 oneMove,https://lichess.org/CbCFzFH0/black#72,,TRUE,https://lichess.org/training/5Z78A
5aavr,6k1/5pp1/4p3/p1Q1P1p1/8/1P3qPP/P1R2P1K/3r4 w - - 1 38,c5e3 d1h1,870,90,100,54,endgame mate mateIn1 oneMove,https://lichess.org/rwywuElF#75,,TRUE,https://lichess.org/training/5aavr
5eLz1,3q1r1k/p5p1/1p2Q3/P7/8/P2B4/5r1P/R5RK w - - 2 26,e6g6 f2h2 h1h2 d8h4 h2g2 f8f2,1903,75,95,1476,attraction long mate mateIn3 middlegame sacrifice,https://lichess.org/Jj75P7O9#51,,TRUE,https://lichess.org/training/5eLz1
5eOeZ,2R2k2/p3p2p/1p2Qb1q/6p1/5pP1/1P3P1P/P2rB2K/8 b - - 2 34,f8g7 c8g8,827,83,100,234,endgame mate mateIn1 oneMove,https://lichess.org/kG0Q0QDs/black#68,,TRUE,https://lichess.org/training/5eOeZ
5epTr,5k2/3R1p1p/p3n3/2B1P3/1P2q3/6QP/1bp3P1/7K b - - 5 40,e6c5 d7d8 f8e7 g3g5 f7f6 g5f6,1293,75,81,311,endgame long mate mateIn3,https://lichess.org/ImfJ7myq/black#80,,TRUE,https://lichess.org/training/5epTr
5i15v,3R4/2k2r2/2p1pBp1/P2pPn2/3Pq3/PQ6/5PP1/5K2 b - - 8 35,f7f6 b3b6,1098,83,71,128,endgame mate mateIn1 oneMove,https://lichess.org/Q4gKJg1H/black#70,,TRUE,https://lichess.org/training/5i15v
5kiKx,r1b4r/1pn2pk1/p3p1p1/4P1P1/1bpq4/4BQ1R/PP4PP/5RK1 b - - 1 21,d4d7 f3f6 g7g8 h3h8,1070,78,88,162,mate mateIn2 middlegame short,https://lichess.org/bQyZ7eCe/black#42,,TRUE,https://lichess.org/training/5kiKx
5mNno,2r3n1/ppq2Q2/3p2pk/4p3/3NPPb1/8/1PP3P1/2K4R b - - 2 26,g4h5 d4f5 g6f5 h1h5,1960,76,95,1660,deflection mate mateIn2 middlegame short,https://lichess.org/IfMOpWEF/black#52,,TRUE,https://lichess.org/training/5mNno
5rVnt,5rk1/2q2p2/5Qp1/p1pr2P1/1p2p2R/P2P3P/1P6/1R5K b - - 1 32,c7e5 h4h8,1320,75,100,313,endgame mate mateIn1 oneMove,https://lichess.org/g0nAwJMm/black#64,,TRUE,https://lichess.org/training/5rVnt
5sJ9r,6k1/p5pp/Pq1p4/Rp1Pp3/1P2Pp2/2r2P1P/4Q1P1/5K2 w - - 0 32,e2b5 c3c1 f1e2 b6e3,1306,75,91,728,endgame mate mateIn2 short,https://lichess.org/Yh8WKkEt#63,,TRUE,https://lichess.org/training/5sJ9r
5u5lc,1k4r1/pp2pR2/4Qb2/2p5/3pPK2/1P1P1N1P/P5q1/8 b - - 1 30,g8g3 f7f8 b8c7 f8c8,1675,75,99,1470,endgame mate mateIn2 short,https://lichess.org/hqFkGKkT/black#60,,TRUE,https://lichess.org/training/5u5lc
5vY1N,2r5/1pp2Rpk/p2p1N2/2bNp1p1/3nP3/P2P2qP/1PP1Q1P1/7K b - - 5 22,h7g6 e2h5,1086,79,96,113,mate mateIn1 middlegame oneMove,https://lichess.org/jzvIVmy1/black#44,,TRUE,https://lichess.org/training/5vY1N
5zLc1,r1b1k1r1/pp1p1p1p/4PQp1/1q6/8/8/PP3PPP/3RR1K1 b q - 0 17,f7e6 e1e6 d7e6 d1d8,1614,75,99,355,mate mateIn2 middlegame sacrifice short,https://lichess.org/mBollhBf/black#34,Sicilian_Defense Sicilian_Defense_Nyezhmetdinov-Rossolimo_Attack,TRUE,https://lichess.org/training/5zLc1
5zzCf,4rr1k/p5p1/7p/3Q4/3P2P1/P1NqP3/1P3P2/1R2K3 w - - 10 33,b1d1 e8e3 f2e3 f8f1,1600,171,100,10,endgame mate mateIn2 sacrifice short,https://lichess.org/FfvTAzAB#65,,TRUE,https://lichess.org/training/5zzCf
61m0m,5k2/p1q1r1p1/1p3pB1/8/3R4/2P2bP1/P1Q3P1/6K1 w - - 0 28,g2f3 c7g3 c2g2 e7e1,1360,74,100,753,endgame mate mateIn2 short,https://lichess.org/cslNy3ZV#55,,TRUE,https://lichess.org/training/61m0m
62CTd,r1r4k/p3np1B/1q2bQ2/3pR3/3p4/2P5/PP4PP/R5K1 b - - 1 23,h8h7 e5h5 h7g8 h5h8,1022,75,92,267,mate mateIn2 middlegame short,https://lichess.org/bZUmGXy4/black#46,,TRUE,https://lichess.org/training/62CTd
62FlI,r2q3r/p3R3/2p3kn/3p1p2/5PbQ/8/P5PP/RN4K1 b - - 0 18,h8e8 h4g5,1114,76,85,363,mate mateIn1 middlegame oneMove,https://lichess.org/4QoFHy4A/black#36,Sicilian_Defense Sicilian_Defense_Delayed_Alapin_Variation,TRUE,https://lichess.org/training/62FlI
64x8m,4r3/p5k1/5R1p/2p5/Q3r3/2P3Pq/PP5P/3R2K1 w - - 2 33,a4c6 e4e1 d1e1 e8e1 f6f1 e1f1,836,82,100,55,endgame long master mate mateIn3,https://lichess.org/riLo32Tt#65,,TRUE,https://lichess.org/training/64x8m
69YcO,4r3/5p1k/4pQ2/p6R/1pp1qP2/2P5/Pr4PK/8 b - - 1 34,h7g8 h5h8,721,80,100,180,endgame mate mateIn1 oneMove,https://lichess.org/V84X6ziW/black#68,,TRUE,https://lichess.org/training/69YcO
6A53u,1rr1k3/2q2p2/p2pB2Q/1p5p/4P2P/5P2/PP6/1K4R1 b - - 0 28,f7e6 h6e6 c7e7 g1g8,2110,76,96,616,endgame mate mateIn2 pin short,https://lichess.org/jrvFhi57/black#56,,TRUE,https://lichess.org/training/6A53u
6CLlc,5Q2/8/p2p2pk/4q3/5R2/7P/P5PK/1r6 b - - 6 37,h6g5 h3h4 g5h5 g2g4 h5h4 f8h6 e5h5 g4h5,1809,75,94,1378,discoveredAttack endgame mate mateIn4 veryLong,https://lichess.org/Se90kMN0/black#74,,FALSE,https://lichess.org/training/6CLlc
6FpTy,1R4k1/5pbp/p1p3p1/2Bp1bP1/2pPqP1Q/2P1r3/P3r2P/3R2K1 b - - 11 30,g7f8 b8f8 g8g7 h4h6,1120,76,86,165,kingsideAttack mate mateIn2 middlegame short,https://lichess.org/qlO7L4RT/black#60,,TRUE,https://lichess.org/training/6FpTy
6JQJ2,6k1/5R1p/5Qp1/8/4q3/7P/2r4K/5R2 w - - 3 43,h2g3 c2g2,1770,197,79,70,endgame mate mateIn1 oneMove,https://lichess.org/cZbscjJq#85,,TRUE,https://lichess.org/training/6JQJ2
6LMOZ,r1b1Qb1r/pp3k2/2p5/2n2p2/1P3Ppq/2N5/P1P2PP1/R3R1K1 b - - 2 19,f7g8 e8g6 f8g7 e1e8,1110,83,94,153,clearance kingsideAttack mate mateIn2 middlegame pin short,https://lichess.org/FMhGnXWi/black#38,,TRUE,https://lichess.org/training/6LMOZ
6PUjo,5r1r/p1k3p1/2pbQ1N1/8/8/5qP1/P4P2/1R2R1K1 w - - 1 32,g6f8 h8h1,952,76,95,346,mate mateIn1 middlegame oneMove,https://lichess.org/0nTX4ybm#63,,TRUE,https://lichess.org/training/6PUjo
6R7Yg,r6r/8/6p1/p2P3b/Pp2PQnk/7R/1qPK4/5R2 b - - 3 39,h4h3 f1h1 h3g2 f4f1 g2g3 h1h3,1754,75,99,229,long mate mateIn3 middlegame,https://lichess.org/Y3nk6aiM/black#78,,TRUE,https://lichess.org/training/6R7Yg
6SWmq,R4bk1/8/1p2r1p1/2p2qPp/R1Q2P2/5NK1/1P3PP1/7r w - - 0 44,c4c3 f5g4,1479,90,80,788,mate mateIn1 middlegame oneMove,https://lichess.org/0z5eUoSe#87,,FALSE,https://lichess.org/training/6SWmq
6U3x8,4r2k/p1q1r2p/1p5Q/2ppb3/4p3/2P4P/P1PB2R1/5RK1 b - - 5 33,e8g8 g2g8 h8g8 f1f8,1258,77,100,533,attraction kingsideAttack mate mateIn2 middlegame short,https://lichess.org/maNEmV0p/black#66,,TRUE,https://lichess.org/training/6U3x8
6Wmz1,6k1/1p1b3r/1Pp1p3/P2p2p1/1Q1Pp3/4q1b1/1BN1N3/4K1R1 w - - 0 35,g1g3 h7h1 g3g1 h1g1,1128,75,68,120,mate mateIn2 middlegame pin short,https://lichess.org/Ge6pFjJg#69,,TRUE,https://lichess.org/training/6Wmz1
6YPLN,6k1/2p2ppp/p3p3/4P3/2P3P1/1R3q1P/P1Q5/2Br2K1 w - - 1 24,g1h2 d1h1,1431,75,89,218,endgame mate mateIn1 oneMove,https://lichess.org/RmcjYolE#47,,TRUE,https://lichess.org/training/6YPLN
6cqO0,7k/6p1/2N2pq1/3Q4/P3r2p/7R/4r1PP/5RK1 w - - 5 32,c6e7 g6g2,928,76,88,232,master mate mateIn1 middlegame oneMove,https://lichess.org/clx37ObW#63,,FALSE,https://lichess.org/training/6cqO0
6dfzr,4R3/5kp1/p2q1p1p/5P2/3p4/6PP/PP2Q2K/2r5 b - - 0 33,d4d3 e2h5 g7g6 h5g6,1327,79,92,207,endgame mate mateIn2 short,https://lichess.org/oCMpfdgr/black#66,,TRUE,https://lichess.org/training/6dfzr
6djuk,2R5/pp2p2k/3pP1pp/4b3/4Pq2/4Rr1P/PP1Q1P2/6K1 w - - 4 29,d2e2 f4h2 g1f1 h2h1,1381,77,81,493,endgame kingsideAttack mate mateIn2 short,https://lichess.org/6T367kKC#57,,FALSE,https://lichess.org/training/6djuk
6eQrH,6k1/2r2r1p/qppQ1PpR/4P3/pB6/P7/5P2/6K1 b - - 0 43,a6e2 d6d8 f7f8 d8f8,1701,76,67,101,endgame mate mateIn2 short,https://lichess.org/EkJ1Lr59/black#86,,FALSE,https://lichess.org/training/6eQrH
6jAy7,3r2k1/2p2p1p/6b1/p5P1/P1B5/1P2Pq2/8/4QKR1 w - - 0 45,e1f2 d8d1,1151,75,86,624,endgame master masterVsMaster mate mateIn1 oneMove,https://lichess.org/0EKZVJCL#89,,TRUE,https://lichess.org/training/6jAy7
6mNp0,8/3B4/r7/3Q2N1/1k2P3/8/KPq4P/8 w - - 11 53,d7a4 a6a4,1199,77,91,89,endgame hangingPiece mate mateIn1 oneMove,https://lichess.org/e2qWvvvr#105,,TRUE,https://lichess.org/training/6mNp0
6oJKY,1r5r/1pRnkp2/pq2p2p/3pP1p1/1P6/P4Q2/5PP1/2R3K1 b - - 3 28,h8f8 f3f6 e7e8 c7c8 b8c8 c1c8 b6d8 c8d8,1425,76,88,474,mate mateIn4 middlegame pin veryLong,https://lichess.org/6aqP4C3f/black#56,,TRUE,https://lichess.org/training/6oJKY
6pQio,2k4r/2p2rb1/R2p4/1p1Pp1B1/1q3ppP/6P1/P1Q2PK1/4R3 b - - 0 29,f4g3 a6a8 c8b7 c2c6,1309,75,100,496,mate mateIn2 middlegame queensideAttack short,https://lichess.org/FgKZHJOU/black#58,,TRUE,https://lichess.org/training/6pQio
6qyB9,8/1p6/p1bp2Q1/4p3/4k2P/2P5/rq4P1/3R3K b - - 0 31,e4e3 g6g3 c6f3 g3f3,2250,84,97,424,endgame mate mateIn2 short,https://lichess.org/pJJBmV3I/black#62,,TRUE,https://lichess.org/training/6qyB9
6rBrV,5k2/r1q4N/4b1p1/1pp2p2/2p5/1nQ1PB2/1P3PPP/3R2K1 b - - 0 26,c7h7 c3f6 e6f7 d1d8,1823,126,100,54,fork mate mateIn2 middlegame short,https://lichess.org/0rE54fVw/black#52,,TRUE,https://lichess.org/training/6rBrV
6rKng,6k1/7p/3p1p1P/3Pp1p1/1q2P1P1/rPR2P2/1Q2n3/2KR4 w - - 2 35,b2e2 b4c3 e2c2 a3a1,1438,75,98,1801,endgame hangingPiece mate mateIn2 queensideAttack short,https://lichess.org/KrY2eMh1#69,,TRUE,https://lichess.org/training/6rKng
6sV43,8/6pk/4Q2p/4N3/3P2P1/q6r/5PK1/5R2 w - - 4 42,e5d7 a3f3 g2g1 h3h1,1208,83,100,90,endgame mate mateIn2 short,https://lichess.org/Tilhc8y5#83,,TRUE,https://lichess.org/training/6sV43
6vkcS,8/p4rkp/2R1Q3/5P2/4p1p1/3bP3/Pq4P1/6K1 b - - 3 43,g4g3 e6h6 g7h8 c6c8 f7f8 c8f8,1367,77,76,154,endgame long mate mateIn3,https://lichess.org/jIi5fDNN/black#86,,TRUE,https://lichess.org/training/6vkcS
6wPQd,4r1k1/1p1r1p2/p3NRpQ/2pPn3/4q3/7P/PP4P1/5R1K b - - 3 30,f7e6 f6f8 e8f8 f1f8,1757,75,92,271,mate mateIn2 middlegame short,https://lichess.org/KYp1nqvF/black#60,,TRUE,https://lichess.org/training/6wPQd
6wUh1,4rk2/1pp3p1/1p6/5Q2/1P2p3/P4nKP/3R1P2/q7 b - - 3 35,f8e7 d2d7,1651,92,80,60,endgame mate mateIn1 oneMove,https://lichess.org/DV19cIel/black#70,,TRUE,https://lichess.org/training/6wUh1
70QGr,r1b5/pp2Rrkp/2p3pQ/2np1pP1/3q1P2/3B4/P1P4P/5R1K b - - 6 26,g7g8 e7e8 f7f8 e8f8,931,82,94,85,kingsideAttack mate mateIn2 middlegame short,https://lichess.org/ACdlFlU7/black#52,,TRUE,https://lichess.org/training/70QGr
72xcm,1Q6/1b1p1kpp/4p2r/p5rq/1p6/3B1P2/P1P1N1PP/4RRK1 w - - 16 30,h2h3 g5g2 g1g2 h5h3 g2g1 h3h1 g1f2 h1f3 f2g1 h6h1,2175,118,100,28,attraction kingsideAttack mate mateIn5 middlegame sacrifice veryLong,https://lichess.org/MSHsNrRc#59,,TRUE,https://lichess.org/training/72xcm
74F3a,2k5/p4Q2/3p4/2pKr3/1q4P1/4PB2/PP5r/1R3R2 w - - 0 30,d5d6 b4b8 f7c7 b8c7,1761,87,92,53,mate mateIn2 middlegame short,https://lichess.org/6N9AdSM8#59,,TRUE,https://lichess.org/training/74F3a
75HOp,8/1p6/p1p2k2/3p4/6QP/Pq2K3/1P2N1R1/5r2 w - - 9 41,e3d2 f1d1,1603,79,94,1202,endgame master mate mateIn1 oneMove,https://lichess.org/MPDay5EJ#81,,TRUE,https://lichess.org/training/75HOp
75gQs,3r1R1k/1pr4p/p3Q1p1/4p1P1/3qP3/3P4/PP6/1K3R2 b - - 15 31,d8f8 f1f8 h8g7 f8g8,1103,75,89,172,endgame mate mateIn2 short,https://lichess.org/Shu6Q2DK/black#62,,TRUE,https://lichess.org/training/75gQs
79WLo,r3q2r/5pk1/4p1pp/p2pP1N1/2p2Q2/1bP4R/1P3PPP/R5K1 b - - 3 22,h6g5 f4f6 g7g8 h3h8,1062,77,100,213,mate mateIn2 middlegame short,https://lichess.org/X9jqbAP6/black#44,,TRUE,https://lichess.org/training/79WLo
79qrZ,5Q2/7k/4r3/2Q3pp/4K3/1q6/8/8 w - - 5 65,e4f5 b3h3 f5g5 h3g4,1898,77,90,207,endgame mate mateIn2 short,https://lichess.org/7Vn1nIX3#129,,TRUE,https://lichess.org/training/79qrZ
7B8GI,4r1kb/5p1p/3Q1PpB/pp1p4/2pP4/2P2NPq/PP3R1P/4r1K1 w - - 3 27,f3e1 e8e1 f2f1 e1f1,761,79,100,111,kingsideAttack mate mateIn2 middlegame short,https://lichess.org/0ph8gExp#53,,TRUE,https://lichess.org/training/7B8GI
7C64u,3Q4/8/2N2pp1/6k1/8/5rn1/5K1p/8 w - - 0 73,f2g2 h2h1q,1457,143,67,20,advancedPawn endgame mate mateIn1 oneMove promotion,https://lichess.org/BrYZOb8F#145,,TRUE,https://lichess.org/training/7C64u
7D1Mh,5rk1/r4p1p/p4RRQ/8/7P/P7/7K/1q6 b - - 0 40,f7g6 f6f8,860,79,100,281,endgame mate mateIn1 oneMove,https://lichess.org/W4UGdpSU/black#80,,TRUE,https://lichess.org/training/7D1Mh
7JuMe,4r1k1/p4pp1/7p/3Q1P2/6P1/B5qP/PP1R4/6K1 w - - 1 34,g1f1 e8e1,1486,77,85,554,endgame mate mateIn1 oneMove,https://lichess.org/oX8a9SgF#67,,TRUE,https://lichess.org/training/7JuMe
7Kmvt,r7/p1p2k1R/2p2p2/1p4Q1/3qP3/7P/b5P1/7K b - - 1 25,f7e6 g5f5 e6d6 h7d7,1428,74,74,214,endgame mate mateIn2 short,https://lichess.org/A8JlSrqJ/black#50,,TRUE,https://lichess.org/training/7Kmvt
7M0Ul,2r1Q1k1/6p1/7p/3q3P/2r1RPP1/p7/KpQ5/8 b - - 0 42,c8e8 e4e8 g8f7 c2g6,1062,75,100,259,endgame mate mateIn2 short,https://lichess.org/kFl811xW/black#84,,TRUE,https://lichess.org/training/7M0Ul
7OIkD,k1R4r/p2r2pp/3Q1p2/5q2/8/8/PB3bPP/2R4K b - - 1 27,h8c8 c1c8 a8b7 c8b8,1359,76,86,753,mate mateIn2 middlegame short,https://lichess.org/0Q4JPsMB/black#54,,TRUE,https://lichess.org/training/7OIkD
7Oatt,r7/4kp1p/pBQ1p3/3p4/8/3N3q/PPP5/R4R1K w - - 2 27,h1g1 h3g3 g1h1 g3h4 h1g2 a8g8 g2f3 h4e4 f3f2 g8g2,2467,78,93,1080,exposedKing mate mateIn5 middlegame veryLong,https://lichess.org/6vR2eA2P#53,,TRUE,https://lichess.org/training/7Oatt
7RrDz,4Rbk1/ppp1N1p1/7p/2q5/4Q3/7P/6PK/5r2 b - - 17 44,g8f7 e4g6,1180,80,100,110,endgame mate mateIn1 oneMove,https://lichess.org/AWdlN1KP/black#88,,TRUE,https://lichess.org/training/7RrDz
7SF9s,r1b1rk2/2q2p2/p2p1Q2/2bpP2R/8/8/PPP3PP/R6K b - - 1 27,e8e5 h5h8,1149,77,64,124,mate mateIn1 middlegame oneMove,https://lichess.org/Don8yoQB/black#54,,TRUE,https://lichess.org/training/7SF9s
7W3tC,6k1/pp4pp/5r2/2p5/P1P5/3Pq1Bb/1PQR2PP/7K w - - 7 29,g2h3 f6f1 h1g2 f1g1,1260,79,85,91,endgame mate mateIn2 short,https://lichess.org/Eppp9wMi#57,,TRUE,https://lichess.org/training/7W3tC
7X3Yu,7k/6p1/2Q5/5rK1/1PP5/5pPq/8/3R1R2 w - - 3 33,g5g6 h3h7,1074,76,99,712,endgame mate mateIn1 oneMove,https://lichess.org/LJ55m4de#65,,TRUE,https://lichess.org/training/7X3Yu
7a8oI,2R2nk1/pp3p1p/5Bp1/6P1/4r2Q/5q1P/PP3P2/6K1 w - - 9 32,h4g3 e4e1 g1h2 e1h1,1252,78,94,373,endgame mate mateIn2 short,https://lichess.org/0GQlQUv8#63,,TRUE,https://lichess.org/training/7a8oI
7axEK,Rnkr3r/8/2Q2p2/2P1qp2/7p/1Pp2PP1/4P1K1/R7 b - - 1 37,e5c7 a8b8 c8b8 a1a8,1400,75,98,850,attraction mate mateIn2 middlegame pin queensideAttack sacrifice short,https://lichess.org/gdH1rK8Y/black#74,,TRUE,https://lichess.org/training/7axEK
7cM9F,1kr5/pp4p1/5p2/4p3/P5PQ/qr1P3P/2PRR3/1K6 w - - 0 33,c2b3 c8c1,1623,84,92,1628,endgame mate mateIn1 oneMove,https://lichess.org/OArpvLDf#65,,TRUE,https://lichess.org/training/7cM9F
7e91h,4kb1r/pr5p/2q1pQ2/8/2p5/1P6/P4PPP/R2R2K1 b k - 0 21,f8g7 d1d8,1326,99,64,41,mate mateIn1 middlegame oneMove,https://lichess.org/jWc6yvQ4/black#42,,TRUE,https://lichess.org/training/7e91h
7fRYI,8/1pR1k1p1/rn2p1p1/3p4/3P4/P6q/1B1NQ3/4K3 b - - 5 27,e7d6 e2e5,1308,76,86,322,mate mateIn1 middlegame oneMove,https://lichess.org/dUOjgX0X/black#54,,TRUE,https://lichess.org/training/7fRYI
7pSTp,6k1/6p1/p3r3/1p1p2Qp/2pP2P1/P1P2PqP/1P3R2/6K1 w - - 1 42,f2g2 e6e1,1024,75,89,303,endgame mate mateIn1 oneMove,https://lichess.org/opHik2Rd#83,,TRUE,https://lichess.org/training/7pSTp
7qTe4,6k1/ppp2r1p/1n1p1BpQ/3P4/2P3P1/1P5P/2q5/4R1K1 b - - 5 28,f7f6 e1e8 f6f8 e8f8,801,98,88,27,endgame mate mateIn2 short,https://lichess.org/6kFs9BPc/black#56,,TRUE,https://lichess.org/training/7qTe4
7sHdd,1QQ5/3bqpkp/8/4p3/4P3/1B1K1P2/Pr1r4/2R1R3 w - - 1 35,d3e3 e7g5 f3f4 g5f4,1131,80,100,56,mate mateIn2 middlegame short,https://lichess.org/k6hAWJpn#69,,TRUE,https://lichess.org/training/7sHdd
7sxmh,2r4k/p2p1ppp/1p6/3Bn3/4PQP1/5P1q/PPr2R1P/R5K1 w - - 3 24,f4e5 c2c1 a1c1 c8c1 f2f1 c1f1,1039,77,95,252,kingsideAttack long mate mateIn3 middlegame,https://lichess.org/wXZlzQdk#47,,TRUE,https://lichess.org/training/7sxmh
7v1xM,6k1/5pp1/2p5/1q2P3/4Q1R1/P6r/1PR2PK1/7r w - - 25 44,a3a4 b5f1,806,76,100,335,endgame mate mateIn1 oneMove,https://lichess.org/88sInibP#87,,TRUE,https://lichess.org/training/7v1xM
7wJFt,3k4/pp4b1/2p1Q3/3p4/2P2RP1/3RPK1q/P4P2/7r w - - 3 40,f3e2 h3f1 e2f3 h1h3,1412,75,100,548,endgame mate mateIn2 short,https://lichess.org/6g0N0tOI#79,,TRUE,https://lichess.org/training/7wJFt
7wvDl,6k1/5r1p/3p1PpQ/2pP4/8/1p6/2q3PP/4R1K1 b - - 3 30,f7f6 e1e8 f6f8 e8f8,682,82,100,176,endgame mate mateIn2 short,https://lichess.org/XqnSoKDl/black#60,,TRUE,https://lichess.org/training/7wvDl
7xGhp,r3rkq1/1pp2p2/p2b2B1/3Pp1Q1/7R/7P/PP3PP1/3R2K1 b - - 0 29,f7g6 g5f6 g8f7 h4h8,1154,82,88,49,mate mateIn2 middlegame short,https://lichess.org/gq3OK618/black#58,,TRUE,https://lichess.org/training/7xGhp
818q9,7k/pp2q2p/8/3p2R1/2pP3P/2P1P1Q1/PP6/2K2r2 w - - 5 32,c1c2 e7e4 c2d2 e4d3,1148,75,92,435,endgame mate mateIn2 short,https://lichess.org/5vhJ58nD#63,,TRUE,https://lichess.org/training/818q9
83dKy,2b2r2/r4p1k/p3pQ2/2p5/q4PP1/1R6/2P2P1P/1R4K1 b - - 0 25,a4d4 b3h3 h7g8 h3h8,1674,74,98,1596,mate mateIn2 middlegame short,https://lichess.org/G2ElVVNp/black#50,,TRUE,https://lichess.org/training/83dKy
87mF1,2q2rk1/5p2/p3pQp1/4P3/8/7R/2P2PP1/6K1 b - - 10 41,c8d8 h3h8,1225,150,62,7,endgame master mate mateIn1 oneMove,https://lichess.org/lYFsho7h/black#82,,TRUE,https://lichess.org/training/87mF1
89QiC,k7/1b2q3/p7/1p1p4/3P1Bp1/1B2P1Pr/PPRQ1P1p/7K w - - 3 32,a2a4 e7e4 f2f3 e4f3 d2g2 f3d1 g2f1 d1f1,1522,75,97,2356,exposedKing kingsideAttack mate mateIn4 middlegame veryLong,https://lichess.org/k9TtezZR#63,,FALSE,https://lichess.org/training/89QiC
89g8M,6k1/p4pp1/B6p/2p1R3/q2P1P2/2p3PP/1rK5/3Q2R1 w - - 2 30,c2c3 a4b4 c3d3 b4d4,1875,77,84,92,endgame master mate mateIn2 short,https://lichess.org/Ef7c1uGa#59,,TRUE,https://lichess.org/training/89g8M
89zog,5q2/2p3kp/4r3/3Q2p1/3P4/2PN2PP/PP2R1K1/5r2 w - - 1 34,d5e6 f8f3 g2h2 f1h1,1276,75,91,784,endgame fork mate mateIn2 short,https://lichess.org/uB736nfU#67,,TRUE,https://lichess.org/training/89zog
8DOaf,2r4k/1b5r/p6Q/1p1p1R2/3b4/6RK/PP2q2P/8 b - - 4 38,c8g8 g3g8 h8g8 f5f8,1621,75,100,281,attraction mate mateIn2 middlegame short,https://lichess.org/YfErPJYu/black#76,,TRUE,https://lichess.org/training/8DOaf
8EcfO,r4rk1/4R2p/p5pQ/5p2/8/2P2P2/q5PP/4R2K b - - 1 25,f8f7 e7e8 a8e8 e1e8 f7f8 e8f8,964,110,0,58,endgame long mate mateIn3,https://lichess.org/jkIgz24a/black#50,,TRUE,https://lichess.org/training/8EcfO
8GpwE,5kr1/1p1p1pN1/p3p3/4P1Q1/3P4/5q1K/PP3P2/R4R2 w - - 1 26,g5g3 g8h8 g7h5 h8h5,1457,79,93,58,endgame mate mateIn2 short,https://lichess.org/6Vdigbgf#51,,TRUE,https://lichess.org/training/8GpwE
8HtnR,r6k/6pp/8/1Q6/1B6/1P1P1q1P/1PP2P2/6K1 w - - 2 29,b4c5 a8a1 g1h2 a1h1,1602,74,98,1949,endgame mate mateIn2 short,https://lichess.org/EUCXyT3Y#57,,TRUE,https://lichess.org/training/8HtnR
8J2hT,7k/1p5q/2n4R/3p4/p2p1Q2/P7/1PP2PPK/3br3 b - - 1 35,e1e7 f4f8,931,80,97,339,endgame mate mateIn1 oneMove pin,https://lichess.org/wLPsdey8/black#70,,FALSE,https://lichess.org/training/8J2hT
8LbLe,r1r2bQ1/p4k2/n1qp1N1p/Pp1p1p2/8/2P5/1P3PPP/R3R1K1 b - - 1 23,f7f6 e1e6,1453,78,82,136,master mate mateIn1 middlegame oneMove,https://lichess.org/WPaxAFZW/black#46,,TRUE,https://lichess.org/training/8LbLe
8PlkB,6k1/pb1n4/1p4Q1/8/4pq2/1P3n2/1PP5/1K5R b - - 1 30,g8f8 h1h8 f8e7 h8e8,1872,75,99,1720,endgame mate mateIn2 short,https://lichess.org/Q8hbYClD/black#60,,TRUE,https://lichess.org/training/8PlkB
8TVMr,6k1/3r1p2/4p1pQ/3qP3/p1rP2R1/P5P1/8/5RK1 b - - 1 32,c4d4 g4g6 f7g6 f1f8,1723,229,100,35,endgame mate mateIn2 sacrifice short,https://lichess.org/NnSfdTxG/black#64,,TRUE,https://lichess.org/training/8TVMr
8akhH,5k2/ppp2rB1/n2p2Q1/8/3P4/6KP/Pq6/4R3 b - - 0 33,f7g7 e1e8,894,81,98,356,endgame mate mateIn1 oneMove,https://lichess.org/ZAJUqthO/black#66,,TRUE,https://lichess.org/training/8akhH
8cNSu,5r2/p7/5p2/1q6/3pp2P/1P4R1/P3k1P1/2Q3K1 b - - 9 49,d4d3 g3e3,1688,75,98,533,endgame mate mateIn1 oneMove,https://lichess.org/x3b2BolW/black#98,,TRUE,https://lichess.org/training/8cNSu
8eyK1,4rrk1/2q2p2/p2b1Qp1/1p1P4/2p4R/2N3P1/1P1n1PBP/1R4K1 b - - 4 28,d6e5 h4h8,1213,77,94,1967,mate mateIn1 middlegame oneMove,https://lichess.org/AuMwoKvb/black#56,,TRUE,https://lichess.org/training/8eyK1
8fWK4,1r3k1r/8/1q3PQp/n7/p2p3P/bP1P4/B1P2P2/1K2R3 b - - 0 29,b8b7 e1e8,1205,79,77,64,mate mateIn1 middlegame oneMove,https://lichess.org/LT84ciVG/black#58,,TRUE,https://lichess.org/training/8fWK4
8gRlX,r5r1/pp3Qpk/1qn5/2bnPR2/8/8/PPPB2PP/R6K b - - 2 20,g8f8 f5h5,1371,76,100,515,mate mateIn1 middlegame oneMove,https://lichess.org/InUKfCiz/black#40,,TRUE,https://lichess.org/training/8gRlX
8jBWj,r7/1b2pkr1/p1p3p1/1p4q1/2pP4/7Q/P1P2K2/4R2R b - - 7 28,c6c5 h3e6 f7f8 h1h8 g7g8 h8g8,1308,77,75,180,long mate mateIn3 middlegame,https://lichess.org/oIettLDJ/black#56,,TRUE,https://lichess.org/training/8jBWj
8lsIg,5k2/p3p2p/3pQ1p1/3n4/3q2r1/1p4N1/P5PP/2R4K b - - 3 27,b3b2 c1c8 f8g7 g3f5 g6f5 c8g8,2261,81,91,98,endgame long mate mateIn3 sacrifice,https://lichess.org/GH3eFQdP/black#54,,TRUE,https://lichess.org/training/8lsIg
8nFoM,rr3nk1/7p/p2pb1pQ/6P1/3pPN2/3P4/q4R1P/5RK1 b - - 3 33,b8b2 f4h5 g6h5 f2f8 a8f8 f1f8,2488,90,90,398,discoveredAttack kingsideAttack long master mate mateIn3 middlegame,https://lichess.org/nhS4AsBi/black#66,,TRUE,https://lichess.org/training/8nFoM
8nKwt,2r3k1/1Q3pp1/4p3/7p/8/3P4/5R2/3BK1q1 w - - 4 33,f2f1 g1e3 d1e2 c8c1,1294,76,100,416,endgame mate mateIn2 pin short,https://lichess.org/vD8KyVuW#65,,TRUE,https://lichess.org/training/8nKwt
8nbal,7k/p7/2Q5/3N1rp1/7K/8/PPP3q1/R7 w - - 0 34,h4h5 g2h3 h5g6 h3h7,1880,93,63,60,endgame mate mateIn2 short,https://lichess.org/p0CbbzJD#67,,TRUE,https://lichess.org/training/8nbal
8oABa,5Rk1/3br2p/p2p2nQ/2q5/4P3/6PP/P1r3BK/5R2 b - - 1 31,g6f8 f1f8,826,88,100,65,mate mateIn1 middlegame oneMove,https://lichess.org/DULLs4cU/black#62,,TRUE,https://lichess.org/training/8oABa
8rXqX,2r3r1/1R1kpQ1p/p2b2p1/8/5q2/8/P5PP/3R3K b - - 0 26,d7c6 f7d5,1856,87,63,104,mate mateIn1 middlegame oneMove,https://lichess.org/uqHYf9Ty/black#52,,TRUE,https://lichess.org/training/8rXqX
8ujp5,r3r1k1/5ppp/2p5/4Q3/2PB1Pq1/1PN5/P4K2/5R2 w - - 2 31,e5g5 a8a2 c3a2 e8e2,1926,76,100,92,mate mateIn2 middlegame sacrifice short,https://lichess.org/WnljLSpl#61,,TRUE,https://lichess.org/training/8ujp5
8v8Fk,3B2k1/p1P2pp1/4p2p/3rPq2/2Q5/4KN2/8/6n1 w - - 0 41,c7c8q f5f3,1305,75,100,1521,mate mateIn1 middlegame oneMove,https://lichess.org/k01PqJ3o#81,,TRUE,https://lichess.org/training/8v8Fk
8ya1E,7r/p1q2rkp/bp4pQ/3p1p2/3P1P1R/2P5/PP5P/4R1K1 b - - 9 30,g7g8 e1e8 f7f8 e8f8,969,76,100,289,kingsideAttack mate mateIn2 middlegame short,https://lichess.org/FtgXtEw2/black#60,,TRUE,https://lichess.org/training/8ya1E
90K4e,8/6Bk/p3p2p/1p1pP1PQ/1P3P2/P2qn3/4RKr1/4R3 w - - 5 40,f2f3 d3e4,1649,123,19,53,mate mateIn1 middlegame oneMove,https://lichess.org/EYzUH2qn#79,,TRUE,https://lichess.org/training/90K4e
90e8V,7r/p1r1kp2/1p2p3/2b1P1q1/2P5/5Q2/P4PPP/3RR1K1 b - - 8 25,g5h5 f3f6 e7f8 d1d8,1372,75,97,1166,mate mateIn2 middlegame short,https://lichess.org/wrjILYCT/black#50,,TRUE,https://lichess.org/training/90e8V
91qlD,8/ppp2pk1/3P1q2/8/2P5/4P2r/P4Pr1/RQR3K1 w - - 0 28,g1g2 f6f3 g2f1 h3h1,1330,75,85,137,endgame mate mateIn2 short,https://lichess.org/PoXDswp5#55,,TRUE,https://lichess.org/training/91qlD
938GT,r2r2k1/5pR1/2p4R/2Pq4/1p6/pP3Q2/P7/1K6 b - - 0 34,g8g7 f3f6 g7g8 h6h8,1227,118,41,53,endgame master mate mateIn2 short,https://lichess.org/B3GDq2ZS/black#68,,TRUE,https://lichess.org/training/938GT
94AzW,3r4/4kp2/2pq2pp/1Q6/6PP/1P2B3/P1P2P2/2K5 w - - 0 30,b5b6 d6a3 c1b1 d8d1 e3c1 d1c1,1759,76,94,208,endgame long mate mateIn3,https://lichess.org/Hnq1PXBe#59,,TRUE,https://lichess.org/training/94AzW
96rln,4rrk1/ppnq1p1p/3p2PQ/2pP4/8/2PP2P1/PP3RB1/5RK1 b - - 0 22,f7g6 f2f8 e8f8 f1f8,1048,118,85,82,kingsideAttack mate mateIn2 middlegame short,https://lichess.org/AHAI0LGi/black#44,,TRUE,https://lichess.org/training/96rln
97iIT,r5k1/1p3pp1/3p2bp/rB2p3/P3P1P1/2qP1N1P/2P1QP2/1K1R3R w - - 1 25,e2d2 a5b5 a4b5 a8a1,1416,76,93,1313,clearance mate mateIn2 middlegame queensideAttack sacrifice short,https://lichess.org/9xiqAJQI#49,,TRUE,https://lichess.org/training/97iIT
9C6Yx,5r1k/p7/1p5p/1PpR1K2/4Q1Pq/1B6/P7/8 w - - 5 37,f5g6 f8f6,1921,78,83,276,endgame mate mateIn1 oneMove,https://lichess.org/FIeWUfIB#73,,TRUE,https://lichess.org/training/9C6Yx
9Cx6H,4k3/1p2p2p/1q1p1p2/5P2/1P2P2P/PQ6/5Pr1/1KR5 b - - 4 32,b6f2 c1c8 e8d7 b3e6,1335,75,98,2501,endgame master mate mateIn2 short,https://lichess.org/viaXyGmg/black#64,,TRUE,https://lichess.org/training/9Cx6H
9D2x7,2r3k1/p4ppp/4p3/3pP1PP/1p1N1Q2/qPrb4/P1PR1P2/1K5R w - - 1 24,c2d3 c3c1 h1c1 c8c1,962,75,100,156,mate mateIn2 middlegame queensideAttack short,https://lichess.org/ert9f77v#47,,TRUE,https://lichess.org/training/9D2x7
9D9eL,6k1/2rr3p/6p1/1p2b3/1P2P3/p1P2R2/1q1B1QP1/3K3R b - - 5 39,e5c3 f3f8 g8g7 h1h7 g7h7 f2h4 h7g7 h4h6,1696,74,91,162,attraction mate mateIn4 middlegame sacrifice veryLong,https://lichess.org/JljHjoRo/black#78,,TRUE,https://lichess.org/training/9D9eL
9DtsV,1n4k1/3bbppp/4pn2/3p2B1/3P2PP/2q1PPN1/6Q1/rBKR3R w - - 0 22,g2c2 e7a3,1337,75,100,3143,master mate mateIn1 middlegame oneMove,https://lichess.org/GOChSovW#43,,FALSE,https://lichess.org/training/9DtsV
9HIhc,r1b1r1k1/p3qp1N/2p1pQp1/8/2B5/4P1P1/P4PPK/7R b - - 0 23,g8h7 h2g1 h7g8 h1h8,1374,75,100,151,discoveredAttack mate mateIn2 middlegame short,https://lichess.org/Cp0yMIlS/black#46,,TRUE,https://lichess.org/training/9HIhc
9Kyq9,1Q6/p1pk1p1p/5Pp1/4r3/8/P2P2Pq/1P3R1P/6K1 w - - 4 33,b8a7 e5e1 f2f1 e1f1,558,85,100,170,endgame mate mateIn2 short,https://lichess.org/wzXaBO9p#65,,TRUE,https://lichess.org/training/9Kyq9
9LJ8N,r5r1/1pq2pk1/2pb1p1B/p4Q2/2R5/P7/1P3PPP/5RK1 b - - 0 23,g7h6 f5f6 g8g6 c4h4,2171,91,73,61,mate mateIn2 middlegame short,https://lichess.org/UB4noiy0/black#46,,TRUE,https://lichess.org/training/9LJ8N
9OAZI,1R1k1r2/p1r1b3/2n1Qn1p/3p1pp1/3P4/2PB3P/q4PP1/1R4K1 b - - 1 23,c6b8 b1b8 c7c8 b8c8,891,78,100,94,mate mateIn2 middlegame short,https://lichess.org/IEoPp7qG/black#46,,TRUE,https://lichess.org/training/9OAZI
9R8gl,8/5pn1/4b2k/8/7Q/1q5P/6P1/5RK1 b - - 5 37,h6g6 f1f6,1612,75,95,1384,endgame mate mateIn1 oneMove,https://lichess.org/niJaw3dD/black#74,,TRUE,https://lichess.org/training/9R8gl
9RTwV,r4r2/p1p2k1q/2p5/3pQ3/4bP2/6R1/P1P3PP/5R1K b - - 7 31,h7f5 g3g7,1596,81,94,913,mate mateIn1 middlegame oneMove,https://lichess.org/4EnKuRrN/black#62,,TRUE,https://lichess.org/training/9RTwV
9S1V5,1k2r3/7p/ppQ2p2/2p2Kp1/6P1/1PBq4/P2P1P2/2R5 w - - 0 35,f5f6 d3g6,1425,79,90,603,endgame mate mateIn1 oneMove,https://lichess.org/c2BSPaMO#69,,TRUE,https://lichess.org/training/9S1V5
9UUis,3r3k/1pq2p1b/1np1p1NQ/p3P3/2Pn4/5R2/6PP/5RK1 b - - 0 27,f7g6 f3f8 d8f8 f1f8,1474,75,91,155,mate mateIn2 middlegame short,https://lichess.org/GR9g4b2T/black#54,,TRUE,https://lichess.org/training/9UUis
9V9n8,rn3k2/5pr1/1pp5/4p2p/4P3/2P2Q1P/Pq4BK/3R1R2 b - - 3 24,a8a2 d1d8 f8e7 f3f6,1335,76,99,2372,fork mate mateIn2 middlegame short,https://lichess.org/glEWQTt4/black#48,,TRUE,https://lichess.org/training/9V9n8
9W3Qn,5r2/2p2rk1/Q2p2p1/P3p2p/4P3/3P1B1q/4R2N/5N1K w - - 0 33,f3g2 f7f1 g2f1 f8f1,1500,500,100,0,mate mateIn2 middlegame pin short,https://lichess.org/Vb0aXZGH#65,,TRUE,https://lichess.org/training/9W3Qn
9Xa1Q,r6r/1P1Q4/4p1k1/p1P3p1/3p1p2/5q2/1P1B1P2/R3R1K1 w - - 2 41,b7a8q h8h1,1706,79,90,371,mate mateIn1 middlegame oneMove,https://lichess.org/lf1eYJVl#81,,TRUE,https://lichess.org/training/9Xa1Q
9XiEF,2r1R1k1/5r1p/6pQ/1p1p4/3P4/p1P5/qP5P/4R1K1 b - - 3 28,c8e8 e1e8 f7f8 e8f8,754,78,77,82,endgame mate mateIn2 short,https://lichess.org/emLbj2zs/black#56,,TRUE,https://lichess.org/training/9XiEF
9Zn2Y,8/pp1k1R2/2p5/Q6p/6pP/4q3/PP1r2P1/7K b - - 7 36,d7e6 a5f5 e6d6 f7d7,1571,74,98,572,endgame mate mateIn2 short,https://lichess.org/ygJ5Ogid/black#72,,TRUE,https://lichess.org/training/9Zn2Y
9a4yU,4r3/Rk1r1ppp/1Bp2n2/1b2p2q/8/1PQ1P1P1/5P1P/2R3K1 b - - 2 26,b7b6 c3c5,1061,76,100,374,mate mateIn1 middlegame oneMove,https://lichess.org/nNZAUs0d/black#52,,TRUE,https://lichess.org/training/9a4yU
9cDUX,4brk1/5p1p/1b2pRBQ/3pq3/p7/P1P3P1/1P5P/5R1K b - - 0 26,h7g6 f6g6 f7g6 f1f8,1658,75,98,1311,discoveredAttack mate mateIn2 middlegame short,https://lichess.org/hgkWVNoR/black#52,,TRUE,https://lichess.org/training/9cDUX
9cN1T,4Q3/2q1Rp1k/p5pp/8/2r5/2N4n/1P4P1/3R2K1 w - - 2 32,g1f1 c7f4 f1e2 f4f2 e2d3 c4d4,1690,79,88,49,long mate mateIn3 middlegame,https://lichess.org/DCDQYySU#63,,TRUE,https://lichess.org/training/9cN1T
9dl8D,3r1rkq/pp2R2p/2p1R1pQ/5p2/8/7P/PPn2PP1/6K1 b - - 11 30,f8f7 e7e8 d8e8 e6e8 f7f8 e8f8,1198,87,47,67,kingsideAttack long mate mateIn3 middlegame,https://lichess.org/k2A4RvEY/black#60,,TRUE,https://lichess.org/training/9dl8D
9exMt,r3rkBQ/pp3q2/2pp1p2/8/2P2p2/3P4/PPK5/7R b - - 0 30,f7g8 h8f6 g8f7 h1h8,1347,92,33,34,endgame master mate mateIn2 short,https://lichess.org/HAxZZ01u/black#60,,TRUE,https://lichess.org/training/9exMt
9gqZA,1r3b1r/Qpk2pp1/p7/Pp1RP3/2n1qP1p/2P1N2P/5BP1/4K2R b K - 2 27,c4e3 a7b6 c7c8 d5d8,1670,75,98,2600,mate mateIn2 middlegame short,https://lichess.org/SOmwvt3n/black#54,,TRUE,https://lichess.org/training/9gqZA
9iRQh,6rr/R1pk4/1p1p4/1Q1Pp3/2P1b3/2P1qBPp/7P/5R1K b - - 7 31,d7c8 a7a8 c8b7 b5c6,1441,75,87,176,mate mateIn2 middlegame queensideAttack short,https://lichess.org/LHtTmufF/black#62,,TRUE,https://lichess.org/training/9iRQh
9kPYV,r1bR4/pp2kp1r/4p2N/1P2P3/2p2P1Q/2q5/P6P/5K2 b - - 5 27,f7f6 h4f6,1342,76,97,500,mate mateIn1 middlegame oneMove,https://lichess.org/nkY9LOmB/black#54,,TRUE,https://lichess.org/training/9kPYV
9lt80,2r3k1/3p1ppp/4pP2/4P1Q1/1p2q1PP/8/1B6/2KR2R1 w - - 5 33,c1d2 c8c2,1426,76,100,317,endgame mate mateIn1 oneMove,https://lichess.org/kHcBxZRa#65,,TRUE,https://lichess.org/training/9lt80
9mKSa,2rqbRk1/1p2b2p/p1n1p1pQ/4P1p1/3PN1P1/P2B3P/1P6/5RK1 b - - 0 23,e7f8 f1f8,1541,80,91,637,kingsideAttack mate mateIn1 middlegame oneMove,https://lichess.org/yt4nS2SI/black#46,,TRUE,https://lichess.org/training/9mKSa
9mPDp,8/5Q2/4p2p/3q2p1/1P5k/5RPP/r7/7K b - - 0 41,h4h3 f7h5,829,172,100,9,endgame mate mateIn1 oneMove,https://lichess.org/0DyiE07f/black#82,,TRUE,https://lichess.org/training/9mPDp
9oupV,5k1r/4np1p/ppBq2p1/2pP1b2/P1K5/1N3P2/1P1Q4/4R3 b - - 0 24,e7c6 d2h6 f8g8 e1e8 d6f8 e8f8,1132,78,100,461,long mate mateIn3 middlegame,https://lichess.org/5MmLUbhc/black#48,,TRUE,https://lichess.org/training/9oupV
9raeN,5k2/pp3p1p/2rN2p1/6B1/2P5/2K3R1/PP2qN1P/6R1 w - - 1 29,d6e4 c6c4 c3b3 e2c2 b3a3 c4a4,1628,75,92,275,long mate mateIn3 middlegame,https://lichess.org/cLSGGje0#57,,TRUE,https://lichess.org/training/9raeN
9yEew,1Q6/p4pp1/4p3/5k2/3P4/6R1/r4qPK/8 b - - 3 40,a2b2 b8e5,1294,77,97,866,endgame mate mateIn1 oneMove,https://lichess.org/JzCeGe9D/black#80,,TRUE,https://lichess.org/training/9yEew
A0PkW,1k5r/bpp5/p2pQ1n1/6p1/3PPpN1/2P2Pq1/PP1B4/R5KR w - - 2 33,g1f1 g3f3 g4f2 h8h1,2060,77,95,341,fork mate mateIn2 middlegame pin short,https://lichess.org/4HyKFOaf#65,,TRUE,https://lichess.org/training/A0PkW
A0Trg,4Q3/8/p2k1r2/b2p4/3P1q2/8/KP5P/2R5 b - - 10 36,f4d4 c1c6,1588,77,80,315,endgame mate mateIn1 oneMove,https://lichess.org/VxMyO0yR/black#72,,TRUE,https://lichess.org/training/A0Trg
A16qm,3r4/ppp3kp/2n2p2/4pQ2/4P2P/2P4P/PP2q3/6RK b - - 1 27,g7f8 f5f6 f8e8 f6e6 c6e7 g1g8,1937,95,92,43,endgame exposedKing long mate mateIn3 pin,https://lichess.org/vEH100VG/black#54,,TRUE,https://lichess.org/training/A16qm
A2Rd5,r3q1k1/pp3p2/3n1Qp1/2p5/4b2R/2P4P/P6K/8 b - - 1 34,d6f5 h4h8,673,78,88,84,endgame mate mateIn1 oneMove,https://lichess.org/BvNoVgF7/black#68,,TRUE,https://lichess.org/training/A2Rd5
A2UNN,6rk/8/p2p4/2pPbQ2/7q/6PP/P5B1/5RK1 b - - 0 30,h4g3 f5h5 h8g7 f1f7,1368,75,100,592,endgame mate mateIn2 short,https://lichess.org/anGvRjJB/black#60,,TRUE,https://lichess.org/training/A2UNN
A32kM,r4rk1/pb3p1p/5RBQ/3pq3/2p5/8/PPP3PP/5RK1 b - - 0 22,f7g6 f6f8 a8f8 f1f8,1077,76,73,61,mate mateIn2 middlegame short,https://lichess.org/5wcnnUdD/black#44,,TRUE,https://lichess.org/training/A32kM
A3xNP,5r1k/1p4p1/p1p4p/8/1P6/P2P2rq/2PQRP2/6K1 w - - 12 40,f2g3 f8f1,1480,78,88,908,endgame mate mateIn1 oneMove,https://lichess.org/tUumhq5I#79,,TRUE,https://lichess.org/training/A3xNP
A45ol,2k4r/Bp2nBr1/PPpp1n2/4p3/4P3/2PP1q2/2Q3R1/R5K1 w - - 0 26,g2g7 h8h1,1337,110,22,35,mate mateIn1 middlegame oneMove,https://lichess.org/CTXMJW8q#51,,TRUE,https://lichess.org/training/A45ol
A4dMG,r1b2qk1/8/ppn3Qp/3r4/P1pP3P/2P5/1P4P1/R3R1K1 b - - 5 31,f8g7 e1e8,1119,78,100,264,mate mateIn1 middlegame oneMove,https://lichess.org/ki5EzxCU/black#62,,TRUE,https://lichess.org/training/A4dMG
A4gBJ,1k6/4qp1p/1B6/p7/2n1B1P1/3bKQ1P/P1r2P2/R7 w - - 3 30,e3d3 c2d2 d3c4 e7b4,2190,76,83,153,mate mateIn2 middlegame sacrifice short,https://lichess.org/Co5w49K4#59,,TRUE,https://lichess.org/training/A4gBJ
A8HWp,R4bk1/5r2/1p2q1pQ/5p2/4p2P/3b2P1/P4PB1/6K1 b - - 0 31,f7h7 a8f8,864,79,100,111,master mate mateIn1 middlegame oneMove,https://lichess.org/ZGyDlS3L/black#62,,TRUE,https://lichess.org/training/A8HWp
A8W5i,5k1r/1p3ppp/p1rq1N2/8/7Q/8/PP3PPP/1K2R3 b - - 0 25,g7f6 h4h6 f8g8 e1e8 d6f8 e8f8,1057,76,100,208,endgame long mate mateIn3,https://lichess.org/UoepOnR8/black#50,,TRUE,https://lichess.org/training/A8W5i
ACaLN,3r1b2/1q4p1/4Rk2/p1p2P2/Q6p/1P3P1P/P1P5/2K5 b - - 2 26,f6f5 a4g4,1527,111,56,58,endgame mate mateIn1 oneMove,https://lichess.org/8oc7AkSc/black#52,,TRUE,https://lichess.org/training/ACaLN
ADVrB,4r1k1/8/1p1q2p1/2pP4/4r2p/7P/QR4P1/1R4K1 w - - 0 34,b2b6 e4e1 b1e1 e8e1 g1f2 d6g3,1414,75,99,1853,endgame long mate mateIn3,https://lichess.org/w6YwBg4Y#67,,TRUE,https://lichess.org/training/ADVrB
AEXLL,r5r1/p1p1Rpk1/1p4bp/6R1/5N1Q/1P5P/2q2PP1/6K1 b - - 9 25,h6g5 f4e6 g7f6 h4g5,1542,76,86,280,intermezzo mate mateIn2 middlegame pin short,https://lichess.org/G1cpz7co/black#50,,TRUE,https://lichess.org/training/AEXLL
AKJcG,3r3k/1p2Q1R1/5p1P/pb6/1K6/1N3q2/P7/R7 w - - 0 34,b4a5 d8a8 a5b5 f3c6 b5b4 a8a4,1757,75,100,205,long mate mateIn3 middlegame sacrifice,https://lichess.org/33DdSLHU#67,,TRUE,https://lichess.org/training/AKJcG
ALxPo,7k/5Q1p/4pp2/3p4/3P4/2Pq4/PP1N4/R1B1K1r1 w - - 1 26,e1f2 d3g3 f2e2 g1e1,1691,75,91,439,endgame mate mateIn2 short,https://lichess.org/sSGByj1s#51,,TRUE,https://lichess.org/training/ALxPo
APjD5,5r2/2p4k/1p1p2pp/pP3r2/P1P5/3Pb1Pq/4Q2P/1R3RK1 w - - 0 29,e2e3 f5f1 b1f1 f8f1,1030,76,100,79,endgame kingsideAttack mate mateIn2 short,https://lichess.org/82FlgPCF#57,,TRUE,https://lichess.org/training/APjD5
AUCX6,7r/1p4p1/3p2k1/p1pPp1pq/P3P3/3P1r2/1PQ3B1/3RRK2 w - - 0 37,g2f3 h5f3 c2f2 h8h1,1454,75,94,763,endgame mate mateIn2 short,https://lichess.org/uGvm7RUg#73,,TRUE,https://lichess.org/training/AUCX6
AVvvS,2b5/1k1nP1R1/8/3p1r2/2p5/2pq4/7Q/2BNK3 w - - 3 40,e7e8q f5f1,843,81,74,81,mate mateIn1 middlegame oneMove,https://lichess.org/h2BfPOW3#79,,TRUE,https://lichess.org/training/AVvvS
AXzST,r5R1/8/pp1Q1k2/3Pp2q/PP2P3/7P/2Pb4/6K1 b - - 0 39,f6f7 d6e6,1301,77,87,573,endgame mate mateIn1 oneMove,https://lichess.org/PyQ8sSle/black#78,,TRUE,https://lichess.org/training/AXzST
AZJhu,7R/5r1k/7p/p2pQp1q/4pP2/1P6/P4P2/6K1 b - - 6 36,h7g6 h8g8 f7g7 g8g7,1354,75,93,12652,endgame mate mateIn2 short,https://lichess.org/ujhvtmNX/black#72,,TRUE,https://lichess.org/training/AZJhu
AaURh,5k2/ppr1r1pQ/4pN1p/3pP3/8/2P5/qP4PP/5RK1 b - - 12 32,g7f6 h7h8 f8f7 f1f6,1950,90,85,65,endgame intermezzo mate mateIn2 pin short,https://lichess.org/cbcXRx0f/black#64,,TRUE,https://lichess.org/training/AaURh
AhAg9,1b6/5Rpk/p3qN1p/1p2p1p1/1Pr1P3/2P2Q2/P5KP/8 b - - 7 39,h7g6 f3h5,1196,75,98,409,endgame mate mateIn1 oneMove,https://lichess.org/CEKkllnC/black#78,,FALSE,https://lichess.org/training/AhAg9
Aisr2,3R1krr/5p2/pp2b2p/2q1Q3/P1p5/6P1/BPP2R1P/6K1 b - - 3 27,f8e7 e5f6,1538,82,76,220,mate mateIn1 middlegame oneMove,https://lichess.org/4nt37kzt/black#54,,TRUE,https://lichess.org/training/Aisr2
Aiusi,5r1k/pp4p1/7p/1N1Qp1q1/2P5/7r/P4P1P/R4R1K w - - 0 28,f1g1 h3h2 h1h2 g5h4 h2g2 f8f2,2029,74,94,1851,attraction long mate mateIn3 middlegame sacrifice,https://lichess.org/dGWVzSHh#55,,TRUE,https://lichess.org/training/Aiusi
Aj2Bw,Q1k1r3/1p1r1qp1/2p4p/2Rp4/3P2Pn/4Pp2/P2N1P2/2R2K2 b - - 1 27,c8c7 c5c6 b7c6 c1c6,1914,76,95,1117,mate mateIn2 middlegame sacrifice short,https://lichess.org/ONOgaz4M/black#54,,TRUE,https://lichess.org/training/Aj2Bw
Al1kl,6k1/6bp/2Pp2p1/1p1Np3/4Pr1q/3B1P1n/1P3PK1/R4Q2 w - - 11 29,f1h1 h4f2 g2h3 f4h4,1614,76,92,467,mate mateIn2 middlegame sacrifice short,https://lichess.org/NvWNmYWT#57,,TRUE,https://lichess.org/training/Al1kl
AoSTQ,1r4k1/5r1p/p5pQ/3R4/8/1p6/qPP3PP/2KR4 b - - 1 25,b3c2 d5d8 b8d8 d1d8 f7f8 d8f8,807,79,90,153,endgame long mate mateIn3,https://lichess.org/tFrdpXrZ/black#50,,TRUE,https://lichess.org/training/AoSTQ
AwsLP,5r2/1p1k3p/3b4/Q2p3b/1P1Pp3/2PqP2R/3N2P1/R3K3 w Q - 7 34,h3h5 d6g3 e1d1 f8f1,1248,143,33,19,mate mateIn2 middlegame pin short,https://lichess.org/XqsKwEk6#67,,TRUE,https://lichess.org/training/AwsLP
B0gJN,k7/p3Q1p1/3pN3/2p2p2/8/4P2P/Pr2K3/1q2R2R w - - 4 33,e2f3 b1e4 f3g3 b2g2,1665,182,82,7,endgame mate mateIn2 short,https://lichess.org/y1cO3aLo#65,,TRUE,https://lichess.org/training/B0gJN
B4FPY,5rk1/2p5/pp1p4/3P3B/P1P5/1P2r1qb/1Q3NP1/5RK1 w - - 0 39,f2h3 f8f1 g1f1 e3e1,1197,78,91,208,attraction mate mateIn2 middlegame short,https://lichess.org/x2frmpdA#77,,TRUE,https://lichess.org/training/B4FPY
B808J,2Q5/p1p2pk1/5qp1/4r3/6R1/7K/1P3P1P/8 w - - 2 37,c8c7 f6f3 g4g3 e5h5,1506,75,100,266,endgame mate mateIn2 short,https://lichess.org/SuLnB1AI#73,,TRUE,https://lichess.org/training/B808J
B8XjC,k6r/pp4p1/5n2/8/3P1Q2/PP3P1K/5qP1/R1R5 w - - 1 32,f4h4 h8h4,959,144,100,22,endgame mate mateIn1 oneMove,https://lichess.org/T7KAsF0P#63,,TRUE,https://lichess.org/training/B8XjC
B9ytC,3r2k1/Q4pp1/2B3p1/P3P3/3r4/6Pq/1P3P1P/2R3K1 w - - 1 29,c6g2 d4d1 c1d1 d8d1 g2f1 d1f1,1500,500,100,0,endgame long mate mateIn3,https://lichess.org/jfw2Fx6U#57,,TRUE,https://lichess.org/training/B9ytC
BBSsv,r5k1/3Q2p1/1p3p1p/1P1Pp3/1KP3P1/p6P/P1q5/1R1R4 w - - 2 38,d1c1 a8a4,1645,77,94,1320,endgame mate mateIn1 oneMove,https://lichess.org/nAgjiHoz#75,,TRUE,https://lichess.org/training/BBSsv
BCenu,r5r1/1p1Q1kpR/p2p1p2/2p1q3/2P1P3/7P/P1P3P1/5R1K b - - 7 27,e5e7 f1f6 f7f6 d7f5,1587,76,93,502,attraction endgame mate mateIn2 pin sacrifice short,https://lichess.org/ScAAoEJa/black#54,,FALSE,https://lichess.org/training/BCenu
BGFVU,4r2k/3R2pp/8/5p2/8/2P2PqP/r5P1/1R3QK1 w - - 8 33,b1b7 a2g2 f1g2 e8e1,1611,75,99,288,endgame mate mateIn2 sacrifice short,https://lichess.org/3CNkLarT#65,,TRUE,https://lichess.org/training/BGFVU
BHqMq,r7/pk4p1/2p1B3/1pR1pPB1/4P1Q1/3P4/PP3q1K/2R5 w - - 1 30,g4g2 a8h8 g5h4 h8h4,1341,76,100,209,mate mateIn2 middlegame pin short,https://lichess.org/tgrYM27b#59,,TRUE,https://lichess.org/training/BHqMq
BHwcg,3rR1k1/p5pr/6Qp/8/3q4/8/P1P2PPP/4R1K1 b - - 3 28,d8e8 e1e8,565,85,100,68,endgame mate mateIn1 oneMove,https://lichess.org/yt0Olgf3/black#56,,TRUE,https://lichess.org/training/BHwcg
BKY9c,r4k2/pp1n1p2/2p5/3p1N2/8/3qP1Q1/Pb3P2/4K1R1 b - - 5 39,d3f5 g3d6 f8e8 g1g8 d7f8 g8f8,1877,118,100,23,endgame long mate mateIn3,https://lichess.org/BGJ68TL6/black#78,,TRUE,https://lichess.org/training/BKY9c
BLrXa,8/5pk1/pR1p4/3Pp3/2Pp1q2/P2P1Pbr/1R2Q2p/7K w - - 0 40,e2g2 f4c1 g2f1 c1f1,842,133,100,28,endgame mate mateIn2 short,https://lichess.org/indwD0yc#79,,FALSE,https://lichess.org/training/BLrXa
BMHmg,2R1kr2/p2r4/5Q2/q2p2P1/8/6P1/P4P1K/4n3 b - - 2 33,d7d8 f6e6,1272,76,100,1005,endgame mate mateIn1 oneMove,https://lichess.org/CbxnAqBY/black#66,,FALSE,https://lichess.org/training/BMHmg
BT6EX,r5k1/r6p/1q1pQ3/3Pn3/1pP2R2/1P6/6PP/5R1K b - - 2 32,g8h8 f4f8 a8f8 f1f8 h8g7 f8g8,1497,77,94,571,long mate mateIn3 middlegame,https://lichess.org/6dwNUkTW/black#64,,TRUE,https://lichess.org/training/BT6EX
BTOK8,2r1rk1Q/p7/6p1/3q1b2/8/8/PP6/K6R b - - 2 32,d5g8 h8f6 g8f7 h1h8,1193,75,74,141,clearance endgame mate mateIn2 short,https://lichess.org/nXm0AVZG/black#64,,TRUE,https://lichess.org/training/BTOK8
BYXep,4k3/pp6/4Q3/5PR1/P3p3/2qr4/4K3/8 b - - 4 42,e8d8 g5g8 d8c7 g8c8,1462,213,100,18,endgame mate mateIn2 short,https://lichess.org/XJtdEdEO/black#84,,TRUE,https://lichess.org/training/BYXep
Bb2wC,1k6/1pp2p2/1p3Q2/4p2p/7P/PPq3P1/K1P1R3/3r4 w - - 1 36,f6e5 d1a1,1533,77,100,438,endgame mate mateIn1 oneMove,https://lichess.org/p0F1LICj#71,,TRUE,https://lichess.org/training/Bb2wC
BfQiD,4r1k1/pp3ppp/5n2/2p5/8/2N2Pq1/PPPQ2b1/R1B3K1 w - - 0 22,d2g2 e8e1,964,78,100,410,mate mateIn1 middlegame oneMove,https://lichess.org/auYQt8Yw#43,,TRUE,https://lichess.org/training/BfQiD
BfgMp,4kr2/4rq2/p3R3/1Q6/1pp5/1P4PK/P6P/8 b - - 8 42,e8d8 b5b8 d8d7 e6d6,1935,75,88,434,endgame mate mateIn2 short,https://lichess.org/ufyDK69y/black#84,,TRUE,https://lichess.org/training/BfgMp
BhKug,2r5/5kp1/p3p3/1p1pp1p1/1PpP4/P1P1PqP1/3B3K/R3Q3 w - - 4 27,h2g1 c8h8 e1f1 h8h1,1267,75,93,518,endgame mate mateIn2 quietMove short,https://lichess.org/CalEjQJS#53,,TRUE,https://lichess.org/training/BhKug
Bk3BQ,5rk1/pp1r1p2/2p2RpQ/2q4p/7P/1P1P4/2P3P1/5R1K b - - 5 28,c5c2 f6g6 f7g6 f1f8,1814,75,96,1008,discoveredAttack endgame mate mateIn2 short,https://lichess.org/3wsoAvAf/black#56,,TRUE,https://lichess.org/training/Bk3BQ
BnHfj,2r3rk/2qbb3/p2p3B/1p1Pp2Q/8/6P1/PPP4P/R4R1K b - - 4 24,d7g4 h6g7 h8g7 f1f7,1804,75,100,470,attraction doubleCheck kingsideAttack master mate mateIn2 middlegame sacrifice short,https://lichess.org/ehZ52cPZ/black#48,,TRUE,https://lichess.org/training/BnHfj
BnPBB,8/kp6/p7/7p/1R5P/q6r/3Q1P1K/5R2 w - - 1 40,h2g2 a3f3 g2g1 h3h1,1145,155,83,22,endgame mate mateIn2 short,https://lichess.org/IxqvEw8r#79,,TRUE,https://lichess.org/training/BnPBB
BneXP,r4r2/1p2Qpk1/6p1/3Pp1P1/p3P1b1/P3q3/1PPR4/2K4R b - - 0 24,e3e4 e7f6 g7g8 h1h8,1129,77,87,173,mate mateIn2 middlegame short,https://lichess.org/wLJvlHIW/black#48,,TRUE,https://lichess.org/training/BneXP
BpTtm,r4Rkq/pp5p/2b3pQ/2pp4/8/3P4/P1P3PP/5R1K b - - 0 25,a8f8 f1f8,486,88,100,113,endgame mate mateIn1 oneMove,https://lichess.org/GimlWMeN/black#50,,TRUE,https://lichess.org/training/BpTtm
BrmtZ,6k1/pp1N2pp/4p3/3p1r2/3P4/1P3qPK/P2Q1P1P/3R4 w - - 1 29,d1e1 f5h5,1290,102,100,60,endgame mate mateIn1 oneMove,https://lichess.org/25XAj4bE#57,,TRUE,https://lichess.org/training/BrmtZ
Bt3nx,7R/pp4r1/2pQ2kr/3p4/8/6P1/P1b2P1P/1qb3K1 b - - 3 37,g6f7 h8f8,1704,81,91,758,mate mateIn1 middlegame oneMove,https://lichess.org/i9fW7VY8/black#74,,TRUE,https://lichess.org/training/Bt3nx
C2wku,3r3k/1p5n/2q2pQR/4p2p/4r3/1P1P4/2PK4/8 b - - 1 34,d8d7 g6e8 h8g7 h6g6,1682,75,93,1432,endgame mate mateIn2 short,https://lichess.org/pyOMjhZd/black#68,,TRUE,https://lichess.org/training/C2wku
C311T,5rk1/p3p2p/1p4pQ/2p5/4n3/1P1P4/P1PK1P2/q5RR w - - 5 25,d3e4 f8f2 d2e3 a1d4,1465,75,98,3704,endgame mate mateIn2 short,https://lichess.org/UwWLFPW1#49,,TRUE,https://lichess.org/training/C311T
C4g01,r1b1Rbk1/p1qn1p1p/1pp2BpQ/3p4/3P4/2NB4/PPP2PPP/6K1 b - - 1 16,d7f6 e8f8,914,78,85,220,kingsideAttack mate mateIn1 middlegame oneMove,https://lichess.org/eUQzCCaz/black#32,French_Defense French_Defense_Knight_Variation,TRUE,https://lichess.org/training/C4g01
C5n8C,r3R1k1/2q3pr/5pQp/pp6/7N/7P/PP3PP1/4R1K1 b - - 9 45,a8e8 e1e8,483,107,94,123,endgame mate mateIn1 oneMove,https://lichess.org/jQYIF8oY/black#90,,TRUE,https://lichess.org/training/C5n8C
C9GtQ,2r4k/ppr3p1/4Q2p/4N3/8/q7/4RPPP/1K1R4 w - - 1 27,e6a2 c7c1 d1c1 c8c1,932,78,100,410,mate mateIn2 middlegame short,https://lichess.org/33m1KoOR#53,,TRUE,https://lichess.org/training/C9GtQ
CB0bn,4R3/2q2pk1/4p2p/3nP1pP/3NQ1P1/rp6/r4PK1/1R6 b - - 1 44,b3b2 d4e6 f7e6 e4g6,1577,124,57,39,mate mateIn2 middlegame sacrifice short,https://lichess.org/h4leca0X/black#88,,TRUE,https://lichess.org/training/CB0bn
CBKh3,8/8/2r3p1/7p/2q1kQ1P/6P1/2p2P1K/2R5 b - - 0 44,e4d3 f4e3,1470,75,97,1144,endgame mate mateIn1 oneMove,https://lichess.org/LGAjHr1J/black#88,,FALSE,https://lichess.org/training/CBKh3
CD36W,7k/p5pp/1p2B3/4R3/3P2Nq/PP4b1/1B2R3/5rK1 w - - 1 34,g1g2 h4h1 g2g3 f1f3,2002,82,83,63,mate mateIn2 middlegame sacrifice short,https://lichess.org/c4u1FUuA#67,,TRUE,https://lichess.org/training/CD36W
CDigE,1qkr1r2/8/2p1p3/2PpP1b1/Q2P2pp/R1P3P1/3N1P2/6K1 b - - 1 32,g5d2 a4c6 b8c7 a3a8,1425,75,100,418,endgame mate mateIn2 queensideAttack short,https://lichess.org/kjxwSUjC/black#64,,TRUE,https://lichess.org/training/CDigE
CGOtt,6k1/5ppp/4r3/1P6/P7/4PqP1/5P1K/RQ3R2 w - - 1 32,f1d1 e6h6 h2g1 h6h1,1296,75,100,674,endgame mate mateIn2 short,https://lichess.org/HgRYji0E#63,,TRUE,https://lichess.org/training/CGOtt
CH7pk,1rb3k1/2q1rR1p/4R1pQ/3pP3/1p1P4/2PB4/1P4PP/6K1 b - - 0 26,e7f7 e6e8 f7f8 e8f8,1315,80,100,173,mate mateIn2 middlegame short,https://lichess.org/U7fFVw6w/black#52,,TRUE,https://lichess.org/training/CH7pk
CLq48,r1bq1k1r/ppp3p1/5pQn/2bB4/8/P7/1B3PPP/RN2R1K1 b - - 0 15,d8d5 e1e8,850,108,69,25,mate mateIn1 oneMove opening,https://lichess.org/k4PnT6ao/black#30,Scotch_Game Scotch_Game_Scotch_Gambit,TRUE,https://lichess.org/training/CLq48
CUaMH,5rk1/p5pp/2P1p3/4Pr2/8/1P2Q1Pq/P3R2P/3R2K1 w - - 1 29,c6c7 f5f1 d1f1 f8f1,1226,115,65,15,endgame mate mateIn2 short,https://lichess.org/CdxK41pB#57,,TRUE,https://lichess.org/training/CUaMH
CXc9W,8/8/3p3q/p2PkR2/1p2P3/1P6/1PKQ4/7r b - - 2 42,e5e4 d2d3,1664,88,71,90,endgame mate mateIn1 oneMove,https://lichess.org/K2KPeW3R/black#84,,TRUE,https://lichess.org/training/CXc9W
CY1hm,8/p1Q5/2p2pk1/2b2r1q/6p1/3RP1P1/PPP1R2P/7K w - - 1 33,c7c6 f5f1 h1g2 h5h3,1103,78,100,74,endgame mate mateIn2 short,https://lichess.org/DwcSN9xa#65,,TRUE,https://lichess.org/training/CY1hm
CZ61y,r4rk1/p4p2/1p2p2p/3pQ1p1/8/3q1PK1/8/2R4R b - - 0 33,g8h7 h1h6 h7h6 e5f6 h6h7 c1h1 h7g8 h1h8,2253,76,88,234,attraction endgame mate mateIn4 sacrifice veryLong,https://lichess.org/yEwUNS0I/black#66,,TRUE,https://lichess.org/training/CZ61y
Cb3ks,r1q2b2/pb5p/1p4pk/n2N4/2BR4/2Q1P3/PP4PP/6K1 b - - 1 21,a5c4 d4h4 h6g5 c3f6,1812,77,94,445,mate mateIn2 middlegame short,https://lichess.org/YdCL8P3L/black#42,,TRUE,https://lichess.org/training/Cb3ks
CbIyV,r3qrk1/5p2/2bp1QP1/1p4n1/2P1Pp2/pPN2P2/P3B3/2K4R b - - 0 25,f7g6 h1h8,1446,76,96,3517,mate mateIn1 middlegame oneMove,https://lichess.org/bCELfdh7/black#50,,TRUE,https://lichess.org/training/CbIyV
CdEQk,1R6/5pk1/4p1p1/3pP1Pp/3P3P/2q5/5QK1/r7 b - - 3 47,a1a7 f2f6 g7h7 b8h8,1014,76,99,509,endgame mate mateIn2 short,https://lichess.org/rBXfw3VO/black#94,,TRUE,https://lichess.org/training/CdEQk
CdLIa,6k1/2p2p2/1p2p1p1/p2rP1QR/5P1K/3q2PP/8/8 b - - 1 34,g8f8 h5h8 f8g7 g5f6,833,79,93,81,endgame mate mateIn2 short,https://lichess.org/OMSEez81/black#68,,TRUE,https://lichess.org/training/CdLIa
ChPh2,2r1r3/p6k/1p5p/4q2n/4N3/P2Q1P2/1P6/1K5R b - - 4 35,c8d8 e4g5 h7g7 d3h7 g7f6 h7f7 f6g5 h1h5,2333,77,99,444,doubleCheck fork mate mateIn4 middlegame veryLong,https://lichess.org/1KwHBk8F/black#70,,TRUE,https://lichess.org/training/ChPh2
CjMRA,6k1/5p2/5Q1p/2p1P1p1/4q3/3p2P1/2r2P1P/1R4K1 b - - 1 34,e4g6 b1b8 g8h7 b8h8,1103,75,100,588,endgame mate mateIn2 short,https://lichess.org/lhzsSPqC/black#68,,TRUE,https://lichess.org/training/CjMRA
Clk3d,7r/5pk1/3P4/4b3/1PQ3p1/P3P1P1/B4P1K/2Rq4 w - - 3 38,h2g2 d1f3 g2f1 h8h1,1497,75,100,127,endgame mate mateIn2 short,https://lichess.org/0NsyociY#75,,TRUE,https://lichess.org/training/Clk3d
CoTkW,r4R1k/p6r/q2p3Q/p2N2p1/2P1P3/P6P/1P4P1/5RK1 b - - 2 33,a8f8 f1f8,689,103,84,328,endgame mate mateIn1 oneMove,https://lichess.org/jIiUggb7/black#66,,TRUE,https://lichess.org/training/CoTkW
CoerZ,3r3r/2R2p1p/p1Rkp1pQ/1q1p4/3P2P1/5P2/PP5P/1K6 b - - 3 25,b5c6 h6f4 e6e5 f4e5,1631,75,93,766,endgame mate mateIn2 short,https://lichess.org/kwcXMZ4v/black#50,,TRUE,https://lichess.org/training/CoerZ
Cq3r5,4r1k1/p4p2/4r1p1/1QP4p/P6P/5qB1/1R6/3R2K1 w - - 0 35,d1d3 e6e1 g3e1 e8e1 g1h2 e1h1,1641,75,100,579,exposedKing long mate mateIn3 middlegame sacrifice,https://lichess.org/MBRYxg42#69,,TRUE,https://lichess.org/training/Cq3r5
CrUl6,2k2r2/1p1r2p1/pQ1bR3/2p4p/2Pp4/5B2/PP3qPP/R6K b - - 1 25,f8f3 e6e8 d7d8 e8d8,859,77,100,301,mate mateIn2 middlegame queensideAttack short,https://lichess.org/rG9NsbeZ/black#50,,TRUE,https://lichess.org/training/CrUl6
CuCGI,5rk1/1Qp3pp/p5p1/8/3P4/PPN1Prbq/4RP1P/5RK1 w - - 0 27,h2g3 f3g3 f2g3 f8f1,1750,75,94,231,discoveredAttack kingsideAttack mate mateIn2 middlegame short,https://lichess.org/AasT6XQd#53,,TRUE,https://lichess.org/training/CuCGI
Cw83Q,R1k2r1r/2p3q1/1b2p3/1P1b1P1p/6p1/8/1PP1Q1PP/R6K b - - 1 28,d5a8 a1a8 c8b7 e2e4 c7c6 e4c6,1617,77,94,776,long mate mateIn3 middlegame queensideAttack,https://lichess.org/6NHLD8jH/black#56,,TRUE,https://lichess.org/training/Cw83Q
CzyzE,7k/pp5p/3p2p1/2PPp1bq/4Q3/P4rP1/4RP2/3R1K2 w - - 8 29,c5d6 h5h1,701,77,100,186,endgame mate mateIn1 oneMove,https://lichess.org/zej9t6be#57,,FALSE,https://lichess.org/training/CzyzE
D06Az,2kr3r/pppb1q2/2p5/6B1/1P2P1p1/P1QP2P1/2P2PK1/4R2R w - - 1 22,g5d8 f7f3 g2f1 h8h1,1465,88,88,62,deflection interference mate mateIn2 middlegame short,https://lichess.org/kmZV8ThC#43,,TRUE,https://lichess.org/training/D06Az
D2PC2,5r2/5p1k/4pQp1/pp2P3/8/P1rqnPP1/5R2/6KR b - - 3 37,h7g8 h1h8,729,83,93,113,master mate mateIn1 middlegame oneMove,https://lichess.org/s419h9Ph/black#74,,TRUE,https://lichess.org/training/D2PC2
D5Ebx,7B/1p5k/p3B1pp/P7/3Qpq2/7K/4RP2/7r w - - 11 41,h3g2 f4f3,992,77,100,288,endgame mate mateIn1 oneMove,https://lichess.org/XW5n73Kj#81,,TRUE,https://lichess.org/training/D5Ebx
D6sWh,1r4k1/p2q3p/2p1bRpQ/3p2P1/3Pp1P1/4P2K/P2rBR2/8 b - - 7 33,d2e2 f6f8 b8f8 f2f8,1046,76,88,150,kingsideAttack mate mateIn2 middlegame short,https://lichess.org/VgRFuqjH/black#66,,TRUE,https://lichess.org/training/D6sWh
D6sxe,1r4k1/p1p2pp1/4p2p/2Pp3Q/5P1n/r1P3Pq/1B2RR1P/6K1 w - - 0 26,h5h4 a3a1 b2a1 b8b1 e2e1 b1e1 f2f1 e1f1,1520,75,95,3632,fork mate mateIn4 middlegame sacrifice veryLong,https://lichess.org/63WFkqFI#51,,TRUE,https://lichess.org/training/D6sxe
D9tAg,8/pkp5/2p4P/1p5Q/5qNK/8/6R1/5r2 w - - 14 36,h6h7 f1h1 g2h2 h1h2,1241,103,69,20,endgame mate mateIn2 pin short,https://lichess.org/Qkoh7tk8#71,,TRUE,https://lichess.org/training/D9tAg
DCY9U,4r1k1/1q3pp1/p6p/8/Q4RnP/P1N5/1P3K2/R1B1r3 w - - 0 28,f4g4 e1f1 f2f1 b7f3 f1g1 e8e1 g1h2 e1h1,2271,85,89,80,attraction exposedKing mate mateIn4 middlegame sacrifice veryLong,https://lichess.org/Y5oDNlpg#55,,TRUE,https://lichess.org/training/DCY9U
DCf6R,R2r3r/R1p2qpp/1kp2p2/8/3P4/1PQ4P/1K3PP1/8 b - - 0 30,d8a8 c3c5,1077,76,100,197,endgame mate mateIn1 oneMove,https://lichess.org/wgS47xVj/black#60,,TRUE,https://lichess.org/training/DCf6R
DEftU,7k/ppp3pp/2n5/5r2/4Q3/2P3Pq/PP3R1P/R1Br2K1 w - - 1 21,f2f1 d1f1,415,93,72,148,kingsideAttack mate mateIn1 middlegame oneMove,https://lichess.org/VcpyrlWd#41,,TRUE,https://lichess.org/training/DEftU
DItna,5r1k/6p1/7p/R3P3/3PQ1P1/5r1q/5B2/5RK1 w - - 4 42,a5a2 f3g3 f2g3 f8f1,1971,84,82,54,discoveredAttack master mate mateIn2 middlegame short,https://lichess.org/8PqXyEe9#83,,TRUE,https://lichess.org/training/DItna
DK5xE,3r2k1/1p2R1p1/3r1nQp/1P1q4/8/P6P/1P2RPPK/8 b - - 13 36,f6h5 e7e8 d8e8 e2e8,1269,76,92,898,mate mateIn2 middlegame short,https://lichess.org/MCoXZG1F/black#72,,TRUE,https://lichess.org/training/DK5xE
DKySb,4r3/p4pkp/8/1pN5/3p1B2/3P1QPq/PPP4P/4rRK1 w - - 0 24,f1e1 e8e1 f3f1 e1f1,619,89,66,80,endgame mate mateIn2 short,https://lichess.org/nRKKvGAH#47,,TRUE,https://lichess.org/training/DKySb
DMi4G,5r2/pb2q1p1/1pp5/5Q2/1P1bB3/PR4k1/8/2R2K2 b - - 3 40,g3h4 b3h3,1088,77,100,63,mate mateIn1 middlegame oneMove,https://lichess.org/9nZZePRU/black#80,,TRUE,https://lichess.org/training/DMi4G
DOoJy,8/5ppk/p6p/2R2q2/1P2p2Q/4P1PP/5P2/3r1K2 w - - 1 35,f1e2 f5f3,1001,85,95,292,endgame mate mateIn1 oneMove,https://lichess.org/8j0cXf4l#69,,TRUE,https://lichess.org/training/DOoJy
DWFD0,6k1/1b2pr1p/6pQ/8/r1qp1PP1/8/PRP5/K6R b - - 0 27,b7h1 b2b8 c4c8 b8c8 f7f8 c8f8,842,78,100,323,endgame long mate mateIn3,https://lichess.org/ZOyuhoUj/black#54,,TRUE,https://lichess.org/training/DWFD0
DXFEP,r2q2r1/p3bk2/1p2p3/2p4Q/4p2P/3P4/PPP4P/R6K b - - 1 21,f7f6 a1f1 f6g7 f1f7,1728,75,98,932,endgame mate mateIn2 short,https://lichess.org/8A88FbS4/black#42,,TRUE,https://lichess.org/training/DXFEP
DXdsi,5r1k/p6p/1p5P/3QP1R1/8/2P4q/PP6/3R1rK1 w - - 5 42,d1f1 f8f1,1429,440,54,11,endgame mate mateIn1 oneMove,https://lichess.org/DtTAPb0N#83,,TRUE,https://lichess.org/training/DXdsi
DYj6B,8/4kpp1/p1p5/1pp1pP2/3q4/P2P1Ppr/1PP5/R3QR1K w - - 0 24,h1g2 h3h2 g2g3 d4f4,1067,130,33,16,endgame mate mateIn2 short,https://lichess.org/JTFcAo0L#47,,TRUE,https://lichess.org/training/DYj6B
DeOE2,5k2/pp1r1p1p/3q1pp1/8/8/2PpQ1P1/PP3P1P/4R1K1 b - - 0 32,d3d2 e3h6 f8g8 e1e8 d6f8 e8f8,1787,76,93,1605,endgame long mate mateIn3,https://lichess.org/GXGL8zk6/black#64,,TRUE,https://lichess.org/training/DeOE2
Dl0zj,r2q2nr/ppp1kRpp/2n5/2b1p2B/4P3/1QP5/PP1P2bP/RNB1K3 b Q - 3 11,e7d6 b3d5,1183,83,88,103,mate mateIn1 middlegame oneMove,https://lichess.org/CnlLHSx2/black#22,Kings_Gambit_Declined Kings_Gambit_Declined_Classical_Variation,TRUE,https://lichess.org/training/Dl0zj
DllwL,4R1k1/6p1/p4p1p/1p4n1/2rP1Nq1/6P1/PPQ2P1K/8 b - - 1 32,g8f7 c2g6,879,93,100,35,endgame mate mateIn1 oneMove,https://lichess.org/6maSZ01F/black#64,,TRUE,https://lichess.org/training/DllwL
Dnamu,2R3k1/r3b1pp/5p2/q2p1p2/Q2P4/P3PP2/6PP/6K1 b - - 1 27,g8f7 a4e8 f7e6 c8c6,1100,76,92,366,endgame mate mateIn2 pin short,https://lichess.org/K3pVBmXC/black#54,,TRUE,https://lichess.org/training/Dnamu
DoiOK,r2R1k2/1pp2p1r/p3bQ1p/8/1P5q/P5P1/2P2P2/3R2K1 b - - 1 26,a8d8 d1d8,1219,77,93,741,endgame mate mateIn1 oneMove,https://lichess.org/NQWPtb0Z/black#52,,TRUE,https://lichess.org/training/DoiOK
DqzVf,1kr5/p2R4/Qp5p/2p5/8/PKP3q1/8/8 b - - 2 36,c8c7 d7d8 c7c8 d8c8,1181,142,38,37,endgame mate mateIn2 short,https://lichess.org/lSSlwaYW/black#72,,TRUE,https://lichess.org/training/DqzVf
DrTvI,8/ppq1k2p/2p1r1p1/2P2n2/1P2r3/PQB4P/3R2P1/5RK1 w - - 7 31,f1d1 e4e1 d1e1 e6e1 g1f2 c7g3,1289,292,82,1,kingsideAttack long mate mateIn3 middlegame,https://lichess.org/7Qkk4T7B#61,,TRUE,https://lichess.org/training/DrTvI
DxRv9,5r1k/1R4b1/2p4p/8/3pN3/1Q1P2Pq/r6P/6K1 w - - 5 50,b3a2 f8f1,642,83,100,142,endgame master mate mateIn1 oneMove,https://lichess.org/OvuCRB1u#99,,TRUE,https://lichess.org/training/DxRv9
DzWg8,5r1k/p6p/3p4/PPp1p3/2P1Q2P/3P1rPq/5P2/1R3RK1 w - - 3 28,b1b2 f3g3 f2g3 f8f1,1668,75,89,156,discoveredAttack endgame kingsideAttack mate mateIn2 short,https://lichess.org/zvd1egcv#55,,TRUE,https://lichess.org/training/DzWg8
E1vSC,4r1k1/6pp/p2Q4/8/2Pp4/1P1P1bPq/P3rRNP/R5K1 w - - 0 30,g2f4 e2e1 a1e1 e8e1 f2f1 e1f1,1490,75,100,349,kingsideAttack long mate mateIn3 middlegame,https://lichess.org/qepzAImW#59,,TRUE,https://lichess.org/training/E1vSC
E20kY,2r3k1/p2b1pbp/3pp1p1/1p2n3/2PNP3/qB2P2P/P3QRP1/1KR5 w - - 0 24,c4b5 c8c1,883,79,90,127,mate mateIn1 middlegame oneMove queensideAttack,https://lichess.org/IS6CyZ0K#47,,TRUE,https://lichess.org/training/E20kY
E4But,2R2k1r/5Bp1/3p3p/2p1bP2/2P1P2q/8/1r4QP/5R1K b - - 5 35,f8f7 g2g6 f7e7 g6e6,1426,76,88,154,mate mateIn2 middlegame short,https://lichess.org/FVAMolIV/black#70,,TRUE,https://lichess.org/training/E4But
E5wW3,2r3k1/p1r5/7R/3p4/P3q1PQ/5R1K/2p4P/8 b - - 3 42,c2c1q h6h8 g8g7 h4f6,1927,74,95,424,mate mateIn2 middlegame short,https://lichess.org/SqiXhyPQ/black#84,,TRUE,https://lichess.org/training/E5wW3
E6Xjo,Q7/2p1q3/B1kp4/4b3/7r/P7/1rP3PP/3R3K b - - 5 40,c6c5 d1d5 c5b6 a8b7,1915,74,94,1263,mate mateIn2 middlegame short,https://lichess.org/TIcPiwCH/black#80,,TRUE,https://lichess.org/training/E6Xjo
E6YPK,b7/6P1/3Nq3/1P6/3B1P2/2P1K3/1kr5/5Q2 w - - 1 62,d6e4 e6e4,976,76,100,342,endgame mate mateIn1 oneMove,https://lichess.org/XaQDxroT#123,,TRUE,https://lichess.org/training/E6YPK
E8nDE,8/p4pk1/1p1Qp3/3p2r1/2PP4/2P2P2/P4qPK/3R2R1 w - - 1 27,d6f4 g5h5 f4h4 h5h4,1258,75,94,442,endgame mate mateIn2 short,https://lichess.org/RkV5rDrd#53,,TRUE,https://lichess.org/training/E8nDE
EBaty,5rk1/p4N2/4pQnp/4P3/8/6B1/q1r2P2/3RK3 b - - 0 31,f8f7 f6g6 g8f8 d1d8 f8e7 g3h4 f7f6 g6f6,2132,77,94,402,exposedKing hangingPiece mate mateIn4 middlegame veryLong,https://lichess.org/dqaDxsBK/black#62,,TRUE,https://lichess.org/training/EBaty
EF9t1,4r3/1p3kp1/P1q1p3/P3Qp2/2P2P2/5P1K/4r3/R3R3 w - - 0 38,e1e2 c6f3 h3h2 e8h8 h2g1 h8h1,1583,74,88,169,endgame exposedKing long mate mateIn3,https://lichess.org/uwROOUpc#75,,TRUE,https://lichess.org/training/EF9t1
EGztV,4r1k1/ppQ2pp1/8/5P1p/2PP1R2/3B1K2/P6P/6q1 w - - 3 33,c7d7 e8e3,1642,78,91,732,endgame mate mateIn1 oneMove,https://lichess.org/W3ART3Ld#65,,TRUE,https://lichess.org/training/EGztV
EILSw,2r2rk1/p4p1p/1p1pbQ2/q5P1/8/2PB4/2PK1P2/3R4 b - - 6 30,c8c5 d3h7 g8h7 d1h1 e6h3 h1h3 h7g8 h3h8,1761,75,98,1424,attraction mate mateIn4 middlegame sacrifice veryLong,https://lichess.org/7AANfwzi/black#60,,TRUE,https://lichess.org/training/EILSw
EOYIe,r3q1kR/4b3/1p6/4B1p1/3Pp3/2P1P3/1P4r1/3QK3 b - - 2 33,g8f7 d1b3 f7g6 b3e6 e7f6 e6f6,2407,80,93,1133,exposedKing long mate mateIn3 middlegame,https://lichess.org/ow6g6zHs/black#66,,TRUE,https://lichess.org/training/EOYIe
EQyFY,2Q5/r3krp1/p3p1Rp/1p1pq3/5p1P/P1P2R2/1P3PP1/6K1 b - - 3 40,e5c7 g6e6,1710,76,81,269,endgame mate mateIn1 oneMove,https://lichess.org/9wTbYyw1/black#80,,TRUE,https://lichess.org/training/EQyFY
ES0l5,5Q1R/2p1k3/1p4K1/3r4/8/6P1/8/3q4 b - - 0 47,e7e6 f8f6 e6d7 h8d8,2019,77,95,587,endgame mate mateIn2 short,https://lichess.org/I4EryYyg/black#94,,TRUE,https://lichess.org/training/ES0l5
ETxdR,6k1/p4p1p/2N1pQp1/1p5q/4PP2/P3RP2/1P6/3r1KR1 w - - 5 33,e3e1 h5f3,960,78,98,2086,endgame mate mateIn1 oneMove,https://lichess.org/O6UPH7UH#65,,FALSE,https://lichess.org/training/ETxdR
EU5dh,r6k/5p1p/4p3/8/2B1PQ2/1Pq5/K4PP1/3R3R w - - 1 32,a2b1 a8a1,1312,75,98,1073,endgame mate mateIn1 oneMove,https://lichess.org/6A0vo7LK#63,,TRUE,https://lichess.org/training/EU5dh
EYc26,4r2k/5p1P/2p3p1/3n1p2/qN1P3Q/2p5/P4P2/KR6 b - - 3 33,d5b4 h4f6 h8h7 b1h1 h7g8 h1h8,1272,288,68,28,endgame exposedKing long mate mateIn3,https://lichess.org/dtB5Bp7P/black#66,,TRUE,https://lichess.org/training/EYc26
EaPgD,5r1k/p1p2p2/1p5R/6n1/6q1/6P1/PP5P/5Q1K b - - 0 36,h8g7 f1f6 g7g8 h6h8,1077,94,100,29,endgame mate mateIn2 short,https://lichess.org/XvipM4BL/black#72,,TRUE,https://lichess.org/training/EaPgD
EajD6,7r/5pk1/p2R2pp/4p3/4P3/2N2Q2/P1qb1PPP/6K1 b - - 2 26,d2c3 f3f6 g7g8 d6d8 g8h7 d8h8,1021,76,100,63,endgame long mate mateIn3,https://lichess.org/zAMgZsKy/black#52,,TRUE,https://lichess.org/training/EajD6
EeNmt,r1b2r2/5p1k/3ppQ1R/4q3/1p2P3/1p1P4/PP4PP/3R3K b - - 0 29,h7g8 h6h8,1328,78,100,424,master mate mateIn1 middlegame oneMove,https://lichess.org/wF4gSiTz/black#58,,TRUE,https://lichess.org/training/EeNmt
Eehsm,8/p6k/7p/2p2rp1/3pQ2K/6P1/PPP1R2P/5q2 w - - 0 34,h4g4 h6h5 g4h5 f1h3 e4h4 g5h4,1470,75,98,4345,attraction discoveredAttack endgame long mate mateIn3,https://lichess.org/QgV02Qfi#67,,FALSE,https://lichess.org/training/Eehsm
EneO8,4Rr1k/2p2Q1p/p4K2/8/5q2/3P4/B7/8 w - - 9 36,f6e7 f4d6,1901,101,68,63,endgame mate mateIn1 oneMove,https://lichess.org/bYvSDotr#71,,FALSE,https://lichess.org/training/EneO8
EntF4,6k1/pp3pr1/5R1p/8/3Q4/P2P1R1K/1P4rP/4q3 b - - 3 35,e1h1 d4d8 g8h7 f6h6 h7h6 d8h4 h6g6 f3f6,2120,154,90,18,attraction endgame mate mateIn4 sacrifice veryLong,https://lichess.org/O30qokXC/black#70,,TRUE,https://lichess.org/training/EntF4
EpKdz,3r4/2p5/5p2/1Q1p1k2/P5p1/2P2q2/3B3b/5RK1 w - - 4 37,g1h2 d8h8 d2h6 h8h6 h2g1 h6h1,1448,75,100,263,endgame exposedKing long mate mateIn3,https://lichess.org/pKflnvxb#73,,TRUE,https://lichess.org/training/EpKdz
Esund,4b2R/pprq3k/7r/7Q/P2p2P1/2P3P1/1P4P1/5RK1 b - - 5 35,h7h8 h5h6 d7h7 f1f8,1518,75,89,589,endgame hangingPiece mate mateIn2 short,https://lichess.org/MlRTNCtb/black#70,,TRUE,https://lichess.org/training/Esund
EtFDL,r3r3/1p2nQpk/p1p4p/2Pp4/3P4/4PKP1/1q3PP1/5R1R b - - 3 28,e8f8 h1h6 h7h6 f1h1 h6g5 h1h5,1400,76,91,916,attraction long mate mateIn3 middlegame pin sacrifice,https://lichess.org/snOvjybW/black#56,,TRUE,https://lichess.org/training/EtFDL
EvaLP,6k1/1pr2r1p/p2n2pQ/4B1P1/2q5/2N5/PPP5/2KR3b b - - 1 27,d6b5 d1d8 f7f8 d8f8,1346,75,100,321,mate mateIn2 middlegame short,https://lichess.org/HUu0CdNh/black#54,,TRUE,https://lichess.org/training/EvaLP
EyTWC,r2r1k1R/ppq5/1np1Q1p1/4P3/1P1P4/P3P3/3n3P/R5K1 b - - 2 29,f8g7 e6f6,1234,77,60,84,master mate mateIn1 middlegame oneMove,https://lichess.org/KCYXZcZW/black#58,,TRUE,https://lichess.org/training/EyTWC
EzDsE,5R2/pp1k3p/2n1p1p1/1N6/1r2P1Pq/8/PP1Q2P1/6K1 b - - 7 25,d7e7 d2d6,1304,75,97,1762,endgame mate mateIn1 oneMove,https://lichess.org/GlELAsE7/black#50,,TRUE,https://lichess.org/training/EzDsE
EzsOo,r1bR3q/pp3k1N/4p3/2n1npQ1/8/2P5/P4PPP/3R2K1 b - - 5 24,h8h7 d8f8 f7f8 g5f6 e5f7 d1d8,2116,77,92,993,attraction fork long mate mateIn3 middlegame pin sacrifice,https://lichess.org/50yMceqx/black#48,,TRUE,https://lichess.org/training/EzsOo
F0jmi,6k1/p1p2ppp/1p5r/P7/8/2P1PqP1/2P2P2/R1Q1BK2 w - - 5 24,c1d1 h6h1,1180,101,44,49,endgame mate mateIn1 oneMove,https://lichess.org/SMVXpwSD#47,,TRUE,https://lichess.org/training/F0jmi
F1uDf,1b5k/4q3/p6Q/1p2p3/P1p1r3/5RKP/1P3PP1/r7 b - - 0 48,e7h7 f3f8,1058,76,89,107,endgame mate mateIn1 oneMove,https://lichess.org/NYUnXJVo/black#96,,TRUE,https://lichess.org/training/F1uDf
F4RzZ,6k1/3q1p2/p1p2Q1p/8/3P1P2/6Pb/r4B1P/4R1K1 b - - 0 26,d7d5 e1e8 g8h7 e8h8,1626,80,89,104,endgame mate mateIn2 short,https://lichess.org/S7d2REN6/black#52,,TRUE,https://lichess.org/training/F4RzZ
F64sC,5rk1/r1q2p1p/1p2bRPQ/p7/2p5/2P5/P5PP/5RK1 b - - 0 26,h7g6 f6g6 f7g6 f1f8,1753,75,98,2046,discoveredAttack mate mateIn2 middlegame short,https://lichess.org/hdTqFDLk/black#52,,TRUE,https://lichess.org/training/F64sC
F7SfD,4r1k1/p4p1p/6p1/2pP4/2P4R/3Q1nPq/P6P/6K1 w - - 3 33,d3f3 e8e1 f3f1 e1f1,909,90,100,65,endgame mate mateIn2 short,https://lichess.org/haV9qGWV#65,,TRUE,https://lichess.org/training/F7SfD
F7enR,4r3/8/b4Qp1/p1p5/6Pk/1P1q4/P6P/5R1K b - - 2 33,h4g4 f1f4 g4h5 f4h4,1910,97,100,36,endgame mate mateIn2 short,https://lichess.org/elOGj4RM/black#66,,TRUE,https://lichess.org/training/F7enR
FBPQp,6rk/1p6/p1b5/3pp3/8/6q1/PP2QRP1/6K1 b - - 0 35,d5d4 e2h5 h8g7 f2f7,1419,77,94,661,endgame mate mateIn2 short,https://lichess.org/vkkYQmBb/black#70,,TRUE,https://lichess.org/training/FBPQp
FBSQB,2R5/5p1k/2n3pp/3r4/8/P3PqPK/1PQ2P1P/5R2 w - - 0 34,c8c6 d5h5,1015,84,100,488,endgame mate mateIn1 oneMove,https://lichess.org/fuTdV0ws#67,,TRUE,https://lichess.org/training/FBSQB
FBjcw,3r1k1R/pp6/2n1Qp2/3N2p1/2qP4/P7/1P6/K7 b - - 1 25,f8g7 e6f6,1127,108,83,24,endgame mate mateIn1 oneMove,https://lichess.org/RUN9T5aX/black#50,,TRUE,https://lichess.org/training/FBjcw
FDyTZ,8/2p5/1p1pQ2p/3P1kp1/3p3b/3P4/PPq2rRK/8 b - - 7 33,f5f4 e6e4,1751,83,79,76,endgame mate mateIn1 oneMove,https://lichess.org/MVMxvXAG/black#66,,TRUE,https://lichess.org/training/FDyTZ
FF3Ko,5rk1/pbp1p2p/1p1pP1pq/3P4/1PP1P1p1/3B4/P3R1PP/3QN2K w - - 5 27,g2g3 f8f1 h1g2 h6h3,1087,78,95,373,kingsideAttack mate mateIn2 middlegame short,https://lichess.org/iJjzcNhX#53,,TRUE,https://lichess.org/training/FF3Ko
FFoCu,5R2/p3r2p/1p4pk/2p5/5Q2/P1P4P/1P4PK/3qq3 b - - 3 39,h6h5 g2g4 d1g4 h3g4 h5h4 f4h6 h4g4 f8f4,1936,170,67,20,endgame mate mateIn4 veryLong,https://lichess.org/LtQqN0ox/black#78,,TRUE,https://lichess.org/training/FFoCu
FGUQ8,r7/ppp1Rkpp/3p1P2/1Nn5/5P2/2P4Q/PP1q2PP/6K1 b - - 1 19,f7f6 h3h4 g7g5 h4g5,1296,76,89,606,endgame mate mateIn2 short,https://lichess.org/8hpsnr0z/black#38,,TRUE,https://lichess.org/training/FGUQ8
FH5fW,8/7k/1p2Q1pp/2p1b3/8/2P2B1P/PP1r1KPq/R7 w - - 4 39,f2e3 h2f4,1055,78,100,268,endgame mate mateIn1 oneMove,https://lichess.org/a8Pr7GsM#77,,TRUE,https://lichess.org/training/FH5fW
FHdaL,7r/8/1Qp1p3/3p4/2k3pq/8/PP3P2/2R3K1 b - - 1 31,c4d3 b6e3,1524,77,93,225,endgame mate mateIn1 oneMove,https://lichess.org/LJxYyKng/black#62,,TRUE,https://lichess.org/training/FHdaL
FImsM,6k1/2q1rn2/p3p1B1/3pP1P1/7Q/2r4P/P7/5R1K b - - 0 32,f7g5 f1f8 g8g7 h4h8 g7g6 f8f6,2184,76,93,769,exposedKing long mate mateIn3 middlegame sacrifice,https://lichess.org/rznMOssT/black#64,,TRUE,https://lichess.org/training/FImsM
FJHO1,8/2q3kp/4Q1p1/2p1P3/1p3R2/7P/1PP3PK/4r3 b - - 4 35,c7e5 e6f7 g7h6 f7f8 h6h5 g2g4 h5g5 h3h4 g5h4 f8h6 e5h5 g4h5,1715,93,100,132,attraction discoveredAttack endgame mate mateIn5 veryLong,https://lichess.org/ClYpimTM/black#70,,TRUE,https://lichess.org/training/FJHO1
FNxMI,8/3rkr2/4RpQ1/2R5/3P4/4P3/5qPK/8 b - - 0 35,e7e6 g6e4 e6d6 c5c6,2031,135,24,31,endgame mate mateIn2 short,https://lichess.org/QJNavktF/black#70,,TRUE,https://lichess.org/training/FNxMI
FOSg1,3R4/pp4pk/8/2P5/4p1np/4P2q/PP3r1B/3Q1NK1 w - - 0 30,d1g4 f2f1,1340,79,93,548,endgame mate mateIn1 oneMove,https://lichess.org/FeI7weZv#59,,TRUE,https://lichess.org/training/FOSg1
FPQOu,5rk1/1p2rp2/p4RpQ/3pq3/8/2P4P/PP4P1/5R1K b - - 0 32,e5e3 f6g6 f7g6 f1f8,1579,102,74,40,discoveredAttack endgame mate mateIn2 short,https://lichess.org/unwzFth8/black#64,,TRUE,https://lichess.org/training/FPQOu
FSp9J,r4r2/p1b2p1k/4pQp1/4P3/8/3p1R2/6PP/7K b - - 1 30,d3d2 f3h3 h7g8 h3h8,1231,76,92,997,endgame mate mateIn2 short,https://lichess.org/CvFtIbT4/black#60,,TRUE,https://lichess.org/training/FSp9J
FTFBw,5rk1/5rpp/pp4p1/4B3/3p4/PN5q/1PPQN2P/R5K1 w - - 1 27,e2d4 f7f1 a1f1 f8f1,800,81,100,127,mate mateIn2 middlegame short,https://lichess.org/ObmruKC4#53,,TRUE,https://lichess.org/training/FTFBw
FYBgS,Q7/5ppk/8/p2p3p/8/1P3qPP/P2R1P1K/2r5 w - - 3 31,a8d5 c1h1,1500,75,97,3299,endgame mate mateIn1 oneMove,https://lichess.org/l6OstbdV#61,,TRUE,https://lichess.org/training/FYBgS
FcK87,5rk1/2p4p/3p1NpQ/3P4/5Bq1/8/1r6/4RR1K b - - 0 27,f8f6 e1e8 f6f8 e8f8,794,79,88,113,mate mateIn2 middlegame short,https://lichess.org/gZGxO34j/black#54,,TRUE,https://lichess.org/training/FcK87
FcqQv,r5k1/5ppp/8/2p1q3/1p6/1K1BP3/P1P2P2/R2Q1R2 w - - 0 31,a2a4 e5c3 b3a2 a8a4 a2b1 a4a1,1715,75,78,212,deflection endgame long mate mateIn3,https://lichess.org/0kIe0VZI#61,,TRUE,https://lichess.org/training/FcqQv
Fhnez,5rk1/p2r1p2/1p2pRpQ/2q1B3/2P3P1/2p5/P4R1P/6K1 b - - 3 29,c5e5 f6g6 f7g6 f2f8,1757,79,74,53,discoveredAttack endgame mate mateIn2 short,https://lichess.org/A5NtTDtj/black#58,,TRUE,https://lichess.org/training/Fhnez
Fhqpb,r7/1p2k1p1/4ppPp/2pp3P/2NP4/2P1P3/2Q2P2/q1KR3R w - - 0 28,c2b1 a1c3 b1c2 a8a1,1264,78,91,287,endgame fork mate mateIn2 short,https://lichess.org/z0hZA8Mo#55,,TRUE,https://lichess.org/training/Fhqpb
Fi20w,4Rrk1/p4rp1/1p3pQ1/2p5/5P2/5qPP/PP6/4R1K1 b - - 0 35,f7d7 e8f8 g8f8 e1e8,988,78,100,387,attraction endgame mate mateIn2 short,https://lichess.org/QHrnM25c/black#70,,TRUE,https://lichess.org/training/Fi20w
FiQb4,3q4/2R3bk/p2P2pp/1p1Q1P2/1P3p2/BN3B1P/P7/4r1K1 w - - 1 32,g1f2 d8h4 f2g2 h4g3,1258,75,100,425,mate mateIn2 middlegame short,https://lichess.org/I79VtWyF#63,,TRUE,https://lichess.org/training/FiQb4
Ficgr,6k1/3n4/1pQ3Rp/2p1p3/p1P5/P1P2rPK/4q3/8 b - - 1 37,g8h7 g6h6 h7g8 c6g6 g8f8 h6h8 f8e7 h8e8,2032,76,96,168,endgame mate mateIn4 veryLong,https://lichess.org/wWm9UqaF/black#74,,TRUE,https://lichess.org/training/Ficgr
FmzBs,4R1k1/p1n2p1p/2pq2pQ/8/8/8/PPr3PP/4R2K b - - 3 26,c7e8 e1e8 d6f8 e8f8,668,77,78,112,endgame mate mateIn2 short,https://lichess.org/o77hSMMV/black#52,,TRUE,https://lichess.org/training/FmzBs
FnSYZ,6Q1/5p2/3bp1k1/6rp/7p/6qP/6P1/5R1K b - - 13 60,g6h6 g8h8 h6g6 f1f6,2064,74,99,292,endgame mate mateIn2 short,https://lichess.org/252x3Gaj/black#120,,TRUE,https://lichess.org/training/FnSYZ
FoFpn,3r4/k1p2p2/1pQ1p2p/2n5/2P1Nqp1/4R3/PP2K1P1/8 b - - 1 30,c5e4 e3a3 a7b8 a3a8,1354,76,87,247,endgame mate mateIn2 short,https://lichess.org/wv3e0sUM/black#60,,TRUE,https://lichess.org/training/FoFpn
Fqwum,k5r1/ppQ5/3Bq3/8/5K2/P4N2/1P6/7R w - - 3 37,h1e1 g8g4,1708,79,82,443,endgame mate mateIn1 oneMove,https://lichess.org/OseRuHMF#73,,TRUE,https://lichess.org/training/Fqwum
Fr2vL,3Q3k/6qp/3p3R/3Pp1p1/2r1P3/3p2PP/8/5K2 b - - 5 36,g7f8 d8f8,773,80,100,337,endgame hangingPiece master mate mateIn1 oneMove,https://lichess.org/0sSJlY7b/black#72,,TRUE,https://lichess.org/training/Fr2vL
Frffd,4r2k/p5pp/2Q5/8/8/2P3Pq/PP2r2P/R4RK1 w - - 1 30,f1f2 e2e1 a1e1 e8e1 f2f1 e1f1,933,78,77,274,endgame long mate mateIn3,https://lichess.org/n8AYDXNj#59,,TRUE,https://lichess.org/training/Frffd
Fuyuu,8/1r3p1k/5Qp1/5b1p/7P/6P1/1q3P2/4R1K1 b - - 8 43,h7g8 e1e8 g8h7 e8h8,1767,75,94,1318,endgame mate mateIn2 short,https://lichess.org/xJjEMZrz/black#86,,TRUE,https://lichess.org/training/Fuyuu
FwaKR,6k1/pp4pp/8/3p4/8/4Q3/PPrKNqPP/R6R w - - 0 19,d2d3 f2f5 e3e4 f5e4,1735,77,93,719,endgame mate mateIn2 short,https://lichess.org/h5HyPHLz#37,,TRUE,https://lichess.org/training/FwaKR
Fyr5Q,5k2/1q5p/5Qp1/8/pr2P3/1r4P1/5P1P/3R2K1 b - - 1 43,f8e8 d1d8,1543,142,90,61,endgame mate mateIn1 oneMove,https://lichess.org/ZFZMoe9N/black#86,,TRUE,https://lichess.org/training/Fyr5Q
Fznmb,5r1k/p1p4p/2R3p1/4p3/1B2P3/1P1Pb1Pq/P1P4P/4Qr1K w - - 2 34,e1f1 f8f1,526,85,100,121,endgame hangingPiece kingsideAttack mate mateIn1 oneMove,https://lichess.org/K4at05Ct#67,,TRUE,https://lichess.org/training/Fznmb
G0M3n,2r1rk1Q/pp6/3pqpp1/3p4/3P4/4PN2/PP2KP2/7R b - - 1 25,e6g8 h8f6 g8f7 h1h8,1251,75,100,1827,endgame mate mateIn2 short,https://lichess.org/whCLgKrl/black#50,,TRUE,https://lichess.org/training/G0M3n
G0nt6,4r2k/5Qp1/7p/p7/1p6/1P4qP/P1P2RP1/1Kr5 w - - 0 34,b1c1 e8e1 c1d2 g3c3,1346,130,100,24,endgame mate mateIn2 short,https://lichess.org/qntU3yFM#67,,TRUE,https://lichess.org/training/G0nt6
G1OJs,6k1/2Q1Rppp/8/7q/2P4n/P3PP2/5P1P/3r1K2 w - - 12 32,f1e2 h5f3,815,84,100,95,endgame mate mateIn1 oneMove,https://lichess.org/UKoWbwY7#63,,TRUE,https://lichess.org/training/G1OJs
G3Xwq,1k2r3/2p5/1pP5/pP3R2/8/3P1Pq1/P5P1/2Q1rK1R w - - 3 39,c1e1 e8e1,617,86,100,55,endgame master mate mateIn1 oneMove,https://lichess.org/TPFDPTna#77,,TRUE,https://lichess.org/training/G3Xwq
G4AOW,5r1r/1p2ppkp/p1p1B1p1/q3P3/2pP1Q1R/2P5/PP5P/2K2R2 b - - 7 22,f7e6 f4h6 g7g8 f1f8,1276,76,91,441,discoveredAttack endgame mate mateIn2 short,https://lichess.org/4tv7nOE4/black#44,,FALSE,https://lichess.org/training/G4AOW
G4kTs,1rR3r1/3k1b1p/6p1/5p2/2P1p3/Q7/1q3PPP/1N1R2K1 b - - 3 31,d7c8 a3c5 c8b7 d1d7 b7a6 d7a7,1723,104,86,51,exposedKing fork long master mate mateIn3 middlegame,https://lichess.org/0d508Q2p/black#62,,TRUE,https://lichess.org/training/G4kTs
G5T0r,r1b2r2/ppp2p1k/2np1Q2/1B2q3/4P2R/2PP4/P1P3PP/R5K1 b - - 1 18,h7g8 h4h8,1373,93,38,39,master mate mateIn1 middlegame oneMove,https://lichess.org/gYaMCvdp/black#36,Four_Knights_Game Four_Knights_Game_Spanish_Variation,TRUE,https://lichess.org/training/G5T0r
G82FZ,3r1Rk1/pp5p/6pQ/3qp3/3p4/8/PPP5/1K3R2 b - - 1 30,d8f8 f1f8,800,95,91,65,endgame master mate mateIn1 oneMove,https://lichess.org/S1owe46z/black#60,,TRUE,https://lichess.org/training/G82FZ
GAaaD,1rbRk2r/p6p/4p1p1/4PpQ1/n1p2P2/4B3/2q3PP/4K3 b k - 1 27,e8f7 g5f6,973,77,78,129,mate mateIn1 middlegame oneMove,https://lichess.org/3BId9fuw/black#54,,TRUE,https://lichess.org/training/GAaaD
GBMcu,2r2r2/pb1pk1R1/1p2p3/4P3/2P5/8/q5PP/1R1Q2K1 b - - 2 26,f8f7 d1d6 e7e8 g7g8 f7f8 g8f8,1599,83,100,62,long mate mateIn3 middlegame,https://lichess.org/FtmmFdmC/black#52,,TRUE,https://lichess.org/training/GBMcu
GEWBh,R4b2/5pkp/5rp1/2p2P2/1pn2Q2/2Nq2P1/1P5P/2B3K1 b - - 4 39,b4c3 f4h6 g7h8 a8f8,876,77,86,97,deflection mate mateIn2 middlegame short,https://lichess.org/nGxneK5i/black#78,,TRUE,https://lichess.org/training/GEWBh
GGJ3S,7k/1pp3pb/3p4/1q2P3/1p2B3/1P1P4/2P1Q3/r1K2R1R w - - 0 28,c1b2 b5e5 d3d4 e5d4 c2c3 d4c3,1295,76,88,549,long mate mateIn3 middlegame,https://lichess.org/YvTqTDg7#55,,TRUE,https://lichess.org/training/GGJ3S
GHjNW,r3r3/6k1/2p2pQR/p2p2n1/6P1/4qP2/Pp4P1/1K5R b - - 1 31,g7f8 g6f6 g5f7 h6h8,1687,74,96,773,mate mateIn2 middlegame pin short,https://lichess.org/iO3RTkvF/black#62,,TRUE,https://lichess.org/training/GHjNW
GK72B,1rb3k1/1p3R1p/3qp1pQ/pPpnN3/8/8/PP2B1PP/6K1 b - - 3 25,d6e5 f7f8,931,81,94,87,mate mateIn1 middlegame oneMove,https://lichess.org/cXAFRVa6/black#50,,TRUE,https://lichess.org/training/GK72B
GNMXZ,2r2b1r/4kppp/p1Q5/6q1/2PP4/8/PP3PPP/4RbK1 b - - 1 18,e7d8 e1e8,1463,76,69,219,mate mateIn1 middlegame oneMove,https://lichess.org/Ts4MdE8v/black#36,Caro-Kann_Defense Caro-Kann_Defense_Exchange_Variation,TRUE,https://lichess.org/training/GNMXZ
GNVnW,r6r/1q3kp1/p3p3/1p2Qp2/3P4/1PP4P/5P1K/R4R2 w - - 2 26,f1g1 h8h3 h2h3 b7f3 h3h4 a8h8 h4g5 h8h5,1958,116,100,22,attraction endgame mate mateIn4 sacrifice veryLong,https://lichess.org/8SbixjJ1#51,,TRUE,https://lichess.org/training/GNVnW
GWZ50,6k1/p4ppp/2q4r/2P5/3P4/2P2PP1/P2Q1K2/4Rb2 w - - 0 27,f2f1 c6f3 d2f2 h6h1,1238,77,89,275,endgame mate mateIn2 short,https://lichess.org/LVqyTszT#53,,TRUE,https://lichess.org/training/GWZ50
GXXcV,5rk1/ppr2p2/4bRnQ/2p5/3pP2p/3P1RqP/PPP1B1P1/6K1 b - - 9 24,g3e5 f6g6 f7g6 f3f8,1809,74,84,366,discoveredAttack kingsideAttack mate mateIn2 middlegame short,https://lichess.org/dD3PeNYg/black#48,,TRUE,https://lichess.org/training/GXXcV
GY6VU,r7/2k2p1p/2p5/3pRB2/1p1PpQ2/1P4q1/K1P5/5R2 w - - 1 36,a2b2 g3c3 b2c1 a8a1,1258,80,73,110,endgame mate mateIn2 short,https://lichess.org/xZDopEK5#71,,TRUE,https://lichess.org/training/GY6VU
GYJGq,8/p5k1/4P3/1P3rpp/p3Q2K/6P1/4R2P/5q2 w - - 0 41,h4h5 f1h3 e4h4 g5h4,1417,80,73,94,discoveredAttack endgame master mate mateIn2 short,https://lichess.org/MlSpP0Qx#81,,FALSE,https://lichess.org/training/GYJGq
GcJwH,r6r/2R1kpp1/4p1p1/p2p4/3P3P/b3PQP1/1q3PB1/3K3R b - - 3 27,e7d6 f3f4 e6e5 f4e5,1096,79,89,81,mate mateIn2 middlegame short,https://lichess.org/87cibS94/black#54,,TRUE,https://lichess.org/training/GcJwH
GeE4Z,7Q/3r4/4KR1P/4p3/4k1q1/8/8/8 w - - 7 67,f6f5 g4f5,1204,76,97,1481,endgame mate mateIn1 oneMove,https://lichess.org/1URbYVQR#133,,TRUE,https://lichess.org/training/GeE4Z
GeSjz,4R1k1/pbp2r1p/1p1p1npQ/3q1p2/3P4/2P5/P2B1PPP/4R1K1 b - - 5 22,f6e8 e1e8 f7f8 e8f8,871,143,100,27,kingsideAttack mate mateIn2 middlegame short,https://lichess.org/ZW6qiYrY/black#44,,TRUE,https://lichess.org/training/GeSjz
Get0m,r1bq3r/ppp1bQpk/2npP3/5R2/6p1/2P5/PPP3PP/R1B3K1 b - - 1 16,c8e6 f5h5,1286,79,91,874,mate mateIn1 middlegame oneMove,https://lichess.org/R0vZWsxm/black#32,Vienna_Gambit_with_Max_Lange_Defense Vienna_Gambit_with_Max_Lange_Defense_Other_variations,TRUE,https://lichess.org/training/Get0m
GgRJT,2k5/1p1q4/p2p2p1/2pPp1P1/P1P1P2K/2N2r1P/1P1QN3/7R w - - 0 26,e2g1 d7h7 h4g4 h7h5,1604,92,71,31,endgame mate mateIn2 short,https://lichess.org/1irbkN51#51,,TRUE,https://lichess.org/training/GgRJT
GhTFK,2r4r/2q1p1k1/p2pRb1p/1p1Q1Pp1/2n5/6B1/P1P2PPP/4R1K1 b - - 5 22,c7c5 e6e7 f6e7 e1e7 g7f6 e7f7,1105,92,93,576,long mate mateIn3 middlegame,https://lichess.org/9Yhshw9L/black#44,,FALSE,https://lichess.org/training/GhTFK
GiTlm,rk6/p1pb2pp/Qp6/5q2/4r3/4B3/PP3PPP/2KR4 b - - 1 23,d7b5 d1d8 f5c8 d8c8,862,79,87,160,mate mateIn2 middlegame queensideAttack short,https://lichess.org/zugBfKbQ/black#46,,TRUE,https://lichess.org/training/GiTlm
GivYB,8/1r3pk1/4p1p1/2qpPnQ1/pp3P2/7R/7P/1R5K b - - 1 40,b7b8 g5f6 g7g8 h3h8,1236,76,90,639,endgame mate mateIn2 short,https://lichess.org/jipjpMCh/black#80,,TRUE,https://lichess.org/training/GivYB
GmHo1,r4r2/2p2p1k/p1p1qQ2/2b1P3/5Rb1/7R/PPP3PP/7K b - - 5 23,g4h3 f4h4 h7g8 h4h8,1206,76,90,598,mate mateIn2 middlegame short,https://lichess.org/oooosFWE/black#46,,TRUE,https://lichess.org/training/GmHo1
GmTfg,8/1Q6/3p4/1kp3p1/3P4/4r1qP/P3r1P1/2R4K b - - 1 45,b5a4 b7a6 a4b4 c1c4,2139,77,88,96,endgame mate mateIn2 short,https://lichess.org/oO4A4qr2/black#90,,TRUE,https://lichess.org/training/GmTfg
GoWhy,5rk1/pp1b1p2/3p1QP1/3P4/6r1/5K2/P6R/8 b - - 2 28,f7g6 h2h8,915,77,100,203,endgame mate mateIn1 oneMove,https://lichess.org/n2WNQsad/black#56,,TRUE,https://lichess.org/training/GoWhy
GrNk5,5r2/pp3p2/5Qpk/8/6R1/5P1P/P4qPK/8 b - - 6 37,f2b6 g4h4,1368,75,78,194,endgame mate mateIn1 oneMove,https://lichess.org/lvz5WcBe/black#74,,TRUE,https://lichess.org/training/GrNk5
Grc1X,r4r2/2q2p1k/p2b1Q2/3p4/8/5R2/PPP3PP/R6K b - - 3 22,d6e5 f3h3 h7g8 h3h8,1958,78,93,547,mate mateIn2 middlegame short,https://lichess.org/xBbZmG5C/black#44,,TRUE,https://lichess.org/training/Grc1X
GrdBJ,R7/6pk/2pN3p/4p3/8/3PQqPP/5P2/1r4K1 w - - 4 37,g1h2 b1h1,914,88,43,45,endgame mate mateIn1 oneMove,https://lichess.org/nacrGdsn#73,,TRUE,https://lichess.org/training/GrdBJ
H3keJ,4R1k1/1bp3p1/p2p1b1p/1p1q1N2/5PP1/P2Q2K1/1rB5/8 b - - 1 36,g8f7 f5d6 c7d6 d3g6,1964,77,98,611,clearance mate mateIn2 middlegame sacrifice short,https://lichess.org/zOIg1Pdq/black#72,,TRUE,https://lichess.org/training/H3keJ
H3te3,8/pp3q1k/8/4Q1p1/3pR3/P2P2P1/1PP5/5rK1 w - - 1 36,g1g2 f7f3 g2h3 f1h1,1836,145,100,16,endgame mate mateIn2 short,https://lichess.org/1M2pG0Lh#71,,TRUE,https://lichess.org/training/H3te3
H4zC5,6k1/p2r4/5QpB/5b2/2q4p/8/5PP1/4R1K1 b - - 0 31,c4d4 e1e8 g8h7 e8h8,1905,75,96,614,endgame mate mateIn2 short,https://lichess.org/3SOPyq8a/black#62,,TRUE,https://lichess.org/training/H4zC5
H6WNq,rk2Rbnr/2q2p2/ppQ3pp/8/8/8/PPP2PPP/R1B3K1 b - - 1 20,b8a7 e8a8,419,101,100,260,mate mateIn1 middlegame oneMove,https://lichess.org/AX62kpOA/black#40,,TRUE,https://lichess.org/training/H6WNq
H73mT,2r3R1/1br1k3/p2p4/1p1P4/1q6/2N1Q2P/7K/8 b - - 7 43,e7f7 e3e6,1255,75,100,593,mate mateIn1 middlegame oneMove,https://lichess.org/qO6g7kbu/black#86,,TRUE,https://lichess.org/training/H73mT
H7FFL,5k2/5p1p/4R3/1B5p/P2p1Q2/2q4P/5PP1/2r2K2 w - - 1 34,f1e2 c1e1,1778,75,99,523,endgame master mate mateIn1 oneMove,https://lichess.org/lzmqwWIG#67,,TRUE,https://lichess.org/training/H7FFL
H8BxZ,r3n1k1/6b1/3p2Q1/8/1p2PK2/3P1P2/pq6/6RR b - - 0 34,a2a1q g6e6 g8f8 h1h8 g7h8 g1g8,1826,77,87,90,exposedKing long mate mateIn3 middlegame sacrifice,https://lichess.org/is2J0pXK/black#68,,TRUE,https://lichess.org/training/H8BxZ
HEQu9,6k1/6pp/1p2pr2/pN2R3/P1PB2q1/6P1/2Q2p1K/5R2 w - - 2 38,h2g2 g4f3 g2h3 f6h6 e5h5 h6h5,1027,76,100,225,long mate mateIn3 middlegame,https://lichess.org/FWR4n8Go#75,,TRUE,https://lichess.org/training/HEQu9
HHvcb,r2n4/2kbQp2/4p1p1/q1PpP2p/3P1P2/7P/1R4P1/2B3K1 b - - 3 33,a8a7 e7d6 c7c8 b2b8,1020,77,96,369,mate mateIn2 middlegame short,https://lichess.org/8G34CVFD/black#66,,TRUE,https://lichess.org/training/HHvcb
HK5f9,r3rk2/pp6/2p2Q2/3q4/3P1b2/2P2P2/PP4K1/R6R b - - 0 26,d5f7 h1h8,1098,91,89,29,mate mateIn1 middlegame oneMove,https://lichess.org/Z0cs3YUK/black#52,,TRUE,https://lichess.org/training/HK5f9
HMs8a,r4r2/pp1bR1k1/2p4p/7Q/8/8/PPP2qPP/7K b - - 1 24,g7f6 h5e5 f6g6 e7g7,1618,76,94,830,endgame mate mateIn2 short,https://lichess.org/y0FH2y2w/black#48,,TRUE,https://lichess.org/training/HMs8a
HOkac,2r1rk2/p4pbR/1p1Q2p1/2p3P1/6q1/4Bn2/PP3P2/K6R b - - 0 31,f8g8 h7g7 g8g7 d6f6 g7g8 h1h8,1548,80,78,134,attraction kingsideAttack long mate mateIn3 middlegame sacrifice,https://lichess.org/KQKhNcw5/black#62,,TRUE,https://lichess.org/training/HOkac
HPl1c,5k2/2q2p2/3b1P2/6Q1/2PP4/1r5P/1r4B1/4R2K b - - 2 42,b2g2 g5h6 f8g8 e1e8 d6f8 e8f8,1706,76,86,156,endgame long master mate mateIn3,https://lichess.org/9pABS0Zd/black#84,,TRUE,https://lichess.org/training/HPl1c
HS4GY,5k2/pQ4p1/5p2/6rP/1P6/P3qB2/2R3KP/8 w - - 9 40,g2f1 g5g1,1330,87,100,87,endgame master mate mateIn1 oneMove,https://lichess.org/a9ajGh0a#79,,TRUE,https://lichess.org/training/HS4GY
Hbpjp,7r/1q3p1k/4pQp1/p3P1P1/1b6/5PK1/1R5r/1R6 b - - 5 42,h2b2 b1h1 b2h2 h1h2 h7g8 h2h8,1308,76,100,787,endgame long mate mateIn3,https://lichess.org/yRirk6oe/black#84,,TRUE,https://lichess.org/training/Hbpjp
Hivc0,2r2rk1/p2R3p/4p1pQ/5p2/2q5/8/Pp3PPP/3R2K1 b - - 5 25,f8f7 d7d8 c8d8 d1d8 f7f8 d8f8,955,100,62,45,endgame long mate mateIn3,https://lichess.org/NjaRfOPC/black#50,,TRUE,https://lichess.org/training/Hivc0
HkJXT,3r1r2/1b2kp1p/p3pQ2/1p2P3/4q3/1P1B4/P5PP/3R3K b - - 1 25,e7e8 d3b5 a6b5 d1d8,1427,76,94,2159,discoveredAttack mate mateIn2 middlegame short,https://lichess.org/73Vaxrh6/black#50,,TRUE,https://lichess.org/training/HkJXT
HkfhE,2r3k1/pR3ppp/8/1Q1p4/3P4/P1K4P/q4PP1/3R4 w - - 1 27,c3d3 a2c2 d3e3 c2e4 e3d2 c8c2,2081,76,96,332,endgame fork long mate mateIn3,https://lichess.org/KmkblRwJ#53,,TRUE,https://lichess.org/training/HkfhE
HnktO,r1b2rk1/1p3p1p/2p3pQ/p3N3/2B2P2/4p3/PPP3qP/2KR4 b - - 1 21,e3e2 c4f7 f8f7 d1d8 f7f8 d8f8,1552,76,93,861,kingsideAttack long master mate mateIn3 middlegame sacrifice,https://lichess.org/oLyCio8y/black#42,,TRUE,https://lichess.org/training/HnktO
Hnrxb,7r/1p3pk1/p5p1/8/5qP1/2N2P1r/PPQR1R1P/7K w - - 0 29,c3e2 h3h2 h1g1 h2h1 g1g2 h8h2,1374,77,94,1015,long mate mateIn3 middlegame,https://lichess.org/EDLMrEWz#57,,TRUE,https://lichess.org/training/Hnrxb
HoYn2,rn3rk1/7p/p3p1pQ/1p3p2/2q1b3/7R/PP4PP/3R3K b - - 1 22,f8f7 d1d8 f7f8 d8f8,976,76,98,289,kingsideAttack mate mateIn2 middlegame short,https://lichess.org/flMrqTM0/black#44,,TRUE,https://lichess.org/training/HoYn2
HshNj,5k1r/5p1p/2n3p1/2q5/PR1p1Q2/8/5PPP/4R1K1 b - - 0 29,c5b4 f4h6 f8g8 e1e8 b4f8 e8f8,1628,76,94,2573,endgame long mate mateIn3,https://lichess.org/7XK0yjy8/black#58,,TRUE,https://lichess.org/training/HshNj
HsizV,3r1k2/1pr5/p1p1R1Q1/3n3p/3P3q/1PP5/1P3PP1/4R1K1 b - - 2 29,c7g7 e6e8 d8e8 e1e8,1052,75,100,603,mate mateIn2 middlegame short,https://lichess.org/IFks1pA2/black#58,,TRUE,https://lichess.org/training/HsizV
HtdmA,1n5k/4P1p1/3p1pBn/2pP4/1p3qP1/1P5P/2QN4/r1K1R2R w - - 1 35,c1b2 f4d4 c2c3 d4c3,1828,84,65,66,mate mateIn2 middlegame short,https://lichess.org/YXKj4t8k#69,,TRUE,https://lichess.org/training/HtdmA
HtoMG,6k1/pp3r2/2n3Qp/2p3p1/3p1pq1/P2P1NP1/1PP4P/4R1K1 b - - 3 24,f7g7 e1e8,1218,77,89,1361,endgame mate mateIn1 oneMove,https://lichess.org/y3Ul5Ivu/black#48,,TRUE,https://lichess.org/training/HtoMG
Hv6DR,r4rk1/p1p1R2p/2p3pQ/5p2/2P5/2q5/P4PPP/4R1K1 b - - 1 22,f8f7 e7e8 a8e8 e1e8 f7f8 e8f8,906,92,94,135,endgame long mate mateIn3,https://lichess.org/OzIGjIdr/black#44,,TRUE,https://lichess.org/training/Hv6DR
Hy74h,5kr1/4b3/8/1p5Q/5R2/3q4/1P3PPP/6K1 b - - 0 32,f8g7 f4f7,1631,82,92,2372,endgame mate mateIn1 oneMove,https://lichess.org/sMMfe8iT/black#64,,TRUE,https://lichess.org/training/Hy74h
I0YXo,4R3/p1q2pk1/b1pb3B/3p3p/2p3r1/2NP1Q2/PPP5/5K2 b - - 1 26,g7h6 f3f6 g4g6 e8h8,1399,77,91,316,mate mateIn2 middlegame short,https://lichess.org/ZKvpVXV7/black#52,,TRUE,https://lichess.org/training/I0YXo
I3sA2,6k1/r2q4/p2p2Q1/1pp5/3P2n1/P1P5/1P3PP1/4RK2 b - - 0 29,d7g7 e1e8,1171,75,99,604,endgame mate mateIn1 oneMove,https://lichess.org/vP58myXt/black#58,,TRUE,https://lichess.org/training/I3sA2
IAdQa,6k1/pp3pp1/2p1r2p/3p4/5B2/2P2nPq/PPQ4P/5RK1 w - - 0 24,f1f3 e6e1 f3f1 e1f1,658,91,91,106,endgame mate mateIn2 short,https://lichess.org/AeJUzImg#47,,TRUE,https://lichess.org/training/IAdQa
ID6pj,3r1rk1/p1p2p2/1p2bRnQ/3qP3/3P4/2P1p1P1/P1P4P/5RK1 b - - 1 25,d8d7 f6g6 f7g6 f1f8,1732,74,95,436,discoveredAttack kingsideAttack mate mateIn2 middlegame short,https://lichess.org/Lb1ctFT0/black#50,,TRUE,https://lichess.org/training/ID6pj
IDnz0,6k1/ppq2p2/4p1RQ/8/2P5/1P4P1/r2r2PP/5R1K b - - 0 27,f7g6 f1f8,1460,75,96,233,endgame mate mateIn1 oneMove,https://lichess.org/yEKZizsv/black#54,,TRUE,https://lichess.org/training/IDnz0
IElBH,r1bQ4/p4q2/1pp1kp2/7P/3P4/2P5/P1P5/5RK1 b - - 1 26,f7h5 f1f6,1821,76,85,227,endgame master mate mateIn1 oneMove,https://lichess.org/EnhcqnOS/black#52,,TRUE,https://lichess.org/training/IElBH
IFkU6,4r1k1/1BQn1pp1/p6p/1P2r3/P7/4N1qP/8/3RR1K1 w - - 1 29,e3g2 e5e1 d1e1 e8e1,1072,76,97,467,mate mateIn2 middlegame pin short,https://lichess.org/pzXoYHyv#57,,TRUE,https://lichess.org/training/IFkU6
IINSh,3k4/pp2p3/4Q3/2rP3p/2P5/8/PP1qBr2/1K4R1 b - - 4 33,f2e2 g1g8 d8c7 g8c8,1586,74,93,675,endgame mate mateIn2 short,https://lichess.org/6N9FVXLT/black#66,,TRUE,https://lichess.org/training/IINSh
IJ9d4,8/k1p1qRp1/pp5p/3Q4/P2N4/2P3PB/7P/4rK2 w - - 5 37,f1f2 e7e3 f2g2 e1g1,1684,75,100,140,endgame mate mateIn2 short,https://lichess.org/Qjfa8ehV#73,,TRUE,https://lichess.org/training/IJ9d4
IJBR6,3r1r1k/p4p1P/1p4p1/3pP3/4qP1Q/8/P4KP1/3R4 b - - 6 37,d5d4 h4f6 h8h7 d1h1 h7g8 h1h8,1074,76,96,403,endgame exposedKing long mate mateIn3,https://lichess.org/QzTpMGPB/black#74,,TRUE,https://lichess.org/training/IJBR6
IWaq3,2r2k2/5pp1/p7/8/1p1Pp1Q1/qbr5/P1B2PPP/1KRR4 w - - 0 33,c2b3 c3c1 d1c1 c8c1,1079,85,100,226,mate mateIn2 middlegame queensideAttack short,https://lichess.org/MIbcGi02#65,,TRUE,https://lichess.org/training/IWaq3
IXFeM,4r3/1b3p1p/pk6/1p1prN2/1P4Q1/P1qB4/2P3PP/R2K3R w - - 5 31,a1b1 e5e1 h1e1 e8e1,991,78,90,91,mate mateIn2 middlegame short,https://lichess.org/VZ9vPFA2#61,,TRUE,https://lichess.org/training/IXFeM
IYLdw,3r2k1/RQ3pp1/8/7p/7P/5qP1/PP3P2/5rK1 w - - 0 33,g1f1 d8d1,1123,75,100,199,endgame mate mateIn1 oneMove,https://lichess.org/UnxyE31X#65,,TRUE,https://lichess.org/training/IYLdw
IaXaq,2b3k1/3q2p1/pR1p4/P1p1p2p/2P1P3/2BPQr1P/8/3B1rRK w - - 3 32,d1f3 d7h3,1124,195,100,11,kingsideAttack mate mateIn1 middlegame oneMove,https://lichess.org/elCk08np#63,,TRUE,https://lichess.org/training/IaXaq
IbgVS,5r2/1b4bk/p2p2p1/1pp1p1Bp/2P5/P2P2rq/1P3P1P/1RQ1NRK1 w - - 0 29,f2g3 f8f1,988,78,71,92,kingsideAttack master mate mateIn1 middlegame oneMove,https://lichess.org/qGbCI29w#57,,TRUE,https://lichess.org/training/IbgVS
Icfbt,4rr2/1p3p2/2p1RQpk/p7/5R2/6P1/P1P2PKP/2q5 b - - 6 29,e8e6 f4h4,1298,75,94,1483,endgame mate mateIn1 oneMove,https://lichess.org/MZFkrY2j/black#58,,TRUE,https://lichess.org/training/Icfbt
Ict1A,3Q4/6pk/3pb2p/3N4/4q3/1PK5/P1P2r2/R1B5 w - - 2 30,c1e3 f2c2,1724,81,94,1875,mate mateIn1 middlegame oneMove,https://lichess.org/Oc7Fg8fY#59,,TRUE,https://lichess.org/training/Ict1A
IdmI5,r3rk1Q/p7/1p4p1/3qpp2/P6R/1P4P1/5P2/6K1 b - - 2 33,d5g8 h8f6 g8f7 h4h8,1168,77,100,299,clearance endgame mate mateIn2 pin short,https://lichess.org/ZDTkpmXV/black#66,,TRUE,https://lichess.org/training/IdmI5
Iiaml,8/1p3nk1/2p1R1QR/2P1P2p/1P3p1q/7P/5PPK/r2r4 b - - 12 35,g7f8 h6h8 f7h8 e6e8,1888,75,97,922,master mate mateIn2 middlegame sacrifice short,https://lichess.org/BDKH3jGN/black#70,,TRUE,https://lichess.org/training/Iiaml
IjK0N,7r/4R1k1/pp1p2p1/2pQ4/3q4/8/1PP2P2/5K2 b - - 1 38,g7f6 e7f7,1793,76,91,825,endgame master mate mateIn1 oneMove,https://lichess.org/XxYVSUCq/black#76,,TRUE,https://lichess.org/training/IjK0N
Ikdzh,8/R2R1pk1/1p6/1P4p1/P2Np1Kr/4P3/6P1/5q2 w - - 2 37,g4g5 f1f6,1280,260,100,15,endgame mate mateIn1 oneMove,https://lichess.org/nGXwkKKu#73,,TRUE,https://lichess.org/training/Ikdzh
Imm0S,1r4k1/1r3ppp/Q1b1p3/4P3/3B1P2/2P3Pq/P4R1P/R5K1 w - - 5 24,a6c6 b7b1 a1b1 b8b1 f2f1 b1f1,717,95,93,250,long mate mateIn3 middlegame,https://lichess.org/BibzYJCX#47,,TRUE,https://lichess.org/training/Imm0S
In8bq,2r2k2/1p3p2/4p3/p1B1P3/P7/1q6/6Q1/3R2K1 b - - 3 36,c8c5 d1d8 f8e7 g2g5 f7f6 g5f6,1230,76,88,130,endgame long mate mateIn3,https://lichess.org/5dP30zuo/black#72,,TRUE,https://lichess.org/training/In8bq
Ip2fR,1Q2n1k1/pp3p1p/r3p1pB/1r4N1/3P3P/3q1P2/2R2P2/1K4R1 w - - 3 29,b1c1 a6a1,1029,77,83,232,mate mateIn1 middlegame oneMove,https://lichess.org/I7HnVWtg#57,,FALSE,https://lichess.org/training/Ip2fR
IscI1,2R5/3k1r1p/pp1p2p1/b2P4/4Pq2/7Q/N4PPP/6K1 b - - 7 30,d7e7 h3e6,1736,82,90,395,endgame mate mateIn1 oneMove,https://lichess.org/SC5rPpNi/black#60,,TRUE,https://lichess.org/training/IscI1
It9lJ,1Q6/6pp/1p1pp1k1/6n1/3P4/6P1/PPr1KR1P/R6q w - - 0 24,e2d3 h1e4,1271,76,99,2184,endgame mate mateIn1 oneMove,https://lichess.org/iDXoeRvQ#47,,TRUE,https://lichess.org/training/It9lJ
ItDuZ,Q3r2r/p1qk1Rp1/1p6/2p1b2p/3p4/3P2P1/PPP3BP/R5K1 b - - 7 26,d7e6 a8d5,1794,83,55,55,master mate mateIn1 middlegame oneMove,https://lichess.org/1MOvN7Fh/black#52,,TRUE,https://lichess.org/training/ItDuZ
IwuB2,8/1p2r1k1/p2Q1pB1/3p4/P1pP1P2/2P3Pq/1P2rR1P/R5K1 w - - 3 32,d6d5 e2e1 a1e1 e7e1 f2f1 e1f1,999,79,80,65,kingsideAttack long mate mateIn3 middlegame,https://lichess.org/4fTmd0Wg#63,,TRUE,https://lichess.org/training/IwuB2
IxAyh,3r2k1/pp3p1p/5p2/2R5/P3p3/1P2PQPq/1B1r1P1P/1R4K1 w - - 0 26,f3g2 d2d1 b1d1 d8d1 g2f1 d1f1,1061,82,100,67,kingsideAttack long mate mateIn3 middlegame,https://lichess.org/Qv2BxHDH#51,,TRUE,https://lichess.org/training/IxAyh
IxSmU,7k/1r6/1q2p2Q/3p4/3b4/6P1/7P/5R1K b - - 2 33,h8g8 f1f8,1388,74,98,667,endgame mate mateIn1 oneMove,https://lichess.org/fj4fCv6v/black#66,,TRUE,https://lichess.org/training/IxSmU
J1VtF,3r2k1/p1p2r1p/1p4pQ/8/1P2p1P1/P2NR2P/2q5/4R2K b - - 0 35,e4d3 e3e8 d8e8 e1e8 f7f8 e8f8,709,92,88,56,endgame long mate mateIn3,https://lichess.org/sWyYOaHj/black#70,,TRUE,https://lichess.org/training/J1VtF
J1ccN,r1b2r2/1pp1Np2/p4Qnk/8/P2Rq3/6P1/1PP4P/5RK1 b - - 3 25,e4e7 d4h4,1131,77,100,87,mate mateIn1 middlegame oneMove pin,https://lichess.org/3dwExxWh/black#50,,TRUE,https://lichess.org/training/J1ccN
J5Tko,r1bq2nr/ppp1b1k1/2np3p/7Q/3PPR1p/2N5/PPP3PP/R1B3K1 b - - 0 11,e7g5 f4f7,983,119,100,37,mate mateIn1 middlegame oneMove,https://lichess.org/49SWzhbt/black#22,Kings_Gambit_Accepted Kings_Gambit_Accepted_Cunningham_Defense,TRUE,https://lichess.org/training/J5Tko
J9NSy,5k2/4R3/5nQ1/1prq3r/p4P2/P1P5/1P5P/4R1K1 b - - 0 30,d5g8 e7e8 f6e8 e1e8,1373,76,100,267,mate mateIn2 middlegame sacrifice short,https://lichess.org/dwY7MZvn/black#60,,TRUE,https://lichess.org/training/J9NSy
JD2mj,3n2rk/ppp5/8/3q3p/3P2RP/2P1Q3/PP4P1/5RK1 b - - 0 27,g8g4 e3h6 h8g8 f1f8,1662,75,92,318,endgame mate mateIn2 short,https://lichess.org/C8mfzZJw/black#54,,TRUE,https://lichess.org/training/JD2mj
JEAm2,2b2nk1/6r1/p3P1p1/3p1pQ1/4qN2/P7/1PK5/3R2R1 w - - 1 33,c2c1 g7c7 c1d2 c7c2,1781,79,48,63,mate mateIn2 middlegame short,https://lichess.org/ldf3k7Am#65,,TRUE,https://lichess.org/training/JEAm2
JFcGd,6k1/2pbRr1p/1b1r1ppQ/3q4/8/5N1P/PP3PP1/4R1K1 b - - 5 27,d5h5 e7e8 d7e8 e1e8 f7f8 e8f8,1042,146,82,13,kingsideAttack long mate mateIn3 middlegame sacrifice,https://lichess.org/jK88Kpmm/black#54,,TRUE,https://lichess.org/training/JFcGd
JGZkN,6k1/5pp1/7p/8/8/R2Q1qPP/5P2/2B1r1K1 w - - 1 40,g1h2 e1h1,654,82,100,153,endgame mate mateIn1 oneMove,https://lichess.org/2oFnWVxQ#79,,TRUE,https://lichess.org/training/JGZkN
JMGFc,R4bk1/8/2B3q1/3Pp3/4P3/3KpQ1Q/3r2PP/8 w - - 4 40,d3e3 g6g5 f3f4 g5f4,1338,76,92,939,mate mateIn2 middlegame short,https://lichess.org/iigDgRib#79,,TRUE,https://lichess.org/training/JMGFc
JMeCt,4k3/4bp2/p3q1p1/2N5/P3b2p/1r4rP/1B1R3K/3R1Q2 b - - 0 36,e7c5 d2d8 e8e7 d1d7 e6d7 f1f6,2080,77,88,155,long mate mateIn3 middlegame sacrifice,https://lichess.org/hiZIvKfU/black#72,,TRUE,https://lichess.org/training/JMeCt
JRp06,6k1/ppp2p2/5QpR/3r4/2q5/P7/1P2r3/KR6 b - - 1 31,c4d4 h6h8,1494,75,98,3179,endgame mate mateIn1 oneMove,https://lichess.org/hjF5yocg/black#62,,TRUE,https://lichess.org/training/JRp06
JTS0a,4r1k1/pp3p1p/8/2pp4/8/3P2q1/PPP5/R1B2QK1 w - - 0 24,f1g2 e8e1,894,119,57,61,endgame mate mateIn1 oneMove pin,https://lichess.org/nlFTO7yg#47,,TRUE,https://lichess.org/training/JTS0a
JUJL7,8/1R6/1p2r2k/p1pp3p/8/1P1P1KQ1/P4P1P/3q4 w - - 6 39,f3f4 e6f6 f4e5 d1a1 d3d4 a1d4,1708,95,87,43,endgame long mate mateIn3,https://lichess.org/lmyNMV4E#77,,TRUE,https://lichess.org/training/JUJL7
JVNUF,4Q2R/k1p5/3q4/1pp5/2K1P3/2Pr4/1P6/8 w - - 0 39,c4b3 c5c4 b3a2 d6a6 a2b1 d3d1 b1c2 a6a4 b2b3 a4b3,1208,77,98,5581,endgame mate mateIn5 veryLong,https://lichess.org/dj5y7ZLz#77,,TRUE,https://lichess.org/training/JVNUF
JVx0F,k7/pp3P2/2p5/2p4R/2P1pQ2/1PB5/P2P1KN1/5qr1 w - - 1 41,f2e3 f1d3 e3f2 g1f1,1644,74,92,228,endgame mate mateIn2 short,https://lichess.org/bYQLXxKM#81,,TRUE,https://lichess.org/training/JVx0F
JZhEE,4r1k1/1Qp2ppp/1p6/8/3p1P2/3Pr1Pq/PPP4P/R4RK1 w - - 1 19,f1f2 e3e1 a1e1 e8e1 f2f1 e1f1,756,83,100,151,endgame kingsideAttack long mate mateIn3,https://lichess.org/PKNStxV3#37,,TRUE,https://lichess.org/training/JZhEE
JaPMh,8/p1R2kpp/1p4q1/5p2/P4P1Q/3rp3/6PP/7K b - - 1 35,f7e6 h4e7 e6d5 e7e5,1510,85,89,63,endgame mate mateIn2 short,https://lichess.org/9xg4QcFJ/black#70,,TRUE,https://lichess.org/training/JaPMh
Jaxqm,8/1P6/2p5/8/8/3rpp2/1R6/4K1k1 w - - 0 45,b7b8q f3f2 b2f2 e3f2 e1e2 f2f1q,960,78,92,368,advancedPawn attackingF2F7 endgame exposedKing long mate mateIn3 promotion queenRookEndgame,https://lichess.org/Q2Zlz2kE#89,,TRUE,https://lichess.org/training/Jaxqm
JcRsq,r3R1k1/7p/b4qpQ/3p1p2/p1n5/1p4PP/5PK1/1B2RN2 b - - 3 40,a8e8 e1e8 f6f8 e8f8,730,80,100,164,mate mateIn2 middlegame short,https://lichess.org/USZUIal2/black#80,,TRUE,https://lichess.org/training/JcRsq
Jexrd,5k2/3rp2r/3p1RQ1/3P3q/P1P2Pp1/1P4p1/7P/4R1K1 b - - 1 41,e7f6 e1e8,1538,77,84,421,endgame mate mateIn1 oneMove,https://lichess.org/Dmfdh0Vp/black#82,,TRUE,https://lichess.org/training/Jexrd
JhRvZ,r5rk/5Rpp/5b2/p2PpP2/qpp1PP2/7R/1P2Q1KP/1N6 b - - 2 29,e5f4 h3h7 h8h7 e2h5,1631,82,78,53,attraction kingsideAttack mate mateIn2 middlegame sacrifice short,https://lichess.org/8zeBKgn2/black#58,,FALSE,https://lichess.org/training/JhRvZ
JnO0z,3QN3/5p2/2q3pk/3K3p/p1r5/P4P2/8/3RR3 w - - 1 52,d5e5 c6e6,1590,97,84,129,endgame master masterVsMaster mate mateIn1 oneMove,https://lichess.org/HNnvwNrW#103,,TRUE,https://lichess.org/training/JnO0z
Joxyj,4r1k1/p4p1p/1pQ3pP/2p5/3B1p2/3P3P/P1P3B1/4q1KR w - - 1 27,g1h2 e1g3 h2g1 e8e1,1052,75,100,225,endgame mate mateIn2 short,https://lichess.org/pdyYJpbb#53,,TRUE,https://lichess.org/training/Joxyj
Jp7Kq,6k1/p5p1/1p2p3/4Pr2/2pPK1Q1/P1P3P1/5q2/2R4R w - - 2 43,c1f1 f2c2 e4e3 c2d3,1445,77,91,630,endgame master mate mateIn2 short,https://lichess.org/Kg0vPsV0#85,,TRUE,https://lichess.org/training/Jp7Kq
JroNm,2b2rk1/r4p1p/p3pRBQ/2p1q3/1p4P1/3P3P/PPP2R2/5K2 b - - 0 29,h7g6 f6g6 f7g6 f2f8,1779,74,95,1537,discoveredAttack kingsideAttack mate mateIn2 middlegame short,https://lichess.org/3IQ7dthM/black#58,,TRUE,https://lichess.org/training/JroNm
Js8b8,2r1b1k1/pp4r1/1q2p2Q/4P3/3Pp3/2P5/PP3RPP/R5K1 b - - 2 23,g7g6 f2f8,1457,74,100,964,mate mateIn1 middlegame oneMove,https://lichess.org/hNjYSFzG/black#46,,TRUE,https://lichess.org/training/Js8b8
JsHz6,3rrk2/ppp5/2n2Q2/4n3/8/2qB1PP1/P1P2P2/2KR4 b - - 3 25,f8g8 d3h7 g8h7 d1h1 h7g8 h1h8,1759,107,92,29,attraction exposedKing long mate mateIn3 middlegame sacrifice,https://lichess.org/HnwW2lCO/black#50,,TRUE,https://lichess.org/training/JsHz6
Jvyxq,5qk1/1p1r1p1p/p5pN/4P1Q1/6R1/7P/PPP2KP1/3r4 b - - 7 32,g8g7 g5f6 g7h6 g4h4,1684,75,100,200,endgame mate mateIn2 sacrifice short,https://lichess.org/59kSy1l8/black#64,,TRUE,https://lichess.org/training/Jvyxq
Jy2zG,8/pp3k1p/5p2/3p4/1r6/Q4NR1/PB1K1q1P/1R6 w - - 4 32,d2c3 b4c4 c3d3 f2c2 d3e3 c4e4,1937,111,82,26,exposedKing fork long mate mateIn3 middlegame,https://lichess.org/qWqoaDId#63,,TRUE,https://lichess.org/training/Jy2zG
K10zh,4rRk1/1p1r3p/6pQ/p3B3/2qP4/8/P5PP/5RK1 b - - 1 27,e8f8 f1f8,1171,75,89,240,endgame master mate mateIn1 oneMove,https://lichess.org/s8mFP71A/black#54,,TRUE,https://lichess.org/training/K10zh
K1PIF,r4r2/p1p1qp2/1p2pkp1/3b4/3P1Q1R/2P3P1/PP3P1P/R5K1 b - - 1 22,f6g7 f4h6 g7f6 h4f4,1158,76,98,464,mate mateIn2 middlegame short,https://lichess.org/NkvZ6nwa/black#44,,TRUE,https://lichess.org/training/K1PIF
K9Uuc,2b2rk1/p6p/2p4Q/1pP1Rp1N/1q4r1/3p4/P4PPP/4R1K1 b - - 1 29,d3d2 h5f6 f8f6 e5e8 f6f8 e8f8,1459,90,66,43,fork long mate mateIn3 middlegame sacrifice,https://lichess.org/ptEbNCWH/black#58,,TRUE,https://lichess.org/training/K9Uuc
KAvzL,3r1bnr/pk2qppp/1p6/8/3Bb3/P4P2/1P2Q1PP/2R1KB1R b K - 3 15,d8d4 e2a6 b7b8 c1c8,1071,77,84,267,mate mateIn2 middlegame short,https://lichess.org/oXWKDmIc/black#30,English_Opening English_Opening_Other_variations,TRUE,https://lichess.org/training/KAvzL
KDtdp,4r3/4rp1k/pq2PQp1/1p4Pp/1P2B3/P3p3/8/5K1R b - - 4 40,b6e6 h1h5 h7g8 h5h8,1239,75,97,430,endgame mate mateIn2 pin short,https://lichess.org/aeuZzQge/black#80,,TRUE,https://lichess.org/training/KDtdp
KEnp9,7r/1pp2kp1/p1P1p3/6p1/4B3/Q4qP1/P4P1K/R4R2 w - - 1 24,h2g1 h8h1,1482,76,98,2160,endgame mate mateIn1 oneMove,https://lichess.org/2E4erG9W#47,,TRUE,https://lichess.org/training/KEnp9
KIh7f,6r1/3Q2bR/2p2pkR/4p3/1rq1P3/2N3P1/PpP3P1/1K6 b - - 12 39,g7h6 d7f5,1644,87,43,95,master mate mateIn1 middlegame oneMove,https://lichess.org/Wdjh2c9r/black#78,,TRUE,https://lichess.org/training/KIh7f
KLvbO,R7/2kr1pp1/3p3p/1p6/3q3P/8/PPQ5/K7 b - - 3 39,c7b7 c2c8 b7b6 a8a6,1792,76,93,432,endgame fork mate mateIn2 short,https://lichess.org/Gq8rfoir/black#78,,TRUE,https://lichess.org/training/KLvbO
KLwVJ,2r3k1/1p3pp1/7p/p1rP4/4QP2/P1P3P1/1P1R3P/q1KR4 w - - 1 29,c1c2 c5c3 b2c3 c8c3,1878,76,96,1098,endgame mate mateIn2 sacrifice short,https://lichess.org/Fq5jv1Tc#57,,TRUE,https://lichess.org/training/KLwVJ
KN9qG,2k2r1r/Rp1n2b1/1npQ2p1/8/3P1B1P/2P5/1PK5/R4q2 b - - 7 32,f1f4 a7a8 b6a8 a1a8 d7b8 a8b8,1579,78,74,50,long mate mateIn3 middlegame queensideAttack sacrifice,https://lichess.org/CTaz9pAs/black#64,,TRUE,https://lichess.org/training/KN9qG
KPcfJ,5rk1/p4p2/1p3Qp1/1Pqp4/P6R/6P1/2r4P/3R3K b - - 1 34,c5c3 h4h8,1564,77,58,633,endgame mate mateIn1 oneMove,https://lichess.org/4OX1rLD7/black#68,,TRUE,https://lichess.org/training/KPcfJ
KSka3,r1b3kr/ppq3n1/2N3Q1/3p3p/P7/2PB2P1/1P3P1P/4RK1R b - - 0 28,b7c6 e1e8,1179,76,100,315,mate mateIn1 middlegame oneMove pin,https://lichess.org/fPFHaYPo/black#56,,TRUE,https://lichess.org/training/KSka3
KTrDV,2Rk1r2/6p1/1q1p3p/3Pp3/1P4Q1/8/5rPP/4R1K1 b - - 3 29,d8e7 g4e6,1501,231,33,19,endgame mate mateIn1 oneMove,https://lichess.org/V0yhnf21/black#58,,TRUE,https://lichess.org/training/KTrDV
KWeXv,5r2/pp1q2kp/2p5/3pPbPQ/3Pp3/1BP5/PP6/5RK1 b - - 0 26,f5g4 h5h6 g7h8 f1f8,1149,84,94,153,deflection endgame mate mateIn2 short,https://lichess.org/LxOOY43c/black#52,,TRUE,https://lichess.org/training/KWeXv
KaCel,6r1/5R2/1p1p1k2/pP4q1/P3Pp2/5n2/Q6P/7K b - - 3 53,f6e5 a2d5,1584,76,97,4123,endgame mate mateIn1 oneMove,https://lichess.org/1Kt3sqyr/black#106,,TRUE,https://lichess.org/training/KaCel
KbKjn,r3rk2/p5p1/5R2/3pn1Q1/Np6/3q4/PP4K1/7R b - - 0 40,g7f6 g5f6 e5f7 h1h8,1562,75,92,456,mate mateIn2 middlegame pin short,https://lichess.org/2zzR4dJa/black#80,,TRUE,https://lichess.org/training/KbKjn
KeBYe,3k3r/pr3pb1/3Q4/1R1B1bp1/6n1/6Pp/P1P1Pq1P/6RK b - - 1 37,b7d7 b5b8,1126,78,81,94,mate mateIn1 middlegame oneMove,https://lichess.org/uVBKQKHA/black#74,,TRUE,https://lichess.org/training/KeBYe
KeZ0J,8/6pk/5p1p/q4P2/2Q1P3/6P1/1rKR1R1P/r7 w - - 0 38,c2b2 a5a3 b2c2 a1c1,1634,75,96,2176,endgame mate mateIn2 short,https://lichess.org/pwFTWWhq#75,,TRUE,https://lichess.org/training/KeZ0J
KjExd,4r1k1/1p1q3p/p1pp1RbQ/4n3/P3P3/2P3P1/1P5P/R5K1 b - - 0 30,e8e7 f6f8,1214,143,100,7,mate mateIn1 middlegame oneMove,https://lichess.org/oexXbXAW/black#60,,TRUE,https://lichess.org/training/KjExd
KjR5c,1k4r1/pb3p2/8/1PR4p/4p2P/1QN1P2q/P4K2/3R4 w - - 3 30,f2e1 h3e3 c3e2 g8g1,1811,78,91,157,fork mate mateIn2 middlegame pin short,https://lichess.org/AXI4SAki#59,,TRUE,https://lichess.org/training/KjR5c
KlHmg,r5k1/5b2/2p4p/1p2Q1pP/8/3q1P2/1R2R1P1/2K5 w - - 0 42,e5e4 a8a1 b2b1 a1b1,1518,75,94,574,endgame master mate mateIn2 short,https://lichess.org/k6WqXu6p#83,,TRUE,https://lichess.org/training/KlHmg
KmcJd,6r1/ppp2R2/7k/3P2b1/1q1P2P1/4P3/P3K2Q/8 b - - 1 38,h6g6 h2h5,816,85,100,44,endgame master mate mateIn1 oneMove,https://lichess.org/T35y4ivI/black#76,,TRUE,https://lichess.org/training/KmcJd
KoDE5,1k2r3/2p3p1/1pR2p2/pP1P4/P7/3Q2Pq/4rP1P/2R3K1 w - - 4 30,c6c7 e2e1 c1e1 e8e1 d3f1 e1f1,841,82,87,66,endgame long mate mateIn3,https://lichess.org/WFctsUOd#59,,TRUE,https://lichess.org/training/KoDE5
KobX3,2r1r1k1/p2b1pb1/3p1QpR/3Pp1P1/1pq1P3/2N5/PP1B4/2K4R b - - 1 25,b4c3 h6h8 g7h8 h1h8,960,79,90,207,kingsideAttack mate mateIn2 middlegame sacrifice short,https://lichess.org/glGDv7HP/black#50,,TRUE,https://lichess.org/training/KobX3
KpBfb,5r1k/p1p3p1/bp5p/3Q4/1PPn3P/5N1q/P4R2/R1B1r1K1 w - - 4 28,f3e1 d4e2 f2e2 f8f1,1956,76,100,287,kingsideAttack mate mateIn2 middlegame sacrifice short,https://lichess.org/54sYbcEM#55,,TRUE,https://lichess.org/training/KpBfb
Kqbir,8/p4k1Q/1q2r3/1p2Rp2/2p2P2/8/1P5P/7K b - - 1 48,f7f6 e5f5,1500,500,100,1,endgame master mate mateIn1 oneMove,https://lichess.org/BqCSu2JM/black#96,,TRUE,https://lichess.org/training/Kqbir
Krx1X,r4k2/pb1q2B1/1pn1R1Qr/3p4/1bn5/2N5/PP3PPP/4R1K1 b - - 0 19,d7g7 e6e8 a8e8 e1e8,1393,74,100,256,mate mateIn2 middlegame short,https://lichess.org/IFinU2eR/black#38,,TRUE,https://lichess.org/training/Krx1X
KuIm6,5r2/pp6/1P1k4/P1p1p2p/Q1PpP2P/3P2pq/R4P2/5RK1 w - - 2 43,f2g3 f8f1,1633,75,99,509,endgame kingsideAttack mate mateIn1 oneMove,https://lichess.org/54YJpXS9#85,,TRUE,https://lichess.org/training/KuIm6
KuIuK,5rk1/1p4p1/2p1p3/p7/2PPQ3/PP5q/7R/4Rr1K w - - 2 33,e1f1 f8f1,439,100,100,174,endgame mate mateIn1 oneMove,https://lichess.org/x38YkNfB#65,,TRUE,https://lichess.org/training/KuIuK
KwN7N,7k/p5p1/7p/1P6/1P1q4/8/5rQK/R1R5 w - - 4 42,c1g1 d4h4,1020,82,100,62,endgame mate mateIn1 oneMove pin,https://lichess.org/Drqzmh7F#83,,TRUE,https://lichess.org/training/KwN7N
Kzytk,r6k/p3pr1p/2np2Q1/6N1/4P3/5PK1/1q4P1/7R b - - 2 30,f7g7 h1h7 h8g8 g6e6 g8f8 h7h8 g7g8 h8g8,1999,76,97,2065,mate mateIn4 middlegame veryLong,https://lichess.org/xjQw6aku/black#60,,TRUE,https://lichess.org/training/Kzytk
L0gNt,q2Rk1r1/2r2p1p/5Q2/4P3/1p6/8/P5PP/3R3K b - - 4 36,a8d8 d1d8,1575,279,100,48,endgame master mate mateIn1 oneMove,https://lichess.org/Pjqv0gau/black#72,,TRUE,https://lichess.org/training/L0gNt
L1wva,2r3kR/p4pq1/2r2Qp1/6P1/6P1/2P5/P1K5/7R b - - 10 37,g7h8 h1h8,550,86,73,65,endgame master mate mateIn1 oneMove,https://lichess.org/sAvpmXQV/black#74,,TRUE,https://lichess.org/training/L1wva
L4cXq,5r2/1pp5/p2p4/3q1p2/6p1/P3R1Q1/1PP5/K5k1 b - - 8 43,d5g2 e3e1,1396,85,88,123,endgame mate mateIn1 oneMove pin,https://lichess.org/iutLdmph/black#86,,TRUE,https://lichess.org/training/L4cXq
L8uaG,1rr5/5Rpk/p3R2p/8/1q5P/6Q1/5PPK/1q6 b - - 0 36,c8g8 e6h6 h7h6 g3g5 h6h7 g5h5,1737,75,97,1994,attraction long mate mateIn3 middlegame pin sacrifice,https://lichess.org/pUAv8Ivv/black#72,,TRUE,https://lichess.org/training/L8uaG
L9JVz,8/3QB1pk/2p4p/p4p2/3P3P/4PqP1/P1R2P1K/1r6 w - - 1 39,d7c6 b1h1,1412,87,70,57,endgame mate mateIn1 oneMove,https://lichess.org/3O5K576J#77,,TRUE,https://lichess.org/training/L9JVz
L9xIn,4Rk1r/pp4p1/6Q1/P2q1p2/1PpPr3/2P4P/6P1/4R1K1 b - - 4 36,e4e8 e1e8,484,95,93,163,endgame mate mateIn1 oneMove,https://lichess.org/ETYlggrv/black#72,,TRUE,https://lichess.org/training/L9xIn
LAcmx,r5k1/4R2p/p4rpQ/1p6/1P6/5b2/P1q2nPP/4R1K1 b - - 0 27,f6f7 e7e8 a8e8 e1e8 f7f8 e8f8,1468,128,100,64,long mate mateIn3 middlegame,https://lichess.org/howehlYE/black#54,,TRUE,https://lichess.org/training/LAcmx
LDhaP,5rk1/1bpn1ppp/8/3p2P1/3NpP2/1PqPP3/K1P1Q2P/3R2NR w - - 1 25,e2d2 f8a8 a2b1 a8a1,1322,76,100,285,mate mateIn2 middlegame short,https://lichess.org/EYjSqS06#49,,TRUE,https://lichess.org/training/LDhaP
LGBEb,2k2bnr/1p3ppp/pQp5/5q2/3r4/5B2/PP3PPP/R1B1R1K1 b - - 1 17,f8c5 e1e8 d4d8 e8d8,904,83,91,275,mate mateIn2 middlegame queensideAttack short,https://lichess.org/VAI9E7T3/black#34,Scandinavian_Defense Scandinavian_Defense_Mieses-Kotroc_Variation,TRUE,https://lichess.org/training/LGBEb
LGgrx,4r1k1/pb3p2/2p2P1R/1p3Nn1/1P6/2P3q1/P1Q3B1/3RrK2 w - - 3 29,d1e1 e8e1,637,82,100,212,mate mateIn1 middlegame oneMove,https://lichess.org/ISIK6K6K#57,,TRUE,https://lichess.org/training/LGgrx
LHpgW,r1b1kb1r/p1p4p/2p2Qp1/q3p3/4P3/4p3/PPP3PP/2KR2NR b kq - 0 14,h8g8 d1d8,1599,79,79,157,mate mateIn1 middlegame oneMove,https://lichess.org/9V9xHbE9/black#28,Blackmar-Diemer_Gambit Blackmar-Diemer_Gambit_Netherlands_Variation,TRUE,https://lichess.org/training/LHpgW
LJ7xK,4r1nr/4p3/1kp2b2/RR1q1p1p/5BpP/3P2N1/2Q2PPN/6K1 b - - 0 28,c6b5 c2c7,1575,78,73,280,mate mateIn1 middlegame oneMove,https://lichess.org/cLwiyza0/black#56,,TRUE,https://lichess.org/training/LJ7xK
LJ9H2,1k6/1n6/pQ6/3r4/NP1P1b2/P4q1P/2K2P2/4R3 b - - 4 41,f3a3 e1e8 d5d8 e8d8,1128,76,85,102,mate mateIn2 middlegame pin short,https://lichess.org/cp03cjb9/black#82,,TRUE,https://lichess.org/training/LJ9H2
LKy2P,1Q2k1r1/1p2npbp/2ppb1q1/8/5P2/5B2/1r4PP/3RR2K b - - 3 25,e8d7 d1d6,1681,77,97,1157,mate mateIn1 middlegame oneMove,https://lichess.org/EHgMdBTb/black#50,,TRUE,https://lichess.org/training/LKy2P
LO509,r3k3/p4p1r/1p1R1Q1b/1q6/4P2p/2P4P/PP3PP1/3R2K1 b q - 2 20,h6g5 d6d8 a8d8 d1d8,1575,75,80,204,mate mateIn2 middlegame short,https://lichess.org/mK5q5XAA/black#40,,TRUE,https://lichess.org/training/LO509
LOXsm,6k1/1pp4p/p2pp1p1/4b3/1PP1P3/1P2Nr2/3BQP1q/2R3K1 w - - 5 28,g1f1 h2h1,991,76,100,234,mate mateIn1 middlegame oneMove,https://lichess.org/frGoBOMh#55,,TRUE,https://lichess.org/training/LOXsm
LSBlm,4r1k1/5ppp/6n1/3Q2P1/Np1Pr3/qP5P/P1R5/1K1R4 w - - 3 33,d1f1 e4e1 f1e1 e8e1 c2c1 e1c1,805,90,100,326,long mate mateIn3 middlegame queensideAttack,https://lichess.org/FKq7CXmp#65,,TRUE,https://lichess.org/training/LSBlm
LScJG,3r1kq1/p7/2p2Q2/2b1p3/2P5/3r1NP1/PP3P2/K6R b - - 0 29,g8f7 h1h8,1237,90,100,42,mate mateIn1 middlegame oneMove pin,https://lichess.org/kc22e0sr/black#58,,TRUE,https://lichess.org/training/LScJG
LTtOX,3Q1k2/p4p2/2p1r1p1/1p1pP3/5PK1/1q6/7R/8 b - - 3 35,e6e8 h2h8 f8g7 d8f6,1905,76,90,743,endgame mate mateIn2 short,https://lichess.org/POu8GssO/black#70,,TRUE,https://lichess.org/training/LTtOX
LUIxh,r7/ppp1kp2/1bn2q2/4p3/2B5/P2P4/1PP3QP/2K2R2 b - - 2 19,f6h4 f1f7 e7d6 g2d5,1254,75,100,134,mate mateIn2 middlegame short,https://lichess.org/Hi2aV48p/black#38,,TRUE,https://lichess.org/training/LUIxh
LZ5fI,4R1k1/pp1r1Np1/2p2p2/3n1P2/3q4/1P5Q/P5PP/7K b - - 6 30,g8f7 h3h5 g7g6 h5g6,1272,77,91,245,endgame mate mateIn2 short,https://lichess.org/agg3NLJX/black#60,,TRUE,https://lichess.org/training/LZ5fI
Lcz6V,3r3r/1b6/p2k4/2Q5/8/1PP3q1/P5PP/4R1BK b - - 0 28,d6d7 e1e7,1545,80,86,486,mate mateIn1 middlegame oneMove,https://lichess.org/5KGVoxYr/black#56,,TRUE,https://lichess.org/training/Lcz6V
LduFf,3b4/3rk1p1/p1R1p1Q1/3pP3/3P3q/P7/5P2/5K2 b - - 9 36,h4h6 c6e6 e7f8 e6e8,1304,74,99,1846,endgame mate mateIn2 short,https://lichess.org/pkRNZ2OL/black#72,,TRUE,https://lichess.org/training/LduFf
LhRI3,7Q/pp2rk1p/2p1qp2/2Pp4/8/5R1P/PP4PK/8 b - - 9 32,e6e4 f3f6,1810,81,86,595,endgame mate mateIn1 oneMove,https://lichess.org/g11bgWQu/black#64,,TRUE,https://lichess.org/training/LhRI3
LiFA0,1k6/1p2bpp1/4p3/6P1/4QP2/qBP5/P2r4/1KR5 w - - 5 33,c1c2 d2d1 c2c1 d1c1,959,80,100,158,endgame mate mateIn2 short,https://lichess.org/o9yMzrKP#65,,TRUE,https://lichess.org/training/LiFA0
LlzDU,5r2/2q2pk1/3p3R/p3p1Pp/3pP2P/5Q2/1Pr5/1K3R2 b - - 1 33,f8b8 f3f6 g7g8 h6h8,1170,75,100,133,endgame mate mateIn2 short,https://lichess.org/VQQTKHL0/black#66,,TRUE,https://lichess.org/training/LlzDU
Lm3Do,5k2/1R3n2/rpp2Qpp/8/5P2/6PK/1P1q4/8 b - - 1 35,d2d5 b7b8 d5d8 b8d8,1319,134,100,37,endgame mate mateIn2 pin short,https://lichess.org/m34WTTyn/black#70,,TRUE,https://lichess.org/training/Lm3Do
Ln4WN,5qk1/p7/6Q1/7p/1P3p2/P6P/4RPP1/2rr1NK1 b - - 6 35,f8g7 e2e8,1069,78,100,382,endgame mate mateIn1 oneMove,https://lichess.org/6DLMxA9f/black#70,,TRUE,https://lichess.org/training/Ln4WN
LnKks,8/2R2p1p/1pPpkbp1/2n4q/4PB2/7P/3Q1PPK/r7 b - - 4 30,f6e5 d2d5 e6f6 c7f7,1709,77,92,742,mate mateIn2 middlegame short,https://lichess.org/bIB3b7aw/black#60,,TRUE,https://lichess.org/training/LnKks
LqkwF,6rk/2p4n/2Qp4/3Pp3/4Pp2/1P1Pq3/PB2N2R/4K3 w - - 2 37,c6d7 g8g1,1080,76,100,589,master mate mateIn1 middlegame oneMove pin,https://lichess.org/XvrwueaR#73,,TRUE,https://lichess.org/training/LqkwF
Lu72H,5rk1/6p1/p4r1p/8/3PR3/2P3Pq/PP1Q3P/4R1K1 w - - 1 36,e4e2 f6f1 e1f1 f8f1,851,78,100,309,endgame mate mateIn2 short,https://lichess.org/8Ci3Qymd#71,,TRUE,https://lichess.org/training/Lu72H
LuSqY,5rk1/8/p3p1p1/1p1p4/3qP3/1P5P/P1P3P1/2Q1RK2 w - - 1 39,f1e2 f8f2,1475,77,88,194,endgame mate mateIn1 oneMove,https://lichess.org/3no36A0g#77,,TRUE,https://lichess.org/training/LuSqY
LwZpI,2r4r/1kp5/1p2pp2/7p/3qP1p1/6P1/2QN2PK/R1R5 b - - 1 34,h5h4 c2c6 b7b8 a1a8,1169,75,71,143,mate mateIn2 middlegame short,https://lichess.org/rWKH2yzl/black#68,,TRUE,https://lichess.org/training/LwZpI
M06ys,R6r/3k4/1Q1p4/3Pp3/1P2P3/4B1Pq/5r1P/6K1 w - - 3 35,a8h8 f2f1,1005,78,100,77,endgame mate mateIn1 oneMove,https://lichess.org/ab066i2U#69,,TRUE,https://lichess.org/training/M06ys
M0td4,2r5/ppr3k1/5ppp/4Q3/4p2P/2P1P1R1/1PKR1P2/q7 w - - 0 33,e5e4 c7c3 b2c3 c8c3,1902,77,95,166,endgame master mate mateIn2 sacrifice short,https://lichess.org/sz9AIN35#65,,TRUE,https://lichess.org/training/M0td4
M3ejH,r3rk2/pp3p2/2pb1Q2/3p2p1/3P2q1/2P2P1R/PP4P1/R2K4 b - - 0 26,e8e6 h3h8,1410,77,88,78,mate mateIn1 middlegame oneMove,https://lichess.org/ORTOTIKw/black#52,,TRUE,https://lichess.org/training/M3ejH
M4CCR,2r1k3/1q2n2r/4R3/5pQ1/p2p2pB/P7/1P3PP1/6K1 b - - 0 33,b7d7 g5g8,1229,129,100,24,mate mateIn1 middlegame oneMove pin,https://lichess.org/Acb16br0/black#66,,FALSE,https://lichess.org/training/M4CCR
MAF6N,2r3k1/5pp1/p6p/8/R2Q3P/4PqP1/2r2P2/1R4K1 w - - 1 26,d4f4 c2c1 b1c1 c8c1 g1h2 c1h1,1208,75,100,200,endgame long mate mateIn3,https://lichess.org/iAyaX4Dw#51,,TRUE,https://lichess.org/training/MAF6N
MArDw,r3bk2/1pp1q2Q/p3pR1p/4P3/8/P3P3/1PP3PP/6K1 b - - 0 24,e8f7 h7h8,1385,88,68,56,endgame mate mateIn1 oneMove,https://lichess.org/vWDNtVWE/black#48,,FALSE,https://lichess.org/training/MArDw
MBtLl,1R1k4/3b1pp1/2p1p3/p1QpP2r/P2P2r1/8/q3NK1P/7R b - - 13 30,d8c7 c5d6,868,98,100,25,mate mateIn1 middlegame oneMove,https://lichess.org/BGBwCh7K/black#60,,TRUE,https://lichess.org/training/MBtLl
MCBRe,7k/1ppR2pp/1pn4r/8/1PB1p3/P1P2qB1/2Q2PK1/R7 w - - 1 31,g2f1 h6h1,1259,76,100,598,mate mateIn1 middlegame oneMove,https://lichess.org/Tqv60Ra5#61,,TRUE,https://lichess.org/training/MCBRe
MD3cw,2r3k1/3r2N1/6Qp/1p6/pP2R3/P1qp4/6P1/4R1K1 b - - 0 36,d7g7 e4e8 c8e8 e1e8,1230,76,77,241,endgame mate mateIn2 short,https://lichess.org/Ruz5N4PM/black#72,,TRUE,https://lichess.org/training/MD3cw
MFvGo,r6k/7p/p3QR2/1p1p4/2r5/2q5/6PP/5RK1 b - - 0 30,c4e4 f6f8 a8f8 f1f8 h8g7 f8g8,2121,75,95,1441,endgame long mate mateIn3,https://lichess.org/AqKFvpv9/black#60,,TRUE,https://lichess.org/training/MFvGo
MH48V,r4k2/5p1Q/p3p1n1/6b1/np1P4/5q2/PPR2P1P/1N2R1K1 b - - 4 25,g6f4 h7h8 f8e7 c2c7 e7d6 h8e5,1621,75,97,292,long mate mateIn3 middlegame,https://lichess.org/qUXdH2sQ/black#50,,TRUE,https://lichess.org/training/MH48V
MJfwt,6k1/p4p2/1p2pQp1/2rrP1P1/3q4/1P6/1P3PK1/7R b - - 1 32,d4e5 h1h8,1458,81,100,119,endgame mate mateIn1 oneMove,https://lichess.org/Vn6vNPJz/black#64,,TRUE,https://lichess.org/training/MJfwt
MLnt0,2r5/1q3ppp/p2Rpk2/1p2P3/1Q6/6P1/P4P1P/6K1 b - - 0 27,f6e5 b4f4,1812,87,82,54,endgame mate mateIn1 oneMove,https://lichess.org/d2mmOE7G/black#54,,TRUE,https://lichess.org/training/MLnt0
MMGtN,7k/p1p3pp/2Qb4/8/3P4/1P4Pq/PBP1r2P/5RK1 w - - 3 23,f1f2 e2e1 f2f1 e1f1,1029,76,100,523,endgame mate mateIn2 short,https://lichess.org/gu2BhXKT#45,,TRUE,https://lichess.org/training/MMGtN
MQ12H,4r1k1/pp3p1p/6p1/8/3Q4/2P2q1P/PP3P2/3R2K1 w - - 2 25,d1d3 e8e1 g1h2 e1h1,1731,74,96,512,endgame mate mateIn2 short,https://lichess.org/tO45fIT9#49,,TRUE,https://lichess.org/training/MQ12H
MQK7x,r4rk1/p4p1p/2p1B1pQ/8/5R2/8/2q3PP/5R1K b - - 0 22,f7e6 f4f8 a8f8 f1f8,999,80,100,170,endgame mate mateIn2 short,https://lichess.org/K3aIGCXY/black#44,,TRUE,https://lichess.org/training/MQK7x
MRNXo,2r3k1/1q3r1p/p5pQ/4np2/8/4P2P/PP1R1PP1/3R2K1 b - - 6 27,e5c4 d2d8 c8d8 d1d8 f7f8 d8f8,698,82,100,63,long mate mateIn3 middlegame,https://lichess.org/ODz35NXw/black#54,,TRUE,https://lichess.org/training/MRNXo
MSYuh,r7/1pR4p/4pQ2/3p4/1P3k2/3q4/6PP/4K3 b - - 0 32,f4e3 f6e5 d3e4 c7c3,2210,76,94,459,endgame mate mateIn2 pin short,https://lichess.org/rk7Vn0Nf/black#64,,TRUE,https://lichess.org/training/MSYuh
MTISH,8/p1p2pkp/6p1/2p5/2p2P2/2N1rq1P/PPQRNK2/8 w - - 5 28,f2e1 f3h1 e1f2 e3f3,1447,75,92,979,endgame mate mateIn2 short,https://lichess.org/0o9y0pM6#55,,TRUE,https://lichess.org/training/MTISH
MVVD1,4Rr2/ppk3p1/7p/3p4/3q1r2/P7/1PQ3PP/1B5K b - - 1 36,c7d7 c2c8 d7d6 e8e6,1903,75,96,1974,endgame mate mateIn2 short,https://lichess.org/wHffmPUf/black#72,,TRUE,https://lichess.org/training/MVVD1
MZHsi,4r1k1/5pbp/2Q5/p7/3p1P2/BP4Pq/P1P2R1P/3Rr1K1 w - - 5 24,d1e1 e8e1 f2f1 e1f1,1500,500,100,2,mate mateIn2 middlegame short,https://lichess.org/LKDirebL#47,,TRUE,https://lichess.org/training/MZHsi
MZZdi,2r1q3/2r2p1k/p1P2Qp1/4R1Rp/7P/5P2/5P2/5K2 b - - 0 32,e8c6 g5h5 g6h5 e5h5 h7g8 h5h8,1312,78,100,2469,endgame long mate mateIn3 sacrifice,https://lichess.org/AWN5XJHh/black#64,,TRUE,https://lichess.org/training/MZZdi
MZs3I,3Q4/8/3p2p1/P2Pp1k1/1p2P3/1P2qr1p/5R2/5K2 b - - 3 50,g5f4 d8h4,1719,84,88,1657,endgame mate mateIn1 oneMove,https://lichess.org/isDM0JRu/black#100,,FALSE,https://lichess.org/training/MZs3I
Magyg,8/pp1R3p/2r1k1p1/5nQ1/3N4/8/PP2rqPP/R6K b - - 5 26,f5d4 g5d5 e6f6 d7f7,1997,77,89,130,mate mateIn2 middlegame short,https://lichess.org/tGEDgaHx/black#52,,TRUE,https://lichess.org/training/Magyg
MbXnf,6R1/p1b5/5rkp/5p2/3p1qp1/1P1Q4/P7/4R1K1 b - - 1 42,g6f7 d3c4 f6e6 c4e6,1303,75,79,123,endgame mate mateIn2 short,https://lichess.org/UDA2nmuz/black#84,,TRUE,https://lichess.org/training/MbXnf
Mhs3z,r3brk1/pp3p1p/5RBQ/3q4/8/8/PP4PP/5R1K b - - 0 24,h7g6 f6g6 f7g6 f1f8,1593,75,91,421,discoveredAttack mate mateIn2 middlegame short,https://lichess.org/xTb4vkoc/black#48,,TRUE,https://lichess.org/training/Mhs3z
Ml2SF,3R2k1/pp3r1p/2nR2pQ/8/5p2/P7/1q3PPP/6K1 b - - 1 26,c6d8 d6d8 f7f8 d8f8,827,80,100,85,endgame mate mateIn2 short,https://lichess.org/cp4va9H1/black#52,,TRUE,https://lichess.org/training/Ml2SF
Mlb5L,1r6/6p1/Q1kbR3/pp1p1P2/3P4/P5q1/3K2P1/8 b - - 11 44,b8b6 a6c8,1937,143,33,19,endgame mate mateIn1 oneMove pin,https://lichess.org/ucSI3GrT/black#88,,FALSE,https://lichess.org/training/Mlb5L
MlcHs,3r2k1/p2r1p1p/3q2pQ/2p5/2Pp4/1P4PP/P3RP1K/4R3 b - - 4 29,d4d3 e2e8 d8e8 e1e8 d6f8 e8f8,1062,90,100,40,endgame kingsideAttack long mate mateIn3,https://lichess.org/wxfK6RVM/black#58,,TRUE,https://lichess.org/training/MlcHs
MpI4K,5r2/2p4k/p5p1/1p2p3/8/P5Pq/R1B1Q3/6K1 w - - 0 41,e2h2 f8f1,922,84,100,52,endgame mate mateIn1 oneMove,https://lichess.org/U3NfVnhi#81,,TRUE,https://lichess.org/training/MpI4K
Mql6R,3kR2r/pr3p2/2Qp2q1/2n3pp/8/2P4P/P1P2PP1/4R1K1 b - - 3 27,h8e8 e1e8,1431,79,69,82,endgame mate mateIn1 oneMove,https://lichess.org/uhKFjLDT/black#54,,TRUE,https://lichess.org/training/Mql6R
Mrlwl,r6r/q4pk1/p5p1/1p1QN1P1/8/1P1p4/PP5P/R3R2K w - - 1 27,e5d7 h8h2 h1h2 a7f2 h2h3 a8h8 h3g4 h8h4,1971,76,93,1137,attraction mate mateIn4 middlegame sacrifice veryLong,https://lichess.org/Q1wGsRih#53,,TRUE,https://lichess.org/training/Mrlwl
MsBzq,2kr3r/Rpp4P/1n3Q2/3q1P2/3P1b2/2P5/1PK5/R7 b - - 3 34,h8h7 a7a8 b6a8 a1a8 c8d7 a8d8,1735,75,97,189,long mate mateIn3 middlegame sacrifice,https://lichess.org/ClaUU6Hu/black#68,,TRUE,https://lichess.org/training/MsBzq
MsIlg,k6r/pp3p2/5n2/4Q3/2P3pr/3P1qN1/PP3P2/R3R1K1 w - - 1 25,e1e3 h4h1 g3h1 h8h1,1087,75,100,97,mate mateIn2 middlegame sacrifice short,https://lichess.org/ODEK02aF#49,,TRUE,https://lichess.org/training/MsIlg
Mvszu,5k1Q/1p3p1p/4b1r1/2p5/2p1N3/2P5/P3qPPP/3R2K1 b - - 1 25,g6g8 d1d8 f8e7 h8f6,1664,76,88,189,endgame mate mateIn2 short,https://lichess.org/pLGGPX6Y/black#50,,TRUE,https://lichess.org/training/Mvszu
Mxa58,r7/2R5/3kp3/8/3P1Q2/1q2P3/5PPP/q4RK1 b - - 4 38,e6e5 f4e5,1299,78,93,212,endgame mate mateIn1 oneMove,https://lichess.org/MQCm9rnj/black#76,,TRUE,https://lichess.org/training/Mxa58
MxcpF,4qk2/1r3p2/p7/6r1/7Q/3B4/1KP5/5R1R w - - 1 40,b2c1 e8e3 c1d1 b7b1,1061,78,76,108,mate mateIn2 middlegame short,https://lichess.org/NIOQt57F#79,,FALSE,https://lichess.org/training/MxcpF
MxrTz,7k/p5p1/1p3p2/3Q3p/PP3R2/6q1/4r3/6KR w - - 0 34,g1f1 e2e1,1458,76,69,620,endgame mate mateIn1 oneMove,https://lichess.org/iqydOxVE#67,,TRUE,https://lichess.org/training/MxrTz
MzDNT,3r1rk1/p4p1R/1q2pQp1/2p5/2P5/1P1R4/P5P1/5K2 b - - 0 26,g8h7 d3h3 h7g8 h3h8,1220,100,50,33,endgame mate mateIn2 short,https://lichess.org/n3h4SPql/black#52,,TRUE,https://lichess.org/training/MzDNT
N0keM,1k6/2p5/1pQ1p2r/p4p2/P4P1r/2P5/KP5p/3R4 b - - 1 41,h2h1q d1d8 b8a7 d8a8,2015,76,92,1098,endgame mate mateIn2 short,https://lichess.org/pfeKK4JG/black#82,,TRUE,https://lichess.org/training/N0keM
N2J7n,5rk1/p4rpp/2p5/4Q3/2P5/3P2Pq/P1P1R2P/4R1K1 w - - 5 33,e5e4 f7f1 e1f1 f8f1,1278,254,100,13,endgame mate mateIn2 short,https://lichess.org/dQHuCjSz#65,,TRUE,https://lichess.org/training/N2J7n
N4HAF,2r3k1/1p3pb1/1n6/p3R1Qp/3q2bP/3B4/PPP3P1/1K2R3 b - - 2 28,f7f6 e5e8 c8e8 e1e8 g8f7 g5g6,1149,76,91,453,exposedKing kingsideAttack long mate mateIn3 middlegame,https://lichess.org/luh40tYr/black#56,,TRUE,https://lichess.org/training/N4HAF
N56q2,3r2k1/4Rp2/6p1/2Q4p/1p4P1/1P3q1P/1P2NP2/6K1 w - - 3 35,c5e3 d8d1 g1h2 d1h1,1563,351,100,3,endgame mate mateIn2 short,https://lichess.org/ZlVpzKuO#69,,TRUE,https://lichess.org/training/N56q2
N57ja,1k4r1/1p1R1R2/pr5p/3pP3/1P1q1K2/P4QP1/8/8 w - - 0 39,f4f5 g8g5,1738,157,67,105,endgame mate mateIn1 oneMove,https://lichess.org/ZoWsrg9w#77,,FALSE,https://lichess.org/training/N57ja
NBeqk,4R1kr/5rb1/p1N3Q1/Np4p1/6pP/P7/KPP5/5q2 b - - 2 32,f7f8 c6e7,1109,76,90,711,master mate mateIn1 middlegame oneMove,https://lichess.org/AZ9QTyvO/black#64,,FALSE,https://lichess.org/training/NBeqk
NCikm,1r3r2/2pq3n/p3k3/1p2Q1R1/3P4/2P5/PP3PPP/6K1 b - - 1 34,e6f7 g5g7,1549,78,91,381,endgame mate mateIn1 oneMove,https://lichess.org/xCKTm2ex/black#68,,TRUE,https://lichess.org/training/NCikm
NEbgi,6rk/8/p7/1p4q1/2p4p/3p1Q1P/PP4P1/5R1K b - - 0 36,g5g3 f3h5 h8g7 f1f7,1587,76,93,331,endgame mate mateIn2 short,https://lichess.org/aUX3TIBa/black#72,,TRUE,https://lichess.org/training/NEbgi
NEnIN,2b2rk1/1p1pR2p/3p2pQ/3P4/2P4P/1Pq3P1/5P2/6K1 b - - 1 26,f8f7 e7e8 f7f8 e8f8,1038,77,100,557,endgame fork mate mateIn2 short,https://lichess.org/zRpyOzd6/black#52,,TRUE,https://lichess.org/training/NEnIN
NJzjJ,6k1/pr3p2/6RQ/2pp2p1/4r3/1PP3qP/P5P1/5RK1 b - - 1 28,f7g6 f1f8,1627,75,95,2979,endgame mate mateIn1 oneMove,https://lichess.org/nggNDHfz/black#56,,TRUE,https://lichess.org/training/NJzjJ
NKYKx,8/pp4pk/2p4p/3bR2P/3q4/8/P1Q3P1/7K b - - 0 33,h7g8 e5e8 g8f7 c2g6,1105,77,98,939,endgame mate mateIn2 short,https://lichess.org/MclgTUMR/black#66,,TRUE,https://lichess.org/training/NKYKx
NKiGb,4R3/3n1rk1/p2p4/2pqp1PQ/2p1p3/P3n3/1P1N1P2/R2K4 w - - 2 27,f2e3 f7f1 d1e2 d5d3,1478,89,52,40,mate mateIn2 middlegame pin short,https://lichess.org/jLqCC5QD#53,,TRUE,https://lichess.org/training/NKiGb
NLFW9,5r1k/pp4pp/4R3/3p4/3Q2Pq/5r1P/PP2RPK1/8 w - - 8 26,e6e7 h4h3 g2g1 f3g3 f2g3 f8f1,1744,75,97,772,clearance endgame long mate mateIn3 sacrifice,https://lichess.org/FbI3wUBn#51,,TRUE,https://lichess.org/training/NLFW9
NMAjR,1k4r1/p4p2/1pP1p2p/8/Q2N4/2P3q1/PP6/3R2K1 w - - 0 28,g1f1 g3h3 f1e1 h3e3 d4e2 g8g1,2602,107,90,508,endgame exposedKing long mate mateIn3 pin,https://lichess.org/058SlPq6#55,,TRUE,https://lichess.org/training/NMAjR
NMDGE,6r1/p4pk1/4pp2/6RQ/4q3/7K/PP6/5R2 b - - 0 28,f6g5 f1f7,1687,81,83,118,endgame master masterVsMaster mate mateIn1 oneMove,https://lichess.org/Z6YM9vWx/black#56,,TRUE,https://lichess.org/training/NMDGE
NQScc,2r2rk1/2P2p2/5Qp1/p7/1p5R/4q2P/6PK/2R5 b - - 12 33,e3c1 h4h8,928,136,41,29,endgame mate mateIn1 oneMove,https://lichess.org/kPgi7VrC/black#66,,TRUE,https://lichess.org/training/NQScc
NR5Of,6k1/1p4p1/6p1/2P3Q1/7P/r5N1/R3R3/1K1q4 w - - 2 40,b1b2 a3b3,1757,139,100,53,endgame master mate mateIn1 oneMove,https://lichess.org/R61I964O#79,,TRUE,https://lichess.org/training/NR5Of
NRdqZ,2r2r2/p2q1pk1/b3p1p1/4P3/N4P1Q/7R/P5P1/7K b - - 1 32,f8h8 h4f6 g7g8 h3h8,1171,79,91,278,discoveredAttack mate mateIn2 middlegame short,https://lichess.org/MNbjIhJU/black#64,,TRUE,https://lichess.org/training/NRdqZ
NRvtA,4R3/2r2p1k/5Qpp/8/p1q5/7P/5PP1/6K1 b - - 1 34,c4c3 e8h8,1620,76,96,4351,endgame mate mateIn1 oneMove,https://lichess.org/LeQsSDqK/black#68,,TRUE,https://lichess.org/training/NRvtA
NU51C,8/1Q1rkp1p/5p1q/pP6/4N3/8/6R1/6K1 w - - 1 37,b7c6 d7d1 g1f2 h6f4 f2e2 f4f1 e2e3 d1d3,1992,86,87,56,endgame exposedKing fork mate mateIn4 veryLong,https://lichess.org/YPN2iFik#73,,TRUE,https://lichess.org/training/NU51C
NUX9x,r1b1r1k1/pp3p2/3p1Qp1/2p5/2P1q3/4B3/PPP2PP1/R3K2R b KQ - 1 17,e4e5 h1h8,1298,76,100,110,mate mateIn1 middlegame oneMove,https://lichess.org/0xvpuNmQ/black#34,Sicilian_Defense Sicilian_Defense_Modern_Variations,TRUE,https://lichess.org/training/NUX9x
NUwWr,2k4r/3r4/2Q5/p1p5/P1P5/1P2PR2/5KP1/q7 b - - 2 35,d7c7 c6a8 c8d7 f3f7 d7e6 a8d5,1823,80,86,69,endgame exposedKing long mate mateIn3,https://lichess.org/n6FwQofX/black#70,,TRUE,https://lichess.org/training/NUwWr
NZfad,7R/pq4p1/1p1Q2kp/2p2b2/5P2/P5BP/1Pr3PK/8 b - - 11 35,g6f7 h8f8,1480,82,86,1098,endgame mate mateIn1 oneMove,https://lichess.org/MyeFBmmb/black#70,,TRUE,https://lichess.org/training/NZfad
NaJ0W,7k/p3R2p/5p1P/8/2Q5/5q1P/PBP5/4K1r1 w - - 2 41,e1d2 g1d1,1715,79,89,475,endgame master mate mateIn1 oneMove,https://lichess.org/gt4hkT2m#81,,TRUE,https://lichess.org/training/NaJ0W
NbQwH,8/1pp2Rp1/1p1pk1p1/8/1P2P1P1/P1q4r/Q7/6K1 b - - 5 29,e6e5 a2d5,1619,76,90,2714,endgame mate mateIn1 oneMove,https://lichess.org/yC7xoFKx/black#58,,TRUE,https://lichess.org/training/NbQwH
NdShp,4rk1Q/8/6p1/3q1nP1/3p4/8/3p1P2/5K1R b - - 2 43,d5g8 h8f6 g8f7 h1h8,1174,75,100,273,clearance endgame mate mateIn2 short,https://lichess.org/LxQCOqdA/black#86,,TRUE,https://lichess.org/training/NdShp
NfiFK,4rbk1/p4p1p/2p2Bp1/R7/8/3B2q1/1PPQ2b1/5K2 w - - 0 33,d2g2 e8e1,935,79,100,357,mate mateIn1 middlegame oneMove,https://lichess.org/lc9tgvTS#65,,TRUE,https://lichess.org/training/NfiFK
NhBjI,7k/pp2R1pp/4Kr2/2p5/q1P5/8/P2B2QP/5B2 w - - 9 38,e6d5 a4c6 d5e5 c6d6 e5e4 d6d4,2047,78,85,74,endgame fork long mate mateIn3,https://lichess.org/ffUY5IAS#75,,TRUE,https://lichess.org/training/NhBjI
NjBgY,8/4r3/P5k1/2pQ1p2/6p1/1P1B2Pq/2P2PKP/8 w - - 3 40,g2g1 e7e1 d3f1 e1f1,952,173,100,9,endgame mate mateIn2 short,https://lichess.org/20CbPne3#79,,TRUE,https://lichess.org/training/NjBgY
NlDZA,3k1r2/p1p5/3p2pp/6q1/2B5/1P5r/P4P1P/R2Q1R1K w - - 0 24,f1g1 h3h2 h1h2 g5h4 h2g2 f8f2,2238,77,91,407,attraction long mate mateIn3 middlegame sacrifice,https://lichess.org/N91tQvJQ#47,,TRUE,https://lichess.org/training/NlDZA
NqRzn,5k2/r1r5/5Q2/pp1p1p2/4qP2/P5P1/1P4P1/K6R b - - 4 33,f8e8 h1h8 e8d7 h8d8,1857,78,85,80,endgame mate mateIn2 short,https://lichess.org/HJyeeUW6/black#66,,TRUE,https://lichess.org/training/NqRzn
NuYTm,8/5rk1/3p2p1/p1pR3p/2P1Q2P/1P3rPq/P3RP2/6K1 w - - 12 40,d5d6 f3g3 f2g3 f7f1,1813,75,93,1025,clearance endgame mate mateIn2 sacrifice short,https://lichess.org/Y4m1Yg84#79,,TRUE,https://lichess.org/training/NuYTm
NvEs8,2r5/1b1N1Qpk/pqp1pb2/2Rr4/Pp1P4/4P3/1P3PPP/5RK1 b - - 4 22,d5d7 c5h5,1328,74,97,621,master mate mateIn1 middlegame oneMove,https://lichess.org/9sx5aRAf/black#44,,TRUE,https://lichess.org/training/NvEs8
NvUAm,8/p6k/1p1B4/8/7P/2P2qP1/PP1QrP2/6K1 w - - 2 32,d2f4 e2e1 g1h2 e1h1,1080,74,96,7221,endgame mate mateIn2 short,https://lichess.org/BI5xbES0#63,,TRUE,https://lichess.org/training/NvUAm
NwE6J,3Q4/5pkp/6p1/1Bp5/1p6/5qPP/1P1R3K/r7 w - - 4 37,d8d3 a1h1,927,81,100,88,endgame master mate mateIn1 oneMove,https://lichess.org/Xw9vfa6x#73,,TRUE,https://lichess.org/training/NwE6J
O7p9a,3r2r1/5p2/p3bQnk/8/P4R2/3P4/6P1/7K b - - 0 36,d8d3 f4h4,1147,80,92,83,endgame mate mateIn1 oneMove pin,https://lichess.org/KLI3JZrv/black#72,,TRUE,https://lichess.org/training/O7p9a
O7wyh,4r3/ppp3k1/7p/1N1p4/6q1/2PB2P1/PPQ2P1P/5K2 w - - 1 24,b5c7 g4h3 f1g1 e8e1 d3f1 e1f1,1108,87,92,110,endgame long mate mateIn3,https://lichess.org/Q7rlLgMn#47,,TRUE,https://lichess.org/training/O7wyh
O8rUo,6k1/3q4/4pQp1/3p4/p2p4/P2P2P1/1pr2PK1/7R b - - 1 37,d7f7 h1h8,799,77,76,164,endgame master masterVsMaster mate mateIn1 oneMove,https://lichess.org/TekGuONc/black#74,,TRUE,https://lichess.org/training/O8rUo
OGEE6,r4r2/7p/1p1R4/6pk/5Qb1/q1P1P3/2P2P2/1K5R b - - 1 31,g4h3 h1h3,857,77,87,405,hangingPiece mate mateIn1 middlegame oneMove,https://lichess.org/0z5GKcsb/black#62,,FALSE,https://lichess.org/training/OGEE6
OKTZ5,2kB4/ppq2p2/2p1n3/5B2/3P4/2P5/PP4Kr/R2Q1Rb1 w - - 5 22,g2f3 c7f4,1441,100,91,60,master mate mateIn1 middlegame oneMove,https://lichess.org/NTFNZlRX#43,,TRUE,https://lichess.org/training/OKTZ5
OKoV8,r1Q1k1r1/3b1p1p/1p2pQ2/6p1/Pq6/1P6/5PPP/2RR2K1 b q - 0 27,a8c8 c1c8 d7c8 d1d8,919,77,100,159,mate mateIn2 middlegame short,https://lichess.org/azrQfrRT/black#54,,TRUE,https://lichess.org/training/OKoV8
OOKnL,6k1/p4p2/1p3Qpp/3p4/8/1q2RKPP/1Pr5/8 b - - 5 30,b3b2 e3e8 g8h7 e8h8,1907,76,93,1077,endgame mate mateIn2 short,https://lichess.org/HwQbBwgh/black#60,,TRUE,https://lichess.org/training/OOKnL
OQ4kn,r4r2/p4p1k/1p1pbQ2/4q3/7R/2P5/P4PPP/R5K1 b - - 3 23,h7g8 h4h8,1304,78,100,89,mate mateIn1 middlegame oneMove,https://lichess.org/QWMOk1CJ/black#46,,TRUE,https://lichess.org/training/OQ4kn
OTZlS,6R1/1p5r/p2q1p1k/5Qp1/7p/2P1p2K/PP3P2/8 b - - 7 52,h7g7 g8h8 g7h7 h8h7,1096,75,100,321,endgame mate mateIn2 short,https://lichess.org/yNKSu6qk/black#104,,TRUE,https://lichess.org/training/OTZlS
OUxr1,6k1/3q1r1p/p4p1Q/1p2p3/2p2nPP/2P1N3/PP3P2/3R2K1 b - - 2 33,d7b7 d1d8 f7f8 d8f8,849,79,100,62,endgame kingsideAttack mate mateIn2 short,https://lichess.org/d7L0el3q/black#66,,TRUE,https://lichess.org/training/OUxr1
OW6Zl,2r2r2/2q2pk1/p3p1p1/1p1pP1QR/8/P1P3P1/1P1N1PP1/6K1 b - - 0 26,f8h8 g5f6 g7g8 h5h8,1376,205,82,10,endgame master mate mateIn2 short,https://lichess.org/wuXAyW5w/black#52,,TRUE,https://lichess.org/training/OW6Zl
OWAPK,4Q3/1p6/pk1q4/3pb1p1/6Kr/1PPN3P/PB3R2/R7 w - - 6 36,g4g5 d6h6 g5f5 h6f6,1532,74,97,485,mate mateIn2 middlegame short,https://lichess.org/C8GLEVeR#71,,TRUE,https://lichess.org/training/OWAPK
OWElC,5B1k/p1Q3p1/1p5p/8/2B2p1P/6q1/PP2K3/RN2r3 w - - 5 27,e2d2 g3e3 d2c2 e1c1,1529,75,99,1758,mate mateIn2 middlegame short,https://lichess.org/1etC5YAc#53,,TRUE,https://lichess.org/training/OWElC
OZ8ph,6k1/4Rp2/2p2Qp1/1p5p/3P4/r1P4P/2q2PPK/8 b - - 5 29,c2f5 e7e8 g8h7 e8h8,1088,75,99,551,endgame mate mateIn2 short,https://lichess.org/iCdAysT7/black#58,,TRUE,https://lichess.org/training/OZ8ph
OZgNe,r5k1/2p3pp/2p2n2/3p1Q2/3P1N2/1q2P3/5PP1/2KR3R w - - 2 25,f5b1 b3c3 b1c2 a8a1,1337,84,50,61,mate mateIn2 middlegame queensideAttack short,https://lichess.org/zWU78kDQ#49,,TRUE,https://lichess.org/training/OZgNe
ObOj3,2r3k1/1pr4p/2q1pRpQ/1p2P3/3p2P1/2P5/PP5P/5RK1 b - - 1 27,d4c3 f6f8 c8f8 f1f8,1118,237,100,17,endgame mate mateIn2 short,https://lichess.org/T4AzixZN/black#54,,TRUE,https://lichess.org/training/ObOj3
Obok6,r6k/r4p1P/2Q3p1/2p1p3/1p1qP3/1P1p2P1/P7/RKR5 b - - 3 49,d3d2 c6f6 h8h7 c1h1 h7g8 h1h8,1438,76,82,206,endgame exposedKing long mate mateIn3,https://lichess.org/FU4ezvJa/black#98,,TRUE,https://lichess.org/training/Obok6
ObrFg,3r1n2/p4p1k/1p2pQp1/8/3Np3/2P1P3/bP3P2/qBK4R b - - 1 35,h7g8 h1h8,745,80,100,85,mate mateIn1 middlegame oneMove,https://lichess.org/7dZsIe1e/black#70,,TRUE,https://lichess.org/training/ObrFg
Obsff,7k/2q2r1n/pp5Q/5P2/1P2R3/P6P/4p1P1/6K1 b - - 1 42,f7f5 e4e8 f5f8 e8f8,1025,76,100,113,endgame mate mateIn2 pin short,https://lichess.org/yDYeazhs/black#84,,TRUE,https://lichess.org/training/Obsff
ObtrZ,Q4bk1/ppp3p1/4b3/8/4r3/2N2nPq/PPP4P/R1B2RK1 w - - 0 20,f1f3 e4e1 f3f1 e1f1,709,80,80,91,kingsideAttack mate mateIn2 middlegame short,https://lichess.org/9hgQVe5g#39,,TRUE,https://lichess.org/training/ObtrZ
OeIbe,3r1kr1/1p4p1/p1ppQpRp/4pP2/4q3/1P4RP/6PK/8 b - - 1 33,e4d5 g6f6 g7f6 g3g8,1792,75,98,944,discoveredAttack endgame mate mateIn2 short,https://lichess.org/YqQhnyTV/black#66,,TRUE,https://lichess.org/training/OeIbe
OkZjh,r6k/1R1N2pp/8/4Q3/8/K7/1Pq3P1/8 w - - 2 46,a3b4 a8a4 b4b5 c2c4 b5b6 a4a6,1937,76,94,1122,endgame long mate mateIn3,https://lichess.org/I8fSrf2i#91,,TRUE,https://lichess.org/training/OkZjh
OnEeF,r4rk1/1p3p2/4bQ2/q3P1P1/6p1/1p6/PPP3P1/2K4R b - - 1 29,a5a2 h1h8,1164,157,53,37,endgame mate mateIn1 oneMove,https://lichess.org/3e3cCakZ/black#58,,TRUE,https://lichess.org/training/OnEeF
OneHN,r4r2/pp3p1k/4pQ2/3p1n2/7R/6PP/PPq5/3R2K1 b - - 3 28,h7g8 h4h8,764,78,89,256,mate mateIn1 middlegame oneMove,https://lichess.org/0kV9UAxY/black#56,,TRUE,https://lichess.org/training/OneHN
OnzMi,1r5r/5pk1/3pp1p1/6P1/ppn1P3/PqP5/1P3Q2/1BKR3R b - - 1 30,b4c3 f2f6 g7g8 h1h8,1332,77,87,440,mate mateIn2 middlegame short,https://lichess.org/aVJDlK7J/black#60,,TRUE,https://lichess.org/training/OnzMi
Ot2r1,6k1/2q5/p3r2p/2B2Qpn/1P6/P4P1P/3R2PK/8 w - - 5 44,h2g1 e6e1 g1f2 c7g3,1164,82,92,243,endgame mate mateIn2 short,https://lichess.org/d6vfXdix#87,,TRUE,https://lichess.org/training/Ot2r1
OtpYU,5rB1/7n/p4r1k/1p2Q3/3pP3/P2P3q/6R1/R6K w - - 0 36,g2h2 f6f1 a1f1 f8f1,1023,84,100,39,mate mateIn2 middlegame short,https://lichess.org/vO2Bdltq#71,,TRUE,https://lichess.org/training/OtpYU
OvBqJ,5r1k/1p4p1/p4r1p/8/1PP4P/4Q1Pq/P5R1/4R1K1 w - - 1 33,g2h2 f6f1 e1f1 f8f1,979,82,100,54,endgame mate mateIn2 short,https://lichess.org/OqrIuLcH#65,,TRUE,https://lichess.org/training/OvBqJ
OwF1K,rnbq1bnr/ppp3k1/3p3p/7Q/4PR1p/8/PPPP2PP/RNB3K1 b - - 0 9,d8g5 f4f7,929,76,100,151,mate mateIn1 oneMove opening,https://lichess.org/4UzbBTLb/black#18,Kings_Gambit_Accepted Kings_Gambit_Accepted_Kings_Knights_Gambit,TRUE,https://lichess.org/training/OwF1K
OxcOq,4r1k1/ppbr1p2/5Qp1/q3P3/2Pp4/1P5R/P4RK1/8 b - - 1 35,a5e5 h3h8,1420,75,89,1073,mate mateIn1 middlegame oneMove,https://lichess.org/flrru887/black#70,,TRUE,https://lichess.org/training/OxcOq
Oxlml,8/p1p3rk/1b6/3pP3/3Pb1pQ/4B2P/PP2q3/5RK1 b - - 5 40,h7g6 f1f6,1446,76,100,219,mate mateIn1 middlegame oneMove,https://lichess.org/gsk4iZTR/black#80,,TRUE,https://lichess.org/training/Oxlml
P1Ams,6k1/Q4p2/6p1/2r1p1np/3pP3/1P3PPq/P2R2KP/5R2 w - - 3 37,g2g1 g5f3 f1f3 c5c1 d2d1 c1d1 f3f1 d1f1,1056,87,94,408,endgame master mate mateIn4 sacrifice veryLong,https://lichess.org/FExxOuJg#73,,TRUE,https://lichess.org/training/P1Ams
P2Bze,3q3k/6b1/1QRp2np/3Pp3/4P1P1/6pB/1P1B1rK1/8 w - - 0 32,g2g3 d8h4,936,78,100,185,master mate mateIn1 middlegame oneMove,https://lichess.org/eDrJjduo#63,,TRUE,https://lichess.org/training/P2Bze
P4e8I,r2q2r1/p1pb3k/1p1p1b2/1P1P4/2P1P3/P4Q1P/R5P1/5RK1 b - - 6 39,f6e5 f3h5 h7g7 f1f7,1580,75,91,414,mate mateIn2 middlegame short,https://lichess.org/sL7Mt9ig/black#78,,TRUE,https://lichess.org/training/P4e8I
P6ZQS,2kr4/pp3p1p/8/P1p1Q3/4P3/3q1p2/1K3P2/2R1Bnr1 b - - 1 41,f1d2 c1c5 c8d7 c5c7,1909,116,86,29,mate mateIn2 middlegame queensideAttack short,https://lichess.org/KCjcJODY/black#82,,TRUE,https://lichess.org/training/P6ZQS
P6zGv,r4rk1/pbq4p/1pp1pQR1/4P3/8/1P6/PB2BK2/7R b - - 0 25,h7g6 h1h8,966,76,82,118,mate mateIn1 middlegame oneMove,https://lichess.org/VjIIUmjy/black#50,,TRUE,https://lichess.org/training/P6zGv
PB7vP,3rq2r/p4R2/k1b5/1P1QP3/P6b/2P5/3K3P/R7 b - - 0 30,c6b5 a4b5 a6b6 a1a6,1223,77,92,368,doubleCheck mate mateIn2 middlegame short,https://lichess.org/ORoaJ4T9/black#60,,FALSE,https://lichess.org/training/PB7vP
PB9oC,1Q6/1p3ppk/5rp1/3p2q1/8/1PP5/P4P1K/2R4R w - - 4 29,c1g1 g5h4 h2g2 f6f2,2360,82,89,56,endgame mate mateIn2 short,https://lichess.org/08bDY5OK#57,,TRUE,https://lichess.org/training/PB9oC
PETKX,2k2r2/pp6/2p2rp1/8/1PP1Q1P1/P3RP2/4RK2/7q w - - 1 36,e4e5 f6f3 e3f3 f8f3,2011,77,100,494,endgame mate mateIn2 short,https://lichess.org/cXloC6uV#71,,TRUE,https://lichess.org/training/PETKX
PGue4,4r1k1/4r3/Q2p2pp/2pP4/2P2P2/2N2bPq/P6P/R4RK1 w - - 3 26,f1f3 e7e1 a1e1 e8e1 f3f1 e1f1,787,79,100,102,long mate mateIn3 middlegame,https://lichess.org/bNespmDW#51,,TRUE,https://lichess.org/training/PGue4
PPseO,8/5pk1/6p1/1p1B2p1/1P1P2P1/R4K1P/3r3q/5Q2 w - - 7 44,a3a7 h2f4,1481,74,100,589,endgame mate mateIn1 oneMove,https://lichess.org/MtKlHUdx#87,,TRUE,https://lichess.org/training/PPseO
PQozr,5r1k/2p2p1P/p3p1p1/2P1P1Q1/5R2/3P4/1P3q2/3K4 b - - 0 30,f2b2 g5f6 h8h7 f4h4 h7g8 h4h8,1116,76,100,394,endgame exposedKing long mate mateIn3,https://lichess.org/AlGO78s9/black#60,,TRUE,https://lichess.org/training/PQozr
PTKap,r1k3nr/p1p2bp1/2pbq2p/Q7/4PB2/8/PPP2PPP/RN1R2K1 b - - 7 17,d6f4 a5a6 c8b8 d1d8 e6c8 d8c8,1167,76,100,340,long mate mateIn3 middlegame queensideAttack,https://lichess.org/tBGwpYHT/black#34,Ruy_Lopez Ruy_Lopez_Nurnberg_Variation,TRUE,https://lichess.org/training/PTKap
PTv1w,5rk1/3r1p2/p2P1RpQ/8/8/1qpn4/6PP/5R1K b - - 1 32,c3c2 f6g6 f7g6 f1f8,1816,77,88,83,discoveredAttack mate mateIn2 middlegame short,https://lichess.org/3e9In5C6/black#64,,TRUE,https://lichess.org/training/PTv1w
PVZ3f,r2Rkr2/pbp2p2/1pq1pQ2/4P2p/8/2N2P1p/PPP3P1/3R2K1 b - - 3 24,a8d8 d1d8,974,167,100,23,mate mateIn1 middlegame oneMove,https://lichess.org/hmiWXcGM/black#48,,TRUE,https://lichess.org/training/PVZ3f
PZ087,2R3Q1/1p1r1r1p/pq5k/4P3/6P1/1P3n1P/P5K1/5R2 w - - 2 30,f1f3 d7d2 g2g3 f7f3 g3f3 b6f2 f3e4 d2d4,2255,80,94,1884,attraction endgame mate mateIn4 veryLong,https://lichess.org/s7qrseXQ#59,,TRUE,https://lichess.org/training/PZ087
PZW0a,4r1k1/3n2pB/p7/2p5/P1Pp1q2/2nQ3P/2N2r2/4R1K1 b - - 3 35,g8f7 d3g6 f7f8 e1e8,994,76,80,221,mate mateIn2 middlegame short,https://lichess.org/15vD6jbQ/black#70,,TRUE,https://lichess.org/training/PZW0a
Pc91n,5R2/1p2r1k1/p5pp/8/2PqP3/1P6/6PP/5Q1K b - - 4 33,d4e4 f1f6 g7h7 f8h8,1330,77,88,154,endgame mate mateIn2 short,https://lichess.org/b77NQEi3/black#66,,TRUE,https://lichess.org/training/Pc91n
PhyLE,r2r2k1/n2q1p2/p2p1Qp1/1p2p3/2p1P3/P1PP4/BP3PP1/R3K2R b KQ - 0 23,d7e6 h1h8,894,78,100,249,mate mateIn1 middlegame oneMove,https://lichess.org/dqkiRTOZ/black#46,,TRUE,https://lichess.org/training/PhyLE
PmJdE,1r2R1kr/5p1p/pp1q2pQ/5pP1/2Pp2bK/3B4/PP5P/4R3 b - - 3 34,b8e8 e1e8 d6f8 e8f8,765,83,100,326,kingsideAttack mate mateIn2 middlegame short,https://lichess.org/EYlFaCOM/black#68,,TRUE,https://lichess.org/training/PmJdE
PmTNB,5k2/3r1n2/5Qp1/p2p4/3P4/P1Nq4/KP6/7R b - - 19 39,d3f5 h1h8,1109,76,94,252,endgame mate mateIn1 oneMove pin,https://lichess.org/jZN8n90U/black#78,,TRUE,https://lichess.org/training/PmTNB
Pob8W,7k/q3rp1P/p2p2p1/3P2P1/5Q2/8/5R2/7K b - - 4 42,a7c7 f4f6 h8h7 f2h2 h7g8 h2h8,1326,90,100,140,endgame exposedKing long mate mateIn3,https://lichess.org/okTL3A6a/black#84,,TRUE,https://lichess.org/training/Pob8W
Pp8pg,3Q4/6pk/p3r2p/PpP4p/8/2P3qP/3R2P1/6K1 w - - 8 39,d8d7 e6e1,931,85,96,115,endgame mate mateIn1 oneMove,https://lichess.org/CUnaBVmF#77,,TRUE,https://lichess.org/training/Pp8pg
Q0jyj,r1b2Qnr/2q2Npp/1p1pk3/n7/4PB2/6P1/PP3P1P/R2R2K1 b - - 2 18,c7f7 d1d6,980,81,89,124,mate mateIn1 middlegame oneMove,https://lichess.org/8XEAwgH4/black#36,Sicilian_Defense Sicilian_Defense_Smith-Morra_Gambit_Accepted,FALSE,https://lichess.org/training/Q0jyj
Q1XsG,4r1k1/3b1p2/pn3Qp1/2p5/7R/6PP/5PBK/1q6 b - - 1 36,b1f5 h4h8,730,79,67,81,master mate mateIn1 middlegame oneMove,https://lichess.org/PeUlh8kj/black#72,,TRUE,https://lichess.org/training/Q1XsG
Q3YdX,5Q2/p4p1p/1nq3p1/1p4k1/6PP/1PP3P1/P4R1K/4r3 b - - 0 36,g5g4 f2f4 g4h5 g3g4 h5h4 f8h6,1321,75,97,3601,endgame long master mate mateIn3,https://lichess.org/rQKzl29j/black#72,,TRUE,https://lichess.org/training/Q3YdX
Q7T8w,8/1R2rk2/4p3/3pPn1Q/3P3p/5pp1/5Pq1/4KN2 b - - 5 45,f7g8 h5g6 f5g7 b7b8 e7e8 b8e8,2347,87,90,186,endgame exposedKing long master mate mateIn3 pin,https://lichess.org/EPe9dKxU/black#90,,TRUE,https://lichess.org/training/Q7T8w
QFtnw,1k5r/ppp5/6p1/3p4/4PrQ1/2P4P/PP3qPK/R3RN2 w - - 3 22,g4g6 h8h3 h2h3 f4h4,1127,77,80,153,attraction mate mateIn2 middlegame pin sacrifice short,https://lichess.org/I7BBsE3Q#43,,TRUE,https://lichess.org/training/QFtnw
QIBrZ,1r3k2/6p1/2p2pQ1/p2q2P1/P7/1P5P/K1P5/4R3 b - - 0 33,b8b3 e1e8,807,78,100,269,endgame master mate mateIn1 oneMove,https://lichess.org/vlIozWqd/black#66,,TRUE,https://lichess.org/training/QIBrZ
QJiSw,5r2/pp2qpkQ/2p1nN1p/4R1p1/8/8/PPPr1PPP/R5K1 b - - 10 26,g7f6 e5f5,1648,79,82,253,mate mateIn1 middlegame oneMove,https://lichess.org/MPuxn3Fn/black#52,,TRUE,https://lichess.org/training/QJiSw
QNJMt,6Rk/pp2K2p/2p2P1R/8/2n5/Pb5P/1P6/3r4 b - - 6 36,h8g8 f6f7 g8h8 f7f8q,1083,77,100,177,advancedPawn deflection endgame master mate mateIn2 promotion short,https://lichess.org/A9yvvAZN/black#72,,FALSE,https://lichess.org/training/QNJMt
QQPoV,6k1/ppp2r2/3pR1Qp/8/1P6/2P3K1/P5P1/6q1 b - - 0 34,f7g7 e6e8,874,76,100,242,endgame mate mateIn1 oneMove,https://lichess.org/nMwxbNn4/black#68,,TRUE,https://lichess.org/training/QQPoV
QTbr4,4rk2/5p1R/1p1p1Q2/p2bp1P1/2q5/P4P2/5BK1/8 b - - 1 35,c4f4 h7h8,1303,76,80,166,endgame mate mateIn1 oneMove,https://lichess.org/72y0gQCs/black#70,,TRUE,https://lichess.org/training/QTbr4
QYuny,6k1/p5p1/P1p2rrp/1p6/2pP4/2P3Pq/1R2nP2/R3B1KQ w - - 2 31,b2e2 g6g3 f2g3 f6f1,1640,76,94,404,kingsideAttack master mate mateIn2 middlegame sacrifice short,https://lichess.org/mZxxLL9y#61,,TRUE,https://lichess.org/training/QYuny
QbGyV,rn1R1b1r/pq2kppp/1p2p3/5P2/3Q4/8/P3N1PP/5RK1 b - - 0 22,b7c7 f5f6 g7f6 d4f6,1579,75,99,1463,mate mateIn2 middlegame short,https://lichess.org/XAVaGTD4/black#44,,TRUE,https://lichess.org/training/QbGyV
QbuKB,3r4/p2r1pk1/1p2pQp1/2q1P2p/2P2P2/3B3R/P3K1PP/3n4 b - - 1 29,g7h7 h3h5 h7g8 h5h8,1284,76,91,234,mate mateIn2 middlegame pin short,https://lichess.org/U5DcpEMZ/black#58,,TRUE,https://lichess.org/training/QbuKB
QfRj4,3r4/2r2k2/1p2bQ2/p2pPp2/P1q2P1P/2P1b3/1P4RK/R7 b - - 1 32,f7e8 f6e6 c7e7 g2g8,1608,136,87,20,hangingPiece mate mateIn2 middlegame short,https://lichess.org/icdYF5eD/black#64,,TRUE,https://lichess.org/training/QfRj4
Qg1HA,r3r1k1/pp2Nppp/1qp5/8/4Q3/4b3/PP4PP/3RKR2 b - - 2 19,g8f8 f1f7 f8f7 e4f5 f7e7 d1d7,2197,78,96,410,attraction long mate mateIn3 middlegame sacrifice,https://lichess.org/UTJtuje0/black#38,,TRUE,https://lichess.org/training/Qg1HA
QgzxK,r1b2k2/1p3p1B/p1n2n2/3q4/3p3Q/8/PPPK1PP1/4R3 b - - 4 20,f6h7 h4h6 f8g8 e1e8 h7f8 e8f8,1613,75,98,877,fork long mate mateIn3 middlegame,https://lichess.org/mLHKZInS/black#40,,TRUE,https://lichess.org/training/QgzxK
QjKq1,1r2r3/2q2pk1/p3b3/2n1p1P1/4P3/5Q2/PpP3B1/1K5R b - - 3 25,c7a5 f3f6 g7g8 h1h8,1053,76,100,137,mate mateIn2 middlegame short,https://lichess.org/2kHgrEzk/black#50,,TRUE,https://lichess.org/training/QjKq1
QlBkl,3r4/7p/p6Q/1pqP2p1/6P1/bP1R2kP/P7/7K b - - 4 39,g3f4 h6f6 f4e4 f6f5,1796,76,78,132,endgame fork mate mateIn2 short,https://lichess.org/7xzI4Mkn/black#78,,TRUE,https://lichess.org/training/QlBkl
QpFxE,4r2k/6pp/3Q4/p3r3/P4p2/1BP2PqP/1P3Rn1/R5K1 w - - 0 25,f2g2 e5e1 a1e1 e8e1,1225,75,85,252,mate mateIn2 middlegame short,https://lichess.org/UIpg88hW#49,,TRUE,https://lichess.org/training/QpFxE
QuVEn,2k5/pp5Q/q1p4p/3pKP2/8/PR1Nr3/2P3r1/1R6 w - - 1 34,e5f4 a6c4 f4e3 c4e4,1946,77,88,197,mate mateIn2 middlegame sacrifice short,https://lichess.org/jgY5oqmW#67,,TRUE,https://lichess.org/training/QuVEn
QuZdd,4r1k1/p4pp1/3P3p/1pQ5/2p5/2P2PPq/PP2rR1P/3R2K1 w - - 5 31,d6d7 e2e1 d1e1 e8e1 f2f1 e1f1,931,80,83,71,endgame kingsideAttack long mate mateIn3,https://lichess.org/yAamjgwY#61,,TRUE,https://lichess.org/training/QuZdd
QvO0x,r2q1r2/ppn4R/2p2bk1/3P1b2/2P1P3/5Q2/PB3PP1/R3K3 b Q - 0 23,f6b2 f3h5 g6f6 h5f5,1627,76,100,231,mate mateIn2 middlegame short,https://lichess.org/DAdoYs42/black#46,,TRUE,https://lichess.org/training/QvO0x
QzTlN,4r2r/pp2R2p/2p3p1/k3Rp2/2Q5/8/Pq3PPP/6K1 b - - 5 29,b7b5 e7a7 a5b6 c4c5,1347,75,98,2746,endgame mate mateIn2 pin short,https://lichess.org/dVH5WeML/black#58,,TRUE,https://lichess.org/training/QzTlN
R48Tb,6k1/1p3p2/2r2Kp1/Q3P2p/3P1P2/6qP/8/R2R4 w - - 4 36,f6e7 g3h4 e7e8 c6c8 e8d7 h4h3 f4f5 h3f5 e5e6 f5e6,2512,90,93,443,endgame mate mateIn5 veryLong,https://lichess.org/lKE8VIvh#71,,TRUE,https://lichess.org/training/R48Tb
R7f9m,r4r2/p1q2pk1/4p1p1/1p1pP1Q1/3P4/2P4R/PP4P1/R5K1 b - - 2 25,f8h8 g5f6 g7g8 h3h8,1060,76,64,115,endgame mate mateIn2 short,https://lichess.org/qzTQkEv5/black#50,,TRUE,https://lichess.org/training/R7f9m
R9DHo,rnb3k1/ppp1n3/7Q/8/2Bq4/2b5/PP3PPP/2KR3R b - - 1 19,d4c4 d1d8 g8f7 d8f8,1714,75,84,148,mate mateIn2 middlegame short,https://lichess.org/eNmu6i0P/black#38,,TRUE,https://lichess.org/training/R9DHo
R9UDO,5r1k/p1p3pp/1p6/1P6/1P6/2Q4q/PB1P3P/R4rK1 w - - 5 29,a1f1 f8f1,517,96,100,292,endgame mate mateIn1 oneMove,https://lichess.org/dEJINZhf#57,,TRUE,https://lichess.org/training/R9UDO
RB38e,1r3rk1/p4pp1/1q2p2R/1b1p2R1/6P1/3B1Q2/PPP2P2/1K6 b - - 0 20,b5d3 g5g7 g8g7 f3f6 g7g8 h6h8,1727,75,95,1297,attraction long mate mateIn3 middlegame sacrifice,https://lichess.org/PEtSnxnZ/black#40,,TRUE,https://lichess.org/training/RB38e
RB3Yn,rn3rk1/1b5p/p3RNpQ/1p1q1p2/3P4/2P5/P1B2PPP/5RK1 b - - 2 22,f8f6 e6e8 f6f8 e8f8,859,77,65,89,kingsideAttack mate mateIn2 middlegame short,https://lichess.org/8Ur59ypN/black#44,,TRUE,https://lichess.org/training/RB3Yn
RBeZn,6Q1/1p4R1/3k1q2/2p4K/2P2r2/PP6/8/8 w - - 7 67,g7g6 f4h4,1386,76,94,238,endgame mate mateIn1 oneMove,https://lichess.org/mtwuODQA#133,,TRUE,https://lichess.org/training/RBeZn
RBy8t,2Q5/2p1krp1/3b2R1/p1pp3p/7R/1P1KP3/P1P2q2/8 b - - 1 33,f2h4 g6e6,1582,79,91,732,endgame mate mateIn1 oneMove,https://lichess.org/0RkT9JeQ/black#66,,TRUE,https://lichess.org/training/RBy8t
RFua7,r1b1rknQ/ppp1n1p1/5P2/3p4/2B1p3/qP2P3/P1PP2PP/R4RK1 b - - 0 18,g7f6 f1f6,1004,78,93,207,mate mateIn1 middlegame oneMove pin,https://lichess.org/NbLVXLyq/black#36,Nimzo-Larsen_Attack Nimzo-Larsen_Attack_Modern_Variation,TRUE,https://lichess.org/training/RFua7
RGRwH,5r1k/p2n3p/1p1P4/4p1r1/2P1Q3/1P2P1Pq/PBR2P2/5RK1 w - - 1 26,e4h1 g5g3 f2g3 f8f1,1785,78,88,74,kingsideAttack mate mateIn2 middlegame short,https://lichess.org/yCY1SpeM#51,,TRUE,https://lichess.org/training/RGRwH
RHQ2G,6k1/1p3p2/2p2Q1p/1rP5/4q3/7P/6P1/3R3K b - - 0 38,e4g6 d1d8 g8h7 d8h8,1214,75,87,166,endgame mate mateIn2 short,https://lichess.org/Gfr0eBL8/black#76,,TRUE,https://lichess.org/training/RHQ2G
RHVfd,6rk/pb6/1p6/2ppq1bQ/8/2P2RPP/PP4PK/8 b - - 1 27,h8g7 f3f7,1463,75,100,298,endgame master mate mateIn1 oneMove,https://lichess.org/OP0Uimgy/black#54,,TRUE,https://lichess.org/training/RHVfd
RM6xj,4r3/5q1k/3p1Q2/2p1p1B1/p5P1/8/bp3K2/7R b - - 6 40,h7g8 h1h8,998,77,97,317,endgame mate mateIn1 oneMove,https://lichess.org/BR9yKYI4/black#80,,TRUE,https://lichess.org/training/RM6xj
RNgNf,7r/1p2R1k1/p1pP2p1/2q2p2/7P/5KQ1/8/8 b - - 1 47,g7f6 g3g5,1062,79,100,113,endgame master mate mateIn1 oneMove,https://lichess.org/aLQ7fsrV/black#94,,TRUE,https://lichess.org/training/RNgNf
RTc0H,5r1k/p5p1/7p/1p6/8/2P1QrPq/PP1RRP2/6K1 w - - 11 34,e3e7 f3g3 f2g3 f8f1,1859,76,85,108,clearance endgame mate mateIn2 sacrifice short,https://lichess.org/EaBTehJz#67,,TRUE,https://lichess.org/training/RTc0H
RUqVK,rn2r1k1/pp3p2/1np1pR1Q/4q3/2P5/8/PP4PP/5R1K b - - 1 21,e8e7 f6g6 f7g6 f1f8,1832,76,99,592,clearance kingsideAttack mate mateIn2 middlegame sacrifice short,https://lichess.org/cyqI0yhM/black#42,,TRUE,https://lichess.org/training/RUqVK
RV5fm,b7/2pr2k1/6p1/4p3/1Pp1P3/2P2qN1/2Q2b2/2B1KR2 w - - 0 42,c2f2 d7d1,934,78,100,344,mate mateIn1 middlegame oneMove,https://lichess.org/G3WFTjXL#83,,TRUE,https://lichess.org/training/RV5fm
RWMHj,1q4r1/1p3p2/4pPk1/p2p2R1/P2P1Q1P/4P3/1P3P1K/2r5 b - - 2 33,g6h7 g5h5 h7g6 h5h6,1719,74,94,502,endgame mate mateIn2 short,https://lichess.org/OmA1JwX2/black#66,,TRUE,https://lichess.org/training/RWMHj
RX4gs,4QR2/6rk/4p2p/p2q2p1/1p6/3p3P/PP4P1/7K b - - 1 37,g7c7 f8h8 h7g7 e8f8 g7g6 h8h6,1993,76,84,693,endgame long master mate mateIn3,https://lichess.org/1jJHdkLS/black#74,,TRUE,https://lichess.org/training/RX4gs
Rast8,r1bq4/3n4/p2Q4/1pp2Rkn/P2bR3/3P4/1PP3P1/7K b - - 3 25,g5f5 d6e6 f5g5 e4g4,1885,76,86,121,master mate mateIn2 middlegame short,https://lichess.org/pqQaSCUQ/black#50,,TRUE,https://lichess.org/training/Rast8
Rb9fB,2r4r/p5pp/2k1p1b1/1R1R2Q1/8/qP6/P1P2PPP/1K6 b - - 0 25,e6d5 g5d5 c6c7 b5b7,1628,75,94,282,endgame mate mateIn2 short,https://lichess.org/z6PxYEsl/black#50,,TRUE,https://lichess.org/training/Rb9fB
RcEWG,5k2/1N3p2/5Pp1/1p1PQ3/2q1P1P1/8/KPr5/8 w - - 11 44,a2a3 c4a4,1158,76,89,290,endgame mate mateIn1 oneMove,https://lichess.org/nqp7gly0#87,,TRUE,https://lichess.org/training/RcEWG
Rdbwp,6k1/pr3pq1/1p1b1NpQ/2pP4/8/1P6/P4PPP/4R1K1 b - - 7 28,g7f6 e1e8 d6f8 e8f8,1508,77,94,671,endgame mate mateIn2 short,https://lichess.org/ACdqi5fz/black#56,,TRUE,https://lichess.org/training/Rdbwp
RgGjX,1r3r2/2bq1pk1/3n2p1/4p1P1/p2pB3/P1pP1Q2/2P2P2/R1B1K2R b KQ - 3 29,f8h8 f3f6 g7g8 h1h8,1132,76,64,147,mate mateIn2 middlegame short,https://lichess.org/c4VEApjs/black#58,,TRUE,https://lichess.org/training/RgGjX
RgLOc,3k3r/1Q2b3/p1n4q/2Np4/3PpRb1/4P1B1/PP4p1/R5K1 w - - 2 29,f4g4 h6e3 g3f2 h8h1 g1g2 e3f3,2211,75,90,232,exposedKing long mate mateIn3 middlegame,https://lichess.org/fRQbhfT5#57,,TRUE,https://lichess.org/training/RgLOc
RiJjt,8/ppp4k/7q/P2P2bN/8/1B1R1p1P/P3rP2/6QK w - - 2 35,h5g3 h6h3 g1h2 e2e1 g3f1 e1f1,1023,78,100,416,exposedKing long mate mateIn3 middlegame pin,https://lichess.org/POhKtnWg#69,,TRUE,https://lichess.org/training/RiJjt
Rmu5s,5Q2/ppr5/5kp1/4p2p/2q5/7P/6P1/3R3K b - - 5 43,f6e6 d1d6,1743,78,92,195,endgame mate mateIn1 oneMove,https://lichess.org/QOybhJeA/black#86,,TRUE,https://lichess.org/training/Rmu5s
RqJWG,8/4QR2/p1kpp3/4q3/P6P/1r5K/6P1/8 w - - 7 37,h3g4 b3g3,1574,79,92,595,endgame master mate mateIn1 oneMove,https://lichess.org/kgHL0QZp#73,,TRUE,https://lichess.org/training/RqJWG
RsrVA,r1bq2nr/1pp3k1/p1np3p/6NQ/P3P3/2N1P3/1P4PP/R4RK1 b - - 2 13,d8g5 f1f7,856,83,88,37,mate mateIn1 middlegame oneMove,https://lichess.org/1MWtdEXb/black#26,Scotch_Game Scotch_Game_Scotch_Gambit,TRUE,https://lichess.org/training/RsrVA
RtSM4,5r2/p1q1kpr1/1b3R2/3Q4/P3p3/1PN3Pp/2p4P/5R1K b - - 1 32,c7c3 d5d6 e7e8 f6e6 f7e6 f1f8,1891,76,92,239,discoveredAttack long mate mateIn3 middlegame,https://lichess.org/nJaHHoJn/black#64,,TRUE,https://lichess.org/training/RtSM4
RtY9E,1k6/1p2r3/p1p1rqpp/P7/1Q1p1p1P/2P2P2/1P1R2P1/3R2K1 w - - 0 39,b4d4 e6e1 d1e1 e7e1 g1f2 f6h4 g2g3 h4g3,1371,77,71,198,endgame kingsideAttack mate mateIn4 veryLong,https://lichess.org/OibnBD8r#77,,TRUE,https://lichess.org/training/RtY9E
RtqtN,8/pR6/4k1p1/1Q1np3/8/q1r2PN1/PK3P2/8 w - - 11 36,b2b1 c3c1,823,81,96,148,endgame mate mateIn1 oneMove,https://lichess.org/EYD2EufI#71,,TRUE,https://lichess.org/training/RtqtN
RuOrP,5k2/p5pp/8/4P3/P2r4/1Q5K/5q2/R3R3 w - - 2 27,e1f1 d4h4,1154,75,86,263,endgame mate mateIn1 oneMove,https://lichess.org/NgFibKfe#53,,TRUE,https://lichess.org/training/RuOrP
RwGSA,3R3R/p3kp2/8/r7/1pp1PQ2/5P2/2PK1q2/8 w - - 7 35,d2c1 f2e1 d8d1 a5a1 c1b2 e1c3,1944,74,99,513,endgame long mate mateIn3,https://lichess.org/MRP0t8Sb#69,,TRUE,https://lichess.org/training/RwGSA
RzAwN,4rr2/4Bk1q/pppb4/2pb2Q1/P7/4R2P/1PP2PP1/4R1K1 b - - 6 29,d6e7 e3e7 e8e7 e1e7,1724,87,71,83,mate mateIn2 middlegame short,https://lichess.org/xUv1Ev07/black#58,,TRUE,https://lichess.org/training/RzAwN
RzVFa,r3r2R/2q2pk1/6p1/pp4P1/2pP4/5Q2/PPP2P2/1K5R b - - 3 25,e8h8 f3f6 g7g8 h1h8,1079,75,100,249,endgame mate mateIn2 short,https://lichess.org/S7Hv92mi/black#50,,TRUE,https://lichess.org/training/RzVFa
Rzcz3,r7/p7/2p2p2/3b2B1/3b4/1k5Q/1P3qPP/R6K b - - 5 28,b3b2 h3a3 b2c2 a1c1,1820,75,97,509,mate mateIn2 middlegame short,https://lichess.org/2Zs654Oz/black#56,,TRUE,https://lichess.org/training/Rzcz3
S05cH,r1b3k1/pp3p2/2p2Q1p/7q/2r4N/P5Pn/5PKP/R3R3 b - - 0 23,c4h4 e1e8 g8h7 e8h8,1754,74,92,195,mate mateIn2 middlegame short,https://lichess.org/tW88YmRk/black#46,,TRUE,https://lichess.org/training/S05cH
S15H6,6k1/p5pp/5p2/4p2P/2Pp4/P2P1qP1/R3QP2/1r4K1 w - - 4 32,g1h2 b1h1,889,78,81,220,endgame mate mateIn1 oneMove,https://lichess.org/WmcUiLfz#63,,TRUE,https://lichess.org/training/S15H6
S3pnZ,8/8/8/2PR1p1p/PP1R4/5p1r/4k3/7K w - - 0 50,h1g1 f3f2 g1g2 f2f1q,1258,75,100,356,advancedPawn endgame mate mateIn2 promotion rookEndgame short,https://lichess.org/CUK6CieJ#99,,TRUE,https://lichess.org/training/S3pnZ
S5QCB,1rr3k1/5pPR/1q2b3/p2p2P1/n7/1PN2Q2/2P2P2/2KR4 b - - 0 25,c8c3 h7h8 g8g7 f3f6,1464,75,98,653,mate mateIn2 middlegame short,https://lichess.org/xcZCXsiw/black#50,,TRUE,https://lichess.org/training/S5QCB
SA1EO,5rk1/5rp1/4R2p/pp1pQ3/2pP4/2P2P1P/PP2R1P1/5K1q w - - 2 32,f1f2 f7f3 g2f3 f8f3,1889,76,95,586,endgame mate mateIn2 sacrifice short,https://lichess.org/uWRdu932#63,,TRUE,https://lichess.org/training/SA1EO
SA2pr,6k1/5pp1/3pp2p/8/3PQ1PP/2q5/r1b1RP2/2K4R w - - 0 23,e2c2 a2a1,1288,262,29,11,endgame master mate mateIn1 oneMove,https://lichess.org/2T55J3La#45,,TRUE,https://lichess.org/training/SA2pr
SF28t,4r1k1/2p3pp/1pPq4/1p1P3n/8/PP5P/1BQR2P1/R3r1K1 w - - 5 29,a1e1 e8e1 g1f2 d6g3,1397,75,92,781,kingsideAttack mate mateIn2 middlegame short,https://lichess.org/PsuNkAfC#57,,TRUE,https://lichess.org/training/SF28t
SFP9c,8/6pk/3p4/1PQ1Nq2/P6r/5p2/2P2P1K/3R1R2 w - - 0 37,h2g3 h4h3,1221,77,88,240,endgame master mate mateIn1 oneMove,https://lichess.org/5hzqWs5C#73,,TRUE,https://lichess.org/training/SFP9c
SHn4v,r5k1/5ppp/4p3/q1npP3/2P2P2/5BP1/P5P1/QbKR3R w - - 0 25,a1b1 a5c3 b1c2 c5b3 a2b3 a8a1,1979,76,95,985,exposedKing long mate mateIn3 middlegame queensideAttack sacrifice,https://lichess.org/GBvecvgc#49,,TRUE,https://lichess.org/training/SHn4v
SICNU,6k1/p4p2/6R1/8/1P5r/2q5/5PQ1/4R1K1 b - - 0 44,f7g6 g2g6 c3g7 e1e8,1424,75,94,158,endgame mate mateIn2 short,https://lichess.org/Sn2TTZEm/black#88,,TRUE,https://lichess.org/training/SICNU
SMcT9,6r1/1R3kpQ/2b4p/p2q1P2/8/P2p4/6PP/4R2K b - - 0 37,c6b7 h7g6 f7f8 e1e8,1011,76,100,95,endgame mate mateIn2 short,https://lichess.org/bc9tfyJM/black#74,,TRUE,https://lichess.org/training/SMcT9
SPPcH,7r/pp2p3/5k2/3p1p2/3PP1p1/2PR1q2/PP3PQ1/3R2Kr w - - 1 35,g2h1 h8h1,497,85,100,154,endgame mate mateIn1 oneMove,https://lichess.org/TohstEb6#69,,TRUE,https://lichess.org/training/SPPcH
SRVxD,6rk/5prp/p2pbQ2/1p6/4P2R/N2Pq3/PP4PP/5R1K b - - 0 23,e3d3 h4h7 h8h7 f6h4 h7g6 f1f6,1287,76,82,241,attraction kingsideAttack long mate mateIn3 middlegame pin sacrifice,https://lichess.org/WzgrxCsr/black#46,,TRUE,https://lichess.org/training/SRVxD
SVwlQ,r2qN2r/2p2pk1/2p1p1p1/3pPn2/7Q/1P5R/2P2P1P/5RK1 b - - 5 29,d8e8 h4f6 g7g8 h3h8,1185,75,100,206,discoveredAttack mate mateIn2 middlegame short,https://lichess.org/5Pp8msvo/black#58,,TRUE,https://lichess.org/training/SVwlQ
SWAiC,Q7/p4p1k/1p1rp1pP/2p5/P4R1P/1P5q/2PR4/7K w - - 1 39,d2h2 d6d1 f4f1 d1f1,886,80,94,123,endgame mate mateIn2 short,https://lichess.org/JrkcRRAj#77,,TRUE,https://lichess.org/training/SWAiC
SX1FX,5r1k/1r6/1q2p2Q/p5pP/3P2P1/1P6/P7/1K3R2 b - - 0 32,b7h7 f1f8,805,78,100,375,endgame hangingPiece master mate mateIn1 oneMove,https://lichess.org/7R5jpeiW/black#64,,TRUE,https://lichess.org/training/SX1FX
SXkph,5r2/pR4k1/2p1Qp2/6p1/3q1nP1/7P/P4P2/6K1 b - - 4 31,g7g6 e6f5 g6h6 b7h7,1023,78,94,477,endgame mate mateIn2 short,https://lichess.org/EHXDbBVy/black#62,,TRUE,https://lichess.org/training/SXkph
SeU8K,5rk1/2q4p/p4NpQ/3p1b2/P7/1n3P2/1P4PP/4R1K1 b - - 0 33,f8f6 e1e8 f6f8 e8f8,870,135,82,12,endgame master mate mateIn2 short,https://lichess.org/lbPd9Jen/black#66,,TRUE,https://lichess.org/training/SeU8K
Ser5m,3r4/1p3Qbk/2p5/2P2R2/1P2P2p/P2p3P/6PK/q7 b - - 3 36,d8f8 f5h5,1590,75,95,1958,endgame mate mateIn1 oneMove,https://lichess.org/nyyFEoyj/black#72,,TRUE,https://lichess.org/training/Ser5m
SfTdb,8/3k3p/4p3/2r2p2/P7/qP4P1/2KPQ2P/3R1R2 w - - 1 30,c2d3 a3b3 d3d4 c5d5,1772,75,89,864,endgame mate mateIn2 short,https://lichess.org/cWCXJMlU#59,,TRUE,https://lichess.org/training/SfTdb
SltAO,1r4q1/3R2p1/1pk1P1P1/p1pn4/P2r1P2/8/4Q2P/2R4K b - - 6 43,d5f4 e2b5,2001,77,95,2847,mate mateIn1 middlegame oneMove,https://lichess.org/gJjSbo8S/black#86,,TRUE,https://lichess.org/training/SltAO
SstYw,r4k2/1ppq4/3p1Q2/p2Pp1P1/2Pr4/2K5/PP3P2/7R b - - 4 31,d7f7 h1h8,1170,76,85,74,endgame mate mateIn1 oneMove,https://lichess.org/J0gzLUPE/black#62,,TRUE,https://lichess.org/training/SstYw
StgVZ,8/4rq1p/3Rb3/4QRkP/1P2p1p1/4P1P1/2P2PK1/8 b - - 0 46,e6f5 e5f4 g5h5 d6h6,1342,76,93,100,endgame master mate mateIn2 short,https://lichess.org/e0Y5YjCC/black#92,,TRUE,https://lichess.org/training/StgVZ
SuEKj,5rk1/pp1r3p/2n2BpQ/2pq4/8/1P2R3/P1P3PP/4R1K1 b - - 4 23,f8f6 e3e8 f6f8 e8f8,914,310,100,17,mate mateIn2 middlegame short,https://lichess.org/j00iLhDJ/black#46,,TRUE,https://lichess.org/training/SuEKj
SxoSh,6k1/r7/6Q1/1p1q4/p1p5/8/6PP/4R2K b - - 1 35,a7g7 e1e8,1052,76,100,363,endgame master mate mateIn1 oneMove,https://lichess.org/LLLp7tSk/black#70,,TRUE,https://lichess.org/training/SxoSh
T4gi2,3r4/p4pk1/5q2/1PN1p1p1/4P1P1/2Q3P1/P4P1p/2R2R1K w - - 0 33,c5d3 f6f3 h1h2 d8h8 h2g1 h8h1,1352,75,87,574,endgame exposedKing long mate mateIn3,https://lichess.org/EIhjW22l#65,,TRUE,https://lichess.org/training/T4gi2
T93Sf,8/5p2/3Q2r1/4Pk2/2P5/5R2/6PK/qq6 b - - 5 63,f5e4 d6d5,1369,76,98,555,endgame mate mateIn1 oneMove,https://lichess.org/VjpQet9U/black#126,,TRUE,https://lichess.org/training/T93Sf
TB5mV,2r3k1/5p2/1Q1p1pp1/p7/P3P3/qPr2P2/2PR2P1/1KR5 w - - 5 34,b6d6 c3b3 c2b3 c8c1,1731,106,63,22,discoveredAttack endgame master mate mateIn2 queensideAttack short,https://lichess.org/XIHefSfT#67,,TRUE,https://lichess.org/training/TB5mV
TCGJ4,5rk1/1p3p1P/p1r1pQp1/8/8/2q2NP1/6PK/7R b - - 0 35,g8h7 h2g1 h7g8 h1h8,1885,105,71,46,discoveredAttack endgame mate mateIn2 short,https://lichess.org/VlEExdme/black#70,,TRUE,https://lichess.org/training/TCGJ4
TDesU,2r2b1Q/5p2/p5kp/1p2BP2/8/7P/q1pr2P1/5R1K b - - 0 44,g6h5 g2g4 h5h4 h8f6 h4h3 f1f3 h3g4 f3f4 g4h5 f4h4,2309,89,88,537,mate mateIn5 middlegame sacrifice veryLong,https://lichess.org/Ws97Zp4T/black#88,,TRUE,https://lichess.org/training/TDesU
TF2qs,r2r4/p2q4/2p3kp/6p1/6P1/2Qp4/PP4P1/2KR3R b - - 0 27,a8c8 h1h6 g6h6 c3f6 h6h7 d1h1 h7g8 h1h8,1658,75,88,140,attraction endgame mate mateIn4 sacrifice veryLong,https://lichess.org/Ut45AVmL/black#54,,TRUE,https://lichess.org/training/TF2qs
TGBmw,2kr4/p7/1p4p1/4Q3/3p2p1/1P2q3/P1R5/1K6 b - - 2 40,c8d7 c2c7,1584,80,95,3781,endgame mate mateIn1 oneMove,https://lichess.org/83Qnlo8U/black#80,,TRUE,https://lichess.org/training/TGBmw
TGjeY,br3rk1/4RB1p/6pQ/8/3p4/1P4P1/q5PP/4R1K1 b - - 0 27,f8f7 e7e8 b8e8 e1e8 f7f8 e8f8,1002,80,85,66,long mate mateIn3 middlegame,https://lichess.org/p57v5Mhf/black#54,,TRUE,https://lichess.org/training/TGjeY
TKxF0,3r3r/kRp3p1/B6p/2Q5/3n4/8/P1q2PPP/5RK1 b - - 2 23,a7a6 b7a7,1301,76,99,1285,mate mateIn1 middlegame oneMove,https://lichess.org/6E8NFu2y/black#46,,TRUE,https://lichess.org/training/TKxF0
TNSXn,8/1p1k1Q1p/1p1P2pP/1Pn3R1/p7/P3r3/6K1/4r3 b - - 5 47,d7d6 g5d5,1585,76,83,301,endgame mate mateIn1 oneMove,https://lichess.org/hpICPR4y/black#94,,TRUE,https://lichess.org/training/TNSXn
TOWpW,r5k1/2p2ppp/4p1b1/1PQ5/1K1P4/4B3/q4P2/3R1R2 w - - 3 33,d1a1 a8a4 b4c3 a2c2,1768,135,88,9,mate mateIn2 middlegame short,https://lichess.org/mSAfbAE8#65,,TRUE,https://lichess.org/training/TOWpW
TSEL9,1R4k1/p3p3/3p1ppQ/2npn3/3N2q1/8/P1P2PP1/5K2 b - - 3 28,g8f7 b8f8,992,127,60,29,endgame mate mateIn1 oneMove,https://lichess.org/BYjVBWIz/black#56,,TRUE,https://lichess.org/training/TSEL9
TSXp5,1r6/p1q2p1p/6p1/2pR1b2/P1p5/4k3/1P3QPP/6K1 b - - 5 29,e3e4 f2f3,1374,187,73,23,endgame mate mateIn1 oneMove,https://lichess.org/owqWicX6/black#58,,TRUE,https://lichess.org/training/TSXp5
TTFaL,r3kq2/3R1p2/4pQ2/1pN1p1p1/1P4P1/8/P1P4r/2K5 b q - 0 24,a8a2 d7d8,964,77,100,85,endgame master mate mateIn1 oneMove,https://lichess.org/ZzKDMY9l/black#48,,TRUE,https://lichess.org/training/TTFaL
TTsGO,3rR1k1/p5p1/6Qp/2p3q1/2nr1p2/P7/1P4PP/4R1K1 b - - 5 27,d8e8 e1e8,1376,83,82,53,endgame mate mateIn1 oneMove,https://lichess.org/ZNCyjvEK/black#54,,TRUE,https://lichess.org/training/TTsGO
TU9Pw,1k5r/p5p1/1p1p4/4p3/4B3/1Q2P2K/P4q1P/1R5R w - - 2 30,h3g4 h8h4 g4g5 f2f6,1695,76,89,232,endgame mate mateIn2 short,https://lichess.org/vXZA5kTi#59,,TRUE,https://lichess.org/training/TU9Pw
TUyvf,2q5/4kpp1/3pp2p/8/1p2PP2/3P4/1bK1Q1PP/r2R2NR w - - 0 27,c2b2 c8c3,1006,75,94,283,endgame mate mateIn1 oneMove,https://lichess.org/D2Si1Mij#53,,TRUE,https://lichess.org/training/TUyvf
TZ4Dt,4rk2/p5p1/2Q2R2/8/4q1r1/8/PPP5/1K5R b - - 0 34,g7f6 c6f6 f8g8 h1h8,1551,75,94,2147,endgame mate mateIn2 short,https://lichess.org/KdVT6pvS/black#68,,TRUE,https://lichess.org/training/TZ4Dt
TZuNx,6k1/7p/6p1/1PpPp1Q1/4p3/q3B2P/1rK3P1/7R w - - 9 35,c2d1 a3d3 e3d2 b2b1,1704,78,100,63,endgame mate mateIn2 short,https://lichess.org/eBWsSDJH#69,,TRUE,https://lichess.org/training/TZuNx
TbK53,4rk2/ppq2p2/2p2P2/3p1PpQ/3P4/2P5/P1PR2K1/6r1 w - - 2 32,g2g1 c7g3 d2g2 e8e1,1486,76,89,171,endgame mate mateIn2 short,https://lichess.org/5o4mYilq#63,,TRUE,https://lichess.org/training/TbK53
TdIN5,r7/2Q5/p3p3/2k1p3/1p1pq1r1/5R2/R4K2/8 b - - 1 50,c5b5 a2a5,1688,77,81,95,endgame mate mateIn1 oneMove,https://lichess.org/wqY4sFpq/black#100,,TRUE,https://lichess.org/training/TdIN5
ThlW0,8/7p/1q4pk/1Pbp4/5Q2/r7/6PP/5R1K b - - 2 39,h6h5 g2g4 h5h4 f4h6 h4g4 f1f4,2069,75,94,1721,endgame long master mate mateIn3,https://lichess.org/n9kfYV26/black#78,,TRUE,https://lichess.org/training/ThlW0
Tj8n9,5rk1/pb5p/1p2RNpQ/3q4/2rP4/8/P4PPP/3R2K1 b - - 0 26,f8f6 e6e8 f6f8 e8f8,913,79,100,93,mate mateIn2 middlegame short,https://lichess.org/qcQMRljN/black#52,,TRUE,https://lichess.org/training/Tj8n9
Tk1s0,6Q1/p2rkp2/2p1R3/3n4/5q2/8/P4PP1/4R1K1 b - - 0 36,f7e6 e1e6,1660,78,91,486,endgame master mate mateIn1 oneMove,https://lichess.org/JoiJb4b5/black#72,,TRUE,https://lichess.org/training/Tk1s0
Tpscx,4rnk1/pp3R1p/6pQ/4r3/3q4/8/P5PP/5R1K b - - 3 30,e5h5 f7f8 e8f8 f1f8,1483,75,100,741,mate mateIn2 middlegame short,https://lichess.org/no8BZlav/black#60,,TRUE,https://lichess.org/training/Tpscx
Trt0s,5qk1/3Q2p1/4Rr1p/8/1P1P3P/p6r/P4P2/5R1K w - - 2 29,h1g2 f6g6 e6g6 f8f3 g2g1 h3h1,1644,214,60,11,clearance endgame long mate mateIn3 sacrifice,https://lichess.org/rweTvpcI#57,,TRUE,https://lichess.org/training/Trt0s
TtUNf,5r2/1p1b4/2q3k1/p2pQ3/3Pp3/P7/5P1P/6RK b - - 5 31,g6f7 g1g7,1462,76,90,243,endgame master mate mateIn1 oneMove,https://lichess.org/YnDyHFg4/black#62,,TRUE,https://lichess.org/training/TtUNf
Tw8oA,1k6/pp2p3/2np4/8/3P2pr/2P2qP1/PP1Q1n2/R3R1K1 w - - 0 30,d2f2 h4h1,908,79,100,216,endgame mate mateIn1 oneMove,https://lichess.org/jyHS8qM2#59,,TRUE,https://lichess.org/training/Tw8oA
TwBOK,2Qr3r/p3k1p1/7p/3p4/5q2/8/PPP3PP/1K2R3 b - - 1 23,e7d6 e1e6,1578,76,97,3596,endgame mate mateIn1 oneMove,https://lichess.org/uAjIs0P5/black#46,,TRUE,https://lichess.org/training/TwBOK
Tz7pw,r4r2/1b1q1p2/p3pQpk/1p2P2R/2P2R2/1P6/P3K2P/8 b - - 0 37,h6h5 f4h4,904,99,83,57,endgame mate mateIn1 oneMove,https://lichess.org/279Nx9hD/black#74,,TRUE,https://lichess.org/training/Tz7pw
TzHXf,3r4/1q2b1Rp/4k3/1bN2p2/2pQ1P2/7P/5BPK/8 b - - 15 44,e7c5 d4e5,1235,78,92,982,master mate mateIn1 middlegame oneMove,https://lichess.org/AZXabOLy/black#88,,TRUE,https://lichess.org/training/TzHXf
U0PNN,r1bq1nkb/pp3p2/2p2N1Q/3p2N1/3P4/3B3P/PPP2PP1/4R1K1 b - - 0 21,d8f6 d3h7 f8h7 e1e8 h7f8 e8f8,2120,82,90,424,kingsideAttack long mate mateIn3 middlegame sacrifice,https://lichess.org/iH8hqFOD/black#42,,TRUE,https://lichess.org/training/U0PNN
U0crZ,r3rk2/1b1N2q1/p3p1Q1/1p1p4/8/2N1n3/PPP1P3/2K4R b - - 4 28,g7d7 g6f6 d7f7 h1h8,2087,80,83,84,mate mateIn2 middlegame short,https://lichess.org/O31EJ15x/black#56,,TRUE,https://lichess.org/training/U0crZ
U5wnB,5rk1/1b1q1p1p/p5pQ/1p2R3/7P/P7/BPr2PP1/R5K1 b - - 0 25,d7d2 a2f7 f8f7 e5e8 f7f8 e8f8,1212,76,98,1664,kingsideAttack long mate mateIn3 middlegame sacrifice,https://lichess.org/aGbhRWib/black#50,,TRUE,https://lichess.org/training/U5wnB
U7shd,4R3/5kp1/7p/1p1p4/3P1P2/qrr5/4Q1PP/1B4K1 b - - 3 40,c3e3 e2h5 g7g6 h5g6,1644,76,84,353,endgame mate mateIn2 short,https://lichess.org/zKSYmkYX/black#80,,TRUE,https://lichess.org/training/U7shd
UEOeX,r1b2k2/pppq2p1/2n3QB/2bp4/8/2PB4/PP3PPP/2K1R3 b - - 0 18,d7f7 h6g7 f7g7 e1e8,1532,76,98,1080,mate mateIn2 middlegame sacrifice short,https://lichess.org/XtmvCRwW/black#36,Center_Game Center_Game_Berger_Variation,TRUE,https://lichess.org/training/UEOeX
UGUzf,5qk1/pp6/6Q1/3p1p2/2rP4/P7/1P3P2/4R1K1 b - - 0 35,f8g7 e1e8,991,76,100,182,endgame master mate mateIn1 oneMove pin,https://lichess.org/60DK9lu7/black#70,,TRUE,https://lichess.org/training/UGUzf
UH4Lr,5rk1/r6p/1p2p1pQ/p2pP1N1/3P4/P1R4K/1P5P/6q1 b - - 7 27,f8f5 c3c8 f5f8 c8f8,1536,75,97,1124,endgame mate mateIn2 short,https://lichess.org/BtYOBBla/black#54,,TRUE,https://lichess.org/training/UH4Lr
UHbni,8/5Q1p/p3k1pP/3p4/1P6/2P3bb/5Rq1/4K3 b - - 5 47,e6e5 f7f6 e5e4 f6d4,2017,78,91,301,endgame mate mateIn2 short,https://lichess.org/IWhjv2rb/black#94,,TRUE,https://lichess.org/training/UHbni
UJ8MV,r2q1bnr/ppp3k1/3p3p/6BQ/3nP3/2N5/PPP3PP/R4RK1 b - - 0 12,h6g5 f1f7,1357,93,78,69,mate mateIn1 middlegame oneMove,https://lichess.org/xyn26Sdt/black#24,Vienna_Gambit_with_Max_Lange_Defense Vienna_Gambit_with_Max_Lange_Defense_Pierce_Gambit,TRUE,https://lichess.org/training/UJ8MV
UK1ez,8/p5p1/1pQ5/1k2pp1P/qP6/8/1KR2P2/3r4 b - - 9 52,b5b4 c2c4 b4a5 c4a4,1502,76,100,721,endgame mate mateIn2 short,https://lichess.org/2WI1epKM/black#104,,TRUE,https://lichess.org/training/UK1ez
UN328,1rb3r1/2q2kpQ/2p5/2npR3/p1P2P2/1P4R1/P5PP/6K1 b - - 9 28,c5e4 h7g6 f7f8 e5e8,1867,77,85,341,mate mateIn2 middlegame short,https://lichess.org/5Z6UCN6O/black#56,,TRUE,https://lichess.org/training/UN328
UOqBh,k3r3/5p2/p7/7p/7P/2qP1R2/P1PQ4/2RKr3 w - - 1 37,d2e1 e8e1,761,138,33,15,endgame mate mateIn1 oneMove,https://lichess.org/h6wBDnHP#73,,TRUE,https://lichess.org/training/UOqBh
URqFA,2kr4/ppp5/7p/5pp1/8/Pq5P/1P2NP1N/R1Kr3Q w - - 1 28,h1d1 d8d1,456,99,100,324,endgame mate mateIn1 oneMove queensideAttack,https://lichess.org/80Hwulw4#55,,TRUE,https://lichess.org/training/URqFA
UUE07,3k4/pp6/2p4p/3p2pP/3q2P1/PP3Bb1/2P1QRKr/8 w - - 2 44,g2g3 d4f4,1276,76,92,643,endgame mate mateIn1 oneMove,https://lichess.org/sMssNbaY#87,,TRUE,https://lichess.org/training/UUE07
UUOQ2,2r3k1/6pp/p2Qp3/3b4/2P3P1/Kpq4P/1R2B3/8 w - - 0 35,c4d5 c3a5 a3b3 c8c3,1654,75,99,814,endgame mate mateIn2 short,https://lichess.org/x5Zuh88R#69,,TRUE,https://lichess.org/training/UUOQ2
UUcvs,1q2r1k1/R5p1/1P3p2/2Qp1P2/7p/3P3P/1B4P1/6K1 w - - 9 49,b6b7 e8e1 g1f2 b8g3,1381,75,81,256,endgame mate mateIn2 short,https://lichess.org/vPV2PfBR#97,,TRUE,https://lichess.org/training/UUcvs
UXWNz,r2R1k2/1b3pr1/p3p3/1pq1P1P1/2p1P2P/5Q2/PPP5/2KR4 b - - 6 26,a8d8 d1d8 f8e7 f3f6,1197,253,100,6,endgame mate mateIn2 short,https://lichess.org/gIDSmfeQ/black#52,,TRUE,https://lichess.org/training/UXWNz
UaLYs,6k1/6p1/3p3p/p4P2/Pr6/QP3B2/2P2qPn/3R3K w - - 0 32,h1h2 b4h4,1058,76,86,472,endgame mate mateIn1 oneMove,https://lichess.org/4KwNloGr#63,,TRUE,https://lichess.org/training/UaLYs
UbZtD,4r2k/ppp3p1/2np2Qp/8/3P3N/2P3Pq/PP2r2P/R4RK1 w - - 3 22,f1f2 e2e1 a1e1 e8e1 f2f1 e1f1,1004,83,100,53,kingsideAttack long mate mateIn3 middlegame,https://lichess.org/wOGLyhiY#43,,TRUE,https://lichess.org/training/UbZtD
UcVzo,r1b3k1/ppr2p1p/4pRBQ/3p4/8/8/PqP3PP/5R1K b - - 0 23,h7g6 f6g6 f7g6 f1f8,1886,75,92,573,clearance mate mateIn2 middlegame sacrifice short,https://lichess.org/UCHalplk/black#46,,TRUE,https://lichess.org/training/UcVzo
UdXbA,4rRk1/ppq1r3/2p3bQ/3p4/3P4/4P2P/PP6/5RK1 b - - 5 31,e8f8 f1f8,1605,78,85,909,endgame mate mateIn1 oneMove,https://lichess.org/gLeyz0Js/black#62,,TRUE,https://lichess.org/training/UdXbA
UeETk,5kr1/1q4p1/1p3N2/p3n3/7Q/P3P2P/1P3PP1/3R2K1 b - - 0 27,g7f6 h4f6 e5f7 d1d8,1415,75,98,1218,endgame fork mate mateIn2 pin short,https://lichess.org/uRKazVmU/black#54,,TRUE,https://lichess.org/training/UeETk
UhAee,1r4k1/5p2/2p2Qp1/3q4/7P/6P1/p4P1K/4R3 b - - 1 36,b8b1 e1e8 g8h7 e8h8,1068,79,63,91,endgame mate mateIn2 short,https://lichess.org/SIXrQou0/black#72,,TRUE,https://lichess.org/training/UhAee
UiXPO,8/ppr2rkp/6p1/3R1p2/2P1p3/1P4qP/PQ4P1/3R2K1 b - - 9 31,g7g8 d5d8 f7f8 d8f8 g8f8 b2f6 c7f7 d1d8,2301,76,91,677,attraction endgame mate mateIn4 veryLong,https://lichess.org/DTyTThTZ/black#62,,TRUE,https://lichess.org/training/UiXPO
UoM3v,5r2/1P4kp/2Bp2p1/p7/P1Q5/3p2bq/3R1P2/6K1 w - - 0 39,f2g3 f8f1,1535,75,97,1478,endgame mate mateIn1 oneMove,https://lichess.org/DfjmH0eP#77,,TRUE,https://lichess.org/training/UoM3v
Uty9B,rr6/5p1k/4b1p1/1Q5p/4PPPP/1PqB4/P7/1K1R3R w - - 1 27,b5e5 b8b3 a2b3 a8a1,1745,75,97,1731,mate mateIn2 middlegame queensideAttack sacrifice short,https://lichess.org/VjB2TOWD#53,,TRUE,https://lichess.org/training/Uty9B
UuQAR,4b1k1/1r3p2/5RpQ/2pPr3/2PpP3/p1qB2P1/P6P/5RK1 b - - 2 34,c3d3 f6g6 f7g6 f1f8,1688,76,99,560,clearance kingsideAttack master mate mateIn2 middlegame sacrifice short,https://lichess.org/saJ7l01r/black#68,,TRUE,https://lichess.org/training/UuQAR
Uwc4N,5r1k/1p1P3p/1Q6/2pP2p1/7K/2N3P1/1B5P/4Rq2 w - - 0 34,h4g4 f1f5 g4h5 f5h3 h5g5 f8f5,2382,92,89,416,endgame long mate mateIn3,https://lichess.org/1sZv8F01#67,,TRUE,https://lichess.org/training/Uwc4N
UwfXt,4r1k1/2p3pp/2n1r3/2Q2p2/1pP5/1P1p1PqP/1B1N1Rn1/R4K2 w - - 0 29,f2g2 e6e1 a1e1 e8e1,1031,79,94,73,mate mateIn2 middlegame short,https://lichess.org/z0EPPJRZ#57,,TRUE,https://lichess.org/training/UwfXt
UzcRH,8/p1p4p/1p4p1/5p2/5q1k/P1Q2PR1/5r1P/6K1 b - - 5 32,f2d2 c3f6 h4h5 g3h3 f4h4 h3h4,1542,76,94,1985,endgame long mate mateIn3,https://lichess.org/o6A8Zkj2/black#64,,TRUE,https://lichess.org/training/UzcRH
V2V9d,4r1k1/2R3p1/1p1p3p/pB1P1p2/5Q1P/P4nPq/1P3P2/6K1 w - - 2 37,f4f3 e8e1 b5f1 e1f1,1394,75,93,1598,endgame master mate mateIn2 short,https://lichess.org/fkuVgNA3#73,,TRUE,https://lichess.org/training/V2V9d
V3E1u,3rr3/6pQ/p4b2/2p1P1Nk/8/4q2P/6P1/5R1K b - - 0 30,h5g5 f1f5,1822,99,68,75,endgame mate mateIn1 oneMove,https://lichess.org/8EA3OdRX/black#60,,TRUE,https://lichess.org/training/V3E1u
V4zV9,2kr4/1p3p1p/p1p1p3/2Q1B3/4P1p1/6Pq/PPR3KP/8 w - - 4 32,g2g1 d8d1 g1f2 h3f1 f2e3 f1f3,1617,77,86,273,endgame long mate mateIn3,https://lichess.org/BBeym4P6#63,,TRUE,https://lichess.org/training/V4zV9
V67cw,4r1k1/5p2/2b3p1/7p/P1Q5/6qP/1PR3P1/6K1 w - - 4 37,c4c6 e8e1,845,79,100,161,endgame mate mateIn1 oneMove,https://lichess.org/Pq3tqL9G#73,,TRUE,https://lichess.org/training/V67cw
V9MW9,4r1k1/2r1P2p/p4RpQ/1p1p4/1P1q4/P1n5/2P3PP/5R1K b - - 0 31,c7e7 f6f8 e8f8 f1f8,1162,106,79,34,mate mateIn2 middlegame short,https://lichess.org/rm2UM3S0/black#62,,TRUE,https://lichess.org/training/V9MW9
VBYHJ,1k6/p3qp2/BpRb4/8/3P4/1R6/PP1NKp2/6rQ w - - 3 30,e2f2 e7e1 f2f3 g1g3,1963,75,100,101,fork mate mateIn2 middlegame short,https://lichess.org/uyOEQZSb#59,,TRUE,https://lichess.org/training/VBYHJ
VEIEG,2rRkr2/5p2/p3pQ1p/2q1P3/1p6/6P1/PP4P1/1K1R4 b - - 1 30,c8d8 d1d8,622,81,100,115,endgame master mate mateIn1 oneMove,https://lichess.org/vV4Z6Vyn/black#60,,TRUE,https://lichess.org/training/VEIEG
VEVMp,r2q1knr/1b1pb3/ppp1p2p/4P1pQ/3PP3/3BB3/PPPN2PP/5RK1 b - - 3 13,f8g7 f1f7,875,102,100,30,mate mateIn1 middlegame oneMove,https://lichess.org/i2eIHvMS/black#26,French_Defense French_Defense_Normal_Variation,TRUE,https://lichess.org/training/VEVMp
VGYuF,3r1k2/5Pp1/p7/1p2P1Q1/2pr2p1/P5Pq/5R1P/1R4K1 w - - 0 33,e5e6 d4d1 b1d1 d8d1 f2f1 d1f1,568,83,75,136,endgame long mate mateIn3,https://lichess.org/1GcEhDqE#65,,TRUE,https://lichess.org/training/VGYuF
VGyv3,4r3/pp1kbQ2/1q3p2/1B1P1P1p/1p6/1P3P2/P6P/1KR5 b - - 2 30,b6b5 f7e6 d7d8 c1c8,994,77,100,316,endgame master mate mateIn2 short,https://lichess.org/u126Xp8n/black#60,,TRUE,https://lichess.org/training/VGyv3
VHFCd,2r5/pp2bkR1/1q1p3Q/3P4/8/7P/PP6/7K b - - 6 29,f7e8 g7g8 e8d7 h6e6 d7c7 g8c8,2107,77,92,5098,endgame exposedKing long mate mateIn3,https://lichess.org/iQLF9ntp/black#58,,TRUE,https://lichess.org/training/VHFCd
VK5sX,8/6pk/4r2p/Q4R2/4p3/2N2nPq/PP5P/5RK1 w - - 7 35,f1f3 e4f3 f5f3 e6e1 f3f1 e1f1,942,81,100,118,clearance endgame long mate mateIn3,https://lichess.org/OtUOFd1Q#69,,TRUE,https://lichess.org/training/VK5sX
VKd13,4r1k1/pp3p2/2p2Qp1/2q2b2/3N2p1/4PP2/PP4P1/K6R b - - 3 28,c5e5 h1h8,1410,76,93,1050,endgame mate mateIn1 oneMove,https://lichess.org/byxbaWhy/black#56,,TRUE,https://lichess.org/training/VKd13
VKxJw,8/1b4k1/6P1/p4Bp1/1p2P1Kr/2q3Q1/P7/6R1 w - - 4 49,g4g5 c3f6,1340,75,99,2464,endgame mate mateIn1 oneMove,https://lichess.org/fNoa9q5F#97,,TRUE,https://lichess.org/training/VKxJw
VP8zx,r7/pq4pp/1p2Qrk1/6R1/1P6/P4P2/5P1P/R6K b - - 0 28,g6g5 a1g1 g5f4 e6e3 f4f5 g1g5,2212,82,90,298,endgame long master mate mateIn3,https://lichess.org/NH2bMjTr/black#56,,TRUE,https://lichess.org/training/VP8zx
VU14y,8/5Q2/Rq1p2p1/2p1p3/1kB5/1PnPn1P1/1K6/3r4 b - - 7 45,e3c4 f7c4,1548,79,81,148,endgame mate mateIn1 oneMove,https://lichess.org/grNCiR9u/black#90,,TRUE,https://lichess.org/training/VU14y
VW0hN,r2q3r/pp2pQbk/2p2n2/4P3/3p4/5R2/PPP3PP/R1B3K1 b - - 0 18,d8e8 f3h3 f6h5 h3h5,1148,75,100,1279,mate mateIn2 middlegame short,https://lichess.org/Ov2PPvtJ/black#36,Pirc_Defense Pirc_Defense_Other_variations,TRUE,https://lichess.org/training/VW0hN
VX6xO,2bk4/6R1/3Qpr2/1q1p4/3P1p2/4P2p/2P2PpP/6K1 b - - 7 46,c8d7 g7g8 f6f8 g8f8,1447,75,97,705,endgame mate mateIn2 short,https://lichess.org/L1nw5v4c/black#92,,TRUE,https://lichess.org/training/VX6xO
VXhCX,2r2r2/p4pk1/n1p1p1p1/q1P1P2R/1p1P1Q2/P6P/1P4P1/6K1 b - - 0 33,f8h8 f4f6 g7g8 h5h8,1116,74,95,485,endgame mate mateIn2 short,https://lichess.org/H38nwgIZ/black#66,,TRUE,https://lichess.org/training/VXhCX
VZcQR,2rk1b1r/p1p1p3/2QP1p2/5qpp/4R3/4K3/P2R3P/8 b - - 0 30,c7d6 d2d6 e7d6 e4e8,1699,74,97,2182,mate mateIn2 middlegame sacrifice short,https://lichess.org/CUoWHU4N/black#60,,TRUE,https://lichess.org/training/VZcQR
VeYO2,3k4/1Q3pp1/p2p1qp1/3Pp1r1/1P6/P2P3r/5PP1/R4RK1 w - - 1 25,a1c1 g5g2 g1g2 f6f3 g2g1 h3h1,1801,74,97,150,attraction endgame kingsideAttack long mate mateIn3 sacrifice,https://lichess.org/zJsfFE05#49,,TRUE,https://lichess.org/training/VeYO2
Vgyx4,8/r5kp/2Q5/5p2/1p2p3/1P2q3/1KPN3P/3R1B2 w - - 0 36,d2c4 e3c3 b2c1 a7a1,1193,75,100,193,endgame mate mateIn2 short,https://lichess.org/BK6Nsf5E#71,,TRUE,https://lichess.org/training/Vgyx4
Vh244,4r2k/pR3pp1/2p5/P5q1/8/5BbP/2Q2P2/6K1 w - - 0 32,f2g3 g5g3 f3g2 e8e1,1293,75,100,158,endgame fork mate mateIn2 pin short,https://lichess.org/sKszdbXb#63,,TRUE,https://lichess.org/training/Vh244
VlQ8U,5rk1/3n1r2/1p1p3p/pR2P2q/P1P3p1/2QNp3/4B1bP/R3B1K1 w - - 0 26,e5e6 f7f1 e2f1 f8f1 g1g2 h5h3,1240,76,100,387,kingsideAttack long mate mateIn3 middlegame sacrifice,https://lichess.org/G9dsjNzn#51,,TRUE,https://lichess.org/training/VlQ8U
Vo2G9,5r2/3r3p/1q1pk3/p1p1Rp2/2P1pP2/1PQ1P3/P5RP/6K1 b - - 3 32,d6e5 c3e5 e6f7 g2g7,1579,81,81,66,endgame mate mateIn2 short,https://lichess.org/TbtuDlsX/black#64,,TRUE,https://lichess.org/training/Vo2G9
Vpk0g,1b3r1k/6p1/p6p/2NQ4/1P6/P3prPq/5P1P/3R1RK1 w - - 1 31,f2e3 f3f1 d1f1 f8f1,1024,76,100,313,mate mateIn2 middlegame short,https://lichess.org/XS7GhuYY#61,,TRUE,https://lichess.org/training/Vpk0g
Vqsi7,6k1/pb2p3/6pK/2p4r/6R1/7P/PPQP1q2/R1B5 w - - 14 34,h6g6 f2f7,1792,238,56,57,master masterVsMaster mate mateIn1 middlegame oneMove,https://lichess.org/ulB63KTI#67,,TRUE,https://lichess.org/training/Vqsi7
Vu4QM,2r4k/5p1p/p4p2/1p5Q/3b4/P4NqP/4R1P1/5K2 w - - 4 37,f3d4 c8c1 e2e1 c1e1,995,84,95,278,endgame mate mateIn2 short,https://lichess.org/wwNBxClz#73,,TRUE,https://lichess.org/training/Vu4QM
VupcK,1k6/ppp2p1p/5p2/8/3n4/4qP2/PRPNP3/3QKBr1 w - - 1 24,d2c4 d4f3,1460,75,96,16063,master mate mateIn1 middlegame oneMove pin,https://lichess.org/kvUErXY6#47,,FALSE,https://lichess.org/training/VupcK
VwHxj,r4r2/pb3pk1/3Q2p1/3pp3/8/7R/Pqp3PP/5R1K b - - 1 29,c2c1r d6f6 g7g8 h3h8,1243,76,62,79,mate mateIn2 middlegame short,https://lichess.org/SI9IkGqS/black#58,,TRUE,https://lichess.org/training/VwHxj
VwiCY,1r2rk2/p1q2p1R/4bQ2/3p4/8/1NNnP3/PP3P1P/1K6 b - - 0 23,c7e5 h7h8,1292,78,92,820,master mate mateIn1 middlegame oneMove,https://lichess.org/M3PiNdkC/black#46,,TRUE,https://lichess.org/training/VwiCY
VzEUo,4rnk1/1p3ppp/8/2P5/3N4/P2P2qB/1BQ5/6K1 w - - 1 30,c2g2 e8e1,1313,159,43,31,master mate mateIn1 middlegame oneMove pin,https://lichess.org/ySpRvRwm#59,,TRUE,https://lichess.org/training/VzEUo
VzFKq,r7/6k1/6p1/1P1P1RR1/4p3/K5Q1/2q5/8 w - - 4 43,a3b4 a8a4,1421,75,97,3748,endgame mate mateIn1 oneMove,https://lichess.org/u9FxxWw2#85,,TRUE,https://lichess.org/training/VzFKq
W1fo8,6r1/1pp1Q1k1/8/3Pp2R/p1P5/4q2P/1P4r1/5K2 b - - 5 39,g7g6 e7h7 g6f6 h5f5,1730,75,97,1521,endgame fork mate mateIn2 short,https://lichess.org/9bpBgRJL/black#78,,TRUE,https://lichess.org/training/W1fo8
W1zfY,2b3k1/r4p1p/p4qBQ/2p5/P2p4/8/1PP2PPP/4R1K1 b - - 0 21,f7g6 e1e8 f6f8 e8f8,805,93,91,125,endgame fork mate mateIn2 short,https://lichess.org/G1f9yRwR/black#42,,TRUE,https://lichess.org/training/W1zfY
W4BoS,3r1rk1/pbq2p1p/1p2pRBQ/4P3/3P1R2/8/P1P3PP/6K1 b - - 0 24,f7g6 f6f8 d8f8 f4f8,1160,76,100,242,kingsideAttack mate mateIn2 middlegame short,https://lichess.org/qPbgs1iJ/black#48,,TRUE,https://lichess.org/training/W4BoS
W4ks6,rnb1rk1Q/pp6/5p2/3qp3/3P2P1/2P5/PP3PP1/R3K2R b KQ - 2 19,d5g8 h8f6 g8f7 h1h8,1311,76,100,556,mate mateIn2 middlegame short,https://lichess.org/osGA2plz/black#38,,TRUE,https://lichess.org/training/W4ks6
W5vNh,4rrk1/3p1p2/p4Qp1/4P3/7R/2p1q2P/6P1/5R1K b - - 5 31,e3e5 h4h8,1327,75,100,271,endgame mate mateIn1 oneMove,https://lichess.org/AS8dHHVK/black#62,,TRUE,https://lichess.org/training/W5vNh
W6sbz,Q1kr2r1/2q2p1p/1p1p1p1b/3P4/2P3n1/5N2/1P3RPP/R5K1 b - - 2 26,c7b8 a8c6 b8c7 a1a8,1390,90,100,31,clearance mate mateIn2 middlegame queensideAttack short,https://lichess.org/4N8TbLqd/black#52,,TRUE,https://lichess.org/training/W6sbz
W6vkx,3r1r2/2q2p2/2p3n1/p3p1PR/4bk2/7Q/PK6/5R2 b - - 3 37,e4f3 h3f3,1186,77,95,261,mate mateIn1 middlegame oneMove,https://lichess.org/LQu6SbGE/black#74,,TRUE,https://lichess.org/training/W6vkx
W8VAL,2r5/1b1r4/pp2pQpk/2qpPp2/P2R4/2N2P2/1PP3P1/3R3K b - - 3 28,c5e7 d4h4,1101,80,69,64,mate mateIn1 middlegame oneMove,https://lichess.org/RlfwXaQp/black#56,,TRUE,https://lichess.org/training/W8VAL
W9FFm,8/ppp1RR2/7p/6pk/5p2/1P1P1qrP/1PP2P1K/5Q2 w - - 4 28,f1e2 g3h3 h2g1 h3h1,1973,77,93,1089,endgame mate mateIn2 short,https://lichess.org/6vTyyi4e#55,,TRUE,https://lichess.org/training/W9FFm
WB3C3,7R/3r3p/1pn3pk/2b5/1n3QP1/7P/4K3/8 b - - 8 40,g6g5 f4f6,876,80,87,191,endgame mate mateIn1 oneMove,https://lichess.org/4zPo8vYq/black#80,,FALSE,https://lichess.org/training/WB3C3
WGHMq,7k/ppp3p1/3p4/3Pp3/P1P2r2/8/1P2QqPr/R3R2K w - - 0 25,h1h2 f4h4,1227,79,94,574,endgame mate mateIn1 oneMove,https://lichess.org/wZapSddX#49,,TRUE,https://lichess.org/training/WGHMq
WHStf,Rk1r3r/1Bp4q/4Q3/1Pp3p1/8/4P1p1/5P1P/2R3K1 b - - 1 27,b8b7 e6c6,1179,130,41,29,endgame mate mateIn1 oneMove,https://lichess.org/t6veGrdE/black#54,,TRUE,https://lichess.org/training/WHStf
WJ8Rf,3r3r/p2kRp2/2q3p1/1Q1p1p2/P2P4/7P/5PP1/6K1 b - - 5 29,d7d6 b5b4 c6c5 b4c5,1700,77,76,53,endgame mate mateIn2 short,https://lichess.org/nNWG6Ock/black#58,,TRUE,https://lichess.org/training/WJ8Rf
WKQ0o,r1b2r2/1p3pPk/2p5/3p2P1/1q1P4/p4Q2/PBP5/1K3R1R b - - 0 22,h7g7 f3f6 g7g8 h1h8,1072,77,92,310,mate mateIn2 middlegame short,https://lichess.org/axVoXZdj/black#44,,TRUE,https://lichess.org/training/WKQ0o
WLYSP,2kr3r/2q1b3/8/4B1pp/Q1P1P3/8/5PPP/R5K1 b - - 0 30,c7e5 a4c6 e5c7 a1a8,1574,75,100,1327,clearance endgame mate mateIn2 short,https://lichess.org/ZMDYJ9iM/black#60,,TRUE,https://lichess.org/training/WLYSP
WQaad,3k4/1p3Q2/p1q2p1r/4b3/P7/1BP2RP1/1P1n1PK1/5R2 w - - 15 36,f1d1 c6f3 g2g1 h6h1,1187,83,93,258,mate mateIn2 middlegame short,https://lichess.org/P7D89u1a#71,,TRUE,https://lichess.org/training/WQaad
WXU4s,2r2rk1/2p4p/p5pQ/Pp1p4/1P1P1R2/4q3/6PP/5R1K b - - 3 32,c8e8 f4f8 e8f8 f1f8,749,81,100,262,endgame mate mateIn2 short,https://lichess.org/LFMlxqK5/black#64,,TRUE,https://lichess.org/training/WXU4s
WXdgm,r4b1r/p1kR1p1p/1pB1pqb1/8/8/Q1N5/PP3PPP/4K2R b K - 3 18,c7c6 a3a4 b6b5 a4b5,1356,76,71,178,mate mateIn2 middlegame short,https://lichess.org/Vo1nNbdb/black#36,Queens_Pawn_Game Queens_Pawn_Game_Symmetrical_Variation,TRUE,https://lichess.org/training/WXdgm
WYEJE,2r1br2/p3b3/7R/1PpQ4/P7/2q2kP1/7P/6K1 b - - 0 41,f3g4 d5e4 g4g5 e4h4 g5f5 h4f4,2132,80,82,96,fork long mate mateIn3 middlegame,https://lichess.org/rtmn9UZ0/black#82,,TRUE,https://lichess.org/training/WYEJE
WYncI,r7/p4pkp/1pn5/3n2P1/3P3Q/B1P2R2/P1qr4/K1N2R2 b - - 11 37,d5c3 f3f7 g7h8 f7f8 a8f8 f1f8 h8g7 h4h6,1987,75,92,206,mate mateIn4 middlegame veryLong,https://lichess.org/yypqIUg7/black#74,,TRUE,https://lichess.org/training/WYncI
WagcY,k3r3/pp5p/2p5/4P3/1Q2q3/P7/7P/1R3RrK w - - 3 32,h1g1 e8g8 g1f2 g8g2,1654,76,83,259,endgame mate mateIn2 short,https://lichess.org/Gyrl1gZ7#63,,TRUE,https://lichess.org/training/WagcY
Wb8j8,r3qk2/p4p2/1p1p1Qp1/2pPn1P1/b1P2PB1/2P3K1/P7/7R b - - 13 32,e5g4 h1h8,1412,85,63,67,endgame mate mateIn1 oneMove,https://lichess.org/7UyJeKzL/black#64,,TRUE,https://lichess.org/training/Wb8j8
Wc4AC,2k1r3/1pp3pp/p1b2p2/8/1B3R2/1Q4Pq/PR5P/4r1K1 w - - 5 29,b4e1 e8e1 f4f1 e1f1,994,83,96,168,mate mateIn2 middlegame short,https://lichess.org/h4GPVB32#57,,TRUE,https://lichess.org/training/Wc4AC
WdljV,r4r2/3pnpk1/pqp1p1p1/4P1Q1/1P1P4/P6R/5PPP/R5K1 b - - 0 25,e7f5 g5f6 g7g8 h3h8,1292,77,89,148,mate mateIn2 middlegame short,https://lichess.org/OBVlKLOF/black#50,,TRUE,https://lichess.org/training/WdljV
WgatL,2k2r2/ppp3pp/2p1p3/8/3P4/2P3Pq/PP2Q2P/R1B2rK1 w - - 1 20,e2f1 f8f1,492,96,100,107,endgame kingsideAttack mate mateIn1 oneMove,https://lichess.org/42CXtxHw#39,,TRUE,https://lichess.org/training/WgatL
Wh9qR,rnb4r/pp1pp1kp/2q3p1/2p3P1/8/7Q/PPPP2PP/R1B2RK1 b - - 2 17,d7d5 h3h6 g7g8 f1f8,1107,75,97,911,mate mateIn2 middlegame short,https://lichess.org/pn4gQ4Du/black#34,Modern_Defense Modern_Defense_Other_variations,TRUE,https://lichess.org/training/Wh9qR
WjfeJ,6k1/1b3pp1/p2R3p/1p3Q2/6N1/4PPqP/PP2R1P1/2r3K1 w - - 1 29,e2e1 c1e1,1171,75,100,503,hangingPiece kingsideAttack mate mateIn1 middlegame oneMove,https://lichess.org/3fWTAmHr#57,,TRUE,https://lichess.org/training/WjfeJ
WkmXd,r1b1Rn2/ppq2kpQ/2pb1pB1/3p4/3P3N/8/PPPN1PPP/6K1 b - - 2 17,f8g6 h7g6,850,79,100,121,mate mateIn1 middlegame oneMove,https://lichess.org/FyuBkqus/black#34,French_Defense French_Defense_Exchange_Variation,TRUE,https://lichess.org/training/WkmXd
WlJt9,8/2r2pk1/p1b3p1/1p2p1P1/4q3/8/P5PR/5Q1K b - - 1 38,c7d7 f1f6 g7g8 h2h8,981,85,100,87,endgame mate mateIn2 short,https://lichess.org/iEkh2upC/black#76,,TRUE,https://lichess.org/training/WlJt9
Wllwe,4rr2/ppq2p1k/2b1pQp1/4R2p/2P4P/5P2/P1B3P1/1R4K1 b - - 5 24,c7e7 e5h5 h7g8 h5h8,1287,76,100,698,mate mateIn2 middlegame pin short,https://lichess.org/hqMQQn0J/black#48,,TRUE,https://lichess.org/training/Wllwe
WmEjn,2k5/pb6/8/1P1p4/3Q1P2/2P5/1P1KP3/RN2q1r1 w - - 1 32,d2e3 g1g3,1315,76,88,443,endgame mate mateIn1 oneMove,https://lichess.org/hDiAYBP1#63,,TRUE,https://lichess.org/training/WmEjn
Wmqfu,4rbnr/pp2qRk1/1np4p/3pP1pQ/3P4/2N1B3/PPP3PP/5RK1 b - - 8 17,e7f7 f1f7,661,96,100,88,mate mateIn1 middlegame oneMove,https://lichess.org/PnccfkhF/black#34,Fried_Fox_Defense Fried_Fox_Defense_Other_variations,TRUE,https://lichess.org/training/Wmqfu
WosHS,r4r1k/ppp2p1P/4p1p1/8/8/3P1Q2/P7/1qNK1R2 b - - 3 30,a8d8 f3f6 h8h7 f1h1 h7g8 h1h8,1046,86,100,47,endgame exposedKing long mate mateIn3,https://lichess.org/aTOJ8ogs/black#60,,TRUE,https://lichess.org/training/WosHS
WpICR,R7/3q1p1k/4pQpb/3pP2p/1r1P3P/8/5PK1/8 b - - 15 54,b4d4 a8h8,827,78,88,176,endgame master mate mateIn1 oneMove,https://lichess.org/TlltV9RB/black#108,,TRUE,https://lichess.org/training/WpICR
WuuZ1,1R2Q3/p4ppk/5q1p/8/8/7r/P4Pr1/4R1K1 w - - 0 31,g1g2 f6f3 g2f1 h3h1,1352,76,62,146,endgame mate mateIn2 short,https://lichess.org/L2HFEUWh#61,,TRUE,https://lichess.org/training/WuuZ1
WwTi8,8/2R2p2/pp1kp3/3p4/P2PnQ2/1q1N2r1/6P1/6K1 b - - 7 35,e6e5 f4e5,1517,101,100,106,endgame mate mateIn1 oneMove,https://lichess.org/T591Jkoq/black#70,,TRUE,https://lichess.org/training/WwTi8
WxgJA,4R1rk/ppr4p/2n2PpQ/3p4/3q4/7P/P4PP1/4R1K1 b - - 3 25,d4f6 e8g8 h8g8 e1e8 f6f8 e8f8,989,78,100,101,attraction long mate mateIn3 middlegame,https://lichess.org/WZm6dlxs/black#50,,TRUE,https://lichess.org/training/WxgJA
X4URw,3r4/p4Rbk/1p5B/2p1p3/6P1/3q3P/PP3Q1K/8 b - - 0 32,h7h6 f2h4 h6g6 h4h5,1360,74,98,613,endgame master mate mateIn2 short,https://lichess.org/1SbchAvc/black#64,,TRUE,https://lichess.org/training/X4URw
X7o59,r2r2k1/1bq2p2/p1p1pQp1/4P3/6P1/2N2n1R/PPP4P/R6K b - - 6 23,c7e5 h3h8,1386,75,98,1041,mate mateIn1 middlegame oneMove,https://lichess.org/KhmhOcR0/black#46,,TRUE,https://lichess.org/training/X7o59
X7uDC,6r1/2R1kp2/pr2p2p/1p1p1p2/3P3P/q3PQP1/3B1P2/4K3 b - - 0 25,e7d6 f3f4 e6e5 f4e5,1240,75,77,608,endgame mate mateIn2 short,https://lichess.org/OW81gvyw/black#50,,TRUE,https://lichess.org/training/X7uDC
XCHlD,r4rk1/1pp2p1B/2p1bQ2/p3R2p/1P6/2K5/1PP3qP/8 b - - 0 24,g8h7 e5h5 h7g8 h5h8,987,78,100,217,endgame mate mateIn2 short,https://lichess.org/0YkIIGAz/black#48,,TRUE,https://lichess.org/training/XCHlD
XHRuc,r1b1k1r1/ppq2B1p/2p2Q2/4p3/4P3/2N4P/PPP2Pn1/R2R2K1 b q - 0 18,c7f7 d1d8,889,81,100,171,mate mateIn1 middlegame oneMove,https://lichess.org/dOuhKVpT/black#36,Pirc_Defense Pirc_Defense_Other_variations,TRUE,https://lichess.org/training/XHRuc
XQ8JH,4r1k1/pR3ppp/2p5/8/8/2N2nPq/PP5P/3Q2K1 w - - 0 26,d1f3 e8e1 f3f1 e1f1,828,80,82,157,endgame mate mateIn2 short,https://lichess.org/bx8GwH7t#51,,TRUE,https://lichess.org/training/XQ8JH
XUADA,1k6/p1q2pp1/1pp1p1p1/P7/1Q1P2n1/2P1Br2/4RP2/R5K1 w - - 0 24,a5b6 c7h2 g1f1 h2h1,1367,77,68,185,mate mateIn2 middlegame short,https://lichess.org/wChBNoAF#47,,TRUE,https://lichess.org/training/XUADA
XUolX,2b2rk1/r6p/p3pNpQ/1pp5/2P1pP2/1P6/q5PP/3R1RK1 b - - 0 28,f8f6 d1d8 f6f8 d8f8,869,86,100,48,fork mate mateIn2 middlegame short,https://lichess.org/YZ5FEv3k/black#56,,TRUE,https://lichess.org/training/XUolX
XViLh,4r3/7k/6pp/2R2p2/1pPp3Q/3P1qbP/1P3P2/6K1 w - - 0 31,h4g3 e8e1 g1h2 e1h1,1149,76,78,154,endgame mate mateIn2 short,https://lichess.org/P2yJTl4U#61,,TRUE,https://lichess.org/training/XViLh
Xa925,8/6pk/3Q3p/2R5/5r1P/4Nq2/P4P1K/5R2 w - - 1 39,d6d5 f4h4 h2g1 h4h1,1823,81,93,280,endgame mate mateIn2 short,https://lichess.org/VKkdR8f5#77,,TRUE,https://lichess.org/training/Xa925
Xa9Pv,r7/5pk1/4pQ2/3b2Pp/3P4/8/q4P2/2R3K1 b - - 3 38,g7f8 f6h8 f8e7 c1c7 e7d6 h8e5,1904,223,82,15,endgame long mate mateIn3,https://lichess.org/qpi6j3Hh/black#76,,TRUE,https://lichess.org/training/Xa9Pv
XbItQ,r1b3nr/ppkp1Rpp/1b6/3QB3/4P3/1N6/PPP3qP/R2K4 b - - 0 18,c7d8 f7f8 d8e7 d5d6,1203,79,100,126,mate mateIn2 middlegame short,https://lichess.org/87kruswi/black#36,Sicilian_Defense Sicilian_Defense_Old_Sicilian,TRUE,https://lichess.org/training/XbItQ
XbRvH,r4r2/ppp2N2/3p1Qpk/7p/5K2/1q5P/5P2/6R1 b - - 3 30,f8f7 g1g6 h6h7 g6h6 h7g8 h6h8,1426,75,100,549,endgame long mate mateIn3,https://lichess.org/Gvorf1iI/black#60,,TRUE,https://lichess.org/training/XbRvH
XesVw,r5kr/p3Rp2/3p1Qp1/1q5p/8/8/P1b2PPP/4R2K b - - 1 28,b5d5 e7e8 a8e8 e1e8 g8h7 e8h8,1153,76,98,960,long mate mateIn3 middlegame,https://lichess.org/sSarFVIF/black#56,,TRUE,https://lichess.org/training/XesVw
Xhd88,6k1/p4p2/2Q4R/6p1/6P1/2P2K2/P1Nr1q1P/8 w - - 5 39,f3e4 f2f4,1696,78,94,2066,endgame mate mateIn1 oneMove,https://lichess.org/JaO3mzHr#77,,TRUE,https://lichess.org/training/Xhd88
XiAPu,6k1/pR3q1p/2n2rpQ/3p1p2/3P4/P1P5/5PPP/4R1K1 b - - 0 24,f7b7 e1e8 f6f8 e8f8,1018,174,100,16,endgame mate mateIn2 short,https://lichess.org/QsS4yr3H/black#48,,TRUE,https://lichess.org/training/XiAPu
XmnUn,2R3k1/pp5p/3p1npQ/3qp1P1/8/5r2/PP6/1K6 b - - 1 29,f6e8 c8e8 f3f8 e8f8,924,95,100,47,endgame hangingPiece mate mateIn2 short,https://lichess.org/WJBMUCQA/black#58,,TRUE,https://lichess.org/training/XmnUn
Xn3R0,1bbr1r2/pp4pQ/3qpkBp/1P1pR3/3P1PP1/P7/1B5P/2R3K1 b - - 6 28,f8h8 g4g5 h6g5 f4g5 f6e7 h7g7,1243,75,86,2217,long mate mateIn3 middlegame,https://lichess.org/hLgY8HpV/black#56,,FALSE,https://lichess.org/training/Xn3R0
XoleC,3rR1k1/5r1p/pq1p2pQ/1p6/8/P5n1/1PP2PPP/4R1K1 b - - 3 26,d8e8 e1e8 f7f8 e8f8,703,87,45,107,endgame mate mateIn2 short,https://lichess.org/2u6NmSmE/black#52,,TRUE,https://lichess.org/training/XoleC
XtduW,Rnkr3r/4qpp1/2pbbn1p/3p4/3P4/3BP1B1/1PQN1PPP/4K2R b K - 1 18,d6g3 c2c6 e7c7 d3a6,1683,76,94,506,mate mateIn2 middlegame pin queensideAttack short,https://lichess.org/tSxT1H6U/black#36,Slav_Defense Slav_Defense_Modern_Line,TRUE,https://lichess.org/training/XtduW
XteNa,r1r3k1/2q1ppb1/p3bR2/1p2N1p1/3p4/2N1P1P1/PPQ2PP1/1BK4R b - - 0 21,c7e5 h1h8 g7h8 c2h7 g8f8 h7h8,2031,75,93,316,deflection kingsideAttack long mate mateIn3 middlegame sacrifice,https://lichess.org/R5fYcIJX/black#42,,FALSE,https://lichess.org/training/XteNa
Xxmmf,r1qkr3/p1p1b3/2QBRp2/6p1/7p/2P5/PPPK1PPP/4R3 b - - 0 22,c7d6 e6d6 e7d6 e1e8,1895,98,52,37,discoveredAttack mate mateIn2 middlegame short,https://lichess.org/eiu6WDZP/black#44,,TRUE,https://lichess.org/training/Xxmmf
XzEY1,2r3k1/p1r2p2/1p4p1/7p/1P1QP3/P2P2Pq/7P/1R3RK1 w - - 1 24,f1f2 c7c1 b1c1 c8c1 f2f1 c1f1,728,98,94,148,endgame long mate mateIn3,https://lichess.org/Zrg6lgy7#47,,TRUE,https://lichess.org/training/XzEY1
Y1GhT,8/p1p1k1p1/P1Q5/5p2/3N3p/2P1r2q/1P5b/R3R1K1 w - - 5 32,g1f2 h3g3 f2f1 g3g1,1349,77,95,2028,mate mateIn2 middlegame short,https://lichess.org/isu4ODeR#63,,TRUE,https://lichess.org/training/Y1GhT
Y4IPk,6k1/p4p1p/4p1pP/1p2P3/2r3Q1/P4P2/1P1RK1P1/6q1 b - - 0 32,g8f8 d2d8 f8e7 g4g5 f7f6 g5f6,1260,74,97,1750,endgame long mate mateIn3,https://lichess.org/do8gbcDL/black#64,,TRUE,https://lichess.org/training/Y4IPk
Y5mpW,6k1/3r4/p5Qp/3q1n2/8/2P2PnP/PP4PK/4R3 b - - 0 34,d7g7 e1e8,1131,76,82,105,endgame mate mateIn1 oneMove,https://lichess.org/rYqat3Tr/black#68,,TRUE,https://lichess.org/training/Y5mpW
Y7Ckx,2r1rkq1/pp1R1n2/5Q1R/8/8/P3P1P1/1P3P2/K7 b - - 0 39,c8c6 d7f7 g8f7 h6h8,1557,75,99,1693,mate mateIn2 middlegame sacrifice short,https://lichess.org/Mdk9dQcZ/black#78,,TRUE,https://lichess.org/training/Y7Ckx
Y7FJh,5k2/p5r1/7Q/3p4/3P4/2Pq1B2/PP1N1P2/4K3 w - - 3 39,h6e3 g7g1 d2f1 g1f1,1857,77,93,635,endgame mate mateIn2 short,https://lichess.org/vGU5nile#77,,TRUE,https://lichess.org/training/Y7FJh
Y7Ghv,4r1k1/6pp/4r3/8/P3NP2/5QPq/7P/R5K1 w - - 5 34,e4g5 e6e1 a1e1 e8e1 f3f1 e1f1,873,80,83,93,endgame long mate mateIn3,https://lichess.org/jvwScg0g#67,,TRUE,https://lichess.org/training/Y7Ghv
YBj6e,4r3/p4q2/2p5/3p2kR/3P2P1/1P1Q2p1/P5K1/8 b - - 1 32,g5g4 d3d1 e8e2 d1e2 f7f3 e2f3,1662,76,94,1070,endgame long mate mateIn3,https://lichess.org/Vj1sujFV/black#64,,TRUE,https://lichess.org/training/YBj6e
YDi90,5r1k/pp4p1/2p4p/4R3/4Q3/2P2rPq/PP2RP2/6K1 w - - 9 29,e5e7 f3g3 f2g3 f8f1,1662,76,83,64,clearance endgame mate mateIn2 sacrifice short,https://lichess.org/sAMnV6wr#57,,TRUE,https://lichess.org/training/YDi90
YDsLD,6k1/p2qRp2/1pp2Qpp/3p4/P1nP4/5BPP/3r1P2/6K1 b - - 5 35,d7f5 e7e8 g8h7 e8h8,1185,74,100,401,endgame kingsideAttack mate mateIn2 short,https://lichess.org/Rod92KLH/black#70,,TRUE,https://lichess.org/training/YDsLD
YIULX,3Q2R1/p2k1q2/4p3/1p2P3/2r5/2p4K/PP6/8 b - - 9 47,d7c6 d8d6 c6b7 g8b8,1550,75,97,1025,endgame mate mateIn2 short,https://lichess.org/mftlLLwh/black#94,,TRUE,https://lichess.org/training/YIULX
YIhLq,6rk/q3b2R/p1bpB3/4p3/Pp2n3/8/1PP1Q1PP/5R1K b - - 0 27,h8h7 e2h5 h7g7 f1f7,1715,78,69,95,mate mateIn2 middlegame short,https://lichess.org/gOe1ivNZ/black#54,,TRUE,https://lichess.org/training/YIhLq
YK1sw,r5k1/p2p1q2/1p2bBR1/2p1P2r/8/P2Q1P1P/2P4K/8 b - - 0 35,g8f8 d3d6 f8e8 g6g8 f7f8 g8f8,1856,75,96,1581,exposedKing long mate mateIn3 middlegame,https://lichess.org/klh2cVGi/black#70,,TRUE,https://lichess.org/training/YK1sw
YNCQZ,1r6/2q2pk1/1r2p1p1/3pP1QR/3P4/7P/5PP1/6K1 b - - 0 36,b8h8 g5f6 g7g8 h5h8,1121,75,100,153,endgame mate mateIn2 short,https://lichess.org/ZtcL6DA4/black#72,,TRUE,https://lichess.org/training/YNCQZ
YNEsW,2b4k/8/1p6/p2Bp3/P1P2rp1/1P3P1q/3R3Q/6K1 w - - 0 40,f3g4 f4f1,1532,111,84,68,endgame master masterVsMaster mate mateIn1 oneMove,https://lichess.org/58g59lyb#79,,TRUE,https://lichess.org/training/YNEsW
YS133,8/p4pP1/Pppk2q1/8/3P1K2/2P2R1Q/1P5P/4r3 w - - 7 44,h3g3 e1e4,1650,77,91,1428,endgame master mate mateIn1 oneMove,https://lichess.org/M9dKTwFS#87,,TRUE,https://lichess.org/training/YS133
YSaPG,6k1/Q5pp/2p4r/3p4/P6q/5r2/6P1/R3R1K1 w - - 0 27,g2f3 h4g3 g1f1 g3f3 a7f2 h6h1,2251,104,86,49,endgame exposedKing long mate mateIn3,https://lichess.org/KO6k7Kt4#53,,TRUE,https://lichess.org/training/YSaPG
YWV4D,r1bq1rk1/1pp4p/6pQ/p2Bp3/P7/1N6/2P3PP/R4RK1 b - - 0 20,d8d5 f1f8,1103,236,100,32,kingsideAttack mate mateIn1 middlegame oneMove,https://lichess.org/SX0Tml6U/black#40,,TRUE,https://lichess.org/training/YWV4D
YeUfL,7r/1p6/p1r4p/q4p2/1kP2P2/8/1QK4P/3R4 b - - 1 35,b4c4 b2b3 c4c5 d1d5,2061,77,97,1346,endgame mate mateIn2 short,https://lichess.org/eqZMCUWK/black#70,,TRUE,https://lichess.org/training/YeUfL
YgQ5E,5rk1/3q2p1/2p4p/1p1p4/3P3P/2P1R1P1/1PQ4N/5b1K w - - 0 31,h2f1 d7h3 f1h2 f8f1,1442,78,84,44,endgame fork mate mateIn2 pin short,https://lichess.org/9NHZzzUy#61,,TRUE,https://lichess.org/training/YgQ5E
Yi0cY,6k1/p4p1p/1p3bpQ/2q2p2/Pnr4P/6P1/1PB1R2K/R7 b - - 1 35,b4c2 e2e8 c5f8 e8f8,1033,132,78,53,mate mateIn2 middlegame short,https://lichess.org/4qz8ei44/black#70,,TRUE,https://lichess.org/training/Yi0cY
YmTxJ,7Q/p2q4/1p2p1p1/1Pp1R1k1/2P5/3r2p1/P4P2/6K1 b - - 3 34,g5g4 e5e4 g4f3 h8h1 g3g2 h1g2,1937,77,91,235,endgame long mate mateIn3,https://lichess.org/I5lCrzmC/black#68,,TRUE,https://lichess.org/training/YmTxJ
Ymv7M,5Q2/7p/3r2p1/1P3p2/5Pk1/1P4q1/4RR2/6K1 w - - 0 42,f2g2 d6d1 e2e1 d1e1,941,86,100,70,endgame mate mateIn2 short,https://lichess.org/9u6OfGro#83,,TRUE,https://lichess.org/training/Ymv7M
YouAx,2R3r1/pk3p1p/1p2p3/1P1pP1q1/1P1b4/3P2P1/Q4P1P/2R3K1 b - - 0 26,g8c8 a2a6 b7b8 c1c8,1075,89,100,38,endgame mate mateIn2 short,https://lichess.org/IJwt4Snk/black#52,,TRUE,https://lichess.org/training/YouAx
Yovnz,8/p3r1k1/4q1p1/6P1/3p4/P4Q2/1Pn5/1K5R b - - 6 36,e6e4 f3f6 g7g8 h1h8,1362,76,96,1163,endgame master mate mateIn2 short,https://lichess.org/P6X1TtYD/black#72,,TRUE,https://lichess.org/training/Yovnz
YpKQj,r7/3qp3/p2p1pQ1/1p1n4/2pBRk1P/8/PP3P2/6K1 b - - 2 32,f4f3 g6g2,1883,79,90,1549,endgame mate mateIn1 oneMove,https://lichess.org/qb8BYjxH/black#64,,TRUE,https://lichess.org/training/YpKQj
YvNbG,Q2k3r/3n2p1/1p2R2p/pP3n1P/8/q7/2P1KPP1/8 b - - 1 29,d8c7 e6c6,1604,77,65,12600,endgame master mate mateIn1 oneMove,https://lichess.org/2h0WQHxe/black#58,,TRUE,https://lichess.org/training/YvNbG
YyznT,1r1q4/2p2R2/4k2r/2p1R1p1/p2pP1P1/P2P3P/1PP2QP1/6K1 b - - 0 29,e6e5 f2f5 e5d6 f5d5,1260,75,100,118,endgame mate mateIn2 short,https://lichess.org/hpX6ANXK/black#58,,TRUE,https://lichess.org/training/YyznT
Z0Jt8,8/pQp3qk/5p1p/8/3P1b2/2P1rKp1/PP1N2R1/8 w - - 0 30,f3f4 g7g5,958,83,94,118,endgame mate mateIn1 oneMove,https://lichess.org/tKLDjlMK#59,,TRUE,https://lichess.org/training/Z0Jt8
Z16zo,3R4/2r2p1k/5QpP/p3p3/3b2K1/1P3BP1/P7/5q2 b - - 3 39,e5e4 d8h8,1804,82,76,129,endgame mate mateIn1 oneMove,https://lichess.org/7xIrNZHM/black#78,,TRUE,https://lichess.org/training/Z16zo
Z1Ig9,r5k1/5p2/1p5p/3p1P2/1P1P4/rKPQ3R/1P4P1/2q2N2 w - - 5 38,b2a3 a8a3,1658,82,92,242,endgame mate mateIn1 oneMove,https://lichess.org/I8YOcxca#75,,TRUE,https://lichess.org/training/Z1Ig9
Z6Pzk,2b1n1k1/r3q2B/4p2Q/pp1p4/2pP3N/P1P1P3/1P4PP/5RK1 b - - 0 24,e7h7 f1f8,1155,86,62,76,mate mateIn1 middlegame oneMove,https://lichess.org/9EZLLVXH/black#48,,TRUE,https://lichess.org/training/Z6Pzk
Z7nFp,Nn4k1/1p3pp1/2p4p/p2p3r/6q1/P2BP3/1PQ2P2/R3RK2 w - - 3 23,f2f3 g4f3 c2f2 h5h1,1757,75,93,161,mate mateIn2 middlegame short,https://lichess.org/y3kclHo0#45,,TRUE,https://lichess.org/training/Z7nFp
ZB3RO,4R3/5p1k/5Qpp/1p6/1P6/q5P1/6KP/2r5 b - - 7 40,a3a1 e8h8,1400,135,0,23,endgame mate mateIn1 oneMove,https://lichess.org/s9BxXufH/black#80,,TRUE,https://lichess.org/training/ZB3RO
ZMIwN,5rk1/p2q3p/1p3NpQ/2p2n2/2PpR3/P2p1r2/1P3P1P/4R1K1 b - - 5 25,f8f6 e4e8 d7e8 e1e8 f6f8 e8f8,885,79,100,84,kingsideAttack long mate mateIn3 middlegame,https://lichess.org/YzVEVa6Z/black#50,,TRUE,https://lichess.org/training/ZMIwN
ZQRLq,5r1k/1b3r2/3p2RQ/p7/1p1pP3/3P4/1Pq3PP/5R1K b - - 2 32,f7h7 f1f8,1272,325,100,7,hangingPiece mate mateIn1 middlegame oneMove,https://lichess.org/1KYTTS1E/black#64,,FALSE,https://lichess.org/training/ZQRLq
ZRLOT,4r1k1/2R2p1p/p5p1/3p4/3B1P2/5QPq/1P5P/2R1r1K1 w - - 1 34,c1e1 e8e1 f3f1 e1f1,732,94,96,176,endgame mate mateIn2 short,https://lichess.org/6TRcwUhn#67,,TRUE,https://lichess.org/training/ZRLOT
ZTDAO,2r3k1/4Rp1p/1r1q1npQ/1pp5/8/3P2P1/2P2PBP/4R1K1 b - - 2 26,f6g4 e7e8 c8e8 e1e8 d6f8 e8f8,976,78,100,88,kingsideAttack long mate mateIn3 middlegame,https://lichess.org/xHslvued/black#52,,TRUE,https://lichess.org/training/ZTDAO
ZUko4,Q2n2k1/p5p1/4p2p/4P2P/P1p2r1q/B1P5/6PK/R3R3 w - - 1 31,h2g1 h4f2 g1h2 f4h4,1075,76,100,668,mate mateIn2 middlegame short,https://lichess.org/nrMy7d3J#61,,TRUE,https://lichess.org/training/ZUko4
ZVTGA,4R1k1/pp4p1/2p4p/1q5P/6p1/5bP1/PPQ5/6K1 b - - 11 33,g8f7 c2g6,1129,76,100,590,endgame master mate mateIn1 oneMove,https://lichess.org/tjJDBBJr/black#66,,TRUE,https://lichess.org/training/ZVTGA
ZZxma,r4Rk1/4r2p/2p1b1pQ/pp6/3B2P1/P7/2q4P/5RK1 b - - 3 31,a8f8 f1f8,1071,91,64,64,mate mateIn1 middlegame oneMove,https://lichess.org/9Lf8XSX2/black#62,,TRUE,https://lichess.org/training/ZZxma
ZbQza,2kr4/2p5/p7/1p5p/4P1p1/2P1Q1Pq/PP2Pr1P/5RK1 w - - 0 34,f1f2 d8d1 f2f1 d1f1,770,80,100,83,endgame mate mateIn2 short,https://lichess.org/vKW7q0qk#67,,TRUE,https://lichess.org/training/ZbQza
Zc1DQ,6k1/4pr1p/p5pQ/1bp5/6P1/q7/2P5/1K1R3R b - - 3 31,b5c4 d1d8 f7f8 d8f8,1153,144,100,25,endgame mate mateIn2 short,https://lichess.org/dDIpoFit/black#62,,TRUE,https://lichess.org/training/Zc1DQ
Zcs3Q,5Q2/p7/1p4rk/2p3n1/8/7P/PqP3P1/5RK1 b - - 4 41,h6h5 g2g4 h5h4 f8f2 h4h3 f2h2 h3g4 f1f4,1985,75,92,601,endgame mate mateIn4 sacrifice veryLong,https://lichess.org/duxDGMSW/black#82,,TRUE,https://lichess.org/training/Zcs3Q
Ze0vX,3r3r/pp2k2p/2n5/3pp2Q/8/2P5/P1P2qPP/K2R1R2 b - - 1 22,f2c2 h5f7 e7d6 d1d5,1896,83,78,68,mate mateIn2 middlegame short,https://lichess.org/EBDfI2Ti/black#44,,TRUE,https://lichess.org/training/Ze0vX
ZfXP9,8/pp1R1k1p/6p1/8/3Q4/6qP/PP3r2/7K b - - 5 35,f7e6 d4d5 e6f6 d7f7,1598,74,95,3107,endgame mate mateIn2 short,https://lichess.org/R0NTUYKO/black#70,,TRUE,https://lichess.org/training/ZfXP9
ZlevW,1r1Rkr2/p4p1p/4bQp1/1q2P3/5P2/p6P/1PP2P2/2KR4 b - - 1 26,b8d8 d1d8,553,96,77,80,endgame mate mateIn1 oneMove,https://lichess.org/kCLSTAM9/black#52,,TRUE,https://lichess.org/training/ZlevW
ZnP4e,4r3/1pp2pk1/p4p2/7R/6nP/1P2P1K1/PB2QPPq/8 w - - 1 32,g3g4 h2g2 g4f4 e8e4 f4f5 g2g6,1912,76,96,1249,endgame long mate mateIn3,https://lichess.org/rA3R4Ran#63,,TRUE,https://lichess.org/training/ZnP4e
ZneGT,r2r1k2/1bp3b1/1p2Q3/p3p1q1/2N1P3/2P2P2/PP2K3/6RR b - - 5 29,g5f6 h1h8 g7h8 g1g8,1749,77,91,568,mate mateIn2 middlegame sacrifice short,https://lichess.org/WM8jaMGN/black#58,,TRUE,https://lichess.org/training/ZneGT
ZrgLV,r1b3k1/pp3p1p/1n2p1BQ/2q1P3/5P2/8/PpP3PP/1K1R4 b - - 0 20,f7g6 d1d8 c5f8 d8f8,911,80,100,86,endgame kingsideAttack mate mateIn2 short,https://lichess.org/RKfnXsSu/black#40,,TRUE,https://lichess.org/training/ZrgLV
a2llR,7r/pp2Q3/3p2k1/P1pP1q2/2P3p1/2P3P1/5PK1/2R5 w - - 0 32,c1e1 f5f3 g2f1 h8h1,1224,78,41,98,endgame mate mateIn2 short,https://lichess.org/6Q0IW2LA#63,,TRUE,https://lichess.org/training/a2llR
a3Ked,2rrbk2/p4p2/1p2pQp1/2pp4/P7/1P3P1R/2q1BKP1/3R4 b - - 1 28,c2f5 h3h8,1157,75,99,859,mate mateIn1 middlegame oneMove,https://lichess.org/caJ36X7Q/black#56,,TRUE,https://lichess.org/training/a3Ked
a6naH,r6r/pp4kp/3p4/3q1p1Q/8/3P4/PPP3PP/4R2K b - - 1 22,a8f8 h5g5 g7f7 e1e7,1954,75,84,147,endgame mate mateIn2 short,https://lichess.org/mczEu0KC/black#44,,TRUE,https://lichess.org/training/a6naH
a6qNE,2r5/1p4kp/pq1pQ3/4n1P1/4P3/1P6/P7/K4R2 b - - 3 34,c8f8 e6h6 g7h8 f1f8,1702,75,100,199,deflection endgame mate mateIn2 short,https://lichess.org/BLwrzdsW/black#68,,TRUE,https://lichess.org/training/a6qNE
a7ykU,3r1r2/5p1k/Q5b1/8/4q3/8/P1P4R/5RK1 b - - 5 36,h7g7 a6f6 g7g8 h2h8,1159,76,83,192,mate mateIn2 middlegame short,https://lichess.org/ohW5ZC3d/black#72,,TRUE,https://lichess.org/training/a7ykU
a8HMa,k6r/1pp3p1/p7/P2p1p2/6P1/4QPq1/1PP5/R3RKr1 w - - 0 34,e3g1 g3f3 g1f2 h8h1,1355,74,97,2173,endgame mate mateIn2 short,https://lichess.org/SjgpOuZW#67,,TRUE,https://lichess.org/training/a8HMa
a8jG6,4r1k1/p4pp1/2Q4p/8/2pp4/P1P2NqP/BP2r1P1/R5K1 w - - 1 25,f3d4 e2e1 a1e1 e8e1,1316,82,81,48,master mate mateIn2 middlegame short,https://lichess.org/4UAo5kzm#49,,TRUE,https://lichess.org/training/a8jG6
a9Rce,4q3/1pkr2p1/2bp1p1p/Q7/8/2R5/4rPPP/2R3K1 b - - 5 48,c7c8 a5a8 c8c7 c3c6 b7c6 c1c6,2374,85,87,302,long mate mateIn3 middlegame,https://lichess.org/sWWEJay2/black#96,,TRUE,https://lichess.org/training/a9Rce
aC45m,6k1/pp3p2/2p1p1pB/P3Q3/7P/2q4r/P4P1K/4R2R w - - 1 31,h2g2 c3f3 g2f1 h3h1,1599,116,52,21,deflection endgame interference mate mateIn2 short,https://lichess.org/1u87PsLY#61,,TRUE,https://lichess.org/training/aC45m
aDgIj,r1b1k2r/ppp3bp/1n2p1p1/q3n1B1/2N1p3/1BP3Q1/PP3PPP/2KR3R b kq - 1 16,b6c4 d1d8 e8f7 g3f4 g7f6 f4f6,1401,75,75,161,exposedKing long master mate mateIn3 middlegame,https://lichess.org/l8iIJqVI/black#32,Alekhine_Defense Alekhine_Defense_Modern_Variation,TRUE,https://lichess.org/training/aDgIj
aE8va,2k3rr/2p5/1p1p4/pP2p2q/P1Pp1p2/5QP1/5R1P/5RK1 b - - 1 32,f4g3 f3a8 c8d7 f2f7 h5f7 f1f7 d7e6 a8d5,1842,75,100,160,endgame mate mateIn4 queensideAttack veryLong,https://lichess.org/2oyKLGWP/black#64,,TRUE,https://lichess.org/training/aE8va
aHn4r,6k1/p1Q1R3/2p2p2/3p4/3P4/1P3q2/2P1K2P/5r2 w - - 3 37,e2d2 f1d1,1637,77,71,159,endgame mate mateIn1 oneMove,https://lichess.org/ZT8ld7gt#73,,TRUE,https://lichess.org/training/aHn4r
aKwLM,r1b2rk1/ppp4p/3p2pQ/8/3N1R2/2Pq4/P5PP/4R2K b - - 0 19,f8f4 e1e8 f4f8 e8f8,863,78,91,246,mate mateIn2 middlegame short,https://lichess.org/LC6oXgJI/black#38,,TRUE,https://lichess.org/training/aKwLM
aNJLF,5rk1/4R2p/5p1Q/p2p2pP/8/8/6PK/1q6 b - - 3 38,f8f7 e7e8 f7f8 e8f8,1063,76,96,110,endgame mate mateIn2 short,https://lichess.org/b7h3w2aj/black#76,,TRUE,https://lichess.org/training/aNJLF
aPRPI,1k2r3/p1p4p/8/2QPK3/2P3q1/4B3/PP3P2/R4R2 w - - 7 26,e5f6 g4g6,1337,75,100,775,endgame mate mateIn1 oneMove,https://lichess.org/APpkaM5n#51,,TRUE,https://lichess.org/training/aPRPI
aPxPu,2r5/5p1k/6p1/p3P1P1/P2P3p/3QBq2/1P3N1P/2r2KR1 w - - 1 32,e3c1 c8c1 d3d1 c1d1,953,118,56,57,endgame master mate mateIn2 pin short,https://lichess.org/O6KbiNuW#63,,TRUE,https://lichess.org/training/aPxPu
aQJ1B,5rk1/p2q1p1p/2p1bRBQ/r7/2P5/8/2P3PP/5RK1 b - - 0 25,h7g6 f6g6 f7g6 f1f8,1694,75,94,398,discoveredAttack mate mateIn2 middlegame short,https://lichess.org/HKkbS0Eo/black#50,,TRUE,https://lichess.org/training/aQJ1B
aQXoi,5Rbk/6pp/2pp4/4P3/1q6/r2P2P1/2P1Q1NP/2KR4 w - - 1 24,c2c3 b4c3 e2c2 a3a1,1967,77,95,1043,mate mateIn2 middlegame queensideAttack short,https://lichess.org/JAUmKtud#47,,TRUE,https://lichess.org/training/aQXoi
aQm6e,3r1rk1/p1p2B1p/b5pQ/4R3/5P2/2p5/P1Pq2PP/4R2K b - - 0 24,f8f7 e5e8 d8e8 e1e8 f7f8 e8f8,761,83,85,159,long mate mateIn3 middlegame,https://lichess.org/rdaRomLN/black#48,,TRUE,https://lichess.org/training/aQm6e
aXAl0,r3k2r/ppR1n1pp/4Q3/4P3/1q2b3/5N2/P4PPP/2R3K1 b kq - 4 19,e4f5 c7c8 a8c8 c1c8,1519,75,93,1088,mate mateIn2 middlegame pin short,https://lichess.org/u3YNjc0P/black#38,,TRUE,https://lichess.org/training/aXAl0
aa03f,6r1/5p1k/3p2b1/2pPp3/7P/P6q/4Q2P/1R2KR2 b - - 10 34,g6b1 e2h5 h7g7 f1f7,1853,75,88,700,endgame mate mateIn2 short,https://lichess.org/FdC9wDhW/black#68,,TRUE,https://lichess.org/training/aa03f
aaS52,4r3/ppp3k1/3p3R/6Pb/2Pp1Q1P/KPqP4/P7/8 b - - 6 31,e8e5 f4f6 g7g8 h6h8,1442,75,99,3212,endgame mate mateIn2 short,https://lichess.org/jsQ6qzTI/black#62,,TRUE,https://lichess.org/training/aaS52
aayOp,8/5R1Q/3k1q1p/p2p3P/8/4r1K1/b1BN1P2/8 w - - 9 48,g3g4 f6g5,1193,78,93,1184,mate mateIn1 middlegame oneMove,https://lichess.org/aYy90yFw#95,,TRUE,https://lichess.org/training/aayOp
acIon,8/p1pk1p2/3pbP2/Q2p1N2/1r1q4/1P4P1/P1P5/2K1R3 b - - 2 29,e6f5 e1e7 d7c6 e7c7,1957,77,93,232,endgame mate mateIn2 short,https://lichess.org/rmoRddcb/black#58,,TRUE,https://lichess.org/training/acIon
ag9S9,6k1/5r1p/3RnppQ/p1r5/4P3/5q2/PB3P1P/R5K1 b - - 0 27,e6f4 d6d8 f7f8 d8f8,794,78,100,118,mate mateIn2 middlegame short,https://lichess.org/5ZxvM7hN/black#54,,TRUE,https://lichess.org/training/ag9S9
akheU,6k1/3r1p2/p3p1pQ/1pp1P2p/2P1q3/PP4RP/4r1P1/5RK1 b - - 20 39,e4e5 g3g6 f7g6 f1f8,1809,91,46,62,endgame kingsideAttack mate mateIn2 sacrifice short,https://lichess.org/9PeG780e/black#78,,TRUE,https://lichess.org/training/akheU
akon8,7k/5p2/3p3P/pr1P1B2/q7/5n2/1KP3Q1/3R3R w - - 9 38,b2c3 a4a3 c3c4 b5c5,2014,78,86,117,mate mateIn2 middlegame short,https://lichess.org/IenmE0rn#75,,TRUE,https://lichess.org/training/akon8
anEfd,r5k1/1pp2ppp/1b6/1P6/1p1P1B1P/2qQPb2/2P2PP1/3K1B1R w - - 0 21,g2f3 a8a1 d1e2 a1e1,1331,76,72,251,mate mateIn2 middlegame short,https://lichess.org/9N8VA3hx#41,,TRUE,https://lichess.org/training/anEfd
ankGw,r4rk1/p2q1p1p/1p3Rp1/4p3/3n3R/3P4/PP1Q2PP/7K b - - 0 24,d7e7 d2h6 f8c8 h6h7 g8f8 h7h8,1461,75,85,416,kingsideAttack long mate mateIn3 middlegame,https://lichess.org/5p1alet6/black#48,,FALSE,https://lichess.org/training/ankGw
ao5Ii,6k1/p3npb1/1p1RP1p1/1P2N1Q1/4PP2/2r1q3/3RK1PP/8 w - - 9 40,e2d1 e3g1 d1e2 c3e3,1441,76,93,841,mate mateIn2 middlegame short,https://lichess.org/U6ubZQVS#79,,TRUE,https://lichess.org/training/ao5Ii
atrc6,r7/6Q1/3kp3/2qb4/3pB3/p7/1PPN4/K4R2 w - - 0 42,e4d5 a3b2 a1b1 a8a1 b1b2 c5c3,1541,74,91,108,advancedPawn doubleCheck endgame long mate mateIn3,https://lichess.org/VSZGl3gH#83,,TRUE,https://lichess.org/training/atrc6
azfIi,5k2/p2n1p2/1pQ5/2p2q2/P1KP4/2P5/1P3r2/6R1 b - - 3 37,c5d4 c6d6 f8e8 g1g8 d7f8 g8f8,1989,76,92,275,endgame long mate mateIn3,https://lichess.org/wtj5doBV/black#74,,TRUE,https://lichess.org/training/azfIi
b223O,4r1k1/pp1bN2n/2p4Q/6r1/2PP1R2/1P4P1/5RKP/q7 b - - 1 31,e8e7 f4f8 h7f8 f2f8,1747,76,96,2663,mate mateIn2 middlegame sacrifice short,https://lichess.org/XonIrO9v/black#62,,TRUE,https://lichess.org/training/b223O
b2syA,2R3k1/p3rp2/1p3Q1p/3q2p1/8/6Pb/PP5P/6K1 b - - 1 36,g8h7 c8h8,1407,75,94,3225,endgame mate mateIn1 oneMove,https://lichess.org/0F01X7xC/black#72,,TRUE,https://lichess.org/training/b2syA
b4P8y,2r2r2/pp3p1k/4bQ1R/3p4/5P2/2q3P1/P5BP/5RK1 b - - 0 24,h7g8 h6h8,1564,76,89,273,mate mateIn1 middlegame oneMove,https://lichess.org/u68mjJIE/black#48,,TRUE,https://lichess.org/training/b4P8y
b5rLX,4Rr2/2p3k1/8/p2q1pQ1/Pp6/3r1P2/1P3P1P/7K b - - 1 29,g7f7 e8e7,1828,75,95,1637,endgame mate mateIn1 oneMove,https://lichess.org/BM5oWXtM/black#58,,TRUE,https://lichess.org/training/b5rLX
b7crC,r1b1k2R/pp4p1/2n1pp2/2bp4/4q3/2B2QR1/PP3P2/2K5 b q - 3 19,e8f7 g3g7 f7g7 f3f6,1846,107,100,14,attraction mate mateIn2 middlegame sacrifice short,https://lichess.org/RZ6QWMdC/black#38,,TRUE,https://lichess.org/training/b7crC
b8n8k,4Q3/pbpp4/1p1q1k1R/3P1rb1/8/N1P5/PP2K3/6R1 b - - 14 36,g5h6 g1g6,1563,83,89,2194,mate mateIn1 middlegame oneMove,https://lichess.org/YuGvLQLx/black#72,,TRUE,https://lichess.org/training/b8n8k
bADoI,r1b1r2k/3q3p/4p1n1/ppp1P1PQ/3p4/1P1P1R2/PBP3PP/5RK1 b - - 4 22,e8e7 f3f8 g6f8 f1f8 h8g7 h5h6,1066,75,96,557,kingsideAttack long mate mateIn3 middlegame sacrifice,https://lichess.org/R3sE5EzW/black#44,,TRUE,https://lichess.org/training/bADoI
bCrmc,5R2/p1p4k/6r1/7Q/6r1/P5q1/6P1/5R1K b - - 0 42,g6h6 f8h8 h7h8 h5h6 h8g8 f1f8,1706,112,54,14,attraction deflection endgame exposedKing long master mate mateIn3,https://lichess.org/2VwcGum8/black#84,,TRUE,https://lichess.org/training/bCrmc
bH7aW,5rk1/p1p4p/4p1pQ/2pq1p1n/3P2PR/2P5/P1P4P/5RK1 b - - 0 23,f5g4 f1f8,1014,154,25,20,endgame kingsideAttack mate mateIn1 oneMove,https://lichess.org/pTNQNsJF/black#46,,TRUE,https://lichess.org/training/bH7aW
bKURw,r6r/pp5p/8/2p2k1Q/2q1nB2/4R2P/PPN5/7K b - - 2 35,f5f4 e3f3,1967,78,92,187,mate mateIn1 middlegame oneMove,https://lichess.org/JIscswqS/black#70,,TRUE,https://lichess.org/training/bKURw
bRRyy,1r2k2r/1bR3pp/pp6/3pP3/8/6q1/P1PQ4/5R1K b k - 0 26,h8f8 c7e7 e8d8 f1f8 d8e7 d2b4 e7d7 b4d6,2375,84,86,200,deflection exposedKing mate mateIn4 middlegame veryLong,https://lichess.org/l3ATscA9/black#52,,TRUE,https://lichess.org/training/bRRyy
bS4o8,rn2k2B/1pp1p3/5ppQ/3P3p/8/1Pq2P1P/6P1/1K1R2NR w q - 1 21,h8f6 a8a1,1676,75,95,2615,mate mateIn1 middlegame oneMove,https://lichess.org/XrJ6DaWT#41,,TRUE,https://lichess.org/training/bS4o8
bSNQe,4r3/4rp1k/Q5pp/P2R4/8/5BqP/6P1/3R2K1 w - - 3 38,a6d6 e7e1 d1e1 e8e1,1092,78,84,192,mate mateIn2 middlegame short,https://lichess.org/epjHXttL#75,,TRUE,https://lichess.org/training/bSNQe
bUacR,6kr/p1r2p2/2p3RQ/1p2p3/2q1P3/2P4P/P1P3P1/5R1K b - - 2 28,f7g6 f1f8,1519,77,83,303,endgame mate mateIn1 oneMove,https://lichess.org/afv4fvUe/black#56,,TRUE,https://lichess.org/training/bUacR
bZ3WE,2kR4/1n2r3/1Q6/7r/4qP2/2P1P1P1/1P4Pp/3R3K b - - 19 40,b7d8 d1d8,1495,76,96,1549,endgame master masterVsMaster mate mateIn1 oneMove,https://lichess.org/Hqar3Euw/black#80,,TRUE,https://lichess.org/training/bZ3WE
bbYgM,6k1/5pp1/2p4p/p7/P1QP4/4PqPP/2R2P1K/1r6 w - - 3 36,c4c6 b1h1,1495,80,77,89,endgame mate mateIn1 oneMove,https://lichess.org/ezjbmrvt#71,,TRUE,https://lichess.org/training/bbYgM
bcnfC,7r/2p2pp1/p1pk4/3P3q/5P2/8/PP3bQ1/R3RKNr w - - 0 28,g2f2 h1g1 f2g1 h5f3 g1f2 h8h1,1958,75,95,1808,clearance exposedKing long mate mateIn3 middlegame sacrifice,https://lichess.org/evt3qgs1#55,,TRUE,https://lichess.org/training/bcnfC
bcyYT,6k1/1p2P2p/2p3p1/2Pq1r2/5K2/6P1/P1Q1R2P/8 w - - 5 37,f4g4 d5f3 g4h4 f5h5,1981,74,100,599,endgame mate mateIn2 short,https://lichess.org/K0nQbrzE#73,,TRUE,https://lichess.org/training/bcyYT
bdvwB,3k3r/p7/3Qbp2/2P1p3/3b4/P4qPp/5P1P/1R4K1 b - - 5 30,e6d7 b1b8,1174,79,100,1500,endgame mate mateIn1 oneMove,https://lichess.org/vgVAo4dX/black#60,,TRUE,https://lichess.org/training/bdvwB
bfBqV,6rk/pp3Q1P/3p4/2p1pP2/8/2NP1n2/P1PK4/q4B1R w - - 1 29,d2e2 a1e1 e2f3 g8g3,1803,155,60,11,fork mate mateIn2 middlegame sacrifice short,https://lichess.org/LMoQC1y6#57,,TRUE,https://lichess.org/training/bfBqV
biL1R,3r3k/pp3pp1/2p1pR1p/2qr4/8/P1PB1Q1P/1PK2P2/6R1 b - - 0 26,d5d3 f6h6 h8g8 g1g7 g8g7 f3f6 g7g8 h6h8,1826,75,97,263,attraction endgame kingsideAttack mate mateIn4 sacrifice veryLong,https://lichess.org/ftn9dani/black#52,,TRUE,https://lichess.org/training/biL1R
bkKag,r2b1r2/1bq2pkp/p2pN3/1p2n1PQ/2n1P3/2N5/PPP3BP/R1B2R1K b - - 0 19,f7e6 h5h6 g7h8 f1f8,1126,81,93,224,deflection master mate mateIn2 middlegame short,https://lichess.org/H5BdTHPl/black#38,,TRUE,https://lichess.org/training/bkKag
bl7hR,2r4r/5R2/p1P3kp/1pQ1q3/4B1P1/P7/1PP5/2K5 b - - 2 31,e5e4 c5h5,1382,75,100,581,endgame master mate mateIn1 oneMove,https://lichess.org/FR2VlyDm/black#62,,TRUE,https://lichess.org/training/bl7hR
bmCUh,3qR1rk/6p1/5pQp/8/3r2P1/8/P6P/4R1K1 b - - 3 39,d8b6 e8g8 h8g8 e1e8,1154,76,100,218,attraction endgame mate mateIn2 short,https://lichess.org/CS66279k/black#78,,TRUE,https://lichess.org/training/bmCUh
boAZv,2k4R/2pr4/1p1p2p1/p2P2P1/3bP3/3q4/PP6/K1Q5 b - - 5 35,c8b7 c1c6 b7a6 h8a8,1363,76,94,114,endgame fork mate mateIn2 short,https://lichess.org/ia33tx8w/black#70,,TRUE,https://lichess.org/training/boAZv
boOnK,r3rkn1/p4q2/1p4R1/2p3Q1/3p4/P3PP2/1BKn1P2/7R b - - 1 29,d2f3 g6g8 f7g8 g5f6 g8f7 h1h8,1672,76,93,423,exposedKing fork long master mate mateIn3 middlegame sacrifice,https://lichess.org/kRb3M18a/black#58,,TRUE,https://lichess.org/training/boOnK
bpCCd,1k5r/ppp2pp1/3p4/3P4/4P1Q1/2N1q3/PPP5/R4KRr w - - 3 22,a1e1 h1g1 g4g1 e3f3 g1f2 h8h1,1498,75,99,1678,exposedKing fork long mate mateIn3 middlegame,https://lichess.org/CMATUbfK#43,,TRUE,https://lichess.org/training/bpCCd
bq9PI,6k1/1p3p2/p2Rr1p1/4b2p/2P1r2P/1P1QBqP1/P2R1P1K/8 w - - 1 31,d6e6 e4h4 h2g1 h4h1,1617,75,91,562,mate mateIn2 middlegame pin short,https://lichess.org/1KKhaWgr#61,,TRUE,https://lichess.org/training/bq9PI
bqKuk,5k2/1pRb1r2/p3p2p/3pQn1q/3P4/P5P1/1P3P2/4R1K1 b - - 4 27,h5f3 e5h8 f8e7 e1e6 e7e6 h8e5,1634,78,96,21703,attraction discoveredAttack exposedKing long mate mateIn3 middlegame pin sacrifice,https://lichess.org/5XhGZM44/black#54,,TRUE,https://lichess.org/training/bqKuk
brwnl,3R4/2r2p1k/1q2pQpp/2b5/8/5PPK/7P/8 b - - 1 45,c5d4 d8h8,1747,222,72,62,endgame mate mateIn1 oneMove,https://lichess.org/8xBNTxX6/black#90,,TRUE,https://lichess.org/training/brwnl
bsSNn,3Q4/5ppk/7p/R2b4/8/5qPP/5P1K/2r5 w - - 2 40,d8d5 c1h1,1580,80,89,391,endgame mate mateIn1 oneMove,https://lichess.org/idWUJ9NA#79,,TRUE,https://lichess.org/training/bsSNn
bxpFa,6k1/1rR2r2/1P1p2Q1/3Pp3/6p1/6P1/5q1N/7K b - - 3 37,g8f8 c7c8 f8e7 g6e6,1886,75,91,363,endgame mate mateIn2 short,https://lichess.org/tj3y0hbq/black#74,,TRUE,https://lichess.org/training/bxpFa
bzdVZ,r4Bk1/5pp1/1pb2n1p/8/2N5/1P1Q1P2/6PP/q1KR3R w - - 1 26,d3b1 a1c3 b1c2 a8a1,1291,75,100,2427,clearance mate mateIn2 middlegame queensideAttack short,https://lichess.org/lniVbxAe#51,,TRUE,https://lichess.org/training/bzdVZ
c0ZVr,r2r4/ppQ5/1k2p1p1/3qP3/2R5/1P4PK/1P5P/8 b - - 4 34,b6a6 c4a4 a6b5 a4a5 b5b4 c7c3,2096,76,96,438,endgame exposedKing long mate mateIn3,https://lichess.org/VwRREnHP/black#68,,TRUE,https://lichess.org/training/c0ZVr
c0c9K,r1b3k1/1p2qr1p/p4ppQ/3p1p2/3P1P2/4R3/P5PP/2B2RK1 b - - 3 23,e7c7 e3e8 f7f8 e8f8,1021,155,63,20,kingsideAttack mate mateIn2 middlegame short,https://lichess.org/KMKJAxs0/black#46,,TRUE,https://lichess.org/training/c0c9K
c0ksW,3r4/1p4Rp/2p1kp2/p7/P2B4/1P2Pq1P/1QP2P2/6K1 w - - 5 36,d4f6 d8d1 g1h2 d1h1,1761,75,99,817,endgame mate mateIn2 short,https://lichess.org/x1O8znZR#71,,TRUE,https://lichess.org/training/c0ksW
c1QJv,2q4k/1R1b1p1p/2p1rPpR/2Q3P1/p2nP3/7P/6BK/3r4 b - - 2 47,c8b7 c5f8,506,89,100,421,master mate mateIn1 middlegame oneMove,https://lichess.org/QiMJzBKg/black#94,,FALSE,https://lichess.org/training/c1QJv
c1R2S,6R1/3rkR2/p1Q5/1p6/2Pq2P1/1P1P2P1/P6K/4r3 b - - 0 39,e7f7 c6g6 f7e7 g8e8,1768,75,84,103,endgame mate mateIn2 short,https://lichess.org/8KZ2BhCF/black#78,,TRUE,https://lichess.org/training/c1R2S
c6u0z,4rnk1/pp3p2/2p2Q1p/3p4/3P4/P1NB2q1/1PP1R1b1/5K2 w - - 0 21,e2g2 e8e1,970,76,100,92,mate mateIn1 middlegame oneMove,https://lichess.org/3SRfdxDu#41,,TRUE,https://lichess.org/training/c6u0z
c9gGk,3Q1n2/r4p1k/8/3pP2R/2pPq3/2p3PK/8/8 b - - 13 41,h7g7 d8f6 g7g8 h5h8,1649,75,95,806,endgame mate mateIn2 short,https://lichess.org/n8dxcXXg/black#82,,TRUE,https://lichess.org/training/c9gGk
c9pkh,r6r/pp1R1k2/2p3n1/4p1Q1/4P1p1/6P1/PPN1q3/2K5 b - - 1 27,f7e6 g5f5,1698,129,53,50,mate mateIn1 middlegame oneMove,https://lichess.org/bOiOqFDX/black#54,,TRUE,https://lichess.org/training/c9pkh
cAeuq,r1bq1bnr/ppp3kp/3p4/4B2Q/3nP3/8/PPP3PP/RN3RK1 b - - 1 11,d6e5 f1f7,1719,83,93,625,mate mateIn1 oneMove opening,https://lichess.org/OxkCGXWc/black#22,Kings_Gambit_Accepted Kings_Gambit_Accepted_Blachly_Gambit,TRUE,https://lichess.org/training/cAeuq
cFjh9,4r1k1/1p1q1pP1/8/p5P1/P2p4/5Q2/6K1/7R b - - 1 41,d4d3 h1h8 g8g7 f3f6,1252,75,97,1142,endgame master mate mateIn2 short,https://lichess.org/BwMxjdK4/black#82,,TRUE,https://lichess.org/training/cFjh9
cG05h,4rq2/p7/2p1p1kR/3pQpP1/3P2p1/2P3P1/PP4K1/8 b - - 3 36,g6g5 e5f4,1196,76,97,873,endgame mate mateIn1 oneMove,https://lichess.org/clkAoLxS/black#72,,TRUE,https://lichess.org/training/cG05h
cHQen,3R1bk1/3Rpp1p/2q3pQ/8/8/r1N5/6PP/7K b - - 0 32,c6d7 d8f8,862,79,100,109,endgame mate mateIn1 oneMove,https://lichess.org/PZlivATw/black#64,,TRUE,https://lichess.org/training/cHQen
cJuur,6k1/1p2rp2/p2b2pQ/2pq4/P7/4p3/2P3RP/5RK1 b - - 1 34,e3e2 g2g6 f7g6 f1f8,1873,80,93,733,endgame mate mateIn2 sacrifice short,https://lichess.org/GTgS2piI/black#68,,TRUE,https://lichess.org/training/cJuur
cQj4M,3Q4/R4p1k/4p2p/4P1p1/3B3P/4PqP1/7K/1r6 w - - 0 46,d8a8 b1h1,1783,76,99,460,endgame mate mateIn1 oneMove,https://lichess.org/taXQX9A7#91,,TRUE,https://lichess.org/training/cQj4M
cRag7,6k1/ppR4p/3p2pQ/3qp3/8/5r1P/P4P2/6K1 b - - 3 36,f3f7 c7c8 f7f8 c8f8,983,76,100,346,endgame mate mateIn2 short,https://lichess.org/HNYxi5m4/black#72,,TRUE,https://lichess.org/training/cRag7
cRoKP,4Q1R1/3r4/3q1kp1/7p/5p2/pp3P1K/7P/8 b - - 3 48,b3b2 g8g6 f6f5 e8e4,2035,78,83,66,endgame mate mateIn2 short,https://lichess.org/o5e7AOXE/black#96,,TRUE,https://lichess.org/training/cRoKP
cS2p4,1Rbkr2r/2p3pp/3R1p2/8/2q5/Q3B2P/P4PP1/6K1 b - - 0 24,c7d6 a3d6,1161,76,100,452,mate mateIn1 middlegame oneMove,https://lichess.org/M3vx8CE1/black#48,,FALSE,https://lichess.org/training/cS2p4
cVPMO,3r2k1/p4Qb1/8/5R1p/3q2pP/4r3/PP4P1/5RK1 b - - 5 30,g8h7 f5h5,1213,76,93,317,mate mateIn1 middlegame oneMove,https://lichess.org/SYjBci56/black#60,,TRUE,https://lichess.org/training/cVPMO
cW7zB,r1b3k1/ppq2p2/2pp1bBp/8/3p4/2P2N2/PPQ2PPP/4R1K1 b - - 0 18,f7g6 c2g6 f6g7 e1e8,1387,78,92,730,fork mate mateIn2 middlegame short,https://lichess.org/Q0CCLrhj/black#36,Pirc_Defense Pirc_Defense_Roscher_Gambit,TRUE,https://lichess.org/training/cW7zB
cWdfV,1r3rk1/1pp2p2/p3pQp1/8/1PP4R/P2q1NP1/5PBP/3n2K1 b - - 1 22,d3c3 h4h8,1678,87,78,288,mate mateIn1 middlegame oneMove,https://lichess.org/w2yX1Jxu/black#44,,TRUE,https://lichess.org/training/cWdfV
cYLFi,6k1/p1Q4p/6p1/3pPr2/3q4/5PN1/PP3KR1/8 w - - 0 31,f2f1 d4d1 f1f2 f5f3,2127,75,96,434,endgame mate mateIn2 short,https://lichess.org/s8OEzME0#61,,TRUE,https://lichess.org/training/cYLFi
cZP02,2Q2nk1/p3P1pp/1p6/8/1P4Kr/P1R5/1B3q1P/8 w - - 4 41,g4g5 f2f6,1476,479,100,6,endgame mate mateIn1 oneMove,https://lichess.org/UGQP8wxU#81,,TRUE,https://lichess.org/training/cZP02
cbOUL,b5r1/4r2p/p5kB/3q2p1/3p4/5R1Q/6P1/6K1 b - - 5 44,d5d6 h3f5 g6h6 f3h3 h6g7 h3h7,1721,75,99,749,long mate mateIn3 middlegame sacrifice,https://lichess.org/3pcU8NDC/black#88,,TRUE,https://lichess.org/training/cbOUL
cbqf3,r2q2r1/p2nbQBk/1pb5/3pPR2/3P4/8/PP4PP/RN4K1 b - - 0 19,g8g7 f5h5,1186,256,82,3,mate mateIn1 middlegame oneMove,https://lichess.org/s4aHHazK/black#38,,TRUE,https://lichess.org/training/cbqf3
ckZiI,4r1k1/p3r3/1p1n2Qp/2pP2p1/2P5/2P2p1q/P3RP2/2B1R1K1 b - - 1 31,e7g7 e2e8 d6e8 e1e8,1389,75,100,279,kingsideAttack mate mateIn2 middlegame short,https://lichess.org/WMzaekEX/black#62,,TRUE,https://lichess.org/training/ckZiI
cqQdb,5rk1/7p/p2R2pQ/1pn1p3/8/5R2/P1P3qP/4K3 b - - 6 38,f8f3 d6d8 g8f7 h6f8 f7e6 d8d6,1870,76,96,2336,endgame fork long mate mateIn3,https://lichess.org/wzQO1ZGK/black#76,,TRUE,https://lichess.org/training/cqQdb
cqj7M,r5r1/1b2b1k1/2q1p3/2p1Q3/p1P2R2/P2P3P/1P3PP1/3R2K1 b - - 6 36,g7h7 e5h5 h7g7 f4f7,1966,132,86,13,mate mateIn2 middlegame short,https://lichess.org/foQuyM2n/black#72,,TRUE,https://lichess.org/training/cqj7M
ctHB6,r4rk1/1p3p2/p1p3RR/3nQ3/8/1Pq5/5PPP/5BK1 b - - 0 29,f7g6 h6g6 g8f7 g6g7,2103,77,86,113,mate mateIn2 middlegame short,https://lichess.org/jdCEljUk/black#58,,TRUE,https://lichess.org/training/ctHB6
cwHQT,4r1k1/pQR2ppp/8/4r3/8/6Pq/PPP2P1P/R5K1 w - - 0 21,b7g2 e5e1 a1e1 e8e1 g2f1 e1f1,1099,116,100,17,endgame long mate mateIn3,https://lichess.org/Zi8gstn3#41,,TRUE,https://lichess.org/training/cwHQT
cypiK,6kr/6b1/p2p2p1/1p1Pp3/1Pn2B2/5q1r/2Q2PRP/4R2K b - - 3 38,e5f4 e1e8 g7f8 c2g6,969,80,100,62,mate mateIn2 middlegame short,https://lichess.org/2DulVFL8/black#76,,TRUE,https://lichess.org/training/cypiK
czeLY,r7/p1R5/1p1kp1pp/1q1p1n2/1P1P2N1/8/6PP/2Q3K1 b - - 3 31,f5d4 c1f4 e6e5 f4e5,1521,74,92,186,endgame fork mate mateIn2 short,https://lichess.org/j6pRYqdb/black#62,,TRUE,https://lichess.org/training/czeLY
d1FjN,4r1k1/1p5p/p5p1/3p3n/3Q4/P4PqP/BPP3P1/2R1rK2 w - - 0 29,c1e1 e8e1,1500,500,100,3,endgame mate mateIn1 oneMove,https://lichess.org/YeswobY4#57,,TRUE,https://lichess.org/training/d1FjN
d1Zou,r5k1/4pp1p/3p2b1/6P1/1qP1PP1P/1p1P4/2P1Q3/2KR2NR w - - 2 28,c2b3 b4c3 e2c2 a8a1,1836,76,97,806,mate mateIn2 middlegame queensideAttack short,https://lichess.org/GXm8vWMo#55,,TRUE,https://lichess.org/training/d1Zou
d4O1K,2k5/ppp5/8/3pQ3/2q5/2N5/PPb3PP/R1B1Kr2 w - - 3 20,e1d2 c4d3,1127,195,43,5,mate mateIn1 middlegame oneMove,https://lichess.org/3IO7tGR9#39,,TRUE,https://lichess.org/training/d4O1K
d4ftw,8/p4kpp/3Q2p1/3p4/P3q3/8/2r3PP/5R1K b - - 5 31,f7e8 f1f8,1528,118,88,156,endgame mate mateIn1 oneMove,https://lichess.org/XRjDQKkI/black#62,,TRUE,https://lichess.org/training/d4ftw
d5OVA,r1b3k1/pp2q2B/1b1p3Q/n3p3/2P5/3p4/PP1N2PP/5R1K b - - 0 21,e7h7 f1f8,1035,152,100,30,mate mateIn1 middlegame oneMove,https://lichess.org/naEzAtDZ/black#42,,TRUE,https://lichess.org/training/d5OVA
d6RE8,3R2k1/1p3r1p/p1q1pppQ/4P3/5n2/1P6/P1r3PP/R6K b - - 1 28,f7f8 d8f8,569,85,100,85,kingsideAttack mate mateIn1 middlegame oneMove,https://lichess.org/9SxLVjvK/black#56,,TRUE,https://lichess.org/training/d6RE8
d7jfe,6r1/1p2Qr2/1qp2pk1/p1N5/P5RP/8/1PP5/2K5 b - - 1 36,g6f5 e7e6,1139,77,94,164,endgame master mate mateIn1 oneMove,https://lichess.org/bv8AgLN5/black#72,,TRUE,https://lichess.org/training/d7jfe
d9BCB,7R/1p2k3/pPp5/P1PpP3/2q5/4P3/1K3r2/1RQ5 w - - 0 40,b2a3 f2a2,1620,79,94,2316,endgame mate mateIn1 oneMove,https://lichess.org/i6DUJZsy#79,,TRUE,https://lichess.org/training/d9BCB
dAzQC,1r4k1/1b3r1p/3Rp1pQ/1p3p2/2p4P/5PP1/1PB1q3/3R2K1 b - - 3 31,e2f3 d6d8 b8d8 d1d8 f7f8 d8f8,834,81,100,309,long mate mateIn3 middlegame,https://lichess.org/GbIchK3r/black#62,,TRUE,https://lichess.org/training/dAzQC
dJkYg,5rk1/2r2p2/p2R3Q/1p1pP1pP/3P4/4P3/3q4/5R1K b - - 0 44,d2e3 d6g6 f7g6 f1f8,1802,76,94,552,endgame mate mateIn2 short,https://lichess.org/pq7NK7jY/black#88,,TRUE,https://lichess.org/training/dJkYg
dJvMS,r5rk/p6R/4p3/2p1qp2/2P5/5Q2/P4PPP/3R2K1 b - - 0 25,h8h7 f3h5 h7g7 d1d7 g7f6 d7f7,1939,75,99,848,endgame exposedKing long mate mateIn3,https://lichess.org/c12xSess/black#50,,TRUE,https://lichess.org/training/dJvMS
dNDw8,3rkq2/pb2n2R/1p2Q3/2p1Pp2/3P4/P1P5/5K2/6R1 b - - 15 40,b7d5 h7e7 f8e7 g1g8,1616,75,99,1400,mate mateIn2 middlegame sacrifice short,https://lichess.org/wX0puzQ5/black#80,,TRUE,https://lichess.org/training/dNDw8
dR29P,r1b2k2/pp4p1/1q2p1Q1/3p1RB1/6n1/8/P1P4P/4R2K b - - 0 24,e6f5 e1e8,972,83,100,267,master mate mateIn1 middlegame oneMove,https://lichess.org/MPn6s81V/black#48,,TRUE,https://lichess.org/training/dR29P
dRjbP,6k1/pppqrp2/1n1p1RpQ/3P4/P2P4/1P5P/2P1r1P1/3N1RK1 b - - 0 23,b6d5 f6g6 f7g6 f1f8,1634,76,85,148,clearance kingsideAttack mate mateIn2 middlegame sacrifice short,https://lichess.org/8uoYw1Su/black#46,,TRUE,https://lichess.org/training/dRjbP
dWK7p,4r1k1/4r2p/3R4/p5q1/2PQ1pP1/2P5/P5P1/1B1R2K1 w - - 3 36,b1f5 e7e1 d1e1 e8e1 g1f2 g5h4 g2g3 h4g3,1156,78,85,175,mate mateIn4 middlegame veryLong,https://lichess.org/aVaPGDka#71,,TRUE,https://lichess.org/training/dWK7p
dXn8t,8/pp1r2k1/5R2/q7/2Q3P1/1P6/P1P4P/2K5 w - - 1 38,c4f4 a5a3 c1b1 d7d1 f4c1 d1c1,1605,75,98,423,endgame long mate mateIn3,https://lichess.org/DNlsR0Jk#75,,TRUE,https://lichess.org/training/dXn8t
daFYE,8/8/8/4Q3/k2B4/2Pq3P/5KP1/7r w - - 5 44,e5c5 h1f1,1536,75,95,4142,endgame master masterVsMaster mate mateIn1 oneMove,https://lichess.org/t3jwQwgC#87,,TRUE,https://lichess.org/training/daFYE
dbSmS,6k1/p7/5Q1p/5p2/2P2P2/1P4Pq/P2r1r1P/5RK1 w - - 0 27,f1f2 d2d1 f2f1 d1f1,1005,76,100,206,endgame mate mateIn2 short,https://lichess.org/OqH8VHXB#53,,TRUE,https://lichess.org/training/dbSmS
dcalZ,r7/pq5r/bpn1pQpk/3NP3/3P1R2/8/P5PP/1R5K b - - 5 31,h7f7 f4h4,1361,76,80,533,mate mateIn1 middlegame oneMove,https://lichess.org/6TmVqmMB/black#62,,TRUE,https://lichess.org/training/dcalZ
dd9Cb,8/4p3/8/3p2r1/5Q2/P2knK2/6r1/2R5 b - - 1 51,e7e5 f4e3,1192,77,100,112,endgame mate mateIn1 oneMove,https://lichess.org/6PUghYBq/black#102,,TRUE,https://lichess.org/training/dd9Cb
dgd8x,5rk1/5r1p/p2p3q/3Q4/5Np1/6P1/PPP4P/4RR1K w - - 7 39,f4e6 f7f1 e1f1 f8f1 h1g2 h6h3,1205,76,99,1138,long mate mateIn3 middlegame,https://lichess.org/HN1gM4vJ#77,,TRUE,https://lichess.org/training/dgd8x
dhX94,4r1k1/1p3ppp/8/2R5/8/1P3QPq/P6P/2R1r1K1 w - - 9 33,c1e1 e8e1 f3f1 e1f1,580,83,100,74,endgame mate mateIn2 short,https://lichess.org/YjHPK3Jl#65,,TRUE,https://lichess.org/training/dhX94
dhle0,rk6/2p5/1pQ4p/p3q1p1/P2p4/5P2/5KPP/4R3 b - - 1 31,e5c5 e1e8 b8a7 e8a8,1051,77,88,218,endgame mate mateIn2 short,https://lichess.org/vxE6y9pa/black#62,,TRUE,https://lichess.org/training/dhle0
dhz1h,6k1/p1qR2p1/5b1p/2P2Q2/8/P6P/3R2P1/4r1K1 w - - 6 40,g1f2 f6h4 g2g3 c7g3,1358,75,99,1376,endgame mate mateIn2 short,https://lichess.org/mvGnjjLT#79,,TRUE,https://lichess.org/training/dhz1h
djpRK,6rk/8/P4b2/2Q1p2p/2P1p3/4RrPq/5P2/R3B1K1 w - - 0 30,a6a7 g8g3 f2g3 f3f1,1999,75,97,1972,mate mateIn2 middlegame sacrifice short,https://lichess.org/IDmiWkps#59,,TRUE,https://lichess.org/training/djpRK
dnn83,7Q/1p4B1/p1p1r1k1/3p1b1p/8/2P3Pq/PP3R1P/6K1 w - - 3 36,g7h6 e6e1 f2f1 e1f1,765,84,100,68,endgame mate mateIn2 short,https://lichess.org/ckl3KtzD#71,,TRUE,https://lichess.org/training/dnn83
drgJ4,1r3k2/p4n1R/3p2Q1/3q2P1/1K3P2/P1p5/2R3P1/8 w - - 6 42,b4c3 b8b3,1825,106,82,85,endgame mate mateIn1 oneMove,https://lichess.org/FXhpGa9b#83,,TRUE,https://lichess.org/training/drgJ4
dsLQS,6k1/Q4pp1/3p3p/3Bp3/4P2q/5P2/PR3KPP/2r5 w - - 2 32,f2e3 h4e1 b2e2 c1c3,1754,75,99,1706,endgame mate mateIn2 short,https://lichess.org/BxDuwcpF#63,,TRUE,https://lichess.org/training/dsLQS
dwIj0,2rqkr2/3b1B1R/2nQ1pp1/8/1p2P1P1/1p3P2/P1P5/1K1R2N1 b - - 0 21,f8f7 h7h8 f7f8 h8f8,1082,77,84,127,mate mateIn2 middlegame short,https://lichess.org/4ML2EXFp/black#42,,TRUE,https://lichess.org/training/dwIj0
dxqb7,3rr1k1/p1p4p/1p4pQ/3q4/3Pp3/2P5/P1P2RPP/5RK1 b - - 0 24,e8f8 f2f8 d8f8 f1f8,827,77,100,123,endgame kingsideAttack mate mateIn2 short,https://lichess.org/PxWAvVp4/black#48,,TRUE,https://lichess.org/training/dxqb7
e0PJl,rn2kr2/pp3p1p/2p2Q2/4P1B1/4q3/4b3/PPP1b1PP/1K1R3R b q - 3 16,e3g5 d1d8,1395,74,99,3962,mate mateIn1 middlegame oneMove,https://lichess.org/rL0sa9bt/black#32,Vienna_Game Vienna_Game_Vienna_Gambit,TRUE,https://lichess.org/training/e0PJl
e0dnU,r4rk1/ppp2ppp/3p1N1B/2b2R1Q/2n1P3/3P3P/Pq4P1/n2K4 b - - 1 18,g8h8 h6g7 h8g7 h5h7,1176,75,100,705,attraction discoveredAttack kingsideAttack mate mateIn2 middlegame short,https://lichess.org/lDCxfn1P/black#36,Bishops_Opening Bishops_Opening_Vienna_Hybrid,TRUE,https://lichess.org/training/e0dnU
e15yW,2r3k1/1p3pb1/p6P/4pQP1/3pP3/PPrPq3/R1P5/3K3R w - - 1 31,h6g7 c3d3 c2d3 c8c1,1910,75,93,1863,clearance endgame mate mateIn2 sacrifice short,https://lichess.org/UiqoHw6s#61,,TRUE,https://lichess.org/training/e15yW
e3BbT,4Q3/bp4pk/p2R1r2/5q2/8/1P2P1PK/P7/3R4 w - - 6 45,h3h4 g7g5 h4h5 f5h3 h5g5 f6f5,2225,95,74,44,endgame long mate mateIn3,https://lichess.org/7CCOizch#89,,TRUE,https://lichess.org/training/e3BbT
e5qtP,rn1R3k/7n/p4r1Q/6p1/2p1q3/8/PPP2PRP/7K b - - 1 26,f6f8 d8f8,1084,79,92,120,mate mateIn1 middlegame oneMove pin,https://lichess.org/Qbq11ccw/black#52,,TRUE,https://lichess.org/training/e5qtP
e6dmO,2r3k1/6pp/4pp2/p2p4/3P4/QP2P1P1/4nP1P/R4K1q w - - 8 34,f1e2 c8c2 e2d3 h1e4,1252,75,95,628,endgame mate mateIn2 short,https://lichess.org/EkidfUvx#67,,TRUE,https://lichess.org/training/e6dmO
e6rIp,6k1/q3rp2/3p1RpQ/1p1r3p/1P6/2P4P/6P1/5R1K b - - 8 32,a7e3 f6g6 f7g6 f1f8,2027,126,90,34,clearance endgame mate mateIn2 sacrifice short,https://lichess.org/Xsq0vUfP/black#64,,TRUE,https://lichess.org/training/e6rIp
e8wn5,6k1/pQ2pp1p/6pP/8/5P2/4r2q/PPr2R1P/4R2K w - - 0 28,e1e3 c2c1 e3e1 c1e1 f2f1 e1f1,1046,76,100,966,endgame long mate mateIn3,https://lichess.org/mOS0kYBq#55,,TRUE,https://lichess.org/training/e8wn5
eJWCg,6rk/1b2p2p/1qp5/pp2P1Q1/2P5/2NB1P2/PP6/3RK3 w - - 7 27,g5e7 b6e3 c3e2 g8g1,1810,75,95,1225,mate mateIn2 middlegame pin short,https://lichess.org/bsXS0xas#53,,TRUE,https://lichess.org/training/eJWCg
eMWCF,2r1kr2/1p4b1/5p2/2q1pR2/Q7/8/PPP3P1/1K1R4 b - - 4 36,e8e7 a4d7,1095,76,88,348,mate mateIn1 middlegame oneMove,https://lichess.org/49r0BtSU/black#72,,TRUE,https://lichess.org/training/eMWCF
eOGHX,r1b4k/1pb4n/p2q2pQ/2p1B1P1/P3p3/1B1P3P/1PP5/5R1K b - - 0 26,d6e5 f1f8,1080,76,100,94,mate mateIn1 middlegame oneMove pin,https://lichess.org/7Gfz0V35/black#52,,TRUE,https://lichess.org/training/eOGHX
ePERk,2kr2r1/5p2/1p2p3/1QpqR1pp/R7/2P3PP/1P3P2/2B3K1 b - - 0 23,d5e5 b5c6 e5c7 a4a8,1619,77,97,2318,endgame mate mateIn2 queensideAttack short,https://lichess.org/L2HnljT1/black#46,,TRUE,https://lichess.org/training/ePERk
eQwtE,2k5/ppp2p2/2p1N3/4p3/4P3/3PqPp1/PPP3P1/R2Q1KNr w - - 1 18,d1e2 h1g1,973,78,100,221,endgame mate mateIn1 oneMove,https://lichess.org/ofD2tvSb#35,Ruy_Lopez Ruy_Lopez_Berlin_Defense,TRUE,https://lichess.org/training/eQwtE
eW1Pp,r3r1kR/5pq1/4pQ2/2PpP1p1/2pP4/4P3/p4KP1/7R b - - 1 41,g7h8 h1h8,584,90,63,40,endgame mate mateIn1 oneMove,https://lichess.org/WXkkol61/black#82,,TRUE,https://lichess.org/training/eW1Pp
eWvcM,5Nk1/1p5p/7r/4Qp2/8/5qP1/PP3P1K/3RR3 w - - 1 36,h2g1 h6h1,778,77,100,122,endgame mate mateIn1 oneMove,https://lichess.org/XgJI9X9u#71,,TRUE,https://lichess.org/training/eWvcM
eXt3h,8/7r/2p3p1/p1P2pQ1/Pp1PpPk1/2n1q1r1/2K1N3/7R b - - 9 46,g4f3 g5g3 f3e2 h1e1,1810,76,93,558,mate mateIn2 middlegame short,https://lichess.org/qZlXYPGU/black#92,,TRUE,https://lichess.org/training/eXt3h
eYd0j,r4r1k/8/2pp1npQ/8/1p2P3/1pqP1R2/6PP/5R1K b - - 1 27,f6h7 f3f8 a8f8 f1f8,969,77,100,364,master mate mateIn2 middlegame pin short,https://lichess.org/Q0gFAm5V/black#54,,TRUE,https://lichess.org/training/eYd0j
eeNfa,2r3k1/1p5n/p5Rp/3p4/bP3q2/P4P1Q/6PP/6K1 b - - 1 34,g8f7 h3e6 f7f8 g6g8,1806,74,93,158,endgame fork mate mateIn2 short,https://lichess.org/mGc4WBHK/black#68,,TRUE,https://lichess.org/training/eeNfa
egvQ3,1rq5/p1p1R1k1/2pp2p1/7p/7P/6Q1/PPP3P1/6K1 b - - 1 29,g7f6 g3g5,1158,82,100,53,endgame mate mateIn1 oneMove,https://lichess.org/W6A0Rzoq/black#58,,TRUE,https://lichess.org/training/egvQ3
ehaog,1k6/1pp4Q/p1p5/q3B2P/5P2/1P1B4/2P5/3K2r1 w - - 1 28,d1e2 a5e1 e2f3 g1g3,1491,77,86,272,endgame mate mateIn2 short,https://lichess.org/FaqVAswx#55,,TRUE,https://lichess.org/training/ehaog
eiGTw,1N2r1k1/p1p2ppp/1p6/8/P7/2RP2Pq/2P2PbP/5QK1 w - - 1 23,f1g2 e8e1 g2f1 e1f1,875,79,67,83,endgame mate mateIn2 short,https://lichess.org/vLNpndpQ#45,,TRUE,https://lichess.org/training/eiGTw
en55I,r1b4r/p1q2p1k/1pp1pQp1/4P3/3P4/1BP4R/PP4PP/6K1 b - - 3 22,h7g8 h3h8,658,84,68,93,kingsideAttack mate mateIn1 middlegame oneMove,https://lichess.org/SemBTyIN/black#44,,TRUE,https://lichess.org/training/en55I
eoGQk,5r1r/5pk1/3p2p1/p1p1n1Q1/1p2P2R/3P4/1PP3PP/q2B1RK1 b - - 3 27,a1b2 g5f6 g7g8 h4h8,1198,77,66,138,mate mateIn2 middlegame short,https://lichess.org/5xncGMQn/black#54,,TRUE,https://lichess.org/training/eoGQk
epXO2,3r4/8/pk3q2/1p4p1/4Q3/4pP2/PPRrK1P1/2R5 w - - 4 36,e2e3 d8d3 e4d3 f6f4,1913,74,98,1307,endgame mate mateIn2 sacrifice short,https://lichess.org/W11qKljN#71,,TRUE,https://lichess.org/training/epXO2
eqCnI,2r4k/ppr2p1p/4p1pQ/3p1BP1/1q6/4R3/P1P2P1P/4R1K1 b - - 0 25,e6f5 e3e8 c8e8 e1e8 b4f8 e8f8,895,84,88,117,endgame kingsideAttack long mate mateIn3,https://lichess.org/wK6dLXsx/black#50,,TRUE,https://lichess.org/training/eqCnI
esRPI,2rq1rk1/1p3p1N/p3bQp1/3pPp2/5P2/1R6/2P3PP/5RK1 b - - 0 23,g8h7 b3h3 h7g8 h3h8,1198,75,98,1319,mate mateIn2 middlegame short,https://lichess.org/pX9CBseW/black#46,,TRUE,https://lichess.org/training/esRPI
eshxM,3B1rk1/1pq4p/r5pQ/3bP3/p1p1p3/P1P4P/1P3RP1/5RK1 b - - 7 34,f8d8 f2f8 d8f8 f1f8,814,96,47,61,kingsideAttack mate mateIn2 middlegame short,https://lichess.org/ikZoXS0R/black#68,,TRUE,https://lichess.org/training/eshxM
evWmg,8/ppQ2pp1/4N3/1kR3Pp/4q1nP/P1P5/1r3P2/6K1 b - - 0 33,b5a6 c5a5,1068,87,100,56,endgame mate mateIn1 oneMove,https://lichess.org/9OAllBgT/black#66,,TRUE,https://lichess.org/training/evWmg
ewlzX,7k/pp1N2p1/2p4p/3p4/PP1P4/4Prrq/Q1R2P2/5RK1 w - - 0 26,f2g3 f3f1,1706,81,58,83,endgame mate mateIn1 oneMove,https://lichess.org/OgPQxMeL#51,,TRUE,https://lichess.org/training/ewlzX
f2S4O,8/r3kr2/1p1pQ2R/1Pp1b3/P3B3/6P1/5PK1/2q5 b - - 6 40,e7f8 e6c8 f8e7 h6e6,1831,75,95,894,mate mateIn2 middlegame short,https://lichess.org/56j75jak/black#80,,TRUE,https://lichess.org/training/f2S4O
f36T8,4r3/p4Qp1/1p6/2p3P1/4nPk1/7R/P2r4/5RK1 b - - 8 47,g4h3 f7h5 h3g3 f1f3,1697,75,97,1529,endgame fork mate mateIn2 short,https://lichess.org/wKdCRDZz/black#94,,TRUE,https://lichess.org/training/f36T8
f46RJ,6k1/pp4p1/2p1q3/4p2P/P1P3K1/1P2Q1N1/1r6/4R3 w - - 4 37,g4h4 b2h2 h4g5 e6f6 g5g4 h2h4,1601,75,99,1205,endgame long master masterVsMaster mate mateIn3,https://lichess.org/g7hakgWB#73,,TRUE,https://lichess.org/training/f46RJ
f5f8f,4k1r1/1p1rnp1p/p3pQp1/1q2P3/2R5/1P6/P4PPP/4R1K1 b - - 6 24,e7d5 c4c8 d7d8 c8d8,813,91,100,44,mate mateIn2 middlegame short,https://lichess.org/QgaSmT2Y/black#48,,TRUE,https://lichess.org/training/f5f8f
f7liR,2r5/1pqn3R/r2p1kp1/3Qp1b1/2N5/5P2/PpP5/1K1R4 b - - 5 27,c7c4 h7f7,1639,76,90,547,mate mateIn1 middlegame oneMove,https://lichess.org/MUhWq2uW/black#54,,TRUE,https://lichess.org/training/f7liR
fBmLb,6r1/4kp2/1Q5p/3RPp2/1b3q2/2r5/P4PPP/5R1K b - - 0 26,c3c1 b6f6 e7f8 d5d8,2157,119,100,43,mate mateIn2 middlegame short,https://lichess.org/m4eW4RRZ/black#52,,TRUE,https://lichess.org/training/fBmLb
fCFRP,2r5/1p3pk1/3p3R/p3p1P1/2q1P3/8/2P2Q2/2K5 b - - 7 35,c4e4 f2f6 g7g8 h6h8,1054,78,92,167,endgame mate mateIn2 short,https://lichess.org/3do50lJi/black#70,,TRUE,https://lichess.org/training/fCFRP
fCmCV,8/2k5/p1p1p2p/2q1P3/Q2RpP1P/P1P1K3/1r4r1/1R6 w - - 0 33,b1b2 c5c3 e3e4 c3e1 e4d3 g2g3 d3c2 g3c3,2317,76,83,230,endgame fork mate mateIn4 veryLong,https://lichess.org/1N0WprDv#65,,TRUE,https://lichess.org/training/fCmCV
fG5KX,2r1Rk2/p5p1/bpp3Q1/6pp/2PP2n1/qP4PB/P4P1P/4R1K1 b - - 0 24,c8e8 e1e8,498,93,92,160,mate mateIn1 middlegame oneMove,https://lichess.org/V4LJ3ZkV/black#48,,TRUE,https://lichess.org/training/fG5KX
fH1Mj,4r1k1/4rp1p/R5p1/8/P7/5QPq/P4P1P/3R2K1 w - - 3 32,f3g2 e7e1 d1e1 e8e1 g2f1 e1f1,921,81,100,102,endgame long mate mateIn3,https://lichess.org/eWZ7uMj0#63,,TRUE,https://lichess.org/training/fH1Mj
fKGOv,1r3r2/pp6/6p1/2p1q3/2n1N2R/3Q4/PPP1k3/1K6 b - - 1 37,e2e1 h4h1 f8f1 h1f1,1224,77,100,91,mate mateIn2 middlegame short,https://lichess.org/55BoU3xm/black#74,,TRUE,https://lichess.org/training/fKGOv
fKvDS,5r2/p3Q1pk/2B3pp/4R3/3P2P1/4P1rq/P1R2P2/6K1 w - - 1 32,f2g3 f8f1,1680,77,78,465,endgame mate mateIn1 oneMove,https://lichess.org/mbMHA0Io#63,,TRUE,https://lichess.org/training/fKvDS
fPyWO,5rk1/1p1r1p2/5RpQ/p6p/P2p3P/1P1P2P1/2P1qR1K/8 b - - 4 39,e2e3 f6g6 f7g6 f2f8,1744,161,50,8,discoveredAttack endgame kingsideAttack mate mateIn2 short,https://lichess.org/rj3LtB70/black#78,,TRUE,https://lichess.org/training/fPyWO
fSEkU,6k1/1pp4p/2qP2p1/p5r1/5r2/2QB1P2/PP5P/3R1RK1 w - - 1 29,g1f2 c6f3 f2e1 f3e3 d3e2 f4f1 e1f1 g5g1,1708,77,84,468,attraction discoveredAttack mate mateIn4 middlegame pin veryLong,https://lichess.org/AkRNobEC#57,,TRUE,https://lichess.org/training/fSEkU
fTCGm,3r2k1/pp1q1r1p/2p1RppQ/8/2PP4/1P2R3/P4PPP/6K1 b - - 3 26,d7d4 e6e8 d8e8 e3e8 f7f8 e8f8,955,153,100,23,endgame kingsideAttack long mate mateIn3,https://lichess.org/3oB6rEJw/black#52,,TRUE,https://lichess.org/training/fTCGm
fWMsO,8/1Q3ppk/2p5/2Pp4/3P2P1/PP2rPq1/6B1/5K2 w - - 1 37,b7f7 e3e1,840,78,90,100,endgame master mate mateIn1 oneMove,https://lichess.org/HVDZCWL2#73,,TRUE,https://lichess.org/training/fWMsO
fadrh,r6r/p1q3kp/2p1p1p1/4p3/6N1/4P3/PPP3PQ/5R1K b - - 1 25,a8f8 h2h6 g7g8 f1f8,1407,74,93,222,endgame mate mateIn2 short,https://lichess.org/2q69uO0x/black#50,,TRUE,https://lichess.org/training/fadrh
fcIIl,6rk/pp1qb3/n1p1b2B/4P2Q/3P4/8/PPP3PP/5RK1 b - - 4 23,e6g4 h6g7 h8g7 f1f7,1658,78,94,2264,attraction doubleCheck kingsideAttack mate mateIn2 middlegame sacrifice short,https://lichess.org/7QgVgpp2/black#46,,TRUE,https://lichess.org/training/fcIIl
fczsz,6k1/r1q5/p2pNQp1/1bpP4/4P1P1/1P6/5K2/7R b - - 0 37,c7f7 h1h8,1054,75,100,377,endgame mate mateIn1 oneMove,https://lichess.org/YJKRlDb5/black#74,,TRUE,https://lichess.org/training/fczsz
fgSk3,7k/6p1/7p/Rp6/1P5P/P4qP1/2Q2P2/3r2K1 w - - 1 43,g1h2 d1h1,898,81,89,75,endgame mate mateIn1 oneMove,https://lichess.org/ywzcKeeR#85,,TRUE,https://lichess.org/training/fgSk3
fi0gh,2r1rk1R/3q1p2/1pp1p2p/p1n1P3/5P1Q/PP6/2P3BK/8 b - - 4 34,f8g7 h4f6,783,85,100,108,mate mateIn1 middlegame oneMove,https://lichess.org/E3PdKhaP/black#68,,TRUE,https://lichess.org/training/fi0gh
fjcvP,2n1qn2/pp2rNkN/4pRp1/3pP3/3P2P1/1P1Q4/7P/6K1 b - - 0 28,g7h7 d3h3 h7g8 h3h8,1749,75,96,1909,mate mateIn2 middlegame short,https://lichess.org/uiszKLOX/black#56,,FALSE,https://lichess.org/training/fjcvP
fjp4G,6k1/3r2p1/2Q4p/2br4/5B2/1P3R1q/P1P1P2P/2R3K1 w - - 1 27,g1h1 d5d1 c1d1 d7d1 f3f1 d1f1,852,79,94,76,long mate mateIn3 middlegame,https://lichess.org/Db9UA3Mw#53,,TRUE,https://lichess.org/training/fjp4G
flNrz,2kr3r/2p2pp1/3bq3/R3p3/Q7/1P3R1P/5PK1/8 b - - 2 36,c7c5 a4c6 d6c7 a5a8,1470,77,97,944,mate mateIn2 middlegame short,https://lichess.org/wojZqkWe/black#72,,TRUE,https://lichess.org/training/flNrz
fm3g6,3r2r1/1kp2p2/1b6/1P1p3p/6pq/2Q1P3/1BP2PP1/R4RK1 b - - 0 23,g4g3 c3c6 b7c8 a1a8,1328,76,94,1174,mate mateIn2 middlegame short,https://lichess.org/5h9QZ3fC/black#46,,TRUE,https://lichess.org/training/fm3g6
fo55F,7k/7p/5r2/1p2N3/p2P1pQ1/2P4K/PP3qP1/R7 w - - 6 39,a1h1 f6h6 g4h4 h6h4,1167,75,100,145,endgame mate mateIn2 short,https://lichess.org/SSrox7m3#77,,TRUE,https://lichess.org/training/fo55F
fpp5m,Q7/3k1r2/3ppqN1/2p5/1p2P3/p2P4/PPP5/2K3RR w - - 0 29,b2a3 f6a1 c1d2 f7f2 d2e3 a1d4,1469,76,97,1536,endgame long mate mateIn3,https://lichess.org/2dbWtIuG#57,,TRUE,https://lichess.org/training/fpp5m
fqtt3,r1q5/3r1p1k/4pQp1/p2pP3/1n1P4/4R3/5PPP/1R4K1 b - - 1 30,c8h8 e3h3 h7g8 h3h8,1074,76,100,212,mate mateIn2 middlegame short,https://lichess.org/end6DDqH/black#60,,TRUE,https://lichess.org/training/fqtt3
frIpQ,6k1/1b1q1r1p/p5pQ/2p4P/3p4/P7/1B3PP1/4R2K b - - 0 31,d7g4 e1e8 f7f8 e8f8,883,78,100,279,endgame mate mateIn2 short,https://lichess.org/H7Bk0LXE/black#62,,TRUE,https://lichess.org/training/frIpQ
fuP5e,3r4/4Kpk1/2Q3p1/p5q1/3PR3/P3P3/8/8 w - - 6 45,c6f6 g5f6,689,85,100,140,endgame mate mateIn1 oneMove,https://lichess.org/EGe4JmWP#89,,TRUE,https://lichess.org/training/fuP5e
fvBBl,3r2r1/k4p2/2Q1bp1p/8/1q6/2N5/1PP2PPP/R5K1 b - - 1 19,a7b8 a1a8,1441,75,94,581,mate mateIn1 middlegame oneMove,https://lichess.org/W3CH7EFl/black#38,,TRUE,https://lichess.org/training/fvBBl
fznSy,2Q5/4krp1/p1p4p/PpP1P3/1P3P2/5KR1/3q2PP/8 w - - 7 48,c8c6 f7f4,1782,149,58,85,endgame mate mateIn1 oneMove,https://lichess.org/JoKxtSaM#95,,TRUE,https://lichess.org/training/fznSy
g6Kbd,8/2kn4/B5Q1/P2p2p1/3P4/4r1qb/2R3P1/6K1 b - - 10 38,c7d8 c2c8 d8e7 c8e8,1788,75,96,1337,mate mateIn2 middlegame short,https://lichess.org/mhvBRQxO/black#76,,TRUE,https://lichess.org/training/g6Kbd
g8uSr,1r4k1/2p1Rp1p/2Pp2pQ/8/2B5/rp5P/1q3PP1/6K1 b - - 1 30,b8f8 c4f7 f8f7 e7e8 f7f8 e8f8,1310,76,100,624,endgame long mate mateIn3 sacrifice,https://lichess.org/EueUeyyy/black#60,,TRUE,https://lichess.org/training/g8uSr
gCcr2,3r4/1b2k2r/pn1p1R2/1p2p3/4P1Q1/1Pq4p/P1P4P/5R1K b - - 1 31,d8h8 g4e6 e7d8 e6d6 b6d7 f6f8 h8f8 f1f8,1835,75,90,121,deflection fork mate mateIn4 middlegame pin veryLong,https://lichess.org/nM1zyzMk/black#62,,TRUE,https://lichess.org/training/gCcr2
gFUxo,r1b5/pp1pkrpR/4pp2/6q1/8/1P1Q4/P1P2PPP/3R2K1 b - - 11 25,g5f5 d3d6 e7e8 h7h8 f7f8 h8f8,1132,76,100,150,long mate mateIn3 middlegame,https://lichess.org/zMz82jwT/black#50,,TRUE,https://lichess.org/training/gFUxo
gGgGz,r4r2/p7/4p3/4P3/2q3k1/4Q3/PPP5/1K4R1 b - - 7 38,g4f5 g1g5,1795,76,78,239,endgame mate mateIn1 oneMove,https://lichess.org/OAlhdVem/black#76,,TRUE,https://lichess.org/training/gGgGz
gKTBF,6k1/1p3p2/8/p4q1p/P4Np1/2QP1KPP/1PP1r3/R1B1r3 w - - 0 30,h3g4 f5g4,1464,123,100,41,mate mateIn1 middlegame oneMove,https://lichess.org/3IdCcSZX#59,,TRUE,https://lichess.org/training/gKTBF
gKuFi,6k1/2r2p2/1p3Q1p/p2P4/2q5/P7/6PP/4R1K1 b - - 0 30,c4c3 e1e8 g8h7 e8h8,1627,75,90,315,endgame mate mateIn2 short,https://lichess.org/YiHyaK3I/black#60,,TRUE,https://lichess.org/training/gKuFi
gNhlD,3k1r2/ppp5/2B1Q3/8/3PP3/2P1q1PR/PP6/RN2K3 w - - 1 23,e1d1 e3d3 b1d2 f8f1,1967,77,97,1423,mate mateIn2 middlegame pin short,https://lichess.org/ohuxStD2#45,,TRUE,https://lichess.org/training/gNhlD
gUeWM,8/pp2R2p/1q4rk/3p1Q1P/6p1/2P5/PP4P1/7K b - - 0 41,g6f6 e7h7,1698,81,89,444,endgame mate mateIn1 oneMove,https://lichess.org/2flBO0bZ/black#82,,TRUE,https://lichess.org/training/gUeWM
gW44l,R7/5pk1/2p3p1/3pPb1p/3P3Q/8/3q2PK/8 b - - 2 46,d2e3 h4f6 g7h7 a8h8,1096,76,100,127,endgame mate mateIn2 short,https://lichess.org/QW9oq2G8/black#92,,TRUE,https://lichess.org/training/gW44l
gXBAn,3Q4/6pk/1B5p/P7/8/3R3P/6PK/4qr2 w - - 4 40,g2g4 f1h1 h2g2 e1f1 g2g3 h1h3,2087,78,95,1059,endgame long mate mateIn3,https://lichess.org/NbHhMkXC#79,,TRUE,https://lichess.org/training/gXBAn
gYQNi,3rr1k1/pb3p1p/1p2p1pQ/7R/3p2N1/2P3PK/PP3P1P/3q4 b - - 1 30,f7f5 h6h7 g8f8 h7h8 f8e7 h5h7 e7d6 h8e5 d6c6 h7c7,2302,78,97,299,fork mate mateIn5 middlegame veryLong,https://lichess.org/B14SWPbT/black#60,,TRUE,https://lichess.org/training/gYQNi
gYnSG,6k1/1p5p/p3R3/8/2Q1p3/PP3q2/2P2P2/4K1r1 w - - 6 36,e1d2 g1d1,1584,75,99,1009,endgame mate mateIn1 oneMove,https://lichess.org/V54jgcD1#71,,TRUE,https://lichess.org/training/gYnSG
gaPvF,2k5/pp6/8/1q1p2B1/3P3Q/P1PK1P2/1P2rP2/8 w - - 18 44,c3c4 b5c4,1287,75,98,2240,endgame mate mateIn1 oneMove,https://lichess.org/KYI8zpEJ#87,,TRUE,https://lichess.org/training/gaPvF
gcurX,7r/2R2k1p/p2p1Pp1/1p6/3q1P2/P2n2Q1/6P1/7K b - - 4 30,f7f6 g3g5 f6e6 c7e7,1503,76,95,127,endgame mate mateIn2 short,https://lichess.org/CjVu11wC/black#60,,TRUE,https://lichess.org/training/gcurX
gem7T,2k1r3/pppq4/3p4/7p/2PP1N2/3Q2P1/PP3P1P/5K1R w - - 0 25,f4h5 d7h3 f1g1 e8e1 d3f1 e1f1,1385,76,95,5347,endgame fork long mate mateIn3,https://lichess.org/pydSdCPo#49,,TRUE,https://lichess.org/training/gem7T
gldes,3R4/7k/4p3/pP3rpp/1p2Q1K1/1P4P1/7P/5q2 w - - 0 38,g4h5 f1h3 e4h4 g5h4,1371,75,94,467,discoveredAttack endgame mate mateIn2 short,https://lichess.org/OtwHFyPv#75,,FALSE,https://lichess.org/training/gldes
gm5qN,rnb1r1k1/pp3p2/2p2Qp1/q7/3p4/2PBP3/P3NPP1/R3K2R b KQ - 1 16,a5e5 h1h8,1237,77,89,330,mate mateIn1 middlegame oneMove,https://lichess.org/6AgmSr9L/black#32,Queens_Gambit_Declined Queens_Gambit_Declined_Exchange_Variation,TRUE,https://lichess.org/training/gm5qN
gn19q,7r/5qp1/1R1nk3/3p4/P2P2p1/1Q2P1P1/5P2/2R3K1 w - - 1 50,g1g2 f7f3 g2f1 h8h1,1434,83,17,56,endgame mate mateIn2 short,https://lichess.org/fvZWoFmf#99,,TRUE,https://lichess.org/training/gn19q
gn4j2,3rRk2/1pq3p1/2pb2Qr/3p1p2/1P6/P4NPP/5PB1/4R2K b - - 2 40,d8e8 e1e8,495,90,100,186,mate mateIn1 middlegame oneMove,https://lichess.org/ihPhop1M/black#80,,TRUE,https://lichess.org/training/gn4j2
goUBo,1k2r3/1P2r3/2Q5/P4pNp/5q1P/3P1B2/2R5/5K2 w - - 1 42,c6a6 e7e1 f1g2 e1g1 g2g1 f4g3 f3g2 e8e1,1910,79,92,638,attraction exposedKing mate mateIn4 middlegame pin sacrifice veryLong,https://lichess.org/LTCUEli6#83,,TRUE,https://lichess.org/training/goUBo
gpzCh,6k1/pp1b2pp/4p3/8/2Q5/P1P1q3/4B1rP/3RK3 w - - 0 22,d1d7 g2g1,1751,77,94,2223,endgame mate mateIn1 oneMove,https://lichess.org/IA4z62qM#43,,TRUE,https://lichess.org/training/gpzCh
gsMhE,2k1r3/1pp4p/p7/3p4/3P4/2P2Pq1/PPbQ2P1/5K1R w - - 0 27,d2c2 e8e1,956,176,82,9,endgame mate mateIn1 oneMove,https://lichess.org/lwDW7fSE#53,,TRUE,https://lichess.org/training/gsMhE
gsqwQ,Rbkr3r/5ppp/8/6N1/Q2p4/8/1q2bPPP/5RK1 b - - 3 26,e2f1 a4c6,1039,88,92,2127,mate mateIn1 middlegame oneMove,https://lichess.org/kL0qlYii/black#52,,FALSE,https://lichess.org/training/gsqwQ
gxSDM,5B2/pQ5p/6p1/P1rk1pP1/3pb2P/R5K1/2r1q3/8 b - - 11 44,d5e5 b7e7 e5d5 e7d6 d5c4 d6c5,1953,76,89,182,long mate mateIn3 middlegame,https://lichess.org/Q6c960Zp/black#88,,TRUE,https://lichess.org/training/gxSDM
h0oiy,N6k/1p2p2p/p2p2p1/2p1b1B1/P3P3/3P1q1r/BPPQ4/R3RK2 w - - 0 25,d2f2 h3h1,1145,75,82,141,mate mateIn1 middlegame oneMove,https://lichess.org/piN6j8xk#49,,TRUE,https://lichess.org/training/h0oiy
h25bM,2r5/3bkp2/2r1p1p1/3pP3/1p1B1PPP/qP6/P3Q2R/1K3R2 w - - 1 39,f4f5 c6c1 f1c1 c8c1,967,79,100,87,mate mateIn2 middlegame queensideAttack short,https://lichess.org/cmwpBdun#77,,TRUE,https://lichess.org/training/h25bM
h2hp5,5B2/4k3/p2Rn1b1/4p3/4P3/q1P5/P4Q2/4K3 b - - 5 33,e6f8 f2f6 e7e8 d6d8,1606,76,87,98,endgame mate mateIn2 short,https://lichess.org/b92N7WQd/black#66,,TRUE,https://lichess.org/training/h2hp5
h3jDU,1R6/p4p1k/5Q1p/q2p4/3P4/P3nK1P/5P2/4r3 b - - 3 38,e3f5 b8h8,1694,79,93,382,endgame mate mateIn1 oneMove,https://lichess.org/0G1WAkPV/black#76,,TRUE,https://lichess.org/training/h3jDU
h8cqL,3rQ1k1/pp3p2/2p2qbQ/2b5/8/7P/6P1/4R2K b - - 0 31,d8e8 e1e8 c5f8 e8f8,1517,75,80,845,endgame mate mateIn2 short,https://lichess.org/YlH9OUt4/black#62,,TRUE,https://lichess.org/training/h8cqL
h8lk6,r2R2kr/1p3p2/p3bQp1/8/P1q5/8/5PPP/3R2K1 b - - 1 30,a8d8 d1d8 g8h7 d8h8,1175,78,60,59,endgame mate mateIn2 short,https://lichess.org/5fku00q7/black#60,,TRUE,https://lichess.org/training/h8lk6
h9yCn,8/1p3rkp/p6Q/4p1P1/4Ppq1/2r5/PPP5/1K1R4 b - - 1 32,g7g8 d1d8 f7f8 d8f8,759,77,71,175,endgame mate mateIn2 short,https://lichess.org/2Ms9P20E/black#64,,TRUE,https://lichess.org/training/h9yCn
hACTX,6rk/p5rp/1p3Q2/8/4p3/P6q/7R/5R1K b - - 1 44,h3d7 h2h7 h8h7 f6h4 h7g6 f1f6,1827,75,100,124,attraction endgame long mate mateIn3 pin sacrifice,https://lichess.org/eqJLFnTF/black#88,,TRUE,https://lichess.org/training/hACTX
hBxdb,1rr5/4p2R/3pkpp1/Q7/P1p3q1/1P6/5K2/4R3 b - - 1 41,e6d7 e1e7 d7c6 e7c7 c8c7 h7c7,2129,79,98,172,endgame long mate mateIn3,https://lichess.org/ZLBP9vXL/black#82,,TRUE,https://lichess.org/training/hBxdb
hCGB4,5R2/p2rr2k/Q5pp/1p6/2b5/8/6PK/8 b - - 3 45,h7g7 a6f6 g7h7 f8h8,1052,76,94,126,endgame mate mateIn2 short,https://lichess.org/idBkd1dv/black#90,,TRUE,https://lichess.org/training/hCGB4
hEDKH,r4r2/1ppq1p1k/p1n2Qp1/7b/3P4/3BP1P1/PP1N1PPR/2K5 b - - 5 20,d7e7 h2h5 h7g8 h5h8,1390,80,100,73,mate mateIn2 middlegame pin short,https://lichess.org/zuMsEUks/black#40,,TRUE,https://lichess.org/training/hEDKH
hGhBD,8/5pk1/1B2r1p1/P6p/2R4P/6q1/8/5QK1 w - - 0 38,f1g2 e6e1,969,76,100,166,endgame master mate mateIn1 oneMove,https://lichess.org/0XbSpOGe#75,,TRUE,https://lichess.org/training/hGhBD
hK76S,4r1k1/p2n1pp1/2Q5/2Pp3p/3P4/2N2PPq/P4R1P/R3r1K1 w - - 1 24,a1e1 e8e1 f2f1 e1f1,753,78,100,217,kingsideAttack mate mateIn2 middlegame short,https://lichess.org/16KyMf8p#47,,TRUE,https://lichess.org/training/hK76S
hOcMp,2r3k1/p4p1p/3Qbn2/8/2qN4/4K1B1/P1P2PP1/3R4 w - - 3 23,d4e6 c4e4 e3d2 c8c2,1555,107,88,15,discoveredAttack mate mateIn2 middlegame short,https://lichess.org/B0ir7U4j#45,,TRUE,https://lichess.org/training/hOcMp
hPeZH,R7/1r3p1k/4pQpp/1r2P3/3q4/1P6/2P2RPP/6K1 b - - 1 37,d4e5 a8h8,1651,76,96,3698,endgame mate mateIn1 oneMove,https://lichess.org/N7UyBV1z/black#74,,TRUE,https://lichess.org/training/hPeZH
hQtVr,1k2r3/3r4/QPRp3p/p6P/3qpp2/8/P1R5/1K6 b - - 10 34,e4e3 c6c8 e8c8 c2c8,1139,75,100,636,endgame mate mateIn2 short,https://lichess.org/ThUfy8Xd/black#68,,TRUE,https://lichess.org/training/hQtVr
hSmrV,8/7p/1p4pQ/n7/6Pk/1q6/3p3P/5R1K b - - 2 37,h4g4 f1f4,1723,80,83,274,endgame mate mateIn1 oneMove,https://lichess.org/jpQq4rms/black#74,,TRUE,https://lichess.org/training/hSmrV
hTEJp,8/3nk3/1r6/4p2q/2Q5/2P3P1/P4P1p/4RR1K w - - 3 42,c4c7 h5f3 h1h2 b6h6 h2g1 h6h1,961,76,100,242,endgame exposedKing long mate mateIn3,https://lichess.org/LdATf9pB#83,,TRUE,https://lichess.org/training/hTEJp
hWEFc,4R1rk/2p3p1/b1p2pQp/p2p4/3q1P2/2N2PPK/P1r4P/4R3 b - - 3 23,d4d3 e8g8 h8g8 e1e8,1313,76,97,1639,attraction kingsideAttack mate mateIn2 middlegame short,https://lichess.org/NqFsO8QD/black#46,,TRUE,https://lichess.org/training/hWEFc
hXrJs,6rk/pp3p1p/3Q4/2pP4/3bP3/7q/PPB1N3/1R2K3 w - - 1 33,e2d4 h3e3 d4e2 g8g1,1931,77,93,287,endgame fork master mate mateIn2 pin short,https://lichess.org/DRplkUU4#65,,TRUE,https://lichess.org/training/hXrJs
ha2XI,8/4kRp1/2n3Q1/p2pr1q1/8/2P4P/P5P1/7K b - - 3 30,e7d8 g6d6 d8e8 f7f8,1360,77,84,371,endgame fork mate mateIn2 short,https://lichess.org/g776Gf0K/black#60,,TRUE,https://lichess.org/training/ha2XI
hbhjt,5k2/pp4p1/1np3Qp/4qr1P/4P3/P7/1PP3P1/2KR4 b - - 1 31,f5f6 d1d8 e5e8 d8e8,969,76,100,253,endgame mate mateIn2 short,https://lichess.org/D2aGdvEA/black#62,,TRUE,https://lichess.org/training/hbhjt
heCq4,2b1rRk1/1pq4p/p3p1pQ/8/2pBn3/P5P1/7P/5RK1 b - - 0 37,e8f8 f1f8,973,77,100,70,mate mateIn1 middlegame oneMove,https://lichess.org/plrDMbL9/black#74,,TRUE,https://lichess.org/training/heCq4
hflqI,4r1r1/p1Rk4/P7/1p3p1p/5B2/1P3qP1/1Q6/6K1 b - - 2 37,d7e6 b2e5,1223,79,94,156,endgame mate mateIn1 oneMove,https://lichess.org/n0MlfXBJ/black#74,,TRUE,https://lichess.org/training/hflqI
hhvKt,8/p1r3kp/4p2Q/6P1/2r1qp2/bN6/P7/K2R3R b - - 1 34,g7g8 d1d8 a3f8 d8f8,1346,74,99,1138,master mate mateIn2 middlegame short,https://lichess.org/iStOSCno/black#68,,TRUE,https://lichess.org/training/hhvKt
hkQIY,1k6/pp1Q4/1P3p2/4p3/8/1q5r/5Pr1/3R1RK1 w - - 0 38,g1g2 b3f3 g2g1 h3h1,1247,75,100,315,endgame mate mateIn2 short,https://lichess.org/J7Ou9bNU#75,,TRUE,https://lichess.org/training/hkQIY
hoaQs,1k5r/pp6/P4p2/2p3p1/2P3q1/8/1P3Q2/R3RK2 w - - 2 33,f2g1 g4f3 g1f2 h8h1,1466,75,94,1575,endgame mate mateIn2 pin short,https://lichess.org/Jcq8rF9J#65,,TRUE,https://lichess.org/training/hoaQs
hqICH,3r2r1/p3p2k/7p/4q1N1/7P/5Q2/8/5R1K b - - 4 43,h6g5 f3h5 h7g7 f1f7,1612,75,97,1987,endgame mate mateIn2 short,https://lichess.org/6ksqXiMp/black#86,,TRUE,https://lichess.org/training/hqICH
hqlGu,2r3k1/p4p2/1p2R1p1/3p4/3q1PQP/1P6/1r6/4R2K b - - 1 29,c8c2 e6g6 f7g6 g4g6 d4g7 e1e8,1804,77,94,259,endgame long mate mateIn3 sacrifice,https://lichess.org/RRlqshwA/black#58,,TRUE,https://lichess.org/training/hqlGu
huRv4,6Q1/2R5/8/1k6/1n3K2/5P2/2bp4/4q3 b - - 0 51,d2d1q g8c4 b5a5 c7a7 a5b6 c4c7 b6b5 a7a5,2102,75,95,321,endgame mate mateIn4 veryLong,https://lichess.org/zGPE4PWm/black#102,,TRUE,https://lichess.org/training/huRv4
hv5nu,4q1k1/7p/3p4/2pP1p2/2P2P1P/P1Q2KP1/1PB1rB2/8 w - - 5 46,f2e3 e8h5 g3g4 h5g4,1565,74,99,1307,endgame master mate mateIn2 short,https://lichess.org/GPp1YujP#91,,TRUE,https://lichess.org/training/hv5nu
hvor3,7r/pp4p1/3P2k1/2B2p2/5P2/1P3q2/P1Q2P2/2R3K1 w - - 0 33,c2c3 h8h1,929,77,53,71,endgame mate mateIn1 oneMove,https://lichess.org/EYlPrVHR#65,,TRUE,https://lichess.org/training/hvor3
i0mek,8/3r1pkp/p2q2pQ/1p4P1/8/P7/Bb3PP1/4R1K1 b - - 5 34,g7g8 e1e8 d6f8 e8f8,847,77,100,150,endgame mate mateIn2 short,https://lichess.org/3XlnH6jY/black#68,,TRUE,https://lichess.org/training/i0mek
i1AcT,4rk1r/p6n/1p3RQ1/3qp1p1/8/2P4R/6PP/6K1 b - - 0 34,h7f6 g6f6 d5f7 h3h8,1838,76,92,792,endgame fork mate mateIn2 short,https://lichess.org/VZtQQOm6/black#68,,TRUE,https://lichess.org/training/i1AcT
i1lwM,R7/4r1pk/2p4p/1p3p2/1P1P1P2/2N2nPq/7P/3Q2K1 w - - 4 35,d1f3 e7e1 f3f1 e1f1,768,96,100,44,endgame mate mateIn2 short,https://lichess.org/jNmzXSIJ#69,,TRUE,https://lichess.org/training/i1lwM
i6TBo,4r1k1/p3R1n1/1pp3Qp/8/q7/8/2P2PPP/3R1K2 b - - 0 30,e8e7 d1d8 e7e8 d8e8,986,80,100,101,endgame mate mateIn2 pin short,https://lichess.org/QbcNmSah/black#60,,TRUE,https://lichess.org/training/i6TBo
iFhV9,5rk1/5p1p/4P1pQ/1pPp3P/p6q/2r5/P3RRP1/6K1 b - - 0 33,c3d3 e6f7 f8f7 e2e8 f7f8 f2f8,1671,74,100,327,advancedPawn endgame long mate mateIn3,https://lichess.org/xL0sOB32/black#66,,TRUE,https://lichess.org/training/iFhV9
iG8a3,8/p3p1kp/1p3r2/2pP4/P1P4P/1P2R2q/7R/4Qr1K w - - 5 34,e1f1 f6f1,659,97,75,145,endgame hangingPiece mate mateIn1 oneMove,https://lichess.org/FdPreLf8#67,,TRUE,https://lichess.org/training/iG8a3
iKpXl,4r2k/pp2r1pp/2P5/3Q4/5P2/P1R3Pq/5P1P/2R3K1 w - - 1 29,d5g2 e7e1 c1e1 e8e1 g2f1 e1f1,941,84,100,142,endgame long mate mateIn3,https://lichess.org/HuzrQyKM#57,,TRUE,https://lichess.org/training/iKpXl
iM4RG,1r6/1ppqr3/p2p1pkn/8/1P2PQpR/P2P4/B1P3P1/5R1K b - - 3 35,e7h7 f4f6,1256,75,98,1602,mate mateIn1 middlegame oneMove,https://lichess.org/sa5IQT9U/black#70,,TRUE,https://lichess.org/training/iM4RG
iMTkd,6k1/pprq1p2/3p2RQ/3Pp3/3pP3/6PP/PPr3BK/5R2 b - - 4 23,f7g6 f1f8,1811,295,82,3,endgame mate mateIn1 oneMove,https://lichess.org/IKy2KkV5/black#46,,TRUE,https://lichess.org/training/iMTkd
iNMXt,4r1k1/pppQ1ppp/8/8/8/P1N3q1/1P6/R1B2BK1 w - - 2 33,f1g2 e8e1,1017,81,62,45,mate mateIn1 middlegame oneMove pin,https://lichess.org/3xC7TlTE#65,,TRUE,https://lichess.org/training/iNMXt
iPHIF,6k1/3b4/p7/3pQqp1/2p3pr/2P3B1/PP3P1K/1R3R2 w - - 0 36,h2g2 f5f3 g2g1 h4h1,1208,76,88,177,mate mateIn2 middlegame short,https://lichess.org/bOrQvUrz#71,,TRUE,https://lichess.org/training/iPHIF
iRI1k,r5k1/1p3ppp/4p2B/3p3n/1q1P3P/1n6/2P1QPP1/2KRR3 w - - 2 27,c2b3 b4c3 e2c2 a8a1,1972,76,88,133,mate mateIn2 middlegame queensideAttack short,https://lichess.org/Q2qTgCbD#53,,TRUE,https://lichess.org/training/iRI1k
iSNIq,6k1/r6p/5rpQ/p2p2N1/3N2P1/3q4/1P3P1P/4R1K1 b - - 0 29,d3d4 e1e8 f6f8 e8f8,1309,78,100,457,endgame mate mateIn2 short,https://lichess.org/rYPEOmnR/black#58,,TRUE,https://lichess.org/training/iSNIq
iT44x,2k5/ppp2ppp/2B5/5q2/Q7/1Pr2N1P/P4bK1/3R4 b - - 0 25,b7c6 a4a6 c8b8 d1d8 f5c8 d8c8,1239,77,89,205,endgame long mate mateIn3,https://lichess.org/y09SLp1l/black#50,,TRUE,https://lichess.org/training/iT44x
iTlGV,r3r1k1/p1q5/3bpnQ1/8/1p1P1P2/2p1PN1R/P1P4P/B6K b - - 0 28,g8f8 g6f6 c7f7 h3h8,2084,81,100,81,hangingPiece mate mateIn2 middlegame short,https://lichess.org/Z8U0bK8n/black#56,,TRUE,https://lichess.org/training/iTlGV
iWTpI,3rk3/p4Rp1/2pKp1P1/3p4/Q5P1/2P1q3/P7/8 w - - 18 37,d6c6 e3b6,1284,78,88,225,endgame master mate mateIn1 oneMove,https://lichess.org/WfqqtuTs#73,,TRUE,https://lichess.org/training/iWTpI
iWqEo,5rk1/pp4p1/8/3P4/8/1P5P/P2Q4/2RKrq2 w - - 0 33,d2e1 f1d3 e1d2 f8f1,1457,105,70,17,clearance endgame mate mateIn2 short,https://lichess.org/CWDJshQ7#65,,TRUE,https://lichess.org/training/iWqEo
iZoda,rq4rk/5RpR/4p3/p3P3/2Pn2Q1/1P6/6PP/7K b - - 0 28,h8h7 g4h5,1227,80,94,3525,endgame mate mateIn1 oneMove,https://lichess.org/eQJMuOQD/black#56,,FALSE,https://lichess.org/training/iZoda
idvMM,4r1k1/pp3p1p/6p1/3R4/2P5/1P2r1Pq/P1Q2R1P/6K1 w - - 6 27,d5d1 e3e1 d1e1 e8e1 f2f1 e1f1,945,75,100,137,endgame long mate mateIn3,https://lichess.org/66T3HeN9#53,,TRUE,https://lichess.org/training/idvMM
ig0CX,6k1/pQ2b2p/1p2p1p1/1B6/5P2/4B1Pq/P3R2P/3r2K1 w - - 1 26,g1f2 d1f1,947,76,93,237,mate mateIn1 middlegame oneMove,https://lichess.org/MaNhwQWS#51,,TRUE,https://lichess.org/training/ig0CX
ii6K2,4r2k/2p4r/1p1q4/1p1p2bN/P1bP2P1/4P1RR/2Q5/7K b - - 1 41,e8f8 h5f6 h7h3 g3h3 h8g7 h3h7 g7f6 c2f5,2273,84,75,78,exposedKing mate mateIn4 middlegame sacrifice veryLong,https://lichess.org/H1wBzWY3/black#82,,TRUE,https://lichess.org/training/ii6K2
in114,2k1r3/ppp2p1p/6p1/3p4/3P3B/2PB1P1q/PP1Q1P1P/RN4K1 w - - 3 19,d2g5 e8e1 d3f1 e1f1,1037,156,50,15,kingsideAttack mate mateIn2 middlegame short,https://lichess.org/Rx9tm6R4#37,,TRUE,https://lichess.org/training/in114
ioNBZ,5r1k/p5p1/3Q3p/4p3/1P6/2PP2Pq/P1BB3P/R4rK1 w - - 1 31,a1f1 f8f1,531,86,88,114,endgame mate mateIn1 oneMove,https://lichess.org/j5E2kUca#61,,TRUE,https://lichess.org/training/ioNBZ
irHKu,5k2/7P/8/p2nQ3/1pq4P/4KP2/PPr5/R7 w - - 3 33,e5d5 c2e2,1604,111,74,83,endgame mate mateIn1 oneMove,https://lichess.org/aHxCANhv#65,,TRUE,https://lichess.org/training/irHKu
itpyR,2k4r/1p3p1p/pB1P4/P3pp2/B1P4q/2P5/6rP/R4RK1 w - - 0 28,g1g2 h8g8 g2f3 h4e4 f3f2 g8g2,1623,76,98,2072,endgame long mate mateIn3,https://lichess.org/aSnUMeX7#55,,TRUE,https://lichess.org/training/itpyR
j0wj6,R5r1/1kp1b3/1P1p1r2/1N4p1/1pP3q1/1P2P1P1/3Q1P1p/3R3K w - - 4 34,a8g8 g4f3 h1h2 f6h6 h2g1 h6h1,1402,75,92,1930,exposedKing kingsideAttack long mate mateIn3 middlegame,https://lichess.org/Oa9VD75r#67,,TRUE,https://lichess.org/training/j0wj6
j3eJY,2rq4/1k3pp1/4p2p/1R1nP3/Q2P4/8/5PPP/6K1 b - - 0 39,b7c7 a4a7 c7c6 b5c5,1984,77,96,277,endgame mate mateIn2 short,https://lichess.org/VxXoGlxS/black#78,,TRUE,https://lichess.org/training/j3eJY
j7Yjx,1n6/r1q1Q3/p2p1Rkr/2pPn3/2P1P3/P1N1N3/8/6K1 b - - 2 38,g6h5 f6f5 h5g6 f5g5,2124,75,94,815,mate mateIn2 middlegame short,https://lichess.org/fE4aERAX/black#76,,TRUE,https://lichess.org/training/j7Yjx
j7ldJ,4Rrk1/p5p1/1p3p1p/5P2/8/6Q1/q2r2P1/4R1K1 b - - 5 26,f8e8 e1e8 g8f7 g3g6,1129,77,100,369,endgame mate mateIn2 short,https://lichess.org/IUVwebGp/black#52,,TRUE,https://lichess.org/training/j7ldJ
jADJf,7r/ppN1rk2/3p3q/3N1B2/2P3Q1/6p1/PP2KbP1/8 w - - 0 38,d5e7 h6e3 e2d1 h8h1 d1c2 h1c1,1659,76,94,1518,exposedKing fork long mate mateIn3 middlegame,https://lichess.org/EKMruY9F#75,,TRUE,https://lichess.org/training/jADJf
jBn4H,2R3k1/pp4p1/1r2b1Qp/5p2/8/8/Pq4PP/4R2K b - - 1 33,e6c8 e1e8,1071,77,68,234,endgame mate mateIn1 oneMove,https://lichess.org/SRfzmcJz/black#66,,TRUE,https://lichess.org/training/jBn4H
jBoyI,r5k1/1pp3p1/1p6/5Pp1/3q4/1P3Q2/P4PPP/4R1K1 b - - 0 19,a8a2 e1e8 g8f7 f3h5 g7g6 h5g6,1279,78,94,14662,endgame long mate mateIn3,https://lichess.org/LA6SGXun/black#38,,TRUE,https://lichess.org/training/jBoyI
jDjhe,5r1k/1pp3p1/1p5q/5K2/2B2P2/2NPr3/PPP5/R6Q w - - 1 26,f5g4 f8f4,1205,74,99,1040,mate mateIn1 middlegame oneMove,https://lichess.org/USveS02W#51,,TRUE,https://lichess.org/training/jDjhe
jGFlf,1r1k4/p4N1p/1q3Pp1/2Q1R2n/8/3P3P/8/6K1 b - - 0 36,d8d7 e5e7,1395,139,25,16,endgame mate mateIn1 oneMove,https://lichess.org/VAQYnaGz/black#72,,TRUE,https://lichess.org/training/jGFlf
jGJsY,4Q3/ppp5/3k2B1/8/2PK1r2/1P1P4/P2q4/1R2R3 w - - 3 46,g6e4 c7c5,1509,84,82,1167,endgame mate mateIn1 oneMove pin,https://lichess.org/tSdyI86c#91,,FALSE,https://lichess.org/training/jGJsY
jKITN,2r3k1/4bpP1/1n2p2P/3pP3/pp1P4/qPr2N2/PN1RQP2/1K4R1 w - - 0 29,b2a4 c3c1 g1c1 c8c1,1329,80,91,423,master mate mateIn2 middlegame queensideAttack short,https://lichess.org/nukXRji1#57,,TRUE,https://lichess.org/training/jKITN
jRYxB,5k2/p4rB1/1p4Qp/8/8/8/qP3P1P/4R1K1 b - - 7 37,f7g7 e1e8,921,81,100,70,endgame mate mateIn1 oneMove,https://lichess.org/3tCOLF3M/black#74,,TRUE,https://lichess.org/training/jRYxB
jTd1y,r5rk/5Rpp/4p3/p2nP1Q1/7R/2q4P/6P1/7K b - - 1 30,d5e3 h4h7 h8h7 g5h5,1195,75,99,1548,attraction mate mateIn2 middlegame sacrifice short,https://lichess.org/NP9hDzdm/black#60,,FALSE,https://lichess.org/training/jTd1y
jX73R,4Q3/ppp2p1k/6pp/1P6/5r1q/5bQ1/P1B2r1P/6RK w - - 2 36,g3f3 h4h2,969,77,100,376,mate mateIn1 middlegame oneMove,https://lichess.org/kWzD3G2w#71,,FALSE,https://lichess.org/training/jX73R
jXmgP,3r4/1b3ppp/1k6/1R6/1Pp3PP/5Pb1/3rR1Bq/Q4K2 b - - 0 27,b6b5 a1a5 b5c6 a5c5 c6d7 e2e7,1852,119,90,12,long mate mateIn3 middlegame,https://lichess.org/5rBVAfnd/black#54,,TRUE,https://lichess.org/training/jXmgP
jYE8j,b4rk1/p1qnrp1p/1p1N1RBQ/4P3/2P5/8/P5PP/5RK1 b - - 0 27,f7g6 f6f8 d7f8 f1f8,1092,76,88,579,kingsideAttack mate mateIn2 middlegame short,https://lichess.org/FwdAK1I8/black#54,,TRUE,https://lichess.org/training/jYE8j
jeRxm,5Q2/7p/6p1/2pPq1k1/5RPP/8/1P5K/r7 b - - 0 34,g5h4 f8h6 e5h5 g4h5,1315,77,91,206,discoveredAttack endgame mate mateIn2 short,https://lichess.org/whUxuRi4/black#68,,FALSE,https://lichess.org/training/jeRxm
jf8Ql,6k1/5pp1/3Q3B/1q1p4/p3p3/P6r/7N/5R1K w - - 1 43,h6f4 b5f1,564,92,84,465,endgame master mate mateIn1 oneMove pin,https://lichess.org/QpnBpytx#85,,TRUE,https://lichess.org/training/jf8Ql
jfYdz,r7/pp1Rbkp1/1q4p1/6B1/2p1P1P1/5P2/PP4Kr/R2Q4 w - - 0 22,g2h2 b6f2 h2h3 a8h8 g5h4 h8h4,1640,75,85,232,exposedKing long mate mateIn3 middlegame,https://lichess.org/75Swvofa#43,,TRUE,https://lichess.org/training/jfYdz
jg8nn,r1b3k1/1p5p/p2p1qpQ/2p1n3/2P5/3P4/P4PPP/4RRK1 b - - 3 28,e5g4 e1e8 f6f8 e8f8,737,85,91,75,kingsideAttack mate mateIn2 middlegame short,https://lichess.org/hZXtdqjn/black#56,,TRUE,https://lichess.org/training/jg8nn
jh97P,6k1/pp3pp1/5n2/3p4/3N1q1p/2PQ1P1P/PP1R2P1/4r1K1 w - - 2 25,g1f2 f4g3,1288,75,94,1605,endgame mate mateIn1 oneMove,https://lichess.org/AgkVdAkb#49,,TRUE,https://lichess.org/training/jh97P
jjEpg,5rk1/bpp3p1/p2p4/2PP2Kp/1P2N3/P4qp1/1BQ2P2/6RR w - - 4 27,g1g3 f3f4 g5h5 f4h6 h5g4 f8f4,2169,75,93,1431,long mate mateIn3 middlegame,https://lichess.org/0MmaNcrv#53,,TRUE,https://lichess.org/training/jjEpg
jjSY9,4kr2/p5p1/4Q3/2p5/2PbK3/4p1P1/PR5P/3q1q2 b - - 5 35,e8d8 e6d6 d8e8 b2b8 e8f7 b8f8,2018,75,83,181,endgame exposedKing long mate mateIn3,https://lichess.org/kMjbKLVG/black#70,,TRUE,https://lichess.org/training/jjSY9
jkme9,r2b2k1/1bp2pr1/pn1q1npQ/1p1PR2p/3P3B/P1NB1P1P/1PP2P2/2K1R3 b - - 19 23,g7h7 e5e8 f6e8 e1e8 d6f8 e8f8,1233,75,81,239,kingsideAttack long mate mateIn3 middlegame sacrifice,https://lichess.org/TVxyeIfZ/black#46,,TRUE,https://lichess.org/training/jkme9
jqfU7,1r6/k7/2Q3p1/3pP3/2p5/P5Pq/2P2R1P/6K1 w - - 2 54,c6d6 b8b1 f2f1 b1f1,745,77,58,84,endgame mate mateIn2 short,https://lichess.org/rFTLGC63#107,,TRUE,https://lichess.org/training/jqfU7
jrkFd,r5r1/pp5R/4p1k1/2pn2N1/8/4n1P1/PP2Q2P/6K1 b - - 0 26,g6g5 e2h5 g5f6 h7f7,1766,75,94,569,endgame mate mateIn2 short,https://lichess.org/mUSAcMvX/black#52,,TRUE,https://lichess.org/training/jrkFd
ju0GW,4r1k1/pRp2pp1/2Q4p/4r3/3N4/2P3Pq/PP3P1P/R5K1 w - - 3 26,c6g2 e5e1 a1e1 e8e1 g2f1 e1f1,1012,107,100,38,kingsideAttack long mate mateIn3 middlegame,https://lichess.org/Dk70ECtw#51,,TRUE,https://lichess.org/training/ju0GW
jwLge,4r2k/r5bp/1q4p1/p5Q1/1p1P4/1P2B1P1/P4RP1/5RK1 b - - 2 30,g7d4 f2f8 e8f8 f1f8 h8g7 g5h6,1913,74,96,999,long mate mateIn3 middlegame,https://lichess.org/jQUH0o5V/black#60,,TRUE,https://lichess.org/training/jwLge
jxKei,2q3k1/1p4p1/1K1Pr2p/7P/p3Q3/2P5/PP6/3R4 w - - 8 42,e4b4 c8c6 b6a7 c6a6 a7b8 e6e8 b8c7 a6c6,1185,76,92,490,endgame mate mateIn4 veryLong,https://lichess.org/KunaeOJe#83,,TRUE,https://lichess.org/training/jxKei
jylI3,2Q5/p2Q1ppk/4r3/8/5qp1/5N1P/P5P1/3R3K w - - 0 41,h3g4 e6h6 h1g1 f4e3 g1f1 h6h1 f3g1 h1g1,1562,75,92,2369,endgame mate mateIn4 veryLong,https://lichess.org/eONxdBqz#81,,TRUE,https://lichess.org/training/jylI3
jzRFB,4r2k/1p3r1p/p2R4/2p4Q/2P4P/2q5/P3B3/1R2K3 w - - 0 28,e1d1 f7f1 e2f1 e8e1,1663,74,100,390,mate mateIn2 middlegame sacrifice short,https://lichess.org/UIiwLdFs#55,,TRUE,https://lichess.org/training/jzRFB
k0d3w,1q2r3/1P3pkp/6p1/pR1B4/P1Pp4/3P2b1/2Q2P2/6K1 w - - 0 30,f2g3 b8g3 d5g2 e8e1,1356,177,54,19,endgame mate mateIn2 short,https://lichess.org/TpRtopoJ#59,,TRUE,https://lichess.org/training/k0d3w
k2lGa,4r2k/p5pp/1p3P2/3R3P/3Q4/P5q1/6P1/6K1 w - - 0 39,f6f7 e8e1,1088,194,82,16,endgame master mate mateIn1 oneMove,https://lichess.org/XhLt7RXU#77,,TRUE,https://lichess.org/training/k2lGa
k5vGi,1k5r/2p2p2/p3p3/2Q1P3/6Pq/1PB2b2/P5P1/4R1K1 w - - 0 31,g2f3 h4g3 g1f1 g3f3 c5f2 h8h1,2007,76,91,480,endgame exposedKing long master mate mateIn3,https://lichess.org/mD4kWdJ8#61,,TRUE,https://lichess.org/training/k5vGi
k6cha,4r1k1/pb3p2/1p1Q3p/3Pr3/1PP4P/P5q1/5R2/1BR3K1 w - - 0 30,f2g2 e5e1 c1e1 e8e1,908,78,100,151,mate mateIn2 middlegame short,https://lichess.org/6RdLZBNT#59,,TRUE,https://lichess.org/training/k6cha
k70HT,5Rk1/8/6p1/7p/2P1q1r1/1P6/P3pQ1K/3rR3 b - - 1 43,g8g7 f2f6 g7h7 f8h8,1612,75,100,106,endgame mate mateIn2 short,https://lichess.org/ia2Ej8Xv/black#86,,TRUE,https://lichess.org/training/k70HT
k7DsZ,8/pR2kbp1/4n3/5Q1p/4P3/P4pq1/6B1/6K1 b - - 1 46,e7d6 f5d5,1300,77,77,172,endgame mate mateIn1 oneMove,https://lichess.org/8v3kX8x3/black#92,,TRUE,https://lichess.org/training/k7DsZ
k9U7K,2r1r1kR/5pP1/4p1q1/p1ppP3/1p1n3R/P1N5/1PP2Q2/2K5 b - - 2 31,g8g7 h4h7 g6h7 f2f6,1915,76,96,1437,mate mateIn2 middlegame sacrifice short,https://lichess.org/Ubwbe9Jg/black#62,,TRUE,https://lichess.org/training/k9U7K
kBt91,8/ppp3kR/2nr1pP1/8/2q1r3/P1B5/1P3QPP/5R1K b - - 3 30,g7g6 f2f5,1501,75,90,170,mate mateIn1 middlegame oneMove,https://lichess.org/BCyXvjdr/black#60,,TRUE,https://lichess.org/training/kBt91
kI6wn,3r4/1p3pkp/p5p1/5NRn/3r1q2/4Q2P/PP3PP1/4R1K1 b - - 5 26,g7f6 e3e7,1392,78,62,131,master mate mateIn1 middlegame oneMove,https://lichess.org/9ZsC4jcX/black#52,,TRUE,https://lichess.org/training/kI6wn
kLpXr,2r3k1/Q4ppp/8/4P3/5P2/6Pq/P1r4P/R4RK1 w - - 1 30,f1f2 c2c1 a1c1 c8c1 f2f1 c1f1,842,81,100,447,endgame long mate mateIn3,https://lichess.org/uUdLG98u#59,,TRUE,https://lichess.org/training/kLpXr
kMVJm,7r/pR2ppbp/B1kp2p1/2q5/2P5/4PPP1/3Q3P/6K1 b - - 0 22,c5a3 d2d5,1088,77,100,446,endgame mate mateIn1 oneMove,https://lichess.org/K1T1Qo4v/black#44,,TRUE,https://lichess.org/training/kMVJm
kSMUq,4k1r1/4n1P1/3pQ3/3Pp3/b1P1P3/8/KR6/3q4 b - - 0 38,a4d7 b2b8 d7c8 b8c8,1250,75,99,712,endgame mate mateIn2 pin short,https://lichess.org/8buMQNmb/black#76,,TRUE,https://lichess.org/training/kSMUq
kU5Ys,6k1/pQ3pp1/7p/B7/3b4/1P4Pq/P1r2P1P/5RK1 w - - 2 28,a2a4 d4f2 f1f2 c2c1 a5e1 c1e1 f2f1 e1f1,1269,75,91,1017,endgame mate mateIn4 sacrifice veryLong,https://lichess.org/yeXvzKgH#55,,TRUE,https://lichess.org/training/kU5Ys
kU7b2,2b2r2/1p3N2/2np1kR1/7B/3p3q/4b3/Q3P2P/7K b - - 6 31,f6f5 a2d5 c6e5 f7d6 f5f4 d5e4,1909,126,88,12,long mate mateIn3 middlegame pin,https://lichess.org/Av7y96XJ/black#62,,TRUE,https://lichess.org/training/kU7b2
kXw14,r5k1/2p4p/2q1p1pQ/pR1nBr2/2pPp3/2P1P3/P4PPP/1R4K1 b - - 2 24,c6d7 b5b8 a8b8 b1b8 f5f8 b8f8,1174,80,90,240,kingsideAttack long mate mateIn3 middlegame,https://lichess.org/uytT60UA/black#48,,TRUE,https://lichess.org/training/kXw14
kZ7Z7,8/1p2R3/1kp5/p3Q3/P7/1B2q2r/1PP5/R6K w - - 0 32,h1g2 e3f3 g2g1 h3h1,1540,75,91,235,endgame mate mateIn2 short,https://lichess.org/E0rPXEuV#63,,TRUE,https://lichess.org/training/kZ7Z7
kdKYO,r1b1k1nr/ppNp1pp1/1q1Q3p/8/2n1P3/4P3/PP4PP/RN2KR2 b Qkq - 1 13,e8d8 c7e6 f7e6 f1f8,2024,75,96,1043,mate mateIn2 opening pin sacrifice short,https://lichess.org/TduIJYQG/black#26,Sicilian_Defense Sicilian_Defense_Open,TRUE,https://lichess.org/training/kdKYO
kfEac,4rrk1/ppbq3p/2p2ppQ/4P3/3P4/2P2R1P/PP4P1/5RK1 b - - 1 24,f6e5 f3f8 e8f8 f1f8,888,80,100,79,kingsideAttack mate mateIn2 middlegame short,https://lichess.org/xA4YwR8L/black#48,,TRUE,https://lichess.org/training/kfEac
khKNR,4r1k1/pR3p1p/2p2Qp1/8/6P1/1b3Pq1/6N1/6K1 w - - 1 33,b7b3 e8e1,1045,90,82,34,endgame mate mateIn1 oneMove pin,https://lichess.org/fvpLlDC3#65,,TRUE,https://lichess.org/training/khKNR
kmPHI,5rk1/p3R2p/1n3ppQ/5r2/3B4/6qP/PP6/R6K b - - 1 32,f8f7 e7e8 f7f8 e8f8,1077,77,100,243,mate mateIn2 middlegame short,https://lichess.org/YVprbxnG/black#64,,TRUE,https://lichess.org/training/kmPHI
kqC3f,4r3/pp2r2k/2p1nQ2/3p2n1/8/5P2/PPP5/1K5R b - - 3 33,h7g8 h1h8,1399,75,97,3425,endgame mate mateIn1 oneMove,https://lichess.org/7ib3pSbF/black#66,,TRUE,https://lichess.org/training/kqC3f
krEVS,r2q1r1k/1b1nbp1p/p7/1pp1P2R/8/P2P3P/1pP1Q1PN/5RK1 b - - 3 20,f8g8 h5h7 h8h7 e2h5 h7g7 f1f7,1742,75,96,596,attraction kingsideAttack long mate mateIn3 middlegame sacrifice,https://lichess.org/rKRVMty1/black#40,,TRUE,https://lichess.org/training/krEVS
krO64,6k1/1p1r1p1p/p1b1pRBQ/4q3/3r3P/6P1/P5PK/5R2 b - - 0 28,h7g6 f6g6 f7g6 f1f8,1738,88,66,30,clearance mate mateIn2 middlegame sacrifice short,https://lichess.org/YjplhBkV/black#56,,TRUE,https://lichess.org/training/krO64
krQEh,2rq4/6p1/p3k1P1/1p1R3Q/2n4P/P7/1P2Rr2/1K6 b - - 0 35,f2e2 h5f5 e6e7 f5f7,1716,75,89,338,endgame mate mateIn2 short,https://lichess.org/T5KZgtJf/black#70,,TRUE,https://lichess.org/training/krQEh
kxK4A,4R1k1/ppn2r1p/2p2ppQ/5p2/2q2P2/8/P1P3PP/4R2K b - - 9 24,c7e8 e1e8 f7f8 e8f8,751,86,100,97,endgame mate mateIn2 short,https://lichess.org/TIceJ744/black#48,,TRUE,https://lichess.org/training/kxK4A
kyTZD,5kb1/1p1q2p1/p4pQp/r7/8/5BPP/5P1K/4R3 b - - 5 39,d7d2 e1e8,728,81,100,234,endgame master mate mateIn1 oneMove,https://lichess.org/jzAAGmW3/black#78,,TRUE,https://lichess.org/training/kyTZD
kyies,8/pQ5p/5ppk/4b3/1P5r/PB4PP/2R2P1K/5q2 w - - 3 37,b7f3 h4h3,1472,80,87,122,endgame mate mateIn1 oneMove,https://lichess.org/1aYu5Ajq#73,,TRUE,https://lichess.org/training/kyies
kzvUJ,1k5r/1p3q2/pN1pp3/P5p1/3PP1p1/4B1P1/1P3PBr/2RR2K1 w - - 5 34,e3g5 h2g2 g1g2 f7f3 g2f1 h8h1,1804,75,90,240,attraction kingsideAttack long mate mateIn3 middlegame sacrifice,https://lichess.org/8lHCNrfi#67,,TRUE,https://lichess.org/training/kzvUJ
l0nZx,8/p4p1k/1p4pp/3pR3/3P1P1Q/P3Pq1P/1r3P2/6K1 w - - 0 34,h4g3 b2b1 g1h2 b1h1,1307,76,84,106,endgame mate mateIn2 short,https://lichess.org/S9ZtjH6T#67,,TRUE,https://lichess.org/training/l0nZx
l5CIj,r3k3/r4p2/P2Q1R2/1P2P2p/8/3pb3/2q3PP/5R1K b - - 1 34,a8d8 f6e6 f7e6 f1f8,2029,75,100,311,clearance mate mateIn2 middlegame sacrifice short,https://lichess.org/Yo5TqAEw/black#68,,TRUE,https://lichess.org/training/l5CIj
l75nl,8/kp4p1/p1p4p/P7/3Q4/2P4P/2P1qrP1/3R3K b - - 7 32,a7a8 d4d8 a8a7 d8b6 a7b8 d1d8,1108,77,100,185,endgame long mate mateIn3,https://lichess.org/vU8KHWGY/black#64,,TRUE,https://lichess.org/training/l75nl
l7mnu,r4rk1/5p2/p4Qp1/2p1P3/8/P2P1K2/q4P2/7R b - - 3 32,a2e6 h1h8,801,79,100,106,endgame mate mateIn1 oneMove,https://lichess.org/BhKqna4z/black#64,,TRUE,https://lichess.org/training/l7mnu
l7n5q,4r3/1pb2Q2/p2q2pk/3P2P1/8/P3r2P/1P3R2/5RK1 b - - 0 31,h6h5 f7h7 h5g5 f2f5 g6f5 f1f5,2219,81,98,217,long mate mateIn3 middlegame sacrifice,https://lichess.org/QuXUQCWF/black#62,,TRUE,https://lichess.org/training/l7n5q
lCGub,3r3r/p1p2ppp/3b1q2/7Q/2P2p2/4B2k/PP6/3R1RK1 b - - 1 22,f6h4 f1f3,1273,77,93,125,mate mateIn1 middlegame oneMove,https://lichess.org/X4LtYS3J/black#44,,TRUE,https://lichess.org/training/lCGub
lCllE,4k3/1b2r2p/p1p3P1/1pQ3R1/1P6/P4q1P/B4P2/6K1 w - - 1 31,g6g7 e7e1 g1h2 e1h1,1834,75,99,1012,endgame mate mateIn2 short,https://lichess.org/T9pgeN4l#61,,TRUE,https://lichess.org/training/lCllE
lDGwN,5r1k/pp2qr2/2p3p1/P3p2p/P3N3/2P1N3/5PQ1/3R2RK w - - 1 31,g2g6 e7h4 h1g2 f7f2 e4f2 f8f2,2175,78,95,1266,exposedKing long master mate mateIn3 middlegame,https://lichess.org/oDax1ssX#61,,TRUE,https://lichess.org/training/lDGwN
lF5Nl,r5r1/ppp4p/3p3k/5Q2/8/2P5/q1P3P1/2K4R b - - 1 31,h6g7 h1h7,1505,77,97,2262,endgame mate mateIn1 oneMove,https://lichess.org/67kES6CL/black#62,,TRUE,https://lichess.org/training/lF5Nl
lGETj,5r1k/1p6/p1p3Q1/8/3q3r/8/PPP2P1P/1R3R1K w - - 0 32,f1g1 h4h2 h1h2 d4h4 h2g2 f8f2,2109,82,84,99,attraction endgame long mate mateIn3 sacrifice,https://lichess.org/PhqrH6Mn#63,,TRUE,https://lichess.org/training/lGETj
lMFEm,1Br1k1r1/pq3p1p/1p2pQp1/4P3/2PR4/1P6/P3KPbP/3R4 b - - 1 23,c8b8 d4d8 b8d8 d1d8,816,90,97,187,mate mateIn2 middlegame short,https://lichess.org/c5F6qCbh/black#46,,TRUE,https://lichess.org/training/lMFEm
lMtxw,4b1k1/1q5p/p1n1pRpQ/2ppP3/8/3B4/P1P3PP/7K b - - 0 31,c6e5 f6f8,843,79,89,122,endgame master mate mateIn1 oneMove,https://lichess.org/3Fjb2PVQ/black#62,,TRUE,https://lichess.org/training/lMtxw
lP1Qi,3k3r/Qpp5/3R1b2/p4N2/7p/2P5/PP2r1q1/2KR4 b - - 0 29,c7d6 a7b8 d8d7 d1d6,2134,78,89,102,intermezzo mate mateIn2 middlegame short,https://lichess.org/40QH0bHs/black#58,,TRUE,https://lichess.org/training/lP1Qi
lPFvk,1k6/2p5/3r1n2/8/2p2Q2/qP3B2/P3R3/1K6 w - - 0 37,f4c4 d6d1 c4c1 d1c1,816,77,100,232,endgame mate mateIn2 short,https://lichess.org/yim5xzjd#73,,TRUE,https://lichess.org/training/lPFvk
lU8zH,5r1k/pQ4p1/8/2P5/1P1R3P/P3PrPq/5P2/3R2K1 w - - 3 35,d1d2 f3g3 f2g3 f8f1,1756,75,92,234,clearance endgame mate mateIn2 sacrifice short,https://lichess.org/LBsRhuIP#69,,TRUE,https://lichess.org/training/lU8zH
lVMVe,8/pp2R3/1np2kr1/2B2p2/5P2/PP5Q/2q5/5B1K b - - 2 46,c2c5 h3h4 g6g5 h4g5,1225,79,82,74,endgame mate mateIn2 short,https://lichess.org/OYaHsi8A/black#92,,TRUE,https://lichess.org/training/lVMVe
lW0PB,7k/1p4rB/3ppN1Q/p5P1/1Kn1PP2/1N6/P1q5/7R w - - 0 33,b4b5 c4a3 b5a4 b7b5 a4a3 b5b4 a3a4 c2c6 a4a5 g7a7 a5b4 a7a4,2143,77,90,482,mate mateIn5 middlegame pin sacrifice veryLong,https://lichess.org/ou6GsDp2#65,,TRUE,https://lichess.org/training/lW0PB
lYzXB,4r3/2pb2k1/1p1p3p/p2P2p1/2P5/1PN3Pq/P1Q2RKP/8 w - - 4 35,g2g1 e8e1 f2f1 e1f1,758,87,90,174,endgame kingsideAttack mate mateIn2 short,https://lichess.org/MEqiLN2N#69,,TRUE,https://lichess.org/training/lYzXB
laO4Y,r1bR2k1/pp5p/2p1n1pQ/5q2/8/8/PP3P1P/4R1K1 b - - 1 25,e6d8 e1e8 f5f8 e8f8,815,115,73,46,endgame fork mate mateIn2 short,https://lichess.org/d4xeEVRp/black#50,,TRUE,https://lichess.org/training/laO4Y
lbNeL,6k1/1p3p1n/1rp3pP/3pQ1p1/2P3P1/q2PPN2/5PB1/n1K4R w - - 3 32,c1d1 a3d3 f3d2 b6b1,2166,80,89,464,mate mateIn2 middlegame pin short,https://lichess.org/0WUVnZg0#63,,TRUE,https://lichess.org/training/lbNeL
lcMtT,4Q3/qp1P2k1/p4r2/4p3/P1p1P3/R4Ppp/6P1/R6K w - - 0 35,d7d8q h3g2 h1g2 a7f2 g2h3 f2h2 h3g4 f6f4 g4g5 h2h6,1907,75,96,2794,advancedPawn attraction endgame mate mateIn5 veryLong,https://lichess.org/bD89eJPz#69,,TRUE,https://lichess.org/training/lcMtT
li8VL,3q2k1/p6p/1p3rpQ/2p2p2/1b6/4R3/P5PK/3R4 b - - 0 33,d8d1 e3e8 f6f8 e8f8,717,79,100,236,endgame mate mateIn2 short,https://lichess.org/FxcDKFRc/black#66,,TRUE,https://lichess.org/training/li8VL
lk0VE,8/p4pkp/1p6/6p1/3PQ1n1/2N1PqP1/P4Pr1/R4RK1 w - - 1 29,g1h1 g2h2 h1g1 h2h1,1699,77,94,590,doubleCheck mate mateIn2 middlegame short,https://lichess.org/2rS7JYAa#57,,TRUE,https://lichess.org/training/lk0VE
lmCSI,r1b2bn1/3pq1k1/p1p5/4B1pQ/4P3/2N5/PPP3PP/5RK1 b - - 4 16,e7e5 f1f7,1567,78,90,992,mate mateIn1 middlegame oneMove,https://lichess.org/EsPNQ8U9/black#32,Sicilian_Defense Sicilian_Defense_Old_Sicilian,TRUE,https://lichess.org/training/lmCSI
lpvND,5Q2/5R2/7k/4q1p1/4n3/r6P/6P1/7K b - - 1 33,h6h5 f7h7 h5g6 h7h6,1553,76,96,27136,endgame mate mateIn2 short,https://lichess.org/D4aHSOf0/black#66,,TRUE,https://lichess.org/training/lpvND
lr0NA,5r1k/2p4q/1p1pQ3/3Pp3/2P5/P4P2/1P2R1P1/5RKr w - - 3 38,g1f2 h7h4 g2g3 h1f1 f2f1 h4h1 f1f2 f8f3,2649,92,86,117,attraction endgame master mate mateIn4 veryLong,https://lichess.org/8iywp2fJ#75,,TRUE,https://lichess.org/training/lr0NA
lr6rt,QR6/p1pkpp2/3p4/3P1KB1/2P5/4Pq1r/7P/8 w - - 2 27,g5f4 h3h5,1164,76,100,410,endgame mate mateIn1 oneMove,https://lichess.org/LEPF8x7O#53,,TRUE,https://lichess.org/training/lr6rt
ltws6,4qkr1/7p/p3pQ2/1p1R4/8/7P/5PP1/6K1 b - - 4 34,e8f7 d5d8,993,77,78,110,endgame mate mateIn1 oneMove,https://lichess.org/Iny4Cbc1/black#68,,TRUE,https://lichess.org/training/ltws6
lvHAu,2kr4/p1p5/2Q2p2/B2n1q2/3P2p1/8/PP3Ppr/2R1R1K1 w - - 0 26,g1h2 d8h8 h2g1 h8h1 g1g2 f5f3,1863,75,95,895,exposedKing long mate mateIn3 middlegame,https://lichess.org/UF9BT3Nj#51,,TRUE,https://lichess.org/training/lvHAu
lxELF,6k1/5p2/3P1ppp/8/1P1q4/r6P/2QK4/3RR3 w - - 5 38,d2c1 a3a1 c2b1 d4c3,1510,75,76,235,endgame mate mateIn2 pin short,https://lichess.org/Wf3iTPNu#75,,TRUE,https://lichess.org/training/lxELF
ly2dD,Q6r/2k2R2/1p6/2p5/2Pp3q/1P2p2P/7K/8 b - - 3 38,c7d6 a8d5,1230,85,90,51,endgame mate mateIn1 oneMove,https://lichess.org/rZs8ZEnu/black#76,,TRUE,https://lichess.org/training/ly2dD
lyrSG,5r2/1br2pk1/p3p2R/1p2P1Pp/3P4/1Pq5/P4Q1P/5RK1 b - - 5 33,b7e4 f2f6 g7g8 h6h8,1056,82,100,44,mate mateIn2 middlegame short,https://lichess.org/m3GjPWOx/black#66,,TRUE,https://lichess.org/training/lyrSG
lzFU9,7Q/pp1r2k1/5Rn1/2p3Q1/2P1q3/8/P1b4P/5RK1 b - - 0 34,g7h8 g5h6 d7h7 f6f8 g6f8 f1f8,1505,74,96,571,exposedKing long mate mateIn3 middlegame sacrifice,https://lichess.org/pYUFdIwf/black#68,,TRUE,https://lichess.org/training/lzFU9
lzr2d,1k5r/2RR1p2/p4Np1/1p6/4N1p1/5q2/PP3P2/6K1 w - - 0 31,c7a7 h8h1,954,111,100,38,endgame mate mateIn1 oneMove,https://lichess.org/1gqM3WT9#61,,TRUE,https://lichess.org/training/lzr2d
m126D,3r4/p2r1p1k/1p1pqQp1/7R/6P1/1P3P2/P1P5/1K5R b - - 0 30,g6h5 h1h5 h7g8 h5h8,1079,76,96,230,endgame mate mateIn2 short,https://lichess.org/hc6khsg0/black#60,,TRUE,https://lichess.org/training/m126D
m1wfw,5rk1/5r2/2p4Q/1p4Pp/2pPq3/2P1P2R/PP6/2K3R1 w - - 4 34,g5g6 f7f1 g1f1 f8f1 c1d2 e4d3,1194,103,100,76,endgame long mate mateIn3,https://lichess.org/P1uHYcgz#67,,TRUE,https://lichess.org/training/m1wfw
m2DA2,8/p1p3kp/8/3R2q1/1P6/P4Q1P/6P1/rK3B1R w - - 1 26,b1b2 g5c1 b2b3 a1a3,1637,76,94,1046,endgame mate mateIn2 short,https://lichess.org/2qLOgZwX#51,,TRUE,https://lichess.org/training/m2DA2
m3rOq,8/5p1k/6pp/8/1PR5/4PqP1/2Q2P1r/5K2 w - - 2 53,c4f4 h2h1,1504,79,90,1616,endgame mate mateIn1 oneMove,https://lichess.org/WKHvOXaD#105,,TRUE,https://lichess.org/training/m3rOq
m6vU2,6k1/4rp2/5RpQ/pp1pq2p/2p4P/2n2RP1/6K1/8 b - - 1 39,c3e4 f6g6 f7g6 f3f8,1857,75,96,1343,clearance endgame master mate mateIn2 sacrifice short,https://lichess.org/Evp9wqJf/black#78,,TRUE,https://lichess.org/training/m6vU2
m72u0,3rrk1Q/1p6/p7/6q1/2pPp3/2P5/PP3P2/K6R b - - 3 41,g5g8 h8f6 g8f7 h1h8,1195,76,71,87,clearance endgame mate mateIn2 short,https://lichess.org/fgSoT0NL/black#82,,TRUE,https://lichess.org/training/m72u0
m7UKH,2k5/2p3q1/PQ6/2R5/3Pp2p/8/6K1/4rR2 w - - 1 36,g2f2 g7g3,1254,75,100,479,endgame mate mateIn1 oneMove,https://lichess.org/GTj7ysec#71,,TRUE,https://lichess.org/training/m7UKH
m7u1t,8/4R1Qp/2pq4/6kr/7r/2P3pP/5PK1/8 b - - 7 47,d6g6 e7e5 g5f4 f2g3 g6g3 g7g3,1908,75,95,470,endgame fork long mate mateIn3 xRayAttack,https://lichess.org/zegPRj4y/black#94,,TRUE,https://lichess.org/training/m7u1t
m8I0p,2br1rk1/8/3p1q2/3P4/6p1/4Q1P1/3KR3/8 b - - 12 51,f6f3 e3g5 g8f7 e2e7,1549,75,99,1577,endgame mate mateIn2 short,https://lichess.org/DgZbIRTI/black#102,,TRUE,https://lichess.org/training/m8I0p
m8iIU,5r2/5p1p/5Qpk/8/p1qR4/4P1P1/P4PK1/8 b - - 1 37,c4e6 d4h4,1176,75,88,234,endgame mate mateIn1 oneMove,https://lichess.org/5QDpkyBC/black#74,,TRUE,https://lichess.org/training/m8iIU
mAn2p,5k1r/pp2B1p1/2q1p1Q1/2Pnn3/7P/2P3P1/PP4P1/2KR4 b - - 1 23,d5e7 d1d8 c6e8 d8e8,1089,75,100,256,endgame mate mateIn2 short,https://lichess.org/pYshhX7V/black#46,,TRUE,https://lichess.org/training/mAn2p
mAq1W,1r3rk1/5p2/1q2pQp1/p2p4/7R/7P/5PP1/5RK1 b - - 1 26,e6e5 h4h8,933,137,100,28,endgame master mate mateIn1 oneMove,https://lichess.org/8tcTpoHj/black#52,,TRUE,https://lichess.org/training/mAq1W
mBsvT,7k/p6p/4Q3/3q1r2/2p3p1/6BK/PP5P/4R3 w - - 0 33,h3g4 d5f3 g4h4 f5h5,1684,87,100,42,endgame mate mateIn2 short,https://lichess.org/7iMhrtt2#65,,TRUE,https://lichess.org/training/mBsvT
mCim7,6k1/2r4p/4R1pQ/3pP3/2b1q1P1/r7/5P1K/8 b - - 5 44,e4f3 e6e8 f3f8 e8f8,1029,92,100,58,endgame mate mateIn2 short,https://lichess.org/inPwwrSM/black#88,,TRUE,https://lichess.org/training/mCim7
mDruD,2K5/p4p2/3R1Q2/1P3k2/r7/6P1/8/6rq b - - 3 56,f5e4 f6f4,1563,78,84,160,endgame master mate mateIn1 oneMove,https://lichess.org/HLS0yUnX/black#112,,TRUE,https://lichess.org/training/mDruD
mGDgr,8/4R1kp/p2p2r1/1p3p2/P1p2Pn1/3q4/5QPP/7K b - - 0 33,g7f6 f2h4 g6g5 h4g5,1277,80,90,442,endgame mate mateIn2 short,https://lichess.org/0m2ETAC0/black#66,,TRUE,https://lichess.org/training/mGDgr
mILZG,5rkn/5p2/6pP/6Q1/R7/p1q3P1/5P1K/8 b - - 1 36,c3b3 g5f6 b3b2 h6h7 g8h7 a4h4 h7g8 h4h8,2422,78,100,119,advancedPawn attraction endgame mate mateIn4 veryLong,https://lichess.org/E2QLmsbg/black#72,,TRUE,https://lichess.org/training/mILZG
mIVUX,4R1k1/2q2r1p/2b3pQ/1p6/p2p4/P1P5/1P4PP/1K2R3 b - - 1 32,c6e8 e1e8 f7f8 e8f8,662,96,91,118,endgame master mate mateIn2 short,https://lichess.org/WYmKENoY/black#64,,TRUE,https://lichess.org/training/mIVUX
mJzry,3r4/5p1k/pQ5R/1p1q3p/7P/1P4P1/P3rP1K/8 b - - 5 34,h7g7 b6f6 g7g8 h6h8,1246,114,69,74,endgame mate mateIn2 short,https://lichess.org/wMSJoRa7/black#68,,TRUE,https://lichess.org/training/mJzry
mLSgk,6k1/7r/5p2/3P4/3Qp3/5qP1/5P2/4R1K1 w - - 3 46,d4e4 h7h1,1387,76,89,1128,endgame mate mateIn1 oneMove,https://lichess.org/6hpxTXiz#91,,TRUE,https://lichess.org/training/mLSgk
mN9lt,2kr3r/5qpp/1pQb4/R4p2/2P5/3P4/PP3PPP/R5K1 b - - 1 20,f7c7 a5a8,1176,76,99,918,mate mateIn1 middlegame oneMove,https://lichess.org/3SuNAnQw/black#40,,TRUE,https://lichess.org/training/mN9lt
mNgXg,4r3/k7/pp1P3R/2pP1p2/2P2B1b/1P3QPq/P6P/6K1 w - - 1 35,h6h4 e8e1 f3f1 e1f1,949,149,71,26,endgame mate mateIn2 short,https://lichess.org/QHeZypvJ#69,,TRUE,https://lichess.org/training/mNgXg
mP3EA,1k6/2p2p2/8/1p6/8/3qrQ1P/PP2NRP1/4K3 w - - 0 30,f3f7 d3b1 e1d2 e3d3,1419,75,85,365,endgame mate mateIn2 short,https://lichess.org/oovTqId0#59,,TRUE,https://lichess.org/training/mP3EA
mPgmp,5rk1/4n1p1/2p4p/4B2P/1QP1P1P1/1P1q4/3N4/3K1rR1 w - - 1 27,g1f1 f8f1,948,90,60,69,master mate mateIn1 middlegame oneMove pin,https://lichess.org/wfdTRhcT#53,,TRUE,https://lichess.org/training/mPgmp
mSL3Z,6k1/pp3p2/2p2Q1p/q5p1/4R2P/P1P3P1/1P3P1K/3r4 b - - 2 30,a5d5 e4e8 g8h7 e8h8,1663,75,94,1242,endgame mate mateIn2 short,https://lichess.org/mdJKmrzp/black#60,,TRUE,https://lichess.org/training/mSL3Z
mT0CK,r2q1r2/3bkNR1/2n1pp2/4p3/8/1N6/PPPQ3P/2KR4 b - - 0 24,f8f7 d2d6 e7e8 g7g8 f7f8 g8f8,1788,75,96,995,long mate mateIn3 middlegame,https://lichess.org/BFZGmyaC/black#48,,TRUE,https://lichess.org/training/mT0CK
mTGx7,4R1kr/1pp3b1/p2p1p2/3P3Q/3p1P2/8/qPP3PP/2K5 b - - 2 34,g7f8 h5g6,1034,80,89,158,endgame mate mateIn1 oneMove,https://lichess.org/OVbMkfRX/black#68,,FALSE,https://lichess.org/training/mTGx7
mTM42,1k6/1p6/p2q4/2RPr3/P2Q3p/7P/6P1/6K1 w - - 0 39,a4a5 e5e1 g1f2 d6g3,1187,75,100,465,endgame mate mateIn2 short,https://lichess.org/UOS7uO9A#77,,TRUE,https://lichess.org/training/mTM42
mUXEU,r7/4pR2/3pK1k1/2pPb1pp/4P3/5QPP/1q6/8 b - - 9 39,e5f6 f3f5 g6h6 f7h7,1403,77,94,1905,endgame mate mateIn2 short,https://lichess.org/dMYv2o0h/black#78,,TRUE,https://lichess.org/training/mUXEU
mawq7,6rk/1pp2Q2/p7/3pP3/3P3q/P7/1P4K1/3R1R2 w - - 1 32,g2f3 h4e4 f3f2 g8g2,1951,78,88,120,endgame mate mateIn2 short,https://lichess.org/QlJgtwnB#63,,TRUE,https://lichess.org/training/mawq7
mb4FY,3n1r1r/ppp1k1p1/6B1/4pP2/4P3/2P2qPP/PP5K/RN2Q3 w - - 0 24,b1d2 h8h3 h2h3 f8h8 g6h5 h8h5,1296,76,92,510,attraction long mate mateIn3 middlegame sacrifice,https://lichess.org/czKDWDQt#47,,TRUE,https://lichess.org/training/mb4FY
mclJf,R2bk1r1/8/3pQ1n1/2p1p3/1pP1P3/3P2R1/1q3P2/6K1 b - - 7 40,g6e7 g3g8,1176,88,100,50,mate mateIn1 middlegame oneMove pin,https://lichess.org/2Epmq06a/black#80,,TRUE,https://lichess.org/training/mclJf
mcmOT,5rk1/6p1/2p3Qp/1pP5/1P1P4/R3PrPq/1P5P/R5K1 w - - 5 35,a3a7 f3f1 a1f1 f8f1,888,78,100,194,endgame mate mateIn2 short,https://lichess.org/vGYgJB6v#69,,TRUE,https://lichess.org/training/mcmOT
mfciy,1k3r2/ppp2r2/3p2bR/3P4/PP2P1PQ/3q1B2/1R6/3NK3 w - - 1 31,f3e2 f7f1 e2f1 f8f1,1718,75,87,271,mate mateIn2 middlegame sacrifice short,https://lichess.org/jwbY8sYQ#61,,TRUE,https://lichess.org/training/mfciy
mfzmB,5R2/pp4Bk/1n1p2p1/3Pq1P1/2r4Q/1n5P/6K1/8 b - - 3 37,h7g7 h4h6,899,88,58,58,endgame mate mateIn1 oneMove,https://lichess.org/G1rovCl9/black#74,,TRUE,https://lichess.org/training/mfzmB
mgz9L,6k1/pp3r1p/3p2nQ/2pP4/2P1RN2/6K1/6PP/3q4 b - - 3 29,g6f4 e4e8 f7f8 e8f8,1406,95,70,57,endgame mate mateIn2 short,https://lichess.org/1flFsqdU/black#58,,TRUE,https://lichess.org/training/mgz9L
mhYCM,1nk4r/2p2p2/1p6/4PpQ1/1P1P4/2P2P2/3B4/2R1RK1q w - - 3 34,g5g1 h1f3 g1f2 h8h1,1370,75,89,387,mate mateIn2 middlegame short,https://lichess.org/FRTbhcjC#67,,TRUE,https://lichess.org/training/mhYCM
miabo,4krR1/p2r3p/4pQ2/8/4PK1P/5P2/1B4q1/2R5 b - - 0 37,g2g8 c1c8 d7d8 c8d8,1003,78,89,72,endgame mate mateIn2 short,https://lichess.org/FidNubD5/black#74,,TRUE,https://lichess.org/training/miabo
mlLc5,5r2/p1r2p1k/4p1p1/4P1Q1/2pP4/7R/PP4KP/2qq4 b - - 1 37,h7g7 g5f6 g7g8 h3h8,1507,78,93,312,endgame mate mateIn2 short,https://lichess.org/4ZxpWsxf/black#74,,TRUE,https://lichess.org/training/mlLc5
mldAB,rn5r/pp5p/1qp2Qnk/2b1p3/8/3R4/PPP2PPP/2K2B1R b - - 3 18,c5f2 d3h3 f2h4 h3h4,1135,76,100,221,mate mateIn2 middlegame pin short,https://lichess.org/qC3Zmfwm/black#36,Caro-Kann_Defense Caro-Kann_Defense_Breyer_Variation,TRUE,https://lichess.org/training/mldAB
mlsmb,3r4/ppp2pk1/5R1p/3b3Q/2q5/3r4/P5PP/5R1K b - - 1 24,d8d7 h5h6 g7g8 f6g6 f7g6 f1f8,1862,75,98,1143,clearance long mate mateIn3 middlegame sacrifice,https://lichess.org/JMefZmRO/black#48,,TRUE,https://lichess.org/training/mlsmb
mm0AM,6r1/5p1k/ppb1pP2/2p4p/4q3/6Q1/PPP2K1P/R4R2 w - - 0 30,g3d3 g8g2,1345,74,97,321,endgame mate mateIn1 oneMove,https://lichess.org/6Auug6wJ#59,,TRUE,https://lichess.org/training/mm0AM
mmWrF,r2qkR1r/6pp/p2Qp3/1b1pP3/2p5/4P3/P5PP/5RK1 b kq - 4 24,h8f8 f1f8,1529,74,100,1190,endgame mate mateIn1 oneMove,https://lichess.org/T4pHVekO/black#48,,TRUE,https://lichess.org/training/mmWrF
mn9N7,rnb2bnr/ppp3kp/3p1q1B/7Q/4P3/8/PPP3PP/RN3R1K b - - 5 12,f6h6 f1f7,934,75,100,324,mate mateIn1 oneMove opening,https://lichess.org/D6XLkOO9/black#24,Kings_Gambit_Accepted Kings_Gambit_Accepted_Fischer_Defense,TRUE,https://lichess.org/training/mn9N7
mncHO,1k1r4/p1p2p2/Q1Bnp1p1/2Pp4/8/1P2PqP1/P4P1K/R4R2 w - - 1 25,c5d6 d8h8 h2g1 h8h1,1380,76,87,130,endgame mate mateIn2 short,https://lichess.org/gOpuXtUc#49,,TRUE,https://lichess.org/training/mncHO
mnmvU,r5k1/p4r1p/1p1R1ppQ/8/8/BP1n4/P4qPP/3R3K b - - 1 28,d3f4 d6d8 a8d8 d1d8 f7f8 d8f8,737,86,95,207,long mate mateIn3 middlegame,https://lichess.org/Xv51nFO0/black#56,,TRUE,https://lichess.org/training/mnmvU
moNym,8/1r1k1QpN/b1p1p3/3pP3/1b6/7P/5PK1/qNR5 b - - 0 25,d7c8 f7e8 c8c7 c1c6,2174,75,95,1602,mate mateIn2 middlegame short,https://lichess.org/f1214PVs/black#50,,TRUE,https://lichess.org/training/moNym
mpMwf,r7/4Rpkp/1q1pN1p1/3n4/1p6/7P/1PPQ1PP1/6K1 b - - 1 24,g7f6 d2g5,1109,78,100,519,endgame master mate mateIn1 oneMove,https://lichess.org/vpCCYPZ7/black#48,,TRUE,https://lichess.org/training/mpMwf
mqE12,R2r3r/1pQ3p1/2kp4/1N6/1P2P3/2P2nP1/7P/2q1nN1K b - - 0 30,c6b5 a8a5,1726,115,77,117,mate mateIn1 middlegame oneMove,https://lichess.org/OfGgTZIR/black#60,,TRUE,https://lichess.org/training/mqE12
mrPoC,r5rk/5R1p/4p3/p1p1p1q1/Np1bP3/3P3P/PPP1Q1P1/1K3R2 b - - 3 23,g5g2 f7h7 h8h7 e2h5 h7g7 f1f7,1878,75,98,1126,attraction kingsideAttack long mate mateIn3 middlegame sacrifice,https://lichess.org/DRsA1oDu/black#46,,TRUE,https://lichess.org/training/mrPoC
mtlXo,3Rn3/pp3ppk/6np/2P4r/1PB5/P4qP1/2Q2P2/4R1K1 w - - 0 28,c4d5 h5h1,1466,76,95,2415,mate mateIn1 middlegame oneMove,https://lichess.org/qiNzEriv#55,,TRUE,https://lichess.org/training/mtlXo
mvk8o,5rk1/2r2p2/p3p1RQ/4q1p1/2p5/2P4P/P5P1/5R1K b - - 2 38,f7g6 f1f8,1599,79,98,354,endgame mate mateIn1 oneMove,https://lichess.org/sDELNZcP/black#76,,TRUE,https://lichess.org/training/mvk8o
mvucl,4r2r/1pp1k1q1/p2p3p/2N2Qp1/8/4P2P/PbP2PP1/1K1R3R b - - 3 21,d6c5 d1d7,1456,76,87,699,mate mateIn1 middlegame oneMove,https://lichess.org/rGNiUzlK/black#42,,TRUE,https://lichess.org/training/mvucl
mxNjt,5rk1/1pq2P1p/6bQ/3n2N1/p1rP1p2/2P5/P4PP1/2R1R1K1 b - - 0 28,f8f7 e1e8 f7f8 e8f8,1217,76,100,199,kingsideAttack mate mateIn2 middlegame short,https://lichess.org/ibtobztP/black#56,,TRUE,https://lichess.org/training/mxNjt
myshi,3rr3/4kp2/p2p1Q1R/1p1Pn2P/8/P1q5/2P3PK/8 b - - 6 34,e7f8 h6h8,1055,96,56,39,endgame mate mateIn1 oneMove,https://lichess.org/Izu8l4GL/black#68,,TRUE,https://lichess.org/training/myshi
mzETt,7k/ppp1p2p/6p1/4R3/4Nr1Q/1P3r2/P2R1P1K/1q6 w - - 3 33,h4e7 f3h3 h2h3 b1h1 h3g3 f4f3 g3g4 h1h3 g4g5 h3h5,2465,80,79,298,attraction exposedKing mate mateIn5 middlegame sacrifice veryLong,https://lichess.org/oWpRRyEk#65,,TRUE,https://lichess.org/training/mzETt
n05G3,7b/2R4k/p2p1Ppp/1p1q3r/3P4/5NQ1/PP2r2P/6K1 b - - 1 35,h7g8 g3g6 g8f8 c7c8 e2e8 c8e8,1546,75,94,312,exposedKing long mate mateIn3 middlegame,https://lichess.org/kWhq6XlM/black#70,,TRUE,https://lichess.org/training/n05G3
n38y0,r5k1/4bppp/1p2pn2/3b4/7P/1PqBBN2/2P1QPP1/1K1R3R w - - 3 18,e3d4 a8a1,1348,76,93,1071,mate mateIn1 middlegame oneMove,https://lichess.org/4afoL6HC#35,French_Defense French_Defense_Rubinstein_Variation,TRUE,https://lichess.org/training/n38y0
n3mcr,1r6/pb1pkr2/1p2pb2/8/5QR1/1P3PP1/P1qR2KP/8 b - - 1 30,c2c8 f4d6 e7e8 g4g8 f7f8 g8f8,1304,80,97,2613,long mate mateIn3 middlegame,https://lichess.org/fLAfQPEg/black#60,,TRUE,https://lichess.org/training/n3mcr
n6Ipq,4R3/1p4pk/p1n5/3Q4/3P1r2/P1P1N2r/1P3qPK/8 w - - 0 39,h2h3 f4h4,947,79,93,79,endgame mate mateIn1 oneMove,https://lichess.org/9TLdz898#77,,TRUE,https://lichess.org/training/n6Ipq
nBy8h,5Q1k/6q1/p6p/6p1/1p4r1/8/8/5R1K b - - 3 46,g7g8 f8h6 g8h7 f1f8,1540,77,100,943,endgame mate mateIn2 short,https://lichess.org/Uzdm6ppd/black#92,,TRUE,https://lichess.org/training/nBy8h
nCUa3,7r/Q1p2pk1/3bppp1/8/2P4P/1PB2qP1/P2P1P1K/R3R3 w - - 3 27,a7e3 h8h4 h2g1 h4h1,1209,82,91,634,mate mateIn2 middlegame pin short,https://lichess.org/FEhaYI4G#53,,TRUE,https://lichess.org/training/nCUa3
nT1XR,6k1/3qrp2/2p2RpQ/p1Ppr2p/P7/7P/7P/6RK b - - 5 39,d5d4 g1g6 f7g6 f6f8,1838,83,81,68,endgame mate mateIn2 sacrifice short,https://lichess.org/8xOhSRaw/black#78,,TRUE,https://lichess.org/training/nT1XR
nUZnb,3k2r1/p4ppp/1p6/3R1n2/2r1q3/Q7/PPP3PP/1K1R4 b - - 0 24,d8c8 a3a6 c8b8 d5d8 g8d8 d1d8 c4c8 d8c8,1795,76,94,1412,exposedKing mate mateIn4 middlegame queensideAttack veryLong,https://lichess.org/9PEKJJ2g/black#48,,TRUE,https://lichess.org/training/nUZnb
nUg6M,8/2r2rkp/6pQ/pp1p4/2q5/5P2/PPP1R1P1/1K5R b - - 3 33,g7g8 e2e8 f7f8 e8f8,1011,124,100,16,endgame mate mateIn2 short,https://lichess.org/uIxmi7fX/black#66,,TRUE,https://lichess.org/training/nUg6M
nW5El,6k1/1p3p1p/p3rNpQ/4p3/8/q3P2P/5PP1/3R2K1 b - - 1 31,e6f6 d1d8 a3f8 d8f8,742,82,89,97,endgame mate mateIn2 short,https://lichess.org/ywMpobFC/black#62,,TRUE,https://lichess.org/training/nW5El
nWDcx,5rk1/5p1p/1Rn3pQ/2pB1p2/1p6/6rP/1q4P1/5R1K b - - 1 34,c6d4 d5f7 f8f7 b6b8 f7f8 b8f8,1699,75,92,533,long mate mateIn3 middlegame sacrifice,https://lichess.org/vaX6PI1l/black#68,,TRUE,https://lichess.org/training/nWDcx
nZY6A,6rk/pp6/8/3p3p/3Pp3/6q1/PP2QRP1/6K1 b - - 1 36,h5h4 e2h5 h8g7 f2f7,1333,76,98,2880,endgame mate mateIn2 short,https://lichess.org/egu0TrGJ/black#72,,TRUE,https://lichess.org/training/nZY6A
nbGVb,6k1/R3pr1p/3p2pQ/2p3P1/1p6/1P6/1KPP1P2/4q3 b - - 12 34,e1d2 a7a8 f7f8 a8f8,879,77,100,242,endgame mate mateIn2 short,https://lichess.org/2X40uXrv/black#68,,TRUE,https://lichess.org/training/nbGVb
nbJLz,r5k1/4pp2/3p2p1/qP2P2p/4P2P/1PP5/1Q3nP1/2KR3R w - - 3 24,b2f2 a5c3 f2c2 a8a1,1820,74,98,283,endgame mate mateIn2 queensideAttack short,https://lichess.org/pBGpgf9j#47,,TRUE,https://lichess.org/training/nbJLz
nbc4U,3rkR1r/pp5p/1npQ2p1/3pP1qn/3P4/2N3pP/PPP3B1/5RK1 b - - 8 21,h8f8 f1f8,1665,80,92,770,mate mateIn1 middlegame oneMove,https://lichess.org/W9Jf4Lqr/black#42,,TRUE,https://lichess.org/training/nbc4U
nbnXS,8/5p2/p3pk2/6r1/P2P3p/4PqP1/5P1K/4QR2 w - - 0 45,e1d1 h4g3 f2g3 g5h5 h2g1 h5h1,1432,75,100,460,endgame long mate mateIn3,https://lichess.org/lOHTv4nh#89,,TRUE,https://lichess.org/training/nbnXS
ndOIV,2k5/p1p1p3/1p1p1pp1/3P4/2P1Nq2/P4r1r/RP2Q2p/3R1B1K w - - 2 29,d1d4 f3f1 e2f1 f4f1,711,86,97,161,kingsideAttack mate mateIn2 middlegame short,https://lichess.org/uvQT4gU0#57,,TRUE,https://lichess.org/training/ndOIV
neRrN,5rk1/pp4r1/2pp4/7p/2P1R2P/1P3QPq/P3RP2/6K1 w - - 3 32,f3h5 g7g3 f2g3 f8f1,1792,141,89,18,endgame mate mateIn2 sacrifice short,https://lichess.org/pIFAZg6z#63,,TRUE,https://lichess.org/training/neRrN
ngUmy,6rk/pp2b1B1/2n5/3pq2Q/8/P7/6PP/5R1K b - - 1 27,h8g7 f1f7,1577,76,91,275,endgame mate mateIn1 oneMove,https://lichess.org/CcppD7kz/black#54,,TRUE,https://lichess.org/training/ngUmy
nij7N,5r2/1r1q1p1k/4pQp1/p2pP3/3P2P1/2P5/P3R3/R5K1 b - - 0 28,d7d8 e2h2 h7g8 h2h8,945,169,33,6,endgame mate mateIn2 short,https://lichess.org/nQY8vpMQ/black#56,,TRUE,https://lichess.org/training/nij7N
nmDnv,1q2N1k1/6pp/Q4p2/p4P2/3P4/7P/PP2n1P1/4rRK1 w - - 3 32,g1f2 b8g3,1650,80,94,742,endgame mate mateIn1 oneMove,https://lichess.org/sm9zZ7eI#63,,TRUE,https://lichess.org/training/nmDnv
nq3q8,8/p5k1/7p/1p4pB/4qp2/1Q6/PP2KRPP/2r5 w - - 3 30,e2d2 e4e1 d2d3 e1e3,2085,141,25,17,endgame fork mate mateIn2 short,https://lichess.org/0jpAtYAY#59,,TRUE,https://lichess.org/training/nq3q8
nthwE,4r1k1/pp3ppp/8/8/1P1B1P2/P2Q1P1q/3P1P1P/R3r1KR w - - 3 22,a1e1 e8e1 d3f1 e1f1,864,193,43,25,endgame kingsideAttack mate mateIn2 short,https://lichess.org/S0cz7fzi#43,,TRUE,https://lichess.org/training/nthwE
nu6ug,1k1R3r/p1p2pp1/Qpq4r/8/5Pb1/BP2P1Pp/P1P4P/3R2K1 b - - 5 28,h8d8 d1d8 g4c8 d8c8,600,87,100,332,mate mateIn2 middlegame queensideAttack short,https://lichess.org/bUq6PmGy/black#56,,TRUE,https://lichess.org/training/nu6ug
nuldM,8/6bk/p5p1/P6p/1p6/3QNq1r/5P2/2R1R1K1 w - - 0 33,d3d5 h3h1,1594,76,100,899,master mate mateIn1 middlegame oneMove,https://lichess.org/B7idRmag#65,,TRUE,https://lichess.org/training/nuldM
nv2Qy,5k2/2Q3pp/3p4/4b1B1/4P1b1/P7/1rPNK2P/R5q1 w - - 3 26,e2d3 g1d4,1166,78,93,3038,mate mateIn1 middlegame oneMove,https://lichess.org/xRhGEkEO#51,,FALSE,https://lichess.org/training/nv2Qy
nvaqe,2kr3r/2p2ppp/1pQp1n2/3P4/4q3/R4N1P/PPP2PP1/2K4R b - - 7 18,e4d5 a3a8,1319,78,92,745,mate mateIn1 middlegame oneMove,https://lichess.org/e0xLyo4E/black#36,Ruy_Lopez Ruy_Lopez_Steinitz_Defense,TRUE,https://lichess.org/training/nvaqe
nzTgs,4r1k1/6pp/2p2p2/3p2n1/1N1P1P2/1QP2PPq/P1P4P/5RK1 w - - 1 33,b4d5 g5f3 f1f3 e8e1 f3f1 e1f1,1058,78,100,154,endgame kingsideAttack long mate mateIn3 sacrifice,https://lichess.org/8ycblS8m#65,,TRUE,https://lichess.org/training/nzTgs
o3pDN,7k/1p5p/p2p1q2/2NPp3/6p1/7r/PPQ2PK1/4R3 w - - 2 32,c5e4 f6f3 g2f1 h3h1,1170,76,100,215,endgame mate mateIn2 short,https://lichess.org/6qpuDMdD#63,,TRUE,https://lichess.org/training/o3pDN
o4Tay,1q4k1/5ppp/1pN2b2/3P1Q2/1P6/P6P/2R3P1/4r1K1 w - - 0 35,g1f2 f6h4 g2g3 b8g3,1482,74,96,1962,endgame mate mateIn2 short,https://lichess.org/BQQQZLGZ#69,,TRUE,https://lichess.org/training/o4Tay
o4uY5,5rk1/1q3p1p/p1n1p1BQ/1pPpP3/8/PP2PR2/6PP/6K1 b - - 0 26,f7g6 f3f8,776,110,100,63,endgame kingsideAttack mate mateIn1 oneMove,https://lichess.org/iu5XHNyg/black#52,,TRUE,https://lichess.org/training/o4uY5
o6n8n,2kr3r/p3qpp1/1Pp1p3/3p4/Q2P2P1/1P2P2P/2P3P1/R4NK1 b - - 0 24,a7b6 a4c6 e7c7 a1a8,1928,75,95,3957,endgame mate mateIn2 queensideAttack short,https://lichess.org/t0fYDQv3/black#48,,TRUE,https://lichess.org/training/o6n8n
oAO3c,1k1r4/2p2p2/1pQ5/3P3p/R7/P4qp1/1P6/K7 b - - 3 40,f3d5 a4a8,1246,79,93,1659,endgame mate mateIn1 oneMove,https://lichess.org/SyED743H/black#80,,TRUE,https://lichess.org/training/oAO3c
oEm9j,6k1/6pp/5p2/P1Q1p1q1/1B6/2P3N1/3r2KP/8 w - - 8 46,g2f3 g5f4,1530,75,96,562,endgame master mate mateIn1 oneMove,https://lichess.org/DXtgMOIY#91,,TRUE,https://lichess.org/training/oEm9j
oJOWW,3r2k1/pp3r1p/1q4BQ/4b3/1nP5/7P/Pp4P1/3R3K b - - 0 24,b6g6 d1d8 f7f8 d8f8,1041,76,88,210,hangingPiece mate mateIn2 middlegame short,https://lichess.org/EnDDugy3/black#48,,TRUE,https://lichess.org/training/oJOWW
oMxzY,7k/6r1/4p3/4Pp2/2qP1R2/Q5p1/6P1/4K3 b - - 6 40,c4d5 a3f8 h8h7 f4h4 h7g6 f8f6,1580,128,85,24,endgame exposedKing long mate mateIn3,https://lichess.org/92ZbhhPP/black#80,,TRUE,https://lichess.org/training/oMxzY
oNokb,4Q3/6pk/p1p1pr2/5r1p/3P4/1PP4q/P2B1R2/R6K w - - 0 36,f2h2 f5f1 a1f1 f6f1,1254,91,100,58,mate mateIn2 middlegame short,https://lichess.org/HtM2YjDq#71,,TRUE,https://lichess.org/training/oNokb
oOdLd,1R6/1R4p1/3rp2p/6k1/4QpN1/5PqP/3r2P1/6K1 w - - 8 47,b7g7 g5h4 g4e3 d2d1 e3f1 d1f1 g1f1 d6d1 e4e1 d1e1,1975,84,93,970,attraction mate mateIn5 middlegame sacrifice veryLong,https://lichess.org/BhOGV1LT#93,,TRUE,https://lichess.org/training/oOdLd
oWhRW,6k1/p2q2p1/1p2N1Qp/n3p3/5r2/P3r3/3K3P/R5R1 w - - 0 29,d2e3 a5c4 e3e2 d7d2,1317,75,86,592,master mate mateIn2 middlegame short,https://lichess.org/KxI8qUei#57,,TRUE,https://lichess.org/training/oWhRW
oXi5Z,2R5/r6k/4pQ1p/6n1/3Pq3/7P/6PK/8 b - - 0 40,a7f7 c8h8,1542,78,81,138,endgame mate mateIn1 oneMove,https://lichess.org/AvznuJH7/black#80,,TRUE,https://lichess.org/training/oXi5Z
obhEy,2r2k1Q/4n3/6R1/2qp4/2p5/7P/5PP1/6K1 b - - 2 37,f8f7 g6f6,1812,132,78,75,endgame mate mateIn1 oneMove,https://lichess.org/yctGuV7l/black#74,,TRUE,https://lichess.org/training/obhEy
oeKkj,8/6r1/8/3p2k1/1qp2Q2/3bPP2/1P3KP1/7R b - - 3 45,g5g6 h1h6,1572,75,96,2044,endgame mate mateIn1 oneMove,https://lichess.org/ImrzNgrA/black#90,,TRUE,https://lichess.org/training/oeKkj
oeSsC,3r2k1/pp2Rr1p/2p2ppQ/3b1q1n/5P2/2B5/PPP3PP/4R1K1 b - - 2 20,f5g4 e7e8 d8e8 e1e8 f7f8 e8f8,1137,77,97,1013,kingsideAttack long mate mateIn3 middlegame,https://lichess.org/aoiwu6kP/black#40,,TRUE,https://lichess.org/training/oeSsC
ofMpG,2Q5/3Rr2k/1p4p1/1Np2p2/P3P1K1/1P3PP1/7r/2q5 w - - 0 41,e4f5 g6f5 g4f5 h2h5 f5f6 c1g5,1588,76,98,1480,attraction endgame long mate mateIn3,https://lichess.org/fU5ODJfF#81,,TRUE,https://lichess.org/training/ofMpG
ohclB,2b2rk1/2r4p/1q2p1pQ/6P1/1p3N2/1B5R/P6P/3RK3 b - - 0 32,f8f4 d1d8 f4f8 d8f8,1255,77,93,667,mate mateIn2 middlegame short,https://lichess.org/T2xsr3Ns/black#64,,TRUE,https://lichess.org/training/ohclB
ohtnl,rn2r3/p4kp1/2p1bb1p/1pB2P2/8/NP4QP/q5P1/4R1K1 b - - 0 21,e6b3 g3g6 f7g8 e1e8,1656,103,25,44,deflection mate mateIn2 middlegame short,https://lichess.org/QDtaPdcw/black#42,,TRUE,https://lichess.org/training/ohtnl
ooxlM,6k1/2q2p2/2p2bNp/p7/3r4/7P/PPQ2PP1/4R1K1 b - - 0 24,f7g6 c2g6 f6g7 e1e8,1329,75,97,3307,endgame fork mate mateIn2 short,https://lichess.org/WRhyOY6J/black#48,,TRUE,https://lichess.org/training/ooxlM
orwq9,6k1/p4ppp/1Pp5/1p5q/1Qb1P3/2P1r1P1/1R3P1P/4RK2 w - - 0 33,b4c4 h5h3 f1g1 e3e1 c4f1 e1f1,1329,77,86,1166,deflection endgame long mate mateIn3,https://lichess.org/G9GFGYLP#65,,TRUE,https://lichess.org/training/orwq9
otMcu,6k1/5p2/6p1/7p/P1Q4P/5qP1/R6K/3r4 w - - 5 45,c4c2 d1h1,1160,109,75,29,endgame master mate mateIn1 oneMove,https://lichess.org/699ExucP#89,,TRUE,https://lichess.org/training/otMcu
oxpSZ,7r/5pp1/1kp2q2/2nr4/2N5/5PQ1/1P3KP1/R3R3 b - - 1 28,b6b7 a1a7 b7a7 g3c7 c5b7 e1a1 d5a5 a1a5,1928,75,100,480,attraction mate mateIn4 middlegame pin sacrifice veryLong,https://lichess.org/LzcACoNO/black#56,,TRUE,https://lichess.org/training/oxpSZ
p7pwt,6k1/1p3r1p/p1b3pQ/2p1Kp2/8/1qP3P1/1P1R4/8 b - - 0 46,b3c4 d2d8 c6e8 d8e8 f7f8 e8f8,806,92,97,276,endgame long mate mateIn3,https://lichess.org/1EBXSXFb/black#92,,TRUE,https://lichess.org/training/p7pwt
p9Ic2,r3r3/ppq5/2p3p1/4p1Qp/1P3nP1/P2R1k1P/2P5/4R1K1 b - - 1 32,f4d3 e1e3,992,77,100,204,endgame mate mateIn1 oneMove,https://lichess.org/0gQkpY9p/black#64,,TRUE,https://lichess.org/training/p9Ic2
p9YRk,3q4/1b2bpk1/p3p3/1pp3P1/4P1Q1/P2PK1p1/BPP2r2/R6R w - - 3 28,g4g3 d8d4,1530,80,91,467,mate mateIn1 middlegame oneMove,https://lichess.org/dzXOzD3C#55,,TRUE,https://lichess.org/training/p9YRk
pDfuP,r3brk1/7q/1p3p2/p3R3/2P5/6Q1/6P1/5RK1 b - - 1 33,g8f7 f1f6 f7f6 g3g5 f6f7 e5e7,2101,76,89,234,attraction long mate mateIn3 middlegame sacrifice,https://lichess.org/OF14ayrR/black#66,,TRUE,https://lichess.org/training/pDfuP
pE1wC,2r2rk1/pp5p/8/3pQ3/2q5/8/PP3P1P/1K4R1 b - - 5 27,g8f7 g1g7,1466,76,84,159,endgame mate mateIn1 oneMove,https://lichess.org/2EnZ5RJL/black#54,,TRUE,https://lichess.org/training/pE1wC
pGSYh,rnb2r1k/ppq4n/2p1p1QR/3p4/8/2N5/PPKB1R2/8 b - - 0 32,f8f2 g6e8 h8g7 h6g6,1723,75,93,301,mate mateIn2 middlegame short,https://lichess.org/wCJusxYQ/black#64,,TRUE,https://lichess.org/training/pGSYh
pGnoT,rn5r/qpRk1p1p/p2Bp1p1/1b6/3PP3/3Q4/4NPPP/5K1R b - - 4 20,d7d6 d3g3 e6e5 g3e5,1814,76,100,360,mate mateIn2 middlegame short,https://lichess.org/kdDuDyYq/black#40,,TRUE,https://lichess.org/training/pGnoT
pJ9a8,2k5/ppp4R/4p3/7p/2QpP3/P3q1r1/1PP2R2/6K1 w - - 0 29,g1f1 e3c1 f1e2 g3e3,1463,75,93,2106,endgame mate mateIn2 short,https://lichess.org/46e6RnQy#57,,TRUE,https://lichess.org/training/pJ9a8
pJYP1,1k3r2/p2rqp2/QpR3p1/1P1pp2p/8/7P/6P1/2R4K b - - 3 32,d5d4 c6c8 f8c8 c1c8,1048,80,87,135,endgame mate mateIn2 queensideAttack short,https://lichess.org/nj1skjy3/black#64,,TRUE,https://lichess.org/training/pJYP1
pJfTj,5rk1/1p4pp/p1p5/3p1r2/1P1Pp3/P3P1bq/1B1Q1P1P/4RR1K w - - 0 26,f2g3 f5f1 e1f1 f8f1,827,89,100,125,kingsideAttack mate mateIn2 middlegame short,https://lichess.org/IWMMk0KH#51,,TRUE,https://lichess.org/training/pJfTj
pOSj9,7k/6pp/p7/1p4r1/1Q6/4qr1K/PPP1B3/R3R3 w - - 0 28,e2f3 e3f3 h3h4 g5h5,1464,81,100,102,endgame mate mateIn2 short,https://lichess.org/8wzCiCSC#55,,TRUE,https://lichess.org/training/pOSj9
pP2TC,r3q3/ppp1r2R/5kp1/3Q1R2/4P3/8/PP4PP/6K1 b - - 0 30,g6f5 d5f5,1230,76,99,2553,endgame mate mateIn1 oneMove,https://lichess.org/9xLvTMVa/black#60,,TRUE,https://lichess.org/training/pP2TC
pSS2c,r3R1k1/1bq2r1p/1p3ppQ/p1pn4/2Np4/P2P2P1/1PP2PP1/4RBK1 b - - 3 25,a8e8 e1e8 f7f8 e8f8,1154,199,43,14,kingsideAttack mate mateIn2 middlegame short,https://lichess.org/QGTdnguT/black#50,,TRUE,https://lichess.org/training/pSS2c
pWJZc,r1bq1bnr/ppp3k1/3p3p/4P2Q/4P3/8/PPP3PP/RN3RK1 b - - 0 12,d8g5 f1f7,913,77,100,254,mate mateIn1 middlegame oneMove,https://lichess.org/8TpSxaFs/black#24,Kings_Gambit_Accepted Kings_Gambit_Accepted_Fischer_Defense,TRUE,https://lichess.org/training/pWJZc
pXiNy,b5k1/2qr1p2/p3pRRQ/4P3/2pPP3/6P1/P1p4P/1r3BK1 b - - 0 33,f7g6 f6f8,1806,76,100,369,master mate mateIn1 middlegame oneMove,https://lichess.org/AHSaxJuh/black#66,,TRUE,https://lichess.org/training/pXiNy
pc9Wy,4R3/pkr3pp/3Q1p2/2N1nq2/8/2P3P1/PP4PP/6K1 b - - 13 39,c7c5 e8b8,1640,79,90,1517,endgame mate mateIn1 oneMove,https://lichess.org/7wuaD3R1/black#78,,TRUE,https://lichess.org/training/pc9Wy
pcqgV,r4k2/1p5n/2pN1p2/q2p4/3P3P/8/1Q2rPP1/2KR3R w - - 4 27,b2e2 a5c3 e2c2 a8a1,1903,76,90,489,clearance mate mateIn2 middlegame pin short,https://lichess.org/tWghB72c#53,,TRUE,https://lichess.org/training/pcqgV
pfVJI,4k2r/1r6/p1p1R1p1/2Pp3p/1P5Q/P6P/2q2PP1/6K1 b - - 0 32,e8f8 h4f6 f8g8 e6e8 g8h7 e8h8,1782,74,98,389,endgame exposedKing fork long mate mateIn3,https://lichess.org/AsmUyybo/black#64,,TRUE,https://lichess.org/training/pfVJI
piImF,7k/1p6/7p/3Q2p1/1P4P1/2P4K/P4rR1/7q w - - 6 49,h3g3 h1h4,1457,82,57,164,endgame mate mateIn1 oneMove,https://lichess.org/Vk6j2DYf#97,,TRUE,https://lichess.org/training/piImF
pihFr,2r1r3/p4pk1/b1q1p1p1/2p1P1QR/2pp4/1P6/P4PPP/R5K1 b - - 0 27,e8h8 g5f6 g7g8 h5h8,1134,76,100,392,mate mateIn2 middlegame short,https://lichess.org/4Sqt1iYo/black#54,,TRUE,https://lichess.org/training/pihFr
prlFr,1k5r/p2q2B1/Qp1rp3/3n1p1p/3P2p1/P7/1PR2PPP/2R3K1 b - - 1 26,d7g7 c2c8 h8c8 c1c8,885,83,94,151,mate mateIn2 middlegame queensideAttack short,https://lichess.org/v07ePpiJ/black#52,,TRUE,https://lichess.org/training/prlFr
ptNVt,3qr1kb/1r5p/p3B1pQ/4P3/1p1P4/1PP3P1/P4R1K/5R2 b - - 0 35,e8e6 f2f8 d8f8 f1f8,831,77,100,137,fork mate mateIn2 middlegame short,https://lichess.org/y2T1XR4c/black#70,,TRUE,https://lichess.org/training/ptNVt
ptbcG,8/pp6/1kp4p/3qBQr1/3P4/1P3P1K/P4P1P/2R5 w - - 3 31,f5h7 d5f3 e5g3 g5h5,1571,77,94,76,endgame mate mateIn2 short,https://lichess.org/1lAA7TrU#61,,TRUE,https://lichess.org/training/ptbcG
puoai,R1kr4/1pp2p2/1qp1bQ2/6p1/4P2p/3B3P/2P3PK/8 b - - 5 34,c8d7 a8d8,806,84,100,55,endgame mate mateIn1 oneMove,https://lichess.org/hPkIg6Cd/black#68,,TRUE,https://lichess.org/training/puoai
pvv3U,4k1r1/5pB1/4pQb1/1q5p/1p5P/p3P3/2P2P2/3RK3 b - - 3 40,g6c2 d1d8,531,90,96,216,endgame mate mateIn1 oneMove,https://lichess.org/FVGjPEJS/black#80,,TRUE,https://lichess.org/training/pvv3U
py1Nn,r4r2/3q1p1k/p3pQp1/1pp1P1p1/Pn1pP3/3P1R2/1PP3PP/R5K1 b - - 1 24,f8h8 f3h3 h7g8 h3h8,1071,84,50,42,mate mateIn2 middlegame short,https://lichess.org/ikTvtdbF/black#48,,TRUE,https://lichess.org/training/py1Nn
q8K3e,r1b1rRk1/ppq4p/2p1p1pQ/3pP3/8/1P1nP3/PBPN2PP/5RK1 b - - 0 18,e8f8 f1f8,817,82,100,92,kingsideAttack mate mateIn1 middlegame oneMove,https://lichess.org/VhYhojiA/black#36,Queens_Pawn_Game Queens_Pawn_Game_Colle_System,TRUE,https://lichess.org/training/q8K3e
q8mW7,r1b4r/1pb1n1kp/p4Rq1/3p2P1/P6Q/8/1PP3PP/R6K b - - 4 27,g6c2 h4h6 g7g8 f6f8,959,77,100,236,mate mateIn2 middlegame short,https://lichess.org/1NPoaReN/black#54,,TRUE,https://lichess.org/training/q8mW7
qBAaj,r5k1/4Rr1p/1p1p2pQ/2p5/P1bq4/P2N1P2/6PP/4R2K b - - 3 30,d4d3 e7e8 a8e8 e1e8 f7f8 e8f8,829,81,100,367,long mate mateIn3 middlegame,https://lichess.org/3KyT8pBB/black#60,,TRUE,https://lichess.org/training/qBAaj
qBXhX,4Q3/6pp/4p2k/3R4/P2p1P2/6Pq/1r3p1P/5RK1 w - - 0 35,f1f2 b2b1 f2f1 b1f1,894,81,100,257,endgame mate mateIn2 short,https://lichess.org/99ygb2Ff#69,,TRUE,https://lichess.org/training/qBXhX
qE4RC,5rk1/pp1b1n2/5Qp1/3p1p2/5q2/P2B2RR/2P3PK/4r3 b - - 9 31,f7e5 h3h8,1375,76,96,3935,master mate mateIn1 middlegame oneMove,https://lichess.org/gFdBmulE/black#62,,TRUE,https://lichess.org/training/qE4RC
qFZQH,6k1/1br2rBp/p2p4/1p1qppQ1/7P/P2P4/1P6/1K3R2 b - - 0 32,f7g7 g5d8 g8f7 f1f5 f7e6 f5f6,2159,77,94,1080,endgame long mate mateIn3,https://lichess.org/9c55aEbc/black#64,,TRUE,https://lichess.org/training/qFZQH
qMVPN,6k1/1r6/p1b1p1pr/P1Q1Pp2/1P3P2/6R1/4q1RP/4B2K w - - 6 43,c5c6 e2f1 g2g1 h6h2 h1h2 b7h7 g3h3 h7h3,2241,78,95,1358,attraction deflection fork mate mateIn4 middlegame sacrifice veryLong,https://lichess.org/ZeW40lr2#85,,TRUE,https://lichess.org/training/qMVPN
qOQUh,2R5/5r1k/4R1pp/pp6/8/Pn2Q3/1q3P2/3K4 b - - 3 37,b2a3 c8h8 h7h8 e3h6 f7h7 e6e8 a3f8 e8f8,2011,76,93,493,attraction deflection endgame mate mateIn4 sacrifice veryLong,https://lichess.org/BgXsYlH3/black#74,,TRUE,https://lichess.org/training/qOQUh
qQJ2g,6rr/5pQ1/4k3/7q/5P1P/6P1/2P5/4R1K1 b - - 1 35,e6f5 e1e5,1571,123,80,65,endgame mate mateIn1 oneMove,https://lichess.org/SAFX1320/black#70,,TRUE,https://lichess.org/training/qQJ2g
qRLzh,2r3k1/2q2p2/4pQp1/p7/P1n3P1/1P5R/5P2/6K1 b - - 1 35,c7e5 h3h8,1254,76,82,199,endgame mate mateIn1 oneMove,https://lichess.org/XKHFLZcF/black#70,,TRUE,https://lichess.org/training/qRLzh
qRzlJ,8/Q7/2p3pk/1p6/6pP/1P3r2/1PR2P1K/5q2 w - - 1 45,a7c5 f3h3,1570,81,89,666,endgame mate mateIn1 oneMove,https://lichess.org/s09uugpO#89,,TRUE,https://lichess.org/training/qRzlJ
qUQDF,6k1/2p3Bp/1p1p2p1/3P4/1PP1Q1Pq/4NK2/5P1r/5Rn1 w - - 5 36,f1g1 h2f2,1012,76,100,129,endgame mate mateIn1 oneMove,https://lichess.org/n910F8K6#71,,TRUE,https://lichess.org/training/qUQDF
qWWws,8/4r1pk/p5R1/1p1Q4/8/2P3Pq/PP5P/7K w - - 1 38,d5d3 e7e1 d3f1 e1f1,1301,143,100,18,endgame master mate mateIn2 short,https://lichess.org/tMToHq40#75,,TRUE,https://lichess.org/training/qWWws
qX4LG,2k4r/2p2pp1/7q/Qp6/3PP1p1/P3P1Pr/1PP2R1P/1K6 b - - 0 25,h3h2 a5a8 c8d7 f2f7 d7e6 a8d5,1773,77,87,58,endgame long mate mateIn3 queensideAttack,https://lichess.org/NtGFwWJ8/black#50,,TRUE,https://lichess.org/training/qX4LG
qZdA6,4r1k1/1pp2pp1/7p/pNRP4/P4P2/1q4P1/1P1R2QP/1K2r3 w - - 1 30,c5c1 e1c1 b1c1 e8e1 d2d1 e1d1,1061,76,99,648,attraction long mate mateIn3 middlegame queensideAttack,https://lichess.org/bHoshOLX#59,,TRUE,https://lichess.org/training/qZdA6
qaaG6,2kr2r1/ppp2p1p/3b1Q2/8/4N3/1q6/1P2RPPP/2R3K1 b - - 3 20,g8g6 e4d6 d8d6 e2e8 c8d7 e8d8,1618,74,96,28160,clearance long mate mateIn3 middlegame pin queensideAttack,https://lichess.org/N4ENsztF/black#40,,TRUE,https://lichess.org/training/qaaG6
qePHH,k7/pp3pp1/5b1p/7r/1P6/1Q2BqP1/P4P2/4RK2 w - - 3 32,b3f7 h5h1,1132,80,89,120,endgame master mate mateIn1 oneMove,https://lichess.org/wZmVc8Fc#63,,TRUE,https://lichess.org/training/qePHH
qfN3z,6k1/1p1r3p/6pQ/3q4/p5P1/P7/1P6/K4R2 b - - 5 33,d5d2 f1f8,835,86,82,64,endgame master mate mateIn1 oneMove,https://lichess.org/BDxBvEqU/black#66,,TRUE,https://lichess.org/training/qfN3z
qfT8j,1k2r3/1p1b3p/p7/3p1P2/3Q3N/6qP/PP2r1P1/R1R3K1 w - - 3 29,c1c3 e2e1 a1e1 e8e1,1422,77,99,2204,mate mateIn2 middlegame short,https://lichess.org/Skrrt2mc#57,,TRUE,https://lichess.org/training/qfT8j
qg9IJ,7R/5N1k/6pp/4PQ2/Pb6/1P5P/2r3nK/4q3 b - - 1 36,h7g7 f5f6,1103,76,84,240,mate mateIn1 middlegame oneMove,https://lichess.org/KrUNft80/black#72,,TRUE,https://lichess.org/training/qg9IJ
qgad9,3r4/1p4pk/4Q2p/p7/4p1N1/P3Pq1P/RB3P2/3R2K1 w - - 1 35,e6e7 d8d1 g1h2 d1h1,1495,81,89,82,hangingPiece mate mateIn2 middlegame short,https://lichess.org/SFqvsp2o#69,,TRUE,https://lichess.org/training/qgad9
qp7HA,5rk1/1p4p1/5q1p/4p3/1PPp4/3P2Q1/3B3K/6R1 w - - 2 33,g3g6 f6h4 h2g2 f8f2,1893,77,92,399,endgame mate mateIn2 short,https://lichess.org/Z4Y8kkOT#65,,TRUE,https://lichess.org/training/qp7HA
qpSJk,5r1k/1p4p1/2p3Q1/p3P2p/P2P3q/2P5/1P2RrK1/6R1 w - - 2 35,e2f2 f8f2,1566,79,93,2167,endgame mate mateIn1 oneMove,https://lichess.org/uikYljAv#69,,TRUE,https://lichess.org/training/qpSJk
qs4t6,6k1/1pp2pp1/1n1p4/3Pr3/p1PRP3/P4qNK/1P1Q3P/1B6 w - - 2 37,d2e2 e5h5,1148,75,98,413,master mate mateIn1 middlegame oneMove pin,https://lichess.org/Ei6gEl7Q#73,,TRUE,https://lichess.org/training/qs4t6
qsvVa,5rk1/2R2R1p/3p2pQ/8/4P3/3p3P/1q4PK/8 b - - 0 34,f8f7 c7c8 f7f8 c8f8,1088,123,33,20,endgame mate mateIn2 short,https://lichess.org/e1hOJyp3/black#68,,TRUE,https://lichess.org/training/qsvVa
qszhF,4Q3/5r1k/p6p/2Pp1r2/P2P4/1N2p1Pq/6Rn/R5K1 w - - 0 38,g2h2 f5f1 a1f1 f7f1,1460,90,76,59,mate mateIn2 middlegame short,https://lichess.org/Wnfl8E1z#75,,TRUE,https://lichess.org/training/qszhF
quB9R,7k/6pp/3p2P1/2p5/2r1P3/1q3B2/1b1R2QP/4KR2 w - - 0 35,d2b2 b3e3 f3e2 c4c1,1927,245,87,16,endgame mate mateIn2 short,https://lichess.org/QHcQo9bt#69,,TRUE,https://lichess.org/training/quB9R
quTqV,r4rkR/1p3pP1/1q2p3/p1b3P1/P1n5/2P2Q2/1P1B1P2/2KR4 b - - 2 25,g8g7 f3f6,1042,78,100,100,master mate mateIn1 middlegame oneMove,https://lichess.org/GJno9zGP/black#50,,TRUE,https://lichess.org/training/quTqV
qyB8P,1bkr4/4rpp1/7p/1Q2BP2/3q4/1P3KP1/1P6/R7 b - - 4 36,e7e5 b5c6 b8c7 a1a8,1636,76,89,143,endgame mate mateIn2 short,https://lichess.org/huJlimLA/black#72,,TRUE,https://lichess.org/training/qyB8P
qzlfN,5r1k/p5pp/8/3Q4/P1p4P/2q1n2R/3N4/3RKB2 w - - 0 28,d5c5 f8f1 e1e2 c3d3,1837,74,96,1743,mate mateIn2 middlegame pin short,https://lichess.org/ikoubRa8#55,,TRUE,https://lichess.org/training/qzlfN
r03g1,3rr3/5p2/2p5/Qkp5/3PP3/R6P/2q2PK1/8 b - - 4 31,b5c4 a5c5,1575,77,96,3366,endgame mate mateIn1 oneMove,https://lichess.org/nHxuiKsX/black#62,,TRUE,https://lichess.org/training/r03g1
r6exv,2r3kr/p4p1p/4bqpQ/3p4/5P2/8/P5PP/2R1R2K b - - 2 30,f6g7 c1c8 e6c8 e1e8 g7f8 e8f8,975,81,96,242,fork long mate mateIn3 middlegame,https://lichess.org/GxJYCDXL/black#60,,TRUE,https://lichess.org/training/r6exv
r7ZUU,2k4r/2n3p1/2Q1p3/1p3qP1/2p3Nr/2P4P/3B2P1/R5K1 b - - 5 40,f5d5 a1a8,1468,479,100,7,mate mateIn1 middlegame oneMove pin,https://lichess.org/KZPrviel/black#80,,TRUE,https://lichess.org/training/r7ZUU
r7eWg,1q1r4/1b6/p1p4p/1p1k1R2/3Pp3/P4Q1P/1n3PP1/6K1 b - - 1 33,d5c4 f5c5 c4d4 f3e3,1058,76,87,80,endgame mate mateIn2 short,https://lichess.org/TLs0stom/black#66,,TRUE,https://lichess.org/training/r7eWg
r91a9,1k5r/1PpQ1p1p/3p2q1/3Pb3/6p1/2P4P/1P3PP1/R5K1 b - - 0 27,g4h3 a1a8 b8b7 d7c6,1559,76,92,393,endgame mate mateIn2 queensideAttack short,https://lichess.org/aoV6h4F6/black#54,,TRUE,https://lichess.org/training/r91a9
rEpZI,r7/2q3bk/3R3p/p1p1Pp1Q/1p2b3/4P1r1/PPP3P1/1K5R b - - 0 26,g3g2 d6h6 g7h6 h5h6 h7g8 h6h8 g8f7 h8f6 f7e8 f6e6 c7e7 h1h8 g2g8 h8g8,2664,103,92,551,mate mateIn5 middlegame veryLong,https://lichess.org/yGnFbOG0/black#52,,TRUE,https://lichess.org/training/rEpZI
rFhlp,5rk1/pR5p/2p3p1/4N3/3PB3/P1r4q/3Q1P2/5RK1 w - - 1 25,e4c6 c3g3 f2g3 f8f1,1641,74,92,170,mate mateIn2 middlegame short,https://lichess.org/au9PG6Sz#49,,TRUE,https://lichess.org/training/rFhlp
rHNjF,1R4k1/5p2/3nb1p1/q5P1/3pP3/3P1Q2/2r3B1/6K1 b - - 17 46,g8g7 f3f6 g7h7 b8h8,1089,82,90,69,mate mateIn2 middlegame short,https://lichess.org/7iVdEQHQ/black#92,,TRUE,https://lichess.org/training/rHNjF
rIgtW,8/Q1krRp1p/6p1/1p1p1qP1/1P3P2/P6P/7K/8 b - - 4 50,c7d6 a7c5,1691,79,76,250,endgame mate mateIn1 oneMove,https://lichess.org/6nERvVrq/black#100,,TRUE,https://lichess.org/training/rIgtW
rJHzs,5rk1/p3p1b1/6p1/1P1Pp2p/5r2/1R4NK/2Q1Bq2/R7 w - - 3 30,e2d3 f4h4 h3h4 g6g5 h4h3 g5g4 h3h4 f2f6 h4h5 f6h6 h5g4 f8f4,2560,85,98,138,attraction exposedKing mate mateIn5 middlegame pin sacrifice veryLong,https://lichess.org/MsflsRlM#59,,TRUE,https://lichess.org/training/rJHzs
rK1hT,8/5pk1/1Q5R/4rP2/1p4pP/1P4P1/1P1n1PK1/4q3 b - - 0 35,d2f3 b6f6 g7g8 h6h8,1502,75,71,222,endgame mate mateIn2 short,https://lichess.org/2pfbWpDY/black#70,,TRUE,https://lichess.org/training/rK1hT
rN2VG,6k1/1p4p1/pq5p/4RP2/8/P5QP/3r2PK/8 b - - 0 32,b6f2 e5e8 g8f7 g3g6,1250,75,100,202,endgame mate mateIn2 short,https://lichess.org/yyINtzl9/black#64,,TRUE,https://lichess.org/training/rN2VG
rObZO,6r1/p4R2/4k3/7K/Pq1P2r1/6p1/Q7/7B b - - 1 44,e6d6 a2d5,1752,75,95,3104,endgame mate mateIn1 oneMove,https://lichess.org/9y2YyEOX/black#88,,TRUE,https://lichess.org/training/rObZO
rPHxc,4r1k1/r6p/5RpQ/p3q3/7P/8/6P1/5R1K b - - 3 35,a5a4 f6f8 e8f8 f1f8,1062,75,100,113,endgame mate mateIn2 short,https://lichess.org/NAFmZz2L/black#70,,TRUE,https://lichess.org/training/rPHxc
rRZAQ,2r2r1k/1p3b1P/p2p2p1/q3p3/5pPQ/2P2P2/P7/2R1K1R1 b - - 0 28,c8c3 h4f6 h8h7 g1h1 h7g8 h1h8,1062,76,100,461,exposedKing long mate mateIn3 middlegame,https://lichess.org/slhkwxaR/black#56,,TRUE,https://lichess.org/training/rRZAQ
rTEss,rbb2k1r/1p3p2/p6p/n1q1p2N/n1p2PP1/P3P2P/2P1B3/B1KRQ2R b - - 0 23,c4c3 d1d8 f8e7 e1h4 f7f6 h4f6,1956,76,91,93,long mate mateIn3 middlegame,https://lichess.org/zaQ0vemf/black#46,,TRUE,https://lichess.org/training/rTEss
rTzXs,4r1k1/pp3p1p/1b1r2p1/8/1P3P2/PQ4Pq/5P1P/3R1RK1 w - - 0 27,d1d6 b6f2 f1f2 e8e1 f2f1 e1f1,1103,78,100,224,endgame long mate mateIn3 sacrifice,https://lichess.org/7Vt9jYr5#53,,TRUE,https://lichess.org/training/rTzXs
rUXwa,2k5/1p4pp/2q5/3n4/r7/1QP3P1/PP4KP/R3R3 w - - 2 28,a1d1 d5f4 g2f2 c6g2 f2e3 a4e4,2065,77,92,317,doubleCheck endgame long mate mateIn3,https://lichess.org/hfooSZzs#55,,TRUE,https://lichess.org/training/rUXwa
rVPC7,r1b4r/pp1p2kp/1b2q1p1/8/3P2n1/2P5/PP1Q2PP/RNBK1R2 b - - 2 16,g4h2 d2h6 g7g8 f1f8,1065,76,100,299,fork mate mateIn2 middlegame short,https://lichess.org/Lj0eTZqf/black#32,Italian_Game Italian_Game_Jerome_Gambit,TRUE,https://lichess.org/training/rVPC7
rX2bi,2r3k1/1q3rB1/4R1Qp/3n1p2/1ppP4/2P5/1P3PPP/4R1K1 b - - 0 27,f7g7 e6e8 c8e8 e1e8,1188,75,100,390,mate mateIn2 middlegame short,https://lichess.org/Msl2BD0v/black#54,,TRUE,https://lichess.org/training/rX2bi
rbYoh,5r2/2p2pk1/p3bR1p/1p2q1pQ/3r4/6P1/PP1N2PP/5R1K b - - 1 26,d4d2 h5h6 g7g8 f6g6 f7g6 f1f8,1783,74,95,263,discoveredAttack long mate mateIn3 middlegame,https://lichess.org/kqsmJtz5/black#52,,TRUE,https://lichess.org/training/rbYoh
rcSbG,2r5/3R2p1/p3p1kp/1p3p1Q/5P2/bPq3NK/2P4P/8 b - - 3 34,g6f6 d7f7,1009,90,50,62,endgame mate mateIn1 oneMove,https://lichess.org/bKRzYOBx/black#68,,TRUE,https://lichess.org/training/rcSbG
rdNa3,5rk1/pp5p/6pQ/2rB2N1/P1p5/2q5/7P/5R1K b - - 9 41,c5d5 f1f8,462,87,100,99,endgame mate mateIn1 oneMove,https://lichess.org/zwPvrzYU/black#82,,TRUE,https://lichess.org/training/rdNa3
re8R7,4R3/3r1p1k/5Qpp/p7/1p3P2/P1pq1PKP/8/8 b - - 1 41,d3d4 e8h8,1543,79,89,292,endgame mate mateIn1 oneMove,https://lichess.org/hZwDSHZx/black#82,,TRUE,https://lichess.org/training/re8R7
reZuQ,7r/p7/1k1p1p2/2pQ4/2P1R3/1P3qP1/P4P2/4R1K1 w - - 5 41,a2a4 h8h1,815,79,100,95,endgame master mate mateIn1 oneMove,https://lichess.org/XWnrBRoA#81,,TRUE,https://lichess.org/training/reZuQ
rj6bg,r2q3r/1p3Q1p/p1n2Rp1/2N1p3/3pk1P1/8/PPP4P/2K4b b - - 9 23,e4e3 f6f1 d8h4 f7b3 d4d3 b3d3,2345,78,95,199,long mate mateIn3 middlegame,https://lichess.org/5pyPxYU7/black#46,,TRUE,https://lichess.org/training/rj6bg
rlh97,6k1/p1q2p2/2ppR2Q/4p2P/2P1P2P/1PN3r1/P5r1/5R1K b - - 0 31,f7e6 f1f8,1579,76,91,814,endgame mate mateIn1 oneMove,https://lichess.org/CadU3gRP/black#62,,TRUE,https://lichess.org/training/rlh97
rmXCS,4rk2/p1q2p2/2p1pQ1R/2prR3/3p4/3P4/PPP2PPP/6K1 b - - 0 24,c7e5 h6h8,1184,81,55,93,endgame mate mateIn1 oneMove,https://lichess.org/m9BtuAJY/black#48,,TRUE,https://lichess.org/training/rmXCS
rpK7o,R4b2/1p1q1p1k/p1p1nQpp/P7/1P6/8/5PPK/8 b - - 2 40,f8b4 a8h8,757,96,100,58,endgame master mate mateIn1 oneMove,https://lichess.org/Dcbdwasd/black#80,,TRUE,https://lichess.org/training/rpK7o
rrCpa,5rk1/p5bp/2p3p1/4p3/2P1P3/1PN3Pq/P1Q1R2P/R4rK1 w - - 4 27,a1f1 f8f1,399,106,100,199,kingsideAttack mate mateIn1 middlegame oneMove,https://lichess.org/gcJRCslq#53,,TRUE,https://lichess.org/training/rrCpa
rsf0h,r1bq1b1r/pppp1Qp1/5k2/7p/6n1/1B6/PPP2P2/RN2K2R b KQ - 3 16,f6g5 f2f4 g5h6 h1h5,1564,75,93,107,mate mateIn2 opening short,https://lichess.org/YJwwvf3D/black#32,Italian_Game Italian_Game_Two_Knights_Defense,TRUE,https://lichess.org/training/rsf0h
rtrY4,5Q2/4p2p/2p3pk/p3q3/5R1P/1P1r4/P5PK/8 b - - 1 32,h6h5 g2g4 h5h4 f8h6 e5h5 g4h5,1725,321,100,5,discoveredAttack endgame long mate mateIn3,https://lichess.org/taqPJ9wn/black#64,,TRUE,https://lichess.org/training/rtrY4
rwReW,6rk/5p1p/3p4/2qP3R/2P1p1rn/1p5P/1P6/3Q1R1K b - - 0 34,g4g3 h5h7 h8h7 d1h5 h7g7 f1f7,1717,75,94,619,attraction fork long mate mateIn3 middlegame sacrifice,https://lichess.org/pYMFXipv/black#68,,TRUE,https://lichess.org/training/rwReW
s0zEf,2k1r2r/2p1pp2/p2p2p1/1P1P3p/2Q5/R7/P4qPP/2KR4 b - - 0 25,a6b5 a3a8 c8b7 c4c6,1297,77,96,2586,endgame mate mateIn2 queensideAttack short,https://lichess.org/vEOuBLAK/black#50,,TRUE,https://lichess.org/training/s0zEf
s35e4,8/3Q2bk/7p/5p2/3P1P2/5q1r/7R/5B1K w - - 6 47,f1g2 f3d1 g2f1 d1f1,1186,76,98,377,endgame mate mateIn2 short,https://lichess.org/GFtHKrVw#93,,FALSE,https://lichess.org/training/s35e4
s5UC3,7Q/5p1p/1R1kp1p1/3p4/8/4PP1P/r1q3P1/6K1 b - - 14 37,d6c5 h8d4,1414,75,94,1046,endgame mate mateIn1 oneMove,https://lichess.org/V71yddxU/black#74,,TRUE,https://lichess.org/training/s5UC3
s5qe9,2r3k1/p3npP1/4p1q1/3pP3/3p4/P4Q2/5P2/2rR1K1R b - - 0 31,g6e4 h1h8 g8g7 f3f6,1825,75,94,149,mate mateIn2 middlegame short,https://lichess.org/T0KBDGSN/black#62,,TRUE,https://lichess.org/training/s5qe9
s7DlC,3r2k1/p2R3p/2p2qpQ/8/P4p1b/7P/1PP2PP1/4R1K1 b - - 0 22,d8d7 e1e8 f6f8 e8f8,711,82,100,248,endgame mate mateIn2 short,https://lichess.org/HtLo4WwH/black#44,,TRUE,https://lichess.org/training/s7DlC
s8wuR,4rkn1/p4qB1/1pp3Qp/1n1p1Pp1/N5P1/1P6/P6P/4R2K b - - 8 40,f7g7 e1e8,924,81,100,54,mate mateIn1 middlegame oneMove,https://lichess.org/WXIOfIpL/black#80,,TRUE,https://lichess.org/training/s8wuR
sATdA,8/6Q1/4Rr2/6k1/pp6/2qp2K1/P7/8 b - - 13 45,g5f5 g7g4,1652,165,47,52,endgame mate mateIn1 oneMove,https://lichess.org/FElpext5/black#90,,TRUE,https://lichess.org/training/sATdA
sB3o8,6k1/5p2/5Qp1/7p/7P/rq3P2/p4PK1/4R3 b - - 5 42,a2a1q e1e8 g8h7 e8h8,1792,75,95,1551,endgame mate mateIn2 short,https://lichess.org/wqCvVEi8/black#84,,TRUE,https://lichess.org/training/sB3o8
sCU9w,4rk2/pp4pp/2q5/3QP3/8/6P1/P6P/5RK1 b - - 2 25,f8e7 f1f7,1507,79,73,143,endgame mate mateIn1 oneMove,https://lichess.org/GJUSaXED/black#50,,TRUE,https://lichess.org/training/sCU9w
sFyxf,r6k/p4r1n/bp2R2Q/2pP1P1N/2P5/8/Pq3P1P/4R2K b - - 0 32,b2f2 e6e8 a8e8 e1e8 f7f8 e8f8,1148,76,100,771,exposedKing long mate mateIn3 middlegame pin,https://lichess.org/AcRm9G40/black#64,,TRUE,https://lichess.org/training/sFyxf
sH2Dz,8/4Q3/6pk/5p1p/4pNqP/P1P3P1/1P2RP2/3r2K1 w - - 3 38,g1g2 g4f3 g2h3 d1h1,1190,108,86,65,endgame mate mateIn2 short,https://lichess.org/5gvNLjRp#75,,TRUE,https://lichess.org/training/sH2Dz
sHrIj,4r1k1/1pp2ppp/p2p4/3P4/3b1P2/1P3QPq/P6P/3R2KB w - - 2 26,d1d4 e8e1 f3f1 e1f1,731,113,100,19,endgame kingsideAttack mate mateIn2 short,https://lichess.org/WU2GiDC1#51,,TRUE,https://lichess.org/training/sHrIj
sJ8YI,1k1R4/1p4qp/p1p5/P7/r7/4Q3/1PK4P/8 b - - 6 37,b8c7 e3b6,1410,143,100,22,endgame mate mateIn1 oneMove,https://lichess.org/2SzdlBRG/black#74,,TRUE,https://lichess.org/training/sJ8YI
sMHb6,4r3/pp1P2pk/5p1p/3Q4/2P5/6Pq/PP3r1P/5RK1 w - - 0 30,f1f2 e8e1 f2f1 e1f1,809,78,84,181,endgame mate mateIn2 short,https://lichess.org/Js1e5RQE#59,,TRUE,https://lichess.org/training/sMHb6
sPOAK,8/p7/4R2p/1p2Q1pk/6r1/5q2/PP2R3/6K1 w - - 6 40,g1h2 g4h4 h2g1 h4h1,1610,76,98,560,endgame mate mateIn2 short,https://lichess.org/uomisJuL#79,,TRUE,https://lichess.org/training/sPOAK
sQrnj,5rk1/pb2Rp1p/1pp3pQ/8/3q3P/1B6/PP3PP1/6K1 b - - 1 26,b7a6 b3f7 f8f7 e7e8 f7f8 e8f8,1413,75,100,497,endgame long mate mateIn3 sacrifice,https://lichess.org/PUfUMkxU/black#52,,TRUE,https://lichess.org/training/sQrnj
sV23R,r4k2/r4P1p/4p1p1/5P2/1q1p4/1P1P4/1BP4Q/2KR3R w - - 1 29,h2h7 a7a1 b2a1 a8a1 c1b2 b4c3,907,78,83,198,long mate mateIn3 middlegame sacrifice,https://lichess.org/iZIfjlzZ#57,,TRUE,https://lichess.org/training/sV23R
sWm6w,3r1bk1/2q4p/3p1QpP/4pN2/1p2P1P1/3B4/bpP5/1K1R2R1 w - - 0 31,b1a2 d8a8 d3a6 a8a6 a2b2 c7c3 b2c1 a6a1,1889,76,97,2153,exposedKing mate mateIn4 middlegame veryLong,https://lichess.org/8JU1KzM2#61,,TRUE,https://lichess.org/training/sWm6w
sZr9t,rn1k2n1/pN2q2r/2p4p/3bQ3/8/8/PPP3PP/4RR1K b - - 0 21,e7b7 e5d6 b8d7 f1f8,2377,84,90,441,mate mateIn2 middlegame pin short,https://lichess.org/x2qWxOGb/black#42,,TRUE,https://lichess.org/training/sZr9t
scP0i,2r1r3/4pk2/5p1q/5Q2/2nP4/ppP3R1/6PP/4R1K1 b - - 3 41,a3a2 f5e6 f7f8 g3g8,1535,77,99,3046,mate mateIn2 middlegame short,https://lichess.org/mWJ4Htlx/black#82,,TRUE,https://lichess.org/training/scP0i
sdmXX,7k/pp3p1p/2p1bP1Q/7P/2P5/3rRKrq/P7/6R1 w - - 0 31,g1g3 h3f1 f3e4 f1f5,2166,80,86,69,endgame mate mateIn2 short,https://lichess.org/qH5EqOpo#61,,TRUE,https://lichess.org/training/sdmXX
seDzu,2RQ4/4r1pp/pk6/1p1n4/3q4/7P/5PP1/6K1 b - - 3 32,b6a7 c8a8 a7b7 d8c8 b7b6 a8a6,1882,75,96,1116,endgame long mate mateIn3,https://lichess.org/Ve5dZ8ho/black#64,,TRUE,https://lichess.org/training/seDzu
seI0t,4r1k1/6q1/p4r1p/5BpK/8/5Q1P/P4PP1/R6R w - - 1 34,g2g4 g7f7 f5g6 f7g6,1160,77,94,1176,mate mateIn2 middlegame short,https://lichess.org/HnRdp4od#67,,FALSE,https://lichess.org/training/seI0t
sfTm2,2r1R1k1/7p/5qpQ/pp6/5P2/8/2r3PP/4R1K1 b - - 1 38,c8e8 e1e8 f6f8 e8f8,1066,182,100,5,endgame mate mateIn2 short,https://lichess.org/9xrqEQ4Q/black#76,,TRUE,https://lichess.org/training/sfTm2
shI7e,r2q2r1/pp2R1p1/3p2k1/2np4/2P2PQ1/1P6/P5PP/6K1 b - - 3 30,g6f6 g4g5,1323,84,91,172,endgame mate mateIn1 oneMove,https://lichess.org/DJ31aH8L/black#60,,TRUE,https://lichess.org/training/shI7e
smI0U,2Q5/5p1k/4p1p1/p3P1Pp/3Q1Pq1/8/P2R1K2/6r1 w - - 1 43,c8b7 g4g3 f2e2 g1e1,1693,86,66,48,endgame mate mateIn2 short,https://lichess.org/AABRfcTU#85,,TRUE,https://lichess.org/training/smI0U
spjcm,5k2/p4p1Q/8/1p2q3/2K1B1PB/2P4P/r7/8 w - - 0 38,c4b3 e5e6 e4d5 e6d5 c3c4 d5c4,1286,82,92,65,endgame long mate mateIn3,https://lichess.org/QJsUPK9l#75,,TRUE,https://lichess.org/training/spjcm
sqHXr,4k1r1/1pp2p2/pq2pQ2/7r/1P2b2N/P7/2P2PPP/3R1RK1 b - - 2 25,h5h4 d1d8,1004,165,100,16,master mate mateIn1 middlegame oneMove,https://lichess.org/0baWCOIo/black#50,,TRUE,https://lichess.org/training/sqHXr
sr1iA,r5k1/6r1/1np1Q3/p4p2/8/2q5/2B2PP1/2K4R b - - 2 39,g8f8 h1h8 g7g8 h8g8,1537,76,88,207,mate mateIn2 middlegame short,https://lichess.org/rjn9MyFG/black#78,,TRUE,https://lichess.org/training/sr1iA
swsC3,5r2/6k1/p2p1p1P/2qBnQ2/4P1p1/2p5/PP6/1K3R2 b - - 0 33,g7h6 f1h1 h6g7 h1h7,1051,79,90,112,endgame mate mateIn2 short,https://lichess.org/dePPhwZ9/black#66,,TRUE,https://lichess.org/training/swsC3
syPl9,2r2r1k/4R2p/p1pp2pQ/1p6/2n5/2q2P2/P5PP/4R1K1 b - - 1 26,f8f7 e7e8 c8e8 e1e8 f7f8 e8f8,1348,75,74,310,long mate mateIn3 middlegame,https://lichess.org/EOMzZhVd/black#52,,TRUE,https://lichess.org/training/syPl9
sySQF,5Q2/pp5p/4B1p1/3p3k/3Pp1PP/3nP3/4qb2/5R1K b - - 0 34,h5h4 f8h6 h4g3 h6h2 g3f3 h2h3,2039,76,90,123,endgame long mate mateIn3 pin,https://lichess.org/Aty8cBHZ/black#68,,FALSE,https://lichess.org/training/sySQF
syW3X,4Kr1k/p1N4p/8/8/3P1qp1/1QP5/P1P5/R7 w - - 3 34,e8e7 f4f6 e7d7 f8d8,1639,75,100,115,endgame mate mateIn2 short,https://lichess.org/GwR6cwjp#67,,TRUE,https://lichess.org/training/syW3X
t1fAv,2bq1nk1/5R1p/p2P2pQ/p1p1p1N1/1rP5/1P5P/6P1/6K1 b - - 4 33,d8g5 f7f8,871,77,100,156,endgame master mate mateIn1 oneMove,https://lichess.org/JlbDKuVt/black#66,,TRUE,https://lichess.org/training/t1fAv
t3OwC,r4rk1/p4p2/1bp2Qp1/8/7R/3P4/P2qp1PP/6RK b - - 1 25,b6d4 h4h8,1480,75,98,3594,mate mateIn1 middlegame oneMove,https://lichess.org/Ma6YG0sz/black#50,,TRUE,https://lichess.org/training/t3OwC
t3tLP,2q5/7k/3R2p1/4p1p1/4Q3/r4P2/1rP2P1P/1K5R w - - 0 36,b1b2 c8c3 b2c1 a3a1,1134,77,99,1345,endgame mate mateIn2 short,https://lichess.org/waDvCwBq#71,,TRUE,https://lichess.org/training/t3tLP
t4l1n,2QR1r2/2P3pk/1B6/8/p5K1/5P2/PP5q/2R3q1 w - - 0 47,c1g1 f8f4 g4g5 h2h6,1624,88,83,33,endgame master mate mateIn2 short,https://lichess.org/AUxlznK9#93,,TRUE,https://lichess.org/training/t4l1n
t64vv,4r1k1/2r4p/p3p1pQ/P2p2P1/1q1P1R2/8/7P/5RK1 b - - 3 32,b4b7 f4f8 e8f8 f1f8,949,77,66,162,endgame mate mateIn2 short,https://lichess.org/3qW7ykkI/black#64,,TRUE,https://lichess.org/training/t64vv
t86cS,2r3k1/5pp1/p3p2P/1p2P3/3p3P/qbrB3R/P1P1Q3/1KR5 w - - 0 31,a2b3 c3b3 c2b3 c8c1,1743,75,99,428,discoveredAttack mate mateIn2 middlegame queensideAttack short,https://lichess.org/rbGrEtkl#61,,TRUE,https://lichess.org/training/t86cS
t9bJD,7k/3R1Qpp/5p2/pP4q1/P3p3/4P2P/2r2KP1/8 w - - 4 42,f2e1 g5e3 e1d1 c2c1,1432,154,41,27,endgame mate mateIn2 short,https://lichess.org/LZrEhODM#83,,TRUE,https://lichess.org/training/t9bJD
t9ojP,2r3k1/1pr1pp1p/6p1/8/4R1PP/2P2P2/1P1R1Q2/q1K5 w - - 1 29,c1c2 c7c3 b2c3 c8c3,1900,75,96,1503,endgame mate mateIn2 sacrifice short,https://lichess.org/u3mr6zhj#57,,TRUE,https://lichess.org/training/t9ojP
tCOf7,1k6/1p6/p3N1n1/3pPp2/3P1P2/qP1r1r2/P1R4Q/1K3R2 w - - 1 35,f1f3 d3d1 c2c1 d1c1,989,78,100,75,mate mateIn2 middlegame queensideAttack short,https://lichess.org/9l5RXq3U#69,,TRUE,https://lichess.org/training/tCOf7
tEhW8,5k1r/1pq1b1p1/2p3Q1/3n2BP/3P2P1/pPP5/P4P2/1K2R3 b - - 0 32,e7g5 e1e8,1186,101,82,37,endgame master mate mateIn1 oneMove,https://lichess.org/PiP2QG2r/black#64,,TRUE,https://lichess.org/training/tEhW8
tEieU,6k1/p2r1p2/4pRpQ/7p/1r6/2q4P/P5P1/5R1K b - - 8 43,b4b2 f6g6 f7g6 f1f8,1787,77,100,60,clearance endgame mate mateIn2 sacrifice short,https://lichess.org/kBvMYH3s/black#86,,TRUE,https://lichess.org/training/tEieU
tJq42,5k2/1ppr3r/3p1q2/4p3/p1P1P1R1/P2QP3/1P1N3P/6RK w - - 1 36,d3d5 h7h2 h1h2 f6f2 g1g2 d7h7 g4h4 h7h4,1841,75,88,85,attraction kingsideAttack mate mateIn4 middlegame sacrifice veryLong,https://lichess.org/XQw06VJ5#71,,TRUE,https://lichess.org/training/tJq42
tKJDj,8/5pk1/2R4p/3Q2pq/8/P3P2r/1P3PK1/6R1 w - - 0 39,d5f5 h3h2 g2g3 h5h4 g3f3 h2f2,1773,76,93,430,endgame long mate mateIn3,https://lichess.org/upIEh7wh#77,,TRUE,https://lichess.org/training/tKJDj
tMD2S,r6k/pp6/4pp2/2Qp4/8/7q/PPP5/R4R1K w - - 2 29,h1g1 h3g3 g1h1 g3h4 h1g2 a8g8 g2f3 h4e4 f3f2 g8g2,2529,85,84,353,endgame exposedKing mate mateIn5 veryLong,https://lichess.org/3Q0aBusH#57,,TRUE,https://lichess.org/training/tMD2S
tO8Fv,8/1pp3k1/1p1p4/2PP1p2/1P2q1p1/P5P1/3Q1PK1/2R4r w - - 2 39,f2f3 e4f3,892,78,100,194,endgame mate mateIn1 oneMove,https://lichess.org/jT5asEQS#77,,TRUE,https://lichess.org/training/tO8Fv
tRMDJ,4r1k1/5p1p/6p1/1RN5/1P1b4/4Bq2/2Q2P2/6K1 w - - 0 28,e3d4 e8e1 g1h2 e1h1,1588,75,91,2074,endgame mate mateIn2 short,https://lichess.org/vq96A32a#55,,TRUE,https://lichess.org/training/tRMDJ
tU0rV,3r4/pQp4q/Pp2k3/4pN2/6p1/2P3P1/2P2R1P/6K1 w - - 0 30,g1g2 h7h3 g2h1 d8d1 f2f1 d1f1,1062,76,100,210,endgame long mate mateIn3,https://lichess.org/ytltw080#59,,TRUE,https://lichess.org/training/tU0rV
tUQZE,R2r4/2p3pp/1pk2p2/6P1/2PQ4/3P1q1P/4rP2/6KR w - - 5 39,a8d8 e2e1 g1h2 e1h1,1736,90,42,35,endgame mate mateIn2 short,https://lichess.org/dW2c4HaT#77,,TRUE,https://lichess.org/training/tUQZE
tUpNX,7k/6p1/p1Q1P2p/8/4r3/P5qP/1P2r1P1/2R2RK1 w - - 1 29,c1c2 g3g2,1226,81,92,374,endgame mate mateIn1 oneMove,https://lichess.org/V8YiYH7X#57,,FALSE,https://lichess.org/training/tUpNX
tVbNp,8/4Q3/r1p1Ppk1/3p4/K2P4/1R3Rp1/P5P1/2q5 w - - 1 53,a4b4 c1c4,1306,77,93,293,endgame mate mateIn1 oneMove,https://lichess.org/03lnmrU3#105,,TRUE,https://lichess.org/training/tVbNp
tVdtc,8/5rkp/1pp1p1p1/p1p1p1P1/P1P1Pn1Q/1P3P2/3R3K/5q2 b - - 1 36,f1f3 h4h6 g7h8 d2d8 f7f8 d8f8,1035,75,85,114,endgame long mate mateIn3,https://lichess.org/vlhyFVST/black#72,,TRUE,https://lichess.org/training/tVdtc
tWsUz,5k2/7K/4R1P1/p2p4/5p2/8/2p5/8 b - - 0 53,c2c1q g6g7 f8f7 g7g8q,1157,75,77,246,advancedPawn endgame mate mateIn2 promotion queenRookEndgame short,https://lichess.org/o2xNcnGX/black#106,,TRUE,https://lichess.org/training/tWsUz
tdUoI,8/1p2pp2/3p1kp1/8/8/2P2q1r/P1QB4/4rRK1 w - - 2 33,d2e1 h3h1,1212,80,64,144,endgame master mate mateIn1 oneMove,https://lichess.org/mbAmKqF3#65,,TRUE,https://lichess.org/training/tdUoI
tgBfY,5rk1/ppp3qB/3p3Q/4b3/2P3rp/8/PP6/R4R1K b - - 4 28,g7h7 f1f8,876,81,100,95,mate mateIn1 middlegame oneMove,https://lichess.org/OM9YyBpn/black#56,,TRUE,https://lichess.org/training/tgBfY
tjQ8J,r4r2/b1p3k1/p4n2/1pp3Q1/1P6/P1q4P/5PP1/3RR1K1 b - - 1 26,g7f7 d1d7 f6d7 e1e7,1819,76,92,687,mate mateIn2 middlegame sacrifice short,https://lichess.org/45Ghyb2z/black#52,,TRUE,https://lichess.org/training/tjQ8J
tkHS7,1kR2b1r/p2qp1pp/Qp1r4/8/P3pP2/3PP1PP/1P6/2R3K1 b - - 1 24,d7c8 c1c8,496,94,43,71,endgame mate mateIn1 oneMove queensideAttack,https://lichess.org/nzNUDlb8/black#48,,TRUE,https://lichess.org/training/tkHS7
tkOv5,1Q6/p7/4q1k1/3P4/4p3/4P3/PP4r1/R1R2K1r w - - 1 34,f1g2 e6h3 g2f2 h3f3,1491,77,90,190,endgame mate mateIn2 short,https://lichess.org/5u5NZ4c4#67,,TRUE,https://lichess.org/training/tkOv5
tpcre,8/1p3qnk/p1p2B2/3rP1Qp/1P4p1/P5P1/5PK1/7R w - - 19 39,f6g7 f7f3 g2g1 d5d1 g1h2 d1h1,1171,77,93,450,endgame long mate mateIn3,https://lichess.org/ZOnoPAyj#77,,TRUE,https://lichess.org/training/tpcre
tvo2J,5rk1/R6p/5ppQ/2p1B3/3p2P1/3p3P/4q3/6K1 b - - 1 36,f8f7 a7a8 f7f8 a8f8,1254,82,60,69,endgame mate mateIn2 short,https://lichess.org/X7tMQZy8/black#72,,TRUE,https://lichess.org/training/tvo2J
txLrQ,8/3R4/p7/1p4pp/4r1q1/1P2k3/P6K/2Q5 b - - 10 50,e3f3 c1f1 f3e3 d7d3,2223,76,92,762,endgame mate mateIn2 short,https://lichess.org/td33fG6a/black#100,,TRUE,https://lichess.org/training/txLrQ
tzOh4,3R4/5pkp/P5p1/2p4n/2Q3N1/2P2qPP/5P1K/4r3 w - - 9 42,c4d5 e1h1,1515,76,81,197,endgame mate mateIn1 oneMove,https://lichess.org/fWjRXPa7#83,,TRUE,https://lichess.org/training/tzOh4
tzyTE,k7/pqR2b2/3Q2p1/7p/P2pr3/7P/6P1/7K b - - 4 45,b7d5 c7c8 a8b7 c8b8,2300,79,87,159,endgame mate mateIn2 short,https://lichess.org/0kiGFTjp/black#90,,TRUE,https://lichess.org/training/tzyTE
u0mM4,3Q1N1k/7p/p6r/8/2P1p3/1P4PK/P4q2/3RR3 w - - 3 38,h3g4 f2f3 g4g5 h6h5,1825,76,93,431,endgame master masterVsMaster mate mateIn2 short,https://lichess.org/ljdnSXoJ#75,,TRUE,https://lichess.org/training/u0mM4
u2sT9,r5k1/5p2/4bQp1/p1pp4/1p5R/7P/P1q3PK/8 b - - 1 40,c2c3 h4h8,1400,77,93,826,endgame mate mateIn1 oneMove,https://lichess.org/pvdEKk33/black#80,,TRUE,https://lichess.org/training/u2sT9
u3gnm,4Qb1k/4B2p/1p4p1/4p3/3pP3/3b1rPq/1R5P/3N2K1 w - - 2 31,e7f8 f3f1,808,86,100,57,mate mateIn1 middlegame oneMove,https://lichess.org/2o68mQDT#61,,TRUE,https://lichess.org/training/u3gnm
u7Per,r4k2/5P2/3p4/3Rp1Pp/1pB1P3/1Pq5/2P4P/2KR4 w - - 3 35,d5d6 a8a1,1118,112,52,25,endgame mate mateIn1 oneMove,https://lichess.org/EcTqGtAQ#69,,TRUE,https://lichess.org/training/u7Per
u8Ddb,6k1/7p/3p2pQ/2pP1p2/1rP1pP2/1P2R2R/3q2PP/r4K2 w - - 11 34,e3e1 a1e1,488,104,95,1648,endgame mate mateIn1 oneMove,https://lichess.org/oUtCrzWy#67,,FALSE,https://lichess.org/training/u8Ddb
u8lWy,rr3k2/2q2p1Q/2p1pR2/p1PpP1pP/3P4/pP2P3/P7/6K1 b - - 2 30,c7e7 h7h8,903,77,100,153,endgame master mate mateIn1 oneMove,https://lichess.org/MlLjCheb/black#60,,TRUE,https://lichess.org/training/u8lWy
u8ved,2br1r2/4R3/3p2pk/3P1R1p/2pN1Q2/p1P5/5KPP/1q6 b - - 3 38,g6g5 f4g5,1217,80,94,3249,mate mateIn1 middlegame oneMove,https://lichess.org/bJYrpOIK/black#76,,FALSE,https://lichess.org/training/u8ved
u9E1Y,7k/pp5p/4Q1p1/5p2/P4b1q/1P3P1P/3r2K1/4R1R1 w - - 0 38,e1e2 h4g3 g2f1 d2d1 e2e1 g3f3,2082,76,96,1642,endgame long mate mateIn3,https://lichess.org/UpWf3mN5#75,,FALSE,https://lichess.org/training/u9E1Y
u9MgW,5k1r/2q2N2/p3pQnp/1p6/3R4/6P1/PPP4P/2K5 b - - 0 25,c7f7 d4d8,1037,82,68,63,endgame mate mateIn1 oneMove,https://lichess.org/8oxNIZHD/black#50,,TRUE,https://lichess.org/training/u9MgW
u9qSX,r5k1/pb1p2rN/1p1Pp1pQ/2p5/2P5/2q5/P4RPP/5R1K b - - 0 25,g7h7 f2f8 a8f8 f1f8,912,105,100,27,kingsideAttack mate mateIn2 middlegame short,https://lichess.org/JpIMBy4k/black#50,,TRUE,https://lichess.org/training/u9qSX
uE8r8,r2r4/2k1Rp2/2p3p1/p2b4/3P4/7Q/5PPP/3q1BK1 b - - 8 29,c7d6 h3a3 c6c5 a3c5,1776,74,99,372,mate mateIn2 middlegame short,https://lichess.org/bVcNBVDB/black#58,,TRUE,https://lichess.org/training/uE8r8
uEiY1,4r1k1/2p1q3/1p2PQ2/6R1/6PK/p6P/8/8 b - - 14 52,g8h7 g5h5 h7g8 h5h8,1825,76,94,435,endgame mate mateIn2 short,https://lichess.org/tmHqrkHx/black#104,,TRUE,https://lichess.org/training/uEiY1
uFhNN,8/6P1/8/7p/4P2P/1r1p1P2/4k3/2K5 w - - 1 44,g7g8q d3d2 c1c2 d2d1q,1218,76,99,1777,advancedPawn endgame mate mateIn2 promotion queenRookEndgame short,https://lichess.org/PnZezEJF#87,,TRUE,https://lichess.org/training/uFhNN
uIMGp,r6r/p3Qp1k/3p3q/1p2p2p/2R5/8/1P3PP1/6KR b - - 0 31,b5c4 e7f7 h6g7 h1h5,1112,75,88,95,deflection endgame mate mateIn2 short,https://lichess.org/3xLhK7ap/black#62,,TRUE,https://lichess.org/training/uIMGp
uIOfD,4R1k1/1p1r2p1/7p/p1p2P2/P1qb4/5Q1P/6P1/7K b - - 1 37,g8f7 f3h5 g7g6 h5g6,1167,76,100,200,endgame master mate mateIn2 short,https://lichess.org/utnpZQt1/black#74,,TRUE,https://lichess.org/training/uIOfD
uIsmO,5rk1/pq5p/2pR2pQ/3n1pN1/8/8/PP4PP/4b2K b - - 1 24,f8f6 d6d8 f6f8 d8f8,1260,77,62,109,mate mateIn2 middlegame short,https://lichess.org/GnAigKa9/black#48,,TRUE,https://lichess.org/training/uIsmO
uMGlR,4n1k1/1pr2p2/p3p1BQ/4q3/3p2P1/P1P5/1P3R2/6K1 b - - 0 45,f7g6 f2f8,1525,120,67,84,endgame master mate mateIn1 oneMove,https://lichess.org/pxJkjoom/black#90,,TRUE,https://lichess.org/training/uMGlR
uQl7b,Q5R1/4kp2/3p1q2/3P4/p2Pp2P/P3P1PB/5P2/2r3K1 w - - 5 43,g1g2 f6f3 g2h2 c1h1,1277,162,44,14,endgame mate mateIn2 short,https://lichess.org/zM4nx0cJ#85,,TRUE,https://lichess.org/training/uQl7b
uTM9g,6k1/5p2/3q2nQ/p1r5/8/P7/6P1/4R2K b - - 3 43,d6c7 e1e8 g6f8 e8f8,1574,75,100,1447,endgame mate mateIn2 short,https://lichess.org/15UHLJgD/black#86,,TRUE,https://lichess.org/training/uTM9g
uTniG,5r1k/1pP3p1/1P5p/p1R1p3/P2pP3/5rPq/3Q1P2/4R1K1 w - - 4 33,e1f1 f3g3 f2g3 f8f1,1689,75,100,195,discoveredAttack endgame kingsideAttack mate mateIn2 short,https://lichess.org/q3Db9dDw#65,,TRUE,https://lichess.org/training/uTniG
uUxyP,4r1k1/p4ppp/8/8/3R4/3P2qP/PPPQ2b1/5K2 w - - 0 28,d2g2 e8e1,935,101,100,37,endgame mate mateIn1 oneMove,https://lichess.org/cmP8paWx#55,,TRUE,https://lichess.org/training/uUxyP
uW17y,N3r1k1/pp3p1p/8/3P2pn/7b/1Q1R1P1q/PP3P1B/5RK1 w - - 0 23,f3f4 h4f2 f1f2 e8e1 f2f1 e1f1,2083,76,96,805,kingsideAttack long mate mateIn3 middlegame sacrifice,https://lichess.org/VtC8dApw#45,,TRUE,https://lichess.org/training/uW17y
uaoJG,2r2rk1/p2R3p/1p4pQ/5p2/4p3/8/q5PP/3R3K b - - 1 28,f8f7 d7d8 c8d8 d1d8 f7f8 d8f8,1213,79,82,185,endgame long mate mateIn3,https://lichess.org/PDEsymYI/black#56,,TRUE,https://lichess.org/training/uaoJG
ubExd,1N4k1/p4p1p/1p1p2p1/2p3P1/r4B2/2P1P1RP/2Q2P2/q1KR4 w - - 1 27,c2b1 a1c3 b1c2 a4a1,1119,76,98,1149,mate mateIn2 middlegame queensideAttack short,https://lichess.org/jDtQPvQG#53,,TRUE,https://lichess.org/training/ubExd
uh6SM,7r/Rp2rp2/2k1p2p/6p1/2QPPq2/2P2P2/1K5P/8 b - - 1 28,c6b6 c4c5,1330,75,97,3584,endgame mate mateIn1 oneMove,https://lichess.org/w9tLsGlP/black#56,,TRUE,https://lichess.org/training/uh6SM
uhsCG,7r/pp4k1/2pBQp2/3p2p1/3P4/P6K/1P2Nq2/6R1 w - - 1 37,h3g4 h8h4,1442,76,95,1297,endgame mate mateIn1 oneMove,https://lichess.org/dCoygKCL#73,,TRUE,https://lichess.org/training/uhsCG
upxtj,r4r2/ppp2p1p/2np3k/2b4N/2B1R2q/5Q1P/PPP2PP1/R5K1 b - - 6 17,h4h5 f3f6 h5g6 e4h4,1327,75,100,405,mate mateIn2 middlegame pin short,https://lichess.org/db67CPlr/black#34,Four_Knights_Game Four_Knights_Game_Italian_Variation,TRUE,https://lichess.org/training/upxtj
us3lN,r1bq1Rkr/7p/p1p1p1pQ/3p2P1/6n1/2N5/PPP3PP/5RK1 b - - 3 19,d8f8 f1f8,465,102,69,176,kingsideAttack mate mateIn1 middlegame oneMove,https://lichess.org/CyqhrwgA/black#38,,TRUE,https://lichess.org/training/us3lN
utAHf,5rk1/p6p/1pp2BpQ/8/1Pb5/3q1P1P/5KP1/4R3 b - - 0 32,f8f6 e1e8 f6f8 e8f8,808,81,100,271,endgame mate mateIn2 short,https://lichess.org/KrL6TVgG/black#64,,TRUE,https://lichess.org/training/utAHf
utOZu,q5r1/2R2p2/3k1n2/p3p3/P1N1bQ2/6PP/5P2/6K1 b - - 1 37,d6e6 f4e5,1037,77,68,108,master mate mateIn1 middlegame oneMove,https://lichess.org/Otg1OHKF/black#74,,TRUE,https://lichess.org/training/utOZu
uvy48,2R3k1/r4q1p/6pQ/P2pBp2/3P4/P3P3/5PPK/1r6 b - - 6 45,f7f8 c8f8,827,79,100,105,endgame mate mateIn1 oneMove,https://lichess.org/mrZrJ3E6/black#90,,TRUE,https://lichess.org/training/uvy48
uwNQk,3r1k2/4r1pQ/1p2pN1p/7P/p2P1R2/P4PPK/1q6/8 b - - 5 46,g7f6 h7h8 f8f7 f4f6,2017,75,96,727,endgame intermezzo mate mateIn2 short,https://lichess.org/nagPV02M/black#92,,TRUE,https://lichess.org/training/uwNQk
uxW2x,8/6pk/2pQp2p/2p1p3/2P1P2r/P2P1q2/1P1R1P2/R2N1K2 w - - 1 28,d1e3 h4h1,1271,76,97,1012,endgame mate mateIn1 oneMove,https://lichess.org/68JKcR9j#55,,TRUE,https://lichess.org/training/uxW2x
v3r09,5rk1/pp4pp/3p4/2P5/1P6/P2P1rPq/3QR2P/4R1K1 w - - 3 29,c5d6 f3f1 e1f1 f8f1,882,79,100,71,endgame mate mateIn2 short,https://lichess.org/AouQMCw3#57,,TRUE,https://lichess.org/training/v3r09
v3uA9,2kr4/ppp1r3/6p1/8/2Q3P1/5PqP/P1R1B3/5K1R w - - 5 25,h3h4 d8d1 e2d1 e7e1,1693,74,96,704,mate mateIn2 middlegame sacrifice short,https://lichess.org/PC9oHzJn#49,,TRUE,https://lichess.org/training/v3uA9
v4qRN,4r1k1/1Q3ppp/8/6n1/2P5/1P3PPq/P4R1P/3Rr1K1 w - - 5 32,d1e1 e8e1 f2f1 e1f1,1336,82,78,70,endgame mate mateIn2 short,https://lichess.org/sOLvTaY3#63,,TRUE,https://lichess.org/training/v4qRN
v7qng,3Q3R/1pp3p1/p3r1kp/4p3/4P1r1/P1PP4/1P3RPK/3q4 w - - 2 40,d8f8 g4h4 h2g3 d1g4,976,97,93,897,endgame mate mateIn2 short,https://lichess.org/9tQUBNas#79,,FALSE,https://lichess.org/training/v7qng
vBGAX,2kr2r1/5p2/4p2p/1pq1R3/6P1/2P3P1/1P4QK/R7 b - - 0 27,c5e5 g2c6 e5c7 a1a8,1856,78,89,373,endgame mate mateIn2 short,https://lichess.org/EsIUvz3y/black#54,,TRUE,https://lichess.org/training/vBGAX
vCRWQ,4r1k1/1q3p2/6pQ/p7/6RP/P7/2r3P1/5R1K b - - 0 36,e8e2 g4g6 f7g6 f1f8,1874,76,82,76,endgame mate mateIn2 sacrifice short,https://lichess.org/9sYC7ydj/black#72,,TRUE,https://lichess.org/training/vCRWQ
vET7t,6r1/2pkn2p/3pQ3/1p1P4/2P2pq1/1P4P1/7P/R5K1 b - - 1 29,d7d8 a1a8 e7c8 a8c8,1370,85,71,32,endgame mate mateIn2 short,https://lichess.org/zRH91cWo/black#58,,TRUE,https://lichess.org/training/vET7t
vJJOw,5r2/pk1p4/6Q1/3pP3/8/P1p5/5qP1/1R5K b - - 2 30,b7c7 g6d6 c7d8 b1b8,1271,78,92,1076,endgame mate mateIn2 short,https://lichess.org/kKRzm1Yw/black#60,,TRUE,https://lichess.org/training/vJJOw
vQPbl,7k/pp4pp/2p1P3/2Pp2q1/1P1B3r/P2QN3/5rPP/6RK w - - 1 29,d3c3 h4h2 h1h2 g5h4,1481,74,87,330,attraction kingsideAttack mate mateIn2 middlegame sacrifice short,https://lichess.org/szFSrgVW#57,,FALSE,https://lichess.org/training/vQPbl
vSdMu,4Q3/1p3r2/p1Rk4/3r1qpp/PP1Pp3/4P2P/6P1/2R3K1 b - - 0 37,b7c6 c1c6,1611,83,83,321,endgame mate mateIn1 oneMove,https://lichess.org/NIxv4Y6W/black#74,,TRUE,https://lichess.org/training/vSdMu
vTRxw,8/5pkp/2p3p1/p1Q5/4P3/P1P2qPP/1P2RP1K/3r4 w - - 1 45,c5e3 d1h1,828,100,100,49,endgame mate mateIn1 oneMove,https://lichess.org/63oVYi8P#89,,TRUE,https://lichess.org/training/vTRxw
vToIU,3q2k1/5p2/7p/R1p1Q1p1/2B2P2/1P4P1/1K1r3P/8 w - - 2 42,b2c3 d8a5 b3b4 a5b4,1396,76,76,282,endgame hangingPiece mate mateIn2 short,https://lichess.org/HtFzRVZl#83,,TRUE,https://lichess.org/training/vToIU
vU60Y,r1bq1bnr/ppp3k1/3p3p/4B2Q/3nP2P/8/PPP3P1/RN3RK1 b - - 1 12,d6e5 f1f7,1433,80,71,116,mate mateIn1 oneMove opening,https://lichess.org/zHBtDQJO/black#24,Kings_Gambit_Accepted Kings_Gambit_Accepted_Fischer_Defense,TRUE,https://lichess.org/training/vU60Y
vZLRp,1r2R1k1/r1q3p1/6Qp/1pNp4/p1nP4/P1P2PnP/1P4P1/4R1K1 b - - 6 28,b8e8 e1e8,1007,82,95,103,kingsideAttack mate mateIn1 middlegame oneMove,https://lichess.org/HU4YU3SB/black#56,,TRUE,https://lichess.org/training/vZLRp
vZvrb,2r2k1R/2q5/p2pQ1p1/6P1/1p6/1P6/P1r5/1K6 b - - 15 41,f8g7 e6f6,1315,76,89,369,endgame mate mateIn1 oneMove,https://lichess.org/ltB00vs7/black#82,,TRUE,https://lichess.org/training/vZvrb
vclz6,5r1k/pp4pp/8/8/3pP3/2qp3Q/P1P1R2P/2RK4 w - - 0 31,h3d3 f8f1 e2e1 f1e1,1076,96,67,23,endgame mate mateIn2 short,https://lichess.org/SB4TcYkE#61,,TRUE,https://lichess.org/training/vclz6
vedEc,6k1/3Q1p1p/4p1pP/3pP3/p2P4/6P1/P1r1KP2/R6q w - - 3 33,e2d3 h1e4,1325,119,47,18,endgame master mate mateIn1 oneMove,https://lichess.org/tDZCTwoo#65,,TRUE,https://lichess.org/training/vedEc
vj6zK,1k6/1p6/1Pq1pB2/1pPpPp1p/1Q6/2P4P/4K1r1/R7 w - - 5 35,e2f3 d5d4 f3f4 c6e4,1355,76,88,1841,discoveredAttack endgame mate mateIn2 short,https://lichess.org/rYcNqFhn#69,,TRUE,https://lichess.org/training/vj6zK
vkAoy,3r1nk1/Rp3pbp/1Pp3p1/2P1p3/2B5/4PP1q/Q4P1B/6K1 w - - 0 27,a7b7 d8d1 c4f1 d1f1,823,80,100,73,kingsideAttack mate mateIn2 middlegame short,https://lichess.org/xKpedngq#53,,TRUE,https://lichess.org/training/vkAoy
vkVoE,r3b1k1/pp6/2p1Q1Pb/4p3/2P5/8/PP1q1r2/K5RR b - - 5 34,g8f8 g6g7 h6g7 h1h8 g7h8 g1g8,1749,116,88,11,advancedPawn exposedKing long mate mateIn3 middlegame sacrifice,https://lichess.org/b7w6AiQa/black#68,,TRUE,https://lichess.org/training/vkVoE
vlzPs,4rk2/1p5Q/p1p2pp1/8/2PPq3/6P1/PP3R1K/8 b - - 10 39,e8e7 h7h8 f8f7 f2f6,2056,78,89,89,endgame mate mateIn2 short,https://lichess.org/9P6c0dKy/black#78,,TRUE,https://lichess.org/training/vlzPs
vnIl3,7r/ppp2Pb1/2n2k2/6R1/2Q1pB2/P3P3/BPP4K/3q4 w - - 2 30,h2g2 d1f3 g2g1 h8h1,1905,78,96,224,mate mateIn2 middlegame short,https://lichess.org/gIoipp2v#59,,TRUE,https://lichess.org/training/vnIl3
vnZ2i,6k1/7p/p2p2pQ/4q3/8/2r2B2/r5P1/5R1K b - - 3 37,a2a4 f3d5 e5d5 f1f8,1023,77,100,149,clearance endgame mate mateIn2 sacrifice short,https://lichess.org/iqJm1DDF/black#74,,TRUE,https://lichess.org/training/vnZ2i
vo4Sd,r6r/p7/2n4p/1R2k2P/2p5/7Q/P2q2PK/8 b - - 5 42,e5e4 h3f3 e4d4 b5d5,2003,78,82,116,endgame mate mateIn2 short,https://lichess.org/2QYiO7Lc/black#84,,TRUE,https://lichess.org/training/vo4Sd
voTiL,6k1/pp3q2/2p4R/4P3/3Pp1pP/2P1P1Q1/PP4P1/4Kr2 w - - 1 37,e1e2 f7c4 e2d2 c4d3,1575,75,97,1697,endgame mate mateIn2 short,https://lichess.org/pKZ77tJp#73,,TRUE,https://lichess.org/training/voTiL
vrbZf,2k4r/Q1prbp1p/1pRp1n2/1N5q/4Pp2/5PP1/PPP4P/2K1R3 b - - 0 19,h5b5 a7a8,1144,90,71,135,mate mateIn1 middlegame oneMove,https://lichess.org/kukjsfw6/black#38,Philidor_Defense Philidor_Defense_Exchange_Variation,FALSE,https://lichess.org/training/vrbZf
vwxUS,7r/r4k1R/pqpQNpp1/4n3/4P3/2P5/PP3PP1/2KR4 b - - 0 23,h8h7 d6f8 f7e6 d1d6,2004,78,83,122,mate mateIn2 middlegame sacrifice short,https://lichess.org/m92rYdjS/black#46,,TRUE,https://lichess.org/training/vwxUS
w0RID,1k5r/2p1Q3/pp6/3P4/2P5/6PP/PPN1R2K/5q2 w - - 3 41,c2d4 h8h3,1481,76,94,749,endgame mate mateIn1 oneMove,https://lichess.org/4VKe62YA#81,,TRUE,https://lichess.org/training/w0RID
w32ln,7r/1pk2Rpp/4p3/7Q/1pPq4/r5P1/P5KP/8 b - - 1 29,c7c6 h5b5 c6d6 f7d7,1417,77,93,2455,endgame mate mateIn2 short,https://lichess.org/pXauDmth/black#58,,TRUE,https://lichess.org/training/w32ln
w6CoQ,r2q2rk/pp2bR1p/2p1n3/4P3/6n1/2N1B3/PPP1Q1PP/5RK1 b - - 0 24,g4e3 f7h7 h8h7 e2h5 h7g7 f1f7,1678,75,84,99,attraction kingsideAttack long mate mateIn3 middlegame sacrifice,https://lichess.org/JCQnwXsY/black#48,,TRUE,https://lichess.org/training/w6CoQ
w8uay,5k2/4R2p/2p2pp1/3p4/N2Q2PP/2P2q2/PP3B1K/2r5 w - - 2 40,e7e6 c1h1,1431,75,71,199,endgame mate mateIn1 oneMove,https://lichess.org/ruJgfhHT#79,,TRUE,https://lichess.org/training/w8uay
wCCpt,r1b2R1k/1p1r2qn/p1p1p1pQ/P1PpP3/3P4/2N1P3/1P4PP/5RK1 b - - 2 25,g7f8 f1f8,1003,79,98,425,kingsideAttack mate mateIn1 middlegame oneMove pin,https://lichess.org/2P72XRvM/black#50,,TRUE,https://lichess.org/training/wCCpt
wCOix,2R3k1/1b1r3p/1p3qpQ/p2p1p2/3P1N2/7P/6P1/4R1K1 b - - 0 41,b7c8 e1e8 f6f8 e8f8,892,132,62,95,endgame fork mate mateIn2 short,https://lichess.org/lm23mA7p/black#82,,TRUE,https://lichess.org/training/wCOix
wCy9v,4r1rk/2p2Rqp/1p1p4/p2Pb3/2P5/4p2P/PP2Q1P1/5RK1 b - - 1 27,g7g3 f7h7 h8h7 e2h5 h7g7 f1f7,1584,75,100,1565,attraction kingsideAttack long mate mateIn3 middlegame sacrifice,https://lichess.org/tpF8v8oz/black#54,,TRUE,https://lichess.org/training/wCy9v
wGnjd,6k1/p6p/1p3bpQ/2pq4/3p3B/1P1P1rPP/P1P5/4R1K1 b - - 3 31,f6h4 e1e8 f3f8 e8f8,1155,189,33,8,endgame mate mateIn2 short,https://lichess.org/g9TM8zwr/black#62,,TRUE,https://lichess.org/training/wGnjd
wHY8t,8/2kb1R1Q/2q1p3/3p4/2pP1N1P/P1B1P3/1PK5/6r1 w - - 2 32,f4e2 c6a4 b2b3 a4b3 c2d2 g1d1,1457,75,100,1049,long mate mateIn3 middlegame,https://lichess.org/KnK9eLFy#63,,TRUE,https://lichess.org/training/wHY8t
wIwJY,r5k1/p4r1p/5bpQ/3p2N1/1pq5/2P1R3/PP3PPP/4R1K1 b - - 1 28,f6g5 e3e8 a8e8 e1e8 f7f8 e8f8,820,80,100,70,kingsideAttack long master masterVsMaster mate mateIn3 middlegame,https://lichess.org/hzNdnJZM/black#56,,TRUE,https://lichess.org/training/wIwJY
wNL1z,3r2rk/7R/pN1p4/4p3/p3P2n/2P3qP/1P2QRP1/6K1 b - - 0 33,h8h7 e2h5 h7g7 f2f7,1527,76,94,661,mate mateIn2 middlegame short,https://lichess.org/BlcQBKKU/black#66,,TRUE,https://lichess.org/training/wNL1z
wNzlh,5r2/2rq3k/5Q2/7R/8/6P1/5P1K/8 b - - 1 49,h7g8 h5h8,1752,78,82,267,endgame mate mateIn1 oneMove,https://lichess.org/JfMFO867/black#98,,TRUE,https://lichess.org/training/wNzlh
wP5eY,3rbr1k/2pqbp1n/p5BQ/1p2p3/3P2P1/P1N4P/1PP2R1N/5RK1 b - - 0 25,f7g6 f2f8 e7f8 f1f8,1146,77,100,156,kingsideAttack mate mateIn2 middlegame pin short,https://lichess.org/opQIcUSf/black#50,,TRUE,https://lichess.org/training/wP5eY
wPPT6,4r3/6kp/6p1/3Q1p2/P7/1PN2pPq/1R5P/6K1 w - - 2 32,d5f3 e8e1 f3f1 e1f1,756,81,100,237,endgame mate mateIn2 short,https://lichess.org/fQWlgvGf#63,,TRUE,https://lichess.org/training/wPPT6
wPy4l,4b1k1/pp2qp2/5RpQ/8/3pP2p/3P4/Pr6/5R1K b - - 1 35,e7e5 f6g6 f7g6 f1f8,1603,124,74,54,clearance endgame mate mateIn2 sacrifice short,https://lichess.org/jnCBHDf5/black#70,,TRUE,https://lichess.org/training/wPy4l
wTwRS,r6r/1p5p/2p1QnkB/p7/5R2/2KP3P/P1P3q1/8 b - - 1 29,g6h6 e6f6 g2g6 f4h4,1617,80,83,80,endgame hangingPiece mate mateIn2 short,https://lichess.org/T3JPKq8B/black#58,,TRUE,https://lichess.org/training/wTwRS
wV3eV,5rk1/4R2p/6pQ/4P3/1p1q4/7P/6PK/8 b - - 1 31,f8f7 e7e8 f7f8 e8f8,927,78,100,295,endgame mate mateIn2 short,https://lichess.org/pawoJdzn/black#62,,TRUE,https://lichess.org/training/wV3eV
wYTni,r5k1/pp3r1p/6pQ/3R1pB1/2p5/5P1K/1q5P/3R4 b - - 1 30,b2f2 d5d8 a8d8 d1d8 f7f8 d8f8,721,92,60,36,long mate mateIn3 middlegame,https://lichess.org/PblmgGGx/black#60,,TRUE,https://lichess.org/training/wYTni
wb4QI,3r1r2/5pk1/1q2p1p1/1Nb1P3/ppP2P1Q/7R/P6P/5R1K b - - 3 29,f8h8 h4f6 g7g8 h3h8,1321,75,90,164,discoveredAttack mate mateIn2 middlegame short,https://lichess.org/GVljMnzX/black#58,,TRUE,https://lichess.org/training/wb4QI
wbdpQ,r1bq2k1/pp5p/2pp2pQ/3nr3/8/3B4/PPP3PP/R4RK1 b - - 1 18,d8g5 f1f8,840,78,82,129,mate mateIn1 middlegame oneMove,https://lichess.org/Nv5GP9IF/black#36,Pirc_Defense Pirc_Defense_Classical_Variation,TRUE,https://lichess.org/training/wbdpQ
wcB28,r2q1rk1/1b5p/6pQ/1pp3N1/3p4/3P4/1PP2RPP/5R1K b - - 2 30,d8g5 f2f8 a8f8 f1f8,1072,76,88,141,mate mateIn2 middlegame short,https://lichess.org/Mh8cpw2o/black#60,,TRUE,https://lichess.org/training/wcB28
wdtrl,5Q2/8/pqnpNk2/4n3/4P3/7P/P3p1P1/3R3K b - - 1 33,f6e6 d1d6,1787,80,93,441,endgame master mate mateIn1 oneMove,https://lichess.org/3SpcJP5V/black#66,,TRUE,https://lichess.org/training/wdtrl
wgRkJ,1r4k1/5r1p/q3p1pQ/4p3/p2pP1PP/P4PK1/1PR5/2R5 b - - 5 37,a6d3 c2c8 b8c8 c1c8 f7f8 c8f8,765,78,100,108,endgame kingsideAttack long mate mateIn3,https://lichess.org/GqX2Q26w/black#74,,TRUE,https://lichess.org/training/wgRkJ
wiCJm,4r2k/6p1/8/8/2Q4P/5qP1/2R2P2/6K1 w - - 1 40,c4c6 e8e1 g1h2 e1h1,1843,76,79,72,endgame mate mateIn2 short,https://lichess.org/qC8ax7bG#79,,TRUE,https://lichess.org/training/wiCJm
wldxJ,2k5/1p2rpp1/8/1QB1n2p/1R6/2P3Pq/P4P1P/6K1 w - - 3 23,b4f4 e5f3 f4f3 e7e1 b5f1 e1f1,1066,162,100,49,clearance endgame long mate mateIn3 sacrifice,https://lichess.org/iif0LJwL#45,,TRUE,https://lichess.org/training/wldxJ
wlesu,5r2/p4pk1/1p2pQp1/4P3/4R3/6P1/1qr2P1P/6K1 b - - 3 27,g7h7 e4h4 h7g8 h4h8,796,79,88,144,endgame mate mateIn2 short,https://lichess.org/lciM0oCk/black#54,,TRUE,https://lichess.org/training/wlesu
wmi6w,r4k2/p1p2p1p/2pb2p1/3p2Q1/2nP4/P1N5/1qP1RPPP/4R1K1 b - - 1 21,b2c3 g5h6 f8g8 e2e8 a8e8 e1e8 d6f8 e8f8,1391,75,80,466,mate mateIn4 middlegame veryLong,https://lichess.org/IzY46fk9/black#42,,TRUE,https://lichess.org/training/wmi6w
wnUiD,8/p4qk1/1p4p1/4p1Q1/8/PP4PP/3R4/5rK1 w - - 2 38,g1g2 f7f3 g2h2 f1h1,1300,75,100,947,endgame mate mateIn2 short,https://lichess.org/lTFN3PWx#75,,TRUE,https://lichess.org/training/wnUiD
woXd8,2r3k1/1pq2r2/p1n1R1Qp/2Pp4/1P3p2/P7/5PpP/4R1K1 b - - 3 29,f7g7 e6e8 c8e8 e1e8,1163,76,100,346,kingsideAttack mate mateIn2 middlegame short,https://lichess.org/uOdrQeli/black#58,,TRUE,https://lichess.org/training/woXd8
wtz7n,r3rk2/pp6/2p2Q2/3qp1p1/P2P4/2P3P1/1P1B1K2/7R b - - 2 31,d5f7 h1h8,1051,100,100,49,endgame mate mateIn1 oneMove,https://lichess.org/GO8TcFjR/black#62,,TRUE,https://lichess.org/training/wtz7n
wwhO0,6k1/2q2p2/2p3Bp/3r4/1p1b4/6P1/1PQ2PP1/4RK2 b - - 0 33,f7g6 c2g6 d4g7 e1e8,1360,75,94,980,endgame mate mateIn2 pin short,https://lichess.org/PrKAQl8R/black#66,,TRUE,https://lichess.org/training/wwhO0
wyBQM,4r1k1/ppp2p2/2n2pp1/3p3p/3P2PP/2PB2q1/PPQN3R/R3rK2 w - - 2 18,a1e1 e8e1,1318,185,64,15,mate mateIn1 middlegame oneMove,https://lichess.org/Dqb7Hybd#35,Queens_Pawn_Game Queens_Pawn_Game_Levitsky_Attack,TRUE,https://lichess.org/training/wyBQM
x2r82,7k/pp3p1p/2pQ1q2/4r3/2P5/1PN1P2b/P4PK1/3R1R2 w - - 0 23,g2h3 f6f3 h3h2 e5h5 h2g1 h5h1,1892,75,100,143,endgame exposedKing long mate mateIn3,https://lichess.org/Er0NDXnB#45,,TRUE,https://lichess.org/training/x2r82
x2x9Y,6k1/p7/1pq1p2p/4Bp2/6r1/1B1P4/PPP2K1P/4RR2 w - - 0 29,d3d4 g4g2 f2e3 c6e4,1903,75,98,968,endgame mate mateIn2 short,https://lichess.org/xQMT3GTV#57,,TRUE,https://lichess.org/training/x2x9Y
x58aW,1nkr4/R1p5/1p2Qp2/1P1p4/1P4p1/2P2qP1/7P/6K1 b - - 2 33,b8d7 a7a8 c8b7 e6c6,1449,77,98,4158,endgame mate mateIn2 short,https://lichess.org/XaPSEkwj/black#66,,TRUE,https://lichess.org/training/x58aW
x6XkG,5r1k/1p4p1/8/2p5/2N5/P3P1rq/1PQR1P2/6K1 w - - 0 39,f2g3 f8f1,1449,75,91,1286,endgame master mate mateIn1 oneMove,https://lichess.org/PC7b1if8#77,,TRUE,https://lichess.org/training/x6XkG
x78RI,r3q2k/p3r2p/3p2b1/2p3P1/3p1R1Q/3P3P/PPP3P1/5RK1 b - - 0 26,e8d7 f4f8 a8f8 f1f8 h8g7 h4h6,1007,75,85,191,kingsideAttack long master mate mateIn3 middlegame,https://lichess.org/XvvyQOxi/black#52,,TRUE,https://lichess.org/training/x78RI
xAKaO,8/8/4p1p1/3p3p/2b4K/2Q2RP1/r3qP2/3k4 b - - 1 53,a2d2 c3a1 d1c2 f3c3,1429,74,100,768,endgame mate mateIn2 short,https://lichess.org/X1XyPSb2/black#106,,TRUE,https://lichess.org/training/xAKaO
xDmew,k2r4/p4p2/8/1P6/PQ2P3/5PPq/2P2R1P/6K1 w - - 0 34,b4e7 d8d1 f2f1 d1f1,644,80,70,94,endgame mate mateIn2 short,https://lichess.org/HYnrK9nq#67,,TRUE,https://lichess.org/training/xDmew
xED5x,2k4r/p1p2p2/2p1q3/Q3p3/2r1Pb2/7N/PPP2PP1/3R2K1 b - - 2 25,h8h3 a5a6 c8b8 d1d8 e6c8 d8c8,1240,77,85,676,endgame long mate mateIn3 queensideAttack,https://lichess.org/jQP10Lhj/black#50,,TRUE,https://lichess.org/training/xED5x
xHhyh,6k1/2qr1p2/p1p2RpQ/1p1p4/4r3/2P4P/PP4P1/5RK1 b - - 3 31,c7e5 f6g6 f7g6 f1f8,1730,76,91,209,clearance endgame mate mateIn2 sacrifice short,https://lichess.org/j97l45H9/black#62,,TRUE,https://lichess.org/training/xHhyh
xHjUG,6r1/p1p2Rpk/2p5/3r4/3qp2Q/6RP/2P3PK/8 b - - 3 35,d5h5 h4h5,722,88,93,85,endgame hangingPiece mate mateIn1 oneMove,https://lichess.org/V500CohZ/black#70,,TRUE,https://lichess.org/training/xHjUG
xJlg8,3n1r1k/1p3rpp/pNpp4/P2Pp3/R7/2P1N1nq/1PQ1RP2/2B3K1 w - - 0 26,f2g3 f7f1 e3f1 f8f1,1650,75,88,289,kingsideAttack mate mateIn2 middlegame sacrifice short,https://lichess.org/K5Z3qv5G#51,,TRUE,https://lichess.org/training/xJlg8
xK9fD,7k/p5p1/5q1p/8/2BB1p2/1P3P1P/3Q2P1/4r1K1 w - - 1 41,g1f2 f6h4 g2g3 h4g3,1192,78,93,366,endgame mate mateIn2 short,https://lichess.org/F4sdYNA7#81,,TRUE,https://lichess.org/training/xK9fD
xM90h,1qkrr3/1p3pp1/2B2n1p/2P5/Q7/R3p1P1/PP4P1/2K4R b - - 0 27,b7c6 a4c6 b8c7 a3a8,1287,75,88,159,mate mateIn2 middlegame pin queensideAttack short,https://lichess.org/nyPzTvho/black#54,,TRUE,https://lichess.org/training/xM90h
xM99b,5r1k/p5Bp/8/3r2P1/5P1Q/2qp3P/P3R3/6K1 b - - 0 36,h8g7 e2e7 f8f7 h4h6 g7h8 e7e8 f7f8 e8f8,1810,74,96,1761,endgame mate mateIn4 pin veryLong,https://lichess.org/2oiKOqVw/black#72,,TRUE,https://lichess.org/training/xM99b
xNNNo,rnbqr3/1pp1nRPk/p2p4/8/2P4p/8/PP1P2PP/RNBQ2K1 b - - 0 13,e8g8 d1h5,914,105,95,181,mate mateIn1 oneMove opening,https://lichess.org/gGZ1jHmE/black#26,French_Defense French_Defense_La_Bourdonnais_Variation,FALSE,https://lichess.org/training/xNNNo
xNbYe,r1b2k1r/pp2b3/2p2pQ1/7p/2B2q2/8/PPP3PP/1K1RR3 b - - 1 18,f4c4 d1d8 e7d8 e1e8,1785,75,92,870,mate mateIn2 middlegame sacrifice short,https://lichess.org/m6ppvwDT/black#36,Lion_Defense Lion_Defense_Anti-Philidor,TRUE,https://lichess.org/training/xNbYe
xPm3J,2k5/pp5Q/2p5/8/1Pp3r1/P3q1P1/1B2Nr2/R3K2R w KQ - 2 29,h1h2 e3e2,988,79,98,1444,mate mateIn1 middlegame oneMove,https://lichess.org/vnvhZ1yl#57,,FALSE,https://lichess.org/training/xPm3J
xQux7,r1b1Rqkr/ppp5/3p1p1p/6NQ/8/8/PPPN2PP/7K b - - 1 18,f6g5 h5g6,1013,80,95,896,mate mateIn1 middlegame oneMove pin,https://lichess.org/W1bZU9HS/black#36,Kings_Gambit_Accepted Kings_Gambit_Accepted_MacLeod_Defense,FALSE,https://lichess.org/training/xQux7
xRah3,7k/1Q6/p6P/1p4p1/6P1/1P2pK2/P1Br2R1/5q2 w - - 11 49,f3e3 f1f4,1636,80,92,523,endgame mate mateIn1 oneMove,https://lichess.org/V39mX5IH#97,,TRUE,https://lichess.org/training/xRah3
xSkym,r1qk4/2p1rpp1/2Qp1b2/p6R/Pp3P2/1P2PNP1/5KP1/2R5 b - - 0 28,a8a6 h5h8 e7e8 h8e8,950,81,60,105,mate mateIn2 middlegame short,https://lichess.org/AzL485eS/black#56,,TRUE,https://lichess.org/training/xSkym
xTCln,8/1p3krp/1q6/4pp2/Q3P3/P1N2P2/1P3K1P/3R4 w - - 2 29,f2e1 b6e3 c3e2 g7g1,1796,74,100,184,endgame mate mateIn2 pin short,https://lichess.org/53WRiumt#57,,TRUE,https://lichess.org/training/xTCln
xWEZL,r4b1r/pp6/3pR2p/2q3k1/2pQ4/6R1/PPP3PP/6K1 b - - 3 30,g5f5 e6f6,1681,80,85,1695,mate mateIn1 middlegame oneMove,https://lichess.org/6muyPUVe/black#60,,TRUE,https://lichess.org/training/xWEZL
xXBll,N1b1k1r1/pp1p1p1p/3Q3p/8/2B1q3/8/PP3bPP/4RRK1 w - - 0 17,g1f2 g8g2,852,77,100,162,mate mateIn1 middlegame oneMove,https://lichess.org/Ju6DfgRH#33,Danish_Gambit Danish_Gambit_Other_variations,TRUE,https://lichess.org/training/xXBll
xbu9w,rn2kbr1/ppq2B1p/2p2Q2/4p3/4P3/2N5/PPP2PPP/2KR3R b q - 0 12,c7f7 d1d8,925,78,100,157,mate mateIn1 middlegame oneMove,https://lichess.org/sdTSwif9/black#24,Philidor_Defense Philidor_Defense_Other_variations,TRUE,https://lichess.org/training/xbu9w
xcFx0,2r5/8/p2b1Q1k/1p1P1p1q/2p1bR2/P1P3B1/1P5P/6K1 b - - 1 35,h5g6 f4h4,1146,76,86,154,mate mateIn1 middlegame oneMove,https://lichess.org/Iv51mytp/black#70,,TRUE,https://lichess.org/training/xcFx0
xd7XO,8/5ppk/7p/p1Q5/PP6/6Pq/3r3P/5RK1 w - - 1 35,f1f2 d2d1 f2f1 d1f1,927,77,78,184,endgame mate mateIn2 short,https://lichess.org/KKclQuz3#69,,TRUE,https://lichess.org/training/xd7XO
xgC5I,r5k1/pppqr2p/4NRbQ/3p4/3P4/2P4P/PP4P1/5RK1 b - - 0 23,e7e6 f6f8 a8f8 f1f8,950,77,98,577,kingsideAttack mate mateIn2 middlegame short,https://lichess.org/M2CUh5gg/black#46,,TRUE,https://lichess.org/training/xgC5I
xlEEf,b2R4/5krp/pN2p2r/2p1PR2/2P1p3/1P4qP/P5P1/5Q1K b - - 0 33,e6f5 f1f5 h6f6 f5f6,1828,108,73,28,mate mateIn2 middlegame short,https://lichess.org/3OHs5oEO/black#66,,TRUE,https://lichess.org/training/xlEEf
xmorz,1kn5/p7/r5p1/3p4/2pP4/2PqPP2/1P1B2P1/2KQ3R w - - 10 37,d1c2 a6a1 c2b1 a1b1,984,113,100,21,endgame mate mateIn2 queensideAttack short,https://lichess.org/nsB9aMVE#73,,TRUE,https://lichess.org/training/xmorz
xnmzC,r3R2k/nq3r1n/p1p4Q/b7/8/2P2N2/PP3PPP/4R1K1 b - - 3 22,a8e8 e1e8 f7f8 e8f8,1083,76,92,524,mate mateIn2 middlegame pin short,https://lichess.org/wOi9V5d1/black#44,,TRUE,https://lichess.org/training/xnmzC
xp8Wy,8/2p2kp1/p2q1pNp/1p3P2/3P4/P3r2P/1PQ5/3R2K1 w - - 1 33,d1d2 d6g3 d2g2 e3e1,1266,75,81,773,endgame mate mateIn2 short,https://lichess.org/BzwXdpz0#65,,TRUE,https://lichess.org/training/xp8Wy
xtMVp,2r2rk1/4R2p/6pQ/5p2/2q5/8/2P3PP/4R2K b - - 1 34,f8f7 e7e8 c8e8 e1e8 f7f8 e8f8,948,78,87,132,endgame long mate mateIn3,https://lichess.org/8yeCIwKH/black#68,,TRUE,https://lichess.org/training/xtMVp
xupnr,r1b2n1k/1p6/p3p2Q/2b1q3/P7/2N5/1P2N1PP/3R3K b - - 1 25,f8h7 d1d8 c5f8 d8f8,1251,76,100,157,mate mateIn2 middlegame pin short,https://lichess.org/NgxEf6Zx/black#50,,TRUE,https://lichess.org/training/xupnr
xvoqk,1k1nR3/p2p1p2/Qp6/8/3NN3/K1P4p/PP3b2/3qr3 b - - 11 31,f2d4 e8d8 b8c7 d8c8,1001,81,91,1188,hangingPiece mate mateIn2 middlegame short,https://lichess.org/Kot4njYp/black#62,,TRUE,https://lichess.org/training/xvoqk
y0Qky,4r1k1/7p/p3qrpQ/1p6/5B2/4R1KP/P7/8 b - - 0 37,e6a2 e3e8 f6f8 e8f8,639,79,100,229,endgame hangingPiece mate mateIn2 short,https://lichess.org/9E232DMK/black#74,,TRUE,https://lichess.org/training/y0Qky
y4Yjk,5rk1/5pp1/p1Q4R/1pp3q1/8/1P2P3/P1r5/6RK b - - 2 35,g5e3 g1g7 g8g7 c6f6 g7g8 h6h8,1666,74,99,921,attraction endgame long mate mateIn3 sacrifice,https://lichess.org/8P2FCEjk/black#70,,TRUE,https://lichess.org/training/y4Yjk
y4txq,rnbk2nr/p3q3/2pp4/4p2B/4P3/2N3Pp/PPP4N/R2Q1RK1 b - - 0 16,e7g5 d1d6 b8d7 f1f8,1753,75,97,1025,mate mateIn2 middlegame pin short,https://lichess.org/8Tz3vjfK/black#32,Center_Game Center_Game_Other_variations,TRUE,https://lichess.org/training/y4txq
y9Q1n,1qkr3r/6p1/1pQ1pn2/3p4/1P1P2Pp/2P4P/4N1K1/R4R2 b - - 0 30,b8c7 a1a8,1307,76,75,198,mate mateIn1 middlegame oneMove,https://lichess.org/MGNHLioB/black#60,,TRUE,https://lichess.org/training/y9Q1n
yF53W,6r1/7k/1Q3R2/3p3p/7q/8/PP4K1/5R2 w - - 1 34,g2f3 h4e4 f3f2 g8g2,1900,77,93,211,endgame mate mateIn2 short,https://lichess.org/LQOvhzLm#67,,TRUE,https://lichess.org/training/yF53W
yO0Eo,r1b3k1/p1q3p1/n1p2p1p/1p1p4/5P1Q/P1PB4/2P3PP/4R1K1 b - - 0 21,a6c5 e1e8 g8f7 h4h5 g7g6 h5g6,1327,89,86,73,kingsideAttack long mate mateIn3 middlegame,https://lichess.org/b4sv9fQ9/black#42,,TRUE,https://lichess.org/training/yO0Eo
yPk8w,r4r2/1pq1pk1p/p2p1p2/2pP1p2/2P5/1P2Q1RP/P2N1PP1/6K1 b - - 3 25,f8g8 e3e6 f7f8 g3g8,1262,75,100,235,endgame mate mateIn2 short,https://lichess.org/YdBS76F4/black#50,,TRUE,https://lichess.org/training/yPk8w
ySa3z,8/1p4k1/p3Q1p1/3R1p1p/4p2P/1P2q3/P1r5/4KB2 w - - 0 35,e1d1 c2c1,1140,75,88,315,endgame master mate mateIn1 oneMove,https://lichess.org/aGrFVjIz#69,,TRUE,https://lichess.org/training/ySa3z
yVHob,5r1k/6pp/p5r1/8/3Q4/2P1R2q/PP1R1P2/6K1 w - - 2 33,e3g3 g6g3 f2g3 f8f1,1777,75,92,535,endgame mate mateIn2 short,https://lichess.org/m4bRUljp#65,,TRUE,https://lichess.org/training/yVHob
yVJlQ,r7/2q1b3/p3Q3/2p2P2/3kP1B1/4p3/P7/3R2K1 b - - 3 36,d4c3 e6b3,1146,83,95,276,endgame mate mateIn1 oneMove,https://lichess.org/OL0RWP5l/black#72,,TRUE,https://lichess.org/training/yVJlQ
yWiax,8/7k/3p2p1/2p1p1Pp/2P1P1b1/2qPRPP1/p1NR4/2K5 w - - 0 40,f3g4 a2a1r,1263,75,87,592,advancedPawn endgame mate mateIn1 oneMove pin promotion,https://lichess.org/UOAp7QTu#79,,TRUE,https://lichess.org/training/yWiax
yeIv6,r5r1/3Q1kpR/3p1b2/2p1q3/pp2P3/3P4/P1P3K1/5R2 b - - 3 34,e5e7 f1f6 f7f6 d7f5,1524,75,98,6972,attraction mate mateIn2 middlegame pin sacrifice short,https://lichess.org/ZKyvVakI/black#68,,FALSE,https://lichess.org/training/yeIv6
yhgTI,4r2k/Q1p3pp/8/8/8/P1P2rPq/1P5P/5RK1 w - - 0 25,f1f3 e8e1 f3f1 e1f1,644,80,100,80,endgame mate mateIn2 short,https://lichess.org/AlFzPvf4#49,,TRUE,https://lichess.org/training/yhgTI
yi7py,6Q1/8/p5k1/2q2p1r/2P5/1P1r3P/6P1/4R2K b - - 1 43,g6f6 e1e6,1572,80,88,2510,endgame mate mateIn1 oneMove,https://lichess.org/Mu0Ii73f/black#86,,TRUE,https://lichess.org/training/yi7py
ykpLj,6k1/1RQ3p1/4pr1p/p2p4/3P1PPK/7P/PP3q2/8 w - - 9 36,h4h5 g7g6 h5h6 f2h4,1217,75,100,417,endgame mate mateIn2 short,https://lichess.org/Dn1ZwVxo#71,,FALSE,https://lichess.org/training/ykpLj
z3IjF,r5r1/1Q6/5k2/p2p3p/3P4/P1P1q3/2K3P1/5R2 b - - 1 30,f6g6 b7f7 g6h6 f1f6 h6g5 f6f5 g5g4 f7h5 g4g3 h5h3,1712,76,100,190,endgame mate mateIn5 veryLong,https://lichess.org/AwU9lckd/black#60,,TRUE,https://lichess.org/training/z3IjF
z4YMb,2r2rk1/1p3p1p/4pRPQ/3pq3/6P1/3B1R2/5PK1/q7 b - - 1 36,f7g6 f6f8 c8f8 f3f8,1247,81,43,109,mate mateIn2 middlegame short,https://lichess.org/Yefmm6Tr/black#72,,TRUE,https://lichess.org/training/z4YMb
z8CdV,2kr4/pp3ppp/1b3q2/1Pp2P2/P3K3/B1P1PQ1P/6B1/R3R3 w - c6 0 23,e4f4 b6c7 f4g4 h7h5 g4h5 d8h8 h5g4 h8h4,2027,76,98,928,attraction mate mateIn4 middlegame veryLong,https://lichess.org/NUcBQD9Y#45,,TRUE,https://lichess.org/training/z8CdV
z9som,2r5/4npkp/p3p1p1/1p2P2P/2rR1Q2/2q4B/P4PP1/3R2K1 b - - 2 31,e7f5 h5h6 g7f8 d4d8 c8d8 d1d8 f8e7 f4g5 f7f6 g5f6,1979,75,97,1051,mate mateIn5 middlegame veryLong,https://lichess.org/NoSuuhbp/black#62,,TRUE,https://lichess.org/training/z9som
zADMI,Q7/8/2R5/8/2K5/1r1q4/2k5/8 w - - 1 63,c4c5 b3b5,1940,89,80,120,endgame mate mateIn1 oneMove,https://lichess.org/blo3PQqg#125,,TRUE,https://lichess.org/training/zADMI
zCiUT,r1b3k1/2q4B/p3pr1Q/1p4p1/8/1P2P3/P4PPP/3R2K1 b - - 0 25,c7h7 d1d8 f6f8 d8f8,986,77,100,584,endgame mate mateIn2 short,https://lichess.org/yenusWZD/black#50,,TRUE,https://lichess.org/training/zCiUT
zDckB,3R4/p3rkpp/1p2p3/7Q/P4r2/8/5qPP/7K b - - 5 31,f7f6 d8f8 e7f7 f8f7,1451,75,94,1033,endgame mate mateIn2 short,https://lichess.org/2Qgsm8Wj/black#62,,TRUE,https://lichess.org/training/zDckB
zFeJp,5r1k/p5p1/6Q1/3p4/8/1N6/PP3qK1/6R1 w - - 0 34,g2h1 f2h4 h1g2 f8f2,1321,76,96,1277,endgame master mate mateIn2 short,https://lichess.org/aOMaulnu#67,,TRUE,https://lichess.org/training/zFeJp
zJoq6,r1b3k1/1p3pPp/p1p3B1/q2p2PQ/8/2N1r2P/PP6/2R2RK1 b - - 0 24,f7g6 f1f8 g8g7 h5h6,1038,76,96,201,kingsideAttack mate mateIn2 middlegame short,https://lichess.org/2ueCNcYx/black#48,,TRUE,https://lichess.org/training/zJoq6
zJxXM,6k1/p3Qp2/6p1/2p2b1p/2Pr3r/1P1P1P2/P4qPP/3RRB1K w - - 1 31,e7c5 h4h2 h1h2 d4h4,1293,76,91,624,attraction kingsideAttack mate mateIn2 middlegame sacrifice short,https://lichess.org/k1TSnPEq#61,,TRUE,https://lichess.org/training/zJxXM
zMah9,3k3r/p4p2/1nB1p3/1N2PqP1/3P2p1/6P1/1P1Q1P2/3RRK1r w - - 11 31,c6h1 h8h1 f1g2 f5f3,1143,76,100,365,mate mateIn2 middlegame short,https://lichess.org/SsfXy8tG#61,,TRUE,https://lichess.org/training/zMah9
zRXmD,5k2/pq3p2/3R4/4Q2N/6pP/8/P4P1K/7r w - - 5 38,h2g3 b7f3,1414,77,87,200,endgame master mate mateIn1 oneMove,https://lichess.org/4M7UtDNK#75,,TRUE,https://lichess.org/training/zRXmD
zSEC7,r5nr/1ppnkRpp/p2bB3/8/7q/2NQ4/PPPP2PP/R1B3K1 b - - 12 17,e7e6 d3d5,1118,76,98,417,mate mateIn1 middlegame oneMove,https://lichess.org/S0o3MrV0/black#34,Vienna_Game Vienna_Game_Omaha_Gambit,TRUE,https://lichess.org/training/zSEC7
zTUqX,3b1q1k/6p1/P6r/2PQ4/3Pp3/4P1P1/5PK1/R3BR2 w - - 3 38,f1h1 f8f3 g2f1 h6h1,1340,75,94,1014,deflection mate mateIn2 middlegame short,https://lichess.org/iHvPZPyv#75,,TRUE,https://lichess.org/training/zTUqX
zXN4M,2r5/pp2kr2/3Qp3/6R1/2q2P2/2n3P1/PP6/2KR4 b - - 1 29,e7e8 g5g8 f7f8 g8f8,1158,76,100,87,mate mateIn2 middlegame short,https://lichess.org/MhLQpHgC/black#58,,TRUE,https://lichess.org/training/zXN4M
zeWOb,2r5/pQ1bkpp1/4pq2/3p4/8/2N1Bn2/PP2NPPb/R4R1K w - - 0 19,g2f3 f6f3 h1h2 c8h8 e3h6 h8h6 h2g1 h6h1,1479,76,75,195,exposedKing kingsideAttack mate mateIn4 middlegame sacrifice veryLong,https://lichess.org/oIYGVSnF#37,,TRUE,https://lichess.org/training/zeWOb
zmWsb,2R3k1/5p1n/p6Q/1p4p1/3br3/8/q4PPP/4R1K1 b - - 1 27,h7f8 c8f8,1619,80,92,435,mate mateIn1 middlegame oneMove,https://lichess.org/SU0L0ONv/black#54,,TRUE,https://lichess.org/training/zmWsb
znCVJ,8/QP4pk/7p/8/2pB2P1/2P2q1P/5P1K/4r3 w - - 1 42,b7b8q e1h1,1481,75,83,231,endgame master mate mateIn1 oneMove,https://lichess.org/XuiHimuw#83,,TRUE,https://lichess.org/training/znCVJ
zobQc,8/pp4pk/2p4p/4Q3/5r2/1B1P4/PPP2qN1/4R1K1 w - - 1 29,g1h2 f4h4,931,89,100,47,endgame mate mateIn1 oneMove pin,https://lichess.org/W8LrRxlE#57,,TRUE,https://lichess.org/training/zobQc
zpLGR,1Q6/1p3kpp/p3p3/2P5/2P5/P2rBq2/1P4RP/5K2 w - - 1 28,g2f2 d3d1,936,112,54,35,endgame mate mateIn1 oneMove,https://lichess.org/o4Dmff0v#55,,TRUE,https://lichess.org/training/zpLGR
zpiQu,5rk1/pr3R2/3p2pQ/2pNb3/4P3/1p1P2PP/2q5/5RK1 b - - 0 26,b7f7 d5e7 f7e7 f1f8,1904,82,100,54,deflection mate mateIn2 middlegame short,https://lichess.org/OvxajGrw/black#52,,TRUE,https://lichess.org/training/zpiQu
zrXtE,8/8/6pk/8/P6r/4p3/3q2PK/2Q1R3 w - - 10 42,h2g3 d2f2,1307,74,98,3581,endgame mate mateIn1 oneMove,https://lichess.org/EWq9em0X#83,,TRUE,https://lichess.org/training/zrXtE
zro74,r1bq3r/pppp1Qpk/2n5/b3PR2/3P2p1/2P5/PP4PP/RN4K1 b - - 1 16,h8f8 f5h5,1378,76,96,1642,mate mateIn1 middlegame oneMove,https://lichess.org/mtMr3i9Z/black#32,Kings_Gambit_Declined Kings_Gambit_Declined_Queens_Knight_Defense,TRUE,https://lichess.org/training/zro74
ztyLv,6k1/5p1p/2r2RpQ/2q1p3/2p5/2P5/6PP/3R3K b - - 0 36,c6f6 d1d8 c5f8 d8f8,671,82,69,169,endgame mate mateIn2 short,https://lichess.org/XYMo0gOV/black#72,,TRUE,https://lichess.org/training/ztyLv
zvQ5K,r1b3k1/ppq1nr1p/3p1ppQ/3p4/P2P4/2PBRN2/5PPP/1R4K1 b - - 3 19,e7f5 e3e8 f7f8 e8f8,874,78,100,367,kingsideAttack mate mateIn2 middlegame short,https://lichess.org/a1ShLv14/black#38,,TRUE,https://lichess.org/training/zvQ5K
zz4KI,r5k1/2p3Pp/8/3Pp3/7P/2q1P3/2p2P2/1QKR4 w - - 0 34,b1c2 a8a1,1056,80,75,58,endgame mate mateIn1 oneMove,https://lichess.org/eai9Bmu1#67,,TRUE,https://lichess.org/training/zz4KI
