PuzzleId,puzzle_ref,Rook_Knight,Error,Processed_Comment
02tYt,https://lichess.org/training/02tYt,TRUE,False,"Processing row 0: 2025-11-06 12:33:36.996510 -> Puzzle 02tYt - URL https://lichess.org/training/02tYt, Reviewed: TRUE -> Status: 200 Text:{""ok"":true}"
05qga,https://lichess.org/training/05qga,TRUE,False,"Processing row 1: 2025-11-06 12:33:38.206507 -> Puzzle 05qga - URL https://lichess.org/training/05qga, Reviewed: TRUE -> Status: 200 Text:{""ok"":true}"
09k95,https://lichess.org/training/09k95,TRUE,False,"Processing row 2: 2025-11-06 12:33:39.350083 -> Puzzle 09k95 - URL https://lichess.org/training/09k95, Reviewed: TRUE -> Status: 200 Text:{""ok"":true}"
09pYV,https://lichess.org/training/09pYV,TRUE,False,"Processing row 3: 2025-11-06 12:33:40.514085 -> Puzzle 09pYV - URL https://lichess.org/training/09pYV, Reviewed: TRUE -> Status: 200 Text:{""ok"":true}"
0DK93,https://lichess.org/training/0DK93,TRUE,False,"Processing row 4: 2025-11-06 12:33:41.646838 -> Puzzle 0DK93 - URL https://lichess.org/training/0DK93, Reviewed: TRUE -> Status: 200 Text:{""ok"":true}"
0GLfa,https://lichess.org/training/0GLfa,TRUE,False,"Processing row 5: 2025-11-06 12:33:42.778141 -> Puzzle 0GLfa - URL https://lichess.org/training/0GLfa, Reviewed: TRUE -> Status: 200 Text:{""ok"":true}"
0IyDQ,https://lichess.org/training/0IyDQ,TRUE,False,"Processing row 6: 2025-11-06 12:33:43.904433 -> Puzzle 0IyDQ - URL https://lichess.org/training/0IyDQ, Reviewed: TRUE -> Status: 200 Text:{""ok"":true}"
0Qbdg,https://lichess.org/training/0Qbdg,TRUE,False,"Processing row 7: 2025-11-06 12:33:45.057369 -> Puzzle 0Qbdg - URL https://lichess.org/training/0Qbdg, Reviewed: TRUE -> Status: 200 Text:{""ok"":true}"
0kkoE,https://lichess.org/training/0kkoE,TRUE,False,"Processing row 8: 2025-11-06 12:33:46.337179 -> Puzzle 0kkoE - URL https://lichess.org/training/0kkoE, Reviewed: TRUE -> Status: 200 Text:{""ok"":true}"
0svae,https://lichess.org/training/0svae,TRUE,False,"Processing row 9: 2025-11-06 12:33:47.472308 -> Puzzle 0svae - URL https://lichess.org/training/0svae, Reviewed: TRUE -> Status: 200 Text:{""ok"":true}"
0tkbi,https://lichess.org/training/0tkbi,TRUE,False,"Processing row 10: 2025-11-06 12:33:48.592791 -> Puzzle 0tkbi - URL https://lichess.org/training/0tkbi, Reviewed: TRUE -> Status: 200 Text:{""ok"":true}"
0v0Rp,https://lichess.org/training/0v0Rp,TRUE,False,"Processing row 11: 2025-11-06 12:33:49.781271 -> Puzzle 0v0Rp - URL https://lichess.org/training/0v0Rp, Reviewed: TRUE -> Status: 200 Text:{""ok"":true}"
0zvoj,https://lichess.org/training/0zvoj,TRUE,False,"Processing row 12: 2025-11-06 12:33:50.942766 -> Puzzle 0zvoj - URL https://lichess.org/training/0zvoj, Reviewed: TRUE -> Status: 200 Text:{""ok"":true}"
10m7R,https://lichess.org/training/10m7R,TRUE,False,"Processing row 13: 2025-11-06 12:33:52.099471 -> Puzzle 10m7R - URL https://lichess.org/training/10m7R, Reviewed: TRUE -> Status: 200 Text:{""ok"":true}"
16Aoi,https://lichess.org/training/16Aoi,TRUE,False,"Processing row 14: 2025-11-06 12:33:53.283434 -> Puzzle 16Aoi - URL https://lichess.org/training/16Aoi, Reviewed: TRUE -> Status: 200 Text:{""ok"":true}"
17SiN,https://lichess.org/training/17SiN,TRUE,False,"Processing row 15: 2025-11-06 12:33:54.441276 -> Puzzle 17SiN - URL https://lichess.org/training/17SiN, Reviewed: TRUE -> Status: 200 Text:{""ok"":true}"
1ETqI,https://lichess.org/training/1ETqI,TRUE,False,"Processing row 16: 2025-11-06 12:33:55.739052 -> Puzzle 1ETqI - URL https://lichess.org/training/1ETqI, Reviewed: TRUE -> Status: 200 Text:{""ok"":true}"
1HepU,https://lichess.org/training/1HepU,TRUE,False,"Processing row 17: 2025-11-06 12:33:56.908704 -> Puzzle 1HepU - URL https://lichess.org/training/1HepU, Reviewed: TRUE -> Status: 200 Text:{""ok"":true}"
1QpQv,https://lichess.org/training/1QpQv,TRUE,False,"Processing row 18: 2025-11-06 12:33:58.099706 -> Puzzle 1QpQv - URL https://lichess.org/training/1QpQv, Reviewed: TRUE -> Status: 200 Text:{""ok"":true}"
1Vh8H,https://lichess.org/training/1Vh8H,TRUE,False,"Processing row 19: 2025-11-06 12:33:59.239720 -> Puzzle 1Vh8H - URL https://lichess.org/training/1Vh8H, Reviewed: TRUE -> Status: 200 Text:{""ok"":true}"
1cGNy,https://lichess.org/training/1cGNy,TRUE,False,"Processing row 20: 2025-11-06 12:34:00.373027 -> Puzzle 1cGNy - URL https://lichess.org/training/1cGNy, Reviewed: TRUE -> Status: 200 Text:{""ok"":true}"
1cmLN,https://lichess.org/training/1cmLN,TRUE,False,"Processing row 21: 2025-11-06 12:34:01.502226 -> Puzzle 1cmLN - URL https://lichess.org/training/1cmLN, Reviewed: TRUE -> Status: 200 Text:{""ok"":true}"
1fScq,https://lichess.org/training/1fScq,TRUE,False,"Processing row 22: 2025-11-06 12:34:02.673430 -> Puzzle 1fScq - URL https://lichess.org/training/1fScq, Reviewed: TRUE -> Status: 200 Text:{""ok"":true}"
1kEzk,https://lichess.org/training/1kEzk,TRUE,False,"Processing row 23: 2025-11-06 12:34:03.844143 -> Puzzle 1kEzk - URL https://lichess.org/training/1kEzk, Reviewed: TRUE -> Status: 200 Text:{""ok"":true}"
1nQOt,https://lichess.org/training/1nQOt,TRUE,False,"Processing row 24: 2025-11-06 12:34:05.003722 -> Puzzle 1nQOt - URL https://lichess.org/training/1nQOt, Reviewed: TRUE -> Status: 200 Text:{""ok"":true}"
1ogQq,https://lichess.org/training/1ogQq,TRUE,False,"Processing row 25: 2025-11-06 12:34:06.136559 -> Puzzle 1ogQq - URL https://lichess.org/training/1ogQq, Reviewed: TRUE -> Status: 200 Text:{""ok"":true}"
21m6n,https://lichess.org/training/21m6n,TRUE,False,"Processing row 26: 2025-11-06 12:34:07.429526 -> Puzzle 21m6n - URL https://lichess.org/training/21m6n, Reviewed: TRUE -> Status: 200 Text:{""ok"":true}"
2AgFi,https://lichess.org/training/2AgFi,TRUE,False,"Processing row 27: 2025-11-06 12:34:08.554786 -> Puzzle 2AgFi - URL https://lichess.org/training/2AgFi, Reviewed: TRUE -> Status: 200 Text:{""ok"":true}"
2FFZF,https://lichess.org/training/2FFZF,TRUE,False,"Processing row 28: 2025-11-06 12:34:09.667515 -> Puzzle 2FFZF - URL https://lichess.org/training/2FFZF, Reviewed: TRUE -> Status: 200 Text:{""ok"":true}"
2GhIP,https://lichess.org/training/2GhIP,TRUE,False,"Processing row 29: 2025-11-06 12:34:10.785130 -> Puzzle 2GhIP - URL https://lichess.org/training/2GhIP, Reviewed: TRUE -> Status: 200 Text:{""ok"":true}"
2H3Vn,https://lichess.org/training/2H3Vn,TRUE,False,"Processing row 30: 2025-11-06 12:34:11.907627 -> Puzzle 2H3Vn - URL https://lichess.org/training/2H3Vn, Reviewed: TRUE -> Status: 200 Text:{""ok"":true}"
2I8GF,https://lichess.org/training/2I8GF,TRUE,False,"Processing row 31: 2025-11-06 12:34:13.058122 -> Puzzle 2I8GF - URL https://lichess.org/training/2I8GF, Reviewed: TRUE -> Status: 200 Text:{""ok"":true}"
2J2T7,https://lichess.org/training/2J2T7,TRUE,False,"Processing row 32: 2025-11-06 12:34:14.202530 -> Puzzle 2J2T7 - URL https://lichess.org/training/2J2T7, Reviewed: TRUE -> Status: 200 Text:{""ok"":true}"
2Jl5b,https://lichess.org/training/2Jl5b,TRUE,False,"Processing row 33: 2025-11-06 12:34:15.342384 -> Puzzle 2Jl5b - URL https://lichess.org/training/2Jl5b, Reviewed: TRUE -> Status: 200 Text:{""ok"":true}"
2M03Z,https://lichess.org/training/2M03Z,TRUE,False,"Processing row 34: 2025-11-06 12:34:16.467336 -> Puzzle 2M03Z - URL https://lichess.org/training/2M03Z, Reviewed: TRUE -> Status: 200 Text:{""ok"":true}"
2b6Qi,https://lichess.org/training/2b6Qi,TRUE,False,"Processing row 35: 2025-11-06 12:34:17.895869 -> Puzzle 2b6Qi - URL https://lichess.org/training/2b6Qi, Reviewed: TRUE -> Status: 200 Text:{""ok"":true}"
2eVGq,https://lichess.org/training/2eVGq,TRUE,False,"Processing row 36: 2025-11-06 12:34:19.015645 -> Puzzle 2eVGq - URL https://lichess.org/training/2eVGq, Reviewed: TRUE -> Status: 200 Text:{""ok"":true}"
2fguc,https://lichess.org/training/2fguc,TRUE,False,"Processing row 37: 2025-11-06 12:34:20.129940 -> Puzzle 2fguc - URL https://lichess.org/training/2fguc, Reviewed: TRUE -> Status: 200 Text:{""ok"":true}"
2gZhF,https://lichess.org/training/2gZhF,TRUE,False,"Processing row 38: 2025-11-06 12:34:21.267750 -> Puzzle 2gZhF - URL https://lichess.org/training/2gZhF, Reviewed: TRUE -> Status: 200 Text:{""ok"":true}"
2yU0W,https://lichess.org/training/2yU0W,TRUE,False,"Processing row 39: 2025-11-06 12:34:22.446337 -> Puzzle 2yU0W - URL https://lichess.org/training/2yU0W, Reviewed: TRUE -> Status: 200 Text:{""ok"":true}"
3Ise0,https://lichess.org/training/3Ise0,TRUE,False,"Processing row 40: 2025-11-06 12:34:23.586536 -> Puzzle 3Ise0 - URL https://lichess.org/training/3Ise0, Reviewed: TRUE -> Status: 200 Text:{""ok"":true}"
3NRfw,https://lichess.org/training/3NRfw,TRUE,False,"Processing row 41: 2025-11-06 12:34:24.730735 -> Puzzle 3NRfw - URL https://lichess.org/training/3NRfw, Reviewed: TRUE -> Status: 200 Text:{""ok"":true}"
3S3FR,https://lichess.org/training/3S3FR,TRUE,False,"Processing row 42: 2025-11-06 12:34:25.844555 -> Puzzle 3S3FR - URL https://lichess.org/training/3S3FR, Reviewed: TRUE -> Status: 200 Text:{""ok"":true}"
3e9DM,https://lichess.org/training/3e9DM,TRUE,False,"Processing row 43: 2025-11-06 12:34:27.202093 -> Puzzle 3e9DM - URL https://lichess.org/training/3e9DM, Reviewed: TRUE -> Status: 200 Text:{""ok"":true}"
3fPel,https://lichess.org/training/3fPel,TRUE,False,"Processing row 44: 2025-11-06 12:34:28.326357 -> Puzzle 3fPel - URL https://lichess.org/training/3fPel, Reviewed: TRUE -> Status: 200 Text:{""ok"":true}"
3gRv4,https://lichess.org/training/3gRv4,TRUE,False,"Processing row 45: 2025-11-06 12:34:29.461805 -> Puzzle 3gRv4 - URL https://lichess.org/training/3gRv4, Reviewed: TRUE -> Status: 200 Text:{""ok"":true}"
3nuCq,https://lichess.org/training/3nuCq,TRUE,False,"Processing row 46: 2025-11-06 12:34:30.577413 -> Puzzle 3nuCq - URL https://lichess.org/training/3nuCq, Reviewed: TRUE -> Status: 200 Text:{""ok"":true}"
3uRfk,https://lichess.org/training/3uRfk,TRUE,False,"Processing row 47: 2025-11-06 12:34:31.700009 -> Puzzle 3uRfk - URL https://lichess.org/training/3uRfk, Reviewed: TRUE -> Status: 200 Text:{""ok"":true}"
44v5r,https://lichess.org/training/44v5r,TRUE,False,"Processing row 48: 2025-11-06 12:34:32.896539 -> Puzzle 44v5r - URL https://lichess.org/training/44v5r, Reviewed: TRUE -> Status: 200 Text:{""ok"":true}"
46UFW,https://lichess.org/training/46UFW,TRUE,False,"Processing row 49: 2025-11-06 12:34:34.020476 -> Puzzle 46UFW - URL https://lichess.org/training/46UFW, Reviewed: TRUE -> Status: 200 Text:{""ok"":true}"
47NoD,https://lichess.org/training/47NoD,TRUE,False,"Processing row 50: 2025-11-06 12:34:35.189512 -> Puzzle 47NoD - URL https://lichess.org/training/47NoD, Reviewed: TRUE -> Status: 200 Text:{""ok"":true}"
47oJP,https://lichess.org/training/47oJP,TRUE,False,"Processing row 51: 2025-11-06 12:34:36.311727 -> Puzzle 47oJP - URL https://lichess.org/training/47oJP, Reviewed: TRUE -> Status: 200 Text:{""ok"":true}"
4FjT7,https://lichess.org/training/4FjT7,TRUE,False,"Processing row 52: 2025-11-06 12:34:37.465701 -> Puzzle 4FjT7 - URL https://lichess.org/training/4FjT7, Reviewed: TRUE -> Status: 200 Text:{""ok"":true}"
4HM3N,https://lichess.org/training/4HM3N,TRUE,False,"Processing row 53: 2025-11-06 12:34:38.585918 -> Puzzle 4HM3N - URL https://lichess.org/training/4HM3N, Reviewed: TRUE -> Status: 200 Text:{""ok"":true}"
4gNuL,https://lichess.org/training/4gNuL,TRUE,False,"Processing row 54: 2025-11-06 12:34:39.701427 -> Puzzle 4gNuL - URL https://lichess.org/training/4gNuL, Reviewed: TRUE -> Status: 200 Text:{""ok"":true}"
4p4Fi,https://lichess.org/training/4p4Fi,TRUE,False,"Processing row 55: 2025-11-06 12:34:40.817683 -> Puzzle 4p4Fi - URL https://lichess.org/training/4p4Fi, Reviewed: TRUE -> Status: 200 Text:{""ok"":true}"
4wDQD,https://lichess.org/training/4wDQD,TRUE,False,"Processing row 56: 2025-11-06 12:34:41.962719 -> Puzzle 4wDQD - URL https://lichess.org/training/4wDQD, Reviewed: TRUE -> Status: 200 Text:{""ok"":true}"
4wWap,https://lichess.org/training/4wWap,TRUE,False,"Processing row 57: 2025-11-06 12:34:43.093457 -> Puzzle 4wWap - URL https://lichess.org/training/4wWap, Reviewed: TRUE -> Status: 200 Text:{""ok"":true}"
4yjpD,https://lichess.org/training/4yjpD,TRUE,False,"Processing row 58: 2025-11-06 12:34:44.231758 -> Puzzle 4yjpD - URL https://lichess.org/training/4yjpD, Reviewed: TRUE -> Status: 200 Text:{""ok"":true}"
54uxc,https://lichess.org/training/54uxc,TRUE,False,"Processing row 59: 2025-11-06 12:34:45.355866 -> Puzzle 54uxc - URL https://lichess.org/training/54uxc, Reviewed: TRUE -> Status: 200 Text:{""ok"":true}"
5LH7y,https://lichess.org/training/5LH7y,TRUE,False,"Processing row 60: 2025-11-06 12:34:46.495428 -> Puzzle 5LH7y - URL https://lichess.org/training/5LH7y, Reviewed: TRUE -> Status: 200 Text:{""ok"":true}"
5pWl2,https://lichess.org/training/5pWl2,TRUE,False,"Processing row 61: 2025-11-06 12:34:47.669618 -> Puzzle 5pWl2 - URL https://lichess.org/training/5pWl2, Reviewed: TRUE -> Status: 200 Text:{""ok"":true}"
5uTyu,https://lichess.org/training/5uTyu,TRUE,False,"Processing row 62: 2025-11-06 12:34:48.788383 -> Puzzle 5uTyu - URL https://lichess.org/training/5uTyu, Reviewed: TRUE -> Status: 200 Text:{""ok"":true}"
66WJy,https://lichess.org/training/66WJy,TRUE,False,"Processing row 63: 2025-11-06 12:34:49.920840 -> Puzzle 66WJy - URL https://lichess.org/training/66WJy, Reviewed: TRUE -> Status: 200 Text:{""ok"":true}"
6DUkh,https://lichess.org/training/6DUkh,TRUE,False,"Processing row 64: 2025-11-06 12:34:51.043419 -> Puzzle 6DUkh - URL https://lichess.org/training/6DUkh, Reviewed: TRUE -> Status: 200 Text:{""ok"":true}"
6RGpK,https://lichess.org/training/6RGpK,TRUE,False,"Processing row 65: 2025-11-06 12:34:52.183206 -> Puzzle 6RGpK - URL https://lichess.org/training/6RGpK, Reviewed: TRUE -> Status: 200 Text:{""ok"":true}"
6TmXx,https://lichess.org/training/6TmXx,TRUE,False,"Processing row 66: 2025-11-06 12:34:53.385958 -> Puzzle 6TmXx - URL https://lichess.org/training/6TmXx, Reviewed: TRUE -> Status: 200 Text:{""ok"":true}"
6Uq2I,https://lichess.org/training/6Uq2I,TRUE,False,"Processing row 67: 2025-11-06 12:34:54.603808 -> Puzzle 6Uq2I - URL https://lichess.org/training/6Uq2I, Reviewed: TRUE -> Status: 200 Text:{""ok"":true}"
6bwK9,https://lichess.org/training/6bwK9,TRUE,False,"Processing row 68: 2025-11-06 12:34:55.741056 -> Puzzle 6bwK9 - URL https://lichess.org/training/6bwK9, Reviewed: TRUE -> Status: 200 Text:{""ok"":true}"
6mnLR,https://lichess.org/training/6mnLR,TRUE,False,"Processing row 69: 2025-11-06 12:34:56.857170 -> Puzzle 6mnLR - URL https://lichess.org/training/6mnLR, Reviewed: TRUE -> Status: 200 Text:{""ok"":true}"
6nKgr,https://lichess.org/training/6nKgr,TRUE,False,"Processing row 70: 2025-11-06 12:34:57.979044 -> Puzzle 6nKgr - URL https://lichess.org/training/6nKgr, Reviewed: TRUE -> Status: 200 Text:{""ok"":true}"
6rypX,https://lichess.org/training/6rypX,TRUE,False,"Processing row 71: 2025-11-06 12:34:59.105777 -> Puzzle 6rypX - URL https://lichess.org/training/6rypX, Reviewed: TRUE -> Status: 200 Text:{""ok"":true}"
6wCfV,https://lichess.org/training/6wCfV,TRUE,False,"Processing row 72: 2025-11-06 12:35:00.219912 -> Puzzle 6wCfV - URL https://lichess.org/training/6wCfV, Reviewed: TRUE -> Status: 200 Text:{""ok"":true}"
6y848,https://lichess.org/training/6y848,TRUE,False,"Processing row 73: 2025-11-06 12:35:01.335960 -> Puzzle 6y848 - URL https://lichess.org/training/6y848, Reviewed: TRUE -> Status: 200 Text:{""ok"":true}"
7A6zU,https://lichess.org/training/7A6zU,TRUE,False,"Processing row 74: 2025-11-06 12:35:02.459127 -> Puzzle 7A6zU - URL https://lichess.org/training/7A6zU, Reviewed: TRUE -> Status: 200 Text:{""ok"":true}"
7Cgua,https://lichess.org/training/7Cgua,TRUE,False,"Processing row 75: 2025-11-06 12:35:03.594080 -> Puzzle 7Cgua - URL https://lichess.org/training/7Cgua, Reviewed: TRUE -> Status: 200 Text:{""ok"":true}"
7K0KJ,https://lichess.org/training/7K0KJ,TRUE,False,"Processing row 76: 2025-11-06 12:35:04.726518 -> Puzzle 7K0KJ - URL https://lichess.org/training/7K0KJ, Reviewed: TRUE -> Status: 200 Text:{""ok"":true}"
7OSe6,https://lichess.org/training/7OSe6,TRUE,False,"Processing row 77: 2025-11-06 12:35:05.842731 -> Puzzle 7OSe6 - URL https://lichess.org/training/7OSe6, Reviewed: TRUE -> Status: 200 Text:{""ok"":true}"
7iVOc,https://lichess.org/training/7iVOc,TRUE,False,"Processing row 78: 2025-11-06 12:35:06.956925 -> Puzzle 7iVOc - URL https://lichess.org/training/7iVOc, Reviewed: TRUE -> Status: 200 Text:{""ok"":true}"
7meDF,https://lichess.org/training/7meDF,TRUE,False,"Processing row 79: 2025-11-06 12:35:08.078724 -> Puzzle 7meDF - URL https://lichess.org/training/7meDF, Reviewed: TRUE -> Status: 200 Text:{""ok"":true}"
7ni7u,https://lichess.org/training/7ni7u,TRUE,False,"Processing row 80: 2025-11-06 12:35:09.213188 -> Puzzle 7ni7u - URL https://lichess.org/training/7ni7u, Reviewed: TRUE -> Status: 200 Text:{""ok"":true}"
7yb3C,https://lichess.org/training/7yb3C,TRUE,False,"Processing row 81: 2025-11-06 12:35:10.341834 -> Puzzle 7yb3C - URL https://lichess.org/training/7yb3C, Reviewed: TRUE -> Status: 200 Text:{""ok"":true}"
8APAD,https://lichess.org/training/8APAD,TRUE,False,"Processing row 82: 2025-11-06 12:35:11.464900 -> Puzzle 8APAD - URL https://lichess.org/training/8APAD, Reviewed: TRUE -> Status: 200 Text:{""ok"":true}"
8Jjia,https://lichess.org/training/8Jjia,TRUE,False,"Processing row 83: 2025-11-06 12:35:12.607552 -> Puzzle 8Jjia - URL https://lichess.org/training/8Jjia, Reviewed: TRUE -> Status: 200 Text:{""ok"":true}"
8Omlu,https://lichess.org/training/8Omlu,TRUE,False,"Processing row 84: 2025-11-06 12:35:13.729263 -> Puzzle 8Omlu - URL https://lichess.org/training/8Omlu, Reviewed: TRUE -> Status: 200 Text:{""ok"":true}"
8PkOa,https://lichess.org/training/8PkOa,TRUE,False,"Processing row 85: 2025-11-06 12:35:14.866103 -> Puzzle 8PkOa - URL https://lichess.org/training/8PkOa, Reviewed: TRUE -> Status: 200 Text:{""ok"":true}"
8Voj4,https://lichess.org/training/8Voj4,TRUE,False,"Processing row 86: 2025-11-06 12:35:15.979153 -> Puzzle 8Voj4 - URL https://lichess.org/training/8Voj4, Reviewed: TRUE -> Status: 200 Text:{""ok"":true}"
8Zp2o,https://lichess.org/training/8Zp2o,TRUE,False,"Processing row 87: 2025-11-06 12:35:17.112445 -> Puzzle 8Zp2o - URL https://lichess.org/training/8Zp2o, Reviewed: TRUE -> Status: 200 Text:{""ok"":true}"
8aqAc,https://lichess.org/training/8aqAc,TRUE,False,"Processing row 88: 2025-11-06 12:35:18.226587 -> Puzzle 8aqAc - URL https://lichess.org/training/8aqAc, Reviewed: TRUE -> Status: 200 Text:{""ok"":true}"
8kARM,https://lichess.org/training/8kARM,TRUE,False,"Processing row 89: 2025-11-06 12:35:19.342266 -> Puzzle 8kARM - URL https://lichess.org/training/8kARM, Reviewed: TRUE -> Status: 200 Text:{""ok"":true}"
8mNPO,https://lichess.org/training/8mNPO,TRUE,False,"Processing row 90: 2025-11-06 12:35:20.467538 -> Puzzle 8mNPO - URL https://lichess.org/training/8mNPO, Reviewed: TRUE -> Status: 200 Text:{""ok"":true}"
8oeta,https://lichess.org/training/8oeta,TRUE,False,"Processing row 91: 2025-11-06 12:35:21.608889 -> Puzzle 8oeta - URL https://lichess.org/training/8oeta, Reviewed: TRUE -> Status: 200 Text:{""ok"":true}"
8sGft,https://lichess.org/training/8sGft,TRUE,False,"Processing row 92: 2025-11-06 12:35:22.739086 -> Puzzle 8sGft - URL https://lichess.org/training/8sGft, Reviewed: TRUE -> Status: 200 Text:{""ok"":true}"
8vD8f,https://lichess.org/training/8vD8f,TRUE,False,"Processing row 93: 2025-11-06 12:35:23.856410 -> Puzzle 8vD8f - URL https://lichess.org/training/8vD8f, Reviewed: TRUE -> Status: 200 Text:{""ok"":true}"
95naD,https://lichess.org/training/95naD,TRUE,False,"Processing row 94: 2025-11-06 12:35:24.975204 -> Puzzle 95naD - URL https://lichess.org/training/95naD, Reviewed: TRUE -> Status: 200 Text:{""ok"":true}"
977i5,https://lichess.org/training/977i5,TRUE,False,"Processing row 95: 2025-11-06 12:35:26.112038 -> Puzzle 977i5 - URL https://lichess.org/training/977i5, Reviewed: TRUE -> Status: 200 Text:{""ok"":true}"
988py,https://lichess.org/training/988py,TRUE,False,"Processing row 96: 2025-11-06 12:35:27.233096 -> Puzzle 988py - URL https://lichess.org/training/988py, Reviewed: TRUE -> Status: 200 Text:{""ok"":true}"
98efJ,https://lichess.org/training/98efJ,TRUE,False,"Processing row 97: 2025-11-06 12:35:28.353722 -> Puzzle 98efJ - URL https://lichess.org/training/98efJ, Reviewed: TRUE -> Status: 200 Text:{""ok"":true}"
98qQI,https://lichess.org/training/98qQI,TRUE,False,"Processing row 98: 2025-11-06 12:35:29.473848 -> Puzzle 98qQI - URL https://lichess.org/training/98qQI, Reviewed: TRUE -> Status: 200 Text:{""ok"":true}"
9EpT2,https://lichess.org/training/9EpT2,TRUE,False,"Processing row 99: 2025-11-06 12:35:30.600511 -> Puzzle 9EpT2 - URL https://lichess.org/training/9EpT2, Reviewed: TRUE -> Status: 200 Text:{""ok"":true}"
9FuIX,https://lichess.org/training/9FuIX,TRUE,False,"Processing row 100: 2025-11-06 12:35:31.715758 -> Puzzle 9FuIX - URL https://lichess.org/training/9FuIX, Reviewed: TRUE -> Status: 200 Text:{""ok"":true}"
9LuxO,https://lichess.org/training/9LuxO,TRUE,False,"Processing row 101: 2025-11-06 12:35:32.861204 -> Puzzle 9LuxO - URL https://lichess.org/training/9LuxO, Reviewed: TRUE -> Status: 200 Text:{""ok"":true}"
9P1TY,https://lichess.org/training/9P1TY,TRUE,False,"Processing row 102: 2025-11-06 12:35:33.989570 -> Puzzle 9P1TY - URL https://lichess.org/training/9P1TY, Reviewed: TRUE -> Status: 200 Text:{""ok"":true}"
9YLFX,https://lichess.org/training/9YLFX,TRUE,False,"Processing row 103: 2025-11-06 12:35:35.113300 -> Puzzle 9YLFX - URL https://lichess.org/training/9YLFX, Reviewed: TRUE -> Status: 200 Text:{""ok"":true}"
9fdKV,https://lichess.org/training/9fdKV,TRUE,False,"Processing row 104: 2025-11-06 12:35:36.237697 -> Puzzle 9fdKV - URL https://lichess.org/training/9fdKV, Reviewed: TRUE -> Status: 200 Text:{""ok"":true}"
9goI5,https://lichess.org/training/9goI5,TRUE,False,"Processing row 105: 2025-11-06 12:35:37.383107 -> Puzzle 9goI5 - URL https://lichess.org/training/9goI5, Reviewed: TRUE -> Status: 200 Text:{""ok"":true}"
9n7YH,https://lichess.org/training/9n7YH,TRUE,False,"Processing row 106: 2025-11-06 12:35:38.534089 -> Puzzle 9n7YH - URL https://lichess.org/training/9n7YH, Reviewed: TRUE -> Status: 200 Text:{""ok"":true}"
9qDx4,https://lichess.org/training/9qDx4,TRUE,False,"Processing row 107: 2025-11-06 12:35:39.688907 -> Puzzle 9qDx4 - URL https://lichess.org/training/9qDx4, Reviewed: TRUE -> Status: 200 Text:{""ok"":true}"
9vIWl,https://lichess.org/training/9vIWl,TRUE,False,"Processing row 108: 2025-11-06 12:35:40.808525 -> Puzzle 9vIWl - URL https://lichess.org/training/9vIWl, Reviewed: TRUE -> Status: 200 Text:{""ok"":true}"
9wUwH,https://lichess.org/training/9wUwH,TRUE,False,"Processing row 109: 2025-11-06 12:35:41.925690 -> Puzzle 9wUwH - URL https://lichess.org/training/9wUwH, Reviewed: TRUE -> Status: 200 Text:{""ok"":true}"
A7T9E,https://lichess.org/training/A7T9E,TRUE,False,"Processing row 110: 2025-11-06 12:35:43.060495 -> Puzzle A7T9E - URL https://lichess.org/training/A7T9E, Reviewed: TRUE -> Status: 200 Text:{""ok"":true}"
A9h1Y,https://lichess.org/training/A9h1Y,TRUE,False,"Processing row 111: 2025-11-06 12:35:44.195903 -> Puzzle A9h1Y - URL https://lichess.org/training/A9h1Y, Reviewed: TRUE -> Status: 200 Text:{""ok"":true}"
AEhDu,https://lichess.org/training/AEhDu,TRUE,False,"Processing row 112: 2025-11-06 12:35:45.313696 -> Puzzle AEhDu - URL https://lichess.org/training/AEhDu, Reviewed: TRUE -> Status: 200 Text:{""ok"":true}"
AH3zE,https://lichess.org/training/AH3zE,TRUE,False,"Processing row 113: 2025-11-06 12:35:46.433938 -> Puzzle AH3zE - URL https://lichess.org/training/AH3zE, Reviewed: TRUE -> Status: 200 Text:{""ok"":true}"
Alv7O,https://lichess.org/training/Alv7O,TRUE,False,"Processing row 114: 2025-11-06 12:35:47.552045 -> Puzzle Alv7O - URL https://lichess.org/training/Alv7O, Reviewed: TRUE -> Status: 200 Text:{""ok"":true}"
AqMHH,https://lichess.org/training/AqMHH,TRUE,False,"Processing row 115: 2025-11-06 12:35:48.684513 -> Puzzle AqMHH - URL https://lichess.org/training/AqMHH, Reviewed: TRUE -> Status: 200 Text:{""ok"":true}"
BH7N4,https://lichess.org/training/BH7N4,TRUE,False,"Processing row 116: 2025-11-06 12:35:49.848996 -> Puzzle BH7N4 - URL https://lichess.org/training/BH7N4, Reviewed: TRUE -> Status: 200 Text:{""ok"":true}"
BI0jl,https://lichess.org/training/BI0jl,TRUE,False,"Processing row 117: 2025-11-06 12:35:50.999255 -> Puzzle BI0jl - URL https://lichess.org/training/BI0jl, Reviewed: TRUE -> Status: 200 Text:{""ok"":true}"
BiqUO,https://lichess.org/training/BiqUO,TRUE,False,"Processing row 118: 2025-11-06 12:35:52.135579 -> Puzzle BiqUO - URL https://lichess.org/training/BiqUO, Reviewed: TRUE -> Status: 200 Text:{""ok"":true}"
BtMSX,https://lichess.org/training/BtMSX,TRUE,False,"Processing row 119: 2025-11-06 12:35:53.255284 -> Puzzle BtMSX - URL https://lichess.org/training/BtMSX, Reviewed: TRUE -> Status: 200 Text:{""ok"":true}"
Bz3Tb,https://lichess.org/training/Bz3Tb,TRUE,False,"Processing row 120: 2025-11-06 12:35:54.407461 -> Puzzle Bz3Tb - URL https://lichess.org/training/Bz3Tb, Reviewed: TRUE -> Status: 200 Text:{""ok"":true}"
C09YI,https://lichess.org/training/C09YI,TRUE,False,"Processing row 121: 2025-11-06 12:35:55.552882 -> Puzzle C09YI - URL https://lichess.org/training/C09YI, Reviewed: TRUE -> Status: 200 Text:{""ok"":true}"
CR1Rk,https://lichess.org/training/CR1Rk,TRUE,False,"Processing row 122: 2025-11-06 12:35:56.667424 -> Puzzle CR1Rk - URL https://lichess.org/training/CR1Rk, Reviewed: TRUE -> Status: 200 Text:{""ok"":true}"
CasHq,https://lichess.org/training/CasHq,TRUE,False,"Processing row 123: 2025-11-06 12:35:57.798355 -> Puzzle CasHq - URL https://lichess.org/training/CasHq, Reviewed: TRUE -> Status: 200 Text:{""ok"":true}"
CdG0m,https://lichess.org/training/CdG0m,TRUE,False,"Processing row 124: 2025-11-06 12:35:58.933040 -> Puzzle CdG0m - URL https://lichess.org/training/CdG0m, Reviewed: TRUE -> Status: 200 Text:{""ok"":true}"
CfkVO,https://lichess.org/training/CfkVO,TRUE,False,"Processing row 125: 2025-11-06 12:36:00.053120 -> Puzzle CfkVO - URL https://lichess.org/training/CfkVO, Reviewed: TRUE -> Status: 200 Text:{""ok"":true}"
CiPzO,https://lichess.org/training/CiPzO,TRUE,False,"Processing row 126: 2025-11-06 12:36:01.168335 -> Puzzle CiPzO - URL https://lichess.org/training/CiPzO, Reviewed: TRUE -> Status: 200 Text:{""ok"":true}"
CjtfH,https://lichess.org/training/CjtfH,TRUE,False,"Processing row 127: 2025-11-06 12:36:02.288646 -> Puzzle CjtfH - URL https://lichess.org/training/CjtfH, Reviewed: TRUE -> Status: 200 Text:{""ok"":true}"
ClToL,https://lichess.org/training/ClToL,TRUE,False,"Processing row 128: 2025-11-06 12:36:03.408448 -> Puzzle ClToL - URL https://lichess.org/training/ClToL, Reviewed: TRUE -> Status: 200 Text:{""ok"":true}"
Cn63w,https://lichess.org/training/Cn63w,TRUE,False,"Processing row 129: 2025-11-06 12:36:04.528217 -> Puzzle Cn63w - URL https://lichess.org/training/Cn63w, Reviewed: TRUE -> Status: 200 Text:{""ok"":true}"
D2n0W,https://lichess.org/training/D2n0W,TRUE,False,"Processing row 130: 2025-11-06 12:36:05.644939 -> Puzzle D2n0W - URL https://lichess.org/training/D2n0W, Reviewed: TRUE -> Status: 200 Text:{""ok"":true}"
D939U,https://lichess.org/training/D939U,TRUE,False,"Processing row 131: 2025-11-06 12:36:06.773802 -> Puzzle D939U - URL https://lichess.org/training/D939U, Reviewed: TRUE -> Status: 200 Text:{""ok"":true}"
DC7Jt,https://lichess.org/training/DC7Jt,TRUE,False,"Processing row 132: 2025-11-06 12:36:07.896280 -> Puzzle DC7Jt - URL https://lichess.org/training/DC7Jt, Reviewed: TRUE -> Status: 200 Text:{""ok"":true}"
DKVZr,https://lichess.org/training/DKVZr,TRUE,False,"Processing row 133: 2025-11-06 12:36:09.013026 -> Puzzle DKVZr - URL https://lichess.org/training/DKVZr, Reviewed: TRUE -> Status: 200 Text:{""ok"":true}"
DLfL8,https://lichess.org/training/DLfL8,TRUE,False,"Processing row 134: 2025-11-06 12:36:10.134728 -> Puzzle DLfL8 - URL https://lichess.org/training/DLfL8, Reviewed: TRUE -> Status: 200 Text:{""ok"":true}"
DWYsU,https://lichess.org/training/DWYsU,TRUE,False,"Processing row 135: 2025-11-06 12:36:11.258357 -> Puzzle DWYsU - URL https://lichess.org/training/DWYsU, Reviewed: TRUE -> Status: 200 Text:{""ok"":true}"
DtnXN,https://lichess.org/training/DtnXN,TRUE,False,"Processing row 136: 2025-11-06 12:36:12.377690 -> Puzzle DtnXN - URL https://lichess.org/training/DtnXN, Reviewed: TRUE -> Status: 200 Text:{""ok"":true}"
E1wJs,https://lichess.org/training/E1wJs,TRUE,False,"Processing row 137: 2025-11-06 12:36:13.534989 -> Puzzle E1wJs - URL https://lichess.org/training/E1wJs, Reviewed: TRUE -> Status: 200 Text:{""ok"":true}"
E9WqN,https://lichess.org/training/E9WqN,TRUE,False,"Processing row 138: 2025-11-06 12:36:14.661211 -> Puzzle E9WqN - URL https://lichess.org/training/E9WqN, Reviewed: TRUE -> Status: 200 Text:{""ok"":true}"
ED01N,https://lichess.org/training/ED01N,TRUE,False,"Processing row 139: 2025-11-06 12:36:15.790074 -> Puzzle ED01N - URL https://lichess.org/training/ED01N, Reviewed: TRUE -> Status: 200 Text:{""ok"":true}"
EGn2V,https://lichess.org/training/EGn2V,TRUE,False,"Processing row 140: 2025-11-06 12:36:16.917040 -> Puzzle EGn2V - URL https://lichess.org/training/EGn2V, Reviewed: TRUE -> Status: 200 Text:{""ok"":true}"
EGwMQ,https://lichess.org/training/EGwMQ,TRUE,False,"Processing row 141: 2025-11-06 12:36:18.048359 -> Puzzle EGwMQ - URL https://lichess.org/training/EGwMQ, Reviewed: TRUE -> Status: 200 Text:{""ok"":true}"
EQDpf,https://lichess.org/training/EQDpf,TRUE,False,"Processing row 142: 2025-11-06 12:36:19.165327 -> Puzzle EQDpf - URL https://lichess.org/training/EQDpf, Reviewed: TRUE -> Status: 200 Text:{""ok"":true}"
EbQDb,https://lichess.org/training/EbQDb,TRUE,False,"Processing row 143: 2025-11-06 12:36:20.283559 -> Puzzle EbQDb - URL https://lichess.org/training/EbQDb, Reviewed: TRUE -> Status: 200 Text:{""ok"":true}"
EeHMe,https://lichess.org/training/EeHMe,TRUE,False,"Processing row 144: 2025-11-06 12:36:21.397286 -> Puzzle EeHMe - URL https://lichess.org/training/EeHMe, Reviewed: TRUE -> Status: 200 Text:{""ok"":true}"
Eh6jT,https://lichess.org/training/Eh6jT,TRUE,False,"Processing row 145: 2025-11-06 12:36:22.519468 -> Puzzle Eh6jT - URL https://lichess.org/training/Eh6jT, Reviewed: TRUE -> Status: 200 Text:{""ok"":true}"
EitlU,https://lichess.org/training/EitlU,TRUE,False,"Processing row 146: 2025-11-06 12:36:23.636197 -> Puzzle EitlU - URL https://lichess.org/training/EitlU, Reviewed: TRUE -> Status: 200 Text:{""ok"":true}"
Ephku,https://lichess.org/training/Ephku,TRUE,False,"Processing row 147: 2025-11-06 12:36:24.770103 -> Puzzle Ephku - URL https://lichess.org/training/Ephku, Reviewed: TRUE -> Status: 200 Text:{""ok"":true}"
ExZuR,https://lichess.org/training/ExZuR,TRUE,False,"Processing row 148: 2025-11-06 12:36:25.917006 -> Puzzle ExZuR - URL https://lichess.org/training/ExZuR, Reviewed: TRUE -> Status: 200 Text:{""ok"":true}"
F1X1P,https://lichess.org/training/F1X1P,TRUE,False,"Processing row 149: 2025-11-06 12:36:27.041692 -> Puzzle F1X1P - URL https://lichess.org/training/F1X1P, Reviewed: TRUE -> Status: 200 Text:{""ok"":true}"
F2GRP,https://lichess.org/training/F2GRP,TRUE,False,"Processing row 150: 2025-11-06 12:36:28.176006 -> Puzzle F2GRP - URL https://lichess.org/training/F2GRP, Reviewed: TRUE -> Status: 200 Text:{""ok"":true}"
FAqrE,https://lichess.org/training/FAqrE,TRUE,False,"Processing row 151: 2025-11-06 12:36:29.295650 -> Puzzle FAqrE - URL https://lichess.org/training/FAqrE, Reviewed: TRUE -> Status: 200 Text:{""ok"":true}"
FGy3U,https://lichess.org/training/FGy3U,TRUE,False,"Processing row 152: 2025-11-06 12:36:30.409821 -> Puzzle FGy3U - URL https://lichess.org/training/FGy3U, Reviewed: TRUE -> Status: 200 Text:{""ok"":true}"
FRRqz,https://lichess.org/training/FRRqz,TRUE,False,"Processing row 153: 2025-11-06 12:36:31.534005 -> Puzzle FRRqz - URL https://lichess.org/training/FRRqz, Reviewed: TRUE -> Status: 200 Text:{""ok"":true}"
FV167,https://lichess.org/training/FV167,TRUE,False,"Processing row 154: 2025-11-06 12:36:32.710673 -> Puzzle FV167 - URL https://lichess.org/training/FV167, Reviewed: TRUE -> Status: 200 Text:{""ok"":true}"
FaYIQ,https://lichess.org/training/FaYIQ,FALSE,False,X
FdtW8,https://lichess.org/training/FdtW8,TRUE,False,"Processing row 156: 2025-11-06 12:36:33.846564 -> Puzzle FdtW8 - URL https://lichess.org/training/FdtW8, Reviewed: TRUE -> Status: 200 Text:{""ok"":true}"
FoNIt,https://lichess.org/training/FoNIt,TRUE,False,"Processing row 157: 2025-11-06 12:36:34.978343 -> Puzzle FoNIt - URL https://lichess.org/training/FoNIt, Reviewed: TRUE -> Status: 200 Text:{""ok"":true}"
G6Zd1,https://lichess.org/training/G6Zd1,TRUE,False,"Processing row 158: 2025-11-06 12:36:36.105248 -> Puzzle G6Zd1 - URL https://lichess.org/training/G6Zd1, Reviewed: TRUE -> Status: 200 Text:{""ok"":true}"
GCAmA,https://lichess.org/training/GCAmA,TRUE,False,"Processing row 159: 2025-11-06 12:36:37.225365 -> Puzzle GCAmA - URL https://lichess.org/training/GCAmA, Reviewed: TRUE -> Status: 200 Text:{""ok"":true}"
GDm29,https://lichess.org/training/GDm29,TRUE,False,"Processing row 160: 2025-11-06 12:36:38.346953 -> Puzzle GDm29 - URL https://lichess.org/training/GDm29, Reviewed: TRUE -> Status: 200 Text:{""ok"":true}"
GNt6Y,https://lichess.org/training/GNt6Y,TRUE,False,"Processing row 161: 2025-11-06 12:36:39.459626 -> Puzzle GNt6Y - URL https://lichess.org/training/GNt6Y, Reviewed: TRUE -> Status: 200 Text:{""ok"":true}"
Gf1qA,https://lichess.org/training/Gf1qA,TRUE,False,"Processing row 162: 2025-11-06 12:36:40.570879 -> Puzzle Gf1qA - URL https://lichess.org/training/Gf1qA, Reviewed: TRUE -> Status: 200 Text:{""ok"":true}"
Go2mi,https://lichess.org/training/Go2mi,TRUE,False,"Processing row 163: 2025-11-06 12:36:41.694597 -> Puzzle Go2mi - URL https://lichess.org/training/Go2mi, Reviewed: TRUE -> Status: 200 Text:{""ok"":true}"
GokJ8,https://lichess.org/training/GokJ8,TRUE,False,"Processing row 164: 2025-11-06 12:36:42.818182 -> Puzzle GokJ8 - URL https://lichess.org/training/GokJ8, Reviewed: TRUE -> Status: 200 Text:{""ok"":true}"
GuCLg,https://lichess.org/training/GuCLg,TRUE,False,"Processing row 165: 2025-11-06 12:36:43.982216 -> Puzzle GuCLg - URL https://lichess.org/training/GuCLg, Reviewed: TRUE -> Status: 200 Text:{""ok"":true}"
GwR1R,https://lichess.org/training/GwR1R,TRUE,False,"Processing row 166: 2025-11-06 12:36:45.154333 -> Puzzle GwR1R - URL https://lichess.org/training/GwR1R, Reviewed: TRUE -> Status: 200 Text:{""ok"":true}"
Gz4mA,https://lichess.org/training/Gz4mA,TRUE,False,"Processing row 167: 2025-11-06 12:36:46.283732 -> Puzzle Gz4mA - URL https://lichess.org/training/Gz4mA, Reviewed: TRUE -> Status: 200 Text:{""ok"":true}"
H0mKY,https://lichess.org/training/H0mKY,TRUE,False,"Processing row 168: 2025-11-06 12:36:47.405904 -> Puzzle H0mKY - URL https://lichess.org/training/H0mKY, Reviewed: TRUE -> Status: 200 Text:{""ok"":true}"
H9XpU,https://lichess.org/training/H9XpU,TRUE,False,"Processing row 169: 2025-11-06 12:36:48.538300 -> Puzzle H9XpU - URL https://lichess.org/training/H9XpU, Reviewed: TRUE -> Status: 200 Text:{""ok"":true}"
HA4tC,https://lichess.org/training/HA4tC,TRUE,False,"Processing row 170: 2025-11-06 12:36:49.747269 -> Puzzle HA4tC - URL https://lichess.org/training/HA4tC, Reviewed: TRUE -> Status: 200 Text:{""ok"":true}"
HAYb0,https://lichess.org/training/HAYb0,FALSE,False,X
HBflR,https://lichess.org/training/HBflR,TRUE,False,"Processing row 172: 2025-11-06 12:36:50.939120 -> Puzzle HBflR - URL https://lichess.org/training/HBflR, Reviewed: TRUE -> Status: 200 Text:{""ok"":true}"
HFusl,https://lichess.org/training/HFusl,TRUE,False,"Processing row 173: 2025-11-06 12:36:52.057279 -> Puzzle HFusl - URL https://lichess.org/training/HFusl, Reviewed: TRUE -> Status: 200 Text:{""ok"":true}"
HGkUv,https://lichess.org/training/HGkUv,TRUE,False,"Processing row 174: 2025-11-06 12:36:53.198101 -> Puzzle HGkUv - URL https://lichess.org/training/HGkUv, Reviewed: TRUE -> Status: 200 Text:{""ok"":true}"
HIrfH,https://lichess.org/training/HIrfH,TRUE,False,"Processing row 175: 2025-11-06 12:36:54.323402 -> Puzzle HIrfH - URL https://lichess.org/training/HIrfH, Reviewed: TRUE -> Status: 200 Text:{""ok"":true}"
HSFPs,https://lichess.org/training/HSFPs,TRUE,False,"Processing row 176: 2025-11-06 12:36:55.461216 -> Puzzle HSFPs - URL https://lichess.org/training/HSFPs, Reviewed: TRUE -> Status: 200 Text:{""ok"":true}"
HhXn5,https://lichess.org/training/HhXn5,TRUE,False,"Processing row 177: 2025-11-06 12:36:56.578932 -> Puzzle HhXn5 - URL https://lichess.org/training/HhXn5, Reviewed: TRUE -> Status: 200 Text:{""ok"":true}"
HiC5G,https://lichess.org/training/HiC5G,FALSE,False,X
HjxEo,https://lichess.org/training/HjxEo,FALSE,False,X
HkfWP,https://lichess.org/training/HkfWP,TRUE,False,"Processing row 180: 2025-11-06 12:36:57.704872 -> Puzzle HkfWP - URL https://lichess.org/training/HkfWP, Reviewed: TRUE -> Status: 200 Text:{""ok"":true}"
Hyhvw,https://lichess.org/training/Hyhvw,TRUE,False,"Processing row 181: 2025-11-06 12:36:58.822920 -> Puzzle Hyhvw - URL https://lichess.org/training/Hyhvw, Reviewed: TRUE -> Status: 200 Text:{""ok"":true}"
HzzGe,https://lichess.org/training/HzzGe,TRUE,False,"Processing row 182: 2025-11-06 12:36:59.946621 -> Puzzle HzzGe - URL https://lichess.org/training/HzzGe, Reviewed: TRUE -> Status: 200 Text:{""ok"":true}"
ILIDW,https://lichess.org/training/ILIDW,TRUE,False,"Processing row 183: 2025-11-06 12:37:01.078710 -> Puzzle ILIDW - URL https://lichess.org/training/ILIDW, Reviewed: TRUE -> Status: 200 Text:{""ok"":true}"
IRjrs,https://lichess.org/training/IRjrs,TRUE,False,"Processing row 184: 2025-11-06 12:37:02.198487 -> Puzzle IRjrs - URL https://lichess.org/training/IRjrs, Reviewed: TRUE -> Status: 200 Text:{""ok"":true}"
IUVbJ,https://lichess.org/training/IUVbJ,TRUE,False,"Processing row 185: 2025-11-06 12:37:03.319142 -> Puzzle IUVbJ - URL https://lichess.org/training/IUVbJ, Reviewed: TRUE -> Status: 200 Text:{""ok"":true}"
IXXtJ,https://lichess.org/training/IXXtJ,TRUE,False,"Processing row 186: 2025-11-06 12:37:04.454352 -> Puzzle IXXtJ - URL https://lichess.org/training/IXXtJ, Reviewed: TRUE -> Status: 200 Text:{""ok"":true}"
IiEmh,https://lichess.org/training/IiEmh,TRUE,False,"Processing row 187: 2025-11-06 12:37:05.580954 -> Puzzle IiEmh - URL https://lichess.org/training/IiEmh, Reviewed: TRUE -> Status: 200 Text:{""ok"":true}"
ImoQo,https://lichess.org/training/ImoQo,TRUE,False,"Processing row 188: 2025-11-06 12:37:06.697872 -> Puzzle ImoQo - URL https://lichess.org/training/ImoQo, Reviewed: TRUE -> Status: 200 Text:{""ok"":true}"
IxJfT,https://lichess.org/training/IxJfT,TRUE,False,"Processing row 189: 2025-11-06 12:37:07.824524 -> Puzzle IxJfT - URL https://lichess.org/training/IxJfT, Reviewed: TRUE -> Status: 200 Text:{""ok"":true}"
IyyES,https://lichess.org/training/IyyES,TRUE,False,"Processing row 190: 2025-11-06 12:37:08.949793 -> Puzzle IyyES - URL https://lichess.org/training/IyyES, Reviewed: TRUE -> Status: 200 Text:{""ok"":true}"
J6tiU,https://lichess.org/training/J6tiU,TRUE,False,"Processing row 191: 2025-11-06 12:37:10.068824 -> Puzzle J6tiU - URL https://lichess.org/training/J6tiU, Reviewed: TRUE -> Status: 200 Text:{""ok"":true}"
JGcDS,https://lichess.org/training/JGcDS,TRUE,False,"Processing row 192: 2025-11-06 12:37:11.182955 -> Puzzle JGcDS - URL https://lichess.org/training/JGcDS, Reviewed: TRUE -> Status: 200 Text:{""ok"":true}"
JIRXJ,https://lichess.org/training/JIRXJ,TRUE,False,"Processing row 193: 2025-11-06 12:37:12.304248 -> Puzzle JIRXJ - URL https://lichess.org/training/JIRXJ, Reviewed: TRUE -> Status: 200 Text:{""ok"":true}"
JJ9ba,https://lichess.org/training/JJ9ba,TRUE,False,"Processing row 194: 2025-11-06 12:37:13.423010 -> Puzzle JJ9ba - URL https://lichess.org/training/JJ9ba, Reviewed: TRUE -> Status: 200 Text:{""ok"":true}"
JXdOd,https://lichess.org/training/JXdOd,TRUE,False,"Processing row 195: 2025-11-06 12:37:14.546098 -> Puzzle JXdOd - URL https://lichess.org/training/JXdOd, Reviewed: TRUE -> Status: 200 Text:{""ok"":true}"
JaHxH,https://lichess.org/training/JaHxH,TRUE,False,"Processing row 196: 2025-11-06 12:37:15.675783 -> Puzzle JaHxH - URL https://lichess.org/training/JaHxH, Reviewed: TRUE -> Status: 200 Text:{""ok"":true}"
Jf8bE,https://lichess.org/training/Jf8bE,TRUE,False,"Processing row 197: 2025-11-06 12:37:16.799513 -> Puzzle Jf8bE - URL https://lichess.org/training/Jf8bE, Reviewed: TRUE -> Status: 200 Text:{""ok"":true}"
JnwwS,https://lichess.org/training/JnwwS,TRUE,False,"Processing row 198: 2025-11-06 12:37:17.929754 -> Puzzle JnwwS - URL https://lichess.org/training/JnwwS, Reviewed: TRUE -> Status: 200 Text:{""ok"":true}"
JpLo3,https://lichess.org/training/JpLo3,TRUE,False,"Processing row 199: 2025-11-06 12:37:19.052534 -> Puzzle JpLo3 - URL https://lichess.org/training/JpLo3, Reviewed: TRUE -> Status: 200 Text:{""ok"":true}"
JpqEE,https://lichess.org/training/JpqEE,FALSE,False,X
JtGno,https://lichess.org/training/JtGno,TRUE,False,"Processing row 201: 2025-11-06 12:37:20.187468 -> Puzzle JtGno - URL https://lichess.org/training/JtGno, Reviewed: TRUE -> Status: 200 Text:{""ok"":true}"
JwTFi,https://lichess.org/training/JwTFi,TRUE,False,"Processing row 202: 2025-11-06 12:37:21.307651 -> Puzzle JwTFi - URL https://lichess.org/training/JwTFi, Reviewed: TRUE -> Status: 200 Text:{""ok"":true}"
K3Ge9,https://lichess.org/training/K3Ge9,TRUE,False,"Processing row 203: 2025-11-06 12:37:22.426874 -> Puzzle K3Ge9 - URL https://lichess.org/training/K3Ge9, Reviewed: TRUE -> Status: 200 Text:{""ok"":true}"
K5wDA,https://lichess.org/training/K5wDA,TRUE,False,"Processing row 204: 2025-11-06 12:37:23.538241 -> Puzzle K5wDA - URL https://lichess.org/training/K5wDA, Reviewed: TRUE -> Status: 200 Text:{""ok"":true}"
K7Hbu,https://lichess.org/training/K7Hbu,TRUE,False,"Processing row 205: 2025-11-06 12:37:24.673544 -> Puzzle K7Hbu - URL https://lichess.org/training/K7Hbu, Reviewed: TRUE -> Status: 200 Text:{""ok"":true}"
KBhCZ,https://lichess.org/training/KBhCZ,TRUE,False,"Processing row 206: 2025-11-06 12:37:25.847513 -> Puzzle KBhCZ - URL https://lichess.org/training/KBhCZ, Reviewed: TRUE -> Status: 200 Text:{""ok"":true}"
KEawx,https://lichess.org/training/KEawx,TRUE,False,"Processing row 207: 2025-11-06 12:37:26.972193 -> Puzzle KEawx - URL https://lichess.org/training/KEawx, Reviewed: TRUE -> Status: 200 Text:{""ok"":true}"
KGzix,https://lichess.org/training/KGzix,TRUE,False,"Processing row 208: 2025-11-06 12:37:28.097988 -> Puzzle KGzix - URL https://lichess.org/training/KGzix, Reviewed: TRUE -> Status: 200 Text:{""ok"":true}"
KJWsY,https://lichess.org/training/KJWsY,TRUE,False,"Processing row 209: 2025-11-06 12:37:29.213263 -> Puzzle KJWsY - URL https://lichess.org/training/KJWsY, Reviewed: TRUE -> Status: 200 Text:{""ok"":true}"
KQPKd,https://lichess.org/training/KQPKd,TRUE,False,"Processing row 210: 2025-11-06 12:37:30.372264 -> Puzzle KQPKd - URL https://lichess.org/training/KQPKd, Reviewed: TRUE -> Status: 200 Text:{""ok"":true}"
KXHVS,https://lichess.org/training/KXHVS,TRUE,False,"Processing row 211: 2025-11-06 12:37:31.496616 -> Puzzle KXHVS - URL https://lichess.org/training/KXHVS, Reviewed: TRUE -> Status: 200 Text:{""ok"":true}"
KfwR0,https://lichess.org/training/KfwR0,TRUE,False,"Processing row 212: 2025-11-06 12:37:32.615334 -> Puzzle KfwR0 - URL https://lichess.org/training/KfwR0, Reviewed: TRUE -> Status: 200 Text:{""ok"":true}"
KlMzE,https://lichess.org/training/KlMzE,TRUE,False,"Processing row 213: 2025-11-06 12:37:33.734467 -> Puzzle KlMzE - URL https://lichess.org/training/KlMzE, Reviewed: TRUE -> Status: 200 Text:{""ok"":true}"
KlX9O,https://lichess.org/training/KlX9O,TRUE,False,"Processing row 214: 2025-11-06 12:37:34.859587 -> Puzzle KlX9O - URL https://lichess.org/training/KlX9O, Reviewed: TRUE -> Status: 200 Text:{""ok"":true}"
Ks9Mg,https://lichess.org/training/Ks9Mg,TRUE,False,"Processing row 215: 2025-11-06 12:37:36.011006 -> Puzzle Ks9Mg - URL https://lichess.org/training/Ks9Mg, Reviewed: TRUE -> Status: 200 Text:{""ok"":true}"
Kuo17,https://lichess.org/training/Kuo17,TRUE,False,"Processing row 216: 2025-11-06 12:37:37.123786 -> Puzzle Kuo17 - URL https://lichess.org/training/Kuo17, Reviewed: TRUE -> Status: 200 Text:{""ok"":true}"
L0njn,https://lichess.org/training/L0njn,TRUE,False,"Processing row 217: 2025-11-06 12:37:38.262744 -> Puzzle L0njn - URL https://lichess.org/training/L0njn, Reviewed: TRUE -> Status: 200 Text:{""ok"":true}"
L8V0J,https://lichess.org/training/L8V0J,TRUE,False,"Processing row 218: 2025-11-06 12:37:39.379704 -> Puzzle L8V0J - URL https://lichess.org/training/L8V0J, Reviewed: TRUE -> Status: 200 Text:{""ok"":true}"
LBs1A,https://lichess.org/training/LBs1A,TRUE,False,"Processing row 219: 2025-11-06 12:37:40.506439 -> Puzzle LBs1A - URL https://lichess.org/training/LBs1A, Reviewed: TRUE -> Status: 200 Text:{""ok"":true}"
LI2sD,https://lichess.org/training/LI2sD,TRUE,False,"Processing row 220: 2025-11-06 12:37:41.626688 -> Puzzle LI2sD - URL https://lichess.org/training/LI2sD, Reviewed: TRUE -> Status: 200 Text:{""ok"":true}"
LSQ2z,https://lichess.org/training/LSQ2z,TRUE,False,"Processing row 221: 2025-11-06 12:37:42.764416 -> Puzzle LSQ2z - URL https://lichess.org/training/LSQ2z, Reviewed: TRUE -> Status: 200 Text:{""ok"":true}"
LSxsh,https://lichess.org/training/LSxsh,TRUE,False,"Processing row 222: 2025-11-06 12:37:43.877919 -> Puzzle LSxsh - URL https://lichess.org/training/LSxsh, Reviewed: TRUE -> Status: 200 Text:{""ok"":true}"
LUAmc,https://lichess.org/training/LUAmc,TRUE,False,"Processing row 223: 2025-11-06 12:37:45.000857 -> Puzzle LUAmc - URL https://lichess.org/training/LUAmc, Reviewed: TRUE -> Status: 200 Text:{""ok"":true}"
LdefT,https://lichess.org/training/LdefT,TRUE,False,"Processing row 224: 2025-11-06 12:37:46.163964 -> Puzzle LdefT - URL https://lichess.org/training/LdefT, Reviewed: TRUE -> Status: 200 Text:{""ok"":true}"
LpUg3,https://lichess.org/training/LpUg3,TRUE,False,"Processing row 225: 2025-11-06 12:37:47.286053 -> Puzzle LpUg3 - URL https://lichess.org/training/LpUg3, Reviewed: TRUE -> Status: 200 Text:{""ok"":true}"
LroyG,https://lichess.org/training/LroyG,TRUE,False,"Processing row 226: 2025-11-06 12:37:48.408754 -> Puzzle LroyG - URL https://lichess.org/training/LroyG, Reviewed: TRUE -> Status: 200 Text:{""ok"":true}"
M7iF4,https://lichess.org/training/M7iF4,TRUE,False,"Processing row 227: 2025-11-06 12:37:49.531100 -> Puzzle M7iF4 - URL https://lichess.org/training/M7iF4, Reviewed: TRUE -> Status: 200 Text:{""ok"":true}"
MC8oh,https://lichess.org/training/MC8oh,TRUE,False,"Processing row 228: 2025-11-06 12:37:50.658358 -> Puzzle MC8oh - URL https://lichess.org/training/MC8oh, Reviewed: TRUE -> Status: 200 Text:{""ok"":true}"
MEd0A,https://lichess.org/training/MEd0A,TRUE,False,"Processing row 229: 2025-11-06 12:37:51.781546 -> Puzzle MEd0A - URL https://lichess.org/training/MEd0A, Reviewed: TRUE -> Status: 200 Text:{""ok"":true}"
MIwOE,https://lichess.org/training/MIwOE,TRUE,False,"Processing row 230: 2025-11-06 12:37:52.905444 -> Puzzle MIwOE - URL https://lichess.org/training/MIwOE, Reviewed: TRUE -> Status: 200 Text:{""ok"":true}"
MX9CF,https://lichess.org/training/MX9CF,TRUE,False,"Processing row 231: 2025-11-06 12:37:54.016496 -> Puzzle MX9CF - URL https://lichess.org/training/MX9CF, Reviewed: TRUE -> Status: 200 Text:{""ok"":true}"
McDuV,https://lichess.org/training/McDuV,TRUE,False,"Processing row 232: 2025-11-06 12:37:55.155159 -> Puzzle McDuV - URL https://lichess.org/training/McDuV, Reviewed: TRUE -> Status: 200 Text:{""ok"":true}"
Mm5lD,https://lichess.org/training/Mm5lD,TRUE,False,"Processing row 233: 2025-11-06 12:37:56.312116 -> Puzzle Mm5lD - URL https://lichess.org/training/Mm5lD, Reviewed: TRUE -> Status: 200 Text:{""ok"":true}"
Mo1jP,https://lichess.org/training/Mo1jP,TRUE,False,"Processing row 234: 2025-11-06 12:37:57.483598 -> Puzzle Mo1jP - URL https://lichess.org/training/Mo1jP, Reviewed: TRUE -> Status: 200 Text:{""ok"":true}"
MpWWF,https://lichess.org/training/MpWWF,TRUE,False,"Processing row 235: 2025-11-06 12:37:58.641188 -> Puzzle MpWWF - URL https://lichess.org/training/MpWWF, Reviewed: TRUE -> Status: 200 Text:{""ok"":true}"
MqxmB,https://lichess.org/training/MqxmB,TRUE,False,"Processing row 236: 2025-11-06 12:37:59.757506 -> Puzzle MqxmB - URL https://lichess.org/training/MqxmB, Reviewed: TRUE -> Status: 200 Text:{""ok"":true}"
MuVTp,https://lichess.org/training/MuVTp,TRUE,False,"Processing row 237: 2025-11-06 12:38:00.890831 -> Puzzle MuVTp - URL https://lichess.org/training/MuVTp, Reviewed: TRUE -> Status: 200 Text:{""ok"":true}"
Mwsri,https://lichess.org/training/Mwsri,TRUE,False,"Processing row 238: 2025-11-06 12:38:02.010854 -> Puzzle Mwsri - URL https://lichess.org/training/Mwsri, Reviewed: TRUE -> Status: 200 Text:{""ok"":true}"
MwzC9,https://lichess.org/training/MwzC9,TRUE,False,"Processing row 239: 2025-11-06 12:38:03.130149 -> Puzzle MwzC9 - URL https://lichess.org/training/MwzC9, Reviewed: TRUE -> Status: 200 Text:{""ok"":true}"
MxXLR,https://lichess.org/training/MxXLR,TRUE,False,"Processing row 240: 2025-11-06 12:38:04.246274 -> Puzzle MxXLR - URL https://lichess.org/training/MxXLR, Reviewed: TRUE -> Status: 200 Text:{""ok"":true}"
NBWrI,https://lichess.org/training/NBWrI,TRUE,False,"Processing row 241: 2025-11-06 12:38:05.538824 -> Puzzle NBWrI - URL https://lichess.org/training/NBWrI, Reviewed: TRUE -> Status: 200 Text:{""ok"":true}"
NBcUQ,https://lichess.org/training/NBcUQ,TRUE,False,"Processing row 242: 2025-11-06 12:38:06.670697 -> Puzzle NBcUQ - URL https://lichess.org/training/NBcUQ, Reviewed: TRUE -> Status: 200 Text:{""ok"":true}"
NH3FT,https://lichess.org/training/NH3FT,TRUE,False,"Processing row 243: 2025-11-06 12:38:07.793377 -> Puzzle NH3FT - URL https://lichess.org/training/NH3FT, Reviewed: TRUE -> Status: 200 Text:{""ok"":true}"
NRbER,https://lichess.org/training/NRbER,TRUE,False,"Processing row 244: 2025-11-06 12:38:08.924828 -> Puzzle NRbER - URL https://lichess.org/training/NRbER, Reviewed: TRUE -> Status: 200 Text:{""ok"":true}"
NWssq,https://lichess.org/training/NWssq,TRUE,False,"Processing row 245: 2025-11-06 12:38:10.058745 -> Puzzle NWssq - URL https://lichess.org/training/NWssq, Reviewed: TRUE -> Status: 200 Text:{""ok"":true}"
NbYUZ,https://lichess.org/training/NbYUZ,TRUE,False,"Processing row 246: 2025-11-06 12:38:11.179846 -> Puzzle NbYUZ - URL https://lichess.org/training/NbYUZ, Reviewed: TRUE -> Status: 200 Text:{""ok"":true}"
NbvK4,https://lichess.org/training/NbvK4,TRUE,False,"Processing row 247: 2025-11-06 12:38:12.302836 -> Puzzle NbvK4 - URL https://lichess.org/training/NbvK4, Reviewed: TRUE -> Status: 200 Text:{""ok"":true}"
NrM2D,https://lichess.org/training/NrM2D,TRUE,False,"Processing row 248: 2025-11-06 12:38:13.423733 -> Puzzle NrM2D - URL https://lichess.org/training/NrM2D, Reviewed: TRUE -> Status: 200 Text:{""ok"":true}"
NwO34,https://lichess.org/training/NwO34,TRUE,False,"Processing row 249: 2025-11-06 12:38:14.548191 -> Puzzle NwO34 - URL https://lichess.org/training/NwO34, Reviewed: TRUE -> Status: 200 Text:{""ok"":true}"
Nxcsr,https://lichess.org/training/Nxcsr,TRUE,False,"Processing row 250: 2025-11-06 12:38:15.677259 -> Puzzle Nxcsr - URL https://lichess.org/training/Nxcsr, Reviewed: TRUE -> Status: 200 Text:{""ok"":true}"
OAmZl,https://lichess.org/training/OAmZl,TRUE,False,"Processing row 251: 2025-11-06 12:38:16.809496 -> Puzzle OAmZl - URL https://lichess.org/training/OAmZl, Reviewed: TRUE -> Status: 200 Text:{""ok"":true}"
OLjMK,https://lichess.org/training/OLjMK,TRUE,False,"Processing row 252: 2025-11-06 12:38:17.934708 -> Puzzle OLjMK - URL https://lichess.org/training/OLjMK, Reviewed: TRUE -> Status: 200 Text:{""ok"":true}"
OM6Xv,https://lichess.org/training/OM6Xv,TRUE,False,"Processing row 253: 2025-11-06 12:38:19.068092 -> Puzzle OM6Xv - URL https://lichess.org/training/OM6Xv, Reviewed: TRUE -> Status: 200 Text:{""ok"":true}"
OPh8i,https://lichess.org/training/OPh8i,TRUE,False,"Processing row 254: 2025-11-06 12:38:20.211062 -> Puzzle OPh8i - URL https://lichess.org/training/OPh8i, Reviewed: TRUE -> Status: 200 Text:{""ok"":true}"
OTSdl,https://lichess.org/training/OTSdl,TRUE,False,"Processing row 255: 2025-11-06 12:38:21.333781 -> Puzzle OTSdl - URL https://lichess.org/training/OTSdl, Reviewed: TRUE -> Status: 200 Text:{""ok"":true}"
OTihx,https://lichess.org/training/OTihx,TRUE,False,"Processing row 256: 2025-11-06 12:38:22.447544 -> Puzzle OTihx - URL https://lichess.org/training/OTihx, Reviewed: TRUE -> Status: 200 Text:{""ok"":true}"
Odpbz,https://lichess.org/training/Odpbz,TRUE,False,"Processing row 257: 2025-11-06 12:38:23.569664 -> Puzzle Odpbz - URL https://lichess.org/training/Odpbz, Reviewed: TRUE -> Status: 200 Text:{""ok"":true}"
Of0F2,https://lichess.org/training/Of0F2,TRUE,False,"Processing row 258: 2025-11-06 12:38:24.683389 -> Puzzle Of0F2 - URL https://lichess.org/training/Of0F2, Reviewed: TRUE -> Status: 200 Text:{""ok"":true}"
OfP3d,https://lichess.org/training/OfP3d,TRUE,False,"Processing row 259: 2025-11-06 12:38:25.812731 -> Puzzle OfP3d - URL https://lichess.org/training/OfP3d, Reviewed: TRUE -> Status: 200 Text:{""ok"":true}"
Ofxou,https://lichess.org/training/Ofxou,TRUE,False,"Processing row 260: 2025-11-06 12:38:26.991049 -> Puzzle Ofxou - URL https://lichess.org/training/Ofxou, Reviewed: TRUE -> Status: 200 Text:{""ok"":true}"
OgXIK,https://lichess.org/training/OgXIK,TRUE,False,"Processing row 261: 2025-11-06 12:38:28.152080 -> Puzzle OgXIK - URL https://lichess.org/training/OgXIK, Reviewed: TRUE -> Status: 200 Text:{""ok"":true}"
OjFDa,https://lichess.org/training/OjFDa,TRUE,False,"Processing row 262: 2025-11-06 12:38:29.269195 -> Puzzle OjFDa - URL https://lichess.org/training/OjFDa, Reviewed: TRUE -> Status: 200 Text:{""ok"":true}"
Om6oF,https://lichess.org/training/Om6oF,TRUE,False,"Processing row 263: 2025-11-06 12:38:30.411108 -> Puzzle Om6oF - URL https://lichess.org/training/Om6oF, Reviewed: TRUE -> Status: 200 Text:{""ok"":true}"
OoTiT,https://lichess.org/training/OoTiT,TRUE,False,"Processing row 264: 2025-11-06 12:38:31.529406 -> Puzzle OoTiT - URL https://lichess.org/training/OoTiT, Reviewed: TRUE -> Status: 200 Text:{""ok"":true}"
OyX81,https://lichess.org/training/OyX81,TRUE,False,"Processing row 265: 2025-11-06 12:38:32.653075 -> Puzzle OyX81 - URL https://lichess.org/training/OyX81, Reviewed: TRUE -> Status: 200 Text:{""ok"":true}"
P2I51,https://lichess.org/training/P2I51,TRUE,False,"Processing row 266: 2025-11-06 12:38:33.772780 -> Puzzle P2I51 - URL https://lichess.org/training/P2I51, Reviewed: TRUE -> Status: 200 Text:{""ok"":true}"
P6C76,https://lichess.org/training/P6C76,TRUE,False,"Processing row 267: 2025-11-06 12:38:34.889873 -> Puzzle P6C76 - URL https://lichess.org/training/P6C76, Reviewed: TRUE -> Status: 200 Text:{""ok"":true}"
P7E40,https://lichess.org/training/P7E40,TRUE,False,"Processing row 268: 2025-11-06 12:38:36.015592 -> Puzzle P7E40 - URL https://lichess.org/training/P7E40, Reviewed: TRUE -> Status: 200 Text:{""ok"":true}"
PEBtw,https://lichess.org/training/PEBtw,TRUE,False,"Processing row 269: 2025-11-06 12:38:37.225582 -> Puzzle PEBtw - URL https://lichess.org/training/PEBtw, Reviewed: TRUE -> Status: 200 Text:{""ok"":true}"
PFSA6,https://lichess.org/training/PFSA6,TRUE,False,"Processing row 270: 2025-11-06 12:38:38.358925 -> Puzzle PFSA6 - URL https://lichess.org/training/PFSA6, Reviewed: TRUE -> Status: 200 Text:{""ok"":true}"
PGMhf,https://lichess.org/training/PGMhf,TRUE,False,"Processing row 271: 2025-11-06 12:38:39.488761 -> Puzzle PGMhf - URL https://lichess.org/training/PGMhf, Reviewed: TRUE -> Status: 200 Text:{""ok"":true}"
PLcpm,https://lichess.org/training/PLcpm,TRUE,False,"Processing row 272: 2025-11-06 12:38:40.620861 -> Puzzle PLcpm - URL https://lichess.org/training/PLcpm, Reviewed: TRUE -> Status: 200 Text:{""ok"":true}"
PSw5p,https://lichess.org/training/PSw5p,TRUE,False,"Processing row 273: 2025-11-06 12:38:41.735532 -> Puzzle PSw5p - URL https://lichess.org/training/PSw5p, Reviewed: TRUE -> Status: 200 Text:{""ok"":true}"
PTkQw,https://lichess.org/training/PTkQw,TRUE,False,"Processing row 274: 2025-11-06 12:38:42.861854 -> Puzzle PTkQw - URL https://lichess.org/training/PTkQw, Reviewed: TRUE -> Status: 200 Text:{""ok"":true}"
PUcFB,https://lichess.org/training/PUcFB,TRUE,False,"Processing row 275: 2025-11-06 12:38:43.990672 -> Puzzle PUcFB - URL https://lichess.org/training/PUcFB, Reviewed: TRUE -> Status: 200 Text:{""ok"":true}"
PVoMm,https://lichess.org/training/PVoMm,TRUE,False,"Processing row 276: 2025-11-06 12:38:45.107963 -> Puzzle PVoMm - URL https://lichess.org/training/PVoMm, Reviewed: TRUE -> Status: 200 Text:{""ok"":true}"
Pa6RZ,https://lichess.org/training/Pa6RZ,TRUE,False,"Processing row 277: 2025-11-06 12:38:46.251942 -> Puzzle Pa6RZ - URL https://lichess.org/training/Pa6RZ, Reviewed: TRUE -> Status: 200 Text:{""ok"":true}"
PkuqE,https://lichess.org/training/PkuqE,TRUE,False,"Processing row 278: 2025-11-06 12:38:47.374235 -> Puzzle PkuqE - URL https://lichess.org/training/PkuqE, Reviewed: TRUE -> Status: 200 Text:{""ok"":true}"
Pmxb5,https://lichess.org/training/Pmxb5,TRUE,False,"Processing row 279: 2025-11-06 12:38:48.498882 -> Puzzle Pmxb5 - URL https://lichess.org/training/Pmxb5, Reviewed: TRUE -> Status: 200 Text:{""ok"":true}"
PsnMK,https://lichess.org/training/PsnMK,TRUE,False,"Processing row 280: 2025-11-06 12:38:49.619051 -> Puzzle PsnMK - URL https://lichess.org/training/PsnMK, Reviewed: TRUE -> Status: 200 Text:{""ok"":true}"
PuwbV,https://lichess.org/training/PuwbV,TRUE,False,"Processing row 281: 2025-11-06 12:38:50.750755 -> Puzzle PuwbV - URL https://lichess.org/training/PuwbV, Reviewed: TRUE -> Status: 200 Text:{""ok"":true}"
PwoCZ,https://lichess.org/training/PwoCZ,TRUE,False,"Processing row 282: 2025-11-06 12:38:51.867928 -> Puzzle PwoCZ - URL https://lichess.org/training/PwoCZ, Reviewed: TRUE -> Status: 200 Text:{""ok"":true}"
Pzhyz,https://lichess.org/training/Pzhyz,TRUE,False,"Processing row 283: 2025-11-06 12:38:52.992482 -> Puzzle Pzhyz - URL https://lichess.org/training/Pzhyz, Reviewed: TRUE -> Status: 200 Text:{""ok"":true}"
QMErI,https://lichess.org/training/QMErI,TRUE,False,"Processing row 284: 2025-11-06 12:38:54.122299 -> Puzzle QMErI - URL https://lichess.org/training/QMErI, Reviewed: TRUE -> Status: 200 Text:{""ok"":true}"
QUKJJ,https://lichess.org/training/QUKJJ,TRUE,False,"Processing row 285: 2025-11-06 12:38:55.310262 -> Puzzle QUKJJ - URL https://lichess.org/training/QUKJJ, Reviewed: TRUE -> Status: 200 Text:{""ok"":true}"
QWmz3,https://lichess.org/training/QWmz3,TRUE,False,"Processing row 286: 2025-11-06 12:38:56.471298 -> Puzzle QWmz3 - URL https://lichess.org/training/QWmz3, Reviewed: TRUE -> Status: 200 Text:{""ok"":true}"
QY6uF,https://lichess.org/training/QY6uF,TRUE,False,"Processing row 287: 2025-11-06 12:38:57.802151 -> Puzzle QY6uF - URL https://lichess.org/training/QY6uF, Reviewed: TRUE -> Status: 200 Text:{""ok"":true}"
Qfa8Q,https://lichess.org/training/Qfa8Q,TRUE,False,"Processing row 288: 2025-11-06 12:38:59.300647 -> Puzzle Qfa8Q - URL https://lichess.org/training/Qfa8Q, Reviewed: TRUE -> Status: 200 Text:{""ok"":true}"
QkAK3,https://lichess.org/training/QkAK3,TRUE,False,"Processing row 289: 2025-11-06 12:39:00.572687 -> Puzzle QkAK3 - URL https://lichess.org/training/QkAK3, Reviewed: TRUE -> Status: 200 Text:{""ok"":true}"
QmIyH,https://lichess.org/training/QmIyH,TRUE,False,"Processing row 290: 2025-11-06 12:39:01.866129 -> Puzzle QmIyH - URL https://lichess.org/training/QmIyH, Reviewed: TRUE -> Status: 200 Text:{""ok"":true}"
Qq4sc,https://lichess.org/training/Qq4sc,TRUE,False,"Processing row 291: 2025-11-06 12:39:03.038564 -> Puzzle Qq4sc - URL https://lichess.org/training/Qq4sc, Reviewed: TRUE -> Status: 200 Text:{""ok"":true}"
R4hyO,https://lichess.org/training/R4hyO,TRUE,False,"Processing row 292: 2025-11-06 12:39:04.240216 -> Puzzle R4hyO - URL https://lichess.org/training/R4hyO, Reviewed: TRUE -> Status: 200 Text:{""ok"":true}"
R9OH4,https://lichess.org/training/R9OH4,TRUE,False,"Processing row 293: 2025-11-06 12:39:05.654858 -> Puzzle R9OH4 - URL https://lichess.org/training/R9OH4, Reviewed: TRUE -> Status: 200 Text:{""ok"":true}"
RJ6Nj,https://lichess.org/training/RJ6Nj,TRUE,False,"Processing row 294: 2025-11-06 12:39:06.885111 -> Puzzle RJ6Nj - URL https://lichess.org/training/RJ6Nj, Reviewed: TRUE -> Status: 200 Text:{""ok"":true}"
RSMm2,https://lichess.org/training/RSMm2,TRUE,False,"Processing row 295: 2025-11-06 12:39:08.132960 -> Puzzle RSMm2 - URL https://lichess.org/training/RSMm2, Reviewed: TRUE -> Status: 200 Text:{""ok"":true}"
RavwQ,https://lichess.org/training/RavwQ,TRUE,False,"Processing row 296: 2025-11-06 12:39:09.363197 -> Puzzle RavwQ - URL https://lichess.org/training/RavwQ, Reviewed: TRUE -> Status: 200 Text:{""ok"":true}"
Rbocz,https://lichess.org/training/Rbocz,TRUE,False,"Processing row 297: 2025-11-06 12:39:10.554223 -> Puzzle Rbocz - URL https://lichess.org/training/Rbocz, Reviewed: TRUE -> Status: 200 Text:{""ok"":true}"
Rna8b,https://lichess.org/training/Rna8b,TRUE,False,"Processing row 298: 2025-11-06 12:39:11.774013 -> Puzzle Rna8b - URL https://lichess.org/training/Rna8b, Reviewed: TRUE -> Status: 200 Text:{""ok"":true}"
Rs6up,https://lichess.org/training/Rs6up,TRUE,False,"Processing row 299: 2025-11-06 12:39:12.923459 -> Puzzle Rs6up - URL https://lichess.org/training/Rs6up, Reviewed: TRUE -> Status: 200 Text:{""ok"":true}"
RxiE7,https://lichess.org/training/RxiE7,TRUE,False,"Processing row 300: 2025-11-06 12:39:14.075946 -> Puzzle RxiE7 - URL https://lichess.org/training/RxiE7, Reviewed: TRUE -> Status: 200 Text:{""ok"":true}"
Rzfvu,https://lichess.org/training/Rzfvu,TRUE,False,"Processing row 301: 2025-11-06 12:39:15.241689 -> Puzzle Rzfvu - URL https://lichess.org/training/Rzfvu, Reviewed: TRUE -> Status: 200 Text:{""ok"":true}"
S4sx7,https://lichess.org/training/S4sx7,TRUE,False,"Processing row 302: 2025-11-06 12:39:16.418013 -> Puzzle S4sx7 - URL https://lichess.org/training/S4sx7, Reviewed: TRUE -> Status: 200 Text:{""ok"":true}"
S8QA7,https://lichess.org/training/S8QA7,TRUE,False,"Processing row 303: 2025-11-06 12:39:17.598147 -> Puzzle S8QA7 - URL https://lichess.org/training/S8QA7, Reviewed: TRUE -> Status: 200 Text:{""ok"":true}"
SAaDI,https://lichess.org/training/SAaDI,TRUE,False,"Processing row 304: 2025-11-06 12:39:18.759174 -> Puzzle SAaDI - URL https://lichess.org/training/SAaDI, Reviewed: TRUE -> Status: 200 Text:{""ok"":true}"
SCc0J,https://lichess.org/training/SCc0J,TRUE,False,"Processing row 305: 2025-11-06 12:39:19.942995 -> Puzzle SCc0J - URL https://lichess.org/training/SCc0J, Reviewed: TRUE -> Status: 200 Text:{""ok"":true}"
SEReY,https://lichess.org/training/SEReY,TRUE,False,"Processing row 306: 2025-11-06 12:39:21.104895 -> Puzzle SEReY - URL https://lichess.org/training/SEReY, Reviewed: TRUE -> Status: 200 Text:{""ok"":true}"
SEzfe,https://lichess.org/training/SEzfe,TRUE,False,"Processing row 307: 2025-11-06 12:39:22.297710 -> Puzzle SEzfe - URL https://lichess.org/training/SEzfe, Reviewed: TRUE -> Status: 200 Text:{""ok"":true}"
SOtqd,https://lichess.org/training/SOtqd,TRUE,False,"Processing row 308: 2025-11-06 12:39:23.446640 -> Puzzle SOtqd - URL https://lichess.org/training/SOtqd, Reviewed: TRUE -> Status: 200 Text:{""ok"":true}"
SkUaP,https://lichess.org/training/SkUaP,TRUE,False,"Processing row 309: 2025-11-06 12:39:24.678351 -> Puzzle SkUaP - URL https://lichess.org/training/SkUaP, Reviewed: TRUE -> Status: 200 Text:{""ok"":true}"
Sv6AI,https://lichess.org/training/Sv6AI,TRUE,False,"Processing row 310: 2025-11-06 12:39:25.861209 -> Puzzle Sv6AI - URL https://lichess.org/training/Sv6AI, Reviewed: TRUE -> Status: 200 Text:{""ok"":true}"
T8TUE,https://lichess.org/training/T8TUE,TRUE,False,"Processing row 311: 2025-11-06 12:39:27.020127 -> Puzzle T8TUE - URL https://lichess.org/training/T8TUE, Reviewed: TRUE -> Status: 200 Text:{""ok"":true}"
T9cV4,https://lichess.org/training/T9cV4,TRUE,False,"Processing row 312: 2025-11-06 12:39:28.191979 -> Puzzle T9cV4 - URL https://lichess.org/training/T9cV4, Reviewed: TRUE -> Status: 200 Text:{""ok"":true}"
TDpDa,https://lichess.org/training/TDpDa,TRUE,False,"Processing row 313: 2025-11-06 12:39:29.434391 -> Puzzle TDpDa - URL https://lichess.org/training/TDpDa, Reviewed: TRUE -> Status: 200 Text:{""ok"":true}"
TM2x8,https://lichess.org/training/TM2x8,TRUE,False,"Processing row 314: 2025-11-06 12:39:30.589144 -> Puzzle TM2x8 - URL https://lichess.org/training/TM2x8, Reviewed: TRUE -> Status: 200 Text:{""ok"":true}"
TPBUU,https://lichess.org/training/TPBUU,TRUE,False,"Processing row 315: 2025-11-06 12:39:31.771064 -> Puzzle TPBUU - URL https://lichess.org/training/TPBUU, Reviewed: TRUE -> Status: 200 Text:{""ok"":true}"
TWrlD,https://lichess.org/training/TWrlD,TRUE,False,"Processing row 316: 2025-11-06 12:39:32.963224 -> Puzzle TWrlD - URL https://lichess.org/training/TWrlD, Reviewed: TRUE -> Status: 200 Text:{""ok"":true}"
TYVxK,https://lichess.org/training/TYVxK,TRUE,False,"Processing row 317: 2025-11-06 12:39:34.173635 -> Puzzle TYVxK - URL https://lichess.org/training/TYVxK, Reviewed: TRUE -> Status: 200 Text:{""ok"":true}"
TgnDL,https://lichess.org/training/TgnDL,TRUE,False,"Processing row 318: 2025-11-06 12:39:35.422072 -> Puzzle TgnDL - URL https://lichess.org/training/TgnDL, Reviewed: TRUE -> Status: 200 Text:{""ok"":true}"
Tk1Im,https://lichess.org/training/Tk1Im,TRUE,False,"Processing row 319: 2025-11-06 12:39:36.620820 -> Puzzle Tk1Im - URL https://lichess.org/training/Tk1Im, Reviewed: TRUE -> Status: 200 Text:{""ok"":true}"
Tr6M2,https://lichess.org/training/Tr6M2,TRUE,False,"Processing row 320: 2025-11-06 12:39:37.859093 -> Puzzle Tr6M2 - URL https://lichess.org/training/Tr6M2, Reviewed: TRUE -> Status: 200 Text:{""ok"":true}"
U3aD9,https://lichess.org/training/U3aD9,TRUE,False,"Processing row 321: 2025-11-06 12:39:39.024863 -> Puzzle U3aD9 - URL https://lichess.org/training/U3aD9, Reviewed: TRUE -> Status: 200 Text:{""ok"":true}"
UFEGs,https://lichess.org/training/UFEGs,FALSE,False,X
UHuT7,https://lichess.org/training/UHuT7,TRUE,False,"Processing row 323: 2025-11-06 12:39:40.274206 -> Puzzle UHuT7 - URL https://lichess.org/training/UHuT7, Reviewed: TRUE -> Status: 200 Text:{""ok"":true}"
ULssp,https://lichess.org/training/ULssp,TRUE,False,"Processing row 324: 2025-11-06 12:39:41.517714 -> Puzzle ULssp - URL https://lichess.org/training/ULssp, Reviewed: TRUE -> Status: 200 Text:{""ok"":true}"
UPPQN,https://lichess.org/training/UPPQN,TRUE,False,"Processing row 325: 2025-11-06 12:39:42.698400 -> Puzzle UPPQN - URL https://lichess.org/training/UPPQN, Reviewed: TRUE -> Status: 200 Text:{""ok"":true}"
US6od,https://lichess.org/training/US6od,TRUE,False,"Processing row 326: 2025-11-06 12:39:43.911724 -> Puzzle US6od - URL https://lichess.org/training/US6od, Reviewed: TRUE -> Status: 200 Text:{""ok"":true}"
UV2MD,https://lichess.org/training/UV2MD,TRUE,False,"Processing row 327: 2025-11-06 12:39:45.086916 -> Puzzle UV2MD - URL https://lichess.org/training/UV2MD, Reviewed: TRUE -> Status: 200 Text:{""ok"":true}"
UV4qk,https://lichess.org/training/UV4qk,TRUE,False,"Processing row 328: 2025-11-06 12:39:46.295034 -> Puzzle UV4qk - URL https://lichess.org/training/UV4qk, Reviewed: TRUE -> Status: 200 Text:{""ok"":true}"
UVfiH,https://lichess.org/training/UVfiH,TRUE,False,"Processing row 329: 2025-11-06 12:39:47.482212 -> Puzzle UVfiH - URL https://lichess.org/training/UVfiH, Reviewed: TRUE -> Status: 200 Text:{""ok"":true}"
UWr9p,https://lichess.org/training/UWr9p,TRUE,False,"Processing row 330: 2025-11-06 12:39:48.678911 -> Puzzle UWr9p - URL https://lichess.org/training/UWr9p, Reviewed: TRUE -> Status: 200 Text:{""ok"":true}"
UXbmm,https://lichess.org/training/UXbmm,TRUE,False,"Processing row 331: 2025-11-06 12:39:49.892862 -> Puzzle UXbmm - URL https://lichess.org/training/UXbmm, Reviewed: TRUE -> Status: 200 Text:{""ok"":true}"
UkbKD,https://lichess.org/training/UkbKD,TRUE,False,"Processing row 332: 2025-11-06 12:39:51.092013 -> Puzzle UkbKD - URL https://lichess.org/training/UkbKD, Reviewed: TRUE -> Status: 200 Text:{""ok"":true}"
Ukdal,https://lichess.org/training/Ukdal,TRUE,False,"Processing row 333: 2025-11-06 12:39:52.257756 -> Puzzle Ukdal - URL https://lichess.org/training/Ukdal, Reviewed: TRUE -> Status: 200 Text:{""ok"":true}"
UnWOp,https://lichess.org/training/UnWOp,TRUE,False,"Processing row 334: 2025-11-06 12:39:53.421209 -> Puzzle UnWOp - URL https://lichess.org/training/UnWOp, Reviewed: TRUE -> Status: 200 Text:{""ok"":true}"
Uqc5U,https://lichess.org/training/Uqc5U,TRUE,False,"Processing row 335: 2025-11-06 12:39:54.635910 -> Puzzle Uqc5U - URL https://lichess.org/training/Uqc5U, Reviewed: TRUE -> Status: 200 Text:{""ok"":true}"
UsSIc,https://lichess.org/training/UsSIc,TRUE,False,"Processing row 336: 2025-11-06 12:39:55.829236 -> Puzzle UsSIc - URL https://lichess.org/training/UsSIc, Reviewed: TRUE -> Status: 200 Text:{""ok"":true}"
UsgLA,https://lichess.org/training/UsgLA,TRUE,False,"Processing row 337: 2025-11-06 12:39:57.015031 -> Puzzle UsgLA - URL https://lichess.org/training/UsgLA, Reviewed: TRUE -> Status: 200 Text:{""ok"":true}"
UxIuE,https://lichess.org/training/UxIuE,TRUE,False,"Processing row 338: 2025-11-06 12:39:58.295189 -> Puzzle UxIuE - URL https://lichess.org/training/UxIuE, Reviewed: TRUE -> Status: 200 Text:{""ok"":true}"
V4F6M,https://lichess.org/training/V4F6M,TRUE,False,"Processing row 339: 2025-11-06 12:39:59.435475 -> Puzzle V4F6M - URL https://lichess.org/training/V4F6M, Reviewed: TRUE -> Status: 200 Text:{""ok"":true}"
V6mTg,https://lichess.org/training/V6mTg,TRUE,False,"Processing row 340: 2025-11-06 12:40:00.631312 -> Puzzle V6mTg - URL https://lichess.org/training/V6mTg, Reviewed: TRUE -> Status: 200 Text:{""ok"":true}"
VAaZZ,https://lichess.org/training/VAaZZ,TRUE,False,"Processing row 341: 2025-11-06 12:40:01.839746 -> Puzzle VAaZZ - URL https://lichess.org/training/VAaZZ, Reviewed: TRUE -> Status: 200 Text:{""ok"":true}"
VD7rR,https://lichess.org/training/VD7rR,TRUE,False,"Processing row 342: 2025-11-06 12:40:03.032764 -> Puzzle VD7rR - URL https://lichess.org/training/VD7rR, Reviewed: TRUE -> Status: 200 Text:{""ok"":true}"
VIBMU,https://lichess.org/training/VIBMU,TRUE,False,"Processing row 343: 2025-11-06 12:40:04.236206 -> Puzzle VIBMU - URL https://lichess.org/training/VIBMU, Reviewed: TRUE -> Status: 200 Text:{""ok"":true}"
VR5Pw,https://lichess.org/training/VR5Pw,TRUE,False,"Processing row 344: 2025-11-06 12:40:05.429201 -> Puzzle VR5Pw - URL https://lichess.org/training/VR5Pw, Reviewed: TRUE -> Status: 200 Text:{""ok"":true}"
VSiUz,https://lichess.org/training/VSiUz,TRUE,False,"Processing row 345: 2025-11-06 12:40:06.666687 -> Puzzle VSiUz - URL https://lichess.org/training/VSiUz, Reviewed: TRUE -> Status: 200 Text:{""ok"":true}"
VWWbM,https://lichess.org/training/VWWbM,TRUE,False,"Processing row 346: 2025-11-06 12:40:07.938280 -> Puzzle VWWbM - URL https://lichess.org/training/VWWbM, Reviewed: TRUE -> Status: 200 Text:{""ok"":true}"
VY2Wf,https://lichess.org/training/VY2Wf,TRUE,False,"Processing row 347: 2025-11-06 12:40:09.109413 -> Puzzle VY2Wf - URL https://lichess.org/training/VY2Wf, Reviewed: TRUE -> Status: 200 Text:{""ok"":true}"
VdALJ,https://lichess.org/training/VdALJ,TRUE,False,"Processing row 348: 2025-11-06 12:40:10.286939 -> Puzzle VdALJ - URL https://lichess.org/training/VdALJ, Reviewed: TRUE -> Status: 200 Text:{""ok"":true}"
VeFkS,https://lichess.org/training/VeFkS,TRUE,False,"Processing row 349: 2025-11-06 12:40:11.508954 -> Puzzle VeFkS - URL https://lichess.org/training/VeFkS, Reviewed: TRUE -> Status: 200 Text:{""ok"":true}"
ViYRX,https://lichess.org/training/ViYRX,TRUE,False,"Processing row 350: 2025-11-06 12:40:12.696482 -> Puzzle ViYRX - URL https://lichess.org/training/ViYRX, Reviewed: TRUE -> Status: 200 Text:{""ok"":true}"
VmfI0,https://lichess.org/training/VmfI0,TRUE,False,"Processing row 351: 2025-11-06 12:40:13.891312 -> Puzzle VmfI0 - URL https://lichess.org/training/VmfI0, Reviewed: TRUE -> Status: 200 Text:{""ok"":true}"
W7FTV,https://lichess.org/training/W7FTV,TRUE,False,"Processing row 352: 2025-11-06 12:40:15.031850 -> Puzzle W7FTV - URL https://lichess.org/training/W7FTV, Reviewed: TRUE -> Status: 200 Text:{""ok"":true}"
WLQQg,https://lichess.org/training/WLQQg,TRUE,False,"Processing row 353: 2025-11-06 12:40:16.173164 -> Puzzle WLQQg - URL https://lichess.org/training/WLQQg, Reviewed: TRUE -> Status: 200 Text:{""ok"":true}"
WRHHr,https://lichess.org/training/WRHHr,TRUE,False,"Processing row 354: 2025-11-06 12:40:17.346077 -> Puzzle WRHHr - URL https://lichess.org/training/WRHHr, Reviewed: TRUE -> Status: 200 Text:{""ok"":true}"
WZ2sv,https://lichess.org/training/WZ2sv,TRUE,False,"Processing row 355: 2025-11-06 12:40:18.491769 -> Puzzle WZ2sv - URL https://lichess.org/training/WZ2sv, Reviewed: TRUE -> Status: 200 Text:{""ok"":true}"
WZHFA,https://lichess.org/training/WZHFA,TRUE,False,"Processing row 356: 2025-11-06 12:40:19.667370 -> Puzzle WZHFA - URL https://lichess.org/training/WZHFA, Reviewed: TRUE -> Status: 200 Text:{""ok"":true}"
WfktV,https://lichess.org/training/WfktV,TRUE,False,"Processing row 357: 2025-11-06 12:40:20.818884 -> Puzzle WfktV - URL https://lichess.org/training/WfktV, Reviewed: TRUE -> Status: 200 Text:{""ok"":true}"
WfqbU,https://lichess.org/training/WfqbU,TRUE,False,"Processing row 358: 2025-11-06 12:40:21.978044 -> Puzzle WfqbU - URL https://lichess.org/training/WfqbU, Reviewed: TRUE -> Status: 200 Text:{""ok"":true}"
WovpH,https://lichess.org/training/WovpH,TRUE,False,"Processing row 359: 2025-11-06 12:40:23.264476 -> Puzzle WovpH - URL https://lichess.org/training/WovpH, Reviewed: TRUE -> Status: 200 Text:{""ok"":true}"
WpSjW,https://lichess.org/training/WpSjW,TRUE,False,"Processing row 360: 2025-11-06 12:40:24.446848 -> Puzzle WpSjW - URL https://lichess.org/training/WpSjW, Reviewed: TRUE -> Status: 200 Text:{""ok"":true}"
Wq2LL,https://lichess.org/training/Wq2LL,TRUE,False,"Processing row 361: 2025-11-06 12:40:25.596411 -> Puzzle Wq2LL - URL https://lichess.org/training/Wq2LL, Reviewed: TRUE -> Status: 200 Text:{""ok"":true}"
X2tJN,https://lichess.org/training/X2tJN,TRUE,False,"Processing row 362: 2025-11-06 12:40:26.778443 -> Puzzle X2tJN - URL https://lichess.org/training/X2tJN, Reviewed: TRUE -> Status: 200 Text:{""ok"":true}"
X8k2w,https://lichess.org/training/X8k2w,TRUE,False,"Processing row 363: 2025-11-06 12:40:27.996303 -> Puzzle X8k2w - URL https://lichess.org/training/X8k2w, Reviewed: TRUE -> Status: 200 Text:{""ok"":true}"
XCzTA,https://lichess.org/training/XCzTA,TRUE,False,"Processing row 364: 2025-11-06 12:40:29.139904 -> Puzzle XCzTA - URL https://lichess.org/training/XCzTA, Reviewed: TRUE -> Status: 200 Text:{""ok"":true}"
XDF6l,https://lichess.org/training/XDF6l,TRUE,False,"Processing row 365: 2025-11-06 12:40:30.297994 -> Puzzle XDF6l - URL https://lichess.org/training/XDF6l, Reviewed: TRUE -> Status: 200 Text:{""ok"":true}"
XEX1E,https://lichess.org/training/XEX1E,TRUE,False,"Processing row 366: 2025-11-06 12:40:31.515924 -> Puzzle XEX1E - URL https://lichess.org/training/XEX1E, Reviewed: TRUE -> Status: 200 Text:{""ok"":true}"
XKm8J,https://lichess.org/training/XKm8J,TRUE,False,"Processing row 367: 2025-11-06 12:40:32.666559 -> Puzzle XKm8J - URL https://lichess.org/training/XKm8J, Reviewed: TRUE -> Status: 200 Text:{""ok"":true}"
XOfAQ,https://lichess.org/training/XOfAQ,TRUE,False,"Processing row 368: 2025-11-06 12:40:33.892166 -> Puzzle XOfAQ - URL https://lichess.org/training/XOfAQ, Reviewed: TRUE -> Status: 200 Text:{""ok"":true}"
XYsPL,https://lichess.org/training/XYsPL,TRUE,False,"Processing row 369: 2025-11-06 12:40:35.090095 -> Puzzle XYsPL - URL https://lichess.org/training/XYsPL, Reviewed: TRUE -> Status: 200 Text:{""ok"":true}"
XbhL5,https://lichess.org/training/XbhL5,TRUE,False,"Processing row 370: 2025-11-06 12:40:36.412173 -> Puzzle XbhL5 - URL https://lichess.org/training/XbhL5, Reviewed: TRUE -> Status: 200 Text:{""ok"":true}"
Xt83T,https://lichess.org/training/Xt83T,TRUE,False,"Processing row 371: 2025-11-06 12:40:37.579055 -> Puzzle Xt83T - URL https://lichess.org/training/Xt83T, Reviewed: TRUE -> Status: 200 Text:{""ok"":true}"
XxKOx,https://lichess.org/training/XxKOx,TRUE,False,"Processing row 372: 2025-11-06 12:40:38.739091 -> Puzzle XxKOx - URL https://lichess.org/training/XxKOx, Reviewed: TRUE -> Status: 200 Text:{""ok"":true}"
Xz9TI,https://lichess.org/training/Xz9TI,TRUE,False,"Processing row 373: 2025-11-06 12:40:39.869447 -> Puzzle Xz9TI - URL https://lichess.org/training/Xz9TI, Reviewed: TRUE -> Status: 200 Text:{""ok"":true}"
Y9P1Y,https://lichess.org/training/Y9P1Y,TRUE,False,"Processing row 374: 2025-11-06 12:40:41.058796 -> Puzzle Y9P1Y - URL https://lichess.org/training/Y9P1Y, Reviewed: TRUE -> Status: 200 Text:{""ok"":true}"
YCuLs,https://lichess.org/training/YCuLs,TRUE,False,"Processing row 375: 2025-11-06 12:40:42.295174 -> Puzzle YCuLs - URL https://lichess.org/training/YCuLs, Reviewed: TRUE -> Status: 200 Text:{""ok"":true}"
YFrpX,https://lichess.org/training/YFrpX,TRUE,False,"Processing row 376: 2025-11-06 12:40:43.494549 -> Puzzle YFrpX - URL https://lichess.org/training/YFrpX, Reviewed: TRUE -> Status: 200 Text:{""ok"":true}"
YHz88,https://lichess.org/training/YHz88,TRUE,False,"Processing row 377: 2025-11-06 12:40:44.660623 -> Puzzle YHz88 - URL https://lichess.org/training/YHz88, Reviewed: TRUE -> Status: 200 Text:{""ok"":true}"
YIuu3,https://lichess.org/training/YIuu3,TRUE,False,"Processing row 378: 2025-11-06 12:40:45.942132 -> Puzzle YIuu3 - URL https://lichess.org/training/YIuu3, Reviewed: TRUE -> Status: 200 Text:{""ok"":true}"
YJEBg,https://lichess.org/training/YJEBg,TRUE,False,"Processing row 379: 2025-11-06 12:40:47.085563 -> Puzzle YJEBg - URL https://lichess.org/training/YJEBg, Reviewed: TRUE -> Status: 200 Text:{""ok"":true}"
YSgN3,https://lichess.org/training/YSgN3,TRUE,False,"Processing row 380: 2025-11-06 12:40:48.294711 -> Puzzle YSgN3 - URL https://lichess.org/training/YSgN3, Reviewed: TRUE -> Status: 200 Text:{""ok"":true}"
YZcAo,https://lichess.org/training/YZcAo,TRUE,False,"Processing row 381: 2025-11-06 12:40:49.506879 -> Puzzle YZcAo - URL https://lichess.org/training/YZcAo, Reviewed: TRUE -> Status: 200 Text:{""ok"":true}"
YcGYP,https://lichess.org/training/YcGYP,TRUE,False,"Processing row 382: 2025-11-06 12:40:50.688798 -> Puzzle YcGYP - URL https://lichess.org/training/YcGYP, Reviewed: TRUE -> Status: 200 Text:{""ok"":true}"
YmmkV,https://lichess.org/training/YmmkV,TRUE,False,"Processing row 383: 2025-11-06 12:40:51.877988 -> Puzzle YmmkV - URL https://lichess.org/training/YmmkV, Reviewed: TRUE -> Status: 200 Text:{""ok"":true}"
YwMoY,https://lichess.org/training/YwMoY,TRUE,False,"Processing row 384: 2025-11-06 12:40:53.026101 -> Puzzle YwMoY - URL https://lichess.org/training/YwMoY, Reviewed: TRUE -> Status: 200 Text:{""ok"":true}"
Z3Aj1,https://lichess.org/training/Z3Aj1,TRUE,False,"Processing row 385: 2025-11-06 12:40:54.254962 -> Puzzle Z3Aj1 - URL https://lichess.org/training/Z3Aj1, Reviewed: TRUE -> Status: 200 Text:{""ok"":true}"
Z3sZT,https://lichess.org/training/Z3sZT,TRUE,False,"Processing row 386: 2025-11-06 12:40:55.409287 -> Puzzle Z3sZT - URL https://lichess.org/training/Z3sZT, Reviewed: TRUE -> Status: 200 Text:{""ok"":true}"
Z5eec,https://lichess.org/training/Z5eec,TRUE,False,"Processing row 387: 2025-11-06 12:40:56.556894 -> Puzzle Z5eec - URL https://lichess.org/training/Z5eec, Reviewed: TRUE -> Status: 200 Text:{""ok"":true}"
Z9sSb,https://lichess.org/training/Z9sSb,TRUE,False,"Processing row 388: 2025-11-06 12:40:57.716650 -> Puzzle Z9sSb - URL https://lichess.org/training/Z9sSb, Reviewed: TRUE -> Status: 200 Text:{""ok"":true}"
ZI4At,https://lichess.org/training/ZI4At,TRUE,False,"Processing row 389: 2025-11-06 12:40:58.917383 -> Puzzle ZI4At - URL https://lichess.org/training/ZI4At, Reviewed: TRUE -> Status: 200 Text:{""ok"":true}"
ZLt1I,https://lichess.org/training/ZLt1I,TRUE,False,"Processing row 390: 2025-11-06 12:41:00.067134 -> Puzzle ZLt1I - URL https://lichess.org/training/ZLt1I, Reviewed: TRUE -> Status: 200 Text:{""ok"":true}"
ZW9US,https://lichess.org/training/ZW9US,TRUE,False,"Processing row 391: 2025-11-06 12:41:01.207482 -> Puzzle ZW9US - URL https://lichess.org/training/ZW9US, Reviewed: TRUE -> Status: 200 Text:{""ok"":true}"
Za1PS,https://lichess.org/training/Za1PS,TRUE,False,"Processing row 392: 2025-11-06 12:41:02.352420 -> Puzzle Za1PS - URL https://lichess.org/training/Za1PS, Reviewed: TRUE -> Status: 200 Text:{""ok"":true}"
ZhdWx,https://lichess.org/training/ZhdWx,TRUE,False,"Processing row 393: 2025-11-06 12:41:03.547984 -> Puzzle ZhdWx - URL https://lichess.org/training/ZhdWx, Reviewed: TRUE -> Status: 200 Text:{""ok"":true}"
ZlNtS,https://lichess.org/training/ZlNtS,TRUE,False,"Processing row 394: 2025-11-06 12:41:04.703711 -> Puzzle ZlNtS - URL https://lichess.org/training/ZlNtS, Reviewed: TRUE -> Status: 200 Text:{""ok"":true}"
ZrSEu,https://lichess.org/training/ZrSEu,TRUE,False,"Processing row 395: 2025-11-06 12:41:05.908185 -> Puzzle ZrSEu - URL https://lichess.org/training/ZrSEu, Reviewed: TRUE -> Status: 200 Text:{""ok"":true}"
Ztsz3,https://lichess.org/training/Ztsz3,TRUE,False,"Processing row 396: 2025-11-06 12:41:07.117239 -> Puzzle Ztsz3 - URL https://lichess.org/training/Ztsz3, Reviewed: TRUE -> Status: 200 Text:{""ok"":true}"
a0FIb,https://lichess.org/training/a0FIb,TRUE,False,"Processing row 397: 2025-11-06 12:41:08.402047 -> Puzzle a0FIb - URL https://lichess.org/training/a0FIb, Reviewed: TRUE -> Status: 200 Text:{""ok"":true}"
aK2fu,https://lichess.org/training/aK2fu,TRUE,False,"Processing row 398: 2025-11-06 12:41:09.645092 -> Puzzle aK2fu - URL https://lichess.org/training/aK2fu, Reviewed: TRUE -> Status: 200 Text:{""ok"":true}"
aKb5W,https://lichess.org/training/aKb5W,TRUE,False,"Processing row 399: 2025-11-06 12:41:10.820947 -> Puzzle aKb5W - URL https://lichess.org/training/aKb5W, Reviewed: TRUE -> Status: 200 Text:{""ok"":true}"
aMYBK,https://lichess.org/training/aMYBK,TRUE,False,"Processing row 400: 2025-11-06 12:41:12.024254 -> Puzzle aMYBK - URL https://lichess.org/training/aMYBK, Reviewed: TRUE -> Status: 200 Text:{""ok"":true}"
aWBcy,https://lichess.org/training/aWBcy,TRUE,False,"Processing row 401: 2025-11-06 12:41:13.265982 -> Puzzle aWBcy - URL https://lichess.org/training/aWBcy, Reviewed: TRUE -> Status: 200 Text:{""ok"":true}"
aWFVD,https://lichess.org/training/aWFVD,TRUE,False,"Processing row 402: 2025-11-06 12:41:14.546920 -> Puzzle aWFVD - URL https://lichess.org/training/aWFVD, Reviewed: TRUE -> Status: 200 Text:{""ok"":true}"
aXsb1,https://lichess.org/training/aXsb1,TRUE,False,"Processing row 403: 2025-11-06 12:41:15.706187 -> Puzzle aXsb1 - URL https://lichess.org/training/aXsb1, Reviewed: TRUE -> Status: 200 Text:{""ok"":true}"
agw8O,https://lichess.org/training/agw8O,TRUE,False,"Processing row 404: 2025-11-06 12:41:16.897427 -> Puzzle agw8O - URL https://lichess.org/training/agw8O, Reviewed: TRUE -> Status: 200 Text:{""ok"":true}"
atzFj,https://lichess.org/training/atzFj,TRUE,False,"Processing row 405: 2025-11-06 12:41:18.076647 -> Puzzle atzFj - URL https://lichess.org/training/atzFj, Reviewed: TRUE -> Status: 200 Text:{""ok"":true}"
axOlv,https://lichess.org/training/axOlv,TRUE,False,"Processing row 406: 2025-11-06 12:41:19.262653 -> Puzzle axOlv - URL https://lichess.org/training/axOlv, Reviewed: TRUE -> Status: 200 Text:{""ok"":true}"
ayQVX,https://lichess.org/training/ayQVX,TRUE,False,"Processing row 407: 2025-11-06 12:41:20.415704 -> Puzzle ayQVX - URL https://lichess.org/training/ayQVX, Reviewed: TRUE -> Status: 200 Text:{""ok"":true}"
b4igY,https://lichess.org/training/b4igY,TRUE,False,"Processing row 408: 2025-11-06 12:41:21.593291 -> Puzzle b4igY - URL https://lichess.org/training/b4igY, Reviewed: TRUE -> Status: 200 Text:{""ok"":true}"
b5IXL,https://lichess.org/training/b5IXL,TRUE,False,"Processing row 409: 2025-11-06 12:41:23.020926 -> Puzzle b5IXL - URL https://lichess.org/training/b5IXL, Reviewed: TRUE -> Status: 200 Text:{""ok"":true}"
b9Cvz,https://lichess.org/training/b9Cvz,TRUE,False,"Processing row 410: 2025-11-06 12:41:24.234521 -> Puzzle b9Cvz - URL https://lichess.org/training/b9Cvz, Reviewed: TRUE -> Status: 200 Text:{""ok"":true}"
b9wKX,https://lichess.org/training/b9wKX,TRUE,False,"Processing row 411: 2025-11-06 12:41:25.465505 -> Puzzle b9wKX - URL https://lichess.org/training/b9wKX, Reviewed: TRUE -> Status: 200 Text:{""ok"":true}"
bAZ9T,https://lichess.org/training/bAZ9T,TRUE,False,"Processing row 412: 2025-11-06 12:41:26.773140 -> Puzzle bAZ9T - URL https://lichess.org/training/bAZ9T, Reviewed: TRUE -> Status: 200 Text:{""ok"":true}"
bRl0L,https://lichess.org/training/bRl0L,TRUE,False,"Processing row 413: 2025-11-06 12:41:27.980563 -> Puzzle bRl0L - URL https://lichess.org/training/bRl0L, Reviewed: TRUE -> Status: 200 Text:{""ok"":true}"
beqnW,https://lichess.org/training/beqnW,TRUE,False,"Processing row 414: 2025-11-06 12:41:29.275617 -> Puzzle beqnW - URL https://lichess.org/training/beqnW, Reviewed: TRUE -> Status: 200 Text:{""ok"":true}"
biD2C,https://lichess.org/training/biD2C,TRUE,False,"Processing row 415: 2025-11-06 12:41:30.423497 -> Puzzle biD2C - URL https://lichess.org/training/biD2C, Reviewed: TRUE -> Status: 200 Text:{""ok"":true}"
bonCh,https://lichess.org/training/bonCh,TRUE,False,"Processing row 416: 2025-11-06 12:41:31.668117 -> Puzzle bonCh - URL https://lichess.org/training/bonCh, Reviewed: TRUE -> Status: 200 Text:{""ok"":true}"
brssi,https://lichess.org/training/brssi,TRUE,False,"Processing row 417: 2025-11-06 12:41:32.809096 -> Puzzle brssi - URL https://lichess.org/training/brssi, Reviewed: TRUE -> Status: 200 Text:{""ok"":true}"
bw2fJ,https://lichess.org/training/bw2fJ,TRUE,False,"Processing row 418: 2025-11-06 12:41:33.992555 -> Puzzle bw2fJ - URL https://lichess.org/training/bw2fJ, Reviewed: TRUE -> Status: 200 Text:{""ok"":true}"
c5oqN,https://lichess.org/training/c5oqN,TRUE,False,"Processing row 419: 2025-11-06 12:41:35.225773 -> Puzzle c5oqN - URL https://lichess.org/training/c5oqN, Reviewed: TRUE -> Status: 200 Text:{""ok"":true}"
cJTxz,https://lichess.org/training/cJTxz,TRUE,False,"Processing row 420: 2025-11-06 12:41:36.404208 -> Puzzle cJTxz - URL https://lichess.org/training/cJTxz, Reviewed: TRUE -> Status: 200 Text:{""ok"":true}"
cJdW3,https://lichess.org/training/cJdW3,TRUE,False,"Processing row 421: 2025-11-06 12:41:37.638471 -> Puzzle cJdW3 - URL https://lichess.org/training/cJdW3, Reviewed: TRUE -> Status: 200 Text:{""ok"":true}"
cOB9b,https://lichess.org/training/cOB9b,TRUE,False,"Processing row 422: 2025-11-06 12:41:38.799696 -> Puzzle cOB9b - URL https://lichess.org/training/cOB9b, Reviewed: TRUE -> Status: 200 Text:{""ok"":true}"
cbi6g,https://lichess.org/training/cbi6g,TRUE,False,"Processing row 423: 2025-11-06 12:41:39.987066 -> Puzzle cbi6g - URL https://lichess.org/training/cbi6g, Reviewed: TRUE -> Status: 200 Text:{""ok"":true}"
cdVVD,https://lichess.org/training/cdVVD,TRUE,False,"Processing row 424: 2025-11-06 12:41:41.153531 -> Puzzle cdVVD - URL https://lichess.org/training/cdVVD, Reviewed: TRUE -> Status: 200 Text:{""ok"":true}"
cgY9I,https://lichess.org/training/cgY9I,TRUE,False,"Processing row 425: 2025-11-06 12:41:42.397451 -> Puzzle cgY9I - URL https://lichess.org/training/cgY9I, Reviewed: TRUE -> Status: 200 Text:{""ok"":true}"
cjcvD,https://lichess.org/training/cjcvD,TRUE,False,"Processing row 426: 2025-11-06 12:41:43.559095 -> Puzzle cjcvD - URL https://lichess.org/training/cjcvD, Reviewed: TRUE -> Status: 200 Text:{""ok"":true}"
cwAO3,https://lichess.org/training/cwAO3,TRUE,False,"Processing row 427: 2025-11-06 12:41:44.719737 -> Puzzle cwAO3 - URL https://lichess.org/training/cwAO3, Reviewed: TRUE -> Status: 200 Text:{""ok"":true}"
dM7cX,https://lichess.org/training/dM7cX,TRUE,False,"Processing row 428: 2025-11-06 12:41:45.867655 -> Puzzle dM7cX - URL https://lichess.org/training/dM7cX, Reviewed: TRUE -> Status: 200 Text:{""ok"":true}"
dNIjS,https://lichess.org/training/dNIjS,TRUE,False,"Processing row 429: 2025-11-06 12:41:47.043563 -> Puzzle dNIjS - URL https://lichess.org/training/dNIjS, Reviewed: TRUE -> Status: 200 Text:{""ok"":true}"
dPA6C,https://lichess.org/training/dPA6C,TRUE,False,"Processing row 430: 2025-11-06 12:41:48.211008 -> Puzzle dPA6C - URL https://lichess.org/training/dPA6C, Reviewed: TRUE -> Status: 200 Text:{""ok"":true}"
dRmnw,https://lichess.org/training/dRmnw,TRUE,False,"Processing row 431: 2025-11-06 12:41:49.395554 -> Puzzle dRmnw - URL https://lichess.org/training/dRmnw, Reviewed: TRUE -> Status: 200 Text:{""ok"":true}"
de55t,https://lichess.org/training/de55t,TRUE,False,"Processing row 432: 2025-11-06 12:41:50.537823 -> Puzzle de55t - URL https://lichess.org/training/de55t, Reviewed: TRUE -> Status: 200 Text:{""ok"":true}"
dkQoY,https://lichess.org/training/dkQoY,TRUE,False,"Processing row 433: 2025-11-06 12:41:51.715085 -> Puzzle dkQoY - URL https://lichess.org/training/dkQoY, Reviewed: TRUE -> Status: 200 Text:{""ok"":true}"
dm5M0,https://lichess.org/training/dm5M0,TRUE,False,"Processing row 434: 2025-11-06 12:41:52.874284 -> Puzzle dm5M0 - URL https://lichess.org/training/dm5M0, Reviewed: TRUE -> Status: 200 Text:{""ok"":true}"
dpzQI,https://lichess.org/training/dpzQI,TRUE,False,"Processing row 435: 2025-11-06 12:41:54.048070 -> Puzzle dpzQI - URL https://lichess.org/training/dpzQI, Reviewed: TRUE -> Status: 200 Text:{""ok"":true}"
dvfys,https://lichess.org/training/dvfys,TRUE,False,"Processing row 436: 2025-11-06 12:41:55.243929 -> Puzzle dvfys - URL https://lichess.org/training/dvfys, Reviewed: TRUE -> Status: 200 Text:{""ok"":true}"
eArtl,https://lichess.org/training/eArtl,TRUE,False,"Processing row 437: 2025-11-06 12:41:56.401769 -> Puzzle eArtl - URL https://lichess.org/training/eArtl, Reviewed: TRUE -> Status: 200 Text:{""ok"":true}"
eNrWn,https://lichess.org/training/eNrWn,TRUE,False,"Processing row 438: 2025-11-06 12:41:57.636822 -> Puzzle eNrWn - URL https://lichess.org/training/eNrWn, Reviewed: TRUE -> Status: 200 Text:{""ok"":true}"
eUBj6,https://lichess.org/training/eUBj6,TRUE,False,"Processing row 439: 2025-11-06 12:41:58.934800 -> Puzzle eUBj6 - URL https://lichess.org/training/eUBj6, Reviewed: TRUE -> Status: 200 Text:{""ok"":true}"
eclen,https://lichess.org/training/eclen,TRUE,False,"Processing row 440: 2025-11-06 12:42:00.093949 -> Puzzle eclen - URL https://lichess.org/training/eclen, Reviewed: TRUE -> Status: 200 Text:{""ok"":true}"
edO8T,https://lichess.org/training/edO8T,TRUE,False,"Processing row 441: 2025-11-06 12:42:01.219766 -> Puzzle edO8T - URL https://lichess.org/training/edO8T, Reviewed: TRUE -> Status: 200 Text:{""ok"":true}"
eyyN2,https://lichess.org/training/eyyN2,TRUE,False,"Processing row 442: 2025-11-06 12:42:02.385672 -> Puzzle eyyN2 - URL https://lichess.org/training/eyyN2, Reviewed: TRUE -> Status: 200 Text:{""ok"":true}"
f5MW4,https://lichess.org/training/f5MW4,TRUE,False,"Processing row 443: 2025-11-06 12:42:03.575568 -> Puzzle f5MW4 - URL https://lichess.org/training/f5MW4, Reviewed: TRUE -> Status: 200 Text:{""ok"":true}"
f6H4W,https://lichess.org/training/f6H4W,TRUE,False,"Processing row 444: 2025-11-06 12:42:04.799658 -> Puzzle f6H4W - URL https://lichess.org/training/f6H4W, Reviewed: TRUE -> Status: 200 Text:{""ok"":true}"
f7BqR,https://lichess.org/training/f7BqR,TRUE,False,"Processing row 445: 2025-11-06 12:42:06.028472 -> Puzzle f7BqR - URL https://lichess.org/training/f7BqR, Reviewed: TRUE -> Status: 200 Text:{""ok"":true}"
fXQMn,https://lichess.org/training/fXQMn,TRUE,False,"Processing row 446: 2025-11-06 12:42:07.204245 -> Puzzle fXQMn - URL https://lichess.org/training/fXQMn, Reviewed: TRUE -> Status: 200 Text:{""ok"":true}"
fYljq,https://lichess.org/training/fYljq,TRUE,False,"Processing row 447: 2025-11-06 12:42:08.374849 -> Puzzle fYljq - URL https://lichess.org/training/fYljq, Reviewed: TRUE -> Status: 200 Text:{""ok"":true}"
feBHk,https://lichess.org/training/feBHk,TRUE,False,"Processing row 448: 2025-11-06 12:42:09.583691 -> Puzzle feBHk - URL https://lichess.org/training/feBHk, Reviewed: TRUE -> Status: 200 Text:{""ok"":true}"
fi4OD,https://lichess.org/training/fi4OD,TRUE,False,"Processing row 449: 2025-11-06 12:42:10.776985 -> Puzzle fi4OD - URL https://lichess.org/training/fi4OD, Reviewed: TRUE -> Status: 200 Text:{""ok"":true}"
fjFQs,https://lichess.org/training/fjFQs,TRUE,False,"Processing row 450: 2025-11-06 12:42:11.909504 -> Puzzle fjFQs - URL https://lichess.org/training/fjFQs, Reviewed: TRUE -> Status: 200 Text:{""ok"":true}"
fmxOx,https://lichess.org/training/fmxOx,TRUE,False,"Processing row 451: 2025-11-06 12:42:13.076429 -> Puzzle fmxOx - URL https://lichess.org/training/fmxOx, Reviewed: TRUE -> Status: 200 Text:{""ok"":true}"
fowlc,https://lichess.org/training/fowlc,FALSE,False,X
fq0Rz,https://lichess.org/training/fq0Rz,TRUE,False,"Processing row 453: 2025-11-06 12:42:14.286209 -> Puzzle fq0Rz - URL https://lichess.org/training/fq0Rz, Reviewed: TRUE -> Status: 200 Text:{""ok"":true}"
frHbi,https://lichess.org/training/frHbi,TRUE,False,"Processing row 454: 2025-11-06 12:42:15.420113 -> Puzzle frHbi - URL https://lichess.org/training/frHbi, Reviewed: TRUE -> Status: 200 Text:{""ok"":true}"
g60nU,https://lichess.org/training/g60nU,TRUE,False,"Processing row 455: 2025-11-06 12:42:16.578010 -> Puzzle g60nU - URL https://lichess.org/training/g60nU, Reviewed: TRUE -> Status: 200 Text:{""ok"":true}"
g7CaO,https://lichess.org/training/g7CaO,TRUE,False,"Processing row 456: 2025-11-06 12:42:17.729531 -> Puzzle g7CaO - URL https://lichess.org/training/g7CaO, Reviewed: TRUE -> Status: 200 Text:{""ok"":true}"
g7KtC,https://lichess.org/training/g7KtC,TRUE,False,"Processing row 457: 2025-11-06 12:42:18.894902 -> Puzzle g7KtC - URL https://lichess.org/training/g7KtC, Reviewed: TRUE -> Status: 200 Text:{""ok"":true}"
g8Iz5,https://lichess.org/training/g8Iz5,TRUE,False,"Processing row 458: 2025-11-06 12:42:20.089581 -> Puzzle g8Iz5 - URL https://lichess.org/training/g8Iz5, Reviewed: TRUE -> Status: 200 Text:{""ok"":true}"
gAvnp,https://lichess.org/training/gAvnp,TRUE,False,"Processing row 459: 2025-11-06 12:42:21.359661 -> Puzzle gAvnp - URL https://lichess.org/training/gAvnp, Reviewed: TRUE -> Status: 200 Text:{""ok"":true}"
gDydU,https://lichess.org/training/gDydU,TRUE,False,"Processing row 460: 2025-11-06 12:42:22.548390 -> Puzzle gDydU - URL https://lichess.org/training/gDydU, Reviewed: TRUE -> Status: 200 Text:{""ok"":true}"
gL3hq,https://lichess.org/training/gL3hq,TRUE,False,"Processing row 461: 2025-11-06 12:42:23.768113 -> Puzzle gL3hq - URL https://lichess.org/training/gL3hq, Reviewed: TRUE -> Status: 200 Text:{""ok"":true}"
gXFrG,https://lichess.org/training/gXFrG,TRUE,False,"Processing row 462: 2025-11-06 12:42:24.960943 -> Puzzle gXFrG - URL https://lichess.org/training/gXFrG, Reviewed: TRUE -> Status: 200 Text:{""ok"":true}"
ghFM0,https://lichess.org/training/ghFM0,TRUE,False,"Processing row 463: 2025-11-06 12:42:26.098888 -> Puzzle ghFM0 - URL https://lichess.org/training/ghFM0, Reviewed: TRUE -> Status: 200 Text:{""ok"":true}"
gmIaW,https://lichess.org/training/gmIaW,TRUE,False,"Processing row 464: 2025-11-06 12:42:27.311665 -> Puzzle gmIaW - URL https://lichess.org/training/gmIaW, Reviewed: TRUE -> Status: 200 Text:{""ok"":true}"
gpCpF,https://lichess.org/training/gpCpF,TRUE,False,"Processing row 465: 2025-11-06 12:42:28.538407 -> Puzzle gpCpF - URL https://lichess.org/training/gpCpF, Reviewed: TRUE -> Status: 200 Text:{""ok"":true}"
h5mAB,https://lichess.org/training/h5mAB,TRUE,False,"Processing row 466: 2025-11-06 12:42:29.783836 -> Puzzle h5mAB - URL https://lichess.org/training/h5mAB, Reviewed: TRUE -> Status: 200 Text:{""ok"":true}"
h7wxl,https://lichess.org/training/h7wxl,TRUE,False,"Processing row 467: 2025-11-06 12:42:30.923591 -> Puzzle h7wxl - URL https://lichess.org/training/h7wxl, Reviewed: TRUE -> Status: 200 Text:{""ok"":true}"
hKssf,https://lichess.org/training/hKssf,TRUE,False,"Processing row 468: 2025-11-06 12:42:32.117462 -> Puzzle hKssf - URL https://lichess.org/training/hKssf, Reviewed: TRUE -> Status: 200 Text:{""ok"":true}"
hYb1A,https://lichess.org/training/hYb1A,TRUE,False,"Processing row 469: 2025-11-06 12:42:33.263948 -> Puzzle hYb1A - URL https://lichess.org/training/hYb1A, Reviewed: TRUE -> Status: 200 Text:{""ok"":true}"
hZmc2,https://lichess.org/training/hZmc2,TRUE,False,"Processing row 470: 2025-11-06 12:42:34.419971 -> Puzzle hZmc2 - URL https://lichess.org/training/hZmc2, Reviewed: TRUE -> Status: 200 Text:{""ok"":true}"
haxvh,https://lichess.org/training/haxvh,TRUE,False,"Processing row 471: 2025-11-06 12:42:35.600565 -> Puzzle haxvh - URL https://lichess.org/training/haxvh, Reviewed: TRUE -> Status: 200 Text:{""ok"":true}"
hkGkw,https://lichess.org/training/hkGkw,TRUE,False,"Processing row 472: 2025-11-06 12:42:36.747942 -> Puzzle hkGkw - URL https://lichess.org/training/hkGkw, Reviewed: TRUE -> Status: 200 Text:{""ok"":true}"
hsRRb,https://lichess.org/training/hsRRb,TRUE,False,"Processing row 473: 2025-11-06 12:42:37.902431 -> Puzzle hsRRb - URL https://lichess.org/training/hsRRb, Reviewed: TRUE -> Status: 200 Text:{""ok"":true}"
hvik9,https://lichess.org/training/hvik9,TRUE,False,"Processing row 474: 2025-11-06 12:42:39.051501 -> Puzzle hvik9 - URL https://lichess.org/training/hvik9, Reviewed: TRUE -> Status: 200 Text:{""ok"":true}"
hvuKK,https://lichess.org/training/hvuKK,TRUE,False,"Processing row 475: 2025-11-06 12:42:40.217882 -> Puzzle hvuKK - URL https://lichess.org/training/hvuKK, Reviewed: TRUE -> Status: 200 Text:{""ok"":true}"
i2zm0,https://lichess.org/training/i2zm0,TRUE,False,"Processing row 476: 2025-11-06 12:42:41.388883 -> Puzzle i2zm0 - URL https://lichess.org/training/i2zm0, Reviewed: TRUE -> Status: 200 Text:{""ok"":true}"
i3JgW,https://lichess.org/training/i3JgW,TRUE,False,"Processing row 477: 2025-11-06 12:42:42.548203 -> Puzzle i3JgW - URL https://lichess.org/training/i3JgW, Reviewed: TRUE -> Status: 200 Text:{""ok"":true}"
i40fy,https://lichess.org/training/i40fy,TRUE,False,"Processing row 478: 2025-11-06 12:42:43.682375 -> Puzzle i40fy - URL https://lichess.org/training/i40fy, Reviewed: TRUE -> Status: 200 Text:{""ok"":true}"
i5tPA,https://lichess.org/training/i5tPA,TRUE,False,"Processing row 479: 2025-11-06 12:42:44.819844 -> Puzzle i5tPA - URL https://lichess.org/training/i5tPA, Reviewed: TRUE -> Status: 200 Text:{""ok"":true}"
iMftF,https://lichess.org/training/iMftF,TRUE,False,"Processing row 480: 2025-11-06 12:42:45.963317 -> Puzzle iMftF - URL https://lichess.org/training/iMftF, Reviewed: TRUE -> Status: 200 Text:{""ok"":true}"
iUQcO,https://lichess.org/training/iUQcO,TRUE,False,"Processing row 481: 2025-11-06 12:42:47.103123 -> Puzzle iUQcO - URL https://lichess.org/training/iUQcO, Reviewed: TRUE -> Status: 200 Text:{""ok"":true}"
iVTON,https://lichess.org/training/iVTON,TRUE,False,"Processing row 482: 2025-11-06 12:42:48.282454 -> Puzzle iVTON - URL https://lichess.org/training/iVTON, Reviewed: TRUE -> Status: 200 Text:{""ok"":true}"
iaKRk,https://lichess.org/training/iaKRk,TRUE,False,"Processing row 483: 2025-11-06 12:42:49.458196 -> Puzzle iaKRk - URL https://lichess.org/training/iaKRk, Reviewed: TRUE -> Status: 200 Text:{""ok"":true}"
ii1KG,https://lichess.org/training/ii1KG,TRUE,False,"Processing row 484: 2025-11-06 12:42:50.644401 -> Puzzle ii1KG - URL https://lichess.org/training/ii1KG, Reviewed: TRUE -> Status: 200 Text:{""ok"":true}"
iqbzG,https://lichess.org/training/iqbzG,TRUE,False,"Processing row 485: 2025-11-06 12:42:51.771838 -> Puzzle iqbzG - URL https://lichess.org/training/iqbzG, Reviewed: TRUE -> Status: 200 Text:{""ok"":true}"
jGFlf,https://lichess.org/training/jGFlf,TRUE,False,"Processing row 486: 2025-11-06 12:42:52.897559 -> Puzzle jGFlf - URL https://lichess.org/training/jGFlf, Reviewed: TRUE -> Status: 200 Text:{""ok"":true}"
jN8l0,https://lichess.org/training/jN8l0,TRUE,False,"Processing row 487: 2025-11-06 12:42:54.148215 -> Puzzle jN8l0 - URL https://lichess.org/training/jN8l0, Reviewed: TRUE -> Status: 200 Text:{""ok"":true}"
jO76X,https://lichess.org/training/jO76X,TRUE,False,"Processing row 488: 2025-11-06 12:42:55.452342 -> Puzzle jO76X - URL https://lichess.org/training/jO76X, Reviewed: TRUE -> Status: 200 Text:{""ok"":true}"
jYiOE,https://lichess.org/training/jYiOE,TRUE,False,"Processing row 489: 2025-11-06 12:42:56.591925 -> Puzzle jYiOE - URL https://lichess.org/training/jYiOE, Reviewed: TRUE -> Status: 200 Text:{""ok"":true}"
jgSql,https://lichess.org/training/jgSql,TRUE,False,"Processing row 490: 2025-11-06 12:42:57.752755 -> Puzzle jgSql - URL https://lichess.org/training/jgSql, Reviewed: TRUE -> Status: 200 Text:{""ok"":true}"
jgbUE,https://lichess.org/training/jgbUE,TRUE,False,"Processing row 491: 2025-11-06 12:42:58.893914 -> Puzzle jgbUE - URL https://lichess.org/training/jgbUE, Reviewed: TRUE -> Status: 200 Text:{""ok"":true}"
jimKl,https://lichess.org/training/jimKl,TRUE,False,"Processing row 492: 2025-11-06 12:43:00.070383 -> Puzzle jimKl - URL https://lichess.org/training/jimKl, Reviewed: TRUE -> Status: 200 Text:{""ok"":true}"
jm51C,https://lichess.org/training/jm51C,TRUE,False,"Processing row 493: 2025-11-06 12:43:01.204201 -> Puzzle jm51C - URL https://lichess.org/training/jm51C, Reviewed: TRUE -> Status: 200 Text:{""ok"":true}"
jmTAX,https://lichess.org/training/jmTAX,TRUE,False,"Processing row 494: 2025-11-06 12:43:02.353985 -> Puzzle jmTAX - URL https://lichess.org/training/jmTAX, Reviewed: TRUE -> Status: 200 Text:{""ok"":true}"
jsKJU,https://lichess.org/training/jsKJU,TRUE,False,"Processing row 495: 2025-11-06 12:43:03.475304 -> Puzzle jsKJU - URL https://lichess.org/training/jsKJU, Reviewed: TRUE -> Status: 200 Text:{""ok"":true}"
jsxGT,https://lichess.org/training/jsxGT,TRUE,False,"Processing row 496: 2025-11-06 12:43:04.597206 -> Puzzle jsxGT - URL https://lichess.org/training/jsxGT, Reviewed: TRUE -> Status: 200 Text:{""ok"":true}"
jw8FS,https://lichess.org/training/jw8FS,TRUE,False,"Processing row 497: 2025-11-06 12:43:05.738754 -> Puzzle jw8FS - URL https://lichess.org/training/jw8FS, Reviewed: TRUE -> Status: 200 Text:{""ok"":true}"
jxXwm,https://lichess.org/training/jxXwm,TRUE,False,"Processing row 498: 2025-11-06 12:43:06.870544 -> Puzzle jxXwm - URL https://lichess.org/training/jxXwm, Reviewed: TRUE -> Status: 200 Text:{""ok"":true}"
jzc4a,https://lichess.org/training/jzc4a,TRUE,False,"Processing row 499: 2025-11-06 12:43:08.010662 -> Puzzle jzc4a - URL https://lichess.org/training/jzc4a, Reviewed: TRUE -> Status: 200 Text:{""ok"":true}"
k8WgL,https://lichess.org/training/k8WgL,TRUE,False,"Processing row 500: 2025-11-06 12:43:09.195346 -> Puzzle k8WgL - URL https://lichess.org/training/k8WgL, Reviewed: TRUE -> Status: 200 Text:{""ok"":true}"
kFAWM,https://lichess.org/training/kFAWM,TRUE,False,"Processing row 501: 2025-11-06 12:43:10.380560 -> Puzzle kFAWM - URL https://lichess.org/training/kFAWM, Reviewed: TRUE -> Status: 200 Text:{""ok"":true}"
kFYNs,https://lichess.org/training/kFYNs,TRUE,False,"Processing row 502: 2025-11-06 12:43:11.559142 -> Puzzle kFYNs - URL https://lichess.org/training/kFYNs, Reviewed: TRUE -> Status: 200 Text:{""ok"":true}"
kHaEB,https://lichess.org/training/kHaEB,TRUE,False,"Processing row 503: 2025-11-06 12:43:12.683591 -> Puzzle kHaEB - URL https://lichess.org/training/kHaEB, Reviewed: TRUE -> Status: 200 Text:{""ok"":true}"
kI32Y,https://lichess.org/training/kI32Y,TRUE,False,"Processing row 504: 2025-11-06 12:43:13.821358 -> Puzzle kI32Y - URL https://lichess.org/training/kI32Y, Reviewed: TRUE -> Status: 200 Text:{""ok"":true}"
kRtqB,https://lichess.org/training/kRtqB,TRUE,False,"Processing row 505: 2025-11-06 12:43:14.943229 -> Puzzle kRtqB - URL https://lichess.org/training/kRtqB, Reviewed: TRUE -> Status: 200 Text:{""ok"":true}"
kTIyu,https://lichess.org/training/kTIyu,TRUE,False,"Processing row 506: 2025-11-06 12:43:16.072284 -> Puzzle kTIyu - URL https://lichess.org/training/kTIyu, Reviewed: TRUE -> Status: 200 Text:{""ok"":true}"
kVV3U,https://lichess.org/training/kVV3U,TRUE,False,"Processing row 507: 2025-11-06 12:43:17.191777 -> Puzzle kVV3U - URL https://lichess.org/training/kVV3U, Reviewed: TRUE -> Status: 200 Text:{""ok"":true}"
kc5T7,https://lichess.org/training/kc5T7,TRUE,False,"Processing row 508: 2025-11-06 12:43:18.319282 -> Puzzle kc5T7 - URL https://lichess.org/training/kc5T7, Reviewed: TRUE -> Status: 200 Text:{""ok"":true}"
kfzxU,https://lichess.org/training/kfzxU,TRUE,False,"Processing row 509: 2025-11-06 12:43:19.439296 -> Puzzle kfzxU - URL https://lichess.org/training/kfzxU, Reviewed: TRUE -> Status: 200 Text:{""ok"":true}"
koxnR,https://lichess.org/training/koxnR,TRUE,False,"Processing row 510: 2025-11-06 12:43:20.564481 -> Puzzle koxnR - URL https://lichess.org/training/koxnR, Reviewed: TRUE -> Status: 200 Text:{""ok"":true}"
l1wfd,https://lichess.org/training/l1wfd,TRUE,False,"Processing row 511: 2025-11-06 12:43:21.699612 -> Puzzle l1wfd - URL https://lichess.org/training/l1wfd, Reviewed: TRUE -> Status: 200 Text:{""ok"":true}"
l4ql2,https://lichess.org/training/l4ql2,TRUE,False,"Processing row 512: 2025-11-06 12:43:22.819812 -> Puzzle l4ql2 - URL https://lichess.org/training/l4ql2, Reviewed: TRUE -> Status: 200 Text:{""ok"":true}"
lAYVt,https://lichess.org/training/lAYVt,TRUE,False,"Processing row 513: 2025-11-06 12:43:23.944023 -> Puzzle lAYVt - URL https://lichess.org/training/lAYVt, Reviewed: TRUE -> Status: 200 Text:{""ok"":true}"
lFolW,https://lichess.org/training/lFolW,TRUE,False,"Processing row 514: 2025-11-06 12:43:25.067276 -> Puzzle lFolW - URL https://lichess.org/training/lFolW, Reviewed: TRUE -> Status: 200 Text:{""ok"":true}"
lQray,https://lichess.org/training/lQray,TRUE,False,"Processing row 515: 2025-11-06 12:43:26.275172 -> Puzzle lQray - URL https://lichess.org/training/lQray, Reviewed: TRUE -> Status: 200 Text:{""ok"":true}"
lZcry,https://lichess.org/training/lZcry,TRUE,False,"Processing row 516: 2025-11-06 12:43:27.396587 -> Puzzle lZcry - URL https://lichess.org/training/lZcry, Reviewed: TRUE -> Status: 200 Text:{""ok"":true}"
leWtC,https://lichess.org/training/leWtC,TRUE,False,"Processing row 517: 2025-11-06 12:43:28.563053 -> Puzzle leWtC - URL https://lichess.org/training/leWtC, Reviewed: TRUE -> Status: 200 Text:{""ok"":true}"
lirok,https://lichess.org/training/lirok,TRUE,False,"Processing row 518: 2025-11-06 12:43:29.695036 -> Puzzle lirok - URL https://lichess.org/training/lirok, Reviewed: TRUE -> Status: 200 Text:{""ok"":true}"
llSam,https://lichess.org/training/llSam,TRUE,False,"Processing row 519: 2025-11-06 12:43:30.832500 -> Puzzle llSam - URL https://lichess.org/training/llSam, Reviewed: TRUE -> Status: 200 Text:{""ok"":true}"
llz0N,https://lichess.org/training/llz0N,TRUE,False,"Processing row 520: 2025-11-06 12:43:31.971700 -> Puzzle llz0N - URL https://lichess.org/training/llz0N, Reviewed: TRUE -> Status: 200 Text:{""ok"":true}"
lreNa,https://lichess.org/training/lreNa,TRUE,False,"Processing row 521: 2025-11-06 12:43:33.103516 -> Puzzle lreNa - URL https://lichess.org/training/lreNa, Reviewed: TRUE -> Status: 200 Text:{""ok"":true}"
lsdma,https://lichess.org/training/lsdma,TRUE,False,"Processing row 522: 2025-11-06 12:43:34.231892 -> Puzzle lsdma - URL https://lichess.org/training/lsdma, Reviewed: TRUE -> Status: 200 Text:{""ok"":true}"
m5CYA,https://lichess.org/training/m5CYA,TRUE,False,"Processing row 523: 2025-11-06 12:43:35.355085 -> Puzzle m5CYA - URL https://lichess.org/training/m5CYA, Reviewed: TRUE -> Status: 200 Text:{""ok"":true}"
m5Ra2,https://lichess.org/training/m5Ra2,TRUE,False,"Processing row 524: 2025-11-06 12:43:36.474021 -> Puzzle m5Ra2 - URL https://lichess.org/training/m5Ra2, Reviewed: TRUE -> Status: 200 Text:{""ok"":true}"
mA4gt,https://lichess.org/training/mA4gt,TRUE,False,"Processing row 525: 2025-11-06 12:43:37.593834 -> Puzzle mA4gt - URL https://lichess.org/training/mA4gt, Reviewed: TRUE -> Status: 200 Text:{""ok"":true}"
mG1Ui,https://lichess.org/training/mG1Ui,TRUE,False,"Processing row 526: 2025-11-06 12:43:38.711594 -> Puzzle mG1Ui - URL https://lichess.org/training/mG1Ui, Reviewed: TRUE -> Status: 200 Text:{""ok"":true}"
mGWoP,https://lichess.org/training/mGWoP,TRUE,False,"Processing row 527: 2025-11-06 12:43:39.842506 -> Puzzle mGWoP - URL https://lichess.org/training/mGWoP, Reviewed: TRUE -> Status: 200 Text:{""ok"":true}"
mTcDg,https://lichess.org/training/mTcDg,TRUE,False,"Processing row 528: 2025-11-06 12:43:41.031378 -> Puzzle mTcDg - URL https://lichess.org/training/mTcDg, Reviewed: TRUE -> Status: 200 Text:{""ok"":true}"
mZCDF,https://lichess.org/training/mZCDF,TRUE,False,"Processing row 529: 2025-11-06 12:43:42.153167 -> Puzzle mZCDF - URL https://lichess.org/training/mZCDF, Reviewed: TRUE -> Status: 200 Text:{""ok"":true}"
ma10Q,https://lichess.org/training/ma10Q,TRUE,False,"Processing row 530: 2025-11-06 12:43:43.288910 -> Puzzle ma10Q - URL https://lichess.org/training/ma10Q, Reviewed: TRUE -> Status: 200 Text:{""ok"":true}"
max4r,https://lichess.org/training/max4r,TRUE,False,"Processing row 531: 2025-11-06 12:43:44.405113 -> Puzzle max4r - URL https://lichess.org/training/max4r, Reviewed: TRUE -> Status: 200 Text:{""ok"":true}"
mb6ED,https://lichess.org/training/mb6ED,TRUE,False,"Processing row 532: 2025-11-06 12:43:45.519345 -> Puzzle mb6ED - URL https://lichess.org/training/mb6ED, Reviewed: TRUE -> Status: 200 Text:{""ok"":true}"
mbtJK,https://lichess.org/training/mbtJK,TRUE,False,"Processing row 533: 2025-11-06 12:43:46.635933 -> Puzzle mbtJK - URL https://lichess.org/training/mbtJK, Reviewed: TRUE -> Status: 200 Text:{""ok"":true}"
miN8Z,https://lichess.org/training/miN8Z,TRUE,False,"Processing row 534: 2025-11-06 12:43:47.763790 -> Puzzle miN8Z - URL https://lichess.org/training/miN8Z, Reviewed: TRUE -> Status: 200 Text:{""ok"":true}"
mvPDU,https://lichess.org/training/mvPDU,TRUE,False,"Processing row 535: 2025-11-06 12:43:48.893740 -> Puzzle mvPDU - URL https://lichess.org/training/mvPDU, Reviewed: TRUE -> Status: 200 Text:{""ok"":true}"
myIUN,https://lichess.org/training/myIUN,TRUE,False,"Processing row 536: 2025-11-06 12:43:50.024462 -> Puzzle myIUN - URL https://lichess.org/training/myIUN, Reviewed: TRUE -> Status: 200 Text:{""ok"":true}"
n91e7,https://lichess.org/training/n91e7,TRUE,False,"Processing row 537: 2025-11-06 12:43:51.191585 -> Puzzle n91e7 - URL https://lichess.org/training/n91e7, Reviewed: TRUE -> Status: 200 Text:{""ok"":true}"
nSsIr,https://lichess.org/training/nSsIr,TRUE,False,"Processing row 538: 2025-11-06 12:43:52.307276 -> Puzzle nSsIr - URL https://lichess.org/training/nSsIr, Reviewed: TRUE -> Status: 200 Text:{""ok"":true}"
nVt8z,https://lichess.org/training/nVt8z,TRUE,False,"Processing row 539: 2025-11-06 12:43:53.441152 -> Puzzle nVt8z - URL https://lichess.org/training/nVt8z, Reviewed: TRUE -> Status: 200 Text:{""ok"":true}"
nVvNc,https://lichess.org/training/nVvNc,TRUE,False,"Processing row 540: 2025-11-06 12:43:54.607102 -> Puzzle nVvNc - URL https://lichess.org/training/nVvNc, Reviewed: TRUE -> Status: 200 Text:{""ok"":true}"
nXIbL,https://lichess.org/training/nXIbL,TRUE,False,"Processing row 541: 2025-11-06 12:43:55.723612 -> Puzzle nXIbL - URL https://lichess.org/training/nXIbL, Reviewed: TRUE -> Status: 200 Text:{""ok"":true}"
nZDUN,https://lichess.org/training/nZDUN,TRUE,False,"Processing row 542: 2025-11-06 12:43:56.839236 -> Puzzle nZDUN - URL https://lichess.org/training/nZDUN, Reviewed: TRUE -> Status: 200 Text:{""ok"":true}"
nahFg,https://lichess.org/training/nahFg,TRUE,False,"Processing row 543: 2025-11-06 12:43:57.961943 -> Puzzle nahFg - URL https://lichess.org/training/nahFg, Reviewed: TRUE -> Status: 200 Text:{""ok"":true}"
niALJ,https://lichess.org/training/niALJ,TRUE,False,"Processing row 544: 2025-11-06 12:43:59.082076 -> Puzzle niALJ - URL https://lichess.org/training/niALJ, Reviewed: TRUE -> Status: 200 Text:{""ok"":true}"
nrx4N,https://lichess.org/training/nrx4N,TRUE,False,"Processing row 545: 2025-11-06 12:44:00.207882 -> Puzzle nrx4N - URL https://lichess.org/training/nrx4N, Reviewed: TRUE -> Status: 200 Text:{""ok"":true}"
nufUz,https://lichess.org/training/nufUz,TRUE,False,"Processing row 546: 2025-11-06 12:44:01.337801 -> Puzzle nufUz - URL https://lichess.org/training/nufUz, Reviewed: TRUE -> Status: 200 Text:{""ok"":true}"
nzT4Y,https://lichess.org/training/nzT4Y,TRUE,False,"Processing row 547: 2025-11-06 12:44:02.460963 -> Puzzle nzT4Y - URL https://lichess.org/training/nzT4Y, Reviewed: TRUE -> Status: 200 Text:{""ok"":true}"
nzmrp,https://lichess.org/training/nzmrp,TRUE,False,"Processing row 548: 2025-11-06 12:44:03.588786 -> Puzzle nzmrp - URL https://lichess.org/training/nzmrp, Reviewed: TRUE -> Status: 200 Text:{""ok"":true}"
o0glT,https://lichess.org/training/o0glT,TRUE,False,"Processing row 549: 2025-11-06 12:44:04.708974 -> Puzzle o0glT - URL https://lichess.org/training/o0glT, Reviewed: TRUE -> Status: 200 Text:{""ok"":true}"
o2LL9,https://lichess.org/training/o2LL9,TRUE,False,"Processing row 550: 2025-11-06 12:44:05.848239 -> Puzzle o2LL9 - URL https://lichess.org/training/o2LL9, Reviewed: TRUE -> Status: 200 Text:{""ok"":true}"
o40op,https://lichess.org/training/o40op,TRUE,False,"Processing row 551: 2025-11-06 12:44:06.980460 -> Puzzle o40op - URL https://lichess.org/training/o40op, Reviewed: TRUE -> Status: 200 Text:{""ok"":true}"
o9BPy,https://lichess.org/training/o9BPy,TRUE,False,"Processing row 552: 2025-11-06 12:44:08.125560 -> Puzzle o9BPy - URL https://lichess.org/training/o9BPy, Reviewed: TRUE -> Status: 200 Text:{""ok"":true}"
oOr89,https://lichess.org/training/oOr89,TRUE,False,"Processing row 553: 2025-11-06 12:44:09.265041 -> Puzzle oOr89 - URL https://lichess.org/training/oOr89, Reviewed: TRUE -> Status: 200 Text:{""ok"":true}"
oTyGR,https://lichess.org/training/oTyGR,TRUE,False,"Processing row 554: 2025-11-06 12:44:10.403601 -> Puzzle oTyGR - URL https://lichess.org/training/oTyGR, Reviewed: TRUE -> Status: 200 Text:{""ok"":true}"
oUlnH,https://lichess.org/training/oUlnH,TRUE,False,"Processing row 555: 2025-11-06 12:44:11.547518 -> Puzzle oUlnH - URL https://lichess.org/training/oUlnH, Reviewed: TRUE -> Status: 200 Text:{""ok"":true}"
oYFn3,https://lichess.org/training/oYFn3,TRUE,False,"Processing row 556: 2025-11-06 12:44:12.671027 -> Puzzle oYFn3 - URL https://lichess.org/training/oYFn3, Reviewed: TRUE -> Status: 200 Text:{""ok"":true}"
omCB8,https://lichess.org/training/omCB8,TRUE,False,"Processing row 557: 2025-11-06 12:44:13.866582 -> Puzzle omCB8 - URL https://lichess.org/training/omCB8, Reviewed: TRUE -> Status: 200 Text:{""ok"":true}"
ovko2,https://lichess.org/training/ovko2,TRUE,False,"Processing row 558: 2025-11-06 12:44:15.080064 -> Puzzle ovko2 - URL https://lichess.org/training/ovko2, Reviewed: TRUE -> Status: 200 Text:{""ok"":true}"
p7t4C,https://lichess.org/training/p7t4C,TRUE,False,"Processing row 559: 2025-11-06 12:44:16.229725 -> Puzzle p7t4C - URL https://lichess.org/training/p7t4C, Reviewed: TRUE -> Status: 200 Text:{""ok"":true}"
pArBx,https://lichess.org/training/pArBx,TRUE,False,"Processing row 560: 2025-11-06 12:44:17.392265 -> Puzzle pArBx - URL https://lichess.org/training/pArBx, Reviewed: TRUE -> Status: 200 Text:{""ok"":true}"
pBs6i,https://lichess.org/training/pBs6i,TRUE,False,"Processing row 561: 2025-11-06 12:44:18.517044 -> Puzzle pBs6i - URL https://lichess.org/training/pBs6i, Reviewed: TRUE -> Status: 200 Text:{""ok"":true}"
pCYEN,https://lichess.org/training/pCYEN,TRUE,False,"Processing row 562: 2025-11-06 12:44:19.647410 -> Puzzle pCYEN - URL https://lichess.org/training/pCYEN, Reviewed: TRUE -> Status: 200 Text:{""ok"":true}"
pJ4p1,https://lichess.org/training/pJ4p1,TRUE,False,"Processing row 563: 2025-11-06 12:44:20.770679 -> Puzzle pJ4p1 - URL https://lichess.org/training/pJ4p1, Reviewed: TRUE -> Status: 200 Text:{""ok"":true}"
pOgS1,https://lichess.org/training/pOgS1,TRUE,False,"Processing row 564: 2025-11-06 12:44:21.965798 -> Puzzle pOgS1 - URL https://lichess.org/training/pOgS1, Reviewed: TRUE -> Status: 200 Text:{""ok"":true}"
pQJ96,https://lichess.org/training/pQJ96,TRUE,False,"Processing row 565: 2025-11-06 12:44:23.099883 -> Puzzle pQJ96 - URL https://lichess.org/training/pQJ96, Reviewed: TRUE -> Status: 200 Text:{""ok"":true}"
pddZ1,https://lichess.org/training/pddZ1,TRUE,False,"Processing row 566: 2025-11-06 12:44:24.227805 -> Puzzle pddZ1 - URL https://lichess.org/training/pddZ1, Reviewed: TRUE -> Status: 200 Text:{""ok"":true}"
phpFM,https://lichess.org/training/phpFM,TRUE,False,"Processing row 567: 2025-11-06 12:44:25.357619 -> Puzzle phpFM - URL https://lichess.org/training/phpFM, Reviewed: TRUE -> Status: 200 Text:{""ok"":true}"
ppcVV,https://lichess.org/training/ppcVV,TRUE,False,"Processing row 568: 2025-11-06 12:44:26.497352 -> Puzzle ppcVV - URL https://lichess.org/training/ppcVV, Reviewed: TRUE -> Status: 200 Text:{""ok"":true}"
pplix,https://lichess.org/training/pplix,TRUE,False,"Processing row 569: 2025-11-06 12:44:27.643927 -> Puzzle pplix - URL https://lichess.org/training/pplix, Reviewed: TRUE -> Status: 200 Text:{""ok"":true}"
pvUqJ,https://lichess.org/training/pvUqJ,TRUE,False,"Processing row 570: 2025-11-06 12:44:28.817714 -> Puzzle pvUqJ - URL https://lichess.org/training/pvUqJ, Reviewed: TRUE -> Status: 200 Text:{""ok"":true}"
q1zou,https://lichess.org/training/q1zou,TRUE,False,"Processing row 571: 2025-11-06 12:44:29.936994 -> Puzzle q1zou - URL https://lichess.org/training/q1zou, Reviewed: TRUE -> Status: 200 Text:{""ok"":true}"
qCzo5,https://lichess.org/training/qCzo5,TRUE,False,"Processing row 572: 2025-11-06 12:44:31.066655 -> Puzzle qCzo5 - URL https://lichess.org/training/qCzo5, Reviewed: TRUE -> Status: 200 Text:{""ok"":true}"
qFFZu,https://lichess.org/training/qFFZu,TRUE,False,"Processing row 573: 2025-11-06 12:44:32.185461 -> Puzzle qFFZu - URL https://lichess.org/training/qFFZu, Reviewed: TRUE -> Status: 200 Text:{""ok"":true}"
qG3gi,https://lichess.org/training/qG3gi,TRUE,False,"Processing row 574: 2025-11-06 12:44:33.358162 -> Puzzle qG3gi - URL https://lichess.org/training/qG3gi, Reviewed: TRUE -> Status: 200 Text:{""ok"":true}"
qO2XR,https://lichess.org/training/qO2XR,TRUE,False,"Processing row 575: 2025-11-06 12:44:34.478971 -> Puzzle qO2XR - URL https://lichess.org/training/qO2XR, Reviewed: TRUE -> Status: 200 Text:{""ok"":true}"
qPg26,https://lichess.org/training/qPg26,TRUE,False,"Processing row 576: 2025-11-06 12:44:35.663985 -> Puzzle qPg26 - URL https://lichess.org/training/qPg26, Reviewed: TRUE -> Status: 200 Text:{""ok"":true}"
qaizq,https://lichess.org/training/qaizq,TRUE,False,"Processing row 577: 2025-11-06 12:44:36.787233 -> Puzzle qaizq - URL https://lichess.org/training/qaizq, Reviewed: TRUE -> Status: 200 Text:{""ok"":true}"
qfJsy,https://lichess.org/training/qfJsy,TRUE,False,"Processing row 578: 2025-11-06 12:44:37.903788 -> Puzzle qfJsy - URL https://lichess.org/training/qfJsy, Reviewed: TRUE -> Status: 200 Text:{""ok"":true}"
r0a5G,https://lichess.org/training/r0a5G,TRUE,False,"Processing row 579: 2025-11-06 12:44:39.034962 -> Puzzle r0a5G - URL https://lichess.org/training/r0a5G, Reviewed: TRUE -> Status: 200 Text:{""ok"":true}"
r8NQ4,https://lichess.org/training/r8NQ4,TRUE,False,"Processing row 580: 2025-11-06 12:44:40.160158 -> Puzzle r8NQ4 - URL https://lichess.org/training/r8NQ4, Reviewed: TRUE -> Status: 200 Text:{""ok"":true}"
r8fYg,https://lichess.org/training/r8fYg,TRUE,False,"Processing row 581: 2025-11-06 12:44:41.307636 -> Puzzle r8fYg - URL https://lichess.org/training/r8fYg, Reviewed: TRUE -> Status: 200 Text:{""ok"":true}"
rBrFz,https://lichess.org/training/rBrFz,TRUE,False,"Processing row 582: 2025-11-06 12:44:42.428733 -> Puzzle rBrFz - URL https://lichess.org/training/rBrFz, Reviewed: TRUE -> Status: 200 Text:{""ok"":true}"
rCyzX,https://lichess.org/training/rCyzX,TRUE,False,"Processing row 583: 2025-11-06 12:44:43.551297 -> Puzzle rCyzX - URL https://lichess.org/training/rCyzX, Reviewed: TRUE -> Status: 200 Text:{""ok"":true}"
rHUeO,https://lichess.org/training/rHUeO,TRUE,False,"Processing row 584: 2025-11-06 12:44:44.683692 -> Puzzle rHUeO - URL https://lichess.org/training/rHUeO, Reviewed: TRUE -> Status: 200 Text:{""ok"":true}"
rMMvM,https://lichess.org/training/rMMvM,TRUE,False,"Processing row 585: 2025-11-06 12:44:45.809065 -> Puzzle rMMvM - URL https://lichess.org/training/rMMvM, Reviewed: TRUE -> Status: 200 Text:{""ok"":true}"
rMeD7,https://lichess.org/training/rMeD7,TRUE,False,"Processing row 586: 2025-11-06 12:44:46.931451 -> Puzzle rMeD7 - URL https://lichess.org/training/rMeD7, Reviewed: TRUE -> Status: 200 Text:{""ok"":true}"
rMoww,https://lichess.org/training/rMoww,TRUE,False,"Processing row 587: 2025-11-06 12:44:48.062725 -> Puzzle rMoww - URL https://lichess.org/training/rMoww, Reviewed: TRUE -> Status: 200 Text:{""ok"":true}"
rOTCD,https://lichess.org/training/rOTCD,TRUE,False,"Processing row 588: 2025-11-06 12:44:49.182349 -> Puzzle rOTCD - URL https://lichess.org/training/rOTCD, Reviewed: TRUE -> Status: 200 Text:{""ok"":true}"
rQYO3,https://lichess.org/training/rQYO3,TRUE,False,"Processing row 589: 2025-11-06 12:44:50.301470 -> Puzzle rQYO3 - URL https://lichess.org/training/rQYO3, Reviewed: TRUE -> Status: 200 Text:{""ok"":true}"
rQZK1,https://lichess.org/training/rQZK1,TRUE,False,"Processing row 590: 2025-11-06 12:44:51.430788 -> Puzzle rQZK1 - URL https://lichess.org/training/rQZK1, Reviewed: TRUE -> Status: 200 Text:{""ok"":true}"
rTnlq,https://lichess.org/training/rTnlq,TRUE,False,"Processing row 591: 2025-11-06 12:44:52.564240 -> Puzzle rTnlq - URL https://lichess.org/training/rTnlq, Reviewed: TRUE -> Status: 200 Text:{""ok"":true}"
rcgCd,https://lichess.org/training/rcgCd,TRUE,False,"Processing row 592: 2025-11-06 12:44:53.709809 -> Puzzle rcgCd - URL https://lichess.org/training/rcgCd, Reviewed: TRUE -> Status: 200 Text:{""ok"":true}"
reIDM,https://lichess.org/training/reIDM,TRUE,False,"Processing row 593: 2025-11-06 12:44:54.889258 -> Puzzle reIDM - URL https://lichess.org/training/reIDM, Reviewed: TRUE -> Status: 200 Text:{""ok"":true}"
rezQx,https://lichess.org/training/rezQx,TRUE,False,"Processing row 594: 2025-11-06 12:44:56.012458 -> Puzzle rezQx - URL https://lichess.org/training/rezQx, Reviewed: TRUE -> Status: 200 Text:{""ok"":true}"
riIom,https://lichess.org/training/riIom,TRUE,False,"Processing row 595: 2025-11-06 12:44:57.145709 -> Puzzle riIom - URL https://lichess.org/training/riIom, Reviewed: TRUE -> Status: 200 Text:{""ok"":true}"
rjCbD,https://lichess.org/training/rjCbD,TRUE,False,"Processing row 596: 2025-11-06 12:44:58.271073 -> Puzzle rjCbD - URL https://lichess.org/training/rjCbD, Reviewed: TRUE -> Status: 200 Text:{""ok"":true}"
rkLLg,https://lichess.org/training/rkLLg,TRUE,False,"Processing row 597: 2025-11-06 12:44:59.399870 -> Puzzle rkLLg - URL https://lichess.org/training/rkLLg, Reviewed: TRUE -> Status: 200 Text:{""ok"":true}"
rlhYZ,https://lichess.org/training/rlhYZ,TRUE,False,"Processing row 598: 2025-11-06 12:45:00.522604 -> Puzzle rlhYZ - URL https://lichess.org/training/rlhYZ, Reviewed: TRUE -> Status: 200 Text:{""ok"":true}"
rr9KX,https://lichess.org/training/rr9KX,TRUE,False,"Processing row 599: 2025-11-06 12:45:01.659600 -> Puzzle rr9KX - URL https://lichess.org/training/rr9KX, Reviewed: TRUE -> Status: 200 Text:{""ok"":true}"
rrS1y,https://lichess.org/training/rrS1y,TRUE,False,"Processing row 600: 2025-11-06 12:45:02.778790 -> Puzzle rrS1y - URL https://lichess.org/training/rrS1y, Reviewed: TRUE -> Status: 200 Text:{""ok"":true}"
s7DBy,https://lichess.org/training/s7DBy,TRUE,False,"Processing row 601: 2025-11-06 12:45:03.894506 -> Puzzle s7DBy - URL https://lichess.org/training/s7DBy, Reviewed: TRUE -> Status: 200 Text:{""ok"":true}"
s9ibP,https://lichess.org/training/s9ibP,TRUE,False,"Processing row 602: 2025-11-06 12:45:05.015663 -> Puzzle s9ibP - URL https://lichess.org/training/s9ibP, Reviewed: TRUE -> Status: 200 Text:{""ok"":true}"
sGfNs,https://lichess.org/training/sGfNs,TRUE,False,"Processing row 603: 2025-11-06 12:45:06.162583 -> Puzzle sGfNs - URL https://lichess.org/training/sGfNs, Reviewed: TRUE -> Status: 200 Text:{""ok"":true}"
sGhQj,https://lichess.org/training/sGhQj,TRUE,False,"Processing row 604: 2025-11-06 12:45:07.282629 -> Puzzle sGhQj - URL https://lichess.org/training/sGhQj, Reviewed: TRUE -> Status: 200 Text:{""ok"":true}"
sJeTs,https://lichess.org/training/sJeTs,TRUE,False,"Processing row 605: 2025-11-06 12:45:08.410858 -> Puzzle sJeTs - URL https://lichess.org/training/sJeTs, Reviewed: TRUE -> Status: 200 Text:{""ok"":true}"
sO9za,https://lichess.org/training/sO9za,TRUE,False,"Processing row 606: 2025-11-06 12:45:09.528024 -> Puzzle sO9za - URL https://lichess.org/training/sO9za, Reviewed: TRUE -> Status: 200 Text:{""ok"":true}"
sPnYL,https://lichess.org/training/sPnYL,TRUE,False,"Processing row 607: 2025-11-06 12:45:10.643311 -> Puzzle sPnYL - URL https://lichess.org/training/sPnYL, Reviewed: TRUE -> Status: 200 Text:{""ok"":true}"
sPvwJ,https://lichess.org/training/sPvwJ,TRUE,False,"Processing row 608: 2025-11-06 12:45:11.772433 -> Puzzle sPvwJ - URL https://lichess.org/training/sPvwJ, Reviewed: TRUE -> Status: 200 Text:{""ok"":true}"
sSiPo,https://lichess.org/training/sSiPo,TRUE,False,"Processing row 609: 2025-11-06 12:45:12.940481 -> Puzzle sSiPo - URL https://lichess.org/training/sSiPo, Reviewed: TRUE -> Status: 200 Text:{""ok"":true}"
sXeqk,https://lichess.org/training/sXeqk,TRUE,False,"Processing row 610: 2025-11-06 12:45:14.057489 -> Puzzle sXeqk - URL https://lichess.org/training/sXeqk, Reviewed: TRUE -> Status: 200 Text:{""ok"":true}"
sZ3mg,https://lichess.org/training/sZ3mg,TRUE,False,"Processing row 611: 2025-11-06 12:45:15.191156 -> Puzzle sZ3mg - URL https://lichess.org/training/sZ3mg, Reviewed: TRUE -> Status: 200 Text:{""ok"":true}"
siAqS,https://lichess.org/training/siAqS,TRUE,False,"Processing row 612: 2025-11-06 12:45:16.322779 -> Puzzle siAqS - URL https://lichess.org/training/siAqS, Reviewed: TRUE -> Status: 200 Text:{""ok"":true}"
siKm0,https://lichess.org/training/siKm0,TRUE,False,"Processing row 613: 2025-11-06 12:45:17.448042 -> Puzzle siKm0 - URL https://lichess.org/training/siKm0, Reviewed: TRUE -> Status: 200 Text:{""ok"":true}"
t4ZC5,https://lichess.org/training/t4ZC5,TRUE,False,"Processing row 614: 2025-11-06 12:45:18.573244 -> Puzzle t4ZC5 - URL https://lichess.org/training/t4ZC5, Reviewed: TRUE -> Status: 200 Text:{""ok"":true}"
tIp9g,https://lichess.org/training/tIp9g,TRUE,False,"Processing row 615: 2025-11-06 12:45:19.709465 -> Puzzle tIp9g - URL https://lichess.org/training/tIp9g, Reviewed: TRUE -> Status: 200 Text:{""ok"":true}"
tK2m2,https://lichess.org/training/tK2m2,TRUE,False,"Processing row 616: 2025-11-06 12:45:20.833894 -> Puzzle tK2m2 - URL https://lichess.org/training/tK2m2, Reviewed: TRUE -> Status: 200 Text:{""ok"":true}"
tQ7u1,https://lichess.org/training/tQ7u1,TRUE,False,"Processing row 617: 2025-11-06 12:45:21.981365 -> Puzzle tQ7u1 - URL https://lichess.org/training/tQ7u1, Reviewed: TRUE -> Status: 200 Text:{""ok"":true}"
tWDTs,https://lichess.org/training/tWDTs,TRUE,False,"Processing row 618: 2025-11-06 12:45:23.118639 -> Puzzle tWDTs - URL https://lichess.org/training/tWDTs, Reviewed: TRUE -> Status: 200 Text:{""ok"":true}"
tflBC,https://lichess.org/training/tflBC,TRUE,False,"Processing row 619: 2025-11-06 12:45:24.236265 -> Puzzle tflBC - URL https://lichess.org/training/tflBC, Reviewed: TRUE -> Status: 200 Text:{""ok"":true}"
tkjhp,https://lichess.org/training/tkjhp,TRUE,False,"Processing row 620: 2025-11-06 12:45:25.358966 -> Puzzle tkjhp - URL https://lichess.org/training/tkjhp, Reviewed: TRUE -> Status: 200 Text:{""ok"":true}"
tpuKP,https://lichess.org/training/tpuKP,TRUE,False,"Processing row 621: 2025-11-06 12:45:26.491306 -> Puzzle tpuKP - URL https://lichess.org/training/tpuKP, Reviewed: TRUE -> Status: 200 Text:{""ok"":true}"
tsRR7,https://lichess.org/training/tsRR7,TRUE,False,"Processing row 622: 2025-11-06 12:45:27.611863 -> Puzzle tsRR7 - URL https://lichess.org/training/tsRR7, Reviewed: TRUE -> Status: 200 Text:{""ok"":true}"
u10v4,https://lichess.org/training/u10v4,FALSE,False,X
u1rhG,https://lichess.org/training/u1rhG,TRUE,False,"Processing row 624: 2025-11-06 12:45:28.730104 -> Puzzle u1rhG - URL https://lichess.org/training/u1rhG, Reviewed: TRUE -> Status: 200 Text:{""ok"":true}"
u2R7h,https://lichess.org/training/u2R7h,TRUE,False,"Processing row 625: 2025-11-06 12:45:29.876470 -> Puzzle u2R7h - URL https://lichess.org/training/u2R7h, Reviewed: TRUE -> Status: 200 Text:{""ok"":true}"
u6JFr,https://lichess.org/training/u6JFr,TRUE,False,"Processing row 626: 2025-11-06 12:45:30.994136 -> Puzzle u6JFr - URL https://lichess.org/training/u6JFr, Reviewed: TRUE -> Status: 200 Text:{""ok"":true}"
u9BWl,https://lichess.org/training/u9BWl,TRUE,False,"Processing row 627: 2025-11-06 12:45:32.110705 -> Puzzle u9BWl - URL https://lichess.org/training/u9BWl, Reviewed: TRUE -> Status: 200 Text:{""ok"":true}"
uQxxF,https://lichess.org/training/uQxxF,TRUE,False,"Processing row 628: 2025-11-06 12:45:33.227965 -> Puzzle uQxxF - URL https://lichess.org/training/uQxxF, Reviewed: TRUE -> Status: 200 Text:{""ok"":true}"
uTU48,https://lichess.org/training/uTU48,TRUE,False,"Processing row 629: 2025-11-06 12:45:34.349728 -> Puzzle uTU48 - URL https://lichess.org/training/uTU48, Reviewed: TRUE -> Status: 200 Text:{""ok"":true}"
uWF9S,https://lichess.org/training/uWF9S,TRUE,False,"Processing row 630: 2025-11-06 12:45:35.472416 -> Puzzle uWF9S - URL https://lichess.org/training/uWF9S, Reviewed: TRUE -> Status: 200 Text:{""ok"":true}"
ucjWR,https://lichess.org/training/ucjWR,TRUE,False,"Processing row 631: 2025-11-06 12:45:36.591292 -> Puzzle ucjWR - URL https://lichess.org/training/ucjWR, Reviewed: TRUE -> Status: 200 Text:{""ok"":true}"
uh223,https://lichess.org/training/uh223,TRUE,False,"Processing row 632: 2025-11-06 12:45:37.710872 -> Puzzle uh223 - URL https://lichess.org/training/uh223, Reviewed: TRUE -> Status: 200 Text:{""ok"":true}"
uk5S3,https://lichess.org/training/uk5S3,TRUE,False,"Processing row 633: 2025-11-06 12:45:38.831462 -> Puzzle uk5S3 - URL https://lichess.org/training/uk5S3, Reviewed: TRUE -> Status: 200 Text:{""ok"":true}"
umPQ6,https://lichess.org/training/umPQ6,TRUE,False,"Processing row 634: 2025-11-06 12:45:39.955962 -> Puzzle umPQ6 - URL https://lichess.org/training/umPQ6, Reviewed: TRUE -> Status: 200 Text:{""ok"":true}"
uoOd3,https://lichess.org/training/uoOd3,TRUE,False,"Processing row 635: 2025-11-06 12:45:41.078182 -> Puzzle uoOd3 - URL https://lichess.org/training/uoOd3, Reviewed: TRUE -> Status: 200 Text:{""ok"":true}"
urB6Y,https://lichess.org/training/urB6Y,TRUE,False,"Processing row 636: 2025-11-06 12:45:42.195410 -> Puzzle urB6Y - URL https://lichess.org/training/urB6Y, Reviewed: TRUE -> Status: 200 Text:{""ok"":true}"
uxoxx,https://lichess.org/training/uxoxx,TRUE,False,"Processing row 637: 2025-11-06 12:45:43.308369 -> Puzzle uxoxx - URL https://lichess.org/training/uxoxx, Reviewed: TRUE -> Status: 200 Text:{""ok"":true}"
v0236,https://lichess.org/training/v0236,TRUE,False,"Processing row 638: 2025-11-06 12:45:44.440056 -> Puzzle v0236 - URL https://lichess.org/training/v0236, Reviewed: TRUE -> Status: 200 Text:{""ok"":true}"
v8lkq,https://lichess.org/training/v8lkq,TRUE,False,"Processing row 639: 2025-11-06 12:45:45.567856 -> Puzzle v8lkq - URL https://lichess.org/training/v8lkq, Reviewed: TRUE -> Status: 200 Text:{""ok"":true}"
vCRet,https://lichess.org/training/vCRet,TRUE,False,"Processing row 640: 2025-11-06 12:45:46.696247 -> Puzzle vCRet - URL https://lichess.org/training/vCRet, Reviewed: TRUE -> Status: 200 Text:{""ok"":true}"
vQ776,https://lichess.org/training/vQ776,TRUE,False,"Processing row 641: 2025-11-06 12:45:47.829008 -> Puzzle vQ776 - URL https://lichess.org/training/vQ776, Reviewed: TRUE -> Status: 200 Text:{""ok"":true}"
vU7C8,https://lichess.org/training/vU7C8,TRUE,False,"Processing row 642: 2025-11-06 12:45:48.951795 -> Puzzle vU7C8 - URL https://lichess.org/training/vU7C8, Reviewed: TRUE -> Status: 200 Text:{""ok"":true}"
vUOfb,https://lichess.org/training/vUOfb,TRUE,False,"Processing row 643: 2025-11-06 12:45:50.085145 -> Puzzle vUOfb - URL https://lichess.org/training/vUOfb, Reviewed: TRUE -> Status: 200 Text:{""ok"":true}"
vlUTs,https://lichess.org/training/vlUTs,TRUE,False,"Processing row 644: 2025-11-06 12:45:51.220408 -> Puzzle vlUTs - URL https://lichess.org/training/vlUTs, Reviewed: TRUE -> Status: 200 Text:{""ok"":true}"
vnroI,https://lichess.org/training/vnroI,TRUE,False,"Processing row 645: 2025-11-06 12:45:52.351126 -> Puzzle vnroI - URL https://lichess.org/training/vnroI, Reviewed: TRUE -> Status: 200 Text:{""ok"":true}"
vrKjF,https://lichess.org/training/vrKjF,TRUE,False,"Processing row 646: 2025-11-06 12:45:53.476424 -> Puzzle vrKjF - URL https://lichess.org/training/vrKjF, Reviewed: TRUE -> Status: 200 Text:{""ok"":true}"
vy4L9,https://lichess.org/training/vy4L9,TRUE,False,"Processing row 647: 2025-11-06 12:45:54.691942 -> Puzzle vy4L9 - URL https://lichess.org/training/vy4L9, Reviewed: TRUE -> Status: 200 Text:{""ok"":true}"
vyYXY,https://lichess.org/training/vyYXY,TRUE,False,"Processing row 648: 2025-11-06 12:45:55.824228 -> Puzzle vyYXY - URL https://lichess.org/training/vyYXY, Reviewed: TRUE -> Status: 200 Text:{""ok"":true}"
w09qV,https://lichess.org/training/w09qV,TRUE,False,"Processing row 649: 2025-11-06 12:45:56.972260 -> Puzzle w09qV - URL https://lichess.org/training/w09qV, Reviewed: TRUE -> Status: 200 Text:{""ok"":true}"
w0q7J,https://lichess.org/training/w0q7J,TRUE,False,"Processing row 650: 2025-11-06 12:45:58.205749 -> Puzzle w0q7J - URL https://lichess.org/training/w0q7J, Reviewed: TRUE -> Status: 200 Text:{""ok"":true}"
wH6bK,https://lichess.org/training/wH6bK,TRUE,False,"Processing row 651: 2025-11-06 12:45:59.329886 -> Puzzle wH6bK - URL https://lichess.org/training/wH6bK, Reviewed: TRUE -> Status: 200 Text:{""ok"":true}"
wJish,https://lichess.org/training/wJish,TRUE,False,"Processing row 652: 2025-11-06 12:46:00.458219 -> Puzzle wJish - URL https://lichess.org/training/wJish, Reviewed: TRUE -> Status: 200 Text:{""ok"":true}"
wMtzw,https://lichess.org/training/wMtzw,TRUE,False,"Processing row 653: 2025-11-06 12:46:01.592316 -> Puzzle wMtzw - URL https://lichess.org/training/wMtzw, Reviewed: TRUE -> Status: 200 Text:{""ok"":true}"
wV3QM,https://lichess.org/training/wV3QM,TRUE,False,"Processing row 654: 2025-11-06 12:46:02.710637 -> Puzzle wV3QM - URL https://lichess.org/training/wV3QM, Reviewed: TRUE -> Status: 200 Text:{""ok"":true}"
wYVxO,https://lichess.org/training/wYVxO,TRUE,False,"Processing row 655: 2025-11-06 12:46:03.844578 -> Puzzle wYVxO - URL https://lichess.org/training/wYVxO, Reviewed: TRUE -> Status: 200 Text:{""ok"":true}"
wjhUT,https://lichess.org/training/wjhUT,TRUE,False,"Processing row 656: 2025-11-06 12:46:05.025016 -> Puzzle wjhUT - URL https://lichess.org/training/wjhUT, Reviewed: TRUE -> Status: 200 Text:{""ok"":true}"
wp36Z,https://lichess.org/training/wp36Z,TRUE,False,"Processing row 657: 2025-11-06 12:46:06.143184 -> Puzzle wp36Z - URL https://lichess.org/training/wp36Z, Reviewed: TRUE -> Status: 200 Text:{""ok"":true}"
wuQLG,https://lichess.org/training/wuQLG,TRUE,False,"Processing row 658: 2025-11-06 12:46:07.260358 -> Puzzle wuQLG - URL https://lichess.org/training/wuQLG, Reviewed: TRUE -> Status: 200 Text:{""ok"":true}"
wue6V,https://lichess.org/training/wue6V,TRUE,False,"Processing row 659: 2025-11-06 12:46:08.386179 -> Puzzle wue6V - URL https://lichess.org/training/wue6V, Reviewed: TRUE -> Status: 200 Text:{""ok"":true}"
x0wXw,https://lichess.org/training/x0wXw,TRUE,False,"Processing row 660: 2025-11-06 12:46:09.509380 -> Puzzle x0wXw - URL https://lichess.org/training/x0wXw, Reviewed: TRUE -> Status: 200 Text:{""ok"":true}"
x6nIE,https://lichess.org/training/x6nIE,TRUE,False,"Processing row 661: 2025-11-06 12:46:10.632183 -> Puzzle x6nIE - URL https://lichess.org/training/x6nIE, Reviewed: TRUE -> Status: 200 Text:{""ok"":true}"
x97Ej,https://lichess.org/training/x97Ej,TRUE,False,"Processing row 662: 2025-11-06 12:46:11.794367 -> Puzzle x97Ej - URL https://lichess.org/training/x97Ej, Reviewed: TRUE -> Status: 200 Text:{""ok"":true}"
xD9Cy,https://lichess.org/training/xD9Cy,TRUE,False,"Processing row 663: 2025-11-06 12:46:12.923141 -> Puzzle xD9Cy - URL https://lichess.org/training/xD9Cy, Reviewed: TRUE -> Status: 200 Text:{""ok"":true}"
xNhTR,https://lichess.org/training/xNhTR,TRUE,False,"Processing row 664: 2025-11-06 12:46:14.042501 -> Puzzle xNhTR - URL https://lichess.org/training/xNhTR, Reviewed: TRUE -> Status: 200 Text:{""ok"":true}"
xh95M,https://lichess.org/training/xh95M,TRUE,False,"Processing row 665: 2025-11-06 12:46:15.181011 -> Puzzle xh95M - URL https://lichess.org/training/xh95M, Reviewed: TRUE -> Status: 200 Text:{""ok"":true}"
xnXAd,https://lichess.org/training/xnXAd,TRUE,False,"Processing row 666: 2025-11-06 12:46:16.305768 -> Puzzle xnXAd - URL https://lichess.org/training/xnXAd, Reviewed: TRUE -> Status: 200 Text:{""ok"":true}"
xooKA,https://lichess.org/training/xooKA,TRUE,False,"Processing row 667: 2025-11-06 12:46:17.470660 -> Puzzle xooKA - URL https://lichess.org/training/xooKA, Reviewed: TRUE -> Status: 200 Text:{""ok"":true}"
xvjiE,https://lichess.org/training/xvjiE,TRUE,False,"Processing row 668: 2025-11-06 12:46:18.587875 -> Puzzle xvjiE - URL https://lichess.org/training/xvjiE, Reviewed: TRUE -> Status: 200 Text:{""ok"":true}"
xxOdM,https://lichess.org/training/xxOdM,TRUE,False,"Processing row 669: 2025-11-06 12:46:19.714700 -> Puzzle xxOdM - URL https://lichess.org/training/xxOdM, Reviewed: TRUE -> Status: 200 Text:{""ok"":true}"
xyLXV,https://lichess.org/training/xyLXV,TRUE,False,"Processing row 670: 2025-11-06 12:46:20.839296 -> Puzzle xyLXV - URL https://lichess.org/training/xyLXV, Reviewed: TRUE -> Status: 200 Text:{""ok"":true}"
y8ZAU,https://lichess.org/training/y8ZAU,TRUE,False,"Processing row 671: 2025-11-06 12:46:21.953962 -> Puzzle y8ZAU - URL https://lichess.org/training/y8ZAU, Reviewed: TRUE -> Status: 200 Text:{""ok"":true}"
yCP0C,https://lichess.org/training/yCP0C,TRUE,False,"Processing row 672: 2025-11-06 12:46:23.070653 -> Puzzle yCP0C - URL https://lichess.org/training/yCP0C, Reviewed: TRUE -> Status: 200 Text:{""ok"":true}"
yCplC,https://lichess.org/training/yCplC,TRUE,False,"Processing row 673: 2025-11-06 12:46:24.189901 -> Puzzle yCplC - URL https://lichess.org/training/yCplC, Reviewed: TRUE -> Status: 200 Text:{""ok"":true}"
yIgQF,https://lichess.org/training/yIgQF,TRUE,False,"Processing row 674: 2025-11-06 12:46:25.326665 -> Puzzle yIgQF - URL https://lichess.org/training/yIgQF, Reviewed: TRUE -> Status: 200 Text:{""ok"":true}"
yJD1R,https://lichess.org/training/yJD1R,TRUE,False,"Processing row 675: 2025-11-06 12:46:26.449303 -> Puzzle yJD1R - URL https://lichess.org/training/yJD1R, Reviewed: TRUE -> Status: 200 Text:{""ok"":true}"
yV92f,https://lichess.org/training/yV92f,TRUE,False,"Processing row 676: 2025-11-06 12:46:27.573200 -> Puzzle yV92f - URL https://lichess.org/training/yV92f, Reviewed: TRUE -> Status: 200 Text:{""ok"":true}"
yY77m,https://lichess.org/training/yY77m,TRUE,False,"Processing row 677: 2025-11-06 12:46:28.792075 -> Puzzle yY77m - URL https://lichess.org/training/yY77m, Reviewed: TRUE -> Status: 200 Text:{""ok"":true}"
ybJXQ,https://lichess.org/training/ybJXQ,TRUE,False,"Processing row 678: 2025-11-06 12:46:29.920848 -> Puzzle ybJXQ - URL https://lichess.org/training/ybJXQ, Reviewed: TRUE -> Status: 200 Text:{""ok"":true}"
ykF5N,https://lichess.org/training/ykF5N,TRUE,False,"Processing row 679: 2025-11-06 12:46:31.042378 -> Puzzle ykF5N - URL https://lichess.org/training/ykF5N, Reviewed: TRUE -> Status: 200 Text:{""ok"":true}"
ys4KL,https://lichess.org/training/ys4KL,TRUE,False,"Processing row 680: 2025-11-06 12:46:32.164475 -> Puzzle ys4KL - URL https://lichess.org/training/ys4KL, Reviewed: TRUE -> Status: 200 Text:{""ok"":true}"
yux3r,https://lichess.org/training/yux3r,TRUE,False,"Processing row 681: 2025-11-06 12:46:33.290393 -> Puzzle yux3r - URL https://lichess.org/training/yux3r, Reviewed: TRUE -> Status: 200 Text:{""ok"":true}"
z0fYH,https://lichess.org/training/z0fYH,TRUE,False,"Processing row 682: 2025-11-06 12:46:34.407568 -> Puzzle z0fYH - URL https://lichess.org/training/z0fYH, Reviewed: TRUE -> Status: 200 Text:{""ok"":true}"
z3HKY,https://lichess.org/training/z3HKY,TRUE,False,"Processing row 683: 2025-11-06 12:46:35.546447 -> Puzzle z3HKY - URL https://lichess.org/training/z3HKY, Reviewed: TRUE -> Status: 200 Text:{""ok"":true}"
z4Jo2,https://lichess.org/training/z4Jo2,TRUE,False,"Processing row 684: 2025-11-06 12:46:36.693351 -> Puzzle z4Jo2 - URL https://lichess.org/training/z4Jo2, Reviewed: TRUE -> Status: 200 Text:{""ok"":true}"
zBCzg,https://lichess.org/training/zBCzg,TRUE,False,"Processing row 685: 2025-11-06 12:46:37.812040 -> Puzzle zBCzg - URL https://lichess.org/training/zBCzg, Reviewed: TRUE -> Status: 200 Text:{""ok"":true}"
zRptn,https://lichess.org/training/zRptn,TRUE,False,"Processing row 686: 2025-11-06 12:46:38.927366 -> Puzzle zRptn - URL https://lichess.org/training/zRptn, Reviewed: TRUE -> Status: 200 Text:{""ok"":true}"
zWow9,https://lichess.org/training/zWow9,TRUE,False,"Processing row 687: 2025-11-06 12:46:40.047954 -> Puzzle zWow9 - URL https://lichess.org/training/zWow9, Reviewed: TRUE -> Status: 200 Text:{""ok"":true}"
zX08I,https://lichess.org/training/zX08I,TRUE,False,"Processing row 688: 2025-11-06 12:46:41.174817 -> Puzzle zX08I - URL https://lichess.org/training/zX08I, Reviewed: TRUE -> Status: 200 Text:{""ok"":true}"
zbLix,https://lichess.org/training/zbLix,TRUE,False,"Processing row 689: 2025-11-06 12:46:42.295019 -> Puzzle zbLix - URL https://lichess.org/training/zbLix, Reviewed: TRUE -> Status: 200 Text:{""ok"":true}"
zpqZk,https://lichess.org/training/zpqZk,TRUE,False,"Processing row 690: 2025-11-06 12:46:43.418207 -> Puzzle zpqZk - URL https://lichess.org/training/zpqZk, Reviewed: TRUE -> Status: 200 Text:{""ok"":true}"
zuVPi,https://lichess.org/training/zuVPi,TRUE,False,"Processing row 691: 2025-11-06 12:46:44.532014 -> Puzzle zuVPi - URL https://lichess.org/training/zuVPi, Reviewed: TRUE -> Status: 200 Text:{""ok"":true}"
