PuzzleId,FEN,Moves,Rating,RatingDeviation,Popularity,NbPlays,Themes,GameUrl,OpeningTags,Rook_Knight,puzzle_ref
02tYt,2k5/1RR3pp/2p5/p1N1p2n/P7/1P5P/2nr4/3r1NK1 b - - 6 28,c8d8 c5e6 d8e8 c7e7,2123,77,99,383,mate mateIn2 middlegame short,https://lichess.org/FrBU2zhL/black#56,,True,https://lichess.org/training/02tYt
05qga,r1b1k2r/pp4pp/2pB4/n3N3/3P4/8/P4PPP/4R1K1 b - - 0 18,e8d8 e5f7 d8d7 e1e7,1619,75,90,408,fork mate mateIn2 middlegame short,https://lichess.org/gUYheFLE/black#36,Italian_Game Italian_Game_Classical_Variation,True,https://lichess.org/training/05qga
09k95,1r5r/p3kp2/bqp1pNp1/2b1P1Np/2Pp1P2/1P2Q3/PB4PP/2KR3R b - - 0 18,d4e3 d1d7 e7f8 d7f7,1383,77,93,1749,mate mateIn2 middlegame short,https://lichess.org/6Bkmk2D1/black#36,French_Defense French_Defense_Advance_Variation,True,https://lichess.org/training/09k95
09pYV,7k/8/5K1N/p5RP/r1p5/3n4/8/8 b - - 1 44,c4c3 h6f7 h8h7 g5g7,1497,75,86,129,endgame mate mateIn2 short,https://lichess.org/WG2uumFD/black#88,,True,https://lichess.org/training/09pYV
0DK93,8/8/6R1/4Npkp/3p4/3Kp3/r6P/8 b - - 1 43,g5h4 e5f3 h4h3 g6g3,1260,77,94,545,endgame mate mateIn2 short,https://lichess.org/98F9OHCj/black#86,,True,https://lichess.org/training/0DK93
0GLfa,4Q3/8/kp3p2/5n2/3P4/2P4p/5r2/7K w - - 10 50,c3c4 f5g3 h1g1 f2g2,1964,81,100,55,endgame mate mateIn2 short,https://lichess.org/7D8uiPeV#99,,True,https://lichess.org/training/0GLfa
0IyDQ,3r1k2/1Q2bp1p/p3p1p1/1n2Pn2/B1p1NP2/8/PP4PP/1K6 w - - 3 25,a4b5 d8d1 b1c2 f5e3 c2c3 d1d3,1828,75,90,189,endgame long mate mateIn3 queensideAttack,https://lichess.org/eToWiEaI#49,,True,https://lichess.org/training/0IyDQ
0Qbdg,8/1pp1BP1k/p7/7P/2P5/1P4n1/3r1r2/R5K1 w - - 3 38,f7f8q f2g2,1423,74,97,2027,endgame mate mateIn1 oneMove,https://lichess.org/IIiMxCuh#75,,True,https://lichess.org/training/0Qbdg
0kkoE,2n5/p5kR/6p1/5bN1/1p2NP2/8/1P1K2PP/7q b - - 3 33,g7g8 e4f6 g8f8 h7f7,1659,74,98,1772,endgame mate mateIn2 short,https://lichess.org/Mcy1hCgz/black#66,,True,https://lichess.org/training/0kkoE
0svae,7k/pp4p1/7p/2N5/8/1B2n2P/PPP1nrP1/R6K w - - 0 22,a1e1 e2g3 h1g1 f2g2,1434,74,97,1175,endgame mate mateIn2 short,https://lichess.org/qxArKqpU#43,,True,https://lichess.org/training/0svae
0tkbi,r6r/1p4pp/p5b1/1B2R3/P1Nn4/2RP4/kP3PPP/6K1 b - - 0 25,a6b5 c3a3 a2b1 e5e1 b1c2 a3c3,1567,80,64,88,long mate mateIn3 middlegame,https://lichess.org/EtyayC54/black#50,,True,https://lichess.org/training/0tkbi
0v0Rp,r7/8/4N1pp/4Pp1k/2P1Q3/r3p2P/8/6RK b - - 0 44,f5e4 e6f4 h5h4 g1g4,1707,74,86,81,endgame mate mateIn2 short,https://lichess.org/pAJvFmuo/black#88,,True,https://lichess.org/training/0v0Rp
0zvoj,r6r/p3kp1p/npN3p1/2nRPp2/2P5/8/PP4PP/4KB1R b K - 1 18,e7e6 d5d6,1333,76,100,636,mate mateIn1 middlegame oneMove,https://lichess.org/wGwaKmxE/black#36,Alekhine_Defense Alekhine_Defense_Four_Pawns_Attack,True,https://lichess.org/training/0zvoj
10m7R,2r2k2/pp4Rp/3nNB2/8/3P4/P6P/1r3P2/5K2 b - - 0 35,f8e8 g7e7,1558,75,30,151,endgame master mate mateIn1 oneMove,https://lichess.org/MQQBQEn1/black#70,,True,https://lichess.org/training/10m7R
16Aoi,r2r1k2/pp5R/2p3pP/3nN3/3P2P1/4n3/PPP5/1K6 b - - 0 29,d5f6 e5g6 f8g8 h7g7,1969,75,91,678,endgame mate mateIn2 short,https://lichess.org/xLPxoiHt/black#58,,True,https://lichess.org/training/16Aoi
17SiN,r6r/p2k2pp/1pN2p2/1P1p4/2n2B2/6PP/P4P2/4R2K b - - 1 29,g7g5 e1e7 d7c8 e7c7,1148,77,90,702,endgame mate mateIn2 short,https://lichess.org/788C5L8R/black#58,,True,https://lichess.org/training/17SiN
1ETqI,4Q3/5ppk/6p1/p1Pp4/1P1Pnn2/P6P/4r1P1/3R3K w - - 3 31,e8f7 e4g3 h1g1 e2g2,1890,77,83,115,endgame mate mateIn2 short,https://lichess.org/8AtVkJRY#61,,True,https://lichess.org/training/1ETqI
1HepU,3N4/1P5p/6p1/8/6nP/5kP1/1r6/R5K1 w - - 3 49,d8e6 b2g2 g1f1 g4e3 f1e1 g2e2,2029,79,100,78,endgame exposedKing long mate mateIn3,https://lichess.org/ffdLiO0F#97,,True,https://lichess.org/training/1HepU
1QpQv,8/6p1/4k3/npP1p2p/2rbPP1P/1K1R2B1/8/3R4 w - - 1 37,b3a3 c4a4,1429,76,96,2802,endgame master mate mateIn1 oneMove,https://lichess.org/Zvhb74wy#73,,True,https://lichess.org/training/1QpQv
1Vh8H,6k1/1b4pp/p3p3/1p2Nq2/4nP2/P1P4P/3r2P1/1R2QR1K w - - 3 32,b1d1 f5h3 g2h3 e4g3 h1g1 d2g2,2216,79,89,204,doubleCheck kingsideAttack long mate mateIn3 middlegame sacrifice,https://lichess.org/7H4AgZsj#63,,True,https://lichess.org/training/1Vh8H
1cGNy,5k2/B4pb1/2B3p1/8/P1N3n1/6r1/1r3n1P/R4RK1 w - - 0 25,h2g3 f2h3 g1h1 b2h2,1396,109,78,33,mate mateIn2 middlegame short,https://lichess.org/ERZpIl8a#49,,True,https://lichess.org/training/1cGNy
1cmLN,1kn5/6p1/P2p1p1p/1NpP4/2r2P2/6PP/8/1R5K b - - 1 39,b8a8 b5c7 a8a7 b1b7,1014,81,95,57,endgame mate mateIn2 short,https://lichess.org/W3rEaNo9/black#78,,True,https://lichess.org/training/1cmLN
1fScq,4rb2/p4NRk/4p2P/1p3p2/2r1b2P/P1N1P3/1P3P2/2K3R1 b - - 6 27,f8g7 g1g7,1181,78,91,694,master mate mateIn1 middlegame oneMove,https://lichess.org/mYC4xjVh/black#54,,True,https://lichess.org/training/1fScq
1kEzk,7r/7r/p1p1k3/2p2p2/2PbpB2/P4nPP/1P4B1/R1Q4K w - - 1 36,a1b1 h7h3 g2h3 h8h3 h1g2 h3h2 g2f1 h2f2,1764,75,93,365,exposedKing kingsideAttack mate mateIn4 middlegame veryLong,https://lichess.org/C9oPcw1n#71,,True,https://lichess.org/training/1kEzk
1nQOt,5r2/p6p/1p6/3R1k2/5n2/5Nr1/PPP2K2/8 b - - 13 48,f5g4 d5g5 g4h3 g5g3,1244,76,91,106,endgame master mate mateIn2 short,https://lichess.org/xUK2Fpr0/black#96,,True,https://lichess.org/training/1nQOt
1ogQq,8/8/2R2N2/8/8/6nk/r7/6K1 w - - 1 46,f6e4 a2g2,1803,90,68,85,endgame master mate mateIn1 oneMove,https://lichess.org/vkeiXJDf#91,,True,https://lichess.org/training/1ogQq
21m6n,8/R6p/4p1p1/3p2P1/3P2k1/1rb1PN1P/5K2/8 b - - 0 37,g4h3 a7h7 h3g4 h7h4 g4f5 h4f4,1587,74,94,980,endgame long mate mateIn3,https://lichess.org/vSlRQr94/black#74,,True,https://lichess.org/training/21m6n
2AgFi,3r2k1/1b1p2pp/pq2p1p1/1p4N1/2nQN3/P3P3/1PP3PP/5RK1 b - - 3 18,b6c6 d4g7 g8g7 f1f7 g7h8 f7h7 h8g8 e4f6 g8f8 h7f7,2369,81,97,521,attraction kingsideAttack mate mateIn5 middlegame sacrifice veryLong,https://lichess.org/OHmrx0Bd/black#36,French_Defense French_Defense_Franco-Sicilian_Defense,True,https://lichess.org/training/2AgFi
2FFZF,6r1/2kn1Q2/p1pN4/q3p2r/2PP3p/7P/5PB1/1R4K1 b - - 1 28,h5g5 b1b7 c7d8 b7d7,1390,75,96,816,mate mateIn2 middlegame short,https://lichess.org/Qwf7zwFJ/black#56,,True,https://lichess.org/training/2FFZF
2GhIP,r3kbr1/1p3p1p/1p2Pp2/1Np5/8/P3P3/1P1n1PPP/R2R3K b q - 2 18,d2b3 b5c7 e8e7 d1d7,1531,75,88,279,fork mate mateIn2 middlegame short,https://lichess.org/uwySE3E2/black#36,Trompowsky_Attack Trompowsky_Attack_Other_variations,True,https://lichess.org/training/2GhIP
2H3Vn,5r2/4N1pk/7p/R3p3/2b1K1n1/8/3R3P/8 w - - 2 45,h2h3 f8f4,1378,75,100,434,endgame mate mateIn1 oneMove,https://lichess.org/c2su439o#89,,True,https://lichess.org/training/2H3Vn
2I8GF,7k/5R2/1p3pKN/2b5/5r1P/p7/P7/8 b - - 4 51,f4h4 f7h7,1400,75,96,1348,endgame mate mateIn1 oneMove,https://lichess.org/2oYvfgwt/black#102,,True,https://lichess.org/training/2I8GF
2J2T7,1k1r3r/3b2pp/Rp3p2/1P2p2n/2NnB3/4B3/5PPP/4K2R b K - 7 24,d7b5 a6a8 b8c7 a8a7 c7c8 c4b6 c8b8 a7b7,2433,77,95,729,deflection exposedKing mate mateIn4 middlegame queensideAttack veryLong,https://lichess.org/0LpLoYIU/black#48,,True,https://lichess.org/training/2J2T7
2Jl5b,4rr2/p2R2kp/bpp3p1/6N1/2P2PN1/PP5P/1b4PK/8 b - - 4 28,g7g8 g4h6 g8h8 d7h7,1389,74,100,330,kingsideAttack mate mateIn2 middlegame short,https://lichess.org/KacpAvi8/black#56,,True,https://lichess.org/training/2Jl5b
2M03Z,8/8/N2R4/6P1/P6P/kP1p4/2r3n1/4K3 w - - 2 52,e1d1 g2e3 d1e1 c2e2,1738,75,98,960,endgame mate mateIn2 short,https://lichess.org/YKLnPevf#103,,True,https://lichess.org/training/2M03Z
2b6Qi,5k2/2pN3R/4P3/pp6/2nK4/4r2p/7P/8 b - - 9 42,f8g8 d7f6 g8f8 h7f7,2003,79,86,51,endgame mate mateIn2 short,https://lichess.org/pxCcGY9A/black#84,,True,https://lichess.org/training/2b6Qi
2eVGq,6Q1/ppp4R/3p1k2/4n3/6P1/4b3/PPPr4/3K4 w - - 1 34,d1e1 e5f3 e1f1 d2f2,1515,75,98,2567,endgame mate mateIn2 short,https://lichess.org/V9adVjjQ#67,,True,https://lichess.org/training/2eVGq
2fguc,6k1/p4p1p/2bB2p1/7n/8/2N2N1P/Pr4P1/4R2K w - - 1 27,f3e5 h5g3 h1g1 b2g2,1546,75,100,339,mate mateIn2 middlegame short,https://lichess.org/2ToOXsvc#53,,True,https://lichess.org/training/2fguc
2gZhF,1r3N1k/5p1P/4p3/8/6R1/5P2/p4PK1/8 b - - 0 46,a2a1q g4g8,1034,76,100,158,endgame mate mateIn1 oneMove,https://lichess.org/8qHSWIJ5/black#92,,True,https://lichess.org/training/2gZhF
2yU0W,8/P7/6p1/4pkP1/1P1p1n1K/8/3P2r1/8 w - - 1 45,a7a8q g2g4,1677,80,83,202,endgame master mate mateIn1 oneMove,https://lichess.org/tLarjLt1#89,,True,https://lichess.org/training/2yU0W
3Ise0,8/8/4pkp1/3pN2p/PR2nP2/7P/r1r3P1/4R2K w - - 9 41,b4b7 e4g3 h1g1 c2g2,1415,76,97,250,endgame master mate mateIn2 short,https://lichess.org/VuRyn5MJ#81,,True,https://lichess.org/training/3Ise0
3NRfw,7k/2R1N3/p2p3P/1pp1p3/8/5K2/6r1/3n3r b - - 7 46,g2h2 e7g6 h8g8 c7g7,1839,79,91,251,endgame mate mateIn2 short,https://lichess.org/jvSx4Ncb/black#92,,True,https://lichess.org/training/3NRfw
3S3FR,4k3/7R/q3NK2/3p1p2/2nPp1p1/6P1/8/8 b - - 13 62,e4e3 h7e7,1805,75,96,2274,endgame mate mateIn1 oneMove,https://lichess.org/bFiuGr9K/black#124,,True,https://lichess.org/training/3S3FR
3e9DM,6R1/p7/8/2p2N1k/3b1K1p/6p1/P3r3/8 b - - 3 51,e2e5 g8g5,1603,77,95,640,endgame mate mateIn1 oneMove,https://lichess.org/XyREoh0F/black#102,,True,https://lichess.org/training/3e9DM
3fPel,4rk1N/ppp4p/3p2p1/2P5/6b1/1BPnK3/PP3nPP/RNB2R2 w - - 5 16,e3d2 e8e2,968,79,64,91,mate mateIn1 middlegame oneMove,https://lichess.org/SqehsST3#31,Kings_Pawn_Game Kings_Pawn_Game_Wayward_Queen_Attack,True,https://lichess.org/training/3fPel
3gRv4,8/pQ5p/4pkp1/5p2/P1P1n3/7P/3r1rP1/4R2K w - - 3 39,b7h7 e4g3 h1g1 f2g2,1241,76,74,103,endgame mate mateIn2 short,https://lichess.org/vV6ACm6I#77,,True,https://lichess.org/training/3gRv4
3nuCq,8/p5R1/7p/1pb2B1k/8/7N/P1r5/5K2 b - - 5 42,c2a2 h3f4 h5h4 g7g4,1475,75,99,2901,endgame mate mateIn2 short,https://lichess.org/s7SvC5HI/black#84,,True,https://lichess.org/training/3nuCq
3uRfk,8/8/6p1/1P6/4P2R/4kn1P/2r5/3Q2K1 w - - 8 61,g1f1 c2f2,1279,79,71,135,endgame mate mateIn1 oneMove,https://lichess.org/2Fe8fP5o#121,,True,https://lichess.org/training/3uRfk
44v5r,6k1/3R4/1p3N1p/3pN3/3Pb3/8/5K2/qr6 b - - 1 49,g8f8 d7f7,1714,80,71,191,endgame mate mateIn1 oneMove,https://lichess.org/OWUMoP1C/black#98,,True,https://lichess.org/training/44v5r
46UFW,8/8/8/R2p4/7R/P3knP1/1P1r3P/5K2 w - - 5 42,a5d5 d2f2,1614,79,95,400,endgame master mate mateIn1 oneMove,https://lichess.org/lvYZS5Z8#83,,True,https://lichess.org/training/46UFW
47NoD,3k4/2R4p/p2P4/P1N5/8/5P1K/1bp1r3/8 b - - 8 49,e2d2 c5e6 d8e8 c7e7,1998,84,64,66,endgame mate mateIn2 short,https://lichess.org/gVRBZTIg/black#98,,True,https://lichess.org/training/47NoD
47oJP,8/8/4p1B1/1R6/P5p1/4nkP1/5r2/4K3 w - - 0 50,a4a5 f2e2,1704,75,92,805,endgame mate mateIn1 oneMove,https://lichess.org/UQXtil2Z#99,,True,https://lichess.org/training/47oJP
4FjT7,3B4/1R4p1/1P3pkp/2Np4/8/1P2pn1P/1r6/5K2 w - - 0 57,b7e7 b2f2,1908,75,95,2085,endgame mate mateIn1 oneMove,https://lichess.org/WiBa9CBG#113,,True,https://lichess.org/training/4FjT7
4HM3N,4rrn1/5Rk1/2p1b2N/p2pq1p1/8/P1PB1QPP/6PK/5R2 b - - 0 27,e6f7 f3f7 f8f7 f1f7 g7h8 f7h7,2142,78,91,781,exposedKing long mate mateIn3 middlegame,https://lichess.org/tv23Nh6n/black#54,,True,https://lichess.org/training/4HM3N
4gNuL,8/3b1p2/prrPp1pp/1p3k2/3RNP2/P4K2/1P3P2/3R4 b - - 14 30,c6c2 d4d5 e6d5 d1d5 f5e6 d5e5,1863,74,97,713,endgame long mate mateIn3 sacrifice,https://lichess.org/XwxHThcd/black#60,,True,https://lichess.org/training/4gNuL
4p4Fi,6k1/5pp1/7p/1N6/8/P5P1/2r1rn1P/3R1RK1 w - - 0 26,b5d4 f2h3 g1h1 e2h2,1089,75,86,145,discoveredAttack endgame mate mateIn2 short,https://lichess.org/XPsqikGa#51,,True,https://lichess.org/training/4p4Fi
4wDQD,8/8/6R1/6Np/1r4kP/6n1/5K2/8 b - - 0 59,g4h4 g5f3 h4h3 g6g3,953,104,100,34,discoveredAttack endgame mate mateIn2 short,https://lichess.org/RalAdeTh/black#118,,True,https://lichess.org/training/4wDQD
4wWap,7N/pp5R/2k1p3/4Pn2/1P1P2K1/r7/3bp1P1/4R3 w - - 2 36,e1e2 a3g3 g4h5 g3g5,1424,75,91,1083,endgame mate mateIn2 short,https://lichess.org/AwbIKN6p#71,,True,https://lichess.org/training/4wWap
4yjpD,1r3r1k/2R1Nn2/1n5R/pp1p3N/3P4/1P2PP2/P5P1/6K1 b - - 0 34,f7h6 e7g6 h8g8 c7g7,1459,77,92,642,fork mate mateIn2 middlegame short,https://lichess.org/RJ10nsJs/black#68,,True,https://lichess.org/training/4yjpD
54uxc,8/r7/p1R5/1p2pp2/1P2k1p1/P5P1/2N1KPP1/2b5 b - - 3 45,c1b2 c2e3 f5f4 f2f3 g4f3 g2f3 e4d4 c6d6 d4c3 d6d3,2377,79,93,128,endgame mate mateIn5 veryLong,https://lichess.org/cmcICYSs/black#90,,True,https://lichess.org/training/54uxc
5LH7y,4r3/1p3k2/1b3p2/pP1p1Pp1/P1p3P1/2PnrKN1/3B2R1/3R4 w - - 0 39,d2e3 e8e3,1247,94,62,52,mate mateIn1 middlegame oneMove,https://lichess.org/ACUDQSFV#77,,True,https://lichess.org/training/5LH7y
5pWl2,r1b2kr1/p7/1p2p1pN/3pb1Np/7P/3K4/PP6/R4R2 b - - 1 31,f8g7 f1f7 g7h8 f7h7,1499,75,90,306,mate mateIn2 middlegame short,https://lichess.org/JfPJ9ne0/black#62,,True,https://lichess.org/training/5pWl2
5uTyu,7k/8/3p2RP/p1pP2Nr/1p3p2/1P6/P1P1rP2/2K5 b - - 1 37,e2f2 g5f7 h8h7 g6g7,997,120,67,16,endgame mate mateIn2 short,https://lichess.org/ez9di3aL/black#74,,True,https://lichess.org/training/5uTyu
66WJy,7k/pp3R2/2b3Bp/2bNp3/4P2P/8/P1r3P1/5K2 b - - 2 27,c2a2 f7h7 h8g8 d5f6 g8f8 h7f7,1631,74,100,1422,endgame exposedKing long mate mateIn3,https://lichess.org/TsAgcnRl/black#54,,True,https://lichess.org/training/66WJy
6DUkh,1r4k1/2p2N2/p5p1/3P2Nb/5p1P/P2rn3/8/R1B1K2R w KQ - 0 31,e1f2 b8b2 c1b2 d3d2 f2e1 d2e2,2214,79,90,536,exposedKing fork long mate mateIn3 middlegame sacrifice,https://lichess.org/GsWF5xXR#61,,True,https://lichess.org/training/6DUkh
6RGpK,8/2R1k2p/r3p1p1/5p2/p2P4/N3nP1P/6P1/6K1 b - - 1 32,e7d6 a3b5 d6d5 c7c5,1614,75,100,226,endgame mate mateIn2 short,https://lichess.org/agKEvp8L/black#64,,True,https://lichess.org/training/6RGpK
6TmXx,2R5/8/8/5P2/3k4/1pn3N1/7r/2K5 w - - 2 45,c8b8 h2c2,1850,78,88,1220,endgame mate mateIn1 oneMove,https://lichess.org/j8iyFExW#89,,True,https://lichess.org/training/6TmXx
6Uq2I,3r2nr/p1p2ppp/k7/P7/2P5/PN6/5P1P/1R2KR2 b - - 3 19,g8f6 b3c5 a6a5 b1b5,1586,75,98,736,endgame mate mateIn2 short,https://lichess.org/byAk8J8S/black#38,,True,https://lichess.org/training/6Uq2I
6bwK9,3k4/ppp1NR2/3p4/4p1p1/2PnP1n1/2NP2P1/PP5r/R5K1 w - - 2 28,e7f5 d4f3 g1f1 h2f2,1814,76,93,314,kingsideAttack mate mateIn2 middlegame short,https://lichess.org/XhlEouYx#55,,True,https://lichess.org/training/6bwK9
6mnLR,4N3/8/7p/R7/6R1/1Pk5/1n3r2/3K4 w - - 23 59,d1e1 b2d3 e1d1 f2d2,1680,85,72,35,endgame mate mateIn2 short,https://lichess.org/t7bMPyKF#117,,True,https://lichess.org/training/6mnLR
6nKgr,r1r5/2p2ppp/2NBk3/pp2p1P1/2b1P3/P1P2P1P/1KPR4/3R4 b - - 0 27,c7d6 d2d6,1330,245,100,17,endgame master mate mateIn1 oneMove,https://lichess.org/W4uAKwVc/black#54,,True,https://lichess.org/training/6nKgr
6rypX,r2r3k/p5B1/bp4R1/4P1N1/2nb4/8/P4P1P/3K4 b - - 5 31,h8g8 g7h6 g8h8 g5f7 h8h7 g6g7,1989,144,71,20,discoveredAttack exposedKing fork long mate mateIn3 middlegame,https://lichess.org/OBNh0bFp/black#62,,True,https://lichess.org/training/6rypX
6wCfV,5rk1/1pRR1N2/4p1pp/p3P3/1n3P2/6P1/1r5P/7K b - - 0 34,b4d5 f7h6 g8h8 d7h7,1127,74,100,189,endgame mate mateIn2 short,https://lichess.org/xjtug07X/black#68,,True,https://lichess.org/training/6wCfV
6y848,6k1/1p3R2/2b2Kp1/1r4N1/4BP2/2P5/P7/3r4 b - - 2 37,c6e4 f7g7 g8f8 g5e6 f8e8 g7e7,2028,78,89,100,endgame exposedKing long mate mateIn3,https://lichess.org/4hs0WqQi/black#74,,True,https://lichess.org/training/6y848
7A6zU,4k1r1/R7/p1p1N3/2B1p3/1r6/1P6/P1b2K1p/8 b - - 1 44,b4b8 a7e7,1473,76,71,215,endgame mate mateIn1 oneMove,https://lichess.org/6yV8AbOU/black#88,,True,https://lichess.org/training/7A6zU
7Cgua,8/1p6/1k2N1p1/2PR4/1K5p/1P3Pr1/8/2r5 b - - 0 58,b6c6 d5d6,1067,75,100,171,endgame mate mateIn1 oneMove,https://lichess.org/q2R6C8Xx/black#116,,True,https://lichess.org/training/7Cgua
7K0KJ,4r3/6k1/R4nb1/B4K2/1P6/4PPP1/7P/8 w - - 1 43,f5g5 e8e5 g5f4 e5f5,1373,75,100,254,endgame mate mateIn2 short,https://lichess.org/DS1aeh2B#85,,True,https://lichess.org/training/7K0KJ
7OSe6,6k1/5p2/B3p2p/6p1/2n5/1pn3BP/3r1PP1/2K1R3 w - - 4 40,a6c4 d2c2,1497,114,92,42,endgame mate mateIn1 oneMove,https://lichess.org/wh78u8SU#79,,True,https://lichess.org/training/7OSe6
7iVOc,6k1/7R/p4K2/1p3PN1/2pr2P1/8/PPn5/3q4 b - - 3 43,d4g4 h7g7 g8f8 g5e6 f8e8 g7e7,1868,75,99,1081,endgame exposedKing long mate mateIn3,https://lichess.org/zvbij5aG/black#86,,True,https://lichess.org/training/7iVOc
7meDF,1k6/1b3R2/1N1N3p/p5p1/6P1/7K/Pn4r1/8 b - - 5 52,g2c2 f7b7,1319,75,99,2175,endgame mate mateIn1 oneMove,https://lichess.org/kcyEUstu/black#104,,True,https://lichess.org/training/7meDF
7ni7u,8/5Rp1/4r2p/p3N1k1/1b2K3/6PP/8/8 b - - 0 47,b4c3 f7f5,1896,78,90,812,endgame mate mateIn1 oneMove,https://lichess.org/qLBaoh0E/black#94,,True,https://lichess.org/training/7ni7u
7yb3C,8/4P3/8/5B2/R5P1/5kn1/4r3/6K1 w - - 3 57,a4e4 e2g2,1885,83,91,87,endgame mate mateIn1 oneMove,https://lichess.org/34Izp6er#113,,True,https://lichess.org/training/7yb3C
8APAD,5k2/5p1p/8/3N2p1/1pP1p3/1P4P1/r2r1n1P/1R3RK1 w - - 0 33,d5b4 f2h3 g1h1 d2h2,987,78,94,64,discoveredAttack endgame mate mateIn2 short,https://lichess.org/W2koeHnP#65,,True,https://lichess.org/training/8APAD
8Jjia,2k5/R5p1/1NB1p1p1/4rn2/1b6/8/5K2/8 b - - 1 40,c8b8 a7b7,1514,76,96,1394,endgame mate mateIn1 oneMove,https://lichess.org/OIcAlWgw/black#80,,True,https://lichess.org/training/8Jjia
8Omlu,1RR5/5p2/2P2k2/3Pp2n/4P3/2N2P1p/2r5/7K w - - 0 40,c8h8 h5g3 h1g1 c2g2,1854,75,100,123,endgame mate mateIn2 short,https://lichess.org/jde7OYVc#79,,True,https://lichess.org/training/8Omlu
8PkOa,3R4/P1R5/4pp2/7p/2p5/3nk2P/r7/3K4 w - - 5 46,a7a8q a2d2,1580,76,94,1474,endgame master mate mateIn1 oneMove,https://lichess.org/1o891jac#91,,True,https://lichess.org/training/8PkOa
8Voj4,8/1P6/6p1/1P6/6P1/3nk3/4r3/3K4 w - - 1 49,b7b8q e2d2,1597,79,91,836,endgame master mate mateIn1 oneMove,https://lichess.org/Ol6ZJhHx#97,,True,https://lichess.org/training/8Voj4
8Zp2o,Q7/2p3pk/pp5p/8/4nPP1/5N1P/Pq2r3/3R1R1K w - - 1 31,a8c8 e4g3 h1g1 e2g2,1470,75,99,1588,fork mate mateIn2 middlegame short,https://lichess.org/IdWGlYlW#61,,True,https://lichess.org/training/8Zp2o
8aqAc,r3N1kr/3qbR1p/p1b5/1p1pP1Q1/3B4/8/P1P3PP/5RK1 b - - 2 25,e7g5 f7f8,1387,97,67,88,master mate mateIn1 middlegame oneMove,https://lichess.org/XWb7JcMC/black#50,,True,https://lichess.org/training/8aqAc
8kARM,5b1r/p2p1NRk/brp1p2B/p3Pp1P/3P4/2P1QP2/PP5q/2K3R1 b - - 4 29,f8g7 g1g7,1306,76,100,205,mate mateIn1 middlegame oneMove,https://lichess.org/mtTIcw8F/black#58,,True,https://lichess.org/training/8kARM
8mNPO,8/1r3P2/8/3k4/P7/2bP4/K1n5/8 w - - 1 69,f7f8q b7b2,1092,77,100,100,endgame mate mateIn1 oneMove,https://lichess.org/0NErvHSg#137,,True,https://lichess.org/training/8mNPO
8oeta,4k3/7R/2N2pp1/3Bp3/2P5/4bPP1/1n3r1P/3K4 w - - 7 36,d1e1 b2d3 e1d1 f2d2,1669,288,100,5,endgame mate mateIn2 short,https://lichess.org/gGcrzRoi#71,,True,https://lichess.org/training/8oeta
8sGft,8/5rk1/3p2pb/3P4/1Q2p3/3n3R/PP2K1PP/8 w - - 3 37,b4d6 f7f2 e2d1 f2d2,1822,74,80,87,endgame mate mateIn2 short,https://lichess.org/wYH27TJl#73,,True,https://lichess.org/training/8sGft
8vD8f,8/2k1p3/p1p5/2Np4/2nP1Pnp/4r3/PP1NK3/R6R w - - 3 39,e2f1 c4d2 f1g2 e3g3,1484,75,100,214,hangingPiece mate mateIn2 middlegame short,https://lichess.org/yAjh8TJM#77,,True,https://lichess.org/training/8vD8f
95naD,6k1/1B4p1/p6r/P1b2p2/8/1P1nNnP1/5P1P/R2R2K1 w - - 6 33,g1g2 h6h2 g2f1 h2f2,1665,76,93,2274,mate mateIn2 middlegame short,https://lichess.org/K7IaO2Us#65,,True,https://lichess.org/training/95naD
977i5,6k1/7p/1qp3p1/2p1Q1n1/2P2P2/1P2P1P1/r2r2N1/1R3RK1 w - - 0 28,g2h4 g5h3 g1h1 d2h2,1438,75,98,743,mate mateIn2 middlegame short,https://lichess.org/w6ox1ZTW#55,,True,https://lichess.org/training/977i5
988py,8/4RR2/2P5/3k4/4n3/7P/1r1r2P1/7K w - - 3 45,c6c7 e4g3 h1g1 d2g2,1903,80,88,210,endgame mate mateIn2 short,https://lichess.org/XpShy0g4#89,,True,https://lichess.org/training/988py
98efJ,5rk1/pp4pp/2ppr3/8/5n1q/2PPBP2/PP3P1P/R2QR2K w - - 1 18,e1g1 h4h2 h1h2 e6h6 h2g3 h6h3 g3g4 h7h5 g4g5 f4e6 g5g6 f8f6,1872,159,48,16,attraction kingsideAttack mate mateIn5 middlegame sacrifice veryLong,https://lichess.org/95Du9iY5#35,Ruy_Lopez Ruy_Lopez_Schliemann_Defense,True,https://lichess.org/training/98efJ
98qQI,1r3rk1/3RRN1p/p7/1pp2p2/5n2/2P5/PP6/6K1 b - - 0 28,b8e8 f7h6 g8h8 e7h7,1108,76,100,339,discoveredAttack endgame mate mateIn2 short,https://lichess.org/QtQfz7UD/black#56,,True,https://lichess.org/training/98qQI
9EpT2,8/p3rNpk/2p1PpRB/2pn1P2/3P4/8/P4KPP/1r6 b - - 2 33,c5d4 g6g7,940,77,89,155,endgame mate mateIn1 oneMove,https://lichess.org/GOlcay75/black#66,,True,https://lichess.org/training/9EpT2
9FuIX,6k1/1R3p2/7p/1P4p1/8/5pnP/1Pr5/2B1R1K1 w - - 0 27,c1e3 c2g2,1621,80,88,633,endgame master mate mateIn1 oneMove,https://lichess.org/iURlXS9a#53,,True,https://lichess.org/training/9FuIX
9LuxO,1r2k3/pb3Rpp/n1pNB3/4P3/5b2/P1p5/4K1PP/8 b - - 1 32,e8d8 f7d7,1704,76,96,362,mate mateIn1 middlegame oneMove,https://lichess.org/7ed5HQN6/black#64,,True,https://lichess.org/training/9LuxO
9P1TY,r6k/1bp5/pp3n1p/3q2N1/2P1pP2/1P1p2R1/P2K3P/6R1 b - - 0 37,d5d4 g5f7 h8h7 g3g7,967,78,89,112,kingsideAttack mate mateIn2 middlegame short,https://lichess.org/Au4y4Y1q/black#74,,True,https://lichess.org/training/9P1TY
9YLFX,1k6/pPpq4/2R2p2/N2p3Q/1P1P4/P5rp/5n2/R6K w - - 4 35,h1h2 g3g2,1169,121,89,21,mate mateIn1 middlegame oneMove,https://lichess.org/m0sTWiHm#69,,True,https://lichess.org/training/9YLFX
9fdKV,3rrb2/pp3N1k/1q2p2P/8/5P2/PP6/1B1p2RP/6RK b - - 0 32,f8h6 g2g7 h6g7 g1g7,1740,75,99,732,mate mateIn2 middlegame sacrifice short,https://lichess.org/9sHiwd0p/black#64,,True,https://lichess.org/training/9fdKV
9goI5,7r/1pkr1p1p/p1nN4/2P2Q2/8/4P3/qb3PPP/1R3K1R b - - 0 20,b2e5 b1b7 c7d8 b7d7,1442,76,100,229,master mate mateIn2 middlegame short,https://lichess.org/26IwAZ6g/black#40,,True,https://lichess.org/training/9goI5
9n7YH,8/2P2R2/3R4/7p/3Pkn2/8/P1r2K1P/8 w - - 3 39,f2g3 c2g2 g3h4 g2g4,1689,75,97,2432,endgame mate mateIn2 short,https://lichess.org/6JlwGpld#77,,True,https://lichess.org/training/9n7YH
9qDx4,7k/1R2R2n/p2p2N1/6n1/3P4/7P/P4rPK/3r4 b - - 1 30,h8g8 e7g7,1883,79,90,96,mate mateIn1 middlegame oneMove,https://lichess.org/PgPHTnSg/black#60,,True,https://lichess.org/training/9qDx4
9vIWl,3kr3/NR1n4/p2Bp1pp/5p2/2r5/5P1P/P5P1/6K1 b - - 0 28,d7c5 a7c6 d8c8 b7c7,1843,74,90,223,endgame mate mateIn2 short,https://lichess.org/feiN2Rvf/black#56,,True,https://lichess.org/training/9vIWl
9wUwH,1nr1r1k1/pp2Rp1p/2b2Np1/4N3/1PP1B3/b7/5PPP/1R4K1 b - - 3 26,g8f8 e7f7,1710,80,93,636,mate mateIn1 middlegame oneMove,https://lichess.org/TWAJv1YQ/black#52,,True,https://lichess.org/training/9wUwH
A7T9E,r4k2/1R6/2p1pNK1/8/6P1/1PP5/p4r2/8 b - - 1 40,a2a1q b7f7,1519,81,93,1689,endgame mate mateIn1 oneMove,https://lichess.org/iiTgVboj/black#80,,True,https://lichess.org/training/A7T9E
A9h1Y,8/7R/6p1/6r1/8/3n1k1P/8/R6K w - - 0 42,h3h4 d3f2 h1h2 g5g2,994,80,100,140,endgame mate mateIn2 short,https://lichess.org/pu9vOWh9#83,,True,https://lichess.org/training/A9h1Y
AEhDu,3k4/6R1/2PN2pp/4pp2/8/3n1P1P/1r6/K7 b - - 6 55,b2c2 g7d7,1600,96,70,63,endgame mate mateIn1 oneMove,https://lichess.org/jET8CpNi/black#110,,True,https://lichess.org/training/AEhDu
AH3zE,8/5k2/p2b2r1/2pP4/1pP1R3/1P3n1K/P3R3/8 w - - 1 54,e2f2 g6g3,1429,78,91,914,endgame mate mateIn1 oneMove,https://lichess.org/WD1XAsRA#107,,True,https://lichess.org/training/AH3zE
Alv7O,8/pp1P2R1/1b6/8/5p2/P4nBk/1Pr2P2/3R1K2 w - - 0 41,g3f4 c2f2,1265,75,98,837,endgame mate mateIn1 oneMove,https://lichess.org/oOQoQavM#81,,True,https://lichess.org/training/Alv7O
AqMHH,6k1/1R5p/4pBp1/q2p4/b2N4/2b1P3/P4PPP/R5K1 b - - 0 28,c3a1 b7g7 g8f8 d4e6 f8e8 g7e7,1553,76,94,1481,endgame long mate mateIn3,https://lichess.org/36ZBBYVe/black#56,,True,https://lichess.org/training/AqMHH
BH7N4,3r1k2/7R/4KN2/r5P1/2p5/2P2P1P/8/2q5 b - - 5 60,c1g5 h7f7,1737,77,91,516,endgame mate mateIn1 oneMove,https://lichess.org/jpcu7W0L/black#120,,True,https://lichess.org/training/BH7N4
BI0jl,R7/1P3p1p/4p1p1/8/P7/4nkP1/6rP/4K3 w - - 1 36,b7b8q g2e2,1637,79,83,80,endgame mate mateIn1 oneMove,https://lichess.org/GBKdyyHe#71,,True,https://lichess.org/training/BI0jl
BiqUO,r4k2/p6R/2p5/4Bp2/2b2N2/2P3P1/P1r4P/3n2K1 b - - 0 20,a8e8 f4g6 f8g8 h7g7,1915,140,89,35,mate mateIn2 middlegame short,https://lichess.org/tLgqmeyN/black#40,,True,https://lichess.org/training/BiqUO
BtMSX,r2r1k1b/pp1bnp2/1qp2NpB/4Pp2/1n1P2P1/1B3N2/PP6/R3K2R b KQ - 1 20,h8g7 h6g7 f8g7 h1h7 g7f8 h7f7,2021,76,100,243,attraction long mate mateIn3 middlegame,https://lichess.org/DeZCSLx7/black#40,,True,https://lichess.org/training/BtMSX
Bz3Tb,4k3/R7/1p2NKp1/8/1P6/5P2/1r6/5b2 b - - 5 42,f1c4 a7e7,1795,81,85,132,endgame mate mateIn1 oneMove,https://lichess.org/w3CvZ2dR/black#84,,True,https://lichess.org/training/Bz3Tb
C09YI,8/bp2N1k1/3p3p/8/PP1n4/3Q3P/2r3r1/5R1K w - - 0 33,f1g1 g2g1 h1g1 d4f3 g1f1 c2f2,1880,77,85,101,attraction doubleCheck exposedKing long mate mateIn3 middlegame,https://lichess.org/M7OV3Rxi#65,,True,https://lichess.org/training/C09YI
CR1Rk,2R5/2P5/4B3/5p2/5k2/5n2/2r5/5K2 w - - 0 65,c8f8 f4e3 c7c8q c2f2,2014,138,86,23,endgame mate mateIn2 short,https://lichess.org/LFm2Slk9#129,,True,https://lichess.org/training/CR1Rk
CasHq,R7/5pk1/P7/6n1/5N2/6pP/r7/6K1 w - - 2 38,a6a7 g5f3 g1f1 a2f2,2095,76,97,165,endgame mate mateIn2 short,https://lichess.org/rC6LEIj8#75,,True,https://lichess.org/training/CasHq
CdG0m,r7/ppp5/8/3p4/6b1/5N1k/PPP1K2P/5R2 b - - 2 32,h3g2 f1g1 g2h3 g1g3,1566,76,100,335,endgame mate mateIn2 short,https://lichess.org/WAacYd30/black#64,,True,https://lichess.org/training/CdG0m
CfkVO,2kb4/7R/p3p3/npB5/1K4r1/2PN4/PP6/8 w - - 3 32,b4a3 g4a4,1474,75,98,1380,endgame master mate mateIn1 oneMove,https://lichess.org/gYj9RCRR#63,,True,https://lichess.org/training/CfkVO
CiPzO,8/5B1p/1p6/p3k3/2P1n1KP/5r2/P7/1R6 w - - 0 40,f7d5 f3g3 g4h5 e4f6 h5h6 g3g6,1746,76,94,1240,endgame long mate mateIn3,https://lichess.org/Qe2vtgjW#79,,True,https://lichess.org/training/CiPzO
CjtfH,1k4r1/1pNQ1R2/3p4/4p3/3nPp1p/3PnK2/PPP1N3/8 w - - 2 31,f3f2 g8g2 f2e1 g2e2,1497,75,94,1034,mate mateIn2 middlegame short,https://lichess.org/VGTJ2IZN#61,,True,https://lichess.org/training/CjtfH
ClToL,r1q2rk1/pb3p1B/1p1p1R2/2p3Np/2n5/2B5/PP4PP/R5K1 b - - 0 20,g8g7 f6g6,1957,77,99,765,doubleCheck mate mateIn1 middlegame oneMove,https://lichess.org/bwNr18bI/black#40,,True,https://lichess.org/training/ClToL
Cn63w,7k/pp4pp/8/2p4n/2P1Bn2/P3RP2/1P1r4/4R2K w - - 3 32,e4d3 h5g3 h1g1 d2g2,1168,75,100,235,endgame mate mateIn2 short,https://lichess.org/iHNcPnlQ#63,,True,https://lichess.org/training/Cn63w
D2n0W,5k2/1R6/4pNP1/7p/1p6/4n3/1r6/7K b - - 0 46,e3f5 b7f7,1581,220,100,24,endgame master mate mateIn1 oneMove,https://lichess.org/pJzhu9AI/black#92,,True,https://lichess.org/training/D2n0W
D939U,6k1/R4p2/1r5p/K1n3p1/2p1P3/Pr4B1/5PPP/2R5 w - - 5 33,c1c4 b6b5,1419,77,88,868,endgame master mate mateIn1 oneMove,https://lichess.org/2YivgXha#65,,True,https://lichess.org/training/D939U
DC7Jt,8/8/8/1R3pp1/1B6/P1P2nkP/2r5/5K2 w - - 5 56,b5f5 c2f2,1760,76,90,194,endgame mate mateIn1 oneMove,https://lichess.org/qiK8LZtE#111,,True,https://lichess.org/training/DC7Jt
DKVZr,r2q2rk/pb2b2n/1p2R2Q/3n3N/3P4/8/PP3PPP/R1B3K1 b - - 0 20,d5c7 h6h7 h8h7 e6h6,1704,76,92,98,attraction kingsideAttack mate mateIn2 middlegame sacrifice short,https://lichess.org/LHp3iwUd/black#40,,True,https://lichess.org/training/DKVZr
DLfL8,6k1/4N1p1/7P/3p4/3P1P2/2PK2R1/7P/q1q5 b - - 1 56,g8h7 g3g7 h7h6 e7f5 h6h5 g7g5,1807,76,88,262,endgame long mate mateIn3,https://lichess.org/3BdfMv8N/black#112,,True,https://lichess.org/training/DLfL8
DWYsU,3r3r/pp3pb1/2nB1k1p/3R2P1/5NP1/5N2/PP3P2/2K5 b - - 0 24,h6g5 d5f5,1647,84,100,73,master mate mateIn1 middlegame oneMove,https://lichess.org/xyiTsG1m/black#48,,True,https://lichess.org/training/DWYsU
DtnXN,3K4/3N1r2/3nk3/2R5/PP2p3/4P3/8/8 w - - 12 62,a4a5 f7d7,1553,79,82,195,endgame mate mateIn1 oneMove,https://lichess.org/3E52kFP4#123,,True,https://lichess.org/training/DtnXN
E1wJs,7k/R5R1/4p1p1/5p2/2n5/3p4/P1r3P1/3K4 w - - 5 34,g7d7 c4e3 d1e1 c2e2,1852,78,100,251,endgame mate mateIn2 short,https://lichess.org/TVnToVyo#67,,True,https://lichess.org/training/E1wJs
E9WqN,4k3/p1R2p1p/1p1Np3/4N3/8/1P6/P1P1rr2/2K5 b - - 4 24,e8d8 c7d7,1638,77,83,170,endgame mate mateIn1 oneMove,https://lichess.org/XJlSnK2g/black#48,,True,https://lichess.org/training/E9WqN
ED01N,1r6/2p1k3/3p1n1b/p2PpRp1/2P4p/K1N1P2P/PP1n3B/5R2 w - - 2 28,f5f6 d2c4 a3a4 b8b4,1531,76,94,716,mate mateIn2 middlegame short,https://lichess.org/hc3MV4qy#55,,True,https://lichess.org/training/ED01N
EGn2V,4N1Qk/6pp/3B4/8/p2qp3/7P/6P1/5R1K b - - 0 36,h8g8 f1f8,617,85,50,50,endgame mate mateIn1 oneMove,https://lichess.org/2hnAqHSY/black#72,,True,https://lichess.org/training/EGn2V
EGwMQ,4r2k/4NR2/p2p1P1p/1pp5/4P3/4B2q/PPPK1P2/8 b - - 0 28,h3e6 e7g6 h8g8 f7g7,1445,119,47,28,endgame mate mateIn2 short,https://lichess.org/Z21ilFSg/black#56,,True,https://lichess.org/training/EGwMQ
EQDpf,1k6/6R1/P1p1p2p/4N3/1P2Pn2/1P3P2/4rr2/R4K2 w - - 5 38,f1g1 f4h3 g1h1 f2h2,1368,76,87,104,endgame mate mateIn2 short,https://lichess.org/gyXDhPeY#75,,True,https://lichess.org/training/EQDpf
EbQDb,6r1/p4k2/2p5/5P2/1P3P2/3R3P/P1Pn1b1K/4R3 w - - 5 31,e1e2 d2f1 h2h1 g8g1,1594,75,90,192,endgame mate mateIn2 short,https://lichess.org/Y7Hcf7yb#61,,True,https://lichess.org/training/EbQDb
EeHMe,1B6/1k2R1pp/1pN5/1Pb5/6n1/8/r6P/7K b - - 1 28,b7c8 e7c7,1500,98,52,59,endgame mate mateIn1 oneMove,https://lichess.org/IBuYyqqg/black#56,,True,https://lichess.org/training/EeHMe
Eh6jT,6R1/8/4p3/3p3p/p6r/3N1Knk/1P6/8 b - - 7 59,g3f5 d3f2 h3h2 g8g2,1285,240,100,5,endgame mate mateIn2 short,https://lichess.org/w0dJidkL/black#118,,True,https://lichess.org/training/Eh6jT
EitlU,5k2/2R5/p5B1/2n1p3/K6B/P1Pn3P/1r6/8 w - - 3 42,c7c5 d3c5 a4a5 b2b5,1256,82,100,123,endgame hangingPiece mate mateIn2 short,https://lichess.org/UahtK4gh#83,,True,https://lichess.org/training/EitlU
Ephku,7k/7q/4pK2/4N1R1/1p6/2p5/2B1b3/8 b - - 1 58,h7c2 e5f7 h8h7 g5g7,1779,75,100,330,endgame mate mateIn2 short,https://lichess.org/7XlQ7cVu/black#116,,True,https://lichess.org/training/Ephku
ExZuR,5R2/1NP2ppk/1p2p2p/pP6/4P1P1/P4n1n/B6r/R4K2 w - - 1 37,c7c8q h2f2,1633,79,97,207,master mate mateIn1 middlegame oneMove,https://lichess.org/kwwFwCLp#73,,True,https://lichess.org/training/ExZuR
F1X1P,6k1/pR3p2/2P3pp/8/8/1P3rb1/Pr3nB1/5RK1 w - - 0 37,g2f3 f2h3 g1h1 b2h2,926,133,100,18,endgame mate mateIn2 short,https://lichess.org/J6pg4gpU#73,,True,https://lichess.org/training/F1X1P
F2GRP,5rrk/1pp2p2/p2q1P1P/4p1Np/3pP2P/1P1nn1Q1/1P3R1K/6R1 b - - 1 33,d3f2 g5f7 h8h7 g3g7 g8g7 g1g7,1720,141,88,33,exposedKing kingsideAttack long mate mateIn3 middlegame sacrifice,https://lichess.org/LrCKMOEA/black#66,,True,https://lichess.org/training/F2GRP
FAqrE,r6r/2Rn1ppp/3kp3/p7/3N4/3P3b/8/2R3K1 b - - 3 36,d7e5 d4b5 d6d5 c7c5,1237,75,96,1233,mate mateIn2 middlegame short,https://lichess.org/vY3hk0mo/black#72,,True,https://lichess.org/training/FAqrE
FGy3U,8/P1P5/8/8/8/5nk1/r7/5K2 w - - 1 49,c7c8q a2f2,1706,80,91,915,endgame master mate mateIn1 oneMove,https://lichess.org/eplYCzfV#97,,True,https://lichess.org/training/FGy3U
FRRqz,2r2r2/pp4pk/2n2N1B/5p1B/3P4/P4P2/1PP4P/2K3R1 b - - 0 23,h7h6 g1g6,831,78,100,129,endgame mate mateIn1 oneMove,https://lichess.org/sEhfHzep/black#46,,True,https://lichess.org/training/FRRqz
FV167,r4r1k/1R6/p4PNp/4P1n1/3P2b1/8/P5PP/7K b - - 0 32,h8g8 b7g7,1499,79,94,1510,endgame mate mateIn1 oneMove,https://lichess.org/QtF7aWKX/black#64,,True,https://lichess.org/training/FV167
FaYIQ,8/pR3p1p/2p3r1/r1k1R3/8/2P3N1/b1P2PP1/6K1 b - - 2 30,a2d5 g3e4 c5c4 b7b4,1447,75,84,201,endgame mate mateIn2 short,https://lichess.org/YvbG81OH/black#60,,True,https://lichess.org/training/FaYIQ
FdtW8,1r1k4/6R1/pb1NpN1p/1p3p2/8/P7/1Pr2PPP/4K3 b - - 3 30,b6d4 g7d7,1445,89,33,43,endgame mate mateIn1 oneMove,https://lichess.org/Ve5gwPvn/black#60,,True,https://lichess.org/training/FdtW8
FoNIt,8/8/p6R/8/N4P2/2B2knP/PP2r3/6K1 w - - 5 40,h6g6 e2g2,1423,75,100,358,endgame mate mateIn1 oneMove,https://lichess.org/xN5UTeu0#79,,True,https://lichess.org/training/FoNIt
G6Zd1,4Q3/p3n3/1p5k/4P2P/P1b5/2P1n3/6r1/4K3 w - - 9 47,e8e7 g2e2,1554,82,89,605,endgame mate mateIn1 oneMove,https://lichess.org/I8JGFNDX#93,,True,https://lichess.org/training/G6Zd1
GCAmA,7k/2p1Pp1p/1p2p3/4P2n/pP1P4/P2B1b2/1B3PrK/3R1R2 w - - 1 37,h2h3 h5f4 h3h4 g2g4,1554,76,81,147,mate mateIn2 middlegame short,https://lichess.org/BjzsWzsJ#73,,True,https://lichess.org/training/GCAmA
GDm29,8/6p1/2R2nk1/1p1r4/6p1/P3BKP1/1P3P2/8 w - - 0 45,f3f4 d5f5,926,81,100,89,endgame mate mateIn1 oneMove,https://lichess.org/kxJ5dErX#89,,True,https://lichess.org/training/GDm29
GNt6Y,5rk1/1p3N2/4P3/3pBp1q/3n3p/pP5P/P7/6RK b - - 3 41,g8h7 g1g7,1037,75,100,287,endgame mate mateIn1 oneMove,https://lichess.org/95Xvvynu/black#82,,True,https://lichess.org/training/GNt6Y
Gf1qA,4r3/1p1k1p2/6pp/1p1n4/2p1NPP1/P1Pn1K1P/1P3bBB/7R w - - 0 27,e4f2 e8e3,1099,76,100,316,mate mateIn1 middlegame oneMove,https://lichess.org/vEKN6xdS#53,,True,https://lichess.org/training/Gf1qA
Go2mi,1r3rk1/2p3p1/p1bp1pPp/4nN1P/4P3/2q2P2/2P1B3/2QK2RR b - - 5 27,b8b2 f5e7 g8h8 c1h6 g7h6 g6g7 h8h7 g7f8n h7h8 g1g8,2083,93,89,94,advancedPawn fork mate mateIn5 middlegame promotion sacrifice underPromotion veryLong,https://lichess.org/R4ZBkapv/black#54,,True,https://lichess.org/training/Go2mi
GokJ8,1r1k1r2/p2R3R/1n1N1p2/2N3p1/3P1n2/2P2P1p/P1K5/8 b - - 1 38,b6d7 h7d7,1247,79,94,99,master mate mateIn1 middlegame oneMove,https://lichess.org/noIql7hx/black#76,,True,https://lichess.org/training/GokJ8
GuCLg,1r5r/2p2p2/3kRNp1/1P1P1n2/p1K4p/8/P5PP/4R3 b - - 1 29,f7e6 e1e6,1134,75,100,438,endgame master mate mateIn1 oneMove,https://lichess.org/dB1FbfSC/black#58,,True,https://lichess.org/training/GuCLg
GwR1R,5k2/R7/2b2NK1/8/8/5r2/5P2/8 b - - 0 39,f3f2 a7f7,1480,75,95,933,endgame mate mateIn1 oneMove,https://lichess.org/7KjvKzHV/black#78,,True,https://lichess.org/training/GwR1R
Gz4mA,6R1/pp3B2/1bnP1N1k/2p5/2P2P2/5r2/6K1/8 b - - 3 40,f3f4 g8g6,1621,82,89,449,endgame mate mateIn1 oneMove,https://lichess.org/xwLYzaoi/black#80,,True,https://lichess.org/training/Gz4mA
H0mKY,k6r/2R5/P1P2p2/6p1/2N1P1b1/8/5KB1/b2r4 b - - 2 33,h8d8 c4b6 a8b8 c7b7,1460,75,99,2454,mate mateIn2 middlegame short,https://lichess.org/dV3fDbBK/black#66,,True,https://lichess.org/training/H0mKY
H9XpU,r3r1k1/5R2/6BN/7p/5P2/6K1/p7/1q6 b - - 1 53,g8h8 f7h7,917,81,100,201,endgame mate mateIn1 oneMove,https://lichess.org/qTyxPc6A/black#106,,True,https://lichess.org/training/H9XpU
HA4tC,1Q6/8/8/4P3/1Q3P2/5k1P/r6K/3n4 w - - 1 53,h2g1 a2g2 g1f1 d1e3 f1e1 g2e2,1754,74,99,383,endgame exposedKing long mate mateIn3,https://lichess.org/ZOp5E55s#105,,True,https://lichess.org/training/HA4tC
HAYb0,r5k1/4b1p1/2p1p2p/1p1pP3/3P2P1/1KNnr2q/P1P5/R2Q3R w - - 0 36,h1h3 a8a3,1421,90,87,1554,mate mateIn1 middlegame oneMove,https://lichess.org/IMiuBevx#71,,True,https://lichess.org/training/HAYb0
HBflR,5r1k/4R3/6BN/1p5p/p6P/P1P3PK/3n1r2/8 b - - 1 43,d2f3 e7h7,1075,85,100,45,endgame mate mateIn1 oneMove,https://lichess.org/mSFHCqfN/black#86,,True,https://lichess.org/training/HBflR
HFusl,8/2pk1p2/2p5/2P5/R5n1/2PP2rp/P7/4R1K1 w - - 1 34,g1h1 g4f2 h1h2 g3g2,1067,81,82,140,endgame mate mateIn2 short,https://lichess.org/KdcWrWX2#67,,True,https://lichess.org/training/HFusl
HGkUv,r6r/p2k1ppp/4pn2/3p4/3N1B2/7P/P4PP1/1R3K2 b - - 0 23,h8e8 b1b7 d7d8 d4c6 d8c8 b7c7,1444,76,98,797,endgame long mate mateIn3,https://lichess.org/gF6hdtKj/black#46,,True,https://lichess.org/training/HGkUv
HIrfH,3r1r2/p3pp2/2p5/1p2nP2/4PRkp/3P2PN/PP1R2K1/8 b - - 1 32,g4h5 f4h4,1096,76,100,151,endgame master mate mateIn1 oneMove,https://lichess.org/sMjuQjY8/black#64,,True,https://lichess.org/training/HIrfH
HSFPs,3k4/R7/3NPK1p/5p2/5P2/8/2p1r2P/3n4 b - - 3 43,c2c1q a7d7,2010,76,98,1085,endgame master mate mateIn1 oneMove,https://lichess.org/N2u0ROaM/black#86,,True,https://lichess.org/training/HSFPs
HhXn5,8/8/8/8/5KR1/2P1NP1k/3r3p/8 b - - 0 56,h2h1q g4g3 h3h4 e3f5 h4h5 g3g5,1493,75,100,346,endgame long mate mateIn3,https://lichess.org/MEDLqbVo/black#112,,True,https://lichess.org/training/HhXn5
HiC5G,7R/1pp1kp2/3p4/3P4/2P1P3/pP2rn2/P3BRr1/4K3 w - - 11 37,e1f1 g2g1,1085,78,86,351,endgame master masterVsMaster mate mateIn1 oneMove,https://lichess.org/TU8Igj6k#73,,True,https://lichess.org/training/HiC5G
HjxEo,6k1/pR6/2p3P1/3p4/3b4/1B3n2/PPPKNr2/R1B2r2 w - - 3 24,d2d3 f1d1 c1d2 d1d2,1280,77,93,3327,mate mateIn2 middlegame short,https://lichess.org/OEb0kYFf#47,,True,https://lichess.org/training/HjxEo
HkfWP,5rk1/2R1RN2/4p1p1/7p/1n1p4/4P2P/5PPK/r7 b - - 0 33,b4d5 f7h6 g8h8 e7h7,999,81,97,175,endgame mate mateIn2 short,https://lichess.org/uOQtf9au/black#66,,True,https://lichess.org/training/HkfWP
Hyhvw,6r1/1p1k4/p2NN3/3Pn3/4p1n1/1P6/PBR4p/7K b - - 0 38,d7d6 b2a3 d6d7 c2c7 d7e8 c7e7,1696,94,88,40,endgame exposedKing long mate mateIn3,https://lichess.org/miWIkuFc/black#76,,True,https://lichess.org/training/Hyhvw
HzzGe,8/8/6k1/2NB2pp/2P5/1P4P1/Pr2rn1P/3R1RK1 w - - 1 33,c5d3 f2h3 g1h1 e2h2,1281,75,96,1093,discoveredAttack mate mateIn2 middlegame short,https://lichess.org/bZxNdnM0#65,,True,https://lichess.org/training/HzzGe
ILIDW,8/6R1/8/4P1B1/P3n3/1P3k2/2r4K/8 w - - 9 48,h2h1 e4g3 h1g1 c2g2,1870,76,88,443,endgame mate mateIn2 short,https://lichess.org/qH4bpOVg#95,,True,https://lichess.org/training/ILIDW
IRjrs,4r1k1/1R1R3p/6p1/1pr4n/p5N1/2P1p3/PP4PP/6K1 b - - 1 30,e3e2 g4h6 g8h8 d7h7,1598,77,84,139,endgame mate mateIn2 short,https://lichess.org/aZsLuYwB/black#60,,True,https://lichess.org/training/IRjrs
IUVbJ,r5k1/2p2p2/7N/2KP2p1/6P1/2bB4/1r6/5R2 b - - 1 44,g8g7 f1f7 g7h8 f7h7,1672,125,82,22,endgame mate mateIn2 short,https://lichess.org/1phLoRHa/black#88,,True,https://lichess.org/training/IUVbJ
IXXtJ,8/6B1/R1p3p1/8/8/5nk1/P1P4r/5K2 w - - 1 40,a6a3 h2f2,1559,77,74,672,endgame mate mateIn1 oneMove,https://lichess.org/7ZL4e2CV#79,,True,https://lichess.org/training/IXXtJ
IiEmh,r4rk1/ppp2N2/5P2/4pb2/2Bn4/1P1P4/P5RP/7K b - - 0 29,g8h7 g2g7,1531,77,95,3332,mate mateIn1 middlegame oneMove,https://lichess.org/ny0YAxDl/black#58,,True,https://lichess.org/training/IiEmh
ImoQo,1r2k3/pr6/K1n1P3/2PR1Pp1/P5P1/2B3R1/8/8 w - - 1 58,d5d7 b7b6 c5b6 b8b6,1849,75,97,623,endgame mate mateIn2 sacrifice short,https://lichess.org/BHRLu5jK#115,,True,https://lichess.org/training/ImoQo
IxJfT,2k5/7R/1n1K2p1/5p2/3Np3/P2rP3/8/8 b - - 0 40,d3e3 h7c7 c8d8 d4e6 d8e8 c7e7,2261,77,92,398,endgame exposedKing long mate mateIn3,https://lichess.org/Xqckv3Bv/black#80,,True,https://lichess.org/training/IxJfT
IyyES,4K3/ppk3rp/4n3/5pb1/2P5/3B4/PP3PPP/R6R w - - 6 29,d3f5 g7e7,1417,75,99,1217,endgame mate mateIn1 oneMove,https://lichess.org/bOi9lZM6#57,,True,https://lichess.org/training/IyyES
J6tiU,6k1/1p1n4/2b2pBB/3p2P1/3r3P/1K6/P3r3/1R4R1 w - - 0 32,g5f6 d7c5 b3c3 d4c4,1932,75,98,638,mate mateIn2 middlegame short,https://lichess.org/dGqBvR8C#63,,True,https://lichess.org/training/J6tiU
JGcDS,2r4k/1p3R2/p3p1Np/6r1/2P3P1/1P2n2K/PB5P/8 b - - 6 33,h8g8 f7g7,1517,74,95,1770,endgame mate mateIn1 oneMove,https://lichess.org/k4tyWoQ6/black#66,,True,https://lichess.org/training/JGcDS
JIRXJ,8/5pk1/R2N4/7p/5p2/6PK/4nP1P/6r1 w - - 0 34,g3f4 e2f4 h3h4 g1g4,1333,88,100,73,endgame mate mateIn2 short,https://lichess.org/0V4LLusI#67,,True,https://lichess.org/training/JIRXJ
JJ9ba,k6r/4R3/1N1p4/2p1P2P/P7/5B2/6K1/1q6 b - - 1 44,a8b8 e7b7,1566,80,89,301,endgame mate mateIn1 oneMove,https://lichess.org/wOsTLam2/black#88,,True,https://lichess.org/training/JJ9ba
JXdOd,6k1/R7/5pNK/8/3rn3/6P1/8/8 b - - 2 63,e4g5 a7g7,1802,79,84,282,endgame master mate mateIn1 oneMove,https://lichess.org/fZmr6yMk/black#126,,True,https://lichess.org/training/JXdOd
JaHxH,1r5k/5R2/4N1Np/n1p3b1/p2p4/P7/7P/6K1 b - - 2 45,h8g8 f7g7,1216,83,71,99,endgame mate mateIn1 oneMove,https://lichess.org/G60ClShQ/black#90,,True,https://lichess.org/training/JaHxH
Jf8bE,8/5K2/5N1k/2q5/6R1/8/8/8 b - - 58 95,c5e5 g4g6,1736,75,97,1307,endgame mate mateIn1 oneMove,https://lichess.org/8nZpiHQK/black#190,,True,https://lichess.org/training/Jf8bE
JnwwS,6R1/4k3/1p3p2/p7/P4P1n/8/B1rrNP1P/R3K3 w Q - 3 36,e2g3 h4f3 e1f1 d2f2,1615,75,90,463,mate mateIn2 middlegame short,https://lichess.org/1QxKRewx#71,,True,https://lichess.org/training/JnwwS
JpLo3,3rrk2/ppp1NpQp/8/6B1/6R1/2K5/1PP2PPP/7q b - - 0 23,f8g7 g5h4 g7h6 e7f5 h6h5 g4g5,1942,75,91,203,discoveredAttack endgame long master mate mateIn3,https://lichess.org/hUQS1YXh/black#46,,True,https://lichess.org/training/JpLo3
JpqEE,4rn2/pp3R1p/7k/3PKRN1/1r4P1/7P/8/8 w - - 5 42,e5f6 b4b6 d5d6 b6d6 g5e6 d6e6,1237,75,100,361,endgame long mate mateIn3,https://lichess.org/p9i1fu7D#83,,True,https://lichess.org/training/JpqEE
JtGno,6k1/5Rb1/2p3P1/2np1B2/5pN1/P4P2/Pr4pK/8 b - - 1 38,g7d4 g4h6 g8h8 f7h7,1745,117,64,26,endgame master mate mateIn2 short,https://lichess.org/uM319loP/black#76,,True,https://lichess.org/training/JtGno
JwTFi,5RQ1/kp4K1/pp3r2/5Bbn/4P3/5P2/PP6/8 w - - 3 53,g7h7 f6h6,1199,80,100,97,endgame master mate mateIn1 oneMove,https://lichess.org/DmtnRJlO#105,,True,https://lichess.org/training/JwTFi
K3Ge9,5k2/R7/3p1PNp/2p3n1/2P3qp/8/P5PK/8 b - - 0 51,f8g8 a7g7,1704,77,95,1212,endgame mate mateIn1 oneMove,https://lichess.org/bONjKAlB/black#102,,True,https://lichess.org/training/K3Ge9
K5wDA,5bk1/1p2p3/p2rNpR1/5n2/8/1Q3P2/PPP1KB1q/8 b - - 0 29,g8h7 e6f8 h7h8 g6g8,1201,75,100,127,hangingPiece mate mateIn2 middlegame short,https://lichess.org/kHpC0UpW/black#58,,True,https://lichess.org/training/K5wDA
K7Hbu,r2rk3/pb2n1RN/4B3/8/5P2/8/PP3K1P/n1B5 b - - 0 24,a8c8 h7f6 e8f8 g7f7,1700,75,100,165,mate mateIn2 middlegame short,https://lichess.org/fRTd2JSD/black#48,,True,https://lichess.org/training/K7Hbu
KBhCZ,8/5R2/3p4/5p2/1pP1knPK/1P6/7r/5R2 w - - 1 48,h4g3 h2g2 g3h4 g2g4,1968,76,95,921,endgame master mate mateIn2 short,https://lichess.org/9f0AxdZK#95,,True,https://lichess.org/training/KBhCZ
KEawx,2r1k3/R7/4NK1p/1p4p1/8/P2n4/6P1/8 b - - 1 42,d3c5 a7e7,1527,76,99,732,endgame mate mateIn1 oneMove,https://lichess.org/0nK4R2om/black#84,,True,https://lichess.org/training/KEawx
KGzix,8/4kp2/4pNpP/6P1/p7/P2p1P2/1rn5/3RK1R1 w - - 2 43,e1f1 c2e3 f1e1 b2e2,1899,77,99,359,endgame fork mate mateIn2 short,https://lichess.org/PvCDFNo6#85,,True,https://lichess.org/training/KGzix
KJWsY,1k3r2/1pp4p/p7/3P3Q/8/3Pb2P/Pq2n1K1/3N3R w - - 0 34,d1b2 f8f2,1525,85,87,562,endgame mate mateIn1 oneMove,https://lichess.org/jmzZoNqv#67,,True,https://lichess.org/training/KJWsY
KQPKd,8/pp6/3p1p2/kP3n2/2QP4/2P4p/5r2/4r1RK w - - 0 41,g1e1 f5g3 h1g1 f2g2,1755,76,89,276,endgame mate mateIn2 short,https://lichess.org/anMpQ300#81,,True,https://lichess.org/training/KQPKd
KXHVS,1kr5/R1N3pp/P3p1n1/2rpPp2/2p2P2/2P5/2P2KPP/1R6 b - - 8 36,b8a7 b1b7,1187,75,99,731,endgame master mate mateIn1 oneMove,https://lichess.org/b2FPYHAu/black#72,,True,https://lichess.org/training/KXHVS
KfwR0,8/1p5k/pP1p4/P1pN1p2/2P2Pn1/2N3rp/4R3/7K w - - 0 43,e2e1 g4f2 h1h2 g3g2,1275,75,100,178,endgame mate mateIn2 short,https://lichess.org/KGHUXTli#85,,True,https://lichess.org/training/KfwR0
KlMzE,4r2k/7R/3p1RpP/3P2P1/2p2N2/2P1nP2/1P1K4/r7 b - - 0 46,h8h7 f6f7 h7h8 f4g6 h8g8 f7g7,1416,79,64,95,deflection endgame long mate mateIn3,https://lichess.org/O2q1hONx/black#92,,True,https://lichess.org/training/KlMzE
KlX9O,2r2r2/ppN1kp2/5Q2/1B2p3/7P/8/PPP2qP1/1K1R4 b - - 0 20,f2f6 d1d7,1715,94,78,134,endgame mate mateIn1 oneMove,https://lichess.org/zXzv5JKw/black#40,,True,https://lichess.org/training/KlX9O
Ks9Mg,6k1/5p1p/8/p4B2/2n1K3/2b2P1P/P2r2PB/7R w - - 0 32,h1c1 d2d4,1533,76,78,389,endgame master masterVsMaster mate mateIn1 oneMove,https://lichess.org/Bjg7K9ps#63,,True,https://lichess.org/training/Ks9Mg
Kuo17,2r1k2r/5nRp/3RN3/p2b1p2/1p3P1B/8/PPP4P/2K5 b k - 0 27,f7d6 g7e7,1342,109,83,29,master mate mateIn1 middlegame oneMove,https://lichess.org/aDoTFu3o/black#54,,True,https://lichess.org/training/Kuo17
L0njn,6r1/Q6p/2bpk3/1p2P3/4n3/4B3/PP5P/R4R1K w - - 1 27,h2h4 e4f2 h1h2 g8g2,1896,75,96,512,doubleCheck mate mateIn2 middlegame short,https://lichess.org/1Um2SCoZ#53,,True,https://lichess.org/training/L0njn
L8V0J,6r1/8/3N4/B1R2P2/3b4/3k2nP/7K/8 w - - 1 46,c5d5 g3f1 h2h1 g8g1,1192,76,85,185,endgame mate mateIn2 short,https://lichess.org/ylDAPZju#91,,True,https://lichess.org/training/L8V0J
LBs1A,r4rk1/p2R1N1p/1p2p1p1/2p3N1/2P2RP1/4b3/P5KP/8 b - - 0 25,e3f4 f7h6 g8h8 d7h7,1327,75,100,518,discoveredAttack endgame mate mateIn2 short,https://lichess.org/38NBWvO4/black#50,,True,https://lichess.org/training/LBs1A
LI2sD,6k1/p1p3pp/1p1p4/3P4/2P1nr1P/1P2Rp2/PB3P2/R5K1 w - - 1 30,a1e1 f4g4 g1h1 e4f2 h1h2 g4g2,1464,76,68,175,deflection endgame kingsideAttack long mate mateIn3,https://lichess.org/ERWZW65t#59,,True,https://lichess.org/training/LI2sD
LSQ2z,3k2r1/ppp5/2np4/2b1pN1p/4P1n1/2PP3p/PP3P1K/R1BQRN2 w - - 2 22,h2h1 g4f2 h1h2 g8g2,1728,79,100,62,fork mate mateIn2 middlegame short,https://lichess.org/o55arvGh#43,,True,https://lichess.org/training/LSQ2z
LSxsh,7Q/PB3pp1/4p1kp/8/8/6P1/r1r2n1P/3R1RK1 w - - 2 35,a7a8q f2h3 g1h1 c2h2,1267,75,82,293,discoveredAttack mate mateIn2 middlegame short,https://lichess.org/GZsjp5zn#69,,True,https://lichess.org/training/LSxsh
LUAmc,8/3RP3/2p5/1p3B2/p2n4/P1k5/3r4/2K5 w - - 0 66,e7e8q d4b3 c1b1 d2b2,1705,76,94,2146,endgame mate mateIn2 short,https://lichess.org/okfEtWrJ#131,,True,https://lichess.org/training/LUAmc
LdefT,8/pRP5/4pk2/P7/7p/3P3p/2P1nr2/1R5K w - - 1 33,c7c8q e2g3 h1g1 f2g2,1504,74,94,643,endgame mate mateIn2 short,https://lichess.org/TlubIOUk#65,,True,https://lichess.org/training/LdefT
LpUg3,5k2/4R3/5P2/4N3/2bK4/p7/4r3/8 b - - 3 48,a3a2 e5g6 f8g8 e7g7,1715,238,100,23,endgame mate mateIn2 short,https://lichess.org/OA1iLf1M/black#96,,True,https://lichess.org/training/LpUg3
LroyG,6r1/p3kp1p/2B1pn2/2R1B1K1/8/3r2P1/P4P1P/RN3b2 w - - 1 23,g5h6 g8g6,1425,85,89,83,mate mateIn1 middlegame oneMove,https://lichess.org/e5T1GtLS#45,,True,https://lichess.org/training/LroyG
M7iF4,4NRk1/3n2Pp/1p1p2p1/pPqPp1P1/4P3/3r3P/8/5R1K b - - 1 43,d7f8 f1f8,1107,80,100,55,endgame mate mateIn1 oneMove,https://lichess.org/nYnoAfSM/black#86,,True,https://lichess.org/training/M7iF4
MC8oh,4r2k/6R1/p4pKN/1p4p1/5pP1/7P/P6r/8 b - - 7 39,h2h3 g7h7,908,78,100,97,endgame mate mateIn1 oneMove,https://lichess.org/3ERUEfqw/black#78,,True,https://lichess.org/training/MC8oh
MEd0A,Q7/1pk5/1N1p2p1/1Pp1np2/8/2P2RK1/2r3r1/R7 w - - 1 40,g3f4 g2g4 f4e3 g4e4,2014,75,94,425,mate mateIn2 middlegame short,https://lichess.org/yGUm8Cq0#79,,True,https://lichess.org/training/MEd0A
MIwOE,r6k/4NR2/5P2/7p/8/1pK4P/b4r2/2R5 b - - 2 40,b3b2 e7g6 h8g8 f7g7,1355,75,99,2853,endgame mate mateIn2 short,https://lichess.org/6bXqHz4Z/black#80,,True,https://lichess.org/training/MIwOE
MX9CF,7k/1p3R2/7P/8/p4N2/8/1r1r2PK/8 b - - 0 37,a4a3 f4g6 h8g8 f7g7,2065,75,94,337,endgame mate mateIn2 short,https://lichess.org/Kq1xqem9/black#74,,True,https://lichess.org/training/MX9CF
McDuV,8/P6R/4p3/3pn3/6pP/4k1P1/4r3/5K2 w - - 0 50,a7a8q e2f2 f1e1 e5d3 e1d1 f2d2,1959,76,95,971,endgame exposedKing long master mate mateIn3 superGM,https://lichess.org/PBedLP9U#99,,True,https://lichess.org/training/McDuV
Mm5lD,r3q1k1/p1R1b2p/4p1N1/1pPb1pQ1/6p1/P7/1B3PPP/3R2K1 b - - 0 30,e7g5 c7g7,1346,75,100,1396,mate mateIn1 middlegame oneMove,https://lichess.org/wWZFvZzG/black#60,,True,https://lichess.org/training/Mm5lD
Mo1jP,7k/1p6/3N1P2/6Rp/8/1r5P/p5PK/8 b - - 0 47,a2a1q d6f7 h8h7 g5g7,1854,76,98,574,endgame mate mateIn2 short,https://lichess.org/I0Az6zzs/black#94,,True,https://lichess.org/training/Mo1jP
MpWWF,4k3/5R2/2p1P3/pp5r/4N3/5K2/PP5r/8 b - - 2 47,h5e5 e4d6 e8d8 f7d7,1916,78,85,95,endgame mate mateIn2 short,https://lichess.org/l4UJNzmy/black#94,,True,https://lichess.org/training/MpWWF
MqxmB,r1bqrk2/pp2np1R/4pNp1/2p3N1/2P5/3n4/PP1P1PP1/R1B2K2 b - - 1 17,e7g8 h7f7,1239,78,96,164,mate mateIn1 middlegame oneMove,https://lichess.org/iEudhbvc/black#34,English_Opening English_Opening_Symmetrical_Variation,True,https://lichess.org/training/MqxmB
MuVTp,2rN4/1b3Pkp/p4P2/8/3p1K2/2P5/PP4rP/4R3 b - - 0 39,g7f8 e1e8,1245,76,100,385,endgame mate mateIn1 oneMove,https://lichess.org/iBKYzFqi/black#78,,True,https://lichess.org/training/MuVTp
Mwsri,2r1r1k1/p2R2b1/1p2pB1p/5N2/4B3/2P3P1/1P5P/6K1 b - - 0 26,g7f6 f5h6 g8h8 d7h7,1347,76,90,351,endgame mate mateIn2 short,https://lichess.org/PcEgokKK/black#52,,True,https://lichess.org/training/Mwsri
MwzC9,6R1/5p2/5Pk1/2p3N1/6Pp/3p3P/rr6/7K b - - 5 45,g6h6 g5f7 h6h7 g8g7,1745,74,99,583,endgame mate mateIn2 short,https://lichess.org/U50lKyBc/black#90,,True,https://lichess.org/training/MwzC9
MxXLR,r1b2N1k/1p1p2p1/1Pn4R/p2BP2P/8/2P1P3/P6r/2K3R1 b - - 0 35,g7h6 g1g8,1173,80,100,74,mate mateIn1 middlegame oneMove,https://lichess.org/CG8fm2Pq/black#70,,True,https://lichess.org/training/MxXLR
NBWrI,5r2/2p4p/p1p5/P1p1P1kp/4Krn1/1PPP2N1/8/5RR1 w - - 3 40,f1f4 f8f4,1045,76,89,149,endgame master mate mateIn1 oneMove,https://lichess.org/Wdxdgl2G#79,,True,https://lichess.org/training/NBWrI
NBcUQ,b5k1/p4pp1/1p6/4Bpq1/5P2/6nP/P1r5/R2R2K1 w - - 0 31,f4g5 c2g2,1124,247,100,17,endgame master mate mateIn1 oneMove,https://lichess.org/XTOBnslN#61,,True,https://lichess.org/training/NBcUQ
NH3FT,8/1R6/8/2B5/1P1p4/P2kn3/2r5/4K3 w - - 1 40,c5d4 c2e2,1498,154,100,31,endgame master mate mateIn1 oneMove,https://lichess.org/7Cg341rO#79,,True,https://lichess.org/training/NH3FT
NRbER,8/2p1kb1Q/3p1p2/p1b1p1P1/P3P2P/3P1n2/1r3P2/2R1K3 w - - 1 44,e1f1 b2f2,1275,143,38,13,endgame mate mateIn1 oneMove,https://lichess.org/9l2ZmRzC#87,,True,https://lichess.org/training/NRbER
NWssq,4r3/8/8/p5p1/k2KPn1p/7P/PR6/3N4 b - - 0 46,f4h3 d1c3 a4a3 b2b3,1048,77,100,163,endgame mate mateIn2 short,https://lichess.org/YUTBev0m/black#92,,True,https://lichess.org/training/NWssq
NbYUZ,5kr1/p2R4/Pp2N2n/7p/2r4B/7P/5PP1/6K1 b - - 2 26,f8e8 d7e7,1844,81,74,89,endgame mate mateIn1 oneMove,https://lichess.org/FmKyjq1D/black#52,,True,https://lichess.org/training/NbYUZ
NbvK4,r6k/3R1R2/1p5N/p3p3/P3P3/1KP2P2/1P4rp/6b1 b - - 3 34,h2h1q f7h7,1123,76,100,323,mate mateIn1 middlegame oneMove,https://lichess.org/rgkPUaIc/black#68,,True,https://lichess.org/training/NbvK4
NrM2D,5rk1/R2RN3/6p1/1r2p2n/4P1K1/2P5/1P5p/8 b - - 1 44,g8f7 e7f5 f7g8 f5h6 g8h8 d7h7,2100,83,89,195,discoveredAttack endgame long master mate mateIn3,https://lichess.org/YYeuwySx/black#88,,True,https://lichess.org/training/NrM2D
NwO34,8/5k2/1NP2n1K/1P3p2/6r1/8/2R3P1/8 w - - 3 43,b6d7 g4g6,1629,78,91,223,endgame mate mateIn1 oneMove,https://lichess.org/FjdqLsPd#85,,True,https://lichess.org/training/NwO34
Nxcsr,8/1p3ppR/8/p2rN3/P7/2P1KNn1/1P3nk1/8 b - - 3 41,f7f6 h7h2 g2f1 h2f2,1591,87,100,81,endgame mate mateIn2 short,https://lichess.org/c25I1eOx/black#82,,True,https://lichess.org/training/Nxcsr
OAmZl,r6b/1ppkp3/1n1pN1p1/pP1P2B1/6P1/3p4/1P2QP2/2R1K3 b - - 0 23,d3e2 c1c7 d7e8 c7e7,1181,75,100,448,endgame mate mateIn2 short,https://lichess.org/oG2b84yZ/black#46,,True,https://lichess.org/training/OAmZl
OLjMK,r6r/pp5p/1nppN1kn/8/4P1P1/2P2R2/P1P3KP/5R2 b - - 0 18,a8e8 f3f6,1145,75,100,426,mate mateIn1 middlegame oneMove,https://lichess.org/3RNrA2Ze/black#36,Kings_Gambit_Accepted Kings_Gambit_Accepted_Fischer_Defense,True,https://lichess.org/training/OLjMK
OM6Xv,r1b3k1/ppp4R/2np1Np1/b5N1/8/2P2P2/PP3KP1/8 b - - 5 22,g8f8 h7f7,1776,81,89,1194,mate mateIn1 middlegame oneMove,https://lichess.org/rgxHhMmn/black#44,,True,https://lichess.org/training/OM6Xv
OPh8i,6r1/8/1Np2k2/5Nn1/5p2/2P2P1b/PP5K/R3R3 w - - 5 36,f5d6 g5f3 h2h3 g8g3,1833,78,86,71,fork mate mateIn2 middlegame sacrifice short,https://lichess.org/LVkR6Xzk#71,,True,https://lichess.org/training/OPh8i
OTSdl,2N5/7R/pk1P1p2/1p6/1P2r3/PB1n2K1/1r6/8 b - - 5 54,b6c6 h7c7,1732,232,65,45,endgame mate mateIn1 oneMove,https://lichess.org/3NW3Ihdj/black#108,,True,https://lichess.org/training/OTSdl
OTihx,1k6/1p3p1p/p7/2p2N2/N1P2n2/PP6/2rr1nPP/R4RK1 w - - 0 26,f5e3 f4h3 g2h3 f2h3 g1h1 d2h2,2151,76,96,352,kingsideAttack long mate mateIn3 middlegame sacrifice,https://lichess.org/OO8FzuiH#51,,True,https://lichess.org/training/OTihx
Odpbz,8/PR6/4k2p/4Pn2/6K1/6r1/1B6/8 w - - 2 52,g4h5 g3g5,1515,75,86,263,endgame mate mateIn1 oneMove,https://lichess.org/g2bI0XDW#103,,True,https://lichess.org/training/Odpbz
Of0F2,7r/p1p2ppp/2NRk3/P3Pb2/8/1r6/1P4PP/3R2K1 b - - 1 30,c7d6 d1d6,1414,89,92,59,endgame mate mateIn1 oneMove,https://lichess.org/DD6sT6Iv/black#60,,True,https://lichess.org/training/Of0F2
OfP3d,r1q5/ppp5/2n2N1k/4P3/5Pb1/3B2R1/PP6/3R2K1 b - - 2 32,g4d1 g3g6,1739,78,91,864,mate mateIn1 middlegame oneMove,https://lichess.org/ystqdeGZ/black#64,,True,https://lichess.org/training/OfP3d
Ofxou,4B3/6R1/6p1/1P5p/7n/6kP/1r6/7K w - - 6 59,e8g6 b2h2 h1g1 h4f3 g1f1 h2f2,2157,81,90,111,endgame exposedKing long master mate mateIn3,https://lichess.org/lyTVhwZL#117,,True,https://lichess.org/training/Ofxou
OgXIK,1k6/6R1/p1K4p/8/2N1p2P/6P1/6r1/4b3 b - - 3 42,g2g3 g7b7 b8c8 c4d6 c8d8 b7d7,1886,75,96,1045,endgame exposedKing long mate mateIn3,https://lichess.org/jKrnH5Q7/black#84,,True,https://lichess.org/training/OgXIK
OjFDa,2r2rk1/R2R1N1p/4n1pb/1p6/8/P1p5/7P/7K b - - 0 38,c3c2 f7h6 g8h8 d7h7,1091,75,100,160,discoveredAttack hangingPiece mate mateIn2 middlegame short,https://lichess.org/MsnA4Uq1/black#76,,True,https://lichess.org/training/OjFDa
Om6oF,3k4/2R5/1pR5/1P2p3/1P2n1p1/6Pp/5r2/1N5K w - - 6 43,c6c1 e4g3 h1g1 f2g2,1586,76,100,124,endgame mate mateIn2 short,https://lichess.org/59VxIHFO#85,,True,https://lichess.org/training/Om6oF
OoTiT,r4b1r/1p3ppp/p1n1pn2/1B6/PkN3b1/R3B3/1P3PPP/3RN1K1 b - - 1 18,a6b5 e1c2 b4c4 a3c3,2209,76,94,1397,mate mateIn2 middlegame sacrifice short,https://lichess.org/pRnx2bvo/black#36,Reti_Opening Reti_Opening_Reti_Accepted,True,https://lichess.org/training/OoTiT
OyX81,8/pp2K3/2k1N3/8/2P3p1/8/PP3q2/3R4 b - - 2 43,g4g3 d1d6,1355,76,88,692,endgame master mate mateIn1 oneMove,https://lichess.org/4Y92LVP3/black#86,,True,https://lichess.org/training/OyX81
P2I51,8/3R1pk1/6pp/8/4B3/P3P1P1/rr3n1P/5RK1 w - - 0 35,e4d5 f2h3 g1h1 b2h2,1063,77,91,320,discoveredAttack endgame mate mateIn2 short,https://lichess.org/4tHVBA3s#69,,True,https://lichess.org/training/P2I51
P6C76,8/7p/8/7R/5P2/p3PN1k/5K1P/1q6 b - - 12 53,h3g4 h5g5 g4h3 g5g3,1613,75,97,1128,endgame mate mateIn2 short,https://lichess.org/OtmTgr6E/black#106,,True,https://lichess.org/training/P6C76
P7E40,3k4/2R3N1/3K4/1pp5/2P3P1/8/Pp6/8 b - - 0 46,b2b1q g7e6 d8e8 c7e7,1569,77,98,1477,endgame mate mateIn2 short,https://lichess.org/VmB1AlEV/black#92,,True,https://lichess.org/training/P7E40
PEBtw,3rr3/Rkp2ppp/1p6/1Nn1N3/3p1P2/8/6PP/6K1 b - - 2 27,b7b8 e5c6 b8c8 a7c7,1614,76,91,180,endgame fork mate mateIn2 short,https://lichess.org/QUo3x68m/black#54,,True,https://lichess.org/training/PEBtw
PFSA6,7r/4R3/1Rr3b1/3N1k1p/3Pp2K/P7/1PP5/8 b - - 0 37,c6b6 e7e5,1549,86,74,77,endgame mate mateIn1 oneMove,https://lichess.org/yR7QocQI/black#74,,True,https://lichess.org/training/PFSA6
PGMhf,5k2/1p1Q3R/3p1p2/p1b5/P7/4n1r1/1PP5/6K1 w - - 0 39,g1h2 e3f1 h2h1 g3g1,1775,76,97,1197,endgame mate mateIn2 short,https://lichess.org/VQ2V3VLY#77,,True,https://lichess.org/training/PGMhf
PLcpm,k2r3r/R1R2p1p/5p2/3N4/3b4/5B2/PP1n1PPP/6K1 b - - 0 23,d4a7 d5b6 a8b8 c7b7,1357,88,100,131,doubleCheck mate mateIn2 middlegame short,https://lichess.org/6aIfPXYV/black#46,,True,https://lichess.org/training/PLcpm
PSw5p,1r5k/5QbP/b3p3/8/1n6/8/pPP2PP1/1K1R3R w - - 0 28,b1a1 b4c2 a1a2 b8b2,2045,120,0,25,discoveredAttack mate mateIn2 middlegame short,https://lichess.org/CgZdMj5E#55,,True,https://lichess.org/training/PSw5p
PTkQw,8/p2k4/2pp4/4p3/3n3P/1PK2rP1/P1br1P2/2RNR3 w - - 0 31,c3d2 f3d3,1248,79,69,94,endgame mate mateIn1 oneMove,https://lichess.org/MrZWqOmR#61,,True,https://lichess.org/training/PTkQw
PUcFB,8/5Rpk/8/2R2P2/2P3n1/6rp/8/7K w - - 0 44,f5f6 g4f2 h1h2 g3g2,1139,78,76,78,endgame mate mateIn2 short,https://lichess.org/wnqH0FMh#87,,True,https://lichess.org/training/PUcFB
PVoMm,8/Q4pkp/3p2p1/p3p1Nn/1p2Pn1P/5P2/PPr4K/3R4 w - - 3 34,h2h1 h5g3 h1g1 c2g2,1450,76,74,268,endgame kingsideAttack mate mateIn2 short,https://lichess.org/vS7A1Buw#67,,True,https://lichess.org/training/PVoMm
Pa6RZ,8/1P6/5p2/4p3/1R1n3P/6k1/r7/6K1 w - - 5 50,b7b8q d4f3 g1f1 a2f2,2017,83,92,79,endgame mate mateIn2 short,https://lichess.org/fwPGIQjk#99,,True,https://lichess.org/training/Pa6RZ
PkuqE,1r3b1r/ppNRk2b/2p2ppp/4n2P/8/4P1NB/PP4P1/3R2K1 b - - 3 26,e5d7 d1d7,1102,76,100,268,mate mateIn1 middlegame oneMove,https://lichess.org/taXXv3yd/black#52,,True,https://lichess.org/training/PkuqE
Pmxb5,8/3P4/1R6/4p3/1P6/2P1kn2/7r/5K2 w - - 3 54,d7d8q h2f2,1726,76,95,1694,endgame mate mateIn1 oneMove,https://lichess.org/sKNrDSAj#107,,True,https://lichess.org/training/Pmxb5
PsnMK,5k2/6pp/8/1B1b1p2/3NnP2/P6P/1r4P1/4R2K w - - 1 40,b5c6 e4g3 h1g1 b2g2,1687,148,100,10,endgame mate mateIn2 short,https://lichess.org/NpVZpkCS#79,,True,https://lichess.org/training/PsnMK
PuwbV,8/pp5k/1n6/3p2Nr/3B4/6R1/PPr4P/7K b - - 1 34,h7h6 g5f7 h6h7 g3g7,1090,77,50,111,endgame master mate mateIn2 short,https://lichess.org/RLJ9Eggj/black#68,,True,https://lichess.org/training/PuwbV
PwoCZ,8/8/5Rpk/5n2/5N2/5K2/3r1P2/8 b - - 6 39,h6g5 f6g6 g5h4 g6g4,1576,76,95,1218,endgame mate mateIn2 short,https://lichess.org/11Udd6Q9/black#78,,True,https://lichess.org/training/PwoCZ
Pzhyz,5k2/7Q/p2q2p1/2P5/1p6/1bnNrP2/2PK2P1/7R w - - 0 40,c5d6 e3e2 d2c1 e2c2,1301,76,91,1080,endgame mate mateIn2 short,https://lichess.org/sQwG17Ar#79,,True,https://lichess.org/training/Pzhyz
QMErI,6k1/5Rpp/8/1p4b1/2pP4/1PPn4/2K1r1PP/5R2 w - - 1 30,c2d1 e2d2,1313,75,98,1370,endgame mate mateIn1 oneMove,https://lichess.org/jEivk5bm#59,,True,https://lichess.org/training/QMErI
QUKJJ,1k3r2/1p4p1/p7/4nq1p/Q5nP/3pP1P1/P4PB1/2R1R1K1 w - - 2 25,a4b4 f5f2 g1h1 f2g2 h1g2 f8f2 g2h1 f2h2 h1g1 e5f3 g1f1 h2f2,2153,87,82,78,attraction fork mate mateIn5 middlegame sacrifice veryLong,https://lichess.org/XqKK7MtK#49,,True,https://lichess.org/training/QUKJJ
QWmz3,6k1/1R6/6p1/6K1/3nN2P/p7/2r2P2/8 b - - 2 36,a3a2 e4f6 g8f8 g5g6 c2c7 b7c7 a2a1q c7f7,2397,78,99,363,endgame mate mateIn4 veryLong,https://lichess.org/lZzPo65x/black#72,,True,https://lichess.org/training/QWmz3
QY6uF,5k2/7R/1p3NK1/pnr5/8/6P1/8/6b1 b - - 4 45,c5c6 h7f7,1633,79,88,137,endgame master mate mateIn1 oneMove,https://lichess.org/WiYUOvoP/black#90,,True,https://lichess.org/training/QY6uF
Qfa8Q,7k/p4R2/3p1PN1/1p4P1/8/1KP5/PP6/2r4q b - - 0 42,h8g8 f7g7,1698,75,96,496,endgame master mate mateIn1 oneMove,https://lichess.org/GPD6CVzH/black#84,,True,https://lichess.org/training/Qfa8Q
QkAK3,r1qr2k1/5R2/p2p3N/1p1n2N1/2p5/2P3K1/PP3P2/2R5 b - - 4 32,g8h8 f7h7,964,77,100,232,mate mateIn1 middlegame oneMove,https://lichess.org/i933xPMs/black#64,,True,https://lichess.org/training/QkAK3
QmIyH,r2qr1n1/1p1b1p1k/p2p1P2/4p1Np/4P3/P7/1PP1BP1P/R3K1R1 b Q - 1 23,h7h6 g5f7 h6h7 g1g7,1729,75,70,80,fork mate mateIn2 middlegame short,https://lichess.org/Kt0JW0WD/black#46,,True,https://lichess.org/training/QmIyH
Qq4sc,1r5k/5R2/5Np1/p5Np/7P/4nP2/PK6/7R w - - 1 34,b2a3 e3c4 a3a4 b8b4,1408,76,99,962,endgame mate mateIn2 short,https://lichess.org/tF7edYEl#67,,True,https://lichess.org/training/Qq4sc
R4hyO,5rk1/1bn2N2/p1p1p2p/1p2Pq1B/P1p5/2P3R1/6RK/8 b - - 0 40,g8h7 g3g7,1501,76,98,420,mate mateIn1 middlegame oneMove,https://lichess.org/cmttEEZL/black#80,,True,https://lichess.org/training/R4hyO
R9OH4,7k/6n1/7p/p1R3p1/2Bp1rK1/P2P4/1PP3PP/8 w - - 5 42,g4g3 g7h5 g3h3 f4h4,1805,76,93,320,endgame mate mateIn2 short,https://lichess.org/Ukl2eSKc#83,,True,https://lichess.org/training/R9OH4
RJ6Nj,5rk1/pR4b1/6Bp/3nPNp1/3r1p2/P7/7P/R5K1 b - - 1 33,g7e5 f5h6 g8h8 b7h7,1662,77,92,360,mate mateIn2 middlegame short,https://lichess.org/Ay5b3GYK/black#66,,True,https://lichess.org/training/RJ6Nj
RSMm2,r4r1k/pB1R3p/1p2p2N/4p1N1/1q6/6P1/PP3b1P/2R4K b - - 0 25,f2e3 d7h7,1366,77,94,403,kingsideAttack master mate mateIn1 middlegame oneMove,https://lichess.org/yqcwSpi4/black#50,,True,https://lichess.org/training/RSMm2
RavwQ,4B1k1/1R3p2/4p1p1/4P2p/5P2/1P1pn1PP/P1r5/4K3 w - - 0 41,b7d7 c2e2,1672,119,68,60,endgame master mate mateIn1 oneMove,https://lichess.org/GFoOF5Sl#81,,True,https://lichess.org/training/RavwQ
Rbocz,r2k2r1/2pbR3/1p1P3b/pP1P3p/P1PN4/5p1B/5P2/2R4K b - - 1 37,d7h3 d4c6 d8c8 e7c7,1711,82,44,33,mate mateIn2 middlegame short,https://lichess.org/FRYmbegE/black#74,,True,https://lichess.org/training/Rbocz
Rna8b,1rr4k/5R2/p4n1P/q2p4/1p1P1N1b/4PP2/P1Q4P/K2N3R b - - 0 28,c8c2 f4g6 h8g8 f7g7,1467,76,80,147,fork mate mateIn2 middlegame short,https://lichess.org/ynI2oYlD/black#56,,True,https://lichess.org/training/Rna8b
Rs6up,5k2/2R4p/6pN/8/p3Pp2/P2nnPrP/8/5R1K w - - 4 37,f1b1 d3f2 h1h2 g3g2,1573,75,100,629,endgame mate mateIn2 short,https://lichess.org/wWgxSmiJ#73,,True,https://lichess.org/training/Rs6up
RxiE7,7r/4b1p1/R3p1Bp/2p1k3/Pp3N2/6PP/1PPr4/6K1 b - - 2 26,e7g5 a6e6 e5d4 e6e4,1838,77,93,1222,endgame mate mateIn2 short,https://lichess.org/D9fFjnw7/black#52,,True,https://lichess.org/training/RxiE7
Rzfvu,6k1/1b5p/p5p1/1pB3P1/6n1/P1P2Nn1/1P2r3/3N1RK1 w - - 1 32,f3d4 e2g2,1276,78,92,965,master mate mateIn1 middlegame oneMove,https://lichess.org/qjD1cIRQ#63,,True,https://lichess.org/training/Rzfvu
S4sx7,3rr3/pp4p1/1bn1P2p/2p2k1P/4R3/5NP1/PP3P2/2K1R3 b - - 0 26,d8d6 e4f4,1704,83,90,468,mate mateIn1 middlegame oneMove,https://lichess.org/k6CJKqpl/black#52,,True,https://lichess.org/training/S4sx7
S8QA7,1r6/6k1/6p1/2p2p1P/1n1p1P2/pQpP4/2P1P3/K2R3R w - - 3 36,b3e6 b4c2 a1a2 b8b2,964,76,86,220,endgame mate mateIn2 short,https://lichess.org/Qi20pXhQ#71,,True,https://lichess.org/training/S8QA7
SAaDI,6k1/1p1R2p1/r5Np/4B2P/p1q1B3/PnP3P1/1P3P2/6K1 b - - 0 34,c4e4 d7g7,1519,77,98,2929,endgame master mate mateIn1 oneMove,https://lichess.org/O1zLz0Gw/black#68,,True,https://lichess.org/training/SAaDI
SCc0J,5k2/1b5p/pP4r1/P4p2/3B1P2/8/BP3n2/2R4K w - - 1 37,h1h2 g6g2,1542,83,91,743,endgame mate mateIn1 oneMove,https://lichess.org/4CVMjkcs#73,,True,https://lichess.org/training/SCc0J
SEReY,8/R6B/2pk2Pp/3p4/1p1P4/p7/2rn4/K5R1 w - - 2 41,g6g7 d2b3 a1b1 c2b2,1558,75,100,385,endgame mate mateIn2 short,https://lichess.org/AavHP1ZS#81,,True,https://lichess.org/training/SEReY
SEzfe,5k2/pR6/5NKp/6p1/8/1Pr2p1P/6r1/8 b - - 3 35,c3c6 b7f7,1672,79,94,1826,endgame mate mateIn1 oneMove,https://lichess.org/TWqJH5P8/black#70,,True,https://lichess.org/training/SEzfe
SOtqd,k2r4/2p1n1pp/P5q1/1Npp4/8/4Pr2/2PB1PPK/RR6 b - - 0 22,f3f2 b5c7 a8a7 b1b7,1115,80,100,84,mate mateIn2 middlegame queensideAttack short,https://lichess.org/BQk3gu3h/black#44,,True,https://lichess.org/training/SOtqd
SkUaP,4r2k/pppn2b1/3pN3/3P1qNp/1PP2p2/7P/P1Q2P2/4BKR1 b - - 6 25,f5c2 g5f7 h8h7 g1g7,1330,77,81,205,discoveredAttack kingsideAttack mate mateIn2 middlegame short,https://lichess.org/E6gCEkdR/black#50,,True,https://lichess.org/training/SkUaP
Sv6AI,1q3rk1/R2R2pp/pp2n3/5N2/4p1PP/1P1n4/P7/7K b - - 5 41,g7g6 f5h6 g8h8 d7h7,1545,77,95,1123,mate mateIn2 middlegame short,https://lichess.org/WuwuXBo9/black#82,,True,https://lichess.org/training/Sv6AI
T8TUE,3r4/p5p1/2n4k/1p3R2/2b3PN/2K5/4P2P/8 b - - 0 33,c4e6 f5h5,1162,76,95,475,endgame master mate mateIn1 oneMove,https://lichess.org/xhViRiaV/black#66,,True,https://lichess.org/training/T8TUE
T9cV4,7k/2R5/4N3/3P4/2P5/1pn3PP/r7/2K5 w - - 0 39,c7b7 a2c2,1768,76,93,794,endgame master mate mateIn1 oneMove,https://lichess.org/id5zSElC#77,,True,https://lichess.org/training/T9cV4
TDpDa,6B1/P2R4/8/3p1p2/8/3kn3/r7/4K3 w - - 1 44,g8d5 a2e2,1714,75,98,840,endgame mate mateIn1 oneMove,https://lichess.org/S6f4UMeo#87,,True,https://lichess.org/training/TDpDa
TM2x8,4r3/1pR2p1k/5Ppp/1p2P3/7N/1Q5P/1r2q1PK/8 b - - 0 41,b2b3 c7f7 h7h8 h4g6 h8g8 f7g7,1300,211,100,22,deflection endgame long master mate mateIn3,https://lichess.org/qUtohNR3/black#82,,True,https://lichess.org/training/TM2x8
TPBUU,8/1R6/4R3/p4Bp1/P4kP1/5n2/7r/5K2 w - - 6 44,b7f7 f4g3 f5b1 h2f2,2162,75,89,267,endgame mate mateIn2 short,https://lichess.org/X6OBPoJh#87,,True,https://lichess.org/training/TPBUU
TWrlD,Q7/5pkp/6p1/8/6P1/P1R4n/3r1r2/2R3K1 w - - 0 48,g1h1 f2h2,1066,86,93,230,endgame mate mateIn1 oneMove,https://lichess.org/tq0vVZ9z#95,,True,https://lichess.org/training/TWrlD
TYVxK,5N1k/7P/5pR1/pp3r2/2n5/1KP4P/8/8 b - - 1 42,f5f2 g6g8,819,96,96,144,endgame master mate mateIn1 oneMove,https://lichess.org/M4MNz041/black#84,,True,https://lichess.org/training/TYVxK
TgnDL,8/6k1/7p/3N1npK/p2P1P2/P1P4R/6r1/R7 w - - 7 45,f4g5 g2g5,1307,296,82,24,endgame mate mateIn1 oneMove,https://lichess.org/pwFQGuSz#89,,True,https://lichess.org/training/TgnDL
Tk1Im,7q/3pkp2/3RpN2/1KPbPpPB/r7/8/8/3R4 b - - 0 38,h8a8 d6d7 e7f8 d7f7,1492,75,94,1424,mate mateIn2 middlegame short,https://lichess.org/bWXepejH/black#76,,True,https://lichess.org/training/Tk1Im
Tr6M2,5n2/1PR5/N3k3/4pN1p/P1p1P2P/1nP5/K7/2b2r2 w - - 7 50,b7b8q f1f2 a2b1 f2b2,1100,75,100,177,mate mateIn2 middlegame short,https://lichess.org/2TABUDOP#99,,True,https://lichess.org/training/Tr6M2
U3aD9,5k2/6R1/5P2/8/p4NK1/Pp6/1n3r2/8 b - - 5 48,b2c4 f4e6 f8e8 g7e7,1846,90,81,46,endgame mate mateIn2 short,https://lichess.org/AewaUr0p/black#96,,True,https://lichess.org/training/U3aD9
UFEGs,r7/5pk1/6p1/3Pp2p/1r2P2P/1nN4R/1P1R2P1/1K3B2 w - - 3 31,d2c2 a8a1,903,78,100,262,mate mateIn1 middlegame oneMove,https://lichess.org/vAhv78aF#61,,True,https://lichess.org/training/UFEGs
UHuT7,5k2/7R/1n3NP1/p4p1p/1p6/1Pp5/P1Pr4/2K5 b - - 0 44,d2g2 h7f7,1809,81,89,520,endgame master mate mateIn1 oneMove,https://lichess.org/HLninwPr/black#88,,True,https://lichess.org/training/UHuT7
ULssp,4b3/1pr4p/p2p4/P2P1p1n/2P1kN2/1R4PP/4NK2/8 b - - 8 37,h5f4 b3e3,1500,78,88,406,endgame master mate mateIn1 oneMove,https://lichess.org/NCRYoaoB/black#74,,True,https://lichess.org/training/ULssp
UPPQN,1r3nk1/1q2b3/1rn1pP2/pp1pN2p/2pP1B2/P1P3RP/1P1N1PP1/R5K1 b - - 1 27,g8h8 e5f7 h8h7 g3g7,1245,75,100,120,kingsideAttack master masterVsMaster mate mateIn2 middlegame short,https://lichess.org/fz2xqWwy/black#54,,True,https://lichess.org/training/UPPQN
US6od,2R5/kp3ppp/8/1B1n4/1P6/4NPbP/1r3rP1/R5K1 b - - 9 29,a7b6 e3d5 b6b5 c8c5,1413,79,82,175,mate mateIn2 middlegame short,https://lichess.org/45rIqe0a/black#58,,True,https://lichess.org/training/US6od
UV2MD,6k1/1R6/6N1/5P1p/p6P/1pn3P1/6r1/2K5 w - - 0 43,f5f6 g2c2,2007,84,83,153,endgame master mate mateIn1 oneMove,https://lichess.org/5BjpiNKf#85,,True,https://lichess.org/training/UV2MD
UV4qk,2r2r2/bp3pp1/p1b1p3/4Pk1P/6P1/4BN2/PP3PK1/R2q3R b - - 0 23,f5g4 h1h4 g4f5 h4f4,1363,79,94,563,mate mateIn2 middlegame short,https://lichess.org/i2HFVXb1/black#46,,True,https://lichess.org/training/UV4qk
UVfiH,8/6k1/1pB1Q2p/1R3p2/2P4P/pP1np3/Pr6/3K4 w - - 5 48,b5f5 b2d2,1819,74,100,210,endgame master mate mateIn1 oneMove,https://lichess.org/bh5i0N6L#95,,True,https://lichess.org/training/UVfiH
UWr9p,5k2/1p3R2/6P1/3P4/4P1N1/1r6/2r2PK1/q7 b - - 0 40,f8g8 g4h6 g8h8 f7h7,1993,78,97,163,endgame mate mateIn2 short,https://lichess.org/ZgTVTOAd/black#80,,True,https://lichess.org/training/UWr9p
UXbmm,3r2r1/5p1k/p3b2p/1p2p2N/4P3/P2P1R1P/1P4P1/2B3K1 b - - 6 28,h7g6 f3f6 g6h7 f6h6,1690,74,92,121,endgame mate mateIn2 short,https://lichess.org/VEJr5ogY/black#56,,True,https://lichess.org/training/UXbmm
UkbKD,5k2/R4n2/2p2N2/4rK2/1P6/2P3P1/1P5n/7R w - - 11 38,f5g6 e5g5 g6h7 g5g7,1466,82,100,137,endgame mate mateIn2 short,https://lichess.org/ysCZxkok#75,,True,https://lichess.org/training/UkbKD
Ukdal,1r1n1b1r/pbN1kppp/1p2pn2/4N1B1/2B5/8/PP3PPP/2KR3R b - - 3 14,b8c8 d1d7,1594,94,81,84,mate mateIn1 middlegame oneMove pin,https://lichess.org/CBRhAwjI/black#28,Sicilian_Defense Sicilian_Defense_Smith-Morra_Gambit_Accepted,True,https://lichess.org/training/Ukdal
UnWOp,8/2N2kp1/2Q1p3/5p1K/P4n2/6r1/8/8 w - - 0 52,h5h4 g3g4,1550,78,100,82,endgame mate mateIn1 oneMove,https://lichess.org/UYXPpAP6#103,,True,https://lichess.org/training/UnWOp
Uqc5U,3qrbk1/pb3ppp/1p2p3/1B2N3/1p1P2Q1/4P1nP/PBr3P1/3RR1K1 w - - 0 21,b5e8 c2g2,1467,76,94,856,kingsideAttack mate mateIn1 middlegame oneMove,https://lichess.org/vUJftuDt#41,,True,https://lichess.org/training/Uqc5U
UsSIc,8/7k/2rb1N2/6RP/pp2P3/3K4/8/8 b - - 3 54,h7h6 g5g6,1191,76,100,162,endgame mate mateIn1 oneMove,https://lichess.org/Yt7S3FrR/black#108,,True,https://lichess.org/training/UsSIc
UsgLA,8/6k1/1PN1R1p1/5nP1/p1N5/K1n5/8/1r6 w - - 0 48,c6e5 b1b3,1427,87,33,70,endgame master mate mateIn1 oneMove,https://lichess.org/tEGKv9Ki#95,,True,https://lichess.org/training/UsgLA
UxIuE,3r4/2R5/1p2P1p1/p5Pp/2P1k3/4n1B1/PPK4P/8 w - - 5 38,c2c3 d8d3,1181,78,92,696,endgame mate mateIn1 oneMove,https://lichess.org/OWe4dKy6#75,,True,https://lichess.org/training/UxIuE
V4F6M,5Q1k/1p5n/2pN2RP/4r3/8/q7/8/5R1K b - - 0 40,h7f8 d6f7 h8h7 g6g7,2003,77,98,1201,endgame fork mate mateIn2 short,https://lichess.org/RwDj81uK/black#80,,True,https://lichess.org/training/V4F6M
V6mTg,5r2/r4p2/5NRk/2p4P/pp2P3/3P2R1/1PP3P1/7K b - - 1 40,f7g6 g3g6,1124,81,78,79,endgame mate mateIn1 oneMove,https://lichess.org/3mVCWoUV/black#80,,True,https://lichess.org/training/V6mTg
VAaZZ,5rk1/R2R1N2/6p1/P6p/7P/8/r5b1/6K1 b - - 0 36,g2h3 f7h6 g8h8 d7h7,1145,77,100,156,endgame mate mateIn2 short,https://lichess.org/X0iMyqK6/black#72,,True,https://lichess.org/training/VAaZZ
VD7rR,6r1/k1N5/1RP4p/P3K3/1P4r1/5p2/8/8 b - - 0 54,g8g7 b6b7,1489,76,85,323,endgame mate mateIn1 oneMove,https://lichess.org/bJiEI7wv/black#108,,True,https://lichess.org/training/VD7rR
VIBMU,2k5/p3R1p1/3B1p1p/1p3P2/2pN4/2r5/6r1/1K6 b - - 3 45,c3d3 e7c7 c8d8 d4e6 d8e8 c7e7,1962,128,81,12,endgame exposedKing long mate mateIn3,https://lichess.org/UfnxcanZ/black#90,,True,https://lichess.org/training/VIBMU
VR5Pw,3QN1kq/7p/p3pbpB/2p5/2n3P1/7P/PP6/5R1K b - - 0 30,f6d8 f1f8,1271,76,100,481,endgame mate mateIn1 oneMove,https://lichess.org/fMG4OHd7/black#60,,True,https://lichess.org/training/VR5Pw
VSiUz,5k2/3R3p/1p2NP2/6p1/8/4P2P/5PK1/2r1q3 b - - 2 39,f8e8 d7e7,1757,82,81,260,endgame mate mateIn1 oneMove,https://lichess.org/GZSGRuL4/black#78,,True,https://lichess.org/training/VSiUz
VWWbM,3R3k/5r2/6RB/bq1pP1N1/3P3p/7P/pP3PP1/2K5 b - - 7 35,a5d8 g5f7 h8h7 g6g7,1330,75,100,186,endgame fork hangingPiece mate mateIn2 short,https://lichess.org/3mAt8Exx/black#70,,True,https://lichess.org/training/VWWbM
VY2Wf,8/6R1/8/1p6/5N1k/4nK2/r4P2/8 b - - 3 39,e3f5 g7g4,1749,77,83,340,endgame master masterVsMaster mate mateIn1 oneMove,https://lichess.org/tZ3EXDBM/black#78,,True,https://lichess.org/training/VY2Wf
VdALJ,3r4/ppp2pkp/5NP1/2q1PP2/2B3P1/4Q3/bPPr4/2K4R b - - 0 26,c5e3 h1h7 g7f8 h7f7,1675,75,99,1663,mate mateIn2 middlegame short,https://lichess.org/T1SfUtAB/black#52,,True,https://lichess.org/training/VdALJ
VeFkS,3r3r/ppb2p1p/5p2/5N2/1P3P2/P3k3/6PP/3R1RK1 b - - 3 23,e3e4 f5g3 e4e3 f1f3,1941,81,93,162,endgame mate mateIn2 short,https://lichess.org/QBCHxc8l/black#46,,True,https://lichess.org/training/VeFkS
ViYRX,r2r4/kR1N4/p2Pp1n1/3p4/3P3p/8/1P3PP1/2R3K1 b - - 0 39,a7b7 c1c7,1294,75,99,1395,endgame master masterVsMaster mate mateIn1 oneMove,https://lichess.org/JoDpYG5K/black#78,,True,https://lichess.org/training/ViYRX
VmfI0,3r4/1p6/p2r3p/3Nbk1P/5P2/3R3K/P7/3R4 b - - 0 37,f5e4 d3e3 e4f5 e3e5,1958,76,99,570,endgame master mate mateIn2 short,https://lichess.org/DMpMRH39/black#74,,True,https://lichess.org/training/VmfI0
W7FTV,k2rr3/Bp3ppp/b1R2n2/1N6/P7/5B2/3b1PPP/1R4K1 b - - 0 22,b7c6 f3c6 a6b7 b5c7 a8a7 b1b7,1869,75,94,1134,discoveredAttack exposedKing fork long mate mateIn3 middlegame,https://lichess.org/I48OVizG/black#44,,True,https://lichess.org/training/W7FTV
WLQQg,5rk1/R2R1N1p/1r1p2p1/8/3b4/6P1/5PKP/8 b - - 0 33,b6b2 f7h6 g8h8 d7h7,1043,186,33,13,discoveredAttack endgame mate mateIn2 short,https://lichess.org/H1VKrGKz/black#66,,True,https://lichess.org/training/WLQQg
WRHHr,4r2k/ppp2p2/n2p2bP/5PN1/8/8/PPP4P/1K4R1 b - - 0 24,g6f5 g5f7 h8h7 g1g7,1500,500,100,8,endgame mate mateIn2 short,https://lichess.org/ROlVxhiJ/black#48,,True,https://lichess.org/training/WRHHr
WZ2sv,6k1/5pp1/1Q2b2p/p6n/P3Pn2/P4N1P/2r3P1/3R3K w - - 0 29,b6a5 h5g3 h1g1 c2g2,1362,75,99,2075,mate mateIn2 middlegame short,https://lichess.org/5Bdc8HVe#57,,True,https://lichess.org/training/WZ2sv
WZHFA,8/3k4/7R/8/7P/P1B2np1/1Pr5/5K2 w - - 0 47,h6g6 c2f2,1945,81,84,572,endgame mate mateIn1 oneMove,https://lichess.org/ujbEMpsE#93,,True,https://lichess.org/training/WZHFA
WfktV,7r/1b3pk1/4p1p1/1pp1PnP1/5P2/2BQ4/PP6/R3R1K1 w - - 0 30,d3b5 h8h1 g1f2 h1h2 f2f1 f5g3 f1g1 h2g2,1822,92,45,23,exposedKing mate mateIn4 middlegame veryLong,https://lichess.org/u5lMaioa#59,,True,https://lichess.org/training/WfktV
WfqbU,8/7p/5p2/8/8/R4nk1/PPP1r3/3R2K1 w - - 0 40,g1f1 e2f2,1094,77,64,85,endgame mate mateIn1 oneMove,https://lichess.org/SOTMmGFF#79,,True,https://lichess.org/training/WfqbU
WovpH,r4q1r/pbppkp1p/1pn2N1Q/2b1P3/2B5/5N1P/PP3PP1/3R1RK1 b - - 2 16,f8h6 d1d7 e7f8 d7f7,1193,75,100,1435,mate mateIn2 middlegame short,https://lichess.org/XTUzFs45/black#32,Italian_Game Italian_Game_Scotch_Gambit,True,https://lichess.org/training/WovpH
WpSjW,5R1k/4N3/3K1Ppp/r2P4/7P/2q2P2/8/8 b - - 2 55,h8h7 f8f7 h7h8 e7g6 h8g8 f7g7,1756,75,89,160,deflection endgame long mate mateIn3,https://lichess.org/wxRMZdlQ/black#110,,True,https://lichess.org/training/WpSjW
Wq2LL,6r1/R3P3/4k3/3pB3/P2P2n1/7p/2P5/7K w - - 5 47,a4a5 g4f2 h1h2 g8g2,1131,77,100,208,endgame mate mateIn2 short,https://lichess.org/hDO8Hcri#93,,True,https://lichess.org/training/Wq2LL
X2tJN,r4rk1/1RR2N1p/p3p1p1/P2pP3/2n2P2/8/4bPBP/6K1 b - - 0 28,c4a5 f7h6 g8h8 c7h7,1028,76,83,191,discoveredAttack mate mateIn2 middlegame short,https://lichess.org/mk1tgvch/black#56,,True,https://lichess.org/training/X2tJN
X8k2w,R7/5ppk/p5r1/4P2p/N1p2n1K/P4r2/7P/5R2 w - - 2 38,f1f3 g6g4,1316,75,100,813,endgame mate mateIn1 oneMove,https://lichess.org/VzU4gSNK#75,,True,https://lichess.org/training/X8k2w
XCzTA,N4k2/pp1Qbpp1/8/2p1p3/1PPnP1n1/P2p2P1/3P1PKr/R1B1R3 w - - 2 23,g2g1 d4f3 g1f1 h2f2,1762,75,99,368,fork mate mateIn2 middlegame short,https://lichess.org/BrHymMIp#45,,True,https://lichess.org/training/XCzTA
XDF6l,r7/6p1/8/5N1k/5P1p/7K/p2n4/R7 b - - 0 99,d2b3 a1g1 g7g6 g1g5,1887,88,74,57,endgame mate mateIn2 short,https://lichess.org/8uABvrqh/black#198,,True,https://lichess.org/training/XDF6l
XEX1E,2b3k1/1p1p1R2/2n1p1NP/r5N1/p5P1/Pn6/RP6/6K1 b - - 0 37,a5g5 f7g7,1951,77,97,763,mate mateIn1 middlegame oneMove,https://lichess.org/qGykzLpG/black#74,,True,https://lichess.org/training/XEX1E
XKm8J,8/5N2/8/8/8/1knR4/5rPP/2K5 w - - 0 44,d3f3 f2c2,1448,83,71,68,endgame mate mateIn1 oneMove,https://lichess.org/qaZHeqzg#87,,True,https://lichess.org/training/XKm8J
XOfAQ,1rk4r/2R1Rp1p/p1N1n1p1/1p1N4/3b4/8/PPP2PPP/2K5 b - - 6 20,e6c7 e7c7,1323,82,87,59,mate mateIn1 middlegame oneMove queensideAttack,https://lichess.org/zhaUaQpS/black#40,,True,https://lichess.org/training/XOfAQ
XYsPL,5k2/4R3/4pBN1/1p3rP1/8/6K1/5r2/8 b - - 1 45,f8g8 e7g7,1337,76,77,154,endgame master mate mateIn1 oneMove,https://lichess.org/IYzGSfTD/black#90,,True,https://lichess.org/training/XYsPL
XbhL5,r3r1k1/ppPR4/n1p4p/4bNp1/4B3/7P/P4PP1/6K1 b - - 1 29,a6c7 f5h6 g8h8 d7h7,1610,102,76,42,mate mateIn2 middlegame short,https://lichess.org/sbQtnBp7/black#58,,True,https://lichess.org/training/XbhL5
Xt83T,r7/pp4k1/5Nn1/2p1p1P1/3nP1b1/P2P1r2/BPP1p3/2K1R2R b - - 1 27,f3f1 h1h7 g7f8 h7f7,1934,76,86,401,mate mateIn2 middlegame short,https://lichess.org/smzw04pg/black#54,,True,https://lichess.org/training/Xt83T
XxKOx,8/7p/R5pk/4R1Nn/8/7P/P2r1rP1/7K w - - 9 35,a6a7 h5g3 h1g1 f2g2,1727,74,99,569,endgame mate mateIn2 short,https://lichess.org/zPfVvD3z#69,,True,https://lichess.org/training/XxKOx
Xz9TI,k7/6p1/pR1N1n1p/2p2P2/4PB2/P7/2q2PK1/8 b - - 2 34,a8a7 d6c8 a7a8 b6b8,1791,74,96,1036,endgame mate mateIn2 short,https://lichess.org/1AovaciM/black#68,,True,https://lichess.org/training/Xz9TI
Y9P1Y,r6r/2p2p2/p2p1N1k/4p2P/4PnR1/1PPP2R1/3b4/7K b - - 5 31,f4e6 g4g6 f7g6 g3g6,1483,76,97,573,mate mateIn2 middlegame sacrifice short,https://lichess.org/xXycqfjh/black#62,,True,https://lichess.org/training/Y9P1Y
YCuLs,2r1r1k1/1b3p2/pp2pPpp/4N3/3P1PQ1/qP4RP/2p5/4R1K1 b - - 1 31,c2c1q g4g6 f7g6 g3g6 g8h8 e5f7 h8h7 g6g7,2006,76,97,423,kingsideAttack mate mateIn4 middlegame sacrifice veryLong,https://lichess.org/4eX9JbLo/black#62,,True,https://lichess.org/training/YCuLs
YFrpX,R7/ppp1k2p/3p4/4p3/4P3/P1NPK2b/1Pn1B2n/R1B3r1 w - - 0 20,e3f2 g1g2,1294,75,88,483,mate mateIn1 middlegame oneMove,https://lichess.org/qrkGi06l#39,,True,https://lichess.org/training/YFrpX
YHz88,1Q6/6p1/3K1nk1/5b2/8/8/3r4/5R2 w - - 2 44,d6e7 d2d7 e7f8 d7f7,1594,75,96,1709,endgame mate mateIn2 short,https://lichess.org/yOlkFRkh#87,,True,https://lichess.org/training/YHz88
YIuu3,1B2R3/5ppk/7p/2p5/2P2p1n/5BnP/r2r4/2R1N1K1 w - - 4 34,b8f4 h4f3 e1f3 d2g2,1602,75,97,2158,master mate mateIn2 middlegame short,https://lichess.org/0R6JBHyX#67,,True,https://lichess.org/training/YIuu3
YJEBg,r3k2r/5R2/pp1Np3/2p1N3/2B5/3PK1P1/6q1/8 b - - 2 35,e8d8 f7d7,1879,77,93,1074,mate mateIn1 middlegame oneMove,https://lichess.org/ZXXU4Sgh/black#70,,True,https://lichess.org/training/YJEBg
YSgN3,3r3r/1kN3pp/B3Rpb1/3P1n2/qP6/8/5PP1/2R3K1 b - - 2 29,b7b8 e6b6 b8a7 b6b7,1189,75,100,413,mate mateIn2 middlegame queensideAttack short,https://lichess.org/pMK1K2IO/black#58,,True,https://lichess.org/training/YSgN3
YZcAo,8/8/8/4B3/5P2/R5nk/2r5/7K w - - 2 43,h1g1 c2g2,1695,76,100,269,endgame mate mateIn1 oneMove,https://lichess.org/sQngBwGg#85,,True,https://lichess.org/training/YZcAo
YcGYP,8/1p6/1p6/p3B1pr/rk6/4NK2/5P2/1R6 b - - 3 40,b4a3 e3c2 a3a2 b1b2,1929,77,97,1499,endgame mate mateIn2 short,https://lichess.org/wjmUFFLV/black#80,,True,https://lichess.org/training/YcGYP
YmmkV,7r/1b2k3/p3PNp1/1p4P1/2Pn1P2/1P6/P4K1P/2B1R3 w - - 3 34,f2g3 d4f5 g3f2 h8h2 f2f1 f5g3 f1g1 h2g2,1852,75,86,98,deflection endgame mate mateIn4 veryLong,https://lichess.org/ExICFcfr#67,,True,https://lichess.org/training/YmmkV
YwMoY,3r2k1/2R1R1p1/p2r1pNp/1p2p2P/4b3/P5P1/1P3P1K/8 b - - 1 30,d6d1 e7g7,1019,75,100,195,endgame mate mateIn1 oneMove,https://lichess.org/r7BJae5f/black#60,,True,https://lichess.org/training/YwMoY
Z3Aj1,4N3/pp4kp/4p1p1/8/P2P4/BPb1n3/2r2RPP/6K1 b - - 3 28,g7g8 f2f8,1320,75,100,1644,endgame mate mateIn1 oneMove,https://lichess.org/kspyYFhl/black#56,,True,https://lichess.org/training/Z3Aj1
Z3sZT,3N2R1/8/6k1/4Bp2/8/p5PK/4q2P/6b1 b - - 9 44,g6h6 d8f7 h6h7 g8g7,1928,79,98,283,endgame mate mateIn2 short,https://lichess.org/Aue5dcib/black#88,,True,https://lichess.org/training/Z3sZT
Z5eec,1R5R/7P/5pk1/8/1p2p1K1/1r6/5n2/8 w - - 10 57,g4f4 b3f3,1313,75,100,377,endgame mate mateIn1 oneMove,https://lichess.org/kYaqjE1i#113,,True,https://lichess.org/training/Z5eec
Z9sSb,8/p4k1p/2pR1bp1/3P4/3n1P2/1P4P1/r5BP/2K1R3 w - - 0 33,g2e4 d4b3 c1b1 a2b2,1904,87,76,39,endgame mate mateIn2 short,https://lichess.org/oolyXZ8C#65,,True,https://lichess.org/training/Z9sSb
ZI4At,8/8/8/R6P/4B3/5P1k/Pr2n3/3R3K w - - 1 42,h5h6 e2g3 h1g1 b2g2,1252,75,88,144,endgame mate mateIn2 short,https://lichess.org/Nq3fXrJ8#83,,True,https://lichess.org/training/ZI4At
ZLt1I,8/pp3pk1/2p2nr1/3b4/3P1Q2/7P/PPB2n2/5R1K w - - 0 29,h1h2 g6g2,1299,75,100,965,mate mateIn1 middlegame oneMove,https://lichess.org/McYAO4OP#57,,True,https://lichess.org/training/ZLt1I
ZW9US,8/5pk1/6p1/8/4n3/7P/1r2r1P1/Q5RK w - - 1 41,g1b1 e4g3 h1g1 e2g2,1580,84,68,90,endgame master mate mateIn2 short,https://lichess.org/uQE6GwR3#81,,True,https://lichess.org/training/ZW9US
Za1PS,1r5k/R3R3/5pNp/3p4/4b3/4q1P1/6PK/8 b - - 3 56,h8g8 e7g7,940,76,100,128,endgame mate mateIn1 oneMove,https://lichess.org/JFHs8Y7L/black#112,,True,https://lichess.org/training/Za1PS
ZhdWx,2kr3r/R2b3q/1N2p3/3B1pp1/3P4/4P1p1/1P3P1P/5RK1 b - - 0 27,c8b8 a7b7,1698,77,64,658,mate mateIn1 middlegame oneMove,https://lichess.org/BQVIpSVS/black#54,,True,https://lichess.org/training/ZhdWx
ZlNtS,5r2/6R1/8/P2P3p/4P2k/6pn/6K1/R7 w - - 0 41,a5a6 f8f2 g2h1 f2h2,1637,77,63,200,endgame mate mateIn2 short,https://lichess.org/e6BPBvKp#81,,True,https://lichess.org/training/ZlNtS
ZrSEu,7k/p7/3N1K2/1p6/r2n4/5R2/8/6R1 b - - 2 37,d4f3 d6f7 h8h7 g1g7,1993,74,91,229,endgame mate mateIn2 short,https://lichess.org/5cpPaj1b/black#74,,True,https://lichess.org/training/ZrSEu
Ztsz3,3r3r/p4pbp/2N1k1p1/8/pBb1P3/8/PPK3PP/3R3R b - - 0 20,d8c8 d1d6,1359,76,90,833,mate mateIn1 middlegame oneMove,https://lichess.org/vsdp3uQM/black#40,,True,https://lichess.org/training/Ztsz3
a0FIb,7k/p4p2/3N1P1p/2p1p1n1/r3P2K/8/6R1/8 b - - 7 50,g5e4 d6f7 h8h7 g2g7,1137,82,100,57,endgame mate mateIn2 short,https://lichess.org/rexECCL9/black#100,,True,https://lichess.org/training/a0FIb
aK2fu,8/7R/kp6/p2N1NP1/5P2/3nP3/PP4r1/2K2n2 w - - 1 47,c1d1 g2d2,1570,77,92,390,endgame master mate mateIn1 oneMove,https://lichess.org/zoyzyCws#93,,True,https://lichess.org/training/aK2fu
aKb5W,5rk1/3RRNbp/p5p1/1p6/5P2/6PP/r7/6K1 b - - 0 38,g7f6 f7h6 g8h8 e7h7,940,95,100,37,discoveredAttack endgame mate mateIn2 short,https://lichess.org/coyekxQ0/black#76,,True,https://lichess.org/training/aKb5W
aMYBK,R7/p4p2/kp1p4/4p3/3nP1B1/2NPK1P1/Pr3r2/8 b - - 5 37,f2c2 g4c8 a6a5 a8a7 a5b4 a7a4 b4c5 a4c4,2206,79,90,131,deflection endgame mate mateIn4 veryLong,https://lichess.org/08boqOcE/black#74,,True,https://lichess.org/training/aMYBK
aWBcy,2k2r2/2p5/R7/2p1N3/2P3p1/P5Pp/4nP2/1R4K1 w - - 1 38,g1h2 f8f2 h2h1 e2g3 h1g1 f2g2,1369,77,94,815,deflection endgame long mate mateIn3,https://lichess.org/SekjhSzz#75,,True,https://lichess.org/training/aWBcy
aWFVD,3k4/R7/2rNKp2/2r4p/8/8/P7/8 b - - 9 67,h5h4 a7d7,1548,79,85,650,endgame mate mateIn1 oneMove,https://lichess.org/jXiKNhsu/black#134,,True,https://lichess.org/training/aWFVD
aXsb1,6k1/R7/4KNp1/4P3/5r2/3r3p/8/8 b - - 1 45,g8f8 a7f7,1662,79,84,200,endgame master mate mateIn1 oneMove,https://lichess.org/HxIB7qrv/black#90,,True,https://lichess.org/training/aXsb1
agw8O,8/pp3pp1/4k1p1/n3b3/8/P4P2/1Pr2BPP/K2R1R2 w - - 0 25,d1e1 a5b3 a1b1 c2b2,1526,75,86,198,endgame mate mateIn2 short,https://lichess.org/tTfB0lur#49,,True,https://lichess.org/training/agw8O
atzFj,r2k3r/1p3Rp1/p2P4/7p/5N1P/2q2P2/P5P1/1K1R4 b - - 0 27,a8c8 f4e6 d8e8 f7e7,1763,81,89,70,endgame mate mateIn2 short,https://lichess.org/Zhu0GXwS/black#54,,True,https://lichess.org/training/atzFj
axOlv,8/p2r1pp1/8/2Rk3p/3pNP2/1P1Kn1PP/P7/8 b - - 2 33,d5e6 c5e5,1604,76,91,569,endgame mate mateIn1 oneMove,https://lichess.org/c51i61JA/black#66,,True,https://lichess.org/training/axOlv
ayQVX,2r1k1r1/4n1R1/2p1N3/3NPp1p/1q1P4/8/1PPQ1PPP/5RK1 b - - 0 18,b4d2 g7e7,1318,75,99,2002,mate mateIn1 middlegame oneMove,https://lichess.org/AhLheHBf/black#36,French_Defense French_Defense_Normal_Variation,True,https://lichess.org/training/ayQVX
b4igY,5k2/p5Rp/5P2/1pp3N1/8/3K4/P6r/4r3 b - - 8 37,e1f1 g5e6 f8e8 g7e7,1865,76,100,97,endgame mate mateIn2 short,https://lichess.org/bDpRR3bW/black#74,,True,https://lichess.org/training/b4igY
b5IXL,3k4/7R/3NP3/5K2/5P2/1r5p/4r3/8 b - - 2 55,b3e3 h7d7,1905,79,85,264,endgame mate mateIn1 oneMove,https://lichess.org/l2a3dfmO/black#110,,True,https://lichess.org/training/b5IXL
b9Cvz,6k1/R7/P2p4/2p3N1/4NPbP/4r3/6PK/r3b3 b - - 2 31,g8h8 a7h7 h8g8 e4f6 g8f8 h7f7,1911,79,89,114,exposedKing fork long mate mateIn3 middlegame,https://lichess.org/jXMKMFly/black#62,,True,https://lichess.org/training/b9Cvz
b9wKX,5r2/p3kBRR/2pNp3/1p1nP3/1P3r2/P5K1/2p5/8 b - - 0 36,c2c1q f7e8 f4f7 g7f7 f8f7 h7f7 e7d8 f7d7,1894,80,84,64,discoveredAttack mate mateIn4 middlegame veryLong,https://lichess.org/7XLoMQ9S/black#72,,True,https://lichess.org/training/b9wKX
bAZ9T,N2r4/pp3kpp/5p2/8/1b2b3/6B1/PPn2PPP/2RK1B1R w - - 4 21,d1e2 d8d2,1241,76,95,1346,mate mateIn1 middlegame oneMove,https://lichess.org/hmsDBwwK#41,,True,https://lichess.org/training/bAZ9T
bRl0L,2k5/3R1Rpp/3P4/8/1n6/pr4P1/7P/1K6 w - - 3 47,b1a1 b4c2 a1a2 b3b2,1079,79,100,66,endgame mate mateIn2 short,https://lichess.org/iKwJqRpW#93,,True,https://lichess.org/training/bRl0L
beqnW,r4n2/pp1R4/2p2N1k/4pn1B/8/7P/PPP5/6RK b - - 2 27,f8d7 g1g6,1132,83,88,65,endgame mate mateIn1 oneMove,https://lichess.org/dCf4Ir7m/black#54,,True,https://lichess.org/training/beqnW
biD2C,1R6/8/1p6/4Bp2/P4P2/5k2/r3n3/7K w - - 24 63,b8b6 e2g3 h1g1 a2g2,1903,76,92,310,endgame mate mateIn2 short,https://lichess.org/b3RLXfUf#125,,True,https://lichess.org/training/biD2C
bonCh,6k1/5ppp/6b1/p1Nn4/3P4/2P3P1/Pr1K4/4RR2 w - - 0 26,d2d1 d5c3 d1c1 b2c2,1760,75,99,683,endgame mate mateIn2 short,https://lichess.org/Qd5qXhtN#51,,True,https://lichess.org/training/bonCh
brssi,4k3/1R6/4NK2/6p1/3p2r1/8/5n1P/8 b - - 0 41,d4d3 b7e7,1846,77,83,288,endgame mate mateIn1 oneMove,https://lichess.org/ODj3C4So/black#82,,True,https://lichess.org/training/brssi
bw2fJ,8/6pp/4np1k/R7/3n2PN/7P/P6r/1K6 b - - 0 44,h2h3 a5h5,1351,75,94,594,endgame mate mateIn1 oneMove,https://lichess.org/RXg8CrZj/black#88,,True,https://lichess.org/training/bw2fJ
c5oqN,1R6/8/1P3p2/2np1P2/3N4/2k5/1r6/2K5 w - - 0 51,d4e6 c5d3 c1d1 b2d2,1766,75,100,326,endgame mate mateIn2 short,https://lichess.org/TrzQH4by#101,,True,https://lichess.org/training/c5oqN
cJTxz,6k1/ppp5/3p2P1/3PnB2/2P3Rp/1P6/P2Br2r/3R2K1 w - - 4 37,d2f4 e5f3 g1f1 h2f2,1231,156,100,7,mate mateIn2 middlegame short,https://lichess.org/z3fGFVH3#73,,True,https://lichess.org/training/cJTxz
cJdW3,4k1r1/1R5p/p3NBp1/3p4/8/4PK2/q4PPP/8 b - - 1 31,d5d4 b7e7,1609,77,95,1692,endgame mate mateIn1 oneMove,https://lichess.org/rzR41Oda/black#62,,True,https://lichess.org/training/cJdW3
cOB9b,8/P3p3/1Q2Pp2/1P1P1n2/8/5k2/r7/6K1 w - - 1 42,b6b7 a2g2 g1f1 f5e3 f1e1 g2e2,2105,78,91,330,endgame exposedKing long mate mateIn3,https://lichess.org/wdHKzmVw#83,,True,https://lichess.org/training/cOB9b
cbi6g,1r2k3/p7/4P3/N2p3p/1n3N1P/2p2P1B/2P5/1K1R4 w - - 0 38,b1a1 b4c2 a1a2 b8b2,1125,75,87,235,endgame mate mateIn2 short,https://lichess.org/ijzJS1Sd#75,,True,https://lichess.org/training/cbi6g
cdVVD,k1r5/pb2P2R/1p6/8/3p1QP1/P2Pnp2/1P1K4/8 w - - 1 41,f4f7 c8c2 d2e1 c2e2,2089,82,81,53,endgame mate mateIn2 short,https://lichess.org/IlyaWxCg#81,,True,https://lichess.org/training/cdVVD
cgY9I,4r2k/1R6/6KN/7p/5P1P/5r2/8/8 b - - 0 49,f3f4 b7h7,1375,101,89,24,endgame mate mateIn1 oneMove,https://lichess.org/6VmIHMO5/black#98,,True,https://lichess.org/training/cgY9I
cjcvD,r2k2r1/5Rp1/2bP4/2N5/pPp5/8/P6P/6K1 b - - 3 30,a8b8 c5e6 d8e8 f7e7,1475,75,99,784,endgame mate mateIn2 short,https://lichess.org/gqXTXa5U/black#60,,True,https://lichess.org/training/cjcvD
cwAO3,5k2/7R/5NPp/p1p2n2/8/8/1P1K4/r7 b - - 3 36,a1g1 h7f7,1726,77,82,345,endgame master mate mateIn1 oneMove,https://lichess.org/vfAiJlkb/black#72,,True,https://lichess.org/training/cwAO3
dM7cX,2kB4/1b4pp/4pp2/5n2/1PN2P2/8/7r/R3RK2 w - - 0 32,d8b6 f5g3 f1g1 h2g2,1656,353,100,6,mate mateIn2 middlegame short,https://lichess.org/b57gQk3A#63,,True,https://lichess.org/training/dM7cX
dNIjS,6k1/1R6/5nNP/8/8/4K3/1p4P1/5r2 b - - 2 49,b2b1q b7g7,1738,255,100,19,endgame mate mateIn1 oneMove,https://lichess.org/5P1BTYyL/black#98,,True,https://lichess.org/training/dNIjS
dPA6C,4k3/1b5Q/p3pB2/1p5p/2n2n1P/6P1/P5r1/2R3K1 w - - 1 28,g1f1 c4e3 f1e1 g2e2,2031,79,83,115,mate mateIn2 middlegame short,https://lichess.org/pAU4vJ6i#55,,True,https://lichess.org/training/dPA6C
dRmnw,8/8/p2p1kr1/1p4N1/3b1RKP/P7/1P6/8 b - - 0 40,f6e5 f4f5,1840,101,81,90,endgame master mate mateIn1 oneMove,https://lichess.org/5aguxqOf/black#80,,True,https://lichess.org/training/dRmnw
de55t,6k1/2R4p/b3pN2/3p2pB/2rb4/8/6PP/4K3 b - - 11 42,g8f8 c7f7,1774,86,85,157,endgame master mate mateIn1 oneMove,https://lichess.org/wp6apwyc/black#84,,True,https://lichess.org/training/de55t
dkQoY,2k5/1p3R2/p1p1p3/3p1P2/3P4/1Pn1n3/P2N3r/1B2K3 w - - 0 31,f5e6 h2e2,1673,78,89,726,endgame mate mateIn1 oneMove,https://lichess.org/dG54pqIq#61,,True,https://lichess.org/training/dkQoY
dm5M0,3R4/1kp1B3/p1p5/P7/1P4n1/2P3rp/8/4R2K w - - 0 41,d8h8 g4f2 h1h2 g3g2,1287,290,38,3,endgame mate mateIn2 short,https://lichess.org/qC5D9xMx#81,,True,https://lichess.org/training/dm5M0
dpzQI,2r4k/5R2/1q2p2p/p2pP1pN/1b4QN/7P/PP3PP1/3b2K1 b - - 0 28,d1g4 h4g6 h8g8 f7g7,1759,121,67,18,kingsideAttack mate mateIn2 middlegame short,https://lichess.org/2KGBTV1a/black#56,,True,https://lichess.org/training/dpzQI
dvfys,8/7k/p2N2pp/1pP5/1P5P/P5P1/3rrn2/R4RK1 w - - 0 29,a1e1 f2h3 g1h1 e2h2,1322,90,82,52,endgame mate mateIn2 short,https://lichess.org/8KvAa2EY#57,,True,https://lichess.org/training/dvfys
eArtl,r3nrk1/1R2RNb1/6p1/2p4p/5P1P/pPN5/P1P3P1/2K5 b - - 0 26,g7c3 f7h6 g8h8 e7h7,930,97,67,27,mate mateIn2 middlegame short,https://lichess.org/iogLyd3u/black#52,,True,https://lichess.org/training/eArtl
eNrWn,8/6R1/p1pk1p2/K1n2P2/5N2/P7/1rP5/8 w - - 0 37,g7f7 b2b5,1272,75,100,392,endgame master mate mateIn1 oneMove,https://lichess.org/JNIoYeBK#73,,True,https://lichess.org/training/eNrWn
eUBj6,r3r1k1/1b1R3p/5nNQ/p3p3/1p2P3/5P2/1PPK2P1/q6R b - - 3 24,a1h1 d7g7,1337,76,94,1127,mate mateIn1 middlegame oneMove,https://lichess.org/RiSsL3Ld/black#48,,True,https://lichess.org/training/eUBj6
eclen,6k1/1N6/1R6/2p5/6pn/4r3/P2r2PK/6R1 w - - 0 39,b7c5 e3h3,1723,76,100,235,endgame master mate mateIn1 oneMove pin,https://lichess.org/VWNLhCSE#77,,True,https://lichess.org/training/eclen
edO8T,1r5k/p1p2R2/3p1pKN/b3p3/4P2P/3P4/8/8 b - - 0 37,a5d2 f7h7,1102,80,100,58,endgame mate mateIn1 oneMove,https://lichess.org/0tUTDBxH/black#74,,True,https://lichess.org/training/edO8T
eyyN2,4k3/pR6/1b2NK2/6P1/6r1/8/8/8 b - - 3 48,g4g1 b7e7,1801,78,87,451,endgame master mate mateIn1 oneMove,https://lichess.org/5J0YEKTN/black#96,,True,https://lichess.org/training/eyyN2
f5MW4,8/8/8/6N1/8/2kn1PR1/7r/3K4 w - - 0 44,f3f4 h2d2,1686,81,94,1586,endgame mate mateIn1 oneMove,https://lichess.org/7Zp2FTUy#87,,True,https://lichess.org/training/f5MW4
f6H4W,2r4k/pR3R1p/6pN/2pp4/4p3/2q1Q2P/P1P3K1/8 b - - 0 36,c3e3 f7h7,1029,77,87,141,endgame mate mateIn1 oneMove,https://lichess.org/U9kbgZSM/black#72,,True,https://lichess.org/training/f6H4W
f7BqR,3k4/1R3N2/4K3/p7/8/3bp1P1/5r2/8 b - - 5 51,d8c8 f7d6 c8d8 b7d7,1675,75,94,396,endgame mate mateIn2 short,https://lichess.org/X628LILR/black#102,,True,https://lichess.org/training/f7BqR
fXQMn,5r2/ppp2pkp/5Np1/5bP1/8/1BP2PK1/Pr6/7R b - - 1 24,f8d8 h1h7 g7f8 h7f7,1619,74,93,741,endgame mate mateIn2 short,https://lichess.org/KaJPRwrA/black#48,,True,https://lichess.org/training/fXQMn
fYljq,1r4k1/3nRpB1/p6N/3p2pP/2b5/5P2/PP3KP1/1Bb5 b - - 3 32,g8g7 e7f7 g7h8 f7h7,1840,76,89,283,fork mate mateIn2 middlegame short,https://lichess.org/TDGJbaMl/black#64,,True,https://lichess.org/training/fYljq
feBHk,6k1/b3rp1p/8/1B1b2p1/P4B2/3K1nPP/1PPN4/R7 w - - 0 29,f4d6 e7e3,1480,78,93,8579,master mate mateIn1 middlegame oneMove,https://lichess.org/2R3RtOL1#57,,True,https://lichess.org/training/feBHk
fi4OD,bR3r2/4Np2/p4Ppk/3p2Np/2n5/6R1/P1r4P/6K1 b - - 11 33,f8b8 e7f5 g6f5 g5f7 h6h7 g3g7,2420,78,99,438,long mate mateIn3 middlegame sacrifice,https://lichess.org/qrlRSvLe/black#66,,True,https://lichess.org/training/fi4OD
fjFQs,R7/5k2/P1N5/3p1PP1/8/6np/r7/6K1 w - - 4 47,a8h8 a2g2,1813,76,96,2367,endgame master mate mateIn1 oneMove,https://lichess.org/lMTOYPH5#93,,True,https://lichess.org/training/fjFQs
fmxOx,8/pR6/2pk3p/8/4P3/1BP1np2/PP5r/4K3 w - - 0 37,b7f7 h2e2,1819,79,90,495,endgame mate mateIn1 oneMove,https://lichess.org/mACvq4EU#73,,True,https://lichess.org/training/fmxOx
fowlc,8/7k/p1p5/1p4p1/1P1r1pP1/1R1n2P1/P3r1KP/2BR4 w - - 0 40,g2f3 e2f2,1433,75,100,830,endgame mate mateIn1 oneMove,https://lichess.org/k3GVJTCe#79,,True,https://lichess.org/training/fowlc
fq0Rz,5rk1/1R1R1N1p/p3p1p1/7n/8/4K3/r5PP/8 b - - 4 33,a2g2 f7h6 g8h8 d7h7,1063,75,100,232,discoveredAttack endgame mate mateIn2 short,https://lichess.org/ydHnt74q/black#66,,True,https://lichess.org/training/fq0Rz
frHbi,8/6p1/8/p4P2/P1B5/1P4nk/1r6/3R2K1 w - - 2 39,d1d7 b2g2,1695,108,75,72,endgame master mate mateIn1 oneMove,https://lichess.org/ViPQZhTG#77,,True,https://lichess.org/training/frHbi
g60nU,8/3PRp1p/5kp1/2p5/8/2P2prn/8/3R3K w - - 0 37,d7d8q h3f2 h1h2 g3g2,1735,77,100,72,endgame fork mate mateIn2 short,https://lichess.org/cUI2Pm4T#73,,True,https://lichess.org/training/g60nU
g7CaO,8/1p2NR2/1p3Ppk/5p1p/1P2b2P/P6K/6r1/8 b - - 1 36,g6g5 e7g8 h6g6 f7g7,1842,80,92,466,endgame mate mateIn2 short,https://lichess.org/NgFad7Qp/black#72,,True,https://lichess.org/training/g7CaO
g7KtC,6r1/kp2Rp2/7p/3pB3/8/1B4nP/PPP1n2K/8 w - - 4 36,b3d5 g3f1 h2h1 g8g1,1225,75,100,133,endgame mate mateIn2 short,https://lichess.org/3L5Pe2L1#71,,True,https://lichess.org/training/g7KtC
g8Iz5,4r1k1/3R1p2/p6N/1p6/5p1P/4nP2/PbB3P1/7K b - - 0 32,g8g7 d7f7 g7h8 f7h7,1347,75,99,1756,endgame mate mateIn2 short,https://lichess.org/GJcOS241/black#64,,True,https://lichess.org/training/g8Iz5
gAvnp,r6k/8/3N3P/6R1/8/p5P1/6PK/r7 b - - 1 52,a3a2 d6f7 h8h7 g5g7,819,80,100,62,endgame mate mateIn2 short,https://lichess.org/3AEnz61S/black#104,,True,https://lichess.org/training/gAvnp
gDydU,8/k1K1N3/8/7P/r7/1R6/1p6/2b5 b - - 7 62,a4a1 e7c6 a7a6 b3b6,1688,91,55,31,endgame mate mateIn2 short,https://lichess.org/OevHOebY/black#124,,True,https://lichess.org/training/gDydU
gL3hq,r7/pp5k/1np3p1/6N1/4N3/3P2P1/PP1K1R2/6q1 b - - 3 27,h7g7 f2f7 g7h8 f7h7 h8g8 e4f6 g8f8 h7f7,1655,75,96,679,endgame mate mateIn4 veryLong,https://lichess.org/x1nfs7jt/black#54,,True,https://lichess.org/training/gL3hq
gXFrG,Q7/1R5p/6pk/2n5/8/2P1p1P1/1P3r2/4K3 w - - 3 49,b7e7 c5d3 e1d1 f2d2,1733,76,86,115,endgame mate mateIn2 short,https://lichess.org/furJOsRj#97,,True,https://lichess.org/training/gXFrG
ghFM0,6k1/R7/5KNp/7P/P4p2/8/5rb1/8 b - - 0 41,f2c2 a7g7,1731,78,84,542,endgame mate mateIn1 oneMove,https://lichess.org/XEtlcxkD/black#82,,True,https://lichess.org/training/ghFM0
gmIaW,Rb1r4/1Pk2pp1/6n1/2NPp3/2P1P3/2KB2P1/7r/8 b - - 0 39,c7b6 a8a6 b6c7 a6c6,1919,76,94,1167,mate mateIn2 middlegame short,https://lichess.org/x8uQc36b/black#78,,True,https://lichess.org/training/gmIaW
gpCpF,8/1k3p2/p2P3p/1p5P/1P3P2/Pnp5/4r3/1K1R2R1 w - - 0 51,d1c1 e2b2,1512,78,89,812,endgame master mate mateIn1 oneMove,https://lichess.org/2Xcf5amJ#101,,True,https://lichess.org/training/gpCpF
h5mAB,8/8/p1nB4/1k6/2r5/2KR3P/PPP5/8 w - - 17 49,c3b3 c6a5 b3a3 c4a4,1246,75,72,179,endgame mate mateIn2 short,https://lichess.org/9pIUXVwr#97,,True,https://lichess.org/training/h5mAB
h7wxl,2k2b1N/3r2pp/p3p3/1p3n2/2n5/P1NK1P2/1P4PP/2BB3R w - - 0 24,d3e4 d7d4,1143,75,100,69,hookMate mate mateIn1 middlegame oneMove,https://lichess.org/7aicqDF4#47,,True,https://lichess.org/training/h7wxl
hKssf,3r1k2/6q1/pp1r1pNQ/2p5/8/8/PP3PPP/4R1K1 b - - 2 33,f8f7 e1e7 f7g8 e7g7,1301,75,86,371,endgame mate mateIn2 short,https://lichess.org/77lF1cgc/black#66,,True,https://lichess.org/training/hKssf
hYb1A,8/2R4B/5p2/4k3/P7/1nb1P1P1/3rP2P/2K5 w - - 5 40,c1b1 d2b2,1154,75,100,818,endgame mate mateIn1 oneMove,https://lichess.org/QBdb7FV2#79,,True,https://lichess.org/training/hYb1A
hZmc2,8/8/8/3R4/2kbp1PP/8/1r1n1P2/3RK3 w - - 9 54,d5d7 d2f3 e1f1 b2f2,1178,76,100,201,discoveredAttack endgame mate mateIn2 short,https://lichess.org/DXEV6PMK#107,,True,https://lichess.org/training/hZmc2
haxvh,1q3rk1/1nbR1Npp/7Q/2p2B2/8/2P4P/1P3PP1/6K1 b - - 2 34,g7h6 f7h6 g8h8 d7h7,1001,80,100,92,discoveredAttack mate mateIn2 middlegame short,https://lichess.org/4wRjvr7s/black#68,,True,https://lichess.org/training/haxvh
hkGkw,6R1/8/8/2pp1p2/2r3k1/8/3KNn2/8 b - - 7 60,g4f3 g8g3 f3e4 g3e3,1334,75,100,505,endgame mate mateIn2 short,https://lichess.org/DEOseI86/black#120,,True,https://lichess.org/training/hkGkw
hsRRb,6k1/1p2R3/2p1PNp1/p6p/P1b5/5K2/1Pr5/8 b - - 2 52,g8f8 e7f7,1583,76,90,352,endgame mate mateIn1 oneMove,https://lichess.org/Y3TnM4ji/black#104,,True,https://lichess.org/training/hsRRb
hvik9,2r5/1p3pR1/8/2Pp1N1k/Pp2pB2/7r/4K3/8 b - - 5 48,c8c5 g7g5,1729,79,70,85,endgame mate mateIn1 oneMove,https://lichess.org/6ZZiToiM/black#96,,True,https://lichess.org/training/hvik9
hvuKK,5knR/r6K/p5p1/1p3p2/2p2Pb1/P5P1/2P5/2R2B2 w - - 5 37,h7g6 a7g7,920,75,100,138,endgame mate mateIn1 oneMove,https://lichess.org/VYIbrm3n#73,,True,https://lichess.org/training/hvuKK
i2zm0,8/Rb5p/5kp1/1pp1N3/1P4P1/1B6/2PrnPP1/4RK2 w - - 4 41,f2f4 e2g3 f1g1 d2g2,1347,88,56,54,discoveredAttack mate mateIn2 middlegame short,https://lichess.org/z1kkW4VL#81,,True,https://lichess.org/training/i2zm0
i3JgW,6k1/2p1B1pp/8/2p2b2/1p6/1Pn2P2/6PP/R1Kr1B1R w - - 5 32,c1b2 d1d2 b2c1 d2c2,1511,75,99,2088,mate mateIn2 middlegame short,https://lichess.org/eQfn2gwg#63,,True,https://lichess.org/training/i3JgW
i40fy,r1b2b1r/pp1knNBp/2pp4/8/4R3/8/P1P2PPP/4R1K1 b - - 0 16,f8g7 e4e7,1132,184,82,7,mate mateIn1 middlegame oneMove,https://lichess.org/iWRsyGBf/black#32,Italian_Game Italian_Game_Scotch_Gambit,True,https://lichess.org/training/i40fy
i5tPA,r6r/p3kp2/1pp2Nnp/5b2/2B5/4PN2/P4PPP/1R1R2K1 b - - 0 24,f5b1 d1d7 e7f8 d7f7,1026,118,100,13,master mate mateIn2 middlegame short,https://lichess.org/f17I1NUt/black#48,,True,https://lichess.org/training/i5tPA
iMftF,1k6/p6R/1pNP4/8/5p2/2p5/5K2/3r4 b - - 1 49,b8c8 h7c7,1584,406,100,9,endgame mate mateIn1 oneMove,https://lichess.org/WY2S0qeF/black#98,,True,https://lichess.org/training/iMftF
iUQcO,2r5/p4N1k/1p2p2P/3p4/3n4/8/PP6/1K4R1 b - - 0 38,c8f8 g1g7,1174,76,91,248,endgame mate mateIn1 oneMove,https://lichess.org/uQq9v6if/black#76,,True,https://lichess.org/training/iUQcO
iVTON,6k1/4B3/3p2B1/2p4R/2Pb4/3P1nPP/1r6/5K2 w - - 10 36,g6e8 b2f2,1665,114,64,52,endgame master mate mateIn1 oneMove,https://lichess.org/Pc0f4Wr1#71,,True,https://lichess.org/training/iVTON
iaKRk,8/8/5p2/2nk4/rK2p2P/p3P1P1/3P4/B2R1R2 w - - 1 37,b4c3 a4c4,976,133,82,49,endgame mate mateIn1 oneMove,https://lichess.org/0RCgEwt2#73,,True,https://lichess.org/training/iaKRk
ii1KG,5r1k/2R3R1/7N/7B/5p2/7P/p4PPK/4r3 b - - 2 49,a2a1q g7h7,1169,77,100,116,mate mateIn1 middlegame oneMove,https://lichess.org/YZW6pWUC/black#98,,True,https://lichess.org/training/ii1KG
iqbzG,6k1/5ppp/1p6/p6n/P5R1/B1N4P/BP1r2P1/4n2K w - - 15 42,g4e4 h5g3 h1g1 d2g2,1947,76,88,103,fork mate mateIn2 middlegame short,https://lichess.org/ooPLR2GO#83,,True,https://lichess.org/training/iqbzG
jGFlf,1r1k4/p4N1p/1q3Pp1/2Q1R2n/8/3P3P/8/6K1 b - - 0 36,d8d7 e5e7,1395,139,25,16,endgame mate mateIn1 oneMove,https://lichess.org/VAQYnaGz/black#72,,True,https://lichess.org/training/jGFlf
jN8l0,7r/5pp1/3p1NRk/5P2/1p2P3/rP5K/8/6R1 b - - 6 41,f7g6 g1g6,1284,75,100,173,endgame mate mateIn1 oneMove,https://lichess.org/NzZuk7ts/black#82,,True,https://lichess.org/training/jN8l0
jO76X,8/2P2p1p/6pk/4Qp2/5n2/6bP/5r2/2R3K1 w - - 3 48,c7c8q f4h3 g1h1 f2h2,1677,86,84,61,endgame mate mateIn2 short,https://lichess.org/NY5yT5RW#95,,True,https://lichess.org/training/jO76X
jYiOE,8/8/pN2k2N/6Bp/7P/2P2bP1/PP2nr1K/R7 w - - 5 33,h2h3 f3g2 h3h2 g2f1 h2h1 e2g3 h1g1 f2g2,1787,75,98,331,deflection discoveredAttack mate mateIn4 middlegame veryLong,https://lichess.org/73gsSW3c#65,,True,https://lichess.org/training/jYiOE
jgSql,2k3r1/pp1b4/2n5/3p4/P2Ppqn1/2PB1PQp/1P6/R3RN1K w - - 0 29,g3f4 g4f2 h1h2 g8g2,1283,76,100,301,fork mate mateIn2 middlegame short,https://lichess.org/IvEL6XrW#57,,True,https://lichess.org/training/jgSql
jgbUE,8/pbk5/1p3p2/2p2n2/2P1N2r/1PN5/P7/4R1K1 w - - 0 28,e4f6 h4h1 g1f2 h1h2 f2f1 f5g3 f1g1 h2g2,1988,205,67,10,endgame exposedKing mate mateIn4 veryLong,https://lichess.org/w4ckMxp4#55,,True,https://lichess.org/training/jgbUE
jimKl,8/7p/p2Nkb2/2p5/2Pnp3/7P/r7/2KR1R2 w - - 1 32,d6e4 d4b3 c1b1 a2b2,1983,77,92,216,endgame mate mateIn2 short,https://lichess.org/BX2h8yyu#63,,True,https://lichess.org/training/jimKl
jm51C,8/1p1k4/p4ppp/3p3n/1P3n1P/1NP2P2/1P2rKP1/1R1R4 w - - 0 32,f2f1 h5g3 f1g1 e2g2,1044,79,100,70,endgame mate mateIn2 short,https://lichess.org/Qqh1MYJi#63,,True,https://lichess.org/training/jm51C
jmTAX,2k5/p1n5/1p2pP2/2p5/P3P1n1/6rp/1P1B4/R3R2K w - - 0 34,d2f4 g4f2 h1h2 g3g2,1036,77,100,223,endgame mate mateIn2 short,https://lichess.org/r00xZoX7#67,,True,https://lichess.org/training/jmTAX
jsKJU,5r1k/3p1Bp1/p5PQ/1p2pP2/3qP3/4n3/PP5P/6RK b - - 0 28,g7h6 g6g7 h8h7 g7f8n h7h8 g1g8,1761,81,93,484,advancedPawn endgame exposedKing fork long mate mateIn3 promotion underPromotion,https://lichess.org/x4aKcOVz/black#56,,True,https://lichess.org/training/jsKJU
jsxGT,8/1p3pk1/p4np1/2bp4/4P3/1PN2nqr/PBP3K1/2RQRN2 w - - 2 29,f1g3 h3h2 g2f1 h2f2,1817,75,86,249,mate mateIn2 middlegame short,https://lichess.org/B30dNhYj#57,,True,https://lichess.org/training/jsxGT
jw8FS,5R2/4N1k1/6pp/2B5/3P4/3n4/1r4P1/3Kb3 w - - 6 36,f8f3 b2d2,1550,79,84,192,endgame master mate mateIn1 oneMove,https://lichess.org/4jM281t0#71,,True,https://lichess.org/training/jw8FS
jxXwm,6k1/6pp/2N1R3/p2p4/P6P/P1p5/2rn1PP1/K2R4 w - - 0 31,c6e5 d2b3 a1b1 c2b2,1237,75,88,113,endgame mate mateIn2 short,https://lichess.org/zXqEz5XZ#61,,True,https://lichess.org/training/jxXwm
jzc4a,4n1k1/pp6/2p1NB2/1r6/2n5/2K3r1/PP3R2/5R2 w - - 3 34,c3c4 e8d6 c4d4 b5d5,1812,76,82,93,mate mateIn2 middlegame short,https://lichess.org/w2kScQIn#67,,True,https://lichess.org/training/jzc4a
k8WgL,8/4k1r1/8/5R1p/P2Np1nP/4Pp1K/5P2/8 w - - 7 50,f5h5 g4f2 h3h2 g7g2,1140,97,100,33,endgame mate mateIn2 short,https://lichess.org/GnbwE31U#99,,True,https://lichess.org/training/k8WgL
kFAWM,8/p3R3/5p2/1P2nP2/P7/4k3/r7/5KN1 w - - 9 48,e7a7 a2f2 f1e1 e5d3 e1d1 f2d2,2010,75,96,275,endgame exposedKing long master mate mateIn3,https://lichess.org/RLyBWxLT#95,,True,https://lichess.org/training/kFAWM
kFYNs,5r1k/Q1R3p1/7p/7B/6K1/P1R4P/1PP2nP1/7r w - - 7 40,g4h4 g7g5 h4g3 f2e4 g3g4 f8f4,1796,75,100,78,fork long mate mateIn3 middlegame,https://lichess.org/im0hv5Ex#79,,True,https://lichess.org/training/kFYNs
kHaEB,3r3k/5R2/2pr2NP/p4KP1/8/2p2P2/P7/8 b - - 3 43,h8g8 f7g7,1410,102,89,70,endgame mate mateIn1 oneMove,https://lichess.org/uRNR9sCp/black#86,,True,https://lichess.org/training/kHaEB
kI32Y,r6k/pp2Rb2/2pp3B/8/3P3N/3n4/P7/5K2 b - - 3 30,f7c4 h4g6 h8g8 e7g7,1377,79,100,153,endgame mate mateIn2 short,https://lichess.org/847oJYhL/black#60,,True,https://lichess.org/training/kI32Y
kRtqB,r7/1R6/k1K2b2/2N5/8/8/8/8 b - - 1 92,a6a5 b7b5,1108,76,95,143,endgame master mate mateIn1 oneMove,https://lichess.org/eJtsZqGV/black#184,,True,https://lichess.org/training/kRtqB
kTIyu,5rk1/6pp/2N1R3/2Pp4/P1bP4/6P1/6BP/4n1K1 w - - 1 28,g2d5 f8f1,1391,77,94,903,endgame mate mateIn1 oneMove,https://lichess.org/2Lx0Kt6l#55,,True,https://lichess.org/training/kTIyu
kVV3U,r5k1/8/1p1pN3/2p3Np/1b5P/p4P2/3nK3/6R1 b - - 1 33,g8h8 g5f7 h8h7 g1g7,1199,75,100,956,endgame mate mateIn2 short,https://lichess.org/WwmWTo35/black#66,,True,https://lichess.org/training/kVV3U
kc5T7,6r1/1R6/3Bp3/1R2Pp2/k1P3n1/3P3p/7p/6K1 w - - 0 38,g1h1 g4f2 h1h2 g8g2,1107,80,100,178,endgame mate mateIn2 short,https://lichess.org/XUmMhftr#75,,True,https://lichess.org/training/kc5T7
kfzxU,8/7k/1p2bN2/p6P/P2Pp3/7r/6R1/6K1 b - - 4 49,h7h6 g2g6,1254,76,95,288,endgame mate mateIn1 oneMove,https://lichess.org/qAfT5LqK/black#98,,True,https://lichess.org/training/kfzxU
koxnR,r1b2k2/pp5R/3p1N1p/2nB1p2/2Pp1P2/8/P6P/6K1 b - - 4 25,a8b8 h7f7,1643,80,88,542,endgame mate mateIn1 oneMove,https://lichess.org/YJSgYANi/black#50,,True,https://lichess.org/training/koxnR
l1wfd,4r2k/8/6RP/1p4N1/5K2/r3p3/8/8 b - - 0 40,e3e2 g5f7 h8h7 g6g7,1130,76,100,312,endgame mate mateIn2 short,https://lichess.org/JPhaq2bs/black#80,,True,https://lichess.org/training/l1wfd
l4ql2,1k1r1r2/p1P5/1p6/7n/2N3p1/2P1P2p/5P1K/R6B b - - 0 34,b8c7 a1a7 c7c8 c4b6 c8b8 a7b7,1812,74,100,216,deflection endgame long mate mateIn3,https://lichess.org/lBau6jJr/black#68,,True,https://lichess.org/training/l4ql2
lAYVt,1k4r1/pp1b4/4p2p/1P1p1p2/P4n1p/2R2N1K/4BPP1/2R5 w - - 6 37,h3h4 g8g4,1609,76,97,747,master mate mateIn1 middlegame oneMove,https://lichess.org/g7CQomGa#73,,True,https://lichess.org/training/lAYVt
lFolW,4r3/1k4pp/1p1B1p2/8/3n4/1P1n2PP/7K/R6R w - - 3 35,a1d1 e8e2 h2g1 d4f3 g1f1 e2f2,1724,74,100,178,endgame long mate mateIn3,https://lichess.org/bLxVwJuw#69,,True,https://lichess.org/training/lFolW
lQray,4r2k/1R6/1p4PN/2r2P1K/7P/4n3/8/8 b - - 0 38,e3f5 b7h7,1459,75,98,304,endgame mate mateIn1 oneMove,https://lichess.org/a65Isy8O/black#76,,True,https://lichess.org/training/lQray
lZcry,3k4/R6p/3NK3/6P1/8/8/prn5/8 b - - 21 69,a2a1q a7d7,1746,90,68,71,endgame master mate mateIn1 oneMove,https://lichess.org/U1UeRbmm/black#138,,True,https://lichess.org/training/lZcry
leWtC,6k1/8/5p1p/1pr5/pn6/3KPN1P/5PP1/R7 w - - 1 32,d3d4 c5c4,1755,77,93,1790,endgame master mate mateIn1 oneMove,https://lichess.org/e24O0iBf#63,,True,https://lichess.org/training/leWtC
lirok,8/5pk1/1R6/P1N2b2/3P2pn/2P2rK1/1P5r/6R1 w - - 3 32,g3h2 f3h3,1634,80,85,634,endgame mate mateIn1 oneMove,https://lichess.org/FnfRkUhJ#63,,True,https://lichess.org/training/lirok
llSam,7k/5rr1/p7/1ppBRp2/5n1K/1PP5/P4P2/8 w - - 0 45,d5f7 g7g4,1768,75,98,1646,endgame mate mateIn1 oneMove,https://lichess.org/g9K80cdU#89,,True,https://lichess.org/training/llSam
llz0N,6k1/2p4p/p7/5np1/8/5pP1/3N1r1P/2RK2R1 w - - 0 39,g1f1 f5e3 d1e1 f2e2,1978,77,88,188,endgame fork mate mateIn2 short,https://lichess.org/skmIY2cx#77,,True,https://lichess.org/training/llz0N
lreNa,8/pp1R1B2/1b2P3/4k3/5Rp1/P4nP1/1P5r/5K2 w - - 2 34,e6e7 h2f2,1600,80,91,547,endgame mate mateIn1 oneMove,https://lichess.org/fz7MdRUi#67,,True,https://lichess.org/training/lreNa
lsdma,3k4/1R4p1/2PNpb1p/8/4p3/7P/4r1P1/7K b - - 0 42,e2c2 b7d7,1708,81,92,1393,endgame master mate mateIn1 oneMove,https://lichess.org/keXCNEY4/black#84,,True,https://lichess.org/training/lsdma
m5CYA,7r/1R3p2/3bp1b1/5p1p/k1NPp3/2P4P/5PP1/6K1 b - - 3 31,d6f4 b7b4,1648,79,89,393,endgame mate mateIn1 oneMove,https://lichess.org/S54liJQA/black#62,,True,https://lichess.org/training/m5CYA
m5Ra2,3k1N2/ppb2pr1/1qp5/3p4/6P1/2NPR2P/PPP1R3/5K2 b - - 25 43,d5d4 e3e8,1012,79,100,98,mate mateIn1 middlegame oneMove,https://lichess.org/X3Po0hEl/black#86,,True,https://lichess.org/training/m5Ra2
mA4gt,r2r3k/pp5p/2b3B1/8/4N2R/8/PPn3PP/4R1K1 b - - 0 25,c2e1 h4h7 h8g8 e4f6 g8f8 h7f7,1429,74,94,1538,long mate mateIn3 middlegame,https://lichess.org/xIgIPs3y/black#50,,True,https://lichess.org/training/mA4gt
mG1Ui,7R/P4k2/4p2p/7N/1p3p2/1P4pn/r7/7K w - - 0 46,a7a8q a2h2,1881,76,95,1072,endgame mate mateIn1 oneMove,https://lichess.org/P9DIor17#91,,True,https://lichess.org/training/mG1Ui
mGWoP,r5k1/1pp1R3/1b4Np/pb1pBP1p/1n1p4/8/1P4PP/6K1 b - - 8 33,d4d3 g1h1 d3d2 e7g7,1579,75,98,369,defensiveMove mate mateIn2 middlegame short,https://lichess.org/0GzwnKGQ/black#66,,True,https://lichess.org/training/mGWoP
mTcDg,5k2/pp3ppp/8/5N2/7P/1Pnp2Q1/3Nr3/1qK3R1 w - - 0 37,d2b1 e2c2,1648,75,97,2859,endgame mate mateIn1 oneMove,https://lichess.org/SUjvRXvK#73,,True,https://lichess.org/training/mTcDg
mZCDF,4k3/6R1/4NK2/p4p2/4bP2/8/6p1/r7 b - - 13 45,g2g1q g7e7,1674,98,81,75,endgame master mate mateIn1 oneMove,https://lichess.org/Ku3lTL4L/black#90,,True,https://lichess.org/training/mZCDF
ma10Q,3q1rk1/R3N3/1p1p3p/6pN/3pP1b1/1P1P4/1PP3PP/6K1 b - - 3 26,g8h8 e7g6 h8g8 a7g7,1480,75,94,94,endgame fork mate mateIn2 short,https://lichess.org/SNsg7M72/black#52,,True,https://lichess.org/training/ma10Q
max4r,3r1r1k/2R3Rp/4qQ1N/p7/8/3p3P/5PP1/6K1 b - - 0 26,f8f6 g7h7,1300,75,62,259,endgame mate mateIn1 oneMove,https://lichess.org/1gPXnute/black#52,,True,https://lichess.org/training/max4r
mb6ED,8/8/6pN/6R1/3PKN2/2r3k1/7p/5r2 b - - 7 43,g3h4 g5g4,1288,75,99,2372,endgame mate mateIn1 oneMove,https://lichess.org/49E07Abp/black#86,,True,https://lichess.org/training/mb6ED
mbtJK,6N1/2p4R/1b1p4/1p2pP1k/4P3/3P2K1/5r2/q7 b - - 4 58,h5g5 h7g7 g5h5 g8f6 h5h6 g7g6,1723,75,100,1294,endgame long mate mateIn3,https://lichess.org/MyyPVyh4/black#116,,True,https://lichess.org/training/mbtJK
miN8Z,5bk1/QR3p2/4p3/4P2p/3p2pP/P1p3P1/2rn1P1N/K6R w - - 4 40,b7f7 d2b3 a1b1 c2b2,1378,75,100,154,mate mateIn2 middlegame short,https://lichess.org/cLkavtnt#79,,True,https://lichess.org/training/miN8Z
mvPDU,7r/pp3pk1/4p3/3pPn2/4b1p1/NP2P1P1/P3B3/2R1R1K1 w - - 3 30,e2g4 h8h1 g1f2 h1h2 f2f1 f5g3 f1g1 h2g2,1721,74,96,1614,deflection exposedKing mate mateIn4 middlegame veryLong,https://lichess.org/j2a2DkaF#59,,True,https://lichess.org/training/mvPDU
myIUN,r6r/pp4k1/3N2pp/2pN4/3n2Pq/3PK3/P1PB3P/1R6 b - - 0 24,h4h2 b1b7 g7g8 d5f6 g8f8 b7f7,1613,77,100,603,long mate mateIn3 middlegame,https://lichess.org/Boyxe6NV/black#48,,True,https://lichess.org/training/myIUN
n91e7,8/4r1pk/6np/1N3K2/8/P1B2R1P/1P6/8 w - - 1 50,b5d4 e7e5 f5g4 e5g5,1998,181,57,27,endgame mate mateIn2 short,https://lichess.org/gxY32gKF#99,,True,https://lichess.org/training/n91e7
nSsIr,8/8/5k2/4R3/5Kp1/2r3P1/5n1P/5B2 w - - 5 43,e5e2 c3f3,1515,77,87,456,endgame mate mateIn1 oneMove,https://lichess.org/gXeR9Eih#85,,True,https://lichess.org/training/nSsIr
nVt8z,3R4/5kpp/8/2p2p2/1n2nB2/1P6/rKP3PP/4R3 w - - 6 31,b2b1 e4c3 b1c1 a2c2,1674,75,100,79,endgame mate mateIn2 short,https://lichess.org/hslRxHSO#61,,True,https://lichess.org/training/nVt8z
nVvNc,8/4P1pk/p1B2pRp/5P2/Pr1r3Q/2p1n3/2P4P/K7 w - - 0 48,h4d4 e3c2 a1a2 b4b2,1746,75,99,850,endgame fork mate mateIn2 short,https://lichess.org/cOh7M4mw#95,,True,https://lichess.org/training/nVvNc
nXIbL,2krr3/ppp2N2/7p/5p2/3n1K2/6P1/PP3P1P/3R3R w - - 2 20,f7d8 e8e4,1515,78,99,1120,endgame master mate mateIn1 oneMove,https://lichess.org/JnDDAvwQ#39,,True,https://lichess.org/training/nXIbL
nZDUN,8/k3pp1p/5bp1/PR6/1N3r2/1K6/6PP/8 b - - 0 38,f4f5 b4c6 a7a6 b5b6,1159,81,38,56,endgame mate mateIn2 short,https://lichess.org/DtxwHGGA/black#76,,True,https://lichess.org/training/nZDUN
nahFg,8/4R3/1p4p1/5k1p/2nN3P/5P2/7K/5r2 b - - 9 54,f5f4 e7e4,1627,78,80,254,endgame mate mateIn1 oneMove,https://lichess.org/tlXJEOoE/black#108,,True,https://lichess.org/training/nahFg
niALJ,r4rk1/1np2pp1/ppn1p1p1/4P1N1/2P1N3/7Q/P2RKPPP/7q b - - 1 22,f8d8 e4f6 g8f8 h3h8 f8e7 h8e8 d8e8 d2d7 e7f8 d7f7,2600,86,95,340,kingsideAttack mate mateIn5 middlegame sacrifice veryLong,https://lichess.org/N7ZUdcd4/black#44,,True,https://lichess.org/training/niALJ
nrx4N,r5r1/1p6/p2R4/4p3/2P1k3/P7/1nK1N3/5R2 b - - 1 36,b2c4 e2c3 e4e3 d6d3,1504,74,92,218,endgame mate mateIn2 short,https://lichess.org/PUeFnned/black#72,,True,https://lichess.org/training/nrx4N
nufUz,r5k1/4Rp1b/8/2p5/1p3N2/1Pn1PP2/1K4P1/5B1R w - - 3 26,f1c4 a8a2 b2c1 a2c2,1753,141,47,18,mate mateIn2 middlegame short,https://lichess.org/HfHKgVbF#51,,True,https://lichess.org/training/nufUz
nzT4Y,8/pp6/2p2n2/4k3/4P1nN/3P2rp/PPP5/RN2R2K w - - 2 26,h4f5 g4f2 h1h2 g3g2,1316,75,100,317,mate mateIn2 middlegame short,https://lichess.org/POx7RZ7i#51,,True,https://lichess.org/training/nzT4Y
nzmrp,8/8/2R5/2B5/3p4/2nk4/7r/2K5 w - - 1 62,c5d4 h2c2,1877,76,96,385,endgame mate mateIn1 oneMove,https://lichess.org/IZXwdTP1#123,,True,https://lichess.org/training/nzmrp
o0glT,6k1/5pbp/3Nb1p1/2n5/2P1P3/8/r6P/2KR1BR1 w - - 0 31,d6b5 c5b3 c1b1 a2b2,1954,75,90,119,mate mateIn2 middlegame short,https://lichess.org/rywnyij5#61,,True,https://lichess.org/training/o0glT
o2LL9,8/8/5B1P/5p2/2k1p3/Kr1n4/1p6/1R3R2 w - - 5 42,a3a4 d3c5 a4a5 b3b5,1695,75,100,192,endgame master mate mateIn2 short,https://lichess.org/mchc1TC8#83,,True,https://lichess.org/training/o2LL9
o40op,5k2/R7/5NK1/5p2/1b5P/5P2/p1r5/8 b - - 0 46,b4c3 a7f7,1783,80,93,502,endgame mate mateIn1 oneMove,https://lichess.org/3iaLl0OO/black#92,,True,https://lichess.org/training/o40op
o9BPy,8/6k1/7R/1B6/P6P/6P1/r2r1n2/5RK1 w - - 2 46,h6a6 f2h3 g1h1 d2h2,1038,80,85,286,endgame mate mateIn2 short,https://lichess.org/0D4bTy7N#91,,True,https://lichess.org/training/o9BPy
oOr89,3k4/5Rpp/3NK3/4PP2/8/7P/p1r3r1/8 b - - 1 35,a2a1q f7d7,1698,75,92,921,endgame mate mateIn1 oneMove,https://lichess.org/9IW9sLVK/black#70,,True,https://lichess.org/training/oOr89
oTyGR,rn2r1k1/ppp2pP1/8/2q2Np1/8/2PB1R2/PP4PP/3R3K b - - 4 21,b8c6 f5h6 g8g7 f3f7 g7h8 f7h7,2218,76,94,1749,kingsideAttack long mate mateIn3 middlegame,https://lichess.org/oGBbexKy/black#42,,True,https://lichess.org/training/oTyGR
oUlnH,6k1/2N2pp1/8/2RPPKp1/r5P1/2P2n2/8/8 w - - 1 44,d5d6 a4f4,1646,91,63,51,endgame mate mateIn1 oneMove,https://lichess.org/WC6vQzfN#87,,True,https://lichess.org/training/oUlnH
oYFn3,r3r1k1/pp3p2/2p4P/1P2N3/P1PP4/7P/1q6/6RK b - - 1 35,g8h8 e5f7 h8h7 g1g7,979,78,91,65,endgame mate mateIn2 short,https://lichess.org/3eUNbUZ5/black#70,,True,https://lichess.org/training/oYFn3
omCB8,3rk3/R1R2p2/1p5p/1P1PpN2/4P3/3K4/3N2r1/6q1 b - - 3 34,g1d1 c7e7 e8f8 e7f7 f8g8 f5h6 g8h8 f7h7,1541,75,97,554,mate mateIn4 middlegame veryLong,https://lichess.org/W85EODN8/black#68,,True,https://lichess.org/training/omCB8
ovko2,6k1/5p2/8/4P1B1/6P1/1R2n1nP/P3r3/7K w - - 1 49,h1g1 e2g2,1386,75,99,1051,endgame mate mateIn1 oneMove,https://lichess.org/5XZyVBBX#97,,True,https://lichess.org/training/ovko2
p7t4C,6k1/2R4p/1n3K2/6N1/5P2/8/7r/8 b - - 3 44,h7h6 c7g7 g8f8 g5e6 f8e8 g7e7,1919,76,95,321,endgame exposedKing long mate mateIn3,https://lichess.org/pSYAG9YH/black#88,,True,https://lichess.org/training/p7t4C
pArBx,6rk/pbp2q1p/5p1Q/4pP1B/1p2n2P/2N5/PPP5/3R3K w - - 0 33,h5f7 e4f2 h1h2 g8g2,1789,74,94,358,doubleCheck fork mate mateIn2 middlegame short,https://lichess.org/8ZzD47fr#65,,True,https://lichess.org/training/pArBx
pBs6i,6k1/5pp1/1p5p/7n/4PnK1/BB3P2/P2r3P/1R5R w - - 6 29,b1d1 d2g2 g4f5 g2g5,1535,75,96,423,mate mateIn2 middlegame short,https://lichess.org/fpXXeY9l#57,,True,https://lichess.org/training/pBs6i
pCYEN,3r2k1/4Np2/6pP/pp4K1/8/4PR2/1r6/8 b - - 1 38,g8h7 f3f7 h7h8 e7g6 h8g8 f7g7,1500,500,100,0,deflection endgame long mate mateIn3,https://lichess.org/52uExgMg/black#76,,True,https://lichess.org/training/pCYEN
pJ4p1,4rbk1/1R4R1/p2n2Np/8/3B1p2/7P/P1r2P2/6K1 b - - 2 28,f8g7 b7g7,1207,74,87,611,mate mateIn1 middlegame oneMove,https://lichess.org/glJjFuVu/black#56,,True,https://lichess.org/training/pJ4p1
pOgS1,8/p5pr/5p2/1R4k1/r5PN/6K1/P7/8 b - - 4 43,g5h6 b5h5,1236,120,85,19,endgame mate mateIn1 oneMove,https://lichess.org/PLsdDAcC/black#86,,True,https://lichess.org/training/pOgS1
pQJ96,8/1PR2p2/3pk3/8/3pP3/3P1P1p/1PP1nr2/7K w - - 1 35,b7b8q e2g3 h1g1 f2g2,1860,80,93,647,endgame mate mateIn2 short,https://lichess.org/DwjEgS9A#69,,True,https://lichess.org/training/pQJ96
pddZ1,8/1P4R1/7P/8/4P1P1/5n1K/5k2/6r1 w - - 3 51,g4g5 g1g3,1777,83,85,148,endgame master mate mateIn1 oneMove,https://lichess.org/WVY9SsTk#101,,True,https://lichess.org/training/pddZ1
phpFM,r3r2k/pp4B1/2pp2R1/6N1/2P3b1/8/PP6/6K1 b - - 9 41,h8g8 g7h6 g8h8 g5f7 h8h7 g6g7,1714,76,94,786,discoveredAttack endgame exposedKing long mate mateIn3,https://lichess.org/rtenCSv5/black#82,,True,https://lichess.org/training/phpFM
ppcVV,4r3/3k1p2/3Pr2p/p1N2K2/P1R5/7P/8/8 b - - 2 56,d7d8 c5b7 d8d7 c4c7,1613,75,91,612,endgame master mate mateIn2 short,https://lichess.org/8HWIQV0n/black#112,,True,https://lichess.org/training/ppcVV
pplix,2r3k1/1p3p1R/8/4p1N1/3nN3/K7/1r3PP1/8 b - - 1 32,b2e2 e4f6 g8f8 h7f7,1639,77,71,71,endgame mate mateIn2 short,https://lichess.org/Dc6tmJ6N/black#64,,True,https://lichess.org/training/pplix
pvUqJ,r1r4k/5N2/p2p3P/5b2/1pqN4/8/PP6/K2R2R1 b - - 1 35,h8h7 g1g7,1620,253,78,33,mate mateIn1 middlegame oneMove,https://lichess.org/TIW5Zt69/black#70,,True,https://lichess.org/training/pvUqJ
q1zou,3Q4/5pkp/P5p1/1R2P3/8/5PnP/r3r1P1/3R1K2 w - - 1 43,f1g1 e2g2,954,75,100,116,endgame mate mateIn1 oneMove,https://lichess.org/bSuopdFU#85,,True,https://lichess.org/training/q1zou
qCzo5,k6r/2R3p1/p2p4/1pbNP3/1P3B1q/5n1r/P1P3QP/R6K b - - 0 24,f3h2 d5b6 a8b8 c7b7,1501,77,86,215,doubleCheck mate mateIn2 middlegame queensideAttack short,https://lichess.org/DmRuRz43/black#48,,True,https://lichess.org/training/qCzo5
qFFZu,r4bkr/1R4R1/3pN1Np/3p3b/p7/8/5PPP/6K1 b - - 4 29,f8g7 b7g7,1308,76,86,546,mate mateIn1 middlegame oneMove,https://lichess.org/4jPYe66T/black#58,,True,https://lichess.org/training/qFFZu
qG3gi,8/bpR5/p3k1BB/4P3/1P4P1/5n2/1r5P/5K2 w - - 3 40,h6g7 b2f2,1569,77,92,135,endgame mate mateIn1 oneMove,https://lichess.org/2MlrCSVk#79,,True,https://lichess.org/training/qG3gi
qO2XR,2r3k1/6R1/4pB2/3p3p/2p2N1P/2P2PP1/2qr4/5RK1 b - - 8 42,g8f8 f4e6 f8e8 g7e7,1770,77,97,936,mate mateIn2 middlegame short,https://lichess.org/nKle9c2c/black#84,,True,https://lichess.org/training/qO2XR
qPg26,6k1/8/8/4Bn2/2R5/2P2p1P/1r6/6K1 w - - 0 43,c4f4 b2g2 g1f1 f5e3 f1e1 g2e2,2095,82,89,70,endgame exposedKing long mate mateIn3,https://lichess.org/bRSzL40i#85,,True,https://lichess.org/training/qPg26
qaizq,b4rk1/2R2N2/p3p1B1/1p5p/8/5n2/PP3P2/5K2 b - - 0 35,h5h4 f7h6 g8h8 c7h7,854,89,93,114,endgame mate mateIn2 short,https://lichess.org/7GzQ70hD/black#70,,True,https://lichess.org/training/qaizq
qfJsy,5rk1/pp1R1N1p/6p1/6N1/5p2/4p2P/Pb4P1/7K b - - 1 30,e3e2 f7h6 g8h8 d7h7,1339,75,94,188,discoveredAttack endgame mate mateIn2 short,https://lichess.org/aGklZTWp/black#60,,True,https://lichess.org/training/qfJsy
r0a5G,6R1/p4r2/1p3p1p/1b6/5P2/2P2N1k/1P3K1P/8 b - - 5 40,b5c6 g8g3,1078,84,100,38,endgame master mate mateIn1 oneMove,https://lichess.org/GFK437qE/black#80,,True,https://lichess.org/training/r0a5G
r8NQ4,6k1/4R2p/5Bb1/5p2/2p2N2/7P/2r2bP1/5K2 b - - 1 35,f2g3 e7g7 g8f8 f4e6 f8e8 g7e7,1651,79,79,50,endgame long mate mateIn3,https://lichess.org/BX4Fp6De/black#70,,True,https://lichess.org/training/r8NQ4
r8fYg,r4r1k/3pbN2/p1b2n1P/2p5/4P2P/P2P4/B1P2P2/3K2R1 b - - 0 25,h8h7 g1g7,1356,75,100,448,mate mateIn1 middlegame oneMove,https://lichess.org/O7ImFr5G/black#50,,True,https://lichess.org/training/r8fYg
rBrFz,6r1/8/2P4Q/2kPnB2/2p1P2p/8/5b2/7K w - - 6 52,c6c7 g8g1 h1h2 e5f3 h2h3 g1g3,1611,78,94,580,endgame exposedKing long mate mateIn3,https://lichess.org/nJ6ARlhB#103,,True,https://lichess.org/training/rBrFz
rCyzX,r5r1/3bnp1p/p1p5/Pp2P1N1/1P1N1k2/3P4/2P2K2/4R1R1 b - - 1 31,g8g5 e1e4,1559,75,96,812,mate mateIn1 middlegame oneMove,https://lichess.org/coW18Ysz/black#62,,True,https://lichess.org/training/rCyzX
rHUeO,8/7R/2p5/1p1bPN1k/3P1Kp1/8/8/7q b - - 4 51,h5g6 h7g7 g6h5 g7g5,2175,82,90,250,endgame mate mateIn2 short,https://lichess.org/51Zb4Q3W/black#102,,True,https://lichess.org/training/rHUeO
rMMvM,k5r1/1b6/pP6/7q/3Bn3/4P2B/1PQ2PP1/2R2RK1 w - - 1 34,g1h1 h5h3 g2h3 e4f2 h1h2 g8g2,2149,79,96,167,doubleCheck long mate mateIn3 middlegame sacrifice,https://lichess.org/urS3eoew#67,,True,https://lichess.org/training/rMMvM
rMeD7,3k3r/1R2n1p1/p1n1Pp1p/5P1P/2Np4/3p4/P5P1/6K1 b - - 2 31,d8c8 c4d6 c8d8 b7d7,1786,77,93,383,endgame mate mateIn2 queensideAttack short,https://lichess.org/6MT2qAHx/black#62,,True,https://lichess.org/training/rMeD7
rMoww,8/8/4Rpp1/1P1p3p/P4P1P/4Rnk1/r7/5K2 w - - 0 48,e6f6 a2f2,1799,75,91,235,endgame mate mateIn1 oneMove,https://lichess.org/x71RYLqD#95,,True,https://lichess.org/training/rMoww
rOTCD,8/3Rk3/r4NK1/7p/8/5P1n/8/8 b - - 2 47,e7f8 d7f7,1502,75,80,166,endgame mate mateIn1 oneMove,https://lichess.org/aNCapM2a/black#94,,True,https://lichess.org/training/rOTCD
rQYO3,5rk1/2R1RNbp/p2p1Qp1/1p1P4/4b3/1P5P/5PPK/1q6 b - - 0 26,g7f6 f7h6 g8h8 e7h7,1114,77,100,117,discoveredAttack mate mateIn2 middlegame short,https://lichess.org/A1AA6cFM/black#52,,True,https://lichess.org/training/rQYO3
rQZK1,1k1r4/1p3R2/pNn1p2p/P1N3p1/8/3r2P1/6PP/5K2 b - - 3 25,g5g4 f7b7,1597,79,89,641,endgame mate mateIn1 oneMove,https://lichess.org/J6LwJI9s/black#50,,True,https://lichess.org/training/rQZK1
rTnlq,6k1/6p1/2b1N2p/8/4n2R/1N5P/r7/5R1K w - - 0 35,b3d4 e4g3 h1g1 a2g2,1597,79,85,90,doubleCheck fork mate mateIn2 middlegame short,https://lichess.org/IWQQcNE2#69,,True,https://lichess.org/training/rTnlq
rcgCd,5R2/P7/8/8/6p1/5nk1/r7/5K2 w - - 0 45,a7a8q a2f2,1596,83,100,121,endgame mate mateIn1 oneMove,https://lichess.org/IYHdEutE#89,,True,https://lichess.org/training/rcgCd
reIDM,7k/p5pp/8/2pBnP2/6P1/2P3bP/PP2r3/2BR3K w - - 3 31,d5b3 e2h2 h1g1 e5f3 g1f1 h2f2,1514,79,93,1305,endgame exposedKing long mate mateIn3,https://lichess.org/PGcQpmU8#61,,True,https://lichess.org/training/reIDM
rezQx,r3r3/pp3pkR/6p1/5bN1/1qPRNpP1/5P2/PP6/2K5 b - - 1 26,g7g8 e4f6 g8f8 h7f7,1635,76,96,876,fork mate mateIn2 middlegame short,https://lichess.org/dRdqq3gT/black#52,,True,https://lichess.org/training/rezQx
riIom,1n4nr/8/1kP1N2p/2N2q2/2BP3P/5p2/1R3K1P/7r b - - 0 31,b6a5 b2b5,1842,82,78,83,mate mateIn1 middlegame oneMove,https://lichess.org/Q88sPDhZ/black#62,,True,https://lichess.org/training/riIom
rjCbD,5r1k/R5R1/4p2N/8/5n2/7P/5qPK/8 b - - 0 40,f4g2 g7h7,1183,77,100,88,endgame mate mateIn1 oneMove,https://lichess.org/pCKUvtf7/black#80,,True,https://lichess.org/training/rjCbD
rkLLg,r4r1k/pb3p2/4p1PN/1p1q4/3p3P/2PB1R2/PP4P1/5RK1 b - - 0 24,d4c3 g6g7 h8g7 f3f7 f8f7 f1f7 g7h8 f7h7,2466,79,93,1185,advancedPawn attraction exposedKing kingsideAttack mate mateIn4 middlegame veryLong,https://lichess.org/nbeWBTm3/black#48,,True,https://lichess.org/training/rkLLg
rlhYZ,2b1Rr1k/2p5/p2p3P/3P2N1/1rPp4/6R1/5PP1/6K1 b - - 0 29,f8e8 g5f7 h8h7 g3g7,1364,204,100,13,endgame mate mateIn2 short,https://lichess.org/AxkVpiHw/black#58,,True,https://lichess.org/training/rlhYZ
rr9KX,1r6/1b1p2p1/pp5p/2pB3k/3n1N2/7P/PPP3R1/2K5 b - - 0 33,h5h4 g2g4,1345,75,91,227,endgame mate mateIn1 oneMove,https://lichess.org/UVrC10Hw/black#66,,True,https://lichess.org/training/rr9KX
rrS1y,3r1rk1/1b2bp1B/p1q1pR2/6Np/1p1B2n1/1P6/PNP1R1PP/6K1 b - - 1 28,g8g7 f6g6,1964,78,93,834,doubleCheck mate mateIn1 middlegame oneMove,https://lichess.org/APPIeQfO/black#56,,True,https://lichess.org/training/rrS1y
s7DBy,8/p4B2/6p1/1N1P3p/4Pk2/5n2/P1r5/R4K2 w - - 7 43,d5d6 f4g3 a2a3 c2f2,2116,80,88,77,endgame mate mateIn2 short,https://lichess.org/EjMgXXII#85,,True,https://lichess.org/training/s7DBy
s9ibP,1R6/p1p5/k3p3/2p5/B2pN1p1/1P1Pb3/P1P1KR1q/7r b - - 17 43,e3f2 e4c5 a6a5 b8b5,1328,81,100,158,endgame mate mateIn2 short,https://lichess.org/cfuNNSgY/black#86,,True,https://lichess.org/training/s9ibP
sGfNs,r1bq1rk1/1pp2N2/2np3P/p1b1p2p/2B1P3/P1NP3P/1PP2P2/R1B1K1R1 b Q - 0 14,g8h7 g1g7,1425,115,87,21,mate mateIn1 middlegame oneMove,https://lichess.org/9gEmrIIA/black#28,Italian_Game Italian_Game_Giuoco_Pianissimo,True,https://lichess.org/training/sGfNs
sGhQj,N3kb1r/6pp/2p1pp2/4N3/p7/4P3/P1K3PP/3R1b2 b k - 0 24,f1g2 a8c7 e8e7 d1d7,1120,76,100,118,endgame mate mateIn2 short,https://lichess.org/gh2HR9Ih/black#48,,True,https://lichess.org/training/sGhQj
sJeTs,r3k2r/pp6/2pR1Np1/4p1qp/P1B1Pn2/2P2p1P/1P3P1K/5Q2 b kq - 1 25,e8e7 d6d7 e7f8 d7f7,1647,75,81,160,master mate mateIn2 middlegame short,https://lichess.org/O3VPfLRs/black#50,,True,https://lichess.org/training/sJeTs
sO9za,6k1/R4R1p/4p1p1/2pbNn2/5P2/2P4P/1r4P1/7K w - - 0 28,e5g4 f5g3 h1g1 b2g2,1930,76,83,245,endgame mate mateIn2 short,https://lichess.org/rUCryFkK#55,,True,https://lichess.org/training/sO9za
sPnYL,1k4r1/ppp5/8/1PPpRp2/P2P4/3n1P1p/3B4/7K w - - 0 31,e5f5 d3f2 h1h2 g8g2,1028,76,100,157,endgame mate mateIn2 short,https://lichess.org/lcutW9w6#61,,True,https://lichess.org/training/sPnYL
sPvwJ,8/8/8/k7/1n3Q2/8/pKr5/8 w - - 2 55,b2b3 a2a1n b3a3 c2a2,1900,81,94,2059,advancedPawn endgame mate mateIn2 promotion short underPromotion,https://lichess.org/FBP85QAv#109,,True,https://lichess.org/training/sPvwJ
sSiPo,r4k2/1R6/5NK1/7p/8/8/p7/8 b - - 3 61,a2a1r b7f7,1570,75,98,1319,endgame mate mateIn1 oneMove,https://lichess.org/QGCZgKDs/black#122,,True,https://lichess.org/training/sSiPo
sXeqk,k1N4r/P7/8/6K1/8/8/1R5p/8 b - - 1 58,h2h1q b2b8,1278,76,100,284,endgame mate mateIn1 oneMove,https://lichess.org/mOBLsgCF/black#116,,True,https://lichess.org/training/sXeqk
sZ3mg,q6k/p1R3r1/1p1PP1Np/2n3n1/5p2/P7/1B4PP/6K1 b - - 2 32,h8g8 c7g7,1534,190,100,28,mate mateIn1 middlegame oneMove,https://lichess.org/N1vJLTaD/black#64,,True,https://lichess.org/training/sZ3mg
siAqS,7r/5kp1/2bN3p/1pN2P2/5P2/8/r6P/4R1K1 b - - 2 35,f7f6 e1e6,1081,76,98,580,endgame mate mateIn1 oneMove,https://lichess.org/2ixI5Nu8/black#70,,True,https://lichess.org/training/siAqS
siKm0,8/1k5P/p5B1/4N3/3P4/1np5/r4PP1/2K5 w - - 1 41,c1b1 a2b2,1854,81,78,103,endgame mate mateIn1 oneMove,https://lichess.org/4vmVxq2U#81,,True,https://lichess.org/training/siKm0
t4ZC5,4N1k1/5R2/8/2B1pB2/4P3/5p2/KPb3pb/5r2 b - - 15 54,g2g1q f7f8,1789,76,100,326,mate mateIn1 middlegame oneMove,https://lichess.org/cMyz2yy0/black#108,,True,https://lichess.org/training/t4ZC5
tIp9g,8/8/1R1p2p1/P1p5/8/5nk1/1P1r4/2R2K2 w - - 7 47,b6b3 d2f2,931,76,100,225,endgame master mate mateIn1 oneMove,https://lichess.org/aEU76f1Q#93,,True,https://lichess.org/training/tIp9g
tK2m2,8/p6p/1p5k/2p1n3/P1P2K2/1P2r1N1/6RP/8 b - - 9 57,e3e1 g3f5 h6h5 g2g5,1059,76,97,350,endgame mate mateIn2 short,https://lichess.org/ozaLUykr/black#114,,True,https://lichess.org/training/tK2m2
tQ7u1,1r2k3/6R1/p3NBpp/3r1p2/1pn5/8/PP2K1PP/8 b - - 7 39,b8b6 g7e7,1606,81,54,192,endgame master mate mateIn1 oneMove,https://lichess.org/Vrtt10XF/black#78,,True,https://lichess.org/training/tQ7u1
tWDTs,r1b3r1/pppkRNp1/2pb3p/5P2/5n1B/3P4/PPP2PPP/4R1K1 b - - 5 18,d6e7 e1e7,1199,76,95,566,mate mateIn1 middlegame oneMove,https://lichess.org/Yw1JRIiA/black#36,Three_Knights_Opening Three_Knights_Opening_Winawer_Defense,True,https://lichess.org/training/tWDTs
tflBC,3q1rk1/Q1R2Npp/3p1b2/3N4/4P3/7P/Pr3PP1/5bK1 b - - 0 21,d8b8 d5f6 g7f6 f7h6 g8h8 c7h7,1833,74,93,1091,discoveredAttack long mate mateIn3 middlegame,https://lichess.org/UnJY9Q7O/black#42,,True,https://lichess.org/training/tflBC
tkjhp,8/p3p3/4N2k/3P1KRp/r7/8/Pbp5/6R1 b - - 1 38,c2c1q g5g6 h6h7 e6f8 h7h8 g6g8,1983,75,93,408,endgame long mate mateIn3,https://lichess.org/MtKY6Y4t/black#76,,True,https://lichess.org/training/tkjhp
tpuKP,8/5R2/2p5/5pR1/1P5P/P3kn2/2r5/5K2 w - - 6 52,g5f5 c2f2,1782,76,95,960,endgame master mate mateIn1 oneMove,https://lichess.org/MGO4Z9Fl#103,,True,https://lichess.org/training/tpuKP
tsRR7,r2r2k1/ppp2p1R/6p1/5bN1/3nN3/3Bb3/PPP2p2/R2K4 b - - 1 20,d4f3 e4f6 g8f8 h7f7,1525,76,97,1803,kingsideAttack mate mateIn2 middlegame short,https://lichess.org/hroYnZf8/black#40,,True,https://lichess.org/training/tsRR7
u10v4,R4N2/4P1p1/5p1k/3p3p/2nP1P2/3K2P1/7r/3n4 w - - 2 36,e7e8q h2d2,942,78,97,239,endgame hookMate mate mateIn1 oneMove,https://lichess.org/I7wuQ0cc#71,,True,https://lichess.org/training/u10v4
u1rhG,r2q2rk/7p/2pR3Q/p6N/1p2P2P/8/bPPB4/2K3n1 b - - 0 27,d8h4 h6h7 h8h7 d6h6,2314,79,95,621,attraction mate mateIn2 middlegame sacrifice short,https://lichess.org/7fvqmJ2t/black#54,,True,https://lichess.org/training/u1rhG
u2R7h,8/pp1k2N1/3P2p1/4bp2/q6r/7P/PP6/K1RR4 b - - 1 30,h4b4 c1c7 d7d8 g7e6 d8e8 c7e7,2013,75,92,564,endgame exposedKing long mate mateIn3,https://lichess.org/vSTgEO8T/black#60,,True,https://lichess.org/training/u2R7h
u6JFr,6k1/5p2/p5p1/2QPPn2/5P2/5N1P/qr4P1/4R2K w - - 1 39,e5e6 f5g3 h1g1 b2g2,1327,76,100,164,endgame mate mateIn2 short,https://lichess.org/VNmTOh1b#77,,True,https://lichess.org/training/u6JFr
u9BWl,r7/3p2k1/1p1Np1R1/2p2p1p/p1P2b1q/P4P2/1PK2P2/6R1 b - - 0 28,g7h8 d6f7 h8h7 g6g7,1386,75,100,301,endgame kingsideAttack mate mateIn2 short,https://lichess.org/ctNYMtND/black#56,,True,https://lichess.org/training/u9BWl
uQxxF,3r4/1k4Q1/pNnp1N1r/1pp1n3/4P3/P2P4/B1P2KPq/1R6 b - - 1 30,b7b6 f6d5 b6a5 g7c7 a5a4 d5c3 a4a3 b1b3,2123,77,95,750,mate mateIn4 middlegame veryLong,https://lichess.org/A6dk1wv9/black#60,,True,https://lichess.org/training/uQxxF
uTU48,8/p3R1k1/6p1/7p/3n1P2/2N4P/1r4PK/8 b - - 1 37,g7f6 c3d5 f6f5 e7e5,1546,78,100,79,endgame mate mateIn2 short,https://lichess.org/4CXtV0zo/black#74,,True,https://lichess.org/training/uTU48
uWF9S,5r1k/3pRN2/p1b1p2p/1p6/3b4/3B4/PP2K1PP/8 b - - 1 30,h8g8 f7h6 g8h8 e7h7,1113,76,89,276,endgame mate mateIn2 short,https://lichess.org/vwWrUeA5/black#60,,True,https://lichess.org/training/uWF9S
ucjWR,6k1/5pp1/4p2p/8/PN2P3/4n2P/3rn1P1/1R3R1K w - - 1 31,f1e1 e2g3 h1g1 d2g2,1062,76,100,76,discoveredAttack endgame mate mateIn2 short,https://lichess.org/rgGtzUrT#61,,True,https://lichess.org/training/ucjWR
uh223,4k3/1R6/2n1NK2/8/8/8/1pr5/8 b - - 0 50,c6a5 b7e7,1664,105,81,89,endgame mate mateIn1 oneMove,https://lichess.org/hJoCLEAa/black#100,,True,https://lichess.org/training/uh223
uk5S3,4Q3/6p1/5b1k/3p3n/8/P6K/5rP1/4R3 w - - 2 40,h3g4 f2f4 g4h3 f4h4,1493,78,99,2081,endgame mate mateIn2 short,https://lichess.org/O2vC5jND#79,,True,https://lichess.org/training/uk5S3
umPQ6,3r2k1/p1R1N3/1p5p/1n6/3B4/1P3p2/3b3P/6K1 b - - 3 33,g8f8 e7g6 f8g8 c7g7,1231,75,100,465,endgame mate mateIn2 short,https://lichess.org/PwVbhcD5/black#66,,True,https://lichess.org/training/umPQ6
uoOd3,r3r3/1p3pbp/p4np1/3pP3/3N4/1P1k1N2/P4PPP/4R1K1 b - - 0 25,f6e4 e1e3,1734,75,98,858,mate mateIn1 middlegame oneMove,https://lichess.org/yEvUJCP2/black#50,,True,https://lichess.org/training/uoOd3
urB6Y,8/1pp2k1p/2r1P3/5N2/5RP1/pP3P2/P4q2/1K1R4 b - - 0 31,f7e8 f5g7 e8e7 f4f7,1131,78,94,75,endgame mate mateIn2 short,https://lichess.org/QvSGXC64/black#62,,True,https://lichess.org/training/urB6Y
uxoxx,5R2/7p/4P3/1bB1k1pP/5pP1/1B3Pn1/P5K1/4r3 w - - 7 39,e6e7 b5f1 g2h2 e1e2 c5f2 e2f2 h2g1 f2g2,1618,75,94,378,endgame master mate mateIn4 veryLong,https://lichess.org/GAZkf1Hf#77,,True,https://lichess.org/training/uxoxx
v0236,8/6R1/4pp1p/6kP/8/1p2PK2/1r2NP2/4b3 b - - 1 45,g5h5 e2f4 h5h4 g7g4,1320,76,96,2858,endgame master masterVsMaster mate mateIn2 short,https://lichess.org/pz6PGySX/black#90,,True,https://lichess.org/training/v0236
v8lkq,8/1b6/1p2pk2/1B2n1pP/P7/R3N1n1/1r4P1/3R2K1 w - - 5 41,e3c4 b2g2,1487,76,100,675,master mate mateIn1 middlegame oneMove,https://lichess.org/8OEBq9jZ#81,,True,https://lichess.org/training/v8lkq
vCRet,4k3/6R1/3PN2p/4p1p1/4PpP1/5P2/3p2PK/2r5 b - - 0 58,d2d1q g7e7,1843,99,83,94,endgame master mate mateIn1 oneMove,https://lichess.org/Z339jLht/black#116,,True,https://lichess.org/training/vCRet
vQ776,1r3k2/R7/4pNK1/8/3p4/p7/8/8 b - - 0 52,b8b1 a7f7,1807,77,90,1211,endgame master mate mateIn1 oneMove,https://lichess.org/iobi3eg1/black#104,,True,https://lichess.org/training/vQ776
vU7C8,1r4k1/p1N4p/5Np1/2n2pP1/P2b1P2/1B5R/5r2/4K3 b - - 4 34,g8g7 h3h7 g7f8 h7f7,1909,77,91,152,mate mateIn2 middlegame short,https://lichess.org/JofPpByW/black#68,,True,https://lichess.org/training/vU7C8
vUOfb,2b4k/p7/7P/P2Bp1P1/2P1N2n/Br6/r6P/6RK w - - 2 44,g5g6 a2h2 h1h2 b3h3,2089,77,85,133,attraction mate mateIn2 middlegame sacrifice short,https://lichess.org/nVH95rgk#87,,True,https://lichess.org/training/vUOfb
vlUTs,4k3/2R3pp/p1PNp3/8/n4P2/P5K1/2r4P/8 b - - 2 35,e8d8 c7d7,1731,168,65,31,endgame master mate mateIn1 oneMove,https://lichess.org/Zj6G3t1Y/black#70,,True,https://lichess.org/training/vlUTs
vnroI,r4rk1/pp2RNb1/2p1P1P1/7p/4N2P/8/PP4P1/7K b - - 0 27,a8e8 e4f6 g7f6 f7h6 g8h8 e7h7,2033,75,94,728,endgame exposedKing long mate mateIn3 sacrifice,https://lichess.org/2cCwbdx6/black#54,,True,https://lichess.org/training/vnroI
vrKjF,2r3k1/5R2/p4Bp1/3pPpN1/3b4/3r4/6PP/5K2 b - - 0 30,c8c2 f7g7 g8f8 g5e6 f8e8 g7e7,1700,74,91,556,endgame exposedKing long mate mateIn3,https://lichess.org/FcjIkVWf/black#60,,True,https://lichess.org/training/vrKjF
vy4L9,2kb4/Q4ppp/p7/1p1p1P1n/5n1K/1NP2P2/R4P1P/4r3 w - - 7 40,f5f6 d8f6 h4g4 e1g1 g4f5 g1g5,1263,75,100,330,long mate mateIn3 middlegame,https://lichess.org/rc7KZ0qB#79,,True,https://lichess.org/training/vy4L9
vyYXY,2k2r2/R3R3/1p6/1P5p/P5p1/3P2P1/3Nn2P/5r1K w - - 3 39,h1g2 f8f2,949,106,100,45,endgame mate mateIn1 oneMove,https://lichess.org/sU34ndWW#77,,True,https://lichess.org/training/vyYXY
w09qV,2k5/pp6/1P2p3/P1P5/2P1p3/5pnP/1r6/R2R2K1 w - - 0 39,d1f1 b2g2,1552,138,47,45,endgame master mate mateIn1 oneMove,https://lichess.org/zBDqdSTg#77,,True,https://lichess.org/training/w09qV
w0q7J,q4rk1/1RR2Np1/4pB1p/rp1p4/3P4/4P3/P4PPP/6K1 b - - 0 22,g7f6 f7h6 g8h8 c7h7,880,81,100,75,endgame mate mateIn2 short,https://lichess.org/olAwlHuT/black#44,,True,https://lichess.org/training/w0q7J
wH6bK,1k1N3q/1p1Q4/r2b2p1/p4n2/5P2/3n2P1/PP3B1P/2R3K1 b - - 6 32,h8b2 c1c8,916,84,100,323,mate mateIn1 middlegame oneMove,https://lichess.org/mdBuUZIB/black#64,,True,https://lichess.org/training/wH6bK
wJish,2r1r2k/1R5p/2p1bN1N/1p6/p7/2P3PP/1P2p1PK/8 b - - 0 38,e8f8 b7h7,1059,75,100,306,arabianMate endgame mate mateIn1 oneMove,https://lichess.org/M0YFAzCd/black#76,,True,https://lichess.org/training/wJish
wMtzw,1r3k2/R7/2p2Np1/2B1P3/Kb3Pp1/8/BPr5/8 b - - 0 32,b4c5 a7f7,1866,79,91,1458,endgame mate mateIn1 oneMove,https://lichess.org/Jrqf1uhp/black#64,,True,https://lichess.org/training/wMtzw
wV3QM,5k2/3R4/5NP1/4pn2/3p4/5K2/2r5/8 b - - 0 40,c2c6 d7f7,1919,77,96,931,endgame mate mateIn1 oneMove,https://lichess.org/R77XWjKa/black#80,,True,https://lichess.org/training/wV3QM
wYVxO,4k3/7R/3N2n1/ppp3P1/1b4B1/4rP2/K7/8 b - - 5 51,e8d8 h7d7,1519,76,91,2291,endgame mate mateIn1 oneMove,https://lichess.org/lkJifzHR/black#102,,True,https://lichess.org/training/wYVxO
wjhUT,7r/1p1Np3/kP6/3P4/PR2p2b/4P3/r7/3K4 b - - 2 40,h4e1 d7c5 a6a5 b4b5,1401,75,78,13107,endgame mate mateIn2 short,https://lichess.org/HzKPxhaI/black#80,,True,https://lichess.org/training/wjhUT
wp36Z,4k3/7R/3PN1p1/p1K5/6n1/8/1r4P1/8 b - - 0 38,g4f6 h7e7,1629,117,82,36,endgame mate mateIn1 oneMove,https://lichess.org/EPjmK8rA/black#76,,True,https://lichess.org/training/wp36Z
wuQLG,r3rk2/7R/4bBN1/8/8/p6P/5PP1/6K1 b - - 0 36,f8g8 h7g7,1461,78,96,13510,endgame mate mateIn1 oneMove,https://lichess.org/A7kbojGZ/black#72,,True,https://lichess.org/training/wuQLG
wue6V,7r/1p1r2p1/p7/5N1k/b2B3P/6R1/5K2/8 b - - 6 39,h8f8 g3g5,965,78,100,136,endgame mate mateIn1 oneMove,https://lichess.org/VeMN51ak/black#78,,True,https://lichess.org/training/wue6V
x0wXw,1rb2N2/pp4pk/3p3p/4p2n/2B3R1/3P1r2/PPPQ1P1q/2KR4 b - - 3 21,h7h8 d2h6 g7h6 g4g8,1698,74,95,1208,kingsideAttack mate mateIn2 middlegame sacrifice short,https://lichess.org/A7jHsyn3/black#42,,True,https://lichess.org/training/x0wXw
x6nIE,8/1b2Q3/1p1p3p/2k5/2P2P2/6n1/3r2B1/R4K2 w - - 4 46,f1g1 d2g2,1325,76,67,111,endgame mate mateIn1 oneMove,https://lichess.org/ujkTHAxZ#91,,True,https://lichess.org/training/x6nIE
x97Ej,3rqr1k/1R4R1/4p2N/p3P2Q/Pb3P2/2p4P/2P3P1/7K b - - 0 33,e8h5 g7h7,1204,81,95,117,mate mateIn1 middlegame oneMove,https://lichess.org/WIdHJZi8/black#66,,True,https://lichess.org/training/x97Ej
xD9Cy,5k2/pR6/1p2PNp1/2b5/8/6PK/r6P/8 b - - 4 34,a2e2 b7f7,1673,79,83,262,endgame master mate mateIn1 oneMove,https://lichess.org/HK6uzpox/black#68,,True,https://lichess.org/training/xD9Cy
xNhTR,8/1p3p2/1kp3r1/3b2r1/5Qn1/P6p/1P3P2/3R2RK w - - 0 31,f2f3 g4f2 h1h2 g5g2 g1g2 g6g2,1634,75,90,523,exposedKing fork long mate mateIn3 middlegame,https://lichess.org/ilWeXslT#61,,True,https://lichess.org/training/xNhTR
xh95M,8/5p1k/4p1pp/p7/2P5/1Q3qPN/P1rr1n1P/R4RK1 w - - 0 37,b3f3 f2h3 g1h1 d2h2,1019,79,68,65,discoveredAttack hangingPiece mate mateIn2 middlegame short,https://lichess.org/Oxvq2U76#73,,True,https://lichess.org/training/xh95M
xnXAd,r3k2r/pb1p3p/1q1Np2p/1Bp1P3/8/8/PPP3PP/R4RK1 b kq - 5 16,e8e7 f1f7 e7d8 f7d7,1185,76,100,217,mate mateIn2 middlegame short,https://lichess.org/ehM9Loyf/black#32,French_Defense French_Defense_Steinitz_Attack,True,https://lichess.org/training/xnXAd
xooKA,8/6R1/3kp1p1/8/3nBP2/3Nn2P/P1r5/3K4 w - - 3 46,d1e1 c2e2,1597,80,94,455,endgame master mate mateIn1 oneMove,https://lichess.org/KpaQ3KKk#91,,True,https://lichess.org/training/xooKA
xvjiE,4k3/p5Rp/1p1BN3/3p3P/1P1Pb3/P5K1/6P1/2r4r b - - 12 35,c1c2 g7e7,1557,76,80,239,endgame mate mateIn1 oneMove,https://lichess.org/KnuAXlGY/black#70,,True,https://lichess.org/training/xvjiE
xxOdM,1r5k/p2RQBp1/2p4p/8/1n1bP3/P1N5/1PP3qP/1K1R4 w - - 0 24,d1d4 g2c2 b1a1 c2c1 c3b1 b4c2 a1a2 b8b2,1573,86,89,58,discoveredAttack fork mate mateIn4 middlegame veryLong,https://lichess.org/E8xjBdqS#47,,True,https://lichess.org/training/xxOdM
xyLXV,1r1q1r1k/5R2/1p2p2P/p2pN3/2pP1P1b/2P1nP1P/PPQK4/R7 b - - 1 29,e3c2 e5g6 h8g8 f7g7,1963,76,97,102,fork mate mateIn2 middlegame short,https://lichess.org/pkaD8hYO/black#58,,True,https://lichess.org/training/xyLXV
y8ZAU,1r6/2k3p1/4p1Pp/p2pPp1P/b1pP3N/b1n2B2/1K1B1P2/R6R w - - 2 28,b2a3 b8b3,1095,77,100,174,mate mateIn1 middlegame oneMove,https://lichess.org/8WiMAC9D#55,,True,https://lichess.org/training/y8ZAU
yCP0C,5r1k/p1R3p1/1p4Np/4B3/1P2p3/P2q3P/6PK/8 b - - 1 31,h8g8 c7g7,1367,79,94,89,endgame mate mateIn1 oneMove,https://lichess.org/rWbSIFaJ/black#62,,True,https://lichess.org/training/yCP0C
yCplC,1r5k/1b1R2q1/p1n2Q1N/8/1p6/2P5/1P4PP/1BK5 b - - 0 30,g7f6 d7h7,1378,78,55,101,mate mateIn1 middlegame oneMove,https://lichess.org/Jx0pFwnQ/black#60,,True,https://lichess.org/training/yCplC
yIgQF,4rb2/3k4/p4p1K/6p1/2N2n2/8/P1NP1nPP/1RB2R2 w - - 3 35,h6h7 e8e7 h7h8 f4g6 h8g8 e7g7,1256,86,64,42,long mate mateIn3 middlegame,https://lichess.org/qvxXysLc#69,,True,https://lichess.org/training/yIgQF
yJD1R,6R1/3r1p1p/3N1P1k/4P3/7P/3n4/8/6K1 b - - 0 45,d3e5 d6f5 h6h5 g8g5,1275,75,100,803,endgame master mate mateIn2 short,https://lichess.org/f1psSt0t/black#90,,True,https://lichess.org/training/yJD1R
yV92f,1r4k1/p1pR1R1p/b3p1p1/8/2p3N1/2b5/P6r/2K5 b - - 1 30,h2a2 g4h6 g8h8 f7h7,1776,76,86,569,mate mateIn2 middlegame short,https://lichess.org/Eq5ykrF3/black#60,,True,https://lichess.org/training/yV92f
yY77m,k4r2/6pp/N1pq2b1/2Np4/2nP4/1R5P/P4PP1/2R3K1 b - - 4 30,d6f6 a6c7 a8a7 b3b7,1631,75,99,831,mate mateIn2 middlegame queensideAttack short,https://lichess.org/9K0Mdl0L/black#60,,True,https://lichess.org/training/yY77m
ybJXQ,5k2/3R1N2/1r6/3p1n2/1P2b1p1/2B3P1/1P5K/4R3 w - - 0 38,f7g5 b6h6 g5h3 h6h3 h2g1 h3h1 g1f2 h1h2 f2f1 f5g3 f1g1 h2g2,2099,76,91,861,deflection mate mateIn5 middlegame veryLong,https://lichess.org/CdLgLjKg#75,,True,https://lichess.org/training/ybJXQ
ykF5N,5rk1/2pRRN2/1p2n2p/6p1/5nP1/4rPK1/8/8 b - - 0 42,e3e2 f7h6 g8h8 e7h7,960,76,100,138,mate mateIn2 middlegame short,https://lichess.org/DN8oc0PS/black#84,,True,https://lichess.org/training/ykF5N
ys4KL,3r3k/1R6/6BN/p1b3p1/6P1/5P2/4K1P1/2r5 b - - 10 39,d8d1 b7h7,1445,75,96,2746,endgame master mate mateIn1 oneMove,https://lichess.org/SeqfSb6Y/black#78,,True,https://lichess.org/training/ys4KL
yux3r,5k2/5R2/4K2p/6pP/1p2N3/1r2P1P1/5P2/q3b3 b - - 1 44,f8e8 e4d6 e8d8 f7d7,1717,75,95,301,endgame mate mateIn2 short,https://lichess.org/VllfQKlo/black#88,,True,https://lichess.org/training/yux3r
z0fYH,2r3k1/5p1R/4P1n1/p2p2PN/Pp6/1Pr1p3/5PK1/7R b - - 0 50,g8h7 h5f6 h7g7 h1h7 g7f8 h7f7,1703,76,92,640,doubleCheck endgame exposedKing long master mate mateIn3,https://lichess.org/rZFtSLtS/black#100,,True,https://lichess.org/training/z0fYH
z3HKY,5rk1/R1R2N1p/4p1p1/4P3/5P1n/3b3P/6r1/7K b - - 0 34,d3e4 f7h6 g8h8 c7h7,953,78,100,190,discoveredAttack mate mateIn2 middlegame short,https://lichess.org/0b0CugvQ/black#68,,True,https://lichess.org/training/z3HKY
z4Jo2,5rk1/RR3Nbp/4p1p1/3r4/7P/6P1/4KP2/8 b - - 0 37,g7d4 f7h6 g8h8 b7h7,964,84,100,92,discoveredAttack endgame mate mateIn2 short,https://lichess.org/W68nHucf/black#74,,True,https://lichess.org/training/z4Jo2
zBCzg,Q7/1Q3ppk/1B5p/3p4/3P2b1/4n3/1r6/4K3 w - - 1 38,b6c5 b2e2,1489,79,93,188,endgame mate mateIn1 oneMove,https://lichess.org/bOGbgOg2#75,,True,https://lichess.org/training/zBCzg
zRptn,8/8/6r1/5R2/7p/4Bn1K/3Pk3/8 w - - 0 46,f5f8 g6g3,1240,76,57,160,endgame master mate mateIn1 oneMove,https://lichess.org/YNQdCKkA#91,,True,https://lichess.org/training/zRptn
zWow9,8/1B4R1/3p4/1P6/P5p1/3kn3/r5P1/4K3 w - - 13 53,g7d7 a2e2,1812,80,90,183,endgame mate mateIn1 oneMove,https://lichess.org/EXSsHhMA#105,,True,https://lichess.org/training/zWow9
zX08I,3R4/6pk/1P6/3n3p/8/5bP1/3r3P/2R3K1 w - - 7 40,b6b7 d2g2 g1f1 d5e3 f1e1 g2e2,1650,75,98,686,endgame long mate mateIn3,https://lichess.org/qt8mcOZ8#79,,True,https://lichess.org/training/zX08I
zbLix,1r6/5pk1/p3n1pp/8/K1p5/P5R1/5PPP/4R3 w - - 1 34,g3c3 e6c5 a4a5 b8b5,1672,227,57,26,endgame mate mateIn2 short,https://lichess.org/lWm2Nvzd#67,,True,https://lichess.org/training/zbLix
zpqZk,5k2/p6R/2r2NK1/2p5/5p2/5P1P/P5n1/8 b - - 2 39,c5c4 h7f7,1709,77,100,1010,endgame mate mateIn1 oneMove,https://lichess.org/0Mk2Y4Xy/black#78,,True,https://lichess.org/training/zpqZk
zuVPi,4r1k1/pp3p1p/1q3Nn1/3p2N1/8/P3r3/1PP5/1K3R1R b - - 3 32,g8g7 h1h7 g7f8 h7f7,1895,79,91,141,mate mateIn2 middlegame short,https://lichess.org/XnO6aIM3/black#64,,True,https://lichess.org/training/zuVPi
