PuzzleId,FEN,Moves,Rating,RatingDeviation,Popularity,NbPlays,Themes,GameUrl,OpeningTags,puzzle_ref,Valid,Quadrant,Mating_Color,Mated_King,Knight_Attack,Knight_Restrict,Bishop_Restrict
zWcJh,r2qkb1r/ppp2Bpp/3p4/4N3/3nP3/2NP4/PPP2P2/R1Bb1RK1 b kq - 0 11,e8e7 c3d5,860,98,94,1156,mate mateIn1 oneMove opening,https://lichess.org/EVeJai5o/black#22,Four_Knights_Game Four_Knights_Game_Italian_Variation,https://lichess.org/training/zWcJh,True,bottom-right 1,white,"[4, 6]","[3, 4]","[4, 4]","[5, 6]"
yyvWY,1r1qkb1r/1p3Bpp/p2p4/2p1N3/P3P3/2N5/1PP2P2/R1BbK2R b KQk - 0 15,e8e7 c3d5,905,79,88,453,mate mateIn1 middlegame oneMove,https://lichess.org/9dc57xsU/black#30,Philidor_Defense Philidor_Defense_Exchange_Variation,https://lichess.org/training/yyvWY,True,bottom-right 1,white,"[4, 6]","[3, 4]","[4, 4]","[5, 6]"
Vcyow,r1bBk2r/ppp2ppp/2n5/3Np3/4n3/3P1P2/PPP2bPP/R2QKBNR w KQkq - 1 8,e1e2 c6d4,918,78,76,182,mate mateIn1 oneMove opening,https://lichess.org/H07fLf9s#15,Kings_Pawn_Game Kings_Pawn_Game_Kings_Head_Opening,https://lichess.org/training/Vcyow,True,bottom-right 1,black,"[4, 6]","[3, 4]","[4, 4]","[5, 6]"
9oGzv,2kN3r/1bpp4/pp2p1p1/7p/P5n1/3B1n2/1PPBNqPb/R2Q1R1K w - - 0 19,f1f2 g4f2,934,81,83,84,kingsideAttack mate mateIn1 middlegame oneMove,https://lichess.org/1S2X3TiC#37,Owen_Defense Owen_Defense_Other_variations,https://lichess.org/training/9oGzv,True,bottom-right 2,black,"[4, 6]","[3, 4]","[4, 4]","[5, 6]"
RXVDL,r1bB1rk1/pppp1ppp/2n5/3Np3/2P1n3/3P4/PP3bPP/R2QKBNR w KQ - 0 8,e1e2 c6d4,941,86,96,1691,mate mateIn1 middlegame oneMove,https://lichess.org/0OWM1XVp#15,English_Opening English_Opening_Kings_English_Variation,https://lichess.org/training/RXVDL,True,bottom-right 1,black,"[4, 6]","[3, 4]","[4, 4]","[5, 6]"
dE0x2,r2qkb1r/pp3Bpp/3p1p2/2p1N3/3nP3/2NP4/PPP2PPP/R2bK2R b KQkq - 0 9,e8e7 c3d5,959,79,80,261,mate mateIn1 middlegame oneMove,https://lichess.org/IT5aHRN2/black#18,Sicilian_Defense Sicilian_Defense_Modern_Variations,https://lichess.org/training/dE0x2,True,bottom-right 1,white,"[4, 6]","[3, 4]","[4, 4]","[5, 6]"
4QqqQ,rn1qkbnr/ppp2Bpp/3p4/4N3/4P3/2N4P/PPPP1PP1/R1BbK2R b KQkq - 0 7,e8e7 c3d5,960,86,87,569,mate mateIn1 oneMove opening,https://lichess.org/w6qCtQvg/black#14,,https://lichess.org/training/4QqqQ,True,bottom-right 1,white,"[4, 6]","[3, 4]","[4, 4]","[5, 6]"
55lmE,r4b1r/p1q1kBpp/2nN1n2/6N1/4p3/4P3/PP3PP1/R1BR2K1 b - - 0 18,a8d8 d6f5,970,78,100,540,mate mateIn1 middlegame oneMove,https://lichess.org/hcHTbvwU/black#36,Queens_Gambit_Accepted Queens_Gambit_Accepted_Old_Variation,https://lichess.org/training/55lmE,True,bottom-left 1,white,"[4, 6]","[3, 4]","[4, 4]","[5, 6]"
d0gzJ,rn1qkbnr/ppp2Bpp/3p1p2/4N3/4P3/2N4P/PPPP1PP1/R1BbK2R b KQkq - 1 7,e8e7 c3d5,980,80,95,1179,mate mateIn1 oneMove opening,https://lichess.org/jjO0ktPD/black#14,Philidor_Defense Philidor_Defense_Other_variations,https://lichess.org/training/d0gzJ,True,bottom-right 1,white,"[4, 6]","[3, 4]","[4, 4]","[5, 6]"
OkLAr,rn1qkbnr/ppp2Bpp/3p4/4N3/4Pp2/2N5/PPPP1PPP/R1Bb1RK1 b kq - 1 7,e8e7 c3d5,986,78,89,218,mate mateIn1 oneMove opening,https://lichess.org/tpLjN45T/black#14,Philidor_Defense Philidor_Defense_Lopez_Countergambit,https://lichess.org/training/OkLAr,True,bottom-right 1,white,"[4, 6]","[3, 4]","[4, 4]","[5, 6]"
YO8sI,rn1qkbnr/pp3Bpp/3p4/2p1N3/4P3/2N5/PPPP1PPP/R1BbK2R b KQkq - 0 6,e8e7 c3d5,987,91,95,6006,mate mateIn1 oneMove opening,https://lichess.org/8ix0hncO/black#12,,https://lichess.org/training/YO8sI,True,bottom-right 1,white,"[4, 6]","[3, 4]","[4, 4]","[5, 6]"
8T9vX,r2qkbnr/1pp2Bpp/p2p4/4N3/3nP3/2N4P/PPPP1PP1/R1Bb1RK1 b kq - 0 9,e8e7 c3d5,991,80,93,290,mate mateIn1 oneMove opening,https://lichess.org/1q2Dw75d/black#18,Ruy_Lopez Ruy_Lopez_Steinitz_Defense,https://lichess.org/training/8T9vX,True,bottom-right 1,white,"[4, 6]","[3, 4]","[4, 4]","[5, 6]"
hDGB4,r2qkbnr/1pp2Bpp/p2p4/4N3/PP1nP3/2N5/2PP1PPP/R1BbK2R b KQkq - 0 8,e8e7 c3d5,997,81,87,51,mate mateIn1 oneMove opening,https://lichess.org/Ra0a4NpB/black#16,Italian_Game Italian_Game_Paris_Defense,https://lichess.org/training/hDGB4,True,bottom-right 1,white,"[4, 6]","[3, 4]","[4, 4]","[5, 6]"
1juNI,r2qkbnr/1pp2Bpp/p2p4/4N3/3nP3/2N4P/PPPP1PP1/R1BbK2R b KQkq - 0 9,e8e7 c3d5,1005,94,92,54,mate mateIn1 oneMove opening,https://lichess.org/BusGZUUB/black#18,Ruy_Lopez Ruy_Lopez_Morphy_Defense,https://lichess.org/training/1juNI,True,bottom-right 1,white,"[4, 6]","[3, 4]","[4, 4]","[5, 6]"
l8x0K,rn1qkb1r/ppp2Bpp/3p4/4N3/4nP2/2N5/PPPP2PP/R1BbK2R b KQkq - 0 7,e8e7 c3d5,1005,96,93,1241,mate mateIn1 oneMove opening,https://lichess.org/k1bCOSPv/black#14,Vienna_Game Vienna_Game_Omaha_Gambit,https://lichess.org/training/l8x0K,True,bottom-right 1,white,"[4, 6]","[3, 4]","[4, 4]","[5, 6]"
O5ecI,r1bBk2r/ppp2p2/2np4/3Np3/4n3/3P4/PPP2bPP/R2QKB1R w KQkq - 0 11,e1e2 c6d4,1006,92,95,888,mate mateIn1 oneMove opening,https://lichess.org/wTauvrKe#21,Four_Knights_Game Four_Knights_Game_Other_variations,https://lichess.org/training/O5ecI,True,bottom-right 1,black,"[4, 6]","[3, 4]","[4, 4]","[5, 6]"
vb3cI,r2qkbnr/ppp2Bpp/3p4/4N3/4P3/2N5/PPPPbPPP/R1B2RK1 b kq - 0 8,e8e7 c3d5,1007,76,93,291,mate mateIn1 oneMove opening,https://lichess.org/JdpLqHnQ/black#16,Italian_Game Italian_Game_Paris_Defense,https://lichess.org/training/vb3cI,True,bottom-right 1,white,"[4, 6]","[3, 4]","[4, 4]","[5, 6]"
zZj9j,rn1qkb1r/ppp2Bpp/3p4/4N3/4P3/2N5/PPP2PPP/R1BbK2R b KQkq - 0 8,e8e7 c3d5,1007,134,81,30,mate mateIn1 oneMove opening,https://lichess.org/LHnZ0CbQ/black#16,,https://lichess.org/training/zZj9j,True,bottom-right 1,white,"[4, 6]","[3, 4]","[4, 4]","[5, 6]"
5ckt1,r2qkbnr/ppp2Bpp/3p1p2/4N3/4P3/2N5/PP3PPP/R1BbR1K1 b kq - 1 10,e8e7 c3d5,1008,90,94,775,mate mateIn1 oneMove opening,https://lichess.org/Agjracci/black#20,Scotch_Game Scotch_Game_Goring_Gambit,https://lichess.org/training/5ckt1,True,bottom-right 1,white,"[4, 6]","[3, 4]","[4, 4]","[5, 6]"
iBAk4,rn1qkb1r/ppp2Bpp/3n1p2/4N3/8/2NP4/PPP1bPPP/R1B1K2R b KQkq - 1 9,e8e7 c3d5,1011,76,97,328,mate mateIn1 oneMove opening,https://lichess.org/WUivPbXc/black#18,Petrovs_Defense Petrovs_Defense_Italian_Variation,https://lichess.org/training/iBAk4,True,bottom-right 1,white,"[4, 6]","[3, 4]","[4, 4]","[5, 6]"
JTpKP,r2qkbnr/ppp2pp1/2np3p/4N3/2B1PPb1/2N5/PPPP2PP/R1BQK2R b KQkq - 0 6,g4d1 c4f7 e8e7 c3d5,1015,304,0,4,attackingF2F7 mate mateIn2 opening short,https://lichess.org/PqPZrt92/black#12,Kings_Gambit_Declined Kings_Gambit_Declined_Queens_Knight_Defense,https://lichess.org/training/JTpKP,True,bottom-right 1,white,"[4, 6]","[3, 4]","[4, 4]","[5, 6]"
HPIcl,r2qkbnr/ppp2Bpp/3p4/4Np2/3nPP2/2N5/PPPP2PP/R1Bb1RK1 b kq - 1 8,e8e7 c3d5,1022,90,94,819,mate mateIn1 oneMove opening,https://lichess.org/nEmIKYAz/black#16,Kings_Gambit Kings_Gambit_Other_variations,https://lichess.org/training/HPIcl,True,bottom-right 1,white,"[4, 6]","[3, 4]","[4, 4]","[5, 6]"
uJ9FU,r1bBk2r/pppp1ppp/6n1/3Pp3/2P1n3/P4N2/1P3bPP/RN1QKB1R w KQkq - 0 9,e1e2 g6f4,1028,81,86,607,mate mateIn1 middlegame oneMove,https://lichess.org/3OQOWots#17,Nimzowitsch_Defense Nimzowitsch_Defense_Kennedy_Variation,https://lichess.org/training/uJ9FU,True,top-right 1,black,"[4, 6]","[3, 4]","[4, 4]","[5, 6]"
njGEE,rn1qkbnr/1pp2Bpp/3p1p2/p3N3/3PP3/2N5/PPP2PPP/R1BbK2R b KQkq - 1 7,e8e7 c3d5,1032,78,94,1044,mate mateIn1 oneMove opening,https://lichess.org/gD58sSdA/black#14,Kings_Pawn_Game Kings_Pawn_Game_Damiano_Defense,https://lichess.org/training/njGEE,True,bottom-right 1,white,"[4, 6]","[3, 4]","[4, 4]","[5, 6]"
T5uwR,r2qkbnr/ppp2Bpp/3p4/4N3/4Pp2/2N5/PPPP2PP/R1Bb1RK1 b kq - 0 8,e8e7 c3d5,1033,95,94,5487,mate mateIn1 oneMove opening,https://lichess.org/5NvovSHX/black#16,,https://lichess.org/training/T5uwR,True,bottom-right 1,white,"[4, 6]","[3, 4]","[4, 4]","[5, 6]"
3WKaT,rn1qkbnr/ppp2Bpp/3p4/4Np2/4P3/2N5/PPPP1PPP/R1BbK2R b KQkq - 1 6,e8e7 c3d5,1033,88,91,2347,mate mateIn1 oneMove opening,https://lichess.org/X6xZX75k/black#12,,https://lichess.org/training/3WKaT,True,bottom-right 1,white,"[4, 6]","[3, 4]","[4, 4]","[5, 6]"
lJxoL,r2qkbnr/ppp2B1p/3p4/4N1p1/4Pp2/2NP4/PPP3PP/R1Bb1RK1 b kq - 0 9,e8e7 c3d5,1035,77,96,3558,mate mateIn1 oneMove opening,https://lichess.org/WT6x6oUk/black#18,Kings_Gambit_Accepted Kings_Gambit_Accepted_MacLeod_Defense,https://lichess.org/training/lJxoL,True,bottom-right 1,white,"[4, 6]","[3, 4]","[4, 4]","[5, 6]"
jns0R,r2qkbnr/pppB1ppp/3p4/4N3/4P3/2N5/PPPP1PPP/R1BbK2R b KQkq - 0 6,e8e7 c3d5,1041,78,68,62,mate mateIn1 oneMove opening,https://lichess.org/fc2IaCJZ/black#12,Philidor_Defense Philidor_Defense_Other_variations,https://lichess.org/training/jns0R,True,bottom-right 1,white,"[4, 6]","[3, 4]","[4, 4]","[5, 6]"
QRxnM,rn1qkb1r/ppp2Bp1/3p3p/4N3/4P3/2N5/PPPP1P2/R1Bb1RK1 b kq - 0 10,e8e7 c3d5,1044,113,88,48,mate mateIn1 oneMove opening,https://lichess.org/A3fktsGD/black#20,Zukertort_Opening Zukertort_Opening_Pirc_Invitation,https://lichess.org/training/QRxnM,True,bottom-right 1,white,"[4, 6]","[3, 4]","[4, 4]","[5, 6]"
6yXNh,r2qkbnr/ppp2Bpp/3p4/4N3/3nP3/2N5/PPPP1PPP/R1Bb1RK1 b kq - 0 8,e8e7 c3d5,1044,76,97,1191,mate mateIn1 oneMove opening,https://lichess.org/WLKrSgM4/black#16,Vienna_Game Vienna_Game_Other_variations,https://lichess.org/training/6yXNh,True,bottom-right 1,white,"[4, 6]","[3, 4]","[4, 4]","[5, 6]"
SnlYA,rn1qkbnr/ppp2Bpp/3p4/4N3/4Pp2/2N4P/PPPP1PP1/R1Bb1RK1 b kq - 1 8,e8e7 c3d5,1046,79,93,82,mate mateIn1 oneMove opening,https://lichess.org/fs3s0XLg/black#16,Philidor_Defense Philidor_Defense_Other_variations,https://lichess.org/training/SnlYA,True,bottom-right 1,white,"[4, 6]","[3, 4]","[4, 4]","[5, 6]"
l2AjW,rn1qkbnr/ppp2Bpp/3p4/4N3/4Pp2/2NP3P/PPP2PP1/R1BbK2R b KQkq - 1 8,e8e7 c3d5,1051,81,90,1003,mate mateIn1 oneMove opening,https://lichess.org/LSmuQsmC/black#16,Latvian_Gambit Latvian_Gambit_Mlotkowski_Variation,https://lichess.org/training/l2AjW,True,bottom-right 1,white,"[4, 6]","[3, 4]","[4, 4]","[5, 6]"
fsS2e,r2qkbnr/ppp2Bpp/3p4/4N3/4Pp2/2NP4/PPP3PP/R1BbK2R b KQkq - 0 8,e8e7 c3d5,1053,80,94,1366,mate mateIn1 oneMove opening,https://lichess.org/5wiRPreJ/black#16,Vienna_Gambit_with_Max_Lange_Defense Vienna_Gambit_with_Max_Lange_Defense_Knight_Variation,https://lichess.org/training/fsS2e,True,bottom-right 1,white,"[4, 6]","[3, 4]","[4, 4]","[5, 6]"
GXrot,r1bBk2r/pppp1ppp/2n5/4p3/2P1n3/3P2P1/PP3b1P/RN1QKBNR w KQkq - 0 7,e1e2 c6d4,1053,76,100,410,mate mateIn1 oneMove opening,https://lichess.org/FgVO7FDm#13,English_Opening English_Opening_The_Whale,https://lichess.org/training/GXrot,True,bottom-right 1,black,"[4, 6]","[3, 4]","[4, 4]","[5, 6]"
E4fzJ,r2qkbnr/ppp2Bpp/3p1p2/4N3/4P3/2N5/PPPP2PP/R1BbK2R b KQkq - 1 8,e8e7 c3d5,1057,80,93,585,mate mateIn1 oneMove opening,https://lichess.org/vjyRwPA5/black#16,Vienna_Gambit_with_Max_Lange_Defense Vienna_Gambit_with_Max_Lange_Defense_Other_variations,https://lichess.org/training/E4fzJ,True,bottom-right 1,white,"[4, 6]","[3, 4]","[4, 4]","[5, 6]"
Xu8nn,r2qkbnr/ppp2Bpp/3p4/4N3/3nPP2/2NP4/PPP2P1P/R1BbK2R b KQkq - 1 9,e8e7 c3d5,1058,88,90,1050,mate mateIn1 oneMove opening,https://lichess.org/99mhtxdC/black#18,Philidor_Defense Philidor_Defense_Lopez_Countergambit,https://lichess.org/training/Xu8nn,True,bottom-right 1,white,"[4, 6]","[3, 4]","[4, 4]","[5, 6]"
WQXgD,r2qkbnr/1pp2Bpp/p2p4/1P2N3/3nP3/2N5/P1PP1PPP/R1BbK2R b KQkq - 0 8,e8e7 c3d5,1058,119,57,36,mate mateIn1 oneMove opening,https://lichess.org/WqUO43kz/black#16,Philidor_Defense Philidor_Defense_Other_variations,https://lichess.org/training/WQXgD,True,bottom-right 1,white,"[4, 6]","[3, 4]","[4, 4]","[5, 6]"
LfCb3,r2qkbnr/pp3Bpp/2np4/2p1N3/4P3/2N5/PPPP1PPP/R1Bb1RK1 b kq - 0 7,e8e7 c3d5,1059,81,85,117,mate mateIn1 oneMove opening,https://lichess.org/CJV0quP0/black#14,Sicilian_Defense Sicilian_Defense_Jalalabad_Variation,https://lichess.org/training/LfCb3,True,bottom-right 1,white,"[4, 6]","[3, 4]","[4, 4]","[5, 6]"
WcJsx,rn1qkbnr/ppp2B1p/3p4/4N1p1/4Pp2/2N5/PPPP2P1/R1BbK2R b KQkq - 1 9,e8e7 c3d5,1061,77,96,848,mate mateIn1 middlegame oneMove,https://lichess.org/5A51DCQT/black#18,Kings_Gambit_Accepted Kings_Gambit_Accepted_Kings_Knights_Gambit,https://lichess.org/training/WcJsx,True,bottom-right 1,white,"[4, 6]","[3, 4]","[4, 4]","[5, 6]"
MjypZ,r2qkbnr/pppn1Bpp/3p4/4N3/4P3/2N4P/PPPP1PP1/R1BbK2R b KQkq - 0 7,e8e7 c3d5,1061,79,95,2358,mate mateIn1 oneMove opening,https://lichess.org/yTLZ4quG/black#14,,https://lichess.org/training/MjypZ,True,bottom-right 1,white,"[4, 6]","[3, 4]","[4, 4]","[5, 6]"
EedLq,r2qkbnr/1p3Bpp/p2p4/2p1N3/3nPP2/2NP4/PPP3PP/R1Bb1RK1 b kq - 0 9,e8e7 c3d5,1061,78,93,847,mate mateIn1 middlegame oneMove,https://lichess.org/KZJwMR6R/black#18,Sicilian_Defense Sicilian_Defense_McDonnell_Attack,https://lichess.org/training/EedLq,True,bottom-right 1,white,"[4, 6]","[3, 4]","[4, 4]","[5, 6]"
bb7Km,r2qkbnr/ppp2Bpp/3p1p2/4N3/1P2P3/2N5/P4PPP/R1Bb1RK1 b kq - 1 10,e8e7 c3d5,1062,80,93,804,mate mateIn1 oneMove opening,https://lichess.org/dOKQVhyt/black#20,Scotch_Game Scotch_Game_Scotch_Gambit,https://lichess.org/training/bb7Km,True,bottom-right 1,white,"[4, 6]","[3, 4]","[4, 4]","[5, 6]"
ks2um,r2qkbnr/ppp2Bpp/3p4/4N3/1P1nP3/2N4P/P1PP1PP1/R1BbK2R b KQkq - 0 8,e8e7 c3d5,1068,80,93,2049,mate mateIn1 oneMove opening,https://lichess.org/mKTJJHrc/black#16,Italian_Game Italian_Game_Paris_Defense,https://lichess.org/training/ks2um,True,bottom-right 1,white,"[4, 6]","[3, 4]","[4, 4]","[5, 6]"
6npIT,rn1q1bnr/ppp1kBpp/3p4/4N3/4P3/2N4P/PPPP1PP1/R1BbK2R b KQ - 2 7,d1c2 c3d5,1070,75,99,1838,mate mateIn1 oneMove opening,https://lichess.org/XOLlEVH4/black#14,Philidor_Defense Philidor_Defense_Other_variations,https://lichess.org/training/6npIT,True,bottom-right 1,white,"[4, 6]","[3, 4]","[4, 4]","[5, 6]"
QkcAv,r2qkbnr/1pp2Bpp/p2p4/4N3/3nP3/2N5/PPPP1PPP/R1Bb1RK1 b kq - 0 8,e8e7 c3d5,1071,76,89,786,mate mateIn1 oneMove opening,https://lichess.org/wucjP2a8/black#16,,https://lichess.org/training/QkcAv,True,bottom-right 1,white,"[4, 6]","[3, 4]","[4, 4]","[5, 6]"
aGq3R,r1bBk2r/pppp1pp1/2n4p/3Np3/4n3/3P4/PPP2bPP/R2QKBNR w KQkq - 0 8,e1e2 c6d4,1071,80,94,1446,mate mateIn1 oneMove opening,https://lichess.org/DO75fTUu#15,,https://lichess.org/training/aGq3R,True,bottom-right 1,black,"[4, 6]","[3, 4]","[4, 4]","[5, 6]"
D9Xfx,r1bBk2r/pppp2pp/2n5/3Npp2/2P1n3/3P4/PP3bPP/R2QKBNR w KQkq - 0 8,e1e2 c6d4,1075,77,84,90,mate mateIn1 middlegame oneMove,https://lichess.org/UeDAubdM#15,English_Opening English_Opening_The_Whale,https://lichess.org/training/D9Xfx,True,bottom-right 1,black,"[4, 6]","[3, 4]","[4, 4]","[5, 6]"
NBhMr,rn1qkbnr/ppp2Bpp/3p4/4N3/3PPp2/2N5/PPP2PPP/R1BbK2R b KQkq - 1 7,e8e7 c3d5,1075,75,98,1626,mate mateIn1 oneMove opening,https://lichess.org/C0oS5A1a/black#14,Philidor_Defense Philidor_Defense_Lopez_Countergambit,https://lichess.org/training/NBhMr,True,bottom-right 1,white,"[4, 6]","[3, 4]","[4, 4]","[5, 6]"
rBSAn,r2q1b1r/pppBkppp/3P4/4N3/4P3/2N5/PPP3PP/R2bK2R b KQ - 0 12,c7d6 c3d5,1076,84,92,811,mate mateIn1 middlegame oneMove,https://lichess.org/cJSbVlD9/black#24,Kings_Gambit Kings_Gambit_Other_variations,https://lichess.org/training/rBSAn,True,bottom-right 1,white,"[4, 6]","[3, 4]","[4, 4]","[5, 6]"
hqV3S,r1bBk2r/pppp1ppp/2n5/4p3/2P1n3/P2P4/1P3bPP/RN1QKBNR w KQkq - 0 7,e1e2 c6d4,1077,87,94,1320,mate mateIn1 oneMove opening,https://lichess.org/BG95tiXT#13,,https://lichess.org/training/hqV3S,True,bottom-right 1,black,"[4, 6]","[3, 4]","[4, 4]","[5, 6]"
242C4,r2q1b1r/ppp1kBpp/3p1n2/4N3/4P3/2N4P/PB3PP1/R2R2K1 b - - 0 13,f6d7 c3d5,1077,82,94,193,mate mateIn1 middlegame oneMove,https://lichess.org/M3ya6JH0/black#26,Danish_Gambit_Accepted Danish_Gambit_Accepted_Other_variations,https://lichess.org/training/242C4,True,bottom-right 1,white,"[4, 6]","[3, 4]","[4, 4]","[5, 6]"
WB4c3,r2qkbnr/ppp2Bpp/3p4/4N3/3nP3/1PN5/P1PP1PPP/R1BbK2R b KQkq - 0 7,e8e7 c3d5,1081,78,97,2116,mate mateIn1 oneMove opening,https://lichess.org/i6l6JTXK/black#14,Philidor_Defense Philidor_Defense_Other_variations,https://lichess.org/training/WB4c3,True,bottom-right 1,white,"[4, 6]","[3, 4]","[4, 4]","[5, 6]"
yhIrv,r2qkbnr/ppp2B1p/3p4/4N1p1/3nPp2/2NP4/PPP3PP/R1Bb1RK1 b kq - 0 9,e8e7 c3d5,1082,76,98,848,mate mateIn1 oneMove opening,https://lichess.org/JbHFNsf5/black#18,Kings_Gambit_Accepted Kings_Gambit_Accepted_Kings_Knights_Gambit,https://lichess.org/training/yhIrv,True,bottom-right 1,white,"[4, 6]","[3, 4]","[4, 4]","[5, 6]"
yQA7X,r2qkbnr/ppp2Bpp/3p4/4N3/5p2/2N5/PPPP2PP/R1BbK2R b KQkq - 0 8,e8e7 c3d5,1083,76,78,270,mate mateIn1 oneMove opening,https://lichess.org/8cj40fNj/black#16,Kings_Gambit_Declined Kings_Gambit_Declined_Queens_Knight_Defense,https://lichess.org/training/yQA7X,True,bottom-right 1,white,"[4, 6]","[3, 4]","[4, 4]","[5, 6]"
MOgnd,r2qkbnr/ppp2Bpp/3p4/n3N3/4P3/2N5/PPPP1PPP/R1Bb1RK1 b kq - 0 7,e8e7 c3d5,1083,77,84,917,mate mateIn1 oneMove opening,https://lichess.org/RXOMpoq6/black#14,Italian_Game Italian_Game_Paris_Defense,https://lichess.org/training/MOgnd,True,bottom-right 1,white,"[4, 6]","[3, 4]","[4, 4]","[5, 6]"
Qjbse,rn1qkb1r/ppp2Bpp/3p4/4N3/4P3/2N5/PPPP1P2/R1BbK2R b KQkq - 0 9,e8e7 c3d5,1084,92,65,30,mate mateIn1 oneMove opening,https://lichess.org/iw70cMJd/black#18,Philidor_Defense Philidor_Defense_Other_variations,https://lichess.org/training/Qjbse,True,bottom-right 1,white,"[4, 6]","[3, 4]","[4, 4]","[5, 6]"
WeY8J,rn1qkbnr/pp3Bpp/3p4/2p1N3/4P3/2N4P/PPPP1PP1/R1BbK2R b KQkq - 0 7,e8e7 c3d5,1085,79,87,603,mate mateIn1 oneMove opening,https://lichess.org/5NuaAx7M/black#14,,https://lichess.org/training/WeY8J,True,bottom-right 1,white,"[4, 6]","[3, 4]","[4, 4]","[5, 6]"
am2jz,r2qkbnr/ppp2Bpp/2np1p2/4N3/4PP2/2N5/PPPP2PP/R1BbK2R b KQkq - 1 7,e8e7 c3d5,1086,75,95,3320,mate mateIn1 oneMove opening,https://lichess.org/r3O1zXfV/black#14,Kings_Gambit Kings_Gambit_Other_variations,https://lichess.org/training/am2jz,True,bottom-right 1,white,"[4, 6]","[3, 4]","[4, 4]","[5, 6]"
ihr8E,rn1qkbnr/1pp2Bpp/p2p4/4N3/4P3/2N4P/PPPP1PP1/R1BbK2R b KQkq - 0 7,e8e7 c3d5,1087,91,93,853,mate mateIn1 oneMove opening,https://lichess.org/NzdqMwrD/black#14,Philidor_Defense Philidor_Defense_Other_variations,https://lichess.org/training/ihr8E,True,bottom-right 1,white,"[4, 6]","[3, 4]","[4, 4]","[5, 6]"
MGFah,r2qkbnr/ppp2Bpp/3p4/4N3/3nP3/2N4P/PPPP1PP1/R1Bb1RK1 b kq - 0 8,e8e7 c3d5,1090,86,92,4228,mate mateIn1 oneMove opening,https://lichess.org/WUJKNTkZ/black#16,,https://lichess.org/training/MGFah,True,bottom-right 1,white,"[4, 6]","[3, 4]","[4, 4]","[5, 6]"
HaMiK,r2qkb1r/pp3Bpp/3p1p2/2p1N3/4P3/2NP4/PPP2PPP/R2bK2R b KQkq - 0 9,e8e7 c3d5,1090,79,89,2690,mate mateIn1 middlegame oneMove,https://lichess.org/mEv9gwii/black#18,,https://lichess.org/training/HaMiK,True,bottom-right 1,white,"[4, 6]","[3, 4]","[4, 4]","[5, 6]"
zqIUo,r2qkb1r/ppp2Bpp/2np4/4N3/4P3/2NP4/PPP2P2/R1BbK2R b KQkq - 0 10,e8e7 c3d5,1097,78,100,548,mate mateIn1 oneMove opening,https://lichess.org/5ssMjxxv/black#20,Petrovs_Defense Petrovs_Defense_Italian_Variation,https://lichess.org/training/zqIUo,True,bottom-right 1,white,"[4, 6]","[3, 4]","[4, 4]","[5, 6]"
rA1nR,r2qkbnr/ppp2Bpp/3p4/4N3/3nPP2/2N5/PPP3PP/R1BbK2R b KQkq - 1 9,e8e7 c3d5,1099,82,86,252,mate mateIn1 oneMove opening,https://lichess.org/nQLghE2h/black#18,Kings_Gambit Kings_Gambit_Other_variations,https://lichess.org/training/rA1nR,True,bottom-right 1,white,"[4, 6]","[3, 4]","[4, 4]","[5, 6]"
iwdQ0,r2qkbnr/ppp2B1p/3p4/4N1p1/3nPp2/2NP3P/PPP3P1/R1Bb1RK1 b kq - 0 10,e8e7 c3d5,1101,77,100,174,mate mateIn1 middlegame oneMove,https://lichess.org/ymlk4XXO/black#20,Kings_Gambit_Accepted Kings_Gambit_Accepted_Blachly_Gambit,https://lichess.org/training/iwdQ0,True,bottom-right 1,white,"[4, 6]","[3, 4]","[4, 4]","[5, 6]"
qQzu1,r2qkbnr/ppp2Bpp/3p4/4N3/4Pp2/2N5/PPPP2PP/R1BbK2R b KQkq - 0 8,e8e7 c3d5,1102,82,84,132,mate mateIn1 oneMove opening,https://lichess.org/yXVxEJZY/black#16,Kings_Gambit_Accepted Kings_Gambit_Accepted_MacLeod_Defense,https://lichess.org/training/qQzu1,True,bottom-right 1,white,"[4, 6]","[3, 4]","[4, 4]","[5, 6]"
TuBcp,r2qkbnr/1pp3pp/p1np4/4N2b/4Pp2/1BN4P/PPPP1PP1/R1BQ1RK1 b kq - 0 9,h5d1 b3f7 e8e7 c3d5,1106,246,83,14,mate mateIn2 opening short,https://lichess.org/PcCvoBMw/black#18,Ruy_Lopez Ruy_Lopez_Morphy_Defense,https://lichess.org/training/TuBcp,True,bottom-right 1,white,"[4, 6]","[3, 4]","[4, 4]","[5, 6]"
ZB8mq,r2qkb1r/ppp2Bpp/3p4/4N3/4P3/2N5/PPPP4/R1BbK2R b KQkq - 0 11,e8e7 c3d5,1106,77,97,235,mate mateIn1 oneMove opening,https://lichess.org/X4SFSaGJ/black#22,Vienna_Game Vienna_Game_Stanley_Variation,https://lichess.org/training/ZB8mq,True,bottom-right 1,white,"[4, 6]","[3, 4]","[4, 4]","[5, 6]"
wZ9HX,rn1qkbnr/1pp2Bpp/3p4/p3N3/4P3/2N5/PPPP1PPP/R1BbK2R b KQkq - 0 6,e8e7 c3d5,1108,85,92,206,mate mateIn1 oneMove opening,https://lichess.org/o3S9tDhg/black#12,,https://lichess.org/training/wZ9HX,True,bottom-right 1,white,"[4, 6]","[3, 4]","[4, 4]","[5, 6]"
VXRgm,r2q1b1r/ppp1kBpp/3p1n2/4N1B1/4P3/1PN5/P1n2PPP/R2K3R b - - 0 10,c2a1 c3d5,1108,76,99,1556,mate mateIn1 middlegame oneMove pin,https://lichess.org/hl8rCdrg/black#20,Italian_Game Italian_Game_Paris_Defense,https://lichess.org/training/VXRgm,True,bottom-right 1,white,"[4, 6]","[3, 4]","[4, 4]","[5, 6]"
Nic92,r2q1b1r/pp2kBpp/3p1R2/4N3/4P3/2N5/PP4PP/R2b2K1 b - - 0 14,g7f6 c3d5,1109,76,80,112,mate mateIn1 middlegame oneMove,https://lichess.org/1HzgmUDC/black#28,Scotch_Game Scotch_Game_Scotch_Gambit,https://lichess.org/training/Nic92,True,bottom-right 1,white,"[4, 6]","[3, 4]","[4, 4]","[5, 6]"
ZcIev,r2qkb1r/1p3B1p/p2p3p/2p1N3/P3P3/2NP4/1PP3PP/R2b1RK1 b kq - 0 13,e8e7 c3d5,1110,75,96,1340,mate mateIn1 middlegame oneMove,https://lichess.org/nwmkdHNd/black#26,Sicilian_Defense Sicilian_Defense_Grand_Prix_Attack,https://lichess.org/training/ZcIev,True,bottom-right 1,white,"[4, 6]","[3, 4]","[4, 4]","[5, 6]"
xICD8,r2qkbnr/1pp2Bpp/p2p4/4N3/3nP3/2N5/PPPP1PPP/R1BbK2R b KQkq - 0 8,e8e7 c3d5,1110,81,82,197,mate mateIn1 oneMove opening,https://lichess.org/d2INe0I7/black#16,Ruy_Lopez Ruy_Lopez_Morphy_Defense,https://lichess.org/training/xICD8,True,bottom-right 1,white,"[4, 6]","[3, 4]","[4, 4]","[5, 6]"
Sg0X9,r2qkbnr/ppp2Bpp/3p1p2/4N3/4P3/2N5/PPP2PPP/R1BbK2R b KQkq - 1 8,e8e7 c3d5,1112,75,98,4411,master mate mateIn1 oneMove opening,https://lichess.org/IVUO1fNo/black#16,,https://lichess.org/training/Sg0X9,True,bottom-right 1,white,"[4, 6]","[3, 4]","[4, 4]","[5, 6]"
40vEw,r2q1b1r/ppp1kBpp/3p1R2/4N3/3nP3/2NP4/PPP3PP/R1Bb2K1 b - - 0 11,g7f6 c3d5,1113,83,92,483,mate mateIn1 middlegame oneMove,https://lichess.org/i5Punpcj/black#22,Kings_Gambit Kings_Gambit_Other_variations,https://lichess.org/training/40vEw,True,bottom-right 1,white,"[4, 6]","[3, 4]","[4, 4]","[5, 6]"
VNrse,r2qkbnr/1pp2Bpp/p1np4/4N3/P3P3/2N4P/1PPP1PP1/R1BbK2R b KQkq - 0 8,e8e7 c3d5,1113,76,85,608,mate mateIn1 oneMove opening,https://lichess.org/3j0IjHqy/black#16,Italian_Game Italian_Game_Paris_Defense,https://lichess.org/training/VNrse,True,bottom-right 1,white,"[4, 6]","[3, 4]","[4, 4]","[5, 6]"
TtXKY,r2qkb1r/ppp2Bpp/3p4/4N3/3nPP2/2NP4/PPP5/R1BbK2R b KQkq - 0 11,e8e7 c3d5,1114,78,76,1010,mate mateIn1 oneMove opening,https://lichess.org/aDmomSeh/black#22,Kings_Gambit Kings_Gambit_Other_variations,https://lichess.org/training/TtXKY,True,bottom-right 1,white,"[4, 6]","[3, 4]","[4, 4]","[5, 6]"
QZYTU,r2qkbnr/pp3Bpp/2np4/2p1N3/4P3/P1N4P/1PPP1PP1/R1BbK2R b KQkq - 0 8,e8e7 c3d5,1114,75,95,2046,mate mateIn1 oneMove opening,https://lichess.org/wpRKFgUX/black#16,Sicilian_Defense Sicilian_Defense_Old_Sicilian,https://lichess.org/training/QZYTU,True,bottom-right 1,white,"[4, 6]","[3, 4]","[4, 4]","[5, 6]"
fjqG1,r2qkbnr/pp3Bpp/2np4/2p1N3/4P3/2N4P/PPPP1PP1/R1Bb1RK1 b kq - 0 8,e8e7 c3d5,1115,79,94,14082,mate mateIn1 oneMove opening,https://lichess.org/3dCaVkcn/black#16,,https://lichess.org/training/fjqG1,True,bottom-right 1,white,"[4, 6]","[3, 4]","[4, 4]","[5, 6]"
u0r19,r2q1b1r/ppp1kBpp/3p1n2/4N1B1/4P3/2N5/PPP2PPP/R2bK2R b KQ - 4 9,d1c2 c3d5,1116,78,95,3651,mate mateIn1 middlegame oneMove pin,https://lichess.org/OVRcOUty/black#18,Italian_Game Italian_Game_Paris_Defense,https://lichess.org/training/u0r19,True,bottom-right 1,white,"[4, 6]","[3, 4]","[4, 4]","[5, 6]"
NKvoJ,rn1qkbnr/ppp2B1p/3p2p1/4N3/4Pp2/2N5/PPPP2PP/R1BbK2R b KQkq - 0 7,e8e7 c3d5,1116,85,93,3535,mate mateIn1 oneMove opening,https://lichess.org/7KfiDOfV/black#14,,https://lichess.org/training/NKvoJ,True,bottom-right 1,white,"[4, 6]","[3, 4]","[4, 4]","[5, 6]"
VUay1,r2qkbnr/pppn1Bpp/3p4/4N3/4P3/2N5/PPPP1PPP/R1BbK2R b KQkq - 0 6,e8e7 c3d5,1117,78,91,2342,mate mateIn1 oneMove opening,https://lichess.org/oKpyMlPt/black#12,,https://lichess.org/training/VUay1,True,bottom-right 1,white,"[4, 6]","[3, 4]","[4, 4]","[5, 6]"
XO9Re,r2qkbnr/ppp2Bpp/3p4/4N3/3nPp2/2NP2P1/PPP2P1P/R1Bb1RK1 b kq - 1 9,e8e7 c3d5,1119,78,95,171,mate mateIn1 oneMove opening,https://lichess.org/9kk9ikQv/black#18,Vienna_Game Vienna_Game_Other_variations,https://lichess.org/training/XO9Re,True,bottom-right 1,white,"[4, 6]","[3, 4]","[4, 4]","[5, 6]"
rVtJI,r2qkb1r/ppp2B1p/3p1p2/4N3/3nP3/2NP4/PPP2PPP/R2bK2R b KQkq - 0 9,e8e7 c3d5,1119,76,85,484,mate mateIn1 middlegame oneMove,https://lichess.org/TRFoNmRr/black#18,Four_Knights_Game Four_Knights_Game_Italian_Variation,https://lichess.org/training/rVtJI,True,bottom-right 1,white,"[4, 6]","[3, 4]","[4, 4]","[5, 6]"
2M1jb,r1bBk2r/pppp1ppp/2n5/3Np3/4n3/3P4/PPP2bPP/R2QKBNR w KQkq - 0 7,e1e2 c6d4,1121,87,94,1260,mate mateIn1 oneMove opening,https://lichess.org/TxXeKK81#13,,https://lichess.org/training/2M1jb,True,bottom-right 1,black,"[4, 6]","[3, 4]","[4, 4]","[5, 6]"
aLjIc,r2qkbnr/ppp2Bpp/3p4/4N3/3nPP2/2N4P/PPPP2P1/R1BbK2R b KQkq - 0 8,e8e7 c3d5,1121,78,81,96,mate mateIn1 oneMove opening,https://lichess.org/b68xE89K/black#16,Kings_Gambit_Declined Kings_Gambit_Declined_Queens_Knight_Defense,https://lichess.org/training/aLjIc,True,bottom-right 1,white,"[4, 6]","[3, 4]","[4, 4]","[5, 6]"
hBSfP,r2qkbnr/ppp2Bpp/3p4/4N3/4PN2/8/PPPP2PP/R1Bb1RK1 b kq - 0 10,e8e7 f4d5,1124,94,90,1479,mate mateIn1 oneMove opening,https://lichess.org/nyEhuN8o/black#20,Kings_Gambit_Declined Kings_Gambit_Declined_Queens_Knight_Defense,https://lichess.org/training/hBSfP,True,bottom-right 1,white,"[4, 6]","[3, 4]","[4, 4]","[5, 6]"
YoQHm,r2qkbnr/ppp2Bpp/3p4/4N3/3nP3/P1N5/1PPP1PPP/R1BbK2R b KQkq - 0 7,e8e7 c3d5,1124,79,67,54,mate mateIn1 oneMove opening,https://lichess.org/w29tR7B9/black#14,Philidor_Defense Philidor_Defense_Other_variations,https://lichess.org/training/YoQHm,True,bottom-right 1,white,"[4, 6]","[3, 4]","[4, 4]","[5, 6]"
PC5Mz,r2q1bnr/ppp1kBpp/3p4/4N3/4P3/P1N5/2nP1PPP/R1BK3R b - - 0 9,c2a1 c3d5,1125,76,86,293,mate mateIn1 middlegame oneMove,https://lichess.org/zcwgsEEv/black#18,Philidor_Defense Philidor_Defense_Other_variations,https://lichess.org/training/PC5Mz,True,bottom-right 1,white,"[4, 6]","[3, 4]","[4, 4]","[5, 6]"
3nt0Q,r2qkbnr/1pp2Bpp/p2p4/4N3/3nPP2/2N5/PPPP2PP/R1BbK2R b KQkq - 0 8,e8e7 c3d5,1127,78,85,408,mate mateIn1 oneMove opening,https://lichess.org/nq62kvUy/black#16,Kings_Gambit_Declined Kings_Gambit_Declined_Queens_Knight_Defense,https://lichess.org/training/3nt0Q,True,bottom-right 1,white,"[4, 6]","[3, 4]","[4, 4]","[5, 6]"
9Mtem,r2qkbnr/ppp2Bpp/3p4/4N3/3nP3/P1N4P/1PPP1PP1/R1BbK2R b KQkq - 0 8,e8e7 c3d5,1127,79,89,85,mate mateIn1 oneMove opening,https://lichess.org/uxBAaKGl/black#16,Three_Knights_Opening Three_Knights_Opening_Other_variations,https://lichess.org/training/9Mtem,True,bottom-right 1,white,"[4, 6]","[3, 4]","[4, 4]","[5, 6]"
gwrQk,r2qkbnr/ppp2B1p/2np4/4N1p1/4Pp2/2N5/PPPP2PP/R1Bb1RK1 b kq - 0 8,e8e7 c3d5,1128,78,95,929,mate mateIn1 middlegame oneMove,https://lichess.org/lYX8Y3lp/black#16,Kings_Gambit_Accepted Kings_Gambit_Accepted_Kings_Knights_Gambit,https://lichess.org/training/gwrQk,True,bottom-right 1,white,"[4, 6]","[3, 4]","[4, 4]","[5, 6]"
stHiK,r2qkbnr/ppp2Bpp/2np4/4N3/4Pp2/2NP3P/PPP2PP1/R1Bb1RK1 b kq - 1 9,e8e7 c3d5,1128,78,94,5696,mate mateIn1 oneMove opening,https://lichess.org/Qw0RHRAp/black#18,Italian_Game Italian_Game_Paris_Defense,https://lichess.org/training/stHiK,True,bottom-right 1,white,"[4, 6]","[3, 4]","[4, 4]","[5, 6]"
vgyrJ,r2qkbnr/ppp2Bpp/3p4/4N3/4Pp2/2N5/PPP2PPP/R1BbK2R b KQkq - 1 9,e8e7 c3d5,1129,76,98,2407,mate mateIn1 oneMove opening,https://lichess.org/xnP5EztD/black#18,Italian_Game Italian_Game_Rousseau_Gambit,https://lichess.org/training/vgyrJ,True,bottom-right 1,white,"[4, 6]","[3, 4]","[4, 4]","[5, 6]"
2P1jb,r2qkbnr/ppp2Bpp/3p4/n3N3/4PP2/2N5/PPPP2PP/R1BbK2R b KQkq - 0 7,e8e7 c3d5,1136,77,85,501,mate mateIn1 oneMove opening,https://lichess.org/26jyn8q7/black#14,,https://lichess.org/training/2P1jb,True,bottom-right 1,white,"[4, 6]","[3, 4]","[4, 4]","[5, 6]"
vzUue,r2qkb1r/ppp2Bpp/3p4/4N3/3pP3/2NP4/PPP2P2/R2bK2R b KQkq - 0 12,e8e7 c3d5,1138,78,93,439,mate mateIn1 middlegame oneMove,https://lichess.org/61VBWvYC/black#24,Four_Knights_Game Four_Knights_Game_Italian_Variation,https://lichess.org/training/vzUue,True,bottom-right 1,white,"[4, 6]","[3, 4]","[4, 4]","[5, 6]"
41U9h,r2qkbnr/ppp2Bpp/3p4/4Np2/4P3/2N5/PPPP2PP/R1BbK2R b KQkq - 1 8,e8e7 c3d5,1141,247,71,7,mate mateIn1 oneMove opening,https://lichess.org/DjzV2wtJ/black#16,Kings_Gambit Kings_Gambit_Other_variations,https://lichess.org/training/41U9h,True,bottom-right 1,white,"[4, 6]","[3, 4]","[4, 4]","[5, 6]"
AYjTW,r2qkb1r/ppp2Bpp/3p1n2/4N1B1/4P3/2N5/PPP2PPP/R2b1RK1 b kq - 0 11,e8e7 c3d5,1142,133,100,26,master mate mateIn1 middlegame oneMove pin,https://lichess.org/omWdpPly/black#22,Philidor_Defense Philidor_Defense_Boden_Variation,https://lichess.org/training/AYjTW,True,bottom-right 1,white,"[4, 6]","[3, 4]","[4, 4]","[5, 6]"
4d4lK,r2Bk2r/pp3ppp/2n5/4p3/4n1b1/3P4/PPP1KbPP/R2Q1BNR w kq - 2 10,g1f3 c6d4,1145,146,76,19,mate mateIn1 middlegame oneMove pin,https://lichess.org/nV3SafAP#19,Scandinavian_Defense Scandinavian_Defense_Blackburne_Gambit,https://lichess.org/training/4d4lK,True,bottom-right 1,black,"[4, 6]","[3, 4]","[4, 4]","[5, 6]"
imxoq,r1bqk2r/pppp1pp1/2n4p/2b1p3/4n2B/P2P1P2/1PP3PP/RN1QKBNR w KQkq - 0 7,h4d8 c5f2 e1e2 c6d4,1149,80,91,5188,master mate mateIn2 opening short,https://lichess.org/yzwQX75j#13,Kings_Pawn_Game Kings_Pawn_Game_Leonardis_Variation,https://lichess.org/training/imxoq,True,bottom-right 1,black,"[4, 6]","[3, 4]","[4, 4]","[5, 6]"
q16mb,rn1qkb1r/ppp2Bpp/3p1p2/4N3/3PPp2/2N5/PPP3PP/R2b1RK1 b kq - 1 10,e8e7 c3d5,1149,78,97,1219,mate mateIn1 middlegame oneMove,https://lichess.org/mJSlOCSI/black#20,Vienna_Game Vienna_Game_Omaha_Gambit,https://lichess.org/training/q16mb,True,bottom-right 1,white,"[4, 6]","[3, 4]","[4, 4]","[5, 6]"
qZdMT,r2qkbnr/ppp2Bpp/2np4/4N3/4Pp2/2NP4/PPP2PPP/R1Bb1RK1 b kq - 1 8,e8e7 c3d5,1150,76,93,2832,mate mateIn1 oneMove opening,https://lichess.org/ozWdwdZb/black#16,Italian_Game Italian_Game_Paris_Defense,https://lichess.org/training/qZdMT,True,bottom-right 1,white,"[4, 6]","[3, 4]","[4, 4]","[5, 6]"
5XWNw,r2q1k1r/1pp2Bpp/p2p1R2/4N3/4P3/2NPB1Pn/PPP4P/R2bK3 b Q - 0 17,g7f6 e3h6 f8e7 c3d5,1150,76,92,146,mate mateIn2 middlegame short,https://lichess.org/lQcIMudM/black#34,Kings_Gambit Kings_Gambit_Other_variations,https://lichess.org/training/5XWNw,True,bottom-right 1,white,"[4, 6]","[3, 4]","[4, 4]","[5, 6]"
RsmAj,r2q1bnr/ppp1kBpp/3p4/4N1B1/4P3/2N5/PP3PPP/R2b1RK1 b - - 2 10,g8f6 c3d5,1151,76,95,7184,mate mateIn1 middlegame oneMove pin,https://lichess.org/9ZQoutMt/black#20,Italian_Game Italian_Game_Paris_Defense,https://lichess.org/training/RsmAj,True,bottom-right 1,white,"[4, 6]","[3, 4]","[4, 4]","[5, 6]"
Rc8V2,r2q1b1r/ppp1kBpp/3p1B2/4N3/3nP3/2NP4/PPP2PPP/R2bK2R b KQ - 0 9,g7f6 c3d5,1151,75,98,810,mate mateIn1 middlegame oneMove,https://lichess.org/roFEr24r/black#18,Philidor_Defense Philidor_Defense_Other_variations,https://lichess.org/training/Rc8V2,True,bottom-right 1,white,"[4, 6]","[3, 4]","[4, 4]","[5, 6]"
bANey,r2qkbnr/ppp2Bpp/3p4/4N3/4P3/2N5/PB3PPP/R2b1RK1 b kq - 0 10,e8e7 c3d5,1153,80,80,95,mate mateIn1 middlegame oneMove,https://lichess.org/W716MtH2/black#20,Danish_Gambit_Accepted Danish_Gambit_Accepted_Other_variations,https://lichess.org/training/bANey,True,bottom-right 1,white,"[4, 6]","[3, 4]","[4, 4]","[5, 6]"
SupB2,rn1qkbnr/ppp3pp/3p1p2/4N3/2B1P1b1/2N5/PPPP1PPP/R1BQK2R b KQkq - 0 5,g4d1 c4f7 e8e7 c3d5,1153,83,93,489,mate mateIn2 opening short,https://lichess.org/Q8MWgfOr/black#10,Kings_Pawn_Game Kings_Pawn_Game_Damiano_Defense,https://lichess.org/training/SupB2,True,bottom-right 1,white,"[4, 6]","[3, 4]","[4, 4]","[5, 6]"
P1X8S,rn1qkb1r/ppp2Bpp/3p4/4N2n/3PPp2/2N5/PPP3PP/R1BbK2R b KQkq - 0 8,e8e7 c3d5,1153,82,93,822,mate mateIn1 oneMove opening,https://lichess.org/JTIzUjVY/black#16,,https://lichess.org/training/P1X8S,True,bottom-right 1,white,"[4, 6]","[3, 4]","[4, 4]","[5, 6]"
7k64W,rn1qkbnr/ppp3pp/3p4/4N3/2B3b1/2N5/PPPP1PPP/R1BQK2R b KQkq - 0 6,g4d1 c4f7 e8e7 c3d5,1155,81,88,2634,mate mateIn2 opening short,https://lichess.org/SK8ksdVT/black#12,Philidor_Defense Philidor_Defense_Lopez_Countergambit,https://lichess.org/training/7k64W,True,bottom-right 1,white,"[4, 6]","[3, 4]","[4, 4]","[5, 6]"
Kh7kk,r2qkbnr/pp3Bpp/3p4/2p1N3/3nPp2/2NP4/PPP3PP/R1Bb1RK1 b kq - 0 9,e8e7 c3d5,1155,76,93,2177,mate mateIn1 middlegame oneMove,https://lichess.org/2hHdAdLF/black#18,Sicilian_Defense Sicilian_Defense_Closed,https://lichess.org/training/Kh7kk,True,bottom-right 1,white,"[4, 6]","[3, 4]","[4, 4]","[5, 6]"
KUlKm,r2qkbnr/ppp2Bpp/3p4/4N3/3nPp2/2NP4/PPP3PP/R1BbK2R b KQkq - 0 8,e8e7 c3d5,1158,87,93,93,mate mateIn1 oneMove opening,https://lichess.org/NnNABqUF/black#16,Vienna_Gambit_with_Max_Lange_Defense Vienna_Gambit_with_Max_Lange_Defense_Knight_Variation,https://lichess.org/training/KUlKm,True,bottom-right 1,white,"[4, 6]","[3, 4]","[4, 4]","[5, 6]"
nWWtj,r2qkb1r/pp1B1ppp/3p4/2p1N3/4P3/1PN5/PBPP2PP/R2bK2R b KQkq - 0 10,e8e7 c3d5,1160,76,95,557,mate mateIn1 middlegame oneMove,https://lichess.org/fnkOLJUM/black#20,Sicilian_Defense Sicilian_Defense_Snyder_Variation,https://lichess.org/training/nWWtj,True,bottom-right 1,white,"[4, 6]","[3, 4]","[4, 4]","[5, 6]"
N1oXp,rn1qkb1r/ppp2B2/3p1p1p/4N3/4P3/2N4P/PPP2PP1/R2bK2R b KQkq - 1 11,e8e7 c3d5,1160,87,74,34,mate mateIn1 middlegame oneMove,https://lichess.org/QdPSDKss/black#22,Philidor_Defense Philidor_Defense_Other_variations,https://lichess.org/training/N1oXp,True,bottom-right 1,white,"[4, 6]","[3, 4]","[4, 4]","[5, 6]"
hIi7Q,r2qkbnr/ppp2Bpp/3p4/4N3/3nP3/2N4P/PPPP1PP1/R1BbK2R b KQkq - 0 8,e8e7 c3d5,1160,87,91,3139,mate mateIn1 oneMove opening,https://lichess.org/9omn1fxI/black#16,,https://lichess.org/training/hIi7Q,True,bottom-right 1,white,"[4, 6]","[3, 4]","[4, 4]","[5, 6]"
j9Fue,r2q1bnr/ppp1kBpp/3p4/4N3/3nPPb1/2N5/PPPP2PP/R1BQK2R b KQ - 0 7,g4d1 c3d5,1160,76,98,1406,mate mateIn1 oneMove opening,https://lichess.org/nj2frCqp/black#14,Kings_Gambit_Declined Kings_Gambit_Declined_Queens_Knight_Defense,https://lichess.org/training/j9Fue,True,bottom-right 1,white,"[4, 6]","[3, 4]","[4, 4]","[5, 6]"
nGboY,r2qkbnr/ppp2Bpp/3p4/4N3/1P1nP3/2N5/P1PP1PPP/R1BbK2R b KQkq - 0 7,e8e7 c3d5,1160,78,85,288,mate mateIn1 oneMove opening,https://lichess.org/EAWRJ1gi/black#14,,https://lichess.org/training/nGboY,True,bottom-right 1,white,"[4, 6]","[3, 4]","[4, 4]","[5, 6]"
dSJNX,r2qkbnr/ppp2B1p/3p4/4N1p1/4Pp2/2N5/PPPP2PP/R1Bb1RK1 b kq - 0 9,e8e7 c3d5,1163,237,85,12,mate mateIn1 oneMove opening,https://lichess.org/FFRj5Xpe/black#18,Kings_Gambit_Accepted Kings_Gambit_Accepted_Fischer_Defense,https://lichess.org/training/dSJNX,True,bottom-right 1,white,"[4, 6]","[3, 4]","[4, 4]","[5, 6]"
09hLP,rn1qkbnr/ppp2Bpp/3p4/4Np2/4P3/2N4P/PPPP1PP1/R1BbK2R b KQkq - 1 7,e8e7 c3d5,1164,77,77,162,mate mateIn1 oneMove opening,https://lichess.org/h708gxOl/black#14,Philidor_Defense Philidor_Defense_Other_variations,https://lichess.org/training/09hLP,True,bottom-right 1,white,"[4, 6]","[3, 4]","[4, 4]","[5, 6]"
WpgEG,r2Bk2r/1p3ppp/p1n5/8/4n1b1/3p1P2/PPPbK1PP/R2Q1B1R w kq - 0 15,c2d3 c6d4,1164,81,93,2852,mate mateIn1 middlegame oneMove pin,https://lichess.org/fxfGSK6J#29,Sicilian_Defense Sicilian_Defense_Taimanov_Variation,https://lichess.org/training/WpgEG,True,bottom-right 1,black,"[4, 6]","[3, 4]","[4, 4]","[5, 6]"
LyIuZ,rn1qkbnr/1pp2Bp1/p2p3p/4N3/4PP2/2N5/PPPP2PP/R1BbK2R b KQkq - 0 7,e8e7 c3d5,1165,79,90,347,mate mateIn1 oneMove opening,https://lichess.org/jVB7coNu/black#14,Vienna_Game Vienna_Game_Other_variations,https://lichess.org/training/LyIuZ,True,bottom-right 1,white,"[4, 6]","[3, 4]","[4, 4]","[5, 6]"
rOEkI,r1bqkb1r/pppp1ppp/8/4N3/2B1n3/2N5/PP4PP/n5KR b kq - 1 11,d7d6 c4f7 e8e7 c3d5,1166,81,93,7337,attackingF2F7 mate mateIn2 middlegame short,https://lichess.org/XF8dJyt0/black#22,Indian_Defense Indian_Defense_Other_variations,https://lichess.org/training/rOEkI,True,bottom-right 1,white,"[4, 6]","[3, 4]","[4, 4]","[5, 6]"
EeKm5,r2qkbnr/pppn1B1p/3p4/4N1p1/3PPp2/2N5/PPP3PP/R1BbK2R b KQkq - 0 8,e8e7 c3d5,1167,76,100,87,mate mateIn1 oneMove opening,https://lichess.org/TClEfKHi/black#16,Kings_Gambit_Accepted Kings_Gambit_Accepted_Fischer_Defense,https://lichess.org/training/EeKm5,True,bottom-right 1,white,"[4, 6]","[3, 4]","[4, 4]","[5, 6]"
23otY,r2qkbnr/ppp3pp/3p4/4N3/4Ppb1/1BN5/PPP2PPP/R1BQK2R b KQkq - 0 8,g4d1 b3f7 e8e7 c3d5,1167,84,89,1044,mate mateIn2 opening short,https://lichess.org/JgasRT7E/black#16,Philidor_Defense Philidor_Defense_Lopez_Countergambit,https://lichess.org/training/23otY,True,bottom-right 1,white,"[4, 6]","[3, 4]","[4, 4]","[5, 6]"
v9uKA,r2qkbnr/ppp2Bpp/2np1p2/4N3/3PP3/2N5/PPP2PPP/R1BbK2R b KQkq - 1 7,e8e7 c3d5,1167,76,95,11725,mate mateIn1 oneMove opening,https://lichess.org/xvP842D8/black#14,Vienna_Game Vienna_Game_Other_variations,https://lichess.org/training/v9uKA,True,bottom-right 1,white,"[4, 6]","[3, 4]","[4, 4]","[5, 6]"
U4cb0,r2qkbnr/ppp2Bp1/3p4/4N2p/3nP3/2N4P/PPPP1PP1/R1Bb1RK1 b kq - 0 8,e8e7 c3d5,1168,82,92,271,mate mateIn1 oneMove opening,https://lichess.org/1LWIG8ce/black#16,Italian_Game Italian_Game_Paris_Defense,https://lichess.org/training/U4cb0,True,bottom-right 1,white,"[4, 6]","[3, 4]","[4, 4]","[5, 6]"
Jp8r6,r2q1b1r/ppp1kB1p/3p1p2/4N3/4P3/2N4P/PPP2PP1/R2bK2R b KQ - 1 11,d1c2 c3d5,1170,105,85,27,mate mateIn1 middlegame oneMove,https://lichess.org/CwJIgmlt/black#22,Philidor_Defense Philidor_Defense_Other_variations,https://lichess.org/training/Jp8r6,True,bottom-right 1,white,"[4, 6]","[3, 4]","[4, 4]","[5, 6]"
dX2VG,r2qkbnr/pppn1Bpp/3p4/4N3/4Pp2/2NP3P/PPP2PP1/R1Bb1RK1 b kq - 1 9,e8e7 c3d5,1170,86,92,543,mate mateIn1 oneMove opening,https://lichess.org/dIPeeNqx/black#18,Philidor_Defense Philidor_Defense_Other_variations,https://lichess.org/training/dX2VG,True,bottom-right 1,white,"[4, 6]","[3, 4]","[4, 4]","[5, 6]"
R6BvU,r2q1b1r/ppp1kBpp/3p1n2/4N1B1/4P3/2N5/PPn2PPP/R2R2K1 b - - 1 10,c2a1 c3d5,1172,76,72,110,mate mateIn1 middlegame oneMove pin,https://lichess.org/W1Oq9geu/black#20,Scotch_Game Scotch_Game_Other_variations,https://lichess.org/training/R6BvU,True,bottom-right 1,white,"[4, 6]","[3, 4]","[4, 4]","[5, 6]"
jMPIH,r1bBk2r/pppp1ppp/2n5/4p3/2P1n3/2NP4/PP3bPP/R2QKBNR w KQkq - 0 7,e1e2 c6d4,1173,77,87,459,mate mateIn1 oneMove opening,https://lichess.org/esUgbpox#13,English_Opening English_Opening_The_Whale,https://lichess.org/training/jMPIH,True,bottom-right 1,black,"[4, 6]","[3, 4]","[4, 4]","[5, 6]"
J4BCT,r2qkbnr/1p3Bpp/p1np4/2p1N3/P3P3/2N4P/1PPP1PP1/R1Bb1RK1 b kq - 0 9,e8e7 c3d5,1173,77,93,2021,mate mateIn1 middlegame oneMove,https://lichess.org/sBtvR3Sl/black#18,Philidor_Defense Philidor_Defense_Other_variations,https://lichess.org/training/J4BCT,True,bottom-right 1,white,"[4, 6]","[3, 4]","[4, 4]","[5, 6]"
wCfsJ,r2qkbnr/1pp2Bpp/p2p4/4N3/3nPP2/2N5/PPPP2PP/R1Bb1RK1 b kq - 0 8,e8e7 c3d5,1174,116,78,39,mate mateIn1 oneMove opening,https://lichess.org/wLDjjhDZ/black#16,,https://lichess.org/training/wCfsJ,True,bottom-right 1,white,"[4, 6]","[3, 4]","[4, 4]","[5, 6]"
wjx1q,r2q1bnr/ppp1kBpp/3p4/4N1B1/3nP3/2NP3P/PPP2PP1/R2bK2R b KQ - 2 9,g8f6 c3d5,1174,76,77,545,mate mateIn1 middlegame oneMove,https://lichess.org/fTrkI1V9/black#18,Zukertort_Opening Zukertort_Opening_Wade_Defense,https://lichess.org/training/wjx1q,True,bottom-right 1,white,"[4, 6]","[3, 4]","[4, 4]","[5, 6]"
Lajyo,rn1qkbnr/1pp3pp/3p1p2/p3N3/2BPP1b1/2N5/PPP2PPP/R1BQK2R b KQkq - 0 6,g4d1 c4f7 e8e7 c3d5,1175,78,93,4849,mate mateIn2 opening short,https://lichess.org/Xr8kWBzd/black#12,Kings_Pawn_Game Kings_Pawn_Game_Damiano_Defense,https://lichess.org/training/Lajyo,True,bottom-right 1,white,"[4, 6]","[3, 4]","[4, 4]","[5, 6]"
aQhk2,rnbqkbnr/ppp2Bpp/3p4/4N3/5p2/2N5/PPPP2PP/R1BQK2R b KQkq - 1 8,e8e7 c3d5,1175,79,100,97,mate mateIn1 oneMove opening,https://lichess.org/jIGWa5l4/black#16,Vienna_Game Vienna_Game_Vienna_Gambit,https://lichess.org/training/aQhk2,True,bottom-right 1,white,"[4, 6]","[3, 4]","[4, 4]","[5, 6]"
ju8NG,r2qkbnr/ppp2Bpp/3p1p2/4N3/3nP3/2N5/PPP2PPP/R1Bb1RK1 b kq - 1 8,e8e7 c3d5,1176,90,93,354,mate mateIn1 oneMove opening,https://lichess.org/aj4Q4rLE/black#16,,https://lichess.org/training/ju8NG,True,bottom-right 1,white,"[4, 6]","[3, 4]","[4, 4]","[5, 6]"
i8pI7,rnbqkb1r/ppp2Bp1/3p3p/4Np1n/4P3/2N5/PPPP1PPP/R1B1K2R b KQkq - 1 7,e8e7 c3d5,1179,77,96,5268,mate mateIn1 oneMove opening,https://lichess.org/Q9cVIKF2/black#14,Philidor_Defense Philidor_Defense_Other_variations,https://lichess.org/training/i8pI7,True,bottom-right 1,white,"[4, 6]","[3, 4]","[4, 4]","[5, 6]"
1uIdg,r2qkb1r/ppp3pp/3p4/4N3/2BnP1b1/2N5/PPP2PPP/R2QK2R b KQkq - 0 11,g4d1 c4f7 e8e7 c3d5,1180,87,60,77,mate mateIn2 middlegame short,https://lichess.org/JOXC8AEv/black#22,Philidor_Defense Philidor_Defense_Other_variations,https://lichess.org/training/1uIdg,True,bottom-right 1,white,"[4, 6]","[3, 4]","[4, 4]","[5, 6]"
zAF7O,r2qkbnr/1pp2Bpp/p1np4/4N3/4P3/2N4P/PPPP1PP1/R1BbK2R b KQkq - 0 8,e8e7 c3d5,1181,80,84,740,mate mateIn1 oneMove opening,https://lichess.org/oDz1qJJN/black#16,Italian_Game Italian_Game_Paris_Defense,https://lichess.org/training/zAF7O,True,bottom-right 1,white,"[4, 6]","[3, 4]","[4, 4]","[5, 6]"
RMoew,rn1qkbnr/1pp2Bpp/3p4/p3N3/4P3/2N4P/PPPP1PP1/R1BbK2R b KQkq - 0 7,e8e7 c3d5,1182,76,97,954,mate mateIn1 oneMove opening,https://lichess.org/a20xBHfB/black#14,Philidor_Defense Philidor_Defense_Other_variations,https://lichess.org/training/RMoew,True,bottom-right 1,white,"[4, 6]","[3, 4]","[4, 4]","[5, 6]"
TWNsV,rn1qkbnr/ppp2B1p/3p1p2/4N1p1/3PPp2/2N5/PPP3PP/R1BbK2R b KQkq - 1 8,e8e7 c3d5,1186,75,97,1557,mate mateIn1 oneMove opening,https://lichess.org/29ZIoM8D/black#16,Kings_Gambit_Accepted Kings_Gambit_Accepted_Kings_Knights_Gambit,https://lichess.org/training/TWNsV,True,bottom-right 1,white,"[4, 6]","[3, 4]","[4, 4]","[5, 6]"
3X69N,r2qkbnr/1pp2Bpp/p1np4/4N3/4P3/P1N4P/1PPP1PP1/R1BbK2R b KQkq - 0 8,e8e7 c3d5,1186,76,95,1726,mate mateIn1 oneMove opening,https://lichess.org/anTrBKWu/black#16,Philidor_Defense Philidor_Defense_Other_variations,https://lichess.org/training/3X69N,True,bottom-right 1,white,"[4, 6]","[3, 4]","[4, 4]","[5, 6]"
lNvpE,r2qkb1r/ppp2Bpp/3p4/4N2n/3nPP2/2NP4/PPPB2PP/R2bK2R b KQkq - 0 9,e8e7 c3d5,1186,76,85,221,mate mateIn1 middlegame oneMove,https://lichess.org/yL6QqJDe/black#18,Vienna_Game Vienna_Game_Vienna_Gambit,https://lichess.org/training/lNvpE,True,bottom-right 1,white,"[4, 6]","[3, 4]","[4, 4]","[5, 6]"
8fLQV,r2qkbnr/ppp2Bpp/3p1p2/4N3/3nPP2/2N5/PPPP2PP/R1Bb1RK1 b kq - 1 8,e8e7 c3d5,1188,118,84,43,mate mateIn1 oneMove opening,https://lichess.org/oApVmBes/black#16,,https://lichess.org/training/8fLQV,True,bottom-right 1,white,"[4, 6]","[3, 4]","[4, 4]","[5, 6]"
cj8M0,r2qkbnr/ppp2Bpp/2np1p2/4N3/4P3/2N4P/PPPP1PP1/R1Bb1RK1 b kq - 1 8,e8e7 c3d5,1188,82,94,522,mate mateIn1 oneMove opening,https://lichess.org/PjsSuwPd/black#16,Italian_Game Italian_Game_Paris_Defense,https://lichess.org/training/cj8M0,True,bottom-right 1,white,"[4, 6]","[3, 4]","[4, 4]","[5, 6]"
b5FOO,r1bBk2r/pppp1ppp/2n5/4p3/4n3/2NP2P1/PPP2b1P/R2QKBNR w KQkq - 0 7,e1e2 c6d4,1191,78,94,4918,mate mateIn1 oneMove opening,https://lichess.org/Rb9xBcFu#13,Vienna_Game Vienna_Game_Anderssen_Defense,https://lichess.org/training/b5FOO,True,bottom-right 1,black,"[4, 6]","[3, 4]","[4, 4]","[5, 6]"
KKueb,r2q1bnr/ppp1kBpp/3p4/4N1B1/1P2P3/2N5/P4PPP/R2bK2R b KQ - 2 10,g8f6 c3d5,1193,76,93,817,mate mateIn1 middlegame oneMove pin,https://lichess.org/BYyU8Xo8/black#20,Scotch_Game Scotch_Game_Goring_Gambit,https://lichess.org/training/KKueb,True,bottom-right 1,white,"[4, 6]","[3, 4]","[4, 4]","[5, 6]"
Au3EQ,r4rk1/pp3ppp/2n5/B3p3/2P1n1b1/P2P4/1P2KbPP/R2Q1BNR w - - 2 13,g1f3 c6d4,1193,78,89,276,mate mateIn1 middlegame oneMove pin,https://lichess.org/8v6L0Wl7#25,Scandinavian_Defense Scandinavian_Defense_Panov_Transfer,https://lichess.org/training/Au3EQ,True,bottom-right 1,black,"[4, 6]","[3, 4]","[4, 4]","[5, 6]"
1jiv2,rn1qkbnr/ppp3pp/3p4/4N3/2B1pPb1/2N5/PPPP2PP/R1BQK2R b KQkq - 0 6,g4d1 c4f7 e8e7 c3d5,1194,79,91,3640,mate mateIn2 opening short,https://lichess.org/i5DKFBkz/black#12,Kings_Gambit Kings_Gambit_Other_variations,https://lichess.org/training/1jiv2,True,bottom-right 1,white,"[4, 6]","[3, 4]","[4, 4]","[5, 6]"
mGfQ3,r2qkbnr/pp3Bpp/3p4/2p1N3/3nPP2/2NP4/PPP3PP/R1BbK2R b KQkq - 0 8,e8e7 c3d5,1196,79,89,1123,mate mateIn1 middlegame oneMove,https://lichess.org/6tSbt1J7/black#16,,https://lichess.org/training/mGfQ3,True,bottom-right 1,white,"[4, 6]","[3, 4]","[4, 4]","[5, 6]"
mmNKp,r2Bk2r/ppp2ppp/2n5/3Np3/4n1b1/3P1N2/PPP2bPP/R2QKB1R w KQkq - 1 10,e1e2 c6d4,1198,81,89,839,mate mateIn1 middlegame oneMove pin,https://lichess.org/fiM22rBz#19,Kings_Gambit_Declined Kings_Gambit_Declined_Classical,https://lichess.org/training/mmNKp,True,bottom-right 1,black,"[4, 6]","[3, 4]","[4, 4]","[5, 6]"
oKSCl,r2qkbnr/ppp2Bpp/3p4/4N3/4P3/2N4P/PB3PP1/R2b1RK1 b kq - 0 11,e8e7 c3d5,1199,76,93,245,mate mateIn1 middlegame oneMove,https://lichess.org/0YZmB3C1/black#22,Danish_Gambit_Accepted Danish_Gambit_Accepted_Other_variations,https://lichess.org/training/oKSCl,True,bottom-right 1,white,"[4, 6]","[3, 4]","[4, 4]","[5, 6]"
7P8BK,r2qkb1r/ppp2ppp/3p4/4N3/2BnP1b1/2NP4/PPP3PP/R1BQ1RK1 b kq - 0 9,g4d1 c4f7 e8e7 c3d5,1200,80,92,828,attackingF2F7 mate mateIn2 opening short,https://lichess.org/itgpxzPh/black#18,Kings_Gambit Kings_Gambit_Other_variations,https://lichess.org/training/7P8BK,True,bottom-right 1,white,"[4, 6]","[3, 4]","[4, 4]","[5, 6]"
7QLYK,r2qkbnr/ppp2Bp1/3p3p/4N3/3nPP2/2NP4/PPP3PP/R1BbK2R b KQkq - 0 8,e8e7 c3d5,1200,76,96,16310,mate mateIn1 oneMove opening,https://lichess.org/CqCl8LJd/black#16,,https://lichess.org/training/7QLYK,True,bottom-right 1,white,"[4, 6]","[3, 4]","[4, 4]","[5, 6]"
iE1YI,r2qkb1r/1pp2ppp/p2p4/4N3/P1BnP1b1/2NP4/1PP2P2/R1BQ1RK1 b kq - 0 11,g4d1 c4f7 e8e7 c3d5,1200,109,85,45,attackingF2F7 mate mateIn2 opening short,https://lichess.org/gZlz1Gsv/black#22,Italian_Game Italian_Game_Paris_Defense,https://lichess.org/training/iE1YI,True,bottom-right 1,white,"[4, 6]","[3, 4]","[4, 4]","[5, 6]"
Nxfmm,r1bqk2r/ppp2ppp/3p2n1/2bPp1B1/2P1n3/P4N1P/1P3PP1/RN1QKB1R w KQkq - 0 9,g5d8 c5f2 e1e2 g6f4,1200,81,92,5144,attackingF2F7 mate mateIn2 opening short,https://lichess.org/iqjQgqmW#17,Mikenas_Defense Mikenas_Defense_Lithuanian_Variation,https://lichess.org/training/Nxfmm,True,top-right 1,black,"[4, 6]","[3, 4]","[4, 4]","[5, 6]"
zUZ9T,rn1qkbnr/ppp2Bp1/3p4/4N3/4P2p/2N5/PPPP1PPP/R1Bb1RK1 b kq - 0 7,e8e7 c3d5,1200,78,85,1066,mate mateIn1 oneMove opening,https://lichess.org/rOz0K8eG/black#14,Philidor_Defense Philidor_Defense_Other_variations,https://lichess.org/training/zUZ9T,True,bottom-right 1,white,"[4, 6]","[3, 4]","[4, 4]","[5, 6]"
t4D4A,r2q1b1r/ppp1kBp1/3p1R1p/4N3/4P3/2N5/PPPP2PP/R1Bb2K1 b - - 0 10,g7f6 c3d5,1202,76,78,187,mate mateIn1 middlegame oneMove,https://lichess.org/dWY5eBPK/black#20,Vienna_Game Vienna_Game_Vienna_Gambit,https://lichess.org/training/t4D4A,True,bottom-right 1,white,"[4, 6]","[3, 4]","[4, 4]","[5, 6]"
wv7VA,r2qkb1r/ppp2Bpp/3p1n2/4N1B1/3nP3/2NP3P/PPP2PP1/R2bK2R b KQkq - 0 9,e8e7 c3d5,1203,75,97,1951,mate mateIn1 middlegame oneMove,https://lichess.org/aTP3CSbW/black#18,Philidor_Defense Philidor_Defense_Other_variations,https://lichess.org/training/wv7VA,True,bottom-right 1,white,"[4, 6]","[3, 4]","[4, 4]","[5, 6]"
CiwDw,rn1qkbnr/1pp2ppp/3p4/p3N3/2B1P1b1/2N5/PPPP1PPP/R1BQK2R b KQkq - 0 7,g4d1 c4f7 e8e7 c3d5,1207,78,93,1707,attackingF2F7 mate mateIn2 opening short,https://lichess.org/MvFReUvQ/black#14,Philidor_Defense Philidor_Defense_Other_variations,https://lichess.org/training/CiwDw,True,bottom-right 1,white,"[4, 6]","[3, 4]","[4, 4]","[5, 6]"
xMjFU,r2qkbnr/pp3Bpp/3p4/2p1N3/4P3/2N5/PPPP2PP/R1BbK2R b KQkq - 0 8,e8e7 c3d5,1209,107,67,85,mate mateIn1 middlegame oneMove,https://lichess.org/TkQd8kF2/black#16,,https://lichess.org/training/xMjFU,True,bottom-right 1,white,"[4, 6]","[3, 4]","[4, 4]","[5, 6]"
MPSPo,r2qkbnr/ppp3pp/2np4/4N3/2B1P1b1/2N5/PPPP1PPP/R1B1K2R b KQkq - 2 7,g4d7 c4f7 e8e7 c3d5,1209,76,97,3987,mate mateIn2 opening short,https://lichess.org/vKu3VjPr/black#14,Three_Knights_Opening Three_Knights_Opening_Other_variations,https://lichess.org/training/MPSPo,True,bottom-right 1,white,"[4, 6]","[3, 4]","[4, 4]","[5, 6]"
tDwaK,r1bqk2r/ppp2ppp/2n5/2b1pPB1/4n3/3P4/PPP3PP/R2QKBNR w KQkq - 0 8,g5d8 c5f2 e1e2 c6d4,1209,74,85,544,mate mateIn2 opening short,https://lichess.org/hlO4IoUs#15,Kings_Pawn_Game Kings_Pawn_Game_Leonardis_Variation,https://lichess.org/training/tDwaK,True,bottom-right 1,black,"[4, 6]","[3, 4]","[4, 4]","[5, 6]"
viAkf,r2qkbnr/ppp2Bpp/3p4/4N3/4Pp2/2N4P/PPPP2P1/R1Bb1RK1 b kq - 0 9,e8e7 c3d5,1212,83,93,2818,mate mateIn1 oneMove opening,https://lichess.org/i1T6PDoy/black#18,,https://lichess.org/training/viAkf,True,bottom-right 1,white,"[4, 6]","[3, 4]","[4, 4]","[5, 6]"
NPmyl,r2qkb1r/pp3Bpp/3p1n2/2p1N1B1/3nP3/2NP4/PPP2PPP/R2b1RK1 b kq - 0 9,e8e7 c3d5,1212,76,100,609,mate mateIn1 middlegame oneMove,https://lichess.org/udZSRkUv/black#18,Sicilian_Defense Sicilian_Defense_Bowdler_Attack,https://lichess.org/training/NPmyl,True,bottom-right 1,white,"[4, 6]","[3, 4]","[4, 4]","[5, 6]"
GXGsv,r2qkbnr/ppp2Bp1/2np3p/4N3/4P3/2N4P/PPPP1PP1/R1BbK2R b KQkq - 0 8,e8e7 c3d5,1212,78,86,499,mate mateIn1 oneMove opening,https://lichess.org/9gSZx6TN/black#16,Italian_Game Italian_Game_Paris_Defense,https://lichess.org/training/GXGsv,True,bottom-right 1,white,"[4, 6]","[3, 4]","[4, 4]","[5, 6]"
v3q8Q,r2qkbnr/ppp2ppp/3p4/4N2b/1PBnP3/2N4P/P1PP1PP1/R1BQK2R b KQkq - 0 7,h5d1 c4f7 e8e7 c3d5,1213,83,91,5690,attackingF2F7 mate mateIn2 opening short,https://lichess.org/DaoVcQLT/black#14,Philidor_Defense Philidor_Defense_Other_variations,https://lichess.org/training/v3q8Q,True,bottom-right 1,white,"[4, 6]","[3, 4]","[4, 4]","[5, 6]"
UDC9H,r2qkbnr/ppp2p1p/2np4/4N1p1/2BPPpb1/2N5/PPP3PP/R1BQK2R b KQkq - 3 7,g4d1 c4f7 e8e7 c3d5,1214,161,55,16,attackingF2F7 mate mateIn2 middlegame short,https://lichess.org/8F1UIByh/black#14,Kings_Gambit_Accepted Kings_Gambit_Accepted_Blachly_Gambit,https://lichess.org/training/UDC9H,True,bottom-right 1,white,"[4, 6]","[3, 4]","[4, 4]","[5, 6]"
1lYu1,r2qkbnr/ppp2Bpp/2np4/4N3/4Pp2/2N4P/PPPP2P1/R1BbK2R b KQkq - 0 8,e8e7 c3d5,1214,82,92,3850,mate mateIn1 oneMove opening,https://lichess.org/ctGIv361/black#16,,https://lichess.org/training/1lYu1,True,bottom-right 1,white,"[4, 6]","[3, 4]","[4, 4]","[5, 6]"
qtJ1A,r2qkbnr/ppp3pp/2np4/4N2b/2B1Pp2/2N4P/PPPP1PP1/R1BQ1RK1 b kq - 0 8,h5d1 c4f7 e8e7 c3d5,1215,76,95,1107,mate mateIn2 opening short,https://lichess.org/Ew73H8qy/black#16,Ruy_Lopez Ruy_Lopez_Steinitz_Defense,https://lichess.org/training/qtJ1A,True,bottom-right 1,white,"[4, 6]","[3, 4]","[4, 4]","[5, 6]"
wTZCI,r2qkb1r/ppp2ppp/3p3B/4N3/2B1P3/2N5/PP3PPP/R2R2K1 b kq - 0 10,g7h6 c4f7 e8e7 c3d5,1216,77,80,506,attackingF2F7 mate mateIn2 middlegame short,https://lichess.org/u708WLho/black#20,Scotch_Game Scotch_Game_Goring_Gambit,https://lichess.org/training/wTZCI,True,bottom-right 1,white,"[4, 6]","[3, 4]","[4, 4]","[5, 6]"
wohTw,r2qkb1r/ppp2ppp/2np4/4N3/2BPPBbP/P1N5/1PP3P1/R2QK2n b Qkq - 1 10,g4d1 c4f7 e8e7 c3d5,1217,78,91,2504,attackingF2F7 mate mateIn2 middlegame short,https://lichess.org/lzL9MKgt/black#20,Kings_Gambit_Accepted Kings_Gambit_Accepted_MacLeod_Defense,https://lichess.org/training/wohTw,True,bottom-right 1,white,"[4, 6]","[3, 4]","[4, 4]","[5, 6]"
KFXDb,r2qkbnr/1pp2ppp/p1np4/4N2b/P1B1P3/2N4P/1PPP1PP1/R1BQK2R b KQkq - 0 7,h5d1 c4f7 e8e7 c3d5,1217,76,86,1650,attackingF2F7 mate mateIn2 opening short,https://lichess.org/hcUHRxcc/black#14,Italian_Game Italian_Game_Other_variations,https://lichess.org/training/KFXDb,True,bottom-right 1,white,"[4, 6]","[3, 4]","[4, 4]","[5, 6]"
vdfVh,r2qkb1r/ppp2Bpp/3p1n2/4N1B1/3nP3/2N5/PPP2PPP/R2b1RK1 b kq - 1 10,e8e7 c3d5,1218,76,76,161,mate mateIn1 middlegame oneMove pin,https://lichess.org/c53Ldjtl/black#20,Scotch_Game Scotch_Game_Other_variations,https://lichess.org/training/vdfVh,True,bottom-right 1,white,"[4, 6]","[3, 4]","[4, 4]","[5, 6]"
eiENH,rn1qkbnr/ppp3pp/3p1p2/4N3/2B1P1b1/2N5/PP3PPP/R1BQK2R b KQkq - 1 7,g4d1 c4f7 e8e7 c3d5,1220,79,86,741,mate mateIn2 opening short,https://lichess.org/KeSyqnex/black#14,Philidor_Defense Philidor_Defense_Bird_Gambit,https://lichess.org/training/eiENH,True,bottom-right 1,white,"[4, 6]","[3, 4]","[4, 4]","[5, 6]"
71m5y,rn1qkbnr/ppp2B1p/3p4/4N1p1/4Pp2/2N5/PPPP2PP/R1BbK2R b KQkq - 0 7,e8e7 c3d5,1221,76,81,245,mate mateIn1 oneMove opening,https://lichess.org/0b7xQ2bz/black#14,,https://lichess.org/training/71m5y,True,bottom-right 1,white,"[4, 6]","[3, 4]","[4, 4]","[5, 6]"
f7a5m,r1bBk2r/pppp1pp1/2n4p/4p3/2P1n3/2NP4/PP3bPP/R2QKBNR w KQkq - 0 8,e1e2 c6d4,1221,77,82,437,master mate mateIn1 oneMove opening,https://lichess.org/SW3dy8Ep#15,English_Opening English_Opening_The_Whale,https://lichess.org/training/f7a5m,True,bottom-right 1,black,"[4, 6]","[3, 4]","[4, 4]","[5, 6]"
L1thH,r2qkbnr/ppp2Bp1/3p3p/1P2N3/3nP3/2N5/P1PP1PPP/R1BbK2R b KQkq - 0 8,e8e7 c3d5,1223,78,81,176,mate mateIn1 oneMove opening,https://lichess.org/tmqcyaSM/black#16,Italian_Game Italian_Game_Paris_Defense,https://lichess.org/training/L1thH,True,bottom-right 1,white,"[4, 6]","[3, 4]","[4, 4]","[5, 6]"
ZdTt9,r2qkbnr/ppp2ppp/3p4/4N3/2BnPpb1/2N5/PPPP2PP/R1BQ1RK1 b kq - 7 7,g4d1 c4f7 e8e7 c3d5,1224,80,93,11038,attackingF2F7 mate mateIn2 opening short,https://lichess.org/HeK8Fd0d/black#14,Kings_Gambit_Accepted Kings_Gambit_Accepted_Fischer_Defense,https://lichess.org/training/ZdTt9,True,bottom-right 1,white,"[4, 6]","[3, 4]","[4, 4]","[5, 6]"
vYj1w,r2qkb1r/pp1n2pp/2pp1n2/4p1N1/2B1P1b1/6N1/PPP2PPP/R1BQK2R b KQkq - 2 9,g4d1 c4f7 e8e7 g3f5,1224,82,93,1867,mate mateIn2 opening short,https://lichess.org/xLQ2Hpho/black#18,Philidor_Defense Philidor_Defense_Other_variations,https://lichess.org/training/vYj1w,True,bottom-left 1,white,"[4, 6]","[3, 4]","[4, 4]","[5, 6]"
wC4yT,1n1qkbnr/r4Bpp/p2p4/1pp1N3/4P3/1PN5/PBPP1PPP/R2bK2R b KQk - 0 9,e8e7 c3d5,1224,78,93,5839,mate mateIn1 middlegame oneMove,https://lichess.org/IqersHUi/black#18,Sicilian_Defense Sicilian_Defense_Modern_Variations,https://lichess.org/training/wC4yT,True,bottom-right 1,white,"[4, 6]","[3, 4]","[4, 4]","[5, 6]"
L35KS,r2qkbnr/1pp3pp/p1np1p2/4N2b/2B1P3/P1NP3P/1PP2PP1/R1BQK2R b KQkq - 0 8,h5d1 c4f7 e8e7 c3d5,1225,81,94,6512,mate mateIn2 opening short,https://lichess.org/ZyWIFot3/black#16,Kings_Pawn_Game Kings_Pawn_Game_Damiano_Defense,https://lichess.org/training/L35KS,True,bottom-right 1,white,"[4, 6]","[3, 4]","[4, 4]","[5, 6]"
FQiop,rn1qkbnr/pp3Bp1/3p3p/2p1N3/4P3/2N5/PPPP1PPP/R1Bb1RK1 b kq - 0 7,e8e7 c3d5,1226,85,75,48,mate mateIn1 oneMove opening,https://lichess.org/VQbUEYJz/black#14,Vienna_Game Vienna_Game_Other_variations,https://lichess.org/training/FQiop,True,bottom-right 1,white,"[4, 6]","[3, 4]","[4, 4]","[5, 6]"
w8n1h,r2q1bnr/ppp1kBpp/3p4/4N1B1/3nP3/2N5/PPP2PPP/R2bK2R b KQ - 2 8,g8f6 c3d5,1228,76,94,2869,mate mateIn1 middlegame oneMove pin,https://lichess.org/MTpNWb76/black#16,Nimzowitsch_Defense Nimzowitsch_Defense_Williams_Variation,https://lichess.org/training/w8n1h,True,bottom-right 1,white,"[4, 6]","[3, 4]","[4, 4]","[5, 6]"
j7V6K,r2q1bnr/ppp1kBpp/3p4/4N1B1/3nP3/2NP4/PPP2PPP/R2bK2R b KQ - 2 8,g8f6 c3d5,1229,96,65,59,mate mateIn1 middlegame oneMove,https://lichess.org/ujDi7ffF/black#16,,https://lichess.org/training/j7V6K,True,bottom-right 1,white,"[4, 6]","[3, 4]","[4, 4]","[5, 6]"
6u3Nc,rn1qkbnr/1pp3pp/p2p1p2/4N3/P1BPP1b1/2N5/1PP2PPP/R1BQK2R b KQkq - 0 7,g4d1 c4f7 e8e7 c3d5,1229,83,91,4673,mate mateIn2 opening short,https://lichess.org/Sbs6mCw0/black#14,Philidor_Defense Philidor_Defense_Other_variations,https://lichess.org/training/6u3Nc,True,bottom-right 1,white,"[4, 6]","[3, 4]","[4, 4]","[5, 6]"
6DxL5,r2qkbnr/1pp2Bpp/p1np4/4N3/4P3/2N4P/PPPP1PP1/R1Bb1RK1 b kq - 0 8,e8e7 c3d5,1229,118,67,48,master mate mateIn1 oneMove opening,https://lichess.org/jqvPFwnY/black#16,,https://lichess.org/training/6DxL5,True,bottom-right 1,white,"[4, 6]","[3, 4]","[4, 4]","[5, 6]"
fXRzo,rn1qkbnr/ppp5/3p1p1p/4N1p1/2BPPpbP/2N5/PPP3P1/R1BQK2R b KQkq - 1 8,g4d1 c4f7 e8e7 c3d5,1231,79,93,3790,mate mateIn2 middlegame short,https://lichess.org/i3YMXPw2/black#16,Kings_Gambit_Accepted Kings_Gambit_Accepted_Fischer_Defense,https://lichess.org/training/fXRzo,True,bottom-right 1,white,"[4, 6]","[3, 4]","[4, 4]","[5, 6]"
Wseoc,r2qkbnr/ppp2ppp/3p4/4N3/2B1Ppb1/2N4P/PPPP2P1/R1BQK2R b KQkq - 0 7,g4d1 c4f7 e8e7 c3d5,1232,78,89,1614,attackingF2F7 mate mateIn2 opening short,https://lichess.org/dQjab38w/black#14,Vienna_Game Vienna_Game_Max_Lange_Defense,https://lichess.org/training/Wseoc,True,bottom-right 1,white,"[4, 6]","[3, 4]","[4, 4]","[5, 6]"
Wk1WC,r2qkbnr/1pp2ppp/p2p4/4N2b/2BnP3/2N4P/PPPP1PP1/R1BQ1RK1 b kq - 0 8,h5d1 c4f7 e8e7 c3d5,1233,78,93,5183,attackingF2F7 mate mateIn2 opening short,https://lichess.org/5wT1LNA0/black#16,Ruy_Lopez Ruy_Lopez_Steinitz_Defense,https://lichess.org/training/Wk1WC,True,bottom-right 1,white,"[4, 6]","[3, 4]","[4, 4]","[5, 6]"
pESuT,rn1qkbnr/ppp2ppp/3p4/4N3/2B1P1b1/1PN5/P1PP1PPP/R1BQK2R b KQkq - 0 6,g4d1 c4f7 e8e7 c3d5,1233,77,91,5084,attackingF2F7 mate mateIn2 opening short,https://lichess.org/PjhDDNiL/black#12,Italian_Game Italian_Game_Other_variations,https://lichess.org/training/pESuT,True,bottom-right 1,white,"[4, 6]","[3, 4]","[4, 4]","[5, 6]"
Df0C7,r2qkbnr/1pp3pp/p2p1p2/4N3/PPBnPPb1/2N5/2PP2PP/R1BQK2R b KQkq - 0 8,g4d1 c4f7 e8e7 c3d5,1234,77,96,18135,mate mateIn2 middlegame short,https://lichess.org/wtPqTW17/black#16,Vienna_Game Vienna_Game_Omaha_Gambit,https://lichess.org/training/Df0C7,True,bottom-right 1,white,"[4, 6]","[3, 4]","[4, 4]","[5, 6]"
Y9Krh,r1bq1rk1/ppp2p2/2np4/2bNp1B1/4n3/P2P4/1PP2PPP/R2QKB1R w KQ - 0 11,g5d8 c5f2 e1e2 c6d4,1235,78,90,158,attackingF2F7 mate mateIn2 opening short,https://lichess.org/HdskATYP#21,Vienna_Game Vienna_Game_Anderssen_Defense,https://lichess.org/training/Y9Krh,True,bottom-right 1,black,"[4, 6]","[3, 4]","[4, 4]","[5, 6]"
NdcEH,r2qkb1r/pp3Bpp/3p1n2/4N1B1/3nP3/2N4P/PPP2PP1/R2bK2R b KQkq - 0 11,e8e7 c3d5,1235,95,76,26,mate mateIn1 middlegame oneMove pin,https://lichess.org/dMS4zd7a/black#22,Sicilian_Defense Sicilian_Defense_Other_variations,https://lichess.org/training/NdcEH,True,bottom-right 1,white,"[4, 6]","[3, 4]","[4, 4]","[5, 6]"
xfTQH,r1bqk2r/pppp1ppp/2n5/2bNp1B1/4n3/3P4/PPP2PPP/R2QKBNR w KQkq - 0 8,g5d8 c5f2 e1e2 c6d4,1236,75,95,9613,attackingF2F7 mate mateIn2 opening short,https://lichess.org/HQIgtFwH#15,Kings_Pawn_Game Kings_Pawn_Game_Leonardis_Variation,https://lichess.org/training/xfTQH,True,bottom-right 1,black,"[4, 6]","[3, 4]","[4, 4]","[5, 6]"
cCt0o,r1bBk2r/pppp1ppp/2n5/4p3/4n3/P2P3P/1PP2bP1/RN1QKBNR w KQkq - 0 7,e1e2 c6d4,1237,98,67,27,mate mateIn1 oneMove opening,https://lichess.org/Ew72LfHn#13,Kings_Pawn_Game Kings_Pawn_Game_Leonardis_Variation,https://lichess.org/training/cCt0o,True,bottom-right 1,black,"[4, 6]","[3, 4]","[4, 4]","[5, 6]"
8QZV1,rn1qkbnr/ppp2Bpp/3p4/4N3/4Pp2/2NP4/PPP2PPP/R1BbK2R b KQkq - 1 7,e8e7 c3d5,1238,122,65,60,mate mateIn1 oneMove opening,https://lichess.org/9WlGYC2b/black#14,,https://lichess.org/training/8QZV1,True,bottom-right 1,white,"[4, 6]","[3, 4]","[4, 4]","[5, 6]"
Ovw0C,rn1qkbnr/ppp2p1p/3p4/4N1p1/2B1Ppb1/2N5/PPPP2PP/R1BQK2R b KQkq - 3 6,g4d1 c4f7 e8e7 c3d5,1239,80,92,1806,attackingF2F7 mate mateIn2 middlegame short,https://lichess.org/TYcWTi3U/black#12,Kings_Gambit_Accepted Kings_Gambit_Accepted_Kings_Knights_Gambit,https://lichess.org/training/Ovw0C,True,bottom-right 1,white,"[4, 6]","[3, 4]","[4, 4]","[5, 6]"
YeF1w,r2qkbnr/ppp3pp/2np1p2/4N3/2B1P1b1/P1N5/1PPP1PPP/R1BQK2R b KQkq - 0 6,g4d1 c4f7 e8e7 c3d5,1242,76,92,8164,mate mateIn2 opening short,https://lichess.org/5Vm2okU7/black#12,Italian_Game Italian_Game_Other_variations,https://lichess.org/training/YeF1w,True,bottom-right 1,white,"[4, 6]","[3, 4]","[4, 4]","[5, 6]"
yHcWA,r2qkb1r/pppn1ppp/2np4/4N1Pb/2B1P3/P1NP3P/1PP2P2/R1BQK2R b KQkq - 0 10,h5d1 c4f7 e8e7 c3d5,1243,79,94,7025,attackingF2F7 mate mateIn2 middlegame short,https://lichess.org/92mU5Obx/black#20,Philidor_Defense Philidor_Defense_Other_variations,https://lichess.org/training/yHcWA,True,bottom-right 1,white,"[4, 6]","[3, 4]","[4, 4]","[5, 6]"
QSHIc,r2qkb1r/ppp2p1p/3p3p/4N3/2BnP1b1/2NP4/PPP2PPP/R2Q1RK1 b kq - 0 8,g4d1 c4f7 e8e7 c3d5,1244,78,88,721,attackingF2F7 mate mateIn2 middlegame short,https://lichess.org/TvqFlq9j/black#16,Philidor_Defense Philidor_Defense_Other_variations,https://lichess.org/training/QSHIc,True,bottom-right 1,white,"[4, 6]","[3, 4]","[4, 4]","[5, 6]"
qHXP3,rn1qkbnr/ppp2ppp/3p4/4N3/2B1P1b1/2N5/PPPP1PPP/R1BQK2R b KQkq - 0 5,g4d1 c4f7 e8e7 c3d5,1244,75,92,1668,attackingF2F7 mate mateIn2 opening short,https://lichess.org/oJpj20Zw/black#10,Vienna_Game Vienna_Game_Other_variations,https://lichess.org/training/qHXP3,True,bottom-right 1,white,"[4, 6]","[3, 4]","[4, 4]","[5, 6]"
J9UB1,r2qkbnr/ppp2pp1/2np3p/4N2b/2B1PP2/2N4P/PPPP2P1/R1BQK2R b KQkq - 0 7,h5d1 c4f7 e8e7 c3d5,1245,79,91,2071,attackingF2F7 mate mateIn2 opening short,https://lichess.org/4ObCp4FK/black#14,Kings_Gambit_Declined Kings_Gambit_Declined_Queens_Knight_Defense,https://lichess.org/training/J9UB1,True,bottom-right 1,white,"[4, 6]","[3, 4]","[4, 4]","[5, 6]"
TVxQZ,r2qkb1r/ppp3pp/3p1p2/4N3/3nP1b1/1BNP4/PPP3PP/R1BQ1RK1 b kq - 0 10,g4d1 b3f7 e8e7 c3d5,1245,76,86,312,mate mateIn2 opening short,https://lichess.org/dJBg9vzw/black#20,Kings_Gambit Kings_Gambit_Other_variations,https://lichess.org/training/TVxQZ,True,bottom-right 1,white,"[4, 6]","[3, 4]","[4, 4]","[5, 6]"
Bt6ZS,rn1qkbnr/ppp3pp/3p4/4N3/2B1Ppb1/2N5/PPPP1PPP/R1BQ1RK1 b kq - 0 6,g4d1 c4f7 e8e7 c3d5,1245,80,88,617,mate mateIn2 opening short,https://lichess.org/ZsO1kEnA/black#12,Philidor_Defense Philidor_Defense_Other_variations,https://lichess.org/training/Bt6ZS,True,bottom-right 1,white,"[4, 6]","[3, 4]","[4, 4]","[5, 6]"
Ay7Il,r2qkbnr/ppp2Bpp/3p4/4N3/3nP3/2N5/PPPP1PPP/R1BbK2R b KQkq - 0 7,e8e7 c3d5,1245,100,82,56,mate mateIn1 oneMove opening,https://lichess.org/SY49dsIq/black#14,,https://lichess.org/training/Ay7Il,True,bottom-right 1,white,"[4, 6]","[3, 4]","[4, 4]","[5, 6]"
WOFdN,r2qkbnr/ppp2pp1/3p3p/4N3/1PBnPPb1/2N5/P1PP2PP/R1BQK2R b KQkq - 0 7,g4d1 c4f7 e8e7 c3d5,1245,107,62,60,attackingF2F7 mate mateIn2 middlegame short,https://lichess.org/GpUXTj8j/black#14,Kings_Gambit_Declined Kings_Gambit_Declined_Queens_Knight_Defense,https://lichess.org/training/WOFdN,True,bottom-right 1,white,"[4, 6]","[3, 4]","[4, 4]","[5, 6]"
3O3QC,r2qkbnr/ppp2Bp1/3p3p/4N3/3nP3/2N5/PPPP1PPP/R1BbR1K1 b kq - 0 8,e8e7 c3d5,1246,77,89,1334,mate mateIn1 oneMove opening,https://lichess.org/GkY1bwZT/black#16,Italian_Game Italian_Game_Anti-Fried_Liver_Defense,https://lichess.org/training/3O3QC,True,bottom-right 1,white,"[4, 6]","[3, 4]","[4, 4]","[5, 6]"
gOpCY,r2qkbnr/ppp2ppp/3p4/4N3/2BnPpb1/2NP4/PPP3PP/R1BQK2R b KQkq - 2 7,g4d1 c4f7 e8e7 c3d5,1246,79,84,290,attackingF2F7 mate mateIn2 opening short,https://lichess.org/CB6QsRHm/black#14,Kings_Gambit_Accepted Kings_Gambit_Accepted_MacLeod_Defense,https://lichess.org/training/gOpCY,True,bottom-right 1,white,"[4, 6]","[3, 4]","[4, 4]","[5, 6]"
ic0rI,r2qkbnr/1pp2Bpp/p1np4/4N3/3PPp2/2N5/PPP3PP/R1BbK2R b KQkq - 0 8,e8e7 c3d5,1246,75,100,105,mate mateIn1 oneMove opening,https://lichess.org/2PwnjfEC/black#16,Kings_Gambit_Accepted Kings_Gambit_Accepted_Fischer_Defense,https://lichess.org/training/ic0rI,True,bottom-right 1,white,"[4, 6]","[3, 4]","[4, 4]","[5, 6]"
RYBlq,r2qkbnr/ppp2ppp/3p4/4N3/3nP1b1/1BN5/PPPP1PPP/R1BQ1RK1 b kq - 0 7,g4d1 b3f7 e8e7 c3d5,1246,76,87,246,attackingF2F7 mate mateIn2 opening short,https://lichess.org/YgMKGfIh/black#14,Italian_Game Italian_Game_Other_variations,https://lichess.org/training/RYBlq,True,bottom-right 1,white,"[4, 6]","[3, 4]","[4, 4]","[5, 6]"
MqwaC,r2qkb1r/ppp2Bpp/3p1n2/4N1B1/3nP3/2NP4/PPP2PPP/R2bK2R b KQkq - 0 8,e8e7 c3d5,1247,83,77,86,mate mateIn1 middlegame oneMove,https://lichess.org/DHHFdPRj/black#16,,https://lichess.org/training/MqwaC,True,bottom-right 1,white,"[4, 6]","[3, 4]","[4, 4]","[5, 6]"
m7UL3,rn1qkbnr/ppp3pp/3p4/4N3/2B3b1/2N5/PPPP1PPP/R1BQ1RK1 b kq - 0 7,g4d1 c4f7 e8e7 c3d5,1250,85,92,1172,mate mateIn2 opening short,https://lichess.org/FRS8tixG/black#14,Philidor_Defense Philidor_Defense_Other_variations,https://lichess.org/training/m7UL3,True,bottom-right 1,white,"[4, 6]","[3, 4]","[4, 4]","[5, 6]"
xphZe,r2qkbnr/ppp2B1p/2np4/4N1p1/3PPp2/2N5/PPP3PP/R1BbK2R b KQkq - 0 8,e8e7 c3d5,1250,75,99,1419,mate mateIn1 middlegame oneMove,https://lichess.org/H5GbUCvU/black#16,Kings_Gambit_Accepted Kings_Gambit_Accepted_Blachly_Gambit,https://lichess.org/training/xphZe,True,bottom-right 1,white,"[4, 6]","[3, 4]","[4, 4]","[5, 6]"
8Cmx1,r2qkb1r/1p3ppp/p2p2n1/2p1N2Q/4P1b1/1BNP4/PPP3PP/R1B1K2R b KQkq - 0 10,g4h5 b3f7 e8e7 c3d5,1251,75,62,92,attackingF2F7 mate mateIn2 middlegame short,https://lichess.org/caP9VwHw/black#20,Sicilian_Defense Sicilian_Defense_Closed,https://lichess.org/training/8Cmx1,True,bottom-right 1,white,"[4, 6]","[3, 4]","[4, 4]","[5, 6]"
KhAqp,rn1qkbnr/ppp2p2/3p3p/4N1p1/2BPPpb1/2N5/PPP3PP/R1BQK2R b KQkq - 1 7,g4d1 c4f7 e8e7 c3d5,1252,78,94,7004,attackingF2F7 mate mateIn2 opening short,https://lichess.org/yFljEzUG/black#14,Vienna_Game Vienna_Game_Omaha_Gambit,https://lichess.org/training/KhAqp,True,bottom-right 1,white,"[4, 6]","[3, 4]","[4, 4]","[5, 6]"
5Hvwe,r2qkb1r/ppp2p1p/3p1p2/4N3/2BnP1b1/2NP4/PPP2PPP/R2QK2R b KQkq - 0 8,g4d1 c4f7 e8e7 c3d5,1253,78,88,599,attackingF2F7 mate mateIn2 middlegame short,https://lichess.org/G18lfgYc/black#16,Philidor_Defense Philidor_Defense_Other_variations,https://lichess.org/training/5Hvwe,True,bottom-right 1,white,"[4, 6]","[3, 4]","[4, 4]","[5, 6]"
E1r2X,r2Bk2r/ppp2pp1/2n4p/8/4n1b1/3P4/PPP1KbPP/R2Q1BNR w kq - 2 11,g1f3 c6d4,1253,75,95,673,mate mateIn1 middlegame oneMove,https://lichess.org/QWqbTa8f#21,Scandinavian_Defense Scandinavian_Defense_Modern_Variation,https://lichess.org/training/E1r2X,True,bottom-right 1,black,"[4, 6]","[3, 4]","[4, 4]","[5, 6]"
wY67t,r2qkb1r/ppp3p1/3p4/4N2b/2Bn3P/2NP4/PPP1QP2/R3K2R b KQkq - 0 15,h5e2 c4f7 e8e7 c3d5,1253,80,72,146,mate mateIn2 middlegame short,https://lichess.org/GkRMcX0f/black#30,Italian_Game Italian_Game_Paris_Defense,https://lichess.org/training/wY67t,True,bottom-right 1,white,"[4, 6]","[3, 4]","[4, 4]","[5, 6]"
fkWuy,r2qkbnr/ppp2pp1/3p3p/1P2N3/2BnP1b1/2N5/P1PP1PPP/R1BQK2R b KQkq - 0 7,g4d1 c4f7 e8e7 c3d5,1253,75,72,203,attackingF2F7 mate mateIn2 opening short,https://lichess.org/m95e7uvN/black#14,Italian_Game Italian_Game_Other_variations,https://lichess.org/training/fkWuy,True,bottom-right 1,white,"[4, 6]","[3, 4]","[4, 4]","[5, 6]"
6wONO,r2qkbnr/pppn1ppp/3p4/4N3/2B1P1b1/2N5/PPPP1PPP/R1BQK2R b KQkq - 0 5,g4d1 c4f7 e8e7 c3d5,1255,81,89,743,attackingF2F7 mate mateIn2 opening short,https://lichess.org/0vNVaihb/black#10,Philidor_Defense Philidor_Defense_Other_variations,https://lichess.org/training/6wONO,True,bottom-right 1,white,"[4, 6]","[3, 4]","[4, 4]","[5, 6]"
50pNK,r2qkb1r/ppp2ppp/2np4/4N3/2B1P1b1/2N5/PPP2PPP/R1BQ1RK1 b kq - 0 8,g4d1 c4f7 e8e7 c3d5,1255,83,92,853,attackingF2F7 mate mateIn2 opening short,https://lichess.org/tX9AyUfk/black#16,Philidor_Defense Philidor_Defense_Nimzowitsch_Variation,https://lichess.org/training/50pNK,True,bottom-right 1,white,"[4, 6]","[3, 4]","[4, 4]","[5, 6]"
EcU7D,rn1qkb1r/ppp2B2/3p1p1p/4N3/4P3/2N5/PPP2PPP/R2bK2R b KQkq - 1 10,e8e7 c3d5,1257,79,93,1005,mate mateIn1 middlegame oneMove,https://lichess.org/oqervMdt/black#20,Philidor_Defense Philidor_Defense_Other_variations,https://lichess.org/training/EcU7D,True,bottom-right 1,white,"[4, 6]","[3, 4]","[4, 4]","[5, 6]"
tP2Lk,r2qkbnr/ppp2ppp/3p4/4N3/4Ppb1/1BN5/PPPP2PP/R1BQK2R b KQkq - 0 7,g4d1 b3f7 e8e7 c3d5,1258,79,93,1417,attackingF2F7 mate mateIn2 opening short,https://lichess.org/xOJSYDJy/black#14,Vienna_Game Vienna_Game_Other_variations,https://lichess.org/training/tP2Lk,True,bottom-right 1,white,"[4, 6]","[3, 4]","[4, 4]","[5, 6]"
mYmkK,r2qkbnr/ppp2ppp/3p4/4N3/2BnPpb1/2NP4/PPP3PP/R1BQK2R b KQkq - 4 7,g4d1 c4f7 e8e7 c3d5,1258,77,83,739,attackingF2F7 mate mateIn2 opening short,https://lichess.org/6ePLSYYF/black#14,Kings_Gambit_Accepted Kings_Gambit_Accepted_Bishops_Gambit,https://lichess.org/training/mYmkK,True,bottom-right 1,white,"[4, 6]","[3, 4]","[4, 4]","[5, 6]"
EuHpc,r2qkbnr/ppp2pp1/3p3p/4N2b/1PBnP3/P1N4P/2PP1PP1/R1BQK2R b KQkq - 0 8,h5d1 c4f7 e8e7 c3d5,1259,84,91,5815,attackingF2F7 mate mateIn2 opening short,https://lichess.org/2Mw3DvA1/black#16,Philidor_Defense Philidor_Defense_Other_variations,https://lichess.org/training/EuHpc,True,bottom-right 1,white,"[4, 6]","[3, 4]","[4, 4]","[5, 6]"
1kmFA,r2qkb1r/ppp2p1p/2np3p/4N2b/2B1P3/2NP3P/PPP2PP1/R2QK2R b KQkq - 0 8,h5d1 c4f7 e8e7 c3d5,1260,75,80,192,attackingF2F7 mate mateIn2 middlegame short,https://lichess.org/py2tlSAk/black#16,Italian_Game Italian_Game_Other_variations,https://lichess.org/training/1kmFA,True,bottom-right 1,white,"[4, 6]","[3, 4]","[4, 4]","[5, 6]"
0cTLJ,r2qkbnr/ppp3pp/3p4/4N2b/2BnPP2/2NP3P/PPP2P2/R1BQK2R b KQkq - 0 9,h5d1 c4f7 e8e7 c3d5,1260,76,94,6447,mate mateIn2 middlegame short,https://lichess.org/iXgMUvU7/black#18,Italian_Game Italian_Game_Rousseau_Gambit,https://lichess.org/training/0cTLJ,True,bottom-right 1,white,"[4, 6]","[3, 4]","[4, 4]","[5, 6]"
oIxWE,r1bqk2r/pppp1ppp/1bn5/4p1B1/1PP1n3/P2P4/5PPP/RN1QKBNR w KQkq - 0 7,g5d8 b6f2 e1e2 c6d4,1261,75,81,152,attackingF2F7 mate mateIn2 opening short,https://lichess.org/kAKLG5px#13,Kings_Pawn_Game Kings_Pawn_Game_Leonardis_Variation,https://lichess.org/training/oIxWE,True,bottom-right 1,black,"[4, 6]","[3, 4]","[4, 4]","[5, 6]"
pnUJj,r2qkbnr/1pp2pp1/p1np3p/4N3/1PB1P1b1/P1N5/2PP1PPP/R1BQK2R b KQkq - 0 7,g4d1 c4f7 e8e7 c3d5,1261,74,80,248,attackingF2F7 mate mateIn2 opening short,https://lichess.org/uzGqbQSN/black#14,Italian_Game Italian_Game_Other_variations,https://lichess.org/training/pnUJj,True,bottom-right 1,white,"[4, 6]","[3, 4]","[4, 4]","[5, 6]"
PO2KA,r1bq1rk1/pppp2pp/2n5/2bNppB1/2P1n3/P2P4/1P3PPP/R2QKBNR w KQ - 0 8,g5d8 c5f2 e1e2 c6d4,1261,76,90,1120,attackingF2F7 mate mateIn2 middlegame short,https://lichess.org/0cMcc1sZ#15,English_Opening English_Opening_Kings_English_Variation,https://lichess.org/training/PO2KA,True,bottom-right 1,black,"[4, 6]","[3, 4]","[4, 4]","[5, 6]"
zzON7,rn1qkbnr/ppp3pp/3p4/4N3/2BPPpb1/2N5/PPP2PPP/R1BQK2R b KQkq - 0 6,g4d1 c4f7 e8e7 c3d5,1262,79,89,932,mate mateIn2 opening short,https://lichess.org/jTVCwWVF/black#12,Philidor_Defense Philidor_Defense_Lopez_Countergambit,https://lichess.org/training/zzON7,True,bottom-right 1,white,"[4, 6]","[3, 4]","[4, 4]","[5, 6]"
Ve613,r2qkbnr/1pp2ppp/p2p4/4N3/2B1Ppb1/P1N5/1PPP2PP/R1BQ1RK1 b kq - 0 8,g4d1 c4f7 e8e7 c3d5,1262,81,85,565,attackingF2F7 mate mateIn2 opening short,https://lichess.org/T6aXHUdE/black#16,Vienna_Game Vienna_Game_Omaha_Gambit,https://lichess.org/training/Ve613,True,bottom-right 1,white,"[4, 6]","[3, 4]","[4, 4]","[5, 6]"
3dVbn,rn1qkbnr/ppp3pp/3p1p2/4N3/2B1Ppb1/2N5/PPPP2PP/R1BQK2R b KQkq - 1 6,g4d1 c4f7 e8e7 c3d5,1264,78,92,2394,mate mateIn2 opening short,https://lichess.org/IvrwhvhJ/black#12,Kings_Gambit Kings_Gambit_Other_variations,https://lichess.org/training/3dVbn,True,bottom-right 1,white,"[4, 6]","[3, 4]","[4, 4]","[5, 6]"
Fs2Wq,r2qkbnr/1p4pp/p2p1p2/2p1N3/4P1b1/1BNP4/PPP3PP/R1BQK2R b KQkq - 0 9,g4d1 b3f7 e8e7 c3d5,1264,77,95,811,mate mateIn2 middlegame short,https://lichess.org/xvndBYIH/black#18,Vienna_Game Vienna_Game_Max_Lange_Defense,https://lichess.org/training/Fs2Wq,True,bottom-right 1,white,"[4, 6]","[3, 4]","[4, 4]","[5, 6]"
E5oEO,r2qkbnr/ppp2Bp1/3p3p/4N3/3nP3/P1N5/1PPP1PPP/R1Bb1RK1 b kq - 0 8,e8e7 c3d5,1266,80,92,1131,mate mateIn1 oneMove opening,https://lichess.org/pI0Cbujp/black#16,Italian_Game Italian_Game_Anti-Fried_Liver_Defense,https://lichess.org/training/E5oEO,True,bottom-right 1,white,"[4, 6]","[3, 4]","[4, 4]","[5, 6]"
ImA6y,r2qkbnr/ppp2ppp/3p4/4N3/3nP1b1/1BN5/PPPP1PPP/R1BQK2R b KQkq - 0 6,g4d1 b3f7 e8e7 c3d5,1266,75,83,251,attackingF2F7 mate mateIn2 opening short,https://lichess.org/rcDnk4lt/black#12,Italian_Game Italian_Game_Other_variations,https://lichess.org/training/ImA6y,True,bottom-right 1,white,"[4, 6]","[3, 4]","[4, 4]","[5, 6]"
oDdTr,rn1qkbnr/1pp2p1p/p2p4/4N1p1/2B1Ppb1/2N5/PPPP2PP/R1BQ1RK1 b kq - 1 7,g4d1 c4f7 e8e7 c3d5,1267,76,85,1226,attackingF2F7 mate mateIn2 middlegame short,https://lichess.org/w2PLCiK1/black#14,Kings_Gambit Kings_Gambit_Other_variations,https://lichess.org/training/oDdTr,True,bottom-right 1,white,"[4, 6]","[3, 4]","[4, 4]","[5, 6]"
UaaM5,rn1qkbnr/pp3ppp/3p4/2p1N3/2B1Ppb1/2N5/PPPP2PP/R1BQK2R b KQkq - 3 6,g4d1 c4f7 e8e7 c3d5,1267,86,66,57,attackingF2F7 master mate mateIn2 middlegame short,https://lichess.org/wml0yYYK/black#12,Kings_Gambit_Declined Kings_Gambit_Declined_Mafia_Defense,https://lichess.org/training/UaaM5,True,bottom-right 1,white,"[4, 6]","[3, 4]","[4, 4]","[5, 6]"
XU0pT,r2qkbnr/ppp2p1p/3p4/4N1p1/4Ppb1/1BN5/PPPP2PP/R1BQ1RK1 b kq - 0 8,g4d1 b3f7 e8e7 c3d5,1268,76,76,269,attackingF2F7 mate mateIn2 middlegame short,https://lichess.org/Iu9yne8z/black#16,Vienna_Game Vienna_Game_Vienna_Gambit,https://lichess.org/training/XU0pT,True,bottom-right 1,white,"[4, 6]","[3, 4]","[4, 4]","[5, 6]"
7J1qX,rn1qkb1r/ppp3pp/3p1p1B/4N3/2B1P3/2NP3P/PPP2PP1/R2bK2R b KQkq - 0 8,g7h6 c4f7 e8e7 c3d5,1268,75,88,168,mate mateIn2 middlegame short,https://lichess.org/oqJvJFXI/black#16,Philidor_Defense Philidor_Defense_Other_variations,https://lichess.org/training/7J1qX,True,bottom-right 1,white,"[4, 6]","[3, 4]","[4, 4]","[5, 6]"
XvuDF,r2qkbnr/1pp2Bpp/p1np4/4N3/4P3/2N5/PPPP1PPP/R1BbK2R b KQkq - 0 7,e8e7 c3d5,1269,81,80,114,mate mateIn1 oneMove opening,https://lichess.org/rY4eQmpb/black#14,,https://lichess.org/training/XvuDF,True,bottom-right 1,white,"[4, 6]","[3, 4]","[4, 4]","[5, 6]"
p91ym,r1bqk2r/1ppp1pp1/2n4p/p1bNp3/4n2B/P2P4/1PP2PPP/R2QKBNR w KQkq - 0 8,h4d8 c5f2 e1e2 c6d4,1270,78,92,336,attackingF2F7 mate mateIn2 opening short,https://lichess.org/grMiHTPs#15,Kings_Pawn_Game Kings_Pawn_Game_Leonardis_Variation,https://lichess.org/training/p91ym,True,bottom-right 1,black,"[4, 6]","[3, 4]","[4, 4]","[5, 6]"
7oy2d,r2qkbnr/ppp3pp/3p4/4N3/2BnPPb1/2N5/PPP3PP/R1BQK2R b KQkq - 0 8,g4d1 c4f7 e8e7 c3d5,1271,78,88,1632,mate mateIn2 opening short,https://lichess.org/g2xWqGeq/black#16,Nimzowitsch_Defense Nimzowitsch_Defense_Other_variations,https://lichess.org/training/7oy2d,True,bottom-right 1,white,"[4, 6]","[3, 4]","[4, 4]","[5, 6]"
j5tdf,r1bqk2r/pppp1ppp/2n5/2b1p1B1/4n3/P2P3P/1PP2PP1/RN1QKBNR w KQkq - 0 6,g5d8 c5f2 e1e2 c6d4,1271,79,83,809,attackingF2F7 mate mateIn2 opening short,https://lichess.org/y8oXuGdz#11,Kings_Pawn_Game Kings_Pawn_Game_Mengarinis_Opening,https://lichess.org/training/j5tdf,True,bottom-right 1,black,"[4, 6]","[3, 4]","[4, 4]","[5, 6]"
7amBy,r2qkbnr/ppp2ppp/3p4/4N2b/2BnP3/2N4P/PPPP1PP1/R1BQK2R b KQkq - 0 7,h5d1 c4f7 e8e7 c3d5,1272,75,94,20753,attackingF2F7 mate mateIn2 opening short,https://lichess.org/cdKczxPo/black#14,Ruy_Lopez Ruy_Lopez_Steinitz_Defense,https://lichess.org/training/7amBy,True,bottom-right 1,white,"[4, 6]","[3, 4]","[4, 4]","[5, 6]"
yDoGX,r2qkbnr/1p3ppp/p2p4/4N3/2Bn2b1/2N5/PPPP1PPP/R1BQ1RK1 b kq - 0 8,g4d1 c4f7 e8e7 c3d5,1272,77,80,2220,attackingF2F7 mate mateIn2 opening short,https://lichess.org/5oNcZBT4/black#16,Italian_Game Italian_Game_Other_variations,https://lichess.org/training/yDoGX,True,bottom-right 1,white,"[4, 6]","[3, 4]","[4, 4]","[5, 6]"
d7NHH,r2qkbnr/ppp3pp/2np4/4Np1b/2B1P3/P1N4P/1PPP1PP1/R1BQK2R b KQkq - 0 7,h5d1 c4f7 e8e7 c3d5,1274,94,85,81,mate mateIn2 opening short,https://lichess.org/andC53eK/black#14,Vienna_Game Vienna_Game_Max_Lange_Defense,https://lichess.org/training/d7NHH,True,bottom-right 1,white,"[4, 6]","[3, 4]","[4, 4]","[5, 6]"
LHeZX,r2qkbnr/ppp3pp/3p1p2/4N3/1PBnP1b1/2N5/P1PP1PPP/R1BQ1RK1 b kq - 0 7,g4d1 c4f7 e8e7 c3d5,1274,78,88,681,mate mateIn2 opening short,https://lichess.org/vZMt6586/black#14,Philidor_Defense Philidor_Defense_Other_variations,https://lichess.org/training/LHeZX,True,bottom-right 1,white,"[4, 6]","[3, 4]","[4, 4]","[5, 6]"
eMrNA,rn1qkbnr/1p3ppp/3p4/pPp1N3/2B1P1b1/2N5/P1PP1PPP/R1BQK2R b KQkq - 0 7,g4d1 c4f7 e8e7 c3d5,1274,76,94,27170,attackingF2F7 mate mateIn2 middlegame short,https://lichess.org/q7AD4Tsa/black#14,Philidor_Defense Philidor_Defense_Other_variations,https://lichess.org/training/eMrNA,True,bottom-right 1,white,"[4, 6]","[3, 4]","[4, 4]","[5, 6]"
dWEWY,r2qkbnr/1pp2ppp/p1np4/4N2b/2B1P3/2N4P/PPPP1PP1/R1BQK2R b KQkq - 0 7,h5d1 c4f7 e8e7 c3d5,1274,137,57,19,attackingF2F7 mate mateIn2 opening short,https://lichess.org/3HypUqAp/black#14,Ruy_Lopez Ruy_Lopez_Steinitz_Defense,https://lichess.org/training/dWEWY,True,bottom-right 1,white,"[4, 6]","[3, 4]","[4, 4]","[5, 6]"
iOMnq,rn1qkbnr/1pp2ppp/p2p4/4N2b/2B1P3/2N4P/PPPP1PP1/R1BQK2R b KQkq - 0 8,h5d1 c4f7 e8e7 c3d5,1274,80,92,6513,attackingF2F7 mate mateIn2 opening short,https://lichess.org/Ki9McjqP/black#16,Philidor_Defense Philidor_Defense_Other_variations,https://lichess.org/training/iOMnq,True,bottom-right 1,white,"[4, 6]","[3, 4]","[4, 4]","[5, 6]"
doLzJ,rn1qkbnr/2p2Bpp/p2p4/1p2N3/4P3/2N5/PPPP1PPP/R1BbK2R b KQkq - 0 7,e8e7 c3d5,1274,75,95,6795,mate mateIn1 oneMove opening,https://lichess.org/cRXu3MzI/black#14,Philidor_Defense Philidor_Defense_Other_variations,https://lichess.org/training/doLzJ,True,bottom-right 1,white,"[4, 6]","[3, 4]","[4, 4]","[5, 6]"
wfDIg,r2qkbnr/1pp2Bpp/p1np4/4N3/4PP2/2N5/PPPP2PP/R1BbK2R b KQkq - 0 7,e8e7 c3d5,1275,75,92,813,mate mateIn1 oneMove opening,https://lichess.org/LRIobvJf/black#14,Kings_Gambit_Declined Kings_Gambit_Declined_Queens_Knight_Defense,https://lichess.org/training/wfDIg,True,bottom-right 1,white,"[4, 6]","[3, 4]","[4, 4]","[5, 6]"
demSu,r2qkb1r/ppp2ppp/3p4/1P2N3/2BnPPbn/2N5/P1PP2PP/R1BQ1RK1 b kq - 0 9,g4d1 c4f7 e8e7 c3d5,1276,75,85,570,attackingF2F7 mate mateIn2 middlegame short,https://lichess.org/FGb6dQJR/black#18,Kings_Gambit Kings_Gambit_Other_variations,https://lichess.org/training/demSu,True,bottom-right 1,white,"[4, 6]","[3, 4]","[4, 4]","[5, 6]"
x38aJ,r1bqk2r/pppp1pp1/6n1/2bPp1Bp/2P1n2P/P4N2/1P3PP1/RN1QKB1R w KQkq - 0 9,g5d8 c5f2 e1e2 g6f4,1276,80,92,7328,attackingF2F7 mate mateIn2 middlegame short,https://lichess.org/IqJA31yM#17,Nimzowitsch_Defense Nimzowitsch_Defense_Kennedy_Variation,https://lichess.org/training/x38aJ,True,top-right 1,black,"[4, 6]","[3, 4]","[4, 4]","[5, 6]"
Z80DN,rn1qkb1r/pp3p1p/3p3p/2p1N3/2B1P1b1/2NP4/PPP2PPP/R2QK2R b KQkq - 0 7,g4d1 c4f7 e8e7 c3d5,1277,76,83,615,attackingF2F7 mate mateIn2 middlegame short,https://lichess.org/Fqw5rl4n/black#14,Philidor_Defense Philidor_Defense_Other_variations,https://lichess.org/training/Z80DN,True,bottom-right 1,white,"[4, 6]","[3, 4]","[4, 4]","[5, 6]"
1vs94,r2qkbnr/1pp3pp/p2p4/4N2b/3nPp2/PBNP3P/1PP2PP1/R1BQK2R b KQkq - 0 10,h5d1 b3f7 e8e7 c3d5,1277,78,93,612,mate mateIn2 opening short,https://lichess.org/TK3VEsmr/black#20,Ruy_Lopez Ruy_Lopez_Morphy_Defense,https://lichess.org/training/1vs94,True,bottom-right 1,white,"[4, 6]","[3, 4]","[4, 4]","[5, 6]"
nPaWZ,r2qkb1r/ppp2ppp/3p4/4N3/2B1P1b1/2N5/PPPP4/R1BQK2R b KQkq - 0 10,g4d1 c4f7 e8e7 c3d5,1277,81,84,524,attackingF2F7 mate mateIn2 opening short,https://lichess.org/bF8v4QQG/black#20,Vienna_Game Vienna_Game_Vienna_Gambit,https://lichess.org/training/nPaWZ,True,bottom-right 1,white,"[4, 6]","[3, 4]","[4, 4]","[5, 6]"
fGqsx,rn1qkb1r/ppp2ppp/3p4/4N3/4Ppb1/1BN5/PPPP2PP/R1BQ1RK1 b kq - 0 8,g4d1 b3f7 e8e7 c3d5,1277,75,100,2392,attackingF2F7 mate mateIn2 opening short,https://lichess.org/48DpLtYS/black#16,Vienna_Game Vienna_Game_Other_variations,https://lichess.org/training/fGqsx,True,bottom-right 1,white,"[4, 6]","[3, 4]","[4, 4]","[5, 6]"
5BAxR,r1bqk2r/pppp1ppp/6n1/1NbPp1B1/4n3/5N2/PPP2PPP/R2QKB1R w KQkq - 0 8,g5d8 c5f2 e1e2 g6f4,1277,81,88,3129,attackingF2F7 mate mateIn2 opening short,https://lichess.org/sDORh8gE#15,Nimzowitsch_Defense Nimzowitsch_Defense_Kennedy_Variation,https://lichess.org/training/5BAxR,True,top-right 1,black,"[4, 6]","[3, 4]","[4, 4]","[5, 6]"
hOCG2,rn1qkb1r/ppp2ppp/3p4/4N2n/2B1Ppb1/2NP4/PPP3PP/R1BQK2R b KQkq - 2 7,g4d1 c4f7 e8e7 c3d5,1278,76,85,267,attackingF2F7 mate mateIn2 opening short,https://lichess.org/NJpu50IA/black#14,Kings_Gambit Kings_Gambit_Other_variations,https://lichess.org/training/hOCG2,True,bottom-right 1,white,"[4, 6]","[3, 4]","[4, 4]","[5, 6]"
gEb7h,r2qkbnr/ppp3pp/3p4/4N3/2BnPpb1/2NP2P1/PPPB1P1P/R2QK2R b KQkq - 0 8,g4d1 c4f7 e8e7 c3d5,1279,75,71,210,mate mateIn2 middlegame short,https://lichess.org/4eGTfUTa/black#16,Italian_Game Italian_Game_Rousseau_Gambit,https://lichess.org/training/gEb7h,True,bottom-right 1,white,"[4, 6]","[3, 4]","[4, 4]","[5, 6]"
aDCjJ,r2qkb1r/ppp2pp1/3p3p/4N2b/2BnP3/2NP3P/PPP2PP1/R2QK2R b KQkq - 0 11,h5d1 c4f7 e8e7 c3d5,1280,81,92,1185,attackingF2F7 mate mateIn2 middlegame short,https://lichess.org/2MTDtjrC/black#22,Russian_Game Russian_Game_Three_Knights_Game,https://lichess.org/training/aDCjJ,True,bottom-right 1,white,"[4, 6]","[3, 4]","[4, 4]","[5, 6]"
iSyor,r2qkbnr/1pp2ppp/p2p4/4N2b/2BnP3/1PN4P/P1PP1PP1/R1BQ1RK1 b kq - 0 8,h5d1 c4f7 e8e7 c3d5,1280,75,95,19167,attackingF2F7 mate mateIn2 opening short,https://lichess.org/cyd0PhXI/black#16,Philidor_Defense Philidor_Defense_Other_variations,https://lichess.org/training/iSyor,True,bottom-right 1,white,"[4, 6]","[3, 4]","[4, 4]","[5, 6]"
TPbB5,r2qkbnr/ppp2ppp/3p4/n3N2b/2B1P3/2N4P/PPPP1PP1/R1BQ1RK1 b kq - 0 7,h5d1 c4f7 e8e7 c3d5,1280,75,94,30594,attackingF2F7 mate mateIn2 opening short,https://lichess.org/u6FXOms2/black#14,Philidor_Defense Philidor_Defense_Other_variations,https://lichess.org/training/TPbB5,True,bottom-right 1,white,"[4, 6]","[3, 4]","[4, 4]","[5, 6]"
wsJrl,r2qkbnr/ppp3pp/3p4/4N2b/2BnPp2/2NP3P/PPPB1PP1/R2Q1RK1 b kq - 0 9,h5d1 c4f7 e8e7 c3d5,1280,192,41,12,mate mateIn2 middlegame short,https://lichess.org/OUM8EzPx/black#18,Italian_Game Italian_Game_Rousseau_Gambit,https://lichess.org/training/wsJrl,True,bottom-right 1,white,"[4, 6]","[3, 4]","[4, 4]","[5, 6]"
mjrIs,r2k3r/ppN2ppp/2np4/4p3/4n1b1/3P1N2/PPP1KbPP/R2Q1B1R w - - 0 10,c7a8 c6d4,1280,101,62,45,mate mateIn1 middlegame oneMove,https://lichess.org/JsHfrVZS#19,Russian_Game Russian_Game_Other_variations,https://lichess.org/training/mjrIs,True,bottom-right 1,black,"[4, 6]","[3, 4]","[4, 4]","[5, 6]"
DLPUu,r1bqk2r/pppp1pp1/2n4p/2b1p3/4n2B/P2P3P/1PP2PP1/RN1QKBNR w KQkq - 0 7,h4d8 c5f2 e1e2 c6d4,1280,79,85,785,attackingF2F7 mate mateIn2 opening short,https://lichess.org/WPF0nhVh#13,Kings_Pawn_Game Kings_Pawn_Game_Mengarinis_Opening,https://lichess.org/training/DLPUu,True,bottom-right 1,black,"[4, 6]","[3, 4]","[4, 4]","[5, 6]"
YLswe,rn1qkbnr/ppp2p1p/3p4/4N1p1/2B1P1b1/2N5/PPPP1PPP/R1BQK2R b KQkq - 0 5,g4d1 c4f7 e8e7 c3d5,1281,79,91,711,attackingF2F7 mate mateIn2 opening short,https://lichess.org/vnDH56TW/black#10,Philidor_Defense Philidor_Defense_Other_variations,https://lichess.org/training/YLswe,True,bottom-right 1,white,"[4, 6]","[3, 4]","[4, 4]","[5, 6]"
hvISs,r2qkbnr/1pp2ppp/p2p4/4N3/2B1P1b1/2N5/PPPP2PP/R1BQK2R b KQkq - 0 7,g4d1 c4f7 e8e7 c3d5,1281,75,82,192,attackingF2F7 mate mateIn2 opening short,https://lichess.org/QszuGl53/black#14,Kings_Gambit Kings_Gambit_Other_variations,https://lichess.org/training/hvISs,True,bottom-right 1,white,"[4, 6]","[3, 4]","[4, 4]","[5, 6]"
Nkm03,rn1qkbnr/ppp2Bp1/3p3p/4N3/4Pp2/2N5/PPPP2PP/R1BbK2R b KQkq - 0 7,e8e7 c3d5,1281,79,86,1468,mate mateIn1 oneMove opening,https://lichess.org/Ofui4Y0p/black#14,,https://lichess.org/training/Nkm03,True,bottom-right 1,white,"[4, 6]","[3, 4]","[4, 4]","[5, 6]"
lJJ7B,r2qkbnr/pp4pp/3p1p2/2p1N3/2B1P1b1/2N5/PPPP2PP/R1BQ1RK1 b kq - 0 8,g4d1 c4f7 e8e7 c3d5,1281,78,93,657,mate mateIn2 middlegame short,https://lichess.org/If3dp72L/black#16,Kings_Gambit Kings_Gambit_Other_variations,https://lichess.org/training/lJJ7B,True,bottom-right 1,white,"[4, 6]","[3, 4]","[4, 4]","[5, 6]"
8nfbQ,r1bBk2r/pppp1ppp/6n1/3Pp3/2P1n3/5N1P/PP3bP1/RN1QKB1R w KQkq - 0 9,e1e2 g6f4,1282,80,88,484,mate mateIn1 middlegame oneMove,https://lichess.org/EMq3WfSw#17,Mikenas_Defense Mikenas_Defense_Other_variations,https://lichess.org/training/8nfbQ,True,top-right 1,black,"[4, 6]","[3, 4]","[4, 4]","[5, 6]"
NDZEx,3rk2r/pp3ppp/2n5/4p3/4n3/3P1b1P/PPP1KbP1/R2Q1B1R w k - 0 12,g2f3 c6d4,1282,75,90,660,mate mateIn1 middlegame oneMove,https://lichess.org/oidPAZo6#23,Alekhine_Defense Alekhine_Defense_Scandinavian_Variation,https://lichess.org/training/NDZEx,True,bottom-right 1,black,"[4, 6]","[3, 4]","[4, 4]","[5, 6]"
07KkQ,r1bqk2r/pppp1ppp/2n5/2b1p1B1/4n3/P2P2P1/1PP2P1P/RN1QKBNR w KQkq - 0 6,g5d8 c5f2 e1e2 c6d4,1282,75,96,631,attackingF2F7 mate mateIn2 opening short,https://lichess.org/VlJvpGLz#11,Kings_Pawn_Game Kings_Pawn_Game_Leonardis_Variation,https://lichess.org/training/07KkQ,True,bottom-right 1,black,"[4, 6]","[3, 4]","[4, 4]","[5, 6]"
Oehax,rn1qkbnr/ppp3pp/3p4/4N2b/2B1Pp2/2N4P/PPPP1PP1/R1BQ1RK1 b kq - 0 7,h5d1 c4f7 e8e7 c3d5,1283,76,95,3225,mate mateIn2 opening short,https://lichess.org/vYvIlfOG/black#14,Philidor_Defense Philidor_Defense_Lopez_Countergambit,https://lichess.org/training/Oehax,True,bottom-right 1,white,"[4, 6]","[3, 4]","[4, 4]","[5, 6]"
ylPaJ,rn1qkbnr/ppp3pp/3p4/4N3/2BP1pb1/2N5/PPP3PP/R1BQ1RK1 b kq - 0 9,g4d1 c4f7 e8e7 c3d5,1284,75,81,789,mate mateIn2 opening short,https://lichess.org/M1vkwMUk/black#18,Vienna_Game Vienna_Game_Vienna_Gambit,https://lichess.org/training/ylPaJ,True,bottom-right 1,white,"[4, 6]","[3, 4]","[4, 4]","[5, 6]"
C5PJ0,r2qkbnr/1pp2ppp/p2p4/4N3/2BnPPb1/2N5/PPPP2PP/R1BQK2R b KQkq - 0 7,g4d1 c4f7 e8e7 c3d5,1285,75,72,488,attackingF2F7 mate mateIn2 opening short,https://lichess.org/9Y2lzJhm/black#14,Vienna_Game Vienna_Game_Vienna_Gambit,https://lichess.org/training/C5PJ0,True,bottom-right 1,white,"[4, 6]","[3, 4]","[4, 4]","[5, 6]"
95zFr,rn1qkbnr/ppp2Bp1/3p3p/4N3/4Pp2/2N4P/PPPP2P1/R1BbK2R b KQkq - 0 8,e8e7 c3d5,1286,77,96,12467,mate mateIn1 oneMove opening,https://lichess.org/P2Xr6IoV/black#16,Kings_Gambit_Accepted Kings_Gambit_Accepted_Fischer_Defense,https://lichess.org/training/95zFr,True,bottom-right 1,white,"[4, 6]","[3, 4]","[4, 4]","[5, 6]"
37A1J,r2qkbnr/ppp2ppp/3p4/4N3/2B2pb1/2N5/PPPP2PP/R1BQK2R b KQkq - 0 7,g4d1 c4f7 e8e7 c3d5,1287,75,76,259,attackingF2F7 mate mateIn2 opening short,https://lichess.org/qF1DDLaY/black#14,Kings_Gambit_Accepted Kings_Gambit_Accepted_MacLeod_Defense,https://lichess.org/training/37A1J,True,bottom-right 1,white,"[4, 6]","[3, 4]","[4, 4]","[5, 6]"
VzcVh,r2qkbnr/ppp2ppp/2np4/4N2b/2B1Pp2/2N4P/PPPP2P1/R1BQK2R b KQkq - 2 7,h5d1 c4f7 e8e7 c3d5,1287,76,91,1963,attackingF2F7 mate mateIn2 opening short,https://lichess.org/u22yzeRK/black#14,Kings_Gambit_Accepted Kings_Gambit_Accepted_Fischer_Defense,https://lichess.org/training/VzcVh,True,bottom-right 1,white,"[4, 6]","[3, 4]","[4, 4]","[5, 6]"
pv5yT,r2qkbnr/ppp2ppp/3p4/4N3/2B1Ppb1/2NP4/PPP3PP/R1BQK2R b KQkq - 0 7,g4d1 c4f7 e8e7 c3d5,1287,80,91,3965,attackingF2F7 mate mateIn2 opening short,https://lichess.org/tlT4nJ8U/black#14,Kings_Gambit_Accepted Kings_Gambit_Accepted_MacLeod_Defense,https://lichess.org/training/pv5yT,True,bottom-right 1,white,"[4, 6]","[3, 4]","[4, 4]","[5, 6]"
JAkyC,r2qkbnr/pppn1pp1/3p3p/4N2b/2B1P3/2N4P/PPPP1PP1/R1BQ1RK1 b kq - 0 7,h5d1 c4f7 e8e7 c3d5,1287,78,90,628,attackingF2F7 mate mateIn2 opening short,https://lichess.org/M1LpP92l/black#14,Philidor_Defense Philidor_Defense_Other_variations,https://lichess.org/training/JAkyC,True,bottom-right 1,white,"[4, 6]","[3, 4]","[4, 4]","[5, 6]"
BU2RB,r2qkbnr/ppp3pp/3p1p2/4N3/2B1P1b1/2N1B3/PP3PPP/R2Q1RK1 b kq - 0 9,g4d1 c4f7 e8e7 c3d5,1288,77,88,310,mate mateIn2 middlegame short,https://lichess.org/oIbfEsis/black#18,Scotch_Game Scotch_Game_Scotch_Gambit,https://lichess.org/training/BU2RB,True,bottom-right 1,white,"[4, 6]","[3, 4]","[4, 4]","[5, 6]"
nq1LG,r1bq1rk1/pppp1ppp/2n5/2b1p1B1/2P1n3/P2P3P/1P3PP1/RN1QKBNR w KQ - 0 7,g5d8 c5f2 e1e2 c6d4,1288,79,70,181,attackingF2F7 mate mateIn2 opening short,https://lichess.org/hrDid1bB#13,Kings_Pawn_Game Kings_Pawn_Game_Mengarinis_Opening,https://lichess.org/training/nq1LG,True,bottom-right 1,black,"[4, 6]","[3, 4]","[4, 4]","[5, 6]"
FXjZ9,r2qkbnr/ppp2ppp/3p4/3BN2b/3nP3/2N4P/PPPP1PP1/R1BQK2R b KQkq - 0 7,h5d1 d5f7 e8e7 c3d5,1289,76,77,428,attackingF2F7 mate mateIn2 opening short,https://lichess.org/aNFqe4E7/black#14,Philidor_Defense Philidor_Defense_Other_variations,https://lichess.org/training/FXjZ9,True,bottom-right 1,white,"[4, 6]","[3, 4]","[4, 4]","[5, 6]"
tu1il,r1bBk2r/pppp1ppp/2n5/4p3/2P1n3/3P3P/PP3bP1/RN1QKBNR w KQkq - 0 7,e1e2 c6d4,1290,79,92,2346,mate mateIn1 oneMove opening,https://lichess.org/lOu3W0ZK#13,English_Opening English_Opening_The_Whale,https://lichess.org/training/tu1il,True,bottom-right 1,black,"[4, 6]","[3, 4]","[4, 4]","[5, 6]"
t0DKB,r2qkbnr/ppp2ppp/3p4/n3N3/2B1PPb1/2N5/PPPP2PP/R1BQK2R b KQkq - 0 6,g4d1 c4f7 e8e7 c3d5,1290,76,84,632,attackingF2F7 mate mateIn2 opening short,https://lichess.org/GTjsREdB/black#12,Kings_Gambit Kings_Gambit_Other_variations,https://lichess.org/training/t0DKB,True,bottom-right 1,white,"[4, 6]","[3, 4]","[4, 4]","[5, 6]"
3cq36,r2qkbnr/ppp2pp1/3p3p/4N3/2BnP1b1/P1N5/1PPP1PPP/R1BQ1RK1 b kq - 0 7,g4d1 c4f7 e8e7 c3d5,1291,94,78,48,attackingF2F7 mate mateIn2 opening short,https://lichess.org/nky3bWdD/black#14,Italian_Game Italian_Game_Anti-Fried_Liver_Defense,https://lichess.org/training/3cq36,True,bottom-right 1,white,"[4, 6]","[3, 4]","[4, 4]","[5, 6]"
3Cc9M,r2qkb1r/ppp2Bpp/3p1n2/4N1B1/4P3/2N4P/PP3PP1/R2b1RK1 b kq - 0 11,e8e7 c3d5,1291,79,87,1193,mate mateIn1 middlegame oneMove pin,https://lichess.org/ZWNytIb2/black#22,Scotch_Game Scotch_Game_Goring_Gambit,https://lichess.org/training/3Cc9M,True,bottom-right 1,white,"[4, 6]","[3, 4]","[4, 4]","[5, 6]"
yPUt6,r2qkbnr/1pp4p/p1np1p2/4N1p1/2BPPpbP/2N5/PPP3P1/R1BQ1RK1 b kq - 1 9,g4d1 c4f7 e8e7 c3d5,1291,78,90,1726,mate mateIn2 middlegame short,https://lichess.org/pfd3ZiTL/black#18,Kings_Gambit_Accepted Kings_Gambit_Accepted_Fischer_Defense,https://lichess.org/training/yPUt6,True,bottom-right 1,white,"[4, 6]","[3, 4]","[4, 4]","[5, 6]"
tRJdR,r1bq1rk1/pppp1ppp/2n5/2b1p1B1/4n3/2NP2PP/PPP2P2/R2QKBNR w KQ - 0 7,g5d8 c5f2 e1e2 c6d4,1292,76,80,448,attackingF2F7 mate mateIn2 opening short,https://lichess.org/UX13ecx6#13,Vienna_Game Vienna_Game_Falkbeer_Variation,https://lichess.org/training/tRJdR,True,bottom-right 1,black,"[4, 6]","[3, 4]","[4, 4]","[5, 6]"
O4pBT,r2qkbr1/ppp2p2/3p4/3BN1p1/3nP1b1/2NP4/PPP2PP1/R2Q1RK1 b q - 0 14,g4d1 d5f7 e8e7 c3d5,1292,166,38,10,attackingF2F7 fork mate mateIn2 middlegame short,https://lichess.org/5Cxph8pg/black#28,Italian_Game Italian_Game_Two_Knights_Defense,https://lichess.org/training/O4pBT,True,bottom-right 1,white,"[4, 6]","[3, 4]","[4, 4]","[5, 6]"
w9Lt7,r2qkbnr/pp3ppp/3p4/2p1N3/2BnPPb1/2N5/PPPP2PP/R1BQ1RK1 b kq - 0 7,g4d1 c4f7 e8e7 c3d5,1293,76,89,1280,attackingF2F7 mate mateIn2 middlegame short,https://lichess.org/JERpDIne/black#14,Sicilian_Defense Sicilian_Defense_Closed,https://lichess.org/training/w9Lt7,True,bottom-right 1,white,"[4, 6]","[3, 4]","[4, 4]","[5, 6]"
RngKX,rn1qkb1r/ppp2ppp/3p4/4N3/2B1P1b1/2N5/PPPP1P2/R1BQK2R b KQkq - 0 8,g4d1 c4f7 e8e7 c3d5,1294,81,92,9326,attackingF2F7 mate mateIn2 opening short,https://lichess.org/pY66Dj32/black#16,Philidor_Defense Philidor_Defense_Other_variations,https://lichess.org/training/RngKX,True,bottom-right 1,white,"[4, 6]","[3, 4]","[4, 4]","[5, 6]"
85MsX,r2qkbnr/ppp2pp1/3p3p/4N3/2BnPPb1/2N5/PPP3PP/R1BQK2R b KQkq - 0 7,g4d1 c4f7 e8e7 c3d5,1294,75,84,664,attackingF2F7 mate mateIn2 opening short,https://lichess.org/FzUPlpVT/black#14,Kings_Gambit Kings_Gambit_Other_variations,https://lichess.org/training/85MsX,True,bottom-right 1,white,"[4, 6]","[3, 4]","[4, 4]","[5, 6]"
b8VMd,r2qkbnr/ppp3pp/3p4/4Np2/2B1P1b1/2N5/PPPP2PP/R1BQK2R b KQkq - 0 7,g4d1 c4f7 e8e7 c3d5,1295,79,93,3214,mate mateIn2 opening short,https://lichess.org/XrW5vWlc/black#14,Kings_Gambit Kings_Gambit_Other_variations,https://lichess.org/training/b8VMd,True,bottom-right 1,white,"[4, 6]","[3, 4]","[4, 4]","[5, 6]"
4Zx7t,r2qkbnr/pp3ppp/3p4/4N3/1pB1P1b1/2N5/P1PP1PPP/R2QK2R b KQkq - 0 8,g4d1 c4f7 e8e7 c3d5,1295,78,86,832,attackingF2F7 mate mateIn2 middlegame short,https://lichess.org/i2BRaOC2/black#16,Philidor_Defense Philidor_Defense_Other_variations,https://lichess.org/training/4Zx7t,True,bottom-right 1,white,"[4, 6]","[3, 4]","[4, 4]","[5, 6]"
zfWmT,rn1qkbnr/ppp2pp1/3p3p/4N3/2B1P1b1/2N5/PPPP1PPP/R1BQK2R b KQkq - 0 7,g4d1 c4f7 e8e7 c3d5,1295,79,91,6259,attackingF2F7 mate mateIn2 opening short,https://lichess.org/D5Z3M9GQ/black#14,Philidor_Defense Philidor_Defense_Other_variations,https://lichess.org/training/zfWmT,True,bottom-right 1,white,"[4, 6]","[3, 4]","[4, 4]","[5, 6]"
cqMz8,r2qkbnr/ppp2p1p/3p2p1/4N3/2BnP1b1/P1N5/1PPP1PPP/R1BQ1RK1 b kq - 0 7,g4d1 c4f7 e8e7 c3d5,1296,76,90,516,attackingF2F7 master mate mateIn2 opening short,https://lichess.org/Hi2QwDuc/black#14,Italian_Game Italian_Game_Paris_Defense,https://lichess.org/training/cqMz8,True,bottom-right 1,white,"[4, 6]","[3, 4]","[4, 4]","[5, 6]"
v9hoR,rn1qkb1r/ppp2pp1/3p3p/4N2n/2BPPpbP/2N5/PPP3P1/R1BQK2R b KQkq - 2 8,g4d1 c4f7 e8e7 c3d5,1296,76,92,6721,attackingF2F7 mate mateIn2 opening short,https://lichess.org/7DuHNqXe/black#16,Vienna_Game Vienna_Game_Vienna_Gambit,https://lichess.org/training/v9hoR,True,bottom-right 1,white,"[4, 6]","[3, 4]","[4, 4]","[5, 6]"
7mYIj,rn1qkbnr/ppp2B2/3p1p1p/4N1p1/3PPp2/2N5/PPP3PP/R1Bb1RK1 b kq - 1 9,e8e7 c3d5,1296,94,47,38,mate mateIn1 oneMove opening,https://lichess.org/vnGqC8cY/black#18,Kings_Gambit_Accepted Kings_Gambit_Accepted_Bishops_Gambit,https://lichess.org/training/7mYIj,True,bottom-right 1,white,"[4, 6]","[3, 4]","[4, 4]","[5, 6]"
rKPhz,r2qkb1r/ppp2pp1/3p3p/4N3/2BnP1b1/1PNP4/PBP2P2/R2QK2R b KQkq - 0 11,g4d1 c4f7 e8e7 c3d5,1296,146,82,12,attackingF2F7 mate mateIn2 middlegame short,https://lichess.org/Cf7IqDC0/black#22,Philidor_Defense Philidor_Defense_Other_variations,https://lichess.org/training/rKPhz,True,bottom-right 1,white,"[4, 6]","[3, 4]","[4, 4]","[5, 6]"
pdrYu,r2qkbnr/1pp3pp/p1np1p2/4N3/2B1P1b1/2NP4/PPP2PPP/R1BQK2R b KQkq - 0 7,g4d1 c4f7 e8e7 c3d5,1296,76,95,29579,mate mateIn2 opening short,https://lichess.org/LXAJFTmO/black#14,Ruy_Lopez Ruy_Lopez_Nurnberg_Variation,https://lichess.org/training/pdrYu,True,bottom-right 1,white,"[4, 6]","[3, 4]","[4, 4]","[5, 6]"
wVKIj,rn1qkbnr/2p2ppp/p2p4/1p2N3/4P1b1/1BN5/PPPP1PPP/R1BQK2R b KQkq - 0 6,g4d1 b3f7 e8e7 c3d5,1297,80,93,995,attackingF2F7 mate mateIn2 opening short,https://lichess.org/aPQVEXjP/black#12,Philidor_Defense Philidor_Defense_Other_variations,https://lichess.org/training/wVKIj,True,bottom-right 1,white,"[4, 6]","[3, 4]","[4, 4]","[5, 6]"
tQCMy,r2qkb1r/ppp2ppp/3p1n2/4N1Bb/2BnP3/2NP3P/PPP2PP1/R2QK2R b KQkq - 0 8,h5d1 c4f7 e8e7 c3d5,1298,74,81,151,attackingF2F7 mate mateIn2 middlegame short,https://lichess.org/mwccs74r/black#16,Italian_Game Italian_Game_Other_variations,https://lichess.org/training/tQCMy,True,bottom-right 1,white,"[4, 6]","[3, 4]","[4, 4]","[5, 6]"
WYfp9,r2qkbnr/ppp2ppp/3p4/4N2b/4Pp2/1BN4P/PPPP2P1/R1BQK2R b KQkq - 0 8,h5d1 b3f7 e8e7 c3d5,1298,81,93,856,attackingF2F7 mate mateIn2 opening short,https://lichess.org/VPdqXAG9/black#16,Kings_Gambit_Accepted Kings_Gambit_Accepted_Fischer_Defense,https://lichess.org/training/WYfp9,True,bottom-right 1,white,"[4, 6]","[3, 4]","[4, 4]","[5, 6]"
lYOaa,r2qkbnr/ppp2ppp/3p4/4N3/2BnP1b1/P1N5/1PPP1PPP/R1BQK2R b KQkq - 0 6,g4d1 c4f7 e8e7 c3d5,1298,78,91,2018,attackingF2F7 mate mateIn2 opening short,https://lichess.org/aDcGg77G/black#12,Italian_Game Italian_Game_Other_variations,https://lichess.org/training/lYOaa,True,bottom-right 1,white,"[4, 6]","[3, 4]","[4, 4]","[5, 6]"
IEVA2,r1bqk2r/ppp2p2/2np4/2bNp1B1/4n3/P2P4/1PP2PPP/R2QKB1R w KQkq - 0 11,g5d8 c5f2 e1e2 c6d4,1299,79,93,949,attackingF2F7 mate mateIn2 opening short,https://lichess.org/eU8PyweT#21,Russian_Game Russian_Game_Three_Knights_Game,https://lichess.org/training/IEVA2,True,bottom-right 1,black,"[4, 6]","[3, 4]","[4, 4]","[5, 6]"
2o1lk,r1bq1rk1/1pp5/p1np4/2bNp1B1/4n3/3P4/PPP3PP/R2QKB1R w KQ - 0 14,g5d8 c5f2 e1e2 c6d4,1299,77,92,1046,mate mateIn2 opening short,https://lichess.org/WkoPbJEp#27,Vant_Kruijs_Opening Vant_Kruijs_Opening_Other_variations,https://lichess.org/training/2o1lk,True,bottom-right 1,black,"[4, 6]","[3, 4]","[4, 4]","[5, 6]"
cHxrn,r2qkbnr/ppp2ppp/3p4/4N2b/3nP3/1BN4P/PPPP1PP1/R1BQK2R b KQkq - 0 7,h5d1 b3f7 e8e7 c3d5,1299,74,42,198,attackingF2F7 mate mateIn2 opening short,https://lichess.org/SS9TSOGT/black#14,Italian_Game Italian_Game_Other_variations,https://lichess.org/training/cHxrn,True,bottom-right 1,white,"[4, 6]","[3, 4]","[4, 4]","[5, 6]"
Ws27W,r2qkbnr/1pp2pp1/p1np3p/4N2b/2B1PP2/2NP3P/PPP3P1/R1BQK2R b KQkq - 0 8,h5d1 c4f7 e8e7 c3d5,1300,80,96,11324,attackingF2F7 mate mateIn2 middlegame short,https://lichess.org/ISgXwhVC/black#16,Kings_Gambit Kings_Gambit_Other_variations,https://lichess.org/training/Ws27W,True,bottom-right 1,white,"[4, 6]","[3, 4]","[4, 4]","[5, 6]"
ZbCQm,r2qkbnr/ppp3pp/3p1p2/4N3/2B1P1b1/2N5/PPPP2PP/R1BQK2R b KQkq - 0 7,g4d1 c4f7 e8e7 c3d5,1300,80,93,5131,mate mateIn2 opening short,https://lichess.org/j7FK8728/black#14,Vienna_Game Vienna_Game_Omaha_Gambit,https://lichess.org/training/ZbCQm,True,bottom-right 1,white,"[4, 6]","[3, 4]","[4, 4]","[5, 6]"
MYpsd,r2qkbnr/ppp3pp/3p4/4NP2/2Bn1Pb1/2NP4/PPP3PP/R1BQK2R b KQkq - 0 8,g4d1 c4f7 e8e7 c3d5,1301,81,91,2021,mate mateIn2 opening short,https://lichess.org/Ygb1Ey3E/black#16,Kings_Gambit Kings_Gambit_Other_variations,https://lichess.org/training/MYpsd,True,bottom-right 1,white,"[4, 6]","[3, 4]","[4, 4]","[5, 6]"
dP2Db,r2qkbnr/pp3Bpp/3p4/2p1N3/3nPP2/2N5/PPPP2PP/R1Bb1RK1 b kq - 0 8,e8e7 c3d5,1302,88,63,41,mate mateIn1 middlegame oneMove,https://lichess.org/s60Fr9RG/black#16,,https://lichess.org/training/dP2Db,True,bottom-right 1,white,"[4, 6]","[3, 4]","[4, 4]","[5, 6]"
ENKdf,r2qkbnr/1pp3pp/p2p1p2/4N3/2BnPPb1/2NP4/PPP3PP/R1BQ1RK1 b kq - 0 8,g4d1 c4f7 e8e7 c3d5,1302,78,92,804,mate mateIn2 opening short,https://lichess.org/xJN7xLxY/black#16,Kings_Gambit_Declined Kings_Gambit_Declined_Queens_Knight_Defense,https://lichess.org/training/ENKdf,True,bottom-right 1,white,"[4, 6]","[3, 4]","[4, 4]","[5, 6]"
3tJeg,r2qkb1r/pppn2pp/3p1n2/4N1B1/2B1P1b1/2N5/PPP2PPP/R2QK2R b KQkq - 0 8,g4d1 c4f7 e8e7 c3d5,1303,75,97,1923,mate mateIn2 middlegame pin short,https://lichess.org/L1USjP5K/black#16,Philidor_Defense Philidor_Defense_Lopez_Countergambit,https://lichess.org/training/3tJeg,True,bottom-right 1,white,"[4, 6]","[3, 4]","[4, 4]","[5, 6]"
V1gJl,r1bqk2r/pppp1pp1/2n4p/2b1p3/4n2B/2NP3P/PPP2PP1/R2QKBNR w KQkq - 0 7,h4d8 c5f2 e1e2 c6d4,1304,78,92,106,attackingF2F7 mate mateIn2 opening short,https://lichess.org/NtMe66N0#13,Alekhine_Defense Alekhine_Defense_Maroczy_Variation,https://lichess.org/training/V1gJl,True,bottom-right 1,black,"[4, 6]","[3, 4]","[4, 4]","[5, 6]"
9KEJI,r2qkbnr/ppp2Bp1/3p3p/4N3/1P1nPP2/2N5/P1PP2PP/R1BbK2R b KQkq - 0 8,e8e7 c3d5,1304,77,96,1709,mate mateIn1 middlegame oneMove,https://lichess.org/pdKDhb36/black#16,Kings_Gambit_Declined Kings_Gambit_Declined_Queens_Knight_Defense,https://lichess.org/training/9KEJI,True,bottom-right 1,white,"[4, 6]","[3, 4]","[4, 4]","[5, 6]"
OGJL7,rn1qkbnr/ppp2B2/3p3p/4N1p1/4Pp2/2N5/PPPP2PP/R1Bb1RK1 b kq - 0 8,e8e7 c3d5,1304,81,92,61,mate mateIn1 oneMove opening,https://lichess.org/PS9cyIHw/black#16,Kings_Gambit_Accepted Kings_Gambit_Accepted_Fischer_Defense,https://lichess.org/training/OGJL7,True,bottom-right 1,white,"[4, 6]","[3, 4]","[4, 4]","[5, 6]"
z4hqf,r2qkbnr/ppp2ppp/3p4/4N3/1PBnP1b1/2N5/P1PP1PPP/R1BQK2R b KQkq - 0 8,g4d1 c4f7 e8e7 c3d5,1304,82,88,181,attackingF2F7 mate mateIn2 opening short,https://lichess.org/p0bXE5Op/black#16,Philidor_Defense Philidor_Defense_Other_variations,https://lichess.org/training/z4hqf,True,bottom-right 1,white,"[4, 6]","[3, 4]","[4, 4]","[5, 6]"
rmxkQ,r2qkb1r/ppp2Bpp/2np1n2/4N1B1/4P3/2N5/PP3PPP/R2bK2R b KQkq - 0 9,e8e7 c3d5,1304,82,94,1705,mate mateIn1 middlegame oneMove pin,https://lichess.org/rW7ZatuE/black#18,Danish_Gambit_Accepted Danish_Gambit_Accepted_Other_variations,https://lichess.org/training/rmxkQ,True,bottom-right 1,white,"[4, 6]","[3, 4]","[4, 4]","[5, 6]"
t1fxI,rn1qkbnr/1pp2ppp/p2p4/4N2b/2B1P3/2N4P/PPPP1PP1/R1BQK2R b KQkq - 0 6,h5d1 c4f7 e8e7 c3d5,1304,227,0,7,attackingF2F7 mate mateIn2 opening short,https://lichess.org/0YXaa32Y/black#12,Philidor_Defense Philidor_Defense_Other_variations,https://lichess.org/training/t1fxI,True,bottom-right 1,white,"[4, 6]","[3, 4]","[4, 4]","[5, 6]"
4i7lr,r2qkbnr/1pp3pp/p2p4/4N3/P1B1Ppb1/2N5/1PP2PPP/R1BQK2R b KQkq - 0 9,g4d1 c4f7 e8e7 c3d5,1304,75,98,2412,mate mateIn2 opening short,https://lichess.org/2xse78A9/black#18,Italian_Game Italian_Game_Rousseau_Gambit,https://lichess.org/training/4i7lr,True,bottom-right 1,white,"[4, 6]","[3, 4]","[4, 4]","[5, 6]"
0Gssr,r2qkbnr/1pp2ppp/p2p4/4N3/P1BnP1b1/2N5/1PPP1PPP/R1BQ1RK1 b kq - 0 7,g4d1 c4f7 e8e7 c3d5,1305,83,92,5923,attackingF2F7 mate mateIn2 opening short,https://lichess.org/tU5eJlog/black#14,Philidor_Defense Philidor_Defense_Other_variations,https://lichess.org/training/0Gssr,True,bottom-right 1,white,"[4, 6]","[3, 4]","[4, 4]","[5, 6]"
p0QBu,r1bqk2r/pppp1ppp/2n5/2b1p1B1/4n1P1/3P3P/PPP2P2/RN1QKBNR w KQkq - 0 6,g5d8 c5f2 e1e2 c6d4,1306,75,85,995,attackingF2F7 mate mateIn2 opening short,https://lichess.org/nzLuuaWL#11,Kings_Pawn_Game Kings_Pawn_Game_Leonardis_Variation,https://lichess.org/training/p0QBu,True,bottom-right 1,black,"[4, 6]","[3, 4]","[4, 4]","[5, 6]"
rD1To,r1bBk2r/pppp2pp/2n5/3Npp2/4n3/3P3P/PPP2bP1/R2QKBNR w KQkq - 0 8,e1e2 c6d4,1306,80,90,180,master mate mateIn1 oneMove opening,https://lichess.org/KVfIL0xa#15,,https://lichess.org/training/rD1To,True,bottom-right 1,black,"[4, 6]","[3, 4]","[4, 4]","[5, 6]"
qAoI8,rn1qkbnr/ppp4p/3p1p2/4N1p1/2B1PpbP/2N5/PPPP2P1/R1BQK2R b KQkq - 3 7,g4d1 c4f7 e8e7 c3d5,1306,76,60,571,mate mateIn2 middlegame short,https://lichess.org/m1sChhCa/black#14,Kings_Gambit_Accepted Kings_Gambit_Accepted_Bishops_Gambit,https://lichess.org/training/qAoI8,True,bottom-right 1,white,"[4, 6]","[3, 4]","[4, 4]","[5, 6]"
qvsTr,r2qkb1r/ppp2Bpp/2np1n2/4N1B1/4P3/2N4P/PPP2PP1/R2bK2R b KQkq - 1 10,e8e7 c3d5,1306,84,76,56,mate mateIn1 middlegame oneMove pin,https://lichess.org/4oMxMHFT/black#20,Italian_Game Italian_Game_Rousseau_Gambit,https://lichess.org/training/qvsTr,True,bottom-right 1,white,"[4, 6]","[3, 4]","[4, 4]","[5, 6]"
j3UQt,r2q1bnr/ppp1kBpp/3p4/4N1B1/3nP3/2NP4/PPP2PPP/R2bK2R b KQ - 2 9,g8f6 c3d5,1307,76,89,862,mate mateIn1 middlegame oneMove,https://lichess.org/qOhqlQ0o/black#18,Ruy_Lopez Ruy_Lopez_Steinitz_Defense,https://lichess.org/training/j3UQt,True,bottom-right 1,white,"[4, 6]","[3, 4]","[4, 4]","[5, 6]"
usDHk,r2qkb1r/ppp2ppp/3p4/4N3/2BnP1b1/2NP4/PPP2P2/R1BQK2R b KQkq - 0 10,g4d1 c4f7 e8e7 c3d5,1307,84,93,300,attackingF2F7 mate mateIn2 opening short,https://lichess.org/iDxbbx3m/black#20,Vant_Kruijs_Opening Vant_Kruijs_Opening_Other_variations,https://lichess.org/training/usDHk,True,bottom-right 1,white,"[4, 6]","[3, 4]","[4, 4]","[5, 6]"
iLMl3,r2q1b1r/ppp1kBpp/3p1n2/4N1B1/3nP1b1/2N5/PPP2PPP/R2QK2R b KQ - 0 8,g4d1 c3d5,1307,75,100,348,mate mateIn1 middlegame oneMove pin,https://lichess.org/8L21xHJD/black#16,Philidor_Defense Philidor_Defense_Other_variations,https://lichess.org/training/iLMl3,True,bottom-right 1,white,"[4, 6]","[3, 4]","[4, 4]","[5, 6]"
XsOxN,r2qkb1r/1pp2pp1/p2p3p/4N3/2BnP1b1/2NP4/PPP2PPP/R2Q1RK1 b kq - 0 13,g4d1 c4f7 e8e7 c3d5,1308,75,83,458,attackingF2F7 mate mateIn2 middlegame short,https://lichess.org/Vo9vhSGu/black#26,Philidor_Defense Philidor_Defense_Other_variations,https://lichess.org/training/XsOxN,True,bottom-right 1,white,"[4, 6]","[3, 4]","[4, 4]","[5, 6]"
SswdA,r2qkb1r/1pp4p/p1np1p1p/4N2b/2B1P3/2NP3P/PPP2PP1/R2QK2R b KQkq - 0 10,h5d1 c4f7 e8e7 c3d5,1308,76,99,979,mate mateIn2 middlegame short,https://lichess.org/CEtfGM6K/black#20,Philidor_Defense Philidor_Defense_Other_variations,https://lichess.org/training/SswdA,True,bottom-right 1,white,"[4, 6]","[3, 4]","[4, 4]","[5, 6]"
OcSrc,r2qkbnr/ppp2pp1/2np3p/4N3/4PPb1/1BN5/PPPP2PP/R1BQK2R b KQkq - 0 7,g4d1 b3f7 e8e7 c3d5,1308,77,87,930,attackingF2F7 mate mateIn2 opening short,https://lichess.org/1N6dk82z/black#14,Kings_Gambit Kings_Gambit_Other_variations,https://lichess.org/training/OcSrc,True,bottom-right 1,white,"[4, 6]","[3, 4]","[4, 4]","[5, 6]"
zchMi,rn1qkbnr/ppp4p/3p4/4N1p1/2B1Ppb1/2N5/PPPP2P1/R1BQK2R b KQkq - 1 8,g4d1 c4f7 e8e7 c3d5,1309,76,91,1653,mate mateIn2 middlegame short,https://lichess.org/LFE7YldL/black#16,Kings_Gambit_Accepted Kings_Gambit_Accepted_Quaade_Gambit,https://lichess.org/training/zchMi,True,bottom-right 1,white,"[4, 6]","[3, 4]","[4, 4]","[5, 6]"
W5vKW,r2qkbnr/1ppn1p1p/p2p4/4N1p1/2BPPpb1/2N5/PPP3PP/R1BQ1RK1 b kq - 1 8,g4d1 c4f7 e8e7 c3d5,1310,77,91,3213,attackingF2F7 mate mateIn2 opening short,https://lichess.org/kIYpTTW4/black#16,Kings_Gambit_Accepted Kings_Gambit_Accepted_Kings_Knights_Gambit,https://lichess.org/training/W5vKW,True,bottom-right 1,white,"[4, 6]","[3, 4]","[4, 4]","[5, 6]"
hP13G,r2qkbnr/ppp3pp/2np1p2/4N2b/2B1P3/2NP3P/PPP2PP1/R1BQK2R b KQkq - 0 7,h5d1 c4f7 e8e7 c3d5,1310,75,95,26631,mate mateIn2 opening short,https://lichess.org/YMu4r79b/black#14,Philidor_Defense Philidor_Defense_Other_variations,https://lichess.org/training/hP13G,True,bottom-right 1,white,"[4, 6]","[3, 4]","[4, 4]","[5, 6]"
S2oZd,r1bqk2r/1ppp1ppp/2n5/p1bNp1B1/2P1n3/3P4/PP3PPP/R2QKBNR w KQkq - 0 7,g5d8 c5f2 e1e2 c6d4,1310,76,93,6187,attackingF2F7 mate mateIn2 middlegame short,https://lichess.org/AKUzVA4C#13,English_Opening English_Opening_Kings_English_Variation,https://lichess.org/training/S2oZd,True,bottom-right 1,black,"[4, 6]","[3, 4]","[4, 4]","[5, 6]"
iRMgo,r2qkb1r/ppp2p1p/3p3p/4N2b/1PB1P3/2N4P/P4PP1/R2Q1RK1 b kq - 0 11,h5d1 c4f7 e8e7 c3d5,1310,78,93,1412,attackingF2F7 mate mateIn2 middlegame short,https://lichess.org/YSckNwjZ/black#22,Scotch_Game Scotch_Game_Scotch_Gambit,https://lichess.org/training/iRMgo,True,bottom-right 1,white,"[4, 6]","[3, 4]","[4, 4]","[5, 6]"
8ANGn,r1bqk2r/pppp1ppp/2n5/2b1p1B1/N3n3/3P4/PPP2PPP/R2QKBNR w KQkq - 0 6,g5d8 c5f2 e1e2 c6d4,1311,79,91,2181,attackingF2F7 mate mateIn2 opening short,https://lichess.org/fL27SVtz#11,Kings_Pawn_Game Kings_Pawn_Game_Leonardis_Variation,https://lichess.org/training/8ANGn,True,bottom-right 1,black,"[4, 6]","[3, 4]","[4, 4]","[5, 6]"
nLKHF,r2qkbnr/ppp3pp/3p1p2/4N1B1/2BnP1b1/2N5/PPP2PPP/R2QK2R b KQkq - 0 7,g4d1 c4f7 e8e7 c3d5,1311,77,91,870,mate mateIn2 middlegame pin short,https://lichess.org/XOjqLqcc/black#14,Philidor_Defense Philidor_Defense_Other_variations,https://lichess.org/training/nLKHF,True,bottom-right 1,white,"[4, 6]","[3, 4]","[4, 4]","[5, 6]"
Y6SWB,r2qkbnr/ppp2ppp/2np4/4N2b/2B1P3/2N4P/PPPP1PP1/R1BQK2R b KQkq - 0 7,h5d1 c4f7 e8e7 c3d5,1311,76,92,9413,attackingF2F7 mate mateIn2 opening short,https://lichess.org/VChanELT/black#14,Ruy_Lopez Ruy_Lopez_Steinitz_Defense,https://lichess.org/training/Y6SWB,True,bottom-right 1,white,"[4, 6]","[3, 4]","[4, 4]","[5, 6]"
Ghpiy,r2qkbnr/1p3pp1/p2p3p/3BN3/P2pP1b1/2NP4/1PP2PPP/R2QK2R b KQkq - 0 10,g4d1 d5f7 e8e7 c3d5,1312,74,98,1403,attackingF2F7 mate mateIn2 middlegame short,https://lichess.org/8qjki0kH/black#20,Sicilian_Defense Sicilian_Defense_Old_Sicilian,https://lichess.org/training/Ghpiy,True,bottom-right 1,white,"[4, 6]","[3, 4]","[4, 4]","[5, 6]"
482lJ,rn1qkbnr/ppp4p/3p1p2/4N1pb/2BPPB2/2N4P/PPP3P1/R2Q1K1R b kq - 1 10,h5d1 c4f7 e8e7 c3d5,1312,77,84,748,mate mateIn2 middlegame short,https://lichess.org/Ke7NFlEV/black#20,Kings_Gambit_Accepted Kings_Gambit_Accepted_Bishops_Gambit,https://lichess.org/training/482lJ,True,bottom-right 1,white,"[4, 6]","[3, 4]","[4, 4]","[5, 6]"
tc1qP,r2qkb1r/1b1n1ppp/2p2n2/p3p1N1/Pp1pP3/1B1PB1N1/1PP2PPP/R2QK2R b KQkq - 1 12,d4e3 b3f7 e8e7 g3f5,1312,79,91,2462,attackingF2F7 mate mateIn2 middlegame short,https://lichess.org/oim4Y94J/black#24,Philidor_Defense Philidor_Defense_Other_variations,https://lichess.org/training/tc1qP,True,bottom-left 1,white,"[4, 6]","[3, 4]","[4, 4]","[5, 6]"
qIJEV,r2qkb1r/ppp2ppp/2np4/4N1Pb/2B1Pp1P/2NP4/PPP2P2/R2QK2R b KQkq - 2 12,h5d1 c4f7 e8e7 c3d5,1312,82,91,2481,attackingF2F7 mate mateIn2 middlegame short,https://lichess.org/KpM25LFk/black#24,Philidor_Defense Philidor_Defense_Other_variations,https://lichess.org/training/qIJEV,True,bottom-right 1,white,"[4, 6]","[3, 4]","[4, 4]","[5, 6]"
7xmbq,r2qkbnr/1pp2Bpp/p1np4/4N3/4P3/2N5/PPPP1PPP/R1Bb1RK1 b kq - 0 7,e8e7 c3d5,1312,75,95,7742,mate mateIn1 oneMove opening,https://lichess.org/dRNOM79N/black#14,Italian_Game Italian_Game_Paris_Defense,https://lichess.org/training/7xmbq,True,bottom-right 1,white,"[4, 6]","[3, 4]","[4, 4]","[5, 6]"
2VMHK,r2qkbnr/ppp2ppp/2np4/4N3/2B1P1b1/2N5/PPPP1PPP/R1BQK2R b KQkq - 0 7,g4d1 c4f7 e8e7 c3d5,1312,77,83,680,attackingF2F7 mate mateIn2 opening short,https://lichess.org/DgCVTgre/black#14,Philidor_Defense Philidor_Defense_Other_variations,https://lichess.org/training/2VMHK,True,bottom-right 1,white,"[4, 6]","[3, 4]","[4, 4]","[5, 6]"
iGy5x,r2qkbnr/ppp2p2/3p3p/4N1p1/2BnPpb1/2NP4/PPPB2PP/R2Q1RK1 b kq - 5 9,g4d1 c4f7 e8e7 c3d5,1312,80,92,5165,attackingF2F7 mate mateIn2 middlegame short,https://lichess.org/TdwRdPKf/black#18,Kings_Gambit_Accepted Kings_Gambit_Accepted_MacLeod_Defense,https://lichess.org/training/iGy5x,True,bottom-right 1,white,"[4, 6]","[3, 4]","[4, 4]","[5, 6]"
odrws,r2qkb1r/ppp2Bpp/2np4/4N3/4P3/2N5/PPPP1P2/R1Bb1RK1 b kq - 0 10,e8e7 c3d5,1313,76,82,236,mate mateIn1 oneMove opening,https://lichess.org/OSuB1hNz/black#20,Philidor_Defense Philidor_Defense_Other_variations,https://lichess.org/training/odrws,True,bottom-right 1,white,"[4, 6]","[3, 4]","[4, 4]","[5, 6]"
VEsOw,r1bqk2r/pppp1pp1/2n5/2bNp1B1/4n3/3P4/PPP2P1P/R2QKBNR w KQkq - 0 8,g5d8 c5f2 e1e2 c6d4,1313,79,87,1940,attackingF2F7 master mate mateIn2 opening short,https://lichess.org/PRkAsIcl#15,Alekhine_Defense Alekhine_Defense_Maroczy_Variation,https://lichess.org/training/VEsOw,True,bottom-right 1,black,"[4, 6]","[3, 4]","[4, 4]","[5, 6]"
UiIiv,r2qkb1r/ppp4p/2np3p/4N2b/2BPP3/2N4P/PPP2p2/R2Q1K1R b kq - 0 12,h5d1 c4f7 e8e7 c3d5,1314,75,100,580,mate mateIn2 middlegame short,https://lichess.org/jl36BBaV/black#24,Philidor_Defense Philidor_Defense_Philidor_Countergambit,https://lichess.org/training/UiIiv,True,bottom-right 1,white,"[4, 6]","[3, 4]","[4, 4]","[5, 6]"
cxXIQ,r2qkb1r/pp5p/3p1p1p/n1pBN3/4P1b1/2NP4/PPP2PPP/R2QK2R b KQkq - 0 10,g4d1 d5f7 e8e7 c3d5,1314,141,33,10,mate mateIn2 middlegame short,https://lichess.org/BmdK5pzg/black#20,Sicilian_Defense Sicilian_Defense_Bowdler_Attack,https://lichess.org/training/cxXIQ,True,bottom-right 1,white,"[4, 6]","[3, 4]","[4, 4]","[5, 6]"
S7JW0,r2qkbnr/ppp2ppp/3p4/n3N3/2B1P1b1/2N5/PPPP1PPP/R1BQ1RK1 b kq - 0 6,g4d1 c4f7 e8e7 c3d5,1314,82,93,10029,attackingF2F7 mate mateIn2 opening short,https://lichess.org/0dvXP2s3/black#12,Philidor_Defense Philidor_Defense_Other_variations,https://lichess.org/training/S7JW0,True,bottom-right 1,white,"[4, 6]","[3, 4]","[4, 4]","[5, 6]"
a42Oa,r2qkb1r/1p3Bpp/p2p1n2/2p1N1B1/4P3/2N5/PPP2PPP/R2b1RK1 b kq - 0 12,e8e7 c3d5,1315,80,94,4228,mate mateIn1 middlegame oneMove pin,https://lichess.org/MvUbYGF4/black#24,Scotch_Game Scotch_Game_Scotch_Gambit,https://lichess.org/training/a42Oa,True,bottom-right 1,white,"[4, 6]","[3, 4]","[4, 4]","[5, 6]"
o71M8,r2qkb1r/ppp2Bpp/3p1n2/4N1B1/4P3/2N5/PP3PPP/R2b1RK1 b kq - 0 10,e8e7 c3d5,1315,75,77,247,mate mateIn1 middlegame oneMove pin,https://lichess.org/8OVS49pT/black#20,Danish_Gambit Danish_Gambit_Other_variations,https://lichess.org/training/o71M8,True,bottom-right 1,white,"[4, 6]","[3, 4]","[4, 4]","[5, 6]"
uxEnP,r2qkbnr/ppp3pp/3p4/4N3/2BnPpb1/2NP2P1/PPP2P1P/R1BQ1RK1 b kq - 0 8,g4d1 c4f7 e8e7 c3d5,1316,80,93,81,mate mateIn2 opening short,https://lichess.org/kAckfDwb/black#16,Italian_Game Italian_Game_Rousseau_Gambit,https://lichess.org/training/uxEnP,True,bottom-right 1,white,"[4, 6]","[3, 4]","[4, 4]","[5, 6]"
Fm5Kj,r2qkbnr/ppp3pp/3p1p2/4N3/2BnPPb1/2N5/PPPP2PP/R1BQ1RK1 b kq - 0 7,g4d1 c4f7 e8e7 c3d5,1316,77,88,865,mate mateIn2 opening short,https://lichess.org/C5D9qEAg/black#14,Kings_Gambit Kings_Gambit_Other_variations,https://lichess.org/training/Fm5Kj,True,bottom-right 1,white,"[4, 6]","[3, 4]","[4, 4]","[5, 6]"
Xz8Ez,r2qkbnr/pp3ppp/2np4/2p1N3/2B1Ppb1/2N5/PPPP2PP/R1BQ1RK1 b kq - 3 7,g4d1 c4f7 e8e7 c3d5,1316,77,93,2357,attackingF2F7 mate mateIn2 opening short,https://lichess.org/6pJ80c3l/black#14,Kings_Gambit_Accepted Kings_Gambit_Accepted_Kings_Knights_Gambit,https://lichess.org/training/Xz8Ez,True,bottom-right 1,white,"[4, 6]","[3, 4]","[4, 4]","[5, 6]"
XJw7n,r2qkbnr/pp3ppp/3p4/2p1N2b/3nP3/1BN4P/PPPP1PP1/R1BQ1RK1 b kq - 0 8,h5d1 b3f7 e8e7 c3d5,1317,80,93,1161,attackingF2F7 mate mateIn2 middlegame short,https://lichess.org/UosxcE6I/black#16,Philidor_Defense Philidor_Defense_Other_variations,https://lichess.org/training/XJw7n,True,bottom-right 1,white,"[4, 6]","[3, 4]","[4, 4]","[5, 6]"
tLPeT,r2qkb1r/ppp2ppp/3p4/4N3/2BnPPb1/2NP4/PPP5/R1BQK2R b KQkq - 0 10,g4d1 c4f7 e8e7 c3d5,1317,76,84,1002,attackingF2F7 mate mateIn2 opening short,https://lichess.org/JHA9yTVW/black#20,Kings_Gambit_Declined Kings_Gambit_Declined_Queens_Knight_Defense,https://lichess.org/training/tLPeT,True,bottom-right 1,white,"[4, 6]","[3, 4]","[4, 4]","[5, 6]"
ow1hI,rn1qkbnr/ppp2p1p/3p4/4N1pb/2B1P3/2N4P/PPPP1PP1/R1BQK2R b KQkq - 0 6,h5d1 c4f7 e8e7 c3d5,1317,80,92,483,attackingF2F7 mate mateIn2 opening short,https://lichess.org/Suug8HC1/black#12,Philidor_Defense Philidor_Defense_Other_variations,https://lichess.org/training/ow1hI,True,bottom-right 1,white,"[4, 6]","[3, 4]","[4, 4]","[5, 6]"
fHfLw,rn1qkbnr/ppp2pp1/3p3p/4N2b/2B1Pp2/2N4P/PPPP2P1/R1BQK2R b KQkq - 2 7,h5d1 c4f7 e8e7 c3d5,1318,78,75,333,attackingF2F7 mate mateIn2 opening short,https://lichess.org/OPriGd5R/black#14,Kings_Gambit_Accepted Kings_Gambit_Accepted_Fischer_Defense,https://lichess.org/training/fHfLw,True,bottom-right 1,white,"[4, 6]","[3, 4]","[4, 4]","[5, 6]"
wgSAY,r2qkbnr/pp3ppp/3p4/2p1N2b/3nP3/P1N4P/BPPP1PP1/R1BQK2R b KQkq - 0 8,h5d1 a2f7 e8e7 c3d5,1318,76,98,410,attackingF2F7 mate mateIn2 middlegame short,https://lichess.org/TPhk8ph1/black#16,Philidor_Defense Philidor_Defense_Other_variations,https://lichess.org/training/wgSAY,True,bottom-right 1,white,"[4, 6]","[3, 4]","[4, 4]","[5, 6]"
dgLFl,r2qkbnr/1pp2pp1/p2p3p/4N3/2BnPPb1/2NP4/PPP3PP/R1BQ1RK1 b kq - 0 9,g4d1 c4f7 e8e7 c3d5,1318,82,93,5795,attackingF2F7 mate mateIn2 opening short,https://lichess.org/2gX9BZru/black#18,Kings_Gambit Kings_Gambit_Other_variations,https://lichess.org/training/dgLFl,True,bottom-right 1,white,"[4, 6]","[3, 4]","[4, 4]","[5, 6]"
Emn5O,r2qkb1r/ppp2ppp/3p4/4N3/2BnP1b1/2N5/PPPP1PK1/R1BQ1R2 b kq - 0 10,g4d1 c4f7 e8e7 c3d5,1318,75,97,2295,attackingF2F7 mate mateIn2 middlegame short,https://lichess.org/5EAxxqRl/black#20,Italian_Game Italian_Game_Paris_Defense,https://lichess.org/training/Emn5O,True,bottom-right 1,white,"[4, 6]","[3, 4]","[4, 4]","[5, 6]"
Lvi1W,r2qkbnr/pp4pp/2np1p2/2p1N2b/P1B1P3/2NP3P/1PP2PP1/R1BQK2R b KQkq - 0 8,h5d1 c4f7 e8e7 c3d5,1319,79,79,92,mate mateIn2 middlegame short,https://lichess.org/weAtYrPB/black#16,Sicilian_Defense Sicilian_Defense_Old_Sicilian,https://lichess.org/training/Lvi1W,True,bottom-right 1,white,"[4, 6]","[3, 4]","[4, 4]","[5, 6]"
fjcDU,r2qkbnr/ppp2pp1/3p3p/4N2b/2BnP3/2N4P/PPPP1PP1/R1BQR1K1 b kq - 0 8,h5d1 c4f7 e8e7 c3d5,1319,76,92,3302,attackingF2F7 mate mateIn2 opening short,https://lichess.org/DN8mATtF/black#16,Italian_Game Italian_Game_Anti-Fried_Liver_Defense,https://lichess.org/training/fjcDU,True,bottom-right 1,white,"[4, 6]","[3, 4]","[4, 4]","[5, 6]"
mR0Wl,r2qkbnr/ppp3pp/2np1p2/4N3/2B1P1b1/2NP4/PPP2PPP/R1BQK2R b KQkq - 0 6,g4d1 c4f7 e8e7 c3d5,1319,76,90,5407,mate mateIn2 opening short,https://lichess.org/GRCvLqS6/black#12,Italian_Game Italian_Game_Other_variations,https://lichess.org/training/mR0Wl,True,bottom-right 1,white,"[4, 6]","[3, 4]","[4, 4]","[5, 6]"
0Z8HG,r2qkbnr/ppp2ppp/3p4/4N2b/2BnP3/1PN4P/P1PP1PP1/R1BQK2R b KQkq - 0 7,h5d1 c4f7 e8e7 c3d5,1319,77,80,684,attackingF2F7 mate mateIn2 opening short,https://lichess.org/17XOt52j/black#14,Philidor_Defense Philidor_Defense_Other_variations,https://lichess.org/training/0Z8HG,True,bottom-right 1,white,"[4, 6]","[3, 4]","[4, 4]","[5, 6]"
0U6C7,r2qkbnr/2p2ppp/p2p4/1p2N2b/3nP3/1BN4P/PPPP1PP1/R1BQ1RK1 b kq - 0 9,h5d1 b3f7 e8e7 c3d5,1319,80,88,943,attackingF2F7 mate mateIn2 middlegame short,https://lichess.org/Dz7llm6O/black#18,Ruy_Lopez Ruy_Lopez_Morphy_Defense,https://lichess.org/training/0U6C7,True,bottom-right 1,white,"[4, 6]","[3, 4]","[4, 4]","[5, 6]"
fn8wS,r2qkbnr/pp3Bp1/3p3p/2p1N3/3nP3/1PN5/PBPP1PPP/R2b1RK1 b kq - 0 9,e8e7 c3d5,1320,76,81,779,mate mateIn1 middlegame oneMove,https://lichess.org/X3FbqyOb/black#18,Sicilian_Defense Sicilian_Defense_Bowdler_Attack,https://lichess.org/training/fn8wS,True,bottom-right 1,white,"[4, 6]","[3, 4]","[4, 4]","[5, 6]"
aOS5q,r1bqk2r/ppp2ppp/2n5/2bNp1B1/4n3/3P1P2/PPP3PP/R2QKBNR w KQkq - 0 7,g5d8 c5f2 e1e2 c6d4,1320,76,83,527,mate mateIn2 opening short,https://lichess.org/BEJJTIAQ#13,Kings_Pawn_Game Kings_Pawn_Game_Kings_Head_Opening,https://lichess.org/training/aOS5q,True,bottom-right 1,black,"[4, 6]","[3, 4]","[4, 4]","[5, 6]"
nAG4g,8/3kp2p/1B1p1n1P/4n1R1/Pp6/1PbP1b2/4KP2/1R6 w - - 1 30,e2e3 f6d5,1320,78,90,2610,mate mateIn1 middlegame oneMove,https://lichess.org/FYHnJO5X#59,,https://lichess.org/training/nAG4g,True,bottom-right 1,black,"[4, 6]","[3, 4]","[4, 4]","[5, 6]"
UsiuG,r2qkbnr/ppp2p1p/2np4/4N1p1/2B1Ppb1/2N5/PPPP2PP/R1BQ1RK1 b kq - 5 7,g4d1 c4f7 e8e7 c3d5,1320,82,89,1795,attackingF2F7 mate mateIn2 middlegame short,https://lichess.org/jT7s7wz2/black#14,Kings_Gambit_Accepted Kings_Gambit_Accepted_Kings_Knights_Gambit,https://lichess.org/training/UsiuG,True,bottom-right 1,white,"[4, 6]","[3, 4]","[4, 4]","[5, 6]"
iVyBc,r1bq1rk1/pppp1ppp/2n5/2b1p1B1/2P1n3/P1NP4/1P3PPP/R2QKBNR w KQ - 0 7,g5d8 c5f2 e1e2 c6d4,1321,79,91,4011,attackingF2F7 mate mateIn2 opening short,https://lichess.org/ax2KddbZ#13,Anderssens_Opening Anderssens_Opening_Other_variations,https://lichess.org/training/iVyBc,True,bottom-right 1,black,"[4, 6]","[3, 4]","[4, 4]","[5, 6]"
qr2F7,r2qkb1r/2p2Bpp/p2p4/1p2N3/3nP3/2NP4/PPP2P2/R1Bb1RK1 b kq - 0 13,e8e7 c3d5,1321,76,77,947,mate mateIn1 middlegame oneMove,https://lichess.org/pTF6rUdh/black#26,Ruy_Lopez Ruy_Lopez_Morphy_Defense,https://lichess.org/training/qr2F7,True,bottom-right 1,white,"[4, 6]","[3, 4]","[4, 4]","[5, 6]"
Yaabu,r2qkbnr/ppp2pp1/2np3p/4N2b/2B1P3/2N4P/PPPP1PP1/R1BQK2R b KQkq - 0 7,h5d1 c4f7 e8e7 c3d5,1322,76,92,10033,attackingF2F7 mate mateIn2 opening short,https://lichess.org/4nYhColf/black#14,Ruy_Lopez Ruy_Lopez_Steinitz_Defense,https://lichess.org/training/Yaabu,True,bottom-right 1,white,"[4, 6]","[3, 4]","[4, 4]","[5, 6]"
XJJSu,r2qkbnr/ppp2p1p/3p4/4N1p1/2B2pb1/2NP4/PPP3PP/R1BQK2R b KQkq - 0 8,g4d1 c4f7 e8e7 c3d5,1322,75,95,1034,attackingF2F7 mate mateIn2 middlegame short,https://lichess.org/QKF3ZhhQ/black#16,Kings_Gambit_Declined Kings_Gambit_Declined_Queens_Knight_Defense,https://lichess.org/training/XJJSu,True,bottom-right 1,white,"[4, 6]","[3, 4]","[4, 4]","[5, 6]"
ExXhP,r2qkbnr/ppp2pp1/3p3p/4N3/1PBnP1b1/P1N5/2PP1PPP/R1BQK2R b KQkq - 0 7,g4d1 c4f7 e8e7 c3d5,1322,79,92,9029,attackingF2F7 mate mateIn2 opening short,https://lichess.org/GxvUyvhN/black#14,Three_Knights_Opening Three_Knights_Opening_Other_variations,https://lichess.org/training/ExXhP,True,bottom-right 1,white,"[4, 6]","[3, 4]","[4, 4]","[5, 6]"
9evvJ,r2qkb1r/ppp2p1p/2np3p/4N2b/2BPP3/2N4P/PPP2PP1/R2QK2R b KQkq - 0 8,h5d1 c4f7 e8e7 c3d5,1323,77,93,2359,attackingF2F7 mate mateIn2 middlegame short,https://lichess.org/beoWeopy/black#16,Italian_Game Italian_Game_Other_variations,https://lichess.org/training/9evvJ,True,bottom-right 1,white,"[4, 6]","[3, 4]","[4, 4]","[5, 6]"
haT4U,r2qkbnr/ppp3pp/3p4/4N3/2BnPPb1/2N3P1/PPP4P/R1BQ1RK1 b kq - 0 10,g4d1 c4f7 e8e7 c3d5,1323,76,96,28888,mate mateIn2 opening short,https://lichess.org/k54QLKZW/black#20,Vienna_Game Vienna_Game_Other_variations,https://lichess.org/training/haT4U,True,bottom-right 1,white,"[4, 6]","[3, 4]","[4, 4]","[5, 6]"
mROu4,rn1qkbnr/ppp2Bpp/3p1p2/4N3/4P3/2N5/PPPP1PPP/R1BbK2R b KQkq - 1 6,e8e7 c3d5,1324,78,74,115,mate mateIn1 oneMove opening,https://lichess.org/erkPNwIE/black#12,,https://lichess.org/training/mROu4,True,bottom-right 1,white,"[4, 6]","[3, 4]","[4, 4]","[5, 6]"
oVKBG,r2qkbnr/1pp2ppp/p2p4/4N3/2BnPPb1/2N5/PPPP2PP/R1BQ1RK1 b kq - 0 7,g4d1 c4f7 e8e7 c3d5,1325,75,74,147,attackingF2F7 mate mateIn2 opening short,https://lichess.org/kpK2Lut9/black#14,Kings_Gambit_Declined Kings_Gambit_Declined_Queens_Knight_Defense,https://lichess.org/training/oVKBG,True,bottom-right 1,white,"[4, 6]","[3, 4]","[4, 4]","[5, 6]"
2Iafx,r2qkb1r/ppp2ppp/3p4/4N2n/2B1P1b1/2N5/PPPP2PP/R1BQ1RK1 b kq - 0 8,g4d1 c4f7 e8e7 c3d5,1325,75,84,124,attackingF2F7 mate mateIn2 opening short,https://lichess.org/3SwBu7t8/black#16,Kings_Gambit Kings_Gambit_Other_variations,https://lichess.org/training/2Iafx,True,bottom-right 1,white,"[4, 6]","[3, 4]","[4, 4]","[5, 6]"
BYOaC,r2qkbnr/ppp2p1p/3p4/4N1p1/2B1Ppb1/2NP4/PPP3PP/R1BQ1RK1 b kq - 0 8,g4d1 c4f7 e8e7 c3d5,1325,78,81,639,attackingF2F7 mate mateIn2 opening short,https://lichess.org/4aYDTh4V/black#16,Kings_Gambit_Accepted Kings_Gambit_Accepted_Kings_Knights_Gambit,https://lichess.org/training/BYOaC,True,bottom-right 1,white,"[4, 6]","[3, 4]","[4, 4]","[5, 6]"
oiyR4,r2qkbnr/ppp3pp/3p4/4N3/2BnPpbP/1PNP4/P1P2PP1/R1BQK2R b KQkq - 0 8,g4d1 c4f7 e8e7 c3d5,1325,75,99,1608,mate mateIn2 opening short,https://lichess.org/rGpL3sGQ/black#16,Italian_Game Italian_Game_Paris_Defense,https://lichess.org/training/oiyR4,True,bottom-right 1,white,"[4, 6]","[3, 4]","[4, 4]","[5, 6]"
tLawA,r2qkb1r/pppn1ppp/3p4/4N3/2B1P1b1/2N5/PPPP1P2/R1BQ1RK1 b kq - 0 9,g4d1 c4f7 e8e7 c3d5,1326,75,98,3970,attackingF2F7 mate mateIn2 opening short,https://lichess.org/uribBl1D/black#18,Philidor_Defense Philidor_Defense_Other_variations,https://lichess.org/training/tLawA,True,bottom-right 1,white,"[4, 6]","[3, 4]","[4, 4]","[5, 6]"
DCnG9,rn1qkbnr/1pp2pp1/p2p3p/4N3/P1B1P1b1/2N5/1PPP1PPP/R1BQK2R b KQkq - 0 6,g4d1 c4f7 e8e7 c3d5,1326,84,79,71,attackingF2F7 mate mateIn2 opening short,https://lichess.org/vC6lTIi3/black#12,Philidor_Defense Philidor_Defense_Other_variations,https://lichess.org/training/DCnG9,True,bottom-right 1,white,"[4, 6]","[3, 4]","[4, 4]","[5, 6]"
IsbPq,rn1qkbnr/1pp2pp1/p2p4/4N2p/2B1PPb1/2N5/PPPP2PP/R1BQK2R b KQkq - 0 6,g4d1 c4f7 e8e7 c3d5,1327,75,85,332,attackingF2F7 mate mateIn2 opening short,https://lichess.org/eCP2adWL/black#12,Bishops_Opening Bishops_Opening_Other_variations,https://lichess.org/training/IsbPq,True,bottom-right 1,white,"[4, 6]","[3, 4]","[4, 4]","[5, 6]"
c6HHV,r2qkbnr/ppp2p1p/3p4/4N1pb/3nPp2/1BN4P/PPPP2P1/R1BQ1RK1 b kq - 4 9,h5d1 b3f7 e8e7 c3d5,1328,81,90,771,attackingF2F7 mate mateIn2 middlegame short,https://lichess.org/zc77CmHY/black#18,Kings_Gambit_Accepted Kings_Gambit_Accepted_Kings_Knights_Gambit,https://lichess.org/training/c6HHV,True,bottom-right 1,white,"[4, 6]","[3, 4]","[4, 4]","[5, 6]"
mVRpI,r2qkbnr/ppp2Bpp/3p4/4N3/3nPp2/2N5/PPPP2PP/R1Bb1RK1 b kq - 0 8,e8e7 c3d5,1328,79,64,100,mate mateIn1 oneMove opening,https://lichess.org/ajkOgULT/black#16,,https://lichess.org/training/mVRpI,True,bottom-right 1,white,"[4, 6]","[3, 4]","[4, 4]","[5, 6]"
q1pFZ,r2qkbnr/1pp3pp/p1np1p2/4N2b/P1B1P3/2N4P/1PPP1PP1/R1BQ1RK1 b kq - 0 8,h5d1 c4f7 e8e7 c3d5,1329,77,85,787,mate mateIn2 opening short,https://lichess.org/Qp33yoL8/black#16,Philidor_Defense Philidor_Defense_Other_variations,https://lichess.org/training/q1pFZ,True,bottom-right 1,white,"[4, 6]","[3, 4]","[4, 4]","[5, 6]"
yNNkm,r2qkbnr/ppp2ppp/3p4/4N3/2BnP1b1/2N5/PPPP1PPP/R1BQK2R b KQkq - 0 6,g4d1 c4f7 e8e7 c3d5,1329,77,86,1806,attackingF2F7 mate mateIn2 opening short,https://lichess.org/hbyswBKC/black#12,Ruy_Lopez Ruy_Lopez_Steinitz_Defense,https://lichess.org/training/yNNkm,True,bottom-right 1,white,"[4, 6]","[3, 4]","[4, 4]","[5, 6]"
K217e,rn1qkbnr/ppp2pp1/3p3p/4N2b/2B1P3/2N4P/PPPP1PP1/R1BQ1RK1 b kq - 0 7,h5d1 c4f7 e8e7 c3d5,1329,76,84,505,attackingF2F7 mate mateIn2 opening short,https://lichess.org/Pfj3vP7b/black#14,Philidor_Defense Philidor_Defense_Other_variations,https://lichess.org/training/K217e,True,bottom-right 1,white,"[4, 6]","[3, 4]","[4, 4]","[5, 6]"
jLHJw,r2qkbnr/ppp2Bp1/2np3p/4N3/4P3/1PN4P/P1PP1PP1/R1BbK2R b KQkq - 0 8,e8e7 c3d5,1329,75,98,999,mate mateIn1 oneMove opening,https://lichess.org/0yQVDeLr/black#16,Italian_Game Italian_Game_Paris_Defense,https://lichess.org/training/jLHJw,True,bottom-right 1,white,"[4, 6]","[3, 4]","[4, 4]","[5, 6]"
Su7pE,r2qkbnr/ppp2ppp/3p4/3BN3/3nP1b1/2N5/PPPP1PPP/R1BQK2R b KQkq - 0 6,g4d1 d5f7 e8e7 c3d5,1329,77,84,125,attackingF2F7 mate mateIn2 opening short,https://lichess.org/p2TTeLJy/black#12,Philidor_Defense Philidor_Defense_Other_variations,https://lichess.org/training/Su7pE,True,bottom-right 1,white,"[4, 6]","[3, 4]","[4, 4]","[5, 6]"
OFAiZ,rn1qkbnr/ppp2p2/3p3p/4N1p1/2B1P1b1/2N5/PPPP1P1P/R1BQK2R b KQkq - 0 6,g4d1 c4f7 e8e7 c3d5,1330,80,91,1701,attackingF2F7 mate mateIn2 middlegame short,https://lichess.org/FrtXBCdy/black#12,Philidor_Defense Philidor_Defense_Other_variations,https://lichess.org/training/OFAiZ,True,bottom-right 1,white,"[4, 6]","[3, 4]","[4, 4]","[5, 6]"
kYmwd,r2qkbnr/ppp4p/2np1p2/4N1p1/2BPPpb1/2N5/PPP3PP/R1BQ1RK1 b kq - 4 8,g4d1 c4f7 e8e7 c3d5,1330,75,97,5491,mate mateIn2 opening short,https://lichess.org/U9ZhP7J2/black#16,Kings_Gambit_Accepted Kings_Gambit_Accepted_Kings_Knights_Gambit,https://lichess.org/training/kYmwd,True,bottom-right 1,white,"[4, 6]","[3, 4]","[4, 4]","[5, 6]"
0BfYd,r2qkbnr/ppp2p1p/3p4/4N1pb/2BnPp2/2NP3P/PPP3P1/R1BQ1RK1 b kq - 4 9,h5d1 c4f7 e8e7 c3d5,1330,75,90,777,attackingF2F7 mate mateIn2 middlegame short,https://lichess.org/mqnBzOEH/black#18,Kings_Gambit_Accepted Kings_Gambit_Accepted_MacLeod_Defense,https://lichess.org/training/0BfYd,True,bottom-right 1,white,"[4, 6]","[3, 4]","[4, 4]","[5, 6]"
tfInF,r3k2r/ppp1qp1p/2np4/2b1pPB1/4n3/3P4/PPP3PP/R2QKB1R w KQkq - 0 12,g5e7 c5f2 e1e2 c6d4,1331,79,94,522,mate mateIn2 middlegame short,https://lichess.org/Vx3EO8Wr#23,Kings_Pawn_Game Kings_Pawn_Game_Alapin_Opening,https://lichess.org/training/tfInF,True,bottom-right 1,black,"[4, 6]","[3, 4]","[4, 4]","[5, 6]"
2D1zY,r2qkbnr/pp3ppp/3p4/2pBN3/3nP1b1/2N5/PPPP1PPP/R1BQ1RK1 b kq - 0 7,g4d1 d5f7 e8e7 c3d5,1331,79,94,1102,attackingF2F7 mate mateIn2 opening short,https://lichess.org/bV5vbt8d/black#14,Sicilian_Defense Sicilian_Defense_Modern_Variations,https://lichess.org/training/2D1zY,True,bottom-right 1,white,"[4, 6]","[3, 4]","[4, 4]","[5, 6]"
bgXIG,r2qkbnr/ppp2pp1/2np3p/4N3/2B1P1b1/P1N5/1PPP1PPP/R1BQK2R b KQkq - 0 6,g4d1 c4f7 e8e7 c3d5,1331,75,85,875,attackingF2F7 mate mateIn2 opening short,https://lichess.org/Q8RfPdW5/black#12,Italian_Game Italian_Game_Anti-Fried_Liver_Defense,https://lichess.org/training/bgXIG,True,bottom-right 1,white,"[4, 6]","[3, 4]","[4, 4]","[5, 6]"
xy08K,1r1qkbnr/1pp2ppp/p2p4/3BN3/P2nP1b1/B1N5/2PP1PPP/1R1QK2R b Kk - 0 10,g4d1 d5f7 e8e7 c3d5,1331,80,93,7652,attackingF2F7 mate mateIn2 middlegame pin short,https://lichess.org/iUPqwnCC/black#20,Philidor_Defense Philidor_Defense_Other_variations,https://lichess.org/training/xy08K,True,bottom-right 1,white,"[4, 6]","[3, 4]","[4, 4]","[5, 6]"
fVxoN,r2qkbnr/ppp3pp/3p4/4N2b/2BnPp2/2N4P/PPP2PP1/R1BQ1RK1 b kq - 0 9,h5d1 c4f7 e8e7 c3d5,1331,76,96,14751,mate mateIn2 opening short,https://lichess.org/M8Kvr3e0/black#18,Italian_Game Italian_Game_Rousseau_Gambit,https://lichess.org/training/fVxoN,True,bottom-right 1,white,"[4, 6]","[3, 4]","[4, 4]","[5, 6]"
x0Mzr,rn1qkbnr/1pp2pp1/p2p3p/4N3/2B1P1b1/1PN5/P1PP1PPP/R1BQK2R b KQkq - 0 6,g4d1 c4f7 e8e7 c3d5,1331,139,0,8,attackingF2F7 mate mateIn2 opening short,https://lichess.org/bXJToJRT/black#12,Philidor_Defense Philidor_Defense_Other_variations,https://lichess.org/training/x0Mzr,True,bottom-right 1,white,"[4, 6]","[3, 4]","[4, 4]","[5, 6]"
g5CDL,r2qkbnr/1pp2ppp/p2p4/4N2b/3nPp2/1BN4P/PPPP2P1/R1BQ1RK1 b kq - 4 9,h5d1 b3f7 e8e7 c3d5,1332,77,92,1219,attackingF2F7 mate mateIn2 opening short,https://lichess.org/EIENrLOT/black#18,Kings_Gambit Kings_Gambit_Other_variations,https://lichess.org/training/g5CDL,True,bottom-right 1,white,"[4, 6]","[3, 4]","[4, 4]","[5, 6]"
a4ygj,r2qkbnr/1pp4p/p2p4/4N3/PPBnPpb1/2NP4/2P2PP1/R1BQK2R b KQkq - 0 11,g4d1 c4f7 e8e7 c3d5,1333,77,100,2994,mate mateIn2 opening short,https://lichess.org/ijViKG2i/black#22,Italian_Game Italian_Game_Rousseau_Gambit,https://lichess.org/training/a4ygj,True,bottom-right 1,white,"[4, 6]","[3, 4]","[4, 4]","[5, 6]"
chS8I,r2qkbnr/ppp3pp/3p4/4Np1b/2BnP3/2N4P/PPPP1PP1/R1BQ1RK1 b kq - 0 8,h5d1 c4f7 e8e7 c3d5,1333,76,96,15413,mate mateIn2 opening short,https://lichess.org/pn06UIuv/black#16,Ruy_Lopez Ruy_Lopez_Steinitz_Defense,https://lichess.org/training/chS8I,True,bottom-right 1,white,"[4, 6]","[3, 4]","[4, 4]","[5, 6]"
pa3yL,r2qkb1r/ppp2pp1/3p4/4N2p/1PBnP1b1/2NP4/P1P2P2/R1BQK1R1 b Qkq - 0 11,g4d1 c4f7 e8e7 c3d5,1334,81,92,1626,attackingF2F7 mate mateIn2 middlegame short,https://lichess.org/VpP6j8nV/black#22,Philidor_Defense Philidor_Defense_Other_variations,https://lichess.org/training/pa3yL,True,bottom-right 1,white,"[4, 6]","[3, 4]","[4, 4]","[5, 6]"
yGOBF,rn1qkbnr/ppp3pp/3p4/4Np1b/2B1P3/2N4P/PPPP1PP1/R1BQK2R b KQkq - 0 6,h5d1 c4f7 e8e7 c3d5,1334,75,95,29677,mate mateIn2 opening short,https://lichess.org/spL3ZD24/black#12,Philidor_Defense Philidor_Defense_Other_variations,https://lichess.org/training/yGOBF,True,bottom-right 1,white,"[4, 6]","[3, 4]","[4, 4]","[5, 6]"
ZqA52,r2qkb1r/1pp2pp1/p2p3p/4N2b/2BnP3/2NP3P/PPP2PP1/R2Q1RK1 b kq - 0 12,h5d1 c4f7 e8e7 c3d5,1335,74,84,441,attackingF2F7 mate mateIn2 middlegame short,https://lichess.org/TjYxvva4/black#24,Philidor_Defense Philidor_Defense_Other_variations,https://lichess.org/training/ZqA52,True,bottom-right 1,white,"[4, 6]","[3, 4]","[4, 4]","[5, 6]"
uH906,r2qkbnr/ppp2ppp/2np4/4N3/2B1Ppb1/2N5/PPPP2PP/R1BQK2R b KQkq - 1 6,g4d1 c4f7 e8e7 c3d5,1335,77,94,23897,attackingF2F7 mate mateIn2 opening short,https://lichess.org/zhKuPa2k/black#12,Kings_Gambit Kings_Gambit_Other_variations,https://lichess.org/training/uH906,True,bottom-right 1,white,"[4, 6]","[3, 4]","[4, 4]","[5, 6]"
KrZ6C,r2q1bnr/pp2kBpp/3p4/2p1N1B1/3nP3/2NP4/PPP2PPP/R2b1RK1 b - - 2 9,g8f6 c3d5,1335,80,88,77,mate mateIn1 middlegame oneMove,https://lichess.org/UIdwcX9w/black#18,Sicilian_Defense Sicilian_Defense_Closed,https://lichess.org/training/KrZ6C,True,bottom-right 1,white,"[4, 6]","[3, 4]","[4, 4]","[5, 6]"
OuxcR,r2qkbnr/ppp2p1p/3p2p1/4N3/2BnPPb1/2N5/PPPP2PP/R1BQ1RK1 b kq - 0 7,g4d1 c4f7 e8e7 c3d5,1337,82,93,3836,attackingF2F7 mate mateIn2 opening short,https://lichess.org/PH8ZRTz4/black#14,Kings_Gambit Kings_Gambit_Other_variations,https://lichess.org/training/OuxcR,True,bottom-right 1,white,"[4, 6]","[3, 4]","[4, 4]","[5, 6]"
YJpin,rn1qkbnr/ppp3pp/3p1p2/4N2b/2B1P3/2N4P/PPPP1PP1/R1BQK2R b KQkq - 0 6,h5d1 c4f7 e8e7 c3d5,1337,76,95,27114,mate mateIn2 opening short,https://lichess.org/kH0W5b4O/black#12,Kings_Pawn_Game Kings_Pawn_Game_Damiano_Defense,https://lichess.org/training/YJpin,True,bottom-right 1,white,"[4, 6]","[3, 4]","[4, 4]","[5, 6]"
TOQVF,rn1qkbnr/1pp2pp1/3p3p/p3N3/2BPPpb1/2N5/PPP3PP/R1BQK2R b KQkq - 2 7,g4d1 c4f7 e8e7 c3d5,1338,75,87,441,attackingF2F7 mate mateIn2 opening short,https://lichess.org/KFKhR9yM/black#14,Vienna_Game Vienna_Game_Other_variations,https://lichess.org/training/TOQVF,True,bottom-right 1,white,"[4, 6]","[3, 4]","[4, 4]","[5, 6]"
ncbhZ,r2qkbnr/1p3ppp/p2p4/P1p1N3/2BnP1b1/2N5/1PPP1PPP/R1BQ1RK1 b kq - 0 8,g4d1 c4f7 e8e7 c3d5,1339,75,89,1835,attackingF2F7 mate mateIn2 middlegame short,https://lichess.org/kKAGmehi/black#16,Sicilian_Defense Sicilian_Defense_Bowdler_Attack,https://lichess.org/training/ncbhZ,True,bottom-right 1,white,"[4, 6]","[3, 4]","[4, 4]","[5, 6]"
btaYr,r2qkbnr/ppp2ppp/3p4/n3N3/2B1P1b1/P1N5/1PPP1PPP/R1BQK2R b KQkq - 0 6,g4d1 c4f7 e8e7 c3d5,1339,76,92,4493,attackingF2F7 mate mateIn2 opening short,https://lichess.org/sRQ3LuHc/black#12,Philidor_Defense Philidor_Defense_Other_variations,https://lichess.org/training/btaYr,True,bottom-right 1,white,"[4, 6]","[3, 4]","[4, 4]","[5, 6]"
Ulaju,r2qkb1r/ppp2ppp/3p4/4N3/2BnP1b1/2NP4/PPP2P2/R1BQ1RK1 b kq - 0 10,g4d1 c4f7 e8e7 c3d5,1339,75,84,366,attackingF2F7 mate mateIn2 opening short,https://lichess.org/sKfbQfFp/black#20,Italian_Game Italian_Game_Two_Knights_Defense,https://lichess.org/training/Ulaju,True,bottom-right 1,white,"[4, 6]","[3, 4]","[4, 4]","[5, 6]"
0rEgR,rn1qkbnr/pp3ppp/3p4/2p1N3/2B1P1b1/2N5/PPPP1PPP/R1BQK2R b KQkq - 0 5,g4d1 c4f7 e8e7 c3d5,1339,74,95,37006,attackingF2F7 mate mateIn2 opening short,https://lichess.org/i3LqKKXd/black#10,Philidor_Defense Philidor_Defense_Other_variations,https://lichess.org/training/0rEgR,True,bottom-right 1,white,"[4, 6]","[3, 4]","[4, 4]","[5, 6]"
sGzMf,r2qkbnr/pp3ppp/2np4/2p1N3/2BPPpb1/2N5/PPP3PP/R1BQK2R b KQkq - 3 7,g4d1 c4f7 e8e7 c3d5,1340,75,80,183,attackingF2F7 mate mateIn2 opening short,https://lichess.org/hjPRM9fL/black#14,Kings_Gambit Kings_Gambit_Other_variations,https://lichess.org/training/sGzMf,True,bottom-right 1,white,"[4, 6]","[3, 4]","[4, 4]","[5, 6]"
as6kD,r1bqk2r/ppp2ppp/2np4/2bNp1B1/4n3/3P1P2/PPP3PP/R2QKBNR w KQkq - 0 7,g5d8 c5f2 e1e2 c6d4,1340,106,80,28,mate mateIn2 opening short,https://lichess.org/KuUxmiYP#13,Kings_Pawn_Game Kings_Pawn_Game_Kings_Head_Opening,https://lichess.org/training/as6kD,True,bottom-right 1,black,"[4, 6]","[3, 4]","[4, 4]","[5, 6]"
QkG1x,r1bqk2r/pppp1pp1/2n4p/2b1p3/4nP1B/2NP4/PPP3PP/R2QKBNR w KQkq - 0 7,h4d8 c5f2 e1e2 c6d4,1340,76,95,22916,mate mateIn2 opening short,https://lichess.org/48SoD3pM#13,Kings_Pawn_Game Kings_Pawn_Game_Leonardis_Variation,https://lichess.org/training/QkG1x,True,bottom-right 1,black,"[4, 6]","[3, 4]","[4, 4]","[5, 6]"
1suPv,r2qkbnr/ppp3pp/3p1p2/4N2b/2BnP3/2N4P/PPP2PP1/R1BQ1RK1 b kq - 0 8,h5d1 c4f7 e8e7 c3d5,1340,77,92,1187,mate mateIn2 opening short,https://lichess.org/HCRVjoWg/black#16,Italian_Game Italian_Game_Paris_Defense,https://lichess.org/training/1suPv,True,bottom-right 1,white,"[4, 6]","[3, 4]","[4, 4]","[5, 6]"
TOKkv,r2qkbnr/ppp2ppp/3p4/4N3/2BnP1b1/B1N5/P1PP1PPP/1R1QK2R b Kkq - 0 8,g4d1 c4f7 e8e7 c3d5,1340,79,79,293,attackingF2F7 mate mateIn2 middlegame pin short,https://lichess.org/5nvb7kJD/black#16,Philidor_Defense Philidor_Defense_Other_variations,https://lichess.org/training/TOKkv,True,bottom-right 1,white,"[4, 6]","[3, 4]","[4, 4]","[5, 6]"
80mru,r2qkbnr/ppp2Bp1/3p3p/4NP2/3nP3/2N5/PPPP2PP/R1BbK2R b KQkq - 0 8,e8e7 c3d5,1340,75,94,11663,mate mateIn1 oneMove opening,https://lichess.org/aSEdOzJ5/black#16,Kings_Gambit_Declined Kings_Gambit_Declined_Queens_Knight_Defense,https://lichess.org/training/80mru,True,bottom-right 1,white,"[4, 6]","[3, 4]","[4, 4]","[5, 6]"
dJ9gJ,r2qkb1r/pppn1p1p/3p3p/4N2b/2B1P3/2NP3P/PPP2PP1/R2QK2R b KQkq - 0 8,h5d1 c4f7 e8e7 c3d5,1341,76,87,317,attackingF2F7 mate mateIn2 middlegame short,https://lichess.org/OllVDAuI/black#16,Philidor_Defense Philidor_Defense_Other_variations,https://lichess.org/training/dJ9gJ,True,bottom-right 1,white,"[4, 6]","[3, 4]","[4, 4]","[5, 6]"
jCbLA,rn1qkbnr/ppp2p2/3p4/4N1pp/2B1Ppb1/2N5/PPPP2PP/R1BQ1RK1 b kq - 1 7,g4d1 c4f7 e8e7 c3d5,1341,75,84,895,attackingF2F7 mate mateIn2 opening short,https://lichess.org/A0ouOKBH/black#14,Kings_Gambit_Accepted Kings_Gambit_Accepted_Fischer_Defense,https://lichess.org/training/jCbLA,True,bottom-right 1,white,"[4, 6]","[3, 4]","[4, 4]","[5, 6]"
BUgGF,rn1qkbnr/1pp2pp1/p2p3p/4N3/P1B1Ppb1/2N5/1PPP2PP/R1BQK2R b KQkq - 3 7,g4d1 c4f7 e8e7 c3d5,1341,77,88,1435,attackingF2F7 mate mateIn2 middlegame short,https://lichess.org/ax5FV8Kt/black#14,Bishops_Opening Bishops_Opening_Other_variations,https://lichess.org/training/BUgGF,True,bottom-right 1,white,"[4, 6]","[3, 4]","[4, 4]","[5, 6]"
V9OFT,rn1qkbnr/ppp2p2/3p3p/4N1p1/2B1Ppb1/2N5/PPPP2PP/R1BQ1RK1 b kq - 3 7,g4d1 c4f7 e8e7 c3d5,1342,78,86,1514,attackingF2F7 mate mateIn2 opening short,https://lichess.org/lBhAsKqb/black#14,Kings_Gambit_Accepted Kings_Gambit_Accepted_Fischer_Defense,https://lichess.org/training/V9OFT,True,bottom-right 1,white,"[4, 6]","[3, 4]","[4, 4]","[5, 6]"
1oLRU,r2qkbnr/ppp3pp/2np4/4Np2/P1B1P1b1/2N5/1PPP1PPP/R1BQK2R b KQkq - 0 6,g4d1 c4f7 e8e7 c3d5,1342,74,99,951,mate mateIn2 opening short,https://lichess.org/lZsjw2u7/black#12,Italian_Game Italian_Game_Paris_Defense,https://lichess.org/training/1oLRU,True,bottom-right 1,white,"[4, 6]","[3, 4]","[4, 4]","[5, 6]"
ampye,r2qkbnr/ppp2p2/3p3p/4N1p1/2BnPpb1/2N5/PPPBQ1PP/R3K2R b KQkq - 1 9,g4e2 c4f7 e8e7 c3d5,1342,77,90,1836,attackingF2F7 mate mateIn2 middlegame short,https://lichess.org/qVJczyCl/black#18,Kings_Gambit_Accepted Kings_Gambit_Accepted_MacLeod_Defense,https://lichess.org/training/ampye,True,bottom-right 1,white,"[4, 6]","[3, 4]","[4, 4]","[5, 6]"
4IXGM,r2B1rk1/pp3pp1/2n4p/4p3/2P1n1b1/3P1N2/PP3bPP/R2QKB1R w KQ - 0 12,e1e2 c6d4,1342,80,86,229,mate mateIn1 middlegame oneMove pin,https://lichess.org/F4Xhnm1Q#23,Scandinavian_Defense Scandinavian_Defense_Panov_Transfer,https://lichess.org/training/4IXGM,True,bottom-right 1,black,"[4, 6]","[3, 4]","[4, 4]","[5, 6]"
DafHP,r2qkbnr/ppp2ppp/3p4/4N3/2BnPPb1/2NP2P1/PPP4P/R1BQK2R b KQkq - 0 8,g4d1 c4f7 e8e7 c3d5,1343,75,78,288,attackingF2F7 mate mateIn2 opening short,https://lichess.org/MJp5lkB6/black#16,Vienna_Game Vienna_Game_Max_Lange_Defense,https://lichess.org/training/DafHP,True,bottom-right 1,white,"[4, 6]","[3, 4]","[4, 4]","[5, 6]"
zuveY,r2qkb1r/ppp2p2/3p1p1p/4N3/2BnP1b1/2NP4/PPP2PPP/R2Q1RK1 b kq - 0 9,g4d1 c4f7 e8e7 c3d5,1343,76,95,9499,attackingF2F7 mate mateIn2 middlegame short,https://lichess.org/a7VsAOzQ/black#18,Italian_Game Italian_Game_Paris_Defense,https://lichess.org/training/zuveY,True,bottom-right 1,white,"[4, 6]","[3, 4]","[4, 4]","[5, 6]"
dXl6V,r2qkbnr/ppp3pp/2np4/4Np2/2B1PPb1/2N5/PPPP2PP/R1BQK2R b KQkq - 0 6,g4d1 c4f7 e8e7 c3d5,1343,78,91,1662,mate mateIn2 opening short,https://lichess.org/qV8sIsRv/black#12,Kings_Gambit_Declined Kings_Gambit_Declined_Queens_Knight_Defense,https://lichess.org/training/dXl6V,True,bottom-right 1,white,"[4, 6]","[3, 4]","[4, 4]","[5, 6]"
ajCiL,rn1qkbnr/ppp2B2/3p3p/4N1p1/3PPp2/2N4P/PPP3P1/R1BbK2R b KQkq - 0 9,e8e7 c3d5,1344,81,88,2066,mate mateIn1 oneMove opening,https://lichess.org/xyyD3QMF/black#18,,https://lichess.org/training/ajCiL,True,bottom-right 1,white,"[4, 6]","[3, 4]","[4, 4]","[5, 6]"
YSKPN,r2qkb1r/pp3ppp/3p4/4N3/2BnP1b1/P1N5/1PP2P2/R1BQK2R b KQkq - 0 12,g4d1 c4f7 e8e7 c3d5,1344,76,97,4691,attackingF2F7 mate mateIn2 middlegame short,https://lichess.org/1HrdqCuY/black#24,Sicilian_Defense Sicilian_Defense_Mengarini_Variation,https://lichess.org/training/YSKPN,True,bottom-right 1,white,"[4, 6]","[3, 4]","[4, 4]","[5, 6]"
bhsI9,r1bqk2r/pppp1ppp/6n1/2bPp1B1/2P1n3/5N1P/PP3PP1/RN1QKB1R w KQkq - 0 8,g5d8 c5f2 e1e2 g6f4,1345,77,75,121,attackingF2F7 mate mateIn2 opening short,https://lichess.org/CIMHBdlo#15,Nimzowitsch_Defense Nimzowitsch_Defense_Kennedy_Variation,https://lichess.org/training/bhsI9,True,top-right 1,black,"[4, 6]","[3, 4]","[4, 4]","[5, 6]"
23I8T,rn1qkbnr/1pp2pp1/p2p3p/4N2b/2B1P3/2N4P/PPPP1PP1/R1BQ1RK1 b kq - 0 7,h5d1 c4f7 e8e7 c3d5,1345,81,92,1915,attackingF2F7 mate mateIn2 opening short,https://lichess.org/yIapEkWv/black#14,Philidor_Defense Philidor_Defense_Other_variations,https://lichess.org/training/23I8T,True,bottom-right 1,white,"[4, 6]","[3, 4]","[4, 4]","[5, 6]"
xymOb,r2qkbnr/ppp3pp/2np4/4Np1b/4P3/1BN4P/PPPP1PP1/R1BQK2R b KQkq - 0 7,h5d1 b3f7 e8e7 c3d5,1345,75,96,17486,mate mateIn2 opening short,https://lichess.org/gLPnFT0J/black#14,Italian_Game Italian_Game_Other_variations,https://lichess.org/training/xymOb,True,bottom-right 1,white,"[4, 6]","[3, 4]","[4, 4]","[5, 6]"
RLIHW,r2qkbnr/ppp2Bp1/2np3p/4N3/4P3/2N3P1/PPPP1P1P/R1BbK2R b KQkq - 0 7,e8e7 c3d5,1346,86,63,73,mate mateIn1 oneMove opening,https://lichess.org/QQjLaXvE/black#14,Kings_Knight_Opening Kings_Knight_Opening_Konstantinopolsky,https://lichess.org/training/RLIHW,True,bottom-right 1,white,"[4, 6]","[3, 4]","[4, 4]","[5, 6]"
5UeJn,r2qkbnr/1pp2Bpp/p1np4/4N3/4P3/P1N5/1PPP1PPP/R1BbK2R b KQkq - 0 7,e8e7 c3d5,1346,76,79,193,mate mateIn1 oneMove opening,https://lichess.org/SadLDF8U/black#14,Pirc_Defense Pirc_Defense_Other_variations,https://lichess.org/training/5UeJn,True,bottom-right 1,white,"[4, 6]","[3, 4]","[4, 4]","[5, 6]"
v41wl,r2qkbnr/pp3pp1/3p3p/2p1N2b/2BnP3/P1N4P/1PPP1PP1/R1BQR1K1 b kq - 0 9,h5d1 c4f7 e8e7 c3d5,1346,76,91,1796,attackingF2F7 mate mateIn2 middlegame short,https://lichess.org/narosYGd/black#18,Philidor_Defense Philidor_Defense_Other_variations,https://lichess.org/training/v41wl,True,bottom-right 1,white,"[4, 6]","[3, 4]","[4, 4]","[5, 6]"
oghhD,rn1qkb1r/ppp4p/3p1p2/4N1pP/4Ppb1/1BNP4/PPP3P1/R1BQK2R b KQkq - 0 10,g4d1 b3f7 e8e7 c3d5,1346,75,100,649,mate mateIn2 middlegame short,https://lichess.org/AURdbKqf/black#20,Kings_Gambit_Accepted Kings_Gambit_Accepted_Kings_Knights_Gambit,https://lichess.org/training/oghhD,True,bottom-right 1,white,"[4, 6]","[3, 4]","[4, 4]","[5, 6]"
BtiSn,rn1qkbnr/ppp2Bpp/3p4/4N3/4P3/2N5/PPPP1PPP/R1BbK2R b KQkq - 0 6,e8e7 c3d5,1346,426,0,1,mate mateIn1 oneMove opening,https://lichess.org/r3xXP7a1/black#12,,https://lichess.org/training/BtiSn,True,bottom-right 1,white,"[4, 6]","[3, 4]","[4, 4]","[5, 6]"
YU0cY,r1bq1rk1/pppp1pp1/2n4p/2bNp3/2P1n2B/3P4/PP3PPP/R2QKBNR w KQ - 0 8,h4d8 c5f2 e1e2 c6d4,1347,76,81,152,attackingF2F7 mate mateIn2 opening short,https://lichess.org/uMYtDIIa#15,Kings_Pawn_Game Kings_Pawn_Game_Leonardis_Variation,https://lichess.org/training/YU0cY,True,bottom-right 1,black,"[4, 6]","[3, 4]","[4, 4]","[5, 6]"
vEsjO,r2qkbnr/ppp4p/2np1p2/4N1p1/2BPPpbP/2N5/PPP3P1/R1BQK2R b KQkq - 1 8,g4d1 c4f7 e8e7 c3d5,1347,78,94,3857,mate mateIn2 middlegame short,https://lichess.org/zSwgQaFL/black#16,Kings_Gambit_Accepted Kings_Gambit_Accepted_Bishops_Gambit,https://lichess.org/training/vEsjO,True,bottom-right 1,white,"[4, 6]","[3, 4]","[4, 4]","[5, 6]"
jqati,r2qkb1r/ppp2Bp1/3p3p/4N3/3nP3/2NP4/PPP2PPP/R2bK2R b KQkq - 0 11,e8e7 c3d5,1347,76,98,1702,mate mateIn1 middlegame oneMove,https://lichess.org/1cxtS70R/black#22,Four_Knights_Game Four_Knights_Game_Italian_Variation,https://lichess.org/training/jqati,True,bottom-right 1,white,"[4, 6]","[3, 4]","[4, 4]","[5, 6]"
iKuZi,rn1qkbnr/ppp4p/3p1p2/4N1p1/2BPPpb1/2N5/PPP3PP/R1BQK2R b KQkq - 1 7,g4d1 c4f7 e8e7 c3d5,1347,75,94,15626,mate mateIn2 opening short,https://lichess.org/ri0lPGbg/black#14,Kings_Gambit_Accepted Kings_Gambit_Accepted_Fischer_Defense,https://lichess.org/training/iKuZi,True,bottom-right 1,white,"[4, 6]","[3, 4]","[4, 4]","[5, 6]"
oqWK7,r2qkb1r/ppp2Bpp/3p1n2/4N1B1/3nP3/2N5/PPP2PPP/R2bK2R b KQkq - 0 8,e8e7 c3d5,1347,78,60,109,mate mateIn1 middlegame oneMove pin,https://lichess.org/nT5sgkUL/black#16,Pirc_Defense Pirc_Defense_Other_variations,https://lichess.org/training/oqWK7,True,bottom-right 1,white,"[4, 6]","[3, 4]","[4, 4]","[5, 6]"
Iiedg,r2qkbnr/2p2Bpp/p2p4/1p2N3/3nP3/2N4P/PPPP1PP1/R1Bb1RK1 b kq - 0 10,e8e7 c3d5,1348,82,72,761,mate mateIn1 middlegame oneMove,https://lichess.org/cTwYGdQw/black#20,Ruy_Lopez Ruy_Lopez_Morphy_Defense,https://lichess.org/training/Iiedg,True,bottom-right 1,white,"[4, 6]","[3, 4]","[4, 4]","[5, 6]"
F83iK,r2qkbnr/ppp2pp1/3p3p/4NP2/2BnP1b1/2N5/PPPP2PP/R1BQK2R b KQkq - 0 7,g4d1 c4f7 e8e7 c3d5,1348,75,84,413,attackingF2F7 mate mateIn2 opening short,https://lichess.org/v94YZdRB/black#14,Kings_Gambit Kings_Gambit_Other_variations,https://lichess.org/training/F83iK,True,bottom-right 1,white,"[4, 6]","[3, 4]","[4, 4]","[5, 6]"
EkhmE,r2qkbnr/ppp2pp1/3p3p/n3N3/4P1b1/1BN5/PPPP1PPP/R1BQ1RK1 b kq - 0 7,g4d1 b3f7 e8e7 c3d5,1348,76,95,10587,attackingF2F7 mate mateIn2 opening short,https://lichess.org/yOO0mp6M/black#14,Vienna_Game Vienna_Game_Max_Lange_Defense,https://lichess.org/training/EkhmE,True,bottom-right 1,white,"[4, 6]","[3, 4]","[4, 4]","[5, 6]"
5uirI,rn1qkbnr/ppp3pp/3p4/4N2b/2B1Pp2/2NP3P/PPP2PP1/R1BQK2R b KQkq - 0 7,h5d1 c4f7 e8e7 c3d5,1350,84,79,49,mate mateIn2 opening short,https://lichess.org/87t0xkSk/black#14,Philidor_Defense Philidor_Defense_Lopez_Countergambit,https://lichess.org/training/5uirI,True,bottom-right 1,white,"[4, 6]","[3, 4]","[4, 4]","[5, 6]"
UXwHv,r2qkbnr/1pp2Bpp/p2p4/4N3/4P3/2N5/PPPP2PP/R1BbK2R b KQkq - 0 8,e8e7 c3d5,1350,152,60,62,mate mateIn1 oneMove opening,https://lichess.org/OHX9SJcW/black#16,Kings_Gambit_Declined Kings_Gambit_Declined_Queens_Knight_Defense,https://lichess.org/training/UXwHv,True,bottom-right 1,white,"[4, 6]","[3, 4]","[4, 4]","[5, 6]"
J34Dy,r2qkbnr/ppp2pp1/3p3p/4N2b/2BnP3/2N4P/PPPP1PP1/R1BQK2R b KQkq - 0 8,h5d1 c4f7 e8e7 c3d5,1351,81,92,771,attackingF2F7 mate mateIn2 opening short,https://lichess.org/mdgWfltb/black#16,Philidor_Defense Philidor_Defense_Other_variations,https://lichess.org/training/J34Dy,True,bottom-right 1,white,"[4, 6]","[3, 4]","[4, 4]","[5, 6]"
XLR7j,r1bBk2r/pppp1ppp/6n1/3Pp3/2P1n3/2N2N2/PP3bPP/R2QKB1R w KQkq - 0 9,e1e2 g6f4,1351,78,91,1021,mate mateIn1 oneMove opening,https://lichess.org/Bbb6rh29#17,Nimzowitsch_Defense Nimzowitsch_Defense_Kennedy_Variation,https://lichess.org/training/XLR7j,True,top-right 1,black,"[4, 6]","[3, 4]","[4, 4]","[5, 6]"
Mbgem,r2qkbnr/1pp2pp1/p2p3p/4N3/2BnPPb1/P1NP4/1PP3PP/R1BQK2R b KQkq - 0 8,g4d1 c4f7 e8e7 c3d5,1351,78,91,5173,attackingF2F7 mate mateIn2 middlegame short,https://lichess.org/tKTzr1wv/black#16,Kings_Gambit_Declined Kings_Gambit_Declined_Queens_Knight_Defense,https://lichess.org/training/Mbgem,True,bottom-right 1,white,"[4, 6]","[3, 4]","[4, 4]","[5, 6]"
07jpa,r2qkbnr/pppn1ppp/3p4/4N2b/2B1P3/2N4P/PPPP1PP1/R1BQK2R b KQkq - 0 6,h5d1 c4f7 e8e7 c3d5,1351,76,85,287,attackingF2F7 mate mateIn2 opening short,https://lichess.org/ILqoyf0Q/black#12,Philidor_Defense Philidor_Defense_Other_variations,https://lichess.org/training/07jpa,True,bottom-right 1,white,"[4, 6]","[3, 4]","[4, 4]","[5, 6]"
zKnax,r2qkbnr/ppp2ppp/3p4/4N3/2B1P1b1/2N5/PB3PPP/R2Q1RK1 b kq - 0 9,g4d1 c4f7 e8e7 c3d5,1351,78,91,1775,attackingF2F7 mate mateIn2 middlegame short,https://lichess.org/wVazt5lm/black#18,Danish_Gambit_Accepted Danish_Gambit_Accepted_Other_variations,https://lichess.org/training/zKnax,True,bottom-right 1,white,"[4, 6]","[3, 4]","[4, 4]","[5, 6]"
lZkvx,r2qkbnr/ppp2ppp/2np4/4N2b/4P3/1BN4P/PPPP1PP1/R1BQK2R b KQkq - 0 7,h5d1 b3f7 e8e7 c3d5,1353,75,97,9632,attackingF2F7 mate mateIn2 opening short,https://lichess.org/YzUHSFBF/black#14,Italian_Game Italian_Game_Paris_Defense,https://lichess.org/training/lZkvx,True,bottom-right 1,white,"[4, 6]","[3, 4]","[4, 4]","[5, 6]"
5o7Yu,r2qkbnr/ppp2pp1/2np3p/4N3/2BPPpb1/2N5/PPP3PP/R1BQK2R b KQkq - 2 7,g4d1 c4f7 e8e7 c3d5,1353,79,92,1623,attackingF2F7 mate mateIn2 opening short,https://lichess.org/aEWSmHtB/black#14,Kings_Gambit_Declined Kings_Gambit_Declined_Queens_Knight_Defense,https://lichess.org/training/5o7Yu,True,bottom-right 1,white,"[4, 6]","[3, 4]","[4, 4]","[5, 6]"
CPPkk,r2qkbnr/1pp3pp/p2p4/4N3/2B1Ppb1/2N5/PPP2PPP/R1BQR1K1 b kq - 0 9,g4d1 c4f7 e8e7 c3d5,1353,76,94,13299,mate mateIn2 opening short,https://lichess.org/el8IfZsD/black#18,Latvian_Gambit Latvian_Gambit_Mlotkowski_Variation,https://lichess.org/training/CPPkk,True,bottom-right 1,white,"[4, 6]","[3, 4]","[4, 4]","[5, 6]"
lfxnJ,r1bq1rk1/pppp1p2/2n5/2bNp1B1/4n3/3P4/PPP2PPP/R2QKB1R w KQ - 0 10,g5d8 c5f2 e1e2 c6d4,1353,78,94,808,attackingF2F7 mate mateIn2 opening short,https://lichess.org/Aq1Hi2uC#19,Alekhine_Defense Alekhine_Defense_Maroczy_Variation,https://lichess.org/training/lfxnJ,True,bottom-right 1,black,"[4, 6]","[3, 4]","[4, 4]","[5, 6]"
hAjUj,r2qkbnr/ppp3pp/3p4/4Np2/2BnPPb1/2N5/PPPP2PP/R1BQ1RK1 b kq - 0 7,g4d1 c4f7 e8e7 c3d5,1354,74,75,276,mate mateIn2 opening short,https://lichess.org/3fOlIgyL/black#14,Kings_Gambit Kings_Gambit_Other_variations,https://lichess.org/training/hAjUj,True,bottom-right 1,white,"[4, 6]","[3, 4]","[4, 4]","[5, 6]"
5S28Y,r2qkbnr/ppp3pp/3p1p2/4N3/2B1P1b1/2N5/PPP2PPP/R1BQK2R b KQkq - 0 7,g4d1 c4f7 e8e7 c3d5,1354,76,96,29331,mate mateIn2 opening short,https://lichess.org/NSIZMltd/black#14,Italian_Game Italian_Game_Other_variations,https://lichess.org/training/5S28Y,True,bottom-right 1,white,"[4, 6]","[3, 4]","[4, 4]","[5, 6]"
L03AH,rn1qkbnr/ppp3pp/3p1p2/4N2b/2BPP3/2N5/PPP2PPP/R1BQK2R b KQkq - 0 6,h5d1 c4f7 e8e7 c3d5,1354,78,83,79,mate mateIn2 opening short,https://lichess.org/0YoqHiol/black#12,Philidor_Defense Philidor_Defense_Other_variations,https://lichess.org/training/L03AH,True,bottom-right 1,white,"[4, 6]","[3, 4]","[4, 4]","[5, 6]"
jutOA,rn1qkb1r/ppp2p1p/3p1p2/4N2b/2B1P3/2N4P/PPPP1P2/R1BQK2R b KQkq - 0 9,h5d1 c4f7 e8e7 c3d5,1354,89,63,68,attackingF2F7 mate mateIn2 opening short,https://lichess.org/TL1936IZ/black#18,Philidor_Defense Philidor_Defense_Other_variations,https://lichess.org/training/jutOA,True,bottom-right 1,white,"[4, 6]","[3, 4]","[4, 4]","[5, 6]"
a2naA,r2qkb1r/ppp2p1p/3p3p/4N3/2B1P1b1/2N5/PP3PPP/R2QK2R b KQkq - 0 10,g4d1 c4f7 e8e7 c3d5,1354,75,93,637,attackingF2F7 mate mateIn2 middlegame short,https://lichess.org/5m4tZgno/black#20,Italian_Game Italian_Game_Paris_Defense,https://lichess.org/training/a2naA,True,bottom-right 1,white,"[4, 6]","[3, 4]","[4, 4]","[5, 6]"
Fanan,rn1qkbnr/ppp4p/3p1p2/4N1p1/2BPPpb1/2N5/PPP3PP/R1BQK2R b KQkq - 1 7,g4d1 c4f7 e8e7 c3d5,1355,76,96,28301,mate mateIn2 opening short,https://lichess.org/LujtS4oW/black#14,Kings_Gambit_Accepted Kings_Gambit_Accepted_Fischer_Defense,https://lichess.org/training/Fanan,True,bottom-right 1,white,"[4, 6]","[3, 4]","[4, 4]","[5, 6]"
t444B,r2qkb1r/3n1pp1/p2p3p/1p2N2b/2B1P3/2NP3P/1PP2PP1/R2Q1RK1 b kq - 0 14,h5d1 c4f7 e8e7 c3d5,1355,78,91,3477,attackingF2F7 mate mateIn2 middlegame short,https://lichess.org/BeNlWmJt/black#28,Philidor_Defense Philidor_Defense_Other_variations,https://lichess.org/training/t444B,True,bottom-right 1,white,"[4, 6]","[3, 4]","[4, 4]","[5, 6]"
wqjel,r2qkb1r/1pp2ppp/p2p4/4N2b/2BnP3/2NP3P/PPP2PP1/R2QK2R b KQkq - 0 11,h5d1 c4f7 e8e7 c3d5,1356,75,100,3019,attackingF2F7 mate mateIn2 middlegame short,https://lichess.org/PIAX6tU0/black#22,Philidor_Defense Philidor_Defense_Other_variations,https://lichess.org/training/wqjel,True,bottom-right 1,white,"[4, 6]","[3, 4]","[4, 4]","[5, 6]"
r8Ae2,r2qkbnr/ppp2Bpp/2np4/4N3/3PPp2/2N4P/PPP2PP1/R1BbK2R b KQkq - 1 9,e8e7 c3d5,1356,75,82,461,mate mateIn1 oneMove opening,https://lichess.org/PInhpZVC/black#18,Italian_Game Italian_Game_Rousseau_Gambit,https://lichess.org/training/r8Ae2,True,bottom-right 1,white,"[4, 6]","[3, 4]","[4, 4]","[5, 6]"
deSVH,r2qkbnr/ppp2p1p/2np2p1/4N3/2B1P1b1/2N5/PPPP1PPP/R1BQK2R b KQkq - 0 6,g4d1 c4f7 e8e7 c3d5,1356,396,38,9,attackingF2F7 mate mateIn2 opening short,https://lichess.org/7fe3jpwt/black#12,Ruy_Lopez Ruy_Lopez_Steinitz_Defense,https://lichess.org/training/deSVH,True,bottom-right 1,white,"[4, 6]","[3, 4]","[4, 4]","[5, 6]"
UToTA,r1bq1rk1/pppp1pp1/2n4p/2b1p3/4n2B/3P3P/PPPN1PP1/RN1QKB1R w KQ - 0 8,h4d8 c5f2 e1e2 c6d4,1356,76,93,2297,attackingF2F7 mate mateIn2 opening short,https://lichess.org/S0qlzpdg#15,Kings_Knight_Opening Kings_Knight_Opening_Normal_Variation,https://lichess.org/training/UToTA,True,bottom-right 1,black,"[4, 6]","[3, 4]","[4, 4]","[5, 6]"
HAzzZ,r2qkb1r/pppn1ppp/2np4/4N1Pb/2B1P2P/2NP4/PPP2P2/R1BQK2R b KQkq - 0 10,h5d1 c4f7 e8e7 c3d5,1357,78,92,862,attackingF2F7 mate mateIn2 opening short,https://lichess.org/seMhiq14/black#20,Philidor_Defense Philidor_Defense_Other_variations,https://lichess.org/training/HAzzZ,True,bottom-right 1,white,"[4, 6]","[3, 4]","[4, 4]","[5, 6]"
Iiil5,r2qkbnr/ppp3pp/2np1p2/4N2b/2BPP3/2N4P/PPP2PP1/R1BQK2R b KQkq - 0 7,h5d1 c4f7 e8e7 c3d5,1357,98,78,23,mate mateIn2 opening short,https://lichess.org/3Idv1QRR/black#14,Philidor_Defense Philidor_Defense_Other_variations,https://lichess.org/training/Iiil5,True,bottom-right 1,white,"[4, 6]","[3, 4]","[4, 4]","[5, 6]"
ZfB6p,r2qkbnr/pp3ppp/3p4/2p1N2b/2BnP3/P1N4P/1PPP1PP1/R1BQ1RK1 b kq - 0 8,h5d1 c4f7 e8e7 c3d5,1357,78,86,986,attackingF2F7 mate mateIn2 middlegame short,https://lichess.org/DIJVhp5y/black#16,Philidor_Defense Philidor_Defense_Other_variations,https://lichess.org/training/ZfB6p,True,bottom-right 1,white,"[4, 6]","[3, 4]","[4, 4]","[5, 6]"
ZHSH4,r2qkbnr/1pp2pp1/p1np3p/4N3/2B1P1b1/1PN5/PBPP1PPP/R2QK2R b KQkq - 0 7,g4d1 c4f7 e8e7 c3d5,1358,76,93,2365,attackingF2F7 mate mateIn2 middlegame short,https://lichess.org/Jk5WqSL4/black#14,Italian_Game Italian_Game_Paris_Defense,https://lichess.org/training/ZHSH4,True,bottom-right 1,white,"[4, 6]","[3, 4]","[4, 4]","[5, 6]"
fwdNB,r2qk2r/ppp2ppp/2np4/2bNp1B1/4n3/3P3P/PPP2P1P/R2QKB1R w KQkq - 0 8,g5d8 c5f2 e1e2 c6d4,1358,76,82,266,attackingF2F7 mate mateIn2 middlegame short,https://lichess.org/5kkBxt5k#15,Alekhine_Defense Alekhine_Defense_Maroczy_Variation,https://lichess.org/training/fwdNB,True,bottom-right 1,black,"[4, 6]","[3, 4]","[4, 4]","[5, 6]"
gRHEt,rn1qkbnr/1pp3pp/3p1p2/p3N3/2B1PPb1/2N5/PPPP2PP/R1BQK2R b KQkq - 0 6,g4d1 c4f7 e8e7 c3d5,1358,76,96,11707,mate mateIn2 middlegame short,https://lichess.org/OXllFpdq/black#12,Kings_Gambit Kings_Gambit_Other_variations,https://lichess.org/training/gRHEt,True,bottom-right 1,white,"[4, 6]","[3, 4]","[4, 4]","[5, 6]"
IeS6Y,r2qkbnr/1pp2pp1/p1np3p/4N2b/P1B1P3/2N4P/1PPP1PP1/R1BQ1RK1 b kq - 0 8,h5d1 c4f7 e8e7 c3d5,1358,76,71,132,attackingF2F7 mate mateIn2 opening short,https://lichess.org/HxVvKSWj/black#16,Philidor_Defense Philidor_Defense_Other_variations,https://lichess.org/training/IeS6Y,True,bottom-right 1,white,"[4, 6]","[3, 4]","[4, 4]","[5, 6]"
P6hr8,r2qkbnr/pp3Bpp/2np4/2p1N3/4PP2/2N5/PPPP2PP/R1BbK2R b KQkq - 0 7,e8e7 c3d5,1358,79,84,268,mate mateIn1 middlegame oneMove,https://lichess.org/KJoBgZMx/black#14,Sicilian_Defense Sicilian_Defense_Grand_Prix_Attack,https://lichess.org/training/P6hr8,True,bottom-right 1,white,"[4, 6]","[3, 4]","[4, 4]","[5, 6]"
nfV59,r2qkb1r/1ppn2pp/1p1p4/4Np1b/4p3/1BN4P/PPP2PP1/R2Q1RK1 b kq - 1 14,h5d1 b3f7 e8e7 c3d5,1358,75,92,1023,mate mateIn2 middlegame short,https://lichess.org/90Sa9ptH/black#28,Alekhine_Defense Alekhine_Defense_Balogh_Variation,https://lichess.org/training/nfV59,True,bottom-right 1,white,"[4, 6]","[3, 4]","[4, 4]","[5, 6]"
bDzqu,r2qkb1r/ppp2B1p/2np3n/4N1p1/4Pp2/2NP3P/PPP3P1/R1Bb1RK1 b kq - 0 10,e8e7 c3d5,1358,79,91,627,mate mateIn1 oneMove opening,https://lichess.org/0SDhzkk7/black#20,Kings_Gambit_Accepted Kings_Gambit_Accepted_Fischer_Defense,https://lichess.org/training/bDzqu,True,bottom-right 1,white,"[4, 6]","[3, 4]","[4, 4]","[5, 6]"
pOdHC,rn1qkbnr/ppp3p1/3p3p/4N3/2BPPpb1/2N5/PPP2PPP/R1BQK2R b KQkq - 0 7,g4d1 c4f7 e8e7 c3d5,1358,78,93,3661,mate mateIn2 opening short,https://lichess.org/ifQvgEXS/black#14,Van_Geet_Opening Van_Geet_Opening_Reversed_Nimzowitsch,https://lichess.org/training/pOdHC,True,bottom-right 1,white,"[4, 6]","[3, 4]","[4, 4]","[5, 6]"
LKLhe,r2qkb1r/ppp2pp1/3p4/4N2p/2BnP1b1/2NP4/PPP1QP2/R1B1K1R1 b Qkq - 0 11,g4e2 c4f7 e8e7 c3d5,1358,75,96,5220,attackingF2F7 mate mateIn2 opening short,https://lichess.org/T7D2nNDn/black#22,Italian_Game Italian_Game_Paris_Defense,https://lichess.org/training/LKLhe,True,bottom-right 1,white,"[4, 6]","[3, 4]","[4, 4]","[5, 6]"
F0BVM,r2qkb1r/ppp2ppp/2np4/4N2b/2B1PN2/7P/PP3P2/R1BQR1K1 b kq - 0 13,h5d1 c4f7 e8e7 f4d5,1359,99,78,44,attackingF2F7 mate mateIn2 opening short,https://lichess.org/4ltOVUam/black#26,Scotch_Game Scotch_Game_Scotch_Gambit,https://lichess.org/training/F0BVM,True,bottom-right 1,white,"[4, 6]","[3, 4]","[4, 4]","[5, 6]"
BiU9b,r2qkbnr/1pp2ppp/p2p4/3BN3/P2nP1b1/2N5/1PPP1PPP/R1BQK2R b KQkq - 0 7,g4d1 d5f7 e8e7 c3d5,1359,75,79,486,attackingF2F7 mate mateIn2 opening short,https://lichess.org/c7pwxDh3/black#14,Philidor_Defense Philidor_Defense_Other_variations,https://lichess.org/training/BiU9b,True,bottom-right 1,white,"[4, 6]","[3, 4]","[4, 4]","[5, 6]"
QtNOy,rn1qkbnr/ppp3pp/3p1p2/4N3/2B1Ppb1/2N5/PPPP2PP/R1BQK2R b KQkq - 3 6,g4d1 c4f7 e8e7 c3d5,1360,76,84,132,mate mateIn2 opening short,https://lichess.org/kgNUT5wm/black#12,Kings_Gambit_Accepted Kings_Gambit_Accepted_Kings_Knights_Gambit,https://lichess.org/training/QtNOy,True,bottom-right 1,white,"[4, 6]","[3, 4]","[4, 4]","[5, 6]"
cSf9K,r2qkb1r/1p3ppp/p2p1p2/2p1N2b/P1B1P3/2NP3P/1PP2PP1/R2QK2R b KQkq - 0 10,h5d1 c4f7 e8e7 c3d5,1360,76,74,362,attackingF2F7 mate mateIn2 middlegame short,https://lichess.org/jGyuZUch/black#20,Sicilian_Defense Sicilian_Defense_Closed,https://lichess.org/training/cSf9K,True,bottom-right 1,white,"[4, 6]","[3, 4]","[4, 4]","[5, 6]"
77qyL,r1bBk2r/pppp1pp1/2n4p/4p3/4n3/2NP3P/PPP2bP1/R2QKBNR w KQkq - 0 8,e1e2 c6d4,1360,75,95,6276,mate mateIn1 oneMove opening,https://lichess.org/ACTqlxr8#15,Kings_Pawn_Game Kings_Pawn_Game_Leonardis_Variation,https://lichess.org/training/77qyL,True,bottom-right 1,black,"[4, 6]","[3, 4]","[4, 4]","[5, 6]"
DCdpW,r2qkbnr/pppn1ppp/3p4/4N2b/2B1Pp2/2N4P/PPPP2P1/R1BQK2R b KQkq - 2 7,h5d1 c4f7 e8e7 c3d5,1361,79,85,858,attackingF2F7 mate mateIn2 opening short,https://lichess.org/wrgS6bev/black#14,Kings_Gambit_Accepted Kings_Gambit_Accepted_Fischer_Defense,https://lichess.org/training/DCdpW,True,bottom-right 1,white,"[4, 6]","[3, 4]","[4, 4]","[5, 6]"
NhQPo,r2qkbnr/ppp4p/2np1p2/4N1p1/2BPPpb1/2N5/PPP3PP/R1BQ1RK1 b kq - 1 8,g4d1 c4f7 e8e7 c3d5,1362,77,90,1939,mate mateIn2 opening short,https://lichess.org/l89FFVvs/black#16,Vienna_Game Vienna_Game_Vienna_Gambit,https://lichess.org/training/NhQPo,True,bottom-right 1,white,"[4, 6]","[3, 4]","[4, 4]","[5, 6]"
P5gRK,r2qkbnr/ppp3pp/3p4/4N3/2B1Ppb1/2N5/PPP2PPP/R1BQK2R b KQkq - 0 8,g4d1 c4f7 e8e7 c3d5,1362,76,95,28430,mate mateIn2 opening short,https://lichess.org/8lcyAoTl/black#16,Three_Knights_Opening Three_Knights_Opening_Other_variations,https://lichess.org/training/P5gRK,True,bottom-right 1,white,"[4, 6]","[3, 4]","[4, 4]","[5, 6]"
kuuC5,r2qkb1r/1pp2ppp/p2p4/4N3/P1BnP1b1/2N5/1PPP1P2/R1BQR1K1 b kq - 0 11,g4d1 c4f7 e8e7 c3d5,1362,77,84,777,attackingF2F7 mate mateIn2 opening short,https://lichess.org/cduwZqKt/black#22,Vienna_Game Vienna_Game_Max_Lange_Defense,https://lichess.org/training/kuuC5,True,bottom-right 1,white,"[4, 6]","[3, 4]","[4, 4]","[5, 6]"
aMfGQ,rn1qkbnr/2p2ppp/p2p4/1p2N3/2B1PPb1/2N5/PPPP2PP/R1BQK2R b KQkq - 0 6,g4d1 c4f7 e8e7 c3d5,1362,77,86,816,attackingF2F7 mate mateIn2 middlegame short,https://lichess.org/5UltrUwi/black#12,Kings_Gambit Kings_Gambit_Other_variations,https://lichess.org/training/aMfGQ,True,bottom-right 1,white,"[4, 6]","[3, 4]","[4, 4]","[5, 6]"
kayef,rn1qkb1r/ppp2Bpp/3p4/4N2n/4Pp2/2NP4/PPP3PP/R1BbK2R b KQkq - 0 8,e8e7 c3d5,1363,81,75,266,mate mateIn1 oneMove opening,https://lichess.org/Q5ktkEZd/black#16,,https://lichess.org/training/kayef,True,bottom-right 1,white,"[4, 6]","[3, 4]","[4, 4]","[5, 6]"
g6nbm,r2qkbnr/ppp3pp/2np1p2/4N3/2B1Ppb1/2N5/PPPP2PP/R1BQ1RK1 b kq - 1 7,g4d1 c4f7 e8e7 c3d5,1363,80,100,127,mate mateIn2 opening short,https://lichess.org/N8r8YGIn/black#14,Vienna_Gambit_with_Max_Lange_Defense Vienna_Gambit_with_Max_Lange_Defense_Other_variations,https://lichess.org/training/g6nbm,True,bottom-right 1,white,"[4, 6]","[3, 4]","[4, 4]","[5, 6]"
HZVIN,r2qkbnr/1p3ppp/p2p4/2p1N3/P1B1Ppb1/2NP4/1PP3PP/R1BQ1RK1 b kq - 0 9,g4d1 c4f7 e8e7 c3d5,1363,75,97,1720,attackingF2F7 mate mateIn2 middlegame short,https://lichess.org/LscxdUez/black#18,Sicilian_Defense Sicilian_Defense_Closed,https://lichess.org/training/HZVIN,True,bottom-right 1,white,"[4, 6]","[3, 4]","[4, 4]","[5, 6]"
qr51J,r2qkbnr/ppp3p1/2np3p/4N2b/2BPPp2/2N4P/PPP2PP1/R1BQ1RK1 b kq - 0 9,h5d1 c4f7 e8e7 c3d5,1363,75,91,172,mate mateIn2 opening short,https://lichess.org/DluYwAEo/black#18,Italian_Game Italian_Game_Rousseau_Gambit,https://lichess.org/training/qr51J,True,bottom-right 1,white,"[4, 6]","[3, 4]","[4, 4]","[5, 6]"
0tmKy,r2qkbnr/1p4pp/p2p1p2/2p1N3/2B1P1b1/P1N1B3/1P3PPP/R2QR1K1 b kq - 0 11,g4d1 c4f7 e8e7 c3d5,1364,76,93,1719,mate mateIn2 middlegame short,https://lichess.org/OtTjFAip/black#22,Center_Game Center_Game_Kieseritzky_Variation,https://lichess.org/training/0tmKy,True,bottom-right 1,white,"[4, 6]","[3, 4]","[4, 4]","[5, 6]"
W8qYT,r2qkbnr/ppp2ppp/3p4/2n1N2b/4P3/1BN4P/PPPP1PP1/R1BQK2R b KQkq - 0 7,h5d1 b3f7 e8e7 c3d5,1364,75,94,16294,attackingF2F7 mate mateIn2 opening short,https://lichess.org/Be7H5jsm/black#14,Philidor_Defense Philidor_Defense_Other_variations,https://lichess.org/training/W8qYT,True,bottom-right 1,white,"[4, 6]","[3, 4]","[4, 4]","[5, 6]"
VV4CC,r1b1k2r/ppp2ppp/2n5/q1b1p3/4n3/P2P2N1/1PPB1PPP/R2QKB1R w KQkq - 0 10,d2a5 c5f2 e1e2 c6d4,1364,76,92,1614,attackingF2F7 mate mateIn2 opening short,https://lichess.org/nAV8ToMt#19,Kings_Pawn_Game Kings_Pawn_Game_Leonardis_Variation,https://lichess.org/training/VV4CC,True,bottom-right 1,black,"[4, 6]","[3, 4]","[4, 4]","[5, 6]"
2AYir,r2qkb1r/pp3pp1/3p1p1p/2pBN3/4P1b1/2NP4/PPP2PPP/R2QK2R b KQkq - 0 9,g4d1 d5f7 e8e7 c3d5,1365,75,92,1316,attackingF2F7 mate mateIn2 middlegame short,https://lichess.org/HXuFYLXg/black#18,Sicilian_Defense Sicilian_Defense_Bowdler_Attack,https://lichess.org/training/2AYir,True,bottom-right 1,white,"[4, 6]","[3, 4]","[4, 4]","[5, 6]"
HRkyj,r2qkbnr/ppp2ppp/3p4/n3N3/4P1b1/1BN5/PPPP1PPP/R1BQK2R b KQkq - 0 6,g4d1 b3f7 e8e7 c3d5,1365,76,85,1347,attackingF2F7 mate mateIn2 opening short,https://lichess.org/FjQGUDSu/black#12,Philidor_Defense Philidor_Defense_Other_variations,https://lichess.org/training/HRkyj,True,bottom-right 1,white,"[4, 6]","[3, 4]","[4, 4]","[5, 6]"
x3u2b,rn1qkbnr/ppp5/3p1p1p/4N1p1/2BPPpb1/2N5/PPP3PP/R1BQ1RK1 b kq - 1 8,g4d1 c4f7 e8e7 c3d5,1366,80,84,425,mate mateIn2 opening short,https://lichess.org/6AUKipm3/black#16,Kings_Gambit_Accepted Kings_Gambit_Accepted_Kings_Knights_Gambit,https://lichess.org/training/x3u2b,True,bottom-right 1,white,"[4, 6]","[3, 4]","[4, 4]","[5, 6]"
87EU7,r2qkbnr/ppp2Bpp/2np4/4N3/4Pp2/2NP3P/PPPB1PP1/R2bK2R b KQkq - 1 9,e8e7 c3d5,1366,77,80,147,mate mateIn1 middlegame oneMove,https://lichess.org/Sepj9rBn/black#18,Italian_Game Italian_Game_Rousseau_Gambit,https://lichess.org/training/87EU7,True,bottom-right 1,white,"[4, 6]","[3, 4]","[4, 4]","[5, 6]"
W8EFA,r2qkb1r/2p2p1p/p2p3p/1p2N3/3nP1b1/1BNP4/PPP2PPP/R2QK2R b KQkq - 0 10,g4d1 b3f7 e8e7 c3d5,1366,77,94,5840,attackingF2F7 mate mateIn2 middlegame short,https://lichess.org/zuXfSM8m/black#20,Italian_Game Italian_Game_Other_variations,https://lichess.org/training/W8EFA,True,bottom-right 1,white,"[4, 6]","[3, 4]","[4, 4]","[5, 6]"
H1oAD,r2qkbnr/1p3ppp/p2p4/2p1N3/P1BnPPb1/2NP4/1PP3PP/R1BQK2R b KQkq - 0 8,g4d1 c4f7 e8e7 c3d5,1366,76,81,1718,attackingF2F7 mate mateIn2 middlegame short,https://lichess.org/gVjX5Olp/black#16,Vienna_Game Vienna_Game_Other_variations,https://lichess.org/training/H1oAD,True,bottom-right 1,white,"[4, 6]","[3, 4]","[4, 4]","[5, 6]"
09h6L,r2qkb1r/ppp2p2/2np3p/4N1p1/2B1P1b1/2N5/PPPP1P2/R1BQ1RK1 b kq - 0 9,g4d1 c4f7 e8e7 c3d5,1367,78,91,1185,attackingF2F7 mate mateIn2 middlegame short,https://lichess.org/8kfNgxQt/black#18,Three_Knights_Opening Three_Knights_Opening_Other_variations,https://lichess.org/training/09h6L,True,bottom-right 1,white,"[4, 6]","[3, 4]","[4, 4]","[5, 6]"
YhwKr,rn1qkbnr/ppp2Bp1/3p1p1p/4N3/3PP3/2N5/PPP2PPP/R1BbK2R b KQkq - 1 7,e8e7 c3d5,1367,76,99,2124,mate mateIn1 oneMove opening,https://lichess.org/oIQtnOvl/black#14,Philidor_Defense Philidor_Defense_Other_variations,https://lichess.org/training/YhwKr,True,bottom-right 1,white,"[4, 6]","[3, 4]","[4, 4]","[5, 6]"
0ATwX,r2qkb1r/pp3ppp/3p1n2/2p1N1B1/2BnP1b1/2NP4/PPP2PPP/R2Q1RK1 b kq - 0 8,g4d1 c4f7 e8e7 c3d5,1369,298,83,11,attackingF2F7 mate mateIn2 middlegame short,https://lichess.org/CDU6GiSG/black#16,Sicilian_Defense Sicilian_Defense_Old_Sicilian,https://lichess.org/training/0ATwX,True,bottom-right 1,white,"[4, 6]","[3, 4]","[4, 4]","[5, 6]"
lDE8K,rn1qkbnr/ppp3pp/3p4/4Np2/2B1P1b1/2N5/PPPP1PPP/R1BQK2R b KQkq - 0 5,g4d1 c4f7 e8e7 c3d5,1369,75,96,29896,mate mateIn2 opening short,https://lichess.org/avsH6DWN/black#10,Philidor_Defense Philidor_Defense_Other_variations,https://lichess.org/training/lDE8K,True,bottom-right 1,white,"[4, 6]","[3, 4]","[4, 4]","[5, 6]"
COoGn,r2qkbnr/ppp2pp1/3p4/4N2p/2BnP1b1/2N4P/PPPP1PP1/R1BQ1RK1 b kq - 0 7,g4d1 c4f7 e8e7 c3d5,1369,76,81,145,attackingF2F7 mate mateIn2 opening short,https://lichess.org/L4tgTBOG/black#14,Philidor_Defense Philidor_Defense_Other_variations,https://lichess.org/training/COoGn,True,bottom-right 1,white,"[4, 6]","[3, 4]","[4, 4]","[5, 6]"
uRSQg,r2qkbnr/ppp2Bp1/2np3p/4N3/4P3/P1N5/1PPP1PPP/R1BbK2R b KQkq - 0 7,e8e7 c3d5,1369,79,92,7892,mate mateIn1 oneMove opening,https://lichess.org/CBbY5WZC/black#14,,https://lichess.org/training/uRSQg,True,bottom-right 1,white,"[4, 6]","[3, 4]","[4, 4]","[5, 6]"
MNKXt,r2qkbnr/ppp2Bp1/2np3p/4N3/4P3/2N5/PPPP1PPP/R1BbK2R b KQkq - 0 7,e8e7 c3d5,1370,77,77,294,mate mateIn1 oneMove opening,https://lichess.org/jWNNWQ8q/black#14,Ruy_Lopez Ruy_Lopez_Steinitz_Defense,https://lichess.org/training/MNKXt,True,bottom-right 1,white,"[4, 6]","[3, 4]","[4, 4]","[5, 6]"
Lrk2g,r1bqk2r/ppp2ppp/2n5/2bppPB1/4n3/P2P4/1PP3PP/RN1QKBNR w KQkq - 0 7,g5d8 c5f2 e1e2 c6d4,1370,75,88,341,mate mateIn2 opening short,https://lichess.org/M9TpQu4i#13,Kings_Pawn_Game Kings_Pawn_Game_Leonardis_Variation,https://lichess.org/training/Lrk2g,True,bottom-right 1,black,"[4, 6]","[3, 4]","[4, 4]","[5, 6]"
gl7PE,r2qkb1r/1p3ppp/p2p1p2/2p1N3/P1BnP1b1/2NP4/1PP2PPP/R2QK2R b KQkq - 1 9,g4d1 c4f7 e8e7 c3d5,1370,78,95,22381,attackingF2F7 mate mateIn2 middlegame short,https://lichess.org/AjP3Y5gs/black#18,Sicilian_Defense Sicilian_Defense_Modern_Variations,https://lichess.org/training/gl7PE,True,bottom-right 1,white,"[4, 6]","[3, 4]","[4, 4]","[5, 6]"
utt2y,r2qkbnr/ppp2Bp1/3p3p/4N3/4P3/2N5/PB3PPP/R2bR1K1 b kq - 0 11,e8e7 c3d5,1370,76,92,615,mate mateIn1 middlegame oneMove,https://lichess.org/KYrhOF3f/black#22,Scotch_Game Scotch_Game_Goring_Gambit,https://lichess.org/training/utt2y,True,bottom-right 1,white,"[4, 6]","[3, 4]","[4, 4]","[5, 6]"
5DAYB,r2qkbnr/ppp2Bp1/2np3p/4N3/4P3/P1N4P/1PPP1PP1/R1BbK2R b KQkq - 0 8,e8e7 c3d5,1370,107,72,116,mate mateIn1 oneMove opening,https://lichess.org/PBuMpoks/black#16,,https://lichess.org/training/5DAYB,True,bottom-right 1,white,"[4, 6]","[3, 4]","[4, 4]","[5, 6]"
7AiHZ,r2qkbnr/ppp3pp/2np4/4N2b/P1B1Pp2/2NP3P/1PP2PP1/R1BQK2R b KQkq - 0 8,h5d1 c4f7 e8e7 c3d5,1370,77,93,3578,mate mateIn2 opening short,https://lichess.org/CePnf6Ll/black#16,Italian_Game Italian_Game_Rousseau_Gambit,https://lichess.org/training/7AiHZ,True,bottom-right 1,white,"[4, 6]","[3, 4]","[4, 4]","[5, 6]"
4UTt9,rn1qkbnr/1pp2pp1/p2p3p/4N2b/P1B1P3/2N4P/1PPP1PP1/R1BQK2R b KQkq - 0 7,h5d1 c4f7 e8e7 c3d5,1371,75,93,23753,attackingF2F7 mate mateIn2 opening short,https://lichess.org/Z5gcGUOp/black#14,Philidor_Defense Philidor_Defense_Other_variations,https://lichess.org/training/4UTt9,True,bottom-right 1,white,"[4, 6]","[3, 4]","[4, 4]","[5, 6]"
Ds2ih,r2qkbnr/1pp2ppp/p1np4/4N3/2B1P1b1/2N5/PPPP1PPP/R1BQ1RK1 b kq - 0 6,g4d1 c4f7 e8e7 c3d5,1371,78,91,583,attackingF2F7 mate mateIn2 opening short,https://lichess.org/KLRu13Yz/black#12,Italian_Game Italian_Game_Other_variations,https://lichess.org/training/Ds2ih,True,bottom-right 1,white,"[4, 6]","[3, 4]","[4, 4]","[5, 6]"
G5g3D,r2qkb1r/1pp2ppp/p2p4/4N3/1PBnP1b1/2N5/P1PP1P2/R1BQ1RK1 b kq - 0 11,g4d1 c4f7 e8e7 c3d5,1371,75,94,9173,attackingF2F7 mate mateIn2 opening short,https://lichess.org/lNG4ZSpg/black#22,Ruy_Lopez Ruy_Lopez_Steinitz_Defense,https://lichess.org/training/G5g3D,True,bottom-right 1,white,"[4, 6]","[3, 4]","[4, 4]","[5, 6]"
aAJC0,r1bq1rk1/pppp1pp1/2n4p/2b1p3/4n2B/P1NP3P/1PP2PP1/R2QKBNR w KQ - 0 8,h4d8 c5f2 e1e2 c6d4,1371,75,81,697,attackingF2F7 mate mateIn2 opening short,https://lichess.org/ac51oiux#15,Vienna_Game Vienna_Game_Max_Lange_Defense,https://lichess.org/training/aAJC0,True,bottom-right 1,black,"[4, 6]","[3, 4]","[4, 4]","[5, 6]"
yDTWv,rn1qkb1r/ppp5/3p1p1p/4N2b/2B1Pp2/2NP2PP/PPP2P2/R2QK2R b KQkq - 0 10,h5d1 c4f7 e8e7 c3d5,1371,76,97,10082,mate mateIn2 middlegame short,https://lichess.org/YcQ4u3j4/black#20,Philidor_Defense Philidor_Defense_Lopez_Countergambit,https://lichess.org/training/yDTWv,True,bottom-right 1,white,"[4, 6]","[3, 4]","[4, 4]","[5, 6]"
3F8fx,rn1qkbnr/5pp1/p2p3p/1p2N3/1P2P1b1/1BN5/2PP1PPP/R1BQK2R b KQkq - 0 9,g4d1 b3f7 e8e7 c3d5,1371,75,96,4982,attackingF2F7 mate mateIn2 middlegame short,https://lichess.org/2rYDBpxG/black#18,Philidor_Defense Philidor_Defense_Other_variations,https://lichess.org/training/3F8fx,True,bottom-right 1,white,"[4, 6]","[3, 4]","[4, 4]","[5, 6]"
IpDX8,rn1qkb1r/ppp2ppp/3p4/4N3/2B3b1/2NP4/PPP2KPP/R1BQ3R b kq - 0 7,g4d1 c4f7 e8e7 c3d5,1371,78,93,6843,attackingF2F7 mate mateIn2 middlegame short,https://lichess.org/fnTMelvY/black#14,Russian_Game Russian_Game_Italian_Variation,https://lichess.org/training/IpDX8,True,bottom-right 1,white,"[4, 6]","[3, 4]","[4, 4]","[5, 6]"
30MTo,r2qkbnr/1pp2ppp/p2p4/n3N3/P1B1P1b1/2N5/1PPP1PPP/R1BQ1RK1 b kq - 0 7,g4d1 c4f7 e8e7 c3d5,1372,76,95,7182,attackingF2F7 mate mateIn2 opening short,https://lichess.org/dqdatgVU/black#14,Italian_Game Italian_Game_Paris_Defense,https://lichess.org/training/30MTo,True,bottom-right 1,white,"[4, 6]","[3, 4]","[4, 4]","[5, 6]"
lKmoH,rn1qkb1r/ppp2ppp/3p4/4N3/2B1nPb1/2N5/PPPP2PP/R1BQK2R b KQkq - 0 6,g4d1 c4f7 e8e7 c3d5,1372,75,83,252,attackingF2F7 mate mateIn2 opening short,https://lichess.org/hbPk5ZIT/black#12,Kings_Gambit Kings_Gambit_Other_variations,https://lichess.org/training/lKmoH,True,bottom-right 1,white,"[4, 6]","[3, 4]","[4, 4]","[5, 6]"
tvZkB,r2qkbnr/ppp2ppp/3p4/4N3/1PB1Ppb1/2N5/P1PP2PP/R1BQK2R b KQkq - 0 7,g4d1 c4f7 e8e7 c3d5,1372,80,87,994,attackingF2F7 mate mateIn2 opening short,https://lichess.org/wnvqtdX8/black#14,Kings_Gambit_Accepted Kings_Gambit_Accepted_Fischer_Defense,https://lichess.org/training/tvZkB,True,bottom-right 1,white,"[4, 6]","[3, 4]","[4, 4]","[5, 6]"
yCTzF,r2qkb1r/1pp2ppp/p2p4/4N3/2BnP1b1/P1NP4/1PP2P2/R1BQ1RK1 b kq - 0 11,g4d1 c4f7 e8e7 c3d5,1372,76,84,217,attackingF2F7 mate mateIn2 opening short,https://lichess.org/ScGUnJr4/black#22,Philidor_Defense Philidor_Defense_Other_variations,https://lichess.org/training/yCTzF,True,bottom-right 1,white,"[4, 6]","[3, 4]","[4, 4]","[5, 6]"
XYm7N,r2qkbnr/pp4pp/3p1p2/2p1N3/2BnPPb1/2NP4/PPP3PP/R1BQ1RK1 b kq - 0 8,g4d1 c4f7 e8e7 c3d5,1373,76,84,296,mate mateIn2 middlegame short,https://lichess.org/uU0heGwt/black#16,Sicilian_Defense Sicilian_Defense_McDonnell_Attack,https://lichess.org/training/XYm7N,True,bottom-right 1,white,"[4, 6]","[3, 4]","[4, 4]","[5, 6]"
ADJKH,rn1qkbnr/ppp2pp1/3p3p/4N2b/2B1P3/2N5/PPPP1PPP/R1BQ1RK1 b kq - 0 6,h5d1 c4f7 e8e7 c3d5,1373,78,91,139,attackingF2F7 mate mateIn2 opening short,https://lichess.org/r1lFJNL1/black#12,Philidor_Defense Philidor_Defense_Other_variations,https://lichess.org/training/ADJKH,True,bottom-right 1,white,"[4, 6]","[3, 4]","[4, 4]","[5, 6]"
YKOU3,r2qkbnr/1pp2ppp/p2p4/4N3/2BnPPb1/2N5/PPPP2PP/R1BQ1RK1 b kq - 0 8,g4d1 c4f7 e8e7 c3d5,1374,89,61,121,attackingF2F7 mate mateIn2 opening short,https://lichess.org/XEfpyHpL/black#16,Kings_Gambit_Declined Kings_Gambit_Declined_Queens_Knight_Defense,https://lichess.org/training/YKOU3,True,bottom-right 1,white,"[4, 6]","[3, 4]","[4, 4]","[5, 6]"
RwaIT,r2qkbnr/ppp3pp/2np4/4N3/2B3b1/2N5/PPPP1P1P/R1BQK2R b KQkq - 0 7,g4d1 c4f7 e8e7 c3d5,1374,78,93,4932,mate mateIn2 opening short,https://lichess.org/t0R6vTFR/black#14,Three_Knights_Opening Three_Knights_Opening_Other_variations,https://lichess.org/training/RwaIT,True,bottom-right 1,white,"[4, 6]","[3, 4]","[4, 4]","[5, 6]"
b1rJ8,r2qkbnr/ppp3pp/3p1p2/4N1B1/2BnP1b1/2NP4/PPP2PPP/R2QK2R b KQkq - 0 7,g4d1 c4f7 e8e7 c3d5,1374,79,95,300,mate mateIn2 middlegame pin short,https://lichess.org/y76CFut1/black#14,Italian_Game Italian_Game_Paris_Defense,https://lichess.org/training/b1rJ8,True,bottom-right 1,white,"[4, 6]","[3, 4]","[4, 4]","[5, 6]"
1oYk4,r2qkb1r/ppp2ppp/3p4/4N3/2BnPPb1/2N5/PPPP4/R1BQ1RK1 b kq - 0 10,g4d1 c4f7 e8e7 c3d5,1375,76,87,452,attackingF2F7 mate mateIn2 opening short,https://lichess.org/fPWMLxG5/black#20,Vienna_Game Vienna_Game_Vienna_Gambit,https://lichess.org/training/1oYk4,True,bottom-right 1,white,"[4, 6]","[3, 4]","[4, 4]","[5, 6]"
iRhk6,rn1qkb1r/ppp3pp/3p4/4N3/2B3b1/2N5/PPPP1P2/R1BQK2R b KQkq - 0 10,g4d1 c4f7 e8e7 c3d5,1375,75,97,2647,mate mateIn2 opening short,https://lichess.org/KKikxyBS/black#20,Latvian_Gambit Latvian_Gambit_Mlotkowski_Variation,https://lichess.org/training/iRhk6,True,bottom-right 1,white,"[4, 6]","[3, 4]","[4, 4]","[5, 6]"
4JUI8,r1bqk2r/pppp1ppp/6n1/2bPp1B1/2P1n3/P4N2/1P3PPP/RN1QKB1R w KQkq - 0 8,g5d8 c5f2 e1e2 g6f4,1376,80,80,110,attackingF2F7 mate mateIn2 opening short,https://lichess.org/ThQkOK5t#15,Mikenas_Defense Mikenas_Defense_Lithuanian_Variation,https://lichess.org/training/4JUI8,True,top-right 1,black,"[4, 6]","[3, 4]","[4, 4]","[5, 6]"
0oRU8,r1bqk2r/ppp2p1p/2np4/2bNppB1/4n3/3P3P/PPP3P1/R2QKBNR w KQkq - 0 9,g5d8 c5f2 e1e2 c6d4,1376,77,93,1517,mate mateIn2 opening short,https://lichess.org/Smn2jw1u#17,Vienna_Game Vienna_Game_Falkbeer_Variation,https://lichess.org/training/0oRU8,True,bottom-right 1,black,"[4, 6]","[3, 4]","[4, 4]","[5, 6]"
zqD5Q,r2qkb1r/2p2ppp/p2p4/1p2N3/3nP1b1/1BN5/PPP2P2/R1BQ1RK1 b kq - 0 12,g4d1 b3f7 e8e7 c3d5,1376,86,81,98,attackingF2F7 mate mateIn2 middlegame short,https://lichess.org/vpe0SowQ/black#24,Ruy_Lopez Ruy_Lopez_Morphy_Defense,https://lichess.org/training/zqD5Q,True,bottom-right 1,white,"[4, 6]","[3, 4]","[4, 4]","[5, 6]"
68dCB,r1bqk2r/ppp2ppp/2np4/2b3B1/2N1n3/3P4/PPP2PPP/RN1QKB1R w KQkq - 0 7,g5d8 c5f2 e1e2 c6d4,1376,75,94,10682,attackingF2F7 mate mateIn2 opening short,https://lichess.org/RLjOryjR#13,Russian_Game Russian_Game_Stafford_Gambit,https://lichess.org/training/68dCB,True,bottom-right 1,black,"[4, 6]","[3, 4]","[4, 4]","[5, 6]"
2JDbw,rn1qkbnr/ppp4p/3p4/4N1p1/2B1Ppb1/2N5/PPPP2P1/R1BQK2R b KQkq - 3 8,g4d1 c4f7 e8e7 c3d5,1376,76,71,194,mate mateIn2 middlegame short,https://lichess.org/MFMJgDxI/black#16,Kings_Gambit_Accepted Kings_Gambit_Accepted_Kings_Knights_Gambit,https://lichess.org/training/2JDbw,True,bottom-right 1,white,"[4, 6]","[3, 4]","[4, 4]","[5, 6]"
0H7Jo,r2qkb1r/ppp2Bpp/3p1n2/4N1B1/4P3/2N5/PPP2PPP/R2b1RK1 b kq - 1 12,e8e7 c3d5,1376,225,82,22,mate mateIn1 middlegame oneMove pin,https://lichess.org/rm1ngNKR/black#24,Indian_Defense Indian_Defense_Other_variations,https://lichess.org/training/0H7Jo,True,bottom-right 1,white,"[4, 6]","[3, 4]","[4, 4]","[5, 6]"
KIMbO,r2qkbnr/ppp3pp/3p1p2/4N2b/2B1P3/2N4P/PPP2PP1/R1BQK2R b KQkq - 0 8,h5d1 c4f7 e8e7 c3d5,1377,75,87,937,mate mateIn2 opening short,https://lichess.org/g00UvAD7/black#16,Philidor_Defense Philidor_Defense_Other_variations,https://lichess.org/training/KIMbO,True,bottom-right 1,white,"[4, 6]","[3, 4]","[4, 4]","[5, 6]"
8LRrA,r1bqr1k1/pppp1pp1/6np/2bPP3/4nP1B/2N2N2/PP4PP/R2QKB1R w KQ - 1 12,h4d8 c5f2 e1e2 g6f4,1377,75,94,4583,mate mateIn2 opening short,https://lichess.org/vlIKqmgP#23,Saragossa_Opening Saragossa_Opening_Other_variations,https://lichess.org/training/8LRrA,True,top-right 1,black,"[4, 6]","[3, 4]","[4, 4]","[5, 6]"
4UNPY,rn1qkbnr/1pp2pp1/p2p3p/4N3/2B1P1b1/P1N5/1PPP1PPP/R1BQK2R b KQkq - 0 6,g4d1 c4f7 e8e7 c3d5,1377,75,80,120,attackingF2F7 mate mateIn2 opening short,https://lichess.org/gRQ8sIPC/black#12,Philidor_Defense Philidor_Defense_Other_variations,https://lichess.org/training/4UNPY,True,bottom-right 1,white,"[4, 6]","[3, 4]","[4, 4]","[5, 6]"
qx4OZ,r2qkbnr/pp3pp1/2np3p/2p1N2b/2B1P3/2N4P/PPPP1PP1/R1BQ1RK1 b kq - 0 8,h5d1 c4f7 e8e7 c3d5,1378,76,96,34579,attackingF2F7 mate mateIn2 opening short,https://lichess.org/W3WP73kN/black#16,Sicilian_Defense Sicilian_Defense_Closed,https://lichess.org/training/qx4OZ,True,bottom-right 1,white,"[4, 6]","[3, 4]","[4, 4]","[5, 6]"
tTkNd,r2qkb1r/ppp2ppp/3p4/2nBN3/6b1/2N5/PPP2PPP/R1BQ1RK1 b kq - 0 9,g4d1 d5f7 e8e7 c3d5,1378,86,63,89,attackingF2F7 mate mateIn2 opening short,https://lichess.org/RCiGs2lc/black#18,Italian_Game Italian_Game_Two_Knights_Defense,https://lichess.org/training/tTkNd,True,bottom-right 1,white,"[4, 6]","[3, 4]","[4, 4]","[5, 6]"
sIY8K,rn1qkbnr/ppp4p/3p1pp1/4N3/2BPP1b1/2N5/PPP2PPP/R1BQK2R b KQkq - 0 6,g4d1 c4f7 e8e7 c3d5,1378,77,96,3859,mate mateIn2 opening short,https://lichess.org/Nm9QtTf0/black#12,Philidor_Defense Philidor_Defense_Other_variations,https://lichess.org/training/sIY8K,True,bottom-right 1,white,"[4, 6]","[3, 4]","[4, 4]","[5, 6]"
BO7iU,r2q1b1r/ppp1kBpp/3p1n2/4N1B1/3nP3/2N5/PPP2PPP/R2b1RK1 b - - 4 9,d1c2 c3d5,1379,76,92,2402,mate mateIn1 middlegame oneMove pin,https://lichess.org/HvKyrr6V/black#18,,https://lichess.org/training/BO7iU,True,bottom-right 1,white,"[4, 6]","[3, 4]","[4, 4]","[5, 6]"
Wam8z,r2qkbnr/pp3ppp/3p4/2p1N3/2B1P1b1/2N5/PPPP2PP/R1BQK2R b KQkq - 0 7,g4d1 c4f7 e8e7 c3d5,1379,77,82,1164,attackingF2F7 mate mateIn2 middlegame short,https://lichess.org/HdNxeKVM/black#14,Sicilian_Defense Sicilian_Defense_Grand_Prix_Attack,https://lichess.org/training/Wam8z,True,bottom-right 1,white,"[4, 6]","[3, 4]","[4, 4]","[5, 6]"
GYbq3,rn1qkbnr/pp3pp1/3p3p/2p1N2b/2B1P3/2N4P/PPPP1PP1/R1BQ1RK1 b kq - 0 7,h5d1 c4f7 e8e7 c3d5,1379,79,88,2257,attackingF2F7 mate mateIn2 opening short,https://lichess.org/JN6XlS1e/black#14,Philidor_Defense Philidor_Defense_Other_variations,https://lichess.org/training/GYbq3,True,bottom-right 1,white,"[4, 6]","[3, 4]","[4, 4]","[5, 6]"
2CxHE,rn1qkb1r/ppp2pp1/3p4/4N2p/2BpP1bR/2N5/PPP2P2/R1BQK3 b Qkq - 1 10,g4d1 c4f7 e8e7 c3d5,1379,76,95,29967,attackingF2F7 mate mateIn2 middlegame short,https://lichess.org/dTGK4ET6/black#20,Philidor_Defense Philidor_Defense_Other_variations,https://lichess.org/training/2CxHE,True,bottom-right 1,white,"[4, 6]","[3, 4]","[4, 4]","[5, 6]"
L69S7,rn1qkbnr/1pp2B2/p2p3p/4N3/4P3/2N5/PPPP1PP1/R1Bb1RK1 b kq - 0 9,e8e7 c3d5,1379,75,91,1257,mate mateIn1 oneMove opening,https://lichess.org/bx5wi3J0/black#18,Philidor_Defense Philidor_Defense_Other_variations,https://lichess.org/training/L69S7,True,bottom-right 1,white,"[4, 6]","[3, 4]","[4, 4]","[5, 6]"
6wri9,rn1qkbnr/ppp3pp/3p4/4N2b/2B1Pp1P/2NP2P1/PPP2P2/R1BQK2R b KQkq - 0 9,h5d1 c4f7 e8e7 c3d5,1380,75,97,363,mate mateIn2 opening short,https://lichess.org/SveSfwRb/black#18,Philidor_Defense Philidor_Defense_Other_variations,https://lichess.org/training/6wri9,True,bottom-right 1,white,"[4, 6]","[3, 4]","[4, 4]","[5, 6]"
49dYw,r1bqk2r/pppp1pp1/2n4p/2b1p3/2P1n2B/2NP4/PP3PPP/R2QKBNR w KQkq - 0 7,h4d8 c5f2 e1e2 c6d4,1380,78,92,2908,attackingF2F7 mate mateIn2 opening short,https://lichess.org/iWY7ee9V#13,English_Opening English_Opening_Kings_English_Variation,https://lichess.org/training/49dYw,True,bottom-right 1,black,"[4, 6]","[3, 4]","[4, 4]","[5, 6]"
dIEBw,r2qkbnr/1p5p/p1np1p2/2p1N3/2B1P1b1/2N5/PPPP1PP1/R1BQ1RK1 b kq - 0 10,g4d1 c4f7 e8e7 c3d5,1380,75,90,1783,mate mateIn2 middlegame short,https://lichess.org/amzXRLUF/black#20,Philidor_Defense Philidor_Defense_Other_variations,https://lichess.org/training/dIEBw,True,bottom-right 1,white,"[4, 6]","[3, 4]","[4, 4]","[5, 6]"
dxYoc,r1bqk2r/pppp1pp1/2n4p/2b1p3/4n2B/2NP1P2/PPP3PP/R2QKBNR w KQkq - 0 7,h4d8 c5f2 e1e2 c6d4,1380,80,92,1990,mate mateIn2 opening short,https://lichess.org/8lvC96lX#13,Alekhine_Defense Alekhine_Defense_Maroczy_Variation,https://lichess.org/training/dxYoc,True,bottom-right 1,black,"[4, 6]","[3, 4]","[4, 4]","[5, 6]"
6qAO5,rn1qkbnr/pp3pp1/3p3p/2p1N3/2B1P1b1/P1N5/1PPP1PPP/R1BQK2R b KQkq - 0 6,g4d1 c4f7 e8e7 c3d5,1381,74,84,400,attackingF2F7 mate mateIn2 opening short,https://lichess.org/ccqy0GJN/black#12,Sicilian_Defense Sicilian_Defense_Bowdler_Attack,https://lichess.org/training/6qAO5,True,bottom-right 1,white,"[4, 6]","[3, 4]","[4, 4]","[5, 6]"
kMt5m,r2qkbnr/pppn1p1p/3p4/4N1p1/2BPPpb1/2N5/PPP3PP/R1BQK2R b KQkq - 3 7,g4d1 c4f7 e8e7 c3d5,1381,75,94,11529,attackingF2F7 mate mateIn2 opening short,https://lichess.org/cGIUqd1e/black#14,Kings_Gambit_Accepted Kings_Gambit_Accepted_Fischer_Defense,https://lichess.org/training/kMt5m,True,bottom-right 1,white,"[4, 6]","[3, 4]","[4, 4]","[5, 6]"
FHxOI,r2qkbnr/1pp2ppp/p1np4/4N2b/4P3/1BN4P/PPPP1PP1/R1BQK2R b KQkq - 0 7,h5d1 b3f7 e8e7 c3d5,1381,77,93,18158,attackingF2F7 mate mateIn2 opening short,https://lichess.org/XLTZYqp4/black#14,Vienna_Game Vienna_Game_Other_variations,https://lichess.org/training/FHxOI,True,bottom-right 1,white,"[4, 6]","[3, 4]","[4, 4]","[5, 6]"
MTQHt,r2qkb1r/ppp3pp/3p1n2/4N1B1/2BnP1b1/2N5/PPP2PPP/R2Q1RK1 b kq - 0 9,g4d1 c4f7 e8e7 c3d5,1381,76,95,28001,mate mateIn2 middlegame pin short,https://lichess.org/gxszUzgP/black#18,Vienna_Game Vienna_Game_Other_variations,https://lichess.org/training/MTQHt,True,bottom-right 1,white,"[4, 6]","[3, 4]","[4, 4]","[5, 6]"
x6LIp,r2qkbnr/ppp2pp1/2np3p/4N3/2B1P1b1/2N3P1/PPPP1P1P/R1BQK2R b KQkq - 0 6,g4d1 c4f7 e8e7 c3d5,1381,76,95,9597,attackingF2F7 mate mateIn2 opening short,https://lichess.org/l5uVBnCl/black#12,Philidor_Defense Philidor_Defense_Other_variations,https://lichess.org/training/x6LIp,True,bottom-right 1,white,"[4, 6]","[3, 4]","[4, 4]","[5, 6]"
N8p4f,r2qkb1r/ppp2ppp/3p4/4N3/2BpPNb1/8/PPP2PPP/R2QK2R b KQkq - 0 10,g4d1 c4f7 e8e7 f4d5,1382,128,47,38,attackingF2F7 mate mateIn2 middlegame short,https://lichess.org/s5vnOwup/black#20,Italian_Game Italian_Game_Paris_Defense,https://lichess.org/training/N8p4f,True,bottom-right 1,white,"[4, 6]","[3, 4]","[4, 4]","[5, 6]"
Mquyv,rn1qkb1r/ppp2p1p/3p2p1/4N2n/2BPPpb1/2N5/PPP3PP/R1BQ1RK1 b kq - 3 8,g4d1 c4f7 e8e7 c3d5,1382,80,91,2991,attackingF2F7 mate mateIn2 opening short,https://lichess.org/TGDw5lh8/black#16,Kings_Gambit_Accepted Kings_Gambit_Accepted_Schallopp_Defense,https://lichess.org/training/Mquyv,True,bottom-right 1,white,"[4, 6]","[3, 4]","[4, 4]","[5, 6]"
Uej2V,r2qkbnr/ppp2p1p/2np4/4N1p1/2B1Ppb1/2N5/PPPP2PP/R1BQ1RK1 b kq - 1 7,g4d1 c4f7 e8e7 c3d5,1382,75,85,501,attackingF2F7 mate mateIn2 middlegame short,https://lichess.org/8Ty66pEp/black#14,Kings_Gambit Kings_Gambit_Other_variations,https://lichess.org/training/Uej2V,True,bottom-right 1,white,"[4, 6]","[3, 4]","[4, 4]","[5, 6]"
ACKv3,r2q1bnr/ppp1kBpp/3p4/4N1B1/4P3/2N5/PP3PPP/R2bK2R b KQ - 2 10,g8f6 c3d5,1382,78,92,2908,mate mateIn1 middlegame oneMove pin,https://lichess.org/GCkwFKfR/black#20,Scotch_Game Scotch_Game_Scotch_Gambit,https://lichess.org/training/ACKv3,True,bottom-right 1,white,"[4, 6]","[3, 4]","[4, 4]","[5, 6]"
gLMJq,r2qkbnr/ppp2ppp/3p4/4N2b/2B1P3/2N4P/PB3PP1/R2Q1RK1 b kq - 0 10,h5d1 c4f7 e8e7 c3d5,1382,76,88,391,attackingF2F7 mate mateIn2 middlegame short,https://lichess.org/0qwoPfhW/black#20,Danish_Gambit_Accepted Danish_Gambit_Accepted_Other_variations,https://lichess.org/training/gLMJq,True,bottom-right 1,white,"[4, 6]","[3, 4]","[4, 4]","[5, 6]"
YGroe,rn1qkbnr/ppp2B2/3p1p1p/4N1p1/3PPp1P/2N5/PPP3P1/R1BbK2R b KQkq - 1 9,e8e7 c3d5,1382,76,96,8883,mate mateIn1 middlegame oneMove,https://lichess.org/uZ8dafd6/black#18,Vienna_Game Vienna_Game_Omaha_Gambit,https://lichess.org/training/YGroe,True,bottom-right 1,white,"[4, 6]","[3, 4]","[4, 4]","[5, 6]"
PrAWh,r2qkbnr/ppp2ppp/3p4/n3N3/2B1P1b1/2N5/PPPP1PPP/R1BQK2R b KQkq - 0 6,g4d1 c4f7 e8e7 c3d5,1383,76,94,9450,attackingF2F7 mate mateIn2 opening short,https://lichess.org/q9FMs9zn/black#12,Three_Knights_Opening Three_Knights_Opening_Other_variations,https://lichess.org/training/PrAWh,True,bottom-right 1,white,"[4, 6]","[3, 4]","[4, 4]","[5, 6]"
3PxWb,rn1qkbnr/p1p2pp1/1p1p3p/4N3/2B1PPb1/2N5/PPPP2PP/R1BQK2R b KQkq - 0 6,g4d1 c4f7 e8e7 c3d5,1384,75,80,162,attackingF2F7 mate mateIn2 opening short,https://lichess.org/t0OxIjdz/black#12,Vienna_Game Vienna_Game_Other_variations,https://lichess.org/training/3PxWb,True,bottom-right 1,white,"[4, 6]","[3, 4]","[4, 4]","[5, 6]"
NjwoR,r2qkbnr/2p2ppp/p2p4/1p2N3/3nPPb1/1BN5/PPPP2PP/R1BQ1RK1 b kq - 0 8,g4d1 b3f7 e8e7 c3d5,1384,75,59,170,attackingF2F7 mate mateIn2 middlegame short,https://lichess.org/7ciershq/black#16,Kings_Gambit Kings_Gambit_Other_variations,https://lichess.org/training/NjwoR,True,bottom-right 1,white,"[4, 6]","[3, 4]","[4, 4]","[5, 6]"
fQV7D,r2qkb1r/ppp2ppp/3p4/4N3/2BnPBb1/2NP4/PPP5/R2QK2R b KQkq - 2 11,g4d1 c4f7 e8e7 c3d5,1384,78,93,5385,attackingF2F7 mate mateIn2 middlegame short,https://lichess.org/n2JhuzNR/black#22,Vienna_Game Vienna_Game_Stanley_Variation,https://lichess.org/training/fQV7D,True,bottom-right 1,white,"[4, 6]","[3, 4]","[4, 4]","[5, 6]"
8xygI,r2qkbnr/ppp3pp/3p1p2/4N1Pb/2BnP2P/2NP4/PPP2P2/R1BQK2R b KQkq - 0 10,h5d1 c4f7 e8e7 c3d5,1384,76,96,16568,mate mateIn2 middlegame short,https://lichess.org/HzFXcm7Z/black#20,Italian_Game Italian_Game_Other_variations,https://lichess.org/training/8xygI,True,bottom-right 1,white,"[4, 6]","[3, 4]","[4, 4]","[5, 6]"
mczdQ,r2qkb1r/ppp2ppp/3p4/4N2n/2BnPPb1/2NP4/PPPB2PP/R2QK2R b KQkq - 0 8,g4d1 c4f7 e8e7 c3d5,1384,83,91,2240,attackingF2F7 mate mateIn2 middlegame short,https://lichess.org/aUib4oo9/black#16,Vienna_Gambit_with_Max_Lange_Defense Vienna_Gambit_with_Max_Lange_Defense_Other_variations,https://lichess.org/training/mczdQ,True,bottom-right 1,white,"[4, 6]","[3, 4]","[4, 4]","[5, 6]"
UHBMg,r2qkbnr/ppp3pp/2np4/4N2b/2B1Pp2/P1NP3P/1PP2PP1/R1BQK2R b KQkq - 0 8,h5d1 c4f7 e8e7 c3d5,1384,75,100,778,mate mateIn2 opening short,https://lichess.org/W8gGkB99/black#16,Italian_Game Italian_Game_Rousseau_Gambit,https://lichess.org/training/UHBMg,True,bottom-right 1,white,"[4, 6]","[3, 4]","[4, 4]","[5, 6]"
2ZhMu,r2qkbnr/ppp2Bp1/3p3p/4N3/3nPP2/2N4P/PPPP2P1/R1Bb1RK1 b kq - 0 9,e8e7 c3d5,1385,75,92,599,mate mateIn1 oneMove opening,https://lichess.org/e2NUZSxj/black#18,Kings_Gambit Kings_Gambit_Other_variations,https://lichess.org/training/2ZhMu,True,bottom-right 1,white,"[4, 6]","[3, 4]","[4, 4]","[5, 6]"
ad7cS,rn1qkb1r/ppp2ppp/3p4/4N3/2B1P1b1/2N5/PPP2PPP/R1BQK2R b KQkq - 0 7,g4d1 c4f7 e8e7 c3d5,1385,76,85,501,attackingF2F7 mate mateIn2 opening short,https://lichess.org/X2ZrPOim/black#14,Philidor_Defense Philidor_Defense_Other_variations,https://lichess.org/training/ad7cS,True,bottom-right 1,white,"[4, 6]","[3, 4]","[4, 4]","[5, 6]"
OUF5m,rn1qkbnr/ppp4p/3p1p2/4N1p1/2BPPpb1/2N5/PPP3PP/R1BQK2R b KQkq - 3 7,g4d1 c4f7 e8e7 c3d5,1385,76,44,156,mate mateIn2 opening short,https://lichess.org/m5NQTokd/black#14,Kings_Gambit_Accepted Kings_Gambit_Accepted_Quaade_Gambit,https://lichess.org/training/OUF5m,True,bottom-right 1,white,"[4, 6]","[3, 4]","[4, 4]","[5, 6]"
ulyMQ,r2qkbnr/1pp2ppp/p2p4/1P2N3/2BnP1b1/2N5/P1PP1PPP/R1BQK2R b KQkq - 0 7,g4d1 c4f7 e8e7 c3d5,1385,76,78,607,attackingF2F7 mate mateIn2 opening short,https://lichess.org/W6M7UxC6/black#14,Philidor_Defense Philidor_Defense_Other_variations,https://lichess.org/training/ulyMQ,True,bottom-right 1,white,"[4, 6]","[3, 4]","[4, 4]","[5, 6]"
ukNF0,rn1qkbnr/1pp2p2/p2p3p/4N3/2B1P1b1/2N5/PPPP1PP1/R1BQ1RK1 b kq - 0 8,g4d1 c4f7 e8e7 c3d5,1385,75,79,269,attackingF2F7 mate mateIn2 opening short,https://lichess.org/50R4R62V/black#16,Philidor_Defense Philidor_Defense_Other_variations,https://lichess.org/training/ukNF0,True,bottom-right 1,white,"[4, 6]","[3, 4]","[4, 4]","[5, 6]"
82WQq,r2qkbnr/ppp2pp1/2np3p/4N2b/2B1P3/2N4P/PPPP1PP1/R1BQ1RK1 b kq - 0 8,h5d1 c4f7 e8e7 c3d5,1385,85,92,1292,attackingF2F7 mate mateIn2 opening short,https://lichess.org/TiKH3sjD/black#16,Ruy_Lopez Ruy_Lopez_Steinitz_Defense,https://lichess.org/training/82WQq,True,bottom-right 1,white,"[4, 6]","[3, 4]","[4, 4]","[5, 6]"
mqEb3,r1bqk2r/ppp2ppp/2n5/2bppPB1/4n3/2NP4/PPP3PP/R2QKBNR w KQkq - 0 7,g5d8 c5f2 e1e2 c6d4,1386,75,78,904,mate mateIn2 opening short,https://lichess.org/dDnZKs5m#13,Kings_Pawn_Game Kings_Pawn_Game_Leonardis_Variation,https://lichess.org/training/mqEb3,True,bottom-right 1,black,"[4, 6]","[3, 4]","[4, 4]","[5, 6]"
cPSaU,r2qkbnr/ppp2p2/3p3p/4N1p1/2BnPpb1/2N5/PPPB2PP/R2Q1RK1 b kq - 1 9,g4d1 c4f7 e8e7 c3d5,1386,76,85,623,attackingF2F7 mate mateIn2 middlegame short,https://lichess.org/o4xHikCK/black#18,Kings_Gambit_Accepted Kings_Gambit_Accepted_Blachly_Gambit,https://lichess.org/training/cPSaU,True,bottom-right 1,white,"[4, 6]","[3, 4]","[4, 4]","[5, 6]"
AiwT3,rn1qkb1r/ppp2Bp1/3p1n1p/4N1B1/4P3/2N5/PPP2PPP/R2bK2R b KQkq - 1 9,e8e7 c3d5,1386,76,95,3602,mate mateIn1 middlegame oneMove pin,https://lichess.org/hNnmrQrL/black#18,Philidor_Defense Philidor_Defense_Other_variations,https://lichess.org/training/AiwT3,True,bottom-right 1,white,"[4, 6]","[3, 4]","[4, 4]","[5, 6]"
1sh70,r2qkbnr/ppp2ppp/2np4/4N3/2B1P1b1/2N5/PPPP1PPP/R1BQK2R b KQkq - 0 6,g4d1 c4f7 e8e7 c3d5,1386,83,67,85,attackingF2F7 mate mateIn2 opening short,https://lichess.org/zwuHVGi3/black#12,Ruy_Lopez Ruy_Lopez_Steinitz_Defense,https://lichess.org/training/1sh70,True,bottom-right 1,white,"[4, 6]","[3, 4]","[4, 4]","[5, 6]"
3meIw,r2qkbnr/ppp3pp/2np4/4N3/2BPPpb1/2N3P1/PPP2P1P/R1BQK2R b KQkq - 0 7,g4d1 c4f7 e8e7 c3d5,1386,75,95,3870,mate mateIn2 opening short,https://lichess.org/iNpVjjTl/black#14,Italian_Game Italian_Game_Rousseau_Gambit,https://lichess.org/training/3meIw,True,bottom-right 1,white,"[4, 6]","[3, 4]","[4, 4]","[5, 6]"
auoc3,r2qkbnr/2p2ppp/p2p4/1p2N3/3nP1b1/PBN5/1PPP1PPP/R1BQK2R b KQkq - 0 8,g4d1 b3f7 e8e7 c3d5,1386,76,89,119,attackingF2F7 mate mateIn2 middlegame short,https://lichess.org/fNU5FtrZ/black#16,Ruy_Lopez Ruy_Lopez_Morphy_Defense,https://lichess.org/training/auoc3,True,bottom-right 1,white,"[4, 6]","[3, 4]","[4, 4]","[5, 6]"
vVzvE,r2qkbnr/pp3pp1/3p3p/2p1N3/1PBnP1b1/P1N5/2PP1PPP/R1BQ1RK1 b kq - 0 8,g4d1 c4f7 e8e7 c3d5,1387,76,93,1760,attackingF2F7 mate mateIn2 middlegame short,https://lichess.org/KthKoxny/black#16,Sicilian_Defense Sicilian_Defense_Closed,https://lichess.org/training/vVzvE,True,bottom-right 1,white,"[4, 6]","[3, 4]","[4, 4]","[5, 6]"
5u9l2,rn1qkbnr/1pp3pp/p2p1p2/4N3/2BPP1b1/2N5/PPP2PPP/R1BQK2R b KQkq - 0 6,g4d1 c4f7 e8e7 c3d5,1387,76,95,27252,mate mateIn2 opening short,https://lichess.org/n6I5cvTK/black#12,Philidor_Defense Philidor_Defense_Other_variations,https://lichess.org/training/5u9l2,True,bottom-right 1,white,"[4, 6]","[3, 4]","[4, 4]","[5, 6]"
ADwps,r2qkb1r/1p3ppp/p1np1p2/2p1N2b/2B1P3/2NP3P/PPP2PP1/R2QK2R b KQkq - 1 9,h5d1 c4f7 e8e7 c3d5,1387,77,95,29648,attackingF2F7 mate mateIn2 middlegame short,https://lichess.org/hRRZ7Pmj/black#18,Sicilian_Defense Sicilian_Defense_Modern_Variations,https://lichess.org/training/ADwps,True,bottom-right 1,white,"[4, 6]","[3, 4]","[4, 4]","[5, 6]"
LjdlH,r2qkbnr/ppp2pp1/3p3p/4N2b/2BnPP2/2N4P/PPPP2P1/R1BQ1RK1 b kq - 0 8,h5d1 c4f7 e8e7 c3d5,1387,75,73,155,attackingF2F7 mate mateIn2 opening short,https://lichess.org/RLfQMJdQ/black#16,Kings_Gambit Kings_Gambit_Other_variations,https://lichess.org/training/LjdlH,True,bottom-right 1,white,"[4, 6]","[3, 4]","[4, 4]","[5, 6]"
SOB17,r2qkbnr/ppp3pp/2np1p2/4N3/2BPP1b1/2N5/PPP2PPP/R1BQK2R b KQkq - 0 6,g4d1 c4f7 e8e7 c3d5,1387,75,94,23276,mate mateIn2 opening short,https://lichess.org/z3XSTQG2/black#12,Italian_Game Italian_Game_Other_variations,https://lichess.org/training/SOB17,True,bottom-right 1,white,"[4, 6]","[3, 4]","[4, 4]","[5, 6]"
gq891,rn1qkbnr/2p2pp1/p2p3p/1p2N3/4P1b1/P1N5/BPPP1PPP/R1BQK2R b KQkq - 0 7,g4d1 a2f7 e8e7 c3d5,1387,80,93,7525,attackingF2F7 mate mateIn2 opening short,https://lichess.org/2DgililA/black#14,Philidor_Defense Philidor_Defense_Other_variations,https://lichess.org/training/gq891,True,bottom-right 1,white,"[4, 6]","[3, 4]","[4, 4]","[5, 6]"
Wsov4,r2qkbnr/ppp3pp/2np1p2/4N3/2B1P1bB/2NP4/PPP2PPP/R2QK2R b KQkq - 0 8,g4d1 c4f7 e8e7 c3d5,1388,76,89,293,mate mateIn2 middlegame pin short,https://lichess.org/zIGOcgIj/black#16,Italian_Game Italian_Game_Paris_Defense,https://lichess.org/training/Wsov4,True,bottom-right 1,white,"[4, 6]","[3, 4]","[4, 4]","[5, 6]"
2KVmD,rn1qkbnr/1pp2pp1/3p3p/p3N2b/P1B1P3/2N4P/1PPP1PP1/R1BQK2R b KQkq - 0 7,h5d1 c4f7 e8e7 c3d5,1389,75,96,16181,attackingF2F7 mate mateIn2 opening short,https://lichess.org/9wEC5eMu/black#14,Philidor_Defense Philidor_Defense_Other_variations,https://lichess.org/training/2KVmD,True,bottom-right 1,white,"[4, 6]","[3, 4]","[4, 4]","[5, 6]"
rhULU,r2qkb1r/1pp2ppp/p2p1n2/4N1B1/2B1P1b1/2N5/PPP2PPP/R2QK2R b KQkq - 0 8,g4d1 c4f7 e8e7 c3d5,1389,77,93,8062,attackingF2F7 mate mateIn2 middlegame pin short,https://lichess.org/fLhib78y/black#16,Nimzowitsch_Defense Nimzowitsch_Defense_Williams_Variation,https://lichess.org/training/rhULU,True,bottom-right 1,white,"[4, 6]","[3, 4]","[4, 4]","[5, 6]"
QW6Ko,rn1qkbnr/1pp2Bp1/p2p3p/4N3/P3P3/2N5/1PPP1PPP/R1BbK2R b KQkq - 0 7,e8e7 c3d5,1389,75,95,5829,mate mateIn1 oneMove opening,https://lichess.org/VdssNQwU/black#14,Philidor_Defense Philidor_Defense_Other_variations,https://lichess.org/training/QW6Ko,True,bottom-right 1,white,"[4, 6]","[3, 4]","[4, 4]","[5, 6]"
UGDx9,r1bqk2r/pp3ppp/2n1p3/2b3B1/4n3/P2P4/1P3PPP/RN1QKBNR w KQkq - 0 8,g5d8 c5f2 e1e2 c6d4,1390,82,91,529,attackingF2F7 mate mateIn2 opening short,https://lichess.org/xm5CqvmQ#15,English_Opening English_Opening_Anglo-Scandinavian_Defense,https://lichess.org/training/UGDx9,True,bottom-right 1,black,"[4, 6]","[3, 4]","[4, 4]","[5, 6]"
u2YNn,r2qkbnr/1pp2ppp/p2p4/4N3/3nP1b1/1BN5/PPPP1PPP/R1BQK2R b KQkq - 0 7,g4d1 b3f7 e8e7 c3d5,1390,77,89,1428,attackingF2F7 mate mateIn2 opening short,https://lichess.org/5yzqNnZa/black#14,Ruy_Lopez Ruy_Lopez_Morphy_Defense,https://lichess.org/training/u2YNn,True,bottom-right 1,white,"[4, 6]","[3, 4]","[4, 4]","[5, 6]"
4wJiz,r2qkbnr/ppp2p2/2np3p/4N1p1/2B1Ppb1/2NP4/PPP3PP/R1BQ1RK1 b kq - 2 8,g4d1 c4f7 e8e7 c3d5,1391,77,94,1960,attackingF2F7 mate mateIn2 middlegame short,https://lichess.org/JT11Jdyl/black#16,Kings_Gambit_Accepted Kings_Gambit_Accepted_MacLeod_Defense,https://lichess.org/training/4wJiz,True,bottom-right 1,white,"[4, 6]","[3, 4]","[4, 4]","[5, 6]"
3MjCI,2rqkb1r/1p3ppp/p1np1p2/2pBN2b/4P3/2NP3P/PPP2PP1/R2QK2R b KQk - 3 10,h5d1 d5f7 e8e7 c3d5,1391,78,86,542,attackingF2F7 mate mateIn2 middlegame short,https://lichess.org/KqbSa0pU/black#20,Sicilian_Defense Sicilian_Defense_Modern_Variations,https://lichess.org/training/3MjCI,True,bottom-right 1,white,"[4, 6]","[3, 4]","[4, 4]","[5, 6]"
CG5xq,r2qkbnr/1pp2pp1/p2p3p/4N3/2BnP1b1/2N5/PPPP1PPP/R1BQ1RK1 b kq - 0 8,g4d1 c4f7 e8e7 c3d5,1391,75,88,350,attackingF2F7 mate mateIn2 opening short,https://lichess.org/u0fpchhH/black#16,Philidor_Defense Philidor_Defense_Other_variations,https://lichess.org/training/CG5xq,True,bottom-right 1,white,"[4, 6]","[3, 4]","[4, 4]","[5, 6]"
5gUZm,r1bB1rk1/pppp1pp1/2n4p/4p3/2P1n3/2NP3P/PP3bP1/R2QKBNR w KQ - 0 9,e1e2 c6d4,1392,88,87,1348,mate mateIn1 oneMove opening,https://lichess.org/Zwl9DWd2#17,,https://lichess.org/training/5gUZm,True,bottom-right 1,black,"[4, 6]","[3, 4]","[4, 4]","[5, 6]"
bauMy,r2qkbnr/ppp2ppp/3p4/4N3/P1BnP1b1/2N5/1PPP1PPP/R1BQK2R b KQkq - 0 6,g4d1 c4f7 e8e7 c3d5,1392,77,90,1524,attackingF2F7 mate mateIn2 opening short,https://lichess.org/5WlwMO0D/black#12,Philidor_Defense Philidor_Defense_Other_variations,https://lichess.org/training/bauMy,True,bottom-right 1,white,"[4, 6]","[3, 4]","[4, 4]","[5, 6]"
lIDBb,r2qkbnr/1pp2pp1/p2p3p/4N3/P1BnP1b1/2N5/1PPP1PPP/R1BQR1K1 b kq - 0 8,g4d1 c4f7 e8e7 c3d5,1392,77,89,2976,attackingF2F7 mate mateIn2 opening short,https://lichess.org/MUf3felS/black#16,Italian_Game Italian_Game_Anti-Fried_Liver_Defense,https://lichess.org/training/lIDBb,True,bottom-right 1,white,"[4, 6]","[3, 4]","[4, 4]","[5, 6]"
VeOEh,r1bqk2r/ppp2ppp/2n5/2bpp1B1/4n3/P2P1P1P/1PP3P1/RN1QKBNR w KQkq - 0 7,g5d8 c5f2 e1e2 c6d4,1393,75,83,175,mate mateIn2 opening short,https://lichess.org/0OwTcYcr#13,Kings_Pawn_Game Kings_Pawn_Game_Leonardis_Variation,https://lichess.org/training/VeOEh,True,bottom-right 1,black,"[4, 6]","[3, 4]","[4, 4]","[5, 6]"
4gt05,r2qkbnr/ppp3pp/3p1p2/4N3/2B1P1b1/2N5/PB3PPP/2RQ1RK1 b kq - 0 10,g4d1 c4f7 e8e7 c3d5,1393,76,93,5344,mate mateIn2 middlegame short,https://lichess.org/0T3wCPmx/black#20,Scotch_Game Scotch_Game_Goring_Gambit,https://lichess.org/training/4gt05,True,bottom-right 1,white,"[4, 6]","[3, 4]","[4, 4]","[5, 6]"
uJcVo,rn1qkbnr/1pp2ppp/3p4/p3N2b/4P3/1BN4P/PPPP1PP1/R1BQK2R b KQkq - 0 7,h5d1 b3f7 e8e7 c3d5,1393,75,95,7575,attackingF2F7 mate mateIn2 opening short,https://lichess.org/rlh1nhCT/black#14,Philidor_Defense Philidor_Defense_Other_variations,https://lichess.org/training/uJcVo,True,bottom-right 1,white,"[4, 6]","[3, 4]","[4, 4]","[5, 6]"
T5HwE,rn1qkbnr/pp3ppp/3p4/2p1N2b/2B1P3/2N4P/PPPP1PP1/R1BQK2R b KQkq - 0 6,h5d1 c4f7 e8e7 c3d5,1393,74,94,13861,attackingF2F7 mate mateIn2 opening short,https://lichess.org/5KQG0fzO/black#12,Philidor_Defense Philidor_Defense_Other_variations,https://lichess.org/training/T5HwE,True,bottom-right 1,white,"[4, 6]","[3, 4]","[4, 4]","[5, 6]"
BasRm,rn1qkbnr/ppp2pp1/3p4/4N3/2B1P1bp/2N5/PPPP1PPP/R1BQ1RK1 b kq - 0 6,g4d1 c4f7 e8e7 c3d5,1394,80,65,99,attackingF2F7 mate mateIn2 opening short,https://lichess.org/9zfKbv05/black#12,Philidor_Defense Philidor_Defense_Other_variations,https://lichess.org/training/BasRm,True,bottom-right 1,white,"[4, 6]","[3, 4]","[4, 4]","[5, 6]"
X7ymy,r2qkbnr/pp3ppp/2np4/2p1N3/2B1PPb1/2N5/PPPP2PP/R1BQK2R b KQkq - 0 6,g4d1 c4f7 e8e7 c3d5,1394,74,82,664,attackingF2F7 mate mateIn2 opening short,https://lichess.org/P6GtDMxw/black#12,Sicilian_Defense Sicilian_Defense_Closed,https://lichess.org/training/X7ymy,True,bottom-right 1,white,"[4, 6]","[3, 4]","[4, 4]","[5, 6]"
QwBrh,r2qkbnr/ppp3pp/2np1p2/4N3/2B1PPb1/2N5/PPPP2PP/R1BQK2R b KQkq - 0 6,g4d1 c4f7 e8e7 c3d5,1394,75,94,9922,mate mateIn2 opening short,https://lichess.org/dYjWoqz1/black#12,Kings_Gambit Kings_Gambit_Other_variations,https://lichess.org/training/QwBrh,True,bottom-right 1,white,"[4, 6]","[3, 4]","[4, 4]","[5, 6]"
Ikt0G,r2qkbnr/pp3ppp/3p4/2p1NP2/2Bn2b1/2N5/PPPP2PP/R1BQK2R b KQkq - 2 8,g4d1 c4f7 e8e7 c3d5,1394,76,86,2617,attackingF2F7 mate mateIn2 middlegame short,https://lichess.org/ciJqHCuI/black#16,Sicilian_Defense Sicilian_Defense_Grand_Prix_Attack,https://lichess.org/training/Ikt0G,True,bottom-right 1,white,"[4, 6]","[3, 4]","[4, 4]","[5, 6]"
JkYET,rn1qkbnr/ppp4p/3p1p2/4N1p1/2B1PpbP/2N5/PPPP2P1/R1BQK2R b KQkq - 1 7,g4d1 c4f7 e8e7 c3d5,1395,75,94,14579,mate mateIn2 middlegame short,https://lichess.org/GcUzbI1Z/black#14,Vienna_Game Vienna_Game_Omaha_Gambit,https://lichess.org/training/JkYET,True,bottom-right 1,white,"[4, 6]","[3, 4]","[4, 4]","[5, 6]"
H30aI,r2qkb1r/1pp2ppp/p2p4/4N3/2BnPPb1/2NP4/PPP1Q3/R1B1K2R b KQkq - 0 11,d4e2 c4f7 e8e7 c3d5,1395,78,92,2921,attackingF2F7 mate mateIn2 opening short,https://lichess.org/VzzQSfKF/black#22,Vienna_Game Vienna_Game_Other_variations,https://lichess.org/training/H30aI,True,bottom-right 1,white,"[4, 6]","[3, 4]","[4, 4]","[5, 6]"
FLjGE,r2qkbnr/2p2ppp/p2p4/1p2N3/1P1nPPb1/1BN5/P1PP2PP/R1BQK2R b KQkq - 0 8,g4d1 b3f7 e8e7 c3d5,1396,78,91,322,attackingF2F7 mate mateIn2 middlegame short,https://lichess.org/vx3J3dIs/black#16,Kings_Gambit Kings_Gambit_Other_variations,https://lichess.org/training/FLjGE,True,bottom-right 1,white,"[4, 6]","[3, 4]","[4, 4]","[5, 6]"
GXBzD,r2qkb1r/pp1n1ppp/2p2n2/4p1N1/2BpP1b1/3P2N1/PPP2PPP/R1BQK2R b KQkq - 2 8,g4d1 c4f7 e8e7 g3f5,1396,76,96,16731,attackingF2F7 mate mateIn2 middlegame short,https://lichess.org/YohLpbzo/black#16,Caro-Kann_Defense Caro-Kann_Defense_Two_Knights_Attack,https://lichess.org/training/GXBzD,True,bottom-left 1,white,"[4, 6]","[3, 4]","[4, 4]","[5, 6]"
IOqoM,rn1qkbnr/pp3p1p/3p2p1/2p1N3/2B1P1b1/2N5/PPPP1P1P/R1BQK2R b KQkq - 0 6,g4d1 c4f7 e8e7 c3d5,1396,76,92,515,attackingF2F7 mate mateIn2 middlegame short,https://lichess.org/cDdyzjUm/black#12,Sicilian_Defense Sicilian_Defense_Modern_Variations,https://lichess.org/training/IOqoM,True,bottom-right 1,white,"[4, 6]","[3, 4]","[4, 4]","[5, 6]"
69YF0,r2qkbnr/2p2ppp/p2p4/1p2N3/4Ppb1/1BN5/PPPP2PP/R1BQ1RK1 b kq - 0 9,g4d1 b3f7 e8e7 c3d5,1396,75,80,168,attackingF2F7 mate mateIn2 middlegame short,https://lichess.org/mou9cf7X/black#18,Vienna_Game Vienna_Game_Omaha_Gambit,https://lichess.org/training/69YF0,True,bottom-right 1,white,"[4, 6]","[3, 4]","[4, 4]","[5, 6]"
pdJBu,r2qkbnr/ppp2ppp/3p4/4N3/2BnPPb1/2N5/PPPP2PP/R1BQ1RK1 b kq - 0 7,g4d1 c4f7 e8e7 c3d5,1396,76,85,611,attackingF2F7 mate mateIn2 opening short,https://lichess.org/0eMHOyci/black#14,French_Defense French_Defense_La_Bourdonnais_Variation,https://lichess.org/training/pdJBu,True,bottom-right 1,white,"[4, 6]","[3, 4]","[4, 4]","[5, 6]"
kfqo1,r2qkbnr/ppp2p2/2np3p/4N1p1/2BPPpb1/2N5/PPP3PP/R1BQ1RK1 b kq - 3 8,g4d1 c4f7 e8e7 c3d5,1397,75,77,221,attackingF2F7 mate mateIn2 opening short,https://lichess.org/D7tvWuLl/black#16,Kings_Gambit_Accepted Kings_Gambit_Accepted_MacLeod_Defense,https://lichess.org/training/kfqo1,True,bottom-right 1,white,"[4, 6]","[3, 4]","[4, 4]","[5, 6]"
GRdMq,r2qkbnr/ppp2p1p/3p2p1/4N3/2B1P1b1/2N5/PPPP2PP/R1BQK2R b KQkq - 0 7,g4d1 c4f7 e8e7 c3d5,1397,78,94,1082,attackingF2F7 mate mateIn2 opening short,https://lichess.org/OUSMsTDN/black#14,Kings_Gambit_Declined Kings_Gambit_Declined_Queens_Knight_Defense,https://lichess.org/training/GRdMq,True,bottom-right 1,white,"[4, 6]","[3, 4]","[4, 4]","[5, 6]"
HdFkX,r2qkbnr/ppp2pp1/2np3p/4N2b/2B1P3/1PN4P/P1PP1PP1/R1BQK2R b KQkq - 0 7,h5d1 c4f7 e8e7 c3d5,1397,76,93,4769,attackingF2F7 mate mateIn2 opening short,https://lichess.org/rgzFXNo1/black#14,Three_Knights_Opening Three_Knights_Opening_Other_variations,https://lichess.org/training/HdFkX,True,bottom-right 1,white,"[4, 6]","[3, 4]","[4, 4]","[5, 6]"
bUzAU,r2qkbnr/ppp3pp/3p1p2/4N3/2B1P1b1/2N5/PP3PPP/R1BQR1K1 b kq - 0 9,g4d1 c4f7 e8e7 c3d5,1397,76,85,441,mate mateIn2 opening short,https://lichess.org/PVIi6o1e/black#18,Philidor_Defense Philidor_Defense_Morphy_Gambit,https://lichess.org/training/bUzAU,True,bottom-right 1,white,"[4, 6]","[3, 4]","[4, 4]","[5, 6]"
Lf6D8,r1bqk2r/pppp1ppp/2n5/2bNp1B1/4n3/3P4/PPP2PPP/R2QKBNR w KQkq - 0 6,g5d8 c5f2 e1e2 c6d4,1398,75,91,1247,attackingF2F7 mate mateIn2 opening short,https://lichess.org/BhY0hJ2h#11,Vienna_Game Vienna_Game_Anderssen_Defense,https://lichess.org/training/Lf6D8,True,bottom-right 1,black,"[4, 6]","[3, 4]","[4, 4]","[5, 6]"
h6YUH,r1bqk2r/pppp2pp/2n5/2bN1pB1/2P1n3/3P4/PP3PPP/R2QKBNR w KQkq - 7 8,g5d8 c5f2 e1e2 c6d4,1399,77,96,31839,attackingF2F7 mate mateIn2 middlegame short,https://lichess.org/F2K4rTDz#15,French_Defense French_Defense_Steiner_Variation,https://lichess.org/training/h6YUH,True,bottom-right 1,black,"[4, 6]","[3, 4]","[4, 4]","[5, 6]"
9Ndfr,rn1qkb1r/pp3ppp/3p4/2p1N3/2BPP1bn/2N5/PPP2PPP/R1BQK2R b KQkq - 4 8,g4d1 c4f7 e8e7 c3d5,1399,75,93,312,attackingF2F7 mate mateIn2 opening short,https://lichess.org/8p7VIL8M/black#16,Englund_Gambit Englund_Gambit_Other_variations,https://lichess.org/training/9Ndfr,True,bottom-right 1,white,"[4, 6]","[3, 4]","[4, 4]","[5, 6]"
KuQUG,r2qkb1r/pp1n1ppp/2p2n2/4p1N1/2B3b1/3P2N1/PPP2PPP/R1BQK2R b KQkq - 2 8,g4d1 c4f7 e8e7 g3f5,1399,76,90,562,attackingF2F7 mate mateIn2 opening short,https://lichess.org/cICAPFS3/black#16,Caro-Kann_Defense Caro-Kann_Defense_Two_Knights_Attack,https://lichess.org/training/KuQUG,True,bottom-left 1,white,"[4, 6]","[3, 4]","[4, 4]","[5, 6]"
qI8tL,r2qkbnr/ppp2ppp/2np4/4N3/2B1Ppb1/2N5/PPPP2PP/R1BQK2R b KQkq - 5 6,g4d1 c4f7 e8e7 c3d5,1399,75,94,30249,attackingF2F7 mate mateIn2 opening short,https://lichess.org/PDAHnaEP/black#12,Kings_Gambit_Accepted Kings_Gambit_Accepted_Fischer_Defense,https://lichess.org/training/qI8tL,True,bottom-right 1,white,"[4, 6]","[3, 4]","[4, 4]","[5, 6]"
JiEAU,r2qkb1r/pppn2pp/3p1p2/P3N3/3nP1b1/2NP4/BPP2PPP/R1BQ1RK1 b kq - 0 11,g4d1 a2f7 e8e7 c3d5,1399,74,97,2952,mate mateIn2 opening short,https://lichess.org/uTbTcmZM/black#22,Bishops_Opening Bishops_Opening_Other_variations,https://lichess.org/training/JiEAU,True,bottom-right 1,white,"[4, 6]","[3, 4]","[4, 4]","[5, 6]"
yZp2m,r2qkbnr/ppp2Bp1/3p3p/4N3/4P3/2N5/PPPP2PP/R1BbK2R b KQkq - 0 8,e8e7 c3d5,1400,115,68,29,mate mateIn1 oneMove opening,https://lichess.org/H9r3yzj9/black#16,,https://lichess.org/training/yZp2m,True,bottom-right 1,white,"[4, 6]","[3, 4]","[4, 4]","[5, 6]"
MgiP7,r2qkbnr/ppp3pp/3p4/4N3/2BnPPb1/2NP4/PPP2P1P/R1BQK2R b KQkq - 0 8,g4d1 c4f7 e8e7 c3d5,1400,76,96,7725,mate mateIn2 opening short,https://lichess.org/eCKxshVP/black#16,Italian_Game Italian_Game_Rousseau_Gambit,https://lichess.org/training/MgiP7,True,bottom-right 1,white,"[4, 6]","[3, 4]","[4, 4]","[5, 6]"
CL16D,rn1qkbnr/1p3pp1/p2p3p/2p1N3/2B1P1b1/2N5/PPPP1PPP/R1BQR1K1 b kq - 0 8,g4d1 c4f7 e8e7 c3d5,1400,76,92,2383,attackingF2F7 mate mateIn2 opening short,https://lichess.org/00eHREkw/black#16,Sicilian_Defense Sicilian_Defense_OKelly_Variation,https://lichess.org/training/CL16D,True,bottom-right 1,white,"[4, 6]","[3, 4]","[4, 4]","[5, 6]"
K2QXF,rn1qkbnr/2p2ppp/p2p4/1p2N3/1PB1P1b1/2N5/P1PP1PPP/R1BQK2R b KQkq - 0 6,g4d1 c4f7 e8e7 c3d5,1401,75,82,375,attackingF2F7 mate mateIn2 opening short,https://lichess.org/nvshIsPg/black#12,Philidor_Defense Philidor_Defense_Other_variations,https://lichess.org/training/K2QXF,True,bottom-right 1,white,"[4, 6]","[3, 4]","[4, 4]","[5, 6]"
eSols,r2qk2r/1ppb1pp1/p1np4/2bNpPB1/2P1n3/3P4/PP5P/R2QKBNR w KQkq - 0 11,g5d8 c5f2 e1e2 c6d4,1402,78,93,2318,mate mateIn2 middlegame short,https://lichess.org/2bCM8qex#21,English_Opening English_Opening_The_Whale,https://lichess.org/training/eSols,True,bottom-right 1,black,"[4, 6]","[3, 4]","[4, 4]","[5, 6]"
Q0D4n,rn1qkbnr/1pp2Bp1/p2p3p/4N3/4P3/2N5/PPPP1PPP/R1Bb1RK1 b kq - 0 7,e8e7 c3d5,1402,77,85,337,mate mateIn1 oneMove opening,https://lichess.org/mw7vPVvq/black#14,,https://lichess.org/training/Q0D4n,True,bottom-right 1,white,"[4, 6]","[3, 4]","[4, 4]","[5, 6]"
ohs4M,r2q1rk1/pb3ppp/2n5/2b1p1B1/4n3/P2P4/1PP2PPP/R2QKBNR w KQ - 0 10,g5d8 c5f2 e1e2 c6d4,1402,76,91,908,attackingF2F7 mate mateIn2 middlegame short,https://lichess.org/kw8HkenL#19,Scandinavian_Defense Scandinavian_Defense_Kloosterboer_Gambit,https://lichess.org/training/ohs4M,True,bottom-right 1,black,"[4, 6]","[3, 4]","[4, 4]","[5, 6]"
CAKMu,rn1qkbnr/1pp2pp1/p2p3p/4N3/2B1P1b1/2N5/PPPP1P1P/R1BQK2R b KQkq - 0 6,g4d1 c4f7 e8e7 c3d5,1402,75,87,144,attackingF2F7 mate mateIn2 opening short,https://lichess.org/elweIrS1/black#12,Philidor_Defense Philidor_Defense_Other_variations,https://lichess.org/training/CAKMu,True,bottom-right 1,white,"[4, 6]","[3, 4]","[4, 4]","[5, 6]"
GhFNv,r2qkbnr/ppp2p1p/2np2p1/4N3/2B1PPb1/2N5/PPPP2PP/R1BQK2R b KQkq - 0 6,g4d1 c4f7 e8e7 c3d5,1403,78,89,1422,attackingF2F7 mate mateIn2 opening short,https://lichess.org/3CJZlcWR/black#12,Kings_Gambit_Declined Kings_Gambit_Declined_Queens_Knight_Defense,https://lichess.org/training/GhFNv,True,bottom-right 1,white,"[4, 6]","[3, 4]","[4, 4]","[5, 6]"
j7NNw,r2qkb1r/pp3ppp/3p4/2p1N3/P1BnP1b1/2NP4/1PP2P2/R1BQK2R b KQkq - 0 11,g4d1 c4f7 e8e7 c3d5,1403,84,48,95,attackingF2F7 mate mateIn2 middlegame short,https://lichess.org/ETx3eHF0/black#22,Sicilian_Defense Sicilian_Defense_Bowdler_Attack,https://lichess.org/training/j7NNw,True,bottom-right 1,white,"[4, 6]","[3, 4]","[4, 4]","[5, 6]"
XKm5e,rn1qkbnr/ppp2B2/3p3p/4N3/4P3/2N5/PPPP1PP1/R1BbK2R b KQkq - 0 8,e8e7 c3d5,1403,79,88,2721,mate mateIn1 oneMove opening,https://lichess.org/yX1qEJKS/black#16,,https://lichess.org/training/XKm5e,True,bottom-right 1,white,"[4, 6]","[3, 4]","[4, 4]","[5, 6]"
O4AQX,r2qkbnr/ppp2ppp/3p4/4N3/2B1Ppb1/P1N5/1PPP2PP/R1BQK2R b KQkq - 0 7,g4d1 c4f7 e8e7 c3d5,1403,78,89,511,attackingF2F7 mate mateIn2 opening short,https://lichess.org/CX9eAhWa/black#14,Vienna_Game Vienna_Game_Max_Lange_Defense,https://lichess.org/training/O4AQX,True,bottom-right 1,white,"[4, 6]","[3, 4]","[4, 4]","[5, 6]"
QDsGg,r2qkbnr/1pp2ppp/p2p4/4N3/P1B1Ppb1/2N5/1PPP2PP/R1BQ1RK1 b kq - 0 8,g4d1 c4f7 e8e7 c3d5,1403,76,93,1107,attackingF2F7 mate mateIn2 opening short,https://lichess.org/FuiVGxsW/black#16,Vienna_Game Vienna_Game_Other_variations,https://lichess.org/training/QDsGg,True,bottom-right 1,white,"[4, 6]","[3, 4]","[4, 4]","[5, 6]"
1UdhO,r2qkbnr/pp3ppp/3p4/2p1N3/2BnP1b1/2N5/PPPP1PPP/R1BQK2R b KQkq - 7 7,g4d1 c4f7 e8e7 c3d5,1403,79,93,1264,attackingF2F7 mate mateIn2 opening short,https://lichess.org/n5umLquP/black#14,Sicilian_Defense Sicilian_Defense_Jalalabad_Variation,https://lichess.org/training/1UdhO,True,bottom-right 1,white,"[4, 6]","[3, 4]","[4, 4]","[5, 6]"
CFQlx,r2qkb1r/pppn1Bpp/2np4/4N1P1/4P2P/2NP4/PPP2P2/R1BbK2R b KQkq - 0 11,e8e7 c3d5,1404,84,88,114,mate mateIn1 middlegame oneMove,https://lichess.org/fLT4LkIu/black#22,Bishops_Opening Bishops_Opening_Vienna_Hybrid,https://lichess.org/training/CFQlx,True,bottom-right 1,white,"[4, 6]","[3, 4]","[4, 4]","[5, 6]"
mgYGc,r2qkbnr/ppp2ppp/3p4/4N3/2BnPpb1/2N5/PPPP2PP/R1BQ1RK1 b kq - 5 7,g4d1 c4f7 e8e7 c3d5,1404,75,84,153,attackingF2F7 mate mateIn2 opening short,https://lichess.org/bhmpJPW7/black#14,Kings_Gambit_Accepted Kings_Gambit_Accepted_Bishops_Gambit,https://lichess.org/training/mgYGc,True,bottom-right 1,white,"[4, 6]","[3, 4]","[4, 4]","[5, 6]"
wE77g,r2Bk2r/ppp2ppp/8/3n4/3Pn1b1/8/PP1bKPPP/R2Q1B1R w kq - 2 12,f2f3 d5f4,1404,83,70,484,mate mateIn1 middlegame oneMove pin,https://lichess.org/QRK1VB0W#23,Queens_Gambit_Declined Queens_Gambit_Declined_Modern_Variation,https://lichess.org/training/wE77g,True,top-right 1,black,"[4, 6]","[3, 4]","[4, 4]","[5, 6]"
Zm95t,rn1qkbnr/ppp2p2/3p4/4N1pp/2BPPpb1/2N5/PPP3PP/R1BQK2R b KQkq - 1 7,g4d1 c4f7 e8e7 c3d5,1404,74,83,478,attackingF2F7 mate mateIn2 opening short,https://lichess.org/a14cPncp/black#14,Kings_Gambit Kings_Gambit_Other_variations,https://lichess.org/training/Zm95t,True,bottom-right 1,white,"[4, 6]","[3, 4]","[4, 4]","[5, 6]"
GBZf3,r2qkbnr/ppp2B1p/2np4/4N1p1/3PPp2/2N4P/PPP3P1/R1BbK2R b KQkq - 0 9,e8e7 c3d5,1404,76,88,837,mate mateIn1 middlegame oneMove,https://lichess.org/6BvWe0Cd/black#18,Kings_Gambit_Accepted Kings_Gambit_Accepted_MacLeod_Defense,https://lichess.org/training/GBZf3,True,bottom-right 1,white,"[4, 6]","[3, 4]","[4, 4]","[5, 6]"
GPPNy,r2qkbnr/ppp3pp/2np4/4N2b/2B1Pp2/2NP3P/PPPB1PP1/R2QK2R b KQkq - 0 8,h5d1 c4f7 e8e7 c3d5,1404,76,81,465,mate mateIn2 middlegame short,https://lichess.org/GLlSZQFm/black#16,Italian_Game Italian_Game_Rousseau_Gambit,https://lichess.org/training/GPPNy,True,bottom-right 1,white,"[4, 6]","[3, 4]","[4, 4]","[5, 6]"
9Dnm5,r2qkbnr/ppp2p2/2np3p/4N3/2B1P1b1/2N5/PPPP1PP1/R1BQ1RK1 b kq - 0 8,g4d1 c4f7 e8e7 c3d5,1405,79,91,3214,attackingF2F7 mate mateIn2 opening short,https://lichess.org/tIEZb8yF/black#16,Italian_Game Italian_Game_Anti-Fried_Liver_Defense,https://lichess.org/training/9Dnm5,True,bottom-right 1,white,"[4, 6]","[3, 4]","[4, 4]","[5, 6]"
NTrYh,r2qkbnr/ppp3pp/2np1p2/4N2b/2B1PP2/2N4P/PPPP2P1/R1BQK2R b KQkq - 0 7,h5d1 c4f7 e8e7 c3d5,1405,87,79,36,mate mateIn2 middlegame short,https://lichess.org/k8RKJfe2/black#14,Kings_Gambit Kings_Gambit_Other_variations,https://lichess.org/training/NTrYh,True,bottom-right 1,white,"[4, 6]","[3, 4]","[4, 4]","[5, 6]"
7AOlH,r2qkbnr/ppp2pp1/3p3p/4N3/2B1P1b1/2N5/PPPP2PP/R1BQK2R b KQkq - 0 7,g4d1 c4f7 e8e7 c3d5,1405,79,94,3747,attackingF2F7 mate mateIn2 opening short,https://lichess.org/K7hPLsRr/black#14,Kings_Gambit_Declined Kings_Gambit_Declined_Queens_Knight_Defense,https://lichess.org/training/7AOlH,True,bottom-right 1,white,"[4, 6]","[3, 4]","[4, 4]","[5, 6]"
EMt6G,rn1qkb1r/pppn2pp/3p4/4N1Pb/2BPPp2/1PN4P/PBP2P2/R2QK2R b KQkq - 0 11,h5d1 c4f7 e8e7 c3d5,1405,77,86,160,mate mateIn2 middlegame short,https://lichess.org/ZAq7ZyxG/black#22,Philidor_Defense Philidor_Defense_Lopez_Countergambit,https://lichess.org/training/EMt6G,True,bottom-right 1,white,"[4, 6]","[3, 4]","[4, 4]","[5, 6]"
zHrO9,r2qk2r/pbp2pp1/1pnp3p/2bNpP2/4n2B/3P3P/PPP3P1/R2QKBNR w KQkq - 0 10,h4d8 c5f2 e1e2 c6d4,1405,79,96,25359,mate mateIn2 middlegame short,https://lichess.org/kGoKFHmn#19,Kings_Pawn_Game Kings_Pawn_Game_Leonardis_Variation,https://lichess.org/training/zHrO9,True,bottom-right 1,black,"[4, 6]","[3, 4]","[4, 4]","[5, 6]"
TxKwX,r2qkbnr/1pp2Bp1/p1np3p/4N3/4P3/1PN4P/P1PP1PP1/R1BbK2R b KQkq - 0 9,e8e7 c3d5,1405,75,96,1652,mate mateIn1 oneMove opening,https://lichess.org/zxHnYWmD/black#18,Ruy_Lopez Ruy_Lopez_Steinitz_Defense,https://lichess.org/training/TxKwX,True,bottom-right 1,white,"[4, 6]","[3, 4]","[4, 4]","[5, 6]"
nAu6e,r2qkbnr/ppp3pp/2np1p2/4N2b/2B1P3/2N4P/PPPP1PP1/R1BQK2R b KQkq - 0 7,h5d1 c4f7 e8e7 c3d5,1405,79,88,182,mate mateIn2 opening short,https://lichess.org/KzByqYEb/black#14,Three_Knights_Opening Three_Knights_Opening_Other_variations,https://lichess.org/training/nAu6e,True,bottom-right 1,white,"[4, 6]","[3, 4]","[4, 4]","[5, 6]"
hhkJz,rn1qkbnr/ppp5/3p3p/4N3/2BPPpb1/2N5/PPP3P1/R2QK2R b KQkq - 3 10,g4d1 c4f7 e8e7 c3d5,1405,76,95,19180,mate mateIn2 middlegame short,https://lichess.org/b6G7ePHP/black#20,Kings_Gambit_Accepted Kings_Gambit_Accepted_Kings_Knights_Gambit,https://lichess.org/training/hhkJz,True,bottom-right 1,white,"[4, 6]","[3, 4]","[4, 4]","[5, 6]"
CUvYC,r2qkbnr/ppp2pp1/3p3p/4N2b/2BnPP2/2NP3P/PPP3P1/R1BQK2R b KQkq - 0 8,h5d1 c4f7 e8e7 c3d5,1406,78,91,839,attackingF2F7 mate mateIn2 opening short,https://lichess.org/9ru342vd/black#16,Kings_Gambit Kings_Gambit_Other_variations,https://lichess.org/training/CUvYC,True,bottom-right 1,white,"[4, 6]","[3, 4]","[4, 4]","[5, 6]"
dmQhN,r2qkbnr/2p2ppp/p1np4/1p2N3/4P1b1/1BN5/PPPP1P1P/R1BQK2R b KQkq - 0 7,g4d1 b3f7 e8e7 c3d5,1406,90,74,60,attackingF2F7 mate mateIn2 middlegame short,https://lichess.org/xezdBTQ7/black#14,Philidor_Defense Philidor_Defense_Other_variations,https://lichess.org/training/dmQhN,True,bottom-right 1,white,"[4, 6]","[3, 4]","[4, 4]","[5, 6]"
RdMx5,r1bqk2r/pppp1pp1/1b4n1/3Pp1Bp/1PP1n2P/P4N2/5PP1/RN1QKB1R w KQkq - 0 10,g5d8 b6f2 e1e2 g6f4,1406,80,94,5677,attackingF2F7 mate mateIn2 middlegame short,https://lichess.org/whs7NV7N#19,Mikenas_Defense Mikenas_Defense_Other_variations,https://lichess.org/training/RdMx5,True,top-right 1,black,"[4, 6]","[3, 4]","[4, 4]","[5, 6]"
L8dJr,rn1qkbnr/ppp2Bp1/3p4/4N2p/4P3/2N5/PPPP1PPP/R1BbK2R b KQkq - 0 6,e8e7 c3d5,1407,88,86,821,mate mateIn1 oneMove opening,https://lichess.org/AHLmJJXB/black#12,,https://lichess.org/training/L8dJr,True,bottom-right 1,white,"[4, 6]","[3, 4]","[4, 4]","[5, 6]"
Y3Dv5,r2qkbnr/pp1n2pp/2pp1p2/6Nb/2B1P3/4N3/PB3PPP/R2Q1RK1 b kq - 3 11,h5d1 c4f7 e8e7 e3f5,1407,75,97,296,mate mateIn2 middlegame short,https://lichess.org/NBF7vR0v/black#22,Danish_Gambit_Accepted Danish_Gambit_Accepted_Other_variations,https://lichess.org/training/Y3Dv5,True,bottom-left 1,white,"[4, 6]","[3, 4]","[4, 4]","[5, 6]"
mkrNm,rn1qkbnr/1pp2Bp1/p2p3p/4N3/4P3/2N4P/PPPP1PP1/R1Bb1RK1 b kq - 0 8,e8e7 c3d5,1408,127,26,57,mate mateIn1 oneMove opening,https://lichess.org/fBHSwMKE/black#16,,https://lichess.org/training/mkrNm,True,bottom-right 1,white,"[4, 6]","[3, 4]","[4, 4]","[5, 6]"
XI91Q,r2qkbnr/1pp2pp1/p2p3p/4N3/2BnPPb1/P1N5/1PPP2PP/R1BQ1RK1 b kq - 0 8,g4d1 c4f7 e8e7 c3d5,1408,77,94,3175,attackingF2F7 mate mateIn2 opening short,https://lichess.org/qBZJ8DeY/black#16,Kings_Gambit Kings_Gambit_Other_variations,https://lichess.org/training/XI91Q,True,bottom-right 1,white,"[4, 6]","[3, 4]","[4, 4]","[5, 6]"
btTL4,r2qkbnr/ppp2p1p/2np4/4N1p1/2BPPpb1/2N5/PPP3PP/R1BQK2R b KQkq - 4 7,g4d1 c4f7 e8e7 c3d5,1408,80,93,142,attackingF2F7 mate mateIn2 middlegame short,https://lichess.org/8tKYjbL6/black#14,Kings_Gambit_Accepted Kings_Gambit_Accepted_Kings_Knights_Gambit,https://lichess.org/training/btTL4,True,bottom-right 1,white,"[4, 6]","[3, 4]","[4, 4]","[5, 6]"
97wg9,rn1qkbnr/ppp2ppp/3p4/4N2b/2B1P3/2N5/PPPP1PPP/R1BQK2R b KQkq - 0 5,h5d1 c4f7 e8e7 c3d5,1408,75,85,164,attackingF2F7 mate mateIn2 opening short,https://lichess.org/jwUjYKzt/black#10,Philidor_Defense Philidor_Defense_Other_variations,https://lichess.org/training/97wg9,True,bottom-right 1,white,"[4, 6]","[3, 4]","[4, 4]","[5, 6]"
OBYka,rn1qkbnr/ppp4p/3p4/4N1p1/2BPPpb1/2N5/PPP3P1/R1BQ1K1R b kq - 1 10,g4d1 c4f7 e8e7 c3d5,1408,82,79,66,mate mateIn2 opening short,https://lichess.org/T89sNGVB/black#20,Kings_Gambit_Accepted Kings_Gambit_Accepted_Bishops_Gambit,https://lichess.org/training/OBYka,True,bottom-right 1,white,"[4, 6]","[3, 4]","[4, 4]","[5, 6]"
PXNhN,r1bqk2r/pppp1ppp/2n5/2b1p1B1/2P1n3/3P3P/PP3PP1/RN1QKBNR w KQkq - 0 6,g5d8 c5f2 e1e2 c6d4,1409,77,94,12856,attackingF2F7 mate mateIn2 opening short,https://lichess.org/PLvEIqM6#11,English_Opening English_Opening_The_Whale,https://lichess.org/training/PXNhN,True,bottom-right 1,black,"[4, 6]","[3, 4]","[4, 4]","[5, 6]"
lPQbL,r2qkb1r/ppp2pp1/3p3p/4N3/2BnP1b1/2NP4/PPP2PPP/R2QK2R b KQkq - 0 10,g4d1 c4f7 e8e7 c3d5,1409,77,92,9243,attackingF2F7 mate mateIn2 middlegame short,https://lichess.org/AWJZpz4o/black#20,Italian_Game Italian_Game_Two_Knights_Defense,https://lichess.org/training/lPQbL,True,bottom-right 1,white,"[4, 6]","[3, 4]","[4, 4]","[5, 6]"
LTeli,r2qkbnr/ppp2pp1/3p3p/4N3/2BnPPb1/2N5/PPPP2PP/R1BQ1K1R b kq - 0 7,g4d1 c4f7 e8e7 c3d5,1410,76,91,2658,attackingF2F7 mate mateIn2 opening short,https://lichess.org/zB4mUmYg/black#14,Kings_Gambit Kings_Gambit_Other_variations,https://lichess.org/training/LTeli,True,bottom-right 1,white,"[4, 6]","[3, 4]","[4, 4]","[5, 6]"
aGysD,rn1qkb1r/ppp2Bp1/3p3p/4N2n/4P3/2N4P/PPPP1PP1/R1B1K2R b KQkq - 0 8,e8e7 c3d5,1411,76,91,440,mate mateIn1 oneMove opening,https://lichess.org/UOZFB5ks/black#16,Philidor_Defense Philidor_Defense_Other_variations,https://lichess.org/training/aGysD,True,bottom-right 1,white,"[4, 6]","[3, 4]","[4, 4]","[5, 6]"
39h8F,r2qkbnr/1pp2pp1/p1np3p/4N2b/2B1P3/1PN4P/P1PP1PP1/R1BQK2R b KQkq - 0 8,h5d1 c4f7 e8e7 c3d5,1412,78,91,4773,attackingF2F7 mate mateIn2 opening short,https://lichess.org/cRQHYIdU/black#16,Ruy_Lopez Ruy_Lopez_Steinitz_Defense,https://lichess.org/training/39h8F,True,bottom-right 1,white,"[4, 6]","[3, 4]","[4, 4]","[5, 6]"
0tmdr,r2qkbnr/1pp2ppp/p1np4/4N3/2B1P1b1/2N5/PPPP1PPP/R1BQK2R b KQkq - 0 6,g4d1 c4f7 e8e7 c3d5,1412,77,92,5818,attackingF2F7 mate mateIn2 opening short,https://lichess.org/s6QJ0lis/black#12,Ruy_Lopez Ruy_Lopez_Steinitz_Defense,https://lichess.org/training/0tmdr,True,bottom-right 1,white,"[4, 6]","[3, 4]","[4, 4]","[5, 6]"
ZLoVB,r2qkbnr/1pp2ppp/p2p4/4N2b/3nP3/1BN4P/PPPP1PP1/R1BQK2R b KQkq - 0 8,h5d1 b3f7 e8e7 c3d5,1412,76,79,126,attackingF2F7 mate mateIn2 opening short,https://lichess.org/bkr260wQ/black#16,Ruy_Lopez Ruy_Lopez_Morphy_Defense,https://lichess.org/training/ZLoVB,True,bottom-right 1,white,"[4, 6]","[3, 4]","[4, 4]","[5, 6]"
1r7O2,r2qk2r/ppp2p2/2np2p1/2b1p1B1/4n1b1/2NP1N1P/PPP3P1/R2QKB1R w KQkq - 0 10,g5d8 c5f2 e1e2 c6d4,1413,77,95,19787,mate mateIn2 middlegame short,https://lichess.org/xU6sgxmw#19,Kings_Gambit_Declined Kings_Gambit_Declined_Classical_Variation,https://lichess.org/training/1r7O2,True,bottom-right 1,black,"[4, 6]","[3, 4]","[4, 4]","[5, 6]"
Nxb4F,r2qkbnr/ppp2p1p/3p4/4N1pb/2BnPp2/2NP3P/PPP3P1/R1BQ1RK1 b kq - 2 9,h5d1 c4f7 e8e7 c3d5,1414,77,92,426,attackingF2F7 mate mateIn2 middlegame short,https://lichess.org/MvdM57Df/black#18,Kings_Gambit_Accepted Kings_Gambit_Accepted_Kings_Knights_Gambit,https://lichess.org/training/Nxb4F,True,bottom-right 1,white,"[4, 6]","[3, 4]","[4, 4]","[5, 6]"
7vRO2,r2qkbnr/ppp2Bp1/3p3p/4N3/3nP3/2N4P/PPPP1PP1/R1BbR1K1 b kq - 0 9,e8e7 c3d5,1414,76,95,9944,mate mateIn1 oneMove opening,https://lichess.org/EduZoqDW/black#18,Italian_Game Italian_Game_Anti-Fried_Liver_Defense,https://lichess.org/training/7vRO2,True,bottom-right 1,white,"[4, 6]","[3, 4]","[4, 4]","[5, 6]"
if3KH,r2qkbnr/1pp3pp/p1np1p2/4N2b/P1BPP3/2N4P/1PP2PP1/R1BQK2R b KQkq - 0 8,h5d1 c4f7 e8e7 c3d5,1414,75,97,3713,mate mateIn2 opening short,https://lichess.org/j2gBlkkw/black#16,Philidor_Defense Philidor_Defense_Other_variations,https://lichess.org/training/if3KH,True,bottom-right 1,white,"[4, 6]","[3, 4]","[4, 4]","[5, 6]"
vfwq0,r2qkbnr/ppp2Bp1/2np3p/4N3/4PP2/2N5/PPPP2PP/R1BbK2R b KQkq - 0 7,e8e7 c3d5,1414,92,76,230,mate mateIn1 oneMove opening,https://lichess.org/2xbhVxto/black#14,,https://lichess.org/training/vfwq0,True,bottom-right 1,white,"[4, 6]","[3, 4]","[4, 4]","[5, 6]"
gTHPN,r1bqk2r/ppp2ppp/3p2n1/2bPp1B1/N1P1n3/5N2/PP3PPP/R2QKB1R w KQkq - 0 9,g5d8 c5f2 e1e2 g6f4,1414,75,97,2450,attackingF2F7 mate mateIn2 middlegame short,https://lichess.org/j2YNAzf6#17,Nimzowitsch_Defense Nimzowitsch_Defense_Kennedy_Variation,https://lichess.org/training/gTHPN,True,top-right 1,black,"[4, 6]","[3, 4]","[4, 4]","[5, 6]"
rOcr8,rn1qkbnr/ppp3p1/3p3p/4N3/2B1Ppb1/2N5/PPPP1PPP/R1BQR1K1 b kq - 0 7,g4d1 c4f7 e8e7 c3d5,1414,74,87,323,mate mateIn2 opening short,https://lichess.org/jeoHFDV3/black#14,Philidor_Defense Philidor_Defense_Other_variations,https://lichess.org/training/rOcr8,True,bottom-right 1,white,"[4, 6]","[3, 4]","[4, 4]","[5, 6]"
yBJlD,r2qkb1r/ppp2p1p/2np3p/4N3/2B1P1b1/2NP4/PPP2PPP/R2QK2R b KQkq - 0 7,g4d1 c4f7 e8e7 c3d5,1415,76,96,9658,attackingF2F7 mate mateIn2 middlegame short,https://lichess.org/dnKCU4uL/black#14,Philidor_Defense Philidor_Defense_Other_variations,https://lichess.org/training/yBJlD,True,bottom-right 1,white,"[4, 6]","[3, 4]","[4, 4]","[5, 6]"
z6aZI,rn1qkb1r/ppp5/3p1p1p/4N3/2B1P1b1/2N5/PPP2PPP/R2QK2R b KQkq - 0 9,g4d1 c4f7 e8e7 c3d5,1415,74,94,4134,mate mateIn2 middlegame short,https://lichess.org/Tk1Kddxh/black#18,Kings_Pawn_Game Kings_Pawn_Game_Damiano_Defense,https://lichess.org/training/z6aZI,True,bottom-right 1,white,"[4, 6]","[3, 4]","[4, 4]","[5, 6]"
cM2HU,r2qkbnr/ppp2p2/2np3p/4N1p1/2BPPpb1/2N5/PPP3PP/R1BQ1RK1 b kq - 4 8,g4d1 c4f7 e8e7 c3d5,1416,77,56,148,attackingF2F7 mate mateIn2 opening short,https://lichess.org/UFnFjPLz/black#16,Vienna_Game Vienna_Game_Omaha_Gambit,https://lichess.org/training/cM2HU,True,bottom-right 1,white,"[4, 6]","[3, 4]","[4, 4]","[5, 6]"
vgEmm,r2qkbnr/ppp3pp/2np4/4N3/1PB1p1b1/2N5/P1PP1PPP/R1BQ1RK1 b kq - 0 9,g4d1 c4f7 e8e7 c3d5,1416,75,95,3865,mate mateIn2 opening short,https://lichess.org/ICilzMhX/black#18,Italian_Game Italian_Game_Paris_Defense,https://lichess.org/training/vgEmm,True,bottom-right 1,white,"[4, 6]","[3, 4]","[4, 4]","[5, 6]"
WHAAT,r2qkbnr/ppp2pp1/3p3p/4N3/2BnPpb1/2N5/PPP3PP/R1BQ1RK1 b kq - 1 8,g4d1 c4f7 e8e7 c3d5,1416,78,94,1843,attackingF2F7 mate mateIn2 opening short,https://lichess.org/Q7wak5Uj/black#16,Kings_Gambit_Declined Kings_Gambit_Declined_Queens_Knight_Defense,https://lichess.org/training/WHAAT,True,bottom-right 1,white,"[4, 6]","[3, 4]","[4, 4]","[5, 6]"
Agybr,r2qkbnr/ppp2p1p/3p4/4N1p1/2BnPpb1/2NP4/PPP3PP/R1BQ1RK1 b kq - 4 8,g4d1 c4f7 e8e7 c3d5,1416,76,95,30077,attackingF2F7 mate mateIn2 middlegame short,https://lichess.org/g5tehIE1/black#16,Kings_Gambit_Accepted Kings_Gambit_Accepted_Kings_Knights_Gambit,https://lichess.org/training/Agybr,True,bottom-right 1,white,"[4, 6]","[3, 4]","[4, 4]","[5, 6]"
sXkWq,rn1qkbnr/ppp2pp1/3p3p/4N3/2B1P1b1/2N5/PB3PPP/R2QK2R b KQkq - 3 8,g4d1 c4f7 e8e7 c3d5,1417,77,93,2867,attackingF2F7 mate mateIn2 middlegame short,https://lichess.org/cuxCr4L8/black#16,Danish_Gambit_Accepted Danish_Gambit_Accepted_Other_variations,https://lichess.org/training/sXkWq,True,bottom-right 1,white,"[4, 6]","[3, 4]","[4, 4]","[5, 6]"
e2tmn,r2qkbnr/ppp2Bp1/3p3p/4N3/4Pp1P/2N5/PPPP2P1/R1Bb1RK1 b kq - 0 9,e8e7 c3d5,1417,77,88,395,mate mateIn1 oneMove opening,https://lichess.org/36wypPM8/black#18,Vienna_Gambit_with_Max_Lange_Defense Vienna_Gambit_with_Max_Lange_Defense_Other_variations,https://lichess.org/training/e2tmn,True,bottom-right 1,white,"[4, 6]","[3, 4]","[4, 4]","[5, 6]"
2veF2,r2qkb1r/ppp3pp/2np1n2/4N1Bb/2B1P3/2N4P/PPP2PP1/R2QK2R b KQkq - 0 9,h5d1 c4f7 e8e7 c3d5,1417,81,91,2166,mate mateIn2 middlegame pin short,https://lichess.org/Cwitrtsa/black#18,Philidor_Defense Philidor_Defense_Other_variations,https://lichess.org/training/2veF2,True,bottom-right 1,white,"[4, 6]","[3, 4]","[4, 4]","[5, 6]"
bOZy6,r2qkb1r/pp3pp1/3p3p/4N2b/2BnP3/2N4P/PPP2PP1/R2QK2R b KQkq - 0 13,h5d1 c4f7 e8e7 c3d5,1418,77,91,524,attackingF2F7 mate mateIn2 middlegame short,https://lichess.org/Ko36d8Zu/black#26,Sicilian_Defense Sicilian_Defense_Smith-Morra_Gambit,https://lichess.org/training/bOZy6,True,bottom-right 1,white,"[4, 6]","[3, 4]","[4, 4]","[5, 6]"
FmGOY,r2qkb1r/ppp2pp1/3p4/4N2p/2B1P1b1/2N5/PPPP4/R1BQK1R1 b Qkq - 0 11,g4d1 c4f7 e8e7 c3d5,1418,77,92,2469,attackingF2F7 mate mateIn2 opening short,https://lichess.org/Mx1UTDf6/black#22,Vienna_Game Vienna_Game_Vienna_Gambit,https://lichess.org/training/FmGOY,True,bottom-right 1,white,"[4, 6]","[3, 4]","[4, 4]","[5, 6]"
irHEJ,r2qkbnr/ppp3pp/2np1p2/4N3/2BPPpb1/2N5/PPP3PP/R1BQK2R b KQkq - 1 7,g4d1 c4f7 e8e7 c3d5,1418,83,92,1708,mate mateIn2 opening short,https://lichess.org/ejYIsqdl/black#14,Vienna_Gambit_with_Max_Lange_Defense Vienna_Gambit_with_Max_Lange_Defense_Knight_Variation,https://lichess.org/training/irHEJ,True,bottom-right 1,white,"[4, 6]","[3, 4]","[4, 4]","[5, 6]"
mkPGT,rn1qkb1r/1pp2pp1/p2p1n1p/4N2Q/2B1P3/2N4P/PPPP1PP1/R1B2RK1 b kq - 0 8,f6h5 c4f7 e8e7 c3d5,1419,78,93,9604,attackingF2F7 fork mate mateIn2 opening short,https://lichess.org/8ndh2Iuu/black#16,Philidor_Defense Philidor_Defense_Other_variations,https://lichess.org/training/mkPGT,True,bottom-right 1,white,"[4, 6]","[3, 4]","[4, 4]","[5, 6]"
KWOHH,r2qkbnr/ppp2ppp/3p4/4N3/2B1PNb1/8/PPPP2PP/R1BQ1RK1 b kq - 0 9,g4d1 c4f7 e8e7 f4d5,1419,87,57,70,attackingF2F7 mate mateIn2 opening short,https://lichess.org/Ht6FyDLV/black#18,Kings_Gambit_Accepted Kings_Gambit_Accepted_Fischer_Defense,https://lichess.org/training/KWOHH,True,bottom-right 1,white,"[4, 6]","[3, 4]","[4, 4]","[5, 6]"
PonWa,r2qkbnr/ppp2p1p/3p4/n3N1p1/2BPPpb1/2N5/PPP3PP/R1BQ1RK1 b kq - 5 8,g4d1 c4f7 e8e7 c3d5,1420,78,95,7323,attackingF2F7 mate mateIn2 opening short,https://lichess.org/qQCNdJOG/black#16,Vienna_Game Vienna_Game_Omaha_Gambit,https://lichess.org/training/PonWa,True,bottom-right 1,white,"[4, 6]","[3, 4]","[4, 4]","[5, 6]"
dnzIh,r2qkbnr/pp6/3p4/4N3/P1BnPpb1/B1NP4/2P2PK1/R2Q1R2 b kq - 0 16,g4d1 c4f7 e8e7 c3d5,1421,86,56,42,mate mateIn2 middlegame pin short,https://lichess.org/A5UNJTB7/black#32,Philidor_Defense Philidor_Defense_Other_variations,https://lichess.org/training/dnzIh,True,bottom-right 1,white,"[4, 6]","[3, 4]","[4, 4]","[5, 6]"
dPquj,r2qkbnr/pp3ppp/3p4/2p1N3/2BnP1b1/2N5/PPPP1PPP/R1BQ1RK1 b kq - 0 7,g4d1 c4f7 e8e7 c3d5,1422,75,19,262,attackingF2F7 mate mateIn2 opening short,https://lichess.org/aRCeIwwR/black#14,Sicilian_Defense Sicilian_Defense_Modern_Variations,https://lichess.org/training/dPquj,True,bottom-right 1,white,"[4, 6]","[3, 4]","[4, 4]","[5, 6]"
O5Quo,r2qkb1r/ppp5/2np1p2/4N2p/2B1P1bR/2NP2P1/PPP2P2/R2QK3 b Qkq - 0 11,g4d1 c4f7 e8e7 c3d5,1422,75,95,1188,mate mateIn2 middlegame short,https://lichess.org/JcU6k4Xo/black#22,Italian_Game Italian_Game_Rousseau_Gambit,https://lichess.org/training/O5Quo,True,bottom-right 1,white,"[4, 6]","[3, 4]","[4, 4]","[5, 6]"
pmZ2r,r2q1bnr/ppp1kBpp/3p4/4N1B1/8/2N5/PP3PPP/R2bK2R b KQ - 2 10,g8f6 c3d5,1422,139,15,58,mate mateIn1 middlegame oneMove,https://lichess.org/VK0Vejg4/black#20,Scotch_Game Scotch_Game_Goring_Gambit,https://lichess.org/training/pmZ2r,True,bottom-right 1,white,"[4, 6]","[3, 4]","[4, 4]","[5, 6]"
v6oKO,r2qkb1r/ppp2ppp/3p4/4N2n/2B1PNb1/3P4/PPP3PP/R1BQK2R b KQkq - 0 9,g4d1 c4f7 e8e7 f4d5,1423,75,84,202,attackingF2F7 mate mateIn2 opening short,https://lichess.org/giaR30Sw/black#18,Vienna_Gambit_with_Max_Lange_Defense Vienna_Gambit_with_Max_Lange_Defense_Knight_Variation,https://lichess.org/training/v6oKO,True,bottom-right 1,white,"[4, 6]","[3, 4]","[4, 4]","[5, 6]"
jdtzX,r2qkbnr/1pp2ppp/p1np4/4N2b/2B1P3/P1N4P/1PPP1PP1/R1BQK2R b KQkq - 0 7,h5d1 c4f7 e8e7 c3d5,1423,75,94,4409,attackingF2F7 mate mateIn2 opening short,https://lichess.org/7kCbsPPW/black#14,Italian_Game Italian_Game_Other_variations,https://lichess.org/training/jdtzX,True,bottom-right 1,white,"[4, 6]","[3, 4]","[4, 4]","[5, 6]"
VtuVH,r2qkbnr/ppp2p2/2np3p/4N1pb/2BPPp2/2N4P/PPP3P1/R1BQ1RK1 b kq - 4 9,h5d1 c4f7 e8e7 c3d5,1423,95,74,43,attackingF2F7 mate mateIn2 opening short,https://lichess.org/epyHkwL7/black#18,Kings_Gambit_Accepted Kings_Gambit_Accepted_Becker_Defense,https://lichess.org/training/VtuVH,True,bottom-right 1,white,"[4, 6]","[3, 4]","[4, 4]","[5, 6]"
ttnoE,rn1qkbnr/ppp5/3p1p2/4N1pp/2B1P1b1/2N1B3/PP3PPP/R2Q1RK1 b kq - 1 9,g4d1 c4f7 e8e7 c3d5,1424,76,95,21294,mate mateIn2 middlegame short,https://lichess.org/Igv6ZVNd/black#18,Center_Game Center_Game_Other_variations,https://lichess.org/training/ttnoE,True,bottom-right 1,white,"[4, 6]","[3, 4]","[4, 4]","[5, 6]"
0iYyQ,r2qkbnr/ppp2ppp/3p4/4N2b/2BnP3/P1N4P/1PPP1PP1/R1BQK2R b KQkq - 0 7,h5d1 c4f7 e8e7 c3d5,1424,74,85,620,attackingF2F7 mate mateIn2 opening short,https://lichess.org/tzxkBNK5/black#14,Philidor_Defense Philidor_Defense_Other_variations,https://lichess.org/training/0iYyQ,True,bottom-right 1,white,"[4, 6]","[3, 4]","[4, 4]","[5, 6]"
pHGE4,r2qkbnr/ppp2ppp/2np4/4N3/2B1Ppb1/2N5/PPPP2PP/R1BQK2R b KQkq - 3 6,g4d1 c4f7 e8e7 c3d5,1425,76,83,227,attackingF2F7 mate mateIn2 opening short,https://lichess.org/LzE8IGdG/black#12,Kings_Gambit_Declined Kings_Gambit_Declined_Queens_Knight_Defense,https://lichess.org/training/pHGE4,True,bottom-right 1,white,"[4, 6]","[3, 4]","[4, 4]","[5, 6]"
S8boe,r2qkb1r/pp3ppp/3p1p2/2p1N3/2BnP1b1/2NP4/PPP2PPP/R2QK2R b KQkq - 1 8,g4d1 c4f7 e8e7 c3d5,1425,77,81,173,attackingF2F7 mate mateIn2 middlegame short,https://lichess.org/NB3cjFhw/black#16,Sicilian_Defense Sicilian_Defense_Modern_Variations,https://lichess.org/training/S8boe,True,bottom-right 1,white,"[4, 6]","[3, 4]","[4, 4]","[5, 6]"
gpTfQ,r2qk2r/pppb1pp1/2np3p/2bNpP2/4n2B/3P4/PPP3PP/R2QKBNR w KQkq - 0 9,h4d8 c5f2 e1e2 c6d4,1425,76,94,2655,mate mateIn2 middlegame short,https://lichess.org/qbmyoGlU#17,Vienna_Game Vienna_Game_Falkbeer_Variation,https://lichess.org/training/gpTfQ,True,bottom-right 1,black,"[4, 6]","[3, 4]","[4, 4]","[5, 6]"
ldBHk,rn1qkbnr/1pp3p1/p2p3p/4N3/P1BPPpb1/2N5/1PP2PPP/R1BQK2R b KQkq - 0 8,g4d1 c4f7 e8e7 c3d5,1425,74,85,283,mate mateIn2 opening short,https://lichess.org/VGSYjcY0/black#16,Philidor_Defense Philidor_Defense_Other_variations,https://lichess.org/training/ldBHk,True,bottom-right 1,white,"[4, 6]","[3, 4]","[4, 4]","[5, 6]"
ldFij,rn1qkb1r/1pp2p2/p2p3p/4N1pn/2B1P1b1/2NP2B1/PPP2PPP/R2QK2R b KQkq - 0 9,g4d1 c4f7 e8e7 c3d5,1425,77,91,2749,attackingF2F7 mate mateIn2 middlegame short,https://lichess.org/ixwZsPqI/black#18,Philidor_Defense Philidor_Defense_Other_variations,https://lichess.org/training/ldFij,True,bottom-right 1,white,"[4, 6]","[3, 4]","[4, 4]","[5, 6]"
cbLic,rn1qkbnr/ppp2pp1/3p4/4N2p/2B1P1b1/2N5/PPPP1PPP/R1BQK2R b KQkq - 0 5,g4d1 c4f7 e8e7 c3d5,1425,76,53,127,attackingF2F7 mate mateIn2 opening short,https://lichess.org/CGKJpjAS/black#10,Philidor_Defense Philidor_Defense_Other_variations,https://lichess.org/training/cbLic,True,bottom-right 1,white,"[4, 6]","[3, 4]","[4, 4]","[5, 6]"
b5wz3,r2qkbnr/2p4p/p2p1p2/np2N1p1/3PPpb1/1BN5/PPP3PP/R1BQ1RK1 b kq - 3 11,g4d1 b3f7 e8e7 c3d5,1425,77,93,3295,mate mateIn2 middlegame short,https://lichess.org/5WnyCnK0/black#22,Vienna_Game Vienna_Game_Omaha_Gambit,https://lichess.org/training/b5wz3,True,bottom-right 1,white,"[4, 6]","[3, 4]","[4, 4]","[5, 6]"
u27Lk,rn1qkbnr/p1p2Bpp/1p1p4/4N3/4P3/2N5/PPPP1PPP/R1BbK2R b KQkq - 0 6,e8e7 c3d5,1426,85,81,618,mate mateIn1 oneMove opening,https://lichess.org/IFwrda0a/black#12,,https://lichess.org/training/u27Lk,True,bottom-right 1,white,"[4, 6]","[3, 4]","[4, 4]","[5, 6]"
jk3vr,r2qkbnr/ppp2p2/2np3p/4N1pb/2BPPp2/2N4P/PPP3P1/R1BQ1RK1 b kq - 2 9,h5d1 c4f7 e8e7 c3d5,1426,80,92,6354,attackingF2F7 mate mateIn2 opening short,https://lichess.org/0yFWFz51/black#18,Kings_Gambit_Accepted Kings_Gambit_Accepted_Bishops_Gambit,https://lichess.org/training/jk3vr,True,bottom-right 1,white,"[4, 6]","[3, 4]","[4, 4]","[5, 6]"
lJW4S,rn1qkbnr/ppp3pp/3p4/4N3/2B1Ppb1/2NP4/PPP2PPP/R1BQK2R b KQkq - 0 6,g4d1 c4f7 e8e7 c3d5,1426,76,81,90,mate mateIn2 opening short,https://lichess.org/N3NUDnIa/black#12,Philidor_Defense Philidor_Defense_Other_variations,https://lichess.org/training/lJW4S,True,bottom-right 1,white,"[4, 6]","[3, 4]","[4, 4]","[5, 6]"
lT1it,rn1qkb1r/1pp2pp1/p2p3p/4N2b/2B1P2P/2NPP3/PPP5/R2QK1R1 b Qkq - 0 12,h5d1 c4f7 e8e7 c3d5,1426,76,93,2707,attackingF2F7 mate mateIn2 middlegame short,https://lichess.org/b6LJsdvz/black#24,Kings_Knight_Opening Kings_Knight_Opening_Other_variations,https://lichess.org/training/lT1it,True,bottom-right 1,white,"[4, 6]","[3, 4]","[4, 4]","[5, 6]"
QhRR0,r2qkb1r/ppp3p1/3p1p2/4N2p/2BnP1b1/2NP2B1/PPP2P2/R2QK1R1 b Qkq - 0 13,g4d1 c4f7 e8e7 c3d5,1427,77,96,2250,mate mateIn2 middlegame short,https://lichess.org/bLG1FgTQ/black#26,Philidor_Defense Philidor_Defense_Other_variations,https://lichess.org/training/QhRR0,True,bottom-right 1,white,"[4, 6]","[3, 4]","[4, 4]","[5, 6]"
oxLRO,rn1qkbnr/ppp2p2/3p3p/4N1p1/2B1Ppb1/2NP4/PPP3PP/R1BQK2R b KQkq - 2 7,g4d1 c4f7 e8e7 c3d5,1427,74,86,218,attackingF2F7 mate mateIn2 middlegame short,https://lichess.org/A6TxjKPN/black#14,Kings_Gambit_Accepted Kings_Gambit_Accepted_Fischer_Defense,https://lichess.org/training/oxLRO,True,bottom-right 1,white,"[4, 6]","[3, 4]","[4, 4]","[5, 6]"
H0t7S,r2qkb1r/ppp2ppp/3p4/4N3/2BnP1b1/P1NP4/1PP2P2/R1BQK2R b KQkq - 0 10,g4d1 c4f7 e8e7 c3d5,1427,75,85,1374,attackingF2F7 mate mateIn2 opening short,https://lichess.org/HLuk9EgW/black#20,Russian_Game Russian_Game_Three_Knights_Game,https://lichess.org/training/H0t7S,True,bottom-right 1,white,"[4, 6]","[3, 4]","[4, 4]","[5, 6]"
aDMyC,r2qkbnr/ppp2Bpp/2np4/4N3/4Pp2/2N5/PPPP2PP/R1BbK2R b KQkq - 0 7,e8e7 c3d5,1427,77,83,542,mate mateIn1 oneMove opening,https://lichess.org/Lnd773l9/black#14,,https://lichess.org/training/aDMyC,True,bottom-right 1,white,"[4, 6]","[3, 4]","[4, 4]","[5, 6]"
d3bYj,r1bqk2r/pppp1p2/2n5/2b1p1B1/4n3/2NP4/PPP2PPP/R2QKB1R w KQkq - 0 9,g5d8 c5f2 e1e2 c6d4,1428,76,95,21637,attackingF2F7 mate mateIn2 opening short,https://lichess.org/p8bHysW9#17,Three_Knights_Opening Three_Knights_Opening_Other_variations,https://lichess.org/training/d3bYj,True,bottom-right 1,black,"[4, 6]","[3, 4]","[4, 4]","[5, 6]"
gQnSZ,r2qkb1r/ppp3pp/2np1p2/4N3/1PBPPpb1/P1N5/1BP2KnP/R2Q3R b kq - 1 11,g4d1 c4f7 e8e7 c3d5,1429,75,98,2203,mate mateIn2 middlegame short,https://lichess.org/WOfJJv17/black#22,Polish_Opening Polish_Opening_Bugayev_Attack,https://lichess.org/training/gQnSZ,True,bottom-right 1,white,"[4, 6]","[3, 4]","[4, 4]","[5, 6]"
6LhXO,r2qkbnr/pp3ppp/2np4/2p1N3/2B1P1b1/2N5/PB3PPP/R2Q1RK1 b kq - 3 9,g4d1 c4f7 e8e7 c3d5,1429,74,84,239,attackingF2F7 mate mateIn2 middlegame short,https://lichess.org/hEHvwzI1/black#18,Danish_Gambit Danish_Gambit_Other_variations,https://lichess.org/training/6LhXO,True,bottom-right 1,white,"[4, 6]","[3, 4]","[4, 4]","[5, 6]"
6KA9O,r2qkb1r/pp3pp1/3p1p1p/4N3/2B1P1b1/2N5/PP3PPP/R2QR1K1 b kq - 0 11,g4d1 c4f7 e8e7 c3d5,1429,76,79,146,attackingF2F7 mate mateIn2 middlegame short,https://lichess.org/iw4j0s8v/black#22,Sicilian_Defense Sicilian_Defense_Smith-Morra_Gambit,https://lichess.org/training/6KA9O,True,bottom-right 1,white,"[4, 6]","[3, 4]","[4, 4]","[5, 6]"
l2kkG,r2qkbnr/ppp3pp/3p1p2/4N3/2BnP1b1/2N5/PPP2PPP/R1BQ1RK1 b kq - 0 7,g4d1 c4f7 e8e7 c3d5,1429,76,95,28118,mate mateIn2 opening short,https://lichess.org/Hh50kD66/black#14,Scotch_Game Scotch_Game_Other_variations,https://lichess.org/training/l2kkG,True,bottom-right 1,white,"[4, 6]","[3, 4]","[4, 4]","[5, 6]"
tznBq,r2qkbnr/pp3Bp1/3p3p/2p1N3/3nPP2/2NP4/PPP3PP/R1Bb1RK1 b kq - 0 9,e8e7 c3d5,1430,79,81,160,mate mateIn1 middlegame oneMove,https://lichess.org/72ng6g9w/black#18,Sicilian_Defense Sicilian_Defense_McDonnell_Attack,https://lichess.org/training/tznBq,True,bottom-right 1,white,"[4, 6]","[3, 4]","[4, 4]","[5, 6]"
EMbov,r2qkbnr/1p3pp1/p2p3p/2p1N2b/3nP3/P1N4P/BPPP1PP1/R1BQR1K1 b kq - 0 10,h5d1 a2f7 e8e7 c3d5,1430,105,65,22,attackingF2F7 mate mateIn2 middlegame short,https://lichess.org/9XYOLXq4/black#20,Philidor_Defense Philidor_Defense_Other_variations,https://lichess.org/training/EMbov,True,bottom-right 1,white,"[4, 6]","[3, 4]","[4, 4]","[5, 6]"
WUz7C,r1bqk2r/pppp1pp1/2n4p/2bNp3/4n2B/3P4/PPP2PPP/R2QKBNR w KQkq - 0 7,h4d8 c5f2 e1e2 c6d4,1431,75,95,32464,attackingF2F7 mate mateIn2 opening short,https://lichess.org/e9Br8M31#13,Vienna_Game Vienna_Game_Falkbeer_Variation,https://lichess.org/training/WUz7C,True,bottom-right 1,black,"[4, 6]","[3, 4]","[4, 4]","[5, 6]"
ItRLt,rn1qkb1r/ppp2pp1/3p3p/4N3/2BPPpbP/2N3n1/PPP3P1/R1BQK1R1 b Qkq - 8 9,g4d1 c4f7 e8e7 c3d5,1431,75,97,9349,attackingF2F7 mate mateIn2 opening short,https://lichess.org/uqVUDpZX/black#18,Kings_Gambit_Accepted Kings_Gambit_Accepted_Fischer_Defense,https://lichess.org/training/ItRLt,True,bottom-right 1,white,"[4, 6]","[3, 4]","[4, 4]","[5, 6]"
uUHL2,rn1qkbnr/ppp2p2/3p3p/4N3/2B1P1b1/2N5/PPPP1PP1/R1BQK2R b KQkq - 0 7,g4d1 c4f7 e8e7 c3d5,1431,74,77,411,attackingF2F7 mate mateIn2 opening short,https://lichess.org/qGGunrtv/black#14,Philidor_Defense Philidor_Defense_Other_variations,https://lichess.org/training/uUHL2,True,bottom-right 1,white,"[4, 6]","[3, 4]","[4, 4]","[5, 6]"
U0WiO,r1bqk2r/pppp2pp/2n5/2bNppB1/2P1n3/3P4/PP3PPP/R2QKBNR w KQkq - 0 7,g5d8 c5f2 e1e2 c6d4,1431,77,85,162,attackingF2F7 mate mateIn2 middlegame short,https://lichess.org/eBOYHWCm#13,English_Opening English_Opening_Kings_English_Variation,https://lichess.org/training/U0WiO,True,bottom-right 1,black,"[4, 6]","[3, 4]","[4, 4]","[5, 6]"
DJcog,r2qkbnr/6pp/p2p1p2/1p2N3/3nP1b1/1BN5/PP3PPP/R1BQ1RK1 b kq - 0 11,g4d1 b3f7 e8e7 c3d5,1432,76,94,10555,mate mateIn2 middlegame short,https://lichess.org/8U5MLVXf/black#22,Sicilian_Defense Sicilian_Defense_Nyezhmetdinov-Rossolimo_Attack,https://lichess.org/training/DJcog,True,bottom-right 1,white,"[4, 6]","[3, 4]","[4, 4]","[5, 6]"
UN0Jq,rn1qkb1r/ppp2pp1/3p1n1p/4N2Q/2B1P3/2N4P/PPPP1PP1/R1B1K2R b KQkq - 0 7,f6h5 c4f7 e8e7 c3d5,1433,76,81,154,attackingF2F7 fork mate mateIn2 opening short,https://lichess.org/TMqDY4cl/black#14,Philidor_Defense Philidor_Defense_Other_variations,https://lichess.org/training/UN0Jq,True,bottom-right 1,white,"[4, 6]","[3, 4]","[4, 4]","[5, 6]"
dSl8L,r2qkbnr/ppp2ppp/2np4/4N3/2B1P1b1/2N5/PB3PPP/R2QK2R b KQkq - 3 8,g4d1 c4f7 e8e7 c3d5,1434,76,88,904,attackingF2F7 mate mateIn2 middlegame short,https://lichess.org/21V9vO7H/black#16,Scotch_Game Scotch_Game_Goring_Gambit,https://lichess.org/training/dSl8L,True,bottom-right 1,white,"[4, 6]","[3, 4]","[4, 4]","[5, 6]"
ZU7JM,rn1qkbnr/1pp2Bp1/p2p3p/4N3/4P3/P1N5/1PPP1PPP/R1BbK2R b KQkq - 0 7,e8e7 c3d5,1434,76,72,343,mate mateIn1 oneMove opening,https://lichess.org/C72MwIhx/black#14,Philidor_Defense Philidor_Defense_Other_variations,https://lichess.org/training/ZU7JM,True,bottom-right 1,white,"[4, 6]","[3, 4]","[4, 4]","[5, 6]"
U0jMD,r2qkb1r/pppn1pp1/3p4/4N1Pb/2BnP3/2NP4/PPP2PP1/R2Q1RK1 b kq - 0 11,h5d1 c4f7 e8e7 c3d5,1434,76,88,201,attackingF2F7 mate mateIn2 middlegame short,https://lichess.org/rfC2CEr2/black#22,Philidor_Defense Philidor_Defense_Other_variations,https://lichess.org/training/U0jMD,True,bottom-right 1,white,"[4, 6]","[3, 4]","[4, 4]","[5, 6]"
qpucW,r2qkb1r/pp1n1ppp/2p2n2/4p1Nb/2BP4/2P1N3/PP1B1PPP/R2QK2R b KQkq - 1 11,h5d1 c4f7 e8e7 e3f5,1434,102,85,33,attackingF2F7 mate mateIn2 middlegame short,https://lichess.org/EEGB2vaL/black#22,Scandinavian_Defense Scandinavian_Defense_Main_Line,https://lichess.org/training/qpucW,True,bottom-left 1,white,"[4, 6]","[3, 4]","[4, 4]","[5, 6]"
tTrpw,r2qkbnr/ppp2pp1/2np4/4N2p/2B1PPb1/2N5/PPPP2PP/R1BQK2R b KQkq - 0 6,g4d1 c4f7 e8e7 c3d5,1435,77,27,145,attackingF2F7 mate mateIn2 middlegame short,https://lichess.org/PBOTGct6/black#12,Kings_Gambit_Declined Kings_Gambit_Declined_Queens_Knight_Defense,https://lichess.org/training/tTrpw,True,bottom-right 1,white,"[4, 6]","[3, 4]","[4, 4]","[5, 6]"
u94lK,r2qkbnr/pp3ppp/3p4/4N3/1pB1P1b1/2N5/P1PP1PPP/2BQK2R b Kkq - 0 8,g4d1 c4f7 e8e7 c3d5,1435,77,95,33316,attackingF2F7 mate mateIn2 middlegame short,https://lichess.org/2dGAyfCc/black#16,Italian_Game Italian_Game_Other_variations,https://lichess.org/training/u94lK,True,bottom-right 1,white,"[4, 6]","[3, 4]","[4, 4]","[5, 6]"
BQiyE,rn1qkbnr/ppp2p1p/3p2p1/4N3/2B1Ppb1/2N5/PPPP2PP/R1BQK2R b KQkq - 1 6,g4d1 c4f7 e8e7 c3d5,1435,76,94,12059,attackingF2F7 mate mateIn2 opening short,https://lichess.org/sXIJWHK7/black#12,Kings_Gambit_Accepted Kings_Gambit_Accepted_Fischer_Defense,https://lichess.org/training/BQiyE,True,bottom-right 1,white,"[4, 6]","[3, 4]","[4, 4]","[5, 6]"
I23jT,rn1qkbnr/1pp2ppp/3p4/p3N2b/2B1P3/2N4P/PPPP1PP1/R1BQK2R b KQkq - 0 6,h5d1 c4f7 e8e7 c3d5,1436,78,75,115,attackingF2F7 mate mateIn2 opening short,https://lichess.org/wvddOdsI/black#12,Philidor_Defense Philidor_Defense_Other_variations,https://lichess.org/training/I23jT,True,bottom-right 1,white,"[4, 6]","[3, 4]","[4, 4]","[5, 6]"
WoC6H,rn1qkbnr/1pp2Bp1/p2p3p/4N3/P3P3/2N4P/1PPP1PP1/R1BbK2R b KQkq - 0 8,e8e7 c3d5,1437,84,80,103,mate mateIn1 oneMove opening,https://lichess.org/ynUGfG8u/black#16,Philidor_Defense Philidor_Defense_Other_variations,https://lichess.org/training/WoC6H,True,bottom-right 1,white,"[4, 6]","[3, 4]","[4, 4]","[5, 6]"
a8Dvn,r1bqk2r/pppp1pp1/2n4p/2b5/4n2B/2NP4/PPP3PP/R2QKBNR w KQkq - 0 8,h4d8 c5f2 e1e2 c6d4,1437,75,97,13012,mate mateIn2 opening short,https://lichess.org/nAyJ2jLo#15,Vienna_Game Vienna_Game_Max_Lange_Defense,https://lichess.org/training/a8Dvn,True,bottom-right 1,black,"[4, 6]","[3, 4]","[4, 4]","[5, 6]"
xod8G,r2qkbnr/ppp3pp/3p1p2/4N3/2BBP1b1/2N5/PPP2PPP/R2QK2R b KQkq - 0 8,g4d1 c4f7 e8e7 c3d5,1437,75,97,3942,mate mateIn2 middlegame short,https://lichess.org/d97Co2VQ/black#16,Philidor_Defense Philidor_Defense_Other_variations,https://lichess.org/training/xod8G,True,bottom-right 1,white,"[4, 6]","[3, 4]","[4, 4]","[5, 6]"
9fL5K,r2qkb1r/1pp2p1p/p1np1p2/4N3/2BpP1b1/2N5/PPP2PPP/R2Q1RK1 b kq - 1 9,g4d1 c4f7 e8e7 c3d5,1437,76,96,11072,attackingF2F7 mate mateIn2 middlegame short,https://lichess.org/mfkoKeir/black#18,Italian_Game Italian_Game_Paris_Defense,https://lichess.org/training/9fL5K,True,bottom-right 1,white,"[4, 6]","[3, 4]","[4, 4]","[5, 6]"
7VDca,r2qkbnr/pp3ppp/3p4/2p1N3/4Ppb1/1BNP4/PPP3PP/R1BQK2R b KQkq - 0 8,g4d1 b3f7 e8e7 c3d5,1437,78,91,600,attackingF2F7 mate mateIn2 middlegame short,https://lichess.org/kAGZf9KT/black#16,Sicilian_Defense Sicilian_Defense_Closed,https://lichess.org/training/7VDca,True,bottom-right 1,white,"[4, 6]","[3, 4]","[4, 4]","[5, 6]"
4BL67,r2qkbnr/ppp2pp1/3p3p/4N2b/3nP3/P1N4P/BPPP1PP1/R1BQK2R b KQkq - 0 8,h5d1 a2f7 e8e7 c3d5,1438,78,91,166,attackingF2F7 mate mateIn2 opening short,https://lichess.org/mG0On40f/black#16,Italian_Game Italian_Game_Paris_Defense,https://lichess.org/training/4BL67,True,bottom-right 1,white,"[4, 6]","[3, 4]","[4, 4]","[5, 6]"
6gvxd,r2qkbnr/ppp2Bp1/3p3p/4N3/3nP3/2N4P/PPPP1PP1/R1Bb1RK1 b kq - 0 9,e8e7 c3d5,1438,88,87,938,mate mateIn1 oneMove opening,https://lichess.org/tQsdVOvI/black#18,,https://lichess.org/training/6gvxd,True,bottom-right 1,white,"[4, 6]","[3, 4]","[4, 4]","[5, 6]"
jgYC5,r2qkb1r/pp1n1ppp/2pp1n2/4p1Nb/2B1P3/3PN3/PPP2PPP/R1BQK2R b KQkq - 3 8,h5d1 c4f7 e8e7 e3f5,1438,77,95,4967,attackingF2F7 mate mateIn2 opening short,https://lichess.org/ww3b0nC0/black#16,Philidor_Defense Philidor_Defense_Other_variations,https://lichess.org/training/jgYC5,True,bottom-left 1,white,"[4, 6]","[3, 4]","[4, 4]","[5, 6]"
InC3V,r2qkb1r/ppp2ppp/3p1p2/4N3/2B1P1b1/2NP4/P1P2PPP/R2QK2R b KQkq - 0 9,g4d1 c4f7 e8e7 c3d5,1439,75,81,231,attackingF2F7 mate mateIn2 middlegame short,https://lichess.org/wPSbxiql/black#18,Pirc_Defense Pirc_Defense_Other_variations,https://lichess.org/training/InC3V,True,bottom-right 1,white,"[4, 6]","[3, 4]","[4, 4]","[5, 6]"
tjjQG,r2qkbnr/1pp2p1p/p1np4/4N1pb/2BPPp2/2N4P/PPP3P1/R1BQ1RK1 b kq - 1 9,h5d1 c4f7 e8e7 c3d5,1439,76,91,3682,attackingF2F7 mate mateIn2 middlegame short,https://lichess.org/ZMiu6IlF/black#18,Kings_Gambit_Declined Kings_Gambit_Declined_Queens_Knight_Defense,https://lichess.org/training/tjjQG,True,bottom-right 1,white,"[4, 6]","[3, 4]","[4, 4]","[5, 6]"
wKpfk,r2qkb1r/ppp2ppp/3p4/n3N2n/3PPpb1/1BN5/PPP3PP/R1BQ1RK1 b kq - 6 9,g4d1 b3f7 e8e7 c3d5,1439,77,90,2007,attackingF2F7 mate mateIn2 opening short,https://lichess.org/unfrZnLc/black#18,Kings_Gambit_Accepted Kings_Gambit_Accepted_Bishops_Gambit,https://lichess.org/training/wKpfk,True,bottom-right 1,white,"[4, 6]","[3, 4]","[4, 4]","[5, 6]"
nH2CY,r2qkb1r/1pp2pp1/p2p1n2/4N1Bp/2BnP1b1/2NP3P/PPP2PP1/R2Q1RK1 b kq - 0 9,g4d1 c4f7 e8e7 c3d5,1440,442,82,8,attackingF2F7 mate mateIn2 middlegame short,https://lichess.org/ilBSCXV1/black#18,Italian_Game Italian_Game_Two_Knights_Defense,https://lichess.org/training/nH2CY,True,bottom-right 1,white,"[4, 6]","[3, 4]","[4, 4]","[5, 6]"
rHLpq,r1bqk2r/pppp2pp/2n5/2bNppB1/4n3/3P3P/PPP2PP1/R2QKBNR w KQkq - 0 7,g5d8 c5f2 e1e2 c6d4,1440,76,92,245,attackingF2F7 mate mateIn2 opening short,https://lichess.org/faPqJ0lW#13,Vienna_Game Vienna_Game_Other_variations,https://lichess.org/training/rHLpq,True,bottom-right 1,black,"[4, 6]","[3, 4]","[4, 4]","[5, 6]"
7ZspP,rn1qkbnr/ppp2B2/3p3p/4N1p1/3PPp2/2N5/PPP3P1/R1BbK2R b KQkq - 1 10,e8e7 c3d5,1440,82,86,2571,mate mateIn1 oneMove opening,https://lichess.org/rXKmHfdV/black#20,Kings_Gambit_Accepted Kings_Gambit_Accepted_Fischer_Defense,https://lichess.org/training/7ZspP,True,bottom-right 1,white,"[4, 6]","[3, 4]","[4, 4]","[5, 6]"
psNi9,r2qkb1r/pp4pp/3p1p2/2p1N3/2BnP1bB/2NP4/PPP2P2/R2Q1RK1 b kq - 0 12,g4d1 c4f7 e8e7 c3d5,1440,76,89,194,mate mateIn2 middlegame pin short,https://lichess.org/Nm10XpI9/black#24,Sicilian_Defense Sicilian_Defense_Modern_Variations,https://lichess.org/training/psNi9,True,bottom-right 1,white,"[4, 6]","[3, 4]","[4, 4]","[5, 6]"
1Tsdx,r2qkbnr/pp4pp/3p1p2/2p1N2b/2B1P3/2NP3P/PPP3P1/R1BQK2R b KQkq - 0 9,h5d1 c4f7 e8e7 c3d5,1441,76,86,2086,mate mateIn2 middlegame short,https://lichess.org/Vw3CgHwu/black#18,Sicilian_Defense Sicilian_Defense_McDonnell_Attack,https://lichess.org/training/1Tsdx,True,bottom-right 1,white,"[4, 6]","[3, 4]","[4, 4]","[5, 6]"
Oj5Jq,rn1qkb1r/2p2Bp1/p2p3p/1p2N3/4PP2/2NP4/PPP5/R1BbK2R b KQkq - 0 12,e8e7 c3d5,1441,77,96,3096,mate mateIn1 middlegame oneMove,https://lichess.org/Keqq9qNL/black#24,Bishops_Opening Bishops_Opening_Other_variations,https://lichess.org/training/Oj5Jq,True,bottom-right 1,white,"[4, 6]","[3, 4]","[4, 4]","[5, 6]"
FvIlv,rn1qkb1r/1p3p2/p2p1p1p/4N2b/2B1P3/2N4P/PPP2PP1/R2QK2R b KQkq - 0 11,h5d1 c4f7 e8e7 c3d5,1441,77,91,422,attackingF2F7 mate mateIn2 middlegame short,https://lichess.org/6HiXZmxg/black#22,Sicilian_Defense Sicilian_Defense_Najdorf_Variation,https://lichess.org/training/FvIlv,True,bottom-right 1,white,"[4, 6]","[3, 4]","[4, 4]","[5, 6]"
besv0,r2qkb1r/5pp1/p2p1p1p/1pp1N2b/4P3/PBNP3P/1PP2PP1/R2Q1RK1 b kq - 0 13,h5d1 b3f7 e8e7 c3d5,1441,77,83,573,attackingF2F7 mate mateIn2 middlegame short,https://lichess.org/nedpk4Px/black#26,Sicilian_Defense Sicilian_Defense_Old_Sicilian,https://lichess.org/training/besv0,True,bottom-right 1,white,"[4, 6]","[3, 4]","[4, 4]","[5, 6]"
st7LQ,r2qkb1r/ppp2ppp/2np4/4N2b/2B5/2N4P/PPPP1PP1/R1BQK2R b KQkq - 0 8,h5d1 c4f7 e8e7 c3d5,1442,76,75,556,attackingF2F7 mate mateIn2 opening short,https://lichess.org/uztWItYp/black#16,Four_Knights_Game Four_Knights_Game_Italian_Variation,https://lichess.org/training/st7LQ,True,bottom-right 1,white,"[4, 6]","[3, 4]","[4, 4]","[5, 6]"
S0oM5,rn1qkbnr/ppp4p/3p1p2/4N1pb/2BPPp2/2N4P/PPP3P1/R1BQK2R b KQkq - 2 8,h5d1 c4f7 e8e7 c3d5,1442,75,84,233,mate mateIn2 middlegame short,https://lichess.org/2dpvICa1/black#16,Vienna_Game Vienna_Game_Omaha_Gambit,https://lichess.org/training/S0oM5,True,bottom-right 1,white,"[4, 6]","[3, 4]","[4, 4]","[5, 6]"
cQGH7,r2qkb1r/1p3ppp/p1np1p2/2p1N3/2B1P1b1/2NP4/PPP2PPP/R2QK2R b KQkq - 1 8,g4d1 c4f7 e8e7 c3d5,1442,76,94,7849,attackingF2F7 mate mateIn2 middlegame short,https://lichess.org/m1q61hQe/black#16,Sicilian_Defense Sicilian_Defense_Modern_Variations,https://lichess.org/training/cQGH7,True,bottom-right 1,white,"[4, 6]","[3, 4]","[4, 4]","[5, 6]"
wAuhw,rn1qkbnr/ppp4p/3p1ppP/4N3/2BPP1b1/2N5/PPP2PP1/R1BQK2R b KQkq - 0 9,g4d1 c4f7 e8e7 c3d5,1443,77,94,762,mate mateIn2 opening short,https://lichess.org/KJ8pfgQl/black#18,Modern_Defense Modern_Defense_Standard_Line,https://lichess.org/training/wAuhw,True,bottom-right 1,white,"[4, 6]","[3, 4]","[4, 4]","[5, 6]"
iU0KF,rn1qkb1r/pp3p2/3p1p1p/2p1N3/2B1P1b1/2NP4/PPP2PPP/R2QK2R b KQkq - 0 8,g4d1 c4f7 e8e7 c3d5,1443,79,93,1184,attackingF2F7 mate mateIn2 middlegame short,https://lichess.org/jGWVibBc/black#16,Petrovs_Defense Petrovs_Defense_Three_Knights_Game,https://lichess.org/training/iU0KF,True,bottom-right 1,white,"[4, 6]","[3, 4]","[4, 4]","[5, 6]"
jO44L,rn1qkbnr/ppp2p2/3p3p/4N1pb/2B1Pp2/2NP3P/PPP3P1/R1BQK2R b KQkq - 2 8,h5d1 c4f7 e8e7 c3d5,1443,95,82,71,attackingF2F7 mate mateIn2 middlegame short,https://lichess.org/j2f1SWRr/black#16,Vienna_Game Vienna_Game_Omaha_Gambit,https://lichess.org/training/jO44L,True,bottom-right 1,white,"[4, 6]","[3, 4]","[4, 4]","[5, 6]"
0sfnb,r2qkbnr/1pp2pp1/2np3p/p3N2b/P1B1P3/2N4P/1PPP1PP1/R1BQK2R b KQkq - 0 8,h5d1 c4f7 e8e7 c3d5,1443,74,94,31571,attackingF2F7 mate mateIn2 middlegame short,https://lichess.org/S4hUmlkX/black#16,Philidor_Defense Philidor_Defense_Other_variations,https://lichess.org/training/0sfnb,True,bottom-right 1,white,"[4, 6]","[3, 4]","[4, 4]","[5, 6]"
ZVwTE,r2qkbnr/2p2Bpp/p2p4/1p2N3/3nP3/2N5/PPPP1PPP/R1Bb1RK1 b kq - 0 9,e8e7 c3d5,1443,92,67,265,mate mateIn1 middlegame oneMove,https://lichess.org/ztBVqiBI/black#18,,https://lichess.org/training/ZVwTE,True,bottom-right 1,white,"[4, 6]","[3, 4]","[4, 4]","[5, 6]"
QToDc,r2qkbnr/ppp2Bp1/2np3p/4N3/4P3/2N5/PPPP1P1P/R1BbK2R b KQkq - 0 7,e8e7 c3d5,1443,75,100,2296,mate mateIn1 oneMove opening,https://lichess.org/kHxunbB3/black#14,Italian_Game Italian_Game_Anti-Fried_Liver_Defense,https://lichess.org/training/QToDc,True,bottom-right 1,white,"[4, 6]","[3, 4]","[4, 4]","[5, 6]"
I5KB1,r2qkbnr/ppp3pp/3p4/4N3/2B1PpbP/2N5/PPP2PP1/R1BQK2R b KQkq - 0 8,g4d1 c4f7 e8e7 c3d5,1443,75,97,3444,mate mateIn2 opening short,https://lichess.org/aOhfNZnD/black#16,Italian_Game Italian_Game_Rousseau_Gambit,https://lichess.org/training/I5KB1,True,bottom-right 1,white,"[4, 6]","[3, 4]","[4, 4]","[5, 6]"
vRlxM,r1bqk2r/pppp2pp/2n5/2b1p1B1/2P1n3/3P1P2/PP4PP/R2QKBNR w KQkq - 0 8,g5d8 c5f2 e1e2 c6d4,1444,75,95,3356,mate mateIn2 middlegame short,https://lichess.org/br25glCJ#15,English_Opening English_Opening_Kings_English_Variation,https://lichess.org/training/vRlxM,True,bottom-right 1,black,"[4, 6]","[3, 4]","[4, 4]","[5, 6]"
SYPK5,r2qkbnr/ppp2pp1/2np3p/4N3/2B1PpbP/2N5/PPPP2P1/R1BQK2R b KQkq - 4 7,g4d1 c4f7 e8e7 c3d5,1445,77,87,287,attackingF2F7 mate mateIn2 middlegame short,https://lichess.org/rK52ftGH/black#14,Kings_Gambit_Accepted Kings_Gambit_Accepted_Becker_Defense,https://lichess.org/training/SYPK5,True,bottom-right 1,white,"[4, 6]","[3, 4]","[4, 4]","[5, 6]"
aKgyM,rn1qkbnr/ppp3p1/3p1p1p/4N3/2BP2b1/2N1P3/PPP2PPP/R1BQK2R b KQkq - 0 6,g4d1 c4f7 e8e7 c3d5,1445,75,94,1312,mate mateIn2 opening short,https://lichess.org/xS4QETz4/black#12,Zukertort_Opening Zukertort_Opening_Pirc_Invitation,https://lichess.org/training/aKgyM,True,bottom-right 1,white,"[4, 6]","[3, 4]","[4, 4]","[5, 6]"
yX37A,rn1qkb1r/1p3pp1/p2p1p1p/4N2b/2B1P3/2N4P/PP3PP1/R2Q1RK1 b kq - 1 11,h5d1 c4f7 e8e7 c3d5,1446,76,92,7218,attackingF2F7 mate mateIn2 middlegame short,https://lichess.org/NEheWfxT/black#22,Sicilian_Defense Sicilian_Defense_Smith-Morra_Gambit,https://lichess.org/training/yX37A,True,bottom-right 1,white,"[4, 6]","[3, 4]","[4, 4]","[5, 6]"
pfNfZ,r2qkbnr/ppp4p/2np4/4N3/2BPPpb1/2N5/PPP2PP1/R1BQ1RK1 b kq - 0 9,g4d1 c4f7 e8e7 c3d5,1447,77,94,2596,mate mateIn2 opening short,https://lichess.org/n96lYzGa/black#18,Philidor_Defense Philidor_Defense_Other_variations,https://lichess.org/training/pfNfZ,True,bottom-right 1,white,"[4, 6]","[3, 4]","[4, 4]","[5, 6]"
wahgr,r2qkb1r/1pp2Bpp/p1np3n/4N3/4PP2/2N5/PPPP2PP/R1Bb1RK1 b kq - 0 8,e8e7 c3d5,1447,98,82,127,mate mateIn1 middlegame oneMove,https://lichess.org/2JsIGOix/black#16,,https://lichess.org/training/wahgr,True,bottom-right 1,white,"[4, 6]","[3, 4]","[4, 4]","[5, 6]"
ur5d3,r2qkbnr/ppp2p1p/3p4/4N1pb/2B1Pp2/2NP3P/PPP3P1/R1BQ1RK1 b kq - 0 9,h5d1 c4f7 e8e7 c3d5,1448,78,85,337,attackingF2F7 mate mateIn2 opening short,https://lichess.org/FONGYO5X/black#18,Kings_Gambit_Accepted Kings_Gambit_Accepted_Fischer_Defense,https://lichess.org/training/ur5d3,True,bottom-right 1,white,"[4, 6]","[3, 4]","[4, 4]","[5, 6]"
tBqtB,r2qkb1r/ppp2ppp/3p1n2/4N1B1/2B1P1b1/2N5/PP3PPP/R2QK2R b KQkq - 0 9,g4d1 c4f7 e8e7 c3d5,1449,80,93,2757,attackingF2F7 mate mateIn2 middlegame pin short,https://lichess.org/hcEu0gEw/black#18,Scotch_Game Scotch_Game_Goring_Gambit,https://lichess.org/training/tBqtB,True,bottom-right 1,white,"[4, 6]","[3, 4]","[4, 4]","[5, 6]"
j1qYh,rn1qkbnr/ppp3p1/3p1p1p/4N2b/2BPP3/2N4P/PPP2PP1/R1BQK2R b KQkq - 0 7,h5d1 c4f7 e8e7 c3d5,1449,108,100,27,mate mateIn2 opening short,https://lichess.org/k35NyRFB/black#14,Philidor_Defense Philidor_Defense_Other_variations,https://lichess.org/training/j1qYh,True,bottom-right 1,white,"[4, 6]","[3, 4]","[4, 4]","[5, 6]"
lLziP,r2qkbnr/ppp2pp1/2np3p/4N2b/2B1P3/2N4P/PB3PP1/R2Q1RK1 b kq - 2 10,h5d1 c4f7 e8e7 c3d5,1450,76,93,563,attackingF2F7 mate mateIn2 middlegame short,https://lichess.org/g4pZU84h/black#20,Danish_Gambit_Accepted Danish_Gambit_Accepted_Other_variations,https://lichess.org/training/lLziP,True,bottom-right 1,white,"[4, 6]","[3, 4]","[4, 4]","[5, 6]"
QDJro,r2qkb1r/ppp2ppp/3p4/4N3/2B3b1/2N5/PB3P2/R2Q1RK1 b kq - 0 13,g4d1 c4f7 e8e7 c3d5,1450,78,93,2086,attackingF2F7 mate mateIn2 middlegame short,https://lichess.org/4fPqbbwJ/black#26,Danish_Gambit_Accepted Danish_Gambit_Accepted_Other_variations,https://lichess.org/training/QDJro,True,bottom-right 1,white,"[4, 6]","[3, 4]","[4, 4]","[5, 6]"
hiNRm,rn1qkbnr/1pp2p2/p2p3p/4N1p1/2BPPpb1/2N5/PPP3PP/R1BQ1RK1 b kq - 1 8,g4d1 c4f7 e8e7 c3d5,1451,120,74,36,attackingF2F7 mate mateIn2 opening short,https://lichess.org/LrzHCO95/black#16,Kings_Gambit_Accepted Kings_Gambit_Accepted_Becker_Defense,https://lichess.org/training/hiNRm,True,bottom-right 1,white,"[4, 6]","[3, 4]","[4, 4]","[5, 6]"
3UDRa,r1bqk2r/pppp1ppp/2n5/2b1p3/4n2B/2NP4/PPP2PPP/R2QKBNR w KQkq - 0 6,h4d8 c5f2 e1e2 c6d4,1451,76,91,2477,attackingF2F7 mate mateIn2 opening short,https://lichess.org/bEeOvuQE#11,Vienna_Game Vienna_Game_Falkbeer_Variation,https://lichess.org/training/3UDRa,True,bottom-right 1,black,"[4, 6]","[3, 4]","[4, 4]","[5, 6]"
dC2Gy,rn1qkbnr/ppp2B2/3p3p/4N1p1/4P3/2N5/PPPP1P1P/R1BbK2R b KQkq - 0 7,e8e7 c3d5,1451,79,90,2316,mate mateIn1 oneMove opening,https://lichess.org/YQKmJHog/black#14,Philidor_Defense Philidor_Defense_Other_variations,https://lichess.org/training/dC2Gy,True,bottom-right 1,white,"[4, 6]","[3, 4]","[4, 4]","[5, 6]"
znMBI,r2qkbnr/ppp2ppp/3p4/4N3/2BnP1b1/2N5/PPPP1PPP/R1BQK2R b KQkq - 0 8,g4d1 c4f7 e8e7 c3d5,1451,77,92,1356,attackingF2F7 mate mateIn2 opening short,https://lichess.org/QIKYFYqp/black#16,Three_Knights_Opening Three_Knights_Opening_Other_variations,https://lichess.org/training/znMBI,True,bottom-right 1,white,"[4, 6]","[3, 4]","[4, 4]","[5, 6]"
P3Jhy,r2qkb1r/pp3ppp/3p1p2/2p1N3/2B1P1b1/2NP4/PPP2PPP/R2QK2R b KQkq - 0 8,g4d1 c4f7 e8e7 c3d5,1451,78,91,6228,attackingF2F7 mate mateIn2 middlegame short,https://lichess.org/pyzVZtEM/black#16,Sicilian_Defense Sicilian_Defense_Closed,https://lichess.org/training/P3Jhy,True,bottom-right 1,white,"[4, 6]","[3, 4]","[4, 4]","[5, 6]"
eesKL,r1bq1rk1/pppp1ppp/2n5/2bNp1B1/2P1n3/3P4/PP3PPP/R2QKBNR w KQ - 0 7,g5d8 c5f2 e1e2 c6d4,1452,79,81,113,attackingF2F7 mate mateIn2 opening short,https://lichess.org/VhV6ISxE#13,English_Opening English_Opening_Kings_English_Variation,https://lichess.org/training/eesKL,True,bottom-right 1,black,"[4, 6]","[3, 4]","[4, 4]","[5, 6]"
6Zzm3,rn1qkbnr/2p2pp1/p2p3p/1p2N3/4P1b1/1BN5/PPPP1PPP/R1BQ1RK1 b kq - 0 7,g4d1 b3f7 e8e7 c3d5,1453,78,93,11766,attackingF2F7 mate mateIn2 opening short,https://lichess.org/l5z3exwl/black#14,Philidor_Defense Philidor_Defense_Other_variations,https://lichess.org/training/6Zzm3,True,bottom-right 1,white,"[4, 6]","[3, 4]","[4, 4]","[5, 6]"
xx1Ah,r1bqk2r/ppp3p1/2n4p/2bppP2/4n1PB/P2P3P/1PP2P2/RN1QKBNR w KQkq - 2 9,h4d8 c5f2 e1e2 c6d4,1453,76,97,13403,attackingF2F7 mate mateIn2 middlegame short,https://lichess.org/GJahvWbt#17,Kings_Pawn_Game Kings_Pawn_Game_Leonardis_Variation,https://lichess.org/training/xx1Ah,True,bottom-right 1,black,"[4, 6]","[3, 4]","[4, 4]","[5, 6]"
ENdlz,r2qkbnr/1pp2ppp/3p4/4N3/PpB1P1b1/2N5/2PP1PPP/R2QK2R b KQkq - 0 9,g4d1 c4f7 e8e7 c3d5,1454,75,95,5213,attackingF2F7 mate mateIn2 middlegame short,https://lichess.org/0VvaJ81X/black#18,Italian_Game Italian_Game_Paris_Defense,https://lichess.org/training/ENdlz,True,bottom-right 1,white,"[4, 6]","[3, 4]","[4, 4]","[5, 6]"
kYw0G,rn1qkbnr/ppp2p2/3p4/4N2p/2B1P1b1/2N5/PPPP1PP1/R1BQ1RK1 b kq - 0 8,g4d1 c4f7 e8e7 c3d5,1454,76,95,29922,attackingF2F7 mate mateIn2 opening short,https://lichess.org/Ag9JnarJ/black#16,Philidor_Defense Philidor_Defense_Other_variations,https://lichess.org/training/kYw0G,True,bottom-right 1,white,"[4, 6]","[3, 4]","[4, 4]","[5, 6]"
LqVii,r2qkbnr/ppp2p1p/2np4/4N1pb/2B1Pp2/2NP3P/PPP3P1/R1BQK2R b KQkq - 4 8,h5d1 c4f7 e8e7 c3d5,1454,76,86,1157,attackingF2F7 mate mateIn2 middlegame short,https://lichess.org/AI9WobqU/black#16,Kings_Gambit_Accepted Kings_Gambit_Accepted_Kings_Knights_Gambit,https://lichess.org/training/LqVii,True,bottom-right 1,white,"[4, 6]","[3, 4]","[4, 4]","[5, 6]"
61UDQ,rn1qkbnr/ppp3p1/3p3p/4N3/2B3b1/2N5/PPPP1P1P/R1BQK2R b KQkq - 0 7,g4d1 c4f7 e8e7 c3d5,1454,76,71,66,mate mateIn2 opening short,https://lichess.org/2Nfku7Xp/black#14,Philidor_Defense Philidor_Defense_Other_variations,https://lichess.org/training/61UDQ,True,bottom-right 1,white,"[4, 6]","[3, 4]","[4, 4]","[5, 6]"
Xx5XL,r2qk2r/pp3pp1/2n1p1p1/2b3B1/2P1n1P1/3P3P/PP3P2/RN1QKB1R w KQkq - 2 12,g5d8 c5f2 e1e2 c6d4,1455,76,86,394,attackingF2F7 mate mateIn2 middlegame short,https://lichess.org/AVeGQsZn#23,Scandinavian_Defense Scandinavian_Defense_Panov_Transfer,https://lichess.org/training/Xx5XL,True,bottom-right 1,black,"[4, 6]","[3, 4]","[4, 4]","[5, 6]"
kyuN5,r1bqk2r/bp3ppp/2npp3/p5B1/N3n3/P2P4/1P3PPP/R2QKBNR w KQkq - 0 10,g5d8 a7f2 e1e2 c6d4,1455,76,83,212,attackingF2F7 mate mateIn2 opening short,https://lichess.org/XEzSqpD4#19,English_Opening English_Opening_Mikenas-Carls_Variation,https://lichess.org/training/kyuN5,True,bottom-right 1,black,"[4, 6]","[3, 4]","[4, 4]","[5, 6]"
2dbON,r2qkbnr/1pp2ppp/p1np4/4N3/2B1P1b1/2N5/PPPP1PPP/R1BQ1RK1 b kq - 0 7,g4d1 c4f7 e8e7 c3d5,1455,78,81,116,attackingF2F7 mate mateIn2 opening short,https://lichess.org/3YthiB72/black#14,Ruy_Lopez Ruy_Lopez_Steinitz_Defense,https://lichess.org/training/2dbON,True,bottom-right 1,white,"[4, 6]","[3, 4]","[4, 4]","[5, 6]"
Cuwt8,r2qkb1r/1ppb1ppp/p2p1n2/4N1B1/Q1B1P3/2N5/PPP2PPP/R3K2R b KQkq - 0 9,d7a4 c4f7 e8e7 c3d5,1456,79,93,941,attackingF2F7 mate mateIn2 middlegame pin short,https://lichess.org/rPEuoZuF/black#18,Center_Game Center_Game_Normal_Variation,https://lichess.org/training/Cuwt8,True,bottom-right 1,white,"[4, 6]","[3, 4]","[4, 4]","[5, 6]"
cCm2t,rn1qkb1r/ppp2ppp/3p4/4N3/2BPP1b1/2N1p3/PPP3PP/R2Q1RK1 b kq - 3 9,g4d1 c4f7 e8e7 c3d5,1456,76,89,344,attackingF2F7 mate mateIn2 middlegame short,https://lichess.org/nnTKoGsq/black#18,Kings_Gambit_Accepted Kings_Gambit_Accepted_Schallopp_Defense,https://lichess.org/training/cCm2t,True,bottom-right 1,white,"[4, 6]","[3, 4]","[4, 4]","[5, 6]"
Ms4P5,r2qkbnr/ppp4p/3p1p2/4N1p1/2B1P1b1/2NPB3/PPP3PP/R2QK2R b KQkq - 0 9,g4d1 c4f7 e8e7 c3d5,1456,75,85,243,mate mateIn2 middlegame short,https://lichess.org/Z50644u0/black#18,Kings_Gambit_Accepted Kings_Gambit_Accepted_Fischer_Defense,https://lichess.org/training/Ms4P5,True,bottom-right 1,white,"[4, 6]","[3, 4]","[4, 4]","[5, 6]"
iz1yG,r1b1k2r/1pppqppp/6n1/p1bPp1B1/2P1n3/PN3P2/1P4PP/R2QKBNR w KQkq - 0 11,g5e7 c5f2 e1e2 g6f4,1456,78,93,353,mate mateIn2 middlegame short,https://lichess.org/XBYnQXQZ#21,Mexican_Defense Mexican_Defense_Other_variations,https://lichess.org/training/iz1yG,True,top-right 1,black,"[4, 6]","[3, 4]","[4, 4]","[5, 6]"
BW0Y0,r2qkbnr/ppp4p/2np4/4N3/2B1Ppb1/1PNP4/P1P2PP1/R1BQK2R b KQkq - 0 9,g4d1 c4f7 e8e7 c3d5,1457,76,88,1033,mate mateIn2 opening short,https://lichess.org/hXDktjvg/black#18,Philidor_Defense Philidor_Defense_Lopez_Countergambit,https://lichess.org/training/BW0Y0,True,bottom-right 1,white,"[4, 6]","[3, 4]","[4, 4]","[5, 6]"
o7lpv,r1bqk2r/pppp1ppp/6n1/2bPp1B1/2P1n3/2N2N2/PP3PPP/R2QKB1R w KQkq - 0 8,g5d8 c5f2 e1e2 g6f4,1457,75,84,321,attackingF2F7 mate mateIn2 opening short,https://lichess.org/cBZGZ9OJ#15,Nimzowitsch_Defense Nimzowitsch_Defense_Kennedy_Variation,https://lichess.org/training/o7lpv,True,top-right 1,black,"[4, 6]","[3, 4]","[4, 4]","[5, 6]"
aljrN,r2qkbnr/1pp2pp1/p1np3p/4N3/P1B1P1b1/2N5/1PPP1PPP/R1BQ1RK1 b kq - 0 7,g4d1 c4f7 e8e7 c3d5,1457,74,85,250,attackingF2F7 mate mateIn2 opening short,https://lichess.org/2mO7zahU/black#14,Italian_Game Italian_Game_Anti-Fried_Liver_Defense,https://lichess.org/training/aljrN,True,bottom-right 1,white,"[4, 6]","[3, 4]","[4, 4]","[5, 6]"
QwQRr,rn1qkbnr/1pp2pp1/3p3p/p3N3/2B1P1b1/P1N5/1PPP1PPP/R1BQK2R b KQkq - 0 6,g4d1 c4f7 e8e7 c3d5,1457,78,90,3213,attackingF2F7 mate mateIn2 opening short,https://lichess.org/tIrw6Hen/black#12,Philidor_Defense Philidor_Defense_Other_variations,https://lichess.org/training/QwQRr,True,bottom-right 1,white,"[4, 6]","[3, 4]","[4, 4]","[5, 6]"
tIziZ,r2qkb1r/pp3ppp/3p1n2/2p1N1Bb/2BnP3/2N4P/PPP2PP1/R2QK2R b KQkq - 4 10,h5d1 c4f7 e8e7 c3d5,1457,75,85,89,attackingF2F7 mate mateIn2 middlegame pin short,https://lichess.org/bJDBsF0Q/black#20,Philidor_Defense Philidor_Defense_Exchange_Variation,https://lichess.org/training/tIziZ,True,bottom-right 1,white,"[4, 6]","[3, 4]","[4, 4]","[5, 6]"
R2zj0,rn1qkbnr/pp4pp/2Pp4/4N3/2B1p3/2N5/P1PP1PPP/R1BbK2R b KQkq - 0 8,b8c6 c4f7 e8e7 c3d5,1458,77,93,2361,mate mateIn2 opening short,https://lichess.org/qnqTBd1g/black#16,Philidor_Defense Philidor_Defense_Other_variations,https://lichess.org/training/R2zj0,True,bottom-right 1,white,"[4, 6]","[3, 4]","[4, 4]","[5, 6]"
WzPIO,r2qkbnr/pp3ppp/3p4/2p1N3/2BnPpb1/2NP4/PPP3PP/R1BQ1RK1 b kq - 2 8,g4d1 c4f7 e8e7 c3d5,1458,75,87,1246,attackingF2F7 mate mateIn2 middlegame short,https://lichess.org/4KvylZoI/black#16,Vienna_Game Vienna_Game_Other_variations,https://lichess.org/training/WzPIO,True,bottom-right 1,white,"[4, 6]","[3, 4]","[4, 4]","[5, 6]"
TuWpd,r2q1rk1/pb3ppp/2n5/2b1p1B1/4n3/P2P4/1PP2PPP/R2QKBNR w KQ - 0 11,g5d8 c5f2 e1e2 c6d4,1458,76,96,8883,attackingF2F7 mate mateIn2 middlegame short,https://lichess.org/usiphrvq#21,Scandinavian_Defense Scandinavian_Defense_Kloosterboer_Gambit,https://lichess.org/training/TuWpd,True,bottom-right 1,black,"[4, 6]","[3, 4]","[4, 4]","[5, 6]"
K4b2G,r2qkbnr/ppp2p1p/2np4/4N1p1/2BPPpb1/2N5/PPP3PP/R1BQK2R b KQkq - 1 7,g4d1 c4f7 e8e7 c3d5,1459,75,77,146,attackingF2F7 mate mateIn2 middlegame short,https://lichess.org/2bHXWV67/black#14,Kings_Gambit_Accepted Kings_Gambit_Accepted_MacLeod_Defense,https://lichess.org/training/K4b2G,True,bottom-right 1,white,"[4, 6]","[3, 4]","[4, 4]","[5, 6]"
SDdrm,r2qkbnr/1pp2pp1/p1np3p/4N3/2B1P1b1/P1N5/1PPP1PPP/R1BQ1RK1 b kq - 0 7,g4d1 c4f7 e8e7 c3d5,1459,77,88,1777,attackingF2F7 mate mateIn2 opening short,https://lichess.org/VEYdeG3x/black#14,Three_Knights_Opening Three_Knights_Opening_Other_variations,https://lichess.org/training/SDdrm,True,bottom-right 1,white,"[4, 6]","[3, 4]","[4, 4]","[5, 6]"
zDVg5,r2qkbnr/ppp2pp1/2np3p/4N3/2B1P1b1/2N5/PPPP1PPP/R1BQK2R b KQkq - 0 6,g4d1 c4f7 e8e7 c3d5,1459,76,95,26600,attackingF2F7 mate mateIn2 opening short,https://lichess.org/xHztSDHw/black#12,Ruy_Lopez Ruy_Lopez_Steinitz_Defense,https://lichess.org/training/zDVg5,True,bottom-right 1,white,"[4, 6]","[3, 4]","[4, 4]","[5, 6]"
Kb4zX,r2qkbnr/ppp2ppp/3p4/4N3/2BnPpb1/2N5/PPPP2PP/R1BQ1RK1 b kq - 3 7,g4d1 c4f7 e8e7 c3d5,1460,76,96,37379,attackingF2F7 mate mateIn2 opening short,https://lichess.org/ZqMmBqLK/black#14,Vienna_Game Vienna_Game_Vienna_Gambit,https://lichess.org/training/Kb4zX,True,bottom-right 1,white,"[4, 6]","[3, 4]","[4, 4]","[5, 6]"
1OIoV,r2qkbnr/ppp3pp/2np4/4N3/2B1P1b1/2N5/PPPP2PP/R1BQK2R b KQkq - 0 7,g4d1 c4f7 e8e7 c3d5,1460,74,83,85,mate mateIn2 opening short,https://lichess.org/05hOx6C0/black#14,Kings_Gambit Kings_Gambit_Other_variations,https://lichess.org/training/1OIoV,True,bottom-right 1,white,"[4, 6]","[3, 4]","[4, 4]","[5, 6]"
OUmbq,r2q1b1r/ppp1kBpp/3p4/4N1Bn/4P3/2NP4/PPP3PP/R2bK2R b KQ - 2 11,h5f6 c3d5,1460,76,81,697,mate mateIn1 middlegame oneMove,https://lichess.org/oyMs9FyR/black#22,Bishops_Opening Bishops_Opening_Vienna_Hybrid,https://lichess.org/training/OUmbq,True,bottom-right 1,white,"[4, 6]","[3, 4]","[4, 4]","[5, 6]"
kR6ny,r2qkb1r/pp3pp1/3p1p1p/4N2b/2B1P3/P1N4P/1P3PP1/R2Q1RK1 b kq - 0 12,h5d1 c4f7 e8e7 c3d5,1461,75,87,668,attackingF2F7 mate mateIn2 middlegame short,https://lichess.org/IPpuFCdA/black#24,Sicilian_Defense Sicilian_Defense_Modern_Variations,https://lichess.org/training/kR6ny,True,bottom-right 1,white,"[4, 6]","[3, 4]","[4, 4]","[5, 6]"
G85CS,r2qkbnr/ppp2Bp1/3p3p/4N3/3nPP2/2N5/PPPP2PP/R1Bb1RK1 b kq - 0 8,e8e7 c3d5,1461,90,75,514,mate mateIn1 oneMove opening,https://lichess.org/q7RBuAJP/black#16,,https://lichess.org/training/G85CS,True,bottom-right 1,white,"[4, 6]","[3, 4]","[4, 4]","[5, 6]"
TYmvL,r2qkbnr/1pp4p/p2p4/4N3/2BnPpb1/P1NP3P/1PP1QP2/R1B1K2R b KQkq - 0 11,g4e2 c4f7 e8e7 c3d5,1461,75,88,99,mate mateIn2 middlegame short,https://lichess.org/23CC6MVV/black#22,Philidor_Defense Philidor_Defense_Other_variations,https://lichess.org/training/TYmvL,True,bottom-right 1,white,"[4, 6]","[3, 4]","[4, 4]","[5, 6]"
l6hUL,r2qk2r/ppp2ppp/2np4/2bNp1B1/2P1n3/P2P1P2/1P3PPP/R2QKB1R w KQkq - 1 9,g5d8 c5f2 e1e2 c6d4,1462,76,86,256,attackingF2F7 mate mateIn2 middlegame short,https://lichess.org/oHmYIBMl#17,English_Opening English_Opening_Kings_English_Variation,https://lichess.org/training/l6hUL,True,bottom-right 1,black,"[4, 6]","[3, 4]","[4, 4]","[5, 6]"
yVBLP,rn1qkbnr/2p2ppp/p2p4/1p2N3/2B1P1b1/2N5/PPPP1PPP/R1BQ1RK1 b kq - 0 6,g4d1 c4f7 e8e7 c3d5,1462,75,94,32461,attackingF2F7 mate mateIn2 opening short,https://lichess.org/UCgtPefn/black#12,Philidor_Defense Philidor_Defense_Other_variations,https://lichess.org/training/yVBLP,True,bottom-right 1,white,"[4, 6]","[3, 4]","[4, 4]","[5, 6]"
EvaPd,r2qkbnr/ppp2B2/2np3p/4N1p1/3PPp2/2N4P/PPP3P1/R1Bb1RK1 b kq - 0 10,e8e7 c3d5,1462,87,94,80,mate mateIn1 oneMove opening,https://lichess.org/qWxMhxfr/black#20,Vienna_Game Vienna_Game_Omaha_Gambit,https://lichess.org/training/EvaPd,True,bottom-right 1,white,"[4, 6]","[3, 4]","[4, 4]","[5, 6]"
P35aN,r2qkbnr/ppp2ppp/2np4/4N3/2B1P1b1/2N5/PB3PPP/R2QK2R b KQkq - 4 8,g4d1 c4f7 e8e7 c3d5,1462,76,92,5417,attackingF2F7 mate mateIn2 middlegame short,https://lichess.org/8lnbpjYl/black#16,Philidor_Defense Philidor_Defense_Bird_Gambit,https://lichess.org/training/P35aN,True,bottom-right 1,white,"[4, 6]","[3, 4]","[4, 4]","[5, 6]"
wzzxm,rn1qkbnr/p1p2ppp/1p1p4/4N3/2B1P1b1/2N5/PPPP1PPP/R1BQK2R b KQkq - 0 5,g4d1 c4f7 e8e7 c3d5,1463,75,82,147,attackingF2F7 mate mateIn2 opening short,https://lichess.org/R2S0sXDE/black#10,Philidor_Defense Philidor_Defense_Other_variations,https://lichess.org/training/wzzxm,True,bottom-right 1,white,"[4, 6]","[3, 4]","[4, 4]","[5, 6]"
Ngbr4,r2qkbnr/ppp2pp1/2np3p/4N3/2B1Ppb1/2N5/PPPP2PP/R1BQ1RK1 b kq - 5 7,g4d1 c4f7 e8e7 c3d5,1464,76,94,1091,attackingF2F7 mate mateIn2 opening short,https://lichess.org/BQgUFUle/black#14,Kings_Gambit_Accepted Kings_Gambit_Accepted_Fischer_Defense,https://lichess.org/training/Ngbr4,True,bottom-right 1,white,"[4, 6]","[3, 4]","[4, 4]","[5, 6]"
5in0w,r1bqk2r/pppp1pp1/2n4p/2b1p3/2P1n2B/P2P4/1P3PPP/RN1QKBNR w KQkq - 0 7,h4d8 c5f2 e1e2 c6d4,1464,76,91,4189,attackingF2F7 mate mateIn2 opening short,https://lichess.org/4QwgnjSg#13,English_Opening English_Opening_The_Whale,https://lichess.org/training/5in0w,True,bottom-right 1,black,"[4, 6]","[3, 4]","[4, 4]","[5, 6]"
SpVIB,r2qkb1r/ppp2Bp1/2np1n1p/4N1B1/4P3/2NP4/PPP2PPP/R2bK2R b KQkq - 0 8,e8e7 c3d5,1464,90,87,1009,mate mateIn1 middlegame oneMove,https://lichess.org/s57OzMXC/black#16,,https://lichess.org/training/SpVIB,True,bottom-right 1,white,"[4, 6]","[3, 4]","[4, 4]","[5, 6]"
a4Uoo,r2qkbnr/ppp3pp/2np1p2/4N3/2B1P1b1/2N5/PB3PPP/R2Q1RK1 b kq - 1 9,g4d1 c4f7 e8e7 c3d5,1465,77,91,101,mate mateIn2 middlegame short,https://lichess.org/qmcojIZT/black#18,Scotch_Game Scotch_Game_Goring_Gambit,https://lichess.org/training/a4Uoo,True,bottom-right 1,white,"[4, 6]","[3, 4]","[4, 4]","[5, 6]"
bxXvO,r2qk2r/ppp2ppp/2np4/2bNp1B1/2P1n1b1/3P1N2/PP3PPP/R2QKB1R w KQkq - 0 8,g5d8 c5f2 e1e2 c6d4,1465,74,88,389,attackingF2F7 mate mateIn2 middlegame short,https://lichess.org/4y8TGWnu#15,Kings_Pawn_Game Kings_Pawn_Game_Leonardis_Variation,https://lichess.org/training/bxXvO,True,bottom-right 1,black,"[4, 6]","[3, 4]","[4, 4]","[5, 6]"
seq3Z,r2Bk2r/ppp2pp1/4p1p1/3n4/4n3/8/PP1bKPPP/R2Q1B1R w kq - 0 15,f2f3 d5f4,1465,77,94,2148,mate mateIn1 middlegame oneMove,https://lichess.org/mosO1QJn#29,Queens_Pawn_Game Queens_Pawn_Game_Symmetrical_Variation,https://lichess.org/training/seq3Z,True,top-right 1,black,"[4, 6]","[3, 4]","[4, 4]","[5, 6]"
sfXtW,r2qk2r/ppp2pp1/1bnp4/3NpPBp/4n3/3P3P/PPP2PP1/R2QKB1R w KQkq - 1 11,g5d8 b6f2 e1e2 c6d4,1466,78,95,10856,attackingF2F7 mate mateIn2 middlegame short,https://lichess.org/uBNuIz2s#21,Russian_Game Russian_Game_Three_Knights_Game,https://lichess.org/training/sfXtW,True,bottom-right 1,black,"[4, 6]","[3, 4]","[4, 4]","[5, 6]"
MFH97,r2qkbnr/ppp2pp1/3p3p/4N3/2BnPPb1/2NP4/PPP3PP/R1BQK2R b KQkq - 0 7,g4d1 c4f7 e8e7 c3d5,1466,78,86,1258,attackingF2F7 mate mateIn2 opening short,https://lichess.org/pd1BvLLD/black#14,Kings_Gambit Kings_Gambit_Other_variations,https://lichess.org/training/MFH97,True,bottom-right 1,white,"[4, 6]","[3, 4]","[4, 4]","[5, 6]"
oegDH,r2qkbnr/ppp2Bpp/3p4/n3N3/4P3/2N5/PPPP1PPP/R1BbK2R b KQkq - 0 7,e8e7 c3d5,1466,455,26,11,mate mateIn1 oneMove opening,https://lichess.org/Z3EZ8qDY/black#14,,https://lichess.org/training/oegDH,True,bottom-right 1,white,"[4, 6]","[3, 4]","[4, 4]","[5, 6]"
qFo6K,r2qkbnr/ppp2pp1/3p3p/4N2b/2B1Pp2/2NP3P/PPP3P1/R1BQ1RK1 b kq - 0 9,h5d1 c4f7 e8e7 c3d5,1467,78,70,739,attackingF2F7 mate mateIn2 opening short,https://lichess.org/dIyYEUGW/black#18,Vienna_Gambit_with_Max_Lange_Defense Vienna_Gambit_with_Max_Lange_Defense_Knight_Variation,https://lichess.org/training/qFo6K,True,bottom-right 1,white,"[4, 6]","[3, 4]","[4, 4]","[5, 6]"
ZlSfg,r2qkb1r/ppp2ppp/2np4/4N3/2B1P1b1/2N5/PPPP1P2/R1BQK2R b KQkq - 0 9,g4d1 c4f7 e8e7 c3d5,1468,75,76,354,attackingF2F7 mate mateIn2 opening short,https://lichess.org/pMOSb168/black#18,Philidor_Defense Philidor_Defense_Other_variations,https://lichess.org/training/ZlSfg,True,bottom-right 1,white,"[4, 6]","[3, 4]","[4, 4]","[5, 6]"
0EZ8E,r2qkbnr/ppp2pp1/2np3p/4N3/2B1PPb1/2N5/PP4PP/R1BQK2R b KQkq - 1 8,g4d1 c4f7 e8e7 c3d5,1468,75,85,242,attackingF2F7 mate mateIn2 opening short,https://lichess.org/BJKR4mlr/black#16,Kings_Gambit_Declined Kings_Gambit_Declined_Queens_Knight_Defense,https://lichess.org/training/0EZ8E,True,bottom-right 1,white,"[4, 6]","[3, 4]","[4, 4]","[5, 6]"
AlrsZ,r2qkbnr/ppp2ppp/3p4/4N3/2BnP1b1/2N4P/PPPP1PP1/R1BQK2R b KQkq - 0 6,g4d1 c4f7 e8e7 c3d5,1468,75,80,305,attackingF2F7 mate mateIn2 opening short,https://lichess.org/t32DHPtH/black#12,Philidor_Defense Philidor_Defense_Other_variations,https://lichess.org/training/AlrsZ,True,bottom-right 1,white,"[4, 6]","[3, 4]","[4, 4]","[5, 6]"
Djeao,r2qkbnr/ppp2Bpp/2np1p2/4N3/3PP3/2N4P/PPP2PP1/R1BbK2R b KQkq - 1 8,e8e7 c3d5,1468,88,69,85,mate mateIn1 oneMove opening,https://lichess.org/yV0vDSVS/black#16,Philidor_Defense Philidor_Defense_Other_variations,https://lichess.org/training/Djeao,True,bottom-right 1,white,"[4, 6]","[3, 4]","[4, 4]","[5, 6]"
GOKkV,rn1qkbnr/ppp2p2/3p3p/4N1p1/2BPPpb1/2N5/PPP3PP/R1BQK2R b KQkq - 2 7,g4d1 c4f7 e8e7 c3d5,1469,102,30,52,attackingF2F7 mate mateIn2 opening short,https://lichess.org/2Jb16h4y/black#14,Kings_Gambit_Accepted Kings_Gambit_Accepted_Kings_Knights_Gambit,https://lichess.org/training/GOKkV,True,bottom-right 1,white,"[4, 6]","[3, 4]","[4, 4]","[5, 6]"
6idXd,r2qkbnr/ppp3pp/3p1p2/4N3/4P1b1/1BN5/PP3PPP/R1BQ1RK1 b kq - 0 9,g4d1 b3f7 e8e7 c3d5,1469,75,91,172,mate mateIn2 opening short,https://lichess.org/DHOKyXyf/black#18,Danish_Gambit_Accepted Danish_Gambit_Accepted_Other_variations,https://lichess.org/training/6idXd,True,bottom-right 1,white,"[4, 6]","[3, 4]","[4, 4]","[5, 6]"
7wRHo,r2qkbnr/ppp2p1p/2np4/4N1p1/2BPPpb1/P1N5/1PP3PP/R1BQ1RK1 b kq - 2 9,g4d1 c4f7 e8e7 c3d5,1469,77,94,1841,attackingF2F7 mate mateIn2 middlegame short,https://lichess.org/9CLEfpZl/black#18,Kings_Gambit_Accepted Kings_Gambit_Accepted_Kings_Knights_Gambit,https://lichess.org/training/7wRHo,True,bottom-right 1,white,"[4, 6]","[3, 4]","[4, 4]","[5, 6]"
3QJF7,rn1qkbnr/ppp2pp1/3p3p/4N3/2B1Ppb1/2N5/PPPP2PP/R1BQK2R b KQkq - 1 6,g4d1 c4f7 e8e7 c3d5,1470,76,83,193,attackingF2F7 mate mateIn2 opening short,https://lichess.org/4qMTHxit/black#12,Kings_Gambit_Accepted Kings_Gambit_Accepted_Fischer_Defense,https://lichess.org/training/3QJF7,True,bottom-right 1,white,"[4, 6]","[3, 4]","[4, 4]","[5, 6]"
1r0fM,r2qkb1r/ppp2ppp/2np4/4N3/2B1P1b1/2NP4/PPP2P2/R1BQK2R b KQkq - 0 9,g4d1 c4f7 e8e7 c3d5,1470,74,84,708,attackingF2F7 mate mateIn2 opening short,https://lichess.org/c9H4YmEd/black#18,Russian_Game Russian_Game_Italian_Variation,https://lichess.org/training/1r0fM,True,bottom-right 1,white,"[4, 6]","[3, 4]","[4, 4]","[5, 6]"
VrFLB,r2qkbnr/1pp2ppp/p1np4/4N2b/2B1P3/2N4P/PPPP1PP1/R1BQ1RK1 b kq - 0 9,h5d1 c4f7 e8e7 c3d5,1470,75,95,14014,attackingF2F7 mate mateIn2 opening short,https://lichess.org/VNccTA58/black#18,Italian_Game Italian_Game_Paris_Defense,https://lichess.org/training/VrFLB,True,bottom-right 1,white,"[4, 6]","[3, 4]","[4, 4]","[5, 6]"
kizRs,r1bqk2r/pppp1pp1/2n4p/2b1p3/4n2B/P1NP4/1PP2PPP/R2QKBNR w KQkq - 0 7,h4d8 c5f2 e1e2 c6d4,1470,75,90,3345,attackingF2F7 mate mateIn2 opening short,https://lichess.org/x1zDF3cd#13,Kings_Pawn_Game Kings_Pawn_Game_Leonardis_Variation,https://lichess.org/training/kizRs,True,bottom-right 1,black,"[4, 6]","[3, 4]","[4, 4]","[5, 6]"
pMLDr,r2qkbnr/ppp2Bp1/2np3p/4N3/4P3/2N4P/PPPP1PP1/R1Bb1RK1 b kq - 0 8,e8e7 c3d5,1470,76,87,1225,mate mateIn1 oneMove opening,https://lichess.org/sGal1feD/black#16,,https://lichess.org/training/pMLDr,True,bottom-right 1,white,"[4, 6]","[3, 4]","[4, 4]","[5, 6]"
SaaRh,r2qkb1r/ppp2ppp/2np4/4N2n/2BPPpb1/2N5/PPP3PP/R1BQ1RK1 b kq - 3 8,g4d1 c4f7 e8e7 c3d5,1471,81,85,1516,attackingF2F7 mate mateIn2 opening short,https://lichess.org/uwgAgZtn/black#16,Vienna_Gambit_with_Max_Lange_Defense Vienna_Gambit_with_Max_Lange_Defense_Knight_Variation,https://lichess.org/training/SaaRh,True,bottom-right 1,white,"[4, 6]","[3, 4]","[4, 4]","[5, 6]"
4ubBo,r1bqk2r/1ppp1ppp/2n5/p1b1p1B1/2P1n3/P2P3P/1P3PP1/RN1QKBNR w KQkq - 0 7,g5d8 c5f2 e1e2 c6d4,1471,88,77,56,attackingF2F7 mate mateIn2 middlegame short,https://lichess.org/AE2P9GfC#13,English_Opening English_Opening_The_Whale,https://lichess.org/training/4ubBo,True,bottom-right 1,black,"[4, 6]","[3, 4]","[4, 4]","[5, 6]"
2uf93,r2q1b1r/1pp1kBp1/p2p1R2/4N2p/4P3/2NP4/PPP3PP/R1Bb2K1 b - - 0 12,g7f6 c3d5,1471,78,78,262,mate mateIn1 middlegame oneMove,https://lichess.org/LghcNMZ5/black#24,Kings_Gambit Kings_Gambit_Other_variations,https://lichess.org/training/2uf93,True,bottom-right 1,white,"[4, 6]","[3, 4]","[4, 4]","[5, 6]"
Opkqc,r2qkbnr/ppp4p/3p4/4N1p1/2B1Ppb1/2NP4/PPP1Q1P1/R1B1K2R b KQkq - 0 10,g4e2 c4f7 e8e7 c3d5,1471,76,88,548,mate mateIn2 opening short,https://lichess.org/QMXUTzxe/black#20,Kings_Gambit_Accepted Kings_Gambit_Accepted_Kings_Knights_Gambit,https://lichess.org/training/Opkqc,True,bottom-right 1,white,"[4, 6]","[3, 4]","[4, 4]","[5, 6]"
H5hHA,r2qkbnr/ppp2ppp/3p4/4N3/2BnP1b1/2N5/PPPP1PPP/R1BQK1R1 b Qkq - 0 6,g4d1 c4f7 e8e7 c3d5,1472,76,81,114,attackingF2F7 mate mateIn2 opening short,https://lichess.org/i927sO62/black#12,Philidor_Defense Philidor_Defense_Other_variations,https://lichess.org/training/H5hHA,True,bottom-right 1,white,"[4, 6]","[3, 4]","[4, 4]","[5, 6]"
JJiTm,r1bq1rk1/ppp3pp/2np4/2b1pPB1/2P1n1P1/3P4/PP3P1P/R2QKBNR w KQ - 0 9,g5d8 c5f2 e1e2 c6d4,1472,78,94,3856,attackingF2F7 master masterVsMaster mate mateIn2 middlegame short,https://lichess.org/656CUMaL#17,Nimzowitsch_Defense Nimzowitsch_Defense_Other_variations,https://lichess.org/training/JJiTm,True,bottom-right 1,black,"[4, 6]","[3, 4]","[4, 4]","[5, 6]"
aIlNa,r2qkbnr/ppp2pp1/3p3p/4N3/3nP1b1/P1N5/BPPP1PPP/R1BQK2R b KQkq - 0 7,g4d1 a2f7 e8e7 c3d5,1472,76,96,13748,attackingF2F7 mate mateIn2 opening short,https://lichess.org/qwgMndBp/black#14,Italian_Game Italian_Game_Anti-Fried_Liver_Defense,https://lichess.org/training/aIlNa,True,bottom-right 1,white,"[4, 6]","[3, 4]","[4, 4]","[5, 6]"
3IcsT,rn1qkbnr/ppp2B2/3p3p/4N1p1/3PPp2/2N5/PPP3PP/R1BbK2R b KQkq - 0 8,e8e7 c3d5,1472,80,87,4368,mate mateIn1 oneMove opening,https://lichess.org/axtR98Xf/black#16,,https://lichess.org/training/3IcsT,True,bottom-right 1,white,"[4, 6]","[3, 4]","[4, 4]","[5, 6]"
KKDpE,r2qkbnr/ppp2p1p/2np4/4N1p1/2BPPpb1/2N5/PPP3PP/R1BQK2R b KQkq - 2 7,g4d1 c4f7 e8e7 c3d5,1472,75,75,305,attackingF2F7 mate mateIn2 middlegame short,https://lichess.org/BXsrbULW/black#14,Vienna_Game Vienna_Game_Vienna_Gambit,https://lichess.org/training/KKDpE,True,bottom-right 1,white,"[4, 6]","[3, 4]","[4, 4]","[5, 6]"
jL9Mp,r2qkbnr/2p2pp1/p2p3p/1p2N3/3nPPb1/1BN5/PPP3PP/R1BQ1RK1 b kq - 0 10,g4d1 b3f7 e8e7 c3d5,1472,74,85,349,attackingF2F7 mate mateIn2 middlegame short,https://lichess.org/6Gzb1zWZ/black#20,Kings_Gambit Kings_Gambit_Other_variations,https://lichess.org/training/jL9Mp,True,bottom-right 1,white,"[4, 6]","[3, 4]","[4, 4]","[5, 6]"
qFSu8,r2qkbnr/ppp2ppp/2np4/4N3/2B1P1b1/2N5/PB3PPP/R2QK2R b KQkq - 5 8,g4d1 c4f7 e8e7 c3d5,1473,76,95,32647,attackingF2F7 mate mateIn2 middlegame short,https://lichess.org/3bdAunQ5/black#16,Danish_Gambit_Accepted Danish_Gambit_Accepted_Other_variations,https://lichess.org/training/qFSu8,True,bottom-right 1,white,"[4, 6]","[3, 4]","[4, 4]","[5, 6]"
tgtFf,r2qkbnr/ppp2ppp/2np4/4N3/2B3b1/2N1P3/PPPP1PPP/R1BQK2R b KQkq - 0 5,g4d1 c4f7 e8e7 c3d5,1473,76,88,693,attackingF2F7 mate mateIn2 opening short,https://lichess.org/mZcgPvJB/black#10,Vant_Kruijs_Opening Vant_Kruijs_Opening_Other_variations,https://lichess.org/training/tgtFf,True,bottom-right 1,white,"[4, 6]","[3, 4]","[4, 4]","[5, 6]"
RASbo,r2qkbnr/1pp2pp1/p2p3p/4N2b/P2nP3/2N4P/BPPP1PP1/R1BQ1RK1 b kq - 0 9,h5d1 a2f7 e8e7 c3d5,1473,120,71,42,attackingF2F7 mate mateIn2 opening short,https://lichess.org/bft4otU4/black#18,Philidor_Defense Philidor_Defense_Other_variations,https://lichess.org/training/RASbo,True,bottom-right 1,white,"[4, 6]","[3, 4]","[4, 4]","[5, 6]"
EFhCN,rn1qkb1r/ppp2ppp/3p4/4N3/2BPPpbn/2N5/PPP3PP/R1BQ1RK1 b kq - 5 8,g4d1 c4f7 e8e7 c3d5,1473,79,71,135,attackingF2F7 mate mateIn2 opening short,https://lichess.org/DwGACGGX/black#16,Kings_Gambit_Accepted Kings_Gambit_Accepted_Bonsch-Osmolovsky_Variation,https://lichess.org/training/EFhCN,True,bottom-right 1,white,"[4, 6]","[3, 4]","[4, 4]","[5, 6]"
h1AOR,r2qkbnr/ppp2pp1/2np3p/4N3/2B1P1b1/2N5/PPPP1P1P/R1BQK2R b KQkq - 0 6,g4d1 c4f7 e8e7 c3d5,1474,77,94,13314,attackingF2F7 mate mateIn2 opening short,https://lichess.org/8PZlam8q/black#12,Philidor_Defense Philidor_Defense_Other_variations,https://lichess.org/training/h1AOR,True,bottom-right 1,white,"[4, 6]","[3, 4]","[4, 4]","[5, 6]"
CDnnR,r2qkb1r/pppn1pp1/2np3p/4N1Pb/2B1P2P/2NPB3/PPP2P2/R2QK2R b KQkq - 0 11,h5d1 c4f7 e8e7 c3d5,1474,77,91,1695,attackingF2F7 mate mateIn2 middlegame short,https://lichess.org/TyscMlif/black#22,Italian_Game Italian_Game_Two_Knights_Defense,https://lichess.org/training/CDnnR,True,bottom-right 1,white,"[4, 6]","[3, 4]","[4, 4]","[5, 6]"
D942i,r2qkb1r/ppp2pp1/3p3p/4N3/2BnPPb1/2NP4/PPP5/R1BQ1RK1 b kq - 0 11,g4d1 c4f7 e8e7 c3d5,1474,76,81,430,attackingF2F7 mate mateIn2 opening short,https://lichess.org/AQbY4FIM/black#22,Kings_Gambit Kings_Gambit_Other_variations,https://lichess.org/training/D942i,True,bottom-right 1,white,"[4, 6]","[3, 4]","[4, 4]","[5, 6]"
ccJIM,rn1qkbnr/ppp2pp1/3p3p/4N3/2B1PPb1/2N3P1/PPPP3P/R1BQK2R b KQkq - 0 7,g4d1 c4f7 e8e7 c3d5,1475,77,92,787,attackingF2F7 mate mateIn2 opening short,https://lichess.org/vdBHjtAF/black#14,Kings_Gambit_Declined Kings_Gambit_Declined_Keenes_Defense,https://lichess.org/training/ccJIM,True,bottom-right 1,white,"[4, 6]","[3, 4]","[4, 4]","[5, 6]"
1RVtm,r2qkbnr/ppp2ppp/3p4/4N2b/2BnP3/2N4P/PPPP1PP1/R1BQ1RK1 b kq - 0 9,h5d1 c4f7 e8e7 c3d5,1475,75,99,1794,attackingF2F7 mate mateIn2 opening short,https://lichess.org/OohbfbWe/black#18,Italian_Game Italian_Game_Paris_Defense,https://lichess.org/training/1RVtm,True,bottom-right 1,white,"[4, 6]","[3, 4]","[4, 4]","[5, 6]"
mYFp1,r2qkbnr/ppp2ppp/2np4/4N2b/2B1P3/2N4P/PB3PP1/R2QK2R b KQkq - 2 9,h5d1 c4f7 e8e7 c3d5,1475,78,92,3895,attackingF2F7 mate mateIn2 middlegame short,https://lichess.org/omqx0x9u/black#18,Scotch_Game Scotch_Game_Goring_Gambit,https://lichess.org/training/mYFp1,True,bottom-right 1,white,"[4, 6]","[3, 4]","[4, 4]","[5, 6]"
DoXXe,r2qkbnr/1p3Bpp/p1np4/2p1N3/4P3/P1N4P/1PPP1PP1/R1Bb1RK1 b kq - 0 9,e8e7 c3d5,1476,100,60,53,mate mateIn1 middlegame oneMove,https://lichess.org/6AAHO2aT/black#18,Philidor_Defense Philidor_Defense_Other_variations,https://lichess.org/training/DoXXe,True,bottom-right 1,white,"[4, 6]","[3, 4]","[4, 4]","[5, 6]"
tYgHy,r2qkbnr/ppp5/3p3p/4N1p1/2BnPpb1/1PNP2P1/PBP2P1P/R2Q1RK1 b kq - 0 10,g4d1 c4f7 e8e7 c3d5,1476,76,91,329,mate mateIn2 middlegame short,https://lichess.org/kgLdfeZw/black#20,Italian_Game Italian_Game_Rousseau_Gambit,https://lichess.org/training/tYgHy,True,bottom-right 1,white,"[4, 6]","[3, 4]","[4, 4]","[5, 6]"
8GSTc,rn1qkbnr/ppp2p1p/3p4/4N1p1/2B1Ppb1/2N5/PPPP2PP/R1BQK2R b KQkq - 1 6,g4d1 c4f7 e8e7 c3d5,1476,300,0,3,attackingF2F7 mate mateIn2 middlegame short,https://lichess.org/eZMMj8Hi/black#12,Kings_Gambit Kings_Gambit_Other_variations,https://lichess.org/training/8GSTc,True,bottom-right 1,white,"[4, 6]","[3, 4]","[4, 4]","[5, 6]"
ndHXS,rn1qkb1r/ppp2ppp/3p4/4N2n/2BPPpb1/2N5/PPP3PP/R1BQK2R b KQkq - 2 7,g4d1 c4f7 e8e7 c3d5,1476,80,68,92,attackingF2F7 mate mateIn2 opening short,https://lichess.org/hSglhHCh/black#14,Kings_Gambit_Accepted Kings_Gambit_Accepted_Fischer_Defense,https://lichess.org/training/ndHXS,True,bottom-right 1,white,"[4, 6]","[3, 4]","[4, 4]","[5, 6]"
9Sij4,rn1qkb1r/ppp4p/3p1p1p/4N3/2B1P1b1/2NP4/PPP2PPP/R2QK2R b KQkq - 0 7,g4d1 c4f7 e8e7 c3d5,1476,74,86,117,mate mateIn2 middlegame short,https://lichess.org/N0qO7x1K/black#14,Philidor_Defense Philidor_Defense_Other_variations,https://lichess.org/training/9Sij4,True,bottom-right 1,white,"[4, 6]","[3, 4]","[4, 4]","[5, 6]"
SWwCa,r2qkbnr/ppp5/3p1p2/4N1pp/2B1P1b1/2N5/PP1B1PPP/R2QR1K1 b kq - 0 11,g4d1 c4f7 e8e7 c3d5,1477,76,96,19436,mate mateIn2 middlegame short,https://lichess.org/bpz2CIem/black#22,Scotch_Game Scotch_Game_Scotch_Gambit,https://lichess.org/training/SWwCa,True,bottom-right 1,white,"[4, 6]","[3, 4]","[4, 4]","[5, 6]"
rD4h2,2rqkbnr/pp1n1ppp/3p4/1Pp1N3/4P1b1/1BN5/P1PP1PPP/R1BQK2R b KQk - 0 8,g4d1 b3f7 e8e7 c3d5,1477,81,67,81,attackingF2F7 mate mateIn2 opening short,https://lichess.org/dyh7cL4c/black#16,Philidor_Defense Philidor_Defense_Other_variations,https://lichess.org/training/rD4h2,True,bottom-right 1,white,"[4, 6]","[3, 4]","[4, 4]","[5, 6]"
YQTA2,r1bqk2r/ppp3pp/2n5/2b1ppBN/4n3/3P4/PPP2PPP/RN1QKB1R w KQkq - 5 9,g5d8 c5f2 e1e2 c6d4,1477,80,47,70,attackingF2F7 mate mateIn2 opening short,https://lichess.org/aS3uPnrU#17,Zukertort_Opening Zukertort_Opening_Tennison_Gambit,https://lichess.org/training/YQTA2,True,bottom-right 1,black,"[4, 6]","[3, 4]","[4, 4]","[5, 6]"
x1Gka,r2qkbnr/ppp2pp1/3p4/4N2p/2BnPPb1/2N5/PPPP2PP/R1BQ1RK1 b kq - 0 7,g4d1 c4f7 e8e7 c3d5,1477,76,94,10220,attackingF2F7 mate mateIn2 opening short,https://lichess.org/SCZodtoo/black#14,Kings_Gambit_Declined Kings_Gambit_Declined_Queens_Knight_Defense,https://lichess.org/training/x1Gka,True,bottom-right 1,white,"[4, 6]","[3, 4]","[4, 4]","[5, 6]"
naRfJ,r2qkbnr/ppp2p1p/2np4/4N1p1/2BPPpb1/2N5/PPP3PP/R1BQK2R b KQkq - 5 7,g4d1 c4f7 e8e7 c3d5,1478,74,86,907,attackingF2F7 mate mateIn2 middlegame short,https://lichess.org/LKojsT3I/black#14,Kings_Gambit_Accepted Kings_Gambit_Accepted_Fischer_Defense,https://lichess.org/training/naRfJ,True,bottom-right 1,white,"[4, 6]","[3, 4]","[4, 4]","[5, 6]"
mBMrL,r1bqk2r/ppp2ppp/3p2n1/1NbPp1B1/2P1n3/5N2/PP3PPP/R2QKB1R w KQkq - 0 9,g5d8 c5f2 e1e2 g6f4,1479,78,85,135,attackingF2F7 mate mateIn2 middlegame short,https://lichess.org/m2B2Rxp3#17,Mexican_Defense Mexican_Defense_Other_variations,https://lichess.org/training/mBMrL,True,top-right 1,black,"[4, 6]","[3, 4]","[4, 4]","[5, 6]"
qXLL2,r2qkb1r/ppp2Bp1/3p1n1p/4N1B1/3nP3/2N5/PPP2PPP/R2b1RK1 b kq - 0 9,e8e7 c3d5,1479,75,95,3076,mate mateIn1 middlegame oneMove pin,https://lichess.org/n1auopoO/black#18,Italian_Game Italian_Game_Paris_Defense,https://lichess.org/training/qXLL2,True,bottom-right 1,white,"[4, 6]","[3, 4]","[4, 4]","[5, 6]"
Hd6IJ,r1bqk2r/pppp1ppp/2n5/2b1p1B1/2P1n3/3P2P1/PP3P1P/RN1QKBNR w KQkq - 0 6,g5d8 c5f2 e1e2 c6d4,1480,75,86,537,attackingF2F7 mate mateIn2 opening short,https://lichess.org/8z7bAVzS#11,English_Opening English_Opening_The_Whale,https://lichess.org/training/Hd6IJ,True,bottom-right 1,black,"[4, 6]","[3, 4]","[4, 4]","[5, 6]"
wpOUV,r1bqk2r/pppp1pp1/2n5/2bNp1B1/4n2p/3P1P2/PPP3PP/RN1QKB1R w KQkq - 0 8,g5d8 c5f2 e1e2 c6d4,1480,216,54,6,mate mateIn2 opening short,https://lichess.org/KFk8g4qm#15,Kings_Pawn_Game Kings_Pawn_Game_Kings_Head_Opening,https://lichess.org/training/wpOUV,True,bottom-right 1,black,"[4, 6]","[3, 4]","[4, 4]","[5, 6]"
jHbo4,r2qkbnr/ppp3pp/2np4/4N2b/2B1Pp2/2NP3P/PPP2PP1/R1BQ1RK1 b kq - 0 8,h5d1 c4f7 e8e7 c3d5,1480,81,93,2135,mate mateIn2 opening short,https://lichess.org/0ufxCfJK/black#16,Philidor_Defense Philidor_Defense_Lopez_Countergambit,https://lichess.org/training/jHbo4,True,bottom-right 1,white,"[4, 6]","[3, 4]","[4, 4]","[5, 6]"
2Qowv,r2qkbnr/pp3pp1/3p3p/2p1N3/4PpbP/1BNP4/PPP3P1/R1BQK2R b KQkq - 0 9,g4d1 b3f7 e8e7 c3d5,1481,78,90,572,attackingF2F7 mate mateIn2 middlegame short,https://lichess.org/roKPW7gY/black#18,Sicilian_Defense Sicilian_Defense_Grand_Prix_Attack,https://lichess.org/training/2Qowv,True,bottom-right 1,white,"[4, 6]","[3, 4]","[4, 4]","[5, 6]"
DsKrv,4q1k1/bpp4p/6pn/p2P4/2P1NP1n/1P1B2P1/PBQ3b1/5R1K w - - 2 28,h1h2 h6g4,1481,76,89,2931,master mate mateIn1 middlegame oneMove,https://lichess.org/HnZzRtNq#55,,https://lichess.org/training/DsKrv,True,bottom-right 1,black,"[4, 6]","[3, 4]","[4, 4]","[5, 6]"
5vqXo,1r1qkbnr/ppp2ppp/3p4/4N3/2B1P1b1/2N5/PB3PPP/R2QR1K1 b k - 0 10,g4d1 c4f7 e8e7 c3d5,1482,75,91,358,attackingF2F7 mate mateIn2 middlegame short,https://lichess.org/VZtCGMmq/black#20,Scotch_Game Scotch_Game_Goring_Gambit,https://lichess.org/training/5vqXo,True,bottom-right 1,white,"[4, 6]","[3, 4]","[4, 4]","[5, 6]"
O6bEk,r1bqk2r/ppp2pp1/2n4p/2bppP2/4n2B/2NP4/PPP3PP/R2QKBNR w KQkq - 0 8,h4d8 c5f2 e1e2 c6d4,1482,76,95,7200,mate mateIn2 opening short,https://lichess.org/FR4Xjp4m#15,Kings_Pawn_Game Kings_Pawn_Game_Leonardis_Variation,https://lichess.org/training/O6bEk,True,bottom-right 1,black,"[4, 6]","[3, 4]","[4, 4]","[5, 6]"
KwqdF,r2qkbnr/pp3pp1/3p3p/n1p1N3/4P1b1/P1N5/BPPP1PPP/R1BQ1RK1 b kq - 0 8,g4d1 a2f7 e8e7 c3d5,1483,75,96,18954,attackingF2F7 mate mateIn2 middlegame short,https://lichess.org/cth2saSm/black#16,Sicilian_Defense Sicilian_Defense_Bowdler_Attack,https://lichess.org/training/KwqdF,True,bottom-right 1,white,"[4, 6]","[3, 4]","[4, 4]","[5, 6]"
S5mJv,r2qkbnr/1p3ppp/p2p4/2p1N3/4P1b1/1BN5/PPPP2PP/R1BQ1RK1 b kq - 0 9,g4d1 b3f7 e8e7 c3d5,1483,75,95,24259,attackingF2F7 mate mateIn2 middlegame short,https://lichess.org/QeD2v9Ey/black#18,Sicilian_Defense Sicilian_Defense_Closed,https://lichess.org/training/S5mJv,True,bottom-right 1,white,"[4, 6]","[3, 4]","[4, 4]","[5, 6]"
0M90o,r2qkb1r/ppp2ppp/3p1n2/4N1B1/4P1b1/1BN5/PPP2PPP/R2QK2R b KQkq - 0 9,g4d1 b3f7 e8e7 c3d5,1483,77,96,29467,attackingF2F7 mate mateIn2 middlegame pin short,https://lichess.org/dJGF6Zdc/black#18,Pirc_Defense Pirc_Defense_Other_variations,https://lichess.org/training/0M90o,True,bottom-right 1,white,"[4, 6]","[3, 4]","[4, 4]","[5, 6]"
d8XJl,r1bq1rk1/ppp2p2/1bnp4/3Np1B1/1P2n3/P2P4/2P2PPP/R2QKB1R w KQ - 0 13,g5d8 b6f2 e1e2 c6d4,1483,76,95,28202,attackingF2F7 mate mateIn2 middlegame short,https://lichess.org/SaKIYBzd#25,Three_Knights_Opening Three_Knights_Opening_Other_variations,https://lichess.org/training/d8XJl,True,bottom-right 1,black,"[4, 6]","[3, 4]","[4, 4]","[5, 6]"
gyaeG,r2qkbnr/ppp2Bpp/2np1p2/4N3/4P3/2NP4/PPP2PPP/R1BbK2R b KQkq - 1 7,e8e7 c3d5,1484,76,89,840,mate mateIn1 oneMove opening,https://lichess.org/RUkkzaUN/black#14,Three_Knights_Opening Three_Knights_Opening_Other_variations,https://lichess.org/training/gyaeG,True,bottom-right 1,white,"[4, 6]","[3, 4]","[4, 4]","[5, 6]"
y5ld1,r4r2/4p1bb/4p1pp/pR1kPnP1/2pP1B1P/2P2N2/2K1N3/R7 b - - 9 37,d5e4 f3d2,1485,171,77,63,mate mateIn1 middlegame oneMove,https://lichess.org/NdHMyab5/black#74,,https://lichess.org/training/y5ld1,True,bottom-right 1,white,"[4, 6]","[3, 4]","[4, 4]","[5, 6]"
9L0br,r2qkbnr/ppp2B2/3p2pp/4N3/4P3/2N5/PPPP2PP/R1Bb1RK1 b kq - 0 9,e8e7 c3d5,1485,79,93,2821,mate mateIn1 oneMove opening,https://lichess.org/H8FfRYlx/black#18,Vienna_Game Vienna_Game_Omaha_Gambit,https://lichess.org/training/9L0br,True,bottom-right 1,white,"[4, 6]","[3, 4]","[4, 4]","[5, 6]"
uJ1Rw,r2qkb1r/ppp2pp1/2np1n1p/4N1Bb/2B1P3/2NP3P/PPP2PP1/R2QK2R b KQkq - 0 8,h5d1 c4f7 e8e7 c3d5,1485,77,91,4639,attackingF2F7 mate mateIn2 middlegame short,https://lichess.org/4bNgGDuP/black#16,Philidor_Defense Philidor_Defense_Other_variations,https://lichess.org/training/uJ1Rw,True,bottom-right 1,white,"[4, 6]","[3, 4]","[4, 4]","[5, 6]"
lzfRs,r2qkbnr/ppp2pp1/2np3p/4N3/P1B1P1b1/2N5/1PPP1PPP/R1BQK2R b KQkq - 0 6,g4d1 c4f7 e8e7 c3d5,1486,75,96,4351,attackingF2F7 mate mateIn2 opening short,https://lichess.org/CxF7H1qo/black#12,Philidor_Defense Philidor_Defense_Other_variations,https://lichess.org/training/lzfRs,True,bottom-right 1,white,"[4, 6]","[3, 4]","[4, 4]","[5, 6]"
Qq0BO,r2qkbnr/ppp2pp1/2np3p/4N3/2B1P1b1/2N5/PB2QPPP/R3K2R b KQkq - 3 9,g4e2 c4f7 e8e7 c3d5,1486,75,69,652,attackingF2F7 mate mateIn2 middlegame short,https://lichess.org/dN4Njgmy/black#18,Scotch_Game Scotch_Game_Goring_Gambit,https://lichess.org/training/Qq0BO,True,bottom-right 1,white,"[4, 6]","[3, 4]","[4, 4]","[5, 6]"
WkPgb,r2qkbnr/ppp2pp1/3p3p/4N3/2B1PpbP/2N5/PPPP2P1/R1BQ1RK1 b kq - 0 8,g4d1 c4f7 e8e7 c3d5,1487,75,94,13444,attackingF2F7 mate mateIn2 opening short,https://lichess.org/HCy9Ettw/black#16,Kings_Gambit Kings_Gambit_Other_variations,https://lichess.org/training/WkPgb,True,bottom-right 1,white,"[4, 6]","[3, 4]","[4, 4]","[5, 6]"
YgPQh,r1bBk2r/pppp1pp1/6n1/3Pp2p/2P1n2P/P4N2/1P3bP1/RN1QKB1R w KQkq - 0 10,e1e2 g6f4,1487,90,79,36,mate mateIn1 middlegame oneMove,https://lichess.org/VETpTRji#19,Nimzowitsch_Defense Nimzowitsch_Defense_Kennedy_Variation,https://lichess.org/training/YgPQh,True,top-right 1,black,"[4, 6]","[3, 4]","[4, 4]","[5, 6]"
AgFaf,r2qkbnr/1p3pp1/p2p3p/2p1N3/2B1P1b1/2N5/PB3PPP/R2QR1K1 b kq - 0 12,g4d1 c4f7 e8e7 c3d5,1487,75,94,7450,attackingF2F7 mate mateIn2 middlegame short,https://lichess.org/DVbjqwfA/black#24,Center_Game Center_Game_Kieseritzky_Variation,https://lichess.org/training/AgFaf,True,bottom-right 1,white,"[4, 6]","[3, 4]","[4, 4]","[5, 6]"
33BJu,r2q1bnr/1pp1kBpp/p2p4/4N1B1/4P3/2N5/PPP2PPP/R2bK2R b KQ - 2 9,g8f6 c3d5,1488,81,68,128,mate mateIn1 middlegame oneMove pin,https://lichess.org/AQTuamGR/black#18,Englund_Gambit Englund_Gambit_Hartlaub-Charlick_Gambit,https://lichess.org/training/33BJu,True,bottom-right 1,white,"[4, 6]","[3, 4]","[4, 4]","[5, 6]"
Vc9BK,r2qk2r/ppp2pp1/2n4p/2b1p3/4n2B/2NP1P1P/PPP5/R2QKB1R w KQkq - 0 11,h4d8 c5f2 e1e2 c6d4,1488,76,97,16463,mate mateIn2 middlegame short,https://lichess.org/ES0ujSN8#21,Pirc_Defense Pirc_Defense_Other_variations,https://lichess.org/training/Vc9BK,True,bottom-right 1,black,"[4, 6]","[3, 4]","[4, 4]","[5, 6]"
b6AO8,r2qkb1r/ppp2p2/2np3p/4N1pn/2B1P1b1/2NP2B1/PPP2PPP/R2QK2R b KQkq - 0 9,g4d1 c4f7 e8e7 c3d5,1488,76,82,674,attackingF2F7 mate mateIn2 middlegame short,https://lichess.org/6rqd1tJU/black#18,Four_Knights_Game Four_Knights_Game_Italian_Variation,https://lichess.org/training/b6AO8,True,bottom-right 1,white,"[4, 6]","[3, 4]","[4, 4]","[5, 6]"
JA5RV,r2qkbnr/ppp2ppp/3p4/4N3/2BnP1bP/2N5/PPPP1PP1/R1BQK2R b KQkq - 0 6,g4d1 c4f7 e8e7 c3d5,1489,77,92,2071,attackingF2F7 mate mateIn2 opening short,https://lichess.org/QgjQOewe/black#12,Zukertort_Opening Zukertort_Opening_Pirc_Invitation,https://lichess.org/training/JA5RV,True,bottom-right 1,white,"[4, 6]","[3, 4]","[4, 4]","[5, 6]"
Jlxl3,rn1qkbnr/ppp3p1/3p3p/4N3/2BPPpb1/2N5/PPP2PPP/R1BQ1RK1 b kq - 0 7,g4d1 c4f7 e8e7 c3d5,1490,75,83,92,mate mateIn2 opening short,https://lichess.org/QUCPkn2L/black#14,Philidor_Defense Philidor_Defense_Other_variations,https://lichess.org/training/Jlxl3,True,bottom-right 1,white,"[4, 6]","[3, 4]","[4, 4]","[5, 6]"
Y77hg,r2qkbnr/1pp2Bp1/p1np3p/4N3/P3P3/2N5/1PPP1PPP/R1Bb1RK1 b kq - 0 8,e8e7 c3d5,1491,75,93,1787,mate mateIn1 oneMove opening,https://lichess.org/kKTuCLJn/black#16,Philidor_Defense Philidor_Defense_Other_variations,https://lichess.org/training/Y77hg,True,bottom-right 1,white,"[4, 6]","[3, 4]","[4, 4]","[5, 6]"
pYoe8,r2qkbnr/ppp2Bp1/2np3p/4N3/4P3/2N4P/PPPP1PP1/R1Bb1RK1 b kq - 0 8,e8e7 c3d5,1491,89,79,528,mate mateIn1 oneMove opening,https://lichess.org/i2goqr9N/black#16,,https://lichess.org/training/pYoe8,True,bottom-right 1,white,"[4, 6]","[3, 4]","[4, 4]","[5, 6]"
CzRmk,r2qkbnr/2p2pp1/p1np3p/1p2N2b/1P2P3/P1N4P/B1PP1PP1/R1BQK2R b KQkq - 0 9,h5d1 a2f7 e8e7 c3d5,1491,75,84,129,attackingF2F7 mate mateIn2 opening short,https://lichess.org/tu9FJW88/black#18,Italian_Game Italian_Game_Anti-Fried_Liver_Defense,https://lichess.org/training/CzRmk,True,bottom-right 1,white,"[4, 6]","[3, 4]","[4, 4]","[5, 6]"
SHLmC,r1bqkbnr/pp1p1ppp/8/2p1N3/2BnPp2/2N5/PPPP2PP/R1BQK2R b KQkq - 3 6,d7d6 c4f7 e8e7 c3d5,1491,89,74,34,attackingF2F7 mate mateIn2 opening short,https://lichess.org/Zg9bg96h/black#12,Sicilian_Defense Sicilian_Defense_Grand_Prix_Attack,https://lichess.org/training/SHLmC,True,bottom-right 1,white,"[4, 6]","[3, 4]","[4, 4]","[5, 6]"
LFEt5,rn1qkbnr/ppp2Bpp/3p4/4N3/4P3/4N3/PPPP1PPP/R1BbK2R b KQkq - 0 8,e8e7 e3d5,1491,78,90,8035,mate mateIn1 oneMove opening,https://lichess.org/UTwIBa6A/black#16,,https://lichess.org/training/LFEt5,True,bottom-right 1,white,"[4, 6]","[3, 4]","[4, 4]","[5, 6]"
dqj5B,r2qkbnr/2p2ppp/p1np4/1p2N2b/4P3/1BN4P/PPPP1PP1/R1BQK2R b KQkq - 0 8,h5d1 b3f7 e8e7 c3d5,1492,80,93,6593,attackingF2F7 mate mateIn2 opening short,https://lichess.org/6uXMvfKJ/black#16,Ruy_Lopez Ruy_Lopez_Morphy_Defense,https://lichess.org/training/dqj5B,True,bottom-right 1,white,"[4, 6]","[3, 4]","[4, 4]","[5, 6]"
itxsW,r2qkbnr/ppp2pp1/2np4/4N2p/2B1P1b1/2N4P/PPPP1PP1/R1BQ1RK1 b kq - 0 7,g4d1 c4f7 e8e7 c3d5,1493,76,96,6064,attackingF2F7 mate mateIn2 opening short,https://lichess.org/hO5GeSgf/black#14,Philidor_Defense Philidor_Defense_Other_variations,https://lichess.org/training/itxsW,True,bottom-right 1,white,"[4, 6]","[3, 4]","[4, 4]","[5, 6]"
xo6AV,r2qkbnr/pp3ppp/2np4/4N3/2BPPpb1/2N5/P5PP/R1BQK2R b KQkq - 3 9,g4d1 c4f7 e8e7 c3d5,1494,77,86,1173,attackingF2F7 mate mateIn2 middlegame short,https://lichess.org/1ait32dz/black#18,Sicilian_Defense Sicilian_Defense_Wing_Gambit,https://lichess.org/training/xo6AV,True,bottom-right 1,white,"[4, 6]","[3, 4]","[4, 4]","[5, 6]"
VAxKq,r2qkbnr/ppp2p1p/2np4/4N1pb/2B1Pp2/2NP3P/PPP3P1/R1BQK2R b KQkq - 1 8,h5d1 c4f7 e8e7 c3d5,1495,75,87,534,attackingF2F7 mate mateIn2 middlegame short,https://lichess.org/UIDA4CEo/black#16,Kings_Gambit_Accepted Kings_Gambit_Accepted_Fischer_Defense,https://lichess.org/training/VAxKq,True,bottom-right 1,white,"[4, 6]","[3, 4]","[4, 4]","[5, 6]"
WPjFZ,3qkb1r/p1pb3p/1r1p3p/4N3/Q1B5/2N5/PP3PPP/R4RK1 b k - 0 14,d7a4 c4f7 e8e7 c3d5,1495,75,89,1551,mate mateIn2 middlegame short,https://lichess.org/9rwf6Dt7/black#28,Italian_Game Italian_Game_Other_variations,https://lichess.org/training/WPjFZ,True,bottom-right 1,white,"[4, 6]","[3, 4]","[4, 4]","[5, 6]"
GNiCq,rn1qkb1r/ppp2ppp/3p4/4N3/2B1n1b1/2N5/PPPP1PPP/R1BQ1RK1 b kq - 0 6,g4d1 c4f7 e8e7 c3d5,1495,75,96,3668,attackingF2F7 mate mateIn2 opening short,https://lichess.org/311rO4w9/black#12,Philidor_Defense Philidor_Defense_Other_variations,https://lichess.org/training/GNiCq,True,bottom-right 1,white,"[4, 6]","[3, 4]","[4, 4]","[5, 6]"
zCSHg,r2qkb1r/ppp2ppp/3p4/4N3/2BnP1b1/2N5/PPP2P2/R1BQ1RK1 b kq - 0 10,g4d1 c4f7 e8e7 c3d5,1496,75,87,360,attackingF2F7 mate mateIn2 opening short,https://lichess.org/wFIuVPsf/black#20,Philidor_Defense Philidor_Defense_Other_variations,https://lichess.org/training/zCSHg,True,bottom-right 1,white,"[4, 6]","[3, 4]","[4, 4]","[5, 6]"
NwAlm,r2qkbnr/ppp2pp1/2np3p/4N2b/2B1P3/P2PN3/1PP2PPP/R1BQK2R b KQkq - 0 9,h5d1 c4f7 e8e7 e3d5,1496,77,93,5889,attackingF2F7 mate mateIn2 opening short,https://lichess.org/rSTYzV7R/black#18,Italian_Game Italian_Game_Other_variations,https://lichess.org/training/NwAlm,True,bottom-right 1,white,"[4, 6]","[3, 4]","[4, 4]","[5, 6]"
I9YLn,rn1q1bnr/2p1kBpp/p2p4/1p2N1B1/3pP3/2N5/PPP2PPP/R2bK2R b KQ - 2 9,g8f6 c3d5,1499,78,71,116,mate mateIn1 middlegame oneMove pin,https://lichess.org/eVxjNRRR/black#18,Philidor_Defense Philidor_Defense_Other_variations,https://lichess.org/training/I9YLn,True,bottom-right 1,white,"[4, 6]","[3, 4]","[4, 4]","[5, 6]"
40FxU,r2qkb1r/pp3p1p/3p1pp1/2p1N3/2BnP1b1/P1N5/1PP2PPP/R2QK2R b KQkq - 1 9,g4d1 c4f7 e8e7 c3d5,1499,76,92,1882,attackingF2F7 mate mateIn2 middlegame short,https://lichess.org/Yxs8oYut/black#18,Sicilian_Defense Sicilian_Defense_Bowdler_Attack,https://lichess.org/training/40FxU,True,bottom-right 1,white,"[4, 6]","[3, 4]","[4, 4]","[5, 6]"
KKItt,r1bq1r2/ppp2p1k/2np4/2bNp1B1/2P1n3/3P3P/PP3PP1/R2QKB1R w KQ - 0 12,g5d8 c5f2 e1e2 c6d4,1499,75,96,3684,attackingF2F7 mate mateIn2 middlegame short,https://lichess.org/Hn65kgAE#23,English_Opening English_Opening_Kings_English_Variation,https://lichess.org/training/KKItt,True,bottom-right 1,black,"[4, 6]","[3, 4]","[4, 4]","[5, 6]"
7WEwZ,r2qkbnr/ppp2ppp/3p4/4N3/P1B1P1b1/2N5/1B3PPP/R2QK2R b KQkq - 0 9,g4d1 c4f7 e8e7 c3d5,1500,78,86,81,attackingF2F7 mate mateIn2 middlegame short,https://lichess.org/X340vHEH/black#18,Danish_Gambit_Accepted Danish_Gambit_Accepted_Other_variations,https://lichess.org/training/7WEwZ,True,bottom-right 1,white,"[4, 6]","[3, 4]","[4, 4]","[5, 6]"
m1ZMP,r2qkb1r/ppp2pp1/3p3p/4N3/2BnP1b1/2N5/PPP2PPP/R2QK2R b KQkq - 0 10,g4d1 c4f7 e8e7 c3d5,1501,99,76,34,attackingF2F7 mate mateIn2 middlegame short,https://lichess.org/8bgrWoMB/black#20,Scotch_Game Scotch_Game_Other_variations,https://lichess.org/training/m1ZMP,True,bottom-right 1,white,"[4, 6]","[3, 4]","[4, 4]","[5, 6]"
oMGjC,r2qkb1r/pppn1B2/3p4/4N1pp/4P3/2NP2B1/PPP3PP/R2bK2R b KQkq - 0 12,e8e7 c3d5,1502,81,84,611,mate mateIn1 middlegame oneMove,https://lichess.org/argtmKxR/black#24,Pirc_Defense Pirc_Defense_Other_variations,https://lichess.org/training/oMGjC,True,bottom-right 1,white,"[4, 6]","[3, 4]","[4, 4]","[5, 6]"
r4G5U,rn1qkbnr/pp3pp1/3p3p/1Pp1N3/2B1P1b1/2N5/P1PP1PPP/R1BQK2R b KQkq - 0 7,g4d1 c4f7 e8e7 c3d5,1502,77,100,135,attackingF2F7 mate mateIn2 opening short,https://lichess.org/sgMC0buO/black#14,Philidor_Defense Philidor_Defense_Other_variations,https://lichess.org/training/r4G5U,True,bottom-right 1,white,"[4, 6]","[3, 4]","[4, 4]","[5, 6]"
XDu93,r2qkb1r/1pp2pp1/p1np1n1p/4N1B1/P1B1P1b1/2NP4/1PP2PPP/R2QK2R b KQkq - 0 8,g4d1 c4f7 e8e7 c3d5,1503,77,94,4815,attackingF2F7 mate mateIn2 middlegame short,https://lichess.org/LG3KEiIj/black#16,Italian_Game Italian_Game_Paris_Defense,https://lichess.org/training/XDu93,True,bottom-right 1,white,"[4, 6]","[3, 4]","[4, 4]","[5, 6]"
Xy0j2,r2qkbnr/ppp2Bpp/2np1p2/4N3/4P3/2NP3P/PPP2PP1/R1BbK2R b KQkq - 1 8,e8e7 c3d5,1504,83,84,203,mate mateIn1 oneMove opening,https://lichess.org/Ysetk2mI/black#16,Philidor_Defense Philidor_Defense_Other_variations,https://lichess.org/training/Xy0j2,True,bottom-right 1,white,"[4, 6]","[3, 4]","[4, 4]","[5, 6]"
s3QS8,r2qkbnr/pp3pp1/3p3p/2p1N3/2BnP1b1/1PN5/PBPP1PPP/R2Q1RK1 b kq - 0 8,g4d1 c4f7 e8e7 c3d5,1504,77,94,7674,attackingF2F7 mate mateIn2 middlegame short,https://lichess.org/ceLfWSva/black#16,Sicilian_Defense Sicilian_Defense_Bowdler_Attack,https://lichess.org/training/s3QS8,True,bottom-right 1,white,"[4, 6]","[3, 4]","[4, 4]","[5, 6]"
Y3sQH,r2qkbnr/ppp3pp/2np4/4N2b/2BPPp2/2N4P/PPP2PP1/R1BQK2R b KQkq - 0 8,h5d1 c4f7 e8e7 c3d5,1504,76,87,2307,mate mateIn2 opening short,https://lichess.org/YBsJQo4r/black#16,Philidor_Defense Philidor_Defense_Other_variations,https://lichess.org/training/Y3sQH,True,bottom-right 1,white,"[4, 6]","[3, 4]","[4, 4]","[5, 6]"
B0Ubo,r2qkb1r/2p2Bpp/p2p1n2/1p2N1B1/3nP3/2N5/PPP2PPP/R2bK2R b KQkq - 0 10,e8e7 c3d5,1505,82,88,2018,master mate mateIn1 middlegame oneMove pin,https://lichess.org/TckRHFOM/black#20,Nimzowitsch_Defense Nimzowitsch_Defense_Mikenas_Variation,https://lichess.org/training/B0Ubo,True,bottom-right 1,white,"[4, 6]","[3, 4]","[4, 4]","[5, 6]"
vKyZP,rn1qkb1r/ppp2pp1/3p3p/4N2b/2B1n3/P1N4P/1PPP1PP1/R1BQ1RK1 b kq - 0 8,h5d1 c4f7 e8e7 c3d5,1505,75,95,3574,attackingF2F7 mate mateIn2 opening short,https://lichess.org/5BqjiTmk/black#16,Van_Geet_Opening Van_Geet_Opening_Other_variations,https://lichess.org/training/vKyZP,True,bottom-right 1,white,"[4, 6]","[3, 4]","[4, 4]","[5, 6]"
fRAlA,r2qkbnr/ppp2p2/2np3p/4N1pb/2B1Pp2/2NP3P/PPP3P1/R1BQ1RK1 b kq - 2 9,h5d1 c4f7 e8e7 c3d5,1506,75,87,1515,attackingF2F7 mate mateIn2 middlegame short,https://lichess.org/utLOcgRf/black#18,Kings_Gambit_Accepted Kings_Gambit_Accepted_Fischer_Defense,https://lichess.org/training/fRAlA,True,bottom-right 1,white,"[4, 6]","[3, 4]","[4, 4]","[5, 6]"
Z8TBA,r2qkb1r/pppn1pp1/3p1n1p/4N2Q/2B1P3/2N4P/PPPP1PP1/R1B2RK1 b kq - 0 8,f6h5 c4f7 e8e7 c3d5,1506,86,71,135,attackingF2F7 fork mate mateIn2 opening short,https://lichess.org/irHjtUET/black#16,Philidor_Defense Philidor_Defense_Other_variations,https://lichess.org/training/Z8TBA,True,bottom-right 1,white,"[4, 6]","[3, 4]","[4, 4]","[5, 6]"
aFHWz,r2qkb1r/1pp2pp1/p2p1n1p/4N3/2B1P1bB/2N5/PPP2PPP/R2Q1RK1 b kq - 0 10,g4d1 c4f7 e8e7 c3d5,1507,79,94,10492,attackingF2F7 mate mateIn2 middlegame pin short,https://lichess.org/FwDUAbo5/black#20,Pirc_Defense Pirc_Defense_Other_variations,https://lichess.org/training/aFHWz,True,bottom-right 1,white,"[4, 6]","[3, 4]","[4, 4]","[5, 6]"
DinJO,r1bqk2r/pppp1pp1/2n4p/2b1pP2/4n2B/3P4/PPP3PP/RN1QKBNR w KQkq - 0 7,h4d8 c5f2 e1e2 c6d4,1507,74,95,19714,mate mateIn2 opening short,https://lichess.org/4DaHCQgl#13,Kings_Pawn_Game Kings_Pawn_Game_Leonardis_Variation,https://lichess.org/training/DinJO,True,bottom-right 1,black,"[4, 6]","[3, 4]","[4, 4]","[5, 6]"
aDDVd,r2qkbnr/ppp2ppp/3p4/4N3/2BnPpb1/2N5/PPPP2PP/R1BQ1RK1 b kq - 1 9,g4d1 c4f7 e8e7 c3d5,1507,75,95,31219,attackingF2F7 mate mateIn2 opening short,https://lichess.org/oow5uV0Q/black#18,Kings_Gambit Kings_Gambit_Other_variations,https://lichess.org/training/aDDVd,True,bottom-right 1,white,"[4, 6]","[3, 4]","[4, 4]","[5, 6]"
sTiJg,r2qkb1r/ppp2p1p/3p2p1/4N3/4P1b1/1BN5/PPP2PPP/R2QK2R b KQkq - 0 11,g4d1 b3f7 e8e7 c3d5,1508,104,75,32,attackingF2F7 mate mateIn2 middlegame short,https://lichess.org/1Px9JOjK/black#22,Scotch_Game Scotch_Game_Other_variations,https://lichess.org/training/sTiJg,True,bottom-right 1,white,"[4, 6]","[3, 4]","[4, 4]","[5, 6]"
0yhfJ,r2qkbnr/ppp2p1p/3p4/4N1p1/4Ppb1/1BNP4/PPP3PP/R1BQK2R b KQkq - 0 8,g4d1 b3f7 e8e7 c3d5,1508,78,78,66,attackingF2F7 mate mateIn2 middlegame short,https://lichess.org/6vGeyTTu/black#16,Kings_Gambit_Declined Kings_Gambit_Declined_Queens_Knight_Defense,https://lichess.org/training/0yhfJ,True,bottom-right 1,white,"[4, 6]","[3, 4]","[4, 4]","[5, 6]"
Iqrya,r4rkb/p2p4/bpnPp3/5p2/2n2NpP/1PN3B1/P4PP1/2KR1B1R w - - 0 24,c3b1 h8b2 c1c2 c6b4,1509,75,90,2938,mate mateIn2 middlegame queensideAttack short,https://lichess.org/BE8EDX4N#47,,https://lichess.org/training/Iqrya,True,bottom-right 1,black,"[4, 6]","[3, 4]","[4, 4]","[5, 6]"
C6KQ4,rn1qkbnr/ppp5/3p3p/4N1p1/2BPPpb1/2N5/PPP3P1/R1BQK2R b KQkq - 3 9,g4d1 c4f7 e8e7 c3d5,1510,76,95,15347,mate mateIn2 opening short,https://lichess.org/86zrdZeb/black#18,Kings_Gambit_Accepted Kings_Gambit_Accepted_Fischer_Defense,https://lichess.org/training/C6KQ4,True,bottom-right 1,white,"[4, 6]","[3, 4]","[4, 4]","[5, 6]"
mhCSJ,rn1qkb1r/ppp5/3p1p1p/4N2b/2B1P3/2N4P/PPP2PP1/R2QK2R b KQkq - 0 10,h5d1 c4f7 e8e7 c3d5,1511,77,94,16401,mate mateIn2 middlegame short,https://lichess.org/ubLqqbDH/black#20,Center_Game Center_Game_Other_variations,https://lichess.org/training/mhCSJ,True,bottom-right 1,white,"[4, 6]","[3, 4]","[4, 4]","[5, 6]"
WJrFr,r2qkbnr/ppp3pp/2np1p2/4N3/2B1P1b1/2N5/PB3PPP/R2Q1RK1 b kq - 5 9,g4d1 c4f7 e8e7 c3d5,1511,78,92,91,mate mateIn2 middlegame short,https://lichess.org/A4MVTxtO/black#18,Philidor_Defense Philidor_Defense_Bird_Gambit,https://lichess.org/training/WJrFr,True,bottom-right 1,white,"[4, 6]","[3, 4]","[4, 4]","[5, 6]"
OKvsU,r2qkbnr/2p2ppp/p2p4/1p2N3/3nP1b1/1BN5/PPPP1PPP/R1BQ1RK1 b kq - 0 8,g4d1 b3f7 e8e7 c3d5,1511,80,86,105,attackingF2F7 mate mateIn2 middlegame short,https://lichess.org/AVt0CmlF/black#16,Ruy_Lopez Ruy_Lopez_Steinitz_Defense,https://lichess.org/training/OKvsU,True,bottom-right 1,white,"[4, 6]","[3, 4]","[4, 4]","[5, 6]"
dixX3,r2qkb1r/ppp2ppp/3p1n2/n3N1Bb/2B1P3/2NP3P/PPP2PP1/R2QK2R b KQkq - 0 8,h5d1 c4f7 e8e7 c3d5,1511,76,91,2826,attackingF2F7 mate mateIn2 middlegame short,https://lichess.org/Dz3u9pXe/black#16,Italian_Game Italian_Game_Two_Knights_Defense,https://lichess.org/training/dixX3,True,bottom-right 1,white,"[4, 6]","[3, 4]","[4, 4]","[5, 6]"
hKA5R,r2qkbnr/2p2Bp1/p2p4/1p2N2p/3nP3/2N4P/PPPP1PP1/R1Bb1RK1 b kq - 0 10,e8e7 c3d5,1511,87,86,116,mate mateIn1 middlegame oneMove,https://lichess.org/HrG83J9M/black#20,Ruy_Lopez Ruy_Lopez_Morphy_Defense,https://lichess.org/training/hKA5R,True,bottom-right 1,white,"[4, 6]","[3, 4]","[4, 4]","[5, 6]"
VQDCU,r2qkbnr/pp3ppp/2np4/2p1N3/2B1P1b1/2N5/PPPP1PPP/R1BQ1RK1 b kq - 0 6,g4d1 c4f7 e8e7 c3d5,1512,75,63,118,attackingF2F7 mate mateIn2 opening short,https://lichess.org/I5j8MoJC/black#12,Sicilian_Defense Sicilian_Defense_Old_Sicilian,https://lichess.org/training/VQDCU,True,bottom-right 1,white,"[4, 6]","[3, 4]","[4, 4]","[5, 6]"
oLK8N,rn1qkbnr/ppp5/3p1p2/4N3/2BPP1bp/2N5/PPP2PP1/R1BQ1RK1 b kq - 0 9,g4d1 c4f7 e8e7 c3d5,1513,77,92,608,mate mateIn2 opening short,https://lichess.org/b7vdFWY1/black#18,Philidor_Defense Philidor_Defense_Other_variations,https://lichess.org/training/oLK8N,True,bottom-right 1,white,"[4, 6]","[3, 4]","[4, 4]","[5, 6]"
4xxsr,r2qkbnr/ppp5/2np3p/4N3/2BPPpb1/2N5/PPP2PP1/R1BQ1RK1 b kq - 0 10,g4d1 c4f7 e8e7 c3d5,1514,74,96,467,mate mateIn2 opening short,https://lichess.org/DK9xQNN7/black#20,Three_Knights_Opening Three_Knights_Opening_Other_variations,https://lichess.org/training/4xxsr,True,bottom-right 1,white,"[4, 6]","[3, 4]","[4, 4]","[5, 6]"
3b9aT,r2qkbnr/ppp2ppp/3p4/4N3/2B1P1b1/2N5/PPPPQPPP/R1B2RK1 b kq - 0 7,g4e2 c4f7 e8e7 c3d5,1514,75,81,196,attackingF2F7 mate mateIn2 opening short,https://lichess.org/qugF6jFo/black#14,Philidor_Defense Philidor_Defense_Other_variations,https://lichess.org/training/3b9aT,True,bottom-right 1,white,"[4, 6]","[3, 4]","[4, 4]","[5, 6]"
yyUr7,r1bqk2r/pppp1ppp/2n5/2b1p1B1/4n3/P1NP4/1PP2PPP/R2QKBNR w KQkq - 0 6,g5d8 c5f2 e1e2 c6d4,1514,77,87,632,attackingF2F7 mate mateIn2 opening short,https://lichess.org/jhYn526Y#11,Vienna_Game Vienna_Game_Mengarini_Variation,https://lichess.org/training/yyUr7,True,bottom-right 1,black,"[4, 6]","[3, 4]","[4, 4]","[5, 6]"
cf7rB,r2qkbnr/1pp2ppp/p1np4/4N3/2B1PPb1/2N5/PPPP2PP/R1BQK2R b KQkq - 0 6,g4d1 c4f7 e8e7 c3d5,1515,75,72,144,attackingF2F7 mate mateIn2 opening short,https://lichess.org/8skgxZFT/black#12,Kings_Gambit_Declined Kings_Gambit_Declined_Queens_Knight_Defense,https://lichess.org/training/cf7rB,True,bottom-right 1,white,"[4, 6]","[3, 4]","[4, 4]","[5, 6]"
OefwM,r2qkbnr/pp3pp1/2np3p/2p1N2b/2B1P3/1PN4P/P1PP1PP1/R1BQ1RK1 b kq - 0 8,h5d1 c4f7 e8e7 c3d5,1516,77,94,1250,attackingF2F7 mate mateIn2 opening short,https://lichess.org/7OE2XBjH/black#16,Sicilian_Defense Sicilian_Defense_Closed,https://lichess.org/training/OefwM,True,bottom-right 1,white,"[4, 6]","[3, 4]","[4, 4]","[5, 6]"
9Jq7o,r2qkbnr/ppp2pp1/2np3p/4N2b/1PB1P3/2N4P/P1PP1PP1/R1BQK2R b KQkq - 0 7,h5d1 c4f7 e8e7 c3d5,1516,78,75,66,attackingF2F7 mate mateIn2 opening short,https://lichess.org/oraRNG6i/black#14,Italian_Game Italian_Game_Paris_Defense,https://lichess.org/training/9Jq7o,True,bottom-right 1,white,"[4, 6]","[3, 4]","[4, 4]","[5, 6]"
IWNQ1,r2qkbnr/pp4pp/3p1p2/4N3/2B1P1b1/2N5/PP3PPP/R1BQK2R b KQkq - 0 9,g4d1 c4f7 e8e7 c3d5,1516,75,86,109,mate mateIn2 opening short,https://lichess.org/Hmw1zFmc/black#18,Sicilian_Defense Sicilian_Defense_Delayed_Alapin,https://lichess.org/training/IWNQ1,True,bottom-right 1,white,"[4, 6]","[3, 4]","[4, 4]","[5, 6]"
XP153,1r1qkbnr/2p2ppp/p2p4/1p1BN2b/3nP3/2N4P/PPPP1PP1/R1BQ1RK1 b k - 0 10,h5d1 d5f7 e8e7 c3d5,1516,76,90,247,attackingF2F7 mate mateIn2 middlegame short,https://lichess.org/6JfzoCtm/black#20,Ruy_Lopez Ruy_Lopez_Steinitz_Defense,https://lichess.org/training/XP153,True,bottom-right 1,white,"[4, 6]","[3, 4]","[4, 4]","[5, 6]"
MR6OI,r2qkbnr/ppp2pp1/2np3p/4N3/2B1Ppb1/2N5/PPPP2PP/R1BQ1RK1 b kq - 1 7,g4d1 c4f7 e8e7 c3d5,1517,75,92,554,attackingF2F7 mate mateIn2 opening short,https://lichess.org/Zw8T1Rf8/black#14,Kings_Gambit_Declined Kings_Gambit_Declined_Queens_Knight_Defense,https://lichess.org/training/MR6OI,True,bottom-right 1,white,"[4, 6]","[3, 4]","[4, 4]","[5, 6]"
3uADR,r2qkbnr/ppp2ppp/n2p4/4N3/2B1P1b1/2N5/PPPP1PPP/R1BQK2R b KQkq - 0 5,g4d1 c4f7 e8e7 c3d5,1518,76,74,75,attackingF2F7 mate mateIn2 opening short,https://lichess.org/bQeLSAlg/black#10,Philidor_Defense Philidor_Defense_Other_variations,https://lichess.org/training/3uADR,True,bottom-right 1,white,"[4, 6]","[3, 4]","[4, 4]","[5, 6]"
VJfWi,r1bqk2r/bppp1ppp/6n1/p2P2B1/2P1n3/P4N2/1P3PPP/R2QKB1R w KQkq - 0 11,g5d8 a7f2 e1e2 g6f4,1519,74,95,3128,attackingF2F7 mate mateIn2 opening short,https://lichess.org/J1xvPjnA#21,English_Opening English_Opening_Kings_English_Variation,https://lichess.org/training/VJfWi,True,top-right 1,black,"[4, 6]","[3, 4]","[4, 4]","[5, 6]"
pZSsh,r3k2r/pppbqp1p/2np4/2bNpPB1/4n3/3P3P/PPP5/R2QKBNR w KQkq - 0 11,g5e7 c5f2 e1e2 c6d4,1520,75,92,773,mate mateIn2 middlegame short,https://lichess.org/sjHj2VO8#21,Vienna_Game Vienna_Game_Max_Lange_Defense,https://lichess.org/training/pZSsh,True,bottom-right 1,black,"[4, 6]","[3, 4]","[4, 4]","[5, 6]"
dcyUN,r2qkb1r/1pp2ppp/p2p1n2/4N1B1/2BnP1b1/2NP4/PPP2PPP/R2Q1RK1 b kq - 0 8,g4d1 c4f7 e8e7 c3d5,1520,75,89,6234,attackingF2F7 mate mateIn2 middlegame short,https://lichess.org/gsLFXuz1/black#16,Italian_Game Italian_Game_Other_variations,https://lichess.org/training/dcyUN,True,bottom-right 1,white,"[4, 6]","[3, 4]","[4, 4]","[5, 6]"
u0hnn,r2qkbnr/ppp4p/2np1p2/4N1p1/2BPPpbP/2N5/PPP3P1/R1BQK2R b KQkq - 4 8,g4d1 c4f7 e8e7 c3d5,1520,74,84,358,mate mateIn2 middlegame short,https://lichess.org/XUmHqwrI/black#16,Kings_Gambit_Accepted Kings_Gambit_Accepted_Fischer_Defense,https://lichess.org/training/u0hnn,True,bottom-right 1,white,"[4, 6]","[3, 4]","[4, 4]","[5, 6]"
pPxwS,r2qkb1r/ppp2ppp/2np4/4N3/2BpPPb1/2N5/PPP5/R1BQK2R b KQkq - 1 10,g4d1 c4f7 e8e7 c3d5,1520,74,87,229,attackingF2F7 mate mateIn2 opening short,https://lichess.org/sUm8ySvi/black#20,Vienna_Game Vienna_Game_Stanley_Variation,https://lichess.org/training/pPxwS,True,bottom-right 1,white,"[4, 6]","[3, 4]","[4, 4]","[5, 6]"
UTJOg,r2qkbnr/ppp2Bp1/2np3p/4N3/4P3/2N5/PPPP1PPP/R1Bb1RK1 b kq - 0 7,e8e7 c3d5,1521,92,80,426,mate mateIn1 oneMove opening,https://lichess.org/dIwf5XWV/black#14,,https://lichess.org/training/UTJOg,True,bottom-right 1,white,"[4, 6]","[3, 4]","[4, 4]","[5, 6]"
J0339,r1bq1rk1/pppp2pp/2n5/2b1pPB1/2P1n3/3P4/PP3PPP/R2QKBNR w KQ - 0 8,g5d8 c5f2 e1e2 c6d4,1521,75,93,1370,attackingF2F7 mate mateIn2 middlegame short,https://lichess.org/xi25cjWn#15,English_Opening English_Opening_Kings_English_Variation,https://lichess.org/training/J0339,True,bottom-right 1,black,"[4, 6]","[3, 4]","[4, 4]","[5, 6]"
LIEQ3,r2qkb1r/pp3ppp/3p1n2/2p1N1Bb/2BnP3/2NP3P/PPP2PP1/R2Q1RK1 b kq - 0 9,h5d1 c4f7 e8e7 c3d5,1521,78,89,1555,attackingF2F7 mate mateIn2 middlegame short,https://lichess.org/9JXuL3yP/black#18,Sicilian_Defense Sicilian_Defense_Closed,https://lichess.org/training/LIEQ3,True,bottom-right 1,white,"[4, 6]","[3, 4]","[4, 4]","[5, 6]"
nfb6b,r2qkb1r/ppp2pp1/3p1n1p/4N1B1/2BnP1b1/2N5/PPP2PPP/R2Q1RK1 b kq - 0 8,g4d1 c4f7 e8e7 c3d5,1521,78,94,22802,attackingF2F7 mate mateIn2 middlegame pin short,https://lichess.org/7RlBrZdD/black#16,Italian_Game Italian_Game_Scotch_Gambit_Declined,https://lichess.org/training/nfb6b,True,bottom-right 1,white,"[4, 6]","[3, 4]","[4, 4]","[5, 6]"
zGWNz,r2qkbnr/ppp3p1/3p3p/4N3/2B1Ppb1/2N5/PPP2PPP/R1BQ1RK1 b kq - 0 9,g4d1 c4f7 e8e7 c3d5,1521,77,96,28495,mate mateIn2 opening short,https://lichess.org/R7aejScP/black#18,Philidor_Defense Philidor_Defense_Other_variations,https://lichess.org/training/zGWNz,True,bottom-right 1,white,"[4, 6]","[3, 4]","[4, 4]","[5, 6]"
txllp,r2qkbnr/ppp3p1/3p4/4N2p/2BnPpb1/2NP3P/PPP2PP1/R1BQR1K1 b kq - 0 9,g4d1 c4f7 e8e7 c3d5,1522,75,95,29125,mate mateIn2 opening short,https://lichess.org/gYpncYlb/black#18,Italian_Game Italian_Game_Other_variations,https://lichess.org/training/txllp,True,bottom-right 1,white,"[4, 6]","[3, 4]","[4, 4]","[5, 6]"
TukCw,rn1qkb1r/ppp3p1/3p1n1p/4N1B1/2B1P1b1/2N5/PPP2PPP/R2QK2R b KQkq - 0 8,g4d1 c4f7 e8e7 c3d5,1522,74,79,81,mate mateIn2 middlegame pin short,https://lichess.org/8ubjeOl5/black#16,Philidor_Defense Philidor_Defense_Other_variations,https://lichess.org/training/TukCw,True,bottom-right 1,white,"[4, 6]","[3, 4]","[4, 4]","[5, 6]"
RTJuh,r2qkb1r/5ppp/p2p1n2/1p2N1B1/3nP1b1/1BN5/PPP2PPP/R2QK2R b KQkq - 0 11,g4d1 b3f7 e8e7 c3d5,1522,75,93,5755,attackingF2F7 mate mateIn2 middlegame pin short,https://lichess.org/tm7mQSiv/black#22,Sicilian_Defense Sicilian_Defense_Other_variations,https://lichess.org/training/RTJuh,True,bottom-right 1,white,"[4, 6]","[3, 4]","[4, 4]","[5, 6]"
2JICZ,r2qkbnr/1p3ppp/p2p4/2p1N3/2BnPPb1/2NP4/PPP3PP/R1BQ1RK1 b kq - 0 8,g4d1 c4f7 e8e7 c3d5,1522,81,32,82,attackingF2F7 mate mateIn2 middlegame short,https://lichess.org/Qe0LxTUd/black#16,Sicilian_Defense Sicilian_Defense_McDonnell_Attack,https://lichess.org/training/2JICZ,True,bottom-right 1,white,"[4, 6]","[3, 4]","[4, 4]","[5, 6]"
IM2Ie,r1bqk2r/1ppp2p1/2n5/p1b1pPBp/2P1n3/P2P4/1P3PPP/R2QKBNR w KQkq - 0 9,g5d8 c5f2 e1e2 c6d4,1522,85,81,60,attackingF2F7 mate mateIn2 middlegame short,https://lichess.org/fhItqm6q#17,English_Opening English_Opening_Kings_English_Variation,https://lichess.org/training/IM2Ie,True,bottom-right 1,black,"[4, 6]","[3, 4]","[4, 4]","[5, 6]"
F6kf8,3r1rk1/ppp1qpp1/2n5/2b1p1B1/2P1n3/P2P1P1P/1P6/R2QKBNR w KQ - 0 16,g5e7 c5f2 e1e2 c6d4,1523,76,96,24016,mate mateIn2 middlegame short,https://lichess.org/QfCxHdoN#31,Kings_Pawn_Game Kings_Pawn_Game_Kings_Head_Opening,https://lichess.org/training/F6kf8,True,bottom-right 1,black,"[4, 6]","[3, 4]","[4, 4]","[5, 6]"
KDQE5,r2qkbnr/ppp3pp/2np1p2/4N3/2B1P1b1/2N5/PB3PPP/R2Q1RK1 b kq - 3 9,g4d1 c4f7 e8e7 c3d5,1523,77,82,115,mate mateIn2 middlegame short,https://lichess.org/OuIWXQdX/black#18,Scotch_Game Scotch_Game_Goring_Gambit,https://lichess.org/training/KDQE5,True,bottom-right 1,white,"[4, 6]","[3, 4]","[4, 4]","[5, 6]"
o9jiD,r2qkb1r/1p3ppp/p2p1n2/4N1Bb/2BnP3/P1N4P/1P3PP1/R2Q1RK1 b kq - 0 16,h5d1 c4f7 e8e7 c3d5,1524,78,94,525,attackingF2F7 mate mateIn2 middlegame pin short,https://lichess.org/cAX9Ok1t/black#32,Sicilian_Defense Sicilian_Defense_Smith-Morra_Gambit_Accepted,https://lichess.org/training/o9jiD,True,bottom-right 1,white,"[4, 6]","[3, 4]","[4, 4]","[5, 6]"
Uiduw,r1bqk2r/pppp1pp1/2n4p/2b1p3/P1P1n2B/3P4/1P3PPP/RN1QKBNR w KQkq - 0 7,h4d8 c5f2 e1e2 c6d4,1524,76,96,11700,attackingF2F7 mate mateIn2 opening short,https://lichess.org/UTjMGOCf#13,Kings_Pawn_Game Kings_Pawn_Game_Other_variations,https://lichess.org/training/Uiduw,True,bottom-right 1,black,"[4, 6]","[3, 4]","[4, 4]","[5, 6]"
MxAyu,r2qkb1r/pp3p1p/3p1pp1/2p1N3/2BnP1b1/2NP4/PPP2PPP/R2Q1RK1 b kq - 1 9,g4d1 c4f7 e8e7 c3d5,1524,75,94,3278,attackingF2F7 mate mateIn2 middlegame short,https://lichess.org/z6wdBBuu/black#18,Sicilian_Defense Sicilian_Defense_Old_Sicilian,https://lichess.org/training/MxAyu,True,bottom-right 1,white,"[4, 6]","[3, 4]","[4, 4]","[5, 6]"
y07Ui,r2qkbnr/ppp3p1/2np1p1p/4N3/2BPP1b1/2N5/PPP2PPP/R1BQ1RK1 b kq - 0 7,g4d1 c4f7 e8e7 c3d5,1526,76,94,15887,mate mateIn2 opening short,https://lichess.org/fiHUzAgX/black#14,Italian_Game Italian_Game_Anti-Fried_Liver_Defense,https://lichess.org/training/y07Ui,True,bottom-right 1,white,"[4, 6]","[3, 4]","[4, 4]","[5, 6]"
vDAHd,r2qk2r/pppb1ppp/1bn5/3Np1B1/1P2n3/P2P4/2P2PPP/R2QKB1R w KQkq - 0 11,g5d8 b6f2 e1e2 c6d4,1526,76,95,28255,attackingF2F7 mate mateIn2 middlegame short,https://lichess.org/Tp0fyNve#21,Zukertort_Opening Zukertort_Opening_Tennison_Gambit,https://lichess.org/training/vDAHd,True,bottom-right 1,black,"[4, 6]","[3, 4]","[4, 4]","[5, 6]"
q1zGE,r2qkb1r/ppp2ppp/2np4/4N3/2B1PPb1/2N5/PPPP4/R1BQK2R b KQkq - 0 9,g4d1 c4f7 e8e7 c3d5,1526,75,95,16358,attackingF2F7 mate mateIn2 opening short,https://lichess.org/9fEKI2ET/black#18,Kings_Gambit Kings_Gambit_Other_variations,https://lichess.org/training/q1zGE,True,bottom-right 1,white,"[4, 6]","[3, 4]","[4, 4]","[5, 6]"
dyWmW,r2qkb1r/ppp3pp/3p1pn1/4N3/4P1b1/1BN5/PPP2PPP/R1BQ1RK1 b kq - 0 10,g4d1 b3f7 e8e7 c3d5,1526,77,94,401,mate mateIn2 opening short,https://lichess.org/QeuIYqXn/black#20,Scotch_Game Scotch_Game_Other_variations,https://lichess.org/training/dyWmW,True,bottom-right 1,white,"[4, 6]","[3, 4]","[4, 4]","[5, 6]"
sbcer,r2qkbnr/ppp2pp1/3p3p/4N3/2B3b1/2N5/PB3PPP/R2Q1RK1 b kq - 0 10,g4d1 c4f7 e8e7 c3d5,1526,77,87,203,attackingF2F7 mate mateIn2 middlegame short,https://lichess.org/7gBvFnvo/black#20,Danish_Gambit_Accepted Danish_Gambit_Accepted_Other_variations,https://lichess.org/training/sbcer,True,bottom-right 1,white,"[4, 6]","[3, 4]","[4, 4]","[5, 6]"
PGgCo,rn1qkbnr/1pp2p2/p2p3p/4N1pb/2BPPp2/2N4P/PPP3P1/R1BQ1RK1 b kq - 2 9,h5d1 c4f7 e8e7 c3d5,1526,76,99,678,attackingF2F7 mate mateIn2 opening short,https://lichess.org/UdlH8t5x/black#18,Kings_Gambit_Accepted Kings_Gambit_Accepted_Becker_Defense,https://lichess.org/training/PGgCo,True,bottom-right 1,white,"[4, 6]","[3, 4]","[4, 4]","[5, 6]"
X2VwE,r2qkb1r/1pp3pp/p2p1p2/n3N3/P3P1b1/2NP4/BPP3PP/R1BQ1RK1 b kq - 0 11,g4d1 a2f7 e8e7 c3d5,1527,83,37,40,mate mateIn2 opening short,https://lichess.org/8FK1JiK4/black#22,Kings_Gambit Kings_Gambit_Other_variations,https://lichess.org/training/X2VwE,True,bottom-right 1,white,"[4, 6]","[3, 4]","[4, 4]","[5, 6]"
ZWXNP,r2qkbnr/ppp4p/2np1p2/4N1p1/2BPPpb1/2N5/PPP3PP/R1BQ1RK1 b kq - 3 8,g4d1 c4f7 e8e7 c3d5,1529,76,90,980,mate mateIn2 opening short,https://lichess.org/fbJtGXGM/black#16,Kings_Gambit_Accepted Kings_Gambit_Accepted_Kings_Knights_Gambit,https://lichess.org/training/ZWXNP,True,bottom-right 1,white,"[4, 6]","[3, 4]","[4, 4]","[5, 6]"
h9dJ4,r2qkbnr/pp3ppp/2np4/2p1N2b/2B1P3/P1N4P/1PPP1PP1/R1BQK2R b KQkq - 0 7,h5d1 c4f7 e8e7 c3d5,1529,78,93,11463,attackingF2F7 mate mateIn2 opening short,https://lichess.org/tspfU6QG/black#14,Sicilian_Defense Sicilian_Defense_Old_Sicilian,https://lichess.org/training/h9dJ4,True,bottom-right 1,white,"[4, 6]","[3, 4]","[4, 4]","[5, 6]"
C89sk,r2qkbnr/ppp2pp1/2np4/4N3/2B1PPbp/2N5/PPPP2PP/R1BQ1RK1 b kq - 0 7,g4d1 c4f7 e8e7 c3d5,1529,76,95,23789,attackingF2F7 mate mateIn2 opening short,https://lichess.org/KJDPlSrD/black#14,Kings_Gambit_Declined Kings_Gambit_Declined_Queens_Knight_Defense,https://lichess.org/training/C89sk,True,bottom-right 1,white,"[4, 6]","[3, 4]","[4, 4]","[5, 6]"
RUAwl,r2qkbnr/1pp3pp/p1np1p2/4N2b/2B1P3/2NPB2P/PPP2PP1/R2QK2R b KQkq - 0 8,h5d1 c4f7 e8e7 c3d5,1529,75,84,628,mate mateIn2 middlegame short,https://lichess.org/UH4Csx4C/black#16,Philidor_Defense Philidor_Defense_Other_variations,https://lichess.org/training/RUAwl,True,bottom-right 1,white,"[4, 6]","[3, 4]","[4, 4]","[5, 6]"
6MKAf,r2qkb1r/ppp2ppp/3p4/4N3/2B1P1b1/2N5/PP3PPP/R2QK2R b KQkq - 0 11,g4d1 c4f7 e8e7 c3d5,1530,76,98,3316,attackingF2F7 mate mateIn2 middlegame short,https://lichess.org/TK99xHdc/black#22,Italian_Game Italian_Game_Scotch_Invitation_Declined,https://lichess.org/training/6MKAf,True,bottom-right 1,white,"[4, 6]","[3, 4]","[4, 4]","[5, 6]"
7bXrD,r2qkb1r/1p3pp1/p2p3p/2p1N3/P1BnP1b1/2NP4/1PP2P1B/R2Q1RK1 b kq - 0 14,g4d1 c4f7 e8e7 c3d5,1530,76,97,7376,attackingF2F7 mate mateIn2 middlegame short,https://lichess.org/FJaKged3/black#28,Sicilian_Defense Sicilian_Defense_Bowdler_Attack,https://lichess.org/training/7bXrD,True,bottom-right 1,white,"[4, 6]","[3, 4]","[4, 4]","[5, 6]"
5HaPq,r2qkbnr/pp3p1p/3p4/2p1N1p1/4Ppb1/1BNP4/PPP3PP/R1BQ1RK1 b kq - 0 9,g4d1 b3f7 e8e7 c3d5,1530,79,94,10493,attackingF2F7 mate mateIn2 middlegame short,https://lichess.org/LR06qtP3/black#18,Sicilian_Defense Sicilian_Defense_Closed,https://lichess.org/training/5HaPq,True,bottom-right 1,white,"[4, 6]","[3, 4]","[4, 4]","[5, 6]"
EmvsI,rn1qkb1r/ppp2p2/3p3p/4N1pn/2BPPpbP/2N5/PPP3P1/R1BQ1RK1 b kq - 1 9,g4d1 c4f7 e8e7 c3d5,1533,76,88,1169,attackingF2F7 mate mateIn2 middlegame short,https://lichess.org/wIm4kafU/black#18,Kings_Gambit_Accepted Kings_Gambit_Accepted_Becker_Defense,https://lichess.org/training/EmvsI,True,bottom-right 1,white,"[4, 6]","[3, 4]","[4, 4]","[5, 6]"
mb674,r2qkbnr/ppp4p/3p4/4N1p1/2B2pb1/2N5/PPP3PP/R1BQ1RK1 b kq - 0 10,g4d1 c4f7 e8e7 c3d5,1534,84,60,68,mate mateIn2 opening short,https://lichess.org/ZzpdBJJv/black#20,Kings_Gambit_Accepted Kings_Gambit_Accepted_Fischer_Defense,https://lichess.org/training/mb674,True,bottom-right 1,white,"[4, 6]","[3, 4]","[4, 4]","[5, 6]"
nGaZy,r2qkbnr/ppp2pp1/2np3p/4N2b/P1B1P3/2N4P/1PPP1PP1/R1BQK2R b KQkq - 0 7,h5d1 c4f7 e8e7 c3d5,1535,75,87,255,attackingF2F7 mate mateIn2 opening short,https://lichess.org/dEgRDlzR/black#14,Kings_Knight_Opening Kings_Knight_Opening_Normal_Variation,https://lichess.org/training/nGaZy,True,bottom-right 1,white,"[4, 6]","[3, 4]","[4, 4]","[5, 6]"
TfzkS,r2qkbnr/ppp3pp/2np4/4N3/2BPPpb1/2N5/PPP2PPP/R1BQ1RK1 b kq - 0 7,g4d1 c4f7 e8e7 c3d5,1535,78,95,25480,mate mateIn2 opening short,https://lichess.org/U1bHOiS9/black#14,Latvian_Gambit Latvian_Gambit_Mlotkowski_Variation,https://lichess.org/training/TfzkS,True,bottom-right 1,white,"[4, 6]","[3, 4]","[4, 4]","[5, 6]"
4IVRT,rn1qkb1r/ppp2ppp/3p2n1/4N2b/2B1P3/2N4P/PPPP1PP1/R1BQ1RK1 b kq - 0 7,h5d1 c4f7 e8e7 c3d5,1536,76,98,3322,attackingF2F7 mate mateIn2 opening short,https://lichess.org/lffo9oFm/black#14,Philidor_Defense Philidor_Defense_Other_variations,https://lichess.org/training/4IVRT,True,bottom-right 1,white,"[4, 6]","[3, 4]","[4, 4]","[5, 6]"
6rG11,r2qkbnr/pp3ppp/3p4/2p1N3/2B1Ppb1/2NP4/PPP3PP/R1BQ1RK1 b kq - 0 8,g4d1 c4f7 e8e7 c3d5,1536,78,94,8288,attackingF2F7 mate mateIn2 opening short,https://lichess.org/3ZzAmlWv/black#16,Sicilian_Defense Sicilian_Defense_Grand_Prix_Attack,https://lichess.org/training/6rG11,True,bottom-right 1,white,"[4, 6]","[3, 4]","[4, 4]","[5, 6]"
HYaRh,r1bqk2r/pppp1ppp/2n5/2b1p1B1/4n3/2NP4/PPP2PPP/R2QKBNR w KQkq - 0 6,g5d8 c5f2 e1e2 c6d4,1536,74,87,2040,attackingF2F7 mate mateIn2 opening short,https://lichess.org/D4IHp7FS#11,Vienna_Game Vienna_Game_Max_Lange_Defense,https://lichess.org/training/HYaRh,True,bottom-right 1,black,"[4, 6]","[3, 4]","[4, 4]","[5, 6]"
fKjvN,r2qkb1r/1p3p1p/p2p3p/2p1Np2/P1B1P1b1/2NP4/1PP3PP/R2Q1RK1 b kq - 0 11,g4d1 c4f7 e8e7 c3d5,1536,76,98,445,attackingF2F7 mate mateIn2 middlegame short,https://lichess.org/zh3eimbT/black#22,Sicilian_Defense Sicilian_Defense_Grand_Prix_Attack,https://lichess.org/training/fKjvN,True,bottom-right 1,white,"[4, 6]","[3, 4]","[4, 4]","[5, 6]"
3l8vN,r1bqk2r/pppp1ppp/2n5/2b1p1B1/4n3/2NP2P1/PPP2P1P/R2QKBNR w KQkq - 0 6,g5d8 c5f2 e1e2 c6d4,1536,77,90,1310,attackingF2F7 master mate mateIn2 opening short,https://lichess.org/vBtrlgT2#11,Vienna_Game Vienna_Game_Paulsen_Variation,https://lichess.org/training/3l8vN,True,bottom-right 1,black,"[4, 6]","[3, 4]","[4, 4]","[5, 6]"
WkcJQ,rn1qkb1r/ppp2pp1/3p3p/4N2n/2BPPpbP/2N5/PPP3P1/R1BQK2R b KQkq - 4 8,g4d1 c4f7 e8e7 c3d5,1537,77,97,10929,attackingF2F7 mate mateIn2 opening short,https://lichess.org/uITBNB4j/black#16,Kings_Gambit_Accepted Kings_Gambit_Accepted_Becker_Defense,https://lichess.org/training/WkcJQ,True,bottom-right 1,white,"[4, 6]","[3, 4]","[4, 4]","[5, 6]"
Bk6e4,r1bqkb1r/pppp1ppp/8/4N3/2B1P1n1/2N5/PP1P1PPP/n1BK3R b kq - 0 8,d7d6 c4f7 e8e7 c3d5,1538,76,73,216,attackingF2F7 mate mateIn2 middlegame short,https://lichess.org/Rgn7IWQR/black#16,Bishops_Opening Bishops_Opening_Other_variations,https://lichess.org/training/Bk6e4,True,bottom-right 1,white,"[4, 6]","[3, 4]","[4, 4]","[5, 6]"
HmVKF,r2qkbnr/1pp2pp1/p1np3p/4N3/2B1P1b1/P1N3P1/1PPP1P1P/R1BQK2R b KQkq - 0 7,g4d1 c4f7 e8e7 c3d5,1538,75,88,1312,attackingF2F7 mate mateIn2 opening short,https://lichess.org/dCiVDZ7M/black#14,St_George_Defense St_George_Defense_Other_variations,https://lichess.org/training/HmVKF,True,bottom-right 1,white,"[4, 6]","[3, 4]","[4, 4]","[5, 6]"
jApUz,r2qk2r/ppp2ppp/4b3/2b2nB1/4n3/3P4/PPP2PPP/R2QKBNR w KQkq - 0 10,g5d8 c5f2 e1e2 f5d4,1539,77,86,522,attackingF2F7 mate mateIn2 middlegame short,https://lichess.org/XviXDken#19,Alekhine_Defense Alekhine_Defense_Scandinavian_Variation,https://lichess.org/training/jApUz,True,bottom-right 1,black,"[4, 6]","[3, 4]","[4, 4]","[5, 6]"
kAR5z,r2qkbnr/ppp2pp1/2np4/4N2p/2B1P1b1/2N5/PPPP1PPP/R1BQ1RK1 b kq - 0 6,g4d1 c4f7 e8e7 c3d5,1539,77,95,29775,attackingF2F7 mate mateIn2 opening short,https://lichess.org/wSR0QVoM/black#12,Italian_Game Italian_Game_Other_variations,https://lichess.org/training/kAR5z,True,bottom-right 1,white,"[4, 6]","[3, 4]","[4, 4]","[5, 6]"
mR9BC,rn1qkbnr/1pp3p1/p2p1p1p/4N3/2BPPBb1/2N5/PPP3PP/R2QK2R b KQkq - 1 8,g4d1 c4f7 e8e7 c3d5,1540,76,95,18350,mate mateIn2 middlegame short,https://lichess.org/geT41qqi/black#16,Kings_Gambit_Accepted Kings_Gambit_Accepted_Becker_Defense,https://lichess.org/training/mR9BC,True,bottom-right 1,white,"[4, 6]","[3, 4]","[4, 4]","[5, 6]"
ldh4G,r2qkb1r/ppp2ppp/3p4/4N2n/2BnPPb1/2NP4/PPP3PP/R1BQ1RK1 b kq - 0 8,g4d1 c4f7 e8e7 c3d5,1541,75,96,10396,attackingF2F7 mate mateIn2 opening short,https://lichess.org/5Gzqq1MV/black#16,Kings_Gambit_Declined Kings_Gambit_Declined_Queens_Knight_Defense,https://lichess.org/training/ldh4G,True,bottom-right 1,white,"[4, 6]","[3, 4]","[4, 4]","[5, 6]"
62ZkQ,r1bq1rk1/pppp1ppp/1bn5/3Np1B1/1PP1n3/P2P4/5PPP/R2QKBNR w KQ - 0 9,g5d8 b6f2 e1e2 c6d4,1542,78,93,6302,attackingF2F7 mate mateIn2 middlegame short,https://lichess.org/QMq5L8xM#17,Vienna_Game Vienna_Game_Falkbeer_Variation,https://lichess.org/training/62ZkQ,True,bottom-right 1,black,"[4, 6]","[3, 4]","[4, 4]","[5, 6]"
IG9qg,r2qkbnr/ppp2Bp1/2np4/4N3/4PP1p/2N5/PPPP2PP/R1Bb1RK1 b kq - 0 8,e8e7 c3d5,1542,80,91,5234,mate mateIn1 middlegame oneMove,https://lichess.org/Ojfx9MvQ/black#16,Kings_Gambit_Declined Kings_Gambit_Declined_Queens_Knight_Defense,https://lichess.org/training/IG9qg,True,bottom-right 1,white,"[4, 6]","[3, 4]","[4, 4]","[5, 6]"
nHCnF,rn1qkbnr/pp4pp/3p1p2/2p1N3/2B1P1b1/2N5/PP3PPP/R1BQ1RK1 b kq - 3 8,g4d1 c4f7 e8e7 c3d5,1543,75,95,10825,mate mateIn2 opening short,https://lichess.org/cmczuyM6/black#16,Center_Game Center_Game_Kieseritzky_Variation,https://lichess.org/training/nHCnF,True,bottom-right 1,white,"[4, 6]","[3, 4]","[4, 4]","[5, 6]"
LU9MQ,r1bqk2r/pppp1pp1/2n4p/2b1N3/4n2B/3P4/PPP2PPP/RN1QKB1R w KQkq - 0 7,h4d8 c5f2 e1e2 c6d4,1543,76,97,1315,attackingF2F7 mate mateIn2 opening short,https://lichess.org/QQzZymGZ#13,Kings_Knight_Opening Kings_Knight_Opening_Normal_Variation,https://lichess.org/training/LU9MQ,True,bottom-right 1,black,"[4, 6]","[3, 4]","[4, 4]","[5, 6]"
Hinwb,r1bqk2r/ppp2pp1/1b1p2n1/3Pp1Bp/1PN1n2P/2P2N2/P4PP1/R2QKB1R w KQkq - 0 11,g5d8 b6f2 e1e2 g6f4,1543,76,92,264,attackingF2F7 mate mateIn2 middlegame short,https://lichess.org/QSvyfvQh#21,Nimzowitsch_Defense Nimzowitsch_Defense_Kennedy_Variation,https://lichess.org/training/Hinwb,True,top-right 1,black,"[4, 6]","[3, 4]","[4, 4]","[5, 6]"
5qVGM,rn1qkbnr/ppp2p2/3p3p/4N1p1/2BPPpb1/2N5/PPP3PP/R1BQK2R b KQkq - 3 7,g4d1 c4f7 e8e7 c3d5,1544,78,94,17054,attackingF2F7 mate mateIn2 opening short,https://lichess.org/7MWm43fa/black#14,Kings_Gambit_Accepted Kings_Gambit_Accepted_Becker_Defense,https://lichess.org/training/5qVGM,True,bottom-right 1,white,"[4, 6]","[3, 4]","[4, 4]","[5, 6]"
G5SA0,6k1/ppN3p1/5n2/2Pr4/3n4/KbQ5/4r1PP/7R w - - 0 25,c7d5 e2a2 a3b4 f6d5,1544,76,96,3407,intermezzo mate mateIn2 middlegame short,https://lichess.org/ndlmqdWk#49,,https://lichess.org/training/G5SA0,True,bottom-left 2,black,"[4, 6]","[3, 4]","[4, 4]","[5, 6]"
c4WPz,r2qkbnr/pp3ppp/2np4/2p1N2b/2B1Pp2/2N4P/PPPP2P1/R1BQ1RK1 b kq - 2 8,h5d1 c4f7 e8e7 c3d5,1545,78,94,5176,attackingF2F7 mate mateIn2 opening short,https://lichess.org/2Nb7BJXB/black#16,Kings_Gambit_Declined Kings_Gambit_Declined_Mafia_Defense,https://lichess.org/training/c4WPz,True,bottom-right 1,white,"[4, 6]","[3, 4]","[4, 4]","[5, 6]"
6Mhmf,r2qkbnr/ppp3pp/2np1p2/4N2b/2B1P3/2N4P/PPPP1PP1/R1BQ1RK1 b kq - 0 7,h5d1 c4f7 e8e7 c3d5,1545,74,96,27877,mate mateIn2 opening short,https://lichess.org/fTVaffvr/black#14,Philidor_Defense Philidor_Defense_Other_variations,https://lichess.org/training/6Mhmf,True,bottom-right 1,white,"[4, 6]","[3, 4]","[4, 4]","[5, 6]"
pKQ1C,r2qkb1r/1p3ppp/p2p1n2/4N1B1/2BnP1b1/2N5/PPP2PPP/R2Q1RK1 b kq - 0 10,g4d1 c4f7 e8e7 c3d5,1545,77,94,1389,attackingF2F7 mate mateIn2 middlegame pin short,https://lichess.org/FuXocv2Y/black#20,Sicilian_Defense Sicilian_Defense_Najdorf_Variation,https://lichess.org/training/pKQ1C,True,bottom-right 1,white,"[4, 6]","[3, 4]","[4, 4]","[5, 6]"
XW7aV,rn1qkb1r/ppp2pp1/3p3p/4N3/2B1P1b1/2N5/PPPP1P2/R1BQ1RK1 b kq - 0 9,g4d1 c4f7 e8e7 c3d5,1545,76,94,24048,attackingF2F7 mate mateIn2 opening short,https://lichess.org/M4KLMu0r/black#18,Philidor_Defense Philidor_Defense_Other_variations,https://lichess.org/training/XW7aV,True,bottom-right 1,white,"[4, 6]","[3, 4]","[4, 4]","[5, 6]"
dXkt1,r2qkbnr/ppp2Bp1/2np3p/4N3/4PP2/2N4P/PPPP2P1/R1BbK2R b KQkq - 0 8,e8e7 c3d5,1546,79,74,231,mate mateIn1 middlegame oneMove,https://lichess.org/UUURjxgF/black#16,Kings_Gambit_Declined Kings_Gambit_Declined_Queens_Knight_Defense,https://lichess.org/training/dXkt1,True,bottom-right 1,white,"[4, 6]","[3, 4]","[4, 4]","[5, 6]"
Q1gvp,r2qkbnr/1pp2pp1/p1np3p/4N2b/2BpP3/1PN4P/PBP2PP1/R2QK2R b KQkq - 1 9,h5d1 c4f7 e8e7 c3d5,1546,76,43,121,attackingF2F7 mate mateIn2 middlegame short,https://lichess.org/ug9ndMNB/black#18,Italian_Game Italian_Game_Anti-Fried_Liver_Defense,https://lichess.org/training/Q1gvp,True,bottom-right 1,white,"[4, 6]","[3, 4]","[4, 4]","[5, 6]"
rh834,r2qkb1r/ppp2ppn/2np3p/4N1Pb/4P2P/1BNP4/PPP2P2/R1BQK2R b KQkq - 0 11,h5d1 b3f7 e8e7 c3d5,1548,77,96,30277,attackingF2F7 mate mateIn2 middlegame short,https://lichess.org/OFgNIbmJ/black#22,Italian_Game Italian_Game_Other_variations,https://lichess.org/training/rh834,True,bottom-right 1,white,"[4, 6]","[3, 4]","[4, 4]","[5, 6]"
ftsIw,r2qkbnr/2p2ppp/p2p4/1p2N3/3nP1b1/P1N5/BPPP1PPP/R1BQ1RK1 b kq - 0 8,g4d1 a2f7 e8e7 c3d5,1548,77,94,1215,attackingF2F7 mate mateIn2 middlegame short,https://lichess.org/03tZBF8s/black#16,Philidor_Defense Philidor_Defense_Other_variations,https://lichess.org/training/ftsIw,True,bottom-right 1,white,"[4, 6]","[3, 4]","[4, 4]","[5, 6]"
NDs9D,r2q1bnr/ppp1kBpp/2np4/4N1B1/4P3/2N5/PP3PPP/R2bK2R b KQ - 2 9,g8f6 c3d5,1549,81,81,261,mate mateIn1 middlegame oneMove pin,https://lichess.org/jp4FenoZ/black#18,Danish_Gambit Danish_Gambit_Other_variations,https://lichess.org/training/NDs9D,True,bottom-right 1,white,"[4, 6]","[3, 4]","[4, 4]","[5, 6]"
zpTSL,r2qkbnr/pp3pp1/3p3p/1Pp1N3/2BnP1b1/2N5/P1PP1PPP/R1BQ1RK1 b kq - 0 8,g4d1 c4f7 e8e7 c3d5,1550,76,95,5460,attackingF2F7 mate mateIn2 middlegame short,https://lichess.org/s22KJqsz/black#16,Sicilian_Defense Sicilian_Defense_Wing_Gambit,https://lichess.org/training/zpTSL,True,bottom-right 1,white,"[4, 6]","[3, 4]","[4, 4]","[5, 6]"
26W3K,r1bqk2r/ppp2p2/2np4/2bNp1B1/4n3/3P4/PPP2PPP/R2QKB1R w KQkq - 0 10,g5d8 c5f2 e1e2 c6d4,1550,77,85,127,attackingF2F7 mate mateIn2 opening short,https://lichess.org/1omJUuCa#19,Russian_Game Russian_Game_Three_Knights_Game,https://lichess.org/training/26W3K,True,bottom-right 1,black,"[4, 6]","[3, 4]","[4, 4]","[5, 6]"
wSn6E,rn1qkb1r/1pp2ppp/p2p1n2/4N2Q/P1B1P3/2N5/1PPP1PPP/R1B1K2R b KQkq - 0 7,f6h5 c4f7 e8e7 c3d5,1550,75,92,364,attackingF2F7 fork mate mateIn2 opening short,https://lichess.org/Jadr8YNW/black#14,Philidor_Defense Philidor_Defense_Other_variations,https://lichess.org/training/wSn6E,True,bottom-right 1,white,"[4, 6]","[3, 4]","[4, 4]","[5, 6]"
abu5D,r2qk2r/pp3pp1/2n1p1p1/2b3B1/4n3/3P4/PPP2PPP/R2QKB1R w KQkq - 0 11,g5d8 c5f2 e1e2 c6d4,1550,76,94,2051,attackingF2F7 mate mateIn2 middlegame short,https://lichess.org/jSsdz7kN#21,Alekhine_Defense Alekhine_Defense_Scandinavian_Variation,https://lichess.org/training/abu5D,True,bottom-right 1,black,"[4, 6]","[3, 4]","[4, 4]","[5, 6]"
xzrB3,r2qkbnr/ppp2p2/3p3p/n3N1p1/3PPpb1/1BN5/PPP3PP/R1BQ1RK1 b kq - 5 9,g4d1 b3f7 e8e7 c3d5,1550,76,89,1523,attackingF2F7 mate mateIn2 opening short,https://lichess.org/CjEp6uCe/black#18,Kings_Gambit_Accepted Kings_Gambit_Accepted_MacLeod_Defense,https://lichess.org/training/xzrB3,True,bottom-right 1,white,"[4, 6]","[3, 4]","[4, 4]","[5, 6]"
kPpW6,r2qkbnr/ppp3pp/2np4/4N3/2B1Ppb1/2NP4/PPP2PPP/R1BQ1RK1 b kq - 0 7,g4d1 c4f7 e8e7 c3d5,1551,76,77,70,mate mateIn2 opening short,https://lichess.org/14j3jCk5/black#14,Three_Knights_Opening Three_Knights_Opening_Other_variations,https://lichess.org/training/kPpW6,True,bottom-right 1,white,"[4, 6]","[3, 4]","[4, 4]","[5, 6]"
MZWSp,r2qk2r/ppp2ppp/2n5/2b3B1/4n1b1/3P1N1P/PP4P1/RN1QKB1R w KQkq - 0 10,g5d8 c5f2 e1e2 c6d4,1551,75,94,436,mate mateIn2 middlegame short,https://lichess.org/MvegQiqA#19,French_Defense French_Defense_Steiner_Variation,https://lichess.org/training/MZWSp,True,bottom-right 1,black,"[4, 6]","[3, 4]","[4, 4]","[5, 6]"
4y9Jp,rn1qkbnr/ppp2ppp/3p4/4N2b/2B1P3/4N3/PPPP1PPP/R1BQK2R b KQkq - 0 7,h5d1 c4f7 e8e7 e3d5,1552,75,89,2030,attackingF2F7 mate mateIn2 opening short,https://lichess.org/K6QPNNum/black#14,Philidor_Defense Philidor_Defense_Other_variations,https://lichess.org/training/4y9Jp,True,bottom-right 1,white,"[4, 6]","[3, 4]","[4, 4]","[5, 6]"
gTJkM,r1bqk2r/pppp1ppp/2n5/2b1p1B1/4n3/2NP3P/PPP2PP1/R2QKBNR w KQkq - 0 6,g5d8 c5f2 e1e2 c6d4,1552,76,95,20759,attackingF2F7 mate mateIn2 opening short,https://lichess.org/oXb9Vb3k#11,Kings_Pawn_Game Kings_Pawn_Game_Leonardis_Variation,https://lichess.org/training/gTJkM,True,bottom-right 1,black,"[4, 6]","[3, 4]","[4, 4]","[5, 6]"
SbcOW,r2qkbnr/1pp2pp1/p1np3p/4N3/2B1P1b1/2N5/PB3PPP/R2QR1K1 b kq - 1 10,g4d1 c4f7 e8e7 c3d5,1553,75,95,3397,attackingF2F7 mate mateIn2 middlegame short,https://lichess.org/PQTZfVhS/black#20,Scotch_Game Scotch_Game_Scotch_Gambit,https://lichess.org/training/SbcOW,True,bottom-right 1,white,"[4, 6]","[3, 4]","[4, 4]","[5, 6]"
kt63y,r2qkbnr/ppp2pp1/3p3p/4N2b/2BnP3/3PN2P/PPP2PP1/R1BQ1RK1 b kq - 0 10,h5d1 c4f7 e8e7 e3d5,1553,76,93,3940,attackingF2F7 mate mateIn2 opening short,https://lichess.org/8gXRG1z8/black#20,Italian_Game Italian_Game_Paris_Defense,https://lichess.org/training/kt63y,True,bottom-right 1,white,"[4, 6]","[3, 4]","[4, 4]","[5, 6]"
Ndqsp,r2qkb1r/1pp2ppp/p1np2n1/4N3/4P1b1/1BN5/PPPP1PPP/R1BQ1RK1 b kq - 0 8,g4d1 b3f7 e8e7 c3d5,1554,79,94,2037,attackingF2F7 mate mateIn2 opening short,https://lichess.org/Jd9VzHlm/black#16,Ruy_Lopez Ruy_Lopez_Morphy_Defense,https://lichess.org/training/Ndqsp,True,bottom-right 1,white,"[4, 6]","[3, 4]","[4, 4]","[5, 6]"
ChT8x,rn1qkbnr/ppp3p1/3p3p/4N3/2B1Ppb1/2NP4/PPP2PPP/R1BQ1RK1 b kq - 0 7,g4d1 c4f7 e8e7 c3d5,1554,75,86,104,mate mateIn2 opening short,https://lichess.org/M9X7ajmG/black#14,Philidor_Defense Philidor_Defense_Other_variations,https://lichess.org/training/ChT8x,True,bottom-right 1,white,"[4, 6]","[3, 4]","[4, 4]","[5, 6]"
0rZr4,rn1qkb1r/pp3pp1/3p3p/2p1N2b/2B1n3/4N2P/PPPP1PP1/R1BQ1RK1 b kq - 0 9,h5d1 c4f7 e8e7 e3d5,1555,75,88,464,attackingF2F7 mate mateIn2 opening short,https://lichess.org/UHJGKOCj/black#18,Sicilian_Defense Sicilian_Defense_Closed,https://lichess.org/training/0rZr4,True,bottom-right 1,white,"[4, 6]","[3, 4]","[4, 4]","[5, 6]"
R6QeC,r1bqk2r/pppp1ppp/2n5/2b1p1B1/4n3/2NP1P2/PPP3PP/R2QKBNR w KQkq - 0 6,g5d8 c5f2 e1e2 c6d4,1555,77,11,90,mate mateIn2 opening short,https://lichess.org/oIEnjeP7#11,Kings_Pawn_Game Kings_Pawn_Game_Leonardis_Variation,https://lichess.org/training/R6QeC,True,bottom-right 1,black,"[4, 6]","[3, 4]","[4, 4]","[5, 6]"
u9UyU,r2qkb1r/2p2ppp/p2p1n2/1p2N1B1/3nP1b1/P1NP4/BPP2PPP/R2QK2R b KQkq - 0 9,g4d1 a2f7 e8e7 c3d5,1555,77,89,134,attackingF2F7 mate mateIn2 middlegame short,https://lichess.org/eUqlSk3h/black#18,Italian_Game Italian_Game_Paris_Defense,https://lichess.org/training/u9UyU,True,bottom-right 1,white,"[4, 6]","[3, 4]","[4, 4]","[5, 6]"
b1fsc,rn1qkbnr/p4ppp/1p1p4/1p2N2b/2B1P3/2N4P/P1PP1PP1/R1BQK2R b KQkq - 0 8,h5d1 c4f7 e8e7 c3d5,1556,75,62,142,attackingF2F7 mate mateIn2 middlegame short,https://lichess.org/kYNGWXdF/black#16,Philidor_Defense Philidor_Defense_Other_variations,https://lichess.org/training/b1fsc,True,bottom-right 1,white,"[4, 6]","[3, 4]","[4, 4]","[5, 6]"
cdHLE,r2qkb1r/ppp2Bp1/3p3p/4N3/4P3/2N5/PPPP4/R1Bb1RK1 b kq - 0 12,e8e7 c3d5,1557,78,92,1630,mate mateIn1 oneMove opening,https://lichess.org/XocwLsBW/black#24,Kings_Gambit_Declined Kings_Gambit_Declined_Queens_Knight_Defense,https://lichess.org/training/cdHLE,True,bottom-right 1,white,"[4, 6]","[3, 4]","[4, 4]","[5, 6]"
hCOa2,r2qkbnr/ppp2Bp1/2np3p/4N3/4Pp2/2N5/PPPP2PP/R1Bb1RK1 b kq - 0 8,e8e7 c3d5,1557,78,75,105,mate mateIn1 oneMove opening,https://lichess.org/2U3Z2fWx/black#16,Kings_Gambit_Accepted Kings_Gambit_Accepted_MacLeod_Defense,https://lichess.org/training/hCOa2,True,bottom-right 1,white,"[4, 6]","[3, 4]","[4, 4]","[5, 6]"
7VhFv,r2qkb1r/2p2ppp/p2p4/1p2N3/3nP1b1/1BN5/PPPP1PK1/R1BQ1R2 b kq - 0 12,g4d1 b3f7 e8e7 c3d5,1558,74,88,236,attackingF2F7 mate mateIn2 middlegame short,https://lichess.org/GPVZ90DR/black#24,Ruy_Lopez Ruy_Lopez_Morphy_Defense,https://lichess.org/training/7VhFv,True,bottom-right 1,white,"[4, 6]","[3, 4]","[4, 4]","[5, 6]"
LnVHz,rn1qkbnr/ppp2Bp1/3p3p/4N3/3PPp2/2N5/PPP2PPP/R1Bb1RK1 b kq - 1 8,e8e7 c3d5,1560,77,97,4092,mate mateIn1 oneMove opening,https://lichess.org/xst566TS/black#16,Philidor_Defense Philidor_Defense_Other_variations,https://lichess.org/training/LnVHz,True,bottom-right 1,white,"[4, 6]","[3, 4]","[4, 4]","[5, 6]"
bzHe7,r2qkbnr/1p3p2/p2p2p1/2p1N3/P1BnP1b1/2N4P/1PPP2P1/R1BQK2R b KQkq - 0 10,g4d1 c4f7 e8e7 c3d5,1561,76,94,2150,attackingF2F7 mate mateIn2 middlegame short,https://lichess.org/hjw5m5XZ/black#20,Sicilian_Defense Sicilian_Defense_Grand_Prix_Attack,https://lichess.org/training/bzHe7,True,bottom-right 1,white,"[4, 6]","[3, 4]","[4, 4]","[5, 6]"
qtaEx,r2qkbnr/ppp2pp1/3p3p/4N3/2BnP1b1/4N3/PPP2PPP/R1BQ1RK1 b kq - 0 9,g4d1 c4f7 e8e7 e3d5,1561,78,90,3171,attackingF2F7 mate mateIn2 opening short,https://lichess.org/XRewcxYu/black#18,Kings_Pawn_Game Kings_Pawn_Game_McConnell_Defense,https://lichess.org/training/qtaEx,True,bottom-right 1,white,"[4, 6]","[3, 4]","[4, 4]","[5, 6]"
A8oKA,r1bqk2r/ppp2p1p/1b4n1/4p1B1/4n3/1B1P1N2/PPP4P/R2QK2R w KQkq - 0 15,g5d8 b6f2 e1f1 c8h3 f1e2 g6f4,1562,76,69,918,exposedKing long mate mateIn3 middlegame,https://lichess.org/zLc8cnAc#29,Bishops_Opening Bishops_Opening_Vienna_Hybrid,https://lichess.org/training/A8oKA,True,top-right 1,black,"[4, 6]","[3, 4]","[4, 4]","[5, 6]"
qykBw,r1bqk2r/pppp2pp/2n5/2b1p1B1/2P1n3/3P3P/PP3PP1/R2QKBNR w KQkq - 0 8,g5d8 c5f2 e1e2 c6d4,1562,75,85,544,attackingF2F7 master mate mateIn2 middlegame short,https://lichess.org/WPf2rsjA#15,English_Opening English_Opening_Kings_English_Variation,https://lichess.org/training/qykBw,True,bottom-right 1,black,"[4, 6]","[3, 4]","[4, 4]","[5, 6]"
t3VK9,r2qkbnr/ppp2pp1/2np3p/4N3/2B1P1b1/2N5/PB3PPP/R2Q1RK1 b kq - 3 9,g4d1 c4f7 e8e7 c3d5,1562,75,96,1869,attackingF2F7 mate mateIn2 middlegame short,https://lichess.org/TJxoMOHi/black#18,Scotch_Game Scotch_Game_Scotch_Gambit,https://lichess.org/training/t3VK9,True,bottom-right 1,white,"[4, 6]","[3, 4]","[4, 4]","[5, 6]"
gaM7I,r2qkbnr/1pp2pp1/p2p4/4N1Pb/P1B1P2p/2N4P/1PP2P2/R1BQK2R b KQkq - 0 12,h5d1 c4f7 e8e7 c3d5,1563,76,92,3972,attackingF2F7 mate mateIn2 middlegame short,https://lichess.org/ZUhydnrv/black#24,Van_Geet_Opening Van_Geet_Opening_Other_variations,https://lichess.org/training/gaM7I,True,bottom-right 1,white,"[4, 6]","[3, 4]","[4, 4]","[5, 6]"
HDn5r,rn1qkbnr/1pp3pp/p2p1p2/4N2b/2BPP3/2N4P/PPP2PP1/R1BQK2R b KQkq - 0 7,h5d1 c4f7 e8e7 c3d5,1564,104,82,19,mate mateIn2 opening short,https://lichess.org/rJHJcuvr/black#14,Philidor_Defense Philidor_Defense_Other_variations,https://lichess.org/training/HDn5r,True,bottom-right 1,white,"[4, 6]","[3, 4]","[4, 4]","[5, 6]"
YUMxg,r2q1rk1/pp3pp1/1bn4p/4p3/2P1n2B/P2P4/1P4PP/R2QKBNR w KQ - 0 13,h4d8 b6f2 e1e2 c6d4,1565,75,94,7099,mate mateIn2 middlegame short,https://lichess.org/aVW0cMnU#25,Scandinavian_Defense Scandinavian_Defense_Panov_Transfer,https://lichess.org/training/YUMxg,True,bottom-right 1,black,"[4, 6]","[3, 4]","[4, 4]","[5, 6]"
EY5VX,r2qkbnr/pp3pp1/3p3p/2p1N3/2BnPPb1/2NP4/PPP3PP/R1BQ1RK1 b kq - 0 8,g4d1 c4f7 e8e7 c3d5,1565,74,86,373,attackingF2F7 mate mateIn2 middlegame short,https://lichess.org/wxyDY7wy/black#16,Sicilian_Defense Sicilian_Defense_Closed,https://lichess.org/training/EY5VX,True,bottom-right 1,white,"[4, 6]","[3, 4]","[4, 4]","[5, 6]"
OItgn,rn1qkbnr/pp3pp1/3p3p/2p1N3/2B1P1b1/2N5/PPPP1PPP/R1BQ1RK1 b kq - 0 6,g4d1 c4f7 e8e7 c3d5,1566,77,74,121,attackingF2F7 mate mateIn2 opening short,https://lichess.org/puFFBv3y/black#12,Philidor_Defense Philidor_Defense_Other_variations,https://lichess.org/training/OItgn,True,bottom-right 1,white,"[4, 6]","[3, 4]","[4, 4]","[5, 6]"
W09MU,r2qkbnr/2p2ppp/p2p4/1p2N2b/3nP3/1BN4P/PPPP1PP1/R1BQR1K1 b kq - 0 10,h5d1 b3f7 e8e7 c3d5,1566,75,90,532,attackingF2F7 mate mateIn2 middlegame short,https://lichess.org/oguvzKAO/black#20,Ruy_Lopez Ruy_Lopez_Steinitz_Defense,https://lichess.org/training/W09MU,True,bottom-right 1,white,"[4, 6]","[3, 4]","[4, 4]","[5, 6]"
9BpaM,r2qkb1r/pp3pp1/3p1n1p/2p1N1B1/4P1b1/1BN5/PPP2PPP/R2QK2R b KQkq - 0 10,g4d1 b3f7 e8e7 c3d5,1567,76,95,1618,attackingF2F7 mate mateIn2 middlegame pin short,https://lichess.org/LJh7i4CW/black#20,Scotch_Game Scotch_Game_Scotch_Gambit,https://lichess.org/training/9BpaM,True,bottom-right 1,white,"[4, 6]","[3, 4]","[4, 4]","[5, 6]"
uQdqg,r2qkb1r/pp3pp1/3p1R1p/2p1N3/2B1P3/2NP4/PPP3PP/R1Bb2K1 b kq - 0 10,g7f6 c4f7 e8e7 c3d5,1567,77,88,3047,attackingF2F7 mate mateIn2 middlegame short,https://lichess.org/vp2ysqAL/black#20,Sicilian_Defense Sicilian_Defense_Grand_Prix_Attack,https://lichess.org/training/uQdqg,True,bottom-right 1,white,"[4, 6]","[3, 4]","[4, 4]","[5, 6]"
yIPja,r2qkb1r/pp3pp1/2np3p/4N2b/2B1n3/4N3/PPP2PPP/R1BQ1RK1 b kq - 0 11,h5d1 c4f7 e8e7 e3d5,1569,74,95,17155,attackingF2F7 mate mateIn2 opening short,https://lichess.org/hlN4h2LL/black#22,Pirc_Defense Pirc_Defense_Other_variations,https://lichess.org/training/yIPja,True,bottom-right 1,white,"[4, 6]","[3, 4]","[4, 4]","[5, 6]"
0OSSY,r2qkbnr/pp3ppp/3p4/2P1N3/2B1Ppb1/2N5/PPP3PP/R1BQK2R b KQkq - 0 8,g4d1 c4f7 e8e7 c3d5,1570,76,95,19356,attackingF2F7 mate mateIn2 middlegame short,https://lichess.org/WBa534CL/black#16,Sicilian_Defense Sicilian_Defense_Bowdler_Attack,https://lichess.org/training/0OSSY,True,bottom-right 1,white,"[4, 6]","[3, 4]","[4, 4]","[5, 6]"
jIedh,rn1qkbnr/1pp2pp1/p2p3p/4N3/2B1Ppb1/2N5/PPPP2PP/R1BQ1RK1 b kq - 1 7,g4d1 c4f7 e8e7 c3d5,1571,76,94,20866,attackingF2F7 mate mateIn2 opening short,https://lichess.org/YMy6ffbR/black#14,Kings_Gambit_Accepted Kings_Gambit_Accepted_Fischer_Defense,https://lichess.org/training/jIedh,True,bottom-right 1,white,"[4, 6]","[3, 4]","[4, 4]","[5, 6]"
cgtcB,r1bqk2r/pppp1ppp/2n5/2b1p1B1/2P1n3/2NP4/PP3PPP/R2QKBNR w KQkq - 0 6,g5d8 c5f2 e1e2 c6d4,1571,76,89,2781,attackingF2F7 mate mateIn2 opening short,https://lichess.org/ff1pdtaA#11,English_Opening English_Opening_Kings_English_Variation,https://lichess.org/training/cgtcB,True,bottom-right 1,black,"[4, 6]","[3, 4]","[4, 4]","[5, 6]"
NOr9a,r2qkb1r/2p2ppp/p2p1n2/1p2N1B1/3nP1b1/1BN5/PPP2PPP/R2QK2R b KQkq - 0 9,g4d1 b3f7 e8e7 c3d5,1572,76,89,2332,attackingF2F7 mate mateIn2 middlegame pin short,https://lichess.org/ihO3WvtT/black#18,Four_Knights_Game Four_Knights_Game_Spanish_Variation,https://lichess.org/training/NOr9a,True,bottom-right 1,white,"[4, 6]","[3, 4]","[4, 4]","[5, 6]"
5VXUp,rn1qkb1r/1pp2pp1/p2p3p/4N2n/2B1PPb1/2NPB3/PPP3PP/R2QK2R b KQkq - 0 8,g4d1 c4f7 e8e7 c3d5,1573,76,80,116,attackingF2F7 mate mateIn2 middlegame short,https://lichess.org/w5hDzvJi/black#16,Vienna_Game Vienna_Game_Other_variations,https://lichess.org/training/5VXUp,True,bottom-right 1,white,"[4, 6]","[3, 4]","[4, 4]","[5, 6]"
A365R,r2qkbnr/1p3ppp/p1np4/2p1N2b/P1B1P3/2N4P/1PPP1PP1/R1BQ1RK1 b kq - 0 8,h5d1 c4f7 e8e7 c3d5,1574,76,93,2213,attackingF2F7 mate mateIn2 middlegame short,https://lichess.org/UYpxwFFK/black#16,Sicilian_Defense Sicilian_Defense_Modern_Variations,https://lichess.org/training/A365R,True,bottom-right 1,white,"[4, 6]","[3, 4]","[4, 4]","[5, 6]"
Rd5Nm,r2qkbnr/pp3ppp/3p4/2p1N3/2BnPPb1/2NP4/PPP3PP/R1BQK2R b KQkq - 0 7,g4d1 c4f7 e8e7 c3d5,1574,80,94,26146,attackingF2F7 mate mateIn2 middlegame short,https://lichess.org/T12txmV4/black#14,Sicilian_Defense Sicilian_Defense_Grand_Prix_Attack,https://lichess.org/training/Rd5Nm,True,bottom-right 1,white,"[4, 6]","[3, 4]","[4, 4]","[5, 6]"
OfiZf,rn1qkb1r/pp3pp1/3p3p/2p1N2n/P1B1P1bP/2N5/1PPP1PP1/R1BQ1K1R b kq - 0 8,g4d1 c4f7 e8e7 c3d5,1575,75,87,448,attackingF2F7 mate mateIn2 middlegame short,https://lichess.org/EeY0ikt5/black#16,Sicilian_Defense Sicilian_Defense_Modern_Variations,https://lichess.org/training/OfiZf,True,bottom-right 1,white,"[4, 6]","[3, 4]","[4, 4]","[5, 6]"
pQuwR,r2qkbnr/1pp2ppp/p2p4/4N3/2Bn1Pb1/2N5/PPPP2PP/R1BQ1RK1 b kq - 3 8,g4d1 c4f7 e8e7 c3d5,1576,74,86,505,attackingF2F7 mate mateIn2 opening short,https://lichess.org/Uk7sV1jT/black#16,Vant_Kruijs_Opening Vant_Kruijs_Opening_Other_variations,https://lichess.org/training/pQuwR,True,bottom-right 1,white,"[4, 6]","[3, 4]","[4, 4]","[5, 6]"
2FMqx,r2qkbnr/ppp2pp1/3p4/4N3/2B1P1bp/2N5/PPPP2PP/R1BQ1RK1 b kq - 0 8,g4d1 c4f7 e8e7 c3d5,1576,120,38,35,attackingF2F7 mate mateIn2 opening short,https://lichess.org/8nBKt1WQ/black#16,Kings_Gambit Kings_Gambit_Other_variations,https://lichess.org/training/2FMqx,True,bottom-right 1,white,"[4, 6]","[3, 4]","[4, 4]","[5, 6]"
QpSzR,r2qkbnr/1pp2pp1/p1np3p/4N3/2B1P1b1/2N5/PPPP1PPP/R1BQ1RK1 b kq - 0 9,g4d1 c4f7 e8e7 c3d5,1577,76,88,105,attackingF2F7 mate mateIn2 opening short,https://lichess.org/bz4wORqH/black#18,Philidor_Defense Philidor_Defense_Other_variations,https://lichess.org/training/QpSzR,True,bottom-right 1,white,"[4, 6]","[3, 4]","[4, 4]","[5, 6]"
XJN9L,r2qkbnr/pp3p1p/2np4/2p1N1pb/2B1Pp2/2NP3P/PPP3P1/R1BQ1RK1 b kq - 2 9,h5d1 c4f7 e8e7 c3d5,1578,77,91,1038,attackingF2F7 mate mateIn2 middlegame short,https://lichess.org/CPyO6rqq/black#18,Sicilian_Defense Sicilian_Defense_Grand_Prix_Attack,https://lichess.org/training/XJN9L,True,bottom-right 1,white,"[4, 6]","[3, 4]","[4, 4]","[5, 6]"
Xq471,r1bqk2r/1ppp1ppp/p1n5/2bNp1B1/2P1n3/3P4/PP3PPP/R2QKBNR w KQkq - 0 7,g5d8 c5f2 e1e2 c6d4,1579,78,62,135,attackingF2F7 mate mateIn2 opening short,https://lichess.org/vW8Md0Iq#13,English_Opening English_Opening_The_Whale,https://lichess.org/training/Xq471,True,bottom-right 1,black,"[4, 6]","[3, 4]","[4, 4]","[5, 6]"
HqMan,r2qkbnr/ppp2p2/3p2pp/4N3/2B1P1b1/2N5/PPPP2PP/R1BQ1RK1 b kq - 0 8,g4d1 c4f7 e8e7 c3d5,1580,78,89,1973,attackingF2F7 mate mateIn2 opening short,https://lichess.org/hshv9TLR/black#16,Kings_Gambit_Declined Kings_Gambit_Declined_Queens_Knight_Defense,https://lichess.org/training/HqMan,True,bottom-right 1,white,"[4, 6]","[3, 4]","[4, 4]","[5, 6]"
amUZ8,r2qkbnr/1pp2ppp/p1np4/4N3/2BPPpb1/2N5/PPP3PP/R1BQK2R b KQkq - 1 7,g4d1 c4f7 e8e7 c3d5,1580,75,95,30356,attackingF2F7 mate mateIn2 opening short,https://lichess.org/zyAybipY/black#14,Kings_Gambit_Accepted Kings_Gambit_Accepted_Fischer_Defense,https://lichess.org/training/amUZ8,True,bottom-right 1,white,"[4, 6]","[3, 4]","[4, 4]","[5, 6]"
TUoBs,r2qkb1r/1pp2pp1/p2p3p/4N2b/2BnP3/3PN2P/PPP2PP1/R2Q1RK1 b kq - 0 13,h5d1 c4f7 e8e7 e3d5,1580,74,87,205,attackingF2F7 mate mateIn2 middlegame short,https://lichess.org/30TavA7j/black#26,Ruy_Lopez Ruy_Lopez_Steinitz_Defense,https://lichess.org/training/TUoBs,True,bottom-right 1,white,"[4, 6]","[3, 4]","[4, 4]","[5, 6]"
OGFHQ,rnbqkb1r/ppp3p1/3p1n1p/4Np1Q/2B1P3/2N5/PPPP1PPP/R1B1K2R b KQkq - 2 6,f6h5 c4f7 e8e7 c3d5,1580,79,95,22179,fork mate mateIn2 opening short,https://lichess.org/9XvBoKt1/black#12,Philidor_Defense Philidor_Defense_Other_variations,https://lichess.org/training/OGFHQ,True,bottom-right 1,white,"[4, 6]","[3, 4]","[4, 4]","[5, 6]"
3OI4A,r2qkb1r/1pp3pp/p1np1pn1/4N2b/2BPP3/2N3BP/PPP3P1/R2Q1RK1 b kq - 2 11,h5d1 c4f7 e8e7 c3d5,1581,75,89,1117,mate mateIn2 middlegame short,https://lichess.org/q31mlVMg/black#22,Kings_Gambit_Accepted Kings_Gambit_Accepted_MacLeod_Defense,https://lichess.org/training/3OI4A,True,bottom-right 1,white,"[4, 6]","[3, 4]","[4, 4]","[5, 6]"
K1WTy,rn1qkb1r/pp3pp1/3p1p1p/4N3/2B1P1b1/2N5/PP3PPP/R2QK2R b KQkq - 1 9,g4d1 c4f7 e8e7 c3d5,1581,76,93,5282,attackingF2F7 mate mateIn2 middlegame short,https://lichess.org/Q89mS50C/black#18,Sicilian_Defense Sicilian_Defense_Smith-Morra_Gambit,https://lichess.org/training/K1WTy,True,bottom-right 1,white,"[4, 6]","[3, 4]","[4, 4]","[5, 6]"
MqfQY,r2qkbnr/ppp3pp/2np1p2/4N2b/2B1P3/P1N4P/1PPP1PP1/R1BQK2R b KQkq - 0 7,h5d1 c4f7 e8e7 c3d5,1582,75,72,81,mate mateIn2 opening short,https://lichess.org/zsr8aCAy/black#14,Italian_Game Italian_Game_Other_variations,https://lichess.org/training/MqfQY,True,bottom-right 1,white,"[4, 6]","[3, 4]","[4, 4]","[5, 6]"
51SgS,r2qkb1r/pp3ppp/2np1n2/2p1N1B1/2B1P1b1/2NP4/PPP2PPP/R2QK2R b KQkq - 0 7,g4d1 c4f7 e8e7 c3d5,1583,79,67,49,attackingF2F7 mate mateIn2 middlegame short,https://lichess.org/7oR25kJe/black#14,Sicilian_Defense Sicilian_Defense_Old_Sicilian,https://lichess.org/training/51SgS,True,bottom-right 1,white,"[4, 6]","[3, 4]","[4, 4]","[5, 6]"
ezMtC,r2qkbnr/2p2ppp/p2p4/1p2N3/3nPPb1/1BN5/PPPP2PP/R1BQK2R b KQkq - 0 8,g4d1 b3f7 e8e7 c3d5,1583,76,95,6181,attackingF2F7 mate mateIn2 middlegame short,https://lichess.org/e5AzRTtP/black#16,Kings_Gambit Kings_Gambit_Other_variations,https://lichess.org/training/ezMtC,True,bottom-right 1,white,"[4, 6]","[3, 4]","[4, 4]","[5, 6]"
vqgYU,2rqkbnr/2p2ppp/p2p4/1p1BN2b/3nP3/2N4P/PPPP1PP1/R1BQ1RK1 b k - 0 10,h5d1 d5f7 e8e7 c3d5,1585,76,94,4571,attackingF2F7 mate mateIn2 opening short,https://lichess.org/NgoiN7zV/black#20,Ruy_Lopez Ruy_Lopez_Morphy_Defense,https://lichess.org/training/vqgYU,True,bottom-right 1,white,"[4, 6]","[3, 4]","[4, 4]","[5, 6]"
yyocl,r2qkb1r/pp3ppp/2np1n2/2p1N1Bb/2B1P3/2NP3P/PPP2PP1/R2QK2R b KQkq - 0 8,h5d1 c4f7 e8e7 c3d5,1586,76,84,156,attackingF2F7 mate mateIn2 middlegame short,https://lichess.org/m5e2WJHX/black#16,Sicilian_Defense Sicilian_Defense_Old_Sicilian,https://lichess.org/training/yyocl,True,bottom-right 1,white,"[4, 6]","[3, 4]","[4, 4]","[5, 6]"
rYxli,r2qkbnr/ppp2p2/2np3p/4N1p1/2B1P1b1/2N5/PPPP1P1P/R1BQ1RK1 b kq - 0 7,g4d1 c4f7 e8e7 c3d5,1588,76,95,32246,attackingF2F7 mate mateIn2 middlegame short,https://lichess.org/UHsmWKwb/black#14,Italian_Game Italian_Game_Anti-Fried_Liver_Defense,https://lichess.org/training/rYxli,True,bottom-right 1,white,"[4, 6]","[3, 4]","[4, 4]","[5, 6]"
xYFWz,r2qkbnr/ppp2B2/2np3p/4N1p1/3PPp2/2N5/PPP3PP/R1Bb1RK1 b kq - 0 9,e8e7 c3d5,1588,80,65,936,mate mateIn1 oneMove opening,https://lichess.org/k4CjNuwC/black#18,Kings_Gambit_Accepted Kings_Gambit_Accepted_Becker_Defense,https://lichess.org/training/xYFWz,True,bottom-right 1,white,"[4, 6]","[3, 4]","[4, 4]","[5, 6]"
prKg4,rn1qkb1r/ppp2ppp/3p1n2/4N2Q/2B1P3/2N5/PPPP1PPP/R1B1K2R b KQkq - 0 6,f6h5 c4f7 e8e7 c3d5,1589,76,94,997,attackingF2F7 fork mate mateIn2 opening short,https://lichess.org/n0ll4Cds/black#12,Philidor_Defense Philidor_Defense_Other_variations,https://lichess.org/training/prKg4,True,bottom-right 1,white,"[4, 6]","[3, 4]","[4, 4]","[5, 6]"
F3KsM,r2qkbnr/pp3pp1/3p3p/2p1N3/2BnPpb1/1PN5/PBPP2PP/R2Q1RK1 b kq - 5 9,g4d1 c4f7 e8e7 c3d5,1589,75,95,8230,attackingF2F7 mate mateIn2 middlegame short,https://lichess.org/5hotC3Pb/black#18,Nimzo-Larsen_Attack Nimzo-Larsen_Attack_English_Variation,https://lichess.org/training/F3KsM,True,bottom-right 1,white,"[4, 6]","[3, 4]","[4, 4]","[5, 6]"
XKNrS,r2qk2r/ppp2ppp/2np4/2bNp1B1/4n3/3P1P1P/PPP2P2/R2QKB1R w KQkq - 0 9,g5d8 c5f2 e1e2 c6d4,1589,75,86,281,attackingF2F7 mate mateIn2 middlegame short,https://lichess.org/9lJjUcJj#17,Russian_Game Russian_Game_Other_variations,https://lichess.org/training/XKNrS,True,bottom-right 1,black,"[4, 6]","[3, 4]","[4, 4]","[5, 6]"
5Jgk8,r1bqk2r/ppp2ppp/1bn5/3Np1B1/1P2n3/P2P1P2/2P3PP/R2QKBNR w KQkq - 0 9,g5d8 b6f2 e1e2 c6d4,1590,77,99,788,mate mateIn2 middlegame short,https://lichess.org/xWhOBGlp#17,Vienna_Game Vienna_Game_Falkbeer_Variation,https://lichess.org/training/5Jgk8,True,bottom-right 1,black,"[4, 6]","[3, 4]","[4, 4]","[5, 6]"
ORFyZ,r3k2r/ppp1qppp/2n5/2bN2B1/4n1b1/3P1N2/PPP2PPP/R2QKB1R w KQkq - 0 9,g5e7 c5f2 e1e2 c6d4,1592,75,50,215,attackingF2F7 mate mateIn2 middlegame short,https://lichess.org/8pBLkvTy#17,Petrovs_Defense Petrovs_Defense_Three_Knights_Game,https://lichess.org/training/ORFyZ,True,bottom-right 1,black,"[4, 6]","[3, 4]","[4, 4]","[5, 6]"
m5ta3,rn1qkb1r/2p2pp1/p2p3p/1p2N3/4PPb1/1BNP4/PPP5/R1BQK2R b KQkq - 0 11,g4d1 b3f7 e8e7 c3d5,1593,78,92,5988,attackingF2F7 mate mateIn2 middlegame short,https://lichess.org/gDwn4uPe/black#22,Vienna_Game Vienna_Game_Vienna_Gambit,https://lichess.org/training/m5ta3,True,bottom-right 1,white,"[4, 6]","[3, 4]","[4, 4]","[5, 6]"
ahb9k,r2qk2r/ppp2p2/1bnpb3/4p2p/N3n1pB/3P1P1P/PPPN2P1/R2QKB1R w KQkq - 0 13,h4d8 b6f2 e1e2 c6d4,1593,76,91,641,mate mateIn2 middlegame short,https://lichess.org/0asKXb1p#25,Four_Knights_Game Four_Knights_Game_Other_variations,https://lichess.org/training/ahb9k,True,bottom-right 1,black,"[4, 6]","[3, 4]","[4, 4]","[5, 6]"
lWEBH,r2qk2r/pb3ppp/2n5/2b1p1B1/4n3/3P4/PPP2PPP/R2QKBNR w KQkq - 0 9,g5d8 c5f2 e1e2 c6d4,1594,77,80,555,attackingF2F7 mate mateIn2 middlegame short,https://lichess.org/Keihy3SZ#17,Alekhine_Defense Alekhine_Defense_Scandinavian_Variation,https://lichess.org/training/lWEBH,True,bottom-right 1,black,"[4, 6]","[3, 4]","[4, 4]","[5, 6]"
nhLI1,r2qkb1r/pp1n1ppp/2p2n2/4p1Nb/2BP4/6NP/PPP2PP1/R1BQK2R b KQkq - 1 9,h5d1 c4f7 e8e7 g3f5,1594,74,100,2324,attackingF2F7 mate mateIn2 opening short,https://lichess.org/XfCETWhI/black#18,Caro-Kann_Defense Caro-Kann_Defense_Main_Line,https://lichess.org/training/nhLI1,True,bottom-left 1,white,"[4, 6]","[3, 4]","[4, 4]","[5, 6]"
P0EpX,r1bqk2r/pppp1ppp/2n5/2b1p1B1/4n2P/2NP4/PPP2PP1/R2QKBNR w KQkq - 0 6,g5d8 c5f2 e1e2 c6d4,1594,78,91,725,attackingF2F7 mate mateIn2 opening short,https://lichess.org/zaLEUYvC#11,Kings_Pawn_Game Kings_Pawn_Game_Leonardis_Variation,https://lichess.org/training/P0EpX,True,bottom-right 1,black,"[4, 6]","[3, 4]","[4, 4]","[5, 6]"
Dekrp,r2qkb1r/pp3ppp/3p1n2/4N1Bb/2BnP3/2N4P/PPP2PP1/R2QK2R b KQkq - 0 10,h5d1 c4f7 e8e7 c3d5,1594,76,88,2357,attackingF2F7 mate mateIn2 middlegame pin short,https://lichess.org/op7iV9CJ/black#20,Sicilian_Defense Sicilian_Defense_Sozin,https://lichess.org/training/Dekrp,True,bottom-right 1,white,"[4, 6]","[3, 4]","[4, 4]","[5, 6]"
kopXC,r1bqk2r/pppp1ppp/2n5/2b1N1B1/4n3/3P4/PPP2PPP/RN1QKB1R w KQkq - 0 6,g5d8 c5f2 e1e2 c6d4,1596,75,96,4736,attackingF2F7 mate mateIn2 opening short,https://lichess.org/ppno0YH6#11,Alekhine_Defense Alekhine_Defense_Maroczy_Variation,https://lichess.org/training/kopXC,True,bottom-right 1,black,"[4, 6]","[3, 4]","[4, 4]","[5, 6]"
p6zzW,r2qkb1r/pp3ppp/3p1n2/4N1B1/2BnP1b1/2N5/PPP2PPP/R2QK2R b KQkq - 0 9,g4d1 c4f7 e8e7 c3d5,1597,75,76,224,attackingF2F7 mate mateIn2 middlegame pin short,https://lichess.org/pLQB8ioL/black#18,Sicilian_Defense Sicilian_Defense_Other_variations,https://lichess.org/training/p6zzW,True,bottom-right 1,white,"[4, 6]","[3, 4]","[4, 4]","[5, 6]"
5oziR,rn1qkb1r/pp3p1p/3p1pp1/4N3/2B1P1b1/2N5/PP3PPP/R2QK2R b KQkq - 1 9,g4d1 c4f7 e8e7 c3d5,1600,76,94,18118,attackingF2F7 mate mateIn2 middlegame short,https://lichess.org/KZm4eyEI/black#18,Sicilian_Defense Sicilian_Defense_Other_variations,https://lichess.org/training/5oziR,True,bottom-right 1,white,"[4, 6]","[3, 4]","[4, 4]","[5, 6]"
blnqU,r2qkb1r/ppp2ppp/2np4/4N3/2B1P1b1/2N5/PPPP1P2/R1BQ1RK1 b kq - 0 9,g4d1 c4f7 e8e7 c3d5,1602,74,83,337,attackingF2F7 mate mateIn2 opening short,https://lichess.org/eXXs96GJ/black#18,Russian_Game Russian_Game_Italian_Variation,https://lichess.org/training/blnqU,True,bottom-right 1,white,"[4, 6]","[3, 4]","[4, 4]","[5, 6]"
IiOE3,r2qkb1r/ppp2pp1/2np1p1p/4N2b/2BPP3/2N5/PPP2PPP/R2QK2R b KQkq - 1 9,h5d1 c4f7 e8e7 c3d5,1603,75,95,1345,attackingF2F7 mate mateIn2 middlegame short,https://lichess.org/HLux6coK/black#18,Queens_Pawn_Game Queens_Pawn_Game_Other_variations,https://lichess.org/training/IiOE3,True,bottom-right 1,white,"[4, 6]","[3, 4]","[4, 4]","[5, 6]"
UjyQT,1k3r2/R7/R3B2p/p3P3/3Pb3/2n1n3/3N2PP/7K w - - 7 36,d4d5 e4g2 h1g1 c3e2,1603,76,93,3950,cornerMate mate mateIn2 middlegame short,https://lichess.org/qAwF6poI#71,,https://lichess.org/training/UjyQT,True,bottom-right 2,black,"[4, 6]","[3, 4]","[4, 4]","[5, 6]"
j32My,r2qk2r/pp3ppp/2n5/2b1p1B1/4n1b1/3P1N2/PPP2PPP/R2QKB1R w KQkq - 0 9,g5d8 c5f2 e1e2 c6d4,1604,78,93,3704,attackingF2F7 mate mateIn2 middlegame pin short,https://lichess.org/bPz4yYWR#17,Scandinavian_Defense Scandinavian_Defense_Blackburne_Gambit,https://lichess.org/training/j32My,True,bottom-right 1,black,"[4, 6]","[3, 4]","[4, 4]","[5, 6]"
ES1NT,r2qkbnr/ppp2p2/2np3p/4N1p1/2B1Ppb1/2NP4/PPP3PP/R1BQ1RK1 b kq - 4 8,g4d1 c4f7 e8e7 c3d5,1606,77,94,7493,attackingF2F7 mate mateIn2 middlegame short,https://lichess.org/eCj67RIP/black#16,Kings_Gambit_Accepted Kings_Gambit_Accepted_Becker_Defense,https://lichess.org/training/ES1NT,True,bottom-right 1,white,"[4, 6]","[3, 4]","[4, 4]","[5, 6]"
dsykN,r1bqk2r/1ppp1pp1/p1n4p/2b1p3/4n2B/P1NP3P/1PP2PP1/R2QKBNR w KQkq - 0 8,h4d8 c5f2 e1e2 c6d4,1606,74,72,159,attackingF2F7 mate mateIn2 opening short,https://lichess.org/XLj5LAK0#15,Vienna_Game Vienna_Game_Max_Lange_Defense,https://lichess.org/training/dsykN,True,bottom-right 1,black,"[4, 6]","[3, 4]","[4, 4]","[5, 6]"
c3OOK,r2qkbnr/ppp2pp1/2np3p/4N2b/4P3/1BN4P/PPPP1PP1/R1BQK2R b KQkq - 0 7,h5d1 b3f7 e8e7 c3d5,1610,76,94,31719,attackingF2F7 mate mateIn2 opening short,https://lichess.org/F4IxE1iB/black#14,Philidor_Defense Philidor_Defense_Other_variations,https://lichess.org/training/c3OOK,True,bottom-right 1,white,"[4, 6]","[3, 4]","[4, 4]","[5, 6]"
aGKSK,r2qkb1r/2p2ppp/p1np2n1/1p2N2b/3PP3/1BN4P/PPP2PP1/R1BQ1RK1 b kq - 0 10,h5d1 b3f7 e8e7 c3d5,1612,75,83,440,attackingF2F7 mate mateIn2 middlegame short,https://lichess.org/V6tNPvZO/black#20,Ruy_Lopez Ruy_Lopez_Cozio_Defense,https://lichess.org/training/aGKSK,True,bottom-right 1,white,"[4, 6]","[3, 4]","[4, 4]","[5, 6]"
mZumP,r2qkb1r/ppp2p1p/3p1np1/4N1B1/2BnP1b1/2N5/PPP2PPP/R2Q1RK1 b kq - 0 8,g4d1 c4f7 e8e7 c3d5,1613,76,93,499,attackingF2F7 mate mateIn2 middlegame pin short,https://lichess.org/I3R5O9Rg/black#16,Philidor_Defense Philidor_Defense_Nimzowitsch_Variation,https://lichess.org/training/mZumP,True,bottom-right 1,white,"[4, 6]","[3, 4]","[4, 4]","[5, 6]"
Nt01U,r2qkb1r/2p2p1p/p2p1p2/1p2N3/3nP1b1/1BNP4/PPP2PPP/R2QK2R b KQkq - 0 10,g4d1 b3f7 e8e7 c3d5,1618,77,94,1648,attackingF2F7 mate mateIn2 middlegame short,https://lichess.org/XwX4eCCV/black#20,Ruy_Lopez Ruy_Lopez_Morphy_Defense,https://lichess.org/training/Nt01U,True,bottom-right 1,white,"[4, 6]","[3, 4]","[4, 4]","[5, 6]"
DMz0z,r2qkb1r/2p2ppp/p2p4/1p2N3/3nP1b1/1BN5/PPPP1P2/R1BQR1K1 b kq - 0 12,g4d1 b3f7 e8e7 c3d5,1618,74,57,306,attackingF2F7 mate mateIn2 middlegame short,https://lichess.org/yuq20Zj8/black#24,Ruy_Lopez Ruy_Lopez_Berlin_Defense,https://lichess.org/training/DMz0z,True,bottom-right 1,white,"[4, 6]","[3, 4]","[4, 4]","[5, 6]"
AZbNr,r2qkbnr/2p2pp1/p2p4/1p2N2p/3nP1b1/1BN4P/PPPP1PP1/R1BQ1RK1 b kq - 0 9,g4d1 b3f7 e8e7 c3d5,1619,75,87,689,attackingF2F7 mate mateIn2 middlegame short,https://lichess.org/XxdYsI7e/black#18,Ruy_Lopez Ruy_Lopez_Morphy_Defense,https://lichess.org/training/AZbNr,True,bottom-right 1,white,"[4, 6]","[3, 4]","[4, 4]","[5, 6]"
z0UnA,r2qkbnr/ppp2pp1/3p4/3BN3/4P1b1/2N4p/PPPP2PP/R1BQ1RK1 b kq - 0 9,g4d1 d5f7 e8e7 c3d5,1620,115,83,29,attackingF2F7 mate mateIn2 opening short,https://lichess.org/ARmF293Y/black#18,Kings_Gambit_Declined Kings_Gambit_Declined_Queens_Knight_Defense,https://lichess.org/training/z0UnA,True,bottom-right 1,white,"[4, 6]","[3, 4]","[4, 4]","[5, 6]"
rrxJe,r2qkb1r/pp3pp1/2np1p1p/4N2b/2B1P3/2N4P/PP3PP1/R2Q1RK1 b kq - 2 11,h5d1 c4f7 e8e7 c3d5,1621,78,94,22365,attackingF2F7 mate mateIn2 middlegame short,https://lichess.org/CxEa4W7L/black#22,Sicilian_Defense Sicilian_Defense_Smith-Morra_Gambit,https://lichess.org/training/rrxJe,True,bottom-right 1,white,"[4, 6]","[3, 4]","[4, 4]","[5, 6]"
7qP2v,r2qkb1r/1p3pp1/p1np1p1p/2p1N3/2B1P1b1/P1NP4/1PP2PPP/R2QK2R b KQkq - 2 9,g4d1 c4f7 e8e7 c3d5,1621,77,88,648,attackingF2F7 mate mateIn2 middlegame short,https://lichess.org/NNBWYXWE/black#18,Sicilian_Defense Sicilian_Defense_Modern_Variations,https://lichess.org/training/7qP2v,True,bottom-right 1,white,"[4, 6]","[3, 4]","[4, 4]","[5, 6]"
DyFsA,r2qkb1r/1pp2p2/p2p4/4N3/2B1P1bp/2N5/PPP2PPK/R2QR3 b kq - 0 15,g4d1 c4f7 e8e7 c3d5,1622,75,96,12859,attackingF2F7 mate mateIn2 middlegame short,https://lichess.org/7sUOdn0R/black#30,Vienna_Game Vienna_Game_Max_Lange_Defense,https://lichess.org/training/DyFsA,True,bottom-right 1,white,"[4, 6]","[3, 4]","[4, 4]","[5, 6]"
xRKLB,r2qkbnr/5ppp/p2p4/1pp1N3/4P1b1/1BN5/PPPP2PP/R1BQK2R b KQkq - 0 9,g4d1 b3f7 e8e7 c3d5,1625,75,87,268,attackingF2F7 mate mateIn2 middlegame short,https://lichess.org/3djGgOUI/black#18,Kings_Gambit_Declined Kings_Gambit_Declined_Queens_Knight_Defense,https://lichess.org/training/xRKLB,True,bottom-right 1,white,"[4, 6]","[3, 4]","[4, 4]","[5, 6]"
AvbcG,r1bq1rk1/pppp1ppp/2n5/2b1p1B1/4n3/P1NP3P/1PP2PP1/R2QKBNR w KQ - 0 7,g5d8 c5f2 e1e2 c6d4,1627,75,96,28667,attackingF2F7 mate mateIn2 opening short,https://lichess.org/pxTPnZma#13,Kings_Pawn_Game Kings_Pawn_Game_Mengarinis_Opening,https://lichess.org/training/AvbcG,True,bottom-right 1,black,"[4, 6]","[3, 4]","[4, 4]","[5, 6]"
ZLKc6,r2qkbnr/pp3p2/2np3p/2p1N2b/2B1P3/3PN3/PPP2PP1/R1BQ1RK1 b kq - 0 11,h5d1 c4f7 e8e7 e3d5,1627,76,95,19828,attackingF2F7 mate mateIn2 opening short,https://lichess.org/jKCbN6Kv/black#22,Philidor_Defense Philidor_Defense_Other_variations,https://lichess.org/training/ZLKc6,True,bottom-right 1,white,"[4, 6]","[3, 4]","[4, 4]","[5, 6]"
1179e,r2qkb1r/ppp2pp1/2np3p/4N3/2B1P1b1/2N5/PPPP1P2/R1BQR1K1 b kq - 0 10,g4d1 c4f7 e8e7 c3d5,1630,74,87,1162,attackingF2F7 mate mateIn2 opening short,https://lichess.org/GB1yiz5O/black#20,Italian_Game Italian_Game_Anti-Fried_Liver_Defense,https://lichess.org/training/1179e,True,bottom-right 1,white,"[4, 6]","[3, 4]","[4, 4]","[5, 6]"
dZPoJ,r2qkb1r/ppp2pp1/2np1n1p/4N1B1/2B1P1b1/2NP4/PPP2PPP/R2QK2R b KQkq - 0 7,g4d1 c4f7 e8e7 c3d5,1630,76,86,129,attackingF2F7 mate mateIn2 middlegame short,https://lichess.org/4wFeGINY/black#14,Philidor_Defense Philidor_Defense_Other_variations,https://lichess.org/training/dZPoJ,True,bottom-right 1,white,"[4, 6]","[3, 4]","[4, 4]","[5, 6]"
HNuPZ,r2q1b1r/2p1kBp1/p2p1B1p/1p2N3/3nP3/2NP4/PPP2PPP/R2bK2R b KQ - 0 12,g7f6 c3d5,1630,79,82,315,mate mateIn1 middlegame oneMove,https://lichess.org/Lp5ccULu/black#24,Ruy_Lopez Ruy_Lopez_Morphy_Defense,https://lichess.org/training/HNuPZ,True,bottom-right 1,white,"[4, 6]","[3, 4]","[4, 4]","[5, 6]"
pm7eh,r2qkbnr/ppp2ppp/2np4/4N2b/2B1P3/2N4P/PPPP1PP1/R1BQK2R b KQkq - 0 8,h5d1 c4f7 e8e7 c3d5,1631,75,95,15323,attackingF2F7 mate mateIn2 opening short,https://lichess.org/jMkU2hoH/black#16,Philidor_Defense Philidor_Defense_Other_variations,https://lichess.org/training/pm7eh,True,bottom-right 1,white,"[4, 6]","[3, 4]","[4, 4]","[5, 6]"
pN1I6,r2qkb1r/ppp2ppp/2np2n1/4N2b/2B1Pp2/2NP3P/PPP3P1/R1BQ1RK1 b kq - 2 9,h5d1 c4f7 e8e7 c3d5,1634,76,95,753,attackingF2F7 mate mateIn2 opening short,https://lichess.org/CmZEsL5E/black#18,Vienna_Gambit_with_Max_Lange_Defense Vienna_Gambit_with_Max_Lange_Defense_Knight_Variation,https://lichess.org/training/pN1I6,True,bottom-right 1,white,"[4, 6]","[3, 4]","[4, 4]","[5, 6]"
FAdA8,r2qkbnr/ppp4p/2np1p2/4N1pb/2BPPp2/2N4P/PPP3P1/R1BQ1RK1 b kq - 2 9,h5d1 c4f7 e8e7 c3d5,1634,76,53,129,mate mateIn2 middlegame short,https://lichess.org/sYQTTTCP/black#18,Kings_Gambit_Accepted Kings_Gambit_Accepted_MacLeod_Defense,https://lichess.org/training/FAdA8,True,bottom-right 1,white,"[4, 6]","[3, 4]","[4, 4]","[5, 6]"
9qIL4,r2qkbnr/1pp2p2/p1np3p/4N1p1/2BPPpb1/2N5/PPP1Q1PP/R1B2RK1 b kq - 3 9,g4e2 c4f7 e8e7 c3d5,1635,76,95,18918,attackingF2F7 mate mateIn2 opening short,https://lichess.org/6L1AX7IH/black#18,Kings_Gambit_Accepted Kings_Gambit_Accepted_Bishops_Gambit,https://lichess.org/training/9qIL4,True,bottom-right 1,white,"[4, 6]","[3, 4]","[4, 4]","[5, 6]"
LJB99,r2qkbnr/2p2ppp/p1np4/1p2N2b/4P3/1BN4P/PPPP1PP1/R1BQ1RK1 b kq - 0 9,h5d1 b3f7 e8e7 c3d5,1636,75,89,385,attackingF2F7 mate mateIn2 middlegame short,https://lichess.org/ANKrb23E/black#18,Ruy_Lopez Ruy_Lopez_Steinitz_Defense,https://lichess.org/training/LJB99,True,bottom-right 1,white,"[4, 6]","[3, 4]","[4, 4]","[5, 6]"
zg8AO,r1bq1rk1/pp3ppp/6n1/2bPp1B1/2P1n3/5N2/PP3PPP/R2QKB1R w KQ - 0 11,g5d8 c5f2 e1e2 g6f4,1638,76,57,84,attackingF2F7 mate mateIn2 opening short,https://lichess.org/1qJbx6wK#21,Scandinavian_Defense Scandinavian_Defense_Blackburne_Gambit,https://lichess.org/training/zg8AO,True,top-right 1,black,"[4, 6]","[3, 4]","[4, 4]","[5, 6]"
D3Hvj,r1bqk2r/ppp2ppp/6n1/2bP2B1/2P1n3/5N2/PP4PP/R2QKB1R w KQkq - 0 12,g5d8 c5f2 e1e2 g6f4,1639,76,71,56,mate mateIn2 opening short,https://lichess.org/fk6zaADV#23,Kings_Gambit_Accepted Kings_Gambit_Accepted_Modern_Defense,https://lichess.org/training/D3Hvj,True,top-right 1,black,"[4, 6]","[3, 4]","[4, 4]","[5, 6]"
u5HQH,1r1qkbnr/2p2ppp/1pnp4/p3N3/P1B1P1b1/1PN5/R1PP1PPP/2BQK2R b Kk - 0 11,g4d1 c4f7 e8e7 c3d5,1643,77,86,267,attackingF2F7 mate mateIn2 middlegame short,https://lichess.org/vGStckUx/black#22,Italian_Game Italian_Game_Paris_Defense,https://lichess.org/training/u5HQH,True,bottom-right 1,white,"[4, 6]","[3, 4]","[4, 4]","[5, 6]"
APFu1,r2qkbnr/2p3p1/p2p1p2/1p2N2p/4P1b1/1BN5/PPP2PPP/R1BQ1RK1 b kq - 0 10,g4d1 b3f7 e8e7 c3d5,1643,78,94,15289,mate mateIn2 middlegame short,https://lichess.org/T7kLen70/black#20,Ruy_Lopez Ruy_Lopez_Nurnberg_Variation,https://lichess.org/training/APFu1,True,bottom-right 1,white,"[4, 6]","[3, 4]","[4, 4]","[5, 6]"
1E7LE,r2qkb1r/1p3ppp/p1np1n2/2p1N1Bb/P1B1P3/2NP3P/1PP2PP1/R2QK2R b KQkq - 0 9,h5d1 c4f7 e8e7 c3d5,1643,76,91,1137,attackingF2F7 mate mateIn2 middlegame short,https://lichess.org/RndLRpoA/black#18,Sicilian_Defense Sicilian_Defense_Old_Sicilian,https://lichess.org/training/1E7LE,True,bottom-right 1,white,"[4, 6]","[3, 4]","[4, 4]","[5, 6]"
xBdmt,r2qkbnr/1pp2pp1/p1np3p/4N3/2BPPpb1/2N5/PPP3PP/R1BQ1RK1 b kq - 1 8,g4d1 c4f7 e8e7 c3d5,1644,76,85,1150,attackingF2F7 mate mateIn2 opening short,https://lichess.org/PVwnd2DC/black#16,Kings_Gambit_Accepted Kings_Gambit_Accepted_MacLeod_Defense,https://lichess.org/training/xBdmt,True,bottom-right 1,white,"[4, 6]","[3, 4]","[4, 4]","[5, 6]"
35qdf,r2qkbnr/pp4pp/2np1p2/2p1N2b/2B1P3/2N4P/PP3PP1/R1BQR1K1 b kq - 2 10,h5d1 c4f7 e8e7 c3d5,1645,77,94,1060,mate mateIn2 opening short,https://lichess.org/3RWyRPps/black#20,Center_Game Center_Game_Kieseritzky_Variation,https://lichess.org/training/35qdf,True,bottom-right 1,white,"[4, 6]","[3, 4]","[4, 4]","[5, 6]"
oJsDR,rn1qkb1r/ppp2pp1/3p3p/4N2b/2B1n3/4N3/PPPP1PPP/R1BQ1RK1 b kq - 0 8,h5d1 c4f7 e8e7 e3d5,1645,76,87,210,attackingF2F7 mate mateIn2 opening short,https://lichess.org/nnCO6iBF/black#16,Philidor_Defense Philidor_Defense_Other_variations,https://lichess.org/training/oJsDR,True,bottom-right 1,white,"[4, 6]","[3, 4]","[4, 4]","[5, 6]"
ubtef,r2qkb1r/ppp2p1p/3p1n2/4N1B1/2BnP1b1/2NP4/PPP2PP1/R2QK2R b KQkq - 0 9,g4d1 c4f7 e8e7 c3d5,1646,74,84,1149,attackingF2F7 mate mateIn2 middlegame short,https://lichess.org/k3XCY6qe/black#18,Three_Knights_Opening Three_Knights_Opening_Other_variations,https://lichess.org/training/ubtef,True,bottom-right 1,white,"[4, 6]","[3, 4]","[4, 4]","[5, 6]"
Xt5oB,r2qk2r/ppp2ppp/2n5/2bNp1B1/4n1b1/3P1N2/PPP3PP/R2QKB1R w KQkq - 0 9,g5d8 c5f2 e1e2 c6d4,1649,77,85,131,mate mateIn2 middlegame pin short,https://lichess.org/uDo1Z4NU#17,Bird_Opening Bird_Opening_Froms_Gambit,https://lichess.org/training/Xt5oB,True,bottom-right 1,black,"[4, 6]","[3, 4]","[4, 4]","[5, 6]"
OU5CZ,r2qkbr1/ppp2p1p/3p4/4N2p/2B1P1b1/2N5/PPP2PPP/R2QR1K1 b q - 0 10,g4d1 c4f7 e8e7 c3d5,1651,75,90,191,attackingF2F7 fork mate mateIn2 middlegame short,https://lichess.org/9NoxZJAV/black#20,Englund_Gambit Englund_Gambit_Hartlaub-Charlick_Gambit,https://lichess.org/training/OU5CZ,True,bottom-right 1,white,"[4, 6]","[3, 4]","[4, 4]","[5, 6]"
1lieQ,r2qkb1r/ppp2pp1/3p4/4N2p/P1B1PNb1/3P3P/1PP2PP1/R2Q1RK1 b kq - 0 12,g4d1 c4f7 e8e7 f4d5,1655,77,91,3268,attackingF2F7 mate mateIn2 middlegame short,https://lichess.org/OuJFYF5L/black#24,Vienna_Game Vienna_Game_Max_Lange_Defense,https://lichess.org/training/1lieQ,True,bottom-right 1,white,"[4, 6]","[3, 4]","[4, 4]","[5, 6]"
NDsTT,r2qkb1r/pp3ppp/2np1n2/4N1B1/2B1P1b1/2N5/PP3PPP/R2Q1RK1 b kq - 0 9,g4d1 c4f7 e8e7 c3d5,1658,77,93,349,attackingF2F7 mate mateIn2 middlegame pin short,https://lichess.org/qz87RiNG/black#18,Sicilian_Defense Sicilian_Defense_Smith-Morra_Gambit_Accepted,https://lichess.org/training/NDsTT,True,bottom-right 1,white,"[4, 6]","[3, 4]","[4, 4]","[5, 6]"
CRJSF,r2qkb1r/ppp2B2/2np3p/4N1pn/4P3/2NP2B1/PPP2PPP/R2bK2R b KQkq - 0 10,e8e7 c3d5,1658,77,94,8481,mate mateIn1 middlegame oneMove,https://lichess.org/OkeGPMbF/black#20,Italian_Game Italian_Game_Paris_Defense,https://lichess.org/training/CRJSF,True,bottom-right 1,white,"[4, 6]","[3, 4]","[4, 4]","[5, 6]"
ihPWB,r2B1rk1/ppp2ppp/2n1b3/4p3/4n3/1PNP1PN1/P4bPP/R2QKB1R w KQ - 1 13,e1e2 c6d4,1659,76,85,160,mate mateIn1 middlegame oneMove,https://lichess.org/PRcacQkU#25,Scandinavian_Defense Scandinavian_Defense_Other_variations,https://lichess.org/training/ihPWB,True,bottom-right 1,black,"[4, 6]","[3, 4]","[4, 4]","[5, 6]"
HR2by,r2qk2N/ppp3Rp/2n5/2bBp1B1/4n3/3P2Pb/PPP4P/RN1QK3 w Qq - 0 15,g5d8 c5f2 e1e2 c6d4,1660,77,89,1627,mate mateIn2 middlegame short,https://lichess.org/5Yeoob0D#29,Italian_Game Italian_Game_Giuoco_Pianissimo,https://lichess.org/training/HR2by,True,bottom-right 1,black,"[4, 6]","[3, 4]","[4, 4]","[5, 6]"
dcSrO,r2qkbnr/pp4pp/2np1p2/2p1N3/2B1P1b1/2N5/PPPP1PPP/R1BQR1K1 b kq - 0 7,g4d1 c4f7 e8e7 c3d5,1661,76,87,71,mate mateIn2 opening short,https://lichess.org/N2SNivba/black#14,Sicilian_Defense Sicilian_Defense_Bowdler_Attack,https://lichess.org/training/dcSrO,True,bottom-right 1,white,"[4, 6]","[3, 4]","[4, 4]","[5, 6]"
AbXG7,r2qkbnr/2p2ppp/p1np4/1p2N3/4P1b1/1BN5/PPPP1PPP/R1BQK2R b KQkq - 0 7,g4d1 b3f7 e8e7 c3d5,1661,78,93,3065,attackingF2F7 mate mateIn2 opening short,https://lichess.org/Nlizw5uH/black#14,Ruy_Lopez Ruy_Lopez_Morphy_Defense,https://lichess.org/training/AbXG7,True,bottom-right 1,white,"[4, 6]","[3, 4]","[4, 4]","[5, 6]"
ej51N,r2qkb1r/pp3ppp/2np4/2p1N2b/2B1n3/4N3/PPPP1PPP/R1BQK2R b KQkq - 0 9,h5d1 c4f7 e8e7 e3d5,1663,76,90,896,attackingF2F7 mate mateIn2 opening short,https://lichess.org/QebvxMxb/black#18,Sicilian_Defense Sicilian_Defense_Modern_Variations,https://lichess.org/training/ej51N,True,bottom-right 1,white,"[4, 6]","[3, 4]","[4, 4]","[5, 6]"
zZEWJ,rnbqkb1r/pp3pp1/3p3p/2p1N2n/2B1P3/2N3Q1/PPPP1PPP/R1B1K2R b KQkq - 0 8,h5g3 c4f7 e8e7 c3d5,1664,75,95,13365,attackingF2F7 mate mateIn2 opening short,https://lichess.org/243sDnX9/black#16,Sicilian_Defense Sicilian_Defense_Closed,https://lichess.org/training/zZEWJ,True,bottom-right 1,white,"[4, 6]","[3, 4]","[4, 4]","[5, 6]"
I5Waq,r2qkb1r/ppp2pp1/2np3p/4N2n/2BPPpbP/2N5/PPP3P1/R1BQ1RK1 b kq - 6 9,g4d1 c4f7 e8e7 c3d5,1667,76,98,1249,attackingF2F7 mate mateIn2 opening short,https://lichess.org/fvNmdR3U/black#18,Kings_Gambit_Accepted Kings_Gambit_Accepted_Becker_Defense,https://lichess.org/training/I5Waq,True,bottom-right 1,white,"[4, 6]","[3, 4]","[4, 4]","[5, 6]"
f407O,r2qkb1r/ppp2ppp/3p1n2/4N1B1/2BnP1b1/2NP4/PPP2PPP/R2QK2R b KQkq - 0 7,g4d1 c4f7 e8e7 c3d5,1677,76,87,114,attackingF2F7 mate mateIn2 middlegame short,https://lichess.org/4m5mZH2H/black#14,Four_Knights_Game Four_Knights_Game_Italian_Variation,https://lichess.org/training/f407O,True,bottom-right 1,white,"[4, 6]","[3, 4]","[4, 4]","[5, 6]"
71icd,r3k2r/ppp2ppp/8/4P3/2Pn1P2/2N1n2P/PPbK1bP1/R1B2BNR w kq - 13 17,g1e2 e3c4,1682,77,71,86,mate mateIn1 middlegame oneMove,https://lichess.org/EKMDRABf#33,Scandinavian_Defense Scandinavian_Defense_Marshall_Variation,https://lichess.org/training/71icd,True,bottom-right 1,black,"[4, 6]","[3, 4]","[4, 4]","[5, 6]"
Ugd9V,r2qkbnr/2p2ppp/p1np4/1p2N3/2B1PPb1/2N5/PPPP2PP/R1BQ1RK1 b kq - 0 7,g4d1 c4f7 e8e7 c3d5,1684,79,91,2133,attackingF2F7 mate mateIn2 middlegame short,https://lichess.org/jd7qd66j/black#14,Kings_Gambit Kings_Gambit_Other_variations,https://lichess.org/training/Ugd9V,True,bottom-right 1,white,"[4, 6]","[3, 4]","[4, 4]","[5, 6]"
JTrEE,r2qkbnr/ppp2B2/2np3p/4N3/4P3/2N5/PPPP1PP1/R1Bb1RK1 b kq - 0 9,e8e7 c3d5,1685,100,63,108,mate mateIn1 oneMove opening,https://lichess.org/hb87rExI/black#18,Philidor_Defense Philidor_Defense_Other_variations,https://lichess.org/training/JTrEE,True,bottom-right 1,white,"[4, 6]","[3, 4]","[4, 4]","[5, 6]"
pXR0S,r2qkb1r/ppp2pp1/3p1n1p/4N1B1/2B3b1/2N5/PP3PPP/R2Q1RK1 b kq - 0 10,g4d1 c4f7 e8e7 c3d5,1688,76,90,327,attackingF2F7 mate mateIn2 middlegame short,https://lichess.org/Y8WjsbdE/black#20,Scotch_Game Scotch_Game_Goring_Gambit,https://lichess.org/training/pXR0S,True,bottom-right 1,white,"[4, 6]","[3, 4]","[4, 4]","[5, 6]"
Oa69X,r2q1rk1/pp3pp1/2n4p/2b1p3/2P1n1bB/3P1N2/PP3PPP/R2QKB1R w KQ - 0 11,h4d8 c5f2 e1e2 c6d4,1688,77,94,13742,attackingF2F7 mate mateIn2 middlegame pin short,https://lichess.org/XxfJNea8#21,Scandinavian_Defense Scandinavian_Defense_Panov_Transfer,https://lichess.org/training/Oa69X,True,bottom-right 1,black,"[4, 6]","[3, 4]","[4, 4]","[5, 6]"
Ra1pG,r2qkb1r/2p2ppp/p2p4/1p1BN3/3nP1b1/2N5/PPPP1P2/R1BQ1RK1 b kq - 0 12,g4d1 d5f7 e8e7 c3d5,1691,76,92,6005,attackingF2F7 mate mateIn2 middlegame short,https://lichess.org/D4wdOMWF/black#24,Ruy_Lopez Ruy_Lopez_Morphy_Defense,https://lichess.org/training/Ra1pG,True,bottom-right 1,white,"[4, 6]","[3, 4]","[4, 4]","[5, 6]"
MXKXs,r2qkbr1/ppp2p2/3p3p/4N3/2B1Ppb1/2NP2P1/PPP2PK1/R2Q3R b q - 0 14,g4d1 c4f7 e8e7 c3d5,1692,77,83,83,attackingF2F7 fork mate mateIn2 middlegame short,https://lichess.org/JqqENr9W/black#28,Italian_Game Italian_Game_Two_Knights_Defense,https://lichess.org/training/MXKXs,True,bottom-right 1,white,"[4, 6]","[3, 4]","[4, 4]","[5, 6]"
JDzxD,r2qk2r/ppp2ppp/2np2b1/2b1p1B1/2P1n1PN/2NP3P/PP3P2/R2QKB1R w KQkq - 0 10,g5d8 c5f2 e1e2 c6d4,1693,75,99,1281,attackingF2F7 mate mateIn2 middlegame short,https://lichess.org/3kCxNS3v#19,English_Opening English_Opening_The_Whale,https://lichess.org/training/JDzxD,True,bottom-right 1,black,"[4, 6]","[3, 4]","[4, 4]","[5, 6]"
pKGLD,r2qkbnr/2p2ppp/p2p4/1p2N3/3nP1b1/1BN5/PPPPQPPP/R1B1K2R b KQkq - 0 8,d4e2 b3f7 e8e7 c3d5,1693,88,70,33,attackingF2F7 mate mateIn2 middlegame short,https://lichess.org/3Hd1kSmb/black#16,Ruy_Lopez Ruy_Lopez_Morphy_Defense,https://lichess.org/training/pKGLD,True,bottom-right 1,white,"[4, 6]","[3, 4]","[4, 4]","[5, 6]"
2yXDw,r2qkb1r/ppp2ppp/2np1n2/4N1B1/2B1P1b1/2N5/PP3PPP/R2QK2R b KQkq - 6 8,g4d1 c4f7 e8e7 c3d5,1698,75,95,18165,attackingF2F7 mate mateIn2 middlegame pin short,https://lichess.org/stlfA8af/black#16,Danish_Gambit Danish_Gambit_Other_variations,https://lichess.org/training/2yXDw,True,bottom-right 1,white,"[4, 6]","[3, 4]","[4, 4]","[5, 6]"
rFHMX,r2q1bnr/ppp1kBpp/2np4/4N1B1/3pP3/2N5/PPP2PPP/R2bK2R b KQ - 2 8,g8f6 c3d5,1699,84,77,133,mate mateIn1 middlegame oneMove pin,https://lichess.org/zih5NrFZ/black#16,Van_Geet_Opening Van_Geet_Opening_Napoleon_Attack,https://lichess.org/training/rFHMX,True,bottom-right 1,white,"[4, 6]","[3, 4]","[4, 4]","[5, 6]"
Wseam,r1b1k2r/pppp1ppp/2n5/2b1p3/P3n2N/7P/NPPP1PP1/R1BQKB1R w KQkq - 0 8,d2d3 c5f2 e1e2 c6d4,1713,75,85,526,attackingF2F7 fork mate mateIn2 opening short,https://lichess.org/ZQYZWB50#15,Three_Knights_Opening Three_Knights_Opening_Other_variations,https://lichess.org/training/Wseam,True,bottom-right 1,black,"[4, 6]","[3, 4]","[4, 4]","[5, 6]"
YS54S,r2qkb1r/2p2ppp/p2p4/1p2N3/4P1b1/1BN5/PPP2PPP/R2QK2R b KQkq - 0 11,g4d1 b3f7 e8e7 c3d5,1713,76,94,514,attackingF2F7 mate mateIn2 middlegame short,https://lichess.org/9G7mvDIO/black#22,Ruy_Lopez Ruy_Lopez_Cozio_Defense,https://lichess.org/training/YS54S,True,bottom-right 1,white,"[4, 6]","[3, 4]","[4, 4]","[5, 6]"
4K1Ky,r2qkbnr/2p2Bp1/p1np3p/1p2N3/4P3/2N4P/PPPP1PP1/R1Bb1RK1 b kq - 0 10,e8e7 c3d5,1715,80,84,630,mate mateIn1 middlegame oneMove,https://lichess.org/Nx9bWPV3/black#20,Ruy_Lopez Ruy_Lopez_Morphy_Defense,https://lichess.org/training/4K1Ky,True,bottom-right 1,white,"[4, 6]","[3, 4]","[4, 4]","[5, 6]"
8HQjH,r2qkbnr/2p2ppp/p1np4/1p2N3/4P1b1/1BN5/PPPP1PPP/R1BQ1RK1 b kq - 0 8,g4d1 b3f7 e8e7 c3d5,1719,76,91,662,attackingF2F7 mate mateIn2 opening short,https://lichess.org/Vf7qR9Qw/black#16,Ruy_Lopez Ruy_Lopez_Steinitz_Defense,https://lichess.org/training/8HQjH,True,bottom-right 1,white,"[4, 6]","[3, 4]","[4, 4]","[5, 6]"
lJnZs,r2qkb1r/pp3ppp/2np1n2/4N1B1/2B1P1b1/2N5/PP2QPPP/R3K2R b KQkq - 0 9,g4e2 c4f7 e8e7 c3d5,1721,77,92,1094,attackingF2F7 mate mateIn2 middlegame pin short,https://lichess.org/GpRosU9P/black#18,Sicilian_Defense Sicilian_Defense_Smith-Morra_Gambit,https://lichess.org/training/lJnZs,True,bottom-right 1,white,"[4, 6]","[3, 4]","[4, 4]","[5, 6]"
aH3Hn,r2qkbnr/2p2ppp/p1np4/1p2N2b/2B1P3/2N4P/PPPP1PP1/R1BQ1RK1 b kq - 0 8,h5d1 c4f7 e8e7 c3d5,1723,75,93,765,attackingF2F7 mate mateIn2 opening short,https://lichess.org/dchgoVhC/black#16,Ruy_Lopez Ruy_Lopez_Steinitz_Defense,https://lichess.org/training/aH3Hn,True,bottom-right 1,white,"[4, 6]","[3, 4]","[4, 4]","[5, 6]"
yfpXF,r2qkb1r/pp3p2/2np3p/3BN1pb/P3Pp2/2N4P/1PP3P1/R1BQ1RK1 b kq - 0 13,h5d1 d5f7 e8e7 c3d5,1728,76,92,2336,attackingF2F7 mate mateIn2 middlegame short,https://lichess.org/5k6rfabp/black#26,Kings_Gambit_Accepted Kings_Gambit_Accepted_Fischer_Defense,https://lichess.org/training/yfpXF,True,bottom-right 1,white,"[4, 6]","[3, 4]","[4, 4]","[5, 6]"
2ig9z,r2qkbnr/2p2pp1/p1np3p/1p2N3/4P1b1/1BN5/PPPP1PPP/R1BQ1RK1 b kq - 0 8,g4d1 b3f7 e8e7 c3d5,1729,77,89,321,attackingF2F7 mate mateIn2 opening short,https://lichess.org/SMCU6ZKM/black#16,Ruy_Lopez Ruy_Lopez_Morphy_Defense,https://lichess.org/training/2ig9z,True,bottom-right 1,white,"[4, 6]","[3, 4]","[4, 4]","[5, 6]"
ADHc0,r2q1rk1/pp3pp1/2n3p1/2b3B1/2P1n3/3P3P/PP3PP1/R2QKB1R w KQ - 0 13,g5d8 c5f2 e1e2 c6d4,1732,77,83,120,attackingF2F7 mate mateIn2 middlegame short,https://lichess.org/GPlhVfoD#25,Scandinavian_Defense Scandinavian_Defense_Panov_Transfer,https://lichess.org/training/ADHc0,True,bottom-right 1,black,"[4, 6]","[3, 4]","[4, 4]","[5, 6]"
7fW1h,r2qkb1r/ppp2ppp/3p4/4N2n/2B1Ppb1/P1NP4/1PP3PP/R1BQ1RK1 b kq - 0 9,g4d1 c4f7 e8e7 c3d5,1732,78,95,24976,attackingF2F7 mate mateIn2 opening short,https://lichess.org/Q4X0TEi1/black#18,Bishops_Opening Bishops_Opening_Other_variations,https://lichess.org/training/7fW1h,True,bottom-right 1,white,"[4, 6]","[3, 4]","[4, 4]","[5, 6]"
OyFO6,r2qkbnr/ppp3p1/2np3p/4N2b/2B1P3/2N4P/PPPP2P1/R1BQ1RK1 b kq - 0 9,h5d1 c4f7 e8e7 c3d5,1733,76,88,525,mate mateIn2 opening short,https://lichess.org/3YzQlAeR/black#18,Vienna_Game Vienna_Game_Omaha_Gambit,https://lichess.org/training/OyFO6,True,bottom-right 1,white,"[4, 6]","[3, 4]","[4, 4]","[5, 6]"
FQ0Rx,r2qkb1r/2p2ppp/p2p4/1p2N2b/3nP3/1B1PN3/PPP2PPP/R2QK2R b KQkq - 0 12,h5d1 b3f7 e8e7 e3d5,1735,77,31,107,attackingF2F7 mate mateIn2 middlegame short,https://lichess.org/OOn7dHLx/black#24,Four_Knights_Game Four_Knights_Game_Spanish_Variation,https://lichess.org/training/FQ0Rx,True,bottom-right 1,white,"[4, 6]","[3, 4]","[4, 4]","[5, 6]"
5HxR8,r2qkbnr/ppp5/3p3p/4N1p1/2B2pb1/P1N5/1PP3PP/R1BQ1RK1 b kq - 0 11,g4d1 c4f7 e8e7 c3d5,1746,76,94,10065,mate mateIn2 opening short,https://lichess.org/4kFHBtBQ/black#22,Vienna_Game Vienna_Game_Vienna_Gambit,https://lichess.org/training/5HxR8,True,bottom-right 1,white,"[4, 6]","[3, 4]","[4, 4]","[5, 6]"
p9mIQ,r1bqk2r/pppp1pp1/1bn4p/4p3/1P2n2B/P1NP3P/2P2PP1/R2QKBNR w KQkq - 0 9,h4d8 b6f2 e1e2 c6d4,1747,76,96,4940,attackingF2F7 mate mateIn2 opening short,https://lichess.org/qJ3kKl2V#17,Vienna_Game Vienna_Game_Falkbeer_Variation,https://lichess.org/training/p9mIQ,True,bottom-right 1,black,"[4, 6]","[3, 4]","[4, 4]","[5, 6]"
bZyzD,r2qkb1r/ppp2ppp/3p1n2/4N1B1/2BnP1b1/2N5/PPP2PPP/R2QK2R b KQkq - 0 7,g4d1 c4f7 e8e7 c3d5,1748,78,89,185,attackingF2F7 mate mateIn2 middlegame pin short,https://lichess.org/QBdQ18ja/black#14,Scotch_Game Scotch_Game_Other_variations,https://lichess.org/training/bZyzD,True,bottom-right 1,white,"[4, 6]","[3, 4]","[4, 4]","[5, 6]"
eEWMu,r2qkbnr/ppp3pp/3p1p2/4N2b/2B1P3/2N4P/PP3PP1/R1BQR1K1 b kq - 0 10,h5d1 c4f7 e8e7 c3d5,1751,75,77,118,mate mateIn2 opening short,https://lichess.org/Jm5kvBeh/black#20,Danish_Gambit Danish_Gambit_Other_variations,https://lichess.org/training/eEWMu,True,bottom-right 1,white,"[4, 6]","[3, 4]","[4, 4]","[5, 6]"
r1rI5,r2qkbnr/ppp3pp/2np1p2/4N3/2B1P1b1/2N5/PPPP1PPP/R1BQ1RK1 b kq - 0 6,g4d1 c4f7 e8e7 c3d5,1755,77,77,111,mate mateIn2 opening short,https://lichess.org/YfpDG8Bf/black#12,Italian_Game Italian_Game_Other_variations,https://lichess.org/training/r1rI5,True,bottom-right 1,white,"[4, 6]","[3, 4]","[4, 4]","[5, 6]"
mDMlK,r2qkb1r/2p2p2/p2p3p/1p2N1pn/3nP1b1/1BNP2B1/PPP2PPP/R2Q1RK1 b kq - 0 12,g4d1 b3f7 e8e7 c3d5,1760,77,88,1837,attackingF2F7 mate mateIn2 middlegame short,https://lichess.org/1ASeId3M/black#24,Four_Knights_Game Four_Knights_Game_Spanish_Variation,https://lichess.org/training/mDMlK,True,bottom-right 1,white,"[4, 6]","[3, 4]","[4, 4]","[5, 6]"
ek4jU,r2qkb1r/ppp2pp1/3p3p/4N3/2B1P1b1/2N5/PPPP4/R1BQ1RK1 b kq - 0 11,g4d1 c4f7 e8e7 c3d5,1762,76,95,22713,attackingF2F7 mate mateIn2 opening short,https://lichess.org/l8MLN5XX/black#22,Kings_Gambit_Declined Kings_Gambit_Declined_Queens_Knight_Defense,https://lichess.org/training/ek4jU,True,bottom-right 1,white,"[4, 6]","[3, 4]","[4, 4]","[5, 6]"
sQHTH,r2qk2r/pb3ppp/2n5/2b3B1/2P1n3/3P4/PP3PPP/R2QKBNR w KQkq - 0 10,g5d8 c5f2 e1e2 c6d4,1763,76,95,13874,attackingF2F7 mate mateIn2 middlegame short,https://lichess.org/CixnWyZe#19,Scandinavian_Defense Scandinavian_Defense_Panov_Transfer,https://lichess.org/training/sQHTH,True,bottom-right 1,black,"[4, 6]","[3, 4]","[4, 4]","[5, 6]"
A2lzj,r2qk2r/ppp2ppp/3pn3/2b1p3/4n2B/P1NP3P/1PP2PP1/R2QKB1R w KQkq - 0 11,h4d8 c5f2 e1e2 e6d4,1766,75,92,3253,attackingF2F7 mate mateIn2 middlegame short,https://lichess.org/QkvfonCg#21,Russian_Game Russian_Game_Other_variations,https://lichess.org/training/A2lzj,True,bottom-right 1,black,"[4, 6]","[3, 4]","[4, 4]","[5, 6]"
Wh2tn,rn1qkbnr/ppp3p1/3p1p1p/4N3/2BPP1b1/2N5/PPP2PPP/R1BQK2R b KQkq - 0 6,g4d1 c4f7 e8e7 c3d5,1767,79,81,51,mate mateIn2 opening short,https://lichess.org/3G1GZH9m/black#12,Philidor_Defense Philidor_Defense_Other_variations,https://lichess.org/training/Wh2tn,True,bottom-right 1,white,"[4, 6]","[3, 4]","[4, 4]","[5, 6]"
7b2Ki,r2qkbnr/ppp2p2/2np4/4N1pp/2BPPpb1/2N5/PPP3PP/R1BQ1RK1 b kq - 1 8,g4d1 c4f7 e8e7 c3d5,1769,76,91,3688,attackingF2F7 mate mateIn2 opening short,https://lichess.org/Z27x1FLY/black#16,Kings_Gambit_Accepted Kings_Gambit_Accepted_MacLeod_Defense,https://lichess.org/training/7b2Ki,True,bottom-right 1,white,"[4, 6]","[3, 4]","[4, 4]","[5, 6]"
NNzTy,r2qkb1r/2p2ppp/p2p1n2/1p2N1B1/3nP1b1/1BNP4/PPP2PPP/R2QK2R b KQkq - 0 9,g4d1 b3f7 e8e7 c3d5,1788,75,95,4994,attackingF2F7 mate mateIn2 middlegame short,https://lichess.org/XKVy37St/black#18,Ruy_Lopez Ruy_Lopez_Morphy_Defense,https://lichess.org/training/NNzTy,True,bottom-right 1,white,"[4, 6]","[3, 4]","[4, 4]","[5, 6]"
Jwybq,r2qkb1r/2p2ppp/p2p1n2/1p2N1B1/3nP1b1/1BN5/PPP2PPP/R2Q1RK1 b kq - 0 9,g4d1 b3f7 e8e7 c3d5,1790,79,93,1582,attackingF2F7 mate mateIn2 middlegame pin short,https://lichess.org/FO1SBo4y/black#18,Scotch_Game Scotch_Game_Other_variations,https://lichess.org/training/Jwybq,True,bottom-right 1,white,"[4, 6]","[3, 4]","[4, 4]","[5, 6]"
PNYPF,r2qkb1r/pp3pp1/3p3p/4N3/2B1PNb1/2P5/PP2QPPP/R3K2R b KQkq - 0 13,g4e2 c4f7 e8e7 f4d5,1793,75,88,346,attackingF2F7 mate mateIn2 middlegame short,https://lichess.org/VsdF3Jxc/black#26,French_Defense French_Defense_Queens_Knight,https://lichess.org/training/PNYPF,True,bottom-right 1,white,"[4, 6]","[3, 4]","[4, 4]","[5, 6]"
FIrIu,r2qkbnr/2p2Bpp/p1np4/1p2N3/4P3/2N4P/PPPP1PP1/R1BbK2R b KQkq - 0 9,e8e7 c3d5,1804,79,93,7529,mate mateIn1 middlegame oneMove,https://lichess.org/H803lfqy/black#18,Ruy_Lopez Ruy_Lopez_Morphy_Defense,https://lichess.org/training/FIrIu,True,bottom-right 1,white,"[4, 6]","[3, 4]","[4, 4]","[5, 6]"
zFa2H,2rqkb1r/1p3pp1/p1np3p/4N2b/1PB1n3/P3N1PP/1B3P2/R2QK2R b KQk - 0 14,h5d1 c4f7 e8e7 e3d5,1804,81,92,858,attackingF2F7 mate mateIn2 middlegame short,https://lichess.org/sJAwTvxm/black#28,Sicilian_Defense Sicilian_Defense_Open,https://lichess.org/training/zFa2H,True,bottom-right 1,white,"[4, 6]","[3, 4]","[4, 4]","[5, 6]"
ik4qs,r1bB2k1/ppp2pp1/7p/3n1P2/4P1n1/4b3/PPPKB1PP/R2Q3R w - - 3 16,d2d3 g4e5,1805,85,82,425,mate mateIn1 middlegame oneMove,https://lichess.org/uOkSMNNH#31,Vienna_Game Vienna_Game_Vienna_Gambit,https://lichess.org/training/ik4qs,True,top-right 1,black,"[4, 6]","[3, 4]","[4, 4]","[5, 6]"
xYpLI,r2qkbnr/2p3pp/p2p4/1p2N3/4Ppb1/1BN5/PPP2PPP/R1BQ1RK1 b kq - 0 10,g4d1 b3f7 e8e7 c3d5,1807,77,95,20011,mate mateIn2 opening short,https://lichess.org/6bVhiNQK/black#20,Ruy_Lopez Ruy_Lopez_Morphy_Defense,https://lichess.org/training/xYpLI,True,bottom-right 1,white,"[4, 6]","[3, 4]","[4, 4]","[5, 6]"
rhtj5,r2qkb1r/2p2ppp/p2p1n2/1p2N1B1/3nP1b1/1BNP4/PPP2PPP/R2Q1RK1 b kq - 0 10,g4d1 b3f7 e8e7 c3d5,1809,78,79,91,attackingF2F7 mate mateIn2 middlegame short,https://lichess.org/26fj3H9g/black#20,Four_Knights_Game Four_Knights_Game_Spanish_Variation,https://lichess.org/training/rhtj5,True,bottom-right 1,white,"[4, 6]","[3, 4]","[4, 4]","[5, 6]"
dW6uO,rn1qkbnr/1pp2pp1/p2p3p/4N3/2B1P1b1/2N5/PPPP1PPP/R1BQ1RK1 b kq - 0 6,g4d1 c4f7 e8e7 c3d5,1812,138,0,14,attackingF2F7 mate mateIn2 opening short,https://lichess.org/rqUlx3BK/black#12,Philidor_Defense Philidor_Defense_Other_variations,https://lichess.org/training/dW6uO,True,bottom-right 1,white,"[4, 6]","[3, 4]","[4, 4]","[5, 6]"
wjoi7,r2qkbnr/1pp2pp1/p1np3p/4N2b/2B1P3/2N4P/PPPP1PP1/R1BQR1K1 b kq - 0 8,h5d1 c4f7 e8e7 c3d5,1818,87,57,61,attackingF2F7 mate mateIn2 opening short,https://lichess.org/tKhGGxGp/black#16,Philidor_Defense Philidor_Defense_Other_variations,https://lichess.org/training/wjoi7,True,bottom-right 1,white,"[4, 6]","[3, 4]","[4, 4]","[5, 6]"
M4SqM,r2qkbnr/2p3pp/p1np1p2/1p2N3/3PP1b1/1BN5/PPP2PPP/R1BQ1RK1 b kq - 0 8,g4d1 b3f7 e8e7 c3d5,1820,78,89,3643,mate mateIn2 opening short,https://lichess.org/mxv2I9lI/black#16,Center_Game Center_Game_Other_variations,https://lichess.org/training/M4SqM,True,bottom-right 1,white,"[4, 6]","[3, 4]","[4, 4]","[5, 6]"
lhOPJ,r2qkb1r/1ppb4/p1np1np1/4N1B1/2B1P3/2N5/PPP2PPP/R4RK1 b kq - 1 11,h8g8 c4f7 e8e7 c3d5,1825,94,79,73,fork mate mateIn2 middlegame pin short,https://lichess.org/RwJVTN3x/black#22,Barnes_Defense Barnes_Defense_Other_variations,https://lichess.org/training/lhOPJ,True,bottom-right 1,white,"[4, 6]","[3, 4]","[4, 4]","[5, 6]"
OjOGZ,r2qkb1r/ppp2pp1/3p3p/4N3/2B1P3/3PN3/PPP1nPK1/R1Bb1R2 b kq - 3 13,e2c1 c4f7 e8e7 e3d5,1835,78,74,140,attackingF2F7 mate mateIn2 middlegame short,https://lichess.org/8W0zF8db/black#26,Italian_Game Italian_Game_Anti-Fried_Liver_Defense,https://lichess.org/training/OjOGZ,True,bottom-right 1,white,"[4, 6]","[3, 4]","[4, 4]","[5, 6]"
58cqg,r2qkbnr/1pp2ppp/p1np4/4N2b/2B1P3/2N4P/PPPP1PP1/R1BQ1RK1 b kq - 0 7,h5d1 c4f7 e8e7 c3d5,1839,135,0,12,attackingF2F7 mate mateIn2 opening short,https://lichess.org/LZFtCegx/black#14,Philidor_Defense Philidor_Defense_Other_variations,https://lichess.org/training/58cqg,True,bottom-right 1,white,"[4, 6]","[3, 4]","[4, 4]","[5, 6]"
ia73X,r2qkb1r/ppp3pp/2np1n2/4N1B1/2B1P1b1/2N5/PPP2PPP/R2QK2R b KQkq - 0 8,g4d1 c4f7 e8e7 c3d5,1840,112,58,34,mate mateIn2 middlegame pin short,https://lichess.org/03jKiEZZ/black#16,Italian_Game Italian_Game_Other_variations,https://lichess.org/training/ia73X,True,bottom-right 1,white,"[4, 6]","[3, 4]","[4, 4]","[5, 6]"
Gy8Pt,r2q1rk1/ppp3pp/2np2p1/2bNp1B1/4n1P1/P2P3P/1PP2P2/R2QKB1R w KQ - 0 12,g5d8 c5f2 e1e2 c6d4,1841,77,86,1728,attackingF2F7 mate mateIn2 middlegame short,https://lichess.org/2klOEBTV#23,Russian_Game Russian_Game_Other_variations,https://lichess.org/training/Gy8Pt,True,bottom-right 1,black,"[4, 6]","[3, 4]","[4, 4]","[5, 6]"
wbY35,r2qk2r/ppp2ppp/1bnp4/3Np1B1/1P2n1b1/P2P1N2/2P2PPP/R2QKB1R w KQkq - 0 9,g5d8 b6f2 e1e2 c6d4,1846,76,88,202,attackingF2F7 mate mateIn2 middlegame short,https://lichess.org/tZxbGoCR#17,Four_Knights_Game Four_Knights_Game_Other_variations,https://lichess.org/training/wbY35,True,bottom-right 1,black,"[4, 6]","[3, 4]","[4, 4]","[5, 6]"
Kj02O,r2qkb1r/ppp2pp1/3p3p/4N3/4PNbP/1B1P2n1/PPP3P1/R1BQK2R b KQkq - 0 11,g4d1 b3f7 e8e7 f4d5,1847,75,96,2584,attackingF2F7 mate mateIn2 opening short,https://lichess.org/rSvUuiFT/black#22,Kings_Gambit_Accepted Kings_Gambit_Accepted_Fischer_Defense,https://lichess.org/training/Kj02O,True,bottom-right 1,white,"[4, 6]","[3, 4]","[4, 4]","[5, 6]"
s6wvm,1r1qkbnr/2p2ppp/p2p4/1p1BN3/3nP1b1/2N5/PPPP1PPP/R1BQ1RK1 b k - 0 9,g4d1 d5f7 e8e7 c3d5,1853,89,69,55,attackingF2F7 mate mateIn2 middlegame short,https://lichess.org/7nTC5dYF/black#18,Ruy_Lopez Ruy_Lopez_Morphy_Defense,https://lichess.org/training/s6wvm,True,bottom-right 1,white,"[4, 6]","[3, 4]","[4, 4]","[5, 6]"
Fowfc,r2qkb1r/5p1p/p2p2p1/1p2N3/6b1/PBN5/1P3PPP/R2QK2R b KQkq - 0 15,g4d1 b3f7 e8e7 c3d5,1859,78,65,404,attackingF2F7 mate mateIn2 middlegame short,https://lichess.org/VKJJX5Fw/black#30,Caro-Kann_Defense Caro-Kann_Defense_Panov_Attack,https://lichess.org/training/Fowfc,True,bottom-right 1,white,"[4, 6]","[3, 4]","[4, 4]","[5, 6]"
mZ8At,r2Nk2r/ppp3p1/2np4/4p3/2B1n3/P2P4/1PP2bP1/RNBQ2K1 w kq - 0 13,g1f1 h8h1 f1e2 c6d4,1861,78,85,1691,mate mateIn2 middlegame short,https://lichess.org/DbXoAIns#25,Italian_Game Italian_Game_Giuoco_Pianissimo,https://lichess.org/training/mZ8At,True,bottom-right 1,black,"[4, 6]","[3, 4]","[4, 4]","[5, 6]"
dEX5T,r2qkb1r/2p3p1/p2p1n1p/1p2N1B1/6b1/1BN1P3/PPP2PPP/R2QK2R b KQkq - 0 11,g4d1 b3f7 e8e7 c3d5,1870,79,95,16476,mate mateIn2 middlegame short,https://lichess.org/q6rVjKC9/black#22,Englund_Gambit_Complex Englund_Gambit_Complex_Hartlaub-Charlick_Gambit,https://lichess.org/training/dEX5T,True,bottom-right 1,white,"[4, 6]","[3, 4]","[4, 4]","[5, 6]"
SRHa7,r3rb2/1bqn1Bpk/3p3N/1p5n/p2pP2N/2P3Q1/1P3PPP/R1B1R1K1 b - - 0 20,h5g3 f7g8 h7h8 h4g6,1913,75,94,1190,mate mateIn2 middlegame short,https://lichess.org/QeQTByQu/black#40,,https://lichess.org/training/SRHa7,True,bottom-right 1,white,"[4, 6]","[3, 4]","[4, 4]","[5, 6]"
Jmc2a,8/6k1/3P2P1/4P1n1/2B2n1N/2P2b2/1P1R1P1K/r7 w - - 1 44,d6d7 a1h1 h2g3 f4h5,1919,76,93,278,mate mateIn2 middlegame short,https://lichess.org/LqdbPUZz#87,,https://lichess.org/training/Jmc2a,True,top-right 1,black,"[4, 6]","[3, 4]","[4, 4]","[5, 6]"
CQza5,r2Nk2r/ppp3p1/2np4/4p3/2B1n3/2NP4/PPP2bP1/R1BQ2K1 w kq - 0 13,g1f1 h8h1 f1e2 c6d4,1924,78,87,811,mate mateIn2 middlegame short,https://lichess.org/4Sl4VuvN#25,Italian_Game Italian_Game_Giuoco_Pianissimo,https://lichess.org/training/CQza5,True,bottom-right 1,black,"[4, 6]","[3, 4]","[4, 4]","[5, 6]"
ysQdX,r1bq1b1r/1p2kBpp/p2p1n2/n3N1B1/8/1QN5/PP3PPP/R3R1K1 b - - 0 15,a5b3 c3d5,1930,81,92,2190,mate mateIn1 middlegame oneMove,https://lichess.org/w7XSFF5B/black#30,Sicilian_Defense Sicilian_Defense_Smith-Morra_Gambit_Accepted,https://lichess.org/training/ysQdX,True,bottom-right 1,white,"[4, 6]","[3, 4]","[4, 4]","[5, 6]"
Kiz3W,r2qkbnr/pp5p/3p1p2/2p1N2b/2BnP2B/2NP2pP/PPP5/R2Q1RK1 b kq - 3 12,h5d1 c4f7 e8e7 c3d5,1933,83,92,197,mate mateIn2 middlegame pin short,https://lichess.org/kEK0pcvw/black#24,Vienna_Game Vienna_Game_Other_variations,https://lichess.org/training/Kiz3W,True,bottom-right 1,white,"[4, 6]","[3, 4]","[4, 4]","[5, 6]"
JUxcF,r2qkbnr/2p2pp1/p1np3p/1p2N2b/4P3/1BN4P/PPPP1PP1/R1BQ1RK1 b kq - 0 9,h5d1 b3f7 e8e7 c3d5,1941,75,94,2437,attackingF2F7 mate mateIn2 middlegame short,https://lichess.org/YCW4sL0Y/black#18,Ruy_Lopez Ruy_Lopez_Morphy_Defense,https://lichess.org/training/JUxcF,True,bottom-right 1,white,"[4, 6]","[3, 4]","[4, 4]","[5, 6]"
K5Jnk,r2qk1nr/bpp2p2/p2p3B/4N3/2BnP1b1/P1NP4/1PP2PP1/R2QK2R b KQkq - 0 14,g4d1 c4f7 e8e7 c3d5,2014,78,92,1648,attackingF2F7 mate mateIn2 middlegame short,https://lichess.org/gsREMLDF/black#28,Italian_Game Italian_Game_Giuoco_Pianissimo,https://lichess.org/training/K5Jnk,True,bottom-right 1,white,"[4, 6]","[3, 4]","[4, 4]","[5, 6]"
Wbip7,r2Nk2r/ppp3p1/2np4/4p3/4n3/1B1P4/PPP2bP1/RNBQ2K1 w kq - 0 13,g1f1 h8h1 f1e2 c6d4,2015,80,81,130,mate mateIn2 middlegame short,https://lichess.org/dxvFYMAa#25,Italian_Game Italian_Game_Giuoco_Piano,https://lichess.org/training/Wbip7,True,bottom-right 1,black,"[4, 6]","[3, 4]","[4, 4]","[5, 6]"
R8A3x,r2qkb1r/ppp2ppp/3p1n2/4N1B1/2Bn2b1/2NP4/PPP2PPP/R2QR1K1 b kq - 0 9,g4d1 c4f7 e8e7 c3d5,2017,80,92,2473,attackingF2F7 mate mateIn2 middlegame short,https://lichess.org/z1LuicD6/black#18,Italian_Game Italian_Game_Two_Knights_Defense,https://lichess.org/training/R8A3x,True,bottom-right 1,white,"[4, 6]","[3, 4]","[4, 4]","[5, 6]"
8a7uQ,r2qk1r1/pppb1p2/2np4/2b1p2p/2B1n2B/P2P2NP/1PP2P1N/R2QK2R w KQq - 0 14,h4d8 c5f2 e1f1 d7h3 f1e2 c6d4,2059,81,92,4462,attackingF2F7 long mate mateIn3 middlegame,https://lichess.org/vpC2c8oa#27,Nimzowitsch_Defense Nimzowitsch_Defense_Other_variations,https://lichess.org/training/8a7uQ,True,bottom-right 1,black,"[4, 6]","[3, 4]","[4, 4]","[5, 6]"
2N5te,4r1k1/pp3ppp/8/4n1P1/2P3n1/PPB3PN/4P2P/2b1KB1R w K - 1 20,a3a4 e5d3 e1d1 g4e3,2139,81,84,96,mate mateIn2 middlegame pin short,https://lichess.org/1zRlW8ns#39,,https://lichess.org/training/2N5te,True,top-right 1,black,"[4, 6]","[3, 4]","[4, 4]","[5, 6]"
SR1Jj,r2qkb1r/2p3pp/p1np1pn1/1p2N3/3PPBb1/1BN5/PPP3PP/R2Q1RK1 b kq - 3 11,g4d1 b3f7 e8e7 c3d5,2153,76,97,690,mate mateIn2 middlegame short,https://lichess.org/IakcnRq1/black#22,Vienna_Gambit_with_Max_Lange_Defense Vienna_Gambit_with_Max_Lange_Defense_Knight_Variation,https://lichess.org/training/SR1Jj,True,bottom-right 1,white,"[4, 6]","[3, 4]","[4, 4]","[5, 6]"
BbXuj,r1b2k2/pppp3p/2n5/7Q/2B1nqN1/8/PPPP1bPP/RNB2K1R w - - 3 12,d2d3 f4c1 f1e2 c6d4,2232,95,85,71,hangingPiece mate mateIn2 middlegame short,https://lichess.org/rWBg6eKI#23,Italian_Game Italian_Game_Two_Knights_Defense,https://lichess.org/training/BbXuj,True,bottom-right 1,black,"[4, 6]","[3, 4]","[4, 4]","[5, 6]"
R7v9a,r2qk2r/ppp2Np1/2np4/2b1p3/2B1n3/2NP4/PPP2RP1/R1BQ2K1 w kq - 0 12,f7d8 c5f2 g1f1 h8h1 f1e2 c6d4,2316,87,90,1316,kingsideAttack long mate mateIn3 middlegame,https://lichess.org/g7RfpjgJ#23,Italian_Game Italian_Game_Giuoco_Pianissimo,https://lichess.org/training/R7v9a,True,bottom-right 1,black,"[4, 6]","[3, 4]","[4, 4]","[5, 6]"
HU1bI,r2Nk2r/ppp3p1/2np4/2b1p3/2B1n3/2NP4/PPP2pP1/R1BQ1RK1 w kq - 0 12,f1f2 c5f2 g1f1 h8h1 f1e2 c6d4,2541,83,92,6196,kingsideAttack long mate mateIn3 middlegame,https://lichess.org/nK1VIHPC#23,Four_Knights_Game Four_Knights_Game_Italian_Variation,https://lichess.org/training/HU1bI,True,bottom-right 1,black,"[4, 6]","[3, 4]","[4, 4]","[5, 6]"
