PuzzleId|FEN|Moves|Rating|RatingDeviation|Popularity|NbPlays|Themes|GameUrl|OpeningTags|PatternMatch|puzzle_ref
ZF4sO|1k4r1/pp3R1p/1b6/3p4/8/7q/3N1P2/2Q2RK1 w - - 4 33|f7g7 g8g7|684|83|76|237|hangingPiece mate mateIn1 middlegame oneMove|https://lichess.org/KAKEZiqY#65||FALSE|https://lichess.org/training/ZF4sO
0dh43|4r1k1/p1pp1ppp/1p6/2b3Q1/2P5/1P4Pq/PB3P1P/R3r1KR w - - 5 18|a1e1 e8e1|717|78|100|268|kingsideAttack mate mateIn1 middlegame oneMove|https://lichess.org/TDdIxcbK#35|Scotch_Game Scotch_Game_Lolli_Variation|FALSE|https://lichess.org/training/0dh43
lJrCz|4kb2/2q2b2/2p1pQ2/B1Pp4/B2PpP2/P3K1P1/8/8 b - - 0 37|c7a5 a4c6|754|76|86|176|endgame mate mateIn1 oneMove|https://lichess.org/Rlj8Tu0a/black#74||TRUE|https://lichess.org/training/lJrCz
8QPns|2k5/ppp2p1p/3p1p2/2bBp3/3nP3/3P2rq/PPP2PN1/R2Q1RK1 w - - 0 17|f2g3 d4e2|772|86|88|544|doubleCheck mate mateIn1 middlegame oneMove|https://lichess.org/eNLMYASs#33|Four_Knights_Game Four_Knights_Game_Italian_Variation|TRUE|https://lichess.org/training/8QPns
6VWOG|r5k1/pp3ppp/2n2b2/8/8/P1P1Pq1P/5P1B/1b1RKQR1 w - - 0 24|d1b1 f6c3|777|107|96|228|mate mateIn1 middlegame oneMove|https://lichess.org/L4b9qhAh#47||TRUE|https://lichess.org/training/6VWOG
msO4r|2r4k/1p4p1/5n1Q/1PB5/P3P3/2K2P2/4B1p1/1q6 b - - 4 39|h8g8 e2c4 f6d5 c4d5|795|97|96|572|endgame mate mateIn2 short|https://lichess.org/wOkY6uLd/black#78||TRUE|https://lichess.org/training/msO4r
VWR51|r2q2kr/ppp4p/2n2p1Q/5b2/2B5/2P5/PPP2PPP/R4RK1 b - - 3 16|f5e6 c4e6|795|81|97|1121|hangingPiece kingsideAttack mate mateIn1 middlegame oneMove|https://lichess.org/Vkbzp0SL/black#32|Four_Knights_Game Four_Knights_Game_Italian_Variation|TRUE|https://lichess.org/training/VWR51
XOGqW|3krb1r/pp2p1p1/2p1Qn2/3p3p/qP6/3PB2P/P4PP1/R3R1K1 b - - 0 19|a7a6 e3b6|801|93|90|716|mate mateIn1 middlegame oneMove|https://lichess.org/zale8uAO/black#38|Caro-Kann_Defense Caro-Kann_Defense_Other_variations|TRUE|https://lichess.org/training/XOGqW
j18lf|r2q2kr/pppb3p/3p2pQ/8/2B1PpP1/5P2/PPP5/2KR3R b - - 5 20|d7e6 c4e6|804|104|93|1170|hangingPiece kingsideAttack mate mateIn1 middlegame oneMove|https://lichess.org/1Kq3yIGD/black#40||TRUE|https://lichess.org/training/j18lf
992aZ|r1bq2kr/pp1nb2p/2p2ppQ/3p4/2PP1B2/1B3N2/PP3PPP/RN4K1 b - - 0 19|d5c4 b3c4|809|80|91|148|mate mateIn1 middlegame oneMove|https://lichess.org/mXfjJkRz/black#38||TRUE|https://lichess.org/training/992aZ
b7sOy|2kr3b/Qpp2p1p/3pp3/8/PP6/N1n1Pq2/3P1P1P/R3KR2 w Q - 0 16|d2c3 h8c3|836|94|97|473|mate mateIn1 middlegame oneMove|https://lichess.org/A5WsJUsy#31|Polish_Opening Polish_Opening_Other_variations|TRUE|https://lichess.org/training/b7sOy
Uktrk|r4knr/p1p2p1p/8/2b4b/4P3/2N2P1q/PP1BB2P/R2Q2KR w - - 7 20|d2e3 c5e3|838|78|89|413|hangingPiece kingsideAttack mate mateIn1 middlegame oneMove|https://lichess.org/51r8WZOn#39||TRUE|https://lichess.org/training/Uktrk
6nLrQ|r2q2kr/pppnn2p/3p2pQ/3Pp3/4P1B1/2N4R/PPP3PP/R5K1 b - - 6 17|d7f6 g4e6|842|79|88|607|mate mateIn1 middlegame oneMove|https://lichess.org/TG5jF4b8/black#34|Modern_Defense Modern_Defense_Standard_Defense|TRUE|https://lichess.org/training/6nLrQ
d8cGA|4kq2/1p3p2/4pQ2/3pP1p1/8/2r1P3/4BKP1/8 b - - 15 42|b7b5 e2b5 c3c6 b5c6|842|121|94|44|endgame mate mateIn2 short|https://lichess.org/aeU4COyn/black#84||TRUE|https://lichess.org/training/d8cGA
QEPdi|2rk4/2p2p1p/2Q1p3/3p4/8/2PbB3/1P1K1P2/7q b - - 1 26|d3e4 e3g5 f7f6 g5f6|846|98|92|763|endgame mate mateIn2 short|https://lichess.org/NN09gCvg/black#52||TRUE|https://lichess.org/training/QEPdi
BfLho|r3k2r/pp3ppp/8/2bpp3/8/2P1Bn1q/PP2B2P/R2Q2KR w kq - 0 17|e2f3 c5e3|850|78|100|61|hangingPiece kingsideAttack mate mateIn1 middlegame oneMove|https://lichess.org/Tt3dsrtW#33|Scandinavian_Defense Scandinavian_Defense_Modern_Variation|TRUE|https://lichess.org/training/BfLho
sK2IX|8/1P1q2pk/7p/4p3/3pP2P/3P1PP1/2PbN3/1R5K w - - 0 35|b7b8q d7h3 h1g1 d2e3|851|84|95|1089|endgame mate mateIn2 short|https://lichess.org/d9zFvplk#69||TRUE|https://lichess.org/training/sK2IX
EOhU0|r1b2k2/p2p4/2p1p1Q1/2B1p3/7P/6K1/P1P3P1/q7 b - - 3 26|d7d6 c5d6|854|80|100|256|endgame mate mateIn1 oneMove|https://lichess.org/4CPT2Iqd/black#52||TRUE|https://lichess.org/training/EOhU0
2DnKR|r2q1rk1/ppp2pp1/2np2RQ/3Np3/2B1P3/P2P4/1PP2P2/R3K3 b Q - 0 16|f7g6 d5e7|855|90|72|114|doubleCheck mate mateIn1 middlegame oneMove|https://lichess.org/olqAOFCD/black#32|Four_Knights_Game Four_Knights_Game_Italian_Variation|TRUE|https://lichess.org/training/2DnKR
kgCGZ|r3k2r/ppp2pp1/2n5/2bpp3/8/PP1PP1Pq/1BPN2KP/R2Q3R w kq - 2 16|g2g1 c5e3|857|84|88|268|kingsideAttack mate mateIn1 middlegame oneMove|https://lichess.org/AAhaypJK#31|Nimzo-Larsen_Attack Nimzo-Larsen_Attack_Modern_Variation|TRUE|https://lichess.org/training/kgCGZ
tg2Ml|8/4ppk1/6pb/7p/4B2q/5P1b/6P1/1Q1R3K w - - 0 36|g2h3 h4h3 h1g1 h6e3|857|103|97|205|endgame mate mateIn2 short|https://lichess.org/DeZqewdu#71||TRUE|https://lichess.org/training/tg2Ml
2GXNr|r1b3nr/1p3kPp/p7/1Bb3B1/8/6Pq/PP5P/RN1Q2KR w - - 3 20|g5e3 c5e3|872|78|100|118|hangingPiece kingsideAttack mate mateIn1 middlegame oneMove|https://lichess.org/IJOkfG4a#39||TRUE|https://lichess.org/training/2GXNr
bzP9U|1r3rk1/pppq1pp1/1b5p/P2N2n1/1PnP4/4PBPP/2Q2PK1/R1B2R2 w - - 1 19|c2c4 d7h3 g2g1 g5f3|872|80|95|958|deflection mate mateIn2 middlegame short|https://lichess.org/hLTxDKOU#37||FALSE|https://lichess.org/training/bzP9U
mL0lt|r5k1/ppp3pp/3p4/2b1n3/8/1PN2P1q/PBP1QP2/R2R2K1 w - - 0 18|e2f1 e5f3|874|95|95|1303|kingsideAttack mate mateIn1 middlegame oneMove|https://lichess.org/OTpeRrYz#35|Three_Knights_Opening Three_Knights_Opening_Other_variations|FALSE|https://lichess.org/training/mL0lt
7Pr1w|r1bq2nr/pp1kb1pp/4p3/2p1Q3/8/P1NB4/1PPP2PP/R1B1K2R b KQ - 0 11|g8f6 d3b5|875|75|62|146|mate mateIn1 oneMove opening|https://lichess.org/2DXoVxvU/black#22|Sicilian_Defense Sicilian_Defense_McDonnell_Attack|TRUE|https://lichess.org/training/7Pr1w
wIryT|rk3b1r/p1pq1ppp/Qp2p3/8/5B2/5P2/P4PPP/R2R2K1 b - - 7 18|d7c6 d1d8|877|79|100|71|mate mateIn1 middlegame oneMove|https://lichess.org/uo245Dk4/black#36|English_Opening English_Opening_Anglo-Grunfeld_Defense|FALSE|https://lichess.org/training/wIryT
WS2Yl|rnb4r/pp1p1Bkp/3Q3b/4N3/4P1p1/6Pq/PPP4P/RN3K1R w - - 1 14|f1g1 h6e3|883|78|84|88|mate mateIn1 middlegame oneMove|https://lichess.org/KhU5zxZ5#27|Kings_Gambit_Accepted Kings_Gambit_Accepted_Salvio_Gambit|TRUE|https://lichess.org/training/WS2Yl
fUjen|5rk1/pQp2ppp/5p2/2b5/8/1PNq4/P2Pr1PP/2KR3R w - - 0 16|c3e2 c5a3|887|113|85|34|master mate mateIn1 middlegame oneMove|https://lichess.org/SaXbeD4E#31|Nimzo-Larsen_Attack Nimzo-Larsen_Attack_Classical_Variation|TRUE|https://lichess.org/training/fUjen
GLQ59|r2qr1k1/ppp1np2/1b1pN2Q/3Bp3/4P3/3P3P/PPP2PP1/R3K2R b KQ - 0 14|f7e6 d5e6|887|87|91|166|kingsideAttack mate mateIn1 middlegame oneMove|https://lichess.org/WQ2VLepc/black#28|Italian_Game Italian_Game_Giuoco_Pianissimo|TRUE|https://lichess.org/training/GLQ59
CvZWY|6k1/ppp2pbp/3p2p1/8/8/6Nq/PPBN3B/R3r1KR w - - 0 22|a1e1 g7d4 e1e3 d4e3|887|79|91|275|mate mateIn2 middlegame short|https://lichess.org/d3BS5Yvd#43||TRUE|https://lichess.org/training/CvZWY
UxSmE|4r1k1/5ppp/1pP5/p1pB4/3b1Q1P/6Pq/P2R1P2/3Rr1K1 w - - 8 26|d1e1 e8e1|888|86|100|63|kingsideAttack mate mateIn1 middlegame oneMove|https://lichess.org/FcoeuBeQ#51||FALSE|https://lichess.org/training/UxSmE
xuJvb|4k3/8/p4b2/5N2/1pP2Pp1/1P1P1qP1/P7/5KQ1 w - - 7 43|f1e1 f6c3|891|80|94|222|endgame mate mateIn1 oneMove|https://lichess.org/z7GghkKz#85||TRUE|https://lichess.org/training/xuJvb
As7KD|6k1/Q4ppp/8/3pp3/N3b3/1P2PPq1/PB3KPb/8 w - - 1 27|f2f1 e4d3|895|82|84|280|endgame mate mateIn1 oneMove|https://lichess.org/PMALwc1F#53||TRUE|https://lichess.org/training/As7KD
PTHhu|r3k1r1/p2p4/2pQp3/3nP1p1/1P5P/3B4/Pq4PK/R4R2 b q - 1 27|e8c8 d3a6|896|75|100|237|master mate mateIn1 middlegame oneMove|https://lichess.org/lPMllnx8/black#54||TRUE|https://lichess.org/training/PTHhu
o81f1|2r1k1nr/pp3ppp/2n1p1b1/1BbpN3/6P1/1P2PP1q/PBP4P/RN1Q2KR w k - 0 13|e5g6 c5e3|899|77|72|132|kingsideAttack mate mateIn1 middlegame oneMove|https://lichess.org/Sp1aX4os#25|Queens_Pawn_Game Queens_Pawn_Game_Other_variations|TRUE|https://lichess.org/training/o81f1
CTfBx|r1bq2kr/pp2b2p/2n3pQ/4p3/2B1P3/2P2N2/P4PP1/R1B1K2R b KQ - 1 18|c8e6 c4e6|899|78|100|1284|hangingPiece kingsideAttack master mate mateIn1 middlegame oneMove|https://lichess.org/s1xwYkbY/black#36|Queens_Gambit_Declined Queens_Gambit_Declined_Semi-Tarrasch_Defense|TRUE|https://lichess.org/training/CTfBx
IqYAO|r2qr1k1/ppp1bp2/2npNn1Q/4p3/2B1P3/3P4/PPP2PPP/RN3RK1 b - - 0 11|f7e6 c4e6|901|99|95|525|kingsideAttack mate mateIn1 oneMove opening|https://lichess.org/9nZl8Q2R/black#22|Italian_Game Italian_Game_Two_Knights_Defense|TRUE|https://lichess.org/training/IqYAO
sJ6fk|r1b1k2r/ppp2ppp/8/8/8/4q1N1/PPP1Bp1P/R2QK2R w KQkq - 0 16|e1f1 c8h3|903|76|84|200|mate mateIn1 middlegame oneMove|https://lichess.org/XBipHBJu#31|French_Defense French_Defense_Exchange_Variation|TRUE|https://lichess.org/training/sJ6fk
3sDra|r1bq2r1/pp1kb3/4p3/3pQ1B1/3p4/3B1P2/PPPNKP1p/R3R3 b - - 0 18|g8g5 d3b5|905|80|82|73|mate mateIn1 middlegame oneMove|https://lichess.org/9RqtTe2k/black#36|French_Defense French_Defense_Advance_Variation|TRUE|https://lichess.org/training/3sDra
wEwYV|r3q1r1/4pp2/1p1pP1k1/p1pP2P1/P1P2P1Q/2NB4/1PK5/8 b - - 2 30|f7f5 g5f6|907|161|64|105|discoveredAttack enPassant endgame mate mateIn1 oneMove|https://lichess.org/EsL0hn2Q/black#60||FALSE|https://lichess.org/training/wEwYV
IQsLp|r3k1nr/1p2bppp/p3p3/2p1P3/P4P2/2Nq1P2/1P1P3P/R1BQK2R w KQkq - 1 14|a1a3 e7h4|908|89|97|279|mate mateIn1 middlegame oneMove|https://lichess.org/WkoXC0fR#27|Caro-Kann_Defense Caro-Kann_Defense_Other_variations|TRUE|https://lichess.org/training/IQsLp
8E3Eg|r3k1nN/pp4pp/2nQ4/4Pb2/2B3q1/2P5/3K1P1P/R1B5 b - - 5 18|a8d8 c4f7|908|84|88|51|mate mateIn1 middlegame oneMove|https://lichess.org/8xn9klBe/black#36|Sicilian_Defense Sicilian_Defense_Wing_Gambit|TRUE|https://lichess.org/training/8E3Eg
iq9ls|r2q1rk1/ppp2pp1/3p2RQ/3Np3/2BnP3/P7/1PP2PP1/R5K1 b - - 0 21|f7g6 d5f6|908|79|96|295|doubleCheck mate mateIn1 middlegame oneMove|https://lichess.org/5sDvxEbf/black#42||TRUE|https://lichess.org/training/iq9ls
gEMIs|r2k1b1r/4pBpp/p1ppQn2/3b4/Pq6/7P/3B1P2/RN2K1R1 b Q - 1 17|b4b2 d2a5 b2b6 a5b6|910|78|84|488|mate mateIn2 middlegame short|https://lichess.org/kY9ru4xv/black#34|Sicilian_Defense Sicilian_Defense_Modern_Variations|TRUE|https://lichess.org/training/gEMIs
Ecnsq|1r2k1nr/1p1bpp2/p6b/2pPp3/2P1P1p1/PPN3Pq/3NB2P/R2Q2KR w k - 7 25|e2f1 h6e3|912|77|100|82|mate mateIn1 middlegame oneMove|https://lichess.org/0cDuwgu1#49||TRUE|https://lichess.org/training/Ecnsq
tmV22|2kr3r/Q1p5/2pp3p/6p1/8/4PqB1/PbP2P1P/3RKR2 w - - 0 18|d1b1 b2c3|914|77|100|319|mate mateIn1 middlegame oneMove|https://lichess.org/pTtOxGN8#35|Englund_Gambit Englund_Gambit_Hartlaub-Charlick_Gambit|TRUE|https://lichess.org/training/tmV22
GN9nW|3r2kr/1p5p/6pQ/4P3/p1p1pP2/P1P1R3/1P1qB3/1K6 b - - 6 37|d2e3 e2c4 d8d5 c4d5|914|84|82|124|endgame mate mateIn2 short|https://lichess.org/L1JJmhT8/black#74||TRUE|https://lichess.org/training/GN9nW
uQjrm|r3kr2/1b3p1p/4pQp1/p3P3/2Bp1PP1/P3q3/1PPR3P/2K4R b q - 0 23|b7h1 c4b5 h1c6 b5c6|915|76|91|335|mate mateIn2 middlegame short|https://lichess.org/vOCKWq8z/black#46||TRUE|https://lichess.org/training/uQjrm
3y70c|r3kbr1/pp3p1p/4pQ2/3p4/3P4/2PB4/Pq3PPP/RN3RK1 b q - 2 14|b2a1 d3b5|915|77|100|258|mate mateIn1 middlegame oneMove|https://lichess.org/VHNs1qVt/black#28|Scandinavian_Defense Scandinavian_Defense_Modern_Variation|TRUE|https://lichess.org/training/3y70c
QafV0|2kr3N/ppp2ppp/3bp3/8/6P1/1BNqP2P/PP1P4/3RK2Q w - - 5 18|h8f7 d6g3|919|77|100|345|mate mateIn1 middlegame oneMove|https://lichess.org/v9Hsqpwm#35|English_Opening English_Opening_Anglo-Scandinavian_Defense|TRUE|https://lichess.org/training/QafV0
22obI|r1bq2nr/pp1kb1pp/4p3/3pQ3/3P4/2PB4/5PPP/RNB1K2R b KQ - 0 12|g8f6 d3b5|919|95|96|667|mate mateIn1 oneMove opening|https://lichess.org/DQvU5mJJ/black#24|Sicilian_Defense Sicilian_Defense_Wing_Gambit|TRUE|https://lichess.org/training/22obI
r3N9E|r1bqk2r/p1pn3p/2p1Q1p1/3p4/1b6/2N5/PPP2PPP/R1B1KB1R b KQkq - 0 11|e8f8 c1h6|919|79|58|114|mate mateIn1 oneMove opening|https://lichess.org/l51cZO4R/black#22|Scotch_Game Scotch_Game_Schmidt_Variation|TRUE|https://lichess.org/training/r3N9E
BEFZ5|r3qb1r/3kn1pp/p2pQ3/1p1P4/8/4B2P/PP2nPP1/RN3R1K b - - 2 17|d7d8 e3b6|922|79|82|110|mate mateIn1 oneMove opening|https://lichess.org/GMm3uCHU/black#34|Ruy_Lopez Ruy_Lopez_Cozio_Defense|TRUE|https://lichess.org/training/BEFZ5
uHNVO|2kr1b1r/3bnppp/2pQ1n2/5P2/P3P3/2qB1N2/2P3PP/R4RK1 b - - 0 17|e7f5 d3a6|922|77|90|404|mate mateIn1 middlegame oneMove|https://lichess.org/HrRxMdf7/black#34|Scotch_Game Scotch_Game_Other_variations|TRUE|https://lichess.org/training/uHNVO
C6AFf|1rbqr1kb/1p1n3p/p2pp1pQ/2pN4/1PP5/P2P2PP/4PPB1/1R3RK1 b - - 0 18|e6d5 g2d5 e8e6 d5e6|923|116|82|19|kingsideAttack mate mateIn2 middlegame short|https://lichess.org/MYP0g2el/black#36|English_Opening English_Opening_Anglo-Indian_Defense|TRUE|https://lichess.org/training/C6AFf
x8tmY|5k1r/3n4/p3ppQp/qp4pP/3P4/bP2PbB1/P4P2/1KR5 b - - 6 27|a3c1 g3d6|924|144|54|15|mate mateIn1 middlegame oneMove|https://lichess.org/dzmqvqNn/black#54||TRUE|https://lichess.org/training/x8tmY
bvZMD|6k1/8/6Q1/4p3/2p2p2/2P2P2/5BK1/qr6 b - - 2 67|g8f8 f2c5|926|77|98|340|endgame mate mateIn1 oneMove|https://lichess.org/xSwwSacx/black#134||TRUE|https://lichess.org/training/bvZMD
hbjlj|rq2k2r/pp3p1p/3bpQ2/8/1P1P4/P2B4/5PP1/R4R1K b kq - 0 18|h8f8 d3b5|926|84|94|153|mate mateIn1 middlegame oneMove|https://lichess.org/3xnIvzME/black#36|Queens_Pawn_Game Queens_Pawn_Game_Anti-Torre|TRUE|https://lichess.org/training/hbjlj
YQkS9|6Q1/ppkq1r2/3p3N/2pPp1b1/2P1B3/5P1P/PP6/R6K w - - 3 29|h6f7 d7h3 h1g1 g5e3|927|90|94|460|endgame mate mateIn2 short|https://lichess.org/7DBFbl6m#57||TRUE|https://lichess.org/training/YQkS9
dV11q|r1b2rk1/ppp2ppp/3p4/8/8/P1B1qPP1/1PP1P2P/R2QR1K1 w - - 1 15|g1f1 c8h3|928|93|89|57|mate mateIn1 middlegame oneMove|https://lichess.org/mFq1wo8B#29|Englund_Gambit_Complex Englund_Gambit_Complex_Englund_Gambit|TRUE|https://lichess.org/training/dV11q
CidP1|3q1k1r/p2bb2p/1r1p1p1Q/8/2pP3p/P5P1/1P3PBP/R4RK1 b - - 4 21|f8g8 g2d5 d7e6 d5e6|934|104|67|27|kingsideAttack mate mateIn2 middlegame short|https://lichess.org/PgA8CYGS/black#42||TRUE|https://lichess.org/training/CidP1
uWqVo|B3k2r/4n1pp/pbpp4/4n3/PP6/N1P3Pq/4NP2/R1BQ1bK1 w k - 0 18|d1f1 e5f3|936|80|91|592|mate mateIn1 middlegame oneMove|https://lichess.org/XXtEOuhH#35|Kings_Pawn_Game Kings_Pawn_Game_Other_variations|FALSE|https://lichess.org/training/uWqVo
x5TAI|3k1b1r/B5pp/2p1Q3/8/8/7P/2P2PPK/1q6 b - - 2 24|b1c2 a7b6|939|78|89|101|endgame mate mateIn1 oneMove|https://lichess.org/2MeJTLBu/black#48||TRUE|https://lichess.org/training/x5TAI
vOB5w|r5kr/1p2pp1p/pqbpNnpQ/8/4P1P1/1B3P2/PPP5/2KR3R b - - 6 21|f7e6 b3e6|942|82|90|65|kingsideAttack mate mateIn1 middlegame oneMove|https://lichess.org/UkH38jkk/black#42||TRUE|https://lichess.org/training/vOB5w
9zxkV|2kr2nr/p2b2pp/1ppQpp2/2B3q1/8/3B4/PP2N2P/1K1R3R b - - 0 18|g5c5 d3a6|943|76|100|198|master mate mateIn1 middlegame oneMove|https://lichess.org/EjfW6fHY/black#36|Semi-Slav_Defense Semi-Slav_Defense_Marshall_Gambit|TRUE|https://lichess.org/training/9zxkV
gLAYt|r2qr1k1/ppp1np2/1b1pN2Q/3Bp3/4P3/3P4/PPP2PPP/R4RK1 b - - 0 14|f7e6 d5e6|943|76|99|686|kingsideAttack mate mateIn1 middlegame oneMove|https://lichess.org/zwvm6gTa/black#28|Four_Knights_Game Four_Knights_Game_Italian_Variation|TRUE|https://lichess.org/training/gLAYt
0jehT|6qk/7b/8/2Qp4/P2P3P/6b1/5P2/6K1 w - - 0 41|f2g3 g8g3 g1f1 h7d3|946|76|87|347|endgame mate mateIn2 short|https://lichess.org/S4V6GcMW#81||TRUE|https://lichess.org/training/0jehT
ck5e0|r5r1/ppp1k2p/3p4/2b1p3/3PP3/1QP4q/PP3P2/R4RK1 w - - 1 17|b3g8 a8g8|947|76|100|148|endgame hangingPiece mate mateIn1 oneMove|https://lichess.org/WS8S6hiO#33|Italian_Game Italian_Game_Giuoco_Piano|FALSE|https://lichess.org/training/ck5e0
xMgym|4r1k1/pp1b1p1p/6p1/3p4/8/1P2qP1n/P3B1PP/R2QRK2 w - - 6 23|g2h3 d7h3|949|87|95|107|mate mateIn1 middlegame oneMove|https://lichess.org/sisjmOpT#45||TRUE|https://lichess.org/training/xMgym
U24V5|rnb3kr/ppp4p/3p1p1Q/2b5/8/4PN2/PqP2PPP/RN2KB1R b KQ - 0 11|b2a1 f1c4 d6d5 c4d5 c8e6 d5e6|951|86|92|706|kingsideAttack long mate mateIn3 opening|https://lichess.org/uHmEYsBT/black#22|Englund_Gambit Englund_Gambit_Other_variations|TRUE|https://lichess.org/training/U24V5
Fi8nF|1kr5/1p6/3b1p2/2p5/p1PPBPQ1/Pq1P4/1P6/1RK5 w - - 0 37|g4d7 d6f4|955|86|67|116|endgame mate mateIn1 oneMove|https://lichess.org/Zgowf0t9#73||TRUE|https://lichess.org/training/Fi8nF
VIz6w|2b2r1k/1p6/p2qp2Q/3pn2P/1P4B1/2P2PR1/6PK/8 b - - 13 39|h8g8 g4e6|959|78|96|355|doubleCheck mate mateIn1 middlegame oneMove|https://lichess.org/52VehGI0/black#78||TRUE|https://lichess.org/training/VIz6w
rG9MU|r5k1/ppp4p/4Q1p1/2qp4/4p3/3P4/PPn2rPP/1RBK3R b - - 1 18|g8f8 c1h6|960|80|91|261|mate mateIn1 middlegame oneMove|https://lichess.org/osTRNDFI/black#36|Italian_Game Italian_Game_Two_Knights_Defense|TRUE|https://lichess.org/training/rG9MU
cnvwR|r2q1b1r/pp2kBpp/8/n1pQ4/4P1b1/5N2/PP3PPP/R1B1K2R b KQ - 0 13|g4f3 c1g5|961|101|80|46|mate mateIn1 oneMove opening|https://lichess.org/GJtX04Fw/black#26|Indian_Defense Indian_Defense_Normal_Variation|TRUE|https://lichess.org/training/cnvwR
dm67D|r1b2k1r/pp6/2B1pnQp/q2p2p1/3b4/5PB1/PPP1K1PP/R6R b - - 3 17|b7c6 g3d6|962|77|90|169|mate mateIn1 middlegame oneMove|https://lichess.org/zb6XR4aX/black#34|Indian_Defense Indian_Defense_Omega_Gambit|TRUE|https://lichess.org/training/dm67D
bmEOL|r2q2kr/7p/2pp2pQ/8/p5B1/1P6/b1P2PP1/2KR3R b - - 0 21|a4b3 g4e6|964|76|100|536|mate mateIn1 middlegame oneMove|https://lichess.org/j6unYMqB/black#42||TRUE|https://lichess.org/training/bmEOL
9CWln|2rq1k2/pp5p/2n1Q1p1/3nP3/3PP3/8/PP5P/R1B3K1 b - - 0 21|d5b4 c1h6|965|76|100|306|mate mateIn1 middlegame oneMove|https://lichess.org/ZWJebav6/black#42||TRUE|https://lichess.org/training/9CWln
o2vYC|1r6/5kb1/1p1Q4/1Pp3p1/2P1B3/3P2Pq/4P3/6K1 w - - 1 43|d6b8 g7d4 e2e3 d4e3|966|89|95|2396|endgame mate mateIn2 short|https://lichess.org/lyUOhpxZ#85||TRUE|https://lichess.org/training/o2vYC
XKJuG|2bk1r2/1p1n2pp/1P2Qp2/2b5/2B1P3/2q3B1/2P2PPP/5RK1 b - - 0 24|f8e8 g3c7|967|87|94|1015|mate mateIn1 middlegame oneMove|https://lichess.org/XfhcvCfQ/black#48||TRUE|https://lichess.org/training/XKJuG
fQnnU|1nb2k1r/1pNp1ppp/pB6/4p3/1b2q3/5N2/n1PK1PPP/R2Q1B1R w - - 0 16|c2c3 b4c3|967|91|100|37|mate mateIn1 middlegame oneMove|https://lichess.org/S8myuz8W#31|Sicilian_Defense Sicilian_Defense_Smith-Morra_Gambit|TRUE|https://lichess.org/training/fQnnU
U0iH0|2k5/ppp3p1/2n3b1/4p3/5pPq/1NPP1P2/PP4K1/R2Q4 w - - 0 24|d1h1 h4g3 g2f1 g6d3|968|84|97|3170|endgame mate mateIn2 short|https://lichess.org/uo5zWJVw#47||TRUE|https://lichess.org/training/U0iH0
M2mir|r1bq3r/pp1k1ppp/5n2/3pQ3/1b6/2N5/PPP2PPP/R1B1KB1R b KQ - 0 12|h8e8 f1b5|970|80|96|1670|master mate mateIn1 oneMove opening|https://lichess.org/HPGYXYb7/black#24|Sicilian_Defense Sicilian_Defense_Taimanov_Variation|TRUE|https://lichess.org/training/M2mir
Bg5KN|r2k1bnr/1p2pBpp/p2pQ3/8/4P3/8/P4PPP/n2KBqNR b - - 5 17|f1g2 e1a5 b7b6 a5b6|971|77|87|185|mate mateIn2 middlegame short|https://lichess.org/OAyT0uNg/black#34|Sicilian_Defense Sicilian_Defense_Bowdler_Attack|TRUE|https://lichess.org/training/Bg5KN
bUeLD|5k2/pp1q2b1/2p5/2P3Q1/4BP2/3P4/6K1/7r w - - 0 40|g2h1 d7h3 h1g1 g7d4|972|78|100|80|endgame mate mateIn2 short|https://lichess.org/o7L38tew#79||TRUE|https://lichess.org/training/bUeLD
G5Z7G|2rR2kq/1p5p/1p4pQ/8/5P2/1n1B4/6P1/6K1 b - - 3 29|c8d8 d3c4 d8d5 c4d5|974|77|95|610|endgame fork mate mateIn2 short|https://lichess.org/5T2hbVWG/black#58||TRUE|https://lichess.org/training/G5Z7G
ZzwpQ|6k1/pp1q4/6p1/4p1b1/3p3p/3P1r1P/PPR1N1P1/3Q3K w - - 0 25|g2f3 d7h3 h1g1 g5e3|974|89|94|224|endgame mate mateIn2 short|https://lichess.org/yH32qUrk#49||TRUE|https://lichess.org/training/ZzwpQ
FuwGb|rn3rk1/pp2b1pn/2p4p/3pp3/3P4/5PPq/PP1N3P/R1BQR1KB w - - 0 18|d4e5 e7c5 e1e3 c5e3|974|78|100|527|kingsideAttack mate mateIn2 opening short|https://lichess.org/gOOi5Foj#35|Queens_Gambit_Declined Queens_Gambit_Declined_Other_variations|TRUE|https://lichess.org/training/FuwGb
sv8DQ|4r1k1/1p3p2/pn1bpB1R/8/2qP4/2P2P2/PPB2P2/RNQ1K1r1 w - - 7 25|e1d2 d6f4|975|76|99|761|mate mateIn1 middlegame oneMove|https://lichess.org/KQffx4B4#49||TRUE|https://lichess.org/training/sv8DQ
SYuCx|r1b2rk1/1pp1bppp/8/p5P1/P3N2P/1P1q4/3P1P2/2KRQ1NR w - - 0 17|e1e3 e7a3|977|91|97|251|mate mateIn1 middlegame oneMove|https://lichess.org/kxwpmykD#33|French_Defense French_Defense_Horwitz_Attack|TRUE|https://lichess.org/training/SYuCx
vYyOA|4r2k/8/p6Q/1p6/2p5/2Pb1Bq1/PK4P1/8 b - - 0 31|h8g8 f3d5 e8e6 d5e6|979|81|97|931|endgame mate mateIn2 short|https://lichess.org/QkIyA5PR/black#62||TRUE|https://lichess.org/training/vYyOA
eqf1h|r3kbr1/pp3p2/4pQ1p/q2pP2P/4b1P1/2P5/PP1K1P2/3R1BR1 b q - 5 19|a5a2 f1b5|981|76|86|251|mate mateIn1 middlegame oneMove|https://lichess.org/0bncxpUw/black#38|Indian_Defense Indian_Defense_Other_variations|TRUE|https://lichess.org/training/eqf1h
RAkgx|8/p2P1k1p/4p1pb/4p3/1Q2P2q/5P1P/P7/3R3K w - - 3 31|d7d8q h4h3 h1g1 h6e3|984|77|97|864|endgame mate mateIn2 short|https://lichess.org/3AIrrYd7#61||TRUE|https://lichess.org/training/RAkgx
psTN5|6k1/p1p2ppp/8/2p1Qb2/2P1n3/qr2B3/2P2PPP/1K1R3R w - - 0 23|c2b3 e4d2|984|79|87|341|doubleCheck mate mateIn1 middlegame oneMove|https://lichess.org/KB7YIOIA#45||TRUE|https://lichess.org/training/psTN5
PXk5A|2r3k1/1p3p1p/1P2q1pb/4p3/2P4P/2QPBPP1/1R2N1K1/7r w - - 0 29|g2h1 e6h3 h1g1 h6e3|985|76|100|221|kingsideAttack master mate mateIn2 middlegame short|https://lichess.org/3pSOsX2d#57||TRUE|https://lichess.org/training/PXk5A
O4qtG|4Q3/5ppk/p1p4p/3P2bn/8/1P3P1q/P3N3/3R2K1 w - - 4 28|e8f7 g5e3|987|84|91|583|endgame mate mateIn1 oneMove|https://lichess.org/B1HHEHz6#55||TRUE|https://lichess.org/training/O4qtG
V2tGu|8/p1Q5/2p1pb1k/1p3p2/3P4/PqP5/1P3P2/1BK5 w - - 0 34|c7c6 f6g5 f2f4 g5f4|988|86|90|60|endgame mate mateIn2 short|https://lichess.org/dP5FpqK5#67||TRUE|https://lichess.org/training/V2tGu
kzk9c|7k/p5b1/2np2pp/3N4/2QPP3/5P1q/P7/2R3K1 w - - 0 29|c4c6 g7d4 d5e3 d4e3|989|84|90|421|endgame mate mateIn2 short|https://lichess.org/j1wMSbO0#57||TRUE|https://lichess.org/training/kzk9c
ZwLQN|4k3/p7/bp2Q3/7p/7P/4B1P1/4qP2/6K1 b - - 4 41|e8f8 e3h6|989|79|91|111|endgame master masterVsMaster mate mateIn1 oneMove|https://lichess.org/HemKa4at/black#82||TRUE|https://lichess.org/training/ZwLQN
DQZsY|2kr3r/p2b1pp1/1BpQ1n2/7p/2B1q2P/4P3/P4PP1/3RK2R b K - 0 19|a7b6 c4a6|989|76|100|134|mate mateIn1 middlegame oneMove|https://lichess.org/tcJHtfaT/black#38||TRUE|https://lichess.org/training/DQZsY
Ettwv|r2qb1k1/pp2n3/4Bp1Q/4N3/1PP5/r5P1/P5PP/R5K1 b - - 0 30|e8f7 e6f7|994|85|75|78|kingsideAttack master mate mateIn1 middlegame oneMove|https://lichess.org/VRFLL1K7/black#60||TRUE|https://lichess.org/training/Ettwv
LKfoS|rn6/1Q3B1p/2pb1k2/p7/8/4Pq2/PP3PrP/R3KR2 w Q - 0 18|b7a8 d6b4|994|84|92|147|mate mateIn1 middlegame oneMove|https://lichess.org/93k0aDfZ#35|Queens_Gambit_Declined Queens_Gambit_Declined_Exchange_Variation|TRUE|https://lichess.org/training/LKfoS
L0VqM|r1b1k3/p4p2/2p2P2/1p2p3/1bpqP3/8/PPQ1K1PP/R4B1R w q - 0 18|a1d1 c8g4|995|89|88|50|mate mateIn1 middlegame oneMove|https://lichess.org/nyFOXeAc#35|Semi-Slav_Defense Semi-Slav_Defense_Anti-Moscow_Gambit|TRUE|https://lichess.org/training/L0VqM
uxSnO|r3k1r1/p1p4p/1p2pQ2/8/3P4/8/PPP2P1P/R3KBq1 b Qq - 0 22|g1g6 f1b5 c7c6 b5c6|995|90|93|1042|endgame mate mateIn2 short|https://lichess.org/cP2Ye12O/black#44||TRUE|https://lichess.org/training/uxSnO
IfpbU|r1b1k3/1p1n4/p1p1ppQ1/q1Pp4/Pb1P2p1/2N1PPB1/1P3P2/2R1KB1r b q - 1 20|e8f8 g3d6|995|94|100|28|mate mateIn1 middlegame oneMove|https://lichess.org/zalzR5MF/black#40||TRUE|https://lichess.org/training/IfpbU
eKpLQ|2r1R1k1/1p6/p4p1Q/8/3p2P1/3q4/2b3BP/7K b - - 2 34|c8e8 g2d5 e8e6 d5e6|1000|76|100|84|endgame mate mateIn2 short|https://lichess.org/Vk4nH8Wu/black#68||TRUE|https://lichess.org/training/eKpLQ
a8XwB|4k2r/p3ppbp/1p1p2p1/3n4/P1BP1B1N/5PPq/1P1N3P/R5KR w k - 3 22|c4d5 g7d4 f4e3 d4e3|1000|102|71|33|kingsideAttack mate mateIn2 middlegame short|https://lichess.org/vXfAue0I#43||TRUE|https://lichess.org/training/a8XwB
F5HMU|5r1k/pp2bp1P/2p1p2B/8/8/1qP5/1P3P2/1QK4R w - - 2 31|h6f8 e7g5 f2f4 g5f4|1000|76|100|328|endgame mate mateIn2 short|https://lichess.org/rKG218AB#61||TRUE|https://lichess.org/training/F5HMU
jFOza|r1bq3r/pp4pp/n4k2/2bB4/3pQ2P/P7/1PP2PP1/R1B1K2R b KQ - 0 15|h8e8 c1g5|1001|76|100|326|mate mateIn1 middlegame oneMove|https://lichess.org/HHTTx3q5/black#30|Italian_Game Italian_Game_Two_Knights_Defense|TRUE|https://lichess.org/training/jFOza
P7KqV|2kr4/p2b1p1p/2pQ1n2/8/4N3/3Bq3/PPP3rP/1K1R3R b - - 1 18|f6e4 d3a6|1002|76|77|127|mate mateIn1 middlegame oneMove|https://lichess.org/119HTwSZ/black#36|Indian_Defense Indian_Defense_Other_variations|TRUE|https://lichess.org/training/P7KqV
FB7i1|3qk1nr/p2n2b1/3Q1p2/6p1/2PP2bp/2NBPN2/Pr3PPP/R3K2R b KQk - 0 14|g4f3 d3g6|1003|107|69|33|mate mateIn1 middlegame oneMove|https://lichess.org/yxf7mH0b/black#28|Queens_Pawn_Game Queens_Pawn_Game_Modern_Defense|TRUE|https://lichess.org/training/FB7i1
GPPPt|1r3rk1/p1p1bp1p/1p2p1p1/4P2P/6Q1/2Pq1P2/P2B1P2/2KR3R w - - 0 18|h5g6 e7a3|1003|79|98|2162|mate mateIn1 middlegame oneMove|https://lichess.org/x6qpQw6h#35|Rat_Defense Rat_Defense_Small_Center_Defense|TRUE|https://lichess.org/training/GPPPt
WsCK4|r1b1k2r/p4pp1/1qpQ1n1p/4N3/2B1PB2/8/PPP1KbPP/R6R b kq - 2 13|f6e4 c4f7|1003|80|88|401|attackingF2F7 mate mateIn1 middlegame oneMove|https://lichess.org/iA1yQO7h/black#26|Sicilian_Defense Sicilian_Defense_Grand_Prix_Attack|TRUE|https://lichess.org/training/WsCK4
4IsLS|rr4k1/3b2bp/3p4/pP1Pp3/R3Pp2/1Q1BqP2/7P/1R2BK2 w - - 1 32|d3e2 d7h3|1004|79|83|403|mate mateIn1 middlegame oneMove|https://lichess.org/Xa3UIRcZ#63||TRUE|https://lichess.org/training/4IsLS
RjsoL|2k1rbnr/Ppp3pp/8/8/5pP1/2N2P1q/1PQ1B2P/R1B2K1R w - - 5 20|f1g1 f8c5 c1e3 c5e3|1005|82|85|214|kingsideAttack mate mateIn2 opening short|https://lichess.org/g5hnWDPB#39||TRUE|https://lichess.org/training/RjsoL
e65bj|3qk2r/pb2bP1p/1pnrQ1p1/1B6/8/4B3/PPP2PPP/R4RK1 b k - 0 16|e8f8 e3h6|1006|83|76|118|mate mateIn1 middlegame oneMove|https://lichess.org/7PqCR48F/black#32|French_Defense French_Defense_Advance_Variation|TRUE|https://lichess.org/training/e65bj
khamP|6kr/pp3p1p/5pPQ/8/2pP2R1/P5P1/1q4B1/7K b - - 0 30|h7g6 g4g6 f7g6 g2d5|1006|75|97|283|endgame mate mateIn2 sacrifice short|https://lichess.org/pRC6rjrw/black#60||TRUE|https://lichess.org/training/khamP
KAQXz|r1b2k1r/1p3pp1/p7/4p3/2PpPn1p/1P2qPP1/P2NB2P/R3QK1R w - - 5 20|g3f4 c8h3|1007|91|100|49|mate mateIn1 middlegame oneMove|https://lichess.org/r6Tq3bbu#39||TRUE|https://lichess.org/training/KAQXz
TGPbX|rn5r/pQp1kpbp/6pn/1B6/4Pp2/5P1q/PPP4P/RNB3KR w - - 2 13|c1f4 g7d4 f4e3 d4e3|1009|91|95|412|kingsideAttack mate mateIn2 middlegame short|https://lichess.org/DjcDMcNh#25|Pirc_Defense Pirc_Defense_Other_variations|TRUE|https://lichess.org/training/TGPbX
XwuKF|r2q3k/1pp1n1p1/p4R1p/3Nn3/2B5/7P/PPPQ2P1/6K1 b - - 0 19|g7f6 d2h6 h8g8 d5e7|1011|82|88|1490|doubleCheck mate mateIn2 middlegame short|https://lichess.org/giTSAdpf/black#38|Italian_Game Italian_Game_Giuoco_Pianissimo|TRUE|https://lichess.org/training/XwuKF
qQM7R|5k1r/pp1Q2pp/8/8/4P3/2P1q2N/bP4PP/2K4R w - - 5 22|c1d1 a2b3|1013|76|96|1041|endgame mate mateIn1 oneMove|https://lichess.org/0EEwsyZM#43||TRUE|https://lichess.org/training/qQM7R
xpw6g|6k1/pp6/4b1Q1/5p2/3pq3/2P3BP/P5P1/6K1 b - - 1 32|g8f8 g3d6|1014|75|79|127|endgame mate mateIn1 oneMove|https://lichess.org/UBSJhs44/black#64||TRUE|https://lichess.org/training/xpw6g
iwHMn|8/p1p2ppk/6b1/2BP3p/7P/Pq4b1/5P2/R1Q3K1 w - - 0 29|f2g3 b3g3 g1f1 g6d3|1014|79|94|1778|endgame mate mateIn2 short|https://lichess.org/uCJRJst7#57||TRUE|https://lichess.org/training/iwHMn
gsQq1|r1b1k2r/pp3ppp/2p2n2/1Bb1q3/8/2N2K2/PPPP2PP/R1BQ3R w kq - 0 11|h1e1 c8g4|1015|78|99|1438|mate mateIn1 oneMove opening|https://lichess.org/FKYtc4ig#21|Kings_Gambit_Declined Kings_Gambit_Declined_Queens_Knight_Defense|TRUE|https://lichess.org/training/gsQq1
yNMaa|6k1/1p4r1/p1ppB2Q/4b3/4P3/6qP/6P1/5R1K b - - 2 38|g7f7 e6f7|1016|77|100|298|endgame master mate mateIn1 oneMove|https://lichess.org/FLPaNKUv/black#76||TRUE|https://lichess.org/training/yNMaa
sqOzb|2k1q3/1p2p3/p2pQn2/2pPbP2/2P1P3/3K4/PP1BN1r1/8 b - - 5 29|c8d8 d2a5 b7b6 a5b6|1017|78|100|91|mate mateIn2 middlegame short|https://lichess.org/qwsKCSOe/black#58||TRUE|https://lichess.org/training/sqOzb
0s5jq|5r2/pp2kp2/4pQ2/3pP3/1b1q4/1B3PK1/PP5P/7R b - - 4 24|e7e8 b3a4 b7b5 a4b5|1019|77|83|183|endgame mate mateIn2 short|https://lichess.org/QxrZMHjo/black#48||TRUE|https://lichess.org/training/0s5jq
7kHan|r2k4/ppp2p2/5N1p/2b1Q3/2Pn3N/3P3q/PP3Pr1/R4RK1 w - - 0 18|h4g2 d4f3|1026|93|92|179|mate mateIn1 middlegame oneMove|https://lichess.org/koq0Cu1f#35|Ponziani_Opening Ponziani_Opening_Jaenisch_Counterattack|FALSE|https://lichess.org/training/7kHan
rxf4E|r1b1B1kr/pp2np1p/1q1Bp1pQ/3nN3/8/6P1/PP3P1P/R2R2K1 b - - 3 21|e7f5 e8f7|1026|87|81|263|kingsideAttack mate mateIn1 middlegame oneMove|https://lichess.org/ZPM7xDeU/black#42||TRUE|https://lichess.org/training/rxf4E
lPZ4k|4n1k1/pp3ppp/8/2bNp3/3nP3/P2P2rq/1P3PP1/1R1Q1RK1 w - - 0 21|f2g3 d4e2|1028|117|41|76|doubleCheck mate mateIn1 middlegame oneMove|https://lichess.org/nuaczruC#41||TRUE|https://lichess.org/training/lPZ4k
Xkkof|3R4/p1p2p2/4PNp1/1pkP1bP1/2P5/4q1P1/P3B3/4RK2 w - - 5 33|e6e7 f5h3|1028|77|86|109|endgame master mate mateIn1 oneMove|https://lichess.org/5yHuhTKf#65||TRUE|https://lichess.org/training/Xkkof
wc5lD|r1b1k2r/ppp2ppp/2p5/4P3/2B2P2/3Pq3/PPP2bPP/RN1Q1K1R w kq - 0 11|g2g3 c8h3|1029|77|86|207|mate mateIn1 middlegame oneMove|https://lichess.org/Np3bpJRB#21|Russian_Game Russian_Game_Stafford_Gambit|TRUE|https://lichess.org/training/wc5lD
OBSyq|6k1/p4ppp/b3N3/4P3/q4Q2/r7/1P3PPP/K5R1 w - - 0 32|b2a3 a4a3 a1b1 a6d3|1033|83|94|4037|endgame mate mateIn2 short|https://lichess.org/zQIgsEHk#63||TRUE|https://lichess.org/training/OBSyq
O24h8|2kr4/1p1b3Q/p1p5/2Pp4/1P3B2/2q1P3/P4P2/1R2K2R w K - 1 33|e1d1 d7g4 f2f3 g4f3|1034|80|93|799|mate mateIn2 middlegame short|https://lichess.org/3B968M2f#65||TRUE|https://lichess.org/training/O24h8
LweQL|r4rk1/pp3ppp/4pnb1/3p4/3P2P1/q1Nn1N1P/2PB1P2/1K1RQ2R w - - 0 17|c2d3 g6d3|1035|78|96|471|mate mateIn1 middlegame oneMove queensideAttack|https://lichess.org/DmMSdVaO#33|Caro-Kann_Defense Caro-Kann_Defense_Exchange_Variation|TRUE|https://lichess.org/training/LweQL
X0cCw|r4rk1/ppp3p1/7p/4P3/3P1pB1/2P1q3/bP3NPR/3K1R1Q w - - 0 24|h2h3 a2b3|1035|77|97|1125|mate mateIn1 middlegame oneMove|https://lichess.org/zSyl8KZj#47||TRUE|https://lichess.org/training/X0cCw
XyPoE|r1b1k1nr/ppB2ppp/3p4/8/1bNqP3/3P4/P1P1K1PP/R2Q1B1R w kq - 0 11|a1b1 c8g4|1036|108|80|45|mate mateIn1 oneMove opening|https://lichess.org/a94MgrOj#21|Kings_Gambit_Declined Kings_Gambit_Declined_Queens_Knight_Defense|TRUE|https://lichess.org/training/XyPoE
rFLLD|r1bq3r/pp1p2pp/3P1k2/b1p5/2BnQ2P/P1N5/1P3PP1/R1B1K2R b KQ - 0 16|h8e8 c1g5|1036|76|98|329|master mate mateIn1 middlegame oneMove|https://lichess.org/bxFkNnEc/black#32|Ponziani_Opening Ponziani_Opening_Jaenisch_Counterattack|TRUE|https://lichess.org/training/rFLLD
wiWUg|rnb1k2r/pp2nppp/2p5/4P3/1bP5/4qNP1/PP1NB2P/R1BQ1K1R w kq - 2 11|d2b3 c8h3|1039|79|95|331|mate mateIn1 oneMove opening|https://lichess.org/ku7GvrpN#21|Queens_Gambit_Declined Queens_Gambit_Declined_Albin_Countergambit|TRUE|https://lichess.org/training/wiWUg
QU8Yt|r4rk1/p1p2pp1/Q2b3p/8/6n1/2NB1q2/PPP2P1P/R1B2RK1 w - - 5 18|d3e4 d6h2|1040|78|80|196|kingsideAttack mate mateIn1 middlegame oneMove|https://lichess.org/bRx3ssRn#35|Italian_Game Italian_Game_Anti-Fried_Liver_Defense|TRUE|https://lichess.org/training/QU8Yt
4cXvW|5b1k/1p3Rpp/p3Q3/3Pp3/P7/1P1q3P/8/1K6 w - - 7 40|b1c1 f8a3|1041|82|94|480|endgame mate mateIn1 oneMove|https://lichess.org/ATLuid3I#79||TRUE|https://lichess.org/training/4cXvW
PHuZc|r1b3k1/pppp1ppp/8/2b5/2P5/1P2rBPq/PB3P2/RN1Q1RK1 w - - 1 14|f3g4 e3g3|1041|80|98|251|kingsideAttack mate mateIn1 middlegame oneMove pin|https://lichess.org/DE7ehXT2#27|Indian_Defense Indian_Defense_Budapest_Defense|FALSE|https://lichess.org/training/PHuZc
tGWT3|3R1krr/2q4p/pp2p3/2p2p1Q/4Nb1B/2P5/PP4PP/6K1 b - - 3 23|f8g7 h4f6|1043|78|96|4643|mate mateIn1 middlegame oneMove|https://lichess.org/XHpNSjQ6/black#46||TRUE|https://lichess.org/training/tGWT3
7BBTm|r2q2k1/4b3/2n2nPQ/p2p1r2/Np6/1P3P1B/2P5/1K1R3R b - - 2 24|f5h5 h3e6|1044|86|92|569|mate mateIn1 middlegame oneMove|https://lichess.org/EhGKX06K/black#48||TRUE|https://lichess.org/training/7BBTm
h8c1O|2r2rk1/pp1b3p/n5pb/3PBp2/1P6/P2B1Ppq/4N2P/R2Q2KR w - - 0 23|h2g3 h6e3|1049|75|98|842|master mate mateIn1 middlegame oneMove|https://lichess.org/yXfrGB8P#45||TRUE|https://lichess.org/training/h8c1O
XUr6V|r6k/1p2p1b1/p2pQr2/3P4/2p1PPB1/2q3P1/P5K1/7R b - - 1 30|f6h6 h1h6 g7h6 e6h6 h8g8 g4e6|1049|76|100|209|exposedKing long mate mateIn3 middlegame|https://lichess.org/jvPK5I96/black#60||TRUE|https://lichess.org/training/XUr6V
Ef4NH|2b1k1nr/1p3pBp/8/2bp4/8/2P1qN2/4B2P/1N2QK1R w k - 0 17|g7h8 c8h3|1050|97|93|528|mate mateIn1 middlegame oneMove|https://lichess.org/sNgf3GSF#33|Benoni_Defense Benoni_Defense_Benoni_Gambit_Accepted|TRUE|https://lichess.org/training/Ef4NH
WfCA2|r5kr/pp5p/2n3pQ/3pqb2/8/8/PP3BBP/R4K1R b - - 1 23|e5b2 g2d5 f5e6 d5e6|1053|129|85|18|mate mateIn2 middlegame short|https://lichess.org/QuOEXO6g/black#46||TRUE|https://lichess.org/training/WfCA2
FhXDw|r1b2rk1/1p3p2/p1n2Q2/2bq2N1/8/3B3P/PPP2PP1/R4RK1 b - - 0 16|c5d4 d3h7|1053|83|94|1131|mate mateIn1 middlegame oneMove|https://lichess.org/PB5pg0P6/black#32|French_Defense French_Defense_Knight_Variation|TRUE|https://lichess.org/training/FhXDw
nTPNn|rn1k1b1r/p5pp/2p1Qn2/1p6/3P4/4P3/PP1B1P1P/1R2KN1q b - - 2 14|h1d5 d2a5|1053|75|100|176|mate mateIn1 middlegame oneMove|https://lichess.org/siDzhgrL/black#28|Queens_Gambit_Declined Queens_Gambit_Declined_Baltic_Defense|TRUE|https://lichess.org/training/nTPNn
z6aZ4|3kq3/2p1b3/3pQ2p/1p1Pp1pP/6P1/7K/8/4B3 b - - 1 57|c7c6 e1a5|1054|85|93|72|endgame mate mateIn1 oneMove|https://lichess.org/JTEZmPLo/black#114||TRUE|https://lichess.org/training/z6aZ4
Bmj3k|8/3b1pkp/6p1/1p2p2n/1Pp1P3/2P1qPP1/4BN1P/4QK2 w - - 0 36|f2d1 d7h3|1055|82|83|316|endgame master mate mateIn1 oneMove|https://lichess.org/kkBybUSj#71||TRUE|https://lichess.org/training/Bmj3k
L5Adq|r2q1k2/pp2bP2/3pQ1p1/2p1n1p1/4P2R/8/PPP2K2/RNB5 b - - 0 21|g5h4 c1h6|1057|95|47|38|mate mateIn1 middlegame oneMove|https://lichess.org/nqBMpmWR/black#42||TRUE|https://lichess.org/training/L5Adq
bo51H|5kr1/ppR3pR/3b1pQ1/3p1P2/8/P3BKP1/1q4P1/8 b - - 0 29|d6c7 e3c5 c7d6 c5d6|1057|76|86|332|endgame mate mateIn2 short|https://lichess.org/DAGmfdws/black#58||TRUE|https://lichess.org/training/bo51H
VOJdY|r4k1r/p6p/bqp1p2Q/2bp4/4n3/2P5/PP3PPP/RNB1K2R b KQ - 1 15|f8g8 h6e6 g8f8 c1h6|1060|77|93|333|kingsideAttack mate mateIn2 middlegame short|https://lichess.org/u4HQulME/black#30|Caro-Kann_Defense Caro-Kann_Defense_Other_variations|TRUE|https://lichess.org/training/VOJdY
DKN94|1n4k1/Q1p1b1pp/4p3/8/8/2PqPr2/PP4PP/R3K2R w KQ - 0 17|g2f3 e7h4|1064|80|87|222|endgame mate mateIn1 oneMove|https://lichess.org/qSRfnZfH#33||TRUE|https://lichess.org/training/DKN94
y7XEI|rnb1k2r/ppp2ppp/8/4p3/2B1P3/3PqNP1/PPP4P/R2QK2R w KQkq - 0 11|e1f1 c8h3|1065|166|89|21|mate mateIn1 middlegame oneMove|https://lichess.org/8Hx9bnbm#21|Bishops_Opening Bishops_Opening_Vienna_Hybrid|TRUE|https://lichess.org/training/y7XEI
GN6tD|r4rk1/pp1b1pp1/2np1n1p/8/1b1NP3/2N2PPq/PP1BB2P/R2Q2KR w - - 3 18|d4c6 b4c5 c6d4 c5d4 d2e3 d4e3|1065|75|93|287|kingsideAttack long mate mateIn3 middlegame|https://lichess.org/D6bC9A0m#35|Sicilian_Defense Sicilian_Defense_Old_Sicilian|TRUE|https://lichess.org/training/GN6tD
7S14a|r1bq3r/pp2kp1p/6p1/3PQ3/3N4/8/PPP2nPP/2K2B1R b - - 0 16|e7d7 f1b5|1066|80|86|90|mate mateIn1 middlegame oneMove|https://lichess.org/SaLn4dWV/black#32|Modern_Defense Modern_Defense_Other_variations|TRUE|https://lichess.org/training/7S14a
ErQ3g|r1bqk2r/pp1n1pb1/2pQ1n1p/4N1p1/2B1P3/4B3/PPP1NPPP/2KR3R b kq - 0 12|f6e4 c4f7|1066|78|88|318|attackingF2F7 mate mateIn1 middlegame oneMove|https://lichess.org/RYMh9soe/black#24|Philidor_Defense Philidor_Defense_Other_variations|TRUE|https://lichess.org/training/ErQ3g
Sr6ZP|r3k2r/1pp2p2/p1p4p/2q1p3/4P1p1/P1NP2Pb/1PPN1KnB/R2Q3R w kq - 1 18|f2e2 c5e3 e2f1 g2f4|1067|80|93|5715|discoveredAttack mate mateIn2 middlegame short|https://lichess.org/K9YSWze7#35|Ruy_Lopez Ruy_Lopez_Exchange_Variation|TRUE|https://lichess.org/training/Sr6ZP
CwzHi|6k1/p2q1pp1/1b5p/6n1/3P4/1BP3PP/PP3PK1/4Q3 w - - 1 30|h3h4 d7h3 g2g1 g5f3|1069|96|96|518|endgame mate mateIn2 short|https://lichess.org/LWq43leO#59||FALSE|https://lichess.org/training/CwzHi
Fc782|R2b4/6k1/8/3Q3p/1p1P3P/1P1q4/P7/3K4 w - - 5 39|d1e1 d8h4|1071|77|85|65|endgame master mate mateIn1 oneMove|https://lichess.org/FyPNbwMF#77||TRUE|https://lichess.org/training/Fc782
XyzFw|r1b1k2r/ppp2ppp/2n5/2b1P3/4n3/1P1q1N2/PB1PN1PP/R2QKB1R w KQkq - 1 10|e2f4 c5f2|1071|75|100|762|mate mateIn1 oneMove opening|https://lichess.org/Fvowf6Hs#19|Scandinavian_Defense Scandinavian_Defense_Other_variations|TRUE|https://lichess.org/training/XyzFw
Fn8cI|rnb1k2r/ppp2ppp/8/2b1P3/4n3/3q2P1/PP1PN1BP/R1BQK1NR w KQkq - 1 9|e2f4 c5f2|1072|86|94|2269|mate mateIn1 oneMove opening|https://lichess.org/gwU4Hcvs#17|Vienna_Game Vienna_Game_Mieses_Variation|TRUE|https://lichess.org/training/Fn8cI
6z8uG|3k4/8/3Q3p/p1pP4/4B3/4n2P/P2q4/7K b - - 0 40|d8e8 e4g6|1072|81|93|1407|endgame mate mateIn1 oneMove|https://lichess.org/nyG7w1Jx/black#80||TRUE|https://lichess.org/training/6z8uG
40jFJ|r4r1k/1b2q3/6p1/1p1Nbp1p/p3p3/P1Pp3P/BP1Q1PP1/1R2R1K1 b - - 1 29|e7d6 d2h6 h8g8 d5f6|1073|81|94|750|doubleCheck kingsideAttack mate mateIn2 middlegame short|https://lichess.org/aP9BjlRt/black#58||TRUE|https://lichess.org/training/40jFJ
7Z807|2kr3r/p2pqp2/1ppQp1p1/4P3/6Pn/2PB3P/PP5K/R4R2 b - - 6 22|e7g5 d3a6|1074|92|81|55|mate mateIn1 middlegame oneMove|https://lichess.org/cs7bE1a1/black#44||TRUE|https://lichess.org/training/7Z807
QhWza|r5k1/ppp2p2/3p1qpQ/5bNp/2B5/P1P5/1P3PP1/6K1 b - - 3 25|f6h8 c4f7|1074|80|82|133|endgame kingsideAttack mate mateIn1 oneMove|https://lichess.org/F1zcxq5Q/black#50||TRUE|https://lichess.org/training/QhWza
uZ6a4|r2qk2r/pp1n3p/3PQ1p1/2pp4/8/8/PP3PPP/n1B2K1R b kq - 0 16|e8f8 c1h6|1081|76|98|432|mate mateIn1 middlegame oneMove|https://lichess.org/YbICbAQH/black#32|Caro-Kann_Defense Caro-Kann_Defense_Other_variations|TRUE|https://lichess.org/training/uZ6a4
XDkNV|rn5Q/1b1k3p/pp2p3/8/3B4/q1p5/P4PP1/RK3BNR w - - 1 22|d4c3 b7e4 f1d3 e4d3|1081|79|66|76|mate mateIn2 middlegame queensideAttack short|https://lichess.org/SSMGXerp#43||TRUE|https://lichess.org/training/XDkNV
3I9V2|rnb1k2r/pp3ppp/2p2n2/2bPq3/8/5K2/PPPP2PP/RNBQ1BNR w kq - 2 9|d1e2 c8g4|1081|76|95|1344|mate mateIn1 oneMove opening|https://lichess.org/dQVwV0Kc#17|Kings_Gambit_Declined Kings_Gambit_Declined_Falkbeer_Countergambit|TRUE|https://lichess.org/training/3I9V2
w50JH|2b5/R4pk1/1p1p2p1/1P1Pp3/1QP4P/4q1P1/8/R4K2 w - - 2 36|b4e1 c8h3|1081|77|100|109|endgame mate mateIn1 oneMove|https://lichess.org/IwV6jpnu#71||TRUE|https://lichess.org/training/w50JH
ECL1c|1r1k4/p4R2/3bQ3/1p1B1P2/2pP4/2PqP3/PP1K4/8 w - - 4 33|d2e1 d6g3|1082|77|85|142|endgame mate mateIn1 oneMove|https://lichess.org/rzZOPGJX#65||TRUE|https://lichess.org/training/ECL1c
XhvKt|r1b1k2r/1p2nppp/p7/4P3/3q1B2/1QN5/PPP1KbPP/R4B1R w kq - 0 14|g2g3 c8g4|1082|76|86|203|mate mateIn1 middlegame oneMove|https://lichess.org/3Cw6C79z#27|Kings_Gambit_Accepted Kings_Gambit_Accepted_Polerio_Gambit|TRUE|https://lichess.org/training/XhvKt
WFKHl|r2q3k/1p4p1/p2p3R/3Np3/1PBnP3/P4r2/1P5Q/2K5 b - - 0 29|g7h6 h2h6 h8g8 d5e7|1082|77|97|665|doubleCheck mate mateIn2 middlegame short|https://lichess.org/SLUT1vWK/black#58||TRUE|https://lichess.org/training/WFKHl
BuL9Q|7k/1Q4bp/p2P2p1/2P2r2/1P6/6Pq/3B2B1/2R2K2 w - - 1 39|f1g1 g7d4 d2e3 d4e3|1082|80|87|305|mate mateIn2 middlegame short|https://lichess.org/D5VXRCAZ#77||FALSE|https://lichess.org/training/BuL9Q
rxiME|2kr3r/p1pn1ppp/bp6/3pP3/3P3P/q1N2P2/3B1QP1/2KR2NR w - - 0 18|c1b1 a6d3|1084|81|94|123|mate mateIn1 middlegame oneMove|https://lichess.org/T597tfe5#35|Owen_Defense Owen_Defense_Other_variations|TRUE|https://lichess.org/training/rxiME
Ftu2V|3rk2r/qb1n1ppp/p2QB3/1p2P1N1/6n1/8/PP2RPPP/RN4K1 b k - 0 17|d7e5 e6f7|1084|77|79|218|attackingF2F7 mate mateIn1 middlegame oneMove|https://lichess.org/m3wP1U6b/black#34|Sicilian_Defense Sicilian_Defense_OKelly_Variation|TRUE|https://lichess.org/training/Ftu2V
6yUfz|r1b2k1r/ppp1bpp1/2n1p3/4P2p/2P4P/1PNq1NQ1/P2B1PP1/R3K2R w KQ - 0 15|e1c1 e7a3|1084|90|100|35|mate mateIn1 middlegame oneMove|https://lichess.org/V5DZlkBc#29|Trompowsky_Attack Trompowsky_Attack_Classical_Defense|TRUE|https://lichess.org/training/6yUfz
k0Joi|4k3/3n4/1b1Q1np1/2p3Np/1pB4P/5P2/1PP2KP1/4r2r b - - 6 37|b6d8 c4f7|1084|85|95|4311|master masterVsMaster mate mateIn1 middlegame oneMove|https://lichess.org/F2S1GVvy/black#74||TRUE|https://lichess.org/training/k0Joi
vTFf9|r1b1k1n1/pp3p1p/8/4p3/2Pq4/2N5/P2PKpPP/R2Q1B1R w q - 0 13|d1c2 c8g4|1086|76|100|156|mate mateIn1 middlegame oneMove|https://lichess.org/tEgHWS3w#25|Reti_Opening Reti_Opening_Advance_Variation|TRUE|https://lichess.org/training/vTFf9
KduuY|1k5r/8/1Q6/4p2p/p4p1P/8/2B1K1P1/2q5 b - - 0 38|b8c8 c2f5|1086|82|92|2099|endgame master mate mateIn1 oneMove|https://lichess.org/Lun3A0Yt/black#76||TRUE|https://lichess.org/training/KduuY
FFjmT|6k1/8/p5Qp/1p4p1/2b3P1/P1P4q/1P1K1B2/8 b - - 13 48|g8f8 f2c5|1086|81|92|298|endgame mate mateIn1 oneMove|https://lichess.org/MtNqQ4QN/black#96||TRUE|https://lichess.org/training/FFjmT
W0ewM|r5k1/p7/2p2R1b/2Np1p2/3P4/6qP/PPP5/R2Q2K1 w - - 0 26|g1h1 g3h3 h1g1 h6e3|1088|74|97|1925|mate mateIn2 middlegame short|https://lichess.org/IUJKe4Vb#51||TRUE|https://lichess.org/training/W0ewM
a1YjY|2b3k1/p7/1p5p/6p1/1P1pP3/q2N2P1/3K3P/1Q5B w - - 0 44|d2c2 a3c3 c2d1 c8g4 h1f3 g4f3|1088|87|93|6867|endgame exposedKing long mate mateIn3|https://lichess.org/c6G6bRzQ#87||TRUE|https://lichess.org/training/a1YjY
GLrqR|1b4k1/pp4p1/6R1/2p3PQ/2P4P/3q4/PP6/3K4 w - - 2 35|d1e1 b8g3|1089|81|95|1404|endgame mate mateIn1 oneMove|https://lichess.org/VYJGwI9u#69||TRUE|https://lichess.org/training/GLrqR
q9bS8|6k1/8/4Q1pp/2P5/8/4B1P1/5PK1/r2q4 b - - 3 40|g8f8 e3h6|1090|77|92|128|endgame mate mateIn1 oneMove|https://lichess.org/KFWpw1Hf/black#80||TRUE|https://lichess.org/training/q9bS8
CumfA|4kr2/p1pb1p1Q/2r2p2/4p3/P7/BPqPP1Pp/2P2P1P/R2K2R1 w - - 5 26|a1c1 d7g4 f2f3 g4f3|1090|77|83|137|mate mateIn2 middlegame short|https://lichess.org/hqgsM1p9#51||TRUE|https://lichess.org/training/CumfA
HwI4W|r2q1r1k/1p2b1n1/p1np2Q1/2pN4/2B1P3/7P/PPP2PP1/R4RK1 b - - 4 19|c6e5 g6h6 h8g8 d5e7|1091|82|94|2519|doubleCheck kingsideAttack mate mateIn2 middlegame short|https://lichess.org/z76llnsv/black#38||TRUE|https://lichess.org/training/HwI4W
jFwnq|5r1k/1bp2pp1/1p3R1p/3P2N1/2PQ4/3B4/3q2PP/6K1 b - - 0 30|g7f6 d4f6 h8g8 d3h7|1091|80|99|875|endgame mate mateIn2 short|https://lichess.org/sYB4pLe9/black#60||TRUE|https://lichess.org/training/jFwnq
5I8o9|1k6/5B2/1Q6/p2K2p1/P7/5n2/8/7q b - - 0 51|b8c8 f7e6|1093|77|86|3268|endgame mate mateIn1 oneMove|https://lichess.org/QTVbQ0V5/black#102||TRUE|https://lichess.org/training/5I8o9
FEfBM|r2qr3/ppp1k3/3pQ3/4nP2/4nB2/8/PP4PP/R4R1K b - - 5 25|e7f8 f4h6|1094|76|90|317|mate mateIn1 middlegame oneMove|https://lichess.org/osArAqt4/black#50||TRUE|https://lichess.org/training/FEfBM
Gf9gX|r1b1kb1r/ppp2ppp/2np4/8/3P1P2/2PBqN2/PP4PP/RN1Q1K1R w kq - 0 10|g2g3 c8h3|1095|75|93|773|mate mateIn1 oneMove opening|https://lichess.org/Vah8wWri#19|Mikenas_Defense Mikenas_Defense_Other_variations|TRUE|https://lichess.org/training/Gf9gX
4PEmR|1r1r2k1/5p2/np3RpQ/pNp1pb1p/2B1q3/8/PP3PP1/2R3K1 b - - 2 26|e4f4 c4f7|1097|78|96|4806|kingsideAttack master mate mateIn1 middlegame oneMove|https://lichess.org/RDTKeOew/black#52||TRUE|https://lichess.org/training/4PEmR
gvd9K|8/3Q1R2/4p2k/3pb3/P4P1p/5q1P/8/5K2 w - - 2 63|f1e1 e5c3|1097|83|94|2157|endgame mate mateIn1 oneMove|https://lichess.org/Q6SZ0rFv#125||TRUE|https://lichess.org/training/gvd9K
spkAC|r1bqk2r/pp1n2b1/2pQ1npp/4NpB1/1PB5/4P3/P1P2PPP/RN3RK1 b kq - 0 11|h6g5 c4f7|1097|76|100|672|mate mateIn1 middlegame oneMove|https://lichess.org/HfZRF8sh/black#22|Queens_Pawn_Game Queens_Pawn_Game_Other_variations|TRUE|https://lichess.org/training/spkAC
9ASQP|r2q1rk1/1pp2pn1/p2p2RQ/3Nb3/2BnP3/7P/PPP3P1/3R2K1 b - - 3 18|f7g6 d5e7|1098|78|89|136|doubleCheck mate mateIn1 middlegame oneMove|https://lichess.org/68OTHRXw/black#36|Kings_Gambit Kings_Gambit_Other_variations|TRUE|https://lichess.org/training/9ASQP
g7S64|2kr3r/p2pq2p/1pnQ1ppb/4p3/2B1P3/5N2/PPP2PPP/1K1R3R b - - 6 15|h8e8 c4a6|1098|77|81|182|mate mateIn1 middlegame oneMove|https://lichess.org/DI0P6SGi/black#30|Pterodactyl_Defense Pterodactyl_Defense_Eastern|TRUE|https://lichess.org/training/g7S64
6c4xm|7k/p5pp/1p5r/2bN4/2B3n1/6Pq/PP3P1P/3R2KQ w - - 6 30|d5f4 c5f2|1098|83|86|773|mate mateIn1 middlegame oneMove|https://lichess.org/JoozvOxp#59||TRUE|https://lichess.org/training/6c4xm
zjumv|r3k1nN/pp4pp/2nQ4/4P3/2B3b1/2PK4/5P1P/R1B3q1 b - - 3 17|a8d8 c4f7|1099|76|100|149|mate mateIn1 middlegame oneMove|https://lichess.org/WAxyY0XA/black#34|Sicilian_Defense Sicilian_Defense_Mengarini_Variation|TRUE|https://lichess.org/training/zjumv
DP3ak|Q4n1k/6pp/3p4/4p1b1/1Pq5/RN3P2/3K1P1P/R5r1 w - - 4 32|f3f4 g5f4|1099|76|100|503|mate mateIn1 middlegame oneMove|https://lichess.org/p6ME00UV#63||TRUE|https://lichess.org/training/DP3ak
ceaZ4|1r5k/p1p2Qp1/5p2/1p5p/4B1qP/1P1P2P1/PBPb4/R2R3K w - - 5 31|f7c7 g4h3 h1g1 d2e3|1099|78|100|209|kingsideAttack mate mateIn2 middlegame short|https://lichess.org/GS0Vqw95#61||TRUE|https://lichess.org/training/ceaZ4
gKugI|2r2rk1/pp2ppbp/1n1p2p1/3P4/2P2Pn1/1PN3Pq/P2BB2P/2RQ2KR w - - 1 19|e2g4 g7d4 d2e3 d4e3|1099|80|79|170|kingsideAttack mate mateIn2 middlegame short|https://lichess.org/Y4vhPepO#37|Alekhine_Defense Alekhine_Defense_Exchange_Variation|TRUE|https://lichess.org/training/gKugI
W0Z4o|7r/p1p2pk1/5b2/Q2p2p1/4p3/3P1PPq/PP2P2P/R5KR w - - 0 23|d3e4 f6d4 e2e3 d4e3|1101|84|83|195|endgame kingsideAttack mate mateIn2 short|https://lichess.org/jFvdgIxV#45||TRUE|https://lichess.org/training/W0Z4o
QJ2Qc|r1b3nr/ppp3Qp/2kp2p1/4p3/2B1P3/1PqPB2N/P5PP/R2K3R w - - 3 18|a1c1 c8g4|1102|78|85|104|mate mateIn1 middlegame oneMove|https://lichess.org/bZz0zNnI#35|Vienna_Game Vienna_Game_Stanley_Variation|TRUE|https://lichess.org/training/QJ2Qc
3MhbQ|r4rk1/p3bppp/2Q5/2p1P3/5P2/2Pqp2P/PP2N1B1/R3K2R w KQ - 0 18|a1d1 e7h4 e2g3 h4g3|1103|76|100|138|mate mateIn2 middlegame short|https://lichess.org/LGlmW2Df#35|Caro-Kann_Defense Caro-Kann_Defense_Two_Knights_Attack|TRUE|https://lichess.org/training/3MhbQ
ryD2R|3R1rk1/6pp/1p6/p1b3Qb/8/2P2BPq/P4P2/6K1 w - - 2 30|f3h5 c5f2|1104|79|88|67|endgame mate mateIn1 oneMove|https://lichess.org/2eELe6Zf#59||TRUE|https://lichess.org/training/ryD2R
jMcBz|r6k/pp5p/2p1ppR1/8/8/1P1PQ1KB/P1q5/8 b - - 0 36|h7g6 e3h6 h8g8 h3e6|1105|82|95|7186|endgame mate mateIn2 short|https://lichess.org/C2BXt37K/black#72||TRUE|https://lichess.org/training/jMcBz
lRwRq|6k1/8/6Q1/P2p2n1/6q1/8/5B1K/8 b - - 0 59|g8f8 f2c5|1105|80|94|1917|endgame master masterVsMaster mate mateIn1 oneMove|https://lichess.org/QR8BG2r2/black#118||TRUE|https://lichess.org/training/lRwRq
6SXtk|r1bqr1k1/ppp1bp2/2np1n1Q/4p1N1/2B1P3/3P3P/PPP2PP1/RN2K2R b KQ - 2 10|e7f8 c4f7|1106|79|92|1288|kingsideAttack mate mateIn1 oneMove opening|https://lichess.org/RAGresWo/black#20|Italian_Game Italian_Game_Two_Knights_Defense|TRUE|https://lichess.org/training/6SXtk
1uJTI|r3k1r1/p3qpPp/2p2n2/3bQ3/N7/P1B1PP2/1P4PP/R3K2R w KQq - 1 22|e5f6 e7e3 e1d1 d5b3|1106|77|94|1601|mate mateIn2 middlegame short|https://lichess.org/wySzSUoG#43||TRUE|https://lichess.org/training/1uJTI
RUick|2r3k1/3n4/3P2Q1/2P1p1B1/4Pp2/5P2/4K3/2q5 b - - 14 58|g8f8 g5e7|1106|162|0|27|endgame mate mateIn1 oneMove|https://lichess.org/BrGLZPus/black#116||TRUE|https://lichess.org/training/RUick
3ZPcB|5r2/p3kp2/1p2pQp1/n2pP3/3q4/5R2/P5PP/5B1K b - - 3 34|e7e8 f1b5 a5c6 b5c6|1106|83|94|157|endgame mate mateIn2 short|https://lichess.org/NmvfehVk/black#68||TRUE|https://lichess.org/training/3ZPcB
rRGcv|1k1rqb1r/2pb3p/Q1np1np1/BN6/8/4PN2/PPP2PPP/R3K2R b KQ - 4 14|d7c8 a5c7|1109|148|38|22|mate mateIn1 middlegame oneMove queensideAttack|https://lichess.org/tN78ulIj/black#28|Englund_Gambit Englund_Gambit_Hartlaub-Charlick_Gambit|TRUE|https://lichess.org/training/rRGcv
CjZOC|1rb1B1kr/p3bp1p/4p1pQ/q2nN3/P2P4/8/1P3PPP/R4RK1 b - - 3 20|e7f8 e8f7|1109|75|98|1263|kingsideAttack mate mateIn1 middlegame oneMove|https://lichess.org/Hc0n4sxb/black#40||TRUE|https://lichess.org/training/CjZOC
J1dt4|2kr4/3n1pp1/pppQ3p/4p3/8/1P6/3B1PPP/2q2BK1 b - - 1 28|c1c2 f1a6|1109|81|92|75|endgame mate mateIn1 oneMove queensideAttack|https://lichess.org/h5B4Fj8s/black#56||TRUE|https://lichess.org/training/J1dt4
Yqefp|5r1k/ppp3pp/3p4/2bQ4/2P5/1P2r2q/PB2BP2/R4RK1 w - - 2 21|d5h5 e3g3|1110|75|100|248|mate mateIn1 middlegame oneMove pin|https://lichess.org/HYPuQ5JD#41||FALSE|https://lichess.org/training/Yqefp
XMHSz|6k1/p2b3p/1p4p1/3p4/5q2/2P3P1/PPB2n1P/5NQK w - - 1 27|h1g2 d7h3|1110|75|68|109|endgame master mate mateIn1 oneMove|https://lichess.org/4m4JENH3#53||FALSE|https://lichess.org/training/XMHSz
pijpL|r3k2r/ppp2pp1/3p4/2b1p1Bp/4P3/2PP1nNq/PPB1RP1n/R5KQ w kq - 2 20|h1f3 h2f3|1110|75|100|244|hangingPiece kingsideAttack mate mateIn1 middlegame oneMove|https://lichess.org/OkDJF4ss#39||FALSE|https://lichess.org/training/pijpL
hxRLV|8/pQpk2pp/8/8/3Br1n1/3q4/P4PPb/2RRK3 w - - 0 23|d4e3 e4e3 f2e3 h2g3|1115|86|92|6734|mate mateIn2 middlegame sacrifice short|https://lichess.org/mz98njaz#45||TRUE|https://lichess.org/training/hxRLV
rPwDy|7k/7n/1b6/8/4P1QP/Pq6/8/1K5R w - - 4 40|b1c1 b6e3|1115|75|95|199|endgame mate mateIn1 oneMove|https://lichess.org/cgTfgldU#79||TRUE|https://lichess.org/training/rPwDy
1lPPg|2r3k1/8/4bpQ1/p5p1/8/1Pb1P1B1/P4PPP/5qNK b - - 1 42|g8f8 g3d6|1116|89|95|421|mate mateIn1 middlegame oneMove|https://lichess.org/rZNdklzD/black#84||TRUE|https://lichess.org/training/1lPPg
JrYXd|r3k2r/ppp2ppp/8/2bP4/3NpNn1/5nPq/PPP2P1P/R1BQ2KR w kq - 9 17|d4f3 c5f2|1116|83|64|78|kingsideAttack master mate mateIn1 middlegame oneMove|https://lichess.org/H6Uro76I#33|Elephant_Gambit Elephant_Gambit_Paulsen_Countergambit|TRUE|https://lichess.org/training/JrYXd
KA6UG|7R/4kB1Q/4p3/p3P1N1/1b3n2/6K1/6q1/8 w - - 2 46|g3f4 b4d2|1117|78|88|487|endgame mate mateIn1 oneMove|https://lichess.org/EBMzaPyA#91||TRUE|https://lichess.org/training/KA6UG
suDH5|r3kq2/1p6/p2pQb2/3P1Pp1/2Pp4/1P6/P2B2PP/6K1 b - - 4 34|e8d8 d2a5 b7b6 a5b6|1119|87|94|7343|endgame mate mateIn2 short|https://lichess.org/Ger5peqI/black#68||TRUE|https://lichess.org/training/suDH5
JIJ78|r1b1k2r/p4ppp/2pQ1n2/4P3/8/PBq5/2P3PP/R4R1K b kq - 0 17|f6e4 b3f7|1119|77|93|599|attackingF2F7 mate mateIn1 middlegame oneMove|https://lichess.org/QqhVs2SU/black#34|Sicilian_Defense Sicilian_Defense_Closed|TRUE|https://lichess.org/training/JIJ78
lyaDG|r4rk1/1pp2ppp/p1np4/4p3/4P1nb/1BPP1NNq/PP3P2/R1BQR1K1 w - - 4 14|g3f5 h4f2|1121|91|89|84|kingsideAttack mate mateIn1 middlegame oneMove|https://lichess.org/rXGrpCbi#27|Italian_Game Italian_Game_Two_Knights_Defense|TRUE|https://lichess.org/training/lyaDG
6jw5r|r3r1k1/1b1n1p2/p2q1bpQ/2p1p1B1/2BpP3/1P6/PNP3PP/R4R1K b - - 5 22|f6g5 c4f7|1121|75|98|783|kingsideAttack master mate mateIn1 middlegame oneMove|https://lichess.org/TcrxkPkW/black#44||TRUE|https://lichess.org/training/6jw5r
qeDq8|3r4/2k2pBp/5Q2/pB6/2P3P1/Pq5P/3KPb2/R6R w - - 1 28|d2c1 f2e3|1122|217|47|12|mate mateIn1 middlegame oneMove|https://lichess.org/YMvkXQWf#55||TRUE|https://lichess.org/training/qeDq8
m8Jm8|r1b1k2N/pppp2pp/2n5/4p3/4n3/3P2bq/PPP1B2P/RNBQ1K1R w q - 1 11|f1g1 g3f2|1123|76|94|232|mate mateIn1 middlegame oneMove|https://lichess.org/W43PS4Jn#21|Italian_Game Italian_Game_Two_Knights_Defense|TRUE|https://lichess.org/training/m8Jm8
O4YvW|3r2kr/ppqnnp1b/2pbN2Q/3p4/3P4/6PB/PP1NPP1P/R1B2RK1 b - - 2 16|f7e6 h3e6|1123|223|67|11|kingsideAttack mate mateIn1 middlegame oneMove|https://lichess.org/W8Rl6HWP/black#32|Hungarian_Opening Hungarian_Opening_Other_variations|TRUE|https://lichess.org/training/O4YvW
Z7HUM|4B1kr/pp2p2p/4PnpQ/8/3r1R1P/P1N1qb2/1PP5/1K6 b - - 2 27|e3f4 e8f7|1123|116|73|13|mate mateIn1 middlegame oneMove|https://lichess.org/YA9tKcS8/black#54||TRUE|https://lichess.org/training/Z7HUM
4HHtJ|r3kr2/p4p2/1p2pQ1p/2ppP3/8/6P1/P2qBK1P/7R b q - 0 22|d2g5 e2b5|1125|81|83|94|endgame master mate mateIn1 oneMove|https://lichess.org/WCf9lgI6/black#44||TRUE|https://lichess.org/training/4HHtJ
xhhnl|r2q2kr/1p1b3p/p1n2NpQ/8/7b/3BB2P/PP4P1/5RK1 b - - 5 20|h4f6 d3c4 d7e6 c4e6|1128|79|94|2488|kingsideAttack mate mateIn2 middlegame short|https://lichess.org/gCTy6rcD/black#40||TRUE|https://lichess.org/training/xhhnl
DQWgj|4k3/1p1R4/1p6/3Bp1b1/2P5/6qr/PP4P1/R2Q3K w - - 0 30|g2h3 g3h3 h1g1 g5e3|1129|88|94|2708|endgame fork mate mateIn2 short|https://lichess.org/2eImcAle#59||TRUE|https://lichess.org/training/DQWgj
UlcnS|2kr4/ppp1bp1p/8/3P4/5N2/1P4rq/P4P1P/R2Q2KR w - - 0 19|f2g3 e7c5 d1d4 c5d4|1130|132|60|14|mate mateIn2 middlegame short|https://lichess.org/rszdrKmP#37|Danish_Gambit Danish_Gambit_Other_variations|TRUE|https://lichess.org/training/UlcnS
xkFV4|r1b2rk1/pp3p2/q1p2Q1p/3p2N1/8/2P1P1P1/1PB2PP1/1R2K3 b - - 0 18|c6c5 c2h7|1130|81|55|50|mate mateIn1 middlegame oneMove|https://lichess.org/kkCEXnlj/black#36|Queens_Pawn_Game Queens_Pawn_Game_Accelerated_London_System|TRUE|https://lichess.org/training/xkFV4
hI74A|3q1k2/1b6/3bQpp1/7p/7P/P1P1BPP1/1P6/6K1 b - - 0 52|f6f5 e3h6|1131|80|92|1219|endgame master mate mateIn1 oneMove|https://lichess.org/CkiYQvro/black#104||TRUE|https://lichess.org/training/hI74A
NVqzo|r3kbr1/pp3p1p/4pQ2/3p4/8/1B6/PPPq1PPP/3R1RK1 b q - 2 14|d2g5 b3a4 b7b5 a4b5|1131|75|95|152|mate mateIn2 middlegame short|https://lichess.org/iiOVYHnO/black#28|Caro-Kann_Defense Caro-Kann_Defense_Hillbilly_Attack|TRUE|https://lichess.org/training/NVqzo
Ictdj|1K3k2/8/1q6/8/4P2Q/1b4P1/7P/8 w - - 4 57|b8c8 b3e6|1131|76|100|513|endgame mate mateIn1 oneMove|https://lichess.org/EnOZYMGl#113||TRUE|https://lichess.org/training/Ictdj
ucxpK|2rk3q/1Q3pR1/1p2pP2/p1b1P3/2Pp4/7P/PPB5/7K w - - 7 36|g7f7 h8h3 h1g1 d4d3|1132|124|76|30|discoveredAttack endgame mate mateIn2 short|https://lichess.org/5jrRxOr1#71||TRUE|https://lichess.org/training/ucxpK
Vcu7S|8/pp1Q2pk/8/6b1/4b1P1/5P1q/PP6/3R2K1 w - - 1 36|f3e4 g5e3|1133|77|100|134|endgame master mate mateIn1 oneMove|https://lichess.org/F6CLDWaw#71||TRUE|https://lichess.org/training/Vcu7S
CwCrm|r2q2k1/1pp4p/p1bnQ1p1/3p4/3P1B2/8/PP3PPP/RN4K1 b - - 4 20|g8f8 f4h6|1134|79|87|86|mate mateIn1 middlegame oneMove|https://lichess.org/RUF5A2QN/black#40||TRUE|https://lichess.org/training/CwCrm
khgPi|3qk2r/r2b1pp1/p2Q4/2pB4/2P1P1np/1PP5/P4bP1/R1B2R1K b k - 2 27|f2g3 d5f7|1137|80|79|499|attackingF2F7 mate mateIn1 middlegame oneMove|https://lichess.org/OyKkVs9n/black#54||TRUE|https://lichess.org/training/khgPi
8MUEz|r3k2r/1pq1bp1p/p2N1p2/2p5/6P1/1B2Q2P/PPP2P2/3RK2b b kq - 3 19|e8f8 e3h6 f8g8 b3f7|1138|77|93|4511|mate mateIn2 middlegame short|https://lichess.org/kDbvfXkC/black#38||TRUE|https://lichess.org/training/8MUEz
fiEeO|r1b2k1r/p2pnppp/1pnN4/7Q/2B1P3/8/P1P1KPqP/8 b - - 1 18|g7g6 h5h6 f8g8 c4f7|1138|143|80|19|mate mateIn2 middlegame short|https://lichess.org/WhISRg4L/black#36|Sicilian_Defense Sicilian_Defense_Kveinis_Variation|TRUE|https://lichess.org/training/fiEeO
3Wk4b|2kb4/2B5/2Qp2pp/3P4/4P3/3q3P/PP6/2R2K2 w - - 5 38|f1e1 d8h4|1138|76|87|517|endgame mate mateIn1 oneMove|https://lichess.org/AnFws0zG#75||TRUE|https://lichess.org/training/3Wk4b
04tyZ|5k2/p7/1p1Q4/1P1p2p1/P2b2q1/2p4p/2B2P1P/5K2 b - - 3 49|f8e8 c2g6|1139|75|100|1939|endgame mate mateIn1 oneMove|https://lichess.org/mDsIEv1o/black#98||TRUE|https://lichess.org/training/04tyZ
KftkC|6k1/8/p5Q1/1p4p1/7p/3p3P/qb1N3B/6K1 b - - 1 36|g8f8 h2d6|1139|78|93|638|endgame mate mateIn1 oneMove|https://lichess.org/H8J0yxT2/black#72||TRUE|https://lichess.org/training/KftkC
A9I1o|1Q3bk1/7p/7B/P2p1p2/3P4/q4N2/1K2bPPP/8 w - - 0 29|b2b1 e2d3|1140|78|84|306|endgame mate mateIn1 oneMove|https://lichess.org/2j2yU9lx#57||TRUE|https://lichess.org/training/A9I1o
Bpm4d|1r3r1k/2p1bp1p/p6Q/8/4N1RP/1P1q4/P4P2/1K4R1 w - - 3 28|b1c1 e7a3|1141|120|88|79|mate mateIn1 middlegame oneMove|https://lichess.org/u0VOUV3e#55||TRUE|https://lichess.org/training/Bpm4d
weloG|r3k1r1/pp3p2/4pQ1p/3pP3/2pq4/8/PPB3P1/5R1K b q - 3 25|g8f8 c2a4 b7b5 a4b5|1141|75|95|1619|endgame mate mateIn2 short|https://lichess.org/yjTn67RW/black#50||TRUE|https://lichess.org/training/weloG
ssKU1|1k1r3r/2pbq1b1/Q1n4p/BN2pp2/4n1pP/4P1P1/PPP2P1N/2KR3R b - - 4 18|e4c5 a5c7|1141|88|83|54|mate mateIn1 middlegame oneMove queensideAttack|https://lichess.org/i5K9Af7N/black#36|Dutch_Defense Dutch_Defense_Hopton_Attack|TRUE|https://lichess.org/training/ssKU1
I2cL1|rnb1k2r/pp3ppp/2p2n2/2b1q3/8/5K2/PPPP2PP/RNBQ1BNR w kq - 4 11|d1e2 c8g4|1142|110|83|23|mate mateIn1 oneMove opening|https://lichess.org/ZF0NLMMq#21|Kings_Gambit_Declined Kings_Gambit_Declined_Falkbeer_Countergambit|TRUE|https://lichess.org/training/I2cL1
EhBOo|3rr3/p1N1bk2/1p2Q1p1/n7/3P4/2P1BqP1/P4P1P/R4K2 b - - 2 23|f7f8 e3h6|1143|220|54|15|mate mateIn1 middlegame oneMove|https://lichess.org/0XrDdIa5/black#46||TRUE|https://lichess.org/training/EhBOo
Sr9Y5|8/pp3Npp/2pQ4/4pk2/5q2/1B3P1b/PPP1K1n1/3R4 w - - 3 27|c2c4 f4e3 e2f1 g2f4|1144|76|90|751|discoveredAttack mate mateIn2 middlegame short|https://lichess.org/JeOLGNu9#53||TRUE|https://lichess.org/training/Sr9Y5
EKarj|r1R5/5ppk/4p1bp/1N1p4/P7/4PPqP/8/R1Q2K2 w - - 2 30|c8a8 g6d3|1144|76|100|173|endgame mate mateIn1 oneMove|https://lichess.org/7LRVaFoe#59||TRUE|https://lichess.org/training/EKarj
U1fFT|r1bq2k1/pppn1p2/4NnpQ/8/2BpN3/8/PPP2PP1/R3K3 b Q - 0 18|f7e6 c4e6|1144|140|38|11|kingsideAttack mate mateIn1 middlegame oneMove|https://lichess.org/42ywiry0/black#36|East_Indian_Defense East_Indian_Defense_Other_variations|TRUE|https://lichess.org/training/U1fFT
qx5vB|r4rk1/1pp2ppp/p2p4/1n2P3/3P2nb/5NNq/PPB2P2/R1BQR1K1 w - - 1 17|g3f5 h4f2|1144|75|95|1046|kingsideAttack mate mateIn1 middlegame oneMove|https://lichess.org/ZvSLRNXE#33|Ruy_Lopez Ruy_Lopez_Steinitz_Defense|TRUE|https://lichess.org/training/qx5vB
rlBbV|7Q/1pp2k2/6p1/3Pp2p/7R/4qP2/b5P1/4K2R w - - 4 40|e1d1 a2b3|1146|80|93|799|endgame mate mateIn1 oneMove|https://lichess.org/6opxKOae#79||TRUE|https://lichess.org/training/rlBbV
S0pnf|r4Rkr/pb1n3p/2p1Q1p1/1p1q3B/1P6/4B3/1PP3PP/6K1 b - - 5 20|g8f8 e3h6|1146|97|95|614|mate mateIn1 middlegame oneMove|https://lichess.org/sRpSsByI/black#40||TRUE|https://lichess.org/training/S0pnf
JfeT6|r6r/2p2pk1/p3p1R1/8/1p6/2bBBP1q/P1P4P/6QK b - - 0 27|f7g6 g1g6 g7f8 e3c5|1148|79|89|98|mate mateIn2 middlegame short|https://lichess.org/0jfeZPyz/black#54||TRUE|https://lichess.org/training/JfeT6
8FFCq|r2q1k1r/1p5p/p1n1Q1p1/3p1p2/3P4/2P2Pb1/PP4P1/R1B1RNK1 b - - 1 17|g3e1 c1h6|1148|82|89|135|mate mateIn1 middlegame oneMove|https://lichess.org/6i3X578F/black#34|Caro-Kann_Defense Caro-Kann_Defense_Exchange_Variation|TRUE|https://lichess.org/training/8FFCq
88RRB|2b1k3/6Q1/p7/2P5/8/PP2q1P1/8/6K1 w - - 1 45|g1f1 c8h3|1149|145|54|20|endgame mate mateIn1 oneMove|https://lichess.org/ak1kiV7P#89||TRUE|https://lichess.org/training/88RRB
luWke|8/5pk1/Q4b2/7p/8/1B3qP1/P7/5K2 w - - 1 46|f1e1 f6c3|1149|79|91|236|endgame master mate mateIn1 oneMove|https://lichess.org/K4rJY5y5#91||TRUE|https://lichess.org/training/luWke
4s469|1k1r4/p5p1/1P5p/1Q2N1b1/3p4/B5rq/2P2P2/1R4K1 w - - 0 38|f2g3 g5e3|1149|75|100|177|mate mateIn1 middlegame oneMove|https://lichess.org/h6vF2u01#75||TRUE|https://lichess.org/training/4s469
xa7oK|3rr1k1/p4p2/1p3qpQ/5bN1/4p3/1B6/PP3PPP/4R1K1 b - - 1 29|f6h8 b3f7|1149|76|98|3088|kingsideAttack mate mateIn1 middlegame oneMove|https://lichess.org/lTQOHkkA/black#58||TRUE|https://lichess.org/training/xa7oK
VkJd1|r6Q/pp2kp1p/1q1p4/3P1b2/8/2N2P2/PP4PP/n1K2BNR w - - 3 17|h8a8 b6e3 c1d1 f5c2|1150|74|98|437|mate mateIn2 middlegame queensideAttack short|https://lichess.org/UrwZK7qc#33|Center_Game Center_Game_Paulsen_Attack_Variation|TRUE|https://lichess.org/training/VkJd1
VRKUL|2k5/p7/2Q1p1p1/2P2pP1/1P2pb2/PK6/1B1q4/8 b - - 9 43|c8d8 b2f6|1150|75|95|1053|endgame mate mateIn1 oneMove|https://lichess.org/QjhbTtmF/black#86||TRUE|https://lichess.org/training/VRKUL
mfBox|R2B4/5pk1/Q2b2p1/p3p2p/7P/1P2Pq2/P7/5K2 w - - 2 45|f1e1 d6b4|1151|85|79|69|endgame mate mateIn1 oneMove|https://lichess.org/jMdUiZTO#89||TRUE|https://lichess.org/training/mfBox
0Cjop|r1bqkb1r/pp1pn1pp/3Q1n2/4N3/2B1p3/8/PPP2PPP/RNB1K2R b KQkq - 2 8|e7g6 c4f7|1151|77|94|807|mate mateIn1 oneMove opening|https://lichess.org/wcWZPk3z/black#16|Nimzowitsch_Defense Nimzowitsch_Defense_Kennedy_Variation|TRUE|https://lichess.org/training/0Cjop
Q8RQD|1r5k/1pp3pp/p1n2r2/2b1p3/4P3/2Pq1N1Q/PP3PPP/R3KN1R w KQ - 0 16|f3g5 c5f2|1151|108|80|72|attackingF2F7 mate mateIn1 middlegame oneMove|https://lichess.org/nWpOy3L6#31|Italian_Game Italian_Game_Classical_Variation|TRUE|https://lichess.org/training/Q8RQD
VpYxv|2r1r1k1/4p1Pn/3p1p1Q/3P4/4qPB1/4B3/2p2K2/4R3 b - - 1 37|e4d3 g4e6|1152|87|68|38|master mate mateIn1 middlegame oneMove|https://lichess.org/ihUckdR2/black#74||TRUE|https://lichess.org/training/VpYxv
AoPxM|2kr3r/pp1n1p1p/2RQ1p2/4q3/4P3/3BKP1P/P7/7R b - - 0 21|b7c6 d3a6|1153|80|95|485|mate mateIn1 middlegame oneMove|https://lichess.org/0FmBikZH/black#42||TRUE|https://lichess.org/training/AoPxM
kPMON|4kb2/pp3p1Q/4p3/3p1p2/8/2rqB2P/PP1N4/2KR4 w - - 0 22|b2c3 f8a3|1153|77|95|491|endgame master mate mateIn1 oneMove|https://lichess.org/OdCF5IV1#43||TRUE|https://lichess.org/training/kPMON
x6jEY|6k1/2Qb4/P2p2p1/1p1Pp1P1/4P3/4q3/7P/2R3K1 w - - 2 39|g1f1 d7h3|1153|76|95|621|endgame mate mateIn1 oneMove|https://lichess.org/nyrSjMsh#77||TRUE|https://lichess.org/training/x6jEY
IlcF2|r3rk2/pb2b2p/1pp1QBpP/3p4/1qp5/6P1/PP2PPB1/R2R2K1 b - - 0 21|b4d6 f6g7|1153|77|85|375|mate mateIn1 middlegame oneMove|https://lichess.org/XGyBkUln/black#42||TRUE|https://lichess.org/training/IlcF2
L6nwm|3r2k1/5p2/pr4pQ/4p2p/2BpP2P/1P3RP1/4qPK1/8 b - - 3 39|e2e4 c4f7|1154|78|91|318|endgame master mate mateIn1 oneMove|https://lichess.org/4kIKr2Hp/black#78||TRUE|https://lichess.org/training/L6nwm
wpNyq|1k1r3r/2pbqpbp/Q1n1p1p1/BN1p4/3Pn1P1/P3PN1P/1PP2P2/R3K2R b KQ - 4 14|e6e5 a5c7|1154|77|91|445|mate mateIn1 middlegame oneMove queensideAttack|https://lichess.org/htGXoFTh/black#28|Zukertort_Opening Zukertort_Opening_Other_variations|TRUE|https://lichess.org/training/wpNyq
g1gOo|6k1/R3pp2/3b2p1/Q2P3p/7P/3q4/P7/2B2K2 w - - 2 41|f1e1 d6g3|1155|76|100|225|endgame master mate mateIn1 oneMove|https://lichess.org/xLXx1xM6#81||TRUE|https://lichess.org/training/g1gOo
8bIrL|r2q3r/pp1kb3/2p1pn1p/1N1pQbp1/8/4P3/PP3PPP/2R1KBNR b K - 0 16|c6b5 f1b5|1156|76|95|218|mate mateIn1 middlegame oneMove|https://lichess.org/U7qfebPq/black#32|Queens_Pawn_Game Queens_Pawn_Game_Levitsky_Attack|TRUE|https://lichess.org/training/8bIrL
ARPLR|r1bq1b1r/pp4pp/n4k2/3B4/3pQ2P/P7/1PP2PP1/R1B1K2R b KQ - 0 15|d8e7 c1g5|1157|81|94|1648|mate mateIn1 oneMove opening|https://lichess.org/x12XIojI/black#30|Italian_Game Italian_Game_Two_Knights_Defense|TRUE|https://lichess.org/training/ARPLR
cDHzl|r6r/1p4pp/p3Qpq1/2B5/P5k1/8/4KP2/8 b - - 0 33|g4h5 e6h3 h5g5 c5e3|1157|83|95|114|endgame mate mateIn2 short|https://lichess.org/yBImEiqI/black#66||TRUE|https://lichess.org/training/cDHzl
HAE06|r1qk3r/2p2Npp/p1Q1b3/3p4/3P4/B7/P4PPP/4R1K1 b - - 0 18|e6f7 a3e7|1158|84|66|54|mate mateIn1 middlegame oneMove|https://lichess.org/tz7z8jRN/black#36|Italian_Game Italian_Game_Giuoco_Piano|TRUE|https://lichess.org/training/HAE06
7WweU|N2k1b1r/pp4pp/4Qn2/3p4/3P1B2/8/2bR1PPP/q2B2K1 b - - 2 24|c2d1 f4c7|1158|78|95|4187|mate mateIn1 middlegame oneMove|https://lichess.org/eOEddCHP/black#48||TRUE|https://lichess.org/training/7WweU
SIhto|8/7k/bp2p2n/p2p2P1/P6Q/1P2q3/6BK/8 b - - 3 57|e6e5 h4h6 h7g8 g2d5|1160|76|90|702|endgame mate mateIn2 short|https://lichess.org/Zp6QTaQV/black#114||TRUE|https://lichess.org/training/SIhto
ltq3z|r4rk1/1pp2ppp/p1np4/8/3PP1nb/1R3N1q/PPB2P2/RNBQ2K1 w - - 4 15|c1f4 h4f2|1161|78|90|1805|kingsideAttack mate mateIn1 middlegame oneMove|https://lichess.org/kI8Cd0Vu#29|Ruy_Lopez Ruy_Lopez_Steinitz_Defense|TRUE|https://lichess.org/training/ltq3z
yCw81|2q1k2r/r5p1/1n1Qp2p/1P1bN3/3P4/8/4BPPP/b4RK1 b k - 1 22|a1d4 e2h5 g7g6 h5g6 a7f7 g6f7|1161|79|95|7604|attackingF2F7 exposedKing long mate mateIn3 middlegame|https://lichess.org/zIAchbSR/black#44||TRUE|https://lichess.org/training/yCw81
z1TJr|r1bq2k1/pppn1p2/4NnpQ/8/2BpN3/8/PPP2PP1/R3K3 b Q - 0 17|f7e6 c4e6|1161|78|88|254|kingsideAttack master mate mateIn1 middlegame oneMove|https://lichess.org/WUE0YSkZ/black#34|Queens_Pawn_Game Queens_Pawn_Game_Modern_Defense|TRUE|https://lichess.org/training/z1TJr
WgRdv|r4rk1/2p2ppp/p1np4/1p2p3/4P1nb/2PP1NNq/PPB2P2/R1BQR1K1 w - - 4 15|g3f5 h4f2|1163|85|92|1687|kingsideAttack mate mateIn1 middlegame oneMove|https://lichess.org/RcHkJdno#29|Ruy_Lopez Ruy_Lopez_Steinitz_Defense|TRUE|https://lichess.org/training/WgRdv
tpJIa|5rk1/1p6/2nP2Q1/1K1Np3/4Pp2/1B6/7P/1q6 b - - 10 48|g8h8 g6h6 h8g8 d5e7|1164|76|97|4255|doubleCheck endgame fork mate mateIn2 short|https://lichess.org/8GoEHil9/black#96||TRUE|https://lichess.org/training/tpJIa
4yyAD|Q7/1N1bk1b1/pR3p1p/2pP1PpP/2P1P1P1/P3q3/8/4K3 w - - 2 44|e1d1 d7a4 b6b3 a4b3|1165|77|92|2368|endgame mate mateIn2 short|https://lichess.org/JziOBCTh#87||TRUE|https://lichess.org/training/4yyAD
MqC22|8/R4pk1/4p1bp/3pN3/3P1Pn1/6q1/8/2Q2K2 w - - 0 43|e5g4 g6d3|1165|80|95|7599|endgame master mate mateIn1 oneMove|https://lichess.org/43Sq3FoI#85||TRUE|https://lichess.org/training/MqC22
pRxjz|4k3/1Q5b/4Np1p/1p1P2p1/6P1/1P2PPq1/8/6K1 w - - 6 49|g1f1 h7d3|1166|81|93|1156|endgame master mate mateIn1 oneMove|https://lichess.org/Wd4Xrns3#97||TRUE|https://lichess.org/training/pRxjz
PzUbZ|r2qk2r/pb1pn1bp/1p1Q1np1/4N3/2B1p3/2N1B3/PPP2PPP/2KR3R b kq - 2 12|e7f5 c4f7|1166|75|84|189|mate mateIn1 middlegame oneMove|https://lichess.org/zQexXcS5/black#24|Modern_Defense Modern_Defense_Other_variations|TRUE|https://lichess.org/training/PzUbZ
clCCQ|r4Bk1/pp3ppp/2p5/6b1/B3P3/3P1b1q/PPP4Q/R5RK w - - 6 23|g1g2 f3g2 h1g1 g5e3|1168|75|90|260|kingsideAttack mate mateIn2 middlegame short|https://lichess.org/Rk11xrl7#45||TRUE|https://lichess.org/training/clCCQ
qgQhc|6k1/pp6/2b1Q1p1/4p3/2p1q3/4B2P/PPP3PK/8 b - - 3 29|g8f8 e3h6|1168|76|97|2229|endgame mate mateIn1 oneMove|https://lichess.org/yivEHqwp/black#58||TRUE|https://lichess.org/training/qgQhc
sIjh4|6k1/5p1p/p5p1/3P4/2Q1rBnb/7q/PP3P2/3R2K1 w - - 0 25|c4e4 h4f2|1169|81|91|2079|endgame mate mateIn1 oneMove|https://lichess.org/7NP8wsnJ#49||TRUE|https://lichess.org/training/sIjh4
UcNfn|3rr3/pp1b1kbB/2p1pn1p/q5p1/2P5/2N1pPB1/PPQ4P/2KR3R b - - 5 26|e8h8 c2g6 f7f8 g3d6|1169|85|93|1874|mate mateIn2 middlegame short|https://lichess.org/jJNAdTj7/black#52||TRUE|https://lichess.org/training/UcNfn
PwBaO|r5k1/qp6/4Q2p/2P5/3P4/1n6/5P1P/1KB5 b - - 2 33|g8f8 c1h6|1170|78|95|6806|endgame master mate mateIn1 oneMove|https://lichess.org/z1ZrmYqY/black#66||TRUE|https://lichess.org/training/PwBaO
R7fXf|r2qk2r/4bP1p/b3Q1p1/p2p4/1p6/3B4/PPP2PPP/R1B3K1 b kq - 0 19|e8f8 c1h6|1170|78|94|1078|master masterVsMaster mate mateIn1 middlegame oneMove|https://lichess.org/D8Ysmj4I/black#38|Caro-Kann_Defense Caro-Kann_Defense_Gurgenidze_Counterattack|TRUE|https://lichess.org/training/R7fXf
wDhN2|7k/2p5/5p1p/2q5/4p1BQ/2N5/3r2PP/5K2 b - - 3 36|c5c3 h4h6 h8g8 g4e6|1170|82|93|1257|endgame mate mateIn2 short|https://lichess.org/jRAtUrQh/black#72||TRUE|https://lichess.org/training/wDhN2
BW6zK|Nn1k1b1r/pp1bp1pp/5p1n/2pPq3/7B/4PKN1/P1P2PPP/R2Q1B1R w - - 5 14|a1b1 d7g4|1171|76|96|290|mate mateIn1 oneMove opening|https://lichess.org/DCoRtUUC#27|Queens_Pawn_Game Queens_Pawn_Game_Levitsky_Attack|TRUE|https://lichess.org/training/BW6zK
IdNYb|4r1k1/5p2/p6Q/1p1b2pB/2p5/2P1q3/PP1r1RPP/5RK1 b - - 2 31|e8e6 h5f7|1172|76|100|516|kingsideAttack mate mateIn1 middlegame oneMove|https://lichess.org/v3rWaM8I/black#62||TRUE|https://lichess.org/training/IdNYb
RupAa|6k1/1B1Q1pp1/1p2p1p1/1N2P3/1bP2PP1/5K1P/8/7q w - - 6 44|f3g3 b4e1|1173|84|100|94|endgame mate mateIn1 oneMove|https://lichess.org/2pjxDfxh#87||TRUE|https://lichess.org/training/RupAa
3BXm8|rnb1k1nr/ppp2pp1/8/2b1q2p/8/2N2K2/PPPP2PP/R1BQ1BNR w kq - 0 11|d1e2 c8g4|1173|77|100|81|mate mateIn1 oneMove opening|https://lichess.org/3tFkUdoO#21|Elephant_Gambit Elephant_Gambit_Paulsen_Countergambit|TRUE|https://lichess.org/training/3BXm8
YjkSV|4b1k1/8/pP3Pp1/4p1QP/1P1p2P1/6q1/P7/2R3K1 w - - 1 41|g1f1 e8b5 c1c4 b5c4|1174|78|81|170|endgame mate mateIn2 short|https://lichess.org/n7TW5f1P#81||TRUE|https://lichess.org/training/YjkSV
VEB7w|5k2/1p5p/1qp1Q1p1/2b2p2/3p1B2/6P1/5P1P/6K1 b - - 1 45|b6d8 f4h6|1174|88|93|3670|endgame mate mateIn1 oneMove|https://lichess.org/qNDNRoyn/black#90||TRUE|https://lichess.org/training/VEB7w
dR5kL|r1b2rk1/p4ppp/8/1B2p3/1B1p4/4q1P1/PPP2K1P/R2Q3R w - - 2 17|f2f1 c8h3|1174|162|100|14|mate mateIn1 middlegame oneMove|https://lichess.org/N80ME8wj#33|Sicilian_Defense Sicilian_Defense_Lowenthal_Variation|TRUE|https://lichess.org/training/dR5kL
IQ5nh|r1b1kr2/pp3p1p/5Q2/4N3/1p1p4/4P3/q1PK1PPP/5B1R b q - 0 20|b4b3 f1b5 c8d7 b5d7|1175|75|100|169|mate mateIn2 middlegame short|https://lichess.org/tTfHE5pr/black#40||TRUE|https://lichess.org/training/IQ5nh
Y0aVC|2k5/p1p5/8/1p3b2/3P1p1q/2P2P2/7K/6RQ w - - 6 40|h2g2 h4g3 g2f1 f5d3|1175|77|93|3513|endgame mate mateIn2 short|https://lichess.org/ieuy2PnX#79||TRUE|https://lichess.org/training/Y0aVC
RL4yv|QR3bk1/2pN1rpp/2P2pb1/2Bp4/6P1/4PPqP/8/6K1 w - - 3 31|g1f1 g6d3|1175|84|91|245|mate mateIn1 middlegame oneMove|https://lichess.org/AnMvhEt7#61||TRUE|https://lichess.org/training/RL4yv
syD2I|1k5r/2pq3p/Qn3p2/4p3/1b1N4/3R2B1/5PPP/6K1 b - - 3 28|d7c8 d4c6|1175|226|63|17|master mate mateIn1 middlegame oneMove|https://lichess.org/TCXTusoa/black#56||FALSE|https://lichess.org/training/syD2I
mVXQx|r2qr1k1/ppp2p2/3b1n1Q/5bN1/2Bn4/2N4P/PP3PP1/R4RK1 b - - 1 14|d6f4 c4f7|1175|83|91|219|kingsideAttack mate mateIn1 middlegame oneMove|https://lichess.org/tiFnc9fx/black#28|French_Defense French_Defense_Knight_Variation|TRUE|https://lichess.org/training/mVXQx
03YMa|r1b1k2r/pp5p/2nQ2p1/q4pN1/4p3/1B2P3/Pb1P1PPP/RN2K2R b KQkq - 1 17|b2a1 b3f7|1175|81|100|62|mate mateIn1 middlegame oneMove|https://lichess.org/aCnlJCBQ/black#34|Zukertort_Opening Zukertort_Opening_Dutch_Variation|TRUE|https://lichess.org/training/03YMa
RwqY7|rn1k4/pbpp1p2/1p2p3/4P1q1/8/1B1P2Np/PPP4N/R2Q2K1 w - - 1 21|d1g4 g5e3 g1f1 b7g2|1175|75|96|2249|kingsideAttack mate mateIn2 middlegame short|https://lichess.org/TnddOPDo#41||TRUE|https://lichess.org/training/RwqY7
EvEWl|r1b2rk1/ppq2p2/2p1pQ2/6N1/3P4/2PB4/PP1b2PP/R5K1 b - - 0 16|c7f4 d3h7|1176|77|90|254|mate mateIn1 middlegame oneMove|https://lichess.org/vI4Bo7mx/black#32|Caro-Kann_Defense Caro-Kann_Defense_Other_variations|TRUE|https://lichess.org/training/EvEWl
RaDua|r1b2rk1/ppp2ppp/8/8/2PqP1n1/2N4P/PPQ1KbP1/R1B2B1R w - - 0 12|h3g4 c8g4|1176|77|74|188|mate mateIn1 oneMove opening|https://lichess.org/QSVZk3C1#23|Indian_Defense Indian_Defense_Budapest_Defense|TRUE|https://lichess.org/training/RaDua
nu5dU|r1bqrnk1/ppp2p2/2np1b1Q/6N1/2BPP1P1/2N4P/PPP3K1/R4R2 b - - 2 17|f6g5 c4f7|1176|75|92|669|kingsideAttack mate mateIn1 middlegame oneMove|https://lichess.org/3HW5Uojy/black#34|Kings_Gambit_Accepted Kings_Gambit_Accepted_Cunningham_Defense|TRUE|https://lichess.org/training/nu5dU
lwP1I|2k4r/8/Q3p2p/p2b1p2/P7/B1P1P2P/3K4/q7 b - - 1 30|c8b8 a3d6|1177|74|100|180|endgame mate mateIn1 oneMove|https://lichess.org/OiwMPQ8K/black#60||TRUE|https://lichess.org/training/lwP1I
g7uKL|r2q1nk1/pp1nb3/2p3pQ/4p3/4P1b1/2NB4/PPP3PP/R5K1 b - - 0 19|g4h5 d3c4 f8e6 c4e6|1177|88|86|99|kingsideAttack mate mateIn2 middlegame short|https://lichess.org/Gbhz50sf/black#38||TRUE|https://lichess.org/training/g7uKL
63eEP|8/p3Q3/Pbp5/3p1B2/1k3p2/7P/5qPK/8 b - - 2 44|b4a5 e7a3 a5b5 f5d3|1178|77|78|100|endgame mate mateIn2 short|https://lichess.org/cUejqL0y/black#88||TRUE|https://lichess.org/training/63eEP
x1P5P|2r2r2/p3qp2/1p4p1/3pPpk1/3B4/2P3PQ/PP5P/R3K3 b Q - 0 30|f8h8 d4e3 f5f4 e3f4|1178|77|83|222|endgame mate mateIn2 short|https://lichess.org/U1Jvmkjo/black#60||TRUE|https://lichess.org/training/x1P5P
gtpzi|1k1r3r/ppp2ppp/3b4/7P/8/1P1qnN1P/PB1N1P2/1R1QK2R w K - 0 17|f2e3 d6g3|1179|91|77|111|mate mateIn1 middlegame oneMove|https://lichess.org/I8hCAqoR#33|Englund_Gambit Englund_Gambit_Hartlaub-Charlick_Gambit|TRUE|https://lichess.org/training/gtpzi
RoG48|r2qr1k1/pbp1b3/1pnp1nNQ/4pp1P/2N5/3P2P1/PPP1PPB1/R5KR b - - 0 16|f6h7 g2d5|1179|77|64|86|mate mateIn1 middlegame oneMove|https://lichess.org/OaYOyFK3/black#32|Zukertort_Opening Zukertort_Opening_Queens_Gambit_Invitation|TRUE|https://lichess.org/training/RoG48
15sLq|r3kr2/ppp2p1p/3PbQ1p/8/8/3B4/q1P2PPP/4RK2 b q - 0 17|c7d6 d3b5|1180|75|100|414|mate mateIn1 middlegame oneMove|https://lichess.org/PkrY6LCF/black#34|Englund_Gambit Englund_Gambit_Main_Line|TRUE|https://lichess.org/training/15sLq
mpSv5|4k2r/3b1pp1/p6p/1pb1p3/2p1Nq2/2NP1P2/PPPK3P/R2Q3R w k - 4 21|d2e2 f4e3 e2f1 d7h3|1182|238|82|4|mate mateIn2 middlegame short|https://lichess.org/Xg6hsJC6#41||TRUE|https://lichess.org/training/mpSv5
9ms79|r1b3k1/1p3ppp/1p6/3p4/1P6/PQ1Bq1P1/7P/R2R2K1 w - - 0 21|g1f1 c8h3|1183|79|86|180|mate mateIn1 middlegame oneMove|https://lichess.org/n0EKDrcg#41||TRUE|https://lichess.org/training/9ms79
tepI4|2r2b1r/pk2q3/1pnp3p/1P2p1p1/8/Q5B1/P2N1PPP/2R2RK1 b - - 0 24|c6d4 a3a6 b7b8 c1c8|1184|80|93|2821|killBoxMate mate mateIn2 middlegame short|https://lichess.org/ovztYlTx/black#48||FALSE|https://lichess.org/training/tepI4
NrT05|2q2r2/7p/2B3n1/2Q1p3/2P5/1P6/1k4PP/R5K1 b - - 0 34|b2a1 c5a3 a1b1 c6e4|1184|74|96|12510|endgame mate mateIn2 short|https://lichess.org/QagVyTbM/black#68||TRUE|https://lichess.org/training/NrT05
ZfBVL|1r1q1b2/1b4k1/pp1pP2Q/7B/8/4B3/PPP3rP/R4K2 b - - 0 22|g7g8 h5f7|1184|75|94|4005|mate mateIn1 middlegame oneMove|https://lichess.org/bQFmf2Ql/black#44||TRUE|https://lichess.org/training/ZfBVL
cJ5K0|4kb2/6p1/3p2Qp/3Pp3/8/2B5/1PP1q3/2K5 b - - 1 53|e8e7 g6e6 e7d8 c3a5|1184|75|100|118|endgame mate mateIn2 short|https://lichess.org/737GMyDh/black#106||TRUE|https://lichess.org/training/cJ5K0
eYcpU|2k5/8/2Q5/p7/8/4B3/5P1K/rq6 b - - 8 49|c8d8 e3g5|1184|76|94|4285|endgame mate mateIn1 oneMove|https://lichess.org/5GJPOFLY/black#98||TRUE|https://lichess.org/training/eYcpU
GtLvr|5k2/8/Pn1Q2p1/8/5P2/3B2P1/1r3q2/7K b - - 2 46|f8e8 d3g6|1185|80|92|2092|endgame mate mateIn1 oneMove|https://lichess.org/ymGli0AX/black#92||TRUE|https://lichess.org/training/GtLvr
2IcBK|rnbqr1k1/pp2bp2/5n1Q/4N3/2B5/3P2PP/PPP2P2/R3K2R b KQ - 0 14|e7f8 c4f7|1185|77|94|903|kingsideAttack mate mateIn1 middlegame oneMove|https://lichess.org/Oaff60TD/black#28|Philidor_Defense Philidor_Defense_Other_variations|TRUE|https://lichess.org/training/2IcBK
JONin|r1bq3r/pp1npk1p/2p3pQ/6N1/7P/8/PbP2PP1/RN2KB1R b KQ - 1 13|f7g8 f1c4 e7e6 c4e6|1185|79|91|331|kingsideAttack mate mateIn2 opening short|https://lichess.org/PeyabmDR/black#26|Queens_Pawn_Game Queens_Pawn_Game_Other_variations|TRUE|https://lichess.org/training/JONin
tipS6|1Q3rk1/2Q2ppp/4b3/3p4/4p3/P3q1P1/7P/2R2nK1 w - - 7 34|g1f1 e6h3|1186|75|100|462|endgame mate mateIn1 oneMove|https://lichess.org/jJc4kiac#67||TRUE|https://lichess.org/training/tipS6
abR4r|rn1k3r/ppp1R2p/3p2p1/3N4/2Pb2n1/3B1N1q/PP3P2/R1BQ2K1 w - - 1 14|c1f4 d4f2|1187|78|79|221|kingsideAttack mate mateIn1 middlegame oneMove|https://lichess.org/mNUFC1IY#27|Zukertort_Opening Zukertort_Opening_Pirc_Invitation|TRUE|https://lichess.org/training/abR4r
oIFua|4r3/Q1p3kp/1N1b2p1/8/2B1PP2/1P3bPq/P1PP3P/R5K1 w - - 0 21|c4f1 d6c5 d2d4 c5d4|1187|76|92|1088|master mate mateIn2 middlegame short|https://lichess.org/Z5ht3MVM#41||TRUE|https://lichess.org/training/oIFua
6B6yW|4k3/2pp3R/b4Q2/8/4P3/qP3P2/P2n4/1K4R1 w - - 1 33|b1a1 d2b3 a1b1 a6d3|1188|74|97|2203|endgame mate mateIn2 pin short|https://lichess.org/BhWmflFS#65||TRUE|https://lichess.org/training/6B6yW
ap5f1|rn3rk1/pp3pp1/2p4p/2b1p2P/4n1bR/1BPq1PQ1/PP6/RNB1K1N1 w Q - 2 13|g3g4 c5f2|1188|80|79|453|mate mateIn1 middlegame oneMove|https://lichess.org/BpoH08cT#25|Bishops_Opening Bishops_Opening_Philidor_Variation|TRUE|https://lichess.org/training/ap5f1
TQQxx|r1b1r1k1/1pp2ppp/1p6/1P1Np3/1B2P3/3Pqn2/P3B2P/R2QK2R w - - 0 24|e1f1 c8h3|1188|79|93|583|mate mateIn1 middlegame oneMove|https://lichess.org/QcTw69g3#47||TRUE|https://lichess.org/training/TQQxx
fvJJV|4k3/2p4p/p2bQ3/1p6/1P2p1P1/P4P1K/2q4P/2B5 b - - 4 45|e8f8 c1h6|1188|77|65|582|endgame mate mateIn1 oneMove|https://lichess.org/bYzbErlW/black#90||TRUE|https://lichess.org/training/fvJJV
4laWw|4r3/p3p2p/b2p4/3Pk1p1/P1p3P1/2P1BQKP/2q5/8 b - - 6 42|c2g6 e3d4|1190|260|86|13|endgame master mate mateIn1 oneMove|https://lichess.org/wF137ufg/black#84||TRUE|https://lichess.org/training/4laWw
jaSrr|5k2/ppp4p/3qP3/3p2Q1/3P2P1/2N4P/PPb5/R5K1 w - - 2 29|c3d5 d6g3 g1f1 c2d3|1190|75|88|527|endgame mate mateIn2 short|https://lichess.org/D1Emj938#57||TRUE|https://lichess.org/training/jaSrr
MbHHn|2kr2nr/pp1b1ppp/2p5/4P3/3qB3/P2N1PP1/4Kb1P/RNBQ3R w - - 2 19|c1b2 d4e3 e2f1 d7h3|1190|75|98|450|mate mateIn2 opening short|https://lichess.org/Q7vO8o1g#37||TRUE|https://lichess.org/training/MbHHn
ynOv2|r1bq3r/pp1np1kp/3p2pQ/8/n3P3/5N2/P1P3PR/2K2B2 b - - 7 22|g7g8 f1c4 d6d5 c4d5 e7e6 d5e6|1191|76|95|157|kingsideAttack long mate mateIn3 middlegame|https://lichess.org/k10dxL2q/black#44||TRUE|https://lichess.org/training/ynOv2
R7Rrg|r1b1k2r/1p3ppp/p1nQ1n2/4N3/4P3/BB6/P1P1KPPP/7q b kq - 0 14|h1g2 b3f7|1193|75|99|610|attackingF2F7 mate mateIn1 middlegame oneMove|https://lichess.org/bNCrfmH5/black#28|Sicilian_Defense Sicilian_Defense_OKelly_Variation|TRUE|https://lichess.org/training/R7Rrg
8BENB|r5k1/3b4/2p3Q1/5P2/3P3P/p5B1/2q5/6K1 b - - 2 44|g8f8 g3d6|1193|78|52|62|endgame mate mateIn1 oneMove|https://lichess.org/Er4p5Uoy/black#88||TRUE|https://lichess.org/training/8BENB
1PE0f|3k1r2/5p1p/p2QnPp1/8/6P1/4q3/p1P4N/5B1K b - - 2 35|d8c8 f1a6|1193|76|96|116|endgame master mate mateIn1 oneMove|https://lichess.org/H2tGHtVx/black#70||TRUE|https://lichess.org/training/1PE0f
We9xf|5r2/4kpQ1/2Pbp1p1/pB1p2P1/Pq3PK1/4P3/7R/8 b - - 11 55|b4e4 g7f6 e7e8 c6c7|1196|77|98|1543|advancedPawn discoveredAttack endgame mate mateIn2 short|https://lichess.org/QqyJmbs2/black#110||TRUE|https://lichess.org/training/We9xf
C6rTS|r2qrnk1/1b2np2/p3p2Q/1p2P1NB/2pP4/2P5/1R3PPP/R5K1 b - - 4 22|e7f5 h5f7|1196|88|100|48|kingsideAttack master mate mateIn1 middlegame oneMove|https://lichess.org/wYDB7uMK/black#44||TRUE|https://lichess.org/training/C6rTS
sDzWk|8/1pp1k3/3b1p2/3p4/4n1Q1/4PqPP/Pp3P2/R1B1KR2 w Q - 0 21|c1b2 d6b4 b2c3 b4c3|1197|79|78|184|mate mateIn2 middlegame short|https://lichess.org/Lt3PDslU#41||TRUE|https://lichess.org/training/sDzWk
Q82Lw|3r2k1/pp5p/2n3NQ/5p2/8/1PP5/P3BK2/bq6 b - - 0 27|a1c3 e2c4 d8d5 c4d5|1197|79|85|297|mate mateIn2 middlegame short|https://lichess.org/EfbQXK74/black#54||TRUE|https://lichess.org/training/Q82Lw
PI5z4|8/p4k2/2bp4/6p1/4PpP1/2Q2Pq1/PB4K1/8 w - - 6 36|g2f1 c6b5 c3c4 b5c4|1197|77|75|1083|endgame master mate mateIn2 short|https://lichess.org/XdWSlz5h#71||TRUE|https://lichess.org/training/PI5z4
3QlZq|r4k1r/p1P2p2/2p4p/3P4/1b6/2N2Npq/PPPB1K2/R2Q3R w - - 0 19|f2g1 b4c5 f3d4 c5d4 d2e3 d4e3|1198|78|83|104|exposedKing kingsideAttack long mate mateIn3 middlegame|https://lichess.org/tgFPJVon#37||TRUE|https://lichess.org/training/3QlZq
NLJJZ|r1b2rk1/ppp2ppp/3b4/8/8/1P1qnN1P/PB1N1PP1/1R1QK2R w K - 0 14|f2e3 d6g3|1198|76|77|119|mate mateIn1 oneMove opening|https://lichess.org/ux38EmTp#27|Englund_Gambit Englund_Gambit_Other_variations|TRUE|https://lichess.org/training/NLJJZ
G4ydO|1k1r3r/2pbq2p/Q1n1pp1n/1N1p4/8/4P1B1/PPP2PPP/R3K2R b KQ - 2 15|e7c5 g3c7|1198|74|99|728|mate mateIn1 middlegame oneMove queensideAttack|https://lichess.org/oy19ZNKn/black#30|Queens_Pawn_Game Queens_Pawn_Game_Accelerated_London_System|TRUE|https://lichess.org/training/G4ydO
i0IcL|5k2/pb5p/1p3Qp1/3p4/7P/2KB4/q5P1/8 b - - 3 41|f8e8 d3b5 b7c6 b5c6|1199|76|90|1954|endgame mate mateIn2 short|https://lichess.org/Ymg7DOK3/black#82||TRUE|https://lichess.org/training/i0IcL
ItMhY|Q7/p5bk/1p4pp/PB6/4p2P/2P1PqPP/P7/4K3 w - - 4 32|a5b6 g7c3|1199|77|90|894|endgame mate mateIn1 oneMove|https://lichess.org/8QIkMTyk#63||TRUE|https://lichess.org/training/ItMhY
x9VUn|2b4k/p5pp/6n1/2p5/2B1P3/1QP1q2P/P7/1R4K1 w - - 2 29|g1f1 c8h3|1199|76|100|754|endgame mate mateIn1 oneMove|https://lichess.org/x4UHbNDE#57||TRUE|https://lichess.org/training/x9VUn
2SYSW|4kb2/5p2/4pQ2/1q6/1p2P3/1B6/P4PK1/8 b - - 13 52|b5c5 b3a4 c5b5 a4b5|1200|120|50|23|endgame master mate mateIn2 short|https://lichess.org/sCKfAT7D/black#104||TRUE|https://lichess.org/training/2SYSW
0w2Ru|4b1k1/R3Q1pp/4p3/8/1P2p3/2P3qP/7N/3R2K1 w - - 0 31|g1f1 e8b5 c3c4 b5c4 d1d3 c4d3|1201|80|93|737|endgame exposedKing long mate mateIn3|https://lichess.org/eLCgjXH4#61||TRUE|https://lichess.org/training/0w2Ru
NMHiG|5rk1/p1p3p1/1p1p3p/2PPp1b1/PP2Q3/5P1q/2R1N3/R5K1 w - - 0 24|e4g4 g5e3|1201|96|69|89|mate mateIn1 middlegame oneMove|https://lichess.org/eOCNzZLO#47||TRUE|https://lichess.org/training/NMHiG
18A3S|6k1/pp6/4Q2p/b2pP3/3Pq3/1Pr1B3/P6P/6K1 b - - 0 40|g8f8 e3h6|1202|89|100|34|endgame mate mateIn1 oneMove|https://lichess.org/FXRJLzGv/black#80||TRUE|https://lichess.org/training/18A3S
iDCwO|Q7/5p2/2k2B2/1p1pPq2/2nP2p1/2P3Pp/7P/6K1 b - - 2 39|c6b6 f6d8|1202|74|100|274|endgame master mate mateIn1 oneMove|https://lichess.org/3fDaFhEf/black#78||TRUE|https://lichess.org/training/iDCwO
H3aD8|r5k1/p1p3p1/1p1b3p/n7/3P2n1/2NQBq1P/PP3P2/2R2RK1 w - - 0 18|d3e4 d6h2|1202|76|100|291|mate mateIn1 middlegame oneMove|https://lichess.org/tVwRDQaf#35|Queens_Gambit_Declined Queens_Gambit_Declined_Marshall_Defense|TRUE|https://lichess.org/training/H3aD8
oIXEI|r4rk1/2p2ppp/p1np4/1p2p3/4P1nb/1BPP1NNq/PP3P2/R1BQR1K1 w - - 4 15|g3f5 h4f2|1203|78|93|177|kingsideAttack mate mateIn1 middlegame oneMove|https://lichess.org/qPp5UKyh#29|Ruy_Lopez Ruy_Lopez_Morphy_Defense|TRUE|https://lichess.org/training/oIXEI
nbRxv|r1b1r1k1/2qnbp2/2pp1n1Q/p3p1N1/4P3/1BN5/PPP2PPP/R4RK1 b - - 2 14|e7f8 b3f7|1204|75|100|136|kingsideAttack mate mateIn1 middlegame oneMove|https://lichess.org/nGjoL9fP/black#28|Caro-Kann_Defense Caro-Kann_Defense_Hillbilly_Attack|TRUE|https://lichess.org/training/nbRxv
OVaz7|r5k1/ppp4p/4Q3/2b1p3/4P3/2Nq4/PP4PP/n1B4K b - - 2 19|g8f8 c1h6|1206|75|97|1674|mate mateIn1 middlegame oneMove|https://lichess.org/nkuoBipJ/black#38||TRUE|https://lichess.org/training/OVaz7
DJ3AL|6k1/5p1p/4p1pb/pp1pPb2/6P1/1P2q2P/PQ1N4/2R4K w - - 0 27|g4f5 e3h3 h1g1 h6e3|1206|79|94|6518|endgame mate mateIn2 short|https://lichess.org/PO1dBcOA#53||TRUE|https://lichess.org/training/DJ3AL
HDwTZ|rn4k1/1p1b2pp/1qp3p1/4P3/pP3r2/P1N2NP1/4Kb1P/R2Q3R w - - 0 19|g3f4 b6e3 e2f1 d7h3|1206|81|90|1831|fork mate mateIn2 middlegame short|https://lichess.org/igQz5Adm#37|Kings_Gambit_Accepted Kings_Gambit_Accepted_Kings_Knights_Gambit|TRUE|https://lichess.org/training/HDwTZ
5QbBa|2b3k1/Q4p1p/6p1/8/N2pP3/1P2qrP1/P1P3P1/R4K2 w - - 0 27|g2f3 c8h3|1206|75|99|941|endgame mate mateIn1 oneMove|https://lichess.org/lFEjoDOY#53||TRUE|https://lichess.org/training/5QbBa
iy4iC|7k/pQ6/6pp/3Bb3/4P1P1/5q1P/P7/5K2 w - - 2 32|f1e1 e5c3|1207|77|93|957|endgame mate mateIn1 oneMove|https://lichess.org/r9CI0YLa#63||TRUE|https://lichess.org/training/iy4iC
ILV6e|r2q1R2/ppp3k1/4Q1p1/2bn3p/8/2P5/PP4PP/RNB4K b - - 2 19|g7f8 c1h6|1207|111|88|136|mate mateIn1 middlegame oneMove|https://lichess.org/XKqGbE2Y/black#38||TRUE|https://lichess.org/training/ILV6e
hNudT|1k5r/2p5/Q1p5/4p1b1/N3P3/3P2qP/PPP3P1/R6K w - - 1 26|a4c5 h8h3 g2h3 g3h3 h1g1 g5e3|1208|82|73|154|endgame long mate mateIn3 sacrifice|https://lichess.org/GyROLEEA#51||TRUE|https://lichess.org/training/hNudT
pq3RX|5k2/8/1p2b1Q1/4b2B/8/2N3Pq/PP5K/8 w - - 5 40|h2g1 e5d4|1210|76|83|502|endgame mate mateIn1 oneMove|https://lichess.org/qe1GzRFB#79||TRUE|https://lichess.org/training/pq3RX
sboT7|6k1/5ppp/3Q1b2/4p3/1Pq1P3/2N5/1PP2PPP/r3K2R w K - 1 20|e1d2 f6g5 f2f4 g5f4|1213|76|90|928|endgame mate mateIn2 short|https://lichess.org/Lqa9YlO5#39||TRUE|https://lichess.org/training/sboT7
WUuGe|6r1/p3kp2/2p4B/b3P2P/8/7q/PP4Q1/R5K1 w - - 3 35|g2g8 a5b6 h6e3 b6e3|1213|74|98|2788|endgame mate mateIn2 short|https://lichess.org/cL9rnqQ8#69||TRUE|https://lichess.org/training/WUuGe
YFZ5w|rn5k/ppp1B2p/3p2p1/7n/2B2b2/7q/PPPN3N/R2Q3K w - - 0 18|d2f3 h5g3 h1g1 f4e3|1213|75|74|222|kingsideAttack mate mateIn2 middlegame short|https://lichess.org/ePGsi8yg#35|Modern_Defense Modern_Defense_Other_variations|TRUE|https://lichess.org/training/YFZ5w
26mxX|3r2k1/pp3p2/2p2pRQ/q7/3P4/2P4B/PP5P/2K5 b - - 0 30|f7g6 h3e6|1214|78|100|415|endgame master mate mateIn1 oneMove|https://lichess.org/Kt19EQMc/black#60||TRUE|https://lichess.org/training/26mxX
prOgG|7k/1p6/p1npP1Qp/2p5/P1Bb3q/4N2r/1P4P1/R6K w - - 0 28|g2h3 h4h3 h1g1 d4e3|1214|78|100|78|fork mate mateIn2 middlegame short|https://lichess.org/9QoAhOsv#55||TRUE|https://lichess.org/training/prOgG
wEMmV|r1b1r1k1/pp3pPp/4p3/2b1n3/8/2NB2Pq/PPP4P/R1BQ2KR w - - 3 16|c1e3 c5e3|1215|107|43|56|hangingPiece kingsideAttack mate mateIn1 middlegame oneMove|https://lichess.org/GiPbkdoq#31|Queens_Pawn_Game Queens_Pawn_Game_Other_variations|TRUE|https://lichess.org/training/wEMmV
FpWr8|r2qk2r/pp1b1ppp/3Q4/4p1N1/1PB1P1n1/P1b5/2P2PPP/R1B2RK1 b kq - 0 13|c3a1 c4f7|1215|76|100|207|attackingF2F7 mate mateIn1 middlegame oneMove|https://lichess.org/81hOVUxG/black#26|Indian_Defense Indian_Defense_Pawn_Push_Variation|TRUE|https://lichess.org/training/FpWr8
MvlMR|3q2k1/1p1bb2p/p5PQ/4p3/3P4/7P/PP6/5BK1 b - - 0 24|h7g6 f1c4 d7e6 c4e6|1216|78|88|1789|endgame mate mateIn2 short|https://lichess.org/GXokya7n/black#48||TRUE|https://lichess.org/training/MvlMR
JQDzU|8/p1p3pk/1bP3rp/6r1/PP1NQ3/2P4q/5PP1/4RRK1 w - - 1 27|e1e3 g5g2 e4g2 g6g2|1217|75|92|436|kingsideAttack mate mateIn2 middlegame short|https://lichess.org/UpxqT0Yc#53||FALSE|https://lichess.org/training/JQDzU
aPIrK|r6k/7p/pbp3Q1/8/1P6/Pq6/6P1/3K2RR w - - 2 29|d1c1 b6e3|1218|75|86|251|endgame mate mateIn1 oneMove|https://lichess.org/WnX5ekOo#57||TRUE|https://lichess.org/training/aPIrK
Xr7wL|r3r1k1/pp3p2/2p3bR/6Q1/3P2P1/5Bq1/PP6/R4K2 w - - 1 29|g5f6 g6d3 f3e2 d3e2|1218|79|91|393|master mate mateIn2 middlegame short|https://lichess.org/m3CZCkVR#57||TRUE|https://lichess.org/training/Xr7wL
yemhy|2r3k1/8/pqrbpp1Q/1p1N1b2/3P4/PB6/1PP2PPP/R5K1 b - - 0 25|e6d5 b3d5 f5e6 d5e6|1224|77|94|144|fork mate mateIn2 middlegame short|https://lichess.org/xqHNODGH/black#50||TRUE|https://lichess.org/training/yemhy
9MwPL|1k4r1/8/p2Q4/3p2q1/P6p/2P4P/5Pp1/5BK1 b - - 3 40|b8c8 f1a6|1224|79|90|3148|endgame mate mateIn1 oneMove|https://lichess.org/F9sEcAza/black#80||TRUE|https://lichess.org/training/9MwPL
9wdmq|2bq3r/p3kppp/5n2/2bP4/5K2/5P2/PP2Q1PP/RNr2B1R b - - 4 18|e7d6 e2e5 d6d7 f1b5|1225|76|94|579|mate mateIn2 middlegame short|https://lichess.org/xZor5A5o/black#36|Queens_Pawn_Game Queens_Pawn_Game_Colle_System|TRUE|https://lichess.org/training/9wdmq
JiTei|Q6K/pppk1p2/3pb1qB/8/3P4/2P3n1/PP5P/RN4R1 w - - 5 25|g1g3 g6h6 h8g8 f7f6|1229|75|94|2297|discoveredAttack hangingPiece mate mateIn2 middlegame short|https://lichess.org/MH26UUvY#49||TRUE|https://lichess.org/training/JiTei
ORbM1|6k1/2B5/6Q1/8/2pPpK2/5n2/5q2/8 b - - 6 50|g8f8 c7d6|1230|77|94|423|endgame mate mateIn1 oneMove|https://lichess.org/kWOKAJc8/black#100||TRUE|https://lichess.org/training/ORbM1
dCROP|r1bqkb1r/ppN1pppp/8/4Q3/6n1/8/2PP1PPP/R1B1KB1R b KQkq - 4 12|e8d7 f1b5|1230|76|97|6963|master mate mateIn1 oneMove opening|https://lichess.org/jotumlVv/black#24|Sicilian_Defense Sicilian_Defense_Mengarini_Variation|TRUE|https://lichess.org/training/dCROP
6hScA|6Q1/5N2/1pk1P3/p1p2b2/P1P2qPP/1P6/7K/8 w - - 3 56|h2g1 f4g3 g1f1 f5d3|1233|136|100|17|endgame master mate mateIn2 short|https://lichess.org/ZRmeNYrA#111||TRUE|https://lichess.org/training/6hScA
RWGBy|r1bq2r1/1p1nk1b1/p1n1p1Qp/3NP1p1/8/3B2BP/PPP2PP1/R3K2R b KQ - 0 16|e6d5 g6d6 e7e8 d3g6|1234|75|87|484|master mate mateIn2 middlegame short|https://lichess.org/7A3M3rFg/black#32|Sicilian_Defense Sicilian_Defense_Najdorf_Variation|TRUE|https://lichess.org/training/RWGBy
obbvn|b1nk1b1r/6pp/3pQpq1/3Pp3/Bp6/3nB3/3NKPPP/7R b - - 7 27|c8b6 e3b6|1234|81|100|108|hangingPiece mate mateIn1 middlegame oneMove|https://lichess.org/zG2OdEpp/black#54||TRUE|https://lichess.org/training/obbvn
cYquw|B1R5/p4kbp/3B4/2Pp2p1/Q3p3/2P1Pq2/P6P/5K2 w - - 1 32|f1e1 g7c3|1234|79|89|359|endgame mate mateIn1 oneMove|https://lichess.org/RnuVIfxF#63||TRUE|https://lichess.org/training/cYquw
9NBXh|r3k1B1/ppp3p1/3b2Np/5p2/3nn3/2P1Bq2/PP3P1P/R3KQ2 w Qq - 0 19|c3d4 d6b4 e3d2 b4d2|1235|77|64|299|mate mateIn2 middlegame short|https://lichess.org/IvCZYPTG#37|French_Defense French_Defense_Tarrasch_Variation|TRUE|https://lichess.org/training/9NBXh
Y6XVg|1k6/pB6/2Q1p2b/2p5/2P4p/1P2q1rP/P5P1/3R2K1 w - - 0 26|g1h1 g3h3 g2h3 e3h3 h1g1 h6e3|1236|74|96|2950|endgame long mate mateIn3 sacrifice|https://lichess.org/odImkNRN#51||TRUE|https://lichess.org/training/Y6XVg
z0Rv5|r4rk1/pQp2ppp/8/3N4/1P1b3q/3n4/P2PNPPP/1RB2K1R w - - 1 15|g2g3 h4h3 f1g1 d4f2|1237|99|65|29|mate mateIn2 middlegame short|https://lichess.org/LryUHCho#29|Scandinavian_Defense Scandinavian_Defense_Modern_Variation|TRUE|https://lichess.org/training/z0Rv5
swVgW|R3Q3/1pkr2pp/1bp2p2/1Pp5/4P3/7q/1B6/R6K w - - 0 35|h1g1 c5c4 b2d4 b6d4|1239|76|84|1113|discoveredAttack mate mateIn2 middlegame short|https://lichess.org/5xHhk6tP#69||TRUE|https://lichess.org/training/swVgW
wiuC9|8/1pp2k2/1p1pQ1pp/3P1p2/rPq4P/P5PK/8/2B5 b - - 1 37|f7f8 c1h6|1239|77|92|131|endgame mate mateIn1 oneMove|https://lichess.org/5UDhY0wk/black#74||TRUE|https://lichess.org/training/wiuC9
YUuNn|5k2/6bQ/p3p1r1/1p4P1/6qP/8/PP4B1/R3R2K w - - 0 35|h7g6 g4h4 g2h3 h4h3 h1g1 g7d4 e1e3 d4e3|1239|102|79|76|endgame exposedKing master mate mateIn4 veryLong|https://lichess.org/vmrbI2qd#69||TRUE|https://lichess.org/training/YUuNn
POcS6|8/1kp2p2/3p4/1p2p3/1P2P3/1qP2PR1/3Qb3/K3n3 w - - 0 45|d2e1 b3a3 a1b1 e2d3|1240|75|87|103|endgame mate mateIn2 short|https://lichess.org/tABRC2m8#89||TRUE|https://lichess.org/training/POcS6
IWLwO|r7/1kp4p/3p1Q2/2b5/5Bn1/3P2Pq/PP2PPbP/RN2R1K1 w - - 2 18|f6h4 c5f2|1240|109|50|45|kingsideAttack mate mateIn1 middlegame oneMove|https://lichess.org/Myf1GYMc#35|English_Opening English_Opening_Jaenisch_Gambit|FALSE|https://lichess.org/training/IWLwO
4Qn56|5k1n/6pp/4Qb2/1q5P/5BP1/pP6/P7/K6R w - - 1 32|a1b1 b5d3 b1c1 f6b2|1241|75|84|158|endgame mate mateIn2 short|https://lichess.org/OnqmB2su#63||TRUE|https://lichess.org/training/4Qn56
Rn0t5|b3kr2/5p1R/4pQp1/3pP1P1/2p5/1pq1P3/4KPP1/3B4 b - - 0 29|b3b2 d1a4 a8c6 a4c6|1242|103|64|52|endgame mate mateIn2 short|https://lichess.org/BrddWP5v/black#58||TRUE|https://lichess.org/training/Rn0t5
Mn2km|4k2r/p4r2/2p2pQ1/1p3P2/1P5q/P7/2P2PPB/4R1K1 b - - 4 32|e8f8 h2d6 f7e7 d6e7|1242|76|65|200|endgame mate mateIn2 short|https://lichess.org/zKJFRrgf/black#64||TRUE|https://lichess.org/training/Mn2km
ljy3G|1k1r3r/1q3pp1/Q1p1p2p/2Pp4/1R1P4/4B3/P4PPP/6K1 b - - 0 27|b7b4 e3f4 e6e5 f4e5 d8d6 e5d6|1244|177|58|17|endgame exposedKing long mate mateIn3 queensideAttack|https://lichess.org/vafxKoOI/black#54||TRUE|https://lichess.org/training/ljy3G
8mJEj|8/1p4kp/2p3p1/2PpN3/p2P3b/P2KPQ1P/1P6/1q6 w - - 13 43|d3c3 h4e1|1244|285|82|4|endgame master mate mateIn1 oneMove|https://lichess.org/Cp07kZCx#85||TRUE|https://lichess.org/training/8mJEj
FZoE8|r2q1k1r/1b2p2p/p1p1PpB1/1pP5/8/4nN2/P3KPPP/2Q4R b - - 2 18|e3d5 c1h6 f8g8 g6f7|1244|75|97|499|mate mateIn2 middlegame short|https://lichess.org/KEZr6KiQ/black#36|St_George_Defense St_George_Defense_Other_variations|TRUE|https://lichess.org/training/FZoE8
ygutH|4rkr1/pBp5/5n2/5Q2/8/5K1P/P1P2P2/4R1q1 b - - 10 32|e8e1 f5f6 f8e8 b7c6|1246|76|97|10144|endgame hangingPiece mate mateIn2 short|https://lichess.org/1Xvt1LrK/black#64||TRUE|https://lichess.org/training/ygutH
XgbnY|2krr2n/3b1p2/p1pQ4/2pN1P2/4P3/8/PPPqB1PP/R5K1 b - - 1 23|c6d5 e2a6|1247|77|90|2791|mate mateIn1 middlegame oneMove queensideAttack|https://lichess.org/vCYCPuh9/black#46||TRUE|https://lichess.org/training/XgbnY
AV07Z|r1bqr1k1/1pp2p2/p1n2b1Q/4p1N1/2B2n1P/2PP4/PPN2PP1/R3K2R b KQ - 2 14|c8f5 c4f7|1247|75|98|2680|kingsideAttack mate mateIn1 middlegame oneMove|https://lichess.org/XPAT4yLC/black#28|Italian_Game Italian_Game_Anti-Fried_Liver_Defense|TRUE|https://lichess.org/training/AV07Z
gUxT8|5k2/7p/2b1Q1p1/p2pP3/2qPP2b/2P5/P6P/2B3K1 b - - 3 26|c6b5 c1h6|1248|75|100|324|endgame mate mateIn1 oneMove|https://lichess.org/FZPCDTbP/black#52||TRUE|https://lichess.org/training/gUxT8
7k0SO|6k1/ppb2pp1/2pq1pb1/8/P2P2P1/2P1rN2/1P3PK1/R6Q w - - 0 24|f2e3 d6g3 g2f1 g6d3|1248|76|93|292|endgame mate mateIn2 short|https://lichess.org/btj8JOCn#47||TRUE|https://lichess.org/training/7k0SO
NVtgK|Q7/5p2/2k1bB2/pp6/3P3P/2K5/P3q3/8 b - - 5 45|c6b6 f6d8|1248|87|88|152|endgame mate mateIn1 oneMove|https://lichess.org/ggoL5bFk/black#90||TRUE|https://lichess.org/training/NVtgK
bAqbN|r2q1k1r/ppp4p/3pQ1pn/n1b1p2B/3PP3/2P2P2/PP3P1P/RNB2RK1 b - - 0 11|e5d4 c1h6|1252|144|38|10|hangingPiece mate mateIn1 middlegame oneMove|https://lichess.org/4cTKpK0P/black#22|Italian_Game Italian_Game_Classical_Variation|TRUE|https://lichess.org/training/bAqbN
MwxbE|6k1/6b1/p7/1p3p1Q/1B5P/6q1/P2p4/3R3K w - - 0 45|b4d2 g3h3 h1g1 g7d4 d2e3 d4e3|1253|80|94|9830|endgame exposedKing long mate mateIn3|https://lichess.org/UzxjDz1G#89||TRUE|https://lichess.org/training/MwxbE
M3GbY|r1b5/1p4kp/3Q2p1/p3p3/PnP5/1P2qr2/4B1PP/3RK2R w K - 0 20|g2f3 b4c2 e1f1 c8h3|1254|75|98|2555|mate mateIn2 middlegame short|https://lichess.org/dn7hCs6v#39||TRUE|https://lichess.org/training/M3GbY
AqFPK|8/4k2p/1p6/p2p1Q2/P2P2B1/1P1KP1b1/8/1q6 w - - 8 46|d3c3 g3e1|1254|78|100|287|endgame master mate mateIn1 oneMove|https://lichess.org/IFfYlSLU#91||TRUE|https://lichess.org/training/AqFPK
fcmyL|5r2/p4k2/1p3Q2/3pPp2/1P1q1P2/P7/6P1/n4B1K b - - 5 39|f7e8 f1b5|1256|80|100|57|endgame mate mateIn1 oneMove|https://lichess.org/a7roewpR/black#78||TRUE|https://lichess.org/training/fcmyL
TXFAl|r1bq3r/4pp1p/1n2k1p1/p1pnQ3/1p4P1/3B1N1P/PPP1NP2/R3K2R b KQ - 1 17|e6d7 d3b5|1259|80|74|161|mate mateIn1 middlegame oneMove|https://lichess.org/WsM6W6jG/black#34|Pirc_Defense Pirc_Defense_Classical_Variation|TRUE|https://lichess.org/training/TXFAl
C3TZf|r1b2rk1/pp3ppp/8/3pP3/3Nn3/1P2q1P1/PB2B2P/2RQ1K1R w - - 0 20|d1e1 c8h3|1259|79|91|367|mate mateIn1 oneMove opening|https://lichess.org/EEpf2k4i#39||TRUE|https://lichess.org/training/C3TZf
OUzSo|8/5Q2/8/2P2b2/7k/6q1/PP6/R5K1 w - - 0 43|g1f1 f5d3|1260|76|88|1080|endgame mate mateIn1 oneMove|https://lichess.org/dmM7aGIz#85||TRUE|https://lichess.org/training/OUzSo
HxwSm|3k4/8/p2Q4/Pp1Pp3/1Pp1Bb2/2P1q3/1K6/8 b - - 0 56|d8e8 e4g6|1261|78|90|991|endgame master mate mateIn1 oneMove|https://lichess.org/CpK36OBE/black#112||TRUE|https://lichess.org/training/HxwSm
Ktddo|8/pp5k/2p1p1pQ/6P1/8/1B6/P4P1K/r1q5 b - - 4 47|h7g8 b3e6|1262|77|91|1015|endgame mate mateIn1 oneMove|https://lichess.org/Z7eIJVIV/black#94||TRUE|https://lichess.org/training/Ktddo
6gJ8O|7k/ppq3nB/4b2Q/6p1/3Pp1P1/6rP/PP6/R4NKR w - - 2 28|f1g3 c7g3 g1f1 e6c4|1263|77|94|250|mate mateIn2 middlegame short|https://lichess.org/1KaA8wo9#55||TRUE|https://lichess.org/training/6gJ8O
4h8TH|1r1q3k/1B1n2p1/p3Q2N/4Pp2/3b4/2Np3P/PP4PK/8 b - - 0 28|g7h6 e6h6 h8g8 b7d5|1263|75|87|144|mate mateIn2 middlegame short|https://lichess.org/WW3Md7zb/black#56||TRUE|https://lichess.org/training/4h8TH
auqFe|rnb1k1nr/ppp2p1p/3p3b/8/2BPP1p1/2N2P1q/PPPN3P/R1BQ1K1R w kq - 1 10|f1g1 h6e3|1267|78|100|104|mate mateIn1 oneMove opening|https://lichess.org/DepY6Kq7#19|Kings_Gambit_Accepted Kings_Gambit_Accepted_Bishops_Gambit|TRUE|https://lichess.org/training/auqFe
pMtO4|2kr3r/ppp2ppp/5nb1/8/1n6/q1N1PNPP/2PBQPB1/1K1R3R w - - 2 16|e2c4 g6c2|1267|75|100|161|mate mateIn1 middlegame oneMove queensideAttack|https://lichess.org/dB4yWuwu#31|Englund_Gambit Englund_Gambit_Hartlaub-Charlick_Gambit|TRUE|https://lichess.org/training/pMtO4
rLG15|4b1k1/5p2/p3B1Q1/3pP3/3P4/8/q1r4P/4BnK1 b - - 0 38|g8f8 e1b4 c2c5 b4c5|1268|77|69|61|mate mateIn2 middlegame short|https://lichess.org/2ziHipEj/black#76||TRUE|https://lichess.org/training/rLG15
HYcr2|8/6pk/5p1p/P2Q2b1/2p3P1/2P1q2P/8/R6K w - - 11 47|a5a6 e3h3 h1g1 g5e3|1269|75|100|859|endgame mate mateIn2 short|https://lichess.org/phhI5U68#93||TRUE|https://lichess.org/training/HYcr2
nDF6H|3r3k/pp3Qpp/2pR4/4p1b1/P3P3/1PN2Pqr/2P3P1/3R3K w - - 0 26|g2h3 g3h3 h1g1 g5e3|1270|75|92|736|kingsideAttack mate mateIn2 middlegame short|https://lichess.org/rDcJ384b#51||TRUE|https://lichess.org/training/nDF6H
Rnj6d|8/4k1r1/3bppq1/3p3p/Q2P3P/5N2/P5P1/R4KR1 w - - 3 31|a1c1 g6d3 f1e1 d6g3|1272|85|93|5387|mate mateIn2 middlegame short|https://lichess.org/57gU4njV#61||TRUE|https://lichess.org/training/Rnj6d
hbNaP|r4r2/1pp2pR1/3pBq1k/p1b1p3/P3P1Q1/2NP3P/1PP2P2/3K4 b - - 2 20|f6g7 g4h4 h6g6 e6f5|1273|76|92|161|mate mateIn2 middlegame short|https://lichess.org/r4L9xRWP/black#40||TRUE|https://lichess.org/training/hbNaP
MfJWQ|5r2/1p3k1p/2p4Q/8/1P1B4/P3Pq1P/5P2/5K2 b - - 2 37|f7e8 h6e6 e8d8 d4b6|1275|74|93|2346|endgame mate mateIn2 short|https://lichess.org/mLRIm9IF/black#74||TRUE|https://lichess.org/training/MfJWQ
EWpYK|2k5/pppb4/3b2Q1/8/4P3/6Pq/PPPP3K/RNB5 w - - 0 21|h2g1 d6c5 d2d4 c5d4 c1e3 d4e3|1276|82|63|84|exposedKing long mate mateIn3 middlegame|https://lichess.org/LgxER8as#41||TRUE|https://lichess.org/training/EWpYK
kvMf1|r1bq1knr/1p2b2p/p3PpBB/3p3Q/3n3N/8/PP3PPP/R4RK1 b - - 2 16|g8h6 h5h6 f8g8 g6f7|1276|77|95|15791|mate mateIn2 middlegame short|https://lichess.org/guNOZL9P/black#32|Sicilian_Defense Sicilian_Defense_Smith-Morra_Gambit_Declined|TRUE|https://lichess.org/training/kvMf1
0TwGG|r3k2r/p2b2p1/2B1pp1p/2Q5/2PP4/P3q3/1P5P/R2K3R w kq - 1 22|c6a8 d7a4 b2b3 a4b3|1277|77|90|1147|mate mateIn2 middlegame short|https://lichess.org/PdsjKK98#43||TRUE|https://lichess.org/training/0TwGG
3mzk7|r3r1k1/pp3p1p/6b1/5p2/2Bp2P1/2qP3P/P1P2P2/1RQK3R w - - 0 21|g4f5 g6h5 f2f3 h5f3|1279|75|91|3530|mate mateIn2 middlegame short|https://lichess.org/9yssK5Al#41||TRUE|https://lichess.org/training/3mzk7
qBkog|r3k2r/ppp2pp1/1b2bn1p/8/4P3/3NqPP1/PPPNK2P/R1BQ3R w kq - 3 14|e2f1 e6h3|1280|76|94|1739|mate mateIn1 middlegame oneMove|https://lichess.org/OlXiWd0P#27|Mieses_Opening Mieses_Opening_Other_variations|TRUE|https://lichess.org/training/qBkog
Yi8sc|3k4/6p1/3Q1b2/3P4/2pq4/2p4P/6PK/1B6 b - - 7 43|d8e8 b1g6|1281|77|91|2309|endgame mate mateIn1 oneMove|https://lichess.org/GUwG8YKu/black#86||TRUE|https://lichess.org/training/Yi8sc
yEkt6|6k1/p7/1p4Q1/8/4pB2/3b2PP/qP5K/8 b - - 2 40|g8f8 f4d6|1282|78|94|7502|endgame mate mateIn1 oneMove|https://lichess.org/DOFBjY73/black#80||TRUE|https://lichess.org/training/yEkt6
UWrDj|r1R1bkq1/6p1/1n2p1Qp/p2pBp2/3P4/1P1BP2P/3R1PP1/6K1 b - - 0 29|a8c8 e5d6|1286|78|90|3236|mate mateIn1 middlegame oneMove|https://lichess.org/vf0cU7QL/black#58||TRUE|https://lichess.org/training/UWrDj
JOctW|6k1/8/1Bb3Q1/4ppP1/p3q3/K3P3/7p/8 b - - 0 44|g8f8 b6c5|1286|76|97|7533|endgame mate mateIn1 oneMove|https://lichess.org/MWqcLuB1/black#88||TRUE|https://lichess.org/training/JOctW
KHvX9|r4rk1/pp1n1ppp/3b4/3p2B1/5PQ1/P1NB2nq/1PP4N/R3R2K w - - 3 18|h1g1 d6c5 e1e3 c5e3|1289|80|100|169|kingsideAttack mate mateIn2 middlegame short|https://lichess.org/Wp9FdbFl#35|French_Defense French_Defense_Exchange_Variation|TRUE|https://lichess.org/training/KHvX9
X0ccr|8/ppb2p1k/7p/3Q4/3p2b1/P2PqP2/BPP1K3/R7 w - - 1 34|e2f1 g4h3|1291|75|100|286|endgame mate mateIn1 oneMove|https://lichess.org/VBQpFNVt#67||TRUE|https://lichess.org/training/X0ccr
L6uWk|r1bqkb1r/pp1pn1pp/3Q1n2/4p1N1/2B1p3/8/PPP2PPP/RNB1K2R b KQkq - 2 8|e7g6 c4f7|1291|85|67|54|mate mateIn1 oneMove opening|https://lichess.org/ZfmWJKwy/black#16|Scotch_Game Scotch_Game_Other_variations|TRUE|https://lichess.org/training/L6uWk
bfFsq|3rk2r/p4ppp/b1p1p3/2b5/2P1n2B/3q1N2/PP1N1PPP/2RQK2R w Kk - 1 13|h4d8 c5f2|1292|76|78|131|attackingF2F7 master mate mateIn1 middlegame oneMove|https://lichess.org/RrAZ7f2M#25|Queens_Pawn_Game Queens_Pawn_Game_Levitsky_Attack|TRUE|https://lichess.org/training/bfFsq
mDg3w|2Q2b1r/4kqpp/2p5/2p5/5N2/2B1P3/7P/6K1 b - - 1 24|f7e8 c8e6 e7d8 c3a5|1293|76|93|1095|endgame mate mateIn2 short|https://lichess.org/rf0xeWap/black#48||TRUE|https://lichess.org/training/mDg3w
835gZ|6k1/5pp1/7p/2p3b1/8/NP2q2b/P1P1N1P1/3Q3K w - - 0 31|g2h3 e3h3 h1g1 g5e3|1293|79|94|3515|endgame mate mateIn2 short|https://lichess.org/DNkuVUVt#61||TRUE|https://lichess.org/training/835gZ
Mx20u|5r2/1p1qk1b1/p2p3p/2pQn1p1/P1PP4/4B2P/1P4P1/4R1K1 b - - 0 23|e5d3 e3g5|1294|110|41|36|doubleCheck mate mateIn1 middlegame oneMove|https://lichess.org/R9TtG07L/black#46||TRUE|https://lichess.org/training/Mx20u
SpaaB|r3b3/6k1/2pQP3/1p6/1P3B2/pBqP4/P4P2/2K5 w - - 0 37|c1d1 e8h5 f2f3 h5f3|1295|76|93|1724|endgame master mate mateIn2 short|https://lichess.org/lElHmxXC#73||TRUE|https://lichess.org/training/SpaaB
iLcLD|8/2QN2pk/5p1p/2Pb4/8/4q3/7P/4KR2 w - - 6 47|e1d1 d5b3|1297|77|62|89|endgame mate mateIn1 oneMove|https://lichess.org/chSCLtSK#93||TRUE|https://lichess.org/training/iLcLD
PUuIu|N5k1/R6p/1p4p1/1P4Qb/5P2/R1b3nP/6PK/7q w - - 9 44|h2g3 c3e1|1298|75|94|1770|mate mateIn1 middlegame oneMove|https://lichess.org/j2GtiOhz#87||TRUE|https://lichess.org/training/PUuIu
dNTrb|k1B5/1p1Q3p/p5p1/2PPb3/1P6/P4q1P/8/5K2 w - - 2 41|f1e1 e5c3|1298|77|86|632|endgame mate mateIn1 oneMove|https://lichess.org/aT1SHKCj#81||TRUE|https://lichess.org/training/dNTrb
dmFqZ|5rk1/3p2p1/p2b4/1p2p1NQ/8/P1rqB3/1P3PPP/2KR4 w - - 0 27|b2c3 d6a3|1298|77|67|200|mate mateIn1 middlegame oneMove queensideAttack|https://lichess.org/5lx3nfan#53||TRUE|https://lichess.org/training/dmFqZ
zuGxJ|r4rk1/pQ2bpp1/2p1p1p1/3n4/3PN3/1PPq1P2/P2B2PP/2KR3R w - - 1 19|d2f4 e7a3|1301|81|87|466|mate mateIn1 middlegame oneMove|https://lichess.org/AYFv4s6a#37||TRUE|https://lichess.org/training/zuGxJ
zbaUe|3q3k/6p1/7p/1pp5/3b2B1/1P5P/P2Q2K1/8 b - - 1 36|g7g6 d2h6 h8g8 g4e6|1301|81|94|773|endgame mate mateIn2 short|https://lichess.org/7dwEtDMA/black#72||TRUE|https://lichess.org/training/zbaUe
H8arX|r1bqkb1r/p1N1pppp/1p6/2pPQ3/6n1/2P5/PP3PPP/R3KBNR b KQkq - 2 11|e8d7 f1b5|1302|74|95|5229|mate mateIn1 oneMove opening|https://lichess.org/1PdvMq40/black#22|Sicilian_Defense Sicilian_Defense_Alapin_Variation|TRUE|https://lichess.org/training/H8arX
xsMk6|8/p1pk2pp/3bpp2/6B1/6n1/2NP2Pq/PPP2P1P/R4RKQ w - - 0 21|f2f3 d6c5 d3d4 c5d4 g5e3 d4e3 f1f2 e3f2|1302|74|96|20492|kingsideAttack mate mateIn4 middlegame veryLong|https://lichess.org/RUN2tcVL#41||TRUE|https://lichess.org/training/xsMk6
tI2g2|8/3k1p2/2pQb3/p1Pp4/q2Pp1P1/7P/4B3/6K1 b - - 1 41|d7c8 e2a6|1302|78|86|1463|endgame master mate mateIn1 oneMove|https://lichess.org/8kEMw9JT/black#82||TRUE|https://lichess.org/training/tI2g2
Xq8nZ|5rk1/1pp3p1/1b1p3p/3Pp3/1PP5/5Bnq/5P2/R1BQR1K1 w - - 0 26|f3g2 b6f2|1303|120|33|28|kingsideAttack mate mateIn1 middlegame oneMove|https://lichess.org/IO1KO5xT#51||TRUE|https://lichess.org/training/Xq8nZ
nqZkU|r1bqk1nr/ppN1b1pp/5p2/3pQ3/1P6/P1P5/5PPP/RN2KB1R b KQkq - 1 14|e8d7 f1b5|1303|77|94|10458|mate mateIn1 oneMove opening|https://lichess.org/RGYzO7om/black#28|French_Defense French_Defense_Advance_Variation|TRUE|https://lichess.org/training/nqZkU
naUXj|rnb3k1/pp3Bq1/6Q1/8/8/4P3/P3KPP1/2B5 b - - 0 21|g8f8 c1a3|1304|85|50|66|mate mateIn1 middlegame oneMove|https://lichess.org/apCVU5of/black#42||TRUE|https://lichess.org/training/naUXj
fRGAj|r7/1pp3pk/7p/p2Q3P/1b1r4/1P1q2P1/P1NP4/2KR1R2 w - - 0 25|c2d4 b4a3|1304|75|97|2797|mate mateIn1 middlegame oneMove|https://lichess.org/G9OvgucR#49||TRUE|https://lichess.org/training/fRGAj
1GMPy|2r3k1/6p1/p3Q2p/5p2/3P1P2/2r2Bq1/P2K2P1/7R b - - 0 30|g8h8 h1h6 g7h6 e6h6 h8g8 f3d5|1304|75|95|24804|endgame long mate mateIn3 sacrifice|https://lichess.org/0aNbQ8DU/black#60||TRUE|https://lichess.org/training/1GMPy
NVI1a|r4k2/p1p1pB1p/1pn1Q1p1/8/2N5/2P5/PP1BKP2/R5qb b - - 5 17|g1a1 d2h6|1305|82|83|477|mate mateIn1 middlegame oneMove|https://lichess.org/J2pDFP2t/black#34|Modern_Defense Modern_Defense_Other_variations|TRUE|https://lichess.org/training/NVI1a
jFeCP|6k1/1R3p1p/p3pbp1/8/2Q2P2/3qr2P/P5P1/1R5K w - - 4 28|c4c7 e3h3 g2h3 d3h3 h1g1 f6d4|1306|79|92|2553|endgame long mate mateIn3 sacrifice|https://lichess.org/cnKjtxOY#55||TRUE|https://lichess.org/training/jFeCP
O81W8|4Q3/6Rp/4p2k/p3p3/4Pb1q/2P4P/PP4P1/7K w - - 1 38|g2g3 h4h3 h1g1 f4e3|1307|74|96|1251|endgame mate mateIn2 short|https://lichess.org/jMpaminT#75||TRUE|https://lichess.org/training/O81W8
gbou2|r4rk1/2p2p2/pqnpbB1p/1p2p3/4Pp2/2PP1N2/PPB2K1P/R2Q3R w - - 4 20|f2e2 b6e3 e2f1 e6h3|1308|79|92|3578|mate mateIn2 middlegame short|https://lichess.org/1MDRxIdY#39||TRUE|https://lichess.org/training/gbou2
RbT9m|r1b2rk1/pp2ppb1/2p3pp/4P2n/4N1PP/3Bq3/PPP2p1B/1R1Q1K1R w - - 2 16|g4h5 c8h3|1308|75|96|398|mate mateIn1 oneMove opening|https://lichess.org/Zarz7QQD#31|Richter-Veresov_Attack Richter-Veresov_Attack_Two_Knights_System|TRUE|https://lichess.org/training/RbT9m
Irarv|r2qr1k1/1b1nbp2/p2pNn1Q/7P/1p2P3/1BN2P2/PPP3P1/2KR3R b - - 0 16|f7e6 b3e6|1309|163|85|88|kingsideAttack mate mateIn1 middlegame oneMove|https://lichess.org/2P0jzq0e/black#32|Sicilian_Defense Sicilian_Defense_Najdorf_Variation|TRUE|https://lichess.org/training/Irarv
no23S|rq3b1r/pp2nppp/4pk2/4n3/4QB1P/8/PP3PP1/R4RK1 b - - 0 16|e7g6 f4g5|1312|74|69|333|mate mateIn1 middlegame oneMove|https://lichess.org/mmsikUqx/black#32|Sicilian_Defense Sicilian_Defense_Smith-Morra_Gambit|TRUE|https://lichess.org/training/no23S
faC2u|r3kr2/pb3p2/2p1pQ2/2bPP3/1p6/1B6/Pq2NPPP/3R1K2 b q - 0 21|c6d5 b3a4 b7c6 a4c6|1312|75|81|221|mate mateIn2 middlegame short|https://lichess.org/wMqtNAJR/black#42||TRUE|https://lichess.org/training/faC2u
XiXTo|r5k1/p1p2ppp/1np5/5b2/1bPqr3/5PB1/PPQ1K1PP/3R1B1R w - - 0 18|f3e4 f5g4|1315|86|100|67|mate mateIn1 middlegame oneMove|https://lichess.org/QzlzvyCV#35|Scotch_Game Scotch_Game_Schmidt_Variation|TRUE|https://lichess.org/training/XiXTo
iEJ5u|2kr3r/p2b2pp/nppQppqn/2P5/1P6/2B3N1/P4PPP/2KR1B1R b - - 0 15|h6f7 f1a6|1315|96|80|92|hangingPiece mate mateIn1 middlegame oneMove queensideAttack|https://lichess.org/fSY3s8mi/black#30|Semi-Slav_Defense Semi-Slav_Defense_Marshall_Gambit|TRUE|https://lichess.org/training/iEJ5u
pOuMx|r2qr1k1/ppp1bp2/5npQ/5bN1/2BP3B/P1N5/1P3PPP/n3R1K1 b - - 1 18|e7f8 c4f7|1315|76|93|151|kingsideAttack mate mateIn1 middlegame oneMove|https://lichess.org/RVpEeqwq/black#36|French_Defense French_Defense_Exchange_Variation|TRUE|https://lichess.org/training/pOuMx
L219E|3Q4/1b3N1k/p3pPp1/1p4Pp/5B1P/2qP4/8/2K5 w - - 9 42|c1d1 b7f3|1317|108|73|77|endgame mate mateIn1 oneMove|https://lichess.org/F8AVpYA2#83||TRUE|https://lichess.org/training/L219E
4Wzf3|4r3/1b3p1k/pp3R2/2q2p1p/P4Q2/2N1R3/BPP3rP/5K2 b - - 0 29|e8e3 f4h6 h7g8 a2f7|1318|77|95|10158|mate mateIn2 middlegame short|https://lichess.org/Znrwc8E0/black#58||TRUE|https://lichess.org/training/4Wzf3
OQ8Z5|8/kp3b1p/2p5/p3P3/8/QPq5/P5PP/3K3R w - - 0 31|a3c1 f7h5 g2g4 h5g4|1318|80|83|79|endgame mate mateIn2 short|https://lichess.org/q433L4aT#61||TRUE|https://lichess.org/training/OQ8Z5
UaoxL|r2r1k2/1p6/p3p1Q1/3pP3/7q/2B4P/P4PP1/1Bb3K1 b - - 1 27|h4h6 c3b4 d8d6 b4d6|1319|75|89|344|mate mateIn2 middlegame short|https://lichess.org/LBkdmuFD/black#54||TRUE|https://lichess.org/training/UaoxL
6ZSmM|r1bq3k/ppp2r2/2n2RBQ/3p4/3P4/8/PPPb2PP/R5K1 b - - 1 21|h8g8 g6f7|1320|75|71|404|kingsideAttack mate mateIn1 middlegame oneMove|https://lichess.org/vXVHmrd2/black#42||TRUE|https://lichess.org/training/6ZSmM
VIzfP|1b1k4/1Q6/8/2pB4/2Pp4/3q1P1P/P7/5K2 w - - 5 44|f1e1 b8g3|1324|123|38|54|endgame mate mateIn1 oneMove|https://lichess.org/VCkrhktF#87||TRUE|https://lichess.org/training/VIzfP
b5yj1|1q6/6pk/3K2bp/2PP4/5Q2/6P1/5B2/8 w - - 1 54|d6c6 g6e8|1324|79|93|1174|endgame master mate mateIn1 oneMove|https://lichess.org/JxdIKOdz#107||TRUE|https://lichess.org/training/b5yj1
tFACU|r1b5/2Q5/p1p3pk/3p4/5P2/2N1q3/PPP4P/3R1K2 w - - 2 32|c7e5 c8h3|1325|76|82|338|endgame mate mateIn1 oneMove|https://lichess.org/VEBjysr9#63||TRUE|https://lichess.org/training/tFACU
3177B|5k2/8/5Qpp/2P5/8/3pq1rP/6B1/7K b - - 3 60|f8e8 g2c6|1325|76|99|1420|endgame mate mateIn1 oneMove|https://lichess.org/x79NyCH2/black#120||TRUE|https://lichess.org/training/3177B
6OUEg|3k1b1r/6pn/p1b1Qp2/Rp1PP2p/2p2P2/3n1qP1/1P3B1P/5RK1 b - - 0 27|c6d5 f2b6|1328|75|92|1371|mate mateIn1 middlegame oneMove|https://lichess.org/KB89mAT2/black#54||TRUE|https://lichess.org/training/6OUEg
2mdhQ|r1bq2kr/pppn3p/7Q/3pp1p1/1b1PN3/2N1P3/PP3PPP/2R1KB1R b K - 0 13|d5e4 f1c4|1329|77|89|612|master mate mateIn1 oneMove opening|https://lichess.org/3XD9VVn7/black#26|Queens_Gambit_Declined Queens_Gambit_Declined_Exchange_Variation|TRUE|https://lichess.org/training/2mdhQ
OBbkV|r3r1k1/ppn2p2/5K1Q/8/5P2/P1Pb1Pq1/BP6/RNB5 b - - 2 34|a8d8 a2f7|1329|75|97|1266|kingsideAttack mate mateIn1 middlegame oneMove|https://lichess.org/0bh9ggCF/black#68||TRUE|https://lichess.org/training/OBbkV
1TqUd|1k3r1r/p5p1/3Q3p/3pP2P/3P1P1q/1P5b/P7/5BK1 b - - 1 32|b8c8 f1a6|1330|99|68|135|endgame mate mateIn1 oneMove|https://lichess.org/pLRklawa/black#64||TRUE|https://lichess.org/training/1TqUd
kdaBD|1r5k/8/p4p1p/1p3P2/3RB1PQ/4bK2/PP6/6q1 b - - 6 35|e3d4 h4h6 h8g8 e4d5|1330|75|81|813|endgame mate mateIn2 short|https://lichess.org/Wujrgmvy/black#70||TRUE|https://lichess.org/training/kdaBD
DJ8Fj|r2q2kr/pp1bnp1p/2nN3Q/7B/3p4/6Pp/PPP1PP1P/2KR3R b - - 5 18|e7f5 h5f7|1330|75|100|219|kingsideAttack mate mateIn1 middlegame oneMove|https://lichess.org/IA3NkvRO/black#36|Hungarian_Opening Hungarian_Opening_Other_variations|TRUE|https://lichess.org/training/DJ8Fj
Zf3Nf|6k1/8/4p1Q1/1qr4p/5B1P/4P2K/8/8 b - - 0 43|g8f8 f4d6|1330|75|97|7242|endgame master mate mateIn1 oneMove|https://lichess.org/tCqgXUrW/black#86||TRUE|https://lichess.org/training/Zf3Nf
BkPG5|r1b1r3/pppkb1pp/4Q3/3N2q1/1PBp4/P5B1/5PPP/n2KR3 b - - 10 18|d7d8 g3c7|1333|76|91|1411|mate mateIn1 middlegame oneMove|https://lichess.org/WIvWpHUh/black#36|Italian_Game Italian_Game_Two_Knights_Defense|TRUE|https://lichess.org/training/BkPG5
p4EiN|r1b1k1nr/ppp3pp/8/3B4/8/2N1qnP1/PPP1N2P/R2QK2R w KQkq - 4 14|e1f1 c8h3|1335|79|89|129|mate mateIn1 oneMove opening|https://lichess.org/DYviRsWV#27|Italian_Game Italian_Game_Rousseau_Gambit|TRUE|https://lichess.org/training/p4EiN
q6mOX|Q7/1pk1b1p1/p7/3pPbP1/1P1B4/P2q3P/8/R5KR w - - 2 30|a8a7 d3g3 g1f1 f5d3|1336|75|91|1799|mate mateIn2 middlegame short|https://lichess.org/EArRGcr0#59||TRUE|https://lichess.org/training/q6mOX
VoqKm|6rq/p2b2kp/1p2p3/1P2P1pQ/P3B1P1/4P3/1B4K1/8 b - - 0 36|h7h6 h5g6 g7f8 b2a3|1338|78|93|4206|endgame mate mateIn2 short|https://lichess.org/wgdcAlQT/black#72||TRUE|https://lichess.org/training/VoqKm
3Dh0V|r3r1k1/1p3pp1/8/p1bB2Rp/P4Bn1/2NP3q/1PP2P2/R2Q2K1 w - - 1 18|d5b7 c5f2|1339|75|97|14548|kingsideAttack mate mateIn1 middlegame oneMove|https://lichess.org/4iUKuZ4c#35|Petrovs_Defense Petrovs_Defense_Three_Knights_Game|TRUE|https://lichess.org/training/3Dh0V
vFpZW|8/5k2/4pQ1p/4P3/4B3/2p3PP/qr4PK/8 b - - 5 49|f7e8 e4c6|1340|76|94|133|endgame mate mateIn1 oneMove|https://lichess.org/7oSOOZhL/black#98||TRUE|https://lichess.org/training/vFpZW
OYM0R|8/p1q1r1pp/3k4/1Bp5/N2bpQ2/7P/P6K/5R2 b - - 1 35|d4e5 f1d1 d6e6 b5c4|1341|79|94|8039|mate mateIn2 middlegame short|https://lichess.org/vOd5J52U/black#70||TRUE|https://lichess.org/training/OYM0R
zeDR7|r3kr2/pBpb1pQp/1p1p2p1/8/8/1P2qP2/PBP4P/R3K2R w KQq - 0 16|e1f1 d7h3|1342|75|91|1400|mate mateIn1 middlegame oneMove|https://lichess.org/ZK8p13Fe#31|Englund_Gambit_Complex Englund_Gambit_Complex_Englund_Gambit|TRUE|https://lichess.org/training/zeDR7
XgaD6|r3k3/2p4p/1p2Q1p1/1N1pP3/1b1Pp3/2P5/PP4PK/R1B1qr2 b q - 8 27|e8f8 c1h6|1342|95|71|55|mate mateIn1 middlegame oneMove|https://lichess.org/1M1jpiVi/black#54||TRUE|https://lichess.org/training/XgaD6
EUUnS|1r5r/1pp1kp1p/2n2p2/p1b1p3/4P1Q1/1PPq3P/P2N1PP1/2KR2NR w - - 4 15|g4f3 c5a3|1342|76|77|216|mate mateIn1 middlegame oneMove|https://lichess.org/RUyeZcKv#29|Kings_Pawn_Game Kings_Pawn_Game_Napoleon_Attack|TRUE|https://lichess.org/training/EUUnS
n6tj7|r1b4Q/ppp1kp1p/2n5/2bpp3/2B1P3/2qP3N/P5PP/R1BK3R w - - 1 13|e4d5 c8g4|1344|78|68|105|mate mateIn1 middlegame oneMove|https://lichess.org/DaRZonIv#25|Vienna_Game Vienna_Game_Stanley_Variation|TRUE|https://lichess.org/training/n6tj7
bCORF|1r3rk1/5p2/5QBn/2p1P1N1/p2p2q1/P3n1p1/1P1R4/6K1 b - - 0 37|e3d5 g6h7|1344|206|41|68|master mate mateIn1 middlegame oneMove|https://lichess.org/YyrZsQ1w/black#74||TRUE|https://lichess.org/training/bCORF
ZT76O|6k1/7r/2p1Q3/p2pP3/1p1P1B2/8/P1P1KRr1/7q b - - 1 43|g8f8 f4h6|1344|76|93|1315|doubleCheck endgame mate mateIn1 oneMove|https://lichess.org/BdrQ0Ar2/black#86||TRUE|https://lichess.org/training/ZT76O
HLMBm|2krr3/2p2ppp/1pp2n2/4N2q/3P1Bb1/3Q4/PPP2KPP/R6R b - - 0 17|f6d5 d3a6 c8b8 e5c6|1345|80|77|70|mate mateIn2 middlegame queensideAttack short|https://lichess.org/qyiRkh8w/black#34|Vienna_Gambit_with_Max_Lange_Defense Vienna_Gambit_with_Max_Lange_Defense_Steinitz_Gambit|FALSE|https://lichess.org/training/HLMBm
6TGIK|6k1/1p1bpp1p/pPr5/P1Pp2p1/3p4/3Pq1P1/1QR1P1BP/4RK2 w - - 3 28|b2c1 c6f6 g2f3 d7h3|1346|75|97|23889|mate mateIn2 middlegame pin short|https://lichess.org/hU2M4UZ2#55||TRUE|https://lichess.org/training/6TGIK
abjk6|4k3/1p6/p3Q3/2p5/3p4/1rnP1B1P/bq3PP1/4K3 b - - 1 37|e8d8 e6d6 d8e8 f3h5|1346|90|60|75|endgame mate mateIn2 short|https://lichess.org/hS14hlj6/black#74||TRUE|https://lichess.org/training/abjk6
9fYJC|4QR2/5p1k/2Bp2p1/3Pb2p/2P4P/5q2/8/5K2 w - - 2 51|f1e1 e5c3|1346|80|100|90|endgame mate mateIn1 oneMove|https://lichess.org/6XV6xJjv#101||TRUE|https://lichess.org/training/9fYJC
dpPIt|r1b5/ppq1n2k/1bp1pQ2/4n1N1/3P4/2PB4/PP4PP/R5K1 b - - 2 22|h7g8 d3h7|1346|76|88|412|mate mateIn1 middlegame oneMove|https://lichess.org/elhKJRVb/black#44||TRUE|https://lichess.org/training/dpPIt
R4e0Z|r2q1knr/pppbb2p/2n1p1BB/3pN2Q/3P4/2N5/PPP2PPP/R3K2R b KQ - 2 10|g8h6 h5h6 f8g8 g6f7|1346|75|95|2672|mate mateIn2 middlegame short|https://lichess.org/3dh4xhyL/black#20|French_Defense French_Defense_Advance_Variation|TRUE|https://lichess.org/training/R4e0Z
Y6AIy|4kb2/8/4Q3/2pp2P1/8/P7/6q1/3KB3 b - - 0 37|e8d8 e1a5|1351|79|69|122|endgame mate mateIn1 oneMove|https://lichess.org/RgT8ZDzE/black#74||TRUE|https://lichess.org/training/Y6AIy
HByFW|7r/pp3k2/3b1ppB/3p2P1/6nQ/2P2q2/PP3P1P/4RRK1 w - - 1 24|h2h3 d6h2|1353|111|50|28|mate mateIn1 middlegame oneMove|https://lichess.org/czH5RTA9#47||TRUE|https://lichess.org/training/HByFW
mScnX|r1bq1knr/ppp1b2p/6BB/3pN2Q/3n4/8/PP3PPP/RN2K2R b KQ - 2 11|g8h6 h5h6 f8g8 g6f7|1353|76|85|551|mate mateIn2 opening short|https://lichess.org/GxuZzkgb/black#22|French_Defense French_Defense_Advance_Variation|TRUE|https://lichess.org/training/mScnX
EtUZN|2k3rr/ppp4p/3p1p2/2bBp3/3nN3/3P1QNq/PPP2P2/R4RK1 w - - 4 16|f3g2 d4e2 g3e2 g8g2|1356|78|95|15978|kingsideAttack mate mateIn2 middlegame short|https://lichess.org/4A71ii42#31|Vienna_Game Vienna_Game_Max_Lange_Defense|FALSE|https://lichess.org/training/EtUZN
mH15t|2b2k1r/5ppp/2Qb4/1N1P4/2K4q/8/PP3nPP/R1B4R w - - 3 18|c4b3 h4b4 b3c2 c8f5|1357|78|70|459|mate mateIn2 middlegame short|https://lichess.org/dM58UULr#35|Queens_Gambit_Declined Queens_Gambit_Declined_Austrian_Defense|TRUE|https://lichess.org/training/mH15t
8Iwis|2r4k/6b1/pp2P1Qn/3q3B/3B2PP/2P5/1K6/8 b - - 2 39|g7d4 g6h6 h8g8 h5f7|1357|74|91|551|endgame hangingPiece master mate mateIn2 short|https://lichess.org/SEnPly8v/black#78||TRUE|https://lichess.org/training/8Iwis
kDR7u|r1b1qb1r/ppp1k2p/2n5/3Q4/3Pp3/4B2B/PPP2P1P/R3K1NR b KQ - 0 13|c8h3 e3g5|1359|74|96|1829|mate mateIn1 oneMove opening|https://lichess.org/L6nkycAn/black#26|Van_Geet_Opening Van_Geet_Opening_Other_variations|TRUE|https://lichess.org/training/kDR7u
mRtYQ|1k6/pp1q1pQ1/2p5/3p4/3P1b2/2P2N2/PP2P1K1/7r w - - 0 29|g2h1 d7h3 h1g1 f4e3|1359|74|78|830|endgame mate mateIn2 short|https://lichess.org/mxG7kDM5#57||TRUE|https://lichess.org/training/mRtYQ
yvuF6|3k3r/Bpp3pp/3RQ3/4p1q1/8/P7/1P3PPP/nK6 b - - 0 24|c7d6 a7b6|1361|74|78|304|endgame mate mateIn1 oneMove|https://lichess.org/4bXR7eQB/black#48||TRUE|https://lichess.org/training/yvuF6
ViNE0|r5r1/pR3pkp/2p1bq1P/3p4/5Q2/5B2/P4PP1/5K1R b - - 0 28|g7g6 f3h5|1361|78|92|4986|master mate mateIn1 middlegame oneMove|https://lichess.org/EFbK9GG2/black#56||TRUE|https://lichess.org/training/ViNE0
H8wli|r2q3r/pb3pp1/1pnbNk2/2p5/3PQ2P/2P5/PP3PP1/R1B2RK1 b - - 0 16|c6d4 c1g5|1361|79|91|1770|mate mateIn1 middlegame oneMove|https://lichess.org/8P2Tfbdn/black#32|Yusupov-Rubinstein_System Yusupov-Rubinstein_System_Other_variations|TRUE|https://lichess.org/training/H8wli
zoOzv|2k3rr/p2p3p/1pBQ2p1/2n2p2/2P2P2/P1B1P1PN/1P3K2/q7 b - - 0 21|d7c6 d6c6 c8d8 c3f6|1362|76|92|2261|mate mateIn2 middlegame queensideAttack short|https://lichess.org/62MX3QTS/black#42||TRUE|https://lichess.org/training/zoOzv
EP0pn|rr4k1/p7/4p1Q1/Bn6/8/1P3q1P/P4P2/K7 b - - 0 32|g8f8 a5b4 b5d6 b4d6|1363|75|85|198|endgame mate mateIn2 short|https://lichess.org/nREomTPO/black#64||TRUE|https://lichess.org/training/EP0pn
HRp4L|r2q1knr/pp1bb2p/2n1p1BB/3pN2Q/3p4/2P5/PP3PPP/RN2R1K1 b - - 2 12|g8h6 h5h6 f8g8 g6f7|1364|76|96|27089|mate mateIn2 opening short|https://lichess.org/p3X2O1Ou/black#24|French_Defense French_Defense_Advance_Variation|TRUE|https://lichess.org/training/HRp4L
TdoBj|5qrk/pp3N1b/2p5/b2p2pQ/3P4/P3P1BP/1P6/6K1 b - - 3 34|h8g7 g3e5|1365|76|91|2722|master mate mateIn1 middlegame oneMove|https://lichess.org/Sgu7ACZu/black#68||TRUE|https://lichess.org/training/TdoBj
mfgIb|1r2kb1r/p4p1p/1n2pQp1/8/3P1B2/1B6/PP1KNq2/R6b b k - 1 17|b6d5 b3a4 b8b5 a4b5|1365|100|91|27|mate mateIn2 middlegame short|https://lichess.org/eUUysH7I/black#34|Alekhine_Defense Alekhine_Defense_OSullivan_Gambit|TRUE|https://lichess.org/training/mfgIb
Cttwn|5r1k/p4pp1/1p5p/5Q2/4B1R1/Pq3P1P/5b2/1K5R w - - 2 28|b1c1 f2e3|1368|77|97|6227|mate mateIn1 middlegame oneMove|https://lichess.org/yzGCB4tz#55||TRUE|https://lichess.org/training/Cttwn
Cv9vy|2BQ4/R5nk/8/2P4p/3p4/Pb3Pq1/1B6/6K1 w - - 0 38|g1f1 b3c4|1370|80|68|87|master mate mateIn1 middlegame oneMove|https://lichess.org/0mZqecbd#75||TRUE|https://lichess.org/training/Cv9vy
yXBuv|8/1P1b2p1/BQ2p2p/3p1PkP/3P4/3Nq3/8/4K3 w - - 2 43|e1d1 d7a4 b6b3 a4b3|1370|76|79|159|endgame mate mateIn2 short|https://lichess.org/PVhEmtUz#85||TRUE|https://lichess.org/training/yXBuv
TLak8|Q1R5/6pk/6bp/1p1p4/1P1P4/P4PqP/8/6K1 w - - 1 50|g1f1 g6d3|1370|87|100|162|endgame mate mateIn1 oneMove|https://lichess.org/KQulA1na#99||TRUE|https://lichess.org/training/TLak8
M9bkj|6k1/pp4p1/n1p3Qp/2q1pr1P/4P3/1PN2P2/bP6/2K2B1R w - - 0 23|g6f5 c5e3 c1c2 a6b4 c2d1 a2b3|1371|76|96|11963|deflection long mate mateIn3 middlegame queensideAttack|https://lichess.org/8lL1e0fb#45||TRUE|https://lichess.org/training/M9bkj
rOPv7|Q7/2k5/8/2pQ4/2P5/1P2p1qP/7K/4b3 w - - 0 57|h2h1 g3h3 h1g1 e1f2|1373|74|97|7510|endgame mate mateIn2 short|https://lichess.org/SAmvPcHd#113||TRUE|https://lichess.org/training/rOPv7
olpiz|r3k2r/pp5p/2nQ4/4p3/K1B1P1b1/4q3/PPP3PP/R4R2 b kq - 4 20|a8d8 c4f7|1375|75|89|389|mate mateIn1 middlegame oneMove|https://lichess.org/PcQzNWGo/black#40||TRUE|https://lichess.org/training/olpiz
oLiAB|5k2/8/P4Q1p/8/4B1p1/q3b2P/8/7K b - - 2 42|f8e8 e4c6|1379|76|92|1044|endgame mate mateIn1 oneMove|https://lichess.org/9cEtGIvo/black#84||TRUE|https://lichess.org/training/oLiAB
FMUei|2r3k1/pQ3ppp/4p1b1/4b1Pn/N1P5/qP1P3P/P2B1P2/2KR3R w - - 3 22|c1b1 g6d3|1379|76|94|1197|mate mateIn1 middlegame oneMove queensideAttack|https://lichess.org/T2fbOigq#43||TRUE|https://lichess.org/training/FMUei
baGNr|rnb1k2r/ppppn2p/3N2B1/7Q/3Pp3/8/PPPK1PqP/RN6 b - - 5 13|e8f8 h5h6 f8g8 g6f7|1380|78|70|162|mate mateIn2 middlegame short|https://lichess.org/kIMTU09D/black#26|Latvian_Gambit Latvian_Gambit_Mayet_Attack|TRUE|https://lichess.org/training/baGNr
O3dHY|rn2k1nr/ppp2ppp/8/2b1P3/2P3b1/4qNP1/PP1NB2P/R1BQ1K1R w kq - 4 11|d1e1 g4h3|1381|78|87|637|mate mateIn1 oneMove opening|https://lichess.org/VJfAzxvv#21|Queens_Gambit_Declined Queens_Gambit_Declined_Albin_Countergambit|TRUE|https://lichess.org/training/O3dHY
5l4pS|5rk1/6p1/2p5/p3Pb1P/1pP1Qp1q/1P1P1P1P/P5K1/6RR w - - 4 31|e4c6 h4g3 g2f1 f5d3|1383|74|97|3709|endgame mate mateIn2 short|https://lichess.org/zdat2oc3#61||TRUE|https://lichess.org/training/5l4pS
v8uQE|7k/8/p6p/1b4pQ/1P1qPp2/P5PB/2nr3P/4R2K b - - 6 37|c2e1 h5h6 h8g8 h3e6|1386|76|96|25461|endgame mate mateIn2 short|https://lichess.org/kGA0gYQX/black#74||TRUE|https://lichess.org/training/v8uQE
wsk0f|6kq/pQp5/3p1bB1/8/2P5/7b/PP4P1/R6K w - - 0 28|g2h3 h8h3 h1g1 f6d4|1386|103|33|90|endgame mate mateIn2 short|https://lichess.org/PjIhmMDr#55||TRUE|https://lichess.org/training/wsk0f
Uavec|r3k2r/pp5B/4Q3/3p1p2/3q4/8/P5PP/7K b q - 0 25|e8d8 e6d6 d8e8 h7g6|1387|75|94|19568|endgame mate mateIn2 short|https://lichess.org/D4d90oSL/black#50||TRUE|https://lichess.org/training/Uavec
SVIHq|5k2/p2Q4/1p5p/1N1P2b1/1P3p2/P2B1q2/8/3KR3 w - - 0 33|d3e2 f3b3 d1c1 f4f3|1388|78|41|69|discoveredAttack endgame mate mateIn2 short|https://lichess.org/5MCPIUWe#65||TRUE|https://lichess.org/training/SVIHq
kNi8L|1r6/5rk1/4Q3/4P3/p4B2/bpPqP2P/PP1p1P2/K5R1 b - - 1 32|g7f8 f4h6 f7g7 h6g7|1389|80|77|82|mate mateIn2 middlegame short|https://lichess.org/KpVm26MY/black#64||TRUE|https://lichess.org/training/kNi8L
ISzi5|rnb1k2r/ppp2ppp/3p4/3N4/3qP1n1/5P2/PPP1KbPP/R1BQ1B1R w kq - 4 11|f3g4 c8g4|1389|97|62|48|mate mateIn1 oneMove opening|https://lichess.org/m1I8vJXx#21|Russian_Game Russian_Game_Three_Knights_Game|TRUE|https://lichess.org/training/ISzi5
FOLz7|3nBQ2/1pq4k/4pPp1/3p4/p2P2P1/2P1B2P/2b5/6K1 w - - 0 35|f6f7 c7g3 g1f1 c2d3|1389|73|95|24916|endgame fork master mate mateIn2 short|https://lichess.org/pYgMHq7f#69||TRUE|https://lichess.org/training/FOLz7
58b1r|4r3/4k3/3p2Q1/p7/P2P2pp/2PBq3/2K5/8 b - - 2 46|e7d8 g6d6 d8c8 d3a6|1390|109|83|27|endgame mate mateIn2 short|https://lichess.org/GlN7YWvs/black#92||TRUE|https://lichess.org/training/58b1r
iy9g5|6k1/pQ3pp1/3Npb1p/5q2/8/1P3P1r/P5P1/4R2K w - - 0 31|g2h3 f5h3 h1g1 f6d4 e1e3 d4e3|1391|75|86|378|endgame exposedKing long mate mateIn3|https://lichess.org/p6aiVC7v#61||TRUE|https://lichess.org/training/iy9g5
OgJoV|3k4/3b4/6Q1/3Pp3/4Nq2/2P5/R4P2/1r2K3 w - - 1 34|e1e2 d7b5 c3c4 b5c4|1393|77|98|5648|endgame mate mateIn2 short|https://lichess.org/GBVOGlMo#67||TRUE|https://lichess.org/training/OgJoV
TXIBH|r1b1k2r/ppp2ppp/3p4/3P4/5qP1/2N5/PPPK1bP1/R1BQ1B1R w kq - 0 13|d2d3 f4d4 d3e2 c8g4|1394|76|93|3922|interference mate mateIn2 opening short|https://lichess.org/c0EJ011R#25|Four_Knights_Game Four_Knights_Game_Halloween_Gambit|TRUE|https://lichess.org/training/TXIBH
amXfp|2b3k1/6pp/2Q5/1pP1N3/1P1P4/3KP1bP/6P1/1q6 w - - 1 31|d3c3 g3e1|1395|77|92|2528|endgame mate mateIn1 oneMove|https://lichess.org/twgDQVGn#61||TRUE|https://lichess.org/training/amXfp
0l6nq|7k/P4Qp1/5b1p/8/4q3/1B4P1/2P3KP/8 w - - 2 44|g2f1 e4f3 f1e1 f6c3|1396|81|84|71|endgame mate mateIn2 short|https://lichess.org/PFb4Q5Yf#87||TRUE|https://lichess.org/training/0l6nq
JNQwi|4k3/8/3pQ3/2p3P1/p2p2p1/P4bP1/1P1B1K2/1q6 b - - 5 42|e8d8 d2a5|1396|80|93|203|endgame master mate mateIn1 oneMove|https://lichess.org/PrlTxTAn/black#84||TRUE|https://lichess.org/training/JNQwi
YDlhN|2Rkr2r/bp1n2p1/p2nQ3/1q1PB2p/1P5P/P3PNP1/5PK1/2R5 b - - 1 27|d6c8 e5c7|1397|76|74|138|mate mateIn1 middlegame oneMove|https://lichess.org/AlsO9eGv/black#54||TRUE|https://lichess.org/training/YDlhN
DQNXV|2kr3r/ppp2ppp/4pnb1/8/1nBP2P1/q1N2N1P/2PBQP2/1K1R3R w - - 2 15|c3b5 g6c2|1397|74|99|3931|master mate mateIn1 middlegame oneMove queensideAttack|https://lichess.org/IPLBoNrw#29|Scandinavian_Defense Scandinavian_Defense_Main_Line|TRUE|https://lichess.org/training/DQNXV
brY4B|1k2bn2/p6p/1ppQP3/5q2/8/2P3P1/P7/5B1K b - - 1 34|b8c8 f1a6|1398|79|94|5929|endgame mate mateIn1 oneMove|https://lichess.org/xO1qw3EK/black#68||TRUE|https://lichess.org/training/brY4B
4AqSO|r1bq1knr/ppp1b2p/2n1p1BB/3pN2Q/3P4/8/PPP2PPP/RN2K2R b KQ - 2 9|g8h6 h5h6 f8g8 g6f7|1399|75|90|520|master mate mateIn2 opening short|https://lichess.org/eUWmBFOC/black#18|French_Defense French_Defense_Normal_Variation|TRUE|https://lichess.org/training/4AqSO
wdfOu|4k3/8/4pQp1/3p1p1p/1pb2P1P/4P1P1/1KB1q3/8 b - - 17 45|e2e3 c2a4 c4b5 a4b5|1400|75|82|136|endgame mate mateIn2 short|https://lichess.org/5IcQ2jT7/black#90||TRUE|https://lichess.org/training/wdfOu
HxZ7E|r1bq1knr/pp2b2p/2n1p1BB/3pN2Q/3P4/8/PP3PPP/RN2K2R b KQ - 2 11|g8h6 h5h6 f8g8 g6f7|1400|74|97|2348|mate mateIn2 opening short|https://lichess.org/8OFpK93a/black#22|French_Defense French_Defense_Advance_Variation|TRUE|https://lichess.org/training/HxZ7E
vOFBs|8/p4k2/Pb1Q4/3PP1pp/7K/6P1/7P/5q2 w - - 0 48|h4h5 f1h3 h5g5 b6e3|1402|75|87|68|endgame mate mateIn2 short|https://lichess.org/TQjohPZZ#95||TRUE|https://lichess.org/training/vOFBs
MI5QI|4n1k1/7n/1p1p2NQ/3P4/2q1pPB1/7P/8/4K3 b - - 1 60|e8f6 g4e6|1403|75|98|4173|endgame master mate mateIn1 oneMove|https://lichess.org/lDcHlcUu/black#120||TRUE|https://lichess.org/training/MI5QI
27ALx|r3qr2/pbp1bk1p/1p1p4/3PN1Qn/2B1n3/1P4P1/PBP2P1P/4R1K1 b - - 1 20|d6e5 d5d6 b7d5 c4d5|1406|76|95|24056|discoveredAttack mate mateIn2 middlegame short|https://lichess.org/0zhoGqiG/black#40||TRUE|https://lichess.org/training/27ALx
8PuiJ|r1b1qb1r/ppp1p1pN/1nnpPk2/7p/3PQ2P/8/PPP2PP1/RNB1K2R b KQ - 8 13|h8h7 c1g5|1409|76|86|704|mate mateIn1 oneMove opening|https://lichess.org/Jt5D0WRY/black#26|Alekhine_Defense Alekhine_Defense_Modern_Variation|TRUE|https://lichess.org/training/8PuiJ
3PkFa|rn3r1k/pp4p1/1bp1Q2p/8/8/2Pq1N2/PP3PPP/R1B1K2R w KQ - 1 16|f3e5 b6f2|1409|76|71|396|attackingF2F7 mate mateIn1 middlegame oneMove|https://lichess.org/I7ZdBmrF#31|Bishops_Opening Bishops_Opening_Berlin_Defense|TRUE|https://lichess.org/training/3PkFa
NaAcV|8/1Q6/p4p1p/k7/4Pb2/7q/PP6/3B3K w - - 0 41|h1g1 f4e3|1410|76|91|936|endgame mate mateIn1 oneMove|https://lichess.org/LPFMu235#81||TRUE|https://lichess.org/training/NaAcV
IoSsN|3r1k1r/1P3ppp/2Q1b3/4p3/1b2N3/4qP2/P3B2P/R3K2R w KQ - 3 21|e1f1 e6h3|1410|175|79|22|mate mateIn1 middlegame oneMove|https://lichess.org/OVEeh4FE#41||TRUE|https://lichess.org/training/IoSsN
7ZiUj|r2r2k1/1bq1bp2/p2pNnnQ/1pp5/4P2P/P1NP4/BPP2PP1/R4RK1 b - - 0 17|f7e6 a2e6|1413|75|98|1417|kingsideAttack mate mateIn1 middlegame oneMove|https://lichess.org/oTsx4a3c/black#34|Sicilian_Defense Sicilian_Defense_Bowdler_Attack|TRUE|https://lichess.org/training/7ZiUj
bDxUz|2R5/p4Q1p/3p1b1k/8/5p2/P2q4/1P5P/5K2 w - - 2 39|f1e1 f6h4|1415|74|100|388|endgame master mate mateIn1 oneMove|https://lichess.org/gTl6Ett8#77||TRUE|https://lichess.org/training/bDxUz
dUvkH|7k/2pB4/6Qp/2pPp2P/2P1P2b/P2K4/8/1q6 w - - 6 49|d3c3 h4e1|1415|150|25|13|endgame mate mateIn1 oneMove|https://lichess.org/hQDZEMGV#97||TRUE|https://lichess.org/training/dUvkH
cUFFo|r2q1k1r/pp5p/1nn1Q1p1/3P4/8/2P5/P4PPP/R1B1K2R b KQ - 0 16|d8d5 c1h6|1417|77|89|191|mate mateIn1 middlegame oneMove|https://lichess.org/cjotvQHo/black#32|English_Opening English_Opening_Symmetrical_Variation|TRUE|https://lichess.org/training/cUFFo
UNSPA|2Q5/6k1/4B3/5pK1/8/6qp/P7/5b2 w - - 1 47|g5f5 f1d3|1421|76|76|175|endgame master mate mateIn1 oneMove|https://lichess.org/2Q37hgtF#93||TRUE|https://lichess.org/training/UNSPA
dxcWE|1r6/Rpp4k/1pnp1p1p/5P1Q/8/8/1qP3PP/5BK1 b - - 17 30|c6a7 h5g6 h7h8 g6h6 h8g8 f1c4 d6d5 c4d5|1422|75|96|11425|deflection endgame mate mateIn4 veryLong|https://lichess.org/rLxesNdy/black#60||TRUE|https://lichess.org/training/dxcWE
JcRg9|6k1/ppp4p/3p1Pp1/3P1b2/2P2Q1P/2Bq4/PP6/6K1 w - - 3 30|f4h6 d3g3 g1f1 f5d3|1425|77|96|7877|endgame mate mateIn2 short|https://lichess.org/UT6MHMdv#59||TRUE|https://lichess.org/training/JcRg9
QAHIk|b7/3k1p2/4p3/2b1P1B1/2p5/4PqPQ/5K1P/5R2 w - - 3 33|f2e1 c5b4|1427|163|79|46|endgame mate mateIn1 oneMove|https://lichess.org/WaYw8umv#65||TRUE|https://lichess.org/training/QAHIk
QwYoX|1rr3k1/8/p5Q1/7p/q4B2/6P1/P1P2P1P/6K1 b - - 0 31|g8f8 f4d6|1428|77|94|6169|endgame mate mateIn1 oneMove|https://lichess.org/17ekJWQ8/black#62||TRUE|https://lichess.org/training/QwYoX
hEbRT|7k/5pR1/2p5/p1b1pN1P/3pP1Q1/2qP4/2K2P2/8 w - - 3 35|c2d1 c3d3 d1c1 c5a3|1429|75|92|543|endgame mate mateIn2 short|https://lichess.org/DlEuhD8J#69||TRUE|https://lichess.org/training/hEbRT
2iO1d|3rk2r/4np1p/1bp5/4p2P/Q3n2p/2Pq1P2/P2BN3/3RKBNR w Kk - 0 19|e2f4 b6f2|1430|75|80|202|mate mateIn1 middlegame oneMove|https://lichess.org/PIMJ9rSE#37|Scandinavian_Defense Scandinavian_Defense_Other_variations|TRUE|https://lichess.org/training/2iO1d
UAqI2|r1bq3r/ppp2Np1/2npPk2/2b4p/3pQ3/2P5/PP3PPP/RNB1K2R b KQ - 3 12|d8e8 c1g5|1430|74|100|721|mate mateIn1 middlegame oneMove|https://lichess.org/IHd74uuZ/black#24|Scotch_Game Scotch_Game_Haxo_Gambit|TRUE|https://lichess.org/training/UAqI2
bh400|8/2k5/p3p3/8/2PB3p/1P1K1QbP/6P1/1q6 w - - 8 46|d3c3 g3e1|1431|75|95|603|endgame master mate mateIn1 oneMove|https://lichess.org/BqPlwDIt#91||TRUE|https://lichess.org/training/bh400
TtHtC|r1b2bn1/pp2kN2/1qn2pB1/3p4/3p4/2P5/PP1NKPPQ/1R6 b - - 0 17|d4c3 h2d6 e7e8 f7e5|1432|77|79|188|discoveredAttack mate mateIn2 middlegame short|https://lichess.org/GGoU6Jyk/black#34|Queens_Pawn_Game Queens_Pawn_Game_Accelerated_London_System|TRUE|https://lichess.org/training/TtHtC
3SKjR|r2qrk2/pbp1b2p/np2Q1p1/4Np2/2PP1Bn1/2NB4/PP3PPP/R3K2R b KQ - 2 15|g4e5 f4h6|1433|83|88|2321|mate mateIn1 middlegame oneMove|https://lichess.org/yda4V5hQ/black#30|Queens_Gambit_Declined Queens_Gambit_Declined_Three_Knights_Variation|TRUE|https://lichess.org/training/3SKjR
82HCU|4q1k1/pp1b2r1/2p2Q1P/3p4/1n1P4/3B4/1PP2PP1/1K5R b - - 0 34|g7f7 h6h7 f7h7 d3h7|1434|74|95|13882|advancedPawn mate mateIn2 middlegame short|https://lichess.org/GmUoPNjV/black#68||TRUE|https://lichess.org/training/82HCU
rssdV|6k1/4b2p/1p2N1p1/p2p2P1/3Pp3/2PqP3/3K4/3Q2R1 w - - 4 40|d2c1 e7a3|1437|87|88|3869|endgame mate mateIn1 oneMove|https://lichess.org/rWjtoaQp#79||TRUE|https://lichess.org/training/rssdV
ic4Qe|2r2k2/p7/1p2pQ1p/3p4/6P1/4q3/PP2B3/1K6 b - - 5 36|f8e8 e2b5 c8c6 b5c6|1440|76|91|773|endgame mate mateIn2 short|https://lichess.org/BXDOp1dv/black#72||TRUE|https://lichess.org/training/ic4Qe
xFzcZ|N1bk2r1/1p3p1p/p1n2p2/3pp3/4P3/3BqNP1/PPP2b1P/R2Q1K1R w - - 0 16|d1e2 c8h3|1443|78|87|188|mate mateIn1 middlegame oneMove|https://lichess.org/iyckga4b#31|Sicilian_Defense Sicilian_Defense_OKelly_Variation|TRUE|https://lichess.org/training/xFzcZ
ogjxm|r2q1kBr/ppp3Rp/2np4/4p3/4P2b/3P1b2/PPPQ1P2/RNB1K3 b Q - 0 12|f8g7 d2h6 g7g8 h6e6 g8f8 c1h6|1444|77|93|4169|long mate mateIn3 middlegame sacrifice|https://lichess.org/UGzlZ7JT/black#24|Italian_Game Italian_Game_Paris_Defense|TRUE|https://lichess.org/training/ogjxm
ufNZH|r2r2k1/pp1b4/4p2Q/5P2/8/2P3qP/PPB2pP1/5R1K b - - 1 27|e6f5 c2b3 d7e6 b3e6|1445|75|94|18357|master mate mateIn2 middlegame short|https://lichess.org/Sfyn9jLe/black#54||TRUE|https://lichess.org/training/ufNZH
TRvKf|6k1/5pp1/6p1/2b4B/P6Q/4q2P/4K1P1/4R3 w - - 3 35|e2d1 e3d3 d1c1 c5a3|1447|96|83|21|endgame master mate mateIn2 short|https://lichess.org/j11BNzo3#69||TRUE|https://lichess.org/training/TRvKf
RsYC2|3rr2k/1b3p2/p4nBQ/1p1n2N1/3p1q2/2P5/PP4PP/3R3K b - - 4 28|h8g8 g6f7|1448|139|87|162|kingsideAttack master mate mateIn1 middlegame oneMove|https://lichess.org/EYiMoDgL/black#56||TRUE|https://lichess.org/training/RsYC2
Hkvl9|5k2/1p4bQ/4K1PP/1p3P2/2q2P2/8/PP6/R5R1 w - - 3 34|e6d7 c4c6 d7d8 g7f6 h7e7 f6e7|1453|75|94|9636|endgame long mate mateIn3|https://lichess.org/s2GplYiy#67||TRUE|https://lichess.org/training/Hkvl9
7rUJW|3n2k1/pp1K3p/2qN2pb/1NP1p2P/Q1P5/8/PP5p/7R w - - 11 32|d7d8 h6g5|1454|75|80|139|endgame mate mateIn1 oneMove|https://lichess.org/T7XVL7n5#63||TRUE|https://lichess.org/training/7rUJW
0Eimw|r1b1k2r/ppp2ppp/8/4n3/3q1B2/2NP4/PPPQKbPP/R4B1R w kq - 0 12|f4e5 c8g4|1455|74|98|1083|mate mateIn1 middlegame oneMove|https://lichess.org/Tp4R3Fmb#23|Alekhine_Defense Alekhine_Defense_Maroczy_Variation|TRUE|https://lichess.org/training/0Eimw
9ASDg|1r1k4/6p1/3Q3p/ppPp4/3q3b/7r/PP2B1P1/R1K5 b - - 2 29|d8e8 e2h5 g7g6 h5g6|1455|76|96|12331|mate mateIn2 middlegame short|https://lichess.org/rSHngcxZ/black#58||TRUE|https://lichess.org/training/9ASDg
fFl9h|r3k3/1p5p/p2pQnr1/4p1q1/3B1p2/8/PPP2PPP/4RRK1 b q - 5 21|e8d8 d4b6|1456|92|77|276|mate mateIn1 middlegame oneMove|https://lichess.org/LCxGqnyx/black#42||TRUE|https://lichess.org/training/fFl9h
0h7f5|8/1Q3pk1/p5p1/1p1P2b1/8/P1N1qr1P/1P4P1/3R3K w - - 0 36|d5d6 f3h3 g2h3 e3h3 h1g1 g5e3|1457|75|93|104|endgame long mate mateIn3 sacrifice|https://lichess.org/dkr4CtXl#71||TRUE|https://lichess.org/training/0h7f5
E9tAE|r1bqk1r1/ppN1p1bp/6p1/2nPQ3/2BN4/2P5/5PPP/R3K2R b KQq - 4 18|e8d7 c4b5|1457|75|98|1567|mate mateIn1 middlegame oneMove|https://lichess.org/CKegH6Og/black#36|Sicilian_Defense Sicilian_Defense_Mengarini_Variation|TRUE|https://lichess.org/training/E9tAE
SWyyJ|8/2p1k3/1p6/pP2p3/PbP1P3/3qBQp1/6P1/3K4 w - - 14 52|d1c1 b4a3|1458|77|96|2123|endgame mate mateIn1 oneMove|https://lichess.org/AU6HpHU3#103||TRUE|https://lichess.org/training/SWyyJ
WRBnR|6R1/8/3kpp2/1r4b1/1P6/6qP/1P2Q3/7K w - - 2 43|e2b5 g3h3 h1g1 g5e3|1459|77|91|2107|endgame mate mateIn2 short|https://lichess.org/ASUChZN6#85||TRUE|https://lichess.org/training/WRBnR
atSQY|r1bqk2r/ppN1ppbp/6p1/4Q2n/2B5/8/PP3PPP/R1B1K2R b KQkq - 4 13|e8d7 c4b5|1460|76|89|531|mate mateIn1 oneMove opening|https://lichess.org/cbU179RK/black#26|Sicilian_Defense Sicilian_Defense_Modern_Variations|TRUE|https://lichess.org/training/atSQY
QQrjp|6k1/p4ppp/1n1Q4/5b2/5P1P/1BB1q1P1/P1P5/1N4K1 w - - 3 29|g1f1 f5h3|1460|93|76|358|mate mateIn1 middlegame oneMove|https://lichess.org/7eA41KS1#57||TRUE|https://lichess.org/training/QQrjp
kLbnI|1q6/p4Qp1/2k1p3/6Pp/1bPPb2P/P7/1R6/6K1 w - - 0 35|b2b4 b8g3 g1f1 e4d3|1461|76|94|761|endgame mate mateIn2 short|https://lichess.org/pDwR4AIL#69||TRUE|https://lichess.org/training/kLbnI
uSPzW|r1bq2kr/pp1nb2p/4PpBQ/3p4/3B1P2/8/PPP3PP/R3K2R b KQ - 0 15|e7f8 g6f7|1461|76|91|1227|mate mateIn1 middlegame oneMove|https://lichess.org/JiBeExrX/black#30|French_Defense French_Defense_Steinitz_Variation|TRUE|https://lichess.org/training/uSPzW
yhXve|r4rk1/1pp2pp1/p1np3p/4p3/3PP1nb/2P2NNq/PPB2P2/R1BQR1K1 w - - 4 15|g3f5 h4f2|1463|181|76|25|kingsideAttack mate mateIn1 middlegame oneMove|https://lichess.org/Y7BZYvDQ#29|Ruy_Lopez Ruy_Lopez_Morphy_Defense|TRUE|https://lichess.org/training/yhXve
BYZwc|5k1r/p3bp2/3p4/1B3q2/2PPR1p1/4BNKp/P2N3P/4R3 w - - 0 26|f3h4 e7h4|1464|451|58|11|mate mateIn1 middlegame oneMove|https://lichess.org/Oe1C5Owj#51||TRUE|https://lichess.org/training/BYZwc
wTHcj|r1bq1b1r/pp4pp/4k3/3pQ3/2BP4/8/PP3PPP/n1B2K1R b - - 0 13|e6d7 c4b5|1465|76|93|1894|mate mateIn1 middlegame oneMove|https://lichess.org/75QRVc8M/black#26|Italian_Game Italian_Game_Two_Knights_Defense|TRUE|https://lichess.org/training/wTHcj
CKw53|4n2k/7p/pB2Qb2/P1P1p3/2R1P3/3q4/6P1/5K2 w - - 6 43|f1e1 f6h4 g2g3 h4g3|1466|190|88|15|endgame mate mateIn2 short|https://lichess.org/hO1sicly#85||TRUE|https://lichess.org/training/CKw53
SAXdR|r1bq2kr/pp1nb2p/2p1p1BQ/3nP3/3P4/8/PPP3PP/RNB2RK1 b - - 0 13|e7f8 g6f7|1466|76|94|12469|mate mateIn1 oneMove opening|https://lichess.org/pwY4NDzg/black#26|Caro-Kann_Defense Caro-Kann_Defense_Maroczy_Variation|TRUE|https://lichess.org/training/SAXdR
faiIw|r3k2r/p2pqpp1/1pnQ3p/1B2P3/8/2P2P2/P4P1P/R3K2R b KQkq - 2 15|e8c8 b5a6|1467|78|91|165|mate mateIn1 middlegame oneMove|https://lichess.org/c97AqGWT/black#30|English_Opening English_Opening_Mikenas-Carls_Variation|TRUE|https://lichess.org/training/faiIw
RZsUQ|1R6/5k2/3Qp3/1pPb4/6P1/4q3/8/4K3 w - - 16 58|e1d1 d5b3|1470|77|84|362|endgame mate mateIn1 oneMove|https://lichess.org/Z08Hi54l#115||TRUE|https://lichess.org/training/RZsUQ
jMqAQ|2n3k1/pQP5/1p3bp1/P4q1p/3r3P/2B3P1/8/RR5K w - - 5 43|c3d4 f5h3 h1g1 f6d4|1472|76|97|2916|intermezzo mate mateIn2 middlegame short|https://lichess.org/M1kamhfh#85||TRUE|https://lichess.org/training/jMqAQ
8xJOf|4kq2/8/4Q1p1/Pb1p1p1p/3BpP1P/1p1r4/8/4K3 b - - 9 53|e8d8 d4b6|1473|92|86|1552|endgame mate mateIn1 oneMove|https://lichess.org/vPf7oDIu/black#106||TRUE|https://lichess.org/training/8xJOf
jzObq|6k1/2p5/p6q/1p1b2p1/5p2/2PP1NK1/PPB2QP1/8 w - - 0 37|g3g4 d5e6|1474|84|86|86|endgame mate mateIn1 oneMove|https://lichess.org/b4YF5rMg#73||TRUE|https://lichess.org/training/jzObq
OgZMW|2r3k1/p7/1p3pQ1/4B3/3n3P/8/q4PPK/8 b - - 2 34|g8f8 e5d6|1475|91|74|346|endgame master mate mateIn1 oneMove|https://lichess.org/JIiEW01N/black#68||TRUE|https://lichess.org/training/OgZMW
AcNBS|r5k1/pp6/1qb3Q1/8/5B2/2Pp2P1/P4r2/2R3K1 b - - 2 33|g8f8 f4d6|1477|77|98|1291|mate mateIn1 middlegame oneMove|https://lichess.org/Tf6LYIRv/black#66||TRUE|https://lichess.org/training/AcNBS
7pPy0|6qk/4R1r1/2n2B2/2bp3p/5QB1/5P2/5P1P/6K1 b - - 0 36|c6e7 f4h6 g8h7 f6g7 h8g8 g4e6|1479|75|94|5629|exposedKing long mate mateIn3 middlegame pin|https://lichess.org/TLov4trs/black#72||TRUE|https://lichess.org/training/7pPy0
gH99C|8/2Qbk3/8/1NpPp3/2P1Pp1b/5P2/3KB3/4q3 w - - 4 36|d2d3 e1b1 d3c3 h4e1|1479|81|18|38|endgame mate mateIn2 short|https://lichess.org/YcfLSc8O#71||TRUE|https://lichess.org/training/gH99C
yWm4v|rnb2knN/p3p3/2p3B1/1p5p/5Qp1/N7/P1P1KPqP/8 b - - 3 22|g8f6 f4h6 f8g8 g6f7|1481|79|95|19526|mate mateIn2 middlegame short|https://lichess.org/3ZCvdcBq/black#44||TRUE|https://lichess.org/training/yWm4v
6CjtZ|2Q5/p1k4p/1p1Np1pB/2bbn3/8/2qr4/P4PPP/3RR1K1 b - - 3 28|c7d6 h6f8|1484|78|88|212|mate mateIn1 middlegame oneMove|https://lichess.org/DewOxzMf/black#56||TRUE|https://lichess.org/training/6CjtZ
x7XiQ|6k1/2RQbppp/4p3/3pP3/3P4/3q4/5PPP/3K4 w - - 5 32|d1c1 e7a3|1484|107|74|175|endgame master mate mateIn1 oneMove|https://lichess.org/jT0ql8fi#63||TRUE|https://lichess.org/training/x7XiQ
ZPUmj|6k1/5pp1/2r4p/8/1b6/3qBQ2/5P1P/2K3R1 w - - 11 36|f3c6 b4a3|1487|75|97|513|endgame mate mateIn1 oneMove|https://lichess.org/FLBFnUYV#71||TRUE|https://lichess.org/training/ZPUmj
pK8Cm|5k2/1p1Rr2p/2p2p2/p1b1pNnq/P1B1P3/2P3PP/1PQ2P1K/8 w - - 4 35|f5e7 h5h3 h2g1 g5f3|1488|77|95|804|fork master mate mateIn2 middlegame short|https://lichess.org/eJ3PfJ4S#69||FALSE|https://lichess.org/training/pK8Cm
0QkKJ|7k/6p1/p3QbP1/1p3P1P/4P3/4q3/P7/4K1RR w - - 2 45|e1f1 e3f3 f1e1 f6c3|1488|75|100|190|endgame mate mateIn2 short|https://lichess.org/yAO6zLm7#89||TRUE|https://lichess.org/training/0QkKJ
4lgBs|1r6/3kb3/8/4pp1Q/7p/3q3P/2R2PP1/2K3R1 w - - 0 32|g1d1 e7a3 c2b2 a3b2|1488|79|92|972|endgame mate mateIn2 short|https://lichess.org/i8F65qT8#63||TRUE|https://lichess.org/training/4lgBs
QlG9R|5r1k/p1p4p/2NbQ3/5p2/3P4/3qp2P/PP1N2P1/R1BK4 w - - 0 26|e6c4 e3e2 d1e1 d6g3|1490|74|99|6527|advancedPawn mate mateIn2 middlegame short|https://lichess.org/gHDxQ1hU#51||TRUE|https://lichess.org/training/QlG9R
DVfQR|8/1p5p/2p3p1/4r1q1/P3P1P1/1BN4k/1P5Q/6K1 b - - 1 32|h3g4 b3d1|1491|75|93|390|endgame mate mateIn1 oneMove|https://lichess.org/12ZNQn3E/black#64||TRUE|https://lichess.org/training/DVfQR
N71hk|2k5/pp1n4/1b2p3/3pPqPQ/3P3B/P7/1P2N3/7K w - - 1 36|e2g3 f5h3 h1g1 b6d4|1492|74|93|1529|endgame mate mateIn2 short|https://lichess.org/ikKSqfS6#71||TRUE|https://lichess.org/training/N71hk
LBlL7|1r3k1r/1pN2ppn/3p4/3Pp3/1QP1P1b1/4q1P1/PP2B2P/R3R1K1 w - - 1 25|g1f1 g4h3|1493|77|91|835|mate mateIn1 middlegame oneMove|https://lichess.org/a3FCKrFb#49||TRUE|https://lichess.org/training/LBlL7
Yix3a|k7/p1Q2p1p/1p1r1n1b/4N3/1P6/P2P2rq/5P2/2RR2K1 w - - 0 25|f2g3 h6e3|1494|89|44|683|mate mateIn1 middlegame oneMove|https://lichess.org/rrmDks1m#49||TRUE|https://lichess.org/training/Yix3a
8T3FL|8/1Q4pk/1P6/7p/pN1BpP1P/Pb2P1q1/8/6K1 w - - 0 47|g1f1 b3c4 b4d3 c4d3|1494|76|87|2571|endgame master mate mateIn2 short|https://lichess.org/LT5XOox5#93||TRUE|https://lichess.org/training/8T3FL
RXkQ4|r5k1/1p6/5pQ1/pqp5/5B2/P1P5/5PPP/6K1 b - - 1 29|g8f8 f4d6|1497|245|82|9|endgame mate mateIn1 oneMove|https://lichess.org/GQ2c9knA/black#58||TRUE|https://lichess.org/training/RXkQ4
SM5e9|Bnb1k2r/4bpp1/pp2p2p/1Ppn4/P1p2PP1/2NqP3/1B1P3P/R2QK1NR w KQk - 3 14|a8d5 e7h4|1498|88|77|437|mate mateIn1 middlegame oneMove|https://lichess.org/Qi28D4Fk#27|Polish_Opening Polish_Opening_Grigorian_Variation|TRUE|https://lichess.org/training/SM5e9
Neezn|6k1/p4pp1/3N4/3Q3p/6K1/P5P1/1P3b1P/5q2 w - - 0 34|g4h5 f1h3 h5g5 f2e3|1500|75|98|11328|endgame mate mateIn2 short|https://lichess.org/yYkBlu32#67||TRUE|https://lichess.org/training/Neezn
CyEBy|7k/5Q1p/3p3b/2p1pP2/pp2b3/2P3q1/PPB5/R6K w - - 0 34|c2e4 g3h3 h1g1 h6e3|1500|500|100|18|endgame mate mateIn2 short|https://lichess.org/xTorexBZ#67||TRUE|https://lichess.org/training/CyEBy
8QxoY|rn2k2r/1b2n1p1/p1p1Q1Bp/1p1q4/P2P4/2B1P3/5PPP/R3K2R b KQkq - 2 15|e8d8 c3a5|1500|76|96|2222|mate mateIn1 middlegame oneMove|https://lichess.org/bwcWTrAq/black#30|Semi-Slav_Defense Semi-Slav_Defense_Noteboom_Variation|TRUE|https://lichess.org/training/8QxoY
omtK6|6k1/pb6/1p1p1r2/3P2Bp/3Q2q1/6P1/PP6/2R3K1 w - - 0 29|d4f6 g4g3 g1f1 b7a6 c1c4 a6c4|1500|153|85|19|endgame exposedKing long mate mateIn3|https://lichess.org/vDrsdWJ9#57||TRUE|https://lichess.org/training/omtK6
J0V4r|7Q/pp3k1p/2b2p2/8/5qn1/1N6/PPPK2PP/R3R3 w - - 5 28|d2d1 g4f2 d1e2 c6b5 c2c4 b5c4|1501|75|98|4993|long mate mateIn3 middlegame|https://lichess.org/p3272Eh8#55||TRUE|https://lichess.org/training/J0V4r
QhpwD|2kr2r1/pp1b1p1p/2NQpp2/4q3/8/4P1P1/PP2BP1P/2RR2K1 b - - 0 19|d7c6 c1c6 b7c6 e2a6|1501|191|52|13|master mate mateIn2 middlegame queensideAttack sacrifice short|https://lichess.org/VdEBf4dC/black#38||TRUE|https://lichess.org/training/QhpwD
mOPxE|r6q/8/p2Q1p2/4p3/4P2b/1P1B4/k1PK1P2/R7 b - - 1 31|a2a1 d6a3 a1b1 c2c3|1502|76|87|308|discoveredAttack endgame mate mateIn2 short|https://lichess.org/vPSFdzqd/black#62||TRUE|https://lichess.org/training/mOPxE
81kXv|rn2r1k1/pp3ppp/2pb4/3p4/3P2b1/1Q1Bq1P1/PP1NNK1P/R1B1R3 w - - 0 15|f2f1 g4h3|1502|77|91|3875|mate mateIn1 oneMove opening|https://lichess.org/c1vJ4vo8#29|Vant_Kruijs_Opening Vant_Kruijs_Opening_Other_variations|TRUE|https://lichess.org/training/81kXv
xpSwu|5Bk1/5p1p/p2pp1pQ/5b1P/1p6/5q1P/PP6/2R4K w - - 2 29|h1g1 f3g3 g1f1 f5d3|1505|76|94|1342|endgame mate mateIn2 short|https://lichess.org/1kXOnoFn#57||TRUE|https://lichess.org/training/xpSwu
DeXMo|r3r2k/2b3q1/2p1P1p1/5p1p/pPB5/P2PQ2P/1B4P1/4R1K1 b - - 0 28|g7b2 e3h6 h8g8 e6e7|1507|77|96|3891|advancedPawn discoveredAttack kingsideAttack mate mateIn2 middlegame short|https://lichess.org/eKDv9wRB/black#56||TRUE|https://lichess.org/training/DeXMo
Kmvnl|rk2r3/pR3p1p/1BpP1n2/3q3b/8/Q2B3P/PP3Pp1/R5K1 b - - 0 22|b8b7 a3a6 b7b8 b6c7|1508|74|90|436|mate mateIn2 middlegame short|https://lichess.org/IiTRwbSq/black#44||TRUE|https://lichess.org/training/Kmvnl
sfZs7|r3k3/p1p5/1pnpQ3/6B1/8/8/P2K1PPP/7q b - - 3 27|e8f8 g5h6|1508|88|89|2386|endgame mate mateIn1 oneMove|https://lichess.org/Y3ENmvVj/black#54||TRUE|https://lichess.org/training/sfZs7
O5mPj|8/5Qpp/1k1p4/p2Pb3/1pB5/1P2q1P1/P6P/5K2 w - - 5 36|f7d7 e3f3 f1e1 e5c3|1510|75|90|287|endgame mate mateIn2 short|https://lichess.org/46vWfXP4#71||TRUE|https://lichess.org/training/O5mPj
PJBo5|r4k1r/ppqn3p/2b1Q1p1/2p1p1B1/8/2P5/PP1N1PPP/R3R1K1 b - - 9 18|a8e8 g5h6|1512|100|64|202|mate mateIn1 middlegame oneMove|https://lichess.org/aoIFDfdL/black#36|Benoni_Defense Benoni_Defense_French_Benoni|TRUE|https://lichess.org/training/PJBo5
gg7sh|1r3kr1/1p4b1/p1bpp1Q1/5P2/P1P1PB1P/2N3RK/6P1/4qn2 b - - 4 33|f1g3 f4d6|1512|82|81|241|master mate mateIn1 middlegame oneMove|https://lichess.org/HJNJQwK0/black#66||TRUE|https://lichess.org/training/gg7sh
4WCgS|8/7R/Q5p1/2p2k2/3p1b1P/1P5q/P7/7K w - - 2 53|h1g1 f4e3|1513|85|89|801|endgame mate mateIn1 oneMove|https://lichess.org/QhCcSkfG#105||TRUE|https://lichess.org/training/4WCgS
uFqRs|r4k2/p1p4p/1p2Q1p1/4P3/1q2b1P1/2n1B2P/PPP5/2KR4 b - - 4 25|c3d1 e3h6|1513|95|65|197|endgame mate mateIn1 oneMove|https://lichess.org/B0iFzhmu/black#50||TRUE|https://lichess.org/training/uFqRs
FRbVn|8/1pp4k/p5pQ/5BKp/1P6/P5b1/8/6q1 b - - 3 45|h7g8 f5e6|1514|88|90|330|endgame mate mateIn1 oneMove|https://lichess.org/J1Z22WBg/black#90||TRUE|https://lichess.org/training/FRbVn
mvFKb|r3k2r/pp3p2/3bpQ1p/3p4/3P4/1BP1B3/PP2KPP1/q7 b kq - 0 18|h8f8 b3a4 b7b5 a4b5|1515|75|89|118|mate mateIn2 middlegame short|https://lichess.org/KAYAiA1I/black#36|Caro-Kann_Defense Caro-Kann_Defense_Hillbilly_Attack|TRUE|https://lichess.org/training/mvFKb
7HPZX|r4rk1/5ppp/Q1pPb3/4P3/5q2/2P2N2/6PP/R3K2R w KQ - 1 28|a6a8 f4e3 e1d1 e6b3|1515|75|97|1239|mate mateIn2 middlegame short|https://lichess.org/UyhYChjR#55||TRUE|https://lichess.org/training/7HPZX
xEtLo|r3k3/7p/4Q1pP/8/3B4/b3P3/2q2PP1/6K1 b - - 2 30|e8f8 d4g7|1517|76|78|697|endgame master mate mateIn1 oneMove|https://lichess.org/KHwSdwZs/black#60||TRUE|https://lichess.org/training/xEtLo
CrClZ|5k2/Q4p2/1p2q3/2pB4/2P2b2/7r/PP4P1/3R3K w - - 0 36|g2h3 e6h3 h1g1 f4e3|1518|75|91|1593|endgame mate mateIn2 short|https://lichess.org/2iT0kp4W#71||TRUE|https://lichess.org/training/CrClZ
AbSkw|2bk4/1p6/pn1Q4/5B2/3P3p/4P3/5KPP/2q5 b - - 6 43|d8e8 f5g6|1518|156|74|57|endgame mate mateIn1 oneMove|https://lichess.org/sEhn4CJ4/black#86||TRUE|https://lichess.org/training/AbSkw
PY4CR|r5r1/p1Rk1p1p/5Q2/3pP3/3p4/7b/P1Pq2P1/R4BK1 b - - 0 22|d7c7 f6d6 c7c8 f1a6|1520|76|92|4733|mate mateIn2 middlegame short|https://lichess.org/vqFT432D/black#44||TRUE|https://lichess.org/training/PY4CR
HBTsd|r4k1r/p4n1p/1qp1Q1p1/3pN3/8/2P5/PP3bPP/RNB2K1R b - - 3 16|f7e5 c1h6|1520|78|81|728|mate mateIn1 middlegame oneMove|https://lichess.org/9SeBVl96/black#32|Bishops_Opening Bishops_Opening_Philidor_Counterattack|TRUE|https://lichess.org/training/HBTsd
ZoYoV|7k/pp6/2p2p1p/2b1pB2/4P3/3P2P1/PPPQ3q/2K5 b - - 0 26|h2g3 d2h6 h8g8 f5e6|1521|86|73|61|endgame mate mateIn2 short|https://lichess.org/aoZWf55Y/black#52||TRUE|https://lichess.org/training/ZoYoV
F8GeY|2bqk2r/1p5p/7n/3pQ3/1b6/3B1N2/2PN1PPP/6K1 b k - 0 18|e8d7 d3b5|1521|77|95|685|master mate mateIn1 middlegame oneMove|https://lichess.org/Jbg5xSZy/black#36|Caro-Kann_Defense Caro-Kann_Defense_Advance_Variation|TRUE|https://lichess.org/training/F8GeY
1nU51|4B3/1p3r1k/6pb/3Qp2p/P1P1P3/4qr1P/6P1/2RR3K w - - 0 38|e8f7 f3h3 g2h3 e3h3 h1g1 h6e3|1521|76|96|1643|long mate mateIn3 middlegame sacrifice|https://lichess.org/FQRlztCS#75||TRUE|https://lichess.org/training/1nU51
lzHs8|6k1/p4p2/1p2NQp1/6Pp/b6P/2P1P1q1/P7/R1Rr1K2 w - - 3 33|c1d1 a4b5 c3c4 b5c4 d1d3 c4d3|1522|74|94|374|endgame exposedKing long mate mateIn3|https://lichess.org/gjb9Wa6I#65||TRUE|https://lichess.org/training/lzHs8
nTjbV|r1b1k2r/pp3ppp/8/2p5/2N4b/1P1PqnP1/PBP1B2P/R2QK2R w KQkq - 1 15|e1f1 c8h3|1522|80|85|148|mate mateIn1 oneMove opening|https://lichess.org/CVoB33T7#29|Sicilian_Defense Sicilian_Defense_Snyder_Variation|TRUE|https://lichess.org/training/nTjbV
vnTy9|r1b2k1r/pp2n2p/3NNpp1/q7/2BpP3/4Q3/PP3PPP/5K1R b - - 0 17|c8e6 e3h6 f8g8 c4e6|1522|76|91|3729|intermezzo mate mateIn2 middlegame short|https://lichess.org/UZSfivgj/black#34|Sicilian_Defense Sicilian_Defense_Smith-Morra_Gambit|TRUE|https://lichess.org/training/vnTy9
mJYcA|4R1Q1/1pb2P2/p7/2p2k2/2P5/1P3qP1/P6P/5K2 w - - 1 39|f1e1 c7a5 b3b4 a5b4|1523|74|98|1364|endgame mate mateIn2 short|https://lichess.org/3I2Krwky#77||TRUE|https://lichess.org/training/mJYcA
jOhVc|r2k3r/pp2b1pp/3pQn2/1BB1np2/8/8/P1P2PPP/qN1R2K1 b - - 5 16|a7a6 c5b6|1524|76|78|153|mate mateIn1 middlegame oneMove|https://lichess.org/syGEzW6A/black#32|Sicilian_Defense Sicilian_Defense_Other_variations|TRUE|https://lichess.org/training/jOhVc
nE4vE|r5r1/1b4k1/6p1/4Q3/1p2P3/1p6/qPP5/2K2B2 b - - 3 33|g7f8 e5f6 f8e8 f1b5 b7c6 b5c6|1524|75|94|2943|endgame exposedKing long master mate mateIn3|https://lichess.org/C5AijpNQ/black#66||TRUE|https://lichess.org/training/nE4vE
6hmi0|6k1/1p6/p2Q3p/2pP4/P3P1b1/2N1q3/1P6/4K3 w - - 3 35|e1f1 g4h3|1527|236|22|37|endgame master mate mateIn1 oneMove|https://lichess.org/DnjIEjBb#69||TRUE|https://lichess.org/training/6hmi0
Kiihw|7k/1p6/p1b1p3/2p2p2/3p1Q2/P2P2P1/BPP3q1/4K3 b - - 12 36|c6f3 f4h6 h8g8 a2e6|1527|74|73|1089|endgame mate mateIn2 short|https://lichess.org/jr7FcS83/black#72||TRUE|https://lichess.org/training/Kiihw
nVQyy|7k/p5p1/Q4b1p/7q/8/1P1P1P1r/P5P1/3RR2K w - - 0 31|g2h3 h5h3 h1g1 f6d4 e1e3 d4e3|1529|76|97|3527|endgame exposedKing long mate mateIn3|https://lichess.org/BhAJReNm#61||TRUE|https://lichess.org/training/nVQyy
wQFvV|6k1/3p4/6Q1/4Pp2/4qP2/4B3/1r6/5K2 b - - 2 33|g8f8 e3c5 d7d6 c5d6|1530|75|89|2153|endgame mate mateIn2 short|https://lichess.org/HqkQquOO/black#66||TRUE|https://lichess.org/training/wQFvV
1DTLE|2krr3/1p2q1pp/1p2pn2/4Q3/2B1N3/3P3P/2P2PP1/R5K1 b - - 1 24|f6e4 a1a8 c8d7 c4b5|1530|75|97|2902|mate mateIn2 middlegame queensideAttack short|https://lichess.org/5xPCZrKl/black#48||TRUE|https://lichess.org/training/1DTLE
r5Xq4|r6R/p1p2pk1/2P5/5q2/2Q2b2/2P5/P7/RN5K w - - 8 31|h8a8 f5h3 h1g1 f4e3|1530|76|89|1269|endgame mate mateIn2 short|https://lichess.org/dy78yHWO#61||TRUE|https://lichess.org/training/r5Xq4
qqVxo|1q6/5p1k/5Bbp/2Q1P3/1p4P1/7P/8/6K1 w - - 0 43|e5e6 b8g3 g1f1 g6d3|1530|78|78|72|endgame master masterVsMaster mate mateIn2 short|https://lichess.org/gyGXRZMU#85||TRUE|https://lichess.org/training/qqVxo
fhiFJ|5k1r/ppp4p/3p1p1Q/8/8/q1PB2PP/r1P5/1K6 b - - 1 26|f8g8 d3c4 d6d5 c4d5|1531|75|100|491|endgame fork mate mateIn2 short|https://lichess.org/t1JRBe3r/black#52||TRUE|https://lichess.org/training/fhiFJ
xNcVC|r5k1/pp3pp1/3b3p/5b2/3R4/P1NqrN2/1P3PP1/2R1K2Q w - - 0 24|f2e3 d6g3|1532|88|80|837|mate mateIn1 middlegame oneMove|https://lichess.org/AIPPdznu#47||TRUE|https://lichess.org/training/xNcVC
kWa8H|r5k1/q2nb3/3p1nPQ/3PpB1P/8/Pr3P2/1P6/1K1R2R1 b - - 0 27|a7a3 f5e6|1532|87|89|3201|master masterVsMaster mate mateIn1 middlegame oneMove|https://lichess.org/GuH9MhtT/black#54||TRUE|https://lichess.org/training/kWa8H
dpguF|3k3q/6b1/p3Qn2/5p1P/3Bp3/1P6/P5P1/6K1 b - - 0 37|h8h5 d4b6|1534|85|76|938|endgame mate mateIn1 oneMove|https://lichess.org/Iem8Cp1A/black#74||TRUE|https://lichess.org/training/dpguF
evI16|8/7p/1p3P2/pP1Pp1p1/Bk1bP2K/6P1/P1Q4P/5q2 w - - 0 45|h4h5 f1h3 h5g5 d4e3|1535|79|75|77|endgame mate mateIn2 short|https://lichess.org/bWPsQavH#89||TRUE|https://lichess.org/training/evI16
bu8c6|1nk4r/p1p3p1/Pp3p2/1P6/3PBb1p/1QP2N1q/3N4/R5K1 w - - 0 23|b3d5 f4e3|1535|87|86|5305|master mate mateIn1 middlegame oneMove|https://lichess.org/b4WqhKMh#45||TRUE|https://lichess.org/training/bu8c6
vgj5L|r1b3k1/pp4nB/7Q/3p2N1/3b2q1/8/PPP3PP/7K b - - 3 27|g8f8 h6d6 f8e8 h7g6|1536|74|87|1840|mate mateIn2 middlegame short|https://lichess.org/BjMMwUWa/black#54||TRUE|https://lichess.org/training/vgj5L
7jzvW|r1b1k1r1/p7/1p2p2Q/2Pp1p2/1P1P1N2/5Pq1/P5B1/R4KR1 w q - 0 29|f4h5 c8a6 b4b5 a6b5|1537|88|92|44|master mate mateIn2 middlegame short|https://lichess.org/1JZCDBW3#57||TRUE|https://lichess.org/training/7jzvW
7utYp|1k5r/p3n2r/P2Q1p2/1p2pPN1/1n3q2/1P4RP/6BK/8 b - - 2 34|b8c8 g2b7|1537|89|86|1732|master mate mateIn1 middlegame oneMove|https://lichess.org/X2sW66Lr/black#68||TRUE|https://lichess.org/training/7utYp
xsEEo|rq3k2/p2n3p/1b2Q1p1/4p1B1/1P2P3/2P4P/5PP1/R5K1 b - - 3 28|b8e8 g5h6|1538|76|82|594|mate mateIn1 middlegame oneMove|https://lichess.org/UGJdSwL4/black#56||TRUE|https://lichess.org/training/xsEEo
8gyTs|r1bqrnk1/4bp2/5N1Q/1p4N1/p3p3/P2P3P/BPP2PP1/R3K2R b KQ - 0 18|e7f6 a2f7|1539|87|80|284|kingsideAttack mate mateIn1 middlegame oneMove|https://lichess.org/WKmKclE7/black#36|Pirc_Defense Pirc_Defense_Other_variations|TRUE|https://lichess.org/training/8gyTs
Z2kF8|k7/8/Q7/p1Bp3p/3P3K/2n2pP1/Pq5P/8 b - - 1 51|a8b8 c5d6|1539|84|55|121|endgame mate mateIn1 oneMove|https://lichess.org/TizseORM/black#102||TRUE|https://lichess.org/training/Z2kF8
QrQ5x|r1b1kb2/pp3p2/1q2pQ2/2n1Pnp1/2B4P/6B1/P1P2PP1/2KR3R b q - 2 17|c5e4 c4b5 c8d7 b5d7|1540|79|100|131|mate mateIn2 middlegame short|https://lichess.org/LHejkpVU/black#34|French_Defense French_Defense_Classical_Variation|TRUE|https://lichess.org/training/QrQ5x
lv6Mt|2kr1b1r/p2nn3/1ppQ1p1q/3P4/6PP/2PB4/PP3P2/R3K2R b KQ - 2 19|f6f5 d3a6|1541|86|88|1911|mate mateIn1 middlegame oneMove|https://lichess.org/hXHH5Z5l/black#38|Caro-Kann_Defense Caro-Kann_Defense_Classical_Variation|TRUE|https://lichess.org/training/lv6Mt
LL39D|7r/4rpk1/4bR2/qBp4p/3pP3/1P4Q1/2P3PP/6K1 b - - 3 24|g7f6 e4e5 f6f5 b5d3|1542|147|88|8|endgame mate mateIn2 short|https://lichess.org/xUe0EOuG/black#48||TRUE|https://lichess.org/training/LL39D
tkkI7|2kr4/qp1n2Q1/2pbp3/P3NbPp/2P2P2/2B5/1P1R4/3RK3 w - - 13 30|d2d6 a7e3 e1f1 f5h3|1543|172|0|7|mate mateIn2 middlegame short|https://lichess.org/TO2Wlcte#59||TRUE|https://lichess.org/training/tkkI7
pQLtm|r1q2kr1/pp2p3/2b2RQ1/5P2/4P3/P3B2P/2P5/5RK1 b - - 0 24|e7f6 e3c5|1546|80|78|730|mate mateIn1 middlegame oneMove|https://lichess.org/EYtgofeh/black#48||TRUE|https://lichess.org/training/pQLtm
YYeZj|7k/p7/BpQ5/4b1p1/8/6PP/PP3q2/7K b - - 2 39|f2g3 c6h6 h8g8 a6c4|1547|98|55|41|endgame mate mateIn2 short|https://lichess.org/B7YnXLix/black#78||TRUE|https://lichess.org/training/YYeZj
xzJbu|2r1k3/1b6/pp2Q2p/3pp3/1P6/P6P/5PPK/1Bq5 b - - 4 33|e8d8 e6d6 d8e8 b1g6|1548|75|96|18035|endgame mate mateIn2 short|https://lichess.org/FJHBBUld/black#66||TRUE|https://lichess.org/training/xzJbu
atjo9|1N1q3k/7p/2P3pP/p7/np6/2b1Q3/P7/1K3R1R w - - 1 37|e3f4 d8d3 b1c1 c3b2|1549|115|81|37|mate mateIn2 middlegame short|https://lichess.org/N33PFC68#73||TRUE|https://lichess.org/training/atjo9
AE47X|r1b2rk1/ppp2ppp/2n5/2q5/4n3/1P1B1NP1/PBPNKb1P/R2Q3R w - - 2 13|d2e4 c5e3 e2f1 c8h3|1550|77|84|262|mate mateIn2 middlegame short|https://lichess.org/DkqEcVqC#25|Kings_Pawn_Opening Kings_Pawn_Opening_Other_variations|TRUE|https://lichess.org/training/AE47X
PLR3J|1k6/p7/1p2Q3/4P3/2Bp1P2/bP3qP1/P1P5/3K4 w - - 7 39|d1e1 a3b4 c2c3 b4c3|1551|74|94|3464|endgame mate mateIn2 short|https://lichess.org/7aBJPrIC#77||TRUE|https://lichess.org/training/PLR3J
8JBCZ|r2q2k1/ppp2p2/3b1R1Q/8/8/8/PP3PPP/1b3BK1 b - - 0 19|b1g6 f6g6 f7g6 f1c4|1552|75|98|18359|mate mateIn2 middlegame sacrifice short|https://lichess.org/a44Kpnem/black#38|Scotch_Game Scotch_Game_Other_variations|TRUE|https://lichess.org/training/8JBCZ
DuQ0V|4k3/1p5p/p3Q1p1/1b1pP1B1/1b6/1P3P2/5q1P/1B5K b - - 0 35|e8f8 g5h6|1552|99|59|241|endgame mate mateIn1 oneMove|https://lichess.org/43AHbbwH/black#70||TRUE|https://lichess.org/training/DuQ0V
4qBce|2r2rk1/p3bppp/2Q2n2/4p1B1/8/2Pq3P/PP1N1PP1/2KR3R w - - 2 16|c6f3 c8c3 b2c3 e7a3|1555|89|93|60|mate mateIn2 middlegame queensideAttack sacrifice short|https://lichess.org/IfMHZpre#31|Italian_Game Italian_Game_Paris_Defense|TRUE|https://lichess.org/training/4qBce
6cyzc|6k1/4p3/5n1Q/5Bp1/6P1/5P1K/3q4/8 b - - 2 67|d2f4 f5e6|1555|81|90|418|endgame master mate mateIn1 oneMove|https://lichess.org/wYh1qOTp/black#134||TRUE|https://lichess.org/training/6cyzc
626h1|rn1q2r1/pbpp1p2/1pk1p3/3n3N/P1BQ1B2/8/2P2PPP/R4RK1 b - - 0 18|d5f4 c4b5|1556|82|89|1643|mate mateIn1 middlegame oneMove|https://lichess.org/rOCmnokW/black#36|Owen_Defense Owen_Defense_Other_variations|TRUE|https://lichess.org/training/626h1
C0zi1|4kb2/1p4p1/p1r1ppp1/3Q4/3P3N/2PqB3/PP3P2/2K3R1 w - - 0 23|d5g2 c6c3 b2c3 f8a3|1556|74|95|22106|mate mateIn2 middlegame queensideAttack sacrifice short|https://lichess.org/fmodSBZ7#45||TRUE|https://lichess.org/training/C0zi1
qJ0Bu|r2qrk2/p3n2p/2b1Q1p1/2bp2B1/8/8/PPP2PPP/RN3RK1 b - - 3 17|d8d7 g5h6|1556|82|90|2618|mate mateIn1 middlegame oneMove|https://lichess.org/sERs594t/black#34|Sicilian_Defense Sicilian_Defense_Modern_Variations|TRUE|https://lichess.org/training/qJ0Bu
Og473|1R1n1k1r/8/p4Npb/2p1B3/4P2P/P5Pq/3r4/1Q2R1K1 w - - 5 36|e1e2 h6e3 e2f2 e3f2|1556|76|97|3334|mate mateIn2 middlegame short|https://lichess.org/A9M7uRSO#71||TRUE|https://lichess.org/training/Og473
f28fy|2rqr3/1b2bk1n/p3Q1p1/3n2B1/1p1P4/P1N5/1PB2PPP/4R1K1 b - - 0 21|f7f8 g5h6|1557|81|69|463|master mate mateIn1 middlegame oneMove|https://lichess.org/W2BtOEJp/black#42||TRUE|https://lichess.org/training/f28fy
LDOFB|2b1nk2/6p1/2p2n1p/2Q3N1/2B5/1N4PP/rq3P2/6K1 b - - 1 32|e8d6 c5d6 f8e8 c4f7|1557|77|86|173|hangingPiece mate mateIn2 middlegame short|https://lichess.org/Tvycj6ge/black#64||TRUE|https://lichess.org/training/LDOFB
egIS6|r3k2r/ppp1p1b1/3p2p1/3N1p2/1PPn2n1/3P1NPq/P2BP2P/R2Q2KR w kq - 2 18|d5f4 d4f3 e2f3 g7d4 d2e3 d4e3|1557|76|89|104|clearance fork long mate mateIn3 middlegame|https://lichess.org/HJfJ6w30#35|Zukertort_Opening Zukertort_Opening_Kingside_Fianchetto|TRUE|https://lichess.org/training/egIS6
cdLx1|5k1r/8/4pKQb/3p1p2/5B2/1q6/1P3PPP/3r4 b - - 3 30|b3b7 f4d6 b7e7 d6e7|1559|76|93|950|endgame mate mateIn2 short|https://lichess.org/JBbSoPEt/black#60||TRUE|https://lichess.org/training/cdLx1
E2QRo|1n5r/2Nk1p1p/p3pp2/5b2/1b1q4/1QN5/PP3pPP/3RKB1R w K - 0 16|e1e2 f5g4|1559|79|91|714|mate mateIn1 middlegame oneMove|https://lichess.org/OAEB16Xk#31|Slav_Defense Slav_Defense_Chebanenko_Variation|TRUE|https://lichess.org/training/E2QRo
850vi|B4k1r/5ppp/p7/1pp1q3/6Pb/P1PQp2P/1P4K1/3R3R w - - 4 26|h1e1 e5g3 g2h1 g3h3 h1g1 h4f2|1561|124|89|13|deflection long mate mateIn3 middlegame|https://lichess.org/DxwVsDFR#51||TRUE|https://lichess.org/training/850vi
Pd1G9|r1b1k2r/pp3ppp/8/2pN4/3n3b/1B1Pq3/PPP1N1PP/R2QK2R w KQkq - 1 14|g2g3 d4f3 e1f1 c8h3|1562|75|98|2701|mate mateIn2 opening short|https://lichess.org/wqedNWEu#27|Sicilian_Defense Sicilian_Defense_Bowdler_Attack|TRUE|https://lichess.org/training/Pd1G9
0IiL7|7Q/4k1p1/1Rb1p3/4PpN1/P1P2P2/3q2Pp/7P/1R5K w - - 1 34|h1g1 d3e3 g1f1 c6g2|1562|76|76|222|endgame mate mateIn2 short|https://lichess.org/TCSZqWBf#67||TRUE|https://lichess.org/training/0IiL7
t6NKs|8/3k4/3b3Q/1p6/3B4/4Pq1P/8/5K2 w - - 2 52|f1e1 d6b4 d4c3 b4c3|1562|76|100|117|endgame mate mateIn2 short|https://lichess.org/8gwQeInd#103||TRUE|https://lichess.org/training/t6NKs
oTxHG|6k1/5p2/7p/2Q1P3/4b3/4N1qP/8/6K1 w - - 1 40|g1f1 e4d3|1563|81|80|984|endgame mate mateIn1 oneMove|https://lichess.org/O4jpPn4R#79||TRUE|https://lichess.org/training/oTxHG
60V8v|5Q2/pkq5/2p5/p7/3Pb2r/NPP3P1/P7/6K1 w - - 1 32|g3h4 c7g3 g1f1 e4d3|1563|74|86|591|endgame mate mateIn2 short|https://lichess.org/VEuel5yM#63||TRUE|https://lichess.org/training/60V8v
VrQMo|8/3kbp2/2p5/P2p4/1P1P4/1QPq3p/8/1R2K3 w - - 0 40|c3c4 e7h4|1565|83|85|1695|endgame mate mateIn1 oneMove|https://lichess.org/8SrZsjvv#79||TRUE|https://lichess.org/training/VrQMo
jnuNS|2R5/4Q3/p5pk/P3b2p/1P6/3q3P/6P1/5K2 w - - 3 46|f1e1 e5g3|1565|76|84|527|endgame mate mateIn1 oneMove|https://lichess.org/DOKb9sHt#91||TRUE|https://lichess.org/training/jnuNS
LUFNu|2q2k2/2r3p1/p3QpBp/Pp6/3N1b2/2P2P1P/1P6/3R3K w - - 1 51|e6d5 c8h3 h1g1 f4e3|1567|75|94|4658|master masterVsMaster mate mateIn2 middlegame short|https://lichess.org/YsJhH6Zn#101||TRUE|https://lichess.org/training/LUFNu
1xQeb|6k1/5p2/2BpbQp1/7p/2P4P/6q1/8/R5K1 w - - 0 30|g1f1 e6c4|1568|76|100|149|endgame master mate mateIn1 oneMove|https://lichess.org/A5JMaQup#59||TRUE|https://lichess.org/training/1xQeb
6BWVT|rn3k2/p1p1b1pp/4P3/1N1b1p2/1p3P1q/3B3P/PPP3P1/R1B3QK w - - 2 21|b5c7 h4h3 g1h2 d5g2 h1g1 e7c5 c1e3 c5e3|1568|75|97|360|kingsideAttack mate mateIn4 middlegame pin veryLong|https://lichess.org/eJZr9bE6#41||TRUE|https://lichess.org/training/6BWVT
nzaWO|4r2k/1Q1R4/1p3pp1/2b3n1/4p3/2Pq2B1/P2K4/3R4 w - - 2 37|d2c1 c5a3|1569|87|52|577|master mate mateIn1 middlegame oneMove|https://lichess.org/uQFuRsBg#73||TRUE|https://lichess.org/training/nzaWO
vHun1|2Q5/p3ppkp/3p1p1b/3N4/6rP/P5Pq/1PP2P2/1R4K1 w - - 3 27|d5e7 g4g3 f2g3 h6e3|1570|77|96|26846|endgame mate mateIn2 sacrifice short|https://lichess.org/VQDUBFqU#53||TRUE|https://lichess.org/training/vHun1
2pezk|2b5/4Qpk1/4p3/P2pP3/3P4/2P3q1/8/R5K1 w - - 2 41|g1f1 c8a6 c3c4 a6c4|1571|104|74|47|endgame mate mateIn2 short|https://lichess.org/tD5y6cVV#81||TRUE|https://lichess.org/training/2pezk
OSkfU|2kr3r/pp1n1p1p/3Qpp2/BBp5/8/1P3P2/P1P1K2P/7q b - - 3 19|b7b6 b5a6|1572|82|82|579|mate mateIn1 middlegame oneMove|https://lichess.org/xJZq0ZyR/black#38||TRUE|https://lichess.org/training/OSkfU
tnwM8|r1bq3r/3kp2p/1pp5/p2NQp2/3P4/8/PPP3P1/2KR1B2 b - - 0 18|c6d5 f1b5|1572|80|63|368|mate mateIn1 middlegame oneMove|https://lichess.org/hs8Qfdmh/black#36|Alekhine_Defense Alekhine_Defense_Spielmann_Gambit|TRUE|https://lichess.org/training/tnwM8
vSnDt|1Q6/5p1k/4p1p1/2b2q1p/1P3R2/3P1P2/P5PP/3n2K1 w - - 0 35|g1f1 f5d3 f1e1 c5f2|1575|75|87|105|endgame mate mateIn2 short|https://lichess.org/qMSlYxz2#69||TRUE|https://lichess.org/training/vSnDt
1lcLY|8/5Nk1/5r1b/p2Bp2Q/4P2P/5Nq1/P7/7K w - - 2 54|f7e5 g3h3 h1g1 h6e3|1575|78|92|1629|mate mateIn2 middlegame short|https://lichess.org/vgXqqTVB#107||TRUE|https://lichess.org/training/1lcLY
o5neO|1nbN4/1p1k3p/4p2Q/2Pp4/1q6/7P/2P1BP2/2K5 b - - 1 30|d7d8 h6f8 d8d7 f8d6 d7e8 e2h5|1575|77|92|1268|endgame exposedKing fork long mate mateIn3|https://lichess.org/XehLdIl1/black#60||TRUE|https://lichess.org/training/o5neO
pfE3L|1r5k/4b2R/5p2/3ppP2/8/1B4Q1/1qPK1PPP/8 b - - 0 32|h8h7 g3g6 h7h8 g6h6 h8g8 b3d5|1577|75|100|934|endgame exposedKing long mate mateIn3|https://lichess.org/F2OLSqfT/black#64||TRUE|https://lichess.org/training/pfE3L
Ecf95|2r1k3/1b6/4Q2p/1p1p4/p7/8/PPBq2PK/8 b - - 0 42|e8d8 e6d6 d8e8 c2g6|1578|77|93|7284|endgame mate mateIn2 short|https://lichess.org/HsaeyXYl/black#84||TRUE|https://lichess.org/training/Ecf95
6khHM|2R2Q2/1pR3pk/1q3p1p/p7/P2b4/1P5P/K5P1/1b6 w - - 2 41|a2b1 b6b3 b1c1 d4e3|1578|75|96|6463|endgame mate mateIn2 short|https://lichess.org/cJLkeX73#81||TRUE|https://lichess.org/training/6khHM
hwIq9|2k5/Q5R1/5p1p/K7/1P4P1/q6P/P1b2P2/8 w - - 2 41|a5b6 a3b4 b6c6 c2e4|1579|76|93|5672|endgame mate mateIn2 short|https://lichess.org/woUE81gL#81||TRUE|https://lichess.org/training/hwIq9
vETfD|3k1r2/1pp4p/3bQ3/5pp1/5P1r/4B2q/PP3PRP/3R3K b - - 1 27|h4h6 d1d6 c7d6 e3b6|1579|76|98|12927|mate mateIn2 middlegame sacrifice short|https://lichess.org/EqRhRuiV/black#54||TRUE|https://lichess.org/training/vETfD
2w3QD|r1bq1r1k/ppp3p1/2np2QB/3Np3/2B5/3P2nP/PPP2bPK/R7 b - - 3 17|g3f5 h6g7 f5g7 g6h6 h8g8 d5e7|1580|75|96|9120|doubleCheck fork long mate mateIn3 middlegame sacrifice|https://lichess.org/0FQ3XgIt/black#34|Italian_Game Italian_Game_Giuoco_Piano|TRUE|https://lichess.org/training/2w3QD
gx8s4|r2qr3/p1p2k1n/1p1p4/3Q1P2/2P5/P5P1/1PKB4/8 b - - 2 32|f7e7 d5e6 e7f8 d2h6|1580|76|94|5498|endgame mate mateIn2 short|https://lichess.org/lMCH3bNS/black#64||TRUE|https://lichess.org/training/gx8s4
nb2Tl|6r1/6k1/6Q1/8/4BP2/2pK3P/3b4/4q3 b - - 12 65|g7f8 g6f6 f8e8 e4c6|1580|77|93|1847|endgame mate mateIn2 short|https://lichess.org/jsspYYOh/black#130||TRUE|https://lichess.org/training/nb2Tl
ZBi21|2R2Q2/p5qk/5Q2/3pP3/1P1Pb3/P5r1/7P/6K1 w - - 0 46|h2g3 g7g3 g1f1 e4d3|1585|76|93|458|endgame mate mateIn2 short|https://lichess.org/ZQXV48Xe#91||TRUE|https://lichess.org/training/ZBi21
W7t16|k1b5/1p3p1p/3Q1p1b/3B4/8/3P2PP/PPP1q2K/RN6 w - - 1 24|h2h1 e2f1 h1h2 f1h3 h2g1 h6e3|1588|78|96|10298|exposedKing long mate mateIn3 middlegame|https://lichess.org/ZtYHAxdZ#47||TRUE|https://lichess.org/training/W7t16
hew4x|5R2/8/3R2p1/bP1N2k1/4PpP1/7K/8/6q1 w - - 0 53|d5f4 g1h1 h3g3 a5e1|1589|173|88|18|endgame mate mateIn2 short|https://lichess.org/9XdqCXCC#105||TRUE|https://lichess.org/training/hew4x
Ll5Qx|5Nk1/7p/3p4/1Q1Pbpp1/4q3/P5P1/6KP/1R6 w - - 2 29|g2f1 e4f3 f1e1 e5c3|1590|75|93|1239|endgame mate mateIn2 short|https://lichess.org/DU2CZEP1#57||TRUE|https://lichess.org/training/Ll5Qx
2iutj|1Q6/p5bk/6R1/8/2P4P/P3q3/8/4K1R1 w - - 8 39|e1f1 e3f3 f1e1 g7c3|1591|76|96|15864|endgame mate mateIn2 short|https://lichess.org/roHYXgin#77||TRUE|https://lichess.org/training/2iutj
Qvh0i|3r3k/1p4q1/p1p4p/5BpQ/2PB4/1P4P1/P4PKP/8 b - - 0 34|g7d4 h5h6 h8g8 f5e6|1592|78|73|106|endgame mate mateIn2 short|https://lichess.org/WtadIZ62/black#68||TRUE|https://lichess.org/training/Qvh0i
KB08t|r1b1k2r/p1pn3p/2p1Q3/2bp2Bp/8/2N5/PPP2qPP/R2K3R b kq - 0 14|e8f8 g5h6|1592|80|94|2038|mate mateIn1 middlegame oneMove|https://lichess.org/5FSHFsh9/black#28|Scotch_Game Scotch_Game_Schmidt_Variation|TRUE|https://lichess.org/training/KB08t
7gReb|8/6k1/6p1/p3B3/2pP4/2Pn4/P2q4/1K4Q1 b - - 6 38|g7g8 g1g6 g8f8 e5d6|1593|76|97|11705|endgame mate mateIn2 short|https://lichess.org/MR1G1VhC/black#76||TRUE|https://lichess.org/training/7gReb
i8RuC|3b2k1/1q3pp1/3P3p/1K6/1P6/1Q1RP3/8/8 w - - 1 45|b5c4 b7c6 c4d4 d8f6|1593|125|100|13|endgame mate mateIn2 short|https://lichess.org/nLJvAhnT#89||TRUE|https://lichess.org/training/i8RuC
0yseI|6k1/p5pp/2Qb4/3p4/N2p4/1P1Pq3/P3K3/2R5 w - - 2 31|e2d1 e3d3 d1e1 d6g3|1594|74|87|456|endgame mate mateIn2 short|https://lichess.org/w2ZqqGMb#61||TRUE|https://lichess.org/training/0yseI
kbYRy|7r/pp3pk1/1b4p1/4PpQ1/2Pn1P2/3p1N1r/6RP/2B4K b - - 6 32|d4f3 g5f6 g7g8 g2g6 f7g6 f6g6 g8f8 c1a3 b6c5 a3c5|1595|125|55|50|deflection discoveredAttack mate mateIn5 middlegame sacrifice veryLong|https://lichess.org/63gROWjZ/black#64||TRUE|https://lichess.org/training/kbYRy
OpVzC|3rk3/1R1n4/6Q1/2p5/4PB2/8/3K4/r4q2 b - - 1 42|e8f8 f4d6|1595|81|94|997|mate mateIn1 middlegame oneMove|https://lichess.org/CtTtV55p/black#84||TRUE|https://lichess.org/training/OpVzC
bPnON|3r1k1r/pp2bppp/8/2p1p3/1P6/P1PqnP1P/1B1N1P2/R2QK2R w KQ - 0 17|f2e3 e7h4|1596|83|94|2379|mate mateIn1 middlegame oneMove|https://lichess.org/t9OJTEml#33|Saragossa_Opening Saragossa_Opening_Other_variations|TRUE|https://lichess.org/training/bPnON
pQKIz|2b5/6kp/6p1/3Q4/p1pRP3/P1P2q2/1P6/3R1K2 w - - 0 37|f1e1 f3e3 e1f1 c8h3|1596|75|97|3259|endgame mate mateIn2 short|https://lichess.org/GNhHvcLa#73||TRUE|https://lichess.org/training/pQKIz
slzGA|rn2kb1r/7p/p3Qpq1/1pB5/2pPp3/2P1P3/5PPP/R3K2R b KQkq - 1 19|e8d8 c5b6|1598|84|90|1064|master mate mateIn1 middlegame oneMove|https://lichess.org/rxXExuLj/black#38||TRUE|https://lichess.org/training/slzGA
BWWqa|r4r2/p5k1/1pQ2b2/4R3/5PP1/2PqP3/P5P1/2R1K3 w - - 3 28|c1d1 f6h4 g2g3 h4g3|1599|75|94|1716|mate mateIn2 middlegame short|https://lichess.org/4btJ0Ekd#55||TRUE|https://lichess.org/training/BWWqa
RPkMo|5q1k/pp6/5p1r/2P2B2/5Q1P/1K6/8/8 b - - 1 40|f8c5 f4h6 h8g8 f5e6|1599|76|94|426|endgame hangingPiece mate mateIn2 short|https://lichess.org/Qjk9qq1v/black#80||TRUE|https://lichess.org/training/RPkMo
VECPh|4r1k1/Q6p/6p1/P2b4/4p3/5q1P/1R6/1R4K1 w - - 0 31|b2b8 f3g3 g1f1 d5c4|1600|76|93|1232|endgame mate mateIn2 short|https://lichess.org/juGxMbR4#61||TRUE|https://lichess.org/training/VECPh
lKA3S|2brR3/4Q1pp/p5kr/8/2pq1p2/2N3B1/PPP3P1/R4K2 w - - 4 36|e8d8 h6h1 f1e2 c8g4|1600|76|93|121|mate mateIn2 middlegame short|https://lichess.org/IbIbwGv3#71||TRUE|https://lichess.org/training/lKA3S
y0GQM|5RR1/pp1qk3/3p2Q1/3Pp3/4Pb2/5P2/4P3/6Kr w - - 3 47|g1h1 d7h3 h1g1 f4e3|1601|75|97|3579|endgame mate mateIn2 short|https://lichess.org/Eg3xhhYS#93||TRUE|https://lichess.org/training/y0GQM
Y9CXu|2kr3r/p2p1p1p/1pnQp1p1/2P3q1/4b3/P1B3P1/1P5P/R3KBNR b KQ - 0 17|e4h1 f1a6|1602|77|81|205|mate mateIn1 middlegame oneMove|https://lichess.org/fpGut4KJ/black#34|Owen_Defense Owen_Defense_Other_variations|TRUE|https://lichess.org/training/Y9CXu
ptlNH|6k1/1b2Q3/1p3p1p/p2P2bP/P7/2B3q1/6B1/3R3K w - - 9 37|e7b7 g3h4 g2h3 h4h3 h1g1 g5e3|1604|76|94|1649|endgame exposedKing fork long master mate mateIn3|https://lichess.org/p3jAsuBg#73||TRUE|https://lichess.org/training/ptlNH
6GMdk|B6k/3n3p/p2p2pb/1pp1p1r1/2P5/1P2R2q/PB3P2/R2Q2K1 w - - 0 25|e3g3 g5g3 f2g3 h6e3|1605|93|55|79|clearance kingsideAttack mate mateIn2 middlegame short|https://lichess.org/tuxQLBkr#49||TRUE|https://lichess.org/training/6GMdk
N1W0u|5kbr/2p1b1p1/2B3P1/5P1p/2p2Q1P/2q3B1/8/3KR3 w - - 0 37|f4c7 c3d3 d1c1 e7a3|1605|75|76|111|mate mateIn2 middlegame short|https://lichess.org/qLUPW2dR#73||TRUE|https://lichess.org/training/N1W0u
1LzUU|8/ppP4p/6k1/4q3/4b3/2P5/PP5N/R5K1 w - - 0 32|c7c8q e5g3 g1f1 e4d3|1605|77|95|15595|endgame mate mateIn2 short|https://lichess.org/wXNUE5Dq#63||TRUE|https://lichess.org/training/1LzUU
U9VE1|2R1Q3/p5pk/7p/3PPbr1/8/1P2P1Bq/P4P2/6K1 w - - 7 36|e5e6 g5g3 f2g3 h3g3 g1f1 f5d3|1606|78|96|14920|endgame long mate mateIn3|https://lichess.org/MFNENMv8#71||TRUE|https://lichess.org/training/U9VE1
QlpJv|q6k/5Qb1/1p4p1/p7/5P2/1P1B2P1/P1P4P/5K2 w - - 1 31|f7g6 a8f3 f1e1 g7c3|1607|265|0|4|endgame mate mateIn2 short|https://lichess.org/WeybUyYa#61||TRUE|https://lichess.org/training/QlpJv
wmK1k|r2qr1k1/1p2bp1n/p1pp2NQ/n7/P3PRb1/2NP4/BPP3PP/R5K1 b - - 0 16|e7g5 a2f7|1607|93|78|265|kingsideAttack mate mateIn1 middlegame oneMove|https://lichess.org/bMmgTt1O/black#32|Bishops_Opening Bishops_Opening_Other_variations|TRUE|https://lichess.org/training/wmK1k
haglA|7k/4Qp2/4p3/P2p4/3Pb1PN/2P3q1/1P6/6K1 w - - 3 40|g1f1 e4d3|1607|84|81|814|endgame mate mateIn1 oneMove|https://lichess.org/pgCQ5xry#79||TRUE|https://lichess.org/training/haglA
D8GHk|2k3q1/P4p2/2pBp2Q/3pP3/3Pb3/2P3r1/7P/R5K1 w - - 0 35|h2g3 g8g3 g1f1 e4d3|1607|75|85|111|endgame mate mateIn2 short|https://lichess.org/82SEom5T#69||TRUE|https://lichess.org/training/D8GHk
Tt3KH|r4rk1/1p3P2/1q5Q/4P1p1/p7/P7/B1P3PP/3q1R1K b - - 0 28|f8f7 a2f7|1607|84|79|1879|mate mateIn1 middlegame oneMove|https://lichess.org/8ugzu1j2/black#56||TRUE|https://lichess.org/training/Tt3KH
PvLff|1rbqkb1r/p2n1ppp/p3P3/3Q4/3P4/8/PP3PPP/R1B1K1NR b KQk - 0 11|d7b6 e6f7 e8e7 c1g5|1608|75|94|9451|advancedPawn attackingF2F7 mate mateIn2 opening short|https://lichess.org/wxAHmgSb/black#22|Queens_Gambit_Declined Queens_Gambit_Declined_Marshall_Defense|TRUE|https://lichess.org/training/PvLff
Ap3o6|1k3r2/1b4p1/B6p/2N5/1P4Pb/4p1q1/1PP5/R2Q3K w - - 0 27|a6b7 g3h3 h1g1 h4f2|1610|75|95|21749|mate mateIn2 middlegame short|https://lichess.org/GXsN40bj#53||TRUE|https://lichess.org/training/Ap3o6
YQyDX|5k2/p6p/5Q2/1ppB3b/2n5/6PP/q4P1K/8 b - - 0 37|f8e8 d5c6|1610|82|84|418|endgame master mate mateIn1 oneMove|https://lichess.org/xppDfmcp/black#74||TRUE|https://lichess.org/training/YQyDX
xabvt|8/p1p2Qpk/7p/4PP2/4b3/1P4qP/P7/2R3K1 w - - 3 34|g1f1 e4d3|1611|85|89|1359|endgame master mate mateIn1 oneMove|https://lichess.org/61tBZ3j8#67||TRUE|https://lichess.org/training/xabvt
5Ra6s|8/p4ppk/3p3p/2p5/2P2Pb1/4q1P1/PQ1N3P/1R4K1 w - - 3 27|g1f1 g4h3|1611|84|80|762|endgame mate mateIn1 oneMove|https://lichess.org/OhlFPod3#53||TRUE|https://lichess.org/training/5Ra6s
35QL1|6k1/p4p1p/8/2QBPb2/PP6/6q1/8/6K1 w - - 0 43|g1f1 f5d3|1612|92|76|336|endgame master mate mateIn1 oneMove|https://lichess.org/VV4Q74vH#85||TRUE|https://lichess.org/training/35QL1
1wwCj|6k1/5p1p/P5p1/3Q4/5bP1/4q2P/1P5K/R7 w - - 0 36|h2h1 e3h3 h1g1 f4e3|1613|76|93|606|endgame mate mateIn2 short|https://lichess.org/hF8qhyxz#71||TRUE|https://lichess.org/training/1wwCj
F4xcm|1Q6/2P1pp1k/3p2pp/4b3/8/6Pq/1p6/1R4K1 w - - 0 36|c7c8q e5d4|1613|79|90|732|endgame master mate mateIn1 oneMove|https://lichess.org/wiA0PkF0#71||TRUE|https://lichess.org/training/F4xcm
L9etq|rr5k/p2n2p1/4Q3/2q2nR1/7P/N1P2P2/1P3P2/2K2B2 b - - 2 24|c5f2 g5h5 f5h6 h5h6 g7h6 e6h6 h8g8 f1c4|1616|75|86|312|fork mate mateIn4 middlegame veryLong|https://lichess.org/qpooareR/black#48||TRUE|https://lichess.org/training/L9etq
MW9uV|r3k3/pp4pB/1b2Q3/n1p5/8/7P/P4PP1/qN4K1 b - - 0 21|e8d8 e6d6 d8e8 h7g6|1617|76|95|15056|mate mateIn2 middlegame short|https://lichess.org/RphJEB92/black#42||TRUE|https://lichess.org/training/MW9uV
00rwh|5k2/2p5/r1PpQp2/1pN1p1b1/1P2P1p1/r5Pq/5P2/R2R2K1 w - - 2 37|c5a6 a3g3 f2g3 g5e3|1617|77|74|396|kingsideAttack mate mateIn2 middlegame sacrifice short|https://lichess.org/Nn5tP5gN#73||TRUE|https://lichess.org/training/00rwh
bC2PY|8/1pq3k1/2p3p1/2Q2pNp/4b2P/6r1/PP3P2/2R3K1 w - - 0 32|f2g3 c7g3 g1f1 e4d3|1618|76|96|16292|endgame mate mateIn2 short|https://lichess.org/dACXTzSK#63||TRUE|https://lichess.org/training/bC2PY
cLOSe|6k1/5p2/2p1pB1Q/2PpPb1P/3P4/q6r/6PK/8 w - - 5 39|g2h3 a3h3 h2g1 h3g3 g1f1 f5d3|1619|75|92|172|endgame long mate mateIn3|https://lichess.org/4BJTPJmN#77||TRUE|https://lichess.org/training/cLOSe
i6zwS|5Q2/8/1pp3kp/p5p1/5b2/1PPq1N1P/P5P1/3K4 w - - 6 39|d1e1 f4g3|1619|81|90|1373|endgame master mate mateIn1 oneMove|https://lichess.org/ETFrZWUT#77||TRUE|https://lichess.org/training/i6zwS
8ZBJg|1rqk3r/p1p2ppp/2Q1b3/3pN3/3P4/B7/P4PPP/4R1K1 b - - 2 17|b8b6 e5f7 e6f7 a3e7|1619|75|99|1281|mate mateIn2 middlegame sacrifice short|https://lichess.org/9xVS7H8a/black#34|Italian_Game Italian_Game_Classical_Variation|TRUE|https://lichess.org/training/8ZBJg
PvKPB|r3kq2/pp3p2/3p1Qp1/2p5/4P1P1/1BNP2b1/PPP5/3K4 b q - 0 20|g3e5 b3a4 b7b5 a4b5|1620|74|94|18388|endgame mate mateIn2 short|https://lichess.org/dz8WfyVl/black#40||TRUE|https://lichess.org/training/PvKPB
mJAjJ|5rk1/p3bppp/8/1P1Bpb2/q7/P4PP1/KPr1Q2P/2BR3R w - - 3 24|e2e5 a4a3 a2b1 c2b2|1620|75|100|235|doubleCheck mate mateIn2 middlegame pin short|https://lichess.org/odsLrJdi#47||TRUE|https://lichess.org/training/mJAjJ
XpCpG|4k3/6pp/4Qb2/p1B2p2/q7/P1P3K1/1P5P/8 b - - 8 33|e8d8 c5b6|1620|81|9|102|endgame mate mateIn1 oneMove|https://lichess.org/Q0AgdVgd/black#66||TRUE|https://lichess.org/training/XpCpG
AUeKt|7k/3B4/3p2Q1/p1pPp2p/P1P1Pp1b/7P/4N1PK/4q3 b - - 0 35|e1e2 g6h6 h8g8 d7e6|1622|89|51|34|endgame mate mateIn2 short|https://lichess.org/MImkpvxJ/black#70||TRUE|https://lichess.org/training/AUeKt
cv6lX|5rk1/ppp1n1p1/3pb2p/4p1bq/8/2PPN1rP/PPR2PBK/R1B2Q2 w - - 0 23|h2g3 g5f4|1623|79|90|2576|mate mateIn1 middlegame oneMove|https://lichess.org/lw9VfePL#45||TRUE|https://lichess.org/training/cv6lX
njA8A|5q1k/1Q6/8/4p3/P2bP3/3P1b2/2P3P1/5K2 w - - 2 38|g2f3 f8f3 f1e1 d4c3|1623|74|86|101|endgame mate mateIn2 short|https://lichess.org/vJa8M046#75||TRUE|https://lichess.org/training/njA8A
u5LF9|r3kr2/ppp2Npp/8/3Bp2Q/3n2b1/3P2q1/PPP5/RNB2K1R w q - 3 14|h5h4 g4e2|1624|80|90|4593|mate mateIn1 middlegame oneMove|https://lichess.org/KSej8u9z#27|Italian_Game Italian_Game_Two_Knights_Defense|TRUE|https://lichess.org/training/u5LF9
I4HA3|3r2k1/1p4p1/p3Q2p/4bp1R/8/1P1B2qP/P1P5/7K b - - 0 36|g8h8 h5h6 g7h6 e6h6 h8g8 d3c4 d8d5 c4d5|1624|75|95|9163|endgame mate mateIn4 sacrifice veryLong|https://lichess.org/vJ2XEOUZ/black#72||TRUE|https://lichess.org/training/I4HA3
by6Kq|2q4k/6p1/5bBp/2BQ4/3p1P2/pP1P2P1/P3P2K/5b2 w - - 1 32|c5d4 c8h3 h2g1 f6d4 e2e3 d4e3|1625|77|93|421|endgame intermezzo long mate mateIn3|https://lichess.org/ZizxkQfh#63||TRUE|https://lichess.org/training/by6Kq
4nU7B|2r1k3/1p2b1Q1/4pB1p/3p3P/p2P4/P1rq4/1P3P2/1NK3RR w - - 0 31|b1c3 c8c3 b2c3 e7a3|1625|146|54|9|deflection mate mateIn2 middlegame queensideAttack short|https://lichess.org/8UPnpcqJ#61||TRUE|https://lichess.org/training/4nU7B
RcWW4|6B1/7k/p5pp/8/2PB4/P5PP/2Q4K/1r3q2 b - - 1 37|h7g8 c2g6 g8f8 d4c5|1625|74|96|17283|endgame mate mateIn2 short|https://lichess.org/K2WoIbY0/black#74||TRUE|https://lichess.org/training/RcWW4
dTj02|8/5k2/4pQp1/4Pp1p/3p1P1P/2pPnBP1/2P2K2/q7 b - - 6 46|f7e8 f3c6|1628|149|69|33|endgame master mate mateIn1 oneMove|https://lichess.org/DaiLrQGy/black#92||TRUE|https://lichess.org/training/dTj02
4g1Vd|2kr3r/pp1n1p2/2pQ1P1p/3p4/3qp1P1/8/P1R1B1K1/2R5 b - - 3 27|d7e5 c2c6 e5c6 c1c6 b7c6 e2a6|1629|76|94|748|long mate mateIn3 middlegame queensideAttack sacrifice|https://lichess.org/YsRXi4Gy/black#54||TRUE|https://lichess.org/training/4g1Vd
yjCKw|8/pR3Qpk/2P3p1/4b3/5P2/4q1P1/P6P/6K1 w - - 0 40|g1f1 e3f3 f1e1 e5c3|1630|76|97|14406|endgame mate mateIn2 short|https://lichess.org/15DobscR#79||TRUE|https://lichess.org/training/yjCKw
qkkLZ|3k4/6bp/3pQ3/1qpP2P1/1p6/pP1P2N1/P7/1K3R1R w - - 3 33|f1f7 b5d3 b1c1 g7b2|1630|75|97|23565|endgame fork mate mateIn2 short|https://lichess.org/rcV4kIcQ#65||TRUE|https://lichess.org/training/qkkLZ
YwC31|1k3b2/pp4pp/2p5/4P2P/6q1/P7/1PQ5/R6K w - - 0 27|c2h7 g4h3 h1g1 f8c5|1630|74|99|1295|endgame mate mateIn2 short|https://lichess.org/st487Hma#53||TRUE|https://lichess.org/training/YwC31
GsNHK|6k1/4b3/3p2p1/3Pp3/4P2P/3q1P2/1QpB2P1/4K3 w - - 8 48|d2c1 e7h4 g2g3 h4g3|1630|76|96|21380|endgame mate mateIn2 short|https://lichess.org/FIXSdaeB#95||TRUE|https://lichess.org/training/GsNHK
u3t1d|7k/pppb1Q1p/3p4/3P4/3q2P1/7P/P2K4/5R2 w - - 2 41|d2e1 d4e3 e1d1 d7a4|1631|75|88|429|endgame mate mateIn2 short|https://lichess.org/HJJjy7u4#81||TRUE|https://lichess.org/training/u3t1d
YK4Bz|r1b1k2r/1p1n3p/p1npQ1p1/q5B1/8/8/PPP2PPP/RN3RK1 b - - 2 15|e8f8 g5h6|1631|76|91|1125|mate mateIn1 oneMove opening|https://lichess.org/leQ6sXDk/black#30|Sicilian_Defense Sicilian_Defense_Modern_Variations|TRUE|https://lichess.org/training/YK4Bz
sK5vP|r1q2k1r/2pb4/pbpP2Q1/6Bp/3P2n1/5N2/PP3PPP/R4RK1 b - - 0 18|d7f5 g5e7|1631|78|64|181|mate mateIn1 middlegame oneMove|https://lichess.org/F8XVKE1l/black#36|Ruy_Lopez Ruy_Lopez_Berlin_Defense|TRUE|https://lichess.org/training/sK5vP
gV9oP|7k/pQ6/6b1/3P4/2P4P/1P3q2/P7/7K w - - 5 51|h1g1 f3g3 g1f1 g6d3|1631|75|97|2952|endgame mate mateIn2 short|https://lichess.org/XbNUpHRr#101||TRUE|https://lichess.org/training/gV9oP
MKkDE|5Q2/2q4k/2p4p/ppPb4/7P/8/PP6/R4RK1 w - - 8 37|f1f6 c7g3 g1f1 d5c4|1631|74|100|363|endgame mate mateIn2 short|https://lichess.org/YQL6BFaS#73||TRUE|https://lichess.org/training/MKkDE
Sks3T|r4k2/7p/2p1Q1n1/2q1p1B1/3pP2p/3P2PP/P7/2N3K1 b - - 5 31|a8e8 g5h6|1632|85|88|1727|endgame master masterVsMaster mate mateIn1 oneMove|https://lichess.org/8zuKzmMS/black#62||TRUE|https://lichess.org/training/Sks3T
FUE3q|r2k1r2/pp1nN3/3BQn2/3p4/8/8/q4PPP/2R3K1 b - - 0 24|f8e8 d6c7|1632|88|88|6065|mate mateIn1 middlegame oneMove|https://lichess.org/9gQZel4d/black#48||TRUE|https://lichess.org/training/FUE3q
WVBEW|r2k3r/ppp2Qpp/2n5/4p1q1/2B3b1/2PP2Pn/PBP4P/R3K1NR w KQ - 1 13|g1h3 g5e3 e1f1 g4h3|1635|151|58|14|intermezzo mate mateIn2 middlegame short|https://lichess.org/hJkqKVOE#25|Bishops_Opening Bishops_Opening_Vienna_Hybrid|TRUE|https://lichess.org/training/WVBEW
I2gmK|6k1/pp4p1/2p4p/3p2b1/3P2r1/2N1R2q/PPP2P2/R2Q2K1 w - - 8 25|e3g3 g4g3 f2g3 g5e3|1637|75|94|694|kingsideAttack mate mateIn2 middlegame short|https://lichess.org/JI0rIkCr#49||TRUE|https://lichess.org/training/I2gmK
bncrQ|8/p4Q2/1p1p3k/5P2/1PBb4/P4q2/8/5K2 w - - 4 58|f1e1 d4c3|1638|122|65|216|endgame master mate mateIn1 oneMove|https://lichess.org/NSr3ww7q#115||TRUE|https://lichess.org/training/bncrQ
tgOH3|4k3/8/2p1Q3/2B5/P7/2b3P1/3p1P1K/q2r4 b - - 7 41|e8d8 c5b6|1638|81|91|2686|endgame master mate mateIn1 oneMove|https://lichess.org/Nzjp5wNt/black#82||TRUE|https://lichess.org/training/tgOH3
q8cqW|8/p3kpQp/4pn2/1b6/3q1N2/6P1/1p3PBP/1R1KR3 w - - 0 30|d1c2 b5a4|1638|78|95|11450|mate mateIn1 middlegame oneMove|https://lichess.org/PSqVxoHF#59||TRUE|https://lichess.org/training/q8cqW
OtD71|8/5pk1/1Q1P3p/8/1P2b2P/4N1q1/8/6K1 w - - 1 58|g1f1 e4d3|1638|80|78|324|endgame mate mateIn1 oneMove|https://lichess.org/HDFShHro#115||TRUE|https://lichess.org/training/OtD71
SCKTO|3r3k/pp4p1/1b4Qp/2pN1p2/7R/1B5P/Pq4P1/7K b - - 1 27|d8d5 h4h6 g7h6 g6h6 h8g8 b3d5|1639|82|78|73|endgame long mate mateIn3 sacrifice|https://lichess.org/9pmbbSS5/black#54||TRUE|https://lichess.org/training/SCKTO
vxWHR|8/4Q3/p2pB1k1/3Pb3/1P6/5q2/P7/5K2 w - - 31 54|f1e1 e5c3|1639|86|66|317|endgame mate mateIn1 oneMove|https://lichess.org/0L6AiD93#107||TRUE|https://lichess.org/training/vxWHR
61rrE|4Q3/6p1/p4p1k/2p2b2/P4P1n/2P3q1/2NP2N1/R5K1 w - - 3 35|c2e3 h4f3 g1f1 f5d3|1639|75|89|170|mate mateIn2 middlegame short|https://lichess.org/Ync51Bxi#69||TRUE|https://lichess.org/training/61rrE
3Uyh9|1Q6/8/1p1k1q1p/p1p3pB/P1Pn4/1P5P/6K1/8 b - - 5 48|d6c6 h5e8|1640|82|87|742|endgame master mate mateIn1 oneMove|https://lichess.org/fFcbyMlE/black#96||TRUE|https://lichess.org/training/3Uyh9
3pYVI|8/Q5pk/7p/4q3/4b3/7P/7K/R7 w - - 1 55|h2g1 e5g3 g1f1 e4d3|1640|78|92|2286|endgame mate mateIn2 short|https://lichess.org/kd3l7Fmg#109||TRUE|https://lichess.org/training/3pYVI
yGRuq|6k1/P4pp1/7p/2p2P2/1p4P1/4BP1q/1P2Q2b/3r3K w - - 1 33|e2d1 h2f4 h1g1 f4e3|1641|75|91|508|discoveredAttack endgame mate mateIn2 short|https://lichess.org/c5rT8pjG#65||TRUE|https://lichess.org/training/yGRuq
2uhCX|2rkr3/3n2p1/p1n3P1/3p1QNp/3P1B1P/2q2P2/2P5/2KR4 b - - 1 23|c6d4 g5f7 d8e7 f4d6|1643|90|75|52|mate mateIn2 middlegame short|https://lichess.org/bpGRnoYx/black#46||TRUE|https://lichess.org/training/2uhCX
k0zZ9|6k1/p4p2/6R1/4BQpp/2q3r1/P6K/5P2/8 b - - 7 36|f7g6 f5g6 g8f8 e5d6|1643|75|94|1734|endgame mate mateIn2 short|https://lichess.org/k347vkOx/black#72||TRUE|https://lichess.org/training/k0zZ9
i7Ixj|6rk/5prp/1p3Q2/4N3/1P4b1/P3q1P1/7P/R1R3K1 w - - 0 30|g1f1 g4h3|1645|78|91|9602|mate mateIn1 middlegame oneMove|https://lichess.org/TpFHcIS4#59||TRUE|https://lichess.org/training/i7Ixj
bG9id|2k3r1/1p6/p1R5/2p1B1r1/Q1P1p1q1/4P3/P1P2P1K/8 b - - 1 37|b7c6 a4c6 c8d8 e5f6|1645|74|95|18174|endgame mate mateIn2 short|https://lichess.org/zzAlmze1/black#74||TRUE|https://lichess.org/training/bG9id
R2ng9|3r3k/2R3pp/p3Q3/1b2N3/1P6/P5qP/4B3/6K1 w - - 1 40|g1f1 d8d1|1646|82|92|259|master masterVsMaster mate mateIn1 middlegame oneMove pin|https://lichess.org/uSsMgO44#79||FALSE|https://lichess.org/training/R2ng9
ajFje|6k1/p7/1pb1p1p1/3BB2p/3P4/PN2b2P/1P3qP1/1Q5K b - - 0 31|c6d5 b1g6 g8f8 e5d6|1648|74|88|681|endgame mate mateIn2 short|https://lichess.org/MOligqVl/black#62||TRUE|https://lichess.org/training/ajFje
pF7A3|5Nk1/pp5p/4Q1p1/P5B1/3p4/1P1P4/2P2qnb/7K b - - 1 42|g8f8 g5h6|1648|87|88|1030|endgame master mate mateIn1 oneMove|https://lichess.org/HdacfoFR/black#84||TRUE|https://lichess.org/training/pF7A3
eBhtt|r1bq1b1r/pp4p1/n3k2p/3pQ3/2BP4/P7/1PP2PPP/R1B1K2R b KQ - 0 13|e6d7 c4b5|1649|95|66|137|mate mateIn1 oneMove opening|https://lichess.org/FkbTFcfh/black#26|Italian_Game Italian_Game_Two_Knights_Defense|TRUE|https://lichess.org/training/eBhtt
ghv5E|1q5k/8/3p3Q/2p2B2/2pp1P2/3P2PP/1r6/7K b - - 2 34|h8g8 f5e6|1650|79|91|284|endgame master mate mateIn1 oneMove|https://lichess.org/CuMjYWqu/black#68||TRUE|https://lichess.org/training/ghv5E
3G8ql|1rb2k1r/4n2p/2pN1pB1/2Bp3Q/2q2P2/p7/Pb4PP/3R1R1K b - - 0 28|c4c5 h5h6 f8g8 g6f7|1650|75|80|244|mate mateIn2 middlegame short|https://lichess.org/zGf66lVv/black#56||TRUE|https://lichess.org/training/3G8ql
NCdOJ|2Q5/3n2kp/3q2p1/p2p4/2bP3P/P1P2PN1/5P2/KR6 w - - 8 42|b1b7 d6a3 a1b1 c4d3|1651|74|90|223|endgame mate mateIn2 short|https://lichess.org/fOjxZvBq#83||TRUE|https://lichess.org/training/NCdOJ
FLNWi|6k1/p6p/1p4p1/2b1Q3/4Bp2/7P/q5PK/8 b - - 3 41|a2f2 e4d5 g8f8 e5f6 f8e8 d5c6|1653|75|91|1836|endgame long mate mateIn3|https://lichess.org/5vSIZDFb/black#82||TRUE|https://lichess.org/training/FLNWi
COeTq|8/6pk/6q1/p1Q4p/3Pb3/6r1/PP1N3B/2R3K1 w - - 0 37|h2g3 g6g3 g1f1 e4d3|1653|76|81|89|endgame mate mateIn2 short|https://lichess.org/xJnA2pU2#73||TRUE|https://lichess.org/training/COeTq
wyyvv|3R4/pp1Q1pk1/2p2p1p/1b6/4P3/4qP2/6PP/4K3 w - - 6 37|e1d1 b5a4|1654|86|87|2260|endgame mate mateIn1 oneMove|https://lichess.org/cGRLi4Z0#73||TRUE|https://lichess.org/training/wyyvv
Ws5uN|6rk/pp1R4/2p2p2/4q2p/N2pb2P/1Q4P1/P4P2/R5K1 w - - 1 35|b3f7 g8g3 f2g3 e5g3 g1f1 e4d3|1654|84|79|43|long master mate mateIn3 middlegame sacrifice|https://lichess.org/pJwDHt6N#69||TRUE|https://lichess.org/training/Ws5uN
1HtQG|6k1/5b2/5Qp1/4p3/3q4/P5P1/3K3P/5R2 w - - 4 43|d2e1 d4e3 e1d1 f7b3|1654|76|94|4134|endgame mate mateIn2 short|https://lichess.org/5jzLF38Z#85||TRUE|https://lichess.org/training/1HtQG
lv4IZ|2r5/5k2/2qp4/5QB1/1p6/1P6/1pP5/1K6 b - - 2 37|f7e8 f5e6 e8f8 g5h6|1656|76|85|64|endgame mate mateIn2 short|https://lichess.org/5n9328ae/black#74||TRUE|https://lichess.org/training/lv4IZ
7kqf2|6k1/7n/2p2pQ1/p2p3p/3B2pP/1BP2qP1/P1P2P1K/5b2 b - - 4 28|g8f8 d4c5|1656|83|89|1668|endgame master mate mateIn1 oneMove|https://lichess.org/qy2NmecR/black#56||TRUE|https://lichess.org/training/7kqf2
iqjhN|4k3/5RP1/3p3p/p2B4/P3P1b1/4qNP1/8/6K1 w - - 1 44|g1f1 g4h3|1656|78|87|1974|endgame mate mateIn1 oneMove|https://lichess.org/seHIl7NA#87||TRUE|https://lichess.org/training/iqjhN
dZmwD|6k1/5p2/4p2p/1p1pPb2/3P1Q2/3q4/8/2R3K1 w - - 0 33|f4h6 d3g3 g1f1 f5d3|1657|75|98|1423|endgame mate mateIn2 short|https://lichess.org/zex28vse#65||TRUE|https://lichess.org/training/dZmwD
SvLPz|r7/pp3Bk1/2p5/4p1pQ/3rPq2/2BP3P/PP4P1/6K1 b - - 7 31|d4d3 h5g6 g7f8 c3b4 c6c5 b4c5 d3d6 c5d6|1657|75|94|1016|endgame exposedKing mate mateIn4 veryLong|https://lichess.org/zzM9otrH/black#62||TRUE|https://lichess.org/training/SvLPz
Efwot|6k1/3Qbppp/8/8/p1P1R3/Pq1P4/1K5P/R7 w - - 4 36|b2c1 e7g5 e4e3 g5e3|1657|74|90|253|endgame mate mateIn2 short|https://lichess.org/Bj7Rvsm5#71||TRUE|https://lichess.org/training/Efwot
GkoCv|1rb4k/p2n4/1p3r1R/8/1P2B3/8/P2Q1PPP/q3N1K1 b - - 0 29|f6h6 d2h6 h8g8 e4d5|1659|74|87|172|mate mateIn2 middlegame short|https://lichess.org/wkkJMi9x/black#58||TRUE|https://lichess.org/training/GkoCv
JlHwl|5r1k/p6p/1p1p4/1Pp3p1/2PpQ1qb/P2P2P1/3B1K2/1R2R3 w - - 1 28|f2g2 g4g3 g2h1 g3h3 h1g1 h4f2|1659|75|95|2904|long mate mateIn3 middlegame|https://lichess.org/Umr7h29h#55||TRUE|https://lichess.org/training/JlHwl
Hj18l|1q4k1/5ppp/4p3/P1Bb4/3P4/6r1/7P/QR4K1 w - - 0 34|h2g3 b8g3 g1f1 d5c4|1659|75|98|1025|endgame mate mateIn2 short|https://lichess.org/t7s6aRVh#67||TRUE|https://lichess.org/training/Hj18l
837Vs|r3k2r/p2b2bp/1p1Qpqp1/1Bpp4/8/B1P5/P1P2PPP/R3R1K1 b kq - 3 17|e8c8 b5a6|1660|80|91|1341|mate mateIn1 middlegame oneMove|https://lichess.org/IdijdGrD/black#34|Petrovs_Defense Petrovs_Defense_Modern_Attack|TRUE|https://lichess.org/training/837Vs
wI0JQ|r5k1/ppbn1pp1/2p4p/2Pp4/3Pq3/4K3/PP2B3/R1BQR3 w - - 8 24|e3d2 c7a5 b2b4 a5b4|1661|75|92|558|mate mateIn2 middlegame short|https://lichess.org/k9yb6tS5#47||TRUE|https://lichess.org/training/wI0JQ
hyDQY|3q1rk1/1p2bppp/p3p1P1/4P3/4p1Q1/7P/PPrB1P2/2KR2R1 w - - 0 19|c1c2 d8d3 c2c1 f8c8 d2c3 c8c3 b2c3 e7a3|1661|74|95|14277|mate mateIn4 middlegame sacrifice veryLong|https://lichess.org/keiH1EIk#37|Caro-Kann_Defense Caro-Kann_Defense_Other_variations|TRUE|https://lichess.org/training/hyDQY
hHGbZ|5r2/2k3p1/7p/2Q5/8/1B5P/P5PK/5q2 b - - 5 47|c7b8 c5b6 b8c8 b3e6|1662|140|71|33|endgame mate mateIn2 short|https://lichess.org/HWvXldq6/black#94||TRUE|https://lichess.org/training/hHGbZ
zr6JG|r4Rkr/1b1pn2p/p2Np1nQ/1p5B/PP2P3/2q5/6PP/5RK1 b - - 5 25|a8f8 f1f8 g6f8 h5f7|1662|76|95|17553|kingsideAttack mate mateIn2 middlegame short|https://lichess.org/TVAZFogs/black#50||TRUE|https://lichess.org/training/zr6JG
129gU|1k6/8/pQ4b1/3B1p2/2pP3p/p1P5/2P1K3/6q1 b - - 10 55|b8c8 d5e6|1663|311|54|17|endgame master mate mateIn1 oneMove|https://lichess.org/BjfRud9V/black#110||TRUE|https://lichess.org/training/129gU
x6k8o|4R3/2p4k/3bQ3/1P3p1p/3p3P/5q2/8/5K2 w - - 0 42|f1e1 d6b4|1663|87|90|1921|endgame master mate mateIn1 oneMove|https://lichess.org/cAuSTPEg#83||TRUE|https://lichess.org/training/x6k8o
PKCD3|8/5k1p/p3p1p1/2rp4/2PQbqP1/P6P/8/R1R3K1 w - - 0 30|d4c5 f4g3 g1f1 e4d3|1664|75|97|5769|endgame mate mateIn2 short|https://lichess.org/BahqjSm4#59||TRUE|https://lichess.org/training/PKCD3
VNe8K|r3k3/4r3/pp1Q4/P1pPR3/2P2pb1/2KB4/6q1/8 b q - 0 36|e7e5 d3g6|1665|80|94|1349|endgame mate mateIn1 oneMove|https://lichess.org/v0pqcxAe/black#72||TRUE|https://lichess.org/training/VNe8K
E65n4|2k1r3/pp4pp/2pQ1n2/q3N3/8/3B3P/PP3P2/2R3K1 b - - 0 24|a5e5 c1c6 b7c6 d3a6|1666|109|73|26|endgame mate mateIn2 sacrifice short|https://lichess.org/xUIwVIFp/black#48||TRUE|https://lichess.org/training/E65n4
W91KI|5Q2/1pp2Rpk/3p2q1/3P3p/3Bb3/6r1/PP5P/6K1 w - - 0 28|h2g3 g6g3 g1f1 e4d3|1667|80|82|50|endgame mate mateIn2 short|https://lichess.org/Aofu9v3H#55||TRUE|https://lichess.org/training/W91KI
mbUow|3rr3/2pk3p/2Q3p1/3P4/4n3/4B3/P3qPPP/1R2b1KR b - - 2 24|d7e7 c6e6 e7f8 e3h6|1668|76|95|15691|fork mate mateIn2 middlegame short|https://lichess.org/eMmP8LTu/black#48||TRUE|https://lichess.org/training/mbUow
vz1IN|r2r2k1/pp3p2/2n1bpNQ/q3pB2/PbpP4/6P1/1P3P1P/R4RK1 b - - 8 23|f7g6 f5e6|1668|80|91|1912|hangingPiece kingsideAttack mate mateIn1 middlegame oneMove|https://lichess.org/uQHUJvGn/black#46||TRUE|https://lichess.org/training/vz1IN
oIsj9|5b1k/Q6p/1p2P2r/5p2/8/1B2q2P/PP4P1/3R2K1 w - - 0 28|g1h1 h6h3 g2h3 e3h3 h1g1 f8c5 d1d4 c5d4|1670|74|89|769|endgame mate mateIn4 sacrifice veryLong|https://lichess.org/Ht6PMG4L#55||TRUE|https://lichess.org/training/oIsj9
ZZasB|6k1/pp5p/4p1R1/2p1Br2/3P4/2P3Q1/P1P3PK/5q2 b - - 0 28|h7g6 g3g6 g8f8 e5d6|1671|76|44|77|endgame mate mateIn2 short|https://lichess.org/OxHXtrwb/black#56||TRUE|https://lichess.org/training/ZZasB
Qsgcw|5Q2/1pp4p/p1n3p1/4p2k/6PP/1B6/P1P3K1/4q3 b - - 0 38|h5h4 f8h6 h4g4 b3e6|1671|75|96|15514|endgame mate mateIn2 short|https://lichess.org/Sh1UgLDP/black#76||TRUE|https://lichess.org/training/Qsgcw
Brwyn|1k1r1b1r/1pp1pppp/8/QN3b2/3P4/4qPB1/PPP2K1P/R4n1R w - - 4 18|f2f1 f5h3|1674|80|92|8365|mate mateIn1 middlegame oneMove|https://lichess.org/EXolT72r#35|Scandinavian_Defense Scandinavian_Defense_Gubinsky-Melts_Defense|TRUE|https://lichess.org/training/Brwyn
ykMss|2Q5/5ppk/1B2p1bp/8/P2P1qP1/7P/7K/2R5 w - - 2 43|h2g1 f4g3 g1f1 g6d3|1674|75|95|603|endgame mate mateIn2 short|https://lichess.org/DxCM6G0T#85||TRUE|https://lichess.org/training/ykMss
8j4YB|8/2p2Qpk/p1PP3p/1p3b2/3P4/1B2q3/P6P/6K1 w - - 1 36|g1f1 f5h3|1674|86|84|807|endgame mate mateIn1 oneMove|https://lichess.org/1tD8ew1c#71||TRUE|https://lichess.org/training/8j4YB
FwXeG|1r2r1k1/pp3Rb1/2bP4/P6N/6p1/1BP1q1Pp/1P5P/R2Q2K1 w - - 1 31|g1f1 c6g2|1674|80|93|1331|master mate mateIn1 middlegame oneMove|https://lichess.org/JQZ1pdwX#61||TRUE|https://lichess.org/training/FwXeG
AFMOI|4bk2/5p2/5p2/8/3qN2Q/5P1P/6P1/6K1 w - - 11 42|g1f1 e8b5 f1e1 d4e3 e1d1 b5a4|1675|74|92|445|endgame long mate mateIn3|https://lichess.org/jUl7zdmd#83||TRUE|https://lichess.org/training/AFMOI
sBcX9|1Q1R3b/3K4/5p1k/3q4/8/8/8/8 w - - 13 60|d7e8 d5e6 e8f8 h8g7|1677|74|86|244|endgame mate mateIn2 short|https://lichess.org/NZjbKx5J#119||TRUE|https://lichess.org/training/sBcX9
kfpvq|8/p3p2k/1p1q2N1/3b2Q1/3P2P1/8/1P6/6K1 w - - 1 35|g6e7 d6g3 g1f1 d5c4|1678|75|93|455|endgame mate mateIn2 short|https://lichess.org/FAUWLgLx#69||TRUE|https://lichess.org/training/kfpvq
COmh4|3k4/ppp1b3/8/5q1r/2PP4/2N3K1/PP2Q1PP/6NR w - - 0 30|e2f3 e7h4|1679|75|96|697|mate mateIn1 middlegame oneMove|https://lichess.org/0CKEyb7M#59||TRUE|https://lichess.org/training/COmh4
GmNHA|r2r2k1/pb3p1p/1p2p1PQ/6R1/8/1B6/P1P2PPK/q7 b - - 1 24|h7g6 g5g6 f7g6 b3e6|1679|74|94|797|deflection mate mateIn2 middlegame sacrifice short|https://lichess.org/oibExMxn/black#48||TRUE|https://lichess.org/training/GmNHA
SQbMo|6k1/3N1p2/4pb1p/1QP5/1P2qP2/6P1/6KP/8 w - - 7 49|g2f2 f6d4 f2f1 e4f3 f1e1 d4c3|1680|75|96|8610|endgame long mate mateIn3|https://lichess.org/z6Z3FUvt#97||TRUE|https://lichess.org/training/SQbMo
CNLqV|4B2k/1p5p/p2q2pB/2p5/3Pb1P1/2P5/PP3Q2/R5K1 w - - 0 30|f2f7 d6g3 g1f1 e4d3|1680|75|94|3497|endgame mate mateIn2 short|https://lichess.org/x1mxHESD#59||TRUE|https://lichess.org/training/CNLqV
iS0SJ|8/5N1k/p3PQpp/2q2p2/P1b2P2/8/6PP/5K2 w - - 7 40|f1e1 c5e3 e1d1 c4b3|1681|74|94|696|endgame mate mateIn2 short|https://lichess.org/8dpQcg2g#79||TRUE|https://lichess.org/training/iS0SJ
jrtxO|8/1P6/8/2Bk3p/3P3P/5KP1/1b6/2q5 w - - 0 39|b7b8q c1f1 f3e3 b2c1|1682|74|100|283|endgame mate mateIn2 short|https://lichess.org/cmiXeHsJ#77||TRUE|https://lichess.org/training/jrtxO
9sfHx|7k/8/2P3p1/p3b2p/8/5B2/P1KQ2P1/5q2 b - - 4 45|f1a1 d2h6 h8g8 f3d5|1683|76|96|5170|endgame mate mateIn2 short|https://lichess.org/sjtxFkPA/black#90||TRUE|https://lichess.org/training/9sfHx
dMseb|r3k2r/ppp4p/2n1Q1p1/6B1/8/1PP5/2q2PPP/6K1 b - - 0 17|e8f8 g5h6|1685|77|90|1655|endgame mate mateIn1 oneMove|https://lichess.org/uukyr6qV/black#34|Scandinavian_Defense Scandinavian_Defense_Modern_Variation|TRUE|https://lichess.org/training/dMseb
ZbQTF|1b5k/6pp/p3Q3/1p6/8/P5qP/8/2R1K3 w - - 6 38|e1d1 g3d3 d1e1 b8g3|1685|77|96|18639|endgame mate mateIn2 short|https://lichess.org/3qUCETlm#75||TRUE|https://lichess.org/training/ZbQTF
oWdel|5Q2/pp1k4/2p5/2Bb4/8/2P3q1/PP6/6K1 w - - 4 31|g1f1 d5c4|1686|179|100|33|endgame mate mateIn1 oneMove|https://lichess.org/4mdPF5N0#61||TRUE|https://lichess.org/training/oWdel
x2ket|r2q2k1/5p2/p1p1Rb1Q/1p1p1B2/3P4/2P3PP/P4P2/6K1 b - - 0 27|f7e6 f5e6|1687|94|82|53|endgame mate mateIn1 oneMove|https://lichess.org/BwVishjV/black#54||TRUE|https://lichess.org/training/x2ket
ju8TZ|2k5/5p1p/3Q2p1/1B6/P2P1P2/8/3q1PKP/2q5 b - - 0 43|d2f4 b5a6|1689|85|88|2616|endgame master mate mateIn1 oneMove|https://lichess.org/xZhfEgAJ/black#86||TRUE|https://lichess.org/training/ju8TZ
KjLVr|r2q1b1k/pp1B4/2p1Q3/2R3pp/1P3p2/P7/5PPP/6K1 b - - 6 36|f8c5 e6h6 h8g8 d7e6|1691|75|89|1640|endgame mate mateIn2 short|https://lichess.org/eRsnxXs7/black#72||TRUE|https://lichess.org/training/KjLVr
c7SGc|8/2Bnk3/6rb/3Q4/2p5/2P2N1q/P4P2/1R4K1 w - - 1 37|c7g3 g6g3 f2g3 h6e3|1691|76|80|169|mate mateIn2 middlegame sacrifice short|https://lichess.org/sW6Yn7YK#73||TRUE|https://lichess.org/training/c7SGc
o7Pjw|8/2P2kpp/1q6/p7/2Rb1P2/1P2P3/6PP/1K6 w - - 0 29|c7c8q b6b3 b1c1 d4e3|1691|82|76|56|endgame mate mateIn2 short|https://lichess.org/ObA0gkf7#57||TRUE|https://lichess.org/training/o7Pjw
yVHeN|2b3k1/7p/p3p1N1/1p1pBr2/1P1P2Q1/P6P/2q3P1/6K1 b - - 0 30|h7g6 g4g6 g8f8 e5d6|1693|75|95|5734|endgame master mate mateIn2 short|https://lichess.org/XT7jN6Mx/black#60||TRUE|https://lichess.org/training/yVHeN
ZescW|1k6/8/pQ5p/1p6/1P6/P1r1PB2/5KPP/2q5 b - - 10 40|b8c8 f3g4|1694|76|94|269|endgame mate mateIn1 oneMove|https://lichess.org/vIhmi1ym/black#80||TRUE|https://lichess.org/training/ZescW
dWUUR|2k5/1p3p1p/2R3p1/4B3/P4P2/2Q1n2P/2P1q1PK/3r4 b - - 0 28|b7c6 c3c6 c8d8 e5f6|1694|76|86|252|endgame mate mateIn2 short|https://lichess.org/7Ft5UjCM/black#56||TRUE|https://lichess.org/training/dWUUR
uBOb5|6k1/pp6/6Qp/8/5B2/P5P1/1r3q1P/7K b - - 1 36|g8f8 f4d6|1695|78|92|889|endgame mate mateIn1 oneMove|https://lichess.org/yQxX292G/black#72||TRUE|https://lichess.org/training/uBOb5
YrVR1|3rk2r/1pp2ppp/p3R3/7q/8/1QB3R1/PP3PKn/8 b k - 0 25|f7e6 b3e6 e8f8 c3g7|1696|75|100|580|mate mateIn2 middlegame short|https://lichess.org/5Fx2TnEY/black#50||TRUE|https://lichess.org/training/YrVR1
x3sRT|7k/2pb1Q2/1p1p1P2/p2P2p1/P2q4/6B1/5KPP/5R2 w - - 8 45|f2e1 d4e3 e1d1 d7a4|1696|74|93|4997|endgame mate mateIn2 short|https://lichess.org/5an9wiw6#89||TRUE|https://lichess.org/training/x3sRT
ZBstQ|8/5k2/6Q1/5P2/4n3/P3Bb2/5P1K/3q4 b - - 2 41|f7e7 g6e6 e7f8 e3h6|1698|75|92|1635|endgame mate mateIn2 short|https://lichess.org/IPTIre4j/black#82||TRUE|https://lichess.org/training/ZBstQ
XBGea|r1bq3r/pp1kb1p1/2p4p/3NQ3/2BP4/8/PPP2PPP/2KR3R b - - 0 15|c6d5 c4b5|1698|75|100|1145|mate mateIn1 middlegame oneMove|https://lichess.org/xaxK2Qwn/black#30|Italian_Game Italian_Game_Two_Knights_Defense|TRUE|https://lichess.org/training/XBGea
zOl3d|8/p1n3Q1/1p1qp3/2k5/8/8/4B3/4K3 b - - 7 48|a7a5 g7c3 c5d5 e2f3|1698|75|82|242|endgame mate mateIn2 short|https://lichess.org/Ab63Ted8/black#96||TRUE|https://lichess.org/training/zOl3d
9itYs|5k2/6b1/1p6/2pP2QP/2P1qp2/P7/8/4K1R1 w - - 0 56|e1f1 e4f3 f1e1 g7c3|1700|74|96|9038|endgame mate mateIn2 short|https://lichess.org/RazTYnjV#111||TRUE|https://lichess.org/training/9itYs
8Evwj|1k5r/8/1Q6/3p4/3p3r/2bB2p1/P1P3P1/6K1 b - - 2 34|b8c8 d3f5|1700|87|88|5672|endgame master masterVsMaster mate mateIn1 oneMove|https://lichess.org/trm4gJCS/black#68||TRUE|https://lichess.org/training/8Evwj
Qe3Fd|2kr3r/pp1n1ppp/2pQ4/P3Pb2/4PPn1/2R5/1P4PP/2qNKB1R b K - 1 16|c1f4 c3c6 b7c6 f1a6|1700|75|97|348|mate mateIn2 middlegame queensideAttack sacrifice short|https://lichess.org/ndEn8lqz/black#32|Slav_Defense Slav_Defense_Czech_Variation|TRUE|https://lichess.org/training/Qe3Fd
UZAjn|1r5k/1pp4p/p2bQ3/3P1B2/6Pq/1P2P2P/P5K1/4R3 w - - 3 34|e1g1 h4g3 g2f1 g3f3 f1e1 d6b4|1701|77|76|61|endgame long mate mateIn3|https://lichess.org/SfTjQeb5#67||TRUE|https://lichess.org/training/UZAjn
yiAno|5k2/7p/5Qpq/3B1p2/3P4/3K4/Pr6/8 b - - 9 46|f8e8 d5c6|1702|80|89|2612|endgame master mate mateIn1 oneMove|https://lichess.org/QWbtGwIG/black#92||TRUE|https://lichess.org/training/yiAno
v16Ph|4k3/1p6/pbp1Q3/6p1/2P2p1r/P7/1qB2PPB/3b2K1 b - - 3 41|e8d8 e6d6 d8e8 c2g6|1702|82|77|49|fork mate mateIn2 middlegame short|https://lichess.org/CmuM6D1l/black#82||TRUE|https://lichess.org/training/v16Ph
n0Oz5|5q2/k7/p2p4/1p1Bp2p/4P3/P2PQ3/KP3r2/8 b - - 5 41|a7b8 e3b6 b8c8 d5e6|1704|77|78|103|endgame mate mateIn2 short|https://lichess.org/u8Fkt7PD/black#82||TRUE|https://lichess.org/training/n0Oz5
UqFt6|8/1p5p/2p2npQ/p7/7k/1Bq5/P4PPK/8 b - - 1 30|h4g4 b3e6|1705|82|71|313|endgame master masterVsMaster mate mateIn1 oneMove|https://lichess.org/OXNU8CCE/black#60||TRUE|https://lichess.org/training/UqFt6
04mRD|6k1/Qppb2p1/6p1/6B1/4PR2/6q1/P1P5/6K1 w - - 2 27|g1f1 d7b5 c2c4 b5c4|1706|75|97|3559|endgame mate mateIn2 short|https://lichess.org/9Ks2OWkX#53||TRUE|https://lichess.org/training/04mRD
Nuuuo|rn1q3k/pp6/2p1p2Q/3p1B2/8/2P4P/PP3PP1/6K1 b - - 1 20|h8g8 f5e6|1706|88|68|402|endgame mate mateIn1 oneMove|https://lichess.org/ffGeV5R6/black#40||TRUE|https://lichess.org/training/Nuuuo
5zviM|5k2/p7/4pQ2/2b4p/8/5P2/P1B2q1P/7K b - - 2 35|f8e8 c2a4|1707|82|90|6318|endgame master masterVsMaster mate mateIn1 oneMove|https://lichess.org/CRcWEiZb/black#70||TRUE|https://lichess.org/training/5zviM
9kjrL|2r2kR1/8/4p3/b2pB3/p2P1P2/2PQ3P/P2K4/q7 b - - 4 42|f8g8 d3g6 g8f8 e5d6|1707|75|99|212|endgame master mate mateIn2 short|https://lichess.org/VxeknBZr/black#84||TRUE|https://lichess.org/training/9kjrL
0rsnc|2r5/2q1b1kR/p2p2p1/4pP2/8/6Q1/1PP3B1/1K4n1 b - - 0 30|g7h7 g3g6 h7h8 g6h6 h8g8 g2d5|1707|75|95|15098|endgame long mate mateIn3|https://lichess.org/TGmsVyyr/black#60||TRUE|https://lichess.org/training/0rsnc
OlI8V|r1qk3r/p1p2Npp/2Q1b3/3p4/3P4/B7/P4PPP/b3R1K1 b - - 0 17|e6f7 a3e7|1708|344|0|9|mate mateIn1 middlegame oneMove|https://lichess.org/RoH12mCb/black#34|Italian_Game Italian_Game_Giuoco_Piano|TRUE|https://lichess.org/training/OlI8V
1aInl|r1bq1r2/pp1kb1p1/2p4p/3NQ3/2BP4/8/PPP2PPP/R4RK1 b - - 0 15|c6d5 c4b5|1710|79|82|453|mate mateIn1 middlegame oneMove|https://lichess.org/l9c0vDfF/black#30|Italian_Game Italian_Game_Two_Knights_Defense|TRUE|https://lichess.org/training/1aInl
g3AIH|8/5k1p/4pbp1/1Q6/4qP2/1P1p2P1/7P/5BK1 w - - 0 45|f1d3 f6d4 g1f1 e4f3 f1e1 d4c3|1712|75|93|1761|endgame long master mate mateIn3|https://lichess.org/hM2MyHjJ#89||TRUE|https://lichess.org/training/g3AIH
2u8q9|8/6k1/6p1/2p1Qp2/7P/3P4/Prq3B1/2n4K b - - 1 35|g7f7 g2d5 f7f8 e5f6 f8e8 d5c6|1712|75|98|1236|endgame long master mate mateIn3|https://lichess.org/MKwtwyAb/black#70||TRUE|https://lichess.org/training/2u8q9
aFehY|r2qkr2/pb3p2/2pQR3/1p2N3/2pP4/2n3P1/P3BPP1/R4K2 b q - 0 21|f7e6 e2h5 f8f7 h5f7|1713|76|87|196|attackingF2F7 mate mateIn2 middlegame short|https://lichess.org/Gfdemkvt/black#42||TRUE|https://lichess.org/training/aFehY
JyHxZ|6k1/6p1/ppq1p1Qp/2b5/8/5rP1/PP2P2P/R4K2 w - - 0 24|e2f3 c6f3 f1e1 c5b4|1715|76|97|3395|endgame mate mateIn2 short|https://lichess.org/lNfTKOKs#47||TRUE|https://lichess.org/training/JyHxZ
CTQOT|6k1/1p3p2/6Rp/3p4/2nB4/6P1/r2q1P1P/1Q4K1 b - - 0 34|f7g6 b1g6 g8f8 d4c5 c4d6 c5d6|1715|74|88|466|endgame exposedKing long mate mateIn3|https://lichess.org/rtDKoW62/black#68||TRUE|https://lichess.org/training/CTQOT
iYgne|1k6/1p6/8/2QPqp2/4b2p/R5r1/PP6/2R3K1 w - - 0 36|a3g3 e5g3 g1f1 e4d3|1716|75|97|17500|endgame mate mateIn2 short|https://lichess.org/RUhO6H7d#71||TRUE|https://lichess.org/training/iYgne
uIf1a|8/5p1k/1Q1pb3/p7/2P5/P4Pq1/1P6/R5K1 w - - 0 31|g1f1 e6c4|1716|86|82|304|endgame mate mateIn1 oneMove|https://lichess.org/f2Dq1gPl#61||TRUE|https://lichess.org/training/uIf1a
kCIju|r1b1k2r/pp1p4/4p1Q1/8/8/N7/PbPBKP1P/q7 b - - 0 20|e8f8 d2b4 d7d6 b4d6|1717|75|80|148|mate mateIn2 middlegame short|https://lichess.org/QzQM6Yet/black#40||TRUE|https://lichess.org/training/kCIju
QuHll|r4bQ1/3pk1p1/p7/1p1P2p1/1B6/8/PP4qP/R2K4 b - - 1 22|d7d6 g8e6 e7d8 b4a5|1717|75|93|1365|endgame mate mateIn2 short|https://lichess.org/NGio3SYF/black#44||TRUE|https://lichess.org/training/QuHll
BDCH7|2k4r/1p3pp1/1PRQp3/4bq1p/7P/P4P2/4BP2/4K2R b K - 0 29|b7c6 e2a6|1717|86|59|363|endgame mate mateIn1 oneMove|https://lichess.org/FmvwZFVr/black#58||TRUE|https://lichess.org/training/BDCH7
80Z73|Q7/6pk/P4p1p/8/1bq5/5N1P/5PP1/4K3 w - - 5 44|e1d1 c4d3 d1c1 b4a3|1717|82|82|63|endgame mate mateIn2 short|https://lichess.org/adk66LjT#87||TRUE|https://lichess.org/training/80Z73
VqBTa|8/6kp/6p1/p1b1Q3/5P1P/6PK/5qB1/6q1 b - - 4 46|g7g8 g2d5 g8f8 e5f6 f8e8 d5c6|1718|77|88|99|endgame long master mate mateIn3|https://lichess.org/6ZTXDjJI/black#92||TRUE|https://lichess.org/training/VqBTa
hEZq0|r2r2k1/8/1p4Q1/p4P2/3p4/6K1/PB2p1PP/3q4 b - - 2 38|g8f8 b2a3 d8d6 a3d6|1718|75|83|78|endgame mate mateIn2 short|https://lichess.org/PMuTE983/black#76||TRUE|https://lichess.org/training/hEZq0
0WOUq|6rr/pNk5/Bbp5/4n1qp/1Q1pP1n1/5R2/PPP3PP/4R2K b - - 2 24|e5f3 b4d6 c7c8 b7c5|1719|77|91|2140|discoveredAttack mate mateIn2 middlegame short|https://lichess.org/nlOZX1pv/black#48||TRUE|https://lichess.org/training/0WOUq
KfsqT|1r5k/2p5/2nq3p/5B2/1p4P1/pP2Q2P/P5K1/3R4 b - - 0 39|d6d1 e3h6 h8g8 f5e6|1720|75|98|1865|endgame fork mate mateIn2 short|https://lichess.org/vscIpcFs/black#78||TRUE|https://lichess.org/training/KfsqT
vfiLc|6k1/p6p/1p4R1/3bB3/2pPp1Q1/2P3PK/2P2q1P/5r2 b - - 0 31|h7g6 g4g6 g8f8 e5d6|1721|108|71|71|endgame mate mateIn2 short|https://lichess.org/qTysFF23/black#62||TRUE|https://lichess.org/training/vfiLc
pqbcy|r2qkb1r/ppp4p/2n1QPp1/6B1/8/2PP4/PP4PP/RN4K1 b kq - 0 15|f8e7 f6f7 e8f8 g5h6|1721|76|99|930|advancedPawn mate mateIn2 middlegame pin short|https://lichess.org/mMu7YvyK/black#30|Kings_Gambit Kings_Gambit_Other_variations|TRUE|https://lichess.org/training/pqbcy
BqAB4|8/p5k1/6pp/p3Qp2/2P5/q7/1r3PB1/5K2 b - - 1 36|g7f7 g2d5 f7f8 e5f6 f8e8 d5c6|1722|76|97|1599|endgame long mate mateIn3|https://lichess.org/rPVMJljN/black#72||TRUE|https://lichess.org/training/BqAB4
MduLB|3k3r/6bp/2Q1Ppp1/q7/8/6BP/5PPK/3r4 b - - 4 34|f6f5 g3h4 g6g5 h4g5 g7f6 g5f6|1722|77|95|14014|endgame exposedKing long mate mateIn3|https://lichess.org/wN6aG6GB/black#68||TRUE|https://lichess.org/training/MduLB
ySEpY|5k2/2QP1p2/1p3b1p/4p3/8/4q3/P7/2R1K3 w - - 4 38|e1d1 e3d3 d1e1 f6h4|1723|74|99|2853|endgame mate mateIn2 short|https://lichess.org/mrHNFyun#75||TRUE|https://lichess.org/training/ySEpY
SVWx5|1rk5/1q3p1p/3Qp1p1/3pP3/3P4/4B2P/1PP3P1/4K2n b - - 10 30|b7b2 d6c6 c8d8 e3g5 f7f6 g5f6|1723|75|96|6119|endgame exposedKing long mate mateIn3|https://lichess.org/n3FwHtuS/black#60||TRUE|https://lichess.org/training/SVWx5
DGWhl|7k/1p2R3/p3Q3/7p/3b4/2q2r2/P5PP/5K2 w - - 0 38|g2f3 c3f3 f1e1 d4c3|1723|73|95|16033|endgame mate mateIn2 short|https://lichess.org/8ccgaCdW#75||TRUE|https://lichess.org/training/DGWhl
AymXE|7k/pp3p2/4pP2/4P3/5b1q/2B2QrP/PP4P1/3R3K w - - 5 35|f3b7 g3h3 g2h3 h4h3 h1g1 f4e3|1724|77|94|1723|endgame long mate mateIn3 sacrifice|https://lichess.org/jHT35WG3#69||TRUE|https://lichess.org/training/AymXE
s2yLr|1k1r2r1/pp1N1p2/P1B5/3p1b1p/3Qn2q/2P1P3/1P3Pp1/R1R3K1 b - - 2 26|f5d7 d4e5 e4d6 e5d6 b8c8 c6b7|1724|75|89|136|long mate mateIn3 middlegame queensideAttack|https://lichess.org/2QG9iZhu/black#52||TRUE|https://lichess.org/training/s2yLr
Fayjr|2Q5/4bpk1/2P3p1/4P1P1/2qN1P2/4P3/3K4/8 w - - 5 52|c8d7 e7b4 d2d1 c4d3 d1c1 b4a3|1725|74|99|467|endgame long master mate mateIn3|https://lichess.org/OZx0R1v0#103||TRUE|https://lichess.org/training/Fayjr
YZRIq|5Q2/7p/6p1/q3p1k1/2B4P/2pP4/4n1PK/8 b - - 0 45|g5h4 f8h6 h4g4 c4e6|1725|75|93|1166|endgame mate mateIn2 short|https://lichess.org/2cMHI4Bk/black#90||TRUE|https://lichess.org/training/YZRIq
lmsVw|r5k1/1p3p1p/p2p2p1/2pPb1Q1/2P1Pn2/3B3q/PP2N3/R3R1K1 w - - 2 21|e2f4 e5d4 e1e3 d4e3|1725|82|86|38|kingsideAttack master masterVsMaster mate mateIn2 middlegame short|https://lichess.org/TJ34oxAl#41||TRUE|https://lichess.org/training/lmsVw
nHdMz|3r3k/p5b1/1p6/1P3BpQ/3q4/P4P1P/5P2/6K1 b - - 0 39|g7h6 h5h6 h8g8 f5e6|1726|76|92|277|endgame hangingPiece mate mateIn2 short|https://lichess.org/FarohhKV/black#78||TRUE|https://lichess.org/training/nHdMz
Yq2pD|6r1/p6R/1bQ3pk/5P1p/4B2P/4q1PK/8/8 b - - 2 39|h6h7 f5g6 h7h6 g6g7 h6g7 c6g6 g7f8 g6f6 f8e8 e4c6|1728|74|95|20789|advancedPawn attraction discoveredAttack endgame mate mateIn5 veryLong|https://lichess.org/9syHr10U/black#78||TRUE|https://lichess.org/training/Yq2pD
22q2q|2r5/4p2p/Q2q2k1/3p4/4b1P1/4B2P/P7/R5K1 w - - 1 25|a6c8 d6g3 g1f1 e4d3|1728|74|95|522|endgame fork mate mateIn2 short|https://lichess.org/AnnFEXZh#49||TRUE|https://lichess.org/training/22q2q
rYlcs|5k2/7p/1pp1Q1p1/6B1/1P6/7P/P3pqRK/8 b - - 6 42|e2e1q g5h6|1728|79|94|1131|endgame mate mateIn1 oneMove|https://lichess.org/pBdK3Nh3/black#84||TRUE|https://lichess.org/training/rYlcs
IXHDQ|2rr3k/p5p1/Q6R/5B2/2pqP3/6P1/P4PPK/8 b - - 0 36|g7h6 a6h6 h8g8 f5e6|1729|75|97|2087|endgame master mate mateIn2 short|https://lichess.org/mqOjIkfq/black#72||TRUE|https://lichess.org/training/IXHDQ
GP82D|4B2k/1p4b1/1p4Q1/8/6P1/r6q/5P2/2R3K1 w - - 0 31|e8f7 a3g3 f2g3 g7d4|1730|75|96|22684|endgame mate mateIn2 sacrifice short|https://lichess.org/buUR4cOk#61||TRUE|https://lichess.org/training/GP82D
CSrNY|2Q5/4kppp/5n2/3q2B1/1b6/3BP3/P3KPPP/3b2NR w - - 12 30|e2d1 d5d3 d1c1 b4a3|1730|100|79|61|hangingPiece mate mateIn2 middlegame short|https://lichess.org/9yKkb8dF#59||TRUE|https://lichess.org/training/CSrNY
fB9sM|7k/pQ3p1p/2R1pb2/8/2B5/1P3Rrq/P1P5/6K1 w - - 0 30|f3g3 f6d4 g3e3 d4e3|1731|76|85|237|endgame mate mateIn2 short|https://lichess.org/wPpfG9nT#59||TRUE|https://lichess.org/training/fB9sM
InQSV|r5k1/1pp1r1pp/3b4/p2p3Q/8/2PqP1P1/PP1N1PP1/R3K2R w KQ - 3 23|a1d1 e7e3 f2e3 d6g3|1732|75|97|670|deflection mate mateIn2 middlegame sacrifice short|https://lichess.org/o5vS83rz#45||TRUE|https://lichess.org/training/InQSV
T66Yj|2r2k1r/1b6/p4Q2/6p1/4P3/3P2BP/PPq3P1/K7 b - - 4 33|f8g8 f6g6 g8f8 g3d6|1732|75|94|724|endgame mate mateIn2 short|https://lichess.org/mEBG3Wfy/black#66||TRUE|https://lichess.org/training/T66Yj
GwIQp|1k6/pppq4/3p2p1/4b3/2P1Q2p/2N2P2/PP1B4/7K w - - 3 32|e4g6 d7h3 h1g1 e5d4 d2e3 d4e3|1732|77|94|398|endgame exposedKing long mate mateIn3|https://lichess.org/CKtbIAzY#63||TRUE|https://lichess.org/training/GwIQp
dAirP|6k1/5p1p/1Rp1p2Q/2Bpq3/4b1P1/P1P2r1P/5P1K/8 w - - 0 36|h2g1 f3g3 f2g3 e5g3 g1f1 e4d3|1732|75|98|230|endgame long mate mateIn3 sacrifice|https://lichess.org/pglUgXxQ#71||TRUE|https://lichess.org/training/dAirP
QdC2i|5k2/8/p4Q2/1p3p2/2p5/4Bq2/PPP4K/3r4 b - - 0 35|f8e8 f6e6 e8f8 e3h6|1733|75|95|13378|endgame mate mateIn2 short|https://lichess.org/bUCsDVNN/black#70||TRUE|https://lichess.org/training/QdC2i
eEGJX|3k4/8/5Q1p/4B1p1/4p3/3q3P/3r1PPK/8 b - - 14 46|d8c8 f6c6 c8d8 e5f6|1733|75|94|1526|endgame mate mateIn2 short|https://lichess.org/1wftPCLE/black#92||TRUE|https://lichess.org/training/eEGJX
1zCKV|r5k1/8/4Q3/4p3/p6p/6qP/8/5B1K b - - 1 59|g8h8 e6h6 h8g8 f1c4|1733|77|93|5117|endgame mate mateIn2 short|https://lichess.org/9v9r2xGh/black#118||TRUE|https://lichess.org/training/1zCKV
Be0d8|5k2/6pb/pp1p4/3Pp3/1P3qP1/PB5P/5Q2/6K1 w - - 2 32|f2b6 f4g3 g1f1 h7d3|1733|75|96|464|endgame fork mate mateIn2 short|https://lichess.org/PvIBaaog#63||TRUE|https://lichess.org/training/Be0d8
O1xj4|1q3rk1/5ppp/Q1p1p3/8/2NPb3/1P2P1rP/5P2/R1R3K1 w - - 0 28|f2g3 b8g3 g1f1 e4d3|1734|75|87|346|mate mateIn2 middlegame short|https://lichess.org/XKIaMbZy#55||TRUE|https://lichess.org/training/O1xj4
etM2K|5rk1/pp5p/2p2np1/8/2b1P3/2NrqP1N/1PP3PQ/3KR3 w - - 0 22|c2d3 c4b3|1734|80|87|224|mate mateIn1 middlegame oneMove|https://lichess.org/5LC1G7A5#43||TRUE|https://lichess.org/training/etM2K
zjuOz|1B1k3r/p5p1/1bpQ1p1p/8/2BP2b1/7q/2P1RP2/3K4 b - - 1 29|d8c8 c4a6|1735|79|89|2323|mate mateIn1 middlegame oneMove|https://lichess.org/KZiBu0P5/black#58||TRUE|https://lichess.org/training/zjuOz
NJexG|6k1/1p2brp1/p3Qn1p/2r5/8/2Pq2NP/PP1B2P1/2KR3R w - - 1 24|d2e3 c5c3 b2c3 e7a3|1736|73|96|19187|clearance mate mateIn2 middlegame queensideAttack sacrifice short|https://lichess.org/xP8PqDE4#47||TRUE|https://lichess.org/training/NJexG
bn1Fy|r1b1k2r/5ppp/pp1p4/4p3/2PnP3/2N1qPP1/PP2B2P/R2QK2R w KQkq - 5 16|c3d5 d4f3 e1f1 c8h3|1737|76|90|1251|mate mateIn2 middlegame short|https://lichess.org/vtJDOCWh#31|Sicilian_Defense Sicilian_Defense_Kalashnikov_Variation|TRUE|https://lichess.org/training/bn1Fy
pu203|r2q1r2/1p2k1p1/2b1p1Q1/1p1p2N1/3B4/b6P/5PP1/5RK1 b - - 3 25|d8e8 g6e6 e7d8 d4b6|1738|77|90|1295|mate mateIn2 middlegame short|https://lichess.org/Q0qC9nUD/black#50||TRUE|https://lichess.org/training/pu203
5RSsp|3k4/p7/1p3Q1b/3B4/2p3K1/4q3/PP5P/8 b - - 9 40|d8e8 d5c6|1739|75|95|3879|endgame mate mateIn1 oneMove|https://lichess.org/e8A9xLGa/black#80||TRUE|https://lichess.org/training/5RSsp
qVWYK|6k1/p2p3p/1p2p1B1/3b4/8/2B3Q1/PP3KPP/3q4 b - - 0 27|h7g6 g3g6 g8f8 c3b4 d7d6 b4d6|1741|75|81|255|endgame exposedKing long mate mateIn3|https://lichess.org/AsBuycui/black#54||TRUE|https://lichess.org/training/qVWYK
noyV4|2k5/7p/3Qp1p1/4N3/8/6P1/3p1PKP/4qB2 b - - 9 40|d2d1q f1a6|1742|76|94|10978|endgame master mate mateIn1 oneMove|https://lichess.org/qIGPQ0aU/black#80||TRUE|https://lichess.org/training/noyV4
CeJpR|2r1k3/8/6Q1/3p2p1/5p2/Np3PnP/1P4PK/1B2q3 b - - 2 39|e8d8 g6d6 d8e8 b1g6|1743|75|96|14749|endgame mate mateIn2 short|https://lichess.org/HED0cVIc/black#78||TRUE|https://lichess.org/training/CeJpR
lmdgV|r6k/6b1/p3Q3/2p4P/1p1R4/q7/P1P1BP2/1K6 b - - 0 30|g7d4 e6h6 h8g8 e2c4|1743|157|41|15|endgame mate mateIn2 short|https://lichess.org/qyRsftgn/black#60||TRUE|https://lichess.org/training/lmdgV
8arQc|8/2p4p/6p1/6k1/2B1q3/1Pb3PQ/7P/7K w - - 1 38|h1g1 c3d4 g1f1 e4f3 f1e1 d4c3|1744|75|89|128|endgame long mate mateIn3|https://lichess.org/8xNVfPxY#75||TRUE|https://lichess.org/training/8arQc
yMMxu|2k3r1/1p6/p1R4p/4B3/P1QPp1q1/2P3Pn/1P4K1/8 b - - 0 31|b7c6 c4c6 c8d8 e5f6|1747|78|85|165|endgame mate mateIn2 short|https://lichess.org/YxIUsmnt/black#62||TRUE|https://lichess.org/training/yMMxu
7Z1Pu|6k1/p3Q3/7p/2p2pP1/2Pb1p1P/1P1B1q2/P7/5K2 w - - 5 36|f1e1 d4c3|1748|82|90|1906|endgame master mate mateIn1 oneMove|https://lichess.org/wBzzjdPT#71||TRUE|https://lichess.org/training/7Z1Pu
tUWdz|1k2r2r/ppp2pp1/2nb4/3p3p/3P4/1QPqBB1P/PP3PP1/R3K2R w KQ - 2 20|a1d1 e8e3 f2e3 d6g3|1748|76|96|766|mate mateIn2 middlegame sacrifice short|https://lichess.org/dyx1k62e#39||TRUE|https://lichess.org/training/tUWdz
8m59b|Q6r/p2qkppp/1p6/2b1p3/8/2Pn2P1/P2PNP1P/1RB2K1R w - - 1 16|a8h8 d7h3 f1g1 c5f2|1748|75|84|930|mate mateIn2 middlegame short|https://lichess.org/YlRnQ7TR#31|Scandinavian_Defense Scandinavian_Defense_Panov_Transfer|TRUE|https://lichess.org/training/8m59b
oPtvd|5rk1/ppN2ppp/2n5/3p2q1/3p2b1/6B1/PPP1KP1P/R2QR3 w - - 6 18|f2f3 g5e3 e2f1 g4h3|1749|87|77|35|mate mateIn2 middlegame short|https://lichess.org/EBoMYjkr#35|Four_Knights_Game Four_Knights_Game_Scotch_Variation|TRUE|https://lichess.org/training/oPtvd
llhaj|3r1k2/pp5r/5PQ1/2Nb4/8/2P1q3/PP2B3/3KR3 w - - 5 31|g6h7 d5b3|1749|77|81|271|doubleCheck mate mateIn1 middlegame oneMove|https://lichess.org/BVmzxRWa#61||TRUE|https://lichess.org/training/llhaj
sIcHe|2R5/5P1k/p3R3/5p2/2Bb4/5qPp/P6P/4K3 w - - 3 48|f7f8q d4c3|1749|76|100|137|endgame master mate mateIn1 oneMove|https://lichess.org/d6IMVJLH#95||TRUE|https://lichess.org/training/sIcHe
UVLVn|6RQ/2p3n1/2p3kp/3b4/P2B1q2/2P4P/8/7K w - - 4 46|h1g1 f4g3 g1f1 d5c4|1750|75|83|145|endgame mate mateIn2 short|https://lichess.org/z08oj3lF#91||TRUE|https://lichess.org/training/UVLVn
E3MLd|7b/3b1k2/3p2p1/6P1/1p2pP2/1P2q1N1/1B6/3Q1K2 w - - 0 30|b2h8 d7h3|1750|76|93|792|endgame master mate mateIn1 oneMove|https://lichess.org/1o9lOTcj#59||TRUE|https://lichess.org/training/E3MLd
d6SvQ|2N1Q3/5pk1/3b1p2/8/3P4/4Pqp1/P4P2/4K3 w - - 2 38|f2g3 d6b4|1750|81|91|8970|endgame mate mateIn1 oneMove|https://lichess.org/BGUifty3#75||TRUE|https://lichess.org/training/d6SvQ
liSS9|6r1/8/4p1pk/p1Q4p/4BP2/1q2PK1P/6P1/8 b - - 9 39|a5a4 c5g5 h6h7 g5h5 h7g7 h5g6 g7f8 g6f6 f8e8 e4c6|1751|73|94|17260|deflection endgame mate mateIn5 pin veryLong|https://lichess.org/PUhxMPVj/black#78||TRUE|https://lichess.org/training/liSS9
kFDsQ|2R5/3P2pk/7p/4p1b1/4b3/6qP/6P1/6QK w - - 0 45|d7d8q g3h3 g1h2 e4g2 h1g1 g5e3|1752|75|95|10700|endgame long mate mateIn3 pin|https://lichess.org/6VIYc9RN#89||TRUE|https://lichess.org/training/kFDsQ
LBqXg|2r3k1/p4p2/1p3RpQ/1b1pP2p/3q4/1B5P/P5PK/R7 b - - 2 32|d4a1 f6g6 f7g6 b3d5|1753|75|94|456|endgame mate mateIn2 sacrifice short|https://lichess.org/L1qt4Ysv/black#64||TRUE|https://lichess.org/training/LBqXg
qBKhf|8/pp1k4/2p5/4QB1p/1P1P2bq/8/1P2p1P1/6K1 b - - 7 45|d7d8 e5d6 d8e8 f5g6|1753|76|75|175|endgame mate mateIn2 short|https://lichess.org/GCuEmvm4/black#90||TRUE|https://lichess.org/training/qBKhf
wSXgI|4k3/1b6/p3Q3/1p1p4/3q1P2/3B3P/PP4PK/2r5 b - - 0 34|e8d8 e6d6 d8e8 d3g6|1753|76|96|6711|endgame mate mateIn2 short|https://lichess.org/Y6zz61rk/black#68||TRUE|https://lichess.org/training/wSXgI
upk3N|8/2p2Qpk/p2q3p/1p3p2/4b3/1PB4n/1P4P1/R5K1 w - - 0 28|g2h3 d6g3 g1f1 e4d3|1754|90|88|99|endgame mate mateIn2 short|https://lichess.org/YaRNeaKe#55||TRUE|https://lichess.org/training/upk3N
zv4jM|r2r2k1/2N1Qppp/1p6/p7/4P3/3B4/bPP2qPP/2K4R w - - 0 23|c7a8 f2e3 c1d1 d8d3 c2d3 a2b3|1754|76|94|1211|long mate mateIn3 middlegame queensideAttack sacrifice|https://lichess.org/7z6Pz0vz#45||TRUE|https://lichess.org/training/zv4jM
iGqKD|q2r4/1b3k2/8/1p3Q2/2p5/2P1B3/1P4PP/6K1 b - - 8 34|f7e8 f5e6 e8f8 e3h6|1754|73|95|16950|endgame mate mateIn2 short|https://lichess.org/zy4lXbje/black#68||TRUE|https://lichess.org/training/iGqKD
LW1XT|r2r2k1/1p4p1/pnp1b1P1/2bpp2Q/P3P2B/1B1Pq2N/1Pn1N2P/R3K2R w KQ - 0 21|b3c2 c5b4 e1f1 e6h3|1755|76|95|961|mate mateIn2 middlegame short|https://lichess.org/qaBLTVmF#41||TRUE|https://lichess.org/training/LW1XT
S24Dz|r5rk/2p5/1p1p1p1p/pP6/P3P1RP/2P3q1/3Q2P1/3B2K1 b - - 2 32|g8g4 d2h6 h8g8 d1b3 d6d5 b3d5|1755|75|92|988|endgame exposedKing long mate mateIn3|https://lichess.org/lGD8ejOw/black#64||TRUE|https://lichess.org/training/S24Dz
RW8Is|q4k2/p5RQ/1p3P2/2b4p/7P/1P6/P7/6K1 w - - 2 40|g1f1 a8f3 f1e1 c5b4|1755|76|92|179|endgame mate mateIn2 short|https://lichess.org/3jEJamgF#79||TRUE|https://lichess.org/training/RW8Is
j29mw|4k1r1/pp3p2/5R2/4P3/2rPp2B/4qbPp/2Q4P/2R2K2 w - - 0 33|c2c4 f3g2|1757|123|79|93|mate mateIn1 middlegame oneMove|https://lichess.org/sBPaMKqF#65||TRUE|https://lichess.org/training/j29mw
itBtC|5Nk1/1pb3pp/p3p3/3p4/3Pp3/2P2q2/PP2K3/R1BQ4 w - - 4 24|e2d2 f3d3 d2e1 c7g3|1758|77|91|4033|endgame mate mateIn2 short|https://lichess.org/C9lcedbW#47||TRUE|https://lichess.org/training/itBtC
lVmkv|r3k1r1/pb3p1p/1p2pQ1B/2p5/2B5/3PK1P1/PPP3qP/R7 b q - 4 19|g2h2 c4b5 b7c6 b5c6|1758|76|96|9871|mate mateIn2 middlegame short|https://lichess.org/yvKlGKKD/black#38||TRUE|https://lichess.org/training/lVmkv
lgUTI|2r5/7k/p3p2p/P3B1p1/3P4/2q3P1/2p2P1K/7Q b - - 4 40|c2c1q h1e4 h7g8 e4g6 g8f8 e5d6|1759|75|92|1447|endgame long mate mateIn3|https://lichess.org/DqbzPPKL/black#80||TRUE|https://lichess.org/training/lgUTI
sZIfh|5k2/2p4p/1p1b1Qp1/pP1B4/2P4N/1q4PP/7K/4r3 b - - 6 48|f8e8 d5c6|1759|79|91|1555|endgame mate mateIn1 oneMove|https://lichess.org/cmnJz8po/black#96||TRUE|https://lichess.org/training/sZIfh
OMi4W|8/pp5k/1bp5/5BQ1/7P/P5PK/8/q7 b - - 3 40|h7h8 g5h6 h8g8 f5e6|1760|75|88|238|endgame mate mateIn2 short|https://lichess.org/aSaRzhfP/black#80||TRUE|https://lichess.org/training/OMi4W
DOWfa|5rk1/1R5p/4b3/P2p2p1/P2R4/4qP2/6PP/3Q1K2 w - - 0 36|d1d3 f8f3 g2f3 e6h3|1761|207|67|11|endgame mate mateIn2 sacrifice short|https://lichess.org/Tz41zCda#71||TRUE|https://lichess.org/training/DOWfa
0xfsP|r1bq1b1r/ppp1n2p/2kp4/5pp1/2BQPp2/2N4P/PP1P2P1/n1B2RK1 b - - 1 15|a1c2 c4b5|1761|235|20|29|mate mateIn1 middlegame oneMove|https://lichess.org/qFmKJUPt/black#30|Vienna_Gambit_with_Max_Lange_Defense Vienna_Gambit_with_Max_Lange_Defense_Knight_Variation|TRUE|https://lichess.org/training/0xfsP
dHwvQ|r1bqrnk1/4p1n1/2pp2BQ/4P1Np/p2P3P/8/1pP2PP1/1K1R3R b - - 1 21|c8f5 g6f7|1762|78|76|430|master mate mateIn1 middlegame oneMove|https://lichess.org/0IQaVp4R/black#42||TRUE|https://lichess.org/training/dHwvQ
18xLk|8/6k1/2q3p1/8/2Bb1P2/3P2PQ/7P/5K2 w - - 1 52|h3e6 c6f3 f1e1 d4c3|1763|77|88|533|endgame master mate mateIn2 short|https://lichess.org/L7mKnP6p#103||TRUE|https://lichess.org/training/18xLk
GZJsY|7k/p3p1b1/7p/1p2pB2/1P2P3/P7/5qPP/2Q4K b - - 0 33|g7f6 c1h6 h8g8 f5e6|1764|75|93|3922|endgame mate mateIn2 short|https://lichess.org/25iNnHeC/black#66||TRUE|https://lichess.org/training/GZJsY
9mT2q|6k1/p5p1/2p5/2Bpb2Q/4p3/4P2P/4K1q1/2R5 w - - 0 37|e2d1 g2f1 d1d2 f1d3 d2e1 e5g3|1764|73|96|16530|endgame exposedKing long mate mateIn3|https://lichess.org/j7Qltegp#73||TRUE|https://lichess.org/training/9mT2q
JgFdK|r5k1/1b1p1q2/p7/1p2B1p1/6P1/2NQ1R2/PP5P/6K1 b - - 0 32|f7f3 d3g6 g8f8 e5d6|1764|76|99|372|endgame master mate mateIn2 short|https://lichess.org/BEr434IH/black#64||TRUE|https://lichess.org/training/JgFdK
D0pql|1k2r3/1p3p2/p3bP2/2Q3P1/P2Pp3/2N1q3/1P2B3/R2KB3 w - - 5 35|e2a6 e6b3|1765|86|86|2188|mate mateIn1 middlegame oneMove|https://lichess.org/MMVa6nj6#69||TRUE|https://lichess.org/training/D0pql
uc2xy|6k1/p7/1p1q1p2/2p5/4b1PQ/1P5P/PB6/6K1 w - - 0 33|h4f6 d6g3 g1f1 e4d3|1765|75|94|833|endgame mate mateIn2 short|https://lichess.org/yiq9tBQR#65||TRUE|https://lichess.org/training/uc2xy
0lWbJ|r5k1/P6p/Rp1B2p1/1QPq4/3b1p2/5P2/7P/5K2 w - - 0 39|a6b6 d5f3 f1e1 d4c3|1765|91|75|41|endgame mate mateIn2 short|https://lichess.org/6Jb05TnV#77||TRUE|https://lichess.org/training/0lWbJ
HSOFl|r3k1nr/ppp2ppp/3b4/3B1b2/2PP4/1P2qNP1/PBn1P2P/RN1Q1K1R w kq - 5 13|d1d2 f5h3|1766|76|95|2421|mate mateIn1 middlegame oneMove|https://lichess.org/sqL9QXnL#25|Nimzo-Larsen_Attack Nimzo-Larsen_Attack_Modern_Variation|TRUE|https://lichess.org/training/HSOFl
HFksI|5k2/b6p/Q5p1/1r1B1p2/4pP2/6PK/1r5P/8 b - - 2 38|a7g1 a6f6 f8e8 d5c6|1767|76|94|7148|endgame mate mateIn2 short|https://lichess.org/6A7I1DPV/black#76||TRUE|https://lichess.org/training/HFksI
3HuZc|4k1nr/1p4pp/p3Q3/2B4q/8/8/PPP2PP1/3rR1K1 b k - 1 23|e8d8 c5b6|1767|82|75|375|master mate mateIn1 middlegame oneMove|https://lichess.org/03kGfD8r/black#46||TRUE|https://lichess.org/training/3HuZc
k0GCo|r3k2r/7p/p5p1/3Q4/1p2p3/5q2/PPP5/R1B3K1 b kq - 3 25|a8d8 d5e6 e8f8 c1h6|1768|74|88|425|endgame mate mateIn2 short|https://lichess.org/9LoVVhMU/black#50||TRUE|https://lichess.org/training/k0GCo
JyDa6|4Q3/5pkp/pp3p2/2b2P2/P1B5/1Pq2b2/6PP/5K2 w - - 0 33|g2f3 c3f3 f1e1 c5b4|1768|76|80|113|endgame master mate mateIn2 short|https://lichess.org/oQktrLKf#65||TRUE|https://lichess.org/training/JyDa6
DD4it|2r2rk1/p3bpp1/2Q3n1/1p5p/4pP1P/2Pq2B1/PP1N1P2/2KR3R w - - 1 20|c6e4 c8c3 b2c3 e7a3|1768|77|92|1114|master masterVsMaster mate mateIn2 middlegame queensideAttack sacrifice short|https://lichess.org/5MVjj7CI#39||TRUE|https://lichess.org/training/DD4it
3Kjpq|r6k/1p6/p1b5/3n1BQ1/8/8/P1P1KPP1/1R5q b - - 2 33|h1b1 g5h6 h8g8 f5e6|1770|76|88|224|endgame mate mateIn2 short|https://lichess.org/QQUApn6I/black#66||TRUE|https://lichess.org/training/3Kjpq
ba0XD|5k2/4R2p/2qp2p1/p1p2p2/2Pb1P1Q/1P1P2P1/P6P/5K2 w - - 5 39|h4h7 c6f3 f1e1 d4c3|1770|74|89|1031|endgame mate mateIn2 short|https://lichess.org/HBRUcBLO#77||TRUE|https://lichess.org/training/ba0XD
XItY2|5Q1N/pp1k4/2b1p2p/P7/1P6/2P2Pq1/8/RN4K1 w - - 0 32|g1f1 c6b5 c3c4 b5c4|1770|250|100|4|endgame mate mateIn2 short|https://lichess.org/vOanVSZy#63||TRUE|https://lichess.org/training/XItY2
0M6Yi|3kBQ2/1p6/p1p2P2/P6P/1P1bq3/8/5K2/R7 w - - 6 39|f2f1 e4f3 f1e1 d4c3|1771|87|80|182|endgame mate mateIn2 short|https://lichess.org/fsZ9gRNU#77||TRUE|https://lichess.org/training/0M6Yi
MnT5k|2r1k3/pp6/6Q1/2ppBr2/3P4/2Pq4/P5KP/8 b - - 0 38|e8f8 e5d6|1772|81|93|3235|endgame mate mateIn1 oneMove|https://lichess.org/dzbfQXwY/black#76||TRUE|https://lichess.org/training/MnT5k
6mL5z|8/5k2/7p/Q3B1p1/3P2b1/3Pq1N1/8/6K1 w - - 2 44|g1f1 g4h3|1772|79|84|659|endgame master mate mateIn1 oneMove|https://lichess.org/3nEZKGKi#87||TRUE|https://lichess.org/training/6mL5z
ZyGrf|4k2r/5pp1/4p3/1B1pP2p/b4P2/2p3P1/5K1P/2Q4q b k - 1 28|e8e7 c1a3 e7d8 a3d6 d8c8 b5a6|1772|110|57|16|endgame fork long mate mateIn3|https://lichess.org/WRBOGwBG/black#56||TRUE|https://lichess.org/training/ZyGrf
G1ivk|8/4ppk1/2Q3p1/1q1P4/1b2P3/4NP2/5P2/4K3 w - - 12 45|e1d1 b5d3 d1c1 b4a3|1772|76|92|2407|endgame master masterVsMaster mate mateIn2 short|https://lichess.org/4yWarivF#89||TRUE|https://lichess.org/training/G1ivk
AdZs6|q6k/8/6Qp/2p5/P1Bb2P1/1P5P/6K1/8 w - - 1 48|g2f1 a8f3 f1e1 d4c3|1776|74|95|1349|endgame mate mateIn2 short|https://lichess.org/jm33FGpE#95||TRUE|https://lichess.org/training/AdZs6
eyFtl|3r3r/p2k2b1/1ppQ3p/4P3/PPB2pP1/5q2/5P1K/R3R3 b - - 2 26|d7c8 c4a6|1776|83|78|1693|mate mateIn1 middlegame oneMove|https://lichess.org/cRyvh4Xz/black#52||TRUE|https://lichess.org/training/eyFtl
TttEZ|8/7p/6pk/PQ3p2/3bq3/7P/5K2/1R6 w - - 3 52|f2f1 e4f3 f1e1 d4c3|1777|73|96|15579|endgame mate mateIn2 short|https://lichess.org/67rxZK7y#103||TRUE|https://lichess.org/training/TttEZ
Qzsey|6k1/7p/5Rp1/3P4/1bq1PQ2/5P2/5P2/4K3 w - - 5 37|e1d1 c4d3 d1c1 b4a3|1777|73|95|15745|endgame mate mateIn2 short|https://lichess.org/9Xy4M4t1#73||TRUE|https://lichess.org/training/Qzsey
HLKXX|4Q3/4n1k1/5b2/3Bp3/2P1r3/3q3P/PP3P2/RNB1K2R w KQ - 7 27|c1e3 e4e3 f2e3 f6h4|1777|81|85|67|mate mateIn2 middlegame sacrifice short|https://lichess.org/JAjuOoEG#53||TRUE|https://lichess.org/training/HLKXX
mk1kY|k7/8/3Q1n2/3pp3/4P3/2PP2B1/P3KP2/1r4Nq b - - 3 34|h1g1 d6a6 a8b8 g3e5|1778|76|87|161|endgame fork mate mateIn2 short|https://lichess.org/F5NZLW5c/black#68||TRUE|https://lichess.org/training/mk1kY
zSdsF|r3kb1r/pp1n1pp1/4p3/3pP1B1/6PP/3q1NQ1/PP1N4/2KR3R w kq - 2 17|d2b1 a8c8 b1c3 c8c3 b2c3 f8a3|1779|74|95|2753|long mate mateIn3 middlegame queensideAttack sacrifice|https://lichess.org/cKzLkoXC#33|Caro-Kann_Defense Caro-Kann_Defense_Advance_Variation|TRUE|https://lichess.org/training/zSdsF
ZikJb|r5k1/pp5p/4p1R1/2P1Br2/n7/6QP/P1q2PP1/K6R b - - 0 24|h7g6 g3g6 g8f8 e5d6|1779|76|91|2068|mate mateIn2 middlegame short|https://lichess.org/8ox1gORC/black#48||TRUE|https://lichess.org/training/ZikJb
HahLd|4Q3/1q5p/3kPbp1/pB3p2/Pp3P2/1P1p2P1/7P/5K2 w - - 2 41|b5d3 b7f3 f1e1 f6c3|1780|75|88|373|endgame fork mate mateIn2 short|https://lichess.org/mrzUGLum#81||TRUE|https://lichess.org/training/HahLd
P0DPc|3k3r/pp2q3/6Q1/4pB2/8/1P6/P1P2PP1/6K1 b - - 2 34|e7h4 g6d6 d8e8 f5g6|1780|74|99|1097|endgame mate mateIn2 short|https://lichess.org/VVrX0noV/black#68||TRUE|https://lichess.org/training/P0DPc
jmYcE|Bnbr2k1/p4pp1/1p3P1p/2p1P3/7P/P1P2Nq1/2P3P1/R1B2KQn w - - 5 21|c1b2 c8a6 c3c4 a6c4|1780|99|79|28|mate mateIn2 middlegame short|https://lichess.org/DEHTKcQ7#41||TRUE|https://lichess.org/training/jmYcE
AwAAs|7Q/8/3q3p/5k2/4b3/2B4P/7K/8 w - - 10 46|h2g1 d6g3 g1f1 e4d3|1781|83|73|149|endgame mate mateIn2 short|https://lichess.org/QwAhm10q#91||TRUE|https://lichess.org/training/AwAAs
FZl9E|1k3r1N/p5pp/1R6/2QB4/P4q2/8/6PP/4b2K b - - 0 33|a7b6 c5b6 b8c8 d5e6|1781|75|96|14101|endgame mate mateIn2 short|https://lichess.org/h8P2PskH/black#66||TRUE|https://lichess.org/training/FZl9E
gI896|4r3/p1b2kp1/1p3p1r/3p4/3P4/BN1qPQ1P/P4PP1/R3K2R w KQ - 5 27|f3d1 e8e3 f2e3 c7g3|1781|80|77|129|mate mateIn2 middlegame sacrifice short|https://lichess.org/cw8aZaLQ#53||TRUE|https://lichess.org/training/gI896
ZAUzV|8/p1pR3p/2Q1p2k/2P2p2/1P3b1q/P6r/6P1/3R3K w - - 0 40|g2h3 h4h3 h1g1 f4e3|1782|102|58|32|endgame mate mateIn2 short|https://lichess.org/LifFLV6H#79||TRUE|https://lichess.org/training/ZAUzV
cdCwA|r6k/ppp1n3/6pp/8/5Q2/1BbP4/P5KN/1q6 b - - 2 29|e7d5 f4h6 h8g8 b3d5|1782|75|95|8234|mate mateIn2 middlegame short|https://lichess.org/kGI96z61/black#58||TRUE|https://lichess.org/training/cdCwA
hyW7S|8/p1p3kp/2Q3p1/8/4P3/P3q2P/1P5b/2R1K3 w - - 0 29|e1d1 e3d3 d1e1 h2g3|1782|77|96|3487|endgame mate mateIn2 short|https://lichess.org/qUxeLvKi#57||TRUE|https://lichess.org/training/hyW7S
y0n8L|3r2k1/1p4p1/ppn2B1p/8/7Q/3BqN2/bPP3PP/2K4R w - - 1 26|c1d1 d8d3 c2d3 a2b3|1784|75|96|9383|mate mateIn2 middlegame sacrifice short|https://lichess.org/45m2sPu9#51||TRUE|https://lichess.org/training/y0n8L
tAiP4|4r2r/p3k1b1/1p2Q2p/2p5/2B1p3/BP6/3PKP1P/7q b - - 3 28|e7d8 e6d6 d8c8 c4a6|1784|76|95|2674|mate mateIn2 middlegame short|https://lichess.org/flQVPiIH/black#56||TRUE|https://lichess.org/training/tAiP4
n7Y2J|6k1/pp3p2/2p1p1nQ/6R1/3r1q1P/1B3P2/P1P2P2/6K1 b - - 4 31|f4h4 g5g6 f7g6 b3e6|1786|74|95|13305|deflection endgame mate mateIn2 short|https://lichess.org/kKJYrMno/black#62||TRUE|https://lichess.org/training/n7Y2J
SDion|2B5/pRp2kpQ/2q5/5p2/3b1p2/3P2P1/P1P3K1/8 w - - 1 33|g2f1 c6f3 f1e1 d4c3|1786|75|86|1631|endgame mate mateIn2 short|https://lichess.org/SF9HZy3n#65||TRUE|https://lichess.org/training/SDion
T7apf|2r3k1/p7/1pq4p/3pB1pQ/b2Pp3/4P1P1/P4PKP/2R5 b - - 7 27|c6c1 h5g6 g8f8 e5d6|1786|75|96|5842|endgame mate mateIn2 short|https://lichess.org/iXPuLJjJ/black#54||TRUE|https://lichess.org/training/T7apf
hfqtZ|r1b1kb1r/ppp3pp/8/5pN1/4p3/1PPq4/P2PQPPP/R3KB1R w KQkq - 1 12|e1c1 f8a3|1788|198|52|44|mate mateIn1 middlegame oneMove|https://lichess.org/i7HgXXmm#23||TRUE|https://lichess.org/training/hfqtZ
gGajA|R1Q5/5pk1/1p4p1/3Pp2p/2qbP3/7P/1K4P1/8 w - - 14 47|b2b1 c4b3 b1c1 d4e3|1788|74|92|2127|endgame mate mateIn2 short|https://lichess.org/gAOi8SOk#93||TRUE|https://lichess.org/training/gGajA
gDew6|Q7/1p4kp/6p1/1Pp2pq1/2Pp2b1/3P2P1/3N1K2/2B1r3 w - - 2 30|f2e1 g5e3 e1f1 g4h3|1788|130|88|23|endgame mate mateIn2 short|https://lichess.org/g7eBoAQC#59||TRUE|https://lichess.org/training/gDew6
N8fXy|r4q1r/4k1p1/p2p2Q1/3P4/1n1BP3/7R/1P4PP/6K1 b - - 2 29|h8h3 g6e6 e7d8 d4b6|1790|75|99|1594|endgame fork mate mateIn2 short|https://lichess.org/ZHmFRvl2/black#58||TRUE|https://lichess.org/training/N8fXy
AZ4sw|k7/pp3N1p/1q2pQb1/3p4/8/5P1P/PN4P1/1K2nB1R w - - 0 27|b1c1 b6e3 c1d1 g6c2|1791|75|98|458|mate mateIn2 middlegame queensideAttack short|https://lichess.org/xGVv5NTI#53||TRUE|https://lichess.org/training/AZ4sw
RMOPo|8/ppk1q2p/2pb1r2/3p2PQ/8/P1PK4/1P6/7R w - - 0 39|g5f6 e7e4 d3d2 d6f4 d2d1 e4d3 d1e1 f4g3|1791|75|95|14870|endgame mate mateIn4 veryLong|https://lichess.org/ACOregBn#77||TRUE|https://lichess.org/training/RMOPo
DyNE4|r6k/p1p2Qp1/bp6/3p4/1K1P4/4PPn1/PPPq4/4R1R1 w - - 1 26|b4a4 d2a5 a4b3 a6c4|1791|77|86|182|mate mateIn2 middlegame short|https://lichess.org/2mXFQR5Z#51||TRUE|https://lichess.org/training/DyNE4
gqPrN|3R3k/pp6/2b2q1p/5BrQ/5b2/2P3PP/PP3P2/5RK1 b - - 2 24|f6d8 h5h6 h8g8 f5e6|1792|74|95|239|mate mateIn2 middlegame short|https://lichess.org/9EPuj4on/black#48||TRUE|https://lichess.org/training/gqPrN
fCONG|3r3k/1p4p1/2n2R1p/2q2B2/3p4/1P3P2/1B1Q2PP/7K b - - 0 29|g7f6 d2h6 h8g8 f5e6|1792|77|89|1331|endgame master mate mateIn2 short|https://lichess.org/KVeyr6ZU/black#58||TRUE|https://lichess.org/training/fCONG
kgZAC|7k/8/3p1pQ1/p1q1b2p/4P2P/8/P5P1/5B1K b - - 2 47|c5f2 g6h6 h8g8 f1c4 d6d5 c4d5|1794|76|93|2495|endgame exposedKing long mate mateIn3|https://lichess.org/WXqoOqJX/black#94||TRUE|https://lichess.org/training/kgZAC
t8pgZ|7k/1b6/p6Q/8/1p1b4/3B3P/Pq4P1/7K b - - 0 35|h8g8 d3c4 b7d5 c4d5|1795|75|97|396|endgame mate mateIn2 short|https://lichess.org/Xw1fo0o5/black#70||TRUE|https://lichess.org/training/t8pgZ
Fy9Et|1QR5/5kp1/4p3/3pP1b1/4q3/P7/3K4/2R5 w - - 4 45|d2d1 e4d3 d1e1 g5h4|1795|77|93|3331|endgame mate mateIn2 short|https://lichess.org/65IPqtAk#89||TRUE|https://lichess.org/training/Fy9Et
DDbmN|8/3Q4/2p3bk/3p4/P2P1q2/2P4P/1P4r1/R6K w - - 0 33|h1g2 g6e4 g2g1 f4g3 g1f1 e4d3|1796|77|73|135|endgame long master mate mateIn3|https://lichess.org/jlUwI6Bx#65||TRUE|https://lichess.org/training/DDbmN
afxLY|r4rk1/pp3p2/3pnp1R/8/1PP2P2/P1QB2P1/1K4P1/3q4 b - - 0 32|g8g7 c3f6 g7g8 d3h7|1796|294|65|3|mate mateIn2 middlegame short|https://lichess.org/bYmJk8NT/black#64||TRUE|https://lichess.org/training/afxLY
eQLqm|r1b1k1n1/ppp4p/6pb/2q1n3/4P3/1PBP2P1/P1P4P/RN1QKBNR w KQq - 9 16|g1f3 c5e3 f1e2 e5f3 e1f1 c8h3|1796|149|58|10|exposedKing long mate mateIn3 middlegame|https://lichess.org/x1V8x8zp#31|French_Defense French_Defense_Horwitz_Attack|TRUE|https://lichess.org/training/eQLqm
dNlnk|r1r1k3/1p6/p3Q3/n5P1/P2P4/2P4P/2B4K/q7 b - - 0 28|e8d8 e6d6 d8e8 c2g6|1797|76|96|3658|endgame mate mateIn2 short|https://lichess.org/YzxgnLW4/black#56||TRUE|https://lichess.org/training/dNlnk
A6vTb|Q7/P5k1/1q6/4Pp2/1Pb5/6P1/5KB1/8 w - - 1 39|f2e1 b6e3 e1d1 c4b3|1797|74|95|14611|endgame mate mateIn2 short|https://lichess.org/QwwgT2GL#77||TRUE|https://lichess.org/training/A6vTb
OuMPf|R3Q3/5ppk/8/4P2p/4q3/2b3P1/P5KP/8 w - - 1 36|g2g1 c3d4 g1f1 e4f3 f1e1 d4c3|1797|75|96|6221|endgame long master mate mateIn3|https://lichess.org/SJwm3FeO#71||TRUE|https://lichess.org/training/OuMPf
jDuqc|6k1/1p6/p6p/P2pP3/1P1Pb1qP/5rP1/3Q1B2/2R3K1 w - - 1 39|d2h6 f3g3 f2g3 g4g3 g1f1 e4d3|1797|76|96|640|endgame exposedKing long mate mateIn3|https://lichess.org/W1tCL0yZ#77||TRUE|https://lichess.org/training/jDuqc
H02aw|3rk2r/1p1n1p2/p2QpR1p/2p3p1/1q6/8/PPP1B1PP/2KR4 b k - 0 22|b4b6 f6e6 f7e6 e2h5|1798|80|67|74|mate mateIn2 middlegame sacrifice short|https://lichess.org/woUyPcaY/black#44||TRUE|https://lichess.org/training/H02aw
1l4GD|8/5k1p/6p1/1p1BQ3/1q6/8/8/6K1 b - - 1 48|f7f8 e5f6 f8e8 d5c6|1800|77|93|258|endgame master mate mateIn2 short|https://lichess.org/mSOFoJ3S/black#96||TRUE|https://lichess.org/training/1l4GD
gNk6V|r1q3k1/p7/1p2p2p/n2pBrp1/2pP2P1/P1P1PN2/2Q2P1P/5RK1 b - - 1 22|f5f3 c2g6 g8f8 e5d6|1801|74|95|16021|kingsideAttack master mate mateIn2 middlegame short|https://lichess.org/jED4gsJv/black#44||TRUE|https://lichess.org/training/gNk6V
3wcqn|7k/7p/4Q1p1/4p1P1/1b5P/1BPq4/8/3K4 w - - 5 49|d1c1 b4a3|1802|82|89|2860|endgame mate mateIn1 oneMove|https://lichess.org/QAMTgb5l#97||TRUE|https://lichess.org/training/3wcqn
1nUo8|5k2/7p/6p1/1p1B4/1PnQ3P/8/6PK/1q6 b - - 7 44|b1b4 d4f6 f8e8 d5c6|1803|73|95|16637|endgame mate mateIn2 short|https://lichess.org/JYkgZPmB/black#88||TRUE|https://lichess.org/training/1nUo8
Z1h4G|8/7q/2BK4/8/8/6Q1/7p/5k2 b - - 4 65|h2h1q c6b5 h7d3 b5d3|1804|75|78|538|endgame mate mateIn2 short|https://lichess.org/DO0WJbuT/black#130||TRUE|https://lichess.org/training/Z1h4G
cOUsq|1r5k/pp4pp/5p2/7n/2BP2bP/2N1qN2/PPP4P/R2Q1K1R w - - 1 17|c4d5 g4h3|1804|78|90|5850|mate mateIn1 middlegame oneMove|https://lichess.org/y0ZUhBpB#33|Kings_Gambit_Accepted Kings_Gambit_Accepted_Modern_Defense|TRUE|https://lichess.org/training/cOUsq
jUXxt|5k2/1p3BbQ/p7/2pP2p1/2P3q1/8/P5K1/6RR w - - 5 42|g2f1 g4f3 f1e1 g7c3|1806|80|92|4584|endgame mate mateIn2 short|https://lichess.org/08SkkQVX#83||TRUE|https://lichess.org/training/jUXxt
oXeOt|4k3/p5Q1/1p6/4p2P/1P1p1b2/P4P1q/8/3R2K1 w - - 5 41|g7g4 f4e3|1807|75|100|450|endgame mate mateIn1 oneMove|https://lichess.org/H4Rr4s5t#81||TRUE|https://lichess.org/training/oXeOt
7Ckdo|3r1k2/4pp2/5np1/q2p3p/2pPP2P/1p3P1B/1P2KP2/2Q3R1 b - - 1 25|d5e4 c1h6 f8g8 g1g6 f7g6 h3e6|1807|75|96|1997|endgame long mate mateIn3 sacrifice|https://lichess.org/jCmCWcBn/black#50||TRUE|https://lichess.org/training/7Ckdo
dKRDh|6R1/3k1p1p/p7/8/4qN1Q/b5P1/P6P/7K w - - 1 35|h1g1 a3c5 g1f1 e4f3 f1e1 c5b4|1808|74|91|504|endgame long master mate mateIn3|https://lichess.org/4krK03oW#69||TRUE|https://lichess.org/training/dKRDh
1cZrx|1r6/1k6/4p2p/1Q5P/2p3P1/P1Bq1P2/8/2b1K3 b - - 3 41|b7c8 b5c6 c8d8 c3f6|1810|74|91|5394|endgame mate mateIn2 short|https://lichess.org/TYcoXxkm/black#82||TRUE|https://lichess.org/training/1cZrx
7xcfE|r2q2k1/2p5/p1b1Q2p/1p3B2/3p1P2/4PP2/PPP3K1/8 b - - 5 29|g8h8 e6h6 h8g8 f5e6|1810|76|86|76|endgame fork mate mateIn2 short|https://lichess.org/jqX7NKK7/black#58||TRUE|https://lichess.org/training/7xcfE
TnaPF|2b3k1/8/3P2p1/1Q2b3/4N3/2P1qr1P/1P4P1/R4K2 w - - 0 36|g2f3 c8h3|1811|101|80|67|endgame mate mateIn1 oneMove|https://lichess.org/yogtduUB#71||TRUE|https://lichess.org/training/TnaPF
RGL0D|8/6Q1/2kb4/8/3Pq1P1/2P5/PP2K3/8 w - - 6 49|e2d2 d6f4 d2d1 e4d3 d1e1 f4g3|1812|75|100|188|endgame long mate mateIn3|https://lichess.org/3PzN3Xjk#97||TRUE|https://lichess.org/training/RGL0D
Xrclt|6k1/1N3p1p/p3pQp1/1p1bP3/1P4P1/P4Pq1/8/3R2K1 w - - 1 41|g1f1 d5c4 d1d3 c4d3|1812|80|86|801|endgame mate mateIn2 short|https://lichess.org/8k0BTLkp#81||TRUE|https://lichess.org/training/Xrclt
UYWgY|2k1r1q1/5p2/2Q5/8/3P4/3B4/3P1P1K/8 b - - 0 34|c8d8 c6d6 d8c8 d3a6|1813|79|92|1479|endgame mate mateIn2 short|https://lichess.org/XjEfToim/black#68||TRUE|https://lichess.org/training/UYWgY
bVaHG|3r4/4Q3/6pk/3Nbp1p/P3q3/7P/8/2RK4 w - - 2 42|e7d8 e4d3 d1e1 e5g3|1813|79|65|457|endgame mate mateIn2 short|https://lichess.org/ZpyayIsW#83||TRUE|https://lichess.org/training/bVaHG
uSJQW|4k3/Q4p2/4pBp1/3pPb2/P1p2P2/2q4r/6PK/R7 w - - 0 29|g2h3 c3h3 h2g1 h3g3 g1f1 f5d3|1814|75|96|1239|endgame long mate mateIn3|https://lichess.org/TnzqC69Z#57||TRUE|https://lichess.org/training/uSJQW
UKgxY|6Q1/8/p1q4k/5Bpp/3b2P1/1P5P/6K1/8 w - - 2 41|g2f1 c6f3 f1e1 d4c3|1814|77|86|744|endgame mate mateIn2 short|https://lichess.org/EkDBWFGy#81||TRUE|https://lichess.org/training/UKgxY
mk5gN|5k2/p7/2p2pQ1/3p2p1/P2P3p/1P3NnP/2P1q3/2B3K1 b - - 3 35|e2f3 c1a3 c6c5 a3c5|1815|199|37|13|endgame mate mateIn2 short|https://lichess.org/r4WB8ZtE/black#70||TRUE|https://lichess.org/training/mk5gN
RkHTm|r1bq3r/pp1k1p2/2p2P2/3pQ2p/4P1p1/2P2pP1/PP5P/2KR1B1R b - - 5 18|h8e8 d1d5 c6d5 f1b5|1815|75|94|782|mate mateIn2 middlegame sacrifice short|https://lichess.org/eW9Bmhq8/black#36|Vienna_Gambit_with_Max_Lange_Defense Vienna_Gambit_with_Max_Lange_Defense_Pierce_Gambit|TRUE|https://lichess.org/training/RkHTm
3GVER|r2r2k1/p4p2/2Rn2pQ/8/4N1P1/8/P3BPPK/q7 b - - 2 32|d6e4 c6g6 f7g6 e2c4 d8d5 c4d5|1815|75|90|97|long master mate mateIn3 middlegame sacrifice|https://lichess.org/bDE2W888/black#64||TRUE|https://lichess.org/training/3GVER
o16eP|7k/1p6/6Q1/P1pq3p/3b4/7P/8/1R4K1 w - - 1 34|g1f1 d5f3 f1e1 d4c3|1816|309|22|9|endgame mate mateIn2 short|https://lichess.org/SJb4ePNH#67||TRUE|https://lichess.org/training/o16eP
hBQLV|1q5k/8/3b2p1/3pBp1p/3N4/1BP3PP/1P1Q1K2/r3n3 b - - 0 40|d6e5 d2h6 h8g8 b3d5|1816|76|90|76|mate mateIn2 middlegame short|https://lichess.org/5IosJM0q/black#80||TRUE|https://lichess.org/training/hBQLV
MAIch|8/5R1p/5Qpk/5b2/5q2/P6P/1P5K/8 w - - 0 45|h2g2 f5e4 g2g1 f4g3 g1f1 e4d3|1817|94|70|30|endgame long mate mateIn3|https://lichess.org/YmpYAVYD#89||TRUE|https://lichess.org/training/MAIch
DIMeK|8/p5pk/4Q2p/6b1/3P4/3qp3/PP3P2/4K1R1 w - - 0 54|f2e3 g5h4 g1g3 h4g3|1820|168|83|12|endgame mate mateIn2 short|https://lichess.org/SYvdPmJs#107||TRUE|https://lichess.org/training/DIMeK
FrxMI|6k1/p5pp/8/2N1Q3/3rp3/4q1P1/bPP4P/3KR2R w - - 0 24|c5d3 d4d3 c2d3 a2b3|1820|75|94|1984|mate mateIn2 middlegame sacrifice short|https://lichess.org/rGh8XJDJ#47||TRUE|https://lichess.org/training/FrxMI
gntTc|2r2rk1/p6p/Bb3pp1/3pp3/3n4/Q5Pq/PP3P2/2RR1NK1 w - - 0 34|a6c8 d4e2|1822|81|91|2337|master mate mateIn1 middlegame oneMove|https://lichess.org/0lqqrtat#67||FALSE|https://lichess.org/training/gntTc
8tfAd|4k3/4P3/1p2QBqp/p1p5/2P2b2/1P6/1PK5/8 w - - 4 42|c2d1 g6d3 d1e1 f4g3|1823|77|92|1246|endgame mate mateIn2 short|https://lichess.org/VQlN3xdS#83||TRUE|https://lichess.org/training/8tfAd
AB9L9|7k/6q1/p1Q5/Pp5p/3Pp3/b3P2B/6P1/7K b - - 0 54|g7g3 c6h6 h8g8 h3e6|1824|78|91|2961|endgame master mate mateIn2 short|https://lichess.org/F9JCKYMn/black#108||TRUE|https://lichess.org/training/AB9L9
hjqKN|1r3r2/3q1pkp/3p1n2/3PpB2/p4nP1/P1p2P2/1PP4Q/1K5R b - - 0 28|d7b5 h2h6 g7h8 h6f6 h8g8 f5h7|1824|78|93|332|deflection long mate mateIn3 middlegame|https://lichess.org/va3tturo/black#56||TRUE|https://lichess.org/training/hjqKN
GpXxK|r2q2kr/1p3p1p/p1npb1PQ/2p1pp2/P1B1P3/2NP2R1/1PP4P/R5K1 b - - 2 21|h7g6 g3g6 f7g6 c4e6|1825|75|94|416|deflection kingsideAttack mate mateIn2 middlegame short|https://lichess.org/vPxdkxbJ/black#42||TRUE|https://lichess.org/training/GpXxK
HxHlG|4r1k1/p6p/1ppB1QB1/3bP3/6qP/P1P3P1/8/6K1 w - - 1 33|g6e8 g4g3 g1f1 d5c4|1826|74|94|11718|endgame mate mateIn2 short|https://lichess.org/kkUKqWje#65||TRUE|https://lichess.org/training/HxHlG
JsmBq|1r1r3k/2bP2qp/2P1Q3/7R/4B2P/4P1P1/5P1K/q7 b - - 1 46|h7h6 h5h6 g7h6 e6h6 h8g8 e4d5|1828|77|95|8201|exposedKing long mate mateIn3 middlegame|https://lichess.org/oW2QDBnW/black#92||TRUE|https://lichess.org/training/JsmBq
e2caV|Q7/7k/6pp/8/1p1P4/2P1b3/1P4PK/4q1N1 w - - 0 49|g1f3 e3f4 g2g3 e1g3 h2h1 g3h3 h1g1 f4e3|1830|75|94|12193|endgame mate mateIn4 veryLong|https://lichess.org/05aPeix2#97||TRUE|https://lichess.org/training/e2caV
hxxxs|6r1/2Q2p2/3pk2b/4p2p/2p4P/1PNb2Pq/P4P2/R2R2K1 w - - 7 30|c7c6 g8g3 f2g3 h6e3|1830|77|88|878|kingsideAttack master mate mateIn2 middlegame sacrifice short|https://lichess.org/ll3EweMc#59||TRUE|https://lichess.org/training/hxxxs
uk2Nm|1r6/5rkp/p2bQ3/q2p3P/2nP4/2p2N2/PP3P2/1KB3R1 b - - 1 27|g7f8 c1h6 f7g7 h6g7|1831|115|69|53|mate mateIn2 middlegame short|https://lichess.org/2ra53zdY/black#54||TRUE|https://lichess.org/training/uk2Nm
iTxt7|r6r/p5k1/8/2bBp1Q1/4P3/2P2bP1/P7/5KBq b - - 1 28|g7f8 g5f6 f8e8 d5c6|1832|75|95|13603|mate mateIn2 middlegame short|https://lichess.org/EMGtit0O/black#56||TRUE|https://lichess.org/training/iTxt7
Z3Shz|5k2/p7/1pbQ2p1/4B3/8/5q2/PP5P/6K1 b - - 2 35|f8g8 d6g6 g8f8 e5d6|1832|76|88|1190|endgame mate mateIn2 short|https://lichess.org/TbZNae6u/black#70||TRUE|https://lichess.org/training/Z3Shz
5aD06|2rk4/p5pp/1b2p3/1B1pP3/8/Q7/2P2rPP/7K b - - 7 32|c8c2 a3d6 d8c8 b5a6|1833|77|88|197|endgame mate mateIn2 short|https://lichess.org/VmmLmBd8/black#64||TRUE|https://lichess.org/training/5aD06
23Ffd|3k3r/1pp3pp/p1pbQpn1/4p3/4P3/4B2P/PqP2PP1/1N1R2K1 b - - 3 16|b2c2 d1d6 c7d6 e3b6|1833|77|73|183|mate mateIn2 middlegame sacrifice short|https://lichess.org/mpZC3okj/black#32|Ruy_Lopez Ruy_Lopez_Exchange_Variation|TRUE|https://lichess.org/training/23Ffd
fik2m|r7/p5k1/8/2p1BQPp/3p3P/5P1K/q7/6r1 b - - 4 36|g7g8 f5g6 g8f8 e5d6|1833|78|77|265|endgame mate mateIn2 short|https://lichess.org/Nsbaownu/black#72||TRUE|https://lichess.org/training/fik2m
dGVf1|4Q3/p2P2pk/5p2/P7/1bq5/4B1PP/2K5/8 w - - 13 58|c2d1 c4d3 d1c1 b4a3|1834|85|77|90|endgame mate mateIn2 short|https://lichess.org/7n8vE3Ja#115||TRUE|https://lichess.org/training/dGVf1
LQ92b|5rk1/3R3p/p1p1p1p1/2b1p1B1/4Q2P/3B3K/P1P3P1/7q w - - 5 26|h3g4 h7h5 g4g3 c5f2|1835|74|93|6199|mate mateIn2 middlegame short|https://lichess.org/i6xiHNj4#51||TRUE|https://lichess.org/training/LQ92b
q2g6Y|7k/7p/3q1p1Q/3b1B2/3p3P/6r1/5P2/1R4K1 w - - 0 40|f2g3 d6g3 g1f1 d5c4 f5d3 c4d3|1835|76|93|1810|endgame exposedKing long master mate mateIn3|https://lichess.org/yMBTXiAT#79||TRUE|https://lichess.org/training/q2g6Y
uFvRA|2k5/p4p2/2P2p2/4p3/P4b1N/1q5r/6P1/R2Q3K w - - 1 31|g2h3 b3h3 h1g1 f4e3|1836|79|88|61|endgame fork mate mateIn2 short|https://lichess.org/3HeBOH5D#61||TRUE|https://lichess.org/training/uFvRA
wAVxo|r6r/1kp1n2q/1p2Q2p/p2B2p1/8/1R2P3/4KPPP/1b6 b - - 1 31|b7b8 b3b6 c7b6 e6b6 b8c8 d5e6|1840|75|96|561|long mate mateIn3 middlegame queensideAttack sacrifice|https://lichess.org/SAb3TN8L/black#62||TRUE|https://lichess.org/training/wAVxo
TjH83|7k/R4R1p/3p4/1p1Pp1q1/2p1P1b1/2P5/1P2K3/3B4 w - - 3 36|e2e1 g5e3 e1f1 g4h3|1840|73|94|14749|endgame mate mateIn2 short|https://lichess.org/dxTpwdiN#71||TRUE|https://lichess.org/training/TjH83
Dqaks|rn1q4/1b1nk3/p3p1Q1/1ppp1P2/4P2b/3P4/PPP1K3/RNB5 b - - 0 19|d5e4 g6e6 e7f8 c1h6|1841|75|95|10079|mate mateIn2 middlegame short|https://lichess.org/VJCIdtw3/black#38|Sicilian_Defense Sicilian_Defense_McDonnell_Attack|TRUE|https://lichess.org/training/Dqaks
8mWor|3r3k/6p1/Q2R4/4p3/P3p1Bb/7P/1P3q2/7K b - - 1 35|f2g3 d6h6 g7h6 a6h6 h8g8 g4e6|1841|75|84|202|endgame long mate mateIn3 sacrifice|https://lichess.org/TfsWEcpX/black#70||TRUE|https://lichess.org/training/8mWor
JLVQb|3r1r1k/ppp2Bpp/8/5b2/1n6/q3BN1P/2PQ1PP1/1K1R3R w - - 1 19|d2d8 f5c2|1841|78|91|9858|mate mateIn1 middlegame oneMove queensideAttack|https://lichess.org/VbLwb4Zw#37|Scandinavian_Defense Scandinavian_Defense_Main_Line|TRUE|https://lichess.org/training/JLVQb
ANPFX|4k2r/pp3ppp/4pn2/8/1b2P3/2rqBQ2/PP4PP/2KR3R w k - 0 16|b2c3 b4a3|1842|80|86|304|mate mateIn1 middlegame oneMove|https://lichess.org/LmBUyjEt#31|French_Defense French_Defense_Alapin_Gambit|TRUE|https://lichess.org/training/ANPFX
IvRMZ|2k2r2/1p1b4/p7/2pP4/2Q5/2P1qB2/P5PP/R4K2 w - - 0 27|a1e1 f8f3 g2f3 d7h3|1844|76|93|1929|endgame mate mateIn2 sacrifice short|https://lichess.org/M7DQSWMt#53||TRUE|https://lichess.org/training/IvRMZ
1LwDj|8/1R6/P5pk/3q1p1p/8/2b5/7P/1Q5K w - - 7 45|h1g1 c3d4 g1f1 d5f3 f1e1 d4c3|1844|74|89|1052|endgame long mate mateIn3|https://lichess.org/GejEkD4Q#89||TRUE|https://lichess.org/training/1LwDj
AoRAT|4k2r/5p1p/8/1B2p1qp/1Q1pP3/7P/PP3P2/2r1RK2 b k - 1 28|e8d8 b4d6 d8c8 b5a6|1845|76|98|648|endgame mate mateIn2 short|https://lichess.org/VXfKPgiO/black#56||TRUE|https://lichess.org/training/AoRAT
DLbzx|q3k2r/5Ppp/8/1b6/4P1Q1/1p2BP1P/2p2KP1/2b5 b k - 0 29|e8f8 e3c5 f8f7 g4f5 f7e8 f5e6 e8d8 c5b6|1846|74|95|8012|endgame mate mateIn4 veryLong|https://lichess.org/dSlucpDN/black#58||TRUE|https://lichess.org/training/DLbzx
NRXvy|7k/8/1Q5p/3p1P2/P2P4/2P3b1/4K1q1/1R6 w - - 0 38|e2d3 g2e4 d3d2 g3f4 d2d1 e4d3 d1e1 f4g3|1846|75|92|217|endgame mate mateIn4 veryLong|https://lichess.org/Br3l5sgp#75||TRUE|https://lichess.org/training/NRXvy
myR39|8/2kbQ3/3p1p2/p7/3qP3/8/8/4KR2 w - - 5 58|e7f6 d4e3 e1d1 d7a4|1847|77|92|216|endgame mate mateIn2 short|https://lichess.org/xkjDvatX#115||TRUE|https://lichess.org/training/myR39
IMQ9m|7k/5Q2/p5p1/1b1P1pNp/7P/4q3/6B1/4K3 w - - 9 40|e1d1 b5a4|1848|75|95|6168|endgame master masterVsMaster mate mateIn1 oneMove|https://lichess.org/BkFJW2Vs#79||TRUE|https://lichess.org/training/IMQ9m
8Q688|7k/3P3p/5b2/3B1Q2/p4PPp/4q2K/8/8 w - - 3 47|h3h2 e3g3 h2h1 g3h3 h1g1 f6d4|1849|74|95|18161|endgame exposedKing long mate mateIn3|https://lichess.org/6dF8bzAO#93||TRUE|https://lichess.org/training/8Q688
F9QQ1|7k/2B1n2P/pQ3bB1/1p1q4/4p3/N7/Pp1K4/6RR w - - 1 36|d2e2 d5d3 e2f2 d3f3 f2e1 f6c3|1849|125|43|26|exposedKing fork long master mate mateIn3 middlegame|https://lichess.org/xbyiWMEu#71||TRUE|https://lichess.org/training/F9QQ1
232tL|4k3/5ppp/4p1b1/1B1p4/1Q6/1P6/P1q2PPP/6K1 b - - 4 27|e8d8 b4d6 d8c8 b5a6|1851|79|79|140|endgame mate mateIn2 short|https://lichess.org/gzQEGEOG/black#54||TRUE|https://lichess.org/training/232tL
1F4IB|2k5/1p4p1/p2Q4/1bPpN3/3q4/6P1/6PP/5K2 w - - 3 39|f1e1 d4e3 e1d1 b5a4|1851|78|92|754|endgame mate mateIn2 short|https://lichess.org/UFKhJEPu#77||TRUE|https://lichess.org/training/1F4IB
BTnkg|8/2pbkpp1/8/3Q4/P2Ppr2/4q3/2PN2P1/RR3K2 w - - 2 29|d2f3 f4f3 g2f3 d7h3|1851|78|85|75|mate mateIn2 middlegame sacrifice short|https://lichess.org/4fT4SsUG#57||TRUE|https://lichess.org/training/BTnkg
iz2lA|1nk5/p7/1pNQ2p1/1Bp2b2/2P1q3/8/P4KPP/8 b - - 11 35|b8c6 b5a6|1853|77|90|1468|endgame master mate mateIn1 oneMove|https://lichess.org/rpZnc8QD/black#70||TRUE|https://lichess.org/training/iz2lA
sNTaP|2r1k2r/4bppp/1p2p3/p3n1Pn/4P3/2Pq1N2/PP1N1P1P/2KRQ1R1 w k - 0 17|f3e5 c8c3 b2c3 e7a3|1853|75|96|5952|mate mateIn2 middlegame queensideAttack sacrifice short|https://lichess.org/cvmJ4Dba#33|French_Defense French_Defense_Kings_Indian_Attack|TRUE|https://lichess.org/training/sNTaP
2oi9a|r6k/4rp1p/2p1bN2/pp2p1PQ/1b2N2P/1PPPq3/1P6/R3KR2 w Q - 1 24|e1d1 e6b3|1853|79|90|3657|master mate mateIn1 middlegame oneMove|https://lichess.org/6paPdFQ7#47||TRUE|https://lichess.org/training/2oi9a
Nrgrc|6k1/1pqb1p2/p4pPQ/2p5/8/2P3r1/PPB2P2/R5K1 w - - 0 34|f2g3 c7g3 g1f1 d7b5 c3c4 b5c4 c2d3 c4d3|1854|75|92|557|endgame exposedKing mate mateIn4 veryLong|https://lichess.org/uKsXhl8Z#67||TRUE|https://lichess.org/training/Nrgrc
GQeQO|5Bk1/pp2pp2/3p2pQ/5b1P/8/1Nr2q2/PP6/2Kn3R w - - 0 25|b2c3 f3c3 c1d1 f5g4|1855|76|93|7039|mate mateIn2 middlegame queensideAttack sacrifice short|https://lichess.org/x4Oz1kZm#49||TRUE|https://lichess.org/training/GQeQO
wjf4n|7k/p7/1p2Q2R/2r1pB2/3pP3/P3b3/1PP3q1/1K6 b - - 0 44|e3h6 e6h6 h8g8 f5e6|1856|77|29|58|endgame mate mateIn2 short|https://lichess.org/yGDQn7IB/black#88||TRUE|https://lichess.org/training/wjf4n
Viujv|r1b2b1r/ppqpkPpp/3n4/2pQ4/4n3/2P2N2/PP3PPP/RNB1R1K1 b - - 6 11|c7c6 c1g5|1858|119|83|66|mate mateIn1 oneMove opening|https://lichess.org/d5Zt9aXQ/black#22|Sicilian_Defense Sicilian_Defense_Old_Sicilian|TRUE|https://lichess.org/training/Viujv
4c7tP|3kr3/p7/1p5Q/4q3/8/3B2PP/P1P4K/4r3 b - - 0 40|e5e3 h6d6 d8c8 d3a6|1858|133|52|40|endgame mate mateIn2 short|https://lichess.org/BGctxwyQ/black#80||TRUE|https://lichess.org/training/4c7tP
G3vgH|r4rk1/p1B3b1/2p5/3P1ppb/2B4p/5P1q/PPPN4/R2QR1K1 w - - 0 26|c4f1 g7d4 e1e3 d4e3|1859|92|32|44|kingsideAttack mate mateIn2 middlegame short|https://lichess.org/Hzzc9nrS#51||TRUE|https://lichess.org/training/G3vgH
UTR3T|r4k2/1p3pp1/8/2P3N1/p2p1Qb1/1Bq5/2P3PP/1K6 b - - 3 35|f7f6 f4d6 f8e8 b3f7|1861|81|82|321|endgame mate mateIn2 short|https://lichess.org/KEssyTU3/black#70||TRUE|https://lichess.org/training/UTR3T
vlZLL|5Q2/p1q4p/2np2p1/3B4/7k/8/P5PK/8 b - - 1 39|c6e5 f8h6 h4g4 d5e6|1862|75|94|2473|endgame mate mateIn2 short|https://lichess.org/rE34HWu1/black#78||TRUE|https://lichess.org/training/vlZLL
3gA3q|8/1q5p/1P3p1k/5Qp1/3b1P2/6P1/7P/1R4K1 w - - 1 45|g1f1 b7f3 f1e1 d4c3|1866|77|89|1365|endgame mate mateIn2 short|https://lichess.org/1Hatff69#89||TRUE|https://lichess.org/training/3gA3q
PJAz8|r4r1k/p5p1/1b2QR2/4R2p/8/1P4qP/P1P3B1/7K b - - 0 27|f8f6 e5h5 f6h6 h5h6 g7h6 e6h6 h8g8 g2d5|1867|76|93|512|mate mateIn4 middlegame veryLong|https://lichess.org/Eb33tsrB/black#54||TRUE|https://lichess.org/training/PJAz8
vBQtu|1kb5/p3Q3/1p1R4/3pP3/3q4/1P4P1/P2K3P/8 w - - 8 43|d2c2 c8f5 c2c1 d4c3 c1d1 f5g4|1868|75|94|13311|endgame long mate mateIn3|https://lichess.org/PRbGrOqJ#85||TRUE|https://lichess.org/training/vBQtu
bhVAr|r3kb2/1p6/p2nQ2p/2pP1p2/2P3qP/P1B5/1P4P1/R5K1 b - - 4 26|e8d8 c3a5 b7b6 a5b6|1869|81|69|197|mate mateIn2 middlegame short|https://lichess.org/Jf577LTU/black#52||TRUE|https://lichess.org/training/bhVAr
EMK2J|7k/1pp2Q1p/3b1pp1/5q2/3B4/2P5/2K3PP/4R3 w - - 14 34|c2d1 f5d3 d1c1 d6a3|1869|74|95|14418|endgame mate mateIn2 short|https://lichess.org/s3NY7m4N#67||TRUE|https://lichess.org/training/EMK2J
o9B39|1r6/2Q5/7k/p1p1p1bq/1p2P3/2PP3P/PP6/R6K w - - 2 33|c7b8 h5h3 h1g1 g5e3|1870|78|92|1346|endgame mate mateIn2 short|https://lichess.org/A1RYAY45#65||TRUE|https://lichess.org/training/o9B39
b7Dco|7r/1p2kpp1/p2bp2p/7Q/4PP2/3q4/PP1B2PP/2KR4 w - - 5 25|e4e5 h8c8 d2c3 c8c3 b2c3 d6a3|1871|74|95|14170|endgame long mate mateIn3 queensideAttack sacrifice|https://lichess.org/DIbz6Pg1#49||TRUE|https://lichess.org/training/b7Dco
jVzXQ|4k3/1p5p/p1R3p1/4p1B1/3p3P/1Q5K/P4qP1/5n2 b - - 5 36|b7c6 b3e6 e8f8 g5h6|1871|75|97|955|endgame mate mateIn2 short|https://lichess.org/hJkiDPhK/black#72||TRUE|https://lichess.org/training/jVzXQ
eXu4S|6k1/8/p4r1p/1p2B1p1/4Q3/1P3N1P/5qP1/7K b - - 1 44|f6f3 e4g6 g8f8 e5d6|1872|75|97|490|endgame mate mateIn2 short|https://lichess.org/Iyu1aNeL/black#88||TRUE|https://lichess.org/training/eXu4S
WUgNq|7k/4Q3/6p1/4b2p/4q3/BP4PP/6K1/8 w - - 4 45|g2f2 e5d4 f2f1 e4f3 f1e1 d4c3|1872|83|85|101|endgame long mate mateIn3|https://lichess.org/YTMUfDhM#89||TRUE|https://lichess.org/training/WUgNq
i3BaK|5Q2/7p/6p1/1p1B2k1/1P4PP/P7/6K1/q2q4 b - - 0 55|g5h4 f8h6 h4g4 d5e6|1874|78|84|75|endgame mate mateIn2 short|https://lichess.org/Xi9IvlvJ/black#110||TRUE|https://lichess.org/training/i3BaK
1jUHY|6k1/p7/4R3/3Bp3/2P3q1/B3b3/P5K1/R7 w - - 5 35|g2h2 e3f4 h2h1 g4h3 h1g1 f4e3|1874|79|90|798|endgame exposedKing fork long mate mateIn3|https://lichess.org/nm0JQw7o#69||TRUE|https://lichess.org/training/1jUHY
6tfAC|5k2/3R4/1N5p/2P1K1bP/1B1P4/P7/6q1/8 w - - 5 45|e5d6 g5f4 d6e6 g2e4 e6f6 f4g5|1875|78|86|60|endgame long mate mateIn3|https://lichess.org/yuKAJoo6#89||TRUE|https://lichess.org/training/6tfAC
m7C4W|2k1rq1r/pp2n3/2pQp3/2R2p2/3P2p1/2PB2Pp/PP3P1P/R5K1 b - - 1 25|e7d5 c5c6 b7c6 d3a6|1875|74|95|2028|mate mateIn2 middlegame queensideAttack sacrifice short|https://lichess.org/UGstMBFX/black#50||TRUE|https://lichess.org/training/m7C4W
jTtS1|r3k2r/1p3p2/2p1Rn2/p1B3p1/P1QP3p/5q1P/1PP2P1K/5R2 b kq - 0 25|f7e6 c4e6 e8d8 c5b6|1875|76|89|1581|mate mateIn2 middlegame short|https://lichess.org/MdeZGeI3/black#50||TRUE|https://lichess.org/training/jTtS1
cM56e|6k1/pp2pp2/2p2nPQ/4n3/2P1P3/2br3B/q2NK3/6R1 b - - 0 26|e5g6 g1g6 f7g6 h3e6|1876|77|85|981|mate mateIn2 middlegame sacrifice short|https://lichess.org/yyObPzjb/black#52||TRUE|https://lichess.org/training/cM56e
q2fvE|r5k1/1b1n1p2/p3pnpQ/1pq5/8/1B1P1NR1/P1P2PPP/6K1 b - - 3 23|c5c3 g3g6 f7g6 b3e6|1878|78|93|8792|deflection kingsideAttack mate mateIn2 middlegame sacrifice short|https://lichess.org/Mx2RYMHM/black#46||TRUE|https://lichess.org/training/q2fvE
oZxO6|4k3/8/pQ6/1p2P1p1/1b1Pq3/1P2P3/P1K5/5RR1 w - - 1 39|c2d1 e4d3 d1c1 b4a3|1878|117|66|77|endgame mate mateIn2 short|https://lichess.org/LSSoo5BF#77||TRUE|https://lichess.org/training/oZxO6
KuQ5X|k3r2r/4n3/p3N3/B2P1p2/2Q5/P7/4KPP1/1R5q b - - 2 30|h1b1 c4a6 a8b8 a5c7|1880|78|87|101|mate mateIn2 middlegame short|https://lichess.org/yKV1OKIq/black#60||TRUE|https://lichess.org/training/KuQ5X
J79xz|3R4/5ppk/1qBQ3p/8/2b1P3/5P2/1P4PP/5K2 w - - 9 30|f1e1 b6e3 e1d1 c4b3|1881|79|83|891|endgame mate mateIn2 short|https://lichess.org/O6EH7f5l#59||TRUE|https://lichess.org/training/J79xz
tZ083|7k/7p/6p1/p1p2p2/1p6/3B3q/PP2Q3/5nK1 b - - 1 41|f1g3 e2e5 h8g8 d3c4 g8f8 e5f6 f8e8 c4b5|1883|73|95|12095|endgame mate mateIn4 veryLong|https://lichess.org/HKQHKfHe/black#82||TRUE|https://lichess.org/training/tZ083
Xpipn|r4k2/p7/1q2bQ2/4p1B1/4P3/8/pP3PP1/3B1K2 b - - 2 30|e6f7 g5h6 f8e8 d1a4 b6b5 a4b5|1883|86|87|67|endgame exposedKing long mate mateIn3|https://lichess.org/8F0G1CYD/black#60||TRUE|https://lichess.org/training/Xpipn
W1QHT|3r3k/8/Q6p/5p1P/8/2K1pP2/5q2/3R1Br1 b - - 9 54|d8d1 a6h6 h8g8 f1c4 d1d5 c4d5|1883|76|93|1473|endgame exposedKing long master mate mateIn3|https://lichess.org/upSybTDY/black#108||TRUE|https://lichess.org/training/W1QHT
w2Jdf|4r1k1/pppn4/3p3p/4b3/2N3b1/2PnqrB1/PP2B1PP/R2Q1K1R w - - 0 22|g2f3 g4h3|1885|77|91|734|mate mateIn1 middlegame oneMove|https://lichess.org/y6oBiPLM#43||TRUE|https://lichess.org/training/w2Jdf
0AG5m|5rk1/2p3pp/Q3b3/4p3/P7/2P1q2P/4B1P1/R2R1K2 w - - 0 26|e2f3 f8f3 g2f3 e6h3|1885|76|86|205|deflection mate mateIn2 middlegame short|https://lichess.org/Ysx7g1Ic#51||TRUE|https://lichess.org/training/0AG5m
Giy9r|7k/2p1b3/7p/p3pB1Q/3qPp1P/P7/2pr1PK1/2R5 b - - 1 45|e7c5 h5h6 h8g8 f5e6|1886|90|42|66|endgame mate mateIn2 short|https://lichess.org/jRglhPEh/black#90||TRUE|https://lichess.org/training/Giy9r
cLNsX|6k1/p4pP1/1p2p1b1/3pP1Q1/1P1P2P1/P4q2/8/2B3K1 w - - 0 32|g5h6 f3g3 g1f1 g6d3|1888|76|100|1146|endgame mate mateIn2 short|https://lichess.org/lHyQlcQV#63||TRUE|https://lichess.org/training/cLNsX
8z2Tp|2Q5/7k/4p2p/P2pP3/4bq2/6r1/7P/2R3K1 w - - 0 51|h2g3 f4g3 g1f1 e4d3|1890|90|69|95|endgame master mate mateIn2 short|https://lichess.org/xogbRFxI#101||TRUE|https://lichess.org/training/8z2Tp
LvA4K|B5k1/7p/6p1/1p2Q3/2p2p2/3q3P/1P4P1/5n1K b - - 2 33|d3g3 a8d5 g8f8 e5f6 f8e8 d5c6|1891|75|89|105|endgame long mate mateIn3|https://lichess.org/eBT6qKVS/black#66||TRUE|https://lichess.org/training/LvA4K
oPk2Q|5k2/6pp/p7/1pB2p2/4pP2/1QPr3q/PP5P/4b2K b - - 3 31|f8e8 b3e6 e8d8 c5b6|1893|134|41|45|endgame mate mateIn2 short|https://lichess.org/P4jjPMeM/black#62||TRUE|https://lichess.org/training/oPk2Q
W62vD|5k2/pp5p/4Qpp1/4b3/2B1q3/1P4P1/P1P3KP/8 w - - 2 31|g2f2 e5d4 f2f1 e4f3 f1e1 d4c3|1895|75|88|227|endgame long mate mateIn3|https://lichess.org/4qrWtXjF#61||TRUE|https://lichess.org/training/W62vD
UJHV4|2k5/1pp1nQ2/p2bPp2/8/3P4/2P1B1r1/PPq2PK1/R6R w - - 0 23|g2f1 c2d3 f1e1 g3e3 f2e3 d6g3|1895|77|92|547|clearance long mate mateIn3 middlegame sacrifice|https://lichess.org/x3yJNHAo#45||TRUE|https://lichess.org/training/UJHV4
jPm1H|r2q3r/p2k1ppp/1npQ1n2/1B6/6b1/B1P5/P1P3PP/R3K1NR b KQ - 1 14|d7c8 b5a6|1897|76|93|401|mate mateIn1 middlegame oneMove|https://lichess.org/y4dfDIiW/black#28|Blackmar-Diemer_Gambit Blackmar-Diemer_Gambit_Lemberger_Countergambit|TRUE|https://lichess.org/training/jPm1H
SP778|8/p7/4Q1pk/2p1P3/P4K1p/1BbP3P/2P3q1/8 w - - 5 44|e6g4 c3d2|1897|79|84|424|endgame master mate mateIn1 oneMove|https://lichess.org/Y3ADzOje#87||TRUE|https://lichess.org/training/SP778
72Jwe|7k/1Q3p1p/2p2p2/3b4/3P1P1N/2P3q1/8/R5K1 w - - 0 28|g1f1 d5c4|1899|79|91|1293|endgame mate mateIn1 oneMove|https://lichess.org/FUvHx67r#55||TRUE|https://lichess.org/training/72Jwe
vfB5R|6k1/5p1p/P2b2p1/8/6P1/3q3P/6Q1/1R5K w - - 3 37|g2b7 d3h3 h1g1 d6c5|1899|101|85|96|endgame mate mateIn2 short|https://lichess.org/DvR02gzb#73||TRUE|https://lichess.org/training/vfB5R
BEPjd|8/1p6/1kp5/8/2QP1b2/1PpB4/2P3R1/4q2K w - - 2 37|g2g1 e1h4 h1g2 h4g3 g2f1 g3f3 f1e1 f4d2|1900|76|90|110|endgame exposedKing mate mateIn4 veryLong|https://lichess.org/i5nQLTf6#73||TRUE|https://lichess.org/training/BEPjd
ydi94|r6k/8/p2p3R/1b1P1B1Q/4p3/1P2b2K/Pq5P/8 b - - 0 34|e3h6 h5h6 h8g8 f5e6|1902|180|36|28|endgame master mate mateIn2 short|https://lichess.org/YuSPsCy0/black#68||TRUE|https://lichess.org/training/ydi94
2Rs7p|2R1Q3/p6k/1b5p/4P3/P3q3/6P1/6KP/8 w - - 4 41|g2f1 e4f3 f1e1 b6a5 c8c3 a5c3|1902|73|95|14707|endgame exposedKing long mate mateIn3|https://lichess.org/9cK61IX1#81||TRUE|https://lichess.org/training/2Rs7p
dkoeJ|r1b2rk1/p4ppp/2p5/8/3qN1n1/6N1/PPPP2PP/R1BQRK2 w - - 1 13|c2c3 g4h2 f1e2 c8g4|1905|77|87|1106|mate mateIn2 opening short|https://lichess.org/7tHWjpEY#25|Scandinavian_Defense Scandinavian_Defense_Blackburne_Gambit|TRUE|https://lichess.org/training/dkoeJ
3lfcf|7Q/6R1/1k6/4p3/2qbP3/5B2/2K3P1/8 w - - 4 43|c2b1 c4b3 b1c1 d4e3|1908|77|86|99|endgame mate mateIn2 short|https://lichess.org/oGThnTou#85||TRUE|https://lichess.org/training/3lfcf
0MMHF|8/2Q5/p5bk/2pP4/2P5/P1q4P/8/6K1 w - - 6 42|c7c5 c3g3 g1f1 g6d3|1909|78|88|643|endgame mate mateIn2 short|https://lichess.org/dn9LEAMp#83||TRUE|https://lichess.org/training/0MMHF
Dez7u|k3r2r/1p4pp/R2Q3n/2B5/3P4/1qP2N2/6PP/7K b - - 0 25|b7a6 d6a6 a8b8 c5d6|1910|79|79|198|mate mateIn2 middlegame short|https://lichess.org/e96lCEH2/black#50||TRUE|https://lichess.org/training/Dez7u
x0IY7|3k4/p6p/2p2Q2/3pB1pr/3P4/4P1Pb/PP1K3P/q7 b - - 8 31|d8c8 f6c6 c8d8 e5f6|1911|79|82|268|endgame mate mateIn2 queensideAttack short|https://lichess.org/r0ZGT2XI/black#62||TRUE|https://lichess.org/training/x0IY7
tWVkR|4Q3/p1pR1pkp/3b2p1/5q2/8/2P4P/P5P1/3K4 w - - 4 34|g2g4 f5d3 d1c1 d6a3|1912|76|69|95|endgame master mate mateIn2 short|https://lichess.org/swO5n5w4#67||TRUE|https://lichess.org/training/tWVkR
ExGGh|8/p6k/4Q1p1/3P4/bP1qP1P1/5P2/6B1/5K2 w - - 1 45|f3f4 a4b5 f1e1 d4e3 e1d1 b5a4|1914|75|88|408|endgame exposedKing long master mate mateIn3|https://lichess.org/aulXdcoF#89||TRUE|https://lichess.org/training/ExGGh
iXDj9|4k3/p4p2/8/1B1n4/1Q6/8/Pp2K1P1/2q5 b - - 11 45|e8d8 b4d6 d8c8 b5a6|1914|80|75|92|endgame fork mate mateIn2 short|https://lichess.org/Nd57tjPR/black#90||TRUE|https://lichess.org/training/iXDj9
zAEXP|8/p5k1/1p4q1/3p4/3P2p1/P5b1/1P4B1/R1K4Q w - - 2 37|g2d5 g3f4 c1d1 g6d3 d1e1 f4g3|1916|76|92|1496|endgame long mate mateIn3|https://lichess.org/wLN4tA3N#73||TRUE|https://lichess.org/training/zAEXP
p9mEh|Q7/5p1k/4bB1p/4P3/5q2/8/5KP1/8 w - - 13 53|f2e1 f4e3 e1d1 e6b3|1918|74|94|14196|endgame mate mateIn2 short|https://lichess.org/ApRHOY3N#105||TRUE|https://lichess.org/training/p9mEh
pVQH4|5Q2/ppk2pp1/2p4p/8/3rP3/2NBqP2/bPP3PP/3K3R w - - 9 20|h1e1 d4d3 c2d3 a2b3|1918|77|86|193|mate mateIn2 middlegame sacrifice short|https://lichess.org/2oAkDqCP#39||TRUE|https://lichess.org/training/pVQH4
Yvm58|4kb2/p1r5/1p6/4p1NR/4P3/P1PqBP2/1P6/2K4Q w - - 1 46|g5e6 c7c3 b2c3 f8a3|1918|82|93|2842|deflection mate mateIn2 middlegame sacrifice short|https://lichess.org/bXU8Rx5C#91||TRUE|https://lichess.org/training/Yvm58
07uT4|4R3/1p4pk/p1p1Q2p/3p1Pb1/6P1/6q1/PP6/4K3 w - - 2 39|e1d1 g3d3 d1e1 g5h4|1919|74|94|14235|endgame mate mateIn2 short|https://lichess.org/gtLohvrG#77||TRUE|https://lichess.org/training/07uT4
RnNkx|R1Q5/5pk1/3b2p1/P2P4/4q3/8/8/4K3 w - - 0 50|e1d1 e4d3 d1c1 d6a3|1919|79|84|128|endgame mate mateIn2 short|https://lichess.org/BmvODLOZ#99||TRUE|https://lichess.org/training/RnNkx
WRETc|8/pb5k/1p5p/2p5/2P1q1p1/6B1/PP3QP1/6K1 b - - 6 43|e4c4 f2f5 h7g7 g3e5 g7g8 f5g6 g8f8 e5d6|1920|77|95|11893|endgame mate mateIn4 veryLong|https://lichess.org/7Xa2NuUS/black#86||TRUE|https://lichess.org/training/WRETc
tqVnx|4Q3/8/4Rp1p/2k5/2q2bP1/8/2K5/8 w - - 13 71|c2d1 c4d3 d1e1 f4g3|1921|80|80|66|endgame mate mateIn2 short|https://lichess.org/LhQlo5r1#141||TRUE|https://lichess.org/training/tqVnx
Ua7Fs|1k6/p7/1ppQ4/7p/5p1P/1P1BqP2/KPP3r1/4q3 b - - 1 42|b8c8 d3a6|1922|83|92|5274|endgame master mate mateIn1 oneMove|https://lichess.org/o4FVh1kp/black#84||TRUE|https://lichess.org/training/Ua7Fs
k7CL5|2kq3r/pp3p2/5np1/1N1pQ3/2p4r/2P1PP2/PPB5/1K2R3 b - - 3 31|h4h1 b5a7 c8d7 c2a4 b7b5 a4b5|1924|75|87|528|long mate mateIn3 middlegame queensideAttack|https://lichess.org/MFP9Ivyv/black#62||TRUE|https://lichess.org/training/k7CL5
H2dTX|N4Q2/1p1k2p1/2np3n/p3p1q1/1P2P1b1/P2P4/2P4P/R3K2R w KQ - 0 18|b4b5 g5e3 e1f1 g4h3|1924|76|77|104|mate mateIn2 middlegame short|https://lichess.org/BPRiuMrF#35|Kings_Pawn_Game Kings_Pawn_Game_Leonardis_Variation|TRUE|https://lichess.org/training/H2dTX
L2IaD|1r4k1/p6p/1p4n1/4p1QP/3b2P1/3P3K/P1P3B1/1R3rq1 b - - 5 28|f1b1 g2d5 g8g7 h5h6 g7f8 g5f6 f8e8 d5c6|1925|75|81|376|mate mateIn4 middlegame veryLong|https://lichess.org/6qqKmh27/black#56||TRUE|https://lichess.org/training/L2IaD
IIZUF|3RQ3/5p1k/6pp/3p4/3b2P1/1q4PP/8/R5K1 w - - 0 35|g1f1 b3f3 f1e1 d4c3|1926|74|99|890|endgame mate mateIn2 short|https://lichess.org/mnhkupHz#69||TRUE|https://lichess.org/training/IIZUF
TjFYn|7k/p3Q2p/1p4p1/2p5/3bR3/1P1PRrq1/P7/1B3K2 w - - 0 42|e3f3 g3f3 f1e1 d4c3|1926|105|63|46|endgame mate mateIn2 short|https://lichess.org/CfE9rmDk#83||TRUE|https://lichess.org/training/TjFYn
QY3Fx|1r2k2r/2p2pQ1/4b2p/3p4/3P4/qp4P1/P1P1NPP1/1K1R3R w k - 0 20|c2b3 b8b3 a2b3 e6f5 d1d3 f5d3|1926|180|0|8|long mate mateIn3 middlegame queensideAttack sacrifice|https://lichess.org/QqOwOPz5#39||TRUE|https://lichess.org/training/QY3Fx
QJnHG|3Q4/1b3Rpk/1p6/p7/3P4/P5q1/2P5/6K1 w - - 0 36|g1f1 b7a6 c2c4 a6c4|1926|80|93|472|endgame mate mateIn2 short|https://lichess.org/FIre0Yk5#71||TRUE|https://lichess.org/training/QJnHG
OLSFb|r3k3/pp5p/4Q1p1/2p5/5B2/2Pp1P2/PP4qP/n2K4 b - - 3 27|e8f8 f4h6|1929|86|84|106|endgame mate mateIn1 oneMove|https://lichess.org/UYO0aC7r/black#54||TRUE|https://lichess.org/training/OLSFb
KRT9R|8/p4R2/1p4p1/1P6/4b1k1/P2q4/B7/2Q2K2 w - - 2 41|f1g1 d3g3 g1f1 e4d3|1929|79|91|625|endgame mate mateIn2 short|https://lichess.org/iUfrg4al#81||TRUE|https://lichess.org/training/KRT9R
VrVc9|2q2r1k/1R3p2/p5Qp/3B2b1/2P5/4r2P/P5P1/5R1K w - - 1 35|f1f7 e3h3 g2h3 c8h3 h1g1 g5e3 f7f2 e3f2|1931|77|92|158|mate mateIn4 middlegame sacrifice veryLong|https://lichess.org/RHyMzvSG#69||TRUE|https://lichess.org/training/VrVc9
wghm9|r1k4r/pp4pp/2pQ1b1n/5q2/6b1/1N6/P2N1PPP/2R2BK1 b - - 5 24|f6e5 c1c6 b7c6 f1a6|1933|79|90|1749|mate mateIn2 middlegame queensideAttack sacrifice short|https://lichess.org/K57dCKIG/black#48||TRUE|https://lichess.org/training/wghm9
HpyOQ|r6r/p3kppp/Bp2p3/4P3/3P3P/P4P2/3QK3/q6R b - - 1 23|a1h1 d2b4 e7e8 a6b5 e8d8 b4d6 d8c8 b5a6|1933|75|92|140|endgame mate mateIn4 veryLong|https://lichess.org/8o0070df/black#46||TRUE|https://lichess.org/training/HpyOQ
Flltq|1r6/qP4kp/B5p1/4Q3/3p4/8/6K1/8 b - - 4 45|g7f7 a6c4 f7f8 e5f6 f8e8 c4b5|1935|76|95|2494|endgame long mate mateIn3|https://lichess.org/T6esQmdN/black#90||TRUE|https://lichess.org/training/Flltq
VnhsE|r6r/1k4p1/6Q1/p2BpP2/8/1Pq5/2n2KP1/8 b - - 1 31|b7b8 g6b6 b8c8 d5e6|1936|74|95|12241|endgame mate mateIn2 short|https://lichess.org/cPm6etM9/black#62||TRUE|https://lichess.org/training/VnhsE
yNKd5|8/5Qpk/7p/p7/2Bb1PqP/1P6/P5K1/8 w - - 1 32|g2f1 g4f3 f1e1 d4c3|1936|81|88|100|endgame master mate mateIn2 short|https://lichess.org/AT9BCD1e#63||TRUE|https://lichess.org/training/yNKd5
pCNN3|8/pp2k3/4Q3/3P2b1/2P2p2/3BpPp1/Pq6/5K2 b - - 3 44|e7d8 e6d6 d8e8 d3g6|1936|78|86|253|endgame mate mateIn2 short|https://lichess.org/FaN10nCC/black#88||TRUE|https://lichess.org/training/pCNN3
cGCNZ|5rk1/pPQ1pp1p/6p1/1q6/1b1N4/4P3/P4PPP/4K2R w K - 4 21|e1d1 b5d3 d1c1 b4a3|1937|84|40|66|endgame mate mateIn2 short|https://lichess.org/7KQtZbtq#41||TRUE|https://lichess.org/training/cGCNZ
jVe43|4r1k1/5p1p/R5p1/1p3q2/1P6/P1Q1P2P/5PPb/2R2K2 w - - 1 35|c3c6 f5d3 f1e1 e8e3 f2e3 h2g3|1939|86|88|69|endgame long mate mateIn3 sacrifice|https://lichess.org/jy3lm2yX#69||TRUE|https://lichess.org/training/jVe43
MLbAs|r1bq2nr/pp1k2pp/8/4Q3/1bBp1P2/1N6/PPP3PP/R1B3K1 b - - 0 14|g8f6 c4b5|1939|77|84|173|mate mateIn1 middlegame oneMove|https://lichess.org/sdRBvdJs/black#28|French_Defense French_Defense_Tarrasch_Variation|TRUE|https://lichess.org/training/MLbAs
U6blK|r5k1/p7/5nQ1/1p1p4/3Pp3/2P2q1P/P6K/2B5 b - - 0 35|g8f8 c1a3 b5b4 a3b4|1941|78|72|116|endgame mate mateIn2 short|https://lichess.org/pxJ7CExs/black#70||TRUE|https://lichess.org/training/U6blK
h4tdh|r5k1/2b2R2/4Q1p1/3p3p/8/6P1/1q1B1PKP/r7 b - - 0 37|b2b6 f7f8 g8f8 d2h6|1943|196|82|24|attraction doubleCheck mate mateIn2 middlegame sacrifice short|https://lichess.org/5nECn7YB/black#74||TRUE|https://lichess.org/training/h4tdh
p7frG|7r/p2k1pp1/Q7/2p4p/2N1p3/1P2P1q1/PB3KPb/2R5 w - - 1 27|f2e2 g3g2 e2d1 g2f1 d1d2 f1d3 d2e1 h2g3|1943|80|92|1820|mate mateIn4 middlegame veryLong|https://lichess.org/TguaRgf8#53||TRUE|https://lichess.org/training/p7frG
0GomC|7k/p1p4p/1p2n1p1/3pQ3/3P1nN1/2PB2qP/PP4P1/6K1 b - - 17 32|h8g8 g4h6 g8f8 e5f6 f8e8 d3b5 c7c6 b5c6|1945|75|93|411|endgame kingsideAttack mate mateIn4 veryLong|https://lichess.org/wauqtaKF/black#64||TRUE|https://lichess.org/training/0GomC
zxwOL|1b4k1/pp6/2p3Qp/3pP1p1/3P2q1/1P2Pr2/P6P/2B4K b - - 1 31|g8f8 c1a3 c6c5 a3c5 b8d6 c5d6|1946|76|91|160|endgame exposedKing long mate mateIn3|https://lichess.org/cFrvabm8/black#62||TRUE|https://lichess.org/training/zxwOL
oZJ9f|7k/p4p1p/2b1p2Q/P3qp2/8/2p3P1/2PK2P1/R7 w - - 0 38|d2d3 c6b5|1946|82|88|1491|endgame master masterVsMaster mate mateIn1 oneMove|https://lichess.org/IInkE6vp#75||TRUE|https://lichess.org/training/oZJ9f
fp1rB|7k/6p1/P1Q1P3/8/3P1bp1/7P/1B4PK/5q2 w - - 3 30|g2g3 f1h3 h2g1 f4e3|1946|77|81|138|endgame mate mateIn2 short|https://lichess.org/SnCU6ilH#59||TRUE|https://lichess.org/training/fp1rB
QUrlW|5rk1/pR3rp1/5pQb/4pP1P/2BpP3/2q5/2P5/1R5K w - - 3 33|b7f7 c3h3 h1g1 h6e3|1949|79|92|3386|mate mateIn2 middlegame short|https://lichess.org/1aY05Ivx#65||TRUE|https://lichess.org/training/QUrlW
2Sr8m|3rn2k/8/2p4p/5B2/8/4Q1P1/P2p2KP/8 b - - 0 34|d2d1q e3h6 h8g8 f5e6|1949|80|75|239|endgame master mate mateIn2 short|https://lichess.org/VygM7pTr/black#68||TRUE|https://lichess.org/training/2Sr8m
2KYQs|6k1/p6p/1pp5/5p2/3p1b1q/3PrQ1N/PPP3P1/R6K w - - 4 29|f3c6 e3h3 g2h3 h4h3 h1g1 f4e3|1951|110|74|53|endgame long master mate mateIn3|https://lichess.org/XuW1Nhzl#57||TRUE|https://lichess.org/training/2KYQs
5UBoY|r5k1/pp6/5pQ1/3p3p/3Pn2P/1B3q2/PPPB4/1K6 b - - 0 34|g8f8 d2b4 e4d6 b4d6|1953|79|91|1510|endgame mate mateIn2 short|https://lichess.org/pjjGwXDA/black#68||TRUE|https://lichess.org/training/5UBoY
nuNsk|8/1B3Qb1/6pk/8/5P1p/4q1PP/7K/8 w - - 0 48|g3g4 e3g3 h2h1 g3h3 h1g1 g7d4|1957|76|96|1279|deflection endgame long mate mateIn3|https://lichess.org/to15fYF8#95||TRUE|https://lichess.org/training/nuNsk
XpSfV|5k2/8/4PPp1/2pB4/1p2K3/8/6p1/2b5 b - - 0 49|g2g1q e6e7 f8e8 d5c6 e8f7 e7e8q f7f6 e8e5 f6f7 c6d5 f7f8 e5f6 f8e8 d5c6|1957|73|94|14131|advancedPawn endgame exposedKing mate mateIn5 promotion veryLong|https://lichess.org/eqTK1J77/black#98||TRUE|https://lichess.org/training/XpSfV
WWl7r|4B2k/Q5bp/8/8/P1P2n2/BP4P1/3K1Pq1/3R4 w - - 5 38|d2c2 g2e4 c2c1 f4e2 c1d2 g7c3|1958|78|93|1314|fork long mate mateIn3 middlegame|https://lichess.org/yCirg2zr#75||TRUE|https://lichess.org/training/WWl7r
sET5f|8/2p3pk/1p1bQ3/p2P1pqp/P1P5/1B3P2/2P5/5R1K w - - 2 34|f1g1 g5h4 h1g2 h4g3 g2f1 g3f3 f1e1 d6b4 c2c3 b4c3|1958|83|92|146561|deflection endgame exposedKing mate mateIn5 veryLong|https://lichess.org/8UkNrIVT#67||TRUE|https://lichess.org/training/sET5f
WQsvz|3rr1k1/p4pp1/3b3p/Q6P/3N2b1/1PPqPN2/P4PP1/R3K2R w KQ - 1 29|a1d1 e8e3 f2e3 d6g3|1959|112|50|25|mate mateIn2 middlegame sacrifice short|https://lichess.org/Ws4VOMLi#57||TRUE|https://lichess.org/training/WQsvz
uICSd|5k1r/pp3ppp/2n5/2b5/4rQ2/3q1N2/PP1B1PPP/2KR3R w - - 0 18|f4c7 e4c4 d2c3 c4c3 b2c3 c5a3|1959|132|60|17|long mate mateIn3 middlegame queensideAttack sacrifice|https://lichess.org/NGJz34vE#35|Queens_Gambit_Declined Queens_Gambit_Declined_Tarrasch_Defense|TRUE|https://lichess.org/training/uICSd
nEobI|1Q6/5pbk/B2Q2p1/3P4/4p3/6P1/7P/3q1K2 w - - 5 45|f1f2 d1f3 f2e1 g7c3|1959|80|83|336|endgame mate mateIn2 short|https://lichess.org/AxOoowuO#89||TRUE|https://lichess.org/training/nEobI
q0seK|5k2/ppb4B/1np2pQ1/6p1/6b1/1P2P2q/PB1K1P2/3N4 b - - 1 32|h3f3 b2a3 c6c5 a3c5 c7d6 c5d6|1961|77|92|72|exposedKing long mate mateIn3 middlegame|https://lichess.org/ugiP1F6g/black#64||TRUE|https://lichess.org/training/q0seK
4Osgg|5r2/bpp2q1k/p2p2p1/3P4/1PP3QP/P7/1B2R1P1/7K w - - 2 32|e2e6 f7f1 h1h2 f1g1 h2h3 g1h1 h3g3 a7f2|1962|78|96|21788|endgame mate mateIn4 veryLong|https://lichess.org/pEUmwLlr#63||TRUE|https://lichess.org/training/4Osgg
Yr9sQ|r5k1/pp2R3/7Q/2pn1p2/3p2q1/3B2P1/1PP1P2P/2K5 b - - 0 30|d5e7 d3c4 e7d5 c4d5|1963|79|85|363|endgame master mate mateIn2 short|https://lichess.org/J655T1zv/black#60||TRUE|https://lichess.org/training/Yr9sQ
EnldM|r7/3k4/2p5/pp2Q3/6B1/1P1K4/q4P2/8 b - - 4 45|d7d8 e5d6 d8e8 g4h5|1963|75|97|546|endgame mate mateIn2 short|https://lichess.org/aSkLlC0V/black#90||TRUE|https://lichess.org/training/EnldM
CIXEd|7k/3NQ1pq/2p2p1p/1p1p4/p2P1bPP/P1P2P2/1PK5/8 w - - 1 33|c2d1 h7d3 d1e1 f4g3|1964|75|88|1407|endgame mate mateIn2 short|https://lichess.org/dvvGoZXp#65||TRUE|https://lichess.org/training/CIXEd
EDdQO|5Q2/kp5p/1p2p3/3pP3/3PbpPq/7P/P6N/5RK1 w - - 1 35|f1f4 h4g3 g1f1 e4d3|1965|77|94|7214|endgame mate mateIn2 short|https://lichess.org/sVf8r6Kl#69||TRUE|https://lichess.org/training/EDdQO
P4MVm|7q/4kp2/4p1n1/6Q1/8/5P2/7P/5B1K b - - 0 34|h8f6 g5c5 e7e8 f1b5 e8d8 c5d6 d8c8 b5a6|1966|77|91|1186|endgame mate mateIn4 veryLong|https://lichess.org/hYFZs3TL/black#68||TRUE|https://lichess.org/training/P4MVm
gEnO8|r7/pp2k1Q1/2p4p/3p4/3P4/P1PB4/1q4PP/3n2K1 b - - 0 32|e7d6 g7e5 d6d7 d3f5 d7d8 e5d6 d8e8 f5g6|1966|76|88|1010|endgame mate mateIn4 veryLong|https://lichess.org/jMerIV9X/black#64||TRUE|https://lichess.org/training/gEnO8
N8YK8|1k6/pp1Qb1p1/2p4p/8/3P4/1qP2Pp1/6P1/1K2R2R w - - 1 30|b1c1 e7g5 f3f4 g5f4 e1e3 f4e3|1967|76|89|1015|endgame exposedKing long mate mateIn3|https://lichess.org/YFIknllj#59||TRUE|https://lichess.org/training/N8YK8
uWbAk|7Q/8/2B2k2/1P3p2/3b3P/4p1q1/2b1P3/7K b - - 1 42|f6g6 c6e8|1969|75|98|768|endgame master mate mateIn1 oneMove|https://lichess.org/uUxrvZNy/black#84||TRUE|https://lichess.org/training/uWbAk
Q5GrE|r6k/1bp2p2/3pp1pQ/pp5p/4P3/PB1P1P1P/1qP2P1K/6R1 b - - 1 26|h8g8 g1g6 f7g6 b3e6|1969|75|87|539|deflection endgame kingsideAttack mate mateIn2 sacrifice short|https://lichess.org/QTBpTJe5/black#52||TRUE|https://lichess.org/training/Q5GrE
sEnM4|8/1pk2Np1/1np2np1/2Qp4/3P4/4PP2/PP2Bq1r/1KR5 b - - 4 25|f6d7 c5d6 c7c8 c1c6 b7c6 e2a6|1969|77|93|140852|deflection discoveredAttack long mate mateIn3 middlegame sacrifice|https://lichess.org/QCePtrcj/black#50||TRUE|https://lichess.org/training/sEnM4
g1PwE|6Q1/7P/2K2p2/2qp1k2/5P2/1P1b4/4R3/8 w - - 5 58|c6d7 d3b5 d7d8 c5d6 d8c8 b5a6|1971|75|85|307|endgame fork long master mate mateIn3|https://lichess.org/GGG2A2EG#115||TRUE|https://lichess.org/training/g1PwE
pz5gf|6k1/1p5p/4p1p1/1BP5/1P1b2q1/5n2/4N1KP/1Q5R w - - 6 27|e2g3 f3h4 g2f1 g4f3 f1e1 d4c3|1977|77|93|2466|long mate mateIn3 middlegame|https://lichess.org/9BqfnEYN#53||TRUE|https://lichess.org/training/pz5gf
22wxi|4k3/4n3/Q5p1/1B1pP1P1/1p1P1KP1/p1q4P/3n4/8 b - - 7 45|e8d8 a6d6 d8c8 b5a6|1977|82|74|84|endgame mate mateIn2 short|https://lichess.org/fccN9E6G/black#90||TRUE|https://lichess.org/training/22wxi
AGgOE|1k6/1q6/6Q1/8/P7/2bP4/7P/7K w - - 1 40|h1g1 c3d4 g1f1 b7f3 f1e1 d4c3|1978|75|95|5168|endgame long mate mateIn3|https://lichess.org/FH4tjnZb#79||TRUE|https://lichess.org/training/AGgOE
hTXdC|6r1/6kp/1P1p4/3P2Q1/4Pn2/5p2/3N1q1P/5B1K b - - 1 41|g7f8 g5f6 f8e8 f1b5|1979|77|87|337|endgame fork mate mateIn2 short|https://lichess.org/QjjLv32x/black#82||TRUE|https://lichess.org/training/hTXdC
njaH6|6k1/p4p2/4p1bQ/2qpP1B1/7P/1P3P2/P1r5/R6K w - - 3 34|g5f6 c2h2 h1h2 c5f2 h2h1 f2f3 h1g1 f3g3 g1f1 g6d3|1981|122|86|42|attraction endgame exposedKing mate mateIn5 sacrifice veryLong|https://lichess.org/4fCjuCtM#67||TRUE|https://lichess.org/training/njaH6
x1Vmq|8/6kp/1b6/8/Q3P3/3P2PK/7P/5q2 w - - 2 50|h3g4 h7h5 g4h5 f1h3 h5g5 b6e3|1983|77|92|1268|attraction endgame long mate mateIn3|https://lichess.org/2jg0mCzb#99||TRUE|https://lichess.org/training/x1Vmq
aAtnX|2r4k/1p6/8/3pp2p/1q6/1B2QPb1/PP3R2/5K2 b - - 1 34|g3f2 e3h6 h8g8 b3d5|1985|79|83|241|endgame mate mateIn2 short|https://lichess.org/UJT3Q0gr/black#68||TRUE|https://lichess.org/training/aAtnX
2LEfK|2r3k1/5ppp/8/3pp1P1/1b5P/2PqBQ2/1P3P2/2K4R w - - 3 30|h1d1 c8c3 b2c3 b4a3|1985|79|78|97|endgame mate mateIn2 queensideAttack sacrifice short|https://lichess.org/dpF7gVDi#59||TRUE|https://lichess.org/training/2LEfK
nnKJh|r3k2r/p4pBp/1p2p3/2p2b2/2B2Qn1/2PP3q/P1P2P1P/R4RK1 b kq - 0 15|h8g8 c4b5 e8d8 f4d6 d8c8 b5a6|1986|75|95|9196|long mate mateIn3 middlegame|https://lichess.org/B24sCGio/black#30|Scandinavian_Defense Scandinavian_Defense_Modern_Variation|TRUE|https://lichess.org/training/nnKJh
aFtYM|8/pR6/k2pB3/P2Pp1b1/2p3P1/2P1q3/8/R6K w - - 1 40|e6c8 e3h3 h1g1 g5e3|1987|80|95|14201|endgame mate mateIn2 short|https://lichess.org/r1PRUR99#79||TRUE|https://lichess.org/training/aFtYM
U1Fe7|2rk1b1r/p4Q1p/1p2P3/8/8/2Nq1N1P/PP3PP1/2K4R w - - 1 20|h1d1 c8c3 b2c3 f8a3|1989|76|99|1075|mate mateIn2 middlegame queensideAttack sacrifice short|https://lichess.org/h5TGNNF4#39||TRUE|https://lichess.org/training/U1Fe7
MMENc|1r5k/7p/p5p1/2p5/2P1B1P1/P2P1p1q/5P1P/Q6K b - - 3 30|h8g8 e4d5 g8f8 a1f6 f8e8 d5c6|1991|74|94|12376|endgame long mate mateIn3|https://lichess.org/hgibLQGB/black#60||TRUE|https://lichess.org/training/MMENc
nR6zG|R7/5p1k/2p1b1p1/2P4p/1P5P/5qP1/8/Q4K2 w - - 0 55|f1e1 f3e3 e1d1 e6b3|1992|77|93|664|endgame master masterVsMaster mate mateIn2 short|https://lichess.org/6VSmTVy5#109||TRUE|https://lichess.org/training/nR6zG
UBxVB|8/8/p3p1Q1/1p1p4/1B1K1Pk1/1r3q2/8/8 b - - 0 40|g4f4 b4d6 e6e5 d6e5|1993|76|93|3512|endgame mate mateIn2 short|https://lichess.org/dEBezGIf/black#80||TRUE|https://lichess.org/training/UBxVB
v1YUs|8/1R3Qpk/2B1p2p/3p1b1P/3P1q2/7P/P6K/8 w - - 0 30|h2g2 f5e4 g2g1 f4g3 g1f1 e4d3|1993|74|96|14550|endgame long mate mateIn3|https://lichess.org/klIFUVCp#59||TRUE|https://lichess.org/training/v1YUs
OU8OF|5k1r/1b4p1/pb3n2/4Nq2/4r2p/1BPQ2B1/PP3PPP/R4RK1 b - - 2 20|h4g3 d3d6 f8e8 b3f7|1994|77|76|124|fork mate mateIn2 middlegame short|https://lichess.org/b5ms1g6n/black#40||TRUE|https://lichess.org/training/OU8OF
zrn49|8/5p1k/q5p1/2b4p/8/4NQ1P/4KPP1/8 w - - 6 50|e2e1 c5b4 e1d1 a6d3 d1c1 b4a3|1997|75|99|414|endgame long mate mateIn3|https://lichess.org/u6PVD3yL#99||TRUE|https://lichess.org/training/zrn49
hjgw7|2r3kr/pp3p2/3Q3p/3B4/4KB1p/4P3/Pq6/R7 b - - 1 28|b2a1 d6g6 a1g7 d5f7 g8f8 f4d6|1999|79|93|2067|endgame long mate mateIn3 pin|https://lichess.org/fssDWwtV/black#56||TRUE|https://lichess.org/training/hjgw7
jljy7|8/2Pk4/Q4b2/1p1r1p2/3Pp3/1P2K1q1/P7/2RR4 w - - 0 41|e3d2 g3d3 d2e1 f6h4|2001|78|94|8634|endgame mate mateIn2 short|https://lichess.org/oUQ60I6u#81||TRUE|https://lichess.org/training/jljy7
3Y4kz|8/q3kpQp/4pR2/p2p4/8/1bP2P2/1P4PP/R5K1 w - - 1 30|g1f1 b3c4 f1e1 a7e3 e1d1 c4b3|2002|75|95|14382|endgame long mate mateIn3|https://lichess.org/F24Tj7uM#59||TRUE|https://lichess.org/training/3Y4kz
kkbTz|3rr3/pp1k1qp1/2p1b3/3nQp2/3Pp2p/BP2P2P/P3BPP1/2R2RK1 b - - 11 22|f7f6 e5d6 d7c8 c1c6 b7c6 e2a6|2004|80|82|71|deflection long mate mateIn3 middlegame sacrifice|https://lichess.org/GzdjIrUz/black#44||TRUE|https://lichess.org/training/kkbTz
yC76O|5bk1/5p1p/2Q1p1p1/4P2P/3P2P1/1qP5/8/1K5R w - - 2 33|b1c1 f8h6 g4g5 h6g5|2005|77|80|129|endgame mate mateIn2 short|https://lichess.org/3MBoIdE4#65||TRUE|https://lichess.org/training/yC76O
7EjHY|r2qk2r/2pn3p/p2p2p1/1p1Qn1B1/4P3/2P4P/P1P2P2/R5RK b kq - 1 22|d8c8 d5e6 e8f8 g5h6|2006|75|96|1945|mate mateIn2 middlegame short|https://lichess.org/fXZ2qwoc/black#44||TRUE|https://lichess.org/training/7EjHY
aqr3E|2k1r2r/5p1p/PpQ5/1P6/3p4/3PqBP1/2K1P3/8 b - - 3 32|c8d8 c6d6 d8c8 f3b7|2014|102|87|32|endgame mate mateIn2 short|https://lichess.org/ATGdulkj/black#64||TRUE|https://lichess.org/training/aqr3E
n0odG|q5k1/8/4ppQ1/3b4/P7/2p5/5bP1/2B4K b - - 3 47|g8f8 c1a3 f2c5 a3c5|2015|84|91|642|endgame master mate mateIn2 short|https://lichess.org/psYP9H83/black#94||TRUE|https://lichess.org/training/n0odG
BfvJm|r1r2bk1/p4p2/6pp/4p3/4P3/1QPqP3/PP1N2PP/2KRR3 w - - 9 26|b3d5 c8c3 b2c3 f8a3|2015|75|94|13301|mate mateIn2 middlegame queensideAttack sacrifice short|https://lichess.org/kt5hAyWT#51||TRUE|https://lichess.org/training/BfvJm
YSK2X|7k/p6p/1p4p1/2b1p1q1/4B3/P1Q2P1P/1P4P1/7K b - - 2 30|g5e3 c3e5 h8g8 e4d5 g8f8 e5f6 f8e8 d5c6|2018|75|95|12981|endgame mate mateIn4 veryLong|https://lichess.org/DS2UIT9J/black#60||TRUE|https://lichess.org/training/YSK2X
N6UET|r2qr3/p3k3/1pp2Q2/3pP3/N2P2b1/3BP3/PP6/R5K1 b - - 2 24|e7d7 f6d6 d7c8 d3a6|2018|76|94|11938|mate mateIn2 middlegame short|https://lichess.org/2Pjreifv/black#48||TRUE|https://lichess.org/training/N6UET
TYwNu|r1b3r1/pp2Rp1p/1k6/2ppB3/8/8/PPq2PPP/5QK1 b - - 1 21|c8h3 e7b7 b6b7 f1b5 b7c8 b5c6 c8d8 e5f6|2018|74|94|10948|attraction fork mate mateIn4 middlegame sacrifice veryLong|https://lichess.org/HcnwdfDz/black#42||TRUE|https://lichess.org/training/TYwNu
lH4ZI|6r1/1pk2pq1/1pn1b2p/4P3/7n/Q6P/PP3PP1/2R2BK1 b - - 3 26|h4g2 a3d6 c7c8 c1c6 b7c6 f1a6|2020|76|90|327|deflection long mate mateIn3 middlegame sacrifice|https://lichess.org/cfpNLQ8F/black#52||TRUE|https://lichess.org/training/lH4ZI
KkhwW|8/4kp2/4p3/6Qp/2Bq4/1P4P1/2p2nPK/3b4 b - - 1 38|d4f6 g5c5 e7e8 c4b5 e8d8 c5d6 d8c8 b5a6|2020|76|95|5710|endgame mate mateIn4 veryLong|https://lichess.org/YoP4a4Zi/black#76||TRUE|https://lichess.org/training/KkhwW
7q0sv|7k/2B1brpp/4Q3/8/1q1P3P/1P2P3/2K2P2/3n4 w - - 0 34|e6f7 b4c3 c2d1 c3d3 d1c1 e7a3|2020|78|88|1096|endgame fork long mate mateIn3 sacrifice|https://lichess.org/XyJ7j6RX#67||TRUE|https://lichess.org/training/7q0sv
PNYsd|6k1/6p1/3b4/PQ1p4/6q1/3B4/5P1K/8 w - - 8 44|f2f4 d6f4 h2h1 g4h3 h1g1 f4e3|2022|75|93|1378|endgame exposedKing long mate mateIn3|https://lichess.org/biSvwmmX#87||TRUE|https://lichess.org/training/PNYsd
FVfDl|r1b4R/1p5k/1p3ppp/p1b5/7Q/P2B1N2/1q3PPP/6K1 b - - 1 26|h7h8 h4h6 h8g8 d3c4 c8e6 c4e6|2022|76|88|786|exposedKing long mate mateIn3 middlegame|https://lichess.org/2Ep1m5Rq/black#52||TRUE|https://lichess.org/training/FVfDl
hvSy8|7k/p1p4p/3b4/8/3QB3/1P1P3P/q7/7K b - - 1 27|h8g8 e4d5 g8f8 d4f6 f8e8 d5c6|2022|74|95|3469|endgame long mate mateIn3|https://lichess.org/FztLIa4I/black#54||TRUE|https://lichess.org/training/hvSy8
Xjv9J|7Q/k2p4/p5p1/5b2/7P/5q2/8/R6K w - - 0 42|h1g1 f3g3 g1f1 f5d3|2029|76|88|94|endgame mate mateIn2 short|https://lichess.org/LgE2DNSe#83||TRUE|https://lichess.org/training/Xjv9J
zZdKt|rn2r1k1/pp3p1p/2p3pQ/5pR1/8/3B1q2/PPP2P1P/1K4R1 b - - 1 17|f3f2 g5g6 h7g6 g1g6 f7g6 d3c4 e8e6 c4e6|2030|76|95|6586|kingsideAttack mate mateIn4 middlegame sacrifice veryLong|https://lichess.org/byN50UjS/black#34|Richter-Veresov_Attack Richter-Veresov_Attack_Other_variations|TRUE|https://lichess.org/training/zZdKt
7vp25|r1k5/ppp2Q1p/1n1b4/8/8/2P2Prq/PP5P/RN2R1K1 w - - 0 26|h2g3 d6c5 e1e3 c5e3|2030|77|76|168|mate mateIn2 middlegame short|https://lichess.org/swYKHBJj#51||TRUE|https://lichess.org/training/7vp25
vw97f|8/3Q3p/kpN4q/8/2b5/P4PP1/1P3KP1/4r3 w - - 0 36|f2e1 h6e3 e1d1 c4b3|2034|74|95|1166|endgame mate mateIn2 short|https://lichess.org/P6vzf3Eh#71||TRUE|https://lichess.org/training/vw97f
zrm8t|2kr2r1/pp1n1p2/1qpQb3/3pP3/3P4/1P1BN1B1/P4P2/2R3K1 b - - 2 26|b6d4 c1c6 b7c6 d3a6|2035|76|88|378|mate mateIn2 middlegame queensideAttack sacrifice short|https://lichess.org/UaVv2UPD/black#52||TRUE|https://lichess.org/training/zrm8t
PcpSD|8/5ppk/pqPQ3p/3Bpb2/8/5P2/PK6/3R4 w - - 12 40|b2c1 b6b1 c1d2 b1d3 d2e1 d3e3 e1f1 f5h3|2036|76|88|101|endgame exposedKing mate mateIn4 veryLong|https://lichess.org/9nNlm5O5#79||TRUE|https://lichess.org/training/PcpSD
tDAL8|r5k1/p4ppp/2Q5/3p2q1/1PbP4/2N1K3/1P3nPP/R6R w - - 1 19|e3f2 g5f4 f2e1 f4e3 e1d1 c4b3|2038|79|93|4002|long mate mateIn3 middlegame|https://lichess.org/qWKcXLgc#37|Queens_Gambit_Declined Queens_Gambit_Declined_Queens_Knight_Variation|TRUE|https://lichess.org/training/tDAL8
c9uGR|7k/1b4p1/pp4qp/2b1B3/5QPP/4p3/1P2B3/6K1 b - - 0 33|g6c2 f4h6 c2h7 e5g7 h8g8 e2c4 b7d5 c4d5|2040|76|77|229|endgame master masterVsMaster mate mateIn4 pin veryLong|https://lichess.org/6XwruLKo/black#66||TRUE|https://lichess.org/training/c9uGR
BF4Ou|2Q5/p4p1p/1bp3p1/3P2k1/8/1P2Pq2/PB3Pr1/R3K2R w Q - 3 30|h1f1 b6a5 b3b4 a5b4 b2c3 b4c3|2041|78|92|3845|long mate mateIn3 middlegame|https://lichess.org/Av5herCq#59||TRUE|https://lichess.org/training/BF4Ou
G2XzI|6r1/p1k2p2/QpN2p1p/8/1P3b2/P1P3Pq/5P2/R5K1 w - - 1 28|b4b5 g8g3 f2g3 f4e3|2042|78|85|495|endgame mate mateIn2 sacrifice short|https://lichess.org/08ib2o3l#55||TRUE|https://lichess.org/training/G2XzI
Gwy7y|r5k1/8/4Q2p/5p2/5Pq1/3B4/2P5/5K2 b - - 0 39|g8h8 e6h6 h8g8 d3c4|2043|76|96|1462|endgame mate mateIn2 short|https://lichess.org/It9wzjpb/black#78||TRUE|https://lichess.org/training/Gwy7y
0Btl1|5r1k/2P3bp/pN4p1/8/Q1P1p3/5rPq/2R2P2/1R4K1 w - - 0 34|c7c8q f3g3 f2g3 g7d4 c2f2 d4f2|2044|75|95|10334|long mate mateIn3 middlegame sacrifice|https://lichess.org/ZjsKXCw9#67||TRUE|https://lichess.org/training/0Btl1
f81ow|r3k3/pbp2p2/1pqpp3/6B1/6Q1/5PP1/P1P4P/4R1K1 b q - 0 20|c6f3 e1e6 f7e6 g4e6 e8f8 g5h6|2048|109|45|30|endgame long mate mateIn3 sacrifice|https://lichess.org/UYsHItwH/black#40||TRUE|https://lichess.org/training/f81ow
PND35|7Q/5q2/2p3k1/pp1b4/3B4/P4p1P/6PK/8 w - - 2 53|g2f3 f7f4 h2g1 f4g3 g1f1 d5c4|2049|75|95|385|endgame long mate mateIn3|https://lichess.org/gUNl5Zbi#105||TRUE|https://lichess.org/training/PND35
q0OPI|4r3/p1R4Q/2Pp1pp1/4kq2/1bP5/8/4NPPP/4K2R w K - 1 24|e1d1 f5d3 d1c1 b4a3|2052|75|93|5849|mate mateIn2 middlegame short|https://lichess.org/rpxhXIpW#47||TRUE|https://lichess.org/training/q0OPI
z6ens|2rr2k1/p4p2/1p2p1pQ/2p3Rp/3nR2P/3P1q2/B1P2P2/5K2 b - - 1 29|d4f5 g5g6 f7g6 a2e6|2055|120|64|38|deflection kingsideAttack mate mateIn2 middlegame sacrifice short|https://lichess.org/1S4wOvUp/black#58||TRUE|https://lichess.org/training/z6ens
ynaau|1r5r/1N1Rk1pp/p1n1b3/8/2B1P3/4P1Pq/P2Q3P/4KR2 b - - 2 24|e6d7 d2d6 e7e8 c4f7|2058|78|91|386|mate mateIn2 middlegame short|https://lichess.org/iXCr9uf3/black#48||TRUE|https://lichess.org/training/ynaau
Disov|r2qk2r/5ppp/p1b1p3/1p1pb3/1P1Nn3/P1P1P3/1B1NB1PP/2RQK2R w Kkq - 0 15|d4c6 d8h4 g2g3 e5g3 e1f1 h4h3 f1g1 g3f2|2060|76|95|13144|exposedKing mate mateIn4 opening veryLong|https://lichess.org/CQb2RrW4#29|Benoni_Defense Benoni_Defense_Benoni_Gambit_Accepted|TRUE|https://lichess.org/training/Disov
wnpbu|rnb4r/ppp1b2p/6q1/5k2/2P2Rp1/3P3Q/PBP3PP/R5K1 b - - 0 16|f5f4 a1f1 f4g5 b2c1|2064|78|95|12998|mate mateIn2 middlegame short|https://lichess.org/mrTrXcve/black#32|Kings_Gambit_Accepted Kings_Gambit_Accepted_Abbazia_Defense|TRUE|https://lichess.org/training/wnpbu
wTBwK|4Qn1k/1p2B3/6p1/p3b3/3pB1q1/2P5/PP1N1P1K/8 w - - 2 33|f2f4 e5f4 h2h1 g4h3 h1g1 f4e3|2065|110|85|70|exposedKing fork long mate mateIn3 middlegame|https://lichess.org/sjvFHcEn#65||TRUE|https://lichess.org/training/wTBwK
W3Qbn|1r3rk1/p4ppp/b3pn2/2p1Q3/3R4/qBN5/2PB1PPP/1K5R w - - 0 19|d4a4 b8b3 c2b3 a6d3|2068|78|88|2145|mate mateIn2 middlegame queensideAttack sacrifice short|https://lichess.org/Wo7NzU2u#37|Scandinavian_Defense Scandinavian_Defense_Mieses-Kotroc_Variation|TRUE|https://lichess.org/training/W3Qbn
YgDzM|8/1Q3p2/3pbk2/pNp1p3/2P1P3/1P6/P2q1K1P/1R5R w - - 2 29|f2g1 d2e3 g1f1 e6h3|2068|80|91|855|endgame mate mateIn2 short|https://lichess.org/mSOa6t3q#57||TRUE|https://lichess.org/training/YgDzM
L4zS8|8/2p2k2/p2b4/3B2Q1/1p3p2/7P/6PK/1q6 b - - 2 40|f7f8 g5f6 f8e8 d5c6|2069|75|87|391|endgame mate mateIn2 short|https://lichess.org/CoPNhD6t/black#80||TRUE|https://lichess.org/training/L4zS8
ipmau|r7/ppb3k1/2p3Qp/4p2P/3P4/8/PP1B1q2/2K5 b - - 1 25|g7f8 d2b4 c6c5 b4c5 c7d6 c5d6|2069|108|87|21|endgame exposedKing long mate mateIn3|https://lichess.org/7JERN16A/black#50||TRUE|https://lichess.org/training/ipmau
QXaA0|3r3k/pqn4R/1p3p1p/8/2p5/5Q2/PB3PPP/6K1 b - - 2 28|h8h7 f3f5 h7g8 f5g6 g8f8 b2a3 d8d6 a3d6|2072|84|86|105|endgame mate mateIn4 veryLong|https://lichess.org/ALDqyC1q/black#56||TRUE|https://lichess.org/training/QXaA0
WHZvk|4Q3/5k2/p1B3pp/5p2/5P2/1P1b2qP/P7/7K b - - 7 43|f7f6 e8e5 f6f7 c6d5 f7f8 e5f6 f8e8 d5c6|2073|75|94|3814|endgame mate mateIn4 veryLong|https://lichess.org/eW0unIFT/black#86||TRUE|https://lichess.org/training/WHZvk
7KtR6|8/2p3bk/p2p3p/1p3P2/1P1Pp1q1/2P1Bn2/P1B2K2/7Q b - - 3 39|g7f6 h1h6 h7g8 c2b3 d6d5 b3d5|2074|77|92|1464|endgame fork long mate mateIn3|https://lichess.org/0WlfbDTc/black#78||TRUE|https://lichess.org/training/7KtR6
F9qDG|r1b1k3/pp1n1p2/1q1pB1p1/2p1n1B1/4P3/2bP3Q/PPP2PP1/1R1K2N1 b q - 0 14|f7e6 h3e6 e8f8 g5h6|2074|75|94|10968|mate mateIn2 middlegame short|https://lichess.org/f7u4UAX7/black#28|Sicilian_Defense Sicilian_Defense_Bowdler_Attack|TRUE|https://lichess.org/training/F9qDG
oOe1G|2Q1kr2/8/1p6/pb1Pp3/1q2Pp2/5P2/PP3BP1/1K6 b - - 0 32|e8e7 c8e6 e7d8 f2b6|2083|78|93|4200|endgame mate mateIn2 short|https://lichess.org/ZcxN9nB7/black#64||TRUE|https://lichess.org/training/oOe1G
Nr6Qr|r2k3r/p3np1p/4p1p1/1B1p4/1P3Q2/q7/5PPP/4R1K1 b - - 2 24|a3c3 f4d6 d8c8 b5a6|2083|84|91|442|mate mateIn2 middlegame short|https://lichess.org/G4Fn5Iwu/black#48||TRUE|https://lichess.org/training/Nr6Qr
0HzHQ|r5k1/3n2b1/p3Q3/1p1p4/8/P1q1PB1P/5PK1/8 b - - 0 36|g8h7 e6f5 h7h8 f5h5 g7h6 h5h6 h8g8 f3d5|2092|77|92|553|endgame exposedKing fork mate mateIn4 veryLong|https://lichess.org/QL8XbeiB/black#72||TRUE|https://lichess.org/training/0HzHQ
E3QaN|3k4/1p3Q2/7p/1Nr5/b3B2q/8/6P1/3R2K1 b - - 6 44|a4d1 f7f8 d8d7 f8d6 d7e8 e4g6|2092|78|88|622|endgame exposedKing fork long mate mateIn3|https://lichess.org/6N3VP9rI/black#88||TRUE|https://lichess.org/training/E3QaN
lT3aq|8/1p4kp/p3Bp2/2QP4/P5P1/1P1b3P/6K1/5q2 w - - 1 37|g2h2 f1f4 h2g2 d3e4 g2g1 f4g3 g1f1 e4d3|2093|120|62|17|endgame mate mateIn4 veryLong|https://lichess.org/AJwHJaQn#73||TRUE|https://lichess.org/training/lT3aq
kwtMa|5r1k/pQ4pp/3p4/4R3/2P2r1b/1P1R1P1q/PB3P2/6K1 w - - 1 30|e5e8 f4g4 f3g4 h4f2|2096|85|81|92|mate mateIn2 middlegame sacrifice short|https://lichess.org/GjLhGoWt#59||TRUE|https://lichess.org/training/kwtMa
ranRC|r5k1/6pp/bB3p2/3Qp3/p7/2P4P/4q1P1/7K b - - 1 27|g8f8 b6c5 f8e8 d5e6 e8d8 c5b6|2097|82|85|198|endgame long mate mateIn3|https://lichess.org/L3FsQecW/black#54||TRUE|https://lichess.org/training/ranRC
0TtMR|3k4/5p2/4pP1b/3pP3/B2P4/P1q5/4Q3/7K w - - 1 46|e2b5 c3h3 h1g1 h6e3|2098|79|87|1258|endgame master masterVsMaster mate mateIn2 short|https://lichess.org/y91bpvbs#91||TRUE|https://lichess.org/training/0TtMR
LNope|r5k1/pp1b4/1q2p3/3pB1pQ/1P2n3/2P5/P5PP/5R1K b - - 0 24|e4f2 f1f2 b6f2 h5g6 g8f8 e5d6|2100|79|87|492|exposedKing long mate mateIn3 middlegame sacrifice|https://lichess.org/ka1vQLkE/black#48||TRUE|https://lichess.org/training/LNope
inT4S|1r3k2/7p/1p4p1/3BQR2/1P1n3P/P3q3/6K1/8 b - - 0 42|d4f5 e5f6 f8e8 d5c6|2110|77|94|3386|endgame mate mateIn2 short|https://lichess.org/cg654CEJ/black#84||TRUE|https://lichess.org/training/inT4S
fFNis|2kr2r1/pp1b1p1p/2nQ1p2/1B2p2q/8/4PN2/PP3PPP/2RR3K b - - 1 17|d7h3 c1c6 b7c6 b5a6|2111|76|83|298|mate mateIn2 middlegame queensideAttack sacrifice short|https://lichess.org/jyqGUgSI/black#34|Trompowsky_Attack Trompowsky_Attack_Other_variations|TRUE|https://lichess.org/training/fFNis
GE17H|rn2k1r1/1pb2p2/p6p/3pN2b/PP6/2P3Pq/3NBP2/R2QR1K1 w q - 1 18|e2h5 g8g3 f2g3 c7b6 e1e3 b6e3|2115|105|100|18|kingsideAttack long mate mateIn3 middlegame sacrifice|https://lichess.org/adw9PN7T#35|Caro-Kann_Defense Caro-Kann_Defense_Other_variations|TRUE|https://lichess.org/training/GE17H
PFU8O|4Q3/5pk1/7p/2bBPqp1/5P1K/6P1/7P/8 w - - 0 36|f4g5 h6g5 h4h5 f5h3 h5g5 c5e3|2118|99|43|26|endgame long mate mateIn3|https://lichess.org/KJblinkX#71||TRUE|https://lichess.org/training/PFU8O
oM1LK|8/5p2/2r1p2p/4B2q/Q7/p5P1/2k3K1/8 b - - 13 56|c2b1 a4b3 b1c1 e5f4|2124|79|79|271|endgame mate mateIn2 short|https://lichess.org/xGCUDAFP/black#112||TRUE|https://lichess.org/training/oM1LK
rrJng|r1bq3r/p2k1p1p/1pp2Pp1/2npQ3/5PPP/2N1P3/PP6/3RKB1R b K - 2 17|h8e8 d1d5 c6d5 f1b5|2132|75|93|2438|mate mateIn2 middlegame sacrifice short|https://lichess.org/7z3VZXdK/black#34|Semi-Slav_Defense Semi-Slav_Defense_Other_variations|TRUE|https://lichess.org/training/rrJng
m5c9M|r5k1/p7/1p2r1p1/3pB2Q/1Pq2P1P/P3P3/1K6/6R1 b - - 0 34|a8c8 g1g6 e6g6 h5g6 g8f8 e5d6|2134|80|89|140|endgame exposedKing long mate mateIn3|https://lichess.org/vS5Ja1XM/black#68||TRUE|https://lichess.org/training/m5c9M
aLgvv|5b1k/8/p4Npp/1p1P4/6Q1/1P2q3/P7/1B1R3K w - - 7 45|g4g6 e3h3 h1g1 f8c5 d1d4 c5d4|2138|78|94|6602|endgame exposedKing long mate mateIn3|https://lichess.org/M4dZpmH1#89||TRUE|https://lichess.org/training/aLgvv
Nv62Y|8/6k1/2B5/3PQ3/4Pp1P/2p5/6PK/1r2q3 b - - 0 44|g7h6 e5h8 h6g6 c6e8|2139|77|94|8968|endgame mate mateIn2 short|https://lichess.org/KYnRRSZk/black#88||TRUE|https://lichess.org/training/Nv62Y
Iary0|r5k1/p2b2p1/4p3/1p1pB3/2pP2R1/2P1q3/PPQnB3/K7 b - - 3 27|e3e2 g4g7 g8f8 g7g8 f8g8 c2g6 g8f8 e5d6|2142|92|81|72|attraction fork mate mateIn4 middlegame sacrifice veryLong|https://lichess.org/UEjbNmMJ/black#54||TRUE|https://lichess.org/training/Iary0
3Jgqx|2k4r/pp2Q1R1/8/1b1pPp1p/3P1q2/P1B4P/1P3K2/8 w - - 0 28|f2e1 f4e3 e1d1 b5a4 b2b3 a4b3|2149|82|83|656|endgame exposedKing long mate mateIn3|https://lichess.org/UH8KXjNz#55||TRUE|https://lichess.org/training/3Jgqx
vbxab|B3k2r/p2np2p/6pb/2p2q2/Q7/2Nn2P1/PP2NP1P/3R1K1R w k - 5 19|f2f3 f5h3 f1g1 h6e3|2150|77|65|126|mate mateIn2 middlegame short|https://lichess.org/67t3v7xp#37||TRUE|https://lichess.org/training/vbxab
RYH7i|5Q2/1b4pk/1p3r2/p7/7P/P1P1P1q1/1P3R2/3R1K2 w - - 2 42|f2f6 b7a6 c3c4 a6c4 d1d3 c4d3|2150|76|95|4643|endgame exposedKing long mate mateIn3|https://lichess.org/BJUh8iWw#83||TRUE|https://lichess.org/training/RYH7i
7vIgy|8/4k1pp/qB6/P2QPp2/1p2pP2/2p1P1PP/1b6/6K1 b - - 3 38|a6d3 b6c5 e7e8 d5e6 e8d8 c5b6|2152|74|94|11596|endgame exposedKing long mate mateIn3|https://lichess.org/EVap2089/black#76||TRUE|https://lichess.org/training/7vIgy
27gqy|6k1/6pp/p1Qb4/3p4/4p3/1P3q1P/P3K3/3R3R w - - 3 31|e2d2 f3d3 d2c1 d6a3|2158|79|87|233|endgame mate mateIn2 short|https://lichess.org/hyl9JsYe#61||TRUE|https://lichess.org/training/27gqy
lTdM5|q6k/8/pp3Qp1/1P4P1/P2p1P2/5b2/1B1b1Kn1/8 b - - 3 41|h8g8 f6g6 g8f8 b2a3 d2b4 a3b4|2161|76|94|2892|endgame exposedKing long mate mateIn3|https://lichess.org/e0JFmWoF/black#82||TRUE|https://lichess.org/training/lTdM5
YIxht|8/p2Q3p/1p2Npk1/2bP4/2P1q3/1P4P1/P5KP/8 w - - 9 36|g2f1 e4f3 f1e1 c5b4|2161|122|30|18|endgame mate mateIn2 short|https://lichess.org/zuYBB7lJ#71||TRUE|https://lichess.org/training/YIxht
YfVwt|r3r3/p3kp2/7Q/P2bq1N1/1P4P1/2P4P/3N4/R5KR w - - 1 30|d2f3 e5g3 g1f1 d5c4|2162|76|88|399|mate mateIn2 middlegame short|https://lichess.org/G473AgxR#59||TRUE|https://lichess.org/training/YfVwt
Gynaa|r5k1/6pp/5p2/4p1q1/2Q1P1P1/5P2/5B2/6K1 b - - 3 35|g8f8 f2c5 f8e8 c4e6 e8d8 c5b6|2166|79|88|142|endgame long mate mateIn3|https://lichess.org/dJ6Brhuf/black#70||TRUE|https://lichess.org/training/Gynaa
O8tL3|8/2Q2R1p/7k/6p1/3q2b1/6P1/4K3/8 w - - 6 52|e2e1 d4e3 e1f1 g4h3|2170|74|93|3648|endgame mate mateIn2 short|https://lichess.org/pyZRsV5N#103||TRUE|https://lichess.org/training/O8tL3
ZHSQX|r7/1b4R1/4p3/4Bp1k/2pPq3/2p1P3/1P3K2/3Q4 b - - 1 32|h5h6 g7h7 h6h7 d1h5 h7g8 h5g6 g8f8 e5d6|2174|76|91|473|attraction endgame exposedKing mate mateIn4 sacrifice veryLong|https://lichess.org/6Juatha2/black#64||TRUE|https://lichess.org/training/ZHSQX
FMgKo|8/3bkp1p/2p5/4Pp2/1R3K2/3BQ1P1/p1P4P/7q b - - 0 37|a2a1q e3c5 e7e8 b4b8 d7c8 b8c8 e8d7 d3f5|2179|80|90|336|endgame mate mateIn4 veryLong|https://lichess.org/TAbDLsCk/black#74||TRUE|https://lichess.org/training/FMgKo
ADmn6|3r2k1/1p5p/p4pR1/5Q2/2P1pP2/1P6/PB2q2P/7K b - - 0 28|h7g6 f5g6 g8f8 b2a3 d8d6 a3d6|2183|86|89|236|endgame exposedKing long mate mateIn3|https://lichess.org/uKjxZhAo/black#56||TRUE|https://lichess.org/training/ADmn6
uNbMV|1r5k/pB5p/3p2p1/5p2/5P1P/8/3n1qP1/Q6K b - - 1 33|h8g8 b7d5 g8f8 a1f6 f8e8 d5c6|2184|77|94|9031|endgame long mate mateIn3|https://lichess.org/WvaHH7C8/black#66||TRUE|https://lichess.org/training/uNbMV
plv8w|1r3b2/p2k4/b1p1pQp1/3p4/8/qnN5/P1PB1PPP/1K1R3R w - - 0 21|c2b3 b8b3 a2b3 a6d3|2192|80|91|113|mate mateIn2 middlegame queensideAttack sacrifice short|https://lichess.org/KjBvIwjR#41||TRUE|https://lichess.org/training/plv8w
C5VNj|Q7/6pk/7p/BN4b1/1Pq3P1/2P5/P7/3K4 w - - 3 47|b5d4 c4d3 d1e1 g5h4|2195|78|77|175|endgame mate mateIn2 short|https://lichess.org/8BpLf3Nr#93||TRUE|https://lichess.org/training/C5VNj
lRppY|1bkr4/1p4p1/3q4/QN3p2/7p/P7/1P1BrP2/3RK3 w - - 0 28|e1e2 d6d3 e2e1 d8e8 d2e3 e8e3 f2e3 b8g3|2195|77|94|1649|mate mateIn4 middlegame sacrifice veryLong|https://lichess.org/KcCvmhpu#55||TRUE|https://lichess.org/training/lRppY
UHOOB|1r4r1/pp3k1p/1q1bpN2/1b1p2BQ/1P1n3P/P2n4/5PP1/R4K1R b - - 3 25|f7f8 f6h7 f8g7 g5f6|2195|80|93|168405|mate mateIn2 middlegame short|https://lichess.org/DRa8uyFz/black#50||TRUE|https://lichess.org/training/UHOOB
ePzh8|4r2k/p2N2bp/6Q1/1q6/n3p3/1B6/PPrB1PP1/2KR3R w - - 0 25|c1c2 b5d3 c2c1 g7b2|2214|79|92|990|fork mate mateIn2 middlegame short|https://lichess.org/BqU95nyd#49||TRUE|https://lichess.org/training/ePzh8
KmSOu|2k3r1/ppp2p2/3p4/3Qb3/4P2p/5PBq/PPP2P2/R3R1K1 w - - 2 22|d5f7 g8g3 f2g3 e5d4 e1e3 d4e3|2219|84|91|2737|kingsideAttack long mate mateIn3 middlegame sacrifice|https://lichess.org/wFFn91lh#43||TRUE|https://lichess.org/training/KmSOu
db9qG|5rk1/1p4p1/p2p4/5p2/4pP1Q/6RK/q6P/6Br b - - 7 36|a2e2 g3g7 g8g7 g1d4 g7g6 h4g5 g6f7 g5f6 f7e8 f6e6 e8d8 d4b6|2223|85|89|142|attraction endgame mate mateIn5 sacrifice veryLong|https://lichess.org/9gsMPzBT/black#72||TRUE|https://lichess.org/training/db9qG
nMwRh|5r1k/1R6/3N2Qb/p3Pp1P/8/4q3/P7/6K1 w - - 2 41|g1h1 e3h3 h1g1 h6e3|2223|76|94|1143|endgame mate mateIn2 short|https://lichess.org/KCUyOQtN#81||TRUE|https://lichess.org/training/nMwRh
iSMtu|5k1r/p3bppp/4p3/3r4/8/P1Pq3P/1P1B1PP1/R2QK2R w KQ - 0 18|a3a4 d5e5 d2e3 e5e3 f2e3 e7h4 g2g3 h4g3|2231|78|94|898|mate mateIn4 middlegame sacrifice veryLong|https://lichess.org/iCsut05Q#35|Scandinavian_Defense Scandinavian_Defense_Modern_Variation|TRUE|https://lichess.org/training/iSMtu
MxzoF|r6Q/p1pk1p1p/1pn5/2bqp3/4n3/2P2N2/PP4PP/RNB2K1R w - - 1 14|h8a8 d5d3 f1e1 c5f2|2231|79|93|1719|mate mateIn2 middlegame short|https://lichess.org/2CaCGk1g#27|Indian_Defense Indian_Defense_Other_variations|TRUE|https://lichess.org/training/MxzoF
aSO7z|2r3k1/1br2p2/p5pQ/1p3B1p/3P3q/2P3R1/6PP/2R3K1 b - - 0 30|c7c3 g3g6 f7g6 f5e6|2233|77|94|3753|mate mateIn2 middlegame sacrifice short|https://lichess.org/qU49gzQ3/black#60||TRUE|https://lichess.org/training/aSO7z
6LHc2|5Q2/p1p4R/6p1/8/2b3kP/2q5/6P1/5K2 w - - 4 37|f1f2 c3d4 f2e1 d4e3 e1d1 c4b3|2233|74|93|8656|endgame long mate mateIn3|https://lichess.org/ETQHdYGT#73||TRUE|https://lichess.org/training/6LHc2
Gt3aY|6k1/p2Q1pp1/N3p2r/3n3p/2BP2b1/2P1q3/PP4PP/R4KNR w - - 3 18|a1e1 h6f6 g1f3 f6f3 g2f3 g4h3|2236|81|95|8381|long mate mateIn3 middlegame sacrifice|https://lichess.org/CRn3IAiR#35|Blackmar-Diemer_Gambit Blackmar-Diemer_Gambit_Ryder_Gambit|TRUE|https://lichess.org/training/Gt3aY
JwyVD|r3r1k1/ppp2p1p/6NQ/8/3P4/3B4/1qPK3P/6R1 b - - 0 24|f7g6 g1g6 h7g6 d3c4 e8e6 c4e6|2238|87|76|115|endgame long mate mateIn3 sacrifice|https://lichess.org/x3ZpRp1N/black#48||TRUE|https://lichess.org/training/JwyVD
i80DO|k1b5/p1P5/1p1Q4/6P1/3Pp3/1Pq5/P2N4/2K5 w - - 3 37|c1d1 c8g4 d1e1 c3e3 e1f1 g4h3|2253|76|91|218|endgame exposedKing long mate mateIn3|https://lichess.org/DElswIBp#73||TRUE|https://lichess.org/training/i80DO
askOM|5R2/7p/4pQp1/2Bp2Pk/3Pb3/2q4P/8/6K1 w - - 1 35|f8h8 c3g3 g1f1 e4d3|2255|86|91|877|endgame mate mateIn2 short|https://lichess.org/zCWJC9Aw#69||TRUE|https://lichess.org/training/askOM
VCSI8|3r2r1/pp1k1p2/1np2P2/2QpP2n/3P3q/3B3b/PP2NRPP/2R3K1 b - - 0 27|h3g4 c5d6 d7c8 c1c6 b7c6 d3a6|2256|85|91|1956|deflection discoveredAttack long mate mateIn3 middlegame sacrifice|https://lichess.org/esifq7es/black#54||TRUE|https://lichess.org/training/VCSI8
ULsyy|r2q2rk/5p1N/b4P2/4n3/p1np1Q2/3p2P1/PP3PB1/R4RK1 b - - 0 24|h8h7 f4h4 h7g6 g2e4|2263|81|94|2813|master mate mateIn2 middlegame short|https://lichess.org/KX5ArNHF/black#48||TRUE|https://lichess.org/training/ULsyy
8cf87|r1bqr3/p2k1p1p/1pp2n1B/2b1Q3/2B5/2N5/PPP2PPP/3R2K1 b - - 2 18|f6d5 d1d5 c6d5 c4b5|2264|80|96|1409|mate mateIn2 middlegame sacrifice short|https://lichess.org/eIeHoikL/black#36|Scotch_Game Scotch_Game_Lolli_Variation|TRUE|https://lichess.org/training/8cf87
bCIPR|4r1k1/2p2ppp/bpB5/3Q4/P5n1/2q1BN2/5PPP/R3K2R w KQ - 0 18|e1d1 g4f2 e3f2 a6e2|2275|88|90|2301|mate mateIn2 middlegame sacrifice short|https://lichess.org/WLn7ZS6s#35|Queens_Gambit_Declined Queens_Gambit_Declined_Chigorin_Defense|TRUE|https://lichess.org/training/bCIPR
u4Isx|Q1b4k/2p3pp/p2b2r1/1p6/4N3/1P3Npq/1PP2P2/R3R1K1 w - - 0 26|e4g3 g6g3 f2g3 d6c5 f3d4 c5d4 e1e3 d4e3|2280|86|90|1009|kingsideAttack mate mateIn4 middlegame sacrifice veryLong|https://lichess.org/3vrPDbQx#51||TRUE|https://lichess.org/training/u4Isx
ZQAZA|4kbnB/1Q5p/5pp1/1p1P4/8/1q6/4BPPP/3K2NR w - - 2 22|d1c1 f8h6 f2f4 h6f4|2286|77|94|5254|mate mateIn2 middlegame short|https://lichess.org/WChXsKhI#43||TRUE|https://lichess.org/training/ZQAZA
44wU7|7k/ppp2Q2/6p1/6qp/4B1b1/3P2P1/PPP1pK1P/8 w - - 2 26|e4g6 e2e1q f2e1 g5e3 e1f1 g4h3|2288|85|90|810|advancedPawn attraction endgame long master mate mateIn3 promotion|https://lichess.org/2tzhRuys#51||TRUE|https://lichess.org/training/44wU7
wQHL9|6rk/p5Rp/1b6/3Q4/2B5/5P1K/P4q1P/8 b - - 0 31|h8g7 d5g5 g7f8 g5f6 f8e8 c4b5|2299|85|84|143|endgame long master mate mateIn3|https://lichess.org/jU06KKql/black#62||TRUE|https://lichess.org/training/wQHL9
Q312b|r5k1/p1p2p2/6pQ/2p1q3/3p4/3B3P/P1P3R1/7K b - - 3 27|a8b8 g2g6 f7g6 d3c4 e5d5 c4d5|2313|77|93|443|endgame long mate mateIn3 sacrifice|https://lichess.org/GDgG8hOg/black#54||TRUE|https://lichess.org/training/Q312b
WLnhV|3k1b1r/p3ppp1/Q2p4/1B1P2Bp/5K2/2r4P/P4PP1/nq5R b - - 1 24|b1h1 a6d6 d8c8 b5a6|2319|105|32|26|mate mateIn2 middlegame pin short|https://lichess.org/x5ky5tdb/black#48||TRUE|https://lichess.org/training/WLnhV
hQkkG|2k5/Ppp2pp1/5br1/2P5/P5q1/1Q1P2N1/5P2/1R4Kr w - - 1 33|g1h1 g4h3 h1g1 g6g3 f2g3 f6d4|2322|77|94|9085|endgame exposedKing long mate mateIn3 sacrifice|https://lichess.org/sencAYXW#65||TRUE|https://lichess.org/training/hQkkG
G6Tyx|6r1/Qp3p1k/7p/4p3/2P1Pb2/1P3NPq/P4P2/3R2K1 w - - 1 31|a7b7 g8g3 f2g3 f4e3|2323|81|33|65|endgame mate mateIn2 sacrifice short|https://lichess.org/uGsLj130#61||TRUE|https://lichess.org/training/G6Tyx
djJng|8/4p1k1/5p2/2pP3Q/1n1p1b2/PK1q4/1P4B1/R7 w - - 3 37|b3a4 d3a6 a4b3 c5c4 b3b4 f4d6|2330|79|76|288|endgame long mate mateIn3 sacrifice|https://lichess.org/UtsTo6Pg#73||TRUE|https://lichess.org/training/djJng
ipMj8|r5Q1/3k4/3pp3/8/4Pb2/1P3q2/N7/K3R3 w - - 8 46|g8a8 f4e5 a1b1 f3b3 b1c1 e5f4 e1e3 f4e3|2331|81|92|7621|endgame exposedKing mate mateIn4 veryLong|https://lichess.org/d3DSrJSG#91||TRUE|https://lichess.org/training/ipMj8
2JILX|8/p5k1/7p/4Q1pP/4B1P1/P7/1r2q3/7K b - - 3 41|g7f7 e4d5 f7f8 e5f6 f8e8 d5c6|2358|78|96|351|endgame exposedKing long mate mateIn3|https://lichess.org/PBLLSrK1/black#82||TRUE|https://lichess.org/training/2JILX
nPstr|7Q/p2k1ppp/p3p3/3p4/qb1P1B2/4PN2/5PPP/3K3R w - - 0 19|d1e2 a4b5 e2d1 b5d3 d1c1 b4a3|2361|77|93|5046|endgame long mate mateIn3|https://lichess.org/heeDVkoC#37||TRUE|https://lichess.org/training/nPstr
u56UY|r1bq1rk1/1ppn4/p2b3Q/4p3/3Pn3/2PB4/PP4PP/R4RK1 b - - 0 16|d8g5 d3c4 f8f7 c4f7|2380|79|93|7843|kingsideAttack mate mateIn2 middlegame short|https://lichess.org/MgX8h2PA/black#32|Zukertort_Opening Zukertort_Opening_Queens_Gambit_Invitation|TRUE|https://lichess.org/training/u56UY
c6r95|1B4k1/5ppp/4p3/8/bb2n2q/5P2/P2NB2P/RQ2K2R w KQ - 1 21|b8g3 b4d2 e1f1 h4h3 f1g1 d2e3 g3f2 e3f2|2391|77|94|1327|exposedKing mate mateIn4 middlegame veryLong|https://lichess.org/NryeL5JJ#41||TRUE|https://lichess.org/training/c6r95
8bHmk|r3rnk1/1pp2p2/p1np1b1Q/8/3PP3/P1NB1q2/1P3P1K/3R2R1 b - - 1 21|f8g6 g1g6 f7g6 d3c4 d6d5 c4d5 e8e6 d5e6|2393|82|100|168|kingsideAttack mate mateIn4 middlegame sacrifice veryLong|https://lichess.org/UYOzYC1C/black#42||TRUE|https://lichess.org/training/8bHmk
ELCci|2b2rk1/2Q2N1n/2P5/3Pp3/4P3/6q1/2B5/5K1R w - - 4 37|h1g1 c8a6 c2d3 a6d3|2401|81|92|5995|mate mateIn2 middlegame short|https://lichess.org/UyBjM4GZ#73||TRUE|https://lichess.org/training/ELCci
CKNuy|1k3q1r/5B2/Pp1pQ2b/4p3/4P2P/6P1/5P1K/8 b - - 4 48|b8a7 e6d7 a7a6 f7c4 b6b5 d7b5 a6a7 b5a6 a7b8 a6b6 b8c8 c4e6|2435|88|91|6642|endgame mate mateIn5 veryLong|https://lichess.org/JTQ7OzVJ/black#96||TRUE|https://lichess.org/training/CKNuy
aRbtv|rnb4r/p2np2p/k3N1p1/1pP5/5B2/3Q4/P4KPP/7q b - - 0 22|b8c6 e6c7 a6b7 d3b5 d7b6 b5a6 b7b8 c7e6 c6e5 f4e5|2456|82|93|2248|deflection discoveredAttack fork mate mateIn5 middlegame veryLong|https://lichess.org/MTT5FEl6/black#44||TRUE|https://lichess.org/training/aRbtv
io25E|6rk/p7/1p6/2p1q3/8/3BBQ1P/P1P5/5n1K b - - 12 41|e5e3 f3h5 h8g7 h5g6 g7f8 g6f6 f8e8 d3b5|2491|76|92|4643|endgame exposedKing mate mateIn4 veryLong|https://lichess.org/JvvnEPil/black#82||TRUE|https://lichess.org/training/io25E
boRX6|R7/5pk1/Q2ppb2/2p4p/PqP1B1pP/3P2P1/4rPK1/8 w - - 0 42|a6c8 e2f2 g2f2 b4d2 f2f1 d2d1 f1g2 d1e2 g2h1 e2f1 h1h2 f1h3 h2g1 f6d4|2594|81|86|451|attraction endgame mate mateIn5 sacrifice veryLong|https://lichess.org/olTaJnzZ#83||TRUE|https://lichess.org/training/boRX6
yePfB|8/p6k/7p/1PP1br2/4Q1R1/3P1rPq/P2B1P2/5RK1 w - - 1 34|g4h4 f3g3 f2g3 e5d4 d2e3 d4e3 f1f2 e3f2|2638|82|93|1780|mate mateIn4 middlegame sacrifice veryLong|https://lichess.org/Ah1MZ62Q#67||TRUE|https://lichess.org/training/yePfB
3ZWfq|2rq1rk1/4bbpp/p1n1pp2/1ppp4/3P1P1N/2P1P2Q/PP3RPP/RBB3K1 b - - 0 19|c5d4 b1h7 g8h7 h4g6 h7g6 g2g4 f8h8 f4f5 e6f5 g4f5 g6g5 e3d4|2694|90|86|112|discoveredAttack kingsideAttack mate mateIn5 middlegame quietMove sacrifice veryLong|https://lichess.org/LDivZOfW/black#38||TRUE|https://lichess.org/training/3ZWfq
3ofFp|2k5/8/8/Q2P4/2P1bq2/8/PP4PK/8 w - - 3 57|h2h3 e4f5 g2g4 f4g4 h3h2 g4h3 h2g1 h3g3 g1f1 f5d3|2728|89|86|417|endgame exposedKing mate mateIn5 veryLong|https://lichess.org/LCOrdHkN#113||TRUE|https://lichess.org/training/3ofFp
